rm: cannot remove 'WAVECAR': No such file or directory
 -----------------------------------------------------------------------------
|                     _     ____    _    _    _____     _                     |
|                    | |   |  _ \  | |  | |  / ____|   | |                    |
|                    | |   | |_) | | |  | | | |  __    | |                    |
|                    |_|   |  _ <  | |  | | | | |_ |   |_|                    |
|                     _    | |_) | | |__| | | |__| |    _                     |
|                    (_)   |____/   \____/   \_____|   (_)                    |
|                                                                             |
|     internal error in: mpi.F  at line: 909                                  |
|                                                                             |
|     M_init_nccl: Error in ncclCommInitRank                                  |
|                                                                             |
|     If you are not a developer, you should not encounter this problem.      |
|     Please submit a bug report.                                             |
|                                                                             |
 -----------------------------------------------------------------------------

 -----------------------------------------------------------------------------
|                     _     ____    _    _    _____     _                     |
|                    | |   |  _ \  | |  | |  / ____|   | |                    |
|                    | |   | |_) | | |  | | | |  __    | |                    |
|                    |_|   |  _ <  | |  | | | | |_ |   |_|                    |
|                     _    | |_) | | |__| | | |__| |    _                     |
|                    (_)   |____/   \____/   \_____|   (_)                    |
|                                                                             |
|     internal error in: mpi.F  at line: 909                                  |
|                                                                             |
|     M_init_nccl: Error in ncclCommInitRank                                  |
|                                                                             |
|     If you are not a developer, you should not encounter this problem.      |
|     Please submit a bug report.                                             |
|                                                                             |
 -----------------------------------------------------------------------------

 -----------------------------------------------------------------------------
|                     _     ____    _    _    _____     _                     |
|                    | |   |  _ \  | |  | |  / ____|   | |                    |
|                    | |   | |_) | | |  | | | |  __    | |                    |
|                    |_|   |  _ <  | |  | | | | |_ |   |_|                    |
|                     _    | |_) | | |__| | | |__| |    _                     |
|                    (_)   |____/   \____/   \_____|   (_)                    |
|                                                                             |
|     internal error in: mpi.F  at line: 909                                  |
|                                                                             |
|     M_init_nccl: Error in ncclCommInitRank                                  |
|                                                                             |
|     If you are not a developer, you should not encounter this problem.      |
|     Please submit a bug report.                                             |
|                                                                             |
 -----------------------------------------------------------------------------

 -----------------------------------------------------------------------------
|                     _     ____    _    _    _____     _                     |
|                    | |   |  _ \  | |  | |  / ____|   | |                    |
|                    | |   | |_) | | |  | | | |  __    | |                    |
|                    |_|   |  _ <  | |  | | | | |_ |   |_|                    |
|                     _    | |_) | | |__| | | |__| |    _                     |
|                    (_)   |____/   \____/   \_____|   (_)                    |
|                                                                             |
|     internal error in: mpi.F  at line: 909                                  |
|                                                                             |
|     M_init_nccl: Error in ncclCommInitRank                                  |
|                                                                             |
 -----------------------------------------------------------------------------
|                     _     ____    _    _    _____     _                     |
|                    | |   |  _ \  | |  | |  / ____|   | |                    |
|                    | |   | |_) | | |  | | | |  __    | |                    |
|                    |_|   |  _ <  | |  | | | | |_ |   |_|                    |
|                     _    | |_) | | |__| | | |__| |    _                     |
|                    (_)   |____/   \____/   \_____|   (_)                    |
|                                                                             |
|     internal error in: mpi.F  at line: 909                                  |
|                                                                             |
|     M_init_nccl: Error in ncclCommInitRank                                  |
|                                                                             |
 -----------------------------------------------------------------------------
|                     _     ____    _    _    _____     _                     |
|                    | |   |  _ \  | |  | |  / ____|   | |                    |
|                    | |   | |_) | | |  | | | |  __    | |                    |
|                    |_|   |  _ <  | |  | | | | |_ |   |_|                    |
|                     _    | |_) | | |__| | | |__| |    _                     |
|                    (_)   |____/   \____/   \_____|   (_)                    |
|                                                                             |
|     internal error in: mpi.F  at line: 909                                  |
|                                                                             |
|     M_init_nccl: Error in ncclCommInitRank                                  |
|                                                                             |
|     If you are not a developer, you should not encounter this problem.      |
|     Please submit a bug report.                                             |
|                                                                             |
 -----------------------------------------------------------------------------

|     If you are not a developer, you should not encounter this problem.      |
|     Please submit a bug report.                                             |
|                                                                             |
 -----------------------------------------------------------------------------

|     If you are not a developer, you should not encounter this problem.      |
|     Please submit a bug report.                                             |
|                                                                             |
 -----------------------------------------------------------------------------

 -----------------------------------------------------------------------------
|                     _     ____    _    _    _____     _                     |
|                    | |   |  _ \  | |  | |  / ____|   | |                    |
|                    | |   | |_) | | |  | | | |  __    | |                    |
|                    |_|   |  _ <  | |  | | | | |_ |   |_|                    |
|                     _    | |_) | | |__| | | |__| |    _                     |
|                    (_)   |____/   \____/   \_____|   (_)                    |
|                                                                             |
|     internal error in: mpi.F  at line: 909                                  |
|                                                                             |
|     M_init_nccl: Error in ncclCommInitRank                                  |
|                                                                             |
 -----------------------------------------------------------------------------
|                     _     ____    _    _    _____     _                     |
|                    | |   |  _ \  | |  | |  / ____|   | |                    |
|                    | |   | |_) | | |  | | | |  __    | |                    |
|                    |_|   |  _ <  | |  | | | | |_ |   |_|                    |
|                     _    | |_) | | |__| | | |__| |    _                     |
|                    (_)   |____/   \____/   \_____|   (_)                    |
|                                                                             |
|     internal error in: mpi.F  at line: 909                                  |
|                                                                             |
|     M_init_nccl: Error in ncclCommInitRank                                  |
|                                                                             |
|     If you are not a developer, you should not encounter this problem.      |
|     Please submit a bug report.                                             |
|                                                                             |
 -----------------------------------------------------------------------------

|     If you are not a developer, you should not encounter this problem.      |
|     Please submit a bug report.                                             |
|                                                                             |
 -----------------------------------------------------------------------------

 -----------------------------------------------------------------------------
|                     _     ____    _    _    _____     _                     |
|                    | |   |  _ \  | |  | |  / ____|   | |                    |
|                    | |   | |_) | | |  | | | |  __    | |                    |
|                    |_|   |  _ <  | |  | | | | |_ |   |_|                    |
|                     _    | |_) | | |__| | | |__| |    _                     |
|                    (_)   |____/   \____/   \_____|   (_)                    |
|                                                                             |
|     internal error in: mpi.F  at line: 909                                  |
|                                                                             |
|     M_init_nccl: Error in ncclCommInitRank                                  |
|                                                                             |
 -----------------------------------------------------------------------------
|                     _     ____    _    _    _____     _                     |
|                    | |   |  _ \  | |  | |  / ____|   | |                    |
|                    | |   | |_) | | |  | | | |  __    | |                    |
|                    |_|   |  _ <  | |  | | | | |_ |   |_|                    |
|                     _    | |_) | | |__| | | |__| |    _                     |
|                    (_)   |____/   \____/   \_____|   (_)                    |
|                                                                             |
|     internal error in: mpi.F  at line: 909                                  |
|                                                                             |
|     M_init_nccl: Error in ncclCommInitRank                                  |
|                                                                             |
 -----------------------------------------------------------------------------
|                     _     ____    _    _    _____     _                     |
|                    | |   |  _ \  | |  | |  / ____|   | |                    |
|                    | |   | |_) | | |  | | | |  __    | |                    |
|                    |_|   |  _ <  | |  | | | | |_ |   |_|                    |
|                     _    | |_) | | |__| | | |__| |    _                     |
|                    (_)   |____/   \____/   \_____|   (_)                    |
|                                                                             |
|     internal error in: mpi.F  at line: 909                                  |
|                                                                             |
|     M_init_nccl: Error in ncclCommInitRank                                  |
|                                                                             |
 -----------------------------------------------------------------------------
|                     _     ____    _    _    _____     _                     |
|                    | |   |  _ \  | |  | |  / ____|   | |                    |
|                    | |   | |_) | | |  | | | |  __    | |                    |
|                    |_|   |  _ <  | |  | | | | |_ |   |_|                    |
|                     _    | |_) | | |__| | | |__| |    _                     |
|                    (_)   |____/   \____/   \_____|   (_)                    |
|                                                                             |
|     internal error in: mpi.F  at line: 909                                  |
|                                                                             |
|     M_init_nccl: Error in ncclCommInitRank                                  |
|                                                                             |
|     If you are not a developer, you should not encounter this problem.      |
|     Please submit a bug report.                                             |
|                                                                             |
 -----------------------------------------------------------------------------

|     If you are not a developer, you should not encounter this problem.      |
|     Please submit a bug report.                                             |
|                                                                             |
 -----------------------------------------------------------------------------

|     If you are not a developer, you should not encounter this problem.      |
|     Please submit a bug report.                                             |
|                                                                             |
 -----------------------------------------------------------------------------

|     If you are not a developer, you should not encounter this problem.      |
|     Please submit a bug report.                                             |
|                                                                             |
 -----------------------------------------------------------------------------

 -----------------------------------------------------------------------------
|                     _     ____    _    _    _____     _                     |
|                    | |   |  _ \  | |  | |  / ____|   | |                    |
|                    | |   | |_) | | |  | | | |  __    | |                    |
|                    |_|   |  _ <  | |  | | | | |_ |   |_|                    |
|                     _    | |_) | | |__| | | |__| |    _                     |
|                    (_)   |____/   \____/   \_____|   (_)                    |
|                                                                             |
|     internal error in: mpi.F  at line: 909                                  |
|                                                                             |
|     M_init_nccl: Error in ncclCommInitRank                                  |
|                                                                             |
 -----------------------------------------------------------------------------
|                     _     ____    _    _    _____     _                     |
|                    | |   |  _ \  | |  | |  / ____|   | |                    |
|                    | |   | |_) | | |  | | | |  __    | |                    |
|                    |_|   |  _ <  | |  | | | | |_ |   |_|                    |
|                     _    | |_) | | |__| | | |__| |    _                     |
|                    (_)   |____/   \____/   \_____|   (_)                    |
|                                                                             |
|     internal error in: mpi.F  at line: 909                                  |
|                                                                             |
|     M_init_nccl: Error in ncclCommInitRank                                  |
|                                                                             |
 -----------------------------------------------------------------------------
|                     _     ____    _    _    _____     _                     |
|                    | |   |  _ \  | |  | |  / ____|   | |                    |
|                    | |   | |_) | | |  | | | |  __    | |                    |
|                    |_|   |  _ <  | |  | | | | |_ |   |_|                    |
|                     _    | |_) | | |__| | | |__| |    _                     |
|                    (_)   |____/   \____/   \_____|   (_)                    |
|                                                                             |
|     internal error in: mpi.F  at line: 909                                  |
|                                                                             |
|     M_init_nccl: Error in ncclCommInitRank                                  |
|                                                                             |
|     If you are not a developer, you should not encounter this problem.      |
|     Please submit a bug report.                                             |
|                                                                             |
 -----------------------------------------------------------------------------

|     If you are not a developer, you should not encounter this problem.      |
|     Please submit a bug report.                                             |
|                                                                             |
 -----------------------------------------------------------------------------

|     If you are not a developer, you should not encounter this problem.      |
|     Please submit a bug report.                                             |
|                                                                             |
 -----------------------------------------------------------------------------

 -----------------------------------------------------------------------------
|                     _     ____    _    _    _____     _                     |
|                    | |   |  _ \  | |  | |  / ____|   | |                    |
|                    | |   | |_) | | |  | | | |  __    | |                    |
|                    |_|   |  _ <  | |  | | | | |_ |   |_|                    |
|                     _    | |_) | | |__| | | |__| |    _                     |
|                    (_)   |____/   \____/   \_____|   (_)                    |
|                                                                             |
|     internal error in: mpi.F  at line: 909                                  |
|                                                                             |
|     M_init_nccl: Error in ncclCommInitRank                                  |
|                                                                             |
 -----------------------------------------------------------------------------
|                     _     ____    _    _    _____     _                     |
|                    | |   |  _ \  | |  | |  / ____|   | |                    |
|                    | |   | |_) | | |  | | | |  __    | |                    |
|                    |_|   |  _ <  | |  | | | | |_ |   |_|                    |
|                     _    | |_) | | |__| | | |__| |    _                     |
|                    (_)   |____/   \____/   \_____|   (_)                    |
|                                                                             |
|     internal error in: mpi.F  at line: 909                                  |
|                                                                             |
|     M_init_nccl: Error in ncclCommInitRank                                  |
|                                                                             |
 -----------------------------------------------------------------------------
|                     _     ____    _    _    _____     _                     |
|                    | |   |  _ \  | |  | |  / ____|   | |                    |
|                    | |   | |_) | | |  | | | |  __    | |                    |
|                    |_|   |  _ <  | |  | | | | |_ |   |_|                    |
|                     _    | |_) | | |__| | | |__| |    _                     |
|                    (_)   |____/   \____/   \_____|   (_)                    |
|                                                                             |
|     internal error in: mpi.F  at line: 909                                  |
|                                                                             |
|     M_init_nccl: Error in ncclCommInitRank                                  |
|                                                                             |
 -----------------------------------------------------------------------------
|                     _     ____    _    _    _____     _                     |
|                    | |   |  _ \  | |  | |  / ____|   | |                    |
|                    | |   | |_) | | |  | | | |  __    | |                    |
|                    |_|   |  _ <  | |  | | | | |_ |   |_|                    |
|                     _    | |_) | | |__| | | |__| |    _                     |
|                    (_)   |____/   \____/   \_____|   (_)                    |
|                                                                             |
|     internal error in: mpi.F  at line: 909                                  |
|                                                                             |
|     M_init_nccl: Error in ncclCommInitRank                                  |
|                                                                             |
 -----------------------------------------------------------------------------
|                     _     ____    _    _    _____     _                     |
|                    | |   |  _ \  | |  | |  / ____|   | |                    |
|                    | |   | |_) | | |  | | | |  __    | |                    |
|                    |_|   |  _ <  | |  | | | | |_ |   |_|                    |
|                     _    | |_) | | |__| | | |__| |    _                     |
|                    (_)   |____/   \____/   \_____|   (_)                    |
|                                                                             |
|     internal error in: mpi.F  at line: 909                                  |
|                                                                             |
|     M_init_nccl: Error in ncclCommInitRank                                  |
|                                                                             |
|     If you are not a developer, you should not encounter this problem.      |
|     Please submit a bug report.                                             |
|                                                                             |
 -----------------------------------------------------------------------------

|     If you are not a developer, you should not encounter this problem.      |
|     Please submit a bug report.                                             |
|                                                                             |
 -----------------------------------------------------------------------------

|     If you are not a developer, you should not encounter this problem.      |
|     Please submit a bug report.                                             |
|                                                                             |
 -----------------------------------------------------------------------------

|     If you are not a developer, you should not encounter this problem.      |
|     Please submit a bug report.                                             |
|                                                                             |
 -----------------------------------------------------------------------------

|     If you are not a developer, you should not encounter this problem.      |
|     Please submit a bug report.                                             |
|                                                                             |
 -----------------------------------------------------------------------------

 -----------------------------------------------------------------------------
|                     _     ____    _    _    _____     _                     |
|                    | |   |  _ \  | |  | |  / ____|   | |                    |
|                    | |   | |_) | | |  | | | |  __    | |                    |
|                    |_|   |  _ <  | |  | | | | |_ |   |_|                    |
|                     _    | |_) | | |__| | | |__| |    _                     |
|                    (_)   |____/   \____/   \_____|   (_)                    |
|                                                                             |
|     internal error in: mpi.F  at line: 909                                  |
|                                                                             |
|     M_init_nccl: Error in ncclCommInitRank                                  |
|                                                                             |
 -----------------------------------------------------------------------------
|                     _     ____    _    _    _____     _                     |
|                    | |   |  _ \  | |  | |  / ____|   | |                    |
|                    | |   | |_) | | |  | | | |  __    | |                    |
|                    |_|   |  _ <  | |  | | | | |_ |   |_|                    |
|                     _    | |_) | | |__| | | |__| |    _                     |
|                    (_)   |____/   \____/   \_____|   (_)                    |
|                                                                             |
|     internal error in: mpi.F  at line: 909                                  |
|                                                                             |
|     M_init_nccl: Error in ncclCommInitRank                                  |
|                                                                             |
 -----------------------------------------------------------------------------
|                     _     ____    _    _    _____     _                     |
|                    | |   |  _ \  | |  | |  / ____|   | |                    |
|                    | |   | |_) | | |  | | | |  __    | |                    |
|                    |_|   |  _ <  | |  | | | | |_ |   |_|                    |
|                     _    | |_) | | |__| | | |__| |    _                     |
|                    (_)   |____/   \____/   \_____|   (_)                    |
|                                                                             |
|     internal error in: mpi.F  at line: 909                                  |
|                                                                             |
|     M_init_nccl: Error in ncclCommInitRank                                  |
|                                                                             |
 -----------------------------------------------------------------------------
|                     _     ____    _    _    _____     _                     |
|                    | |   |  _ \  | |  | |  / ____|   | |                    |
|                    | |   | |_) | | |  | | | |  __    | |                    |
|                    |_|   |  _ <  | |  | | | | |_ |   |_|                    |
|                     _    | |_) | | |__| | | |__| |    _                     |
|                    (_)   |____/   \____/   \_____|   (_)                    |
|                                                                             |
|     internal error in: mpi.F  at line: 909                                  |
|                                                                             |
|     M_init_nccl: Error in ncclCommInitRank                                  |
|                                                                             |
 -----------------------------------------------------------------------------
|                     _     ____    _    _    _____     _                     |
|                    | |   |  _ \  | |  | |  / ____|   | |                    |
|                    | |   | |_) | | |  | | | |  __    | |                    |
|                    |_|   |  _ <  | |  | | | | |_ |   |_|                    |
|                     _    | |_) | | |__| | | |__| |    _                     |
|                    (_)   |____/   \____/   \_____|   (_)                    |
|                                                                             |
|     internal error in: mpi.F  at line: 909                                  |
|                                                                             |
|     M_init_nccl: Error in ncclCommInitRank                                  |
|                                                                             |
|     If you are not a developer, you should not encounter this problem.      |
|     Please submit a bug report.                                             |
|                                                                             |
 -----------------------------------------------------------------------------

|     If you are not a developer, you should not encounter this problem.      |
|     Please submit a bug report.                                             |
|                                                                             |
 -----------------------------------------------------------------------------

|     If you are not a developer, you should not encounter this problem.      |
|     Please submit a bug report.                                             |
|                                                                             |
 -----------------------------------------------------------------------------

|     If you are not a developer, you should not encounter this problem.      |
|     Please submit a bug report.                                             |
|                                                                             |
 -----------------------------------------------------------------------------

 -----------------------------------------------------------------------------
|                     _     ____    _    _    _____     _                     |
|                    | |   |  _ \  | |  | |  / ____|   | |                    |
|                    | |   | |_) | | |  | | | |  __    | |                    |
|                    |_|   |  _ <  | |  | | | | |_ |   |_|                    |
|                     _    | |_) | | |__| | | |__| |    _                     |
|                    (_)   |____/   \____/   \_____|   (_)                    |
|                                                                             |
|     internal error in: mpi.F  at line: 909                                  |
|                                                                             |
|     M_init_nccl: Error in ncclCommInitRank                                  |
|                                                                             |
 -----------------------------------------------------------------------------
|                     _     ____    _    _    _____     _                     |
|                    | |   |  _ \  | |  | |  / ____|   | |                    |
|                    | |   | |_) | | |  | | | |  __    | |                    |
|                    |_|   |  _ <  | |  | | | | |_ |   |_|                    |
|                     _    | |_) | | |__| | | |__| |    _                     |
|                    (_)   |____/   \____/   \_____|   (_)                    |
|                                                                             |
|     internal error in: mpi.F  at line: 909                                  |
|                                                                             |
|     M_init_nccl: Error in ncclCommInitRank                                  |
|                                                                             |
|     If you are not a developer, you should not encounter this problem.      |
|     Please submit a bug report.                                             |
|                                                                             |
 -----------------------------------------------------------------------------

 -----------------------------------------------------------------------------
|                     _     ____    _    _    _____     _                     |
|                    | |   |  _ \  | |  | |  / ____|   | |                    |
|                    | |   | |_) | | |  | | | |  __    | |                    |
|                    |_|   |  _ <  | |  | | | | |_ |   |_|                    |
|                     _    | |_) | | |__| | | |__| |    _                     |
|                    (_)   |____/   \____/   \_____|   (_)                    |
|                                                                             |
|     internal error in: mpi.F  at line: 909                                  |
|                                                                             |
|     M_init_nccl: Error in ncclCommInitRank                                  |
|                                                                             |
 -----------------------------------------------------------------------------
|                     _     ____    _    _    _____     _                     |
|                    | |   |  _ \  | |  | |  / ____|   | |                    |
|                    | |   | |_) | | |  | | | |  __    | |                    |
|                    |_|   |  _ <  | |  | | | | |_ |   |_|                    |
|                     _    | |_) | | |__| | | |__| |    _                     |
|                    (_)   |____/   \____/   \_____|   (_)                    |
|                                                                             |
|     internal error in: mpi.F  at line: 909                                  |
|                                                                             |
|     M_init_nccl: Error in ncclCommInitRank                                  |
|                                                                             |
 -----------------------------------------------------------------------------
|                     _     ____    _    _    _____     _                     |
|                    | |   |  _ \  | |  | |  / ____|   | |                    |
|                    | |   | |_) | | |  | | | |  __    | |                    |
|                    |_|   |  _ <  | |  | | | | |_ |   |_|                    |
|                     _    | |_) | | |__| | | |__| |    _                     |
|                    (_)   |____/   \____/   \_____|   (_)                    |
|                                                                             |
|     internal error in: mpi.F  at line: 909                                  |
|                                                                             |
|     M_init_nccl: Error in ncclCommInitRank                                  |
|                                                                             |
 -----------------------------------------------------------------------------
|                     _     ____    _    _    _____     _                     |
|                    | |   |  _ \  | |  | |  / ____|   | |                    |
|                    | |   | |_) | | |  | | | |  __    | |                    |
|                    |_|   |  _ <  | |  | | | | |_ |   |_|                    |
|                     _    | |_) | | |__| | | |__| |    _                     |
|                    (_)   |____/   \____/   \_____|   (_)                    |
|                                                                             |
|     internal error in: mpi.F  at line: 909                                  |
|                                                                             |
|     M_init_nccl: Error in ncclCommInitRank                                  |
|                                                                             |
 -----------------------------------------------------------------------------
|                     _     ____    _    _    _____     _                     |
|                    | |   |  _ \  | |  | |  / ____|   | |                    |
|                    | |   | |_) | | |  | | | |  __    | |                    |
|                    |_|   |  _ <  | |  | | | | |_ |   |_|                    |
|                     _    | |_) | | |__| | | |__| |    _                     |
|                    (_)   |____/   \____/   \_____|   (_)                    |
|                                                                             |
|     internal error in: mpi.F  at line: 909                                  |
|                                                                             |
|     M_init_nccl: Error in ncclCommInitRank                                  |
|                                                                             |
 -----------------------------------------------------------------------------
|                     _     ____    _    _    _____     _                     |
|                    | |   |  _ \  | |  | |  / ____|   | |                    |
|                    | |   | |_) | | |  | | | |  __    | |                    |
|                    |_|   |  _ <  | |  | | | | |_ |   |_|                    |
|                     _    | |_) | | |__| | | |__| |    _                     |
|                    (_)   |____/   \____/   \_____|   (_)                    |
|                                                                             |
|     internal error in: mpi.F  at line: 909                                  |
|                                                                             |
|     M_init_nccl: Error in ncclCommInitRank                                  |
|                                                                             |
|     If you are not a developer, you should not encounter this problem.      |
|     Please submit a bug report.                                             |
|                                                                             |
 -----------------------------------------------------------------------------

|     If you are not a developer, you should not encounter this problem.      |
|     Please submit a bug report.                                             |
|                                                                             |
 -----------------------------------------------------------------------------

 -----------------------------------------------------------------------------
|                     _     ____    _    _    _____     _                     |
|                    | |   |  _ \  | |  | |  / ____|   | |                    |
|                    | |   | |_) | | |  | | | |  __    | |                    |
|                    |_|   |  _ <  | |  | | | | |_ |   |_|                    |
|                     _    | |_) | | |__| | | |__| |    _                     |
|                    (_)   |____/   \____/   \_____|   (_)                    |
|                                                                             |
|     internal error in: mpi.F  at line: 909                                  |
|                                                                             |
|     M_init_nccl: Error in ncclCommInitRank                                  |
|                                                                             |
 -----------------------------------------------------------------------------
|                     _     ____    _    _    _____     _                     |
|                    | |   |  _ \  | |  | |  / ____|   | |                    |
|                    | |   | |_) | | |  | | | |  __    | |                    |
|                    |_|   |  _ <  | |  | | | | |_ |   |_|                    |
|                     _    | |_) | | |__| | | |__| |    _                     |
|                    (_)   |____/   \____/   \_____|   (_)                    |
|                                                                             |
|     internal error in: mpi.F  at line: 909                                  |
|                                                                             |
|     M_init_nccl: Error in ncclCommInitRank                                  |
|                                                                             |
|     If you are not a developer, you should not encounter this problem.      |
|     Please submit a bug report.                                             |
|                                                                             |
 -----------------------------------------------------------------------------

 -----------------------------------------------------------------------------
|                     _     ____    _    _    _____     _                     |
|                    | |   |  _ \  | |  | |  / ____|   | |                    |
|                    | |   | |_) | | |  | | | |  __    | |                    |
|                    |_|   |  _ <  | |  | | | | |_ |   |_|                    |
|                     _    | |_) | | |__| | | |__| |    _                     |
|                    (_)   |____/   \____/   \_____|   (_)                    |
|                                                                             |
|     internal error in: mpi.F  at line: 909                                  |
|                                                                             |
|     M_init_nccl: Error in ncclCommInitRank                                  |
|                                                                             |
 -----------------------------------------------------------------------------
|                     _     ____    _    _    _____     _                     |
|                    | |   |  _ \  | |  | |  / ____|   | |                    |
|                    | |   | |_) | | |  | | | |  __    | |                    |
|                    |_|   |  _ <  | |  | | | | |_ |   |_|                    |
|                     _    | |_) | | |__| | | |__| |    _                     |
|                    (_)   |____/   \____/   \_____|   (_)                    |
|                                                                             |
|     internal error in: mpi.F  at line: 909                                  |
|                                                                             |
|     M_init_nccl: Error in ncclCommInitRank                                  |
|                                                                             |
|     If you are not a developer, you should not encounter this problem.      |
|     Please submit a bug report.                                             |
|                                                                             |
 -----------------------------------------------------------------------------

|     If you are not a developer, you should not encounter this problem.      |
|     Please submit a bug report.                                             |
|                                                                             |
 -----------------------------------------------------------------------------

 -----------------------------------------------------------------------------
|                     _     ____    _    _    _____     _                     |
|                    | |   |  _ \  | |  | |  / ____|   | |                    |
|                    | |   | |_) | | |  | | | |  __    | |                    |
|                    |_|   |  _ <  | |  | | | | |_ |   |_|                    |
|                     _    | |_) | | |__| | | |__| |    _                     |
|                    (_)   |____/   \____/   \_____|   (_)                    |
|                                                                             |
|     internal error in: mpi.F  at line: 909                                  |
|                                                                             |
|     M_init_nccl: Error in ncclCommInitRank                                  |
|                                                                             |
|     If you are not a developer, you should not encounter this problem.      |
|     Please submit a bug report.                                             |
|                                                                             |
 -----------------------------------------------------------------------------

|     If you are not a developer, you should not encounter this problem.      |
|     Please submit a bug report.                                             |
|                                                                             |
 -----------------------------------------------------------------------------

|     If you are not a developer, you should not encounter this problem.      |
|     Please submit a bug report.                                             |
|                                                                             |
 -----------------------------------------------------------------------------

 -----------------------------------------------------------------------------
|                     _     ____    _    _    _____     _                     |
|                    | |   |  _ \  | |  | |  / ____|   | |                    |
|                    | |   | |_) | | |  | | | |  __    | |                    |
|                    |_|   |  _ <  | |  | | | | |_ |   |_|                    |
|                     _    | |_) | | |__| | | |__| |    _                     |
|                    (_)   |____/   \____/   \_____|   (_)                    |
|                                                                             |
|     internal error in: mpi.F  at line: 909                                  |
|                                                                             |
|     M_init_nccl: Error in ncclCommInitRank                                  |
|                                                                             |
 -----------------------------------------------------------------------------
|                     _     ____    _    _    _____     _                     |
|                    | |   |  _ \  | |  | |  / ____|   | |                    |
|                    | |   | |_) | | |  | | | |  __    | |                    |
|                    |_|   |  _ <  | |  | | | | |_ |   |_|                    |
|                     _    | |_) | | |__| | | |__| |    _                     |
|                    (_)   |____/   \____/   \_____|   (_)                    |
|                                                                             |
|     internal error in: mpi.F  at line: 909                                  |
|                                                                             |
|     M_init_nccl: Error in ncclCommInitRank                                  |
|                                                                             |
|     If you are not a developer, you should not encounter this problem.      |
|     Please submit a bug report.                                             |
|                                                                             |
 -----------------------------------------------------------------------------
|     If you are not a developer, you should not encounter this problem.      |
|     Please submit a bug report.                                             |
|                                                                             |
 -----------------------------------------------------------------------------

|     If you are not a developer, you should not encounter this problem.      |
|     Please submit a bug report.                                             |
|                                                                             |
 -----------------------------------------------------------------------------

|     If you are not a developer, you should not encounter this problem.      |
|     Please submit a bug report.                                             |
|                                                                             |
 -----------------------------------------------------------------------------

 -----------------------------------------------------------------------------
|                     _     ____    _    _    _____     _                     |
|                    | |   |  _ \  | |  | |  / ____|   | |                    |
|                    | |   | |_) | | |  | | | |  __    | |                    |
|                    |_|   |  _ <  | |  | | | | |_ |   |_|                    |
|                     _    | |_) | | |__| | | |__| |    _                     |
|                    (_)   |____/   \____/   \_____|   (_)                    |
|                                                                             |
|     internal error in: mpi.F  at line: 909                                  |
|                                                                             |
|     M_init_nccl: Error in ncclCommInitRank                                  |
|                                                                             |
|     If you are not a developer, you should not encounter this problem.      |
|     Please submit a bug report.                                             |
|                                                                             |
 -----------------------------------------------------------------------------

 -----------------------------------------------------------------------------
|                     _     ____    _    _    _____     _                     |
|                    | |   |  _ \  | |  | |  / ____|   | |                    |
|                    | |   | |_) | | |  | | | |  __    | |                    |
|                    |_|   |  _ <  | |  | | | | |_ |   |_|                    |
|                     _    | |_) | | |__| | | |__| |    _                     |
|                    (_)   |____/   \____/   \_____|   (_)                    |
|                                                                             |
|     internal error in: mpi.F  at line: 909                                  |
|                                                                             |
|     M_init_nccl: Error in ncclCommInitRank                                  |
|                                                                             |
 -----------------------------------------------------------------------------
|                     _     ____    _    _    _____     _                     |
|                    | |   |  _ \  | |  | |  / ____|   | |                    |
|                    | |   | |_) | | |  | | | |  __    | |                    |
|                    |_|   |  _ <  | |  | | | | |_ |   |_|                    |
|                     _    | |_) | | |__| | | |__| |    _                     |
|                    (_)   |____/   \____/   \_____|   (_)                    |
|                                                                             |
|     internal error in: mpi.F  at line: 909                                  |
|                                                                             |
|     M_init_nccl: Error in ncclCommInitRank                                  |
|                                                                             |
|     If you are not a developer, you should not encounter this problem.      |
|     Please submit a bug report.                                             |
|                                                                             |
 -----------------------------------------------------------------------------

|     If you are not a developer, you should not encounter this problem.      |
|     Please submit a bug report.                                             |
|                                                                             |
 -----------------------------------------------------------------------------

 -----------------------------------------------------------------------------
|                     _     ____    _    _    _____     _                     |
|                    | |   |  _ \  | |  | |  / ____|   | |                    |
|                    | |   | |_) | | |  | | | |  __    | |                    |
|                    |_|   |  _ <  | |  | | | | |_ |   |_|                    |
|                     _    | |_) | | |__| | | |__| |    _                     |
|                    (_)   |____/   \____/   \_____|   (_)                    |
|                                                                             |
|     internal error in: mpi.F  at line: 909                                  |
|                                                                             |
|     M_init_nccl: Error in ncclCommInitRank                                  |
|                                                                             |
 -----------------------------------------------------------------------------
|                     _     ____    _    _    _____     _                     |
|                    | |   |  _ \  | |  | |  / ____|   | |                    |
|                    | |   | |_) | | |  | | | |  __    | |                    |
|                    |_|   |  _ <  | |  | | | | |_ |   |_|                    |
|                     _    | |_) | | |__| | | |__| |    _                     |
|                    (_)   |____/   \____/   \_____|   (_)                    |
|                                                                             |
|     internal error in: mpi.F  at line: 909                                  |
|                                                                             |
|     M_init_nccl: Error in ncclCommInitRank                                  |
|                                                                             |

 -----------------------------------------------------------------------------
|                     _     ____    _    _    _____     _                     |
|                    | |   |  _ \  | |  | |  / ____|   | |                    |
|                    | |   | |_) | | |  | | | |  __    | |                    |
|                    |_|   |  _ <  | |  | | | | |_ |   |_|                    |
|                     _    | |_) | | |__| | | |__| |    _                     |
|                    (_)   |____/   \____/   \_____|   (_)                    |
|                                                                             |
|     internal error in: mpi.F  at line: 909                                  |
|                                                                             |
|     M_init_nccl: Error in ncclCommInitRank                                  |
|                                                                             |
 -----------------------------------------------------------------------------
|                     _     ____    _    _    _____     _                     |
|                    | |   |  _ \  | |  | |  / ____|   | |                    |
|                    | |   | |_) | | |  | | | |  __    | |                    |
|                    |_|   |  _ <  | |  | | | | |_ |   |_|                    |
|                     _    | |_) | | |__| | | |__| |    _                     |
|                    (_)   |____/   \____/   \_____|   (_)                    |
|                                                                             |
|     internal error in: mpi.F  at line: 909                                  |
|                                                                             |
|     M_init_nccl: Error in ncclCommInitRank                                  |
|                                                                             |
 -----------------------------------------------------------------------------
|                     _     ____    _    _    _____     _                     |
|                    | |   |  _ \  | |  | |  / ____|   | |                    |
|                    | |   | |_) | | |  | | | |  __    | |                    |
|                    |_|   |  _ <  | |  | | | | |_ |   |_|                    |
|                     _    | |_) | | |__| | | |__| |    _                     |
|                    (_)   |____/   \____/   \_____|   (_)                    |
|                                                                             |
|     internal error in: mpi.F  at line: 909                                  |
|                                                                             |
|     M_init_nccl: Error in ncclCommInitRank                                  |
|                                                                             |
|     If you are not a developer, you should not encounter this problem.      |
|     Please submit a bug report.                                             |
|                                                                             |
 -----------------------------------------------------------------------------

 -----------------------------------------------------------------------------
|                     _     ____    _    _    _____     _                     |
|                    | |   |  _ \  | |  | |  / ____|   | |                    |
|                    | |   | |_) | | |  | | | |  __    | |                    |
|                    |_|   |  _ <  | |  | | | | |_ |   |_|                    |
|                     _    | |_) | | |__| | | |__| |    _                     |
|                    (_)   |____/   \____/   \_____|   (_)                    |
|                                                                             |
|     internal error in: mpi.F  at line: 909                                  |
|                                                                             |
|     M_init_nccl: Error in ncclCommInitRank                                  |
|                                                                             |
 -----------------------------------------------------------------------------
|                     _     ____    _    _    _____     _                     |
|                    | |   |  _ \  | |  | |  / ____|   | |                    |
|                    | |   | |_) | | |  | | | |  __    | |                    |
|                    |_|   |  _ <  | |  | | | | |_ |   |_|                    |
|                     _    | |_) | | |__| | | |__| |    _                     |
|                    (_)   |____/   \____/   \_____|   (_)                    |
|                                                                             |
|     internal error in: mpi.F  at line: 909                                  |
|                                                                             |
|     M_init_nccl: Error in ncclCommInitRank                                  |
|                                                                             |
|     If you are not a developer, you should not encounter this problem.      |
|     Please submit a bug report.                                             |
|                                                                             |
 -----------------------------------------------------------------------------

 -----------------------------------------------------------------------------
|                     _     ____    _    _    _____     _                     |
|                    | |   |  _ \  | |  | |  / ____|   | |                    |
|                    | |   | |_) | | |  | | | |  __    | |                    |
|                    |_|   |  _ <  | |  | | | | |_ |   |_|                    |
|                     _    | |_) | | |__| | | |__| |    _                     |
|                    (_)   |____/   \____/   \_____|   (_)                    |
|                                                                             |
|     internal error in: mpi.F  at line: 909                                  |
|                                                                             |
|     M_init_nccl: Error in ncclCommInitRank                                  |
|                                                                             |
|     If you are not a developer, you should not encounter this problem.      |
|     Please submit a bug report.                                             |
|                                                                             |
 -----------------------------------------------------------------------------

 -----------------------------------------------------------------------------
|                     _     ____    _    _    _____     _                     |
|                    | |   |  _ \  | |  | |  / ____|   | |                    |
|                    | |   | |_) | | |  | | | |  __    | |                    |
|                    |_|   |  _ <  | |  | | | | |_ |   |_|                    |
|                     _    | |_) | | |__| | | |__| |    _                     |
|                    (_)   |____/   \____/   \_____|   (_)                    |
|                                                                             |
|     internal error in: mpi.F  at line: 909                                  |
|                                                                             |
|     M_init_nccl: Error in ncclCommInitRank                                  |
|                                                                             |
|     If you are not a developer, you should not encounter this problem.      |
|     Please submit a bug report.                                             |
|                                                                             |
 -----------------------------------------------------------------------------

|     If you are not a developer, you should not encounter this problem.      |
|     Please submit a bug report.                                             |
|                                                                             |
 -----------------------------------------------------------------------------

|     If you are not a developer, you should not encounter this problem.      |
|     Please submit a bug report.                                             |
|                                                                             |
 -----------------------------------------------------------------------------

|     If you are not a developer, you should not encounter this problem.      |
|     Please submit a bug report.                                             |
|                                                                             |
 -----------------------------------------------------------------------------

|     If you are not a developer, you should not encounter this problem.      |
|     Please submit a bug report.                                             |
|                                                                             |
 -----------------------------------------------------------------------------

 -----------------------------------------------------------------------------
|                     _     ____    _    _    _____     _                     |
|                    | |   |  _ \  | |  | |  / ____|   | |                    |
|                    | |   | |_) | | |  | | | |  __    | |                    |
|                    |_|   |  _ <  | |  | | | | |_ |   |_|                    |
|                     _    | |_) | | |__| | | |__| |    _                     |
|                    (_)   |____/   \____/   \_____|   (_)                    |
|                                                                             |
|     internal error in: mpi.F  at line: 909                                  |
|                                                                             |
|     M_init_nccl: Error in ncclCommInitRank                                  |
|                                                                             |
 -----------------------------------------------------------------------------
|                     _     ____    _    _    _____     _                     |
|                    | |   |  _ \  | |  | |  / ____|   | |                    |
|                    | |   | |_) | | |  | | | |  __    | |                    |
|                    |_|   |  _ <  | |  | | | | |_ |   |_|                    |
|                     _    | |_) | | |__| | | |__| |    _                     |
|                    (_)   |____/   \____/   \_____|   (_)                    |
|                                                                             |
|     internal error in: mpi.F  at line: 909                                  |
|                                                                             |
|     M_init_nccl: Error in ncclCommInitRank                                  |
|                                                                             |
|     If you are not a developer, you should not encounter this problem.      |
|     Please submit a bug report.                                             |
|                                                                             |
 -----------------------------------------------------------------------------

|     If you are not a developer, you should not encounter this problem.      |
|     Please submit a bug report.                                             |
|                                                                             |
 -----------------------------------------------------------------------------

 -----------------------------------------------------------------------------
|                     _     ____    _    _    _____     _                     |
|                    | |   |  _ \  | |  | |  / ____|   | |                    |
|                    | |   | |_) | | |  | | | |  __    | |                    |
|                    |_|   |  _ <  | |  | | | | |_ |   |_|                    |
|                     _    | |_) | | |__| | | |__| |    _                     |
|                    (_)   |____/   \____/   \_____|   (_)                    |
|                                                                             |
|     internal error in: mpi.F  at line: 909                                  |
|                                                                             |
|     M_init_nccl: Error in ncclCommInitRank                                  |
|                                                                             |
|     If you are not a developer, you should not encounter this problem.      |
|     Please submit a bug report.                                             |
|                                                                             |
 -----------------------------------------------------------------------------

 -----------------------------------------------------------------------------
|                     _     ____    _    _    _____     _                     |
|                    | |   |  _ \  | |  | |  / ____|   | |                    |
|                    | |   | |_) | | |  | | | |  __    | |                    |
|                    |_|   |  _ <  | |  | | | | |_ |   |_|                    |
|                     _    | |_) | | |__| | | |__| |    _                     |
|                    (_)   |____/   \____/   \_____|   (_)                    |
|                                                                             |
|     internal error in: mpi.F  at line: 909                                  |
|                                                                             |
|     M_init_nccl: Error in ncclCommInitRank                                  |
|                                                                             |
|     If you are not a developer, you should not encounter this problem.      |
|     Please submit a bug report.                                             |
|                                                                             |
 -----------------------------------------------------------------------------

 -----------------------------------------------------------------------------
|                     _     ____    _    _    _____     _                     |
|                    | |   |  _ \  | |  | |  / ____|   | |                    |
|                    | |   | |_) | | |  | | | |  __    | |                    |
|                    |_|   |  _ <  | |  | | | | |_ |   |_|                    |
|                     _    | |_) | | |__| | | |__| |    _                     |
|                    (_)   |____/   \____/   \_____|   (_)                    |
|                                                                             |
|     internal error in: mpi.F  at line: 909                                  |
|                                                                             |
|     M_init_nccl: Error in ncclCommInitRank                                  |
|                                                                             |
 -----------------------------------------------------------------------------
|                     _     ____    _    _    _____     _                     |
|                    | |   |  _ \  | |  | |  / ____|   | |                    |
|                    | |   | |_) | | |  | | | |  __    | |                    |
|                    |_|   |  _ <  | |  | | | | |_ |   |_|                    |
|                     _    | |_) | | |__| | | |__| |    _                     |
|                    (_)   |____/   \____/   \_____|   (_)                    |
|                                                                             |
|     internal error in: mpi.F  at line: 909                                  |
|                                                                             |
|     M_init_nccl: Error in ncclCommInitRank                                  |
|                                                                             |
 -----------------------------------------------------------------------------
|                     _     ____    _    _    _____     _                     |
|                    | |   |  _ \  | |  | |  / ____|   | |                    |
|                    | |   | |_) | | |  | | | |  __    | |                    |
|                    |_|   |  _ <  | |  | | | | |_ |   |_|                    |
|                     _    | |_) | | |__| | | |__| |    _                     |
|                    (_)   |____/   \____/   \_____|   (_)                    |
|                                                                             |
|     internal error in: mpi.F  at line: 909                                  |
|                                                                             |
|     M_init_nccl: Error in ncclCommInitRank                                  |
|                                                                             |
 -----------------------------------------------------------------------------
|                     _     ____    _    _    _____     _                     |
|                    | |   |  _ \  | |  | |  / ____|   | |                    |
|                    | |   | |_) | | |  | | | |  __    | |                    |
|                    |_|   |  _ <  | |  | | | | |_ |   |_|                    |
|                     _    | |_) | | |__| | | |__| |    _                     |
|                    (_)   |____/   \____/   \_____|   (_)                    |
|                                                                             |
|     internal error in: mpi.F  at line: 909                                  |
|                                                                             |
|     M_init_nccl: Error in ncclCommInitRank                                  |
|                                                                             |
 -----------------------------------------------------------------------------
|                     _     ____    _    _    _____     _                     |
|                    | |   |  _ \  | |  | |  / ____|   | |                    |
|                    | |   | |_) | | |  | | | |  __    | |                    |
|                    |_|   |  _ <  | |  | | | | |_ |   |_|                    |
|                     _    | |_) | | |__| | | |__| |    _                     |
|                    (_)   |____/   \____/   \_____|   (_)                    |
|                                                                             |
|     internal error in: mpi.F  at line: 909                                  |
|                                                                             |
|     M_init_nccl: Error in ncclCommInitRank                                  |
|                                                                             |
|     If you are not a developer, you should not encounter this problem.      |
|     Please submit a bug report.                                             |
|                                                                             |
 -----------------------------------------------------------------------------

|     If you are not a developer, you should not encounter this problem.      |
|     Please submit a bug report.                                             |
|                                                                             |
 -----------------------------------------------------------------------------

 -----------------------------------------------------------------------------
|                     _     ____    _    _    _____     _                     |
|                    | |   |  _ \  | |  | |  / ____|   | |                    |
|                    | |   | |_) | | |  | | | |  __    | |                    |
|                    |_|   |  _ <  | |  | | | | |_ |   |_|                    |
|                     _    | |_) | | |__| | | |__| |    _                     |
|                    (_)   |____/   \____/   \_____|   (_)                    |
|                                                                             |
|     internal error in: mpi.F  at line: 909                                  |
|                                                                             |
|     M_init_nccl: Error in ncclCommInitRank                                  |
|                                                                             |
 -----------------------------------------------------------------------------
|                     _     ____    _    _    _____     _                     |
|                    | |   |  _ \  | |  | |  / ____|   | |                    |
|                    | |   | |_) | | |  | | | |  __    | |                    |
|                    |_|   |  _ <  | |  | | | | |_ |   |_|                    |
|                     _    | |_) | | |__| | | |__| |    _                     |
|                    (_)   |____/   \____/   \_____|   (_)                    |
|                                                                             |
|     internal error in: mpi.F  at line: 909                                  |
|                                                                             |
|     M_init_nccl: Error in ncclCommInitRank                                  |
|                                                                             |
|     If you are not a developer, you should not encounter this problem.      |
|     Please submit a bug report.                                             |
|                                                                             |
 -----------------------------------------------------------------------------

 -----------------------------------------------------------------------------
|                     _     ____    _    _    _____     _                     |
|                    | |   |  _ \  | |  | |  / ____|   | |                    |
|                    | |   | |_) | | |  | | | |  __    | |                    |
|                    |_|   |  _ <  | |  | | | | |_ |   |_|                    |
|                     _    | |_) | | |__| | | |__| |    _                     |
|                    (_)   |____/   \____/   \_____|   (_)                    |
|                                                                             |
|     internal error in: mpi.F  at line: 909                                  |
|                                                                             |
|     M_init_nccl: Error in ncclCommInitRank                                  |
|                                                                             |
|     If you are not a developer, you should not encounter this problem.      |
|     Please submit a bug report.                                             |
|                                                                             |
 -----------------------------------------------------------------------------

|     If you are not a developer, you should not encounter this problem.      |
|     Please submit a bug report.                                             |
|                                                                             |
 -----------------------------------------------------------------------------

|     If you are not a developer, you should not encounter this problem.      |
|     Please submit a bug report.                                             |
|                                                                             |
 -----------------------------------------------------------------------------

|     If you are not a developer, you should not encounter this problem.      |
|     Please submit a bug report.                                             |
|                                                                             |
 -----------------------------------------------------------------------------
|     If you are not a developer, you should not encounter this problem.      |
|     Please submit a bug report.                                             |
|                                                                             |
 -----------------------------------------------------------------------------

|     If you are not a developer, you should not encounter this problem.      |
|     Please submit a bug report.                                             |
|                                                                             |
 -----------------------------------------------------------------------------

 -----------------------------------------------------------------------------
|                     _     ____    _    _    _____     _                     |
|                    | |   |  _ \  | |  | |  / ____|   | |                    |
|                    | |   | |_) | | |  | | | |  __    | |                    |
|                    |_|   |  _ <  | |  | | | | |_ |   |_|                    |
|                     _    | |_) | | |__| | | |__| |    _                     |
|                    (_)   |____/   \____/   \_____|   (_)                    |
|                                                                             |
|     internal error in: mpi.F  at line: 909                                  |
|                                                                             |
|     M_init_nccl: Error in ncclCommInitRank                                  |
|                                                                             |
|     If you are not a developer, you should not encounter this problem.      |
|     Please submit a bug report.                                             |
|                                                                             |
 -----------------------------------------------------------------------------

|     If you are not a developer, you should not encounter this problem.      |
|     Please submit a bug report.                                             |
|                                                                             |
 -----------------------------------------------------------------------------

 -----------------------------------------------------------------------------
|                     _     ____    _    _    _____     _                     |
|                    | |   |  _ \  | |  | |  / ____|   | |                    |
|                    | |   | |_) | | |  | | | |  __    | |                    |
|                    |_|   |  _ <  | |  | | | | |_ |   |_|                    |
|                     _    | |_) | | |__| | | |__| |    _                     |
|                    (_)   |____/   \____/   \_____|   (_)                    |
|                                                                             |
|     internal error in: mpi.F  at line: 909                                  |
|                                                                             |
|     M_init_nccl: Error in ncclCommInitRank                                  |
|                                                                             |
|     If you are not a developer, you should not encounter this problem.      |
|     Please submit a bug report.                                             |
|                                                                             |
 -----------------------------------------------------------------------------

 -----------------------------------------------------------------------------
|                     _     ____    _    _    _____     _                     |
|                    | |   |  _ \  | |  | |  / ____|   | |                    |
|                    | |   | |_) | | |  | | | |  __    | |                    |
|                    |_|   |  _ <  | |  | | | | |_ |   |_|                    |
|                     _    | |_) | | |__| | | |__| |    _                     |
|                    (_)   |____/   \____/   \_____|   (_)                    |
|                                                                             |
|     internal error in: mpi.F  at line: 909                                  |
|                                                                             |
|     M_init_nccl: Error in ncclCommInitRank                                  |
|                                                                             |
 -----------------------------------------------------------------------------
|                     _     ____    _    _    _____     _                     |
|                    | |   |  _ \  | |  | |  / ____|   | |                    |
|                    | |   | |_) | | |  | | | |  __    | |                    |
|                    |_|   |  _ <  | |  | | | | |_ |   |_|                    |
|                     _    | |_) | | |__| | | |__| |    _                     |
|                    (_)   |____/   \____/   \_____|   (_)                    |
|                                                                             |
|     internal error in: mpi.F  at line: 909                                  |
|                                                                             |
|     M_init_nccl: Error in ncclCommInitRank                                  |
|                                                                             |

 -----------------------------------------------------------------------------
|                     _     ____    _    _    _____     _                     |
|                    | |   |  _ \  | |  | |  / ____|   | |                    |
|                    | |   | |_) | | |  | | | |  __    | |                    |
|                    |_|   |  _ <  | |  | | | | |_ |   |_|                    |
|                     _    | |_) | | |__| | | |__| |    _                     |
|                    (_)   |____/   \____/   \_____|   (_)                    |
|                                                                             |
|     internal error in: mpi.F  at line: 909                                  |
|                                                                             |
|     M_init_nccl: Error in ncclCommInitRank                                  |
|                                                                             |
|     If you are not a developer, you should not encounter this problem.      |
|     Please submit a bug report.                                             |
|                                                                             |
 -----------------------------------------------------------------------------

 -----------------------------------------------------------------------------
|                     _     ____    _    _    _____     _                     |
|                    | |   |  _ \  | |  | |  / ____|   | |                    |
|                    | |   | |_) | | |  | | | |  __    | |                    |
|                    |_|   |  _ <  | |  | | | | |_ |   |_|                    |
|                     _    | |_) | | |__| | | |__| |    _                     |
|                    (_)   |____/   \____/   \_____|   (_)                    |
|                                                                             |
|     internal error in: mpi.F  at line: 909                                  |
|                                                                             |
|     M_init_nccl: Error in ncclCommInitRank                                  |
|                                                                             |
|     If you are not a developer, you should not encounter this problem.      |
|     Please submit a bug report.                                             |
|                                                                             |
 -----------------------------------------------------------------------------

 -----------------------------------------------------------------------------
|                     _     ____    _    _    _____     _                     |
|                    | |   |  _ \  | |  | |  / ____|   | |                    |
|                    | |   | |_) | | |  | | | |  __    | |                    |
|                    |_|   |  _ <  | |  | | | | |_ |   |_|                    |
|                     _    | |_) | | |__| | | |__| |    _                     |
|                    (_)   |____/   \____/   \_____|   (_)                    |
|                                                                             |
|     internal error in: mpi.F  at line: 909                                  |
|                                                                             |
|     M_init_nccl: Error in ncclCommInitRank                                  |
|                                                                             |
|     If you are not a developer, you should not encounter this problem.      |
|     Please submit a bug report.                                             |
|                                                                             |
 -----------------------------------------------------------------------------

|     If you are not a developer, you should not encounter this problem.      |
|     Please submit a bug report.                                             |
|                                                                             |
 -----------------------------------------------------------------------------

|     If you are not a developer, you should not encounter this problem.      |
|     Please submit a bug report.                                             |
|                                                                             |
 -----------------------------------------------------------------------------

|     If you are not a developer, you should not encounter this problem.      |
|     Please submit a bug report.                                             |
|                                                                             |
 -----------------------------------------------------------------------------

 -----------------------------------------------------------------------------
|                     _     ____    _    _    _____     _                     |
|                    | |   |  _ \  | |  | |  / ____|   | |                    |
|                    | |   | |_) | | |  | | | |  __    | |                    |
|                    |_|   |  _ <  | |  | | | | |_ |   |_|                    |
|                     _    | |_) | | |__| | | |__| |    _                     |
|                    (_)   |____/   \____/   \_____|   (_)                    |
|                                                                             |
|     internal error in: mpi.F  at line: 909                                  |
|                                                                             |
|     M_init_nccl: Error in ncclCommInitRank                                  |
|                                                                             |
|     If you are not a developer, you should not encounter this problem.      |
|     Please submit a bug report.                                             |
|                                                                             |
 -----------------------------------------------------------------------------

|     If you are not a developer, you should not encounter this problem.      |
|     Please submit a bug report.                                             |
|                                                                             |
 -----------------------------------------------------------------------------

 -----------------------------------------------------------------------------
|                     _     ____    _    _    _____     _                     |
|                    | |   |  _ \  | |  | |  / ____|   | |                    |
|                    | |   | |_) | | |  | | | |  __    | |                    |
|                    |_|   |  _ <  | |  | | | | |_ |   |_|                    |
|                     _    | |_) | | |__| | | |__| |    _                     |
|                    (_)   |____/   \____/   \_____|   (_)                    |
|                                                                             |
|     internal error in: mpi.F  at line: 909                                  |
|                                                                             |
|     M_init_nccl: Error in ncclCommInitRank                                  |
|                                                                             |
|     If you are not a developer, you should not encounter this problem.      |
|     Please submit a bug report.                                             |
|                                                                             |
 -----------------------------------------------------------------------------

 -----------------------------------------------------------------------------
|                     _     ____    _    _    _____     _                     |
|                    | |   |  _ \  | |  | |  / ____|   | |                    |
|                    | |   | |_) | | |  | | | |  __    | |                    |
|                    |_|   |  _ <  | |  | | | | |_ |   |_|                    |
|                     _    | |_) | | |__| | | |__| |    _                     |
|                    (_)   |____/   \____/   \_____|   (_)                    |
|                                                                             |
|     internal error in: mpi.F  at line: 909                                  |
|                                                                             |
|     M_init_nccl: Error in ncclCommInitRank                                  |
|                                                                             |
|     If you are not a developer, you should not encounter this problem.      |
|     Please submit a bug report.                                             |
|                                                                             |
 -----------------------------------------------------------------------------

 -----------------------------------------------------------------------------
|                     _     ____    _    _    _____     _                     |
|                    | |   |  _ \  | |  | |  / ____|   | |                    |
|                    | |   | |_) | | |  | | | |  __    | |                    |
|                    |_|   |  _ <  | |  | | | | |_ |   |_|                    |
|                     _    | |_) | | |__| | | |__| |    _                     |
|                    (_)   |____/   \____/   \_____|   (_)                    |
|                                                                             |
|     internal error in: mpi.F  at line: 909                                  |
|                                                                             |
|     M_init_nccl: Error in ncclCommInitRank                                  |
|                                                                             |
|     If you are not a developer, you should not encounter this problem.      |
|     Please submit a bug report.                                             |
|                                                                             |
 -----------------------------------------------------------------------------

 -----------------------------------------------------------------------------
|                     _     ____    _    _    _____     _                     |
|                    | |   |  _ \  | |  | |  / ____|   | |                    |
|                    | |   | |_) | | |  | | | |  __    | |                    |
|                    |_|   |  _ <  | |  | | | | |_ |   |_|                    |
|                     _    | |_) | | |__| | | |__| |    _                     |
|                    (_)   |____/   \____/   \_____|   (_)                    |
|                                                                             |
|     internal error in: mpi.F  at line: 909                                  |
|                                                                             |
|     M_init_nccl: Error in ncclCommInitRank                                  |
|                                                                             |
|     If you are not a developer, you should not encounter this problem.      |
|     Please submit a bug report.                                             |
|                                                                             |
 -----------------------------------------------------------------------------

 -----------------------------------------------------------------------------
|                     _     ____    _    _    _____     _                     |
|                    | |   |  _ \  | |  | |  / ____|   | |                    |
|                    | |   | |_) | | |  | | | |  __    | |                    |
|                    |_|   |  _ <  | |  | | | | |_ |   |_|                    |
|                     _    | |_) | | |__| | | |__| |    _                     |
|                    (_)   |____/   \____/   \_____|   (_)                    |
|                                                                             |
|     internal error in: mpi.F  at line: 909                                  |
|                                                                             |
|     M_init_nccl: Error in ncclCommInitRank                                  |
|                                                                             |
|     If you are not a developer, you should not encounter this problem.      |
|     Please submit a bug report.                                             |
|                                                                             |
 -----------------------------------------------------------------------------

 -----------------------------------------------------------------------------
|                     _     ____    _    _    _____     _                     |
|                    | |   |  _ \  | |  | |  / ____|   | |                    |
|                    | |   | |_) | | |  | | | |  __    | |                    |
|                    |_|   |  _ <  | |  | | | | |_ |   |_|                    |
|                     _    | |_) | | |__| | | |__| |    _                     |
|                    (_)   |____/   \____/   \_____|   (_)                    |
|                                                                             |
|     internal error in: mpi.F  at line: 909                                  |
|                                                                             |
|     M_init_nccl: Error in ncclCommInitRank                                  |
|                                                                             |
|     If you are not a developer, you should not encounter this problem.      |
|     Please submit a bug report.                                             |
|                                                                             |
 -----------------------------------------------------------------------------

 -----------------------------------------------------------------------------
|                     _     ____    _    _    _____     _                     |
|                    | |   |  _ \  | |  | |  / ____|   | |                    |
|                    | |   | |_) | | |  | | | |  __    | |                    |
|                    |_|   |  _ <  | |  | | | | |_ |   |_|                    |
|                     _    | |_) | | |__| | | |__| |    _                     |
|                    (_)   |____/   \____/   \_____|   (_)                    |
|                                                                             |
|     internal error in: mpi.F  at line: 909                                  |
|                                                                             |
|     M_init_nccl: Error in ncclCommInitRank                                  |
|                                                                             |
|     If you are not a developer, you should not encounter this problem.      |
|     Please submit a bug report.                                             |
|                                                                             |
 -----------------------------------------------------------------------------

 -----------------------------------------------------------------------------
|                     _     ____    _    _    _____     _                     |
|                    | |   |  _ \  | |  | |  / ____|   | |                    |
|                    | |   | |_) | | |  | | | |  __    | |                    |
|                    |_|   |  _ <  | |  | | | | |_ |   |_|                    |
|                     _    | |_) | | |__| | | |__| |    _                     |
|                    (_)   |____/   \____/   \_____|   (_)                    |
|                                                                             |
|     internal error in: mpi.F  at line: 909                                  |
|                                                                             |
|     M_init_nccl: Error in ncclCommInitRank                                  |
|                                                                             |
|     If you are not a developer, you should not encounter this problem.      |
|     Please submit a bug report.                                             |
|                                                                             |
 -----------------------------------------------------------------------------

 -----------------------------------------------------------------------------
|                     _     ____    _    _    _____     _                     |
|                    | |   |  _ \  | |  | |  / ____|   | |                    |
|                    | |   | |_) | | |  | | | |  __    | |                    |
|                    |_|   |  _ <  | |  | | | | |_ |   |_|                    |
|                     _    | |_) | | |__| | | |__| |    _                     |
|                    (_)   |____/   \____/   \_____|   (_)                    |
|                                                                             |
|     internal error in: mpi.F  at line: 909                                  |
|                                                                             |
|     M_init_nccl: Error in ncclCommInitRank                                  |
|                                                                             |
|     If you are not a developer, you should not encounter this problem.      |
|     Please submit a bug report.                                             |
|                                                                             |
 -----------------------------------------------------------------------------

 -----------------------------------------------------------------------------
|                     _     ____    _    _    _____     _                     |
|                    | |   |  _ \  | |  | |  / ____|   | |                    |
|                    | |   | |_) | | |  | | | |  __    | |                    |
|                    |_|   |  _ <  | |  | | | | |_ |   |_|                    |
|                     _    | |_) | | |__| | | |__| |    _                     |
|                    (_)   |____/   \____/   \_____|   (_)                    |
|                                                                             |
|     internal error in: mpi.F  at line: 909                                  |
|                                                                             |
|     M_init_nccl: Error in ncclCommInitRank                                  |
|                                                                             |
|     If you are not a developer, you should not encounter this problem.      |
|     Please submit a bug report.                                             |
|                                                                             |
 -----------------------------------------------------------------------------

 -----------------------------------------------------------------------------
|                     _     ____    _    _    _____     _                     |
|                    | |   |  _ \  | |  | |  / ____|   | |                    |
|                    | |   | |_) | | |  | | | |  __    | |                    |
|                    |_|   |  _ <  | |  | | | | |_ |   |_|                    |
|                     _    | |_) | | |__| | | |__| |    _                     |
|                    (_)   |____/   \____/   \_____|   (_)                    |
|                                                                             |
|     internal error in: mpi.F  at line: 909                                  |
|                                                                             |
|     M_init_nccl: Error in ncclCommInitRank                                  |
|                                                                             |
|     If you are not a developer, you should not encounter this problem.      |
|     Please submit a bug report.                                             |
|                                                                             |
 -----------------------------------------------------------------------------

 -----------------------------------------------------------------------------
|                     _     ____    _    _    _____     _                     |
|                    | |   |  _ \  | |  | |  / ____|   | |                    |
|                    | |   | |_) | | |  | | | |  __    | |                    |
|                    |_|   |  _ <  | |  | | | | |_ |   |_|                    |
|                     _    | |_) | | |__| | | |__| |    _                     |
|                    (_)   |____/   \____/   \_____|   (_)                    |
|                                                                             |
|     internal error in: mpi.F  at line: 909                                  |
|                                                                             |
|     M_init_nccl: Error in ncclCommInitRank                                  |
|                                                                             |
 -----------------------------------------------------------------------------
|                     _     ____    _    _    _____     _                     |
|                    | |   |  _ \  | |  | |  / ____|   | |                    |
|                    | |   | |_) | | |  | | | |  __    | |                    |
|                    |_|   |  _ <  | |  | | | | |_ |   |_|                    |
|                     _    | |_) | | |__| | | |__| |    _                     |
|                    (_)   |____/   \____/   \_____|   (_)                    |
|                                                                             |
|     internal error in: mpi.F  at line: 909                                  |
|                                                                             |
|     M_init_nccl: Error in ncclCommInitRank                                  |
|                                                                             |
|     If you are not a developer, you should not encounter this problem.      |
|     Please submit a bug report.                                             |
|                                                                             |
 -----------------------------------------------------------------------------

|     If you are not a developer, you should not encounter this problem.      |
|     Please submit a bug report.                                             |
|                                                                             |
 -----------------------------------------------------------------------------

 -----------------------------------------------------------------------------
|                     _     ____    _    _    _____     _                     |
|                    | |   |  _ \  | |  | |  / ____|   | |                    |
|                    | |   | |_) | | |  | | | |  __    | |                    |
|                    |_|   |  _ <  | |  | | | | |_ |   |_|                    |
|                     _    | |_) | | |__| | | |__| |    _                     |
|                    (_)   |____/   \____/   \_____|   (_)                    |
|                                                                             |
|     internal error in: mpi.F  at line: 909                                  |
|                                                                             |
|     M_init_nccl: Error in ncclCommInitRank                                  |
|                                                                             |
|     If you are not a developer, you should not encounter this problem.      |
|     Please submit a bug report.                                             |
|                                                                             |
 -----------------------------------------------------------------------------

 -----------------------------------------------------------------------------
|                     _     ____    _    _    _____     _                     |
|                    | |   |  _ \  | |  | |  / ____|   | |                    |
|                    | |   | |_) | | |  | | | |  __    | |                    |
|                    |_|   |  _ <  | |  | | | | |_ |   |_|                    |
|                     _    | |_) | | |__| | | |__| |    _                     |
|                    (_)   |____/   \____/   \_____|   (_)                    |
|                                                                             |
|     internal error in: mpi.F  at line: 909                                  |
|                                                                             |
|     M_init_nccl: Error in ncclCommInitRank                                  |
|                                                                             |
 -----------------------------------------------------------------------------
|                     _     ____    _    _    _____     _                     |
|                    | |   |  _ \  | |  | |  / ____|   | |                    |
|                    | |   | |_) | | |  | | | |  __    | |                    |
|                    |_|   |  _ <  | |  | | | | |_ |   |_|                    |
|                     _    | |_) | | |__| | | |__| |    _                     |
|                    (_)   |____/   \____/   \_____|   (_)                    |
|                                                                             |
|     internal error in: mpi.F  at line: 909                                  |
|                                                                             |
|     M_init_nccl: Error in ncclCommInitRank                                  |
|                                                                             |
 -----------------------------------------------------------------------------
|                     _     ____    _    _    _____     _                     |
|                    | |   |  _ \  | |  | |  / ____|   | |                    |
|                    | |   | |_) | | |  | | | |  __    | |                    |
|                    |_|   |  _ <  | |  | | | | |_ |   |_|                    |
|                     _    | |_) | | |__| | | |__| |    _                     |
|                    (_)   |____/   \____/   \_____|   (_)                    |
|                                                                             |
|     internal error in: mpi.F  at line: 909                                  |
|                                                                             |
|     M_init_nccl: Error in ncclCommInitRank                                  |
|                                                                             |
|     If you are not a developer, you should not encounter this problem.      |
|     Please submit a bug report.                                             |
|                                                                             |
 -----------------------------------------------------------------------------

|     If you are not a developer, you should not encounter this problem.      |
|     Please submit a bug report.                                             |
|                                                                             |
 -----------------------------------------------------------------------------

|     If you are not a developer, you should not encounter this problem.      |
|     Please submit a bug report.                                             |
|                                                                             |
 -----------------------------------------------------------------------------

 -----------------------------------------------------------------------------
|                     _     ____    _    _    _____     _                     |
|                    | |   |  _ \  | |  | |  / ____|   | |                    |
|                    | |   | |_) | | |  | | | |  __    | |                    |
|                    |_|   |  _ <  | |  | | | | |_ |   |_|                    |
|                     _    | |_) | | |__| | | |__| |    _                     |
|                    (_)   |____/   \____/   \_____|   (_)                    |
|                                                                             |
|     internal error in: mpi.F  at line: 909                                  |
|                                                                             |
|     M_init_nccl: Error in ncclCommInitRank                                  |
|                                                                             |
 -----------------------------------------------------------------------------
|                     _     ____    _    _    _____     _                     |
|                    | |   |  _ \  | |  | |  / ____|   | |                    |
|                    | |   | |_) | | |  | | | |  __    | |                    |
|                    |_|   |  _ <  | |  | | | | |_ |   |_|                    |
|                     _    | |_) | | |__| | | |__| |    _                     |
|                    (_)   |____/   \____/   \_____|   (_)                    |
|                                                                             |
|     internal error in: mpi.F  at line: 909                                  |
|                                                                             |
|     M_init_nccl: Error in ncclCommInitRank                                  |
|                                                                             |
|     If you are not a developer, you should not encounter this problem.      |
|     Please submit a bug report.                                             |
|                                                                             |
 -----------------------------------------------------------------------------

|     If you are not a developer, you should not encounter this problem.      |
|     Please submit a bug report.                                             |
|                                                                             |
 -----------------------------------------------------------------------------

 -----------------------------------------------------------------------------
|                     _     ____    _    _    _____     _                     |
|                    | |   |  _ \  | |  | |  / ____|   | |                    |
|                    | |   | |_) | | |  | | | |  __    | |                    |
|                    |_|   |  _ <  | |  | | | | |_ |   |_|                    |
|                     _    | |_) | | |__| | | |__| |    _                     |
|                    (_)   |____/   \____/   \_____|   (_)                    |
|                                                                             |
|     internal error in: mpi.F  at line: 909                                  |
|                                                                             |
|     M_init_nccl: Error in ncclCommInitRank                                  |
|                                                                             |
 -----------------------------------------------------------------------------
|                     _     ____    _    _    _____     _                     |
|                    | |   |  _ \  | |  | |  / ____|   | |                    |
|                    | |   | |_) | | |  | | | |  __    | |                    |
|                    |_|   |  _ <  | |  | | | | |_ |   |_|                    |
|                     _    | |_) | | |__| | | |__| |    _                     |
|                    (_)   |____/   \____/   \_____|   (_)                    |
|                                                                             |
|     internal error in: mpi.F  at line: 909                                  |
|                                                                             |
|     M_init_nccl: Error in ncclCommInitRank                                  |
|                                                                             |
|     If you are not a developer, you should not encounter this problem.      |
|     Please submit a bug report.                                             |
|                                                                             |
 -----------------------------------------------------------------------------

 -----------------------------------------------------------------------------
|                     _     ____    _    _    _____     _                     |
|                    | |   |  _ \  | |  | |  / ____|   | |                    |
|                    | |   | |_) | | |  | | | |  __    | |                    |
|                    |_|   |  _ <  | |  | | | | |_ |   |_|                    |
|                     _    | |_) | | |__| | | |__| |    _                     |
|                    (_)   |____/   \____/   \_____|   (_)                    |
|                                                                             |
|     internal error in: mpi.F  at line: 909                                  |
|                                                                             |
|     M_init_nccl: Error in ncclCommInitRank                                  |
|                                                                             |
|     If you are not a developer, you should not encounter this problem.      |
|     Please submit a bug report.                                             |
|                                                                             |
 -----------------------------------------------------------------------------

|     If you are not a developer, you should not encounter this problem.      |
|     Please submit a bug report.                                             |
|                                                                             |
 -----------------------------------------------------------------------------

 -----------------------------------------------------------------------------
|                     _     ____    _    _    _____     _                     |
|                    | |   |  _ \  | |  | |  / ____|   | |                    |
|                    | |   | |_) | | |  | | | |  __    | |                    |
|                    |_|   |  _ <  | |  | | | | |_ |   |_|                    |
|                     _    | |_) | | |__| | | |__| |    _                     |
|                    (_)   |____/   \____/   \_____|   (_)                    |
|                                                                             |
|     internal error in: mpi.F  at line: 909                                  |
|                                                                             |
|     M_init_nccl: Error in ncclCommInitRank                                  |
|                                                                             |
|     If you are not a developer, you should not encounter this problem.      |
|     Please submit a bug report.                                             |
|                                                                             |
 -----------------------------------------------------------------------------

 -----------------------------------------------------------------------------
|                     _     ____    _    _    _____     _                     |
|                    | |   |  _ \  | |  | |  / ____|   | |                    |
|                    | |   | |_) | | |  | | | |  __    | |                    |
|                    |_|   |  _ <  | |  | | | | |_ |   |_|                    |
|                     _    | |_) | | |__| | | |__| |    _                     |
|                    (_)   |____/   \____/   \_____|   (_)                    |
|                                                                             |
|     internal error in: mpi.F  at line: 909                                  |
|                                                                             |
|     M_init_nccl: Error in ncclCommInitRank                                  |
|                                                                             |
|     If you are not a developer, you should not encounter this problem.      |
|     Please submit a bug report.                                             |
|                                                                             |
 -----------------------------------------------------------------------------

 -----------------------------------------------------------------------------
|                     _     ____    _    _    _____     _                     |
|                    | |   |  _ \  | |  | |  / ____|   | |                    |
|                    | |   | |_) | | |  | | | |  __    | |                    |
|                    |_|   |  _ <  | |  | | | | |_ |   |_|                    |
|                     _    | |_) | | |__| | | |__| |    _                     |
|                    (_)   |____/   \____/   \_____|   (_)                    |
|                                                                             |
|     internal error in: mpi.F  at line: 909                                  |
|                                                                             |
|     M_init_nccl: Error in ncclCommInitRank                                  |
|                                                                             |
|     If you are not a developer, you should not encounter this problem.      |
|     Please submit a bug report.                                             |
|                                                                             |
 -----------------------------------------------------------------------------

 -----------------------------------------------------------------------------
|                     _     ____    _    _    _____     _                     |
|                    | |   |  _ \  | |  | |  / ____|   | |                    |
|                    | |   | |_) | | |  | | | |  __    | |                    |
|                    |_|   |  _ <  | |  | | | | |_ |   |_|                    |
|                     _    | |_) | | |__| | | |__| |    _                     |
|                    (_)   |____/   \____/   \_____|   (_)                    |
|                                                                             |
|     internal error in: mpi.F  at line: 909                                  |
|                                                                             |
|     M_init_nccl: Error in ncclCommInitRank                                  |
|                                                                             |
|     If you are not a developer, you should not encounter this problem.      |
|     Please submit a bug report.                                             |
|                                                                             |
 -----------------------------------------------------------------------------

 -----------------------------------------------------------------------------
|                     _     ____    _    _    _____     _                     |
|                    | |   |  _ \  | |  | |  / ____|   | |                    |
|                    | |   | |_) | | |  | | | |  __    | |                    |
|                    |_|   |  _ <  | |  | | | | |_ |   |_|                    |
|                     _    | |_) | | |__| | | |__| |    _                     |
|                    (_)   |____/   \____/   \_____|   (_)                    |
|                                                                             |
|     internal error in: mpi.F  at line: 909                                  |
|                                                                             |
|     M_init_nccl: Error in ncclCommInitRank                                  |
|                                                                             |
|     If you are not a developer, you should not encounter this problem.      |
|     Please submit a bug report.                                             |
|                                                                             |
 -----------------------------------------------------------------------------

 -----------------------------------------------------------------------------
|                     _     ____    _    _    _____     _                     |
|                    | |   |  _ \  | |  | |  / ____|   | |                    |
|                    | |   | |_) | | |  | | | |  __    | |                    |
|                    |_|   |  _ <  | |  | | | | |_ |   |_|                    |
|                     _    | |_) | | |__| | | |__| |    _                     |
|                    (_)   |____/   \____/   \_____|   (_)                    |
|                                                                             |
|     internal error in: mpi.F  at line: 909                                  |
|                                                                             |
|     M_init_nccl: Error in ncclCommInitRank                                  |
|                                                                             |
|     If you are not a developer, you should not encounter this problem.      |
|     Please submit a bug report.                                             |
|                                                                             |
 -----------------------------------------------------------------------------

 -----------------------------------------------------------------------------
|                     _     ____    _    _    _____     _                     |
|                    | |   |  _ \  | |  | |  / ____|   | |                    |
|                    | |   | |_) | | |  | | | |  __    | |                    |
|                    |_|   |  _ <  | |  | | | | |_ |   |_|                    |
|                     _    | |_) | | |__| | | |__| |    _                     |
|                    (_)   |____/   \____/   \_____|   (_)                    |
|                                                                             |
|     internal error in: mpi.F  at line: 909                                  |
|                                                                             |
|     M_init_nccl: Error in ncclCommInitRank                                  |
|                                                                             |
 -----------------------------------------------------------------------------
|                     _     ____    _    _    _____     _                     |
|                    | |   |  _ \  | |  | |  / ____|   | |                    |
|                    | |   | |_) | | |  | | | |  __    | |                    |
|                    |_|   |  _ <  | |  | | | | |_ |   |_|                    |
|                     _    | |_) | | |__| | | |__| |    _                     |
|                    (_)   |____/   \____/   \_____|   (_)                    |
|                                                                             |
|     internal error in: mpi.F  at line: 909                                  |
|                                                                             |
|     M_init_nccl: Error in ncclCommInitRank                                  |
|                                                                             |
 -----------------------------------------------------------------------------
|                     _     ____    _    _    _____     _                     |
|                    | |   |  _ \  | |  | |  / ____|   | |                    |
|                    | |   | |_) | | |  | | | |  __    | |                    |
|                    |_|   |  _ <  | |  | | | | |_ |   |_|                    |
|                     _    | |_) | | |__| | | |__| |    _                     |
|                    (_)   |____/   \____/   \_____|   (_)                    |
|                                                                             |
|     internal error in: mpi.F  at line: 909                                  |
|                                                                             |
|     M_init_nccl: Error in ncclCommInitRank                                  |
|                                                                             |
|     If you are not a developer, you should not encounter this problem.      |
|     Please submit a bug report.                                             |
|                                                                             |
 -----------------------------------------------------------------------------

|     If you are not a developer, you should not encounter this problem.      |
|     Please submit a bug report.                                             |
|                                                                             |
 -----------------------------------------------------------------------------

|     If you are not a developer, you should not encounter this problem.      |
|     Please submit a bug report.                                             |
|                                                                             |
 -----------------------------------------------------------------------------

 -----------------------------------------------------------------------------
|                     _     ____    _    _    _____     _                     |
|                    | |   |  _ \  | |  | |  / ____|   | |                    |
|                    | |   | |_) | | |  | | | |  __    | |                    |
|                    |_|   |  _ <  | |  | | | | |_ |   |_|                    |
|                     _    | |_) | | |__| | | |__| |    _                     |
|                    (_)   |____/   \____/   \_____|   (_)                    |
|                                                                             |
|     internal error in: mpi.F  at line: 909                                  |
|                                                                             |
|     M_init_nccl: Error in ncclCommInitRank                                  |
|                                                                             |
|     If you are not a developer, you should not encounter this problem.      |
|     Please submit a bug report.                                             |
|                                                                             |
 -----------------------------------------------------------------------------

 -----------------------------------------------------------------------------
|                     _     ____    _    _    _____     _                     |
|                    | |   |  _ \  | |  | |  / ____|   | |                    |
|                    | |   | |_) | | |  | | | |  __    | |                    |
|                    |_|   |  _ <  | |  | | | | |_ |   |_|                    |
|                     _    | |_) | | |__| | | |__| |    _                     |
|                    (_)   |____/   \____/   \_____|   (_)                    |
|                                                                             |
|     internal error in: mpi.F  at line: 909                                  |
|                                                                             |
|     M_init_nccl: Error in ncclCommInitRank                                  |
|                                                                             |
|     If you are not a developer, you should not encounter this problem.      |
|     Please submit a bug report.                                             |
|                                                                             |
 -----------------------------------------------------------------------------

 -----------------------------------------------------------------------------
|                     _     ____    _    _    _____     _                     |
|                    | |   |  _ \  | |  | |  / ____|   | |                    |
|                    | |   | |_) | | |  | | | |  __    | |                    |
|                    |_|   |  _ <  | |  | | | | |_ |   |_|                    |
|                     _    | |_) | | |__| | | |__| |    _                     |
|                    (_)   |____/   \____/   \_____|   (_)                    |
|                                                                             |
|     internal error in: mpi.F  at line: 909                                  |
|                                                                             |
|     M_init_nccl: Error in ncclCommInitRank                                  |
|                                                                             |
 -----------------------------------------------------------------------------
|                     _     ____    _    _    _____     _                     |
|                    | |   |  _ \  | |  | |  / ____|   | |                    |
|                    | |   | |_) | | |  | | | |  __    | |                    |
|                    |_|   |  _ <  | |  | | | | |_ |   |_|                    |
|                     _    | |_) | | |__| | | |__| |    _                     |
|                    (_)   |____/   \____/   \_____|   (_)                    |
|                                                                             |
|     internal error in: mpi.F  at line: 909                                  |
|                                                                             |
|     M_init_nccl: Error in ncclCommInitRank                                  |
|                                                                             |
|     If you are not a developer, you should not encounter this problem.      |
|     Please submit a bug report.                                             |
|                                                                             |
 -----------------------------------------------------------------------------

 -----------------------------------------------------------------------------
|                     _     ____    _    _    _____     _                     |
|                    | |   |  _ \  | |  | |  / ____|   | |                    |
|                    | |   | |_) | | |  | | | |  __    | |                    |
|                    |_|   |  _ <  | |  | | | | |_ |   |_|                    |
|                     _    | |_) | | |__| | | |__| |    _                     |
|                    (_)   |____/   \____/   \_____|   (_)                    |
|                                                                             |
|     internal error in: mpi.F  at line: 909                                  |
|                                                                             |
|     M_init_nccl: Error in ncclCommInitRank                                  |
|                                                                             |
|     If you are not a developer, you should not encounter this problem.      |
|     Please submit a bug report.                                             |
|                                                                             |
 -----------------------------------------------------------------------------

 -----------------------------------------------------------------------------
|                     _     ____    _    _    _____     _                     |
|                    | |   |  _ \  | |  | |  / ____|   | |                    |
|                    | |   | |_) | | |  | | | |  __    | |                    |
|                    |_|   |  _ <  | |  | | | | |_ |   |_|                    |
|                     _    | |_) | | |__| | | |__| |    _                     |
|                    (_)   |____/   \____/   \_____|   (_)                    |
|                                                                             |
|     internal error in: mpi.F  at line: 909                                  |
|                                                                             |
|     M_init_nccl: Error in ncclCommInitRank                                  |
|                                                                             |
 -----------------------------------------------------------------------------
|                     _     ____    _    _    _____     _                     |
|                    | |   |  _ \  | |  | |  / ____|   | |                    |
|                    | |   | |_) | | |  | | | |  __    | |                    |
|                    |_|   |  _ <  | |  | | | | |_ |   |_|                    |
|                     _    | |_) | | |__| | | |__| |    _                     |
|                    (_)   |____/   \____/   \_____|   (_)                    |
|                                                                             |
|     internal error in: mpi.F  at line: 909                                  |
|                                                                             |
|     M_init_nccl: Error in ncclCommInitRank                                  |
|                                                                             |
|     If you are not a developer, you should not encounter this problem.      |
|     Please submit a bug report.                                             |
|                                                                             |
 -----------------------------------------------------------------------------

|     If you are not a developer, you should not encounter this problem.      |
|     Please submit a bug report.                                             |
|                                                                             |
 -----------------------------------------------------------------------------

|     If you are not a developer, you should not encounter this problem.      |
|     Please submit a bug report.                                             |
|                                                                             |
 -----------------------------------------------------------------------------

 -----------------------------------------------------------------------------
|                     _     ____    _    _    _____     _                     |
|                    | |   |  _ \  | |  | |  / ____|   | |                    |
|                    | |   | |_) | | |  | | | |  __    | |                    |
|                    |_|   |  _ <  | |  | | | | |_ |   |_|                    |
|                     _    | |_) | | |__| | | |__| |    _                     |
|                    (_)   |____/   \____/   \_____|   (_)                    |
|                                                                             |
|     internal error in: mpi.F  at line: 909                                  |
|                                                                             |
|     M_init_nccl: Error in ncclCommInitRank                                  |
|                                                                             |
|     If you are not a developer, you should not encounter this problem.      |
|     Please submit a bug report.                                             |
|                                                                             |
 -----------------------------------------------------------------------------

 -----------------------------------------------------------------------------
|                     _     ____    _    _    _____     _                     |
|                    | |   |  _ \  | |  | |  / ____|   | |                    |
|                    | |   | |_) | | |  | | | |  __    | |                    |
|                    |_|   |  _ <  | |  | | | | |_ |   |_|                    |
|                     _    | |_) | | |__| | | |__| |    _                     |
|                    (_)   |____/   \____/   \_____|   (_)                    |
|                                                                             |
|     internal error in: mpi.F  at line: 909                                  |
|                                                                             |
|     M_init_nccl: Error in ncclCommInitRank                                  |
|                                                                             |
 -----------------------------------------------------------------------------
|                     _     ____    _    _    _____     _                     |
|                    | |   |  _ \  | |  | |  / ____|   | |                    |
|                    | |   | |_) | | |  | | | |  __    | |                    |
|                    |_|   |  _ <  | |  | | | | |_ |   |_|                    |
|                     _    | |_) | | |__| | | |__| |    _                     |
|                    (_)   |____/   \____/   \_____|   (_)                    |
|                                                                             |
|     internal error in: mpi.F  at line: 909                                  |
|                                                                             |
|     M_init_nccl: Error in ncclCommInitRank                                  |
|                                                                             |
 -----------------------------------------------------------------------------
|                     _     ____    _    _    _____     _                     |
|                    | |   |  _ \  | |  | |  / ____|   | |                    |
|                    | |   | |_) | | |  | | | |  __    | |                    |
|                    |_|   |  _ <  | |  | | | | |_ |   |_|                    |
|                     _    | |_) | | |__| | | |__| |    _                     |
|                    (_)   |____/   \____/   \_____|   (_)                    |
|                                                                             |
|     internal error in: mpi.F  at line: 909                                  |
|                                                                             |
|     M_init_nccl: Error in ncclCommInitRank                                  |
|                                                                             |
|     If you are not a developer, you should not encounter this problem.      |
|     Please submit a bug report.                                             |
|                                                                             |
 -----------------------------------------------------------------------------

|     If you are not a developer, you should not encounter this problem.      |
|     Please submit a bug report.                                             |
|                                                                             |
 -----------------------------------------------------------------------------

|     If you are not a developer, you should not encounter this problem.      |
|     Please submit a bug report.                                             |
|                                                                             |
 -----------------------------------------------------------------------------

 -----------------------------------------------------------------------------
|                     _     ____    _    _    _____     _                     |
|                    | |   |  _ \  | |  | |  / ____|   | |                    |
|                    | |   | |_) | | |  | | | |  __    | |                    |
|                    |_|   |  _ <  | |  | | | | |_ |   |_|                    |
|                     _    | |_) | | |__| | | |__| |    _                     |
|                    (_)   |____/   \____/   \_____|   (_)                    |
|                                                                             |
|     internal error in: mpi.F  at line: 909                                  |
|                                                                             |
|     M_init_nccl: Error in ncclCommInitRank                                  |
|                                                                             |
|     If you are not a developer, you should not encounter this problem.      |
|     Please submit a bug report.                                             |
|                                                                             |
 -----------------------------------------------------------------------------

 -----------------------------------------------------------------------------
|                     _     ____    _    _    _____     _                     |
|                    | |   |  _ \  | |  | |  / ____|   | |                    |
|                    | |   | |_) | | |  | | | |  __    | |                    |
|                    |_|   |  _ <  | |  | | | | |_ |   |_|                    |
|                     _    | |_) | | |__| | | |__| |    _                     |
|                    (_)   |____/   \____/   \_____|   (_)                    |
|                                                                             |
|     internal error in: mpi.F  at line: 909                                  |
|                                                                             |
|     M_init_nccl: Error in ncclCommInitRank                                  |
|                                                                             |
|     If you are not a developer, you should not encounter this problem.      |
|     Please submit a bug report.                                             |
|                                                                             |
 -----------------------------------------------------------------------------

 -----------------------------------------------------------------------------
|                     _     ____    _    _    _____     _                     |
|                    | |   |  _ \  | |  | |  / ____|   | |                    |
|                    | |   | |_) | | |  | | | |  __    | |                    |
|                    |_|   |  _ <  | |  | | | | |_ |   |_|                    |
|                     _    | |_) | | |__| | | |__| |    _                     |
|                    (_)   |____/   \____/   \_____|   (_)                    |
|                                                                             |
|     internal error in: mpi.F  at line: 909                                  |
|                                                                             |
|     M_init_nccl: Error in ncclCommInitRank                                  |
|                                                                             |
|     If you are not a developer, you should not encounter this problem.      |
|     Please submit a bug report.                                             |
|                                                                             |
 -----------------------------------------------------------------------------

 -----------------------------------------------------------------------------
|                     _     ____    _    _    _____     _                     |
|                    | |   |  _ \  | |  | |  / ____|   | |                    |
|                    | |   | |_) | | |  | | | |  __    | |                    |
|                    |_|   |  _ <  | |  | | | | |_ |   |_|                    |
|                     _    | |_) | | |__| | | |__| |    _                     |
|                    (_)   |____/   \____/   \_____|   (_)                    |
|                                                                             |
|     internal error in: mpi.F  at line: 909                                  |
|                                                                             |
|     M_init_nccl: Error in ncclCommInitRank                                  |
|                                                                             |
|     If you are not a developer, you should not encounter this problem.      |
|     Please submit a bug report.                                             |
|                                                                             |
 -----------------------------------------------------------------------------

 -----------------------------------------------------------------------------
|                     _     ____    _    _    _____     _                     |
|                    | |   |  _ \  | |  | |  / ____|   | |                    |
|                    | |   | |_) | | |  | | | |  __    | |                    |
|                    |_|   |  _ <  | |  | | | | |_ |   |_|                    |
|                     _    | |_) | | |__| | | |__| |    _                     |
|                    (_)   |____/   \____/   \_____|   (_)                    |
|                                                                             |
|     internal error in: mpi.F  at line: 909                                  |
|                                                                             |
|     M_init_nccl: Error in ncclCommInitRank                                  |
|                                                                             |
|     If you are not a developer, you should not encounter this problem.      |
|     Please submit a bug report.                                             |
|                                                                             |
 -----------------------------------------------------------------------------

 -----------------------------------------------------------------------------
|                     _     ____    _    _    _____     _                     |
|                    | |   |  _ \  | |  | |  / ____|   | |                    |
|                    | |   | |_) | | |  | | | |  __    | |                    |
|                    |_|   |  _ <  | |  | | | | |_ |   |_|                    |
|                     _    | |_) | | |__| | | |__| |    _                     |
|                    (_)   |____/   \____/   \_____|   (_)                    |
|                                                                             |
|     internal error in: mpi.F  at line: 909                                  |
|                                                                             |
|     M_init_nccl: Error in ncclCommInitRank                                  |
|                                                                             |
|     If you are not a developer, you should not encounter this problem.      |
|     Please submit a bug report.                                             |
|                                                                             |
 -----------------------------------------------------------------------------

 -----------------------------------------------------------------------------
|                     _     ____    _    _    _____     _                     |
|                    | |   |  _ \  | |  | |  / ____|   | |                    |
|                    | |   | |_) | | |  | | | |  __    | |                    |
|                    |_|   |  _ <  | |  | | | | |_ |   |_|                    |
|                     _    | |_) | | |__| | | |__| |    _                     |
|                    (_)   |____/   \____/   \_____|   (_)                    |
|                                                                             |
|     internal error in: mpi.F  at line: 909                                  |
|                                                                             |
|     M_init_nccl: Error in ncclCommInitRank                                  |
|                                                                             |
|     If you are not a developer, you should not encounter this problem.      |
|     Please submit a bug report.                                             |
|                                                                             |
 -----------------------------------------------------------------------------

 -----------------------------------------------------------------------------
|                     _     ____    _    _    _____     _                     |
|                    | |   |  _ \  | |  | |  / ____|   | |                    |
|                    | |   | |_) | | |  | | | |  __    | |                    |
|                    |_|   |  _ <  | |  | | | | |_ |   |_|                    |
|                     _    | |_) | | |__| | | |__| |    _                     |
|                    (_)   |____/   \____/   \_____|   (_)                    |
|                                                                             |
|     internal error in: mpi.F  at line: 909                                  |
|                                                                             |
|     M_init_nccl: Error in ncclCommInitRank                                  |
|                                                                             |
|     If you are not a developer, you should not encounter this problem.      |
|     Please submit a bug report.                                             |
|                                                                             |
 -----------------------------------------------------------------------------

 -----------------------------------------------------------------------------
|                     _     ____    _    _    _____     _                     |
|                    | |   |  _ \  | |  | |  / ____|   | |                    |
|                    | |   | |_) | | |  | | | |  __    | |                    |
|                    |_|   |  _ <  | |  | | | | |_ |   |_|                    |
|                     _    | |_) | | |__| | | |__| |    _                     |
|                    (_)   |____/   \____/   \_____|   (_)                    |
|                                                                             |
|     internal error in: mpi.F  at line: 909                                  |
|                                                                             |
|     M_init_nccl: Error in ncclCommInitRank                                  |
|                                                                             |
|     If you are not a developer, you should not encounter this problem.      |
|     Please submit a bug report.                                             |
|                                                                             |
 -----------------------------------------------------------------------------

 -----------------------------------------------------------------------------
|                     _     ____    _    _    _____     _                     |
|                    | |   |  _ \  | |  | |  / ____|   | |                    |
|                    | |   | |_) | | |  | | | |  __    | |                    |
|                    |_|   |  _ <  | |  | | | | |_ |   |_|                    |
|                     _    | |_) | | |__| | | |__| |    _                     |
|                    (_)   |____/   \____/   \_____|   (_)                    |
|                                                                             |
|     internal error in: mpi.F  at line: 909                                  |
|                                                                             |
|     M_init_nccl: Error in ncclCommInitRank                                  |
|                                                                             |
|     If you are not a developer, you should not encounter this problem.      |
|     Please submit a bug report.                                             |
|                                                                             |
 -----------------------------------------------------------------------------

 -----------------------------------------------------------------------------
|                     _     ____    _    _    _____     _                     |
|                    | |   |  _ \  | |  | |  / ____|   | |                    |
|                    | |   | |_) | | |  | | | |  __    | |                    |
|                    |_|   |  _ <  | |  | | | | |_ |   |_|                    |
|                     _    | |_) | | |__| | | |__| |    _                     |
|                    (_)   |____/   \____/   \_____|   (_)                    |
|                                                                             |
|     internal error in: mpi.F  at line: 909                                  |
|                                                                             |
|     M_init_nccl: Error in ncclCommInitRank                                  |
|                                                                             |
|     If you are not a developer, you should not encounter this problem.      |
|     Please submit a bug report.                                             |
|                                                                             |
 -----------------------------------------------------------------------------

 -----------------------------------------------------------------------------
|                     _     ____    _    _    _____     _                     |
|                    | |   |  _ \  | |  | |  / ____|   | |                    |
|                    | |   | |_) | | |  | | | |  __    | |                    |
|                    |_|   |  _ <  | |  | | | | |_ |   |_|                    |
|                     _    | |_) | | |__| | | |__| |    _                     |
|                    (_)   |____/   \____/   \_____|   (_)                    |
|                                                                             |
|     internal error in: mpi.F  at line: 909                                  |
|                                                                             |
|     M_init_nccl: Error in ncclCommInitRank                                  |
|                                                                             |
|     If you are not a developer, you should not encounter this problem.      |
|     Please submit a bug report.                                             |
|                                                                             |
 -----------------------------------------------------------------------------

 -----------------------------------------------------------------------------
|                     _     ____    _    _    _____     _                     |
|                    | |   |  _ \  | |  | |  / ____|   | |                    |
|                    | |   | |_) | | |  | | | |  __    | |                    |
|                    |_|   |  _ <  | |  | | | | |_ |   |_|                    |
|                     _    | |_) | | |__| | | |__| |    _                     |
|                    (_)   |____/   \____/   \_____|   (_)                    |
|                                                                             |
|     internal error in: mpi.F  at line: 909                                  |
|                                                                             |
|     M_init_nccl: Error in ncclCommInitRank                                  |
|                                                                             |
|     If you are not a developer, you should not encounter this problem.      |
|     Please submit a bug report.                                             |
|                                                                             |
 -----------------------------------------------------------------------------

 -----------------------------------------------------------------------------
|                     _     ____    _    _    _____     _                     |
|                    | |   |  _ \  | |  | |  / ____|   | |                    |
|                    | |   | |_) | | |  | | | |  __    | |                    |
|                    |_|   |  _ <  | |  | | | | |_ |   |_|                    |
|                     _    | |_) | | |__| | | |__| |    _                     |
|                    (_)   |____/   \____/   \_____|   (_)                    |
|                                                                             |
|     internal error in: mpi.F  at line: 909                                  |
|                                                                             |
|     M_init_nccl: Error in ncclCommInitRank                                  |
|                                                                             |
|     If you are not a developer, you should not encounter this problem.      |
|     Please submit a bug report.                                             |
|                                                                             |
 -----------------------------------------------------------------------------

 running  128 mpi-ranks, with   72 threads/rank, on   32 nodes
 distrk:  each k-point on  128 cores,    1 groups
 distr:  one band on    1 cores,  128 groups
 Offloading initialized ...  128 GPUs detected
Warning: ieee_inexact is signaling
    1
Warning: ieee_inexact is signaling
    1
Warning: ieee_inexact is signaling
    1
Warning: ieee_inexact is signaling
    1
Warning: ieee_inexact is signaling
    1
Warning: ieee_inexact is signaling
    1
Warning: ieee_inexact is signaling
    1
Warning: ieee_inexact is signaling
    1
Warning: ieee_inexact is signaling
    1
Warning: ieee_inexact is signaling
    1
Warning: ieee_inexact is signaling
    1
Warning: ieee_inexact is signaling
    1
Warning: ieee_inexact is signaling
    1
Warning: ieee_inexact is signaling
    1
Warning: ieee_inexact is signaling
    1
Warning: ieee_inexact is signaling
    1
Warning: ieee_inexact is signaling
    1
Warning: ieee_inexact is signaling
    1
Warning: ieee_inexact is signaling
    1
Warning: ieee_inexact is signaling
    1
Warning: ieee_inexact is signaling
    1
Warning: ieee_inexact is signaling
    1
Warning: ieee_inexact is signaling
    1
Warning: ieee_inexact is signaling
    1
Warning: ieee_inexact is signaling
    1
Warning: ieee_inexact is signaling
    1
Warning: ieee_inexact is signaling
    1
Warning: ieee_inexact is signaling
    1
Warning: ieee_inexact is signaling
    1
Warning: ieee_inexact is signaling
    1
Warning: ieee_inexact is signaling
    1
Warning: ieee_inexact is signaling
    1
Warning: ieee_inexact is signaling
    1
Warning: ieee_inexact is signaling
    1
Warning: ieee_inexact is signaling
    1
Warning: ieee_inexact is signaling
    1
Warning: ieee_inexact is signaling
    1
Warning: ieee_inexact is signaling
    1
Warning: ieee_inexact is signaling
    1
Warning: ieee_inexact is signaling
    1
Warning: ieee_inexact is signaling
    1
Warning: ieee_inexact is signaling
    1
Warning: ieee_inexact is signaling
    1
Warning: ieee_inexact is signaling
    1
Warning: ieee_inexact is signaling
    1
Warning: ieee_inexact is signaling
    1
Warning: ieee_inexact is signaling
    1
Warning: ieee_inexact is signaling
    1
Warning: ieee_inexact is signaling
    1
Warning: ieee_inexact is signaling
Warning: ieee_inexact is signaling
    1
Warning: ieee_inexact is signaling
    1
Warning: ieee_inexact is signaling
    1
Warning: ieee_inexact is signaling
    1
    1
Warning: ieee_inexact is signaling
    1
Warning: ieee_inexact is signaling
    1
Warning: ieee_inexact is signaling
    1
Warning: ieee_inexact is signaling
    1
Warning: ieee_inexact is signaling
    1
Warning: ieee_inexact is signaling
    1
Warning: ieee_inexact is signaling
    1
Warning: ieee_inexact is signaling
    1
Warning: ieee_inexact is signaling
Warning: ieee_inexact is signaling
    1
Warning: ieee_inexact is signaling
    1
Warning: ieee_inexact is signaling
    1
Warning: ieee_inexact is signaling
    1
Warning: ieee_inexact is signaling
    1
Warning: ieee_inexact is signaling
    1
    1
Warning: ieee_inexact is signaling
    1
Warning: ieee_inexact is signaling
    1
Warning: ieee_inexact is signaling
    1
Warning: ieee_inexact is signaling
    1
Warning: ieee_inexact is signaling
    1
Warning: ieee_inexact is signaling
    1
Warning: ieee_inexact is signaling
    1
Warning: ieee_inexact is signaling
    1
Warning: ieee_inexact is signaling
    1
Warning: ieee_inexact is signaling
    1
Warning: ieee_inexact is signaling
    1
Warning: ieee_inexact is signaling
    1
Warning: ieee_inexact is signaling
    1
Warning: ieee_inexact is signaling
    1
Warning: ieee_inexact is signaling
    1
Warning: ieee_inexact is signaling
    1
Warning: ieee_inexact is signaling
Warning: ieee_inexact is signaling
    1
Warning: ieee_inexact is signaling
    1
Warning: ieee_inexact is signaling
    1
Warning: ieee_inexact is signaling
    1
Warning: ieee_inexact is signaling
Warning: ieee_inexact is signaling
    1
Warning: ieee_inexact is signaling
    1
    1
Warning: ieee_inexact is signaling
    1
Warning: ieee_inexact is signaling
Warning: ieee_inexact is signaling
    1
Warning: ieee_inexact is signaling
Warning: ieee_inexact is signaling
    1
Warning: ieee_inexact is signaling
    1
Warning: ieee_inexact is signaling
    1
    1
Warning: ieee_inexact is signaling
    1
Warning: ieee_inexact is signaling
    1
Warning: ieee_inexact is signaling
    1
Warning: ieee_inexact is signaling
    1
    1
Warning: ieee_inexact is signaling
    1
Warning: ieee_inexact is signaling
    1
Warning: ieee_inexact is signaling
    1
Warning: ieee_inexact is signaling
    1
Warning: ieee_inexact is signaling
    1
    1
Warning: ieee_inexact is signaling
Warning: ieee_inexact is signaling
    1
Warning: ieee_inexact is signaling
    1
Warning: ieee_inexact is signaling
    1
Warning: ieee_inexact is signaling
    1
Warning: ieee_inexact is signaling
    1
    1
Warning: ieee_inexact is signaling
    1
Warning: ieee_inexact is signaling
    1
Warning: ieee_inexact is signaling
    1
Warning: ieee_inexact is signaling
    1
Warning: ieee_inexact is signaling
    1
Warning: ieee_inexact is signaling
    1
Warning: ieee_inexact is signaling
    1
Warning: ieee_inexact is signaling
    1
Warning: ieee_inexact is signaling
    1
Warning: ieee_inexact is signaling
    1
Warning: ieee_inexact is signaling
    1
Warning: ieee_inexact is signaling
    1
Warning: ieee_inexact is signaling
    1
srun: error: nid011013: tasks 40-41: Exited with exit code 1
srun: Terminating StepId=3126697.0
slurmstepd: error: *** STEP 3126697.0 ON nid011000 CANCELLED AT 2026-03-18T15:04:47 ***
srun: error: nid011048: task 108: Exited with exit code 1
srun: error: nid011043: tasks 94-95: Exited with exit code 1
srun: error: nid011018: task 50: Exited with exit code 1
srun: error: nid011052: task 121: Exited with exit code 1
srun: error: nid011003: task 8: Exited with exit code 1
srun: error: nid011038: tasks 80-81: Exited with exit code 1
srun: error: nid011009: task 30: Exited with exit code 1
srun: error: nid011005: task 18: Exited with exit code 1
srun: error: nid011000: tasks 1,3: Exited with exit code 1
srun: error: nid011008: task 25: Exited with exit code 1
srun: error: nid011011: task 39: Exited with exit code 1
srun: error: nid011045: tasks 100-101: Exited with exit code 1
srun: error: nid011004: tasks 13-14: Exited with exit code 1
srun: error: nid011032: task 73: Exited with exit code 1
srun: error: nid011010: tasks 33,35: Exited with exit code 1
srun: error: nid011044: tasks 98-99: Exited with exit code 1
srun: error: nid011002: tasks 6-7: Exited with exit code 1
srun: error: nid011041: task 85: Exited with exit code 1
srun: error: nid011027: task 66: Exited with exit code 1
srun: error: nid011016: task 46: Exited with exit code 1
srun: error: nid011051: task 119: Exited with exit code 1
srun: error: nid011025: task 63: Exited with exit code 1
srun: error: nid011024: task 58: Exited with exit code 1
srun: error: nid011031: task 70: Exited with exit code 1
srun: error: nid011019: task 53: Exited with exit code 1
srun: error: nid011035: task 79: Exited with exit code 1
srun: error: nid011007: tasks 21-23: Exited with exit code 1
srun: error: nid011046: task 104: Exited with exit code 1
srun: error: nid011013: tasks 42-43: Exited with exit code 1
srun: error: nid011042: tasks 89,91: Exited with exit code 1
srun: error: nid011050: tasks 113,115: Exited with exit code 1
srun: error: nid011053: tasks 125-126: Exited with exit code 1
srun: error: nid011043: tasks 92-93: Exited with exit code 1
srun: error: nid011007: task 20: Exited with exit code 1
srun: error: nid011048: tasks 109-111: Exited with exit code 1
srun: error: nid011018: tasks 48-49,51: Exited with exit code 1
srun: error: nid011003: tasks 9-11: Exited with exit code 1
srun: error: nid011052: tasks 120,122-123: Exited with exit code 1
srun: error: nid011038: tasks 82-83: Exited with exit code 1
srun: error: nid011000: tasks 0,2: Exited with exit code 1
srun: error: nid011044: tasks 96-97: Exited with exit code 1
srun: error: nid011009: tasks 28-29,31: Exited with exit code 1
srun: error: nid011005: tasks 16-17,19: Exited with exit code 1
srun: error: nid011010: tasks 32,34: Exited with exit code 1
srun: error: nid011045: tasks 102-103: Exited with exit code 1
srun: error: nid011008: tasks 24,26-27: Exited with exit code 1
srun: error: nid011002: tasks 4-5: Exited with exit code 1
srun: error: nid011011: tasks 36-38: Exited with exit code 1
srun: error: nid011041: tasks 84,86-87: Exited with exit code 1
srun: error: nid011032: tasks 72,74-75: Exited with exit code 1
srun: error: nid011027: tasks 64-65,67: Exited with exit code 1
srun: error: nid011004: tasks 12,15: Exited with exit code 1
srun: error: nid011016: tasks 44-45,47: Exited with exit code 1
srun: error: nid011051: tasks 116-118: Exited with exit code 1
srun: error: nid011025: tasks 60-62: Exited with exit code 1
srun: error: nid011019: tasks 52,54-55: Exited with exit code 1
srun: error: nid011024: tasks 56-57,59: Exited with exit code 1
srun: error: nid011031: tasks 68-69,71: Exited with exit code 1
srun: error: nid011035: tasks 76-78: Exited with exit code 1
srun: error: nid011053: tasks 124,127: Exited with exit code 1
srun: error: nid011046: tasks 105-107: Exited with exit code 1
srun: error: nid011050: tasks 112,114: Exited with exit code 1
srun: error: nid011042: tasks 88,90: Exited with exit code 1
mv: cannot stat 'OUTCAR': No such file or directory
