System,Label,File,JobID,Date,Nodes,Cores,Processes,Threads,GPUs,Energy,KPAR,NCORE,NPAR,Bands,LOOP+ Time,Runtime
IsambardAI,6.5.1-NVHPC-LibSci-OpenACC,/lus/lfs1aip2/projects/u6cb/benchmarks/VASP/CdTe_Hybrid/6.5.1-NVHPC-LibSci-OpenACC/CdTe_2nodes_8cores_72threads_1NCORE_4KPAR_202603232123.OUTCAR,202603232123,2026.03.23 21:23:41,2,576,8,72,8,3120914.7853333335,4,1,2,770,400.2264,1117.894
IsambardAI,6.5.1-NVHPC-LibSci-OpenACC,/lus/lfs1aip2/projects/u6cb/benchmarks/VASP/CdTe_Hybrid/6.5.1-NVHPC-LibSci-OpenACC/CdTe_4nodes_16cores_72threads_1NCORE_4KPAR_202603200823.OUTCAR,202603200823,2026.03.20 08:24:03,4,1152,16,72,16,3165494.3079999997,4,1,4,772,200.6839,597.39
IsambardAI,6.5.1-NVHPC-LibSci-OpenACC,/lus/lfs1aip2/projects/u6cb/benchmarks/VASP/CdTe_Hybrid/6.5.1-NVHPC-LibSci-OpenACC/CdTe_32nodes_128cores_72threads_1NCORE_4KPAR_202603191245.OUTCAR,202603191245,2026.03.19 12:45:57,32,9216,128,72,128,9668199.266666668,4,1,32,800,90.3594,363.895
IsambardAI,6.5.1-NVHPC-LibSci-OpenACC,/lus/lfs1aip2/projects/u6cb/benchmarks/VASP/CdTe_Hybrid/6.5.1-NVHPC-LibSci-OpenACC/CdTe_32nodes_128cores_72threads_1NCORE_4KPAR_202603232235.OUTCAR,202603232235,2026.03.23 22:35:48,32,9216,128,72,128,8058181.92,4,1,32,800,83.5422,347.71
IsambardAI,6.5.1-NVHPC-LibSci-OpenACC,/lus/lfs1aip2/projects/u6cb/benchmarks/VASP/CdTe_Hybrid/6.5.1-NVHPC-LibSci-OpenACC/CdTe_1nodes_4cores_72threads_1NCORE_2KPAR_202603191226.OUTCAR,202603191226,2026.03.19 12:27:11,1,288,4,72,4,2808582.818451613,2,1,2,770,755.4835,1863.326
IsambardAI,6.5.1-NVHPC-LibSci-OpenACC,/lus/lfs1aip2/projects/u6cb/benchmarks/VASP/CdTe_Hybrid/6.5.1-NVHPC-LibSci-OpenACC/CdTe_2nodes_8cores_72threads_1NCORE_4KPAR_202603210734.OUTCAR,202603210734,2026.03.21 07:35:06,2,576,8,72,8,3023318.5489142854,4,1,2,770,391.0382,1051.551
IsambardAI,6.5.1-NVHPC-LibSci-OpenACC,/lus/lfs1aip2/projects/u6cb/benchmarks/VASP/CdTe_Hybrid/6.5.1-NVHPC-LibSci-OpenACC/CdTe_16nodes_64cores_72threads_1NCORE_4KPAR_202603201146.OUTCAR,202603201146,2026.03.20 11:46:50,16,4608,64,72,64,5875575.864727273,4,1,16,784,85.4375,354.377
IsambardAI,6.5.1-NVHPC-LibSci-OpenACC,/lus/lfs1aip2/projects/u6cb/benchmarks/VASP/CdTe_Hybrid/6.5.1-NVHPC-LibSci-OpenACC/CdTe_1nodes_4cores_72threads_1NCORE_8KPAR_202603191245.OUTCAR,202603191245,2026.03.19 12:45:46,1,288,4,72,4,2857656.853384615,4,1,1,770,771.1309,1963.127
IsambardAI,6.5.1-NVHPC-LibSci-OpenACC,/lus/lfs1aip2/projects/u6cb/benchmarks/VASP/CdTe_Hybrid/6.5.1-NVHPC-LibSci-OpenACC/CdTe_8nodes_32cores_72threads_1NCORE_4KPAR_202603191226.OUTCAR,202603191226,2026.03.19 12:27:23,8,2304,32,72,32,4016957.9205423724,4,1,8,776,136.1283,456.414
IsambardAI,6.5.1-NVHPC-LibSci-OpenACC,/lus/lfs1aip2/projects/u6cb/benchmarks/VASP/CdTe_Hybrid/6.5.1-NVHPC-LibSci-OpenACC/CdTe_16nodes_64cores_72threads_1NCORE_8KPAR_202603232227.OUTCAR,202603232227,2026.03.23 22:28:12,16,4608,64,72,64,5206665.472,8,1,8,776,78.2522,311.36
IsambardAI,6.5.1-NVHPC-LibSci-OpenACC,/lus/lfs1aip2/projects/u6cb/benchmarks/VASP/CdTe_Hybrid/6.5.1-NVHPC-LibSci-OpenACC/CdTe_2nodes_8cores_72threads_1NCORE_8KPAR_202603191618.OUTCAR,202603191618,2026.03.19 16:18:19,2,576,8,72,8,3228745.4669629633,8,1,1,770,424.5971,1290.457
IsambardAI,6.5.1-NVHPC-LibSci-OpenACC,/lus/lfs1aip2/projects/u6cb/benchmarks/VASP/CdTe_Hybrid/6.5.1-NVHPC-LibSci-OpenACC/CdTe_8nodes_32cores_72threads_1NCORE_4KPAR_202603191619.OUTCAR,202603191619,2026.03.19 16:20:11,8,2304,32,72,32,3944809.916631579,4,1,8,776,133.4705,462.474
IsambardAI,6.5.1-NVHPC-LibSci-OpenACC,/lus/lfs1aip2/projects/u6cb/benchmarks/VASP/CdTe_Hybrid/6.5.1-NVHPC-LibSci-OpenACC/CdTe_1nodes_4cores_72threads_1NCORE_4KPAR_202603191245.OUTCAR,202603191245,2026.03.19 12:45:46,1,288,4,72,4,2870858.359356863,4,1,1,770,772.2334,1963.807
IsambardAI,6.5.1-NVHPC-LibSci-OpenACC,/lus/lfs1aip2/projects/u6cb/benchmarks/VASP/CdTe_Hybrid/6.5.1-NVHPC-LibSci-OpenACC/CdTe_16nodes_64cores_72threads_1NCORE_8KPAR_202603232233.OUTCAR,202603232233,2026.03.23 22:34:12,16,4608,64,72,64,5859167.515675676,8,1,8,776,78.5981,313.66
IsambardAI,6.5.1-NVHPC-LibSci-OpenACC,/lus/lfs1aip2/projects/u6cb/benchmarks/VASP/CdTe_Hybrid/6.5.1-NVHPC-LibSci-OpenACC/CdTe_2nodes_8cores_72threads_1NCORE_1KPAR_202603201146.OUTCAR,202603201146,2026.03.20 11:46:48,2,576,8,72,8,3274236.7764761904,1,1,8,776,463.9152,1261.301
IsambardAI,6.5.1-NVHPC-LibSci-OpenACC,/lus/lfs1aip2/projects/u6cb/benchmarks/VASP/CdTe_Hybrid/6.5.1-NVHPC-LibSci-OpenACC/CdTe_8nodes_32cores_72threads_1NCORE_8KPAR_202603191619.OUTCAR,202603191619,2026.03.19 16:20:17,8,2304,32,72,32,3550665.439384615,8,1,4,772,111.0348,397.613
IsambardAI,6.5.1-NVHPC-LibSci-OpenACC,/lus/lfs1aip2/projects/u6cb/benchmarks/VASP/CdTe_Hybrid/6.5.1-NVHPC-LibSci-OpenACC/CdTe_4nodes_16cores_72threads_1NCORE_1KPAR_202603232131.OUTCAR,202603232131,2026.03.23 21:31:32,4,1152,16,72,16,4077765.341090909,1,1,16,784,322.6005,994.833
IsambardAI,6.5.1-NVHPC-LibSci-OpenACC,/lus/lfs1aip2/projects/u6cb/benchmarks/VASP/CdTe_Hybrid/6.5.1-NVHPC-LibSci-OpenACC/CdTe_4nodes_16cores_72threads_1NCORE_2KPAR_202603200823.OUTCAR,202603200823,2026.03.20 08:23:57,4,1152,16,72,16,3519226.6144,2,1,8,776,248.476,750.885
IsambardAI,6.5.1-NVHPC-LibSci-OpenACC,/lus/lfs1aip2/projects/u6cb/benchmarks/VASP/CdTe_Hybrid/6.5.1-NVHPC-LibSci-OpenACC/CdTe_16nodes_64cores_72threads_1NCORE_8KPAR_202603200823.OUTCAR,202603200823,2026.03.20 08:23:58,16,4608,64,72,64,5692871.409599999,8,1,8,776,74.6658,317.431
IsambardAI,6.5.1-NVHPC-LibSci-OpenACC,/lus/lfs1aip2/projects/u6cb/benchmarks/VASP/CdTe_Hybrid/6.5.1-NVHPC-LibSci-OpenACC/CdTe_64nodes_256cores_72threads_1NCORE_8KPAR_202603210734.OUTCAR,202603210734,2026.03.21 07:35:11,64,18432,256,72,256,13534776.040000001,8,1,32,800,45.8348,249.645
IsambardAI,6.5.1-NVHPC-LibSci-OpenACC,/lus/lfs1aip2/projects/u6cb/benchmarks/VASP/CdTe_Hybrid/6.5.1-NVHPC-LibSci-OpenACC/CdTe_16nodes_64cores_72threads_1NCORE_8KPAR_202603191245.OUTCAR,202603191245,2026.03.19 12:45:53,16,4608,64,72,64,6001268.681599999,8,1,8,776,77.8091,320.066
IsambardAI,6.5.1-NVHPC-LibSci-OpenACC,/lus/lfs1aip2/projects/u6cb/benchmarks/VASP/CdTe_Hybrid/6.5.1-NVHPC-LibSci-OpenACC/CdTe_1nodes_4cores_72threads_1NCORE_2KPAR_202603200823.OUTCAR,202603200823,2026.03.20 08:23:47,1,288,4,72,4,2888590.946153846,2,1,2,770,763.5484,1947.25
IsambardAI,6.5.1-NVHPC-LibSci-OpenACC,/lus/lfs1aip2/projects/u6cb/benchmarks/VASP/CdTe_Hybrid/6.5.1-NVHPC-LibSci-OpenACC/CdTe_2nodes_8cores_72threads_1NCORE_2KPAR_202603200823.OUTCAR,202603200823,2026.03.20 08:24:02,2,576,8,72,8,2941494.78,2,1,4,772,381.9708,1007.985
IsambardAI,6.5.1-NVHPC-LibSci-OpenACC,/lus/lfs1aip2/projects/u6cb/benchmarks/VASP/CdTe_Hybrid/6.5.1-NVHPC-LibSci-OpenACC/CdTe_1nodes_4cores_72threads_1NCORE_2KPAR_202603210734.OUTCAR,202603210734,2026.03.21 07:35:00,1,288,4,72,4,2761381.081032258,2,1,2,770,751.8929,1870.358
IsambardAI,6.5.1-NVHPC-LibSci-OpenACC,/lus/lfs1aip2/projects/u6cb/benchmarks/VASP/CdTe_Hybrid/6.5.1-NVHPC-LibSci-OpenACC/CdTe_16nodes_64cores_72threads_1NCORE_4KPAR_202603232228.OUTCAR,202603232228,2026.03.23 22:29:04,16,4608,64,72,64,5839680.331636363,4,1,16,784,84.6047,352.799
IsambardAI,6.5.1-NVHPC-LibSci-OpenACC,/lus/lfs1aip2/projects/u6cb/benchmarks/VASP/CdTe_Hybrid/6.5.1-NVHPC-LibSci-OpenACC/CdTe_32nodes_128cores_72threads_1NCORE_8KPAR_202603210734.OUTCAR,202603210734,2026.03.21 07:35:11,32,9216,128,72,128,4998834.56,8,1,16,784,50.2402,255.678
IsambardAI,6.5.1-NVHPC-LibSci-OpenACC,/lus/lfs1aip2/projects/u6cb/benchmarks/VASP/CdTe_Hybrid/6.5.1-NVHPC-LibSci-OpenACC/CdTe_1nodes_4cores_72threads_1NCORE_2KPAR_202603191245.OUTCAR,202603191245,2026.03.19 12:45:43,1,288,4,72,4,2696293.753096774,2,1,2,770,755.598,1872.798
IsambardAI,6.5.1-NVHPC-LibSci-OpenACC,/lus/lfs1aip2/projects/u6cb/benchmarks/VASP/CdTe_Hybrid/6.5.1-NVHPC-LibSci-OpenACC/CdTe_32nodes_128cores_72threads_1NCORE_8KPAR_202603201146.OUTCAR,202603201146,2026.03.20 11:46:57,32,9216,128,72,128,4954961.231448276,8,1,16,784,49.1189,255.656
IsambardAI,6.5.1-NVHPC-LibSci-OpenACC,/lus/lfs1aip2/projects/u6cb/benchmarks/VASP/CdTe_Hybrid/6.5.1-NVHPC-LibSci-OpenACC/CdTe_16nodes_64cores_72threads_1NCORE_4KPAR_202603191245.OUTCAR,202603191245,2026.03.19 12:45:53,16,4608,64,72,64,5092071.909818182,4,1,16,784,82.5955,344.093
IsambardAI,6.5.1-NVHPC-LibSci-OpenACC,/lus/lfs1aip2/projects/u6cb/benchmarks/VASP/CdTe_Hybrid/6.5.1-NVHPC-LibSci-OpenACC/CdTe_1nodes_4cores_72threads_1NCORE_4KPAR_202603191226.OUTCAR,202603191226,2026.03.19 12:27:14,1,288,4,72,4,2845835.647875,4,1,1,770,771.303,1955.897
IsambardAI,6.5.1-NVHPC-LibSci-OpenACC,/lus/lfs1aip2/projects/u6cb/benchmarks/VASP/CdTe_Hybrid/6.5.1-NVHPC-LibSci-OpenACC/CdTe_4nodes_16cores_72threads_1NCORE_4KPAR_202603191245.OUTCAR,202603191245,2026.03.19 12:45:59,4,1152,16,72,16,3214179.077546667,4,1,4,772,200.9888,597.737
IsambardAI,6.5.1-NVHPC-LibSci-OpenACC,/lus/lfs1aip2/projects/u6cb/benchmarks/VASP/CdTe_Hybrid/6.5.1-NVHPC-LibSci-OpenACC/CdTe_1nodes_4cores_72threads_1NCORE_8KPAR_202603191226.OUTCAR,202603191226,2026.03.19 12:27:14,1,288,4,72,4,2881750.201944223,4,1,1,770,771.6637,1961.512
IsambardAI,6.5.1-NVHPC-LibSci-OpenACC,/lus/lfs1aip2/projects/u6cb/benchmarks/VASP/CdTe_Hybrid/6.5.1-NVHPC-LibSci-OpenACC/CdTe_1nodes_4cores_72threads_1NCORE_2KPAR_202603232122.OUTCAR,202603232122,2026.03.23 21:22:35,1,288,4,72,4,2759392.748612903,2,1,2,770,757.0569,1872.817
IsambardAI,6.5.1-NVHPC-LibSci-OpenACC,/lus/lfs1aip2/projects/u6cb/benchmarks/VASP/CdTe_Hybrid/6.5.1-NVHPC-LibSci-OpenACC/CdTe_8nodes_32cores_72threads_1NCORE_8KPAR_202603232148.OUTCAR,202603232148,2026.03.23 21:48:59,8,2304,32,72,32,3765552.1399999997,8,1,4,772,111.2838,399.33
IsambardAI,6.5.1-NVHPC-LibSci-OpenACC,/lus/lfs1aip2/projects/u6cb/benchmarks/VASP/CdTe_Hybrid/6.5.1-NVHPC-LibSci-OpenACC/CdTe_4nodes_16cores_72threads_1NCORE_8KPAR_202603191619.OUTCAR,202603191619,2026.03.19 16:20:07,4,1152,16,72,16,3357279.7688470585,8,1,2,770,213.9919,658.088
IsambardAI,6.5.1-NVHPC-LibSci-OpenACC,/lus/lfs1aip2/projects/u6cb/benchmarks/VASP/CdTe_Hybrid/6.5.1-NVHPC-LibSci-OpenACC/CdTe_2nodes_8cores_72threads_1NCORE_8KPAR_202603191245.OUTCAR,202603191245,2026.03.19 12:45:49,2,576,8,72,8,3416766.11539394,8,1,1,770,417.0859,1231.181
IsambardAI,6.5.1-NVHPC-LibSci-OpenACC,/lus/lfs1aip2/projects/u6cb/benchmarks/VASP/CdTe_Hybrid/6.5.1-NVHPC-LibSci-OpenACC/CdTe_1nodes_4cores_72threads_1NCORE_2KPAR_202603191617.OUTCAR,202603191617,2026.03.19 16:17:38,1,288,4,72,4,2723219.2476129034,2,1,2,770,756.9396,1866.367
IsambardAI,6.5.1-NVHPC-LibSci-OpenACC,/lus/lfs1aip2/projects/u6cb/benchmarks/VASP/CdTe_Hybrid/6.5.1-NVHPC-LibSci-OpenACC/CdTe_4nodes_16cores_72threads_1NCORE_4KPAR_202603191226.OUTCAR,202603191226,2026.03.19 12:27:28,4,1152,16,72,16,3090268.3024000004,4,1,4,772,200.9114,598.974
IsambardAI,6.5.1-NVHPC-LibSci-OpenACC,/lus/lfs1aip2/projects/u6cb/benchmarks/VASP/CdTe_Hybrid/6.5.1-NVHPC-LibSci-OpenACC/CdTe_64nodes_256cores_72threads_1NCORE_8KPAR_202603191245.OUTCAR,202603191245,2026.03.19 12:45:57,64,18432,256,72,256,14574757.600000001,8,1,32,800,48.3594,258.134
IsambardAI,6.5.1-NVHPC-LibSci-OpenACC,/lus/lfs1aip2/projects/u6cb/benchmarks/VASP/CdTe_Hybrid/6.5.1-NVHPC-LibSci-OpenACC/CdTe_32nodes_128cores_72threads_1NCORE_8KPAR_202603232253.OUTCAR,202603232253,2026.03.23 22:53:49,32,9216,128,72,128,5888862.071466667,8,1,16,784,48.9905,249.878
IsambardAI,6.5.1-NVHPC-LibSci-OpenACC,/lus/lfs1aip2/projects/u6cb/benchmarks/VASP/CdTe_Hybrid/6.5.1-NVHPC-LibSci-OpenACC/CdTe_8nodes_32cores_72threads_1NCORE_4KPAR_202603200823.OUTCAR,202603200823,2026.03.20 08:23:57,8,2304,32,72,32,3999233.1662222226,4,1,8,776,136.1398,469.796
IsambardAI,6.5.1-NVHPC-LibSci-OpenACC,/lus/lfs1aip2/projects/u6cb/benchmarks/VASP/CdTe_Hybrid/6.5.1-NVHPC-LibSci-OpenACC/CdTe_2nodes_8cores_72threads_1NCORE_4KPAR_202603232128.OUTCAR,202603232128,2026.03.23 21:28:26,2,576,8,72,8,2970533.2142857146,4,1,2,770,391.9104,1052.67
IsambardAI,6.5.1-NVHPC-LibSci-OpenACC,/lus/lfs1aip2/projects/u6cb/benchmarks/VASP/CdTe_Hybrid/6.5.1-NVHPC-LibSci-OpenACC/CdTe_4nodes_16cores_72threads_1NCORE_1KPAR_202603232129.OUTCAR,202603232129,2026.03.23 21:29:25,4,1152,16,72,16,3763250.6848,1,1,16,784,285.4421,897.084
IsambardAI,6.5.1-NVHPC-LibSci-OpenACC,/lus/lfs1aip2/projects/u6cb/benchmarks/VASP/CdTe_Hybrid/6.5.1-NVHPC-LibSci-OpenACC/CdTe_16nodes_64cores_72threads_1NCORE_8KPAR_202603231647.OUTCAR,202603231647,2026.03.23 16:47:28,16,4608,64,72,64,5598522.022054055,8,1,8,776,76.9006,314.257
IsambardAI,6.5.1-NVHPC-LibSci-OpenACC,/lus/lfs1aip2/projects/u6cb/benchmarks/VASP/CdTe_Hybrid/6.5.1-NVHPC-LibSci-OpenACC/CdTe_2nodes_8cores_72threads_1NCORE_4KPAR_202603191245.OUTCAR,202603191245,2026.03.19 12:45:49,2,576,8,72,8,2944545.678273381,4,1,2,770,392.4834,1053.09
IsambardAI,6.5.1-NVHPC-LibSci-OpenACC,/lus/lfs1aip2/projects/u6cb/benchmarks/VASP/CdTe_Hybrid/6.5.1-NVHPC-LibSci-OpenACC/CdTe_1nodes_4cores_72threads_1NCORE_1KPAR_202603191617.OUTCAR,202603191617,2026.03.19 16:17:48,1,288,4,72,4,2737450.60827234,1,1,4,772,743.2606,1822.257
IsambardAI,6.5.1-NVHPC-LibSci-OpenACC,/lus/lfs1aip2/projects/u6cb/benchmarks/VASP/CdTe_Hybrid/6.5.1-NVHPC-LibSci-OpenACC/CdTe_4nodes_16cores_72threads_1NCORE_4KPAR_202603201146.OUTCAR,202603201146,2026.03.20 11:46:54,4,1152,16,72,16,3174587.1648,4,1,4,772,201.3606,599.001
IsambardAI,6.5.1-NVHPC-LibSci-OpenACC,/lus/lfs1aip2/projects/u6cb/benchmarks/VASP/CdTe_Hybrid/6.5.1-NVHPC-LibSci-OpenACC/CdTe_4nodes_16cores_72threads_1NCORE_4KPAR_202603232133.OUTCAR,202603232133,2026.03.23 21:33:53,4,1152,16,72,16,3521908.5935483873,4,1,4,772,201.3301,596.96
IsambardAI,6.5.1-NVHPC-LibSci-OpenACC,/lus/lfs1aip2/projects/u6cb/benchmarks/VASP/CdTe_Hybrid/6.5.1-NVHPC-LibSci-OpenACC/CdTe_1nodes_4cores_72threads_1NCORE_8KPAR_202603191617.OUTCAR,202603191617,2026.03.19 16:17:42,1,288,4,72,4,2898210.7692125984,4,1,1,770,767.3606,1945.557
IsambardAI,6.5.1-NVHPC-LibSci-OpenACC,/lus/lfs1aip2/projects/u6cb/benchmarks/VASP/CdTe_Hybrid/6.5.1-NVHPC-LibSci-OpenACC/CdTe_16nodes_64cores_72threads_1NCORE_8KPAR_202603210734.OUTCAR,202603210734,2026.03.21 07:35:10,16,4608,64,72,64,5079560.724756757,8,1,8,776,73.5628,309.984
IsambardAI,6.5.1-NVHPC-LibSci-OpenACC,/lus/lfs1aip2/projects/u6cb/benchmarks/VASP/CdTe_Hybrid/6.5.1-NVHPC-LibSci-OpenACC/CdTe_2nodes_8cores_72threads_1NCORE_4KPAR_202603191226.OUTCAR,202603191226,2026.03.19 12:27:17,2,576,8,72,8,2911527.454686567,4,1,2,770,392.5928,1046.211
IsambardAI,6.5.1-NVHPC-LibSci-OpenACC,/lus/lfs1aip2/projects/u6cb/benchmarks/VASP/CdTe_Hybrid/6.5.1-NVHPC-LibSci-OpenACC/CdTe_2nodes_8cores_72threads_1NCORE_1KPAR_202603210734.OUTCAR,202603210734,2026.03.21 07:35:08,2,576,8,72,8,3247805.7538095242,1,1,8,776,463.7528,1296.305
IsambardAI,6.5.1-NVHPC-LibSci-OpenACC,/lus/lfs1aip2/projects/u6cb/benchmarks/VASP/CdTe_Hybrid/6.5.1-NVHPC-LibSci-OpenACC/CdTe_8nodes_32cores_72threads_1NCORE_8KPAR_202603200823.OUTCAR,202603200823,2026.03.20 08:24:03,8,2304,32,72,32,3491191.6246153843,8,1,4,772,109.8193,390.626
IsambardAI,6.5.1-NVHPC-LibSci-OpenACC,/lus/lfs1aip2/projects/u6cb/benchmarks/VASP/CdTe_Hybrid/6.5.1-NVHPC-LibSci-OpenACC/CdTe_1nodes_4cores_72threads_1NCORE_1KPAR_202603191245.OUTCAR,202603191245,2026.03.19 12:45:52,1,288,4,72,4,2712187.9617704917,1,1,4,772,747.4921,1832.959
IsambardAI,6.5.1-NVHPC-LibSci-OpenACC,/lus/lfs1aip2/projects/u6cb/benchmarks/VASP/CdTe_Hybrid/6.5.1-NVHPC-LibSci-OpenACC/CdTe_16nodes_64cores_72threads_1NCORE_4KPAR_202603232227.OUTCAR,202603232227,2026.03.23 22:27:47,16,4608,64,72,64,5557362.090666667,4,1,16,784,88.1742,356.369
IsambardAI,6.5.1-NVHPC-LibSci-OpenACC,/lus/lfs1aip2/projects/u6cb/benchmarks/VASP/CdTe_Hybrid/6.5.1-NVHPC-LibSci-OpenACC/CdTe_16nodes_64cores_72threads_1NCORE_4KPAR_202603191227.OUTCAR,202603191227,2026.03.19 12:28:11,16,4608,64,72,64,5145825.48604878,4,1,16,784,86.4263,355.568
IsambardAI,6.5.1-NVHPC-LibSci-OpenACC,/lus/lfs1aip2/projects/u6cb/benchmarks/VASP/CdTe_Hybrid/6.5.1-NVHPC-LibSci-OpenACC/CdTe_64nodes_256cores_72threads_1NCORE_8KPAR_202603200823.OUTCAR,202603200823,2026.03.20 08:24:01,64,18432,256,72,256,13527200.914285712,8,1,32,800,47.7595,257.275
IsambardAI,6.5.1-NVHPC-LibSci-OpenACC,/lus/lfs1aip2/projects/u6cb/benchmarks/VASP/CdTe_Hybrid/6.5.1-NVHPC-LibSci-OpenACC/CdTe_4nodes_16cores_72threads_1NCORE_2KPAR_202603210734.OUTCAR,202603210734,2026.03.21 07:35:09,4,1152,16,72,16,3752265.2509090914,2,1,8,776,250.8721,766.62
IsambardAI,6.5.1-NVHPC-LibSci-OpenACC,/lus/lfs1aip2/projects/u6cb/benchmarks/VASP/CdTe_Hybrid/6.5.1-NVHPC-LibSci-OpenACC/CdTe_64nodes_256cores_72threads_1NCORE_8KPAR_202603201146.OUTCAR,202603201146,2026.03.20 11:46:58,64,18432,256,72,256,12030348.736,8,1,32,800,48.0309,253.339
IsambardAI,6.5.1-NVHPC-LibSci-OpenACC,/lus/lfs1aip2/projects/u6cb/benchmarks/VASP/CdTe_Hybrid/6.5.1-NVHPC-LibSci-OpenACC/CdTe_32nodes_128cores_72threads_1NCORE_4KPAR_202603191620.OUTCAR,202603191620,2026.03.19 16:20:24,32,9216,128,72,128,8997796.548682926,4,1,32,800,83.7202,355.631
IsambardAI,6.5.1-NVHPC-LibSci-OpenACC,/lus/lfs1aip2/projects/u6cb/benchmarks/VASP/CdTe_Hybrid/6.5.1-NVHPC-LibSci-OpenACC/CdTe_1nodes_4cores_72threads_1NCORE_2KPAR_202603201146.OUTCAR,202603201146,2026.03.20 11:46:38,1,288,4,72,4,2692490.5391666666,2,1,2,770,754.7366,1873.406
IsambardAI,6.5.1-NVHPC-LibSci-OpenACC,/lus/lfs1aip2/projects/u6cb/benchmarks/VASP/CdTe_Hybrid/6.5.1-NVHPC-LibSci-OpenACC/CdTe_8nodes_32cores_72threads_1NCORE_4KPAR_202603191245.OUTCAR,202603191245,2026.03.19 12:45:52,8,2304,32,72,32,4026517.538461539,4,1,8,776,137.0302,471.85
IsambardAI,6.5.1-NVHPC-LibSci-OpenACC,/lus/lfs1aip2/projects/u6cb/benchmarks/VASP/CdTe_Hybrid/6.5.1-NVHPC-LibSci-OpenACC/CdTe_64nodes_256cores_72threads_1NCORE_4KPAR_202603191245.OUTCAR,202603191245,2026.03.19 12:45:57,64,18432,256,72,256,17412836.15288889,4,1,64,832,94.5877,374.255
IsambardAI,6.5.1-NVHPC-LibSci-OpenACC,/lus/lfs1aip2/projects/u6cb/benchmarks/VASP/CdTe_Hybrid/6.5.1-NVHPC-LibSci-OpenACC/CdTe_16nodes_64cores_72threads_1NCORE_8KPAR_202603191619.OUTCAR,202603191619,2026.03.19 16:20:11,16,4608,64,72,64,4618956.0688000005,8,1,8,776,77.0458,309.579
IsambardAI,6.5.1-NVHPC-LibSci-OpenACC,/lus/lfs1aip2/projects/u6cb/benchmarks/VASP/CdTe_Hybrid/6.5.1-NVHPC-LibSci-OpenACC/CdTe_16nodes_64cores_72threads_1NCORE_8KPAR_202603231612.OUTCAR,202603231612,2026.03.23 16:12:28,16,4608,64,72,64,5329918.332444445,8,1,8,776,79.5946,312.913
IsambardAI,6.5.1-NVHPC-LibSci-OpenACC,/lus/lfs1aip2/projects/u6cb/benchmarks/VASP/CdTe_Hybrid/6.5.1-NVHPC-LibSci-OpenACC/CdTe_4nodes_16cores_72threads_1NCORE_4KPAR_202603210734.OUTCAR,202603210734,2026.03.21 07:35:14,4,1152,16,72,16,3240343.0000000005,4,1,4,772,201.2321,594.662
IsambardAI,6.5.1-NVHPC-LibSci-OpenACC,/lus/lfs1aip2/projects/u6cb/benchmarks/VASP/CdTe_Hybrid/6.5.1-NVHPC-LibSci-OpenACC/CdTe_2nodes_8cores_72threads_1NCORE_1KPAR_202603232122.OUTCAR,202603232122,2026.03.23 21:22:48,2,576,8,72,8,3343538.6973416144,1,1,8,776,451.0553,1252.908
IsambardAI,6.5.1-NVHPC-LibSci-OpenACC,/lus/lfs1aip2/projects/u6cb/benchmarks/VASP/CdTe_Hybrid/6.5.1-NVHPC-LibSci-OpenACC/CdTe_8nodes_32cores_72threads_1NCORE_4KPAR_202603232145.OUTCAR,202603232145,2026.03.23 21:45:27,8,2304,32,72,32,3718880.9600000004,4,1,8,776,133.4986,444.36
IsambardAI,6.5.1-NVHPC-LibSci-OpenACC,/lus/lfs1aip2/projects/u6cb/benchmarks/VASP/CdTe_Hybrid/6.5.1-NVHPC-LibSci-OpenACC/CdTe_8nodes_32cores_72threads_1NCORE_8KPAR_202603191245.OUTCAR,202603191245,2026.03.19 12:45:58,8,2304,32,72,32,3585069.8301538466,8,1,4,772,111.4704,397.331
IsambardAI,6.5.1-NVHPC-LibSci-OpenACC,/lus/lfs1aip2/projects/u6cb/benchmarks/VASP/CdTe_Hybrid/6.5.1-NVHPC-LibSci-OpenACC/CdTe_4nodes_16cores_72threads_1NCORE_8KPAR_202603191245.OUTCAR,202603191245,2026.03.19 12:45:49,4,1152,16,72,16,3278389.767901235,8,1,2,770,212.6137,646.45
IsambardAI,6.5.1-NVHPC-LibSci-OpenACC,/lus/lfs1aip2/projects/u6cb/benchmarks/VASP/CdTe_Hybrid/6.5.1-NVHPC-LibSci-OpenACC/CdTe_64nodes_256cores_72threads_1NCORE_4KPAR_202603191626.OUTCAR,202603191626,2026.03.19 16:27:00,64,18432,256,72,256,19272773.936,4,1,64,832,94.0179,379.389
IsambardAI,6.5.1-NVHPC-LibSci-OpenACC,/lus/lfs1aip2/projects/u6cb/benchmarks/VASP/CdTe_Hybrid/6.5.1-NVHPC-LibSci-OpenACC/CdTe_4nodes_16cores_72threads_1NCORE_2KPAR_202603232129.OUTCAR,202603232129,2026.03.23 21:30:12,4,1152,16,72,16,3434648.4535813956,2,1,8,776,236.8841,704.234
IsambardAI,6.5.1-NVHPC-LibSci-OpenACC,/lus/lfs1aip2/projects/u6cb/benchmarks/VASP/CdTe_Hybrid/6.5.1-NVHPC-LibSci-OpenACC/CdTe_32nodes_128cores_72threads_1NCORE_4KPAR_202603232246.OUTCAR,202603232246,2026.03.23 22:47:13,32,9216,128,72,128,9057101.4176,4,1,32,800,84.6844,346.083
IsambardAI,6.5.1-NVHPC-LibSci-OpenACC,/lus/lfs1aip2/projects/u6cb/benchmarks/VASP/CdTe_Hybrid/6.5.1-NVHPC-LibSci-OpenACC/CdTe_2nodes_8cores_72threads_1NCORE_2KPAR_202603232122.OUTCAR,202603232122,2026.03.23 21:23:05,2,576,8,72,8,2970331.0574545455,2,1,4,772,382.9338,1011.168
IsambardAI,6.5.1-NVHPC-LibSci-OpenACC,/lus/lfs1aip2/projects/u6cb/benchmarks/VASP/CdTe_Hybrid/6.5.1-NVHPC-LibSci-OpenACC/CdTe_16nodes_64cores_72threads_1NCORE_8KPAR_202603201146.OUTCAR,202603201146,2026.03.20 11:46:56,16,4608,64,72,64,5627646.4,8,1,8,776,78.0937,314.1
IsambardAI,6.5.1-NVHPC-LibSci-OpenACC,/lus/lfs1aip2/projects/u6cb/benchmarks/VASP/CdTe_Hybrid/6.5.1-NVHPC-LibSci-OpenACC/CdTe_32nodes_128cores_72threads_1NCORE_8KPAR_202603191621.OUTCAR,202603191621,2026.03.19 16:22:06,32,9216,128,72,128,6730807.0879999995,8,1,16,784,50.4183,253.194
IsambardAI,6.5.1-NVHPC-LibSci-OpenACC,/lus/lfs1aip2/projects/u6cb/benchmarks/VASP/CdTe_Hybrid/6.5.1-NVHPC-LibSci-OpenACC/CdTe_64nodes_256cores_72threads_1NCORE_4KPAR_202603191229.OUTCAR,202603191229,2026.03.19 12:29:45,64,18432,256,72,256,17349172.864,4,1,64,832,93.9113,362.558
IsambardAI,6.5.1-NVHPC-LibSci-OpenACC,/lus/lfs1aip2/projects/u6cb/benchmarks/VASP/CdTe_Hybrid/6.5.1-NVHPC-LibSci-OpenACC/CdTe_32nodes_128cores_72threads_1NCORE_4KPAR_202603210734.OUTCAR,202603210734,2026.03.21 07:35:11,32,9216,128,72,128,9305764.551111111,4,1,32,800,84.5941,356.024
IsambardAI,6.5.1-NVHPC-LibSci-OpenACC,/lus/lfs1aip2/projects/u6cb/benchmarks/VASP/CdTe_Hybrid/6.5.1-NVHPC-LibSci-OpenACC/CdTe_4nodes_16cores_72threads_1NCORE_1KPAR_202603210734.OUTCAR,202603210734,2026.03.21 07:35:10,4,1152,16,72,16,4333383.513700788,1,1,16,784,296.3067,986.695
IsambardAI,6.5.1-NVHPC-LibSci-OpenACC,/lus/lfs1aip2/projects/u6cb/benchmarks/VASP/CdTe_Hybrid/6.5.1-NVHPC-LibSci-OpenACC/CdTe_4nodes_16cores_72threads_1NCORE_4KPAR_202603232130.OUTCAR,202603232130,2026.03.23 21:31:20,4,1152,16,72,16,3051175.7288421057,4,1,4,772,201.1247,592.134
IsambardAI,6.5.1-NVHPC-LibSci-OpenACC,/lus/lfs1aip2/projects/u6cb/benchmarks/VASP/CdTe_Hybrid/6.5.1-NVHPC-LibSci-OpenACC/CdTe_32nodes_128cores_72threads_1NCORE_4KPAR_202603201146.OUTCAR,202603201146,2026.03.20 11:46:57,32,9216,128,72,128,8422799.13025641,4,1,32,800,80.4759,343.454
IsambardAI,6.5.1-NVHPC-LibSci-OpenACC,/lus/lfs1aip2/projects/u6cb/benchmarks/VASP/CdTe_Hybrid/6.5.1-NVHPC-LibSci-OpenACC/CdTe_32nodes_128cores_72threads_1NCORE_8KPAR_202603232241.OUTCAR,202603232241,2026.03.23 22:42:19,32,9216,128,72,128,6848194.747076923,8,1,16,784,50.776,252.529
IsambardAI,6.5.1-NVHPC-LibSci-OpenACC,/lus/lfs1aip2/projects/u6cb/benchmarks/VASP/CdTe_Hybrid/6.5.1-NVHPC-LibSci-OpenACC/CdTe_2nodes_8cores_72threads_1NCORE_1KPAR_202603232127.OUTCAR,202603232127,2026.03.23 21:27:32,2,576,8,72,8,3445147.886352941,1,1,8,776,474.3894,1316.643
IsambardAI,6.5.1-NVHPC-LibSci-OpenACC,/lus/lfs1aip2/projects/u6cb/benchmarks/VASP/CdTe_Hybrid/6.5.1-NVHPC-LibSci-OpenACC/CdTe_1nodes_4cores_72threads_1NCORE_4KPAR_202603191617.OUTCAR,202603191617,2026.03.19 16:17:42,1,288,4,72,4,2936950.0431538457,4,1,1,770,772.7004,1974.099
IsambardAI,6.5.1-NVHPC-LibSci-OpenACC,/lus/lfs1aip2/projects/u6cb/benchmarks/VASP/CdTe_Hybrid/6.5.1-NVHPC-LibSci-OpenACC/CdTe_8nodes_32cores_72threads_1NCORE_4KPAR_202603210734.OUTCAR,202603210734,2026.03.21 07:35:09,8,2304,32,72,32,3984395.6851428575,4,1,8,776,134.0106,461.261
IsambardAI,6.5.1-NVHPC-LibSci-OpenACC,/lus/lfs1aip2/projects/u6cb/benchmarks/VASP/CdTe_Hybrid/6.5.1-NVHPC-LibSci-OpenACC/CdTe_16nodes_64cores_72threads_1NCORE_4KPAR_202603191619.OUTCAR,202603191619,2026.03.19 16:20:11,16,4608,64,72,64,5528176.072205128,4,1,16,784,87.863,355.582
IsambardAI,6.5.1-NVHPC-LibSci-OpenACC,/lus/lfs1aip2/projects/u6cb/benchmarks/VASP/CdTe_Hybrid/6.5.1-NVHPC-LibSci-OpenACC/CdTe_2nodes_8cores_72threads_1NCORE_4KPAR_202603191617.OUTCAR,202603191617,2026.03.19 16:17:45,2,576,8,72,8,2973451.3357142857,4,1,2,770,392.7205,1050.725
IsambardAI,6.5.1-NVHPC-LibSci-OpenACC,/lus/lfs1aip2/projects/u6cb/benchmarks/VASP/CdTe_Hybrid/6.5.1-NVHPC-LibSci-OpenACC/CdTe_4nodes_16cores_72threads_1NCORE_2KPAR_202603232131.OUTCAR,202603232131,2026.03.23 21:32:18,4,1152,16,72,16,3761025.970122449,2,1,8,776,254.4925,757.297
IsambardAI,6.5.1-NVHPC-LibSci-OpenACC,/lus/lfs1aip2/projects/u6cb/benchmarks/VASP/CdTe_Hybrid/6.5.1-NVHPC-LibSci-OpenACC/CdTe_16nodes_64cores_72threads_1NCORE_4KPAR_202603210734.OUTCAR,202603210734,2026.03.21 07:35:10,16,4608,64,72,64,5227286.656,4,1,16,784,84.8709,349.524
IsambardAI,6.5.1-NVHPC-LibSci-OpenACC,/lus/lfs1aip2/projects/u6cb/benchmarks/VASP/CdTe_Hybrid/6.5.1-NVHPC-LibSci-OpenACC/CdTe_2nodes_8cores_72threads_1NCORE_4KPAR_202603200823.OUTCAR,202603200823,2026.03.20 08:23:54,2,576,8,72,8,3006243.5497142854,4,1,2,770,391.9102,1048.78
IsambardAI,6.5.1-NVHPC-LibSci-OpenACC,/lus/lfs1aip2/projects/u6cb/benchmarks/VASP/CdTe_Hybrid/6.5.1-NVHPC-LibSci-OpenACC/CdTe_32nodes_128cores_72threads_1NCORE_4KPAR_202603191228.OUTCAR,202603191228,2026.03.19 12:29:03,32,9216,128,72,128,9548022.423272727,4,1,32,800,79.7419,331.787
IsambardAI,6.5.1-NVHPC-LibSci-OpenACC,/lus/lfs1aip2/projects/u6cb/benchmarks/VASP/CdTe_Hybrid/6.5.1-NVHPC-LibSci-OpenACC/CdTe_8nodes_32cores_72threads_1NCORE_4KPAR_202603201146.OUTCAR,202603201146,2026.03.20 11:46:49,8,2304,32,72,32,4097287.9519999996,4,1,8,776,135.4393,456.33
IsambardAI,6.5.1-NVHPC-LibSci-OpenACC,/lus/lfs1aip2/projects/u6cb/benchmarks/VASP/CdTe_Hybrid/6.5.1-NVHPC-LibSci-OpenACC/CdTe_32nodes_128cores_72threads_1NCORE_4KPAR_202603200823.OUTCAR,202603200823,2026.03.20 08:24:00,32,9216,128,72,128,9289189.663999999,4,1,32,800,85.3601,359.068
IsambardAI,6.5.1-NVHPC-LibSci-OpenACC,/lus/lfs1aip2/projects/u6cb/benchmarks/VASP/CdTe_Hybrid/6.5.1-NVHPC-LibSci-OpenACC/CdTe_4nodes_16cores_72threads_1NCORE_2KPAR_202603201146.OUTCAR,202603201146,2026.03.20 11:46:48,4,1152,16,72,16,3575109.8510000003,2,1,8,776,249.8195,725.413
IsambardAI,6.5.1-NVHPC-LibSci-OpenACC,/lus/lfs1aip2/projects/u6cb/benchmarks/VASP/CdTe_Hybrid/6.5.1-NVHPC-LibSci-OpenACC/CdTe_1nodes_4cores_72threads_1NCORE_1KPAR_202603201146.OUTCAR,202603201146,2026.03.20 11:46:48,1,288,4,72,4,2819307.180065574,1,1,4,772,748.3143,1850.412
IsambardAI,6.5.1-NVHPC-LibSci-OpenACC,/lus/lfs1aip2/projects/u6cb/benchmarks/VASP/CdTe_Hybrid/6.5.1-NVHPC-LibSci-OpenACC/CdTe_64nodes_256cores_72threads_1NCORE_4KPAR_202603201146.OUTCAR,202603201146,2026.03.20 11:46:57,64,18432,256,72,256,16418195.904000003,4,1,64,832,94.2332,372.732
IsambardAI,6.5.1-NVHPC-LibSci-OpenACC,/lus/lfs1aip2/projects/u6cb/benchmarks/VASP/CdTe_Hybrid/6.5.1-NVHPC-LibSci-OpenACC/CdTe_4nodes_16cores_72threads_1NCORE_1KPAR_202603200823.OUTCAR,202603200823,2026.03.20 08:23:57,4,1152,16,72,16,4024844.0186046516,1,1,16,784,298.7257,998.1
IsambardAI,6.5.1-NVHPC-LibSci-OpenACC,/lus/lfs1aip2/projects/u6cb/benchmarks/VASP/CdTe_Hybrid/6.5.1-NVHPC-LibSci-OpenACC/CdTe_8nodes_32cores_72threads_1NCORE_8KPAR_202603210734.OUTCAR,202603210734,2026.03.21 07:35:15,8,2304,32,72,32,3716988.4772173907,8,1,4,772,109.8857,389.888
IsambardAI,6.5.1-NVHPC-LibSci-OpenACC,/lus/lfs1aip2/projects/u6cb/benchmarks/VASP/CdTe_Hybrid/6.5.1-NVHPC-LibSci-OpenACC/CdTe_2nodes_8cores_72threads_1NCORE_1KPAR_202603200823.OUTCAR,202603200823,2026.03.20 08:23:58,2,576,8,72,8,3139961.6747906976,1,1,8,776,462.3744,1299.346
IsambardAI,6.5.1-NVHPC-LibSci-OpenACC,/lus/lfs1aip2/projects/u6cb/benchmarks/VASP/CdTe_Hybrid/6.5.1-NVHPC-LibSci-OpenACC/CdTe_32nodes_128cores_72threads_1NCORE_8KPAR_202603200823.OUTCAR,202603200823,2026.03.20 08:23:58,32,9216,128,72,128,7314044.48,8,1,16,784,49.8525,259.632
IsambardAI,6.5.1-NVHPC-LibSci-OpenACC,/lus/lfs1aip2/projects/u6cb/benchmarks/VASP/CdTe_Hybrid/6.5.1-NVHPC-LibSci-OpenACC/CdTe_64nodes_256cores_72threads_1NCORE_4KPAR_202603210734.OUTCAR,202603210734,2026.03.21 07:35:12,64,18432,256,72,256,16969445.248,4,1,64,832,91.3493,365.292
IsambardAI,6.5.1-NVHPC-LibSci-OpenACC,/lus/lfs1aip2/projects/u6cb/benchmarks/VASP/CdTe_Hybrid/6.5.1-NVHPC-LibSci-OpenACC/CdTe_8nodes_32cores_72threads_1NCORE_8KPAR_202603232146.OUTCAR,202603232146,2026.03.23 21:46:29,8,2304,32,72,32,3623630.801702128,8,1,4,772,112.8585,392.856
IsambardAI,6.5.1-NVHPC-LibSci-OpenACC,/lus/lfs1aip2/projects/u6cb/benchmarks/VASP/CdTe_Hybrid/6.5.1-NVHPC-LibSci-OpenACC/CdTe_2nodes_8cores_72threads_1NCORE_2KPAR_202603232127.OUTCAR,202603232127,2026.03.23 21:28:26,2,576,8,72,8,3003146.4287272724,2,1,4,772,380.0884,1007.538
IsambardAI,6.5.1-NVHPC-LibSci-OpenACC,/lus/lfs1aip2/projects/u6cb/benchmarks/VASP/CdTe_Hybrid/6.5.1-NVHPC-LibSci-OpenACC/CdTe_1nodes_4cores_72threads_1NCORE_1KPAR_202603200823.OUTCAR,202603200823,2026.03.20 08:23:57,1,288,4,72,4,2806885.5610622405,1,1,4,772,745.987,1839.761
IsambardAI,6.5.1-NVHPC-LibSci-OpenACC,/lus/lfs1aip2/projects/u6cb/benchmarks/VASP/CdTe_Hybrid/6.5.1-NVHPC-LibSci-OpenACC/CdTe_1nodes_4cores_72threads_1NCORE_2KPAR_202603232120.OUTCAR,202603232120,2026.03.23 21:20:56,1,288,4,72,4,2801776.050202429,2,1,2,770,755.8549,1864.162
IsambardAI,6.5.1-NVHPC-LibSci-OpenACC,/lus/lfs1aip2/projects/u6cb/benchmarks/VASP/CdTe_Hybrid/6.5.1-NVHPC-LibSci-OpenACC/CdTe_4nodes_16cores_72threads_1NCORE_4KPAR_202603191618.OUTCAR,202603191618,2026.03.19 16:19:07,4,1152,16,72,16,3272814.35,4,1,4,772,199.6284,595.525
IsambardAI,6.5.1-NVHPC-LibSci-OpenACC,/lus/lfs1aip2/projects/u6cb/benchmarks/VASP/CdTe_Hybrid/6.5.1-NVHPC-LibSci-OpenACC/CdTe_2nodes_8cores_72threads_1NCORE_2KPAR_202603201146.OUTCAR,202603201146,2026.03.20 11:46:54,2,576,8,72,8,2996309.35969697,2,1,4,772,380.2706,1007.005
IsambardAI,6.5.1-NVHPC-LibSci-OpenACC,/lus/lfs1aip2/projects/u6cb/benchmarks/VASP/CdTe_Hybrid/6.5.1-NVHPC-LibSci-OpenACC/CdTe_64nodes_256cores_72threads_1NCORE_8KPAR_202603191626.OUTCAR,202603191626,2026.03.19 16:27:15,64,18432,256,72,256,13409643.096,8,1,32,800,51.4762,255.721
IsambardAI,6.5.1-NVHPC-LibSci-OpenACC,/lus/lfs1aip2/projects/u6cb/benchmarks/VASP/CdTe_Hybrid/6.5.1-NVHPC-LibSci-OpenACC/CdTe_2nodes_8cores_72threads_1NCORE_2KPAR_202603210734.OUTCAR,202603210734,2026.03.21 07:35:14,2,576,8,72,8,2932293.466,2,1,4,772,382.4079,999.537
IsambardAI,6.5.1-NVHPC-LibSci-OpenACC,/lus/lfs1aip2/projects/u6cb/benchmarks/VASP/CdTe_Hybrid/6.5.1-NVHPC-LibSci-OpenACC/CdTe_8nodes_32cores_72threads_1NCORE_8KPAR_202603201146.OUTCAR,202603201146,2026.03.20 11:46:55,8,2304,32,72,32,3660318.345846154,8,1,4,772,112.1102,398.256
IsambardAI,6.5.1-NVHPC-LibSci-OpenACC,/lus/lfs1aip2/projects/u6cb/benchmarks/VASP/CdTe_Hybrid/6.5.1-NVHPC-LibSci-OpenACC/CdTe_16nodes_64cores_72threads_1NCORE_4KPAR_202603200823.OUTCAR,202603200823,2026.03.20 08:23:58,16,4608,64,72,64,4632547.317333333,4,1,16,784,81.8399,363.727
IsambardAI,6.5.1-NVHPC-LibSci-OpenACC,/lus/lfs1aip2/projects/u6cb/benchmarks/VASP/CdTe_Hybrid/6.5.1-NVHPC-LibSci-OpenACC/CdTe_1nodes_4cores_72threads_1NCORE_1KPAR_202603191226.OUTCAR,202603191226,2026.03.19 12:27:21,1,288,4,72,4,2787362.2994333333,1,1,4,772,745.6649,1825.739
IsambardAI,6.5.1-NVHPC-LibSci-OpenACC,/lus/lfs1aip2/projects/u6cb/benchmarks/VASP/CdTe_Hybrid/6.5.1-NVHPC-LibSci-OpenACC/CdTe_2nodes_8cores_72threads_1NCORE_4KPAR_202603201146.OUTCAR,202603201146,2026.03.20 11:46:46,2,576,8,72,8,3027414.186393701,4,1,2,770,392.2384,1055.421
IsambardAI,6.5.1-NVHPC-LibSci-OpenACC,/lus/lfs1aip2/projects/u6cb/benchmarks/VASP/CdTe_Hybrid/6.5.1-NVHPC-LibSci-OpenACC/CdTe_1nodes_4cores_72threads_1NCORE_1KPAR_202603210734.OUTCAR,202603210734,2026.03.21 07:35:09,1,288,4,72,4,2759738.6186153847,1,1,4,772,743.3471,1819.197
IsambardAI,6.5.1-NVHPC-LibSci-OpenACC,/lus/lfs1aip2/projects/u6cb/benchmarks/VASP/CdTe_Hybrid/6.5.1-NVHPC-LibSci-OpenACC/CdTe_1nodes_4cores_72threads_1NCORE_1KPAR_202603232120.OUTCAR,202603232120,2026.03.23 21:21:07,1,288,4,72,4,2814967.4870833335,1,1,4,772,747.3755,1835.825
IsambardAI,6.5.1-NVHPC-LibSci-OpenACC,/lus/lfs1aip2/projects/u6cb/benchmarks/VASP/CdTe_Hybrid/6.5.1-NVHPC-LibSci-OpenACC/CdTe_32nodes_128cores_72threads_1NCORE_8KPAR_202603191245.OUTCAR,202603191245,2026.03.19 12:45:54,32,9216,128,72,128,8858107.968,8,1,16,784,54.0413,264.688
IsambardAI,6.5.1-NVHPC-LibSci-OpenACC,/lus/lfs1aip2/projects/u6cb/benchmarks/VASP/CdTe_Hybrid/6.5.1-NVHPC-LibSci-OpenACC/CdTe_64nodes_256cores_72threads_1NCORE_4KPAR_202603200823.OUTCAR,202603200823,2026.03.20 08:24:01,64,18432,256,72,256,16739399.391999999,4,1,64,832,91.5669,371.433
IsambardAI,6.5.1-NVHPC-LibSci-OpenACC,/lus/lfs1aip2/projects/u6cb/benchmarks/VASP/CdTe_Hybrid/6.5.1-NVHPC-LibSci-OpenACC/CdTe_4nodes_16cores_72threads_1NCORE_1KPAR_202603201146.OUTCAR,202603201146,2026.03.20 11:46:49,4,1152,16,72,16,4177827.0981818186,1,1,16,784,311.8596,1014.36
IsambardAI,6.5.1-NVHPC-LibSci-OpenACC-mps,/lus/lfs1aip2/projects/u6cb/benchmarks/VASP/CdTe_Hybrid/6.5.1-NVHPC-LibSci-OpenACC-mps/CdTe_8nodes_64cores_36threads_1NCORE_4KPAR_202603201519.OUTCAR,202603201519,2026.03.20 15:20:22,8,2240,64,35,32,4022757.692631579,4,1,16,784,114.3924,356.53
IsambardAI,6.5.1-NVHPC-LibSci-OpenACC-mps,/lus/lfs1aip2/projects/u6cb/benchmarks/VASP/CdTe_Hybrid/6.5.1-NVHPC-LibSci-OpenACC-mps/CdTe_8nodes_64cores_36threads_1NCORE_8KPAR_202603210735.OUTCAR,202603210735,2026.03.21 07:35:45,8,2240,64,35,32,3682383.9418181814,8,1,8,776,100.1464,351.792
IsambardAI,6.5.1-NVHPC-LibSci-OpenACC-mps,/lus/lfs1aip2/projects/u6cb/benchmarks/VASP/CdTe_Hybrid/6.5.1-NVHPC-LibSci-OpenACC-mps/CdTe_4nodes_32cores_36threads_1NCORE_1KPAR_202603232111.OUTCAR,202603232111,2026.03.23 21:12:07,4,1120,32,35,16,3625157.242067416,1,1,32,800,290.8584,717.441
IsambardAI,6.5.1-NVHPC-LibSci-OpenACC-mps,/lus/lfs1aip2/projects/u6cb/benchmarks/VASP/CdTe_Hybrid/6.5.1-NVHPC-LibSci-OpenACC-mps/CdTe_8nodes_256cores_9threads_1NCORE_1KPAR_202603231521.OUTCAR,202603231521,2026.03.23 15:22:47,8,2048,256,8,32,18709138.122498877,1,1,256,1024,2496.879,3351.794
IsambardAI,6.5.1-NVHPC-LibSci-OpenACC-mps,/lus/lfs1aip2/projects/u6cb/benchmarks/VASP/CdTe_Hybrid/6.5.1-NVHPC-LibSci-OpenACC-mps/CdTe_8nodes_256cores_9threads_1NCORE_2KPAR_202603210735.OUTCAR,202603210735,2026.03.21 07:36:21,8,2048,256,8,32,10484445.986,2,1,128,896,1036.684,1713.658
IsambardAI,6.5.1-NVHPC-LibSci-OpenACC-mps,/lus/lfs1aip2/projects/u6cb/benchmarks/VASP/CdTe_Hybrid/6.5.1-NVHPC-LibSci-OpenACC-mps/CdTe_2nodes_32cores_18threads_1NCORE_2KPAR_202603201127.OUTCAR,202603201127,2026.03.20 11:27:48,2,544,32,17,8,4038080.854459016,2,1,16,784,412.0995,1823.011
IsambardAI,6.5.1-NVHPC-LibSci-OpenACC-mps,/lus/lfs1aip2/projects/u6cb/benchmarks/VASP/CdTe_Hybrid/6.5.1-NVHPC-LibSci-OpenACC-mps/CdTe_2nodes_32cores_18threads_1NCORE_4KPAR_202603232111.OUTCAR,202603232111,2026.03.23 21:12:17,2,544,32,17,8,2868342.9734876035,4,1,8,776,325.6915,939.874
IsambardAI,6.5.1-NVHPC-LibSci-OpenACC-mps,/lus/lfs1aip2/projects/u6cb/benchmarks/VASP/CdTe_Hybrid/6.5.1-NVHPC-LibSci-OpenACC-mps/CdTe_1nodes_32cores_9threads_1NCORE_4KPAR_202603231521.OUTCAR,202603231521,2026.03.23 15:22:25,1,256,32,8,4,2986634.005818182,4,1,8,776,619.0981,1995.276
IsambardAI,6.5.1-NVHPC-LibSci-OpenACC-mps,/lus/lfs1aip2/projects/u6cb/benchmarks/VASP/CdTe_Hybrid/6.5.1-NVHPC-LibSci-OpenACC-mps/CdTe_2nodes_64cores_9threads_1NCORE_1KPAR_202603232111.OUTCAR,202603232111,2026.03.23 21:12:39,2,512,64,8,8,6869395.901858881,1,1,64,832,1944.0006,3776.926
IsambardAI,6.5.1-NVHPC-LibSci-OpenACC-mps,/lus/lfs1aip2/projects/u6cb/benchmarks/VASP/CdTe_Hybrid/6.5.1-NVHPC-LibSci-OpenACC-mps/CdTe_2nodes_16cores_36threads_1NCORE_4KPAR_202603231521.OUTCAR,202603231521,2026.03.23 15:22:15,2,560,16,35,8,2801335.4190654205,4,1,4,772,320.7966,867.458
IsambardAI,6.5.1-NVHPC-LibSci-OpenACC-mps,/lus/lfs1aip2/projects/u6cb/benchmarks/VASP/CdTe_Hybrid/6.5.1-NVHPC-LibSci-OpenACC-mps/CdTe_1nodes_8cores_36threads_1NCORE_2KPAR_202603231521.OUTCAR,202603231521,2026.03.23 15:22:02,1,280,8,35,4,2753119.3510000003,2,1,4,772,624.4378,1561.026
IsambardAI,6.5.1-NVHPC-LibSci-OpenACC-mps,/lus/lfs1aip2/projects/u6cb/benchmarks/VASP/CdTe_Hybrid/6.5.1-NVHPC-LibSci-OpenACC-mps/CdTe_4nodes_128cores_9threads_1NCORE_8KPAR_202603201519.OUTCAR,202603201519,2026.03.20 15:21:02,4,1024,128,8,16,4719406.342857143,8,1,16,784,217.7964,1079.374
IsambardAI,6.5.1-NVHPC-LibSci-OpenACC-mps,/lus/lfs1aip2/projects/u6cb/benchmarks/VASP/CdTe_Hybrid/6.5.1-NVHPC-LibSci-OpenACC-mps/CdTe_4nodes_64cores_18threads_1NCORE_4KPAR_202603232122.OUTCAR,202603232122,2026.03.23 21:22:40,4,1088,64,17,16,4326206.715162791,4,1,16,784,213.6449,993.249
IsambardAI,6.5.1-NVHPC-LibSci-OpenACC-mps,/lus/lfs1aip2/projects/u6cb/benchmarks/VASP/CdTe_Hybrid/6.5.1-NVHPC-LibSci-OpenACC-mps/CdTe_16nodes_512cores_9threads_1NCORE_1KPAR_202603231540.OUTCAR,202603231540,2026.03.23 15:41:30,16,4096,512,8,64,32629339.31096403,1,1,512,1024,2514.4676,3150.932
IsambardAI,6.5.1-NVHPC-LibSci-OpenACC-mps,/lus/lfs1aip2/projects/u6cb/benchmarks/VASP/CdTe_Hybrid/6.5.1-NVHPC-LibSci-OpenACC-mps/CdTe_4nodes_128cores_9threads_1NCORE_4KPAR_202603201519.OUTCAR,202603201519,2026.03.20 15:21:04,4,1024,128,8,16,6603079.119737705,4,1,32,800,329.8265,1860.067
IsambardAI,6.5.1-NVHPC-LibSci-OpenACC-mps,/lus/lfs1aip2/projects/u6cb/benchmarks/VASP/CdTe_Hybrid/6.5.1-NVHPC-LibSci-OpenACC-mps/CdTe_8nodes_64cores_36threads_1NCORE_2KPAR_202603231521.OUTCAR,202603231521,2026.03.23 15:22:12,8,2240,64,35,32,3642652.8704,2,1,32,800,149.8024,408.57
IsambardAI,6.5.1-NVHPC-LibSci-OpenACC-mps,/lus/lfs1aip2/projects/u6cb/benchmarks/VASP/CdTe_Hybrid/6.5.1-NVHPC-LibSci-OpenACC-mps/CdTe_2nodes_64cores_9threads_1NCORE_2KPAR_202603201127.OUTCAR,202603201127,2026.03.20 11:28:13,2,512,64,8,8,5980308.921110133,2,1,32,800,623.29,3482.377
IsambardAI,6.5.1-NVHPC-LibSci-OpenACC-mps,/lus/lfs1aip2/projects/u6cb/benchmarks/VASP/CdTe_Hybrid/6.5.1-NVHPC-LibSci-OpenACC-mps/CdTe_1nodes_8cores_36threads_1NCORE_4KPAR_202603232113.OUTCAR,202603232113,2026.03.23 21:13:43,1,280,8,35,4,2710948.411085714,4,1,2,770,624.9665,1608.714
IsambardAI,6.5.1-NVHPC-LibSci-OpenACC-mps,/lus/lfs1aip2/projects/u6cb/benchmarks/VASP/CdTe_Hybrid/6.5.1-NVHPC-LibSci-OpenACC-mps/CdTe_2nodes_64cores_9threads_1NCORE_4KPAR_202603232120.OUTCAR,202603232120,2026.03.23 21:21:36,2,512,64,8,8,4242836.663272727,4,1,16,784,403.9463,1964.016
IsambardAI,6.5.1-NVHPC-LibSci-OpenACC-mps,/lus/lfs1aip2/projects/u6cb/benchmarks/VASP/CdTe_Hybrid/6.5.1-NVHPC-LibSci-OpenACC-mps/CdTe_2nodes_16cores_36threads_1NCORE_8KPAR_202603201127.OUTCAR,202603201127,2026.03.20 11:27:46,2,560,16,35,8,2881885.747438017,8,1,2,770,324.5043,927.215
IsambardAI,6.5.1-NVHPC-LibSci-OpenACC-mps,/lus/lfs1aip2/projects/u6cb/benchmarks/VASP/CdTe_Hybrid/6.5.1-NVHPC-LibSci-OpenACC-mps/CdTe_8nodes_128cores_18threads_1NCORE_2KPAR_202603231521.OUTCAR,202603231521,2026.03.23 15:22:25,8,2176,128,17,32,5750591.99,2,1,64,832,551.929,858.255
IsambardAI,6.5.1-NVHPC-LibSci-OpenACC-mps,/lus/lfs1aip2/projects/u6cb/benchmarks/VASP/CdTe_Hybrid/6.5.1-NVHPC-LibSci-OpenACC-mps/CdTe_1nodes_8cores_36threads_1NCORE_1KPAR_202603201127.OUTCAR,202603201127,2026.03.20 11:27:29,1,280,8,35,4,2883859.706493927,1,1,8,776,700.0786,1862.232
IsambardAI,6.5.1-NVHPC-LibSci-OpenACC-mps,/lus/lfs1aip2/projects/u6cb/benchmarks/VASP/CdTe_Hybrid/6.5.1-NVHPC-LibSci-OpenACC-mps/CdTe_16nodes_128cores_36threads_1NCORE_8KPAR_202603231558.OUTCAR,202603231558,2026.03.23 15:58:44,16,4480,128,35,64,4224505.496615385,8,1,16,784,61.221,232.517
IsambardAI,6.5.1-NVHPC-LibSci-OpenACC-mps,/lus/lfs1aip2/projects/u6cb/benchmarks/VASP/CdTe_Hybrid/6.5.1-NVHPC-LibSci-OpenACC-mps/CdTe_2nodes_32cores_18threads_1NCORE_8KPAR_202603231521.OUTCAR,202603231521,2026.03.23 15:22:31,2,544,32,17,8,2944559.7340350877,8,1,4,772,308.7465,873.49
IsambardAI,6.5.1-NVHPC-LibSci-OpenACC-mps,/lus/lfs1aip2/projects/u6cb/benchmarks/VASP/CdTe_Hybrid/6.5.1-NVHPC-LibSci-OpenACC-mps/CdTe_16nodes_256cores_18threads_1NCORE_4KPAR_202603232144.OUTCAR,202603232144,2026.03.23 21:45:04,16,4352,256,17,64,6741555.968,4,1,64,832,278.798,484.121
IsambardAI,6.5.1-NVHPC-LibSci-OpenACC-mps,/lus/lfs1aip2/projects/u6cb/benchmarks/VASP/CdTe_Hybrid/6.5.1-NVHPC-LibSci-OpenACC-mps/CdTe_1nodes_8cores_36threads_1NCORE_4KPAR_202603232111.OUTCAR,202603232111,2026.03.23 21:12:01,1,280,8,35,4,2708453.249661836,4,1,2,770,614.7189,1600.063
IsambardAI,6.5.1-NVHPC-LibSci-OpenACC-mps,/lus/lfs1aip2/projects/u6cb/benchmarks/VASP/CdTe_Hybrid/6.5.1-NVHPC-LibSci-OpenACC-mps/CdTe_16nodes_512cores_9threads_1NCORE_4KPAR_202603232145.OUTCAR,202603232145,2026.03.23 21:46:29,16,4096,512,8,64,12666401.326545455,4,1,128,896,545.056,973.323
IsambardAI,6.5.1-NVHPC-LibSci-OpenACC-mps,/lus/lfs1aip2/projects/u6cb/benchmarks/VASP/CdTe_Hybrid/6.5.1-NVHPC-LibSci-OpenACC-mps/CdTe_4nodes_32cores_36threads_1NCORE_2KPAR_202603201519.OUTCAR,202603201519,2026.03.20 15:20:21,4,1120,32,35,16,3198526.408,2,1,16,784,220.366,603.945
IsambardAI,6.5.1-NVHPC-LibSci-OpenACC-mps,/lus/lfs1aip2/projects/u6cb/benchmarks/VASP/CdTe_Hybrid/6.5.1-NVHPC-LibSci-OpenACC-mps/CdTe_1nodes_16cores_18threads_1NCORE_2KPAR_202603231521.OUTCAR,202603231521,2026.03.23 15:22:08,1,272,16,17,4,2781568.5285714287,2,1,8,776,628.0187,1679.83
IsambardAI,6.5.1-NVHPC-LibSci-OpenACC-mps,/lus/lfs1aip2/projects/u6cb/benchmarks/VASP/CdTe_Hybrid/6.5.1-NVHPC-LibSci-OpenACC-mps/CdTe_2nodes_64cores_9threads_1NCORE_2KPAR_202603231521.OUTCAR,202603231521,2026.03.23 15:22:48,2,512,64,8,8,6086686.5626898045,2,1,32,800,626.3752,3493.575
IsambardAI,6.5.1-NVHPC-LibSci-OpenACC-mps,/lus/lfs1aip2/projects/u6cb/benchmarks/VASP/CdTe_Hybrid/6.5.1-NVHPC-LibSci-OpenACC-mps/CdTe_4nodes_128cores_9threads_1NCORE_4KPAR_202603232122.OUTCAR,202603232122,2026.03.23 21:23:21,4,1024,128,8,16,6553450.752262294,4,1,32,800,329.1195,1865.523
IsambardAI,6.5.1-NVHPC-LibSci-OpenACC-mps,/lus/lfs1aip2/projects/u6cb/benchmarks/VASP/CdTe_Hybrid/6.5.1-NVHPC-LibSci-OpenACC-mps/CdTe_4nodes_64cores_18threads_1NCORE_1KPAR_202603232121.OUTCAR,202603232121,2026.03.23 21:21:45,4,1088,64,17,16,5755438.894566038,1,1,64,832,1096.6418,1601.847
IsambardAI,6.5.1-NVHPC-LibSci-OpenACC-mps,/lus/lfs1aip2/projects/u6cb/benchmarks/VASP/CdTe_Hybrid/6.5.1-NVHPC-LibSci-OpenACC-mps/CdTe_16nodes_128cores_36threads_1NCORE_8KPAR_202603232223.OUTCAR,202603232223,2026.03.23 22:23:28,16,4480,128,35,64,3799884.512,8,1,16,784,61.2712,234.952
IsambardAI,6.5.1-NVHPC-LibSci-OpenACC-mps,/lus/lfs1aip2/projects/u6cb/benchmarks/VASP/CdTe_Hybrid/6.5.1-NVHPC-LibSci-OpenACC-mps/CdTe_2nodes_64cores_9threads_1NCORE_1KPAR_202603232119.OUTCAR,202603232119,2026.03.23 21:20:28,2,512,64,8,8,6886615.965136842,1,1,64,832,1967.3472,3832.074
IsambardAI,6.5.1-NVHPC-LibSci-OpenACC-mps,/lus/lfs1aip2/projects/u6cb/benchmarks/VASP/CdTe_Hybrid/6.5.1-NVHPC-LibSci-OpenACC-mps/CdTe_16nodes_512cores_9threads_1NCORE_8KPAR_202603231603.OUTCAR,202603231603,2026.03.23 16:04:25,16,4096,512,8,64,8795050.678153846,8,1,64,832,279.0661,655.617
IsambardAI,6.5.1-NVHPC-LibSci-OpenACC-mps,/lus/lfs1aip2/projects/u6cb/benchmarks/VASP/CdTe_Hybrid/6.5.1-NVHPC-LibSci-OpenACC-mps/CdTe_1nodes_8cores_36threads_1NCORE_4KPAR_202603200817.OUTCAR,202603200817,2026.03.20 08:18:14,1,280,8,35,4,2647751.2283962267,4,1,2,770,615.9354,1596.241
IsambardAI,6.5.1-NVHPC-LibSci-OpenACC-mps,/lus/lfs1aip2/projects/u6cb/benchmarks/VASP/CdTe_Hybrid/6.5.1-NVHPC-LibSci-OpenACC-mps/CdTe_2nodes_64cores_9threads_1NCORE_1KPAR_202603231521.OUTCAR,202603231521,2026.03.23 15:22:47,2,512,64,8,8,6495353.1559920795,1,1,64,832,1961.8404,3802.378
IsambardAI,6.5.1-NVHPC-LibSci-OpenACC-mps,/lus/lfs1aip2/projects/u6cb/benchmarks/VASP/CdTe_Hybrid/6.5.1-NVHPC-LibSci-OpenACC-mps/CdTe_16nodes_256cores_18threads_1NCORE_1KPAR_202603232157.OUTCAR,202603232157,2026.03.23 21:57:45,16,4352,256,17,64,19831130.953442622,1,1,256,1024,1476.3073,1837.72
IsambardAI,6.5.1-NVHPC-LibSci-OpenACC-mps,/lus/lfs1aip2/projects/u6cb/benchmarks/VASP/CdTe_Hybrid/6.5.1-NVHPC-LibSci-OpenACC-mps/CdTe_16nodes_256cores_18threads_1NCORE_2KPAR_202603231548.OUTCAR,202603231548,2026.03.23 15:49:07,16,4352,256,17,64,9793423.978285715,2,1,128,896,596.9501,847.171
IsambardAI,6.5.1-NVHPC-LibSci-OpenACC-mps,/lus/lfs1aip2/projects/u6cb/benchmarks/VASP/CdTe_Hybrid/6.5.1-NVHPC-LibSci-OpenACC-mps/CdTe_2nodes_16cores_36threads_1NCORE_2KPAR_202603231521.OUTCAR,202603231521,2026.03.23 15:22:13,2,560,16,35,8,3136532.936377953,2,1,8,776,356.9929,1003.255
IsambardAI,6.5.1-NVHPC-LibSci-OpenACC-mps,/lus/lfs1aip2/projects/u6cb/benchmarks/VASP/CdTe_Hybrid/6.5.1-NVHPC-LibSci-OpenACC-mps/CdTe_2nodes_32cores_18threads_1NCORE_4KPAR_202603231521.OUTCAR,202603231521,2026.03.23 15:22:25,2,544,32,17,8,2943199.643697479,4,1,8,776,325.1369,937.316
IsambardAI,6.5.1-NVHPC-LibSci-OpenACC-mps,/lus/lfs1aip2/projects/u6cb/benchmarks/VASP/CdTe_Hybrid/6.5.1-NVHPC-LibSci-OpenACC-mps/CdTe_16nodes_128cores_36threads_1NCORE_1KPAR_202603232111.OUTCAR,202603232111,2026.03.23 21:12:12,16,4480,128,35,64,12216529.662222221,1,1,128,896,844.5767,1098.82
IsambardAI,6.5.1-NVHPC-LibSci-OpenACC-mps,/lus/lfs1aip2/projects/u6cb/benchmarks/VASP/CdTe_Hybrid/6.5.1-NVHPC-LibSci-OpenACC-mps/CdTe_4nodes_128cores_9threads_1NCORE_1KPAR_202603201519.OUTCAR,202603201519,2026.03.20 15:20:58,4,1024,128,8,16,10291308.328498844,1,1,128,896,2059.4777,3264.156
IsambardAI,6.5.1-NVHPC-LibSci-OpenACC-mps,/lus/lfs1aip2/projects/u6cb/benchmarks/VASP/CdTe_Hybrid/6.5.1-NVHPC-LibSci-OpenACC-mps/CdTe_16nodes_256cores_18threads_1NCORE_2KPAR_202603232207.OUTCAR,202603232207,2026.03.23 22:08:39,16,4352,256,17,64,10136202.747870967,2,1,128,896,601.4475,854.866
IsambardAI,6.5.1-NVHPC-LibSci-OpenACC-mps,/lus/lfs1aip2/projects/u6cb/benchmarks/VASP/CdTe_Hybrid/6.5.1-NVHPC-LibSci-OpenACC-mps/CdTe_16nodes_128cores_36threads_1NCORE_4KPAR_202603210741.OUTCAR,202603210741,2026.03.21 07:41:50,16,4480,128,35,64,4372765.894193549,4,1,32,800,79.091,256.22
IsambardAI,6.5.1-NVHPC-LibSci-OpenACC-mps,/lus/lfs1aip2/projects/u6cb/benchmarks/VASP/CdTe_Hybrid/6.5.1-NVHPC-LibSci-OpenACC-mps/CdTe_8nodes_128cores_18threads_1NCORE_1KPAR_202603210735.OUTCAR,202603210735,2026.03.21 07:35:58,8,2176,128,17,32,9263503.131866029,1,1,128,896,1195.1381,1583.694
IsambardAI,6.5.1-NVHPC-LibSci-OpenACC-mps,/lus/lfs1aip2/projects/u6cb/benchmarks/VASP/CdTe_Hybrid/6.5.1-NVHPC-LibSci-OpenACC-mps/CdTe_8nodes_256cores_9threads_1NCORE_1KPAR_202603232130.OUTCAR,202603232130,2026.03.23 21:31:51,8,2048,256,8,32,19054621.666573428,1,1,256,1024,2491.4764,3340.385
IsambardAI,6.5.1-NVHPC-LibSci-OpenACC-mps,/lus/lfs1aip2/projects/u6cb/benchmarks/VASP/CdTe_Hybrid/6.5.1-NVHPC-LibSci-OpenACC-mps/CdTe_1nodes_32cores_9threads_1NCORE_4KPAR_202603232111.OUTCAR,202603232111,2026.03.23 21:12:24,1,256,32,8,4,3019573.8075180724,4,1,8,776,617.14,1916.342
IsambardAI,6.5.1-NVHPC-LibSci-OpenACC-mps,/lus/lfs1aip2/projects/u6cb/benchmarks/VASP/CdTe_Hybrid/6.5.1-NVHPC-LibSci-OpenACC-mps/CdTe_16nodes_512cores_9threads_1NCORE_1KPAR_202603210739.OUTCAR,202603210739,2026.03.21 07:40:39,16,4096,512,8,64,31915566.683118645,1,1,512,1024,2487.4841,3115.044
IsambardAI,6.5.1-NVHPC-LibSci-OpenACC-mps,/lus/lfs1aip2/projects/u6cb/benchmarks/VASP/CdTe_Hybrid/6.5.1-NVHPC-LibSci-OpenACC-mps/CdTe_4nodes_32cores_36threads_1NCORE_1KPAR_202603210735.OUTCAR,202603210735,2026.03.21 07:35:45,4,1120,32,35,16,3813881.465846154,1,1,32,800,287.3485,707.783
IsambardAI,6.5.1-NVHPC-LibSci-OpenACC-mps,/lus/lfs1aip2/projects/u6cb/benchmarks/VASP/CdTe_Hybrid/6.5.1-NVHPC-LibSci-OpenACC-mps/CdTe_4nodes_64cores_18threads_1NCORE_2KPAR_202603201519.OUTCAR,202603201519,2026.03.20 15:20:33,4,1088,64,17,16,4336705.2647164175,2,1,32,800,265.6056,1030.904
IsambardAI,6.5.1-NVHPC-LibSci-OpenACC-mps,/lus/lfs1aip2/projects/u6cb/benchmarks/VASP/CdTe_Hybrid/6.5.1-NVHPC-LibSci-OpenACC-mps/CdTe_8nodes_128cores_18threads_1NCORE_4KPAR_202603232111.OUTCAR,202603232111,2026.03.23 21:12:23,8,2176,128,17,32,4665729.0,4,1,32,800,138.5438,587.865
IsambardAI,6.5.1-NVHPC-LibSci-OpenACC-mps,/lus/lfs1aip2/projects/u6cb/benchmarks/VASP/CdTe_Hybrid/6.5.1-NVHPC-LibSci-OpenACC-mps/CdTe_1nodes_16cores_18threads_1NCORE_1KPAR_202603232111.OUTCAR,202603232111,2026.03.23 21:12:08,1,272,16,17,4,3843781.2104,1,1,16,784,813.3462,3454.738
IsambardAI,6.5.1-NVHPC-LibSci-OpenACC-mps,/lus/lfs1aip2/projects/u6cb/benchmarks/VASP/CdTe_Hybrid/6.5.1-NVHPC-LibSci-OpenACC-mps/CdTe_4nodes_32cores_36threads_1NCORE_8KPAR_202603210735.OUTCAR,202603210735,2026.03.21 07:35:47,4,1120,32,35,16,3190221.948235294,8,1,4,772,170.6657,519.716
IsambardAI,6.5.1-NVHPC-LibSci-OpenACC-mps,/lus/lfs1aip2/projects/u6cb/benchmarks/VASP/CdTe_Hybrid/6.5.1-NVHPC-LibSci-OpenACC-mps/CdTe_4nodes_32cores_36threads_1NCORE_4KPAR_202603232111.OUTCAR,202603232111,2026.03.23 21:12:10,4,1120,32,35,16,3272320.7096216218,4,1,8,776,185.589,572.862
IsambardAI,6.5.1-NVHPC-LibSci-OpenACC-mps,/lus/lfs1aip2/projects/u6cb/benchmarks/VASP/CdTe_Hybrid/6.5.1-NVHPC-LibSci-OpenACC-mps/CdTe_4nodes_128cores_9threads_1NCORE_2KPAR_202603232111.OUTCAR,202603232111,2026.03.23 21:12:48,4,1024,128,8,16,7108615.174347108,2,1,64,832,1037.6832,2053.302
IsambardAI,6.5.1-NVHPC-LibSci-OpenACC-mps,/lus/lfs1aip2/projects/u6cb/benchmarks/VASP/CdTe_Hybrid/6.5.1-NVHPC-LibSci-OpenACC-mps/CdTe_4nodes_32cores_36threads_1NCORE_1KPAR_202603232120.OUTCAR,202603232120,2026.03.23 21:21:08,4,1120,32,35,16,3444783.004215054,1,1,32,800,293.9895,715.736
IsambardAI,6.5.1-NVHPC-LibSci-OpenACC-mps,/lus/lfs1aip2/projects/u6cb/benchmarks/VASP/CdTe_Hybrid/6.5.1-NVHPC-LibSci-OpenACC-mps/CdTe_1nodes_32cores_9threads_1NCORE_1KPAR_202603231521.OUTCAR,202603231521,2026.03.23 15:22:31,1,256,32,8,4,6030941.332222222,1,1,32,800,1210.4325,6749.095
IsambardAI,6.5.1-NVHPC-LibSci-OpenACC-mps,/lus/lfs1aip2/projects/u6cb/benchmarks/VASP/CdTe_Hybrid/6.5.1-NVHPC-LibSci-OpenACC-mps/CdTe_16nodes_256cores_18threads_1NCORE_2KPAR_202603210740.OUTCAR,202603210740,2026.03.21 07:41:17,16,4352,256,17,64,9487309.755428571,2,1,128,896,598.7204,846.206
IsambardAI,6.5.1-NVHPC-LibSci-OpenACC-mps,/lus/lfs1aip2/projects/u6cb/benchmarks/VASP/CdTe_Hybrid/6.5.1-NVHPC-LibSci-OpenACC-mps/CdTe_16nodes_128cores_36threads_1NCORE_2KPAR_202603232202.OUTCAR,202603232202,2026.03.23 22:02:54,16,4480,128,35,64,7442237.135407407,2,1,64,832,386.2978,580.199
IsambardAI,6.5.1-NVHPC-LibSci-OpenACC-mps,/lus/lfs1aip2/projects/u6cb/benchmarks/VASP/CdTe_Hybrid/6.5.1-NVHPC-LibSci-OpenACC-mps/CdTe_1nodes_16cores_18threads_1NCORE_1KPAR_202603231521.OUTCAR,202603231521,2026.03.23 15:22:09,1,272,16,17,4,3904427.458004435,1,1,16,784,814.508,3406.958
IsambardAI,6.5.1-NVHPC-LibSci-OpenACC-mps,/lus/lfs1aip2/projects/u6cb/benchmarks/VASP/CdTe_Hybrid/6.5.1-NVHPC-LibSci-OpenACC-mps/CdTe_4nodes_64cores_18threads_1NCORE_2KPAR_202603232121.OUTCAR,202603232121,2026.03.23 21:22:21,4,1088,64,17,16,4417655.597714285,2,1,32,800,264.475,1025.544
IsambardAI,6.5.1-NVHPC-LibSci-OpenACC-mps,/lus/lfs1aip2/projects/u6cb/benchmarks/VASP/CdTe_Hybrid/6.5.1-NVHPC-LibSci-OpenACC-mps/CdTe_2nodes_16cores_36threads_1NCORE_2KPAR_202603232119.OUTCAR,202603232119,2026.03.23 21:19:55,2,560,16,35,8,2935961.829818182,2,1,8,776,356.8719,1006.716
IsambardAI,6.5.1-NVHPC-LibSci-OpenACC-mps,/lus/lfs1aip2/projects/u6cb/benchmarks/VASP/CdTe_Hybrid/6.5.1-NVHPC-LibSci-OpenACC-mps/CdTe_16nodes_256cores_18threads_1NCORE_8KPAR_202603231602.OUTCAR,202603231602,2026.03.23 16:03:34,16,4352,256,17,64,5935031.730086956,8,1,32,800,77.1381,355.956
IsambardAI,6.5.1-NVHPC-LibSci-OpenACC-mps,/lus/lfs1aip2/projects/u6cb/benchmarks/VASP/CdTe_Hybrid/6.5.1-NVHPC-LibSci-OpenACC-mps/CdTe_8nodes_64cores_36threads_1NCORE_8KPAR_202603232111.OUTCAR,202603232111,2026.03.23 21:12:11,8,2240,64,35,32,3964975.065945946,8,1,8,776,100.4131,354.22
IsambardAI,6.5.1-NVHPC-LibSci-OpenACC-mps,/lus/lfs1aip2/projects/u6cb/benchmarks/VASP/CdTe_Hybrid/6.5.1-NVHPC-LibSci-OpenACC-mps/CdTe_1nodes_16cores_18threads_1NCORE_2KPAR_202603232113.OUTCAR,202603232113,2026.03.23 21:13:46,1,272,16,17,4,2760617.317883408,2,1,8,776,635.0081,1714.046
IsambardAI,6.5.1-NVHPC-LibSci-OpenACC-mps,/lus/lfs1aip2/projects/u6cb/benchmarks/VASP/CdTe_Hybrid/6.5.1-NVHPC-LibSci-OpenACC-mps/CdTe_2nodes_64cores_9threads_1NCORE_2KPAR_202603232119.OUTCAR,202603232119,2026.03.23 21:20:27,2,512,64,8,8,6469055.241322835,2,1,32,800,627.5946,3533.179
IsambardAI,6.5.1-NVHPC-LibSci-OpenACC-mps,/lus/lfs1aip2/projects/u6cb/benchmarks/VASP/CdTe_Hybrid/6.5.1-NVHPC-LibSci-OpenACC-mps/CdTe_1nodes_32cores_9threads_1NCORE_1KPAR_202603201127.OUTCAR,202603201127,2026.03.20 11:28:04,1,256,32,8,4,5992887.233226667,1,1,32,800,1211.8879,6766.652
IsambardAI,6.5.1-NVHPC-LibSci-OpenACC-mps,/lus/lfs1aip2/projects/u6cb/benchmarks/VASP/CdTe_Hybrid/6.5.1-NVHPC-LibSci-OpenACC-mps/CdTe_4nodes_128cores_9threads_1NCORE_1KPAR_202603231521.OUTCAR,202603231521,2026.03.23 15:22:50,4,1024,128,8,16,10193357.206407323,1,1,128,896,2092.3694,3306.161
IsambardAI,6.5.1-NVHPC-LibSci-OpenACC-mps,/lus/lfs1aip2/projects/u6cb/benchmarks/VASP/CdTe_Hybrid/6.5.1-NVHPC-LibSci-OpenACC-mps/CdTe_4nodes_64cores_18threads_1NCORE_1KPAR_202603201519.OUTCAR,202603201519,2026.03.20 15:20:40,4,1088,64,17,16,6181405.647368421,1,1,64,832,1084.7236,1594.402
IsambardAI,6.5.1-NVHPC-LibSci-OpenACC-mps,/lus/lfs1aip2/projects/u6cb/benchmarks/VASP/CdTe_Hybrid/6.5.1-NVHPC-LibSci-OpenACC-mps/CdTe_16nodes_128cores_36threads_1NCORE_8KPAR_202603201520.OUTCAR,202603201520,2026.03.20 15:20:29,16,4480,128,35,64,3852775.4422857147,8,1,16,784,61.0329,233.607
IsambardAI,6.5.1-NVHPC-LibSci-OpenACC-mps,/lus/lfs1aip2/projects/u6cb/benchmarks/VASP/CdTe_Hybrid/6.5.1-NVHPC-LibSci-OpenACC-mps/CdTe_8nodes_128cores_18threads_1NCORE_1KPAR_202603232111.OUTCAR,202603232111,2026.03.23 21:12:23,8,2176,128,17,32,9581045.547384616,1,1,128,896,1174.6018,1569.069
IsambardAI,6.5.1-NVHPC-LibSci-OpenACC-mps,/lus/lfs1aip2/projects/u6cb/benchmarks/VASP/CdTe_Hybrid/6.5.1-NVHPC-LibSci-OpenACC-mps/CdTe_8nodes_64cores_36threads_1NCORE_8KPAR_202603232142.OUTCAR,202603232142,2026.03.23 21:42:47,8,2240,64,35,32,3584837.055304348,8,1,8,776,100.3361,354.291
IsambardAI,6.5.1-NVHPC-LibSci-OpenACC-mps,/lus/lfs1aip2/projects/u6cb/benchmarks/VASP/CdTe_Hybrid/6.5.1-NVHPC-LibSci-OpenACC-mps/CdTe_2nodes_64cores_9threads_1NCORE_4KPAR_202603231521.OUTCAR,202603231521,2026.03.23 15:22:49,2,512,64,8,8,4145213.383937008,4,1,16,784,407.8325,1951.69
IsambardAI,6.5.1-NVHPC-LibSci-OpenACC-mps,/lus/lfs1aip2/projects/u6cb/benchmarks/VASP/CdTe_Hybrid/6.5.1-NVHPC-LibSci-OpenACC-mps/CdTe_2nodes_32cores_18threads_1NCORE_2KPAR_202603232111.OUTCAR,202603232111,2026.03.23 21:12:21,2,544,32,17,8,4046531.4595081974,2,1,16,784,407.267,1829.969
IsambardAI,6.5.1-NVHPC-LibSci-OpenACC-mps,/lus/lfs1aip2/projects/u6cb/benchmarks/VASP/CdTe_Hybrid/6.5.1-NVHPC-LibSci-OpenACC-mps/CdTe_4nodes_128cores_9threads_1NCORE_1KPAR_202603232111.OUTCAR,202603232111,2026.03.23 21:12:44,4,1024,128,8,16,9792938.556778032,1,1,128,896,2111.4047,3321.976
IsambardAI,6.5.1-NVHPC-LibSci-OpenACC-mps,/lus/lfs1aip2/projects/u6cb/benchmarks/VASP/CdTe_Hybrid/6.5.1-NVHPC-LibSci-OpenACC-mps/CdTe_2nodes_32cores_18threads_1NCORE_1KPAR_202603231521.OUTCAR,202603231521,2026.03.23 15:22:26,2,544,32,17,8,4169621.7375100404,1,1,32,800,515.164,1907.872
IsambardAI,6.5.1-NVHPC-LibSci-OpenACC-mps,/lus/lfs1aip2/projects/u6cb/benchmarks/VASP/CdTe_Hybrid/6.5.1-NVHPC-LibSci-OpenACC-mps/CdTe_8nodes_64cores_36threads_1NCORE_1KPAR_202603201519.OUTCAR,202603201519,2026.03.20 15:20:22,8,2240,64,35,32,7048213.367154472,1,1,64,832,780.4013,1077.751
IsambardAI,6.5.1-NVHPC-LibSci-OpenACC-mps,/lus/lfs1aip2/projects/u6cb/benchmarks/VASP/CdTe_Hybrid/6.5.1-NVHPC-LibSci-OpenACC-mps/CdTe_16nodes_128cores_36threads_1NCORE_2KPAR_202603210739.OUTCAR,202603210739,2026.03.21 07:40:15,16,4480,128,35,64,7651801.949090908,2,1,64,832,386.7911,580.68
IsambardAI,6.5.1-NVHPC-LibSci-OpenACC-mps,/lus/lfs1aip2/projects/u6cb/benchmarks/VASP/CdTe_Hybrid/6.5.1-NVHPC-LibSci-OpenACC-mps/CdTe_8nodes_256cores_9threads_1NCORE_2KPAR_202603201519.OUTCAR,202603201519,2026.03.20 15:20:58,8,2048,256,8,32,10903700.305742575,2,1,128,896,1062.2831,1747.511
IsambardAI,6.5.1-NVHPC-LibSci-OpenACC-mps,/lus/lfs1aip2/projects/u6cb/benchmarks/VASP/CdTe_Hybrid/6.5.1-NVHPC-LibSci-OpenACC-mps/CdTe_16nodes_128cores_36threads_1NCORE_2KPAR_202603201519.OUTCAR,202603201519,2026.03.20 15:20:29,16,4480,128,35,64,7894972.735015384,2,1,64,832,387.7763,585.154
IsambardAI,6.5.1-NVHPC-LibSci-OpenACC-mps,/lus/lfs1aip2/projects/u6cb/benchmarks/VASP/CdTe_Hybrid/6.5.1-NVHPC-LibSci-OpenACC-mps/CdTe_1nodes_8cores_36threads_1NCORE_1KPAR_202603231521.OUTCAR,202603231521,2026.03.23 15:21:59,1,280,8,35,4,2864667.497096774,1,1,8,776,701.3498,1864.307
IsambardAI,6.5.1-NVHPC-LibSci-OpenACC-mps,/lus/lfs1aip2/projects/u6cb/benchmarks/VASP/CdTe_Hybrid/6.5.1-NVHPC-LibSci-OpenACC-mps/CdTe_8nodes_128cores_18threads_1NCORE_4KPAR_202603201519.OUTCAR,202603201519,2026.03.20 15:20:40,8,2176,128,17,32,4717007.497386666,4,1,32,800,139.7605,595.217
IsambardAI,6.5.1-NVHPC-LibSci-OpenACC-mps,/lus/lfs1aip2/projects/u6cb/benchmarks/VASP/CdTe_Hybrid/6.5.1-NVHPC-LibSci-OpenACC-mps/CdTe_8nodes_128cores_18threads_1NCORE_8KPAR_202603232111.OUTCAR,202603232111,2026.03.23 21:12:17,8,2176,128,17,32,4865788.654628572,8,1,16,784,113.8566,560.743
IsambardAI,6.5.1-NVHPC-LibSci-OpenACC-mps,/lus/lfs1aip2/projects/u6cb/benchmarks/VASP/CdTe_Hybrid/6.5.1-NVHPC-LibSci-OpenACC-mps/CdTe_8nodes_128cores_18threads_1NCORE_8KPAR_202603232143.OUTCAR,202603232143,2026.03.23 21:44:07,8,2176,128,17,32,4654500.383098591,8,1,16,784,113.9425,560.257
IsambardAI,6.5.1-NVHPC-LibSci-OpenACC-mps,/lus/lfs1aip2/projects/u6cb/benchmarks/VASP/CdTe_Hybrid/6.5.1-NVHPC-LibSci-OpenACC-mps/CdTe_8nodes_64cores_36threads_1NCORE_2KPAR_202603232132.OUTCAR,202603232132,2026.03.23 21:32:37,8,2240,64,35,32,3675316.1009230767,2,1,32,800,149.475,410.504
IsambardAI,6.5.1-NVHPC-LibSci-OpenACC-mps,/lus/lfs1aip2/projects/u6cb/benchmarks/VASP/CdTe_Hybrid/6.5.1-NVHPC-LibSci-OpenACC-mps/CdTe_2nodes_32cores_18threads_1NCORE_8KPAR_202603201127.OUTCAR,202603201127,2026.03.20 11:28:01,2,544,32,17,8,2891942.3444827585,8,1,4,772,314.7694,884.905
IsambardAI,6.5.1-NVHPC-LibSci-OpenACC-mps,/lus/lfs1aip2/projects/u6cb/benchmarks/VASP/CdTe_Hybrid/6.5.1-NVHPC-LibSci-OpenACC-mps/CdTe_1nodes_16cores_18threads_1NCORE_4KPAR_202603231521.OUTCAR,202603231521,2026.03.23 15:22:14,1,272,16,17,4,2786673.1874509803,4,1,4,772,598.7026,1525.84
IsambardAI,6.5.1-NVHPC-LibSci-OpenACC-mps,/lus/lfs1aip2/projects/u6cb/benchmarks/VASP/CdTe_Hybrid/6.5.1-NVHPC-LibSci-OpenACC-mps/CdTe_16nodes_512cores_9threads_1NCORE_2KPAR_202603231550.OUTCAR,202603231550,2026.03.23 15:51:06,16,4096,512,8,64,19755343.36441379,2,1,256,1024,1276.3665,1788.088
IsambardAI,6.5.1-NVHPC-LibSci-OpenACC-mps,/lus/lfs1aip2/projects/u6cb/benchmarks/VASP/CdTe_Hybrid/6.5.1-NVHPC-LibSci-OpenACC-mps/CdTe_16nodes_128cores_36threads_1NCORE_4KPAR_202603201519.OUTCAR,202603201519,2026.03.20 15:20:22,16,4480,128,35,64,4290683.555555556,4,1,32,800,79.4022,265.85
IsambardAI,6.5.1-NVHPC-LibSci-OpenACC-mps,/lus/lfs1aip2/projects/u6cb/benchmarks/VASP/CdTe_Hybrid/6.5.1-NVHPC-LibSci-OpenACC-mps/CdTe_4nodes_128cores_9threads_1NCORE_2KPAR_202603231521.OUTCAR,202603231521,2026.03.23 15:22:47,4,1024,128,8,16,7147156.7615135135,2,1,64,832,1031.5506,2047.007
IsambardAI,6.5.1-NVHPC-LibSci-OpenACC-mps,/lus/lfs1aip2/projects/u6cb/benchmarks/VASP/CdTe_Hybrid/6.5.1-NVHPC-LibSci-OpenACC-mps/CdTe_16nodes_256cores_18threads_1NCORE_4KPAR_202603232215.OUTCAR,202603232215,2026.03.23 22:15:57,16,4352,256,17,64,7219961.275345454,4,1,64,832,282.4457,492.121
IsambardAI,6.5.1-NVHPC-LibSci-OpenACC-mps,/lus/lfs1aip2/projects/u6cb/benchmarks/VASP/CdTe_Hybrid/6.5.1-NVHPC-LibSci-OpenACC-mps/CdTe_16nodes_512cores_9threads_1NCORE_2KPAR_202603232211.OUTCAR,202603232211,2026.03.23 22:12:52,16,4096,512,8,64,20927617.541818183,2,1,256,1024,1284.9155,1798.623
IsambardAI,6.5.1-NVHPC-LibSci-OpenACC-mps,/lus/lfs1aip2/projects/u6cb/benchmarks/VASP/CdTe_Hybrid/6.5.1-NVHPC-LibSci-OpenACC-mps/CdTe_16nodes_512cores_9threads_1NCORE_2KPAR_202603201519.OUTCAR,202603201519,2026.03.20 15:21:09,16,4096,512,8,64,19887242.954133336,2,1,256,1024,1270.2062,1821.566
IsambardAI,6.5.1-NVHPC-LibSci-OpenACC-mps,/lus/lfs1aip2/projects/u6cb/benchmarks/VASP/CdTe_Hybrid/6.5.1-NVHPC-LibSci-OpenACC-mps/CdTe_4nodes_128cores_9threads_1NCORE_4KPAR_202603210735.OUTCAR,202603210735,2026.03.21 07:36:20,4,1024,128,8,16,6365129.853387755,4,1,32,800,330.5356,1863.98
IsambardAI,6.5.1-NVHPC-LibSci-OpenACC-mps,/lus/lfs1aip2/projects/u6cb/benchmarks/VASP/CdTe_Hybrid/6.5.1-NVHPC-LibSci-OpenACC-mps/CdTe_4nodes_128cores_9threads_1NCORE_4KPAR_202603231521.OUTCAR,202603231521,2026.03.23 15:22:47,4,1024,128,8,16,6548510.115850623,4,1,32,800,331.0524,1863.92
IsambardAI,6.5.1-NVHPC-LibSci-OpenACC-mps,/lus/lfs1aip2/projects/u6cb/benchmarks/VASP/CdTe_Hybrid/6.5.1-NVHPC-LibSci-OpenACC-mps/CdTe_8nodes_64cores_36threads_1NCORE_4KPAR_202603232139.OUTCAR,202603232139,2026.03.23 21:40:19,8,2240,64,35,32,3231724.4373333333,4,1,16,784,114.2195,356.272
IsambardAI,6.5.1-NVHPC-LibSci-OpenACC-mps,/lus/lfs1aip2/projects/u6cb/benchmarks/VASP/CdTe_Hybrid/6.5.1-NVHPC-LibSci-OpenACC-mps/CdTe_4nodes_32cores_36threads_1NCORE_2KPAR_202603231521.OUTCAR,202603231521,2026.03.23 15:22:13,4,1120,32,35,16,3102292.2036,2,1,16,784,219.1386,604.729
IsambardAI,6.5.1-NVHPC-LibSci-OpenACC-mps,/lus/lfs1aip2/projects/u6cb/benchmarks/VASP/CdTe_Hybrid/6.5.1-NVHPC-LibSci-OpenACC-mps/CdTe_16nodes_128cores_36threads_1NCORE_8KPAR_202603210741.OUTCAR,202603210741,2026.03.21 07:41:59,16,4480,128,35,64,3995625.563428571,8,1,16,784,60.9054,230.509
IsambardAI,6.5.1-NVHPC-LibSci-OpenACC-mps,/lus/lfs1aip2/projects/u6cb/benchmarks/VASP/CdTe_Hybrid/6.5.1-NVHPC-LibSci-OpenACC-mps/CdTe_8nodes_256cores_9threads_1NCORE_2KPAR_202603232139.OUTCAR,202603232139,2026.03.23 21:40:47,8,2048,256,8,32,10616586.435918367,2,1,128,896,1037.2618,1718.138
IsambardAI,6.5.1-NVHPC-LibSci-OpenACC-mps,/lus/lfs1aip2/projects/u6cb/benchmarks/VASP/CdTe_Hybrid/6.5.1-NVHPC-LibSci-OpenACC-mps/CdTe_16nodes_256cores_18threads_1NCORE_1KPAR_202603201519.OUTCAR,202603201519,2026.03.20 15:20:34,16,4352,256,17,64,20068292.774032786,1,1,256,1024,1481.1378,1840.639
IsambardAI,6.5.1-NVHPC-LibSci-OpenACC-mps,/lus/lfs1aip2/projects/u6cb/benchmarks/VASP/CdTe_Hybrid/6.5.1-NVHPC-LibSci-OpenACC-mps/CdTe_4nodes_64cores_18threads_1NCORE_8KPAR_202603210735.OUTCAR,202603210735,2026.03.21 07:35:57,4,1088,64,17,16,2833159.969,8,1,8,776,173.8244,548.948
IsambardAI,6.5.1-NVHPC-LibSci-OpenACC-mps,/lus/lfs1aip2/projects/u6cb/benchmarks/VASP/CdTe_Hybrid/6.5.1-NVHPC-LibSci-OpenACC-mps/CdTe_8nodes_64cores_36threads_1NCORE_2KPAR_202603232111.OUTCAR,202603232111,2026.03.23 21:12:10,8,2240,64,35,32,4047328.822943396,2,1,32,800,151.8792,414.583
IsambardAI,6.5.1-NVHPC-LibSci-OpenACC-mps,/lus/lfs1aip2/projects/u6cb/benchmarks/VASP/CdTe_Hybrid/6.5.1-NVHPC-LibSci-OpenACC-mps/CdTe_1nodes_16cores_18threads_1NCORE_1KPAR_202603201127.OUTCAR,202603201127,2026.03.20 11:27:40,1,272,16,17,4,3921854.0608986784,1,1,16,784,818.0152,3438.356
IsambardAI,6.5.1-NVHPC-LibSci-OpenACC-mps,/lus/lfs1aip2/projects/u6cb/benchmarks/VASP/CdTe_Hybrid/6.5.1-NVHPC-LibSci-OpenACC-mps/CdTe_8nodes_128cores_18threads_1NCORE_1KPAR_202603201519.OUTCAR,202603201519,2026.03.20 15:20:34,8,2176,128,17,32,9541826.456137143,1,1,128,896,1176.8766,1564.158
IsambardAI,6.5.1-NVHPC-LibSci-OpenACC-mps,/lus/lfs1aip2/projects/u6cb/benchmarks/VASP/CdTe_Hybrid/6.5.1-NVHPC-LibSci-OpenACC-mps/CdTe_1nodes_32cores_9threads_1NCORE_1KPAR_202603232113.OUTCAR,202603232113,2026.03.23 21:14:09,1,256,32,8,4,6350145.304995555,1,1,32,800,1214.7451,6766.982
IsambardAI,6.5.1-NVHPC-LibSci-OpenACC-mps,/lus/lfs1aip2/projects/u6cb/benchmarks/VASP/CdTe_Hybrid/6.5.1-NVHPC-LibSci-OpenACC-mps/CdTe_8nodes_64cores_36threads_1NCORE_8KPAR_202603231531.OUTCAR,202603231531,2026.03.23 15:31:45,8,2240,64,35,32,3607955.2166956523,8,1,8,776,100.589,355.916
IsambardAI,6.5.1-NVHPC-LibSci-OpenACC-mps,/lus/lfs1aip2/projects/u6cb/benchmarks/VASP/CdTe_Hybrid/6.5.1-NVHPC-LibSci-OpenACC-mps/CdTe_8nodes_64cores_36threads_1NCORE_4KPAR_202603210735.OUTCAR,202603210735,2026.03.21 07:35:45,8,2240,64,35,32,3302982.300521739,4,1,16,784,113.8771,354.143
IsambardAI,6.5.1-NVHPC-LibSci-OpenACC-mps,/lus/lfs1aip2/projects/u6cb/benchmarks/VASP/CdTe_Hybrid/6.5.1-NVHPC-LibSci-OpenACC-mps/CdTe_2nodes_16cores_36threads_1NCORE_8KPAR_202603231521.OUTCAR,202603231521,2026.03.23 15:22:14,2,560,16,35,8,3029199.7524516126,8,1,2,770,324.5327,925.733
IsambardAI,6.5.1-NVHPC-LibSci-OpenACC-mps,/lus/lfs1aip2/projects/u6cb/benchmarks/VASP/CdTe_Hybrid/6.5.1-NVHPC-LibSci-OpenACC-mps/CdTe_4nodes_128cores_9threads_1NCORE_8KPAR_202603231521.OUTCAR,202603231521,2026.03.23 15:22:46,4,1024,128,8,16,4200241.992533334,8,1,16,784,216.9635,1071.624
IsambardAI,6.5.1-NVHPC-LibSci-OpenACC-mps,/lus/lfs1aip2/projects/u6cb/benchmarks/VASP/CdTe_Hybrid/6.5.1-NVHPC-LibSci-OpenACC-mps/CdTe_8nodes_128cores_18threads_1NCORE_1KPAR_202603232130.OUTCAR,202603232130,2026.03.23 21:30:56,8,2176,128,17,32,10025013.15812766,1,1,128,896,1173.0896,1561.776
IsambardAI,6.5.1-NVHPC-LibSci-OpenACC-mps,/lus/lfs1aip2/projects/u6cb/benchmarks/VASP/CdTe_Hybrid/6.5.1-NVHPC-LibSci-OpenACC-mps/CdTe_2nodes_16cores_36threads_1NCORE_4KPAR_202603232111.OUTCAR,202603232111,2026.03.23 21:12:13,2,560,16,35,8,2878940.7698113206,4,1,4,772,321.1375,869.57
IsambardAI,6.5.1-NVHPC-LibSci-OpenACC-mps,/lus/lfs1aip2/projects/u6cb/benchmarks/VASP/CdTe_Hybrid/6.5.1-NVHPC-LibSci-OpenACC-mps/CdTe_8nodes_256cores_9threads_1NCORE_1KPAR_202603232111.OUTCAR,202603232111,2026.03.23 21:12:51,8,2048,256,8,32,18784211.338039216,1,1,256,1024,2459.3577,3306.91
IsambardAI,6.5.1-NVHPC-LibSci-OpenACC-mps,/lus/lfs1aip2/projects/u6cb/benchmarks/VASP/CdTe_Hybrid/6.5.1-NVHPC-LibSci-OpenACC-mps/CdTe_4nodes_64cores_18threads_1NCORE_1KPAR_202603231521.OUTCAR,202603231521,2026.03.23 15:22:24,4,1088,64,17,16,6342797.306983784,1,1,64,832,1097.1938,1606.534
IsambardAI,6.5.1-NVHPC-LibSci-OpenACC-mps,/lus/lfs1aip2/projects/u6cb/benchmarks/VASP/CdTe_Hybrid/6.5.1-NVHPC-LibSci-OpenACC-mps/CdTe_2nodes_16cores_36threads_1NCORE_8KPAR_202603232120.OUTCAR,202603232120,2026.03.23 21:21:03,2,560,16,35,8,3032030.400516129,8,1,2,770,324.7091,924.902
IsambardAI,6.5.1-NVHPC-LibSci-OpenACC-mps,/lus/lfs1aip2/projects/u6cb/benchmarks/VASP/CdTe_Hybrid/6.5.1-NVHPC-LibSci-OpenACC-mps/CdTe_2nodes_32cores_18threads_1NCORE_8KPAR_202603232111.OUTCAR,202603232111,2026.03.23 21:12:23,2,544,32,17,8,2966136.7855172413,8,1,4,772,315.2801,881.454
IsambardAI,6.5.1-NVHPC-LibSci-OpenACC-mps,/lus/lfs1aip2/projects/u6cb/benchmarks/VASP/CdTe_Hybrid/6.5.1-NVHPC-LibSci-OpenACC-mps/CdTe_16nodes_512cores_9threads_1NCORE_4KPAR_202603201520.OUTCAR,202603201520,2026.03.20 15:21:05,16,4096,512,8,64,11737630.313100917,4,1,128,896,536.282,963.123
IsambardAI,6.5.1-NVHPC-LibSci-OpenACC-mps,/lus/lfs1aip2/projects/u6cb/benchmarks/VASP/CdTe_Hybrid/6.5.1-NVHPC-LibSci-OpenACC-mps/CdTe_2nodes_32cores_18threads_1NCORE_1KPAR_202603232111.OUTCAR,202603232111,2026.03.23 21:12:23,2,544,32,17,8,4436400.177057269,1,1,32,800,518.9499,1949.548
IsambardAI,6.5.1-NVHPC-LibSci-OpenACC-mps,/lus/lfs1aip2/projects/u6cb/benchmarks/VASP/CdTe_Hybrid/6.5.1-NVHPC-LibSci-OpenACC-mps/CdTe_4nodes_64cores_18threads_1NCORE_4KPAR_202603231521.OUTCAR,202603231521,2026.03.23 15:22:24,4,1088,64,17,16,4325220.981333333,4,1,16,784,213.4031,988.742
IsambardAI,6.5.1-NVHPC-LibSci-OpenACC-mps,/lus/lfs1aip2/projects/u6cb/benchmarks/VASP/CdTe_Hybrid/6.5.1-NVHPC-LibSci-OpenACC-mps/CdTe_16nodes_128cores_36threads_1NCORE_1KPAR_202603201519.OUTCAR,202603201519,2026.03.20 15:20:33,16,4480,128,35,64,12501236.813606298,1,1,128,896,843.4338,1115.022
IsambardAI,6.5.1-NVHPC-LibSci-OpenACC-mps,/lus/lfs1aip2/projects/u6cb/benchmarks/VASP/CdTe_Hybrid/6.5.1-NVHPC-LibSci-OpenACC-mps/CdTe_2nodes_16cores_36threads_1NCORE_4KPAR_202603232119.OUTCAR,202603232119,2026.03.23 21:20:11,2,560,16,35,8,2843912.8965517245,4,1,4,772,323.2511,876.85
IsambardAI,6.5.1-NVHPC-LibSci-OpenACC-mps,/lus/lfs1aip2/projects/u6cb/benchmarks/VASP/CdTe_Hybrid/6.5.1-NVHPC-LibSci-OpenACC-mps/CdTe_4nodes_128cores_9threads_1NCORE_1KPAR_202603232121.OUTCAR,202603232121,2026.03.23 21:22:18,4,1024,128,8,16,9785772.229418764,1,1,128,896,2106.4703,3312.591
IsambardAI,6.5.1-NVHPC-LibSci-OpenACC-mps,/lus/lfs1aip2/projects/u6cb/benchmarks/VASP/CdTe_Hybrid/6.5.1-NVHPC-LibSci-OpenACC-mps/CdTe_2nodes_64cores_9threads_1NCORE_4KPAR_202603201127.OUTCAR,202603201127,2026.03.20 11:28:11,2,512,64,8,8,4329222.899388235,4,1,16,784,407.9576,1952.234
IsambardAI,6.5.1-NVHPC-LibSci-OpenACC-mps,/lus/lfs1aip2/projects/u6cb/benchmarks/VASP/CdTe_Hybrid/6.5.1-NVHPC-LibSci-OpenACC-mps/CdTe_1nodes_8cores_36threads_1NCORE_1KPAR_202603232111.OUTCAR,202603232111,2026.03.23 21:12:01,1,280,8,35,4,3004901.101451613,1,1,8,776,698.0294,1861.19
IsambardAI,6.5.1-NVHPC-LibSci-OpenACC-mps,/lus/lfs1aip2/projects/u6cb/benchmarks/VASP/CdTe_Hybrid/6.5.1-NVHPC-LibSci-OpenACC-mps/CdTe_1nodes_16cores_18threads_1NCORE_2KPAR_202603201127.OUTCAR,202603201127,2026.03.20 11:27:39,1,272,16,17,4,2743330.405882353,2,1,8,776,621.4258,1688.167
IsambardAI,6.5.1-NVHPC-LibSci-OpenACC-mps,/lus/lfs1aip2/projects/u6cb/benchmarks/VASP/CdTe_Hybrid/6.5.1-NVHPC-LibSci-OpenACC-mps/CdTe_2nodes_16cores_36threads_1NCORE_1KPAR_202603201127.OUTCAR,202603201127,2026.03.20 11:27:42,2,560,16,35,8,3145147.0082222223,1,1,16,784,427.056,1098.524
IsambardAI,6.5.1-NVHPC-LibSci-OpenACC-mps,/lus/lfs1aip2/projects/u6cb/benchmarks/VASP/CdTe_Hybrid/6.5.1-NVHPC-LibSci-OpenACC-mps/CdTe_16nodes_128cores_36threads_1NCORE_2KPAR_202603232118.OUTCAR,202603232118,2026.03.23 21:19:02,16,4480,128,35,64,7525908.365283019,2,1,64,832,384.8998,580.259
IsambardAI,6.5.1-NVHPC-LibSci-OpenACC-mps,/lus/lfs1aip2/projects/u6cb/benchmarks/VASP/CdTe_Hybrid/6.5.1-NVHPC-LibSci-OpenACC-mps/CdTe_2nodes_64cores_9threads_1NCORE_8KPAR_202603232111.OUTCAR,202603232111,2026.03.23 21:12:38,2,512,64,8,8,3055140.2983724135,8,1,8,776,328.1724,1120.484
IsambardAI,6.5.1-NVHPC-LibSci-OpenACC-mps,/lus/lfs1aip2/projects/u6cb/benchmarks/VASP/CdTe_Hybrid/6.5.1-NVHPC-LibSci-OpenACC-mps/CdTe_16nodes_128cores_36threads_1NCORE_4KPAR_202603231553.OUTCAR,202603231553,2026.03.23 15:53:40,16,4480,128,35,64,4136231.3661935483,4,1,32,800,78.6496,256.346
IsambardAI,6.5.1-NVHPC-LibSci-OpenACC-mps,/lus/lfs1aip2/projects/u6cb/benchmarks/VASP/CdTe_Hybrid/6.5.1-NVHPC-LibSci-OpenACC-mps/CdTe_2nodes_16cores_36threads_1NCORE_2KPAR_202603201127.OUTCAR,202603201127,2026.03.20 11:27:39,2,560,16,35,8,3288015.9221818177,2,1,8,776,357.0562,1007.766
IsambardAI,6.5.1-NVHPC-LibSci-OpenACC-mps,/lus/lfs1aip2/projects/u6cb/benchmarks/VASP/CdTe_Hybrid/6.5.1-NVHPC-LibSci-OpenACC-mps/CdTe_8nodes_64cores_36threads_1NCORE_4KPAR_202603232111.OUTCAR,202603232111,2026.03.23 21:12:07,8,2240,64,35,32,3200160.7408,4,1,16,784,113.2497,356.842
IsambardAI,6.5.1-NVHPC-LibSci-OpenACC-mps,/lus/lfs1aip2/projects/u6cb/benchmarks/VASP/CdTe_Hybrid/6.5.1-NVHPC-LibSci-OpenACC-mps/CdTe_1nodes_32cores_9threads_1NCORE_2KPAR_202603232113.OUTCAR,202603232113,2026.03.23 21:14:06,1,256,32,8,4,4019860.28502714,2,1,16,784,778.9844,3612.316
IsambardAI,6.5.1-NVHPC-LibSci-OpenACC-mps,/lus/lfs1aip2/projects/u6cb/benchmarks/VASP/CdTe_Hybrid/6.5.1-NVHPC-LibSci-OpenACC-mps/CdTe_4nodes_32cores_36threads_1NCORE_1KPAR_202603231521.OUTCAR,202603231521,2026.03.23 15:22:13,4,1120,32,35,16,3553442.9513043477,1,1,32,800,291.3945,710.81
IsambardAI,6.5.1-NVHPC-LibSci-OpenACC-mps,/lus/lfs1aip2/projects/u6cb/benchmarks/VASP/CdTe_Hybrid/6.5.1-NVHPC-LibSci-OpenACC-mps/CdTe_8nodes_256cores_9threads_1NCORE_4KPAR_202603201519.OUTCAR,202603201519,2026.03.20 15:21:11,8,2048,256,8,32,7422309.578514286,4,1,64,832,510.5184,1094.607
IsambardAI,6.5.1-NVHPC-LibSci-OpenACC-mps,/lus/lfs1aip2/projects/u6cb/benchmarks/VASP/CdTe_Hybrid/6.5.1-NVHPC-LibSci-OpenACC-mps/CdTe_16nodes_256cores_18threads_1NCORE_8KPAR_202603201520.OUTCAR,202603201520,2026.03.20 15:20:40,16,4352,256,17,64,6175625.402181818,8,1,32,800,77.5589,360.676
IsambardAI,6.5.1-NVHPC-LibSci-OpenACC-mps,/lus/lfs1aip2/projects/u6cb/benchmarks/VASP/CdTe_Hybrid/6.5.1-NVHPC-LibSci-OpenACC-mps/CdTe_8nodes_256cores_9threads_1NCORE_4KPAR_202603210735.OUTCAR,202603210735,2026.03.21 07:36:21,8,2048,256,8,32,7027127.126241135,4,1,64,832,518.9288,1092.832
IsambardAI,6.5.1-NVHPC-LibSci-OpenACC-mps,/lus/lfs1aip2/projects/u6cb/benchmarks/VASP/CdTe_Hybrid/6.5.1-NVHPC-LibSci-OpenACC-mps/CdTe_16nodes_256cores_18threads_1NCORE_2KPAR_202603232129.OUTCAR,202603232129,2026.03.23 21:29:44,16,4352,256,17,64,10546392.68335484,2,1,128,896,603.427,855.642
IsambardAI,6.5.1-NVHPC-LibSci-OpenACC-mps,/lus/lfs1aip2/projects/u6cb/benchmarks/VASP/CdTe_Hybrid/6.5.1-NVHPC-LibSci-OpenACC-mps/CdTe_4nodes_128cores_9threads_1NCORE_4KPAR_202603232111.OUTCAR,202603232111,2026.03.23 21:12:42,4,1024,128,8,16,6566912.943020408,4,1,32,800,329.7925,1873.659
IsambardAI,6.5.1-NVHPC-LibSci-OpenACC-mps,/lus/lfs1aip2/projects/u6cb/benchmarks/VASP/CdTe_Hybrid/6.5.1-NVHPC-LibSci-OpenACC-mps/CdTe_16nodes_256cores_18threads_1NCORE_1KPAR_202603232111.OUTCAR,202603232111,2026.03.23 21:12:23,16,4352,256,17,64,20212720.172065575,1,1,256,1024,1466.2077,1830.587
IsambardAI,6.5.1-NVHPC-LibSci-OpenACC-mps,/lus/lfs1aip2/projects/u6cb/benchmarks/VASP/CdTe_Hybrid/6.5.1-NVHPC-LibSci-OpenACC-mps/CdTe_4nodes_32cores_36threads_1NCORE_8KPAR_202603201519.OUTCAR,202603201519,2026.03.20 15:20:25,4,1120,32,35,16,2982945.5868852455,8,1,4,772,170.691,524.506
IsambardAI,6.5.1-NVHPC-LibSci-OpenACC-mps,/lus/lfs1aip2/projects/u6cb/benchmarks/VASP/CdTe_Hybrid/6.5.1-NVHPC-LibSci-OpenACC-mps/CdTe_4nodes_32cores_36threads_1NCORE_8KPAR_202603232122.OUTCAR,202603232122,2026.03.23 21:22:57,4,1120,32,35,16,3230368.8224,8,1,4,772,170.5083,520.463
IsambardAI,6.5.1-NVHPC-LibSci-OpenACC-mps,/lus/lfs1aip2/projects/u6cb/benchmarks/VASP/CdTe_Hybrid/6.5.1-NVHPC-LibSci-OpenACC-mps/CdTe_2nodes_16cores_36threads_1NCORE_1KPAR_202603231521.OUTCAR,202603231521,2026.03.23 15:22:07,2,560,16,35,8,3063216.032,1,1,16,784,427.6228,1095.392
IsambardAI,6.5.1-NVHPC-LibSci-OpenACC-mps,/lus/lfs1aip2/projects/u6cb/benchmarks/VASP/CdTe_Hybrid/6.5.1-NVHPC-LibSci-OpenACC-mps/CdTe_8nodes_256cores_9threads_1NCORE_8KPAR_202603201519.OUTCAR,202603201519,2026.03.20 15:21:04,8,2048,256,8,32,7919160.317672728,8,1,32,800,182.0882,1039.424
IsambardAI,6.5.1-NVHPC-LibSci-OpenACC-mps,/lus/lfs1aip2/projects/u6cb/benchmarks/VASP/CdTe_Hybrid/6.5.1-NVHPC-LibSci-OpenACC-mps/CdTe_1nodes_32cores_9threads_1NCORE_2KPAR_202603231521.OUTCAR,202603231521,2026.03.23 15:22:27,1,256,32,8,4,4092778.915041667,2,1,16,784,753.6171,3597.485
IsambardAI,6.5.1-NVHPC-LibSci-OpenACC-mps,/lus/lfs1aip2/projects/u6cb/benchmarks/VASP/CdTe_Hybrid/6.5.1-NVHPC-LibSci-OpenACC-mps/CdTe_8nodes_128cores_18threads_1NCORE_8KPAR_202603231532.OUTCAR,202603231532,2026.03.23 15:32:47,8,2176,128,17,32,4676020.511085714,8,1,16,784,114.1238,563.391
IsambardAI,6.5.1-NVHPC-LibSci-OpenACC-mps,/lus/lfs1aip2/projects/u6cb/benchmarks/VASP/CdTe_Hybrid/6.5.1-NVHPC-LibSci-OpenACC-mps/CdTe_8nodes_256cores_9threads_1NCORE_4KPAR_202603231530.OUTCAR,202603231530,2026.03.23 15:31:55,8,2048,256,8,32,7454796.904397163,4,1,64,832,517.8768,1096.091
IsambardAI,6.5.1-NVHPC-LibSci-OpenACC-mps,/lus/lfs1aip2/projects/u6cb/benchmarks/VASP/CdTe_Hybrid/6.5.1-NVHPC-LibSci-OpenACC-mps/CdTe_8nodes_128cores_18threads_1NCORE_8KPAR_202603201519.OUTCAR,202603201519,2026.03.20 15:20:39,8,2176,128,17,32,4748105.760438357,8,1,16,784,114.0155,558.758
IsambardAI,6.5.1-NVHPC-LibSci-OpenACC-mps,/lus/lfs1aip2/projects/u6cb/benchmarks/VASP/CdTe_Hybrid/6.5.1-NVHPC-LibSci-OpenACC-mps/CdTe_8nodes_64cores_36threads_1NCORE_4KPAR_202603231524.OUTCAR,202603231524,2026.03.23 15:24:31,8,2240,64,35,32,3503783.389090909,4,1,16,784,114.266,356.32
IsambardAI,6.5.1-NVHPC-LibSci-OpenACC-mps,/lus/lfs1aip2/projects/u6cb/benchmarks/VASP/CdTe_Hybrid/6.5.1-NVHPC-LibSci-OpenACC-mps/CdTe_4nodes_32cores_36threads_1NCORE_4KPAR_202603201519.OUTCAR,202603201519,2026.03.20 15:20:21,4,1120,32,35,16,3100548.228210526,4,1,8,776,185.3284,570.786
IsambardAI,6.5.1-NVHPC-LibSci-OpenACC-mps,/lus/lfs1aip2/projects/u6cb/benchmarks/VASP/CdTe_Hybrid/6.5.1-NVHPC-LibSci-OpenACC-mps/CdTe_2nodes_16cores_36threads_1NCORE_2KPAR_202603232111.OUTCAR,202603232111,2026.03.23 21:12:06,2,560,16,35,8,3220193.5399999996,2,1,8,776,356.2423,1008.81
IsambardAI,6.5.1-NVHPC-LibSci-OpenACC-mps,/lus/lfs1aip2/projects/u6cb/benchmarks/VASP/CdTe_Hybrid/6.5.1-NVHPC-LibSci-OpenACC-mps/CdTe_4nodes_32cores_36threads_1NCORE_2KPAR_202603210735.OUTCAR,202603210735,2026.03.21 07:35:45,4,1120,32,35,16,3031520.107,2,1,16,784,219.9444,601.413
IsambardAI,6.5.1-NVHPC-LibSci-OpenACC-mps,/lus/lfs1aip2/projects/u6cb/benchmarks/VASP/CdTe_Hybrid/6.5.1-NVHPC-LibSci-OpenACC-mps/CdTe_8nodes_256cores_9threads_1NCORE_8KPAR_202603231537.OUTCAR,202603231537,2026.03.23 15:37:59,8,2048,256,8,32,6876030.925679389,8,1,32,800,182.7606,1034.922
IsambardAI,6.5.1-NVHPC-LibSci-OpenACC-mps,/lus/lfs1aip2/projects/u6cb/benchmarks/VASP/CdTe_Hybrid/6.5.1-NVHPC-LibSci-OpenACC-mps/CdTe_4nodes_128cores_9threads_1NCORE_2KPAR_202603232121.OUTCAR,202603232121,2026.03.23 21:22:49,4,1024,128,8,16,6813571.796460967,2,1,64,832,1042.6533,2044.708
IsambardAI,6.5.1-NVHPC-LibSci-OpenACC-mps,/lus/lfs1aip2/projects/u6cb/benchmarks/VASP/CdTe_Hybrid/6.5.1-NVHPC-LibSci-OpenACC-mps/CdTe_8nodes_64cores_36threads_1NCORE_1KPAR_202603232111.OUTCAR,202603232111,2026.03.23 21:12:07,8,2240,64,35,32,7627379.156040404,1,1,64,832,773.118,1065.442
IsambardAI,6.5.1-NVHPC-LibSci-OpenACC-mps,/lus/lfs1aip2/projects/u6cb/benchmarks/VASP/CdTe_Hybrid/6.5.1-NVHPC-LibSci-OpenACC-mps/CdTe_2nodes_16cores_36threads_1NCORE_1KPAR_202603232116.OUTCAR,202603232116,2026.03.23 21:16:27,2,560,16,35,8,3000064.0540845073,1,1,16,784,431.292,1104.68
IsambardAI,6.5.1-NVHPC-LibSci-OpenACC-mps,/lus/lfs1aip2/projects/u6cb/benchmarks/VASP/CdTe_Hybrid/6.5.1-NVHPC-LibSci-OpenACC-mps/CdTe_16nodes_256cores_18threads_1NCORE_8KPAR_202603232153.OUTCAR,202603232153,2026.03.23 21:53:55,16,4352,256,17,64,5243787.073488371,8,1,32,800,76.9969,354.78
IsambardAI,6.5.1-NVHPC-LibSci-OpenACC-mps,/lus/lfs1aip2/projects/u6cb/benchmarks/VASP/CdTe_Hybrid/6.5.1-NVHPC-LibSci-OpenACC-mps/CdTe_8nodes_256cores_9threads_1NCORE_1KPAR_202603210735.OUTCAR,202603210735,2026.03.21 07:36:22,8,2048,256,8,32,18772881.787127275,1,1,256,1024,2491.8337,3340.101
IsambardAI,6.5.1-NVHPC-LibSci-OpenACC-mps,/lus/lfs1aip2/projects/u6cb/benchmarks/VASP/CdTe_Hybrid/6.5.1-NVHPC-LibSci-OpenACC-mps/CdTe_1nodes_8cores_36threads_1NCORE_4KPAR_202603231521.OUTCAR,202603231521,2026.03.23 15:22:02,1,280,8,35,4,2652948.9433962265,4,1,2,770,615.4386,1589.52
IsambardAI,6.5.1-NVHPC-LibSci-OpenACC-mps,/lus/lfs1aip2/projects/u6cb/benchmarks/VASP/CdTe_Hybrid/6.5.1-NVHPC-LibSci-OpenACC-mps/CdTe_16nodes_128cores_36threads_1NCORE_4KPAR_202603232144.OUTCAR,202603232144,2026.03.23 21:44:37,16,4480,128,35,64,4267555.665655172,4,1,32,800,78.9802,262.811
IsambardAI,6.5.1-NVHPC-LibSci-OpenACC-mps,/lus/lfs1aip2/projects/u6cb/benchmarks/VASP/CdTe_Hybrid/6.5.1-NVHPC-LibSci-OpenACC-mps/CdTe_16nodes_512cores_9threads_1NCORE_4KPAR_202603231557.OUTCAR,202603231557,2026.03.23 15:58:11,16,4096,512,8,64,12098668.539317073,4,1,128,896,540.7181,969.771
IsambardAI,6.5.1-NVHPC-LibSci-OpenACC-mps,/lus/lfs1aip2/projects/u6cb/benchmarks/VASP/CdTe_Hybrid/6.5.1-NVHPC-LibSci-OpenACC-mps/CdTe_8nodes_64cores_36threads_1NCORE_2KPAR_202603210735.OUTCAR,202603210735,2026.03.21 07:35:45,8,2240,64,35,32,3635967.955692308,2,1,32,800,149.045,408.184
IsambardAI,6.5.1-NVHPC-LibSci-OpenACC-mps,/lus/lfs1aip2/projects/u6cb/benchmarks/VASP/CdTe_Hybrid/6.5.1-NVHPC-LibSci-OpenACC-mps/CdTe_4nodes_128cores_9threads_1NCORE_1KPAR_202603210735.OUTCAR,202603210735,2026.03.21 07:36:22,4,1024,128,8,16,10098457.732979406,1,1,128,896,2102.8661,3312.476
IsambardAI,6.5.1-NVHPC-LibSci-OpenACC-mps,/lus/lfs1aip2/projects/u6cb/benchmarks/VASP/CdTe_Hybrid/6.5.1-NVHPC-LibSci-OpenACC-mps/CdTe_2nodes_32cores_18threads_1NCORE_2KPAR_202603232119.OUTCAR,202603232119,2026.03.23 21:20:06,2,544,32,17,8,3939552.711369294,2,1,16,784,412.5159,1824.645
IsambardAI,6.5.1-NVHPC-LibSci-OpenACC-mps,/lus/lfs1aip2/projects/u6cb/benchmarks/VASP/CdTe_Hybrid/6.5.1-NVHPC-LibSci-OpenACC-mps/CdTe_2nodes_32cores_18threads_1NCORE_2KPAR_202603231521.OUTCAR,202603231521,2026.03.23 15:22:25,2,544,32,17,8,3990618.433266667,2,1,16,784,411.8823,1817.518
IsambardAI,6.5.1-NVHPC-LibSci-OpenACC-mps,/lus/lfs1aip2/projects/u6cb/benchmarks/VASP/CdTe_Hybrid/6.5.1-NVHPC-LibSci-OpenACC-mps/CdTe_2nodes_32cores_18threads_1NCORE_1KPAR_202603201127.OUTCAR,202603201127,2026.03.20 11:27:49,2,544,32,17,8,4152673.9452235294,1,1,32,800,518.0249,1920.852
IsambardAI,6.5.1-NVHPC-LibSci-OpenACC-mps,/lus/lfs1aip2/projects/u6cb/benchmarks/VASP/CdTe_Hybrid/6.5.1-NVHPC-LibSci-OpenACC-mps/CdTe_16nodes_256cores_18threads_1NCORE_2KPAR_202603201519.OUTCAR,202603201519,2026.03.20 15:20:34,16,4352,256,17,64,10327620.51880851,2,1,128,896,607.656,860.497
IsambardAI,6.5.1-NVHPC-LibSci-OpenACC-mps,/lus/lfs1aip2/projects/u6cb/benchmarks/VASP/CdTe_Hybrid/6.5.1-NVHPC-LibSci-OpenACC-mps/CdTe_1nodes_8cores_36threads_1NCORE_1KPAR_202603232113.OUTCAR,202603232113,2026.03.23 21:13:28,1,280,8,35,4,2825495.2188292686,1,1,8,776,703.4364,1868.669
IsambardAI,6.5.1-NVHPC-LibSci-OpenACC-mps,/lus/lfs1aip2/projects/u6cb/benchmarks/VASP/CdTe_Hybrid/6.5.1-NVHPC-LibSci-OpenACC-mps/CdTe_1nodes_32cores_9threads_1NCORE_2KPAR_202603201127.OUTCAR,202603201127,2026.03.20 11:27:58,1,256,32,8,4,4104508.2130743805,2,1,16,784,743.5881,3638.047
IsambardAI,6.5.1-NVHPC-LibSci-OpenACC-mps,/lus/lfs1aip2/projects/u6cb/benchmarks/VASP/CdTe_Hybrid/6.5.1-NVHPC-LibSci-OpenACC-mps/CdTe_16nodes_256cores_18threads_1NCORE_4KPAR_202603201520.OUTCAR,202603201520,2026.03.20 15:20:40,16,4352,256,17,64,8064649.0976,4,1,64,832,281.0959,492.994
IsambardAI,6.5.1-NVHPC-LibSci-OpenACC-mps,/lus/lfs1aip2/projects/u6cb/benchmarks/VASP/CdTe_Hybrid/6.5.1-NVHPC-LibSci-OpenACC-mps/CdTe_8nodes_128cores_18threads_1NCORE_8KPAR_202603210735.OUTCAR,202603210735,2026.03.21 07:35:56,8,2176,128,17,32,4523525.256888889,8,1,16,784,113.876,555.986
IsambardAI,6.5.1-NVHPC-LibSci-OpenACC-mps,/lus/lfs1aip2/projects/u6cb/benchmarks/VASP/CdTe_Hybrid/6.5.1-NVHPC-LibSci-OpenACC-mps/CdTe_2nodes_16cores_36threads_1NCORE_4KPAR_202603201127.OUTCAR,202603201127,2026.03.20 11:27:46,2,560,16,35,8,2858300.8945454545,4,1,4,772,321.7236,871.764
IsambardAI,6.5.1-NVHPC-LibSci-OpenACC-mps,/lus/lfs1aip2/projects/u6cb/benchmarks/VASP/CdTe_Hybrid/6.5.1-NVHPC-LibSci-OpenACC-mps/CdTe_4nodes_128cores_9threads_1NCORE_8KPAR_202603210735.OUTCAR,202603210735,2026.03.21 07:36:21,4,1024,128,8,16,4738394.85789928,8,1,16,784,217.9074,1082.116
IsambardAI,6.5.1-NVHPC-LibSci-OpenACC-mps,/lus/lfs1aip2/projects/u6cb/benchmarks/VASP/CdTe_Hybrid/6.5.1-NVHPC-LibSci-OpenACC-mps/CdTe_16nodes_512cores_9threads_1NCORE_1KPAR_202603232200.OUTCAR,202603232200,2026.03.23 22:01:03,16,4096,512,8,64,32077654.937537715,1,1,512,1024,2480.8081,3112.409
IsambardAI,6.5.1-NVHPC-LibSci-OpenACC-mps,/lus/lfs1aip2/projects/u6cb/benchmarks/VASP/CdTe_Hybrid/6.5.1-NVHPC-LibSci-OpenACC-mps/CdTe_4nodes_64cores_18threads_1NCORE_4KPAR_202603201519.OUTCAR,202603201519,2026.03.20 15:20:33,4,1088,64,17,16,4338479.157818182,4,1,16,784,213.1466,984.516
IsambardAI,6.5.1-NVHPC-LibSci-OpenACC-mps,/lus/lfs1aip2/projects/u6cb/benchmarks/VASP/CdTe_Hybrid/6.5.1-NVHPC-LibSci-OpenACC-mps/CdTe_4nodes_64cores_18threads_1NCORE_2KPAR_202603210735.OUTCAR,202603210735,2026.03.21 07:35:56,4,1088,64,17,16,4367349.883529413,2,1,32,800,266.6425,1028.943
IsambardAI,6.5.1-NVHPC-LibSci-OpenACC-mps,/lus/lfs1aip2/projects/u6cb/benchmarks/VASP/CdTe_Hybrid/6.5.1-NVHPC-LibSci-OpenACC-mps/CdTe_1nodes_16cores_18threads_1NCORE_1KPAR_202603232113.OUTCAR,202603232113,2026.03.23 21:13:49,1,272,16,17,4,3811715.43859081,1,1,16,784,814.9891,3459.793
IsambardAI,6.5.1-NVHPC-LibSci-OpenACC-mps,/lus/lfs1aip2/projects/u6cb/benchmarks/VASP/CdTe_Hybrid/6.5.1-NVHPC-LibSci-OpenACC-mps/CdTe_16nodes_512cores_9threads_1NCORE_4KPAR_202603232218.OUTCAR,202603232218,2026.03.23 22:19:03,16,4096,512,8,64,11780219.515870968,4,1,128,896,544.0903,976.062
IsambardAI,6.5.1-NVHPC-LibSci-OpenACC-mps,/lus/lfs1aip2/projects/u6cb/benchmarks/VASP/CdTe_Hybrid/6.5.1-NVHPC-LibSci-OpenACC-mps/CdTe_8nodes_256cores_9threads_1NCORE_4KPAR_202603232141.OUTCAR,202603232141,2026.03.23 21:42:24,8,2048,256,8,32,7266710.936068376,4,1,64,832,524.1045,1103.744
IsambardAI,6.5.1-NVHPC-LibSci-OpenACC-mps,/lus/lfs1aip2/projects/u6cb/benchmarks/VASP/CdTe_Hybrid/6.5.1-NVHPC-LibSci-OpenACC-mps/CdTe_4nodes_32cores_36threads_1NCORE_2KPAR_202603232111.OUTCAR,202603232111,2026.03.23 21:12:06,4,1120,32,35,16,3081091.7004,2,1,16,784,218.5616,602.569
IsambardAI,6.5.1-NVHPC-LibSci-OpenACC-mps,/lus/lfs1aip2/projects/u6cb/benchmarks/VASP/CdTe_Hybrid/6.5.1-NVHPC-LibSci-OpenACC-mps/CdTe_4nodes_64cores_18threads_1NCORE_2KPAR_202603232111.OUTCAR,202603232111,2026.03.23 21:12:17,4,1088,64,17,16,4371447.297910448,2,1,32,800,264.5283,1033.035
IsambardAI,6.5.1-NVHPC-LibSci-OpenACC-mps,/lus/lfs1aip2/projects/u6cb/benchmarks/VASP/CdTe_Hybrid/6.5.1-NVHPC-LibSci-OpenACC-mps/CdTe_1nodes_8cores_36threads_1NCORE_2KPAR_202603232113.OUTCAR,202603232113,2026.03.23 21:13:43,1,280,8,35,4,2747359.591067961,2,1,4,772,628.7295,1566.041
IsambardAI,6.5.1-NVHPC-LibSci-OpenACC-mps,/lus/lfs1aip2/projects/u6cb/benchmarks/VASP/CdTe_Hybrid/6.5.1-NVHPC-LibSci-OpenACC-mps/CdTe_16nodes_256cores_18threads_1NCORE_8KPAR_202603210741.OUTCAR,202603210741,2026.03.21 07:42:12,16,4352,256,17,64,5274333.248,8,1,32,800,76.9899,353.429
IsambardAI,6.5.1-NVHPC-LibSci-OpenACC-mps,/lus/lfs1aip2/projects/u6cb/benchmarks/VASP/CdTe_Hybrid/6.5.1-NVHPC-LibSci-OpenACC-mps/CdTe_16nodes_128cores_36threads_1NCORE_2KPAR_202603231542.OUTCAR,202603231542,2026.03.23 15:43:15,16,4480,128,35,64,8656912.726857143,2,1,64,832,387.6924,582.318
IsambardAI,6.5.1-NVHPC-LibSci-OpenACC-mps,/lus/lfs1aip2/projects/u6cb/benchmarks/VASP/CdTe_Hybrid/6.5.1-NVHPC-LibSci-OpenACC-mps/CdTe_16nodes_256cores_18threads_1NCORE_1KPAR_202603210739.OUTCAR,202603210739,2026.03.21 07:40:15,16,4352,256,17,64,19655948.427803278,1,1,256,1024,1472.6847,1833.249
IsambardAI,6.5.1-NVHPC-LibSci-OpenACC-mps,/lus/lfs1aip2/projects/u6cb/benchmarks/VASP/CdTe_Hybrid/6.5.1-NVHPC-LibSci-OpenACC-mps/CdTe_16nodes_512cores_9threads_1NCORE_8KPAR_202603232226.OUTCAR,202603232226,2026.03.23 22:27:23,16,4096,512,8,64,8189962.1461333325,8,1,64,832,275.8184,652.358
IsambardAI,6.5.1-NVHPC-LibSci-OpenACC-mps,/lus/lfs1aip2/projects/u6cb/benchmarks/VASP/CdTe_Hybrid/6.5.1-NVHPC-LibSci-OpenACC-mps/CdTe_2nodes_32cores_18threads_1NCORE_4KPAR_202603232119.OUTCAR,202603232119,2026.03.23 21:20:19,2,544,32,17,8,2909613.0473548383,4,1,8,776,327.9745,943.687
IsambardAI,6.5.1-NVHPC-LibSci-OpenACC-mps,/lus/lfs1aip2/projects/u6cb/benchmarks/VASP/CdTe_Hybrid/6.5.1-NVHPC-LibSci-OpenACC-mps/CdTe_8nodes_128cores_18threads_1NCORE_1KPAR_202603231521.OUTCAR,202603231521,2026.03.23 15:22:24,8,2176,128,17,32,10008584.44108108,1,1,128,896,1182.1775,1569.84
IsambardAI,6.5.1-NVHPC-LibSci-OpenACC-mps,/lus/lfs1aip2/projects/u6cb/benchmarks/VASP/CdTe_Hybrid/6.5.1-NVHPC-LibSci-OpenACC-mps/CdTe_4nodes_64cores_18threads_1NCORE_8KPAR_202603232111.OUTCAR,202603232111,2026.03.23 21:12:17,4,1088,64,17,16,2757997.72,8,1,8,776,173.8282,553.614
IsambardAI,6.5.1-NVHPC-LibSci-OpenACC-mps,/lus/lfs1aip2/projects/u6cb/benchmarks/VASP/CdTe_Hybrid/6.5.1-NVHPC-LibSci-OpenACC-mps/CdTe_16nodes_512cores_9threads_1NCORE_1KPAR_202603201519.OUTCAR,202603201519,2026.03.20 15:21:00,16,4096,512,8,64,33697221.88606793,1,1,512,1024,2463.6464,3093.576
IsambardAI,6.5.1-NVHPC-LibSci-OpenACC-mps,/lus/lfs1aip2/projects/u6cb/benchmarks/VASP/CdTe_Hybrid/6.5.1-NVHPC-LibSci-OpenACC-mps/CdTe_8nodes_128cores_18threads_1NCORE_4KPAR_202603231529.OUTCAR,202603231529,2026.03.23 15:30:03,8,2176,128,17,32,4999963.208,4,1,32,800,138.9773,589.939
IsambardAI,6.5.1-NVHPC-LibSci-OpenACC-mps,/lus/lfs1aip2/projects/u6cb/benchmarks/VASP/CdTe_Hybrid/6.5.1-NVHPC-LibSci-OpenACC-mps/CdTe_4nodes_32cores_36threads_1NCORE_4KPAR_202603231521.OUTCAR,202603231521,2026.03.23 15:22:12,4,1120,32,35,16,3284203.853263158,4,1,8,776,185.5805,570.689
IsambardAI,6.5.1-NVHPC-LibSci-OpenACC-mps,/lus/lfs1aip2/projects/u6cb/benchmarks/VASP/CdTe_Hybrid/6.5.1-NVHPC-LibSci-OpenACC-mps/CdTe_4nodes_32cores_36threads_1NCORE_4KPAR_202603210735.OUTCAR,202603210735,2026.03.21 07:35:44,4,1120,32,35,16,3171052.001315069,4,1,8,776,185.6704,570.142
IsambardAI,6.5.1-NVHPC-LibSci-OpenACC-mps,/lus/lfs1aip2/projects/u6cb/benchmarks/VASP/CdTe_Hybrid/6.5.1-NVHPC-LibSci-OpenACC-mps/CdTe_4nodes_64cores_18threads_1NCORE_4KPAR_202603210735.OUTCAR,202603210735,2026.03.21 07:35:56,4,1088,64,17,16,4426895.411636364,4,1,16,784,214.2779,989.047
IsambardAI,6.5.1-NVHPC-LibSci-OpenACC-mps,/lus/lfs1aip2/projects/u6cb/benchmarks/VASP/CdTe_Hybrid/6.5.1-NVHPC-LibSci-OpenACC-mps/CdTe_4nodes_64cores_18threads_1NCORE_1KPAR_202603210735.OUTCAR,202603210735,2026.03.21 07:35:57,4,1088,64,17,16,6507105.644626506,1,1,64,832,1114.3278,1620.941
IsambardAI,6.5.1-NVHPC-LibSci-OpenACC-mps,/lus/lfs1aip2/projects/u6cb/benchmarks/VASP/CdTe_Hybrid/6.5.1-NVHPC-LibSci-OpenACC-mps/CdTe_4nodes_128cores_9threads_1NCORE_2KPAR_202603201519.OUTCAR,202603201519,2026.03.20 15:20:57,4,1024,128,8,16,6845323.456475837,2,1,64,832,1041.0425,2048.387
IsambardAI,6.5.1-NVHPC-LibSci-OpenACC-mps,/lus/lfs1aip2/projects/u6cb/benchmarks/VASP/CdTe_Hybrid/6.5.1-NVHPC-LibSci-OpenACC-mps/CdTe_4nodes_64cores_18threads_1NCORE_8KPAR_202603232124.OUTCAR,202603232124,2026.03.23 21:24:50,4,1088,64,17,16,3015940.7541492535,8,1,8,776,173.7723,549.944
IsambardAI,6.5.1-NVHPC-LibSci-OpenACC-mps,/lus/lfs1aip2/projects/u6cb/benchmarks/VASP/CdTe_Hybrid/6.5.1-NVHPC-LibSci-OpenACC-mps/CdTe_4nodes_64cores_18threads_1NCORE_4KPAR_202603232111.OUTCAR,202603232111,2026.03.23 21:12:16,4,1088,64,17,16,4367380.581333333,4,1,16,784,213.5206,987.571
IsambardAI,6.5.1-NVHPC-LibSci-OpenACC-mps,/lus/lfs1aip2/projects/u6cb/benchmarks/VASP/CdTe_Hybrid/6.5.1-NVHPC-LibSci-OpenACC-mps/CdTe_8nodes_64cores_36threads_1NCORE_2KPAR_202603201519.OUTCAR,202603201519,2026.03.20 15:20:22,8,2240,64,35,32,3966380.688,2,1,32,800,150.213,408.952
IsambardAI,6.5.1-NVHPC-LibSci-OpenACC-mps,/lus/lfs1aip2/projects/u6cb/benchmarks/VASP/CdTe_Hybrid/6.5.1-NVHPC-LibSci-OpenACC-mps/CdTe_8nodes_64cores_36threads_1NCORE_1KPAR_202603210735.OUTCAR,202603210735,2026.03.21 07:35:47,8,2240,64,35,32,7114261.4230204085,1,1,64,832,778.5296,1070.229
IsambardAI,6.5.1-NVHPC-LibSci-OpenACC-mps,/lus/lfs1aip2/projects/u6cb/benchmarks/VASP/CdTe_Hybrid/6.5.1-NVHPC-LibSci-OpenACC-mps/CdTe_8nodes_128cores_18threads_1NCORE_2KPAR_202603232111.OUTCAR,202603232111,2026.03.23 21:12:17,8,2176,128,17,32,6593555.875628865,2,1,64,832,554.6927,858.423
IsambardAI,6.5.1-NVHPC-LibSci-OpenACC-mps,/lus/lfs1aip2/projects/u6cb/benchmarks/VASP/CdTe_Hybrid/6.5.1-NVHPC-LibSci-OpenACC-mps/CdTe_1nodes_32cores_9threads_1NCORE_4KPAR_202603232114.OUTCAR,202603232114,2026.03.23 21:15:33,1,256,32,8,4,2996090.602880597,4,1,8,776,621.9184,2008.961
IsambardAI,6.5.1-NVHPC-LibSci-OpenACC-mps,/lus/lfs1aip2/projects/u6cb/benchmarks/VASP/CdTe_Hybrid/6.5.1-NVHPC-LibSci-OpenACC-mps/CdTe_2nodes_32cores_18threads_1NCORE_1KPAR_202603232118.OUTCAR,202603232118,2026.03.23 21:18:55,2,544,32,17,8,4288082.36853125,1,1,32,800,515.9102,1930.827
IsambardAI,6.5.1-NVHPC-LibSci-OpenACC-mps,/lus/lfs1aip2/projects/u6cb/benchmarks/VASP/CdTe_Hybrid/6.5.1-NVHPC-LibSci-OpenACC-mps/CdTe_8nodes_64cores_36threads_1NCORE_1KPAR_202603231521.OUTCAR,202603231521,2026.03.23 15:22:12,8,2240,64,35,32,7131576.676571429,1,1,64,832,776.0337,1069.681
IsambardAI,6.5.1-NVHPC-LibSci-OpenACC-mps,/lus/lfs1aip2/projects/u6cb/benchmarks/VASP/CdTe_Hybrid/6.5.1-NVHPC-LibSci-OpenACC-mps/CdTe_16nodes_512cores_9threads_1NCORE_2KPAR_202603210741.OUTCAR,202603210741,2026.03.21 07:42:26,16,4096,512,8,64,19654270.61942857,2,1,256,1024,1280.4433,1789.549
IsambardAI,6.5.1-NVHPC-LibSci-OpenACC-mps,/lus/lfs1aip2/projects/u6cb/benchmarks/VASP/CdTe_Hybrid/6.5.1-NVHPC-LibSci-OpenACC-mps/CdTe_16nodes_512cores_9threads_1NCORE_8KPAR_202603210741.OUTCAR,202603210741,2026.03.21 07:42:58,16,4096,512,8,64,9109252.574372882,8,1,64,832,278.2196,650.539
IsambardAI,6.5.1-NVHPC-LibSci-OpenACC-mps,/lus/lfs1aip2/projects/u6cb/benchmarks/VASP/CdTe_Hybrid/6.5.1-NVHPC-LibSci-OpenACC-mps/CdTe_2nodes_32cores_18threads_1NCORE_4KPAR_202603201127.OUTCAR,202603201127,2026.03.20 11:27:48,2,544,32,17,8,2901308.353548387,4,1,8,776,328.9115,943.996
IsambardAI,6.5.1-NVHPC-LibSci-OpenACC-mps,/lus/lfs1aip2/projects/u6cb/benchmarks/VASP/CdTe_Hybrid/6.5.1-NVHPC-LibSci-OpenACC-mps/CdTe_8nodes_256cores_9threads_1NCORE_8KPAR_202603210735.OUTCAR,202603210735,2026.03.21 07:36:18,8,2048,256,8,32,6968935.574857143,8,1,32,800,183.3162,1030.731
IsambardAI,6.5.1-NVHPC-LibSci-OpenACC-mps,/lus/lfs1aip2/projects/u6cb/benchmarks/VASP/CdTe_Hybrid/6.5.1-NVHPC-LibSci-OpenACC-mps/CdTe_1nodes_8cores_36threads_1NCORE_2KPAR_202603232111.OUTCAR,202603232111,2026.03.23 21:12:03,1,280,8,35,4,2765117.0462574256,2,1,4,772,628.0269,1564.014
IsambardAI,6.5.1-NVHPC-LibSci-OpenACC-mps,/lus/lfs1aip2/projects/u6cb/benchmarks/VASP/CdTe_Hybrid/6.5.1-NVHPC-LibSci-OpenACC-mps/CdTe_16nodes_128cores_36threads_1NCORE_1KPAR_202603232156.OUTCAR,202603232156,2026.03.23 21:56:39,16,4480,128,35,64,12630342.865142856,1,1,128,896,847.6764,1100.513
IsambardAI,6.5.1-NVHPC-LibSci-OpenACC-mps,/lus/lfs1aip2/projects/u6cb/benchmarks/VASP/CdTe_Hybrid/6.5.1-NVHPC-LibSci-OpenACC-mps/CdTe_4nodes_128cores_9threads_1NCORE_2KPAR_202603210735.OUTCAR,202603210735,2026.03.21 07:36:21,4,1024,128,8,16,7128290.1832674,2,1,64,832,1048.0788,2064.956
IsambardAI,6.5.1-NVHPC-LibSci-OpenACC-mps,/lus/lfs1aip2/projects/u6cb/benchmarks/VASP/CdTe_Hybrid/6.5.1-NVHPC-LibSci-OpenACC-mps/CdTe_16nodes_128cores_36threads_1NCORE_1KPAR_202603231538.OUTCAR,202603231538,2026.03.23 15:38:25,16,4480,128,35,64,12170408.091278689,1,1,128,896,846.8927,1101.454
IsambardAI,6.5.1-NVHPC-LibSci-OpenACC-mps,/lus/lfs1aip2/projects/u6cb/benchmarks/VASP/CdTe_Hybrid/6.5.1-NVHPC-LibSci-OpenACC-mps/CdTe_1nodes_32cores_9threads_1NCORE_1KPAR_202603232111.OUTCAR,202603232111,2026.03.23 21:12:27,1,256,32,8,4,5894507.354241071,1,1,32,800,1216.492,6738.013
IsambardAI,6.5.1-NVHPC-LibSci-OpenACC-mps,/lus/lfs1aip2/projects/u6cb/benchmarks/VASP/CdTe_Hybrid/6.5.1-NVHPC-LibSci-OpenACC-mps/CdTe_2nodes_64cores_9threads_1NCORE_2KPAR_202603232111.OUTCAR,202603232111,2026.03.23 21:12:38,2,512,64,8,8,6334005.082076596,2,1,32,800,628.5957,3558.251
IsambardAI,6.5.1-NVHPC-LibSci-OpenACC-mps,/lus/lfs1aip2/projects/u6cb/benchmarks/VASP/CdTe_Hybrid/6.5.1-NVHPC-LibSci-OpenACC-mps/CdTe_4nodes_32cores_36threads_1NCORE_2KPAR_202603232121.OUTCAR,202603232121,2026.03.23 21:21:45,4,1120,32,35,16,3042267.04,2,1,16,784,218.8922,603.426
IsambardAI,6.5.1-NVHPC-LibSci-OpenACC-mps,/lus/lfs1aip2/projects/u6cb/benchmarks/VASP/CdTe_Hybrid/6.5.1-NVHPC-LibSci-OpenACC-mps/CdTe_8nodes_128cores_18threads_1NCORE_2KPAR_202603201519.OUTCAR,202603201519,2026.03.20 15:20:34,8,2176,128,17,32,5921035.3594482755,2,1,64,832,552.334,864.798
IsambardAI,6.5.1-NVHPC-LibSci-OpenACC-mps,/lus/lfs1aip2/projects/u6cb/benchmarks/VASP/CdTe_Hybrid/6.5.1-NVHPC-LibSci-OpenACC-mps/CdTe_16nodes_256cores_18threads_1NCORE_1KPAR_202603231539.OUTCAR,202603231539,2026.03.23 15:40:32,16,4352,256,17,64,20577393.238606963,1,1,256,1024,1489.9526,1850.854
IsambardAI,6.5.1-NVHPC-LibSci-OpenACC-mps,/lus/lfs1aip2/projects/u6cb/benchmarks/VASP/CdTe_Hybrid/6.5.1-NVHPC-LibSci-OpenACC-mps/CdTe_8nodes_256cores_9threads_1NCORE_2KPAR_202603232111.OUTCAR,202603232111,2026.03.23 21:12:42,8,2048,256,8,32,10741730.255421685,2,1,128,896,1036.1882,1715.81
IsambardAI,6.5.1-NVHPC-LibSci-OpenACC-mps,/lus/lfs1aip2/projects/u6cb/benchmarks/VASP/CdTe_Hybrid/6.5.1-NVHPC-LibSci-OpenACC-mps/CdTe_2nodes_16cores_36threads_1NCORE_8KPAR_202603232111.OUTCAR,202603232111,2026.03.23 21:12:08,2,560,16,35,8,3026047.4424615386,8,1,2,770,325.0464,923.058
IsambardAI,6.5.1-NVHPC-LibSci-OpenACC-mps,/lus/lfs1aip2/projects/u6cb/benchmarks/VASP/CdTe_Hybrid/6.5.1-NVHPC-LibSci-OpenACC-mps/CdTe_8nodes_64cores_36threads_1NCORE_8KPAR_202603201519.OUTCAR,202603201519,2026.03.20 15:20:29,8,2240,64,35,32,3719425.4000000004,8,1,8,776,100.3455,356.85
IsambardAI,6.5.1-NVHPC-LibSci-OpenACC-mps,/lus/lfs1aip2/projects/u6cb/benchmarks/VASP/CdTe_Hybrid/6.5.1-NVHPC-LibSci-OpenACC-mps/CdTe_2nodes_64cores_9threads_1NCORE_1KPAR_202603201127.OUTCAR,202603201127,2026.03.20 11:28:13,2,512,64,8,8,6632449.6878125,1,1,64,832,2012.8334,3888.21
IsambardAI,6.5.1-NVHPC-LibSci-OpenACC-mps,/lus/lfs1aip2/projects/u6cb/benchmarks/VASP/CdTe_Hybrid/6.5.1-NVHPC-LibSci-OpenACC-mps/CdTe_2nodes_64cores_9threads_1NCORE_8KPAR_202603231521.OUTCAR,202603231521,2026.03.23 15:22:46,2,512,64,8,8,3320600.467178082,8,1,8,776,327.8662,1139.394
IsambardAI,6.5.1-NVHPC-LibSci-OpenACC-mps,/lus/lfs1aip2/projects/u6cb/benchmarks/VASP/CdTe_Hybrid/6.5.1-NVHPC-LibSci-OpenACC-mps/CdTe_1nodes_32cores_9threads_1NCORE_2KPAR_202603232111.OUTCAR,202603232111,2026.03.23 21:12:29,1,256,32,8,4,3989575.8937520664,2,1,16,784,784.3801,3644.788
IsambardAI,6.5.1-NVHPC-LibSci-OpenACC-mps,/lus/lfs1aip2/projects/u6cb/benchmarks/VASP/CdTe_Hybrid/6.5.1-NVHPC-LibSci-OpenACC-mps/CdTe_1nodes_16cores_18threads_1NCORE_4KPAR_202603232111.OUTCAR,202603232111,2026.03.23 21:12:14,1,272,16,17,4,2809120.87924,4,1,4,772,597.1453,1528.238
IsambardAI,6.5.1-NVHPC-LibSci-OpenACC-mps,/lus/lfs1aip2/projects/u6cb/benchmarks/VASP/CdTe_Hybrid/6.5.1-NVHPC-LibSci-OpenACC-mps/CdTe_2nodes_16cores_36threads_1NCORE_1KPAR_202603232111.OUTCAR,202603232111,2026.03.23 21:12:06,2,560,16,35,8,3163076.6596666663,1,1,16,784,429.8368,1096.446
IsambardAI,6.5.1-NVHPC-LibSci-OpenACC-mps,/lus/lfs1aip2/projects/u6cb/benchmarks/VASP/CdTe_Hybrid/6.5.1-NVHPC-LibSci-OpenACC-mps/CdTe_4nodes_32cores_36threads_1NCORE_8KPAR_202603232111.OUTCAR,202603232111,2026.03.23 21:12:11,4,1120,32,35,16,2859322.2157575754,8,1,4,772,171.2998,524.959
IsambardAI,6.5.1-NVHPC-LibSci-OpenACC-mps,/lus/lfs1aip2/projects/u6cb/benchmarks/VASP/CdTe_Hybrid/6.5.1-NVHPC-LibSci-OpenACC-mps/CdTe_1nodes_8cores_36threads_1NCORE_4KPAR_202603201127.OUTCAR,202603201127,2026.03.20 11:27:35,1,280,8,35,4,2683064.863769231,4,1,2,770,616.0466,1591.739
IsambardAI,6.5.1-NVHPC-LibSci-OpenACC-mps,/lus/lfs1aip2/projects/u6cb/benchmarks/VASP/CdTe_Hybrid/6.5.1-NVHPC-LibSci-OpenACC-mps/CdTe_1nodes_8cores_36threads_1NCORE_2KPAR_202603201127.OUTCAR,202603201127,2026.03.20 11:27:32,1,280,8,35,4,2735758.671411765,2,1,4,772,619.1542,1555.462
IsambardAI,6.5.1-NVHPC-LibSci-OpenACC-mps,/lus/lfs1aip2/projects/u6cb/benchmarks/VASP/CdTe_Hybrid/6.5.1-NVHPC-LibSci-OpenACC-mps/CdTe_4nodes_32cores_36threads_1NCORE_4KPAR_202603232121.OUTCAR,202603232121,2026.03.23 21:22:15,4,1120,32,35,16,3335810.896438356,4,1,8,776,186.0303,571.115
IsambardAI,6.5.1-NVHPC-LibSci-OpenACC-mps,/lus/lfs1aip2/projects/u6cb/benchmarks/VASP/CdTe_Hybrid/6.5.1-NVHPC-LibSci-OpenACC-mps/CdTe_16nodes_128cores_36threads_1NCORE_1KPAR_202603210739.OUTCAR,202603210739,2026.03.21 07:40:02,16,4480,128,35,64,12804558.28396748,1,1,128,896,847.9366,1101.064
IsambardAI,6.5.1-NVHPC-LibSci-OpenACC-mps,/lus/lfs1aip2/projects/u6cb/benchmarks/VASP/CdTe_Hybrid/6.5.1-NVHPC-LibSci-OpenACC-mps/CdTe_16nodes_256cores_18threads_1NCORE_4KPAR_202603210741.OUTCAR,202603210741,2026.03.21 07:42:12,16,4352,256,17,64,6551502.298,4,1,64,832,282.9379,488.146
IsambardAI,6.5.1-NVHPC-LibSci-OpenACC-mps,/lus/lfs1aip2/projects/u6cb/benchmarks/VASP/CdTe_Hybrid/6.5.1-NVHPC-LibSci-OpenACC-mps/CdTe_4nodes_64cores_18threads_1NCORE_1KPAR_202603232111.OUTCAR,202603232111,2026.03.23 21:12:17,4,1088,64,17,16,5796550.410716981,1,1,64,832,1087.2735,1596.421
IsambardAI,6.5.1-NVHPC-LibSci-OpenACC-mps,/lus/lfs1aip2/projects/u6cb/benchmarks/VASP/CdTe_Hybrid/6.5.1-NVHPC-LibSci-OpenACC-mps/CdTe_1nodes_16cores_18threads_1NCORE_2KPAR_202603232111.OUTCAR,202603232111,2026.03.23 21:12:09,1,272,16,17,4,2724499.8379298244,2,1,8,776,633.6539,1707.787
IsambardAI,6.5.1-NVHPC-LibSci-OpenACC-mps,/lus/lfs1aip2/projects/u6cb/benchmarks/VASP/CdTe_Hybrid/6.5.1-NVHPC-LibSci-OpenACC-mps/CdTe_4nodes_32cores_36threads_1NCORE_8KPAR_202603231521.OUTCAR,202603231521,2026.03.23 15:22:15,4,1120,32,35,16,3268483.8732307693,8,1,4,772,171.1706,520.249
IsambardAI,6.5.1-NVHPC-LibSci-OpenACC-mps,/lus/lfs1aip2/projects/u6cb/benchmarks/VASP/CdTe_Hybrid/6.5.1-NVHPC-LibSci-OpenACC-mps/CdTe_4nodes_64cores_18threads_1NCORE_8KPAR_202603231521.OUTCAR,202603231521,2026.03.23 15:22:24,4,1088,64,17,16,2728375.912,8,1,8,776,173.5995,552.324
IsambardAI,6.5.1-NVHPC-LibSci-OpenACC-mps,/lus/lfs1aip2/projects/u6cb/benchmarks/VASP/CdTe_Hybrid/6.5.1-NVHPC-LibSci-OpenACC-mps/CdTe_4nodes_64cores_18threads_1NCORE_2KPAR_202603231521.OUTCAR,202603231521,2026.03.23 15:22:24,4,1088,64,17,16,4561175.062015038,2,1,32,800,265.4158,1031.777
IsambardAI,6.5.1-NVHPC-LibSci-OpenACC-mps,/lus/lfs1aip2/projects/u6cb/benchmarks/VASP/CdTe_Hybrid/6.5.1-NVHPC-LibSci-OpenACC-mps/CdTe_16nodes_256cores_18threads_1NCORE_4KPAR_202603231555.OUTCAR,202603231555,2026.03.23 15:55:40,16,4352,256,17,64,6879765.602909091,4,1,64,832,283.3173,487.731
IsambardAI,6.5.1-NVHPC-LibSci-OpenACC-mps,/lus/lfs1aip2/projects/u6cb/benchmarks/VASP/CdTe_Hybrid/6.5.1-NVHPC-LibSci-OpenACC-mps/CdTe_4nodes_32cores_36threads_1NCORE_1KPAR_202603201519.OUTCAR,202603201519,2026.03.20 15:20:22,4,1120,32,35,16,3579625.752,1,1,32,800,296.8122,721.027
IsambardAI,6.5.1-NVHPC-LibSci-OpenACC-mps,/lus/lfs1aip2/projects/u6cb/benchmarks/VASP/CdTe_Hybrid/6.5.1-NVHPC-LibSci-OpenACC-mps/CdTe_8nodes_64cores_36threads_1NCORE_1KPAR_202603232126.OUTCAR,202603232126,2026.03.23 21:27:11,8,2240,64,35,32,7347433.0752,1,1,64,832,778.5162,1072.94
IsambardAI,6.5.1-NVHPC-LibSci-OpenACC-mps,/lus/lfs1aip2/projects/u6cb/benchmarks/VASP/CdTe_Hybrid/6.5.1-NVHPC-LibSci-OpenACC-mps/CdTe_16nodes_128cores_36threads_1NCORE_8KPAR_202603232149.OUTCAR,202603232149,2026.03.23 21:49:46,16,4480,128,35,64,3654565.325714286,8,1,16,784,61.0858,237.455
IsambardAI,6.5.1-NVHPC-LibSci-OpenACC-mps,/lus/lfs1aip2/projects/u6cb/benchmarks/VASP/CdTe_Hybrid/6.5.1-NVHPC-LibSci-OpenACC-mps/CdTe_16nodes_512cores_9threads_1NCORE_4KPAR_202603210741.OUTCAR,202603210741,2026.03.21 07:42:35,16,4096,512,8,64,12638478.656000001,4,1,128,896,541.6646,968.926
IsambardAI,6.5.1-NVHPC-LibSci-OpenACC-mps,/lus/lfs1aip2/projects/u6cb/benchmarks/VASP/CdTe_Hybrid/6.5.1-NVHPC-LibSci-OpenACC-mps/CdTe_8nodes_256cores_9threads_1NCORE_4KPAR_202603232111.OUTCAR,202603232111,2026.03.23 21:12:44,8,2048,256,8,32,7282946.136888889,4,1,64,832,522.8247,1105.556
IsambardAI,6.5.1-NVHPC-LibSci-OpenACC-mps,/lus/lfs1aip2/projects/u6cb/benchmarks/VASP/CdTe_Hybrid/6.5.1-NVHPC-LibSci-OpenACC-mps/CdTe_4nodes_64cores_18threads_1NCORE_8KPAR_202603201519.OUTCAR,202603201519,2026.03.20 15:20:33,4,1088,64,17,16,2891626.113333333,8,1,8,776,174.3783,556.77
IsambardAI,6.5.1-NVHPC-LibSci-OpenACC-mps,/lus/lfs1aip2/projects/u6cb/benchmarks/VASP/CdTe_Hybrid/6.5.1-NVHPC-LibSci-OpenACC-mps/CdTe_1nodes_16cores_18threads_1NCORE_4KPAR_202603200817.OUTCAR,202603200817,2026.03.20 08:18:25,1,272,16,17,4,2785272.3055686275,4,1,4,772,601.1452,1531.486
IsambardAI,6.5.1-NVHPC-LibSci-OpenACC-mps,/lus/lfs1aip2/projects/u6cb/benchmarks/VASP/CdTe_Hybrid/6.5.1-NVHPC-LibSci-OpenACC-mps/CdTe_1nodes_32cores_9threads_1NCORE_4KPAR_202603200817.OUTCAR,202603200817,2026.03.20 08:18:36,1,256,32,8,4,3037890.4451627904,4,1,8,776,620.7617,1955.543
IsambardAI,6.5.1-NVHPC-LibSci-OpenACC-mps,/lus/lfs1aip2/projects/u6cb/benchmarks/VASP/CdTe_Hybrid/6.5.1-NVHPC-LibSci-OpenACC-mps/CdTe_16nodes_128cores_36threads_1NCORE_4KPAR_202603232213.OUTCAR,202603232213,2026.03.23 22:13:26,16,4480,128,35,64,4309377.794,4,1,32,800,78.2025,256.303
IsambardAI,6.5.1-NVHPC-LibSci-OpenACC-mps,/lus/lfs1aip2/projects/u6cb/benchmarks/VASP/CdTe_Hybrid/6.5.1-NVHPC-LibSci-OpenACC-mps/CdTe_2nodes_64cores_9threads_1NCORE_4KPAR_202603232111.OUTCAR,202603232111,2026.03.23 21:12:38,2,512,64,8,8,4143868.494785993,4,1,16,784,405.4274,1956.545
IsambardAI,6.5.1-NVHPC-LibSci-OpenACC-mps,/lus/lfs1aip2/projects/u6cb/benchmarks/VASP/CdTe_Hybrid/6.5.1-NVHPC-LibSci-OpenACC-mps/CdTe_8nodes_128cores_18threads_1NCORE_2KPAR_202603210735.OUTCAR,202603210735,2026.03.21 07:35:56,8,2176,128,17,32,5968930.501333334,2,1,64,832,542.1592,844.616
