System,Label,File,JobID,Date,Nodes,Cores,Processes,Threads,Energy,KPAR,NCORE,NPAR,Bands,LOOP+ Time,Runtime
Cirrus,6.5.1-GCC-LibSci,/mnt/lustre/e1000/home/z04/z04/aturner/benchmark/cirrus-ex/VASP/CdTe_Hybrid/6.5.1-GCC-LibSci/CdTe_64nodes_18432cores_1threads_8NCORE_2KPAR_22536_202512230141.OUTCAR,22536,2025.12.23 01:42:13,64,18432,18432,1,380827529,2,8,1152,1152,211.8237,5741.726
Cirrus,6.5.1-GCC-LibSci,/mnt/lustre/e1000/home/z04/z04/aturner/benchmark/cirrus-ex/VASP/CdTe_Hybrid/6.5.1-GCC-LibSci/CdTe_4nodes_1152cores_1threads_4NCORE_2KPAR_20452_202512180959.OUTCAR,20452,2025.12.18 09:59:39,4,1152,1152,1,9142169,2,4,144,864,1042.803,2127.84
Cirrus,6.5.1-GCC-LibSci,/mnt/lustre/e1000/home/z04/z04/aturner/benchmark/cirrus-ex/VASP/CdTe_Hybrid/6.5.1-GCC-LibSci/CdTe_1nodes_72cores_1threads_8NCORE_8KPAR_22487_202512221630.OUTCAR,22487,2025.12.22 16:30:56,1,72,72,1,7451223,8,1,9,774,3667.6389,8565.294
Cirrus,6.5.1-GCC-LibSci,/mnt/lustre/e1000/home/z04/z04/aturner/benchmark/cirrus-ex/VASP/CdTe_Hybrid/6.5.1-GCC-LibSci/CdTe_1nodes_144cores_1threads_16NCORE_4KPAR_21391_202512201838.OUTCAR,21391,2025.12.20 18:38:40,1,144,144,1,6896420,4,1,36,792,2996.1441,6206.201
Cirrus,6.5.1-GCC-LibSci,/mnt/lustre/e1000/home/z04/z04/aturner/benchmark/cirrus-ex/VASP/CdTe_Hybrid/6.5.1-GCC-LibSci/CdTe_8nodes_2304cores_1threads_4NCORE_2KPAR_20457_202512180959.OUTCAR,20457,2025.12.18 09:59:45,8,2304,2304,1,13033158,2,4,288,864,653.883,1547.728
Cirrus,6.5.1-GCC-LibSci,/mnt/lustre/e1000/home/z04/z04/aturner/benchmark/cirrus-ex/VASP/CdTe_Hybrid/6.5.1-GCC-LibSci/CdTe_4nodes_1152cores_1threads_16NCORE_4KPAR_22516_202512221737.OUTCAR,22516,2025.12.22 17:38:04,4,1152,1152,1,8035747,4,16,18,774,831.3158,1865.849
Cirrus,6.5.1-GCC-LibSci,/mnt/lustre/e1000/home/z04/z04/aturner/benchmark/cirrus-ex/VASP/CdTe_Hybrid/6.5.1-GCC-LibSci/CdTe_1nodes_288cores_1threads_16NCORE_2KPAR_21396_202512201838.OUTCAR,21396,2025.12.20 18:38:42,1,288,288,1,6989902,2,16,9,774,3229.7158,6565.027
Cirrus,6.5.1-GCC-LibSci,/mnt/lustre/e1000/home/z04/z04/aturner/benchmark/cirrus-ex/VASP/CdTe_Hybrid/6.5.1-GCC-LibSci/CdTe_1nodes_144cores_1threads_8NCORE_2KPAR_21152_202512191351.OUTCAR,21152,2025.12.19 13:51:25,1,144,144,1,7970178,2,8,9,774,3618.5569,7408.426
Cirrus,6.5.1-GCC-LibSci,/mnt/lustre/e1000/home/z04/z04/aturner/benchmark/cirrus-ex/VASP/CdTe_Hybrid/6.5.1-GCC-LibSci/CdTe_4nodes_1152cores_1threads_16NCORE_4KPAR_20748_202512190931.OUTCAR,20748,2025.12.19 09:32:22,4,1152,1152,1,8665773,4,16,18,774,850.835,1890.549
Cirrus,6.5.1-GCC-LibSci,/mnt/lustre/e1000/home/z04/z04/aturner/benchmark/cirrus-ex/VASP/CdTe_Hybrid/6.5.1-GCC-LibSci/CdTe_64nodes_18432cores_1threads_16NCORE_4KPAR_20476_202512182337.OUTCAR,20476,2025.12.18 23:38:38,64,18432,18432,1,37866656,4,16,288,864,107.647,567.91
Cirrus,6.5.1-GCC-LibSci,/mnt/lustre/e1000/home/z04/z04/aturner/benchmark/cirrus-ex/VASP/CdTe_Hybrid/6.5.1-GCC-LibSci/CdTe_1nodes_144cores_1threads_4NCORE_2KPAR_21385_202512201838.OUTCAR,21385,2025.12.20 18:38:41,1,144,144,1,7208992,2,4,18,774,3171.3865,6529.524
Cirrus,6.5.1-GCC-LibSci,/mnt/lustre/e1000/home/z04/z04/aturner/benchmark/cirrus-ex/VASP/CdTe_Hybrid/6.5.1-GCC-LibSci/CdTe_8nodes_2304cores_1threads_16NCORE_4KPAR_22522_202512221815.OUTCAR,22522,2025.12.22 18:16:04,8,2304,2304,1,10121847,4,16,36,792,457.1366,1116.781
Cirrus,6.5.1-GCC-LibSci,/mnt/lustre/e1000/home/z04/z04/aturner/benchmark/cirrus-ex/VASP/CdTe_Hybrid/6.5.1-GCC-LibSci/CdTe_1nodes_288cores_1threads_4NCORE_2KPAR_21394_202512201838.OUTCAR,21394,2025.12.20 18:38:42,1,288,288,1,7009932,2,4,36,792,3172.2901,5990.228
Cirrus,6.5.1-GCC-LibSci,/mnt/lustre/e1000/home/z04/z04/aturner/benchmark/cirrus-ex/VASP/CdTe_Hybrid/6.5.1-GCC-LibSci/CdTe_64nodes_18432cores_1threads_8NCORE_2KPAR_20473_202512182045.OUTCAR,20473,2025.12.18 20:45:56,64,18432,18432,1,380701287,2,8,1152,1152,213.7233,5736.301
Cirrus,6.5.1-GCC-LibSci,/mnt/lustre/e1000/home/z04/z04/aturner/benchmark/cirrus-ex/VASP/CdTe_Hybrid/6.5.1-GCC-LibSci/CdTe_4nodes_1152cores_1threads_8NCORE_4KPAR_22515_202512221732.OUTCAR,22515,2025.12.22 17:33:03,4,1152,1152,1,7118323,4,8,36,792,773.1027,1689.383
Cirrus,6.5.1-GCC-LibSci,/mnt/lustre/e1000/home/z04/z04/aturner/benchmark/cirrus-ex/VASP/CdTe_Hybrid/6.5.1-GCC-LibSci/CdTe_1nodes_288cores_1threads_8NCORE_4KPAR_21398_202512201838.OUTCAR,21398,2025.12.20 18:38:41,1,288,288,1,5809590,4,8,9,774,2769.281,5585.0
Cirrus,6.5.1-GCC-LibSci,/mnt/lustre/e1000/home/z04/z04/aturner/benchmark/cirrus-ex/VASP/CdTe_Hybrid/6.5.1-GCC-LibSci/CdTe_1nodes_72cores_1threads_16NCORE_8KPAR_21384_202512201838.OUTCAR,21384,2025.12.20 18:38:40,1,72,72,1,10297650,8,9,1,770,6027.7247,12910.857
Cirrus,6.5.1-GCC-LibSci,/mnt/lustre/e1000/home/z04/z04/aturner/benchmark/cirrus-ex/VASP/CdTe_Hybrid/6.5.1-GCC-LibSci/CdTe_1nodes_144cores_1threads_4NCORE_4KPAR_22494_202512221632.OUTCAR,22494,2025.12.22 16:32:31,1,144,144,1,7085774,4,4,9,774,3133.7461,6501.556
Cirrus,6.5.1-GCC-LibSci,/mnt/lustre/e1000/home/z04/z04/aturner/benchmark/cirrus-ex/VASP/CdTe_Hybrid/6.5.1-GCC-LibSci/CdTe_64nodes_18432cores_1threads_8NCORE_4KPAR_21434_202512211253.OUTCAR,21434,2025.12.21 12:54:43,64,18432,18432,1,76020993,4,8,576,1152,168.2208,1141.54
Cirrus,6.5.1-GCC-LibSci,/mnt/lustre/e1000/home/z04/z04/aturner/benchmark/cirrus-ex/VASP/CdTe_Hybrid/6.5.1-GCC-LibSci/CdTe_4nodes_1152cores_1threads_16NCORE_2KPAR_22513_202512221728.OUTCAR,22513,2025.12.22 17:29:02,4,1152,1152,1,8384475,2,16,36,792,890.1078,1973.636
Cirrus,6.5.1-GCC-LibSci,/mnt/lustre/e1000/home/z04/z04/aturner/benchmark/cirrus-ex/VASP/CdTe_Hybrid/6.5.1-GCC-LibSci/CdTe_2nodes_576cores_1threads_16NCORE_2KPAR_20739_202512190931.OUTCAR,20739,2025.12.19 09:32:13,2,576,576,1,7376678,2,16,18,774,1647.2179,3448.308
Cirrus,6.5.1-GCC-LibSci,/mnt/lustre/e1000/home/z04/z04/aturner/benchmark/cirrus-ex/VASP/CdTe_Hybrid/6.5.1-GCC-LibSci/CdTe_4nodes_1152cores_1threads_4NCORE_4KPAR_20746_202512190931.OUTCAR,20746,2025.12.19 09:32:14,4,1152,1152,1,8331071,4,4,72,792,880.6537,1808.717
Cirrus,6.5.1-GCC-LibSci,/mnt/lustre/e1000/home/z04/z04/aturner/benchmark/cirrus-ex/VASP/CdTe_Hybrid/6.5.1-GCC-LibSci/CdTe_32nodes_9216cores_1threads_4NCORE_2KPAR_21424_202512210241.OUTCAR,21424,2025.12.21 02:42:12,32,9216,9216,1,196728639,2,4,1152,1152,375.3511,5945.292
Cirrus,6.5.1-GCC-LibSci,/mnt/lustre/e1000/home/z04/z04/aturner/benchmark/cirrus-ex/VASP/CdTe_Hybrid/6.5.1-GCC-LibSci/CdTe_1nodes_72cores_1threads_4NCORE_2KPAR_22480_202512221458.OUTCAR,22480,2025.12.22 14:58:33,1,72,72,1,9275393,2,4,9,774,4825.9426,10477.471
Cirrus,6.5.1-GCC-LibSci,/mnt/lustre/e1000/home/z04/z04/aturner/benchmark/cirrus-ex/VASP/CdTe_Hybrid/6.5.1-GCC-LibSci/CdTe_1nodes_144cores_1threads_8NCORE_8KPAR_20730_202512190931.OUTCAR,20730,2025.12.19 09:31:44,1,144,144,1,6766176,8,1,18,774,2855.7931,6020.516
Cirrus,6.5.1-GCC-LibSci,/mnt/lustre/e1000/home/z04/z04/aturner/benchmark/cirrus-ex/VASP/CdTe_Hybrid/6.5.1-GCC-LibSci/CdTe_32nodes_9216cores_1threads_8NCORE_2KPAR_21425_202512210254.OUTCAR,21425,2025.12.21 02:55:32,32,9216,9216,1,62760469,2,8,576,1152,321.8038,1881.944
Cirrus,6.5.1-GCC-LibSci,/mnt/lustre/e1000/home/z04/z04/aturner/benchmark/cirrus-ex/VASP/CdTe_Hybrid/6.5.1-GCC-LibSci/CdTe_8nodes_2304cores_1threads_4NCORE_2KPAR_21412_202512202318.OUTCAR,21412,2025.12.20 23:18:56,8,2304,2304,1,14196576,2,4,288,864,678.916,1578.357
Cirrus,6.5.1-GCC-LibSci,/mnt/lustre/e1000/home/z04/z04/aturner/benchmark/cirrus-ex/VASP/CdTe_Hybrid/6.5.1-GCC-LibSci/CdTe_1nodes_288cores_1threads_4NCORE_4KPAR_22502_202512221633.OUTCAR,22502,2025.12.22 16:33:29,1,288,288,1,6067805,4,4,18,774,2945.521,5652.844
Cirrus,6.5.1-GCC-LibSci,/mnt/lustre/e1000/home/z04/z04/aturner/benchmark/cirrus-ex/VASP/CdTe_Hybrid/6.5.1-GCC-LibSci/CdTe_1nodes_72cores_1threads_8NCORE_8KPAR_20720_202512190931.OUTCAR,20720,2025.12.19 09:31:43,1,72,72,1,8227728,8,1,9,774,3673.003,8555.854
Cirrus,6.5.1-GCC-LibSci,/mnt/lustre/e1000/home/z04/z04/aturner/benchmark/cirrus-ex/VASP/CdTe_Hybrid/6.5.1-GCC-LibSci/CdTe_1nodes_144cores_1threads_8NCORE_2KPAR_20724_202512190931.OUTCAR,20724,2025.12.19 09:31:44,1,144,144,1,8752883,2,8,9,774,3720.0645,7648.282
Cirrus,6.5.1-GCC-LibSci,/mnt/lustre/e1000/home/z04/z04/aturner/benchmark/cirrus-ex/VASP/CdTe_Hybrid/6.5.1-GCC-LibSci/CdTe_1nodes_144cores_1threads_16NCORE_2KPAR_21388_202512201838.OUTCAR,21388,2025.12.20 18:38:41,1,144,144,1,7321833,2,1,72,792,3146.4582,6554.788
Cirrus,6.5.1-GCC-LibSci,/mnt/lustre/e1000/home/z04/z04/aturner/benchmark/cirrus-ex/VASP/CdTe_Hybrid/6.5.1-GCC-LibSci/CdTe_1nodes_144cores_1threads_4NCORE_4KPAR_21154_202512191357.OUTCAR,21154,2025.12.19 13:57:18,1,144,144,1,7883406,4,4,9,774,3198.7905,6588.66
Cirrus,6.5.1-GCC-LibSci,/mnt/lustre/e1000/home/z04/z04/aturner/benchmark/cirrus-ex/VASP/CdTe_Hybrid/6.5.1-GCC-LibSci/CdTe_1nodes_72cores_1threads_8NCORE_8KPAR_21148_202512191347.OUTCAR,21148,2025.12.19 13:47:14,1,72,72,1,8301686,8,1,9,774,3685.4173,8649.22
Cirrus,6.5.1-GCC-LibSci,/mnt/lustre/e1000/home/z04/z04/aturner/benchmark/cirrus-ex/VASP/CdTe_Hybrid/6.5.1-GCC-LibSci/CdTe_2nodes_576cores_1threads_8NCORE_4KPAR_20450_202512180959.OUTCAR,20450,2025.12.18 09:59:42,2,576,576,1,6362940,4,8,18,774,1429.5875,2979.749
Cirrus,6.5.1-GCC-LibSci,/mnt/lustre/e1000/home/z04/z04/aturner/benchmark/cirrus-ex/VASP/CdTe_Hybrid/6.5.1-GCC-LibSci/CdTe_16nodes_4608cores_1threads_8NCORE_2KPAR_20463_202512181035.OUTCAR,20463,2025.12.18 10:36:03,16,4608,4608,1,17020615,2,8,288,864,331.6145,1008.469
Cirrus,6.5.1-GCC-LibSci,/mnt/lustre/e1000/home/z04/z04/aturner/benchmark/cirrus-ex/VASP/CdTe_Hybrid/6.5.1-GCC-LibSci/CdTe_4nodes_1152cores_1threads_4NCORE_2KPAR_22511_202512221652.OUTCAR,22511,2025.12.22 16:53:18,4,1152,1152,1,9020513,2,4,144,864,1035.9725,2126.604
Cirrus,6.5.1-GCC-LibSci,/mnt/lustre/e1000/home/z04/z04/aturner/benchmark/cirrus-ex/VASP/CdTe_Hybrid/6.5.1-GCC-LibSci/CdTe_16nodes_4608cores_1threads_4NCORE_4KPAR_20464_202512181039.OUTCAR,20464,2025.12.18 10:40:14,16,4608,4608,1,15342391,4,4,288,864,339.2977,909.291
Cirrus,6.5.1-GCC-LibSci,/mnt/lustre/e1000/home/z04/z04/aturner/benchmark/cirrus-ex/VASP/CdTe_Hybrid/6.5.1-GCC-LibSci/CdTe_1nodes_72cores_1threads_16NCORE_2KPAR_22483_202512221627.OUTCAR,22483,2025.12.22 16:27:34,1,72,72,1,7788825,2,1,36,792,3886.3584,8908.727
Cirrus,6.5.1-GCC-LibSci,/mnt/lustre/e1000/home/z04/z04/aturner/benchmark/cirrus-ex/VASP/CdTe_Hybrid/6.5.1-GCC-LibSci/CdTe_8nodes_2304cores_1threads_8NCORE_2KPAR_20458_202512180959.OUTCAR,20458,2025.12.18 09:59:42,8,2304,2304,1,10287093,2,8,144,864,515.9982,1223.67
Cirrus,6.5.1-GCC-LibSci,/mnt/lustre/e1000/home/z04/z04/aturner/benchmark/cirrus-ex/VASP/CdTe_Hybrid/6.5.1-GCC-LibSci/CdTe_1nodes_144cores_1threads_4NCORE_2KPAR_21386_202512201838.OUTCAR,21386,2025.12.20 18:38:41,1,144,144,1,7234250,2,4,18,774,3185.5324,6577.116
Cirrus,6.5.1-GCC-LibSci,/mnt/lustre/e1000/home/z04/z04/aturner/benchmark/cirrus-ex/VASP/CdTe_Hybrid/6.5.1-GCC-LibSci/CdTe_1nodes_288cores_1threads_8NCORE_4KPAR_22503_202512221633.OUTCAR,22503,2025.12.22 16:33:29,1,288,288,1,5775283,4,8,9,774,2776.4797,5611.474
Cirrus,6.5.1-GCC-LibSci,/mnt/lustre/e1000/home/z04/z04/aturner/benchmark/cirrus-ex/VASP/CdTe_Hybrid/6.5.1-GCC-LibSci/CdTe_2nodes_576cores_1threads_8NCORE_2KPAR_20448_202512180959.OUTCAR,20448,2025.12.18 09:59:46,2,576,576,1,6577717,2,8,36,792,1523.2696,3123.892
Cirrus,6.5.1-GCC-LibSci,/mnt/lustre/e1000/home/z04/z04/aturner/benchmark/cirrus-ex/VASP/CdTe_Hybrid/6.5.1-GCC-LibSci/CdTe_32nodes_9216cores_1threads_4NCORE_4KPAR_20469_202512181222.OUTCAR,20469,2025.12.18 12:22:51,32,9216,9216,1,45656502,4,4,576,1152,325.9677,1363.83
Cirrus,6.5.1-GCC-LibSci,/mnt/lustre/e1000/home/z04/z04/aturner/benchmark/cirrus-ex/VASP/CdTe_Hybrid/6.5.1-GCC-LibSci/CdTe_16nodes_4608cores_1threads_4NCORE_2KPAR_22523_202512221902.OUTCAR,22523,2025.12.22 19:02:54,16,4608,4608,1,39009057,2,4,576,1152,614.5207,2344.589
Cirrus,6.5.1-GCC-LibSci,/mnt/lustre/e1000/home/z04/z04/aturner/benchmark/cirrus-ex/VASP/CdTe_Hybrid/6.5.1-GCC-LibSci/CdTe_1nodes_72cores_1threads_16NCORE_2KPAR_21378_202512201838.OUTCAR,21378,2025.12.20 18:38:40,1,72,72,1,8294044,2,1,36,792,3910.3434,8896.645
Cirrus,6.5.1-GCC-LibSci,/mnt/lustre/e1000/home/z04/z04/aturner/benchmark/cirrus-ex/VASP/CdTe_Hybrid/6.5.1-GCC-LibSci/CdTe_2nodes_576cores_1threads_16NCORE_2KPAR_22507_202512221642.OUTCAR,22507,2025.12.22 16:42:54,2,576,576,1,7331862,2,16,18,774,1654.4309,3471.974
Cirrus,6.5.1-GCC-LibSci,/mnt/lustre/e1000/home/z04/z04/aturner/benchmark/cirrus-ex/VASP/CdTe_Hybrid/6.5.1-GCC-LibSci/CdTe_2nodes_576cores_1threads_4NCORE_4KPAR_21403_202512201838.OUTCAR,21403,2025.12.20 18:39:17,2,576,576,1,6776874,4,4,36,792,1589.0734,3131.096
Cirrus,6.5.1-GCC-LibSci,/mnt/lustre/e1000/home/z04/z04/aturner/benchmark/cirrus-ex/VASP/CdTe_Hybrid/6.5.1-GCC-LibSci/CdTe_4nodes_1152cores_1threads_16NCORE_4KPAR_20456_202512180959.OUTCAR,20456,2025.12.18 09:59:46,4,1152,1152,1,8873835,4,16,18,774,893.4617,1939.044
Cirrus,6.5.1-GCC-LibSci,/mnt/lustre/e1000/home/z04/z04/aturner/benchmark/cirrus-ex/VASP/CdTe_Hybrid/6.5.1-GCC-LibSci/CdTe_1nodes_144cores_1threads_16NCORE_4KPAR_20728_202512190931.OUTCAR,20728,2025.12.19 09:31:44,1,144,144,1,6887560,4,1,36,792,3006.6313,6217.496
Cirrus,6.5.1-GCC-LibSci,/mnt/lustre/e1000/home/z04/z04/aturner/benchmark/cirrus-ex/VASP/CdTe_Hybrid/6.5.1-GCC-LibSci/CdTe_1nodes_144cores_1threads_4NCORE_2KPAR_20723_202512190931.OUTCAR,20723,2025.12.19 09:31:44,1,144,144,1,7998626,2,4,18,774,3232.3904,6635.973
Cirrus,6.5.1-GCC-LibSci,/mnt/lustre/e1000/home/z04/z04/aturner/benchmark/cirrus-ex/VASP/CdTe_Hybrid/6.5.1-GCC-LibSci/CdTe_2nodes_576cores_1threads_8NCORE_4KPAR_22509_202512221646.OUTCAR,22509,2025.12.22 16:47:00,2,576,576,1,6236032,4,8,18,774,1460.6395,3013.862
Cirrus,6.5.1-GCC-LibSci,/mnt/lustre/e1000/home/z04/z04/aturner/benchmark/cirrus-ex/VASP/CdTe_Hybrid/6.5.1-GCC-LibSci/CdTe_4nodes_1152cores_1threads_8NCORE_2KPAR_20453_202512180959.OUTCAR,20453,2025.12.18 09:59:42,4,1152,1152,1,8213183,2,8,72,792,838.4619,1807.471
Cirrus,6.5.1-GCC-LibSci,/mnt/lustre/e1000/home/z04/z04/aturner/benchmark/cirrus-ex/VASP/CdTe_Hybrid/6.5.1-GCC-LibSci/CdTe_1nodes_72cores_1threads_4NCORE_2KPAR_22481_202512221627.OUTCAR,22481,2025.12.22 16:27:34,1,72,72,1,9455395,2,4,9,774,4808.5096,10451.976
Cirrus,6.5.1-GCC-LibSci,/mnt/lustre/e1000/home/z04/z04/aturner/benchmark/cirrus-ex/VASP/CdTe_Hybrid/6.5.1-GCC-LibSci/CdTe_1nodes_144cores_1threads_8NCORE_2KPAR_21387_202512201838.OUTCAR,21387,2025.12.20 18:38:41,1,144,144,1,8000004,2,8,9,774,3641.191,7466.028
Cirrus,6.5.1-GCC-LibSci,/mnt/lustre/e1000/home/z04/z04/aturner/benchmark/cirrus-ex/VASP/CdTe_Hybrid/6.5.1-GCC-LibSci/CdTe_2nodes_576cores_1threads_8NCORE_4KPAR_22795_202512230911.OUTCAR,22795,2025.12.23 09:11:59,2,576,576,1,6324918,4,8,18,774,1428.8463,2989.48
Cirrus,6.5.1-GCC-LibSci,/mnt/lustre/e1000/home/z04/z04/aturner/benchmark/cirrus-ex/VASP/CdTe_Hybrid/6.5.1-GCC-LibSci/CdTe_1nodes_144cores_1threads_8NCORE_8KPAR_22497_202512221632.OUTCAR,22497,2025.12.22 16:32:43,1,144,144,1,6662519,8,1,18,774,2848.6803,6007.4
Cirrus,6.5.1-GCC-LibSci,/mnt/lustre/e1000/home/z04/z04/aturner/benchmark/cirrus-ex/VASP/CdTe_Hybrid/6.5.1-GCC-LibSci/CdTe_16nodes_4608cores_1threads_8NCORE_4KPAR_22527_202512221927.OUTCAR,22527,2025.12.22 19:28:14,16,4608,4608,1,12462653,4,8,144,864,267.8162,741.799
Cirrus,6.5.1-GCC-LibSci,/mnt/lustre/e1000/home/z04/z04/aturner/benchmark/cirrus-ex/VASP/CdTe_Hybrid/6.5.1-GCC-LibSci/CdTe_8nodes_2304cores_1threads_16NCORE_2KPAR_22519_202512221803.OUTCAR,22519,2025.12.22 18:03:45,8,2304,2304,1,10030524,2,16,72,792,484.8367,1181.294
Cirrus,6.5.1-GCC-LibSci,/mnt/lustre/e1000/home/z04/z04/aturner/benchmark/cirrus-ex/VASP/CdTe_Hybrid/6.5.1-GCC-LibSci/CdTe_1nodes_72cores_1threads_16NCORE_4KPAR_21146_202512191345.OUTCAR,21146,2025.12.19 13:45:44,1,72,72,1,7699512,4,1,18,774,3676.2116,8554.728
Cirrus,6.5.1-GCC-LibSci,/mnt/lustre/e1000/home/z04/z04/aturner/benchmark/cirrus-ex/VASP/CdTe_Hybrid/6.5.1-GCC-LibSci/CdTe_32nodes_9216cores_1threads_4NCORE_2KPAR_20467_202512181108.OUTCAR,20467,2025.12.18 11:08:49,32,9216,9216,1,194579332,2,4,1152,1152,365.172,5925.023
Cirrus,6.5.1-GCC-LibSci,/mnt/lustre/e1000/home/z04/z04/aturner/benchmark/cirrus-ex/VASP/CdTe_Hybrid/6.5.1-GCC-LibSci/CdTe_16nodes_4608cores_1threads_16NCORE_2KPAR_22525_202512221912.OUTCAR,22525,2025.12.22 19:12:41,16,4608,4608,1,14970880,2,16,144,864,310.3418,884.364
Cirrus,6.5.1-GCC-LibSci,/mnt/lustre/e1000/home/z04/z04/aturner/benchmark/cirrus-ex/VASP/CdTe_Hybrid/6.5.1-GCC-LibSci/CdTe_1nodes_288cores_1threads_4NCORE_2KPAR_20442_202512180959.OUTCAR,20442,2025.12.18 09:59:07,1,288,288,1,7093043,2,4,36,792,3197.5943,6047.496
Cirrus,6.5.1-GCC-LibSci,/mnt/lustre/e1000/home/z04/z04/aturner/benchmark/cirrus-ex/VASP/CdTe_Hybrid/6.5.1-GCC-LibSci/CdTe_1nodes_72cores_1threads_8NCORE_8KPAR_21382_202512201838.OUTCAR,21382,2025.12.20 18:38:40,1,72,72,1,8025485,8,1,9,774,3703.6443,8596.586
Cirrus,6.5.1-GCC-LibSci,/mnt/lustre/e1000/home/z04/z04/aturner/benchmark/cirrus-ex/VASP/CdTe_Hybrid/6.5.1-GCC-LibSci/CdTe_4nodes_1152cores_1threads_16NCORE_2KPAR_20745_202512190931.OUTCAR,20745,2025.12.19 09:32:20,4,1152,1152,1,8972075,2,16,36,792,909.2614,1985.182
Cirrus,6.5.1-GCC-LibSci,/mnt/lustre/e1000/home/z04/z04/aturner/benchmark/cirrus-ex/VASP/CdTe_Hybrid/6.5.1-GCC-LibSci/CdTe_1nodes_288cores_1threads_16NCORE_2KPAR_20733_202512190931.OUTCAR,20733,2025.12.19 09:31:45,1,288,288,1,7607862,2,16,9,774,3333.4182,6676.746
Cirrus,6.5.1-GCC-LibSci,/mnt/lustre/e1000/home/z04/z04/aturner/benchmark/cirrus-ex/VASP/CdTe_Hybrid/6.5.1-GCC-LibSci/CdTe_8nodes_2304cores_1threads_8NCORE_2KPAR_22518_202512221801.OUTCAR,22518,2025.12.22 18:01:52,8,2304,2304,1,11169102,2,8,144,864,532.4136,1246.032
Cirrus,6.5.1-GCC-LibSci,/mnt/lustre/e1000/home/z04/z04/aturner/benchmark/cirrus-ex/VASP/CdTe_Hybrid/6.5.1-GCC-LibSci/CdTe_4nodes_1152cores_1threads_8NCORE_2KPAR_20744_202512190931.OUTCAR,20744,2025.12.19 09:32:21,4,1152,1152,1,7488869,2,8,72,792,821.9578,1804.695
Cirrus,6.5.1-GCC-LibSci,/mnt/lustre/e1000/home/z04/z04/aturner/benchmark/cirrus-ex/VASP/CdTe_Hybrid/6.5.1-GCC-LibSci/CdTe_64nodes_18432cores_1threads_4NCORE_4KPAR_21433_202512211157.OUTCAR,21433,2025.12.21 11:58:06,64,18432,18432,1,221456093,4,4,1152,1152,195.3957,3347.851
Cirrus,6.5.1-GCC-LibSci,/mnt/lustre/e1000/home/z04/z04/aturner/benchmark/cirrus-ex/VASP/CdTe_Hybrid/6.5.1-GCC-LibSci/CdTe_4nodes_1152cores_1threads_4NCORE_4KPAR_21409_202512201838.OUTCAR,21409,2025.12.20 18:39:19,4,1152,1152,1,8466953,4,4,72,792,893.9763,1829.247
Cirrus,6.5.1-GCC-LibSci,/mnt/lustre/e1000/home/z04/z04/aturner/benchmark/cirrus-ex/VASP/CdTe_Hybrid/6.5.1-GCC-LibSci/CdTe_1nodes_72cores_1threads_4NCORE_2KPAR_21375_202512201838.OUTCAR,21375,2025.12.20 18:38:39,1,72,72,1,9720198,2,4,9,774,4852.3006,10521.725
Cirrus,6.5.1-GCC-LibSci,/mnt/lustre/e1000/home/z04/z04/aturner/benchmark/cirrus-ex/VASP/CdTe_Hybrid/6.5.1-GCC-LibSci/CdTe_1nodes_72cores_1threads_16NCORE_2KPAR_20715_202512190931.OUTCAR,20715,2025.12.19 09:31:43,1,72,72,1,7732564,2,1,36,792,3882.8943,8850.783
Cirrus,6.5.1-GCC-LibSci,/mnt/lustre/e1000/home/z04/z04/aturner/benchmark/cirrus-ex/VASP/CdTe_Hybrid/6.5.1-GCC-LibSci/CdTe_1nodes_144cores_1threads_8NCORE_8KPAR_22498_202512221632.OUTCAR,22498,2025.12.22 16:32:42,1,144,144,1,6625953,8,1,18,774,2854.8613,6002.76
Cirrus,6.5.1-GCC-LibSci,/mnt/lustre/e1000/home/z04/z04/aturner/benchmark/cirrus-ex/VASP/CdTe_Hybrid/6.5.1-GCC-LibSci/CdTe_2nodes_576cores_1threads_4NCORE_4KPAR_20740_202512190931.OUTCAR,20740,2025.12.19 09:32:22,2,576,576,1,6709700,4,4,36,792,1602.4377,3133.796
Cirrus,6.5.1-GCC-LibSci,/mnt/lustre/e1000/home/z04/z04/aturner/benchmark/cirrus-ex/VASP/CdTe_Hybrid/6.5.1-GCC-LibSci/CdTe_16nodes_4608cores_1threads_4NCORE_2KPAR_21418_202512210035.OUTCAR,21418,2025.12.21 00:35:50,16,4608,4608,1,40826980,2,4,576,1152,636.0411,2357.771
Cirrus,6.5.1-GCC-LibSci,/mnt/lustre/e1000/home/z04/z04/aturner/benchmark/cirrus-ex/VASP/CdTe_Hybrid/6.5.1-GCC-LibSci/CdTe_1nodes_144cores_1threads_16NCORE_4KPAR_22496_202512221632.OUTCAR,22496,2025.12.22 16:32:41,1,144,144,1,6958500,4,1,36,792,2987.2572,6204.847
Cirrus,6.5.1-GCC-LibSci,/mnt/lustre/e1000/home/z04/z04/aturner/benchmark/cirrus-ex/VASP/CdTe_Hybrid/6.5.1-GCC-LibSci/CdTe_16nodes_4608cores_1threads_4NCORE_2KPAR_20462_202512181028.OUTCAR,20462,2025.12.18 10:29:00,16,4608,4608,1,38575364,2,4,576,1152,613.5638,2334.582
Cirrus,6.5.1-GCC-LibSci,/mnt/lustre/e1000/home/z04/z04/aturner/benchmark/cirrus-ex/VASP/CdTe_Hybrid/6.5.1-GCC-LibSci/CdTe_8nodes_2304cores_1threads_4NCORE_4KPAR_20459_202512180959.OUTCAR,20459,2025.12.18 09:59:46,8,2304,2304,1,10143098,4,4,144,864,529.7624,1189.079
Cirrus,6.5.1-GCC-LibSci,/mnt/lustre/e1000/home/z04/z04/aturner/benchmark/cirrus-ex/VASP/CdTe_Hybrid/6.5.1-GCC-LibSci/CdTe_1nodes_288cores_1threads_4NCORE_4KPAR_20734_202512190931.OUTCAR,20734,2025.12.19 09:31:45,1,288,288,1,6882497,4,4,18,774,3068.6629,5807.362
Cirrus,6.5.1-GCC-LibSci,/mnt/lustre/e1000/home/z04/z04/aturner/benchmark/cirrus-ex/VASP/CdTe_Hybrid/6.5.1-GCC-LibSci/CdTe_2nodes_576cores_1threads_16NCORE_4KPAR_20742_202512190931.OUTCAR,20742,2025.12.19 09:32:19,2,576,576,1,7416505,4,16,9,774,1642.6058,3457.799
Cirrus,6.5.1-GCC-LibSci,/mnt/lustre/e1000/home/z04/z04/aturner/benchmark/cirrus-ex/VASP/CdTe_Hybrid/6.5.1-GCC-LibSci/CdTe_1nodes_288cores_1threads_8NCORE_2KPAR_20443_202512180959.OUTCAR,20443,2025.12.18 09:59:07,1,288,288,1,5881281,2,8,18,774,2807.2782,5598.229
Cirrus,6.5.1-GCC-LibSci,/mnt/lustre/e1000/home/z04/z04/aturner/benchmark/cirrus-ex/VASP/CdTe_Hybrid/6.5.1-GCC-LibSci/CdTe_2nodes_576cores_1threads_16NCORE_2KPAR_21402_202512201838.OUTCAR,21402,2025.12.20 18:39:06,2,576,576,1,7168627,2,16,18,774,1649.5985,3461.665
Cirrus,6.5.1-GCC-LibSci,/mnt/lustre/e1000/home/z04/z04/aturner/benchmark/cirrus-ex/VASP/CdTe_Hybrid/6.5.1-GCC-LibSci/CdTe_32nodes_9216cores_1threads_8NCORE_4KPAR_20470_202512181245.OUTCAR,20470,2025.12.18 12:46:20,32,9216,9216,1,21162748,4,8,288,864,171.7808,637.082
Cirrus,6.5.1-GCC-LibSci,/mnt/lustre/e1000/home/z04/z04/aturner/benchmark/cirrus-ex/VASP/CdTe_Hybrid/6.5.1-GCC-LibSci/CdTe_4nodes_1152cores_1threads_8NCORE_2KPAR_22512_202512221657.OUTCAR,22512,2025.12.22 16:58:32,4,1152,1152,1,7459749,2,8,72,792,820.2073,1781.774
Cirrus,6.5.1-GCC-LibSci,/mnt/lustre/e1000/home/z04/z04/aturner/benchmark/cirrus-ex/VASP/CdTe_Hybrid/6.5.1-GCC-LibSci/CdTe_1nodes_288cores_1threads_4NCORE_2KPAR_20731_202512190931.OUTCAR,20731,2025.12.19 09:31:45,1,288,288,1,6376939,2,4,36,792,3104.7363,5877.429
Cirrus,6.5.1-GCC-LibSci,/mnt/lustre/e1000/home/z04/z04/aturner/benchmark/cirrus-ex/VASP/CdTe_Hybrid/6.5.1-GCC-LibSci/CdTe_16nodes_4608cores_1threads_16NCORE_4KPAR_22528_202512221940.OUTCAR,22528,2025.12.22 19:41:24,16,4608,4608,1,12318429,4,16,72,792,251.9993,726.403
Cirrus,6.5.1-GCC-LibSci,/mnt/lustre/e1000/home/z04/z04/aturner/benchmark/cirrus-ex/VASP/CdTe_Hybrid/6.5.1-GCC-LibSci/CdTe_8nodes_2304cores_1threads_8NCORE_4KPAR_21416_202512202340.OUTCAR,21416,2025.12.20 23:41:13,8,2304,2304,1,9202104,4,8,72,792,423.8911,1024.996
Cirrus,6.5.1-GCC-LibSci,/mnt/lustre/e1000/home/z04/z04/aturner/benchmark/cirrus-ex/VASP/CdTe_Hybrid/6.5.1-GCC-LibSci/CdTe_1nodes_72cores_1threads_8NCORE_4KPAR_20717_202512190931.OUTCAR,20717,2025.12.19 09:31:43,1,72,72,1,8178921,4,1,18,774,3702.8305,8585.865
Cirrus,6.5.1-GCC-LibSci,/mnt/lustre/e1000/home/z04/z04/aturner/benchmark/cirrus-ex/VASP/CdTe_Hybrid/6.5.1-GCC-LibSci/CdTe_1nodes_72cores_1threads_8NCORE_8KPAR_22488_202512221630.OUTCAR,22488,2025.12.22 16:30:56,1,72,72,1,8208244,8,1,9,774,3709.3748,8649.491
Cirrus,6.5.1-GCC-LibSci,/mnt/lustre/e1000/home/z04/z04/aturner/benchmark/cirrus-ex/VASP/CdTe_Hybrid/6.5.1-GCC-LibSci/CdTe_1nodes_72cores_1threads_8NCORE_2KPAR_21142_202512191340.OUTCAR,21142,2025.12.19 13:40:59,1,72,72,1,7836702,2,1,36,792,3883.2224,8865.133
Cirrus,6.5.1-GCC-LibSci,/mnt/lustre/e1000/home/z04/z04/aturner/benchmark/cirrus-ex/VASP/CdTe_Hybrid/6.5.1-GCC-LibSci/CdTe_8nodes_2304cores_1threads_4NCORE_4KPAR_21415_202512202335.OUTCAR,21415,2025.12.20 23:36:19,8,2304,2304,1,10026895,4,4,144,864,528.9737,1184.866
Cirrus,6.5.1-GCC-LibSci,/mnt/lustre/e1000/home/z04/z04/aturner/benchmark/cirrus-ex/VASP/CdTe_Hybrid/6.5.1-GCC-LibSci/CdTe_1nodes_72cores_1threads_8NCORE_4KPAR_21380_202512201838.OUTCAR,21380,2025.12.20 18:38:40,1,72,72,1,8255469,4,1,18,774,3708.1978,8565.075
Cirrus,6.5.1-GCC-LibSci,/mnt/lustre/e1000/home/z04/z04/aturner/benchmark/cirrus-ex/VASP/CdTe_Hybrid/6.5.1-GCC-LibSci/CdTe_1nodes_288cores_1threads_8NCORE_2KPAR_21395_202512201838.OUTCAR,21395,2025.12.20 18:38:42,1,288,288,1,6541426,2,8,18,774,2879.2946,5721.986
Cirrus,6.5.1-GCC-LibSci,/mnt/lustre/e1000/home/z04/z04/aturner/benchmark/cirrus-ex/VASP/CdTe_Hybrid/6.5.1-GCC-LibSci/CdTe_4nodes_1152cores_1threads_8NCORE_4KPAR_20747_202512190931.OUTCAR,20747,2025.12.19 09:32:21,4,1152,1152,1,7635280,4,8,36,792,785.041,1709.809
Cirrus,6.5.1-GCC-LibSci,/mnt/lustre/e1000/home/z04/z04/aturner/benchmark/cirrus-ex/VASP/CdTe_Hybrid/6.5.1-GCC-LibSci/CdTe_1nodes_288cores_1threads_16NCORE_2KPAR_22501_202512221633.OUTCAR,22501,2025.12.22 16:33:29,1,288,288,1,6989895,2,16,9,774,3252.6226,6618.56
Cirrus,6.5.1-GCC-LibSci,/mnt/lustre/e1000/home/z04/z04/aturner/benchmark/cirrus-ex/VASP/CdTe_Hybrid/6.5.1-GCC-LibSci/CdTe_4nodes_1152cores_1threads_8NCORE_4KPAR_20455_202512180959.OUTCAR,20455,2025.12.18 09:59:44,4,1152,1152,1,7685889,4,8,36,792,785.0461,1709.006
Cirrus,6.5.1-GCC-LibSci,/mnt/lustre/e1000/home/z04/z04/aturner/benchmark/cirrus-ex/VASP/CdTe_Hybrid/6.5.1-GCC-LibSci/CdTe_1nodes_144cores_1threads_4NCORE_2KPAR_20722_202512190931.OUTCAR,20722,2025.12.19 09:31:44,1,144,144,1,7267096,2,4,18,774,3167.3531,6526.606
Cirrus,6.5.1-GCC-LibSci,/mnt/lustre/e1000/home/z04/z04/aturner/benchmark/cirrus-ex/VASP/CdTe_Hybrid/6.5.1-GCC-LibSci/CdTe_2nodes_576cores_1threads_4NCORE_2KPAR_20737_202512190931.OUTCAR,20737,2025.12.19 09:32:12,2,576,576,1,7199125,2,4,72,792,1687.779,3308.835
Cirrus,6.5.1-GCC-LibSci,/mnt/lustre/e1000/home/z04/z04/aturner/benchmark/cirrus-ex/VASP/CdTe_Hybrid/6.5.1-GCC-LibSci/CdTe_8nodes_2304cores_1threads_16NCORE_4KPAR_20461_202512181020.OUTCAR,20461,2025.12.18 10:20:52,8,2304,2304,1,9459614,4,16,36,792,449.3811,1107.612
Cirrus,6.5.1-GCC-LibSci,/mnt/lustre/e1000/home/z04/z04/aturner/benchmark/cirrus-ex/VASP/CdTe_Hybrid/6.5.1-GCC-LibSci/CdTe_1nodes_288cores_1threads_4NCORE_4KPAR_21397_202512201838.OUTCAR,21397,2025.12.20 18:38:42,1,288,288,1,6121573,4,4,18,774,2954.5083,5648.793
Cirrus,6.5.1-GCC-LibSci,/mnt/lustre/e1000/home/z04/z04/aturner/benchmark/cirrus-ex/VASP/CdTe_Hybrid/6.5.1-GCC-LibSci/CdTe_2nodes_576cores_1threads_8NCORE_4KPAR_20741_202512190931.OUTCAR,20741,2025.12.19 09:32:15,2,576,576,1,6217028,4,8,18,774,1426.9668,2989.937
Cirrus,6.5.1-GCC-LibSci,/mnt/lustre/e1000/home/z04/z04/aturner/benchmark/cirrus-ex/VASP/CdTe_Hybrid/6.5.1-GCC-LibSci/CdTe_16nodes_4608cores_1threads_8NCORE_4KPAR_21422_202512210106.OUTCAR,21422,2025.12.21 01:06:53,16,4608,4608,1,13290526,4,8,144,864,268.7565,749.614
Cirrus,6.5.1-GCC-LibSci,/mnt/lustre/e1000/home/z04/z04/aturner/benchmark/cirrus-ex/VASP/CdTe_Hybrid/6.5.1-GCC-LibSci/CdTe_8nodes_2304cores_1threads_16NCORE_2KPAR_21414_202512202333.OUTCAR,21414,2025.12.20 23:33:59,8,2304,2304,1,10881916,2,16,72,792,499.4796,1203.447
Cirrus,6.5.1-GCC-LibSci,/mnt/lustre/e1000/home/z04/z04/aturner/benchmark/cirrus-ex/VASP/CdTe_Hybrid/6.5.1-GCC-LibSci/CdTe_1nodes_144cores_1threads_4NCORE_4KPAR_20726_202512190931.OUTCAR,20726,2025.12.19 09:31:44,1,144,144,1,7761400,4,4,9,774,3204.9933,6614.047
Cirrus,6.5.1-GCC-LibSci,/mnt/lustre/e1000/home/z04/z04/aturner/benchmark/cirrus-ex/VASP/CdTe_Hybrid/6.5.1-GCC-LibSci/CdTe_1nodes_144cores_1threads_8NCORE_8KPAR_21393_202512201838.OUTCAR,21393,2025.12.20 18:38:41,1,144,144,1,7304151,8,1,18,774,2928.7663,6110.345
Cirrus,6.5.1-GCC-LibSci,/mnt/lustre/e1000/home/z04/z04/aturner/benchmark/cirrus-ex/VASP/CdTe_Hybrid/6.5.1-GCC-LibSci/CdTe_2nodes_576cores_1threads_8NCORE_2KPAR_22792_202512230911.OUTCAR,22792,2025.12.23 09:11:53,2,576,576,1,6462286,2,8,36,792,1514.6409,3113.222
Cirrus,6.5.1-GCC-LibSci,/mnt/lustre/e1000/home/z04/z04/aturner/benchmark/cirrus-ex/VASP/CdTe_Hybrid/6.5.1-GCC-LibSci/CdTe_1nodes_144cores_1threads_8NCORE_2KPAR_22492_202512221632.OUTCAR,22492,2025.12.22 16:32:30,1,144,144,1,8037919,2,8,9,774,3612.8126,7430.509
Cirrus,6.5.1-GCC-LibSci,/mnt/lustre/e1000/home/z04/z04/aturner/benchmark/cirrus-ex/VASP/CdTe_Hybrid/6.5.1-GCC-LibSci/CdTe_1nodes_72cores_1threads_4NCORE_4KPAR_21379_202512201838.OUTCAR,21379,2025.12.20 18:38:39,1,72,72,1,7968145,4,1,18,774,3707.0016,8581.196
Cirrus,6.5.1-GCC-LibSci,/mnt/lustre/e1000/home/z04/z04/aturner/benchmark/cirrus-ex/VASP/CdTe_Hybrid/6.5.1-GCC-LibSci/CdTe_64nodes_18432cores_1threads_4NCORE_4KPAR_22538_202512230348.OUTCAR,22538,2025.12.23 03:49:35,64,18432,18432,1,221432319,4,4,1152,1152,197.5416,3339.454
Cirrus,6.5.1-GCC-LibSci,/mnt/lustre/e1000/home/z04/z04/aturner/benchmark/cirrus-ex/VASP/CdTe_Hybrid/6.5.1-GCC-LibSci/CdTe_1nodes_288cores_1threads_8NCORE_2KPAR_22500_202512221633.OUTCAR,22500,2025.12.22 16:33:29,1,288,288,1,6779817,2,8,18,774,2817.5878,6530.882
Cirrus,6.5.1-GCC-LibSci,/mnt/lustre/e1000/home/z04/z04/aturner/benchmark/cirrus-ex/VASP/CdTe_Hybrid/6.5.1-GCC-LibSci/CdTe_1nodes_72cores_1threads_8NCORE_2KPAR_22482_202512221627.OUTCAR,22482,2025.12.22 16:27:34,1,72,72,1,7940196,2,1,36,792,3899.8606,8916.517
Cirrus,6.5.1-GCC-LibSci,/mnt/lustre/e1000/home/z04/z04/aturner/benchmark/cirrus-ex/VASP/CdTe_Hybrid/6.5.1-GCC-LibSci/CdTe_1nodes_288cores_1threads_16NCORE_4KPAR_20446_202512180959.OUTCAR,20446,2025.12.18 09:59:07,1,288,288,1,8156501,4,1,72,792,3553.8718,6599.18
Cirrus,6.5.1-GCC-LibSci,/mnt/lustre/e1000/home/z04/z04/aturner/benchmark/cirrus-ex/VASP/CdTe_Hybrid/6.5.1-GCC-LibSci/CdTe_4nodes_1152cores_1threads_4NCORE_4KPAR_22514_202512221729.OUTCAR,22514,2025.12.22 17:29:41,4,1152,1152,1,8337378,4,4,72,792,888.5865,1834.434
Cirrus,6.5.1-GCC-LibSci,/mnt/lustre/e1000/home/z04/z04/aturner/benchmark/cirrus-ex/VASP/CdTe_Hybrid/6.5.1-GCC-LibSci/CdTe_32nodes_9216cores_1threads_16NCORE_2KPAR_21426_202512210327.OUTCAR,21426,2025.12.21 03:27:43,32,9216,9216,1,27537177,2,16,288,864,205.2674,815.497
Cirrus,6.5.1-GCC-LibSci,/mnt/lustre/e1000/home/z04/z04/aturner/benchmark/cirrus-ex/VASP/CdTe_Hybrid/6.5.1-GCC-LibSci/CdTe_64nodes_18432cores_1threads_16NCORE_2KPAR_22537_202512230317.OUTCAR,22537,2025.12.23 03:18:43,64,18432,18432,1,120408439,2,16,576,1152,218.9969,1803.697
Cirrus,6.5.1-GCC-LibSci,/mnt/lustre/e1000/home/z04/z04/aturner/benchmark/cirrus-ex/VASP/CdTe_Hybrid/6.5.1-GCC-LibSci/CdTe_16nodes_4608cores_1threads_16NCORE_4KPAR_21423_202512210106.OUTCAR,21423,2025.12.21 01:06:51,16,4608,4608,1,13120219,4,16,72,792,251.5131,731.203
Cirrus,6.5.1-GCC-LibSci,/mnt/lustre/e1000/home/z04/z04/aturner/benchmark/cirrus-ex/VASP/CdTe_Hybrid/6.5.1-GCC-LibSci/CdTe_8nodes_2304cores_1threads_8NCORE_2KPAR_21413_202512202329.OUTCAR,21413,2025.12.20 23:30:27,8,2304,2304,1,11107043,2,8,144,864,528.3198,1244.193
Cirrus,6.5.1-GCC-LibSci,/mnt/lustre/e1000/home/z04/z04/aturner/benchmark/cirrus-ex/VASP/CdTe_Hybrid/6.5.1-GCC-LibSci/CdTe_1nodes_288cores_1threads_8NCORE_4KPAR_20735_202512190931.OUTCAR,20735,2025.12.19 09:31:45,1,288,288,1,6410466,4,8,9,774,2845.7338,5672.763
Cirrus,6.5.1-GCC-LibSci,/mnt/lustre/e1000/home/z04/z04/aturner/benchmark/cirrus-ex/VASP/CdTe_Hybrid/6.5.1-GCC-LibSci/CdTe_2nodes_576cores_1threads_8NCORE_2KPAR_22506_202512221635.OUTCAR,22506,2025.12.22 16:35:48,2,576,576,1,7011834,2,8,36,792,1563.9992,3176.434
Cirrus,6.5.1-GCC-LibSci,/mnt/lustre/e1000/home/z04/z04/aturner/benchmark/cirrus-ex/VASP/CdTe_Hybrid/6.5.1-GCC-LibSci/CdTe_64nodes_18432cores_1threads_16NCORE_2KPAR_21432_202512211126.OUTCAR,21432,2025.12.21 11:27:21,64,18432,18432,1,119680959,2,16,576,1152,215.9953,1795.535
Cirrus,6.5.1-GCC-LibSci,/mnt/lustre/e1000/home/z04/z04/aturner/benchmark/cirrus-ex/VASP/CdTe_Hybrid/6.5.1-GCC-LibSci/CdTe_1nodes_144cores_1threads_16NCORE_2KPAR_22493_202512221632.OUTCAR,22493,2025.12.22 16:32:32,1,144,144,1,7201233,2,1,72,792,3162.3153,6539.597
Cirrus,6.5.1-GCC-LibSci,/mnt/lustre/e1000/home/z04/z04/aturner/benchmark/cirrus-ex/VASP/CdTe_Hybrid/6.5.1-GCC-LibSci/CdTe_1nodes_144cores_1threads_4NCORE_2KPAR_22491_202512221632.OUTCAR,22491,2025.12.22 16:32:32,1,144,144,1,7211204,2,4,18,774,3179.0492,6569.231
Cirrus,6.5.1-GCC-LibSci,/mnt/lustre/e1000/home/z04/z04/aturner/benchmark/cirrus-ex/VASP/CdTe_Hybrid/6.5.1-GCC-LibSci/CdTe_4nodes_1152cores_1threads_8NCORE_4KPAR_21410_202512201838.OUTCAR,21410,2025.12.20 18:39:21,4,1152,1152,1,7096075,4,8,36,792,764.2147,1686.912
Cirrus,6.5.1-GCC-LibSci,/mnt/lustre/e1000/home/z04/z04/aturner/benchmark/cirrus-ex/VASP/CdTe_Hybrid/6.5.1-GCC-LibSci/CdTe_2nodes_576cores_1threads_4NCORE_4KPAR_20449_202512180959.OUTCAR,20449,2025.12.18 09:59:35,2,576,576,1,6736913,4,4,36,792,1590.794,3126.804
Cirrus,6.5.1-GCC-LibSci,/mnt/lustre/e1000/home/z04/z04/aturner/benchmark/cirrus-ex/VASP/CdTe_Hybrid/6.5.1-GCC-LibSci/CdTe_1nodes_288cores_1threads_8NCORE_2KPAR_20732_202512190931.OUTCAR,20732,2025.12.19 09:31:45,1,288,288,1,5981583,2,8,18,774,2809.8809,5598.675
Cirrus,6.5.1-GCC-LibSci,/mnt/lustre/e1000/home/z04/z04/aturner/benchmark/cirrus-ex/VASP/CdTe_Hybrid/6.5.1-GCC-LibSci/CdTe_1nodes_288cores_1threads_4NCORE_4KPAR_20444_202512180959.OUTCAR,20444,2025.12.18 09:59:07,1,288,288,1,6094938,4,4,18,774,2990.2539,5726.146
Cirrus,6.5.1-GCC-LibSci,/mnt/lustre/e1000/home/z04/z04/aturner/benchmark/cirrus-ex/VASP/CdTe_Hybrid/6.5.1-GCC-LibSci/CdTe_1nodes_288cores_1threads_8NCORE_4KPAR_20445_202512180959.OUTCAR,20445,2025.12.18 09:59:07,1,288,288,1,6332717,4,8,9,774,2847.7801,5687.814
Cirrus,6.5.1-GCC-LibSci,/mnt/lustre/e1000/home/z04/z04/aturner/benchmark/cirrus-ex/VASP/CdTe_Hybrid/6.5.1-GCC-LibSci/CdTe_1nodes_144cores_1threads_16NCORE_2KPAR_20725_202512190931.OUTCAR,20725,2025.12.19 09:31:44,1,144,144,1,7776636,2,1,72,792,3256.633,6690.559
Cirrus,6.5.1-GCC-LibSci,/mnt/lustre/e1000/home/z04/z04/aturner/benchmark/cirrus-ex/VASP/CdTe_Hybrid/6.5.1-GCC-LibSci/CdTe_4nodes_1152cores_1threads_8NCORE_2KPAR_21407_202512201838.OUTCAR,21407,2025.12.20 18:39:16,4,1152,1152,1,8191530,2,8,72,792,844.2323,1823.837
Cirrus,6.5.1-GCC-LibSci,/mnt/lustre/e1000/home/z04/z04/aturner/benchmark/cirrus-ex/VASP/CdTe_Hybrid/6.5.1-GCC-LibSci/CdTe_1nodes_72cores_1threads_4NCORE_2KPAR_20713_202512190931.OUTCAR,20713,2025.12.19 09:31:43,1,72,72,1,9968581,2,4,9,774,4881.1157,10672.619
Cirrus,6.5.1-GCC-LibSci,/mnt/lustre/e1000/home/z04/z04/aturner/benchmark/cirrus-ex/VASP/CdTe_Hybrid/6.5.1-GCC-LibSci/CdTe_32nodes_9216cores_1threads_16NCORE_4KPAR_20471_202512181247.OUTCAR,20471,2025.12.18 12:48:20,32,9216,9216,1,19767974,4,16,144,864,161.9456,584.236
Cirrus,6.5.1-GCC-LibSci,/mnt/lustre/e1000/home/z04/z04/aturner/benchmark/cirrus-ex/VASP/CdTe_Hybrid/6.5.1-GCC-LibSci/CdTe_8nodes_2304cores_1threads_8NCORE_4KPAR_20460_202512181019.OUTCAR,20460,2025.12.18 10:20:23,8,2304,2304,1,8515337,4,8,72,792,413.3419,1009.135
Cirrus,6.5.1-GCC-LibSci,/mnt/lustre/e1000/home/z04/z04/aturner/benchmark/cirrus-ex/VASP/CdTe_Hybrid/6.5.1-GCC-LibSci/CdTe_1nodes_144cores_1threads_4NCORE_2KPAR_21151_202512191350.OUTCAR,21151,2025.12.19 13:50:47,1,144,144,1,7871000,2,4,18,774,3263.757,6664.67
Cirrus,6.5.1-GCC-LibSci,/mnt/lustre/e1000/home/z04/z04/aturner/benchmark/cirrus-ex/VASP/CdTe_Hybrid/6.5.1-GCC-LibSci/CdTe_1nodes_288cores_1threads_16NCORE_4KPAR_22504_202512221634.OUTCAR,22504,2025.12.22 16:34:04,1,288,288,1,7190711,4,1,72,792,3451.0845,6464.699
Cirrus,6.5.1-GCC-LibSci,/mnt/lustre/e1000/home/z04/z04/aturner/benchmark/cirrus-ex/VASP/CdTe_Hybrid/6.5.1-GCC-LibSci/CdTe_1nodes_72cores_1threads_16NCORE_4KPAR_20718_202512190931.OUTCAR,20718,2025.12.19 09:31:43,1,72,72,1,8093526,4,1,18,774,3717.4664,8579.572
Cirrus,6.5.1-GCC-LibSci,/mnt/lustre/e1000/home/z04/z04/aturner/benchmark/cirrus-ex/VASP/CdTe_Hybrid/6.5.1-GCC-LibSci/CdTe_4nodes_1152cores_1threads_16NCORE_4KPAR_21411_202512201838.OUTCAR,21411,2025.12.20 18:39:14,4,1152,1152,1,8224285,4,16,18,774,891.6228,1927.414
Cirrus,6.5.1-GCC-LibSci,/mnt/lustre/e1000/home/z04/z04/aturner/benchmark/cirrus-ex/VASP/CdTe_Hybrid/6.5.1-GCC-LibSci/CdTe_64nodes_18432cores_1threads_16NCORE_4KPAR_22540_202512230505.OUTCAR,22540,2025.12.23 05:05:53,64,18432,18432,1,37547580,4,16,288,864,108.0288,558.131
Cirrus,6.5.1-GCC-LibSci,/mnt/lustre/e1000/home/z04/z04/aturner/benchmark/cirrus-ex/VASP/CdTe_Hybrid/6.5.1-GCC-LibSci/CdTe_16nodes_4608cores_1threads_4NCORE_4KPAR_21421_202512210052.OUTCAR,21421,2025.12.21 00:53:27,16,4608,4608,1,14799129,4,4,288,864,332.0473,896.826
Cirrus,6.5.1-GCC-LibSci,/mnt/lustre/e1000/home/z04/z04/aturner/benchmark/cirrus-ex/VASP/CdTe_Hybrid/6.5.1-GCC-LibSci/CdTe_1nodes_72cores_1threads_16NCORE_8KPAR_20721_202512190931.OUTCAR,20721,2025.12.19 09:31:43,1,72,72,1,10547278,8,9,1,770,6471.2359,13356.934
Cirrus,6.5.1-GCC-LibSci,/mnt/lustre/e1000/home/z04/z04/aturner/benchmark/cirrus-ex/VASP/CdTe_Hybrid/6.5.1-GCC-LibSci/CdTe_32nodes_9216cores_1threads_16NCORE_2KPAR_22531_202512222146.OUTCAR,22531,2025.12.22 21:46:52,32,9216,9216,1,27471015,2,16,288,864,204.8829,811.639
Cirrus,6.5.1-GCC-LibSci,/mnt/lustre/e1000/home/z04/z04/aturner/benchmark/cirrus-ex/VASP/CdTe_Hybrid/6.5.1-GCC-LibSci/CdTe_16nodes_4608cores_1threads_4NCORE_4KPAR_22526_202512221925.OUTCAR,22526,2025.12.22 19:26:19,16,4608,4608,1,15350407,4,4,288,864,337.2702,903.33
Cirrus,6.5.1-GCC-LibSci,/mnt/lustre/e1000/home/z04/z04/aturner/benchmark/cirrus-ex/VASP/CdTe_Hybrid/6.5.1-GCC-LibSci/CdTe_4nodes_1152cores_1threads_4NCORE_2KPAR_21406_202512201838.OUTCAR,21406,2025.12.20 18:39:19,4,1152,1152,1,9950754,2,4,144,864,1086.159,2192.336
Cirrus,6.5.1-GCC-LibSci,/mnt/lustre/e1000/home/z04/z04/aturner/benchmark/cirrus-ex/VASP/CdTe_Hybrid/6.5.1-GCC-LibSci/CdTe_2nodes_576cores_1threads_8NCORE_2KPAR_20738_202512190931.OUTCAR,20738,2025.12.19 09:32:20,2,576,576,1,6618954,2,8,36,792,1515.6988,3106.268
Cirrus,6.5.1-GCC-LibSci,/mnt/lustre/e1000/home/z04/z04/aturner/benchmark/cirrus-ex/VASP/CdTe_Hybrid/6.5.1-GCC-LibSci/CdTe_64nodes_18432cores_1threads_16NCORE_4KPAR_21435_202512211313.OUTCAR,21435,2025.12.21 13:14:30,64,18432,18432,1,37563828,4,16,288,864,107.6836,560.79
Cirrus,6.5.1-GCC-LibSci,/mnt/lustre/e1000/home/z04/z04/aturner/benchmark/cirrus-ex/VASP/CdTe_Hybrid/6.5.1-GCC-LibSci/CdTe_1nodes_144cores_1threads_8NCORE_8KPAR_21392_202512201838.OUTCAR,21392,2025.12.20 18:38:41,1,144,144,1,7256465,8,1,18,774,2934.8298,6115.739
Cirrus,6.5.1-GCC-LibSci,/mnt/lustre/e1000/home/z04/z04/aturner/benchmark/cirrus-ex/VASP/CdTe_Hybrid/6.5.1-GCC-LibSci/CdTe_1nodes_72cores_1threads_4NCORE_4KPAR_22484_202512221627.OUTCAR,22484,2025.12.22 16:27:34,1,72,72,1,7635347,4,1,18,774,3692.3895,8539.532
Cirrus,6.5.1-GCC-LibSci,/mnt/lustre/e1000/home/z04/z04/aturner/benchmark/cirrus-ex/VASP/CdTe_Hybrid/6.5.1-GCC-LibSci/CdTe_1nodes_144cores_1threads_16NCORE_2KPAR_21153_202512191351.OUTCAR,21153,2025.12.19 13:51:36,1,144,144,1,7176269,2,1,72,792,3190.5835,6579.436
Cirrus,6.5.1-GCC-LibSci,/mnt/lustre/e1000/home/z04/z04/aturner/benchmark/cirrus-ex/VASP/CdTe_Hybrid/6.5.1-GCC-LibSci/CdTe_64nodes_18432cores_1threads_8NCORE_2KPAR_21431_202512210950.OUTCAR,21431,2025.12.21 09:51:01,64,18432,18432,1,379489149,2,8,1152,1152,211.8653,5731.131
Cirrus,6.5.1-GCC-LibSci,/mnt/lustre/e1000/home/z04/z04/aturner/benchmark/cirrus-ex/VASP/CdTe_Hybrid/6.5.1-GCC-LibSci/CdTe_16nodes_4608cores_1threads_8NCORE_2KPAR_22524_202512221908.OUTCAR,22524,2025.12.22 19:08:58,16,4608,4608,1,16782046,2,8,288,864,328.5452,993.089
Cirrus,6.5.1-GCC-LibSci,/mnt/lustre/e1000/home/z04/z04/aturner/benchmark/cirrus-ex/VASP/CdTe_Hybrid/6.5.1-GCC-LibSci/CdTe_1nodes_72cores_1threads_8NCORE_2KPAR_21377_202512201838.OUTCAR,21377,2025.12.20 18:38:40,1,72,72,1,8709250,2,1,36,792,3952.5646,8954.717
Cirrus,6.5.1-GCC-LibSci,/mnt/lustre/e1000/home/z04/z04/aturner/benchmark/cirrus-ex/VASP/CdTe_Hybrid/6.5.1-GCC-LibSci/CdTe_1nodes_72cores_1threads_4NCORE_4KPAR_20716_202512190931.OUTCAR,20716,2025.12.19 09:31:43,1,72,72,1,8481897,4,1,18,774,3696.8943,8559.882
Cirrus,6.5.1-GCC-LibSci,/mnt/lustre/e1000/home/z04/z04/aturner/benchmark/cirrus-ex/VASP/CdTe_Hybrid/6.5.1-GCC-LibSci/CdTe_1nodes_144cores_1threads_4NCORE_4KPAR_21389_202512201838.OUTCAR,21389,2025.12.20 18:38:41,1,144,144,1,7265136,4,4,9,774,3128.4617,6514.098
Cirrus,6.5.1-GCC-LibSci,/mnt/lustre/e1000/home/z04/z04/aturner/benchmark/cirrus-ex/VASP/CdTe_Hybrid/6.5.1-GCC-LibSci/CdTe_32nodes_9216cores_1threads_16NCORE_4KPAR_22534_202512222235.OUTCAR,22534,2025.12.22 22:35:55,32,9216,9216,1,19689345,4,16,144,864,161.2736,581.007
Cirrus,6.5.1-GCC-LibSci,/mnt/lustre/e1000/home/z04/z04/aturner/benchmark/cirrus-ex/VASP/CdTe_Hybrid/6.5.1-GCC-LibSci/CdTe_1nodes_288cores_1threads_4NCORE_2KPAR_22499_202512221632.OUTCAR,22499,2025.12.22 16:32:49,1,288,288,1,6335004,2,4,36,792,3091.4755,5868.891
Cirrus,6.5.1-GCC-LibSci,/mnt/lustre/e1000/home/z04/z04/aturner/benchmark/cirrus-ex/VASP/CdTe_Hybrid/6.5.1-GCC-LibSci/CdTe_2nodes_576cores_1threads_4NCORE_2KPAR_20447_202512180959.OUTCAR,20447,2025.12.18 09:59:37,2,576,576,1,7173661,2,4,72,792,1707.9982,3318.193
Cirrus,6.5.1-GCC-LibSci,/mnt/lustre/e1000/home/z04/z04/aturner/benchmark/cirrus-ex/VASP/CdTe_Hybrid/6.5.1-GCC-LibSci/CdTe_1nodes_72cores_1threads_16NCORE_8KPAR_22489_202512221630.OUTCAR,22489,2025.12.22 16:30:56,1,72,72,1,10714872,8,9,1,770,6070.3674,12962.317
Cirrus,6.5.1-GCC-LibSci,/mnt/lustre/e1000/home/z04/z04/aturner/benchmark/cirrus-ex/VASP/CdTe_Hybrid/6.5.1-GCC-LibSci/CdTe_64nodes_18432cores_1threads_8NCORE_4KPAR_20475_202512182318.OUTCAR,20475,2025.12.18 23:18:51,64,18432,18432,1,76166460,4,8,576,1152,169.2051,1142.062
Cirrus,6.5.1-GCC-LibSci,/mnt/lustre/e1000/home/z04/z04/aturner/benchmark/cirrus-ex/VASP/CdTe_Hybrid/6.5.1-GCC-LibSci/CdTe_32nodes_9216cores_1threads_8NCORE_4KPAR_22533_202512222223.OUTCAR,22533,2025.12.22 22:24:32,32,9216,9216,1,21405956,4,8,288,864,172.6291,635.687
Cirrus,6.5.1-GCC-LibSci,/mnt/lustre/e1000/home/z04/z04/aturner/benchmark/cirrus-ex/VASP/CdTe_Hybrid/6.5.1-GCC-LibSci/CdTe_1nodes_72cores_1threads_4NCORE_4KPAR_21144_202512191343.OUTCAR,21144,2025.12.19 13:43:36,1,72,72,1,7439576,4,1,18,774,3666.1304,8529.486
Cirrus,6.5.1-GCC-LibSci,/mnt/lustre/e1000/home/z04/z04/aturner/benchmark/cirrus-ex/VASP/CdTe_Hybrid/6.5.1-GCC-LibSci/CdTe_16nodes_4608cores_1threads_16NCORE_4KPAR_20466_202512181055.OUTCAR,20466,2025.12.18 10:56:09,16,4608,4608,1,12322940,4,16,72,792,249.8817,725.348
Cirrus,6.5.1-GCC-LibSci,/mnt/lustre/e1000/home/z04/z04/aturner/benchmark/cirrus-ex/VASP/CdTe_Hybrid/6.5.1-GCC-LibSci/CdTe_64nodes_18432cores_1threads_8NCORE_4KPAR_22539_202512230445.OUTCAR,22539,2025.12.23 04:46:06,64,18432,18432,1,75996812,4,8,576,1152,168.3328,1140.025
Cirrus,6.5.1-GCC-LibSci,/mnt/lustre/e1000/home/z04/z04/aturner/benchmark/cirrus-ex/VASP/CdTe_Hybrid/6.5.1-GCC-LibSci/CdTe_1nodes_72cores_1threads_4NCORE_2KPAR_20712_202512190931.OUTCAR,20712,2025.12.19 09:31:43,1,72,72,1,9063090,2,4,9,774,4794.415,10449.983
Cirrus,6.5.1-GCC-LibSci,/mnt/lustre/e1000/home/z04/z04/aturner/benchmark/cirrus-ex/VASP/CdTe_Hybrid/6.5.1-GCC-LibSci/CdTe_1nodes_72cores_1threads_8NCORE_8KPAR_21383_202512201838.OUTCAR,21383,2025.12.20 18:38:40,1,72,72,1,8124947,8,1,9,774,3720.8542,8650.09
Cirrus,6.5.1-GCC-LibSci,/mnt/lustre/e1000/home/z04/z04/aturner/benchmark/cirrus-ex/VASP/CdTe_Hybrid/6.5.1-GCC-LibSci/CdTe_1nodes_72cores_1threads_4NCORE_2KPAR_21376_202512201838.OUTCAR,21376,2025.12.20 18:38:40,1,72,72,1,9405938,2,4,9,774,4851.0848,10620.285
Cirrus,6.5.1-GCC-LibSci,/mnt/lustre/e1000/home/z04/z04/aturner/benchmark/cirrus-ex/VASP/CdTe_Hybrid/6.5.1-GCC-LibSci/CdTe_1nodes_72cores_1threads_8NCORE_8KPAR_20719_202512190931.OUTCAR,20719,2025.12.19 09:31:43,1,72,72,1,7618209,8,1,9,774,3701.7873,8591.114
Cirrus,6.5.1-GCC-LibSci,/mnt/lustre/e1000/home/z04/z04/aturner/benchmark/cirrus-ex/VASP/CdTe_Hybrid/6.5.1-GCC-LibSci/CdTe_1nodes_72cores_1threads_8NCORE_4KPAR_22485_202512221628.OUTCAR,22485,2025.12.22 16:28:39,1,72,72,1,7593275,4,1,18,774,3657.4467,8489.995
Cirrus,6.5.1-GCC-LibSci,/mnt/lustre/e1000/home/z04/z04/aturner/benchmark/cirrus-ex/VASP/CdTe_Hybrid/6.5.1-GCC-LibSci/CdTe_2nodes_576cores_1threads_4NCORE_2KPAR_21400_202512201838.OUTCAR,21400,2025.12.20 18:39:10,2,576,576,1,7068640,2,4,72,792,1692.4155,3284.316
Cirrus,6.5.1-GCC-LibSci,/mnt/lustre/e1000/home/z04/z04/aturner/benchmark/cirrus-ex/VASP/CdTe_Hybrid/6.5.1-GCC-LibSci/CdTe_2nodes_576cores_1threads_16NCORE_4KPAR_20451_202512180959.OUTCAR,20451,2025.12.18 09:59:35,2,576,576,1,7302832,4,16,9,774,1628.1579,3433.208
Cirrus,6.5.1-GCC-LibSci,/mnt/lustre/e1000/home/z04/z04/aturner/benchmark/cirrus-ex/VASP/CdTe_Hybrid/6.5.1-GCC-LibSci/CdTe_2nodes_576cores_1threads_4NCORE_4KPAR_22794_202512230911.OUTCAR,22794,2025.12.23 09:11:53,2,576,576,1,6819742,4,4,36,792,1588.7782,3127.425
Cirrus,6.5.1-GCC-LibSci,/mnt/lustre/e1000/home/z04/z04/aturner/benchmark/cirrus-ex/VASP/CdTe_Hybrid/6.5.1-GCC-LibSci/CdTe_1nodes_288cores_1threads_16NCORE_4KPAR_20736_202512190931.OUTCAR,20736,2025.12.19 09:31:44,1,288,288,1,8155170,4,1,72,792,3555.7697,6597.454
Cirrus,6.5.1-GCC-LibSci,/mnt/lustre/e1000/home/z04/z04/aturner/benchmark/cirrus-ex/VASP/CdTe_Hybrid/6.5.1-GCC-LibSci/CdTe_1nodes_144cores_1threads_8NCORE_4KPAR_20727_202512190931.OUTCAR,20727,2025.12.19 09:31:44,1,144,144,1,6896081,4,1,36,792,3004.3858,6214.36
Cirrus,6.5.1-GCC-LibSci,/mnt/lustre/e1000/home/z04/z04/aturner/benchmark/cirrus-ex/VASP/CdTe_Hybrid/6.5.1-GCC-LibSci/CdTe_1nodes_144cores_1threads_4NCORE_2KPAR_22490_202512221632.OUTCAR,22490,2025.12.22 16:32:31,1,144,144,1,7295620,2,4,18,774,3164.9897,6535.639
Cirrus,6.5.1-GCC-LibSci,/mnt/lustre/e1000/home/z04/z04/aturner/benchmark/cirrus-ex/VASP/CdTe_Hybrid/6.5.1-GCC-LibSci/CdTe_1nodes_72cores_1threads_16NCORE_4KPAR_21381_202512201838.OUTCAR,21381,2025.12.20 18:38:40,1,72,72,1,8441668,4,1,18,774,3694.4119,8569.463
Cirrus,6.5.1-GCC-LibSci,/mnt/lustre/e1000/home/z04/z04/aturner/benchmark/cirrus-ex/VASP/CdTe_Hybrid/6.5.1-GCC-LibSci/CdTe_4nodes_1152cores_1threads_16NCORE_2KPAR_21408_202512201838.OUTCAR,21408,2025.12.20 18:39:18,4,1152,1152,1,9009801,2,16,36,792,906.9809,1992.791
Cirrus,6.5.1-GCC-LibSci,/mnt/lustre/e1000/home/z04/z04/aturner/benchmark/cirrus-ex/VASP/CdTe_Hybrid/6.5.1-GCC-LibSci/CdTe_32nodes_9216cores_1threads_16NCORE_4KPAR_21429_202512210416.OUTCAR,21429,2025.12.21 04:16:57,32,9216,9216,1,19766408,4,16,144,864,161.3916,582.653
Cirrus,6.5.1-GCC-LibSci,/mnt/lustre/e1000/home/z04/z04/aturner/benchmark/cirrus-ex/VASP/CdTe_Hybrid/6.5.1-GCC-LibSci/CdTe_8nodes_2304cores_1threads_8NCORE_4KPAR_22521_202512221811.OUTCAR,22521,2025.12.22 18:11:53,8,2304,2304,1,8384510,4,8,72,792,416.1178,1017.207
Cirrus,6.5.1-GCC-LibSci,/mnt/lustre/e1000/home/z04/z04/aturner/benchmark/cirrus-ex/VASP/CdTe_Hybrid/6.5.1-GCC-LibSci/CdTe_64nodes_18432cores_1threads_4NCORE_4KPAR_20474_202512182221.OUTCAR,20474,2025.12.18 22:22:21,64,18432,18432,1,221483911,4,4,1152,1152,197.6174,3340.512
Cirrus,6.5.1-GCC-LibSci,/mnt/lustre/e1000/home/z04/z04/aturner/benchmark/cirrus-ex/VASP/CdTe_Hybrid/6.5.1-GCC-LibSci/CdTe_1nodes_288cores_1threads_16NCORE_4KPAR_21399_202512201838.OUTCAR,21399,2025.12.20 18:38:42,1,288,288,1,7396747,4,1,72,792,3447.5304,6435.736
Cirrus,6.5.1-GCC-LibSci,/mnt/lustre/e1000/home/z04/z04/aturner/benchmark/cirrus-ex/VASP/CdTe_Hybrid/6.5.1-GCC-LibSci/CdTe_1nodes_72cores_1threads_8NCORE_8KPAR_21147_202512191346.OUTCAR,21147,2025.12.19 13:46:38,1,72,72,1,8322637,8,1,9,774,3661.6553,8532.218
Cirrus,6.5.1-GCC-LibSci,/mnt/lustre/e1000/home/z04/z04/aturner/benchmark/cirrus-ex/VASP/CdTe_Hybrid/6.5.1-GCC-LibSci/CdTe_32nodes_9216cores_1threads_4NCORE_2KPAR_22529_202512222108.OUTCAR,22529,2025.12.22 21:08:49,32,9216,9216,1,196429210,2,4,1152,1152,366.6537,5911.43
Cirrus,6.5.1-GCC-LibSci,/mnt/lustre/e1000/home/z04/z04/aturner/benchmark/cirrus-ex/VASP/CdTe_Hybrid/6.5.1-GCC-LibSci/CdTe_1nodes_72cores_1threads_16NCORE_4KPAR_22486_202512221630.OUTCAR,22486,2025.12.22 16:30:56,1,72,72,1,7949035,4,1,18,774,3698.6393,8588.234
Cirrus,6.5.1-GCC-LibSci,/mnt/lustre/e1000/home/z04/z04/aturner/benchmark/cirrus-ex/VASP/CdTe_Hybrid/6.5.1-GCC-LibSci/CdTe_8nodes_2304cores_1threads_4NCORE_4KPAR_22520_202512221806.OUTCAR,22520,2025.12.22 18:06:47,8,2304,2304,1,10111038,4,4,144,864,525.0976,1185.735
Cirrus,6.5.1-GCC-LibSci,/mnt/lustre/e1000/home/z04/z04/aturner/benchmark/cirrus-ex/VASP/CdTe_Hybrid/6.5.1-GCC-LibSci/CdTe_32nodes_9216cores_1threads_8NCORE_4KPAR_21428_202512210404.OUTCAR,21428,2025.12.21 04:05:28,32,9216,9216,1,21612580,4,8,288,864,172.5695,641.911
Cirrus,6.5.1-GCC-LibSci,/mnt/lustre/e1000/home/z04/z04/aturner/benchmark/cirrus-ex/VASP/CdTe_Hybrid/6.5.1-GCC-LibSci/CdTe_1nodes_72cores_1threads_8NCORE_4KPAR_21145_202512191344.OUTCAR,21145,2025.12.19 13:44:18,1,72,72,1,8147818,4,1,18,774,3719.7854,8558.384
Cirrus,6.5.1-GCC-LibSci,/mnt/lustre/e1000/home/z04/z04/aturner/benchmark/cirrus-ex/VASP/CdTe_Hybrid/6.5.1-GCC-LibSci/CdTe_2nodes_576cores_1threads_4NCORE_2KPAR_22505_202512221635.OUTCAR,22505,2025.12.22 16:35:40,2,576,576,1,7921678,2,4,72,792,1767.6483,3392.596
Cirrus,6.5.1-GCC-LibSci,/mnt/lustre/e1000/home/z04/z04/aturner/benchmark/cirrus-ex/VASP/CdTe_Hybrid/6.5.1-GCC-LibSci/CdTe_1nodes_72cores_1threads_8NCORE_2KPAR_20714_202512190931.OUTCAR,20714,2025.12.19 09:31:43,1,72,72,1,8030089,2,1,36,792,3907.5614,8913.429
Cirrus,6.5.1-GCC-LibSci,/mnt/lustre/e1000/home/z04/z04/aturner/benchmark/cirrus-ex/VASP/CdTe_Hybrid/6.5.1-GCC-LibSci/CdTe_4nodes_1152cores_1threads_4NCORE_4KPAR_20454_202512180959.OUTCAR,20454,2025.12.18 09:59:41,4,1152,1152,1,8524275,4,4,72,792,898.7521,1841.335
Cirrus,6.5.1-GCC-LibSci,/mnt/lustre/e1000/home/z04/z04/aturner/benchmark/cirrus-ex/VASP/CdTe_Hybrid/6.5.1-GCC-LibSci/CdTe_8nodes_2304cores_1threads_4NCORE_2KPAR_22517_202512221748.OUTCAR,22517,2025.12.22 17:48:58,8,2304,2304,1,14066659,2,4,288,864,681.3032,1578.442
Cirrus,6.5.1-GCC-LibSci,/mnt/lustre/e1000/home/z04/z04/aturner/benchmark/cirrus-ex/VASP/CdTe_Hybrid/6.5.1-GCC-LibSci/CdTe_16nodes_4608cores_1threads_8NCORE_4KPAR_20465_202512181052.OUTCAR,20465,2025.12.18 10:53:39,16,4608,4608,1,12687123,4,8,144,864,267.3947,746.755
Cirrus,6.5.1-GCC-LibSci,/mnt/lustre/e1000/home/z04/z04/aturner/benchmark/cirrus-ex/VASP/CdTe_Hybrid/6.5.1-GCC-LibSci/CdTe_32nodes_9216cores_1threads_4NCORE_4KPAR_22532_202512222200.OUTCAR,22532,2025.12.22 22:01:13,32,9216,9216,1,45268906,4,4,576,1152,319.8185,1350.892
Cirrus,6.5.1-GCC-LibSci,/mnt/lustre/e1000/home/z04/z04/aturner/benchmark/cirrus-ex/VASP/CdTe_Hybrid/6.5.1-GCC-LibSci/CdTe_1nodes_144cores_1threads_4NCORE_2KPAR_21150_202512191350.OUTCAR,21150,2025.12.19 13:50:14,1,144,144,1,7288152,2,4,18,774,3193.7559,6569.517
Cirrus,6.5.1-GCC-LibSci,/mnt/lustre/e1000/home/z04/z04/aturner/benchmark/cirrus-ex/VASP/CdTe_Hybrid/6.5.1-GCC-LibSci/CdTe_8nodes_2304cores_1threads_16NCORE_4KPAR_21417_202512202341.OUTCAR,21417,2025.12.20 23:42:38,8,2304,2304,1,9427226,4,16,36,792,447.0132,1100.098
Cirrus,6.5.1-GCC-LibSci,/mnt/lustre/e1000/home/z04/z04/aturner/benchmark/cirrus-ex/VASP/CdTe_Hybrid/6.5.1-GCC-LibSci/CdTe_1nodes_72cores_1threads_4NCORE_2KPAR_21141_202512191331.OUTCAR,21141,2025.12.19 13:31:19,1,72,72,1,9368682,2,4,9,774,4786.8814,10384.547
Cirrus,6.5.1-GCC-LibSci,/mnt/lustre/e1000/home/z04/z04/aturner/benchmark/cirrus-ex/VASP/CdTe_Hybrid/6.5.1-GCC-LibSci/CdTe_2nodes_576cores_1threads_16NCORE_4KPAR_21405_202512201838.OUTCAR,21405,2025.12.20 18:39:14,2,576,576,1,7286292,4,16,9,774,1636.941,3440.536
Cirrus,6.5.1-GCC-LibSci,/mnt/lustre/e1000/home/z04/z04/aturner/benchmark/cirrus-ex/VASP/CdTe_Hybrid/6.5.1-GCC-LibSci/CdTe_4nodes_1152cores_1threads_4NCORE_2KPAR_20743_202512190931.OUTCAR,20743,2025.12.19 09:32:19,4,1152,1152,1,9091871,2,4,144,864,1044.7525,2134.245
Cirrus,6.5.1-GCC-LibSci,/mnt/lustre/e1000/home/z04/z04/aturner/benchmark/cirrus-ex/VASP/CdTe_Hybrid/6.5.1-GCC-LibSci/CdTe_32nodes_9216cores_1threads_8NCORE_2KPAR_22530_202512222114.OUTCAR,22530,2025.12.22 21:14:49,32,9216,9216,1,62676311,2,8,576,1152,320.4582,1875.799
Cirrus,6.5.1-GCC-LibSci,/mnt/lustre/e1000/home/z04/z04/aturner/benchmark/cirrus-ex/VASP/CdTe_Hybrid/6.5.1-GCC-LibSci/CdTe_16nodes_4608cores_1threads_8NCORE_2KPAR_21419_202512210048.OUTCAR,21419,2025.12.21 00:49:08,16,4608,4608,1,17845939,2,8,288,864,338.0696,1014.836
Cirrus,6.5.1-GCC-LibSci,/mnt/lustre/e1000/home/z04/z04/aturner/benchmark/cirrus-ex/VASP/CdTe_Hybrid/6.5.1-GCC-LibSci/CdTe_2nodes_576cores_1threads_4NCORE_4KPAR_22508_202512221642.OUTCAR,22508,2025.12.22 16:43:14,2,576,576,1,6629600,4,4,36,792,1596.9077,3131.89
Cirrus,6.5.1-GCC-LibSci,/mnt/lustre/e1000/home/z04/z04/aturner/benchmark/cirrus-ex/VASP/CdTe_Hybrid/6.5.1-GCC-LibSci/CdTe_2nodes_576cores_1threads_8NCORE_4KPAR_21404_202512201838.OUTCAR,21404,2025.12.20 18:39:07,2,576,576,1,6233034,4,8,18,774,1424.8653,2963.885
Cirrus,6.5.1-GCC-LibSci,/mnt/lustre/e1000/home/z04/z04/aturner/benchmark/cirrus-ex/VASP/CdTe_Hybrid/6.5.1-GCC-LibSci/CdTe_1nodes_144cores_1threads_8NCORE_8KPAR_20729_202512190931.OUTCAR,20729,2025.12.19 09:31:44,1,144,144,1,6608376,8,1,18,774,2848.4707,6003.139
Cirrus,6.5.1-GCC-LibSci,/mnt/lustre/e1000/home/z04/z04/aturner/benchmark/cirrus-ex/VASP/CdTe_Hybrid/6.5.1-GCC-LibSci/CdTe_16nodes_4608cores_1threads_16NCORE_2KPAR_21420_202512210050.OUTCAR,21420,2025.12.21 00:51:15,16,4608,4608,1,15873148,2,16,144,864,318.3169,885.598
Cirrus,6.5.1-GCC-LibSci,/mnt/lustre/e1000/home/z04/z04/aturner/benchmark/cirrus-ex/VASP/CdTe_Hybrid/6.5.1-GCC-LibSci/CdTe_2nodes_576cores_1threads_8NCORE_2KPAR_21401_202512201838.OUTCAR,21401,2025.12.20 18:39:20,2,576,576,1,6493897,2,8,36,792,1515.9416,3110.943
Cirrus,6.5.1-GCC-LibSci,/mnt/lustre/e1000/home/z04/z04/aturner/benchmark/cirrus-ex/VASP/CdTe_Hybrid/6.5.1-GCC-LibSci/CdTe_2nodes_576cores_1threads_16NCORE_4KPAR_22510_202512221650.OUTCAR,22510,2025.12.22 16:51:16,2,576,576,1,7415150,4,16,9,774,1641.908,3449.651
Cirrus,6.5.1-GCC-LibSci,/mnt/lustre/e1000/home/z04/z04/aturner/benchmark/cirrus-ex/VASP/CdTe_Hybrid/6.5.1-GCC-LibSci/CdTe_1nodes_144cores_1threads_8NCORE_4KPAR_21390_202512201838.OUTCAR,21390,2025.12.20 18:38:41,1,144,144,1,6900501,4,1,36,792,3017.6316,6241.69
Cirrus,6.5.1-GCC-LibSci,/mnt/lustre/e1000/home/z04/z04/aturner/benchmark/cirrus-ex/VASP/CdTe_Hybrid/6.5.1-GCC-LibSci/CdTe_32nodes_9216cores_1threads_4NCORE_4KPAR_21427_202512210341.OUTCAR,21427,2025.12.21 03:42:06,32,9216,9216,1,45244981,4,4,576,1152,320.4751,1350.934
Cirrus,6.5.1-GCC-LibSci,/mnt/lustre/e1000/home/z04/z04/aturner/benchmark/cirrus-ex/VASP/CdTe_Hybrid/6.5.1-GCC-LibSci/CdTe_1nodes_72cores_1threads_4NCORE_2KPAR_21140_202512191330.OUTCAR,21140,2025.12.19 13:30:40,1,72,72,1,9037773,2,4,9,774,4835.3345,10517.84
Cirrus,6.5.1-GCC-LibSci,/mnt/lustre/e1000/home/z04/z04/aturner/benchmark/cirrus-ex/VASP/CdTe_Hybrid/6.5.1-GCC-LibSci/CdTe_32nodes_9216cores_1threads_8NCORE_2KPAR_20468_202512181149.OUTCAR,20468,2025.12.18 11:50:34,32,9216,9216,1,62943425,2,8,576,1152,320.6278,1888.195
Cirrus,6.5.1-GCC-LibSci,/mnt/lustre/e1000/home/z04/z04/aturner/benchmark/cirrus-ex/VASP/CdTe_Hybrid/6.5.1-GCC-LibSci/CdTe_1nodes_144cores_1threads_8NCORE_4KPAR_22495_202512221632.OUTCAR,22495,2025.12.22 16:32:42,1,144,144,1,6955855,4,1,36,792,3009.8994,6236.122
Cirrus,6.5.1-GCC-LibSci,/mnt/lustre/e1000/home/z04/z04/aturner/benchmark/cirrus-ex/VASP/CdTe_Hybrid/6.5.1-GCC-LibSci/CdTe_1nodes_72cores_1threads_16NCORE_8KPAR_21149_202512191347.OUTCAR,21149,2025.12.19 13:47:24,1,72,72,1,10416490,8,9,1,770,5988.948,12794.725
Cirrus,6.5.1-GCC-LibSci,/mnt/lustre/e1000/home/z04/z04/aturner/benchmark/cirrus-ex/VASP/CdTe_Hybrid/6.5.1-GCC-LibSci/CdTe_1nodes_72cores_1threads_16NCORE_2KPAR_21143_202512191342.OUTCAR,21143,2025.12.19 13:42:30,1,72,72,1,7857599,2,1,36,792,3920.7743,8916.582
Cirrus,6.5.1-GCC-MKL,/mnt/lustre/e1000/home/z04/z04/aturner/benchmark/cirrus-ex/VASP/CdTe_Hybrid/6.5.1-GCC-MKL/CdTe_8nodes_2304cores_1threads_4NCORE_4KPAR_22459_202512221708.OUTCAR,22459,2025.12.22 17:08:55,8,2304,2304,1,11092496,4,4,144,864,530.1497,1218.787
Cirrus,6.5.1-GCC-MKL,/mnt/lustre/e1000/home/z04/z04/aturner/benchmark/cirrus-ex/VASP/CdTe_Hybrid/6.5.1-GCC-MKL/CdTe_1nodes_144cores_1threads_4NCORE_2KPAR_20784_202512191002.OUTCAR,20784,2025.12.19 10:02:39,1,144,144,1,8685019,2,4,18,774,3486.369,7399.56
Cirrus,6.5.1-GCC-MKL,/mnt/lustre/e1000/home/z04/z04/aturner/benchmark/cirrus-ex/VASP/CdTe_Hybrid/6.5.1-GCC-MKL/CdTe_1nodes_144cores_1threads_8NCORE_4KPAR_22166_202512221005.OUTCAR,22166,2025.12.22 10:05:25,1,144,144,1,7830431,4,1,36,792,3334.1023,7143.321
Cirrus,6.5.1-GCC-MKL,/mnt/lustre/e1000/home/z04/z04/aturner/benchmark/cirrus-ex/VASP/CdTe_Hybrid/6.5.1-GCC-MKL/CdTe_1nodes_144cores_1threads_4NCORE_2KPAR_22162_202512221003.OUTCAR,22162,2025.12.22 10:03:29,1,144,144,1,8107264,2,4,18,774,3445.7725,7333.46
Cirrus,6.5.1-GCC-MKL,/mnt/lustre/e1000/home/z04/z04/aturner/benchmark/cirrus-ex/VASP/CdTe_Hybrid/6.5.1-GCC-MKL/CdTe_1nodes_144cores_1threads_8NCORE_2KPAR_21091_202512191306.OUTCAR,21091,2025.12.19 13:06:38,1,144,144,1,9518343,2,8,9,774,3978.8348,8388.423
Cirrus,6.5.1-GCC-MKL,/mnt/lustre/e1000/home/z04/z04/aturner/benchmark/cirrus-ex/VASP/CdTe_Hybrid/6.5.1-GCC-MKL/CdTe_32nodes_9216cores_1threads_8NCORE_2KPAR_22469_202512222007.OUTCAR,22469,2025.12.22 20:08:21,32,9216,9216,1,51360759,2,8,576,1152,330.6918,1533.818
Cirrus,6.5.1-GCC-MKL,/mnt/lustre/e1000/home/z04/z04/aturner/benchmark/cirrus-ex/VASP/CdTe_Hybrid/6.5.1-GCC-MKL/CdTe_1nodes_288cores_1threads_16NCORE_4KPAR_20797_202512191008.OUTCAR,20797,2025.12.19 10:08:08,1,288,288,1,8640239,4,1,72,792,3652.5981,7046.989
Cirrus,6.5.1-GCC-MKL,/mnt/lustre/e1000/home/z04/z04/aturner/benchmark/cirrus-ex/VASP/CdTe_Hybrid/6.5.1-GCC-MKL/CdTe_1nodes_288cores_1threads_4NCORE_2KPAR_22170_202512221007.OUTCAR,22170,2025.12.22 10:07:09,1,288,288,1,6544846,2,4,36,792,3025.5128,6052.829
Cirrus,6.5.1-GCC-MKL,/mnt/lustre/e1000/home/z04/z04/aturner/benchmark/cirrus-ex/VASP/CdTe_Hybrid/6.5.1-GCC-MKL/CdTe_2nodes_576cores_1threads_8NCORE_2KPAR_i20557_202512181257.OUTCAR,20557,2025.12.18 12:57:33,2,576,576,1,7646137,2,8,36,792,1603.1081,3386.206
Cirrus,6.5.1-GCC-MKL,/mnt/lustre/e1000/home/z04/z04/aturner/benchmark/cirrus-ex/VASP/CdTe_Hybrid/6.5.1-GCC-MKL/CdTe_1nodes_144cores_1threads_4NCORE_4KPAR_22433_202512221448.OUTCAR,22433,2025.12.22 14:48:48,1,144,144,1,8776178,4,4,9,774,3463.411,7403.633
Cirrus,6.5.1-GCC-MKL,/mnt/lustre/e1000/home/z04/z04/aturner/benchmark/cirrus-ex/VASP/CdTe_Hybrid/6.5.1-GCC-MKL/CdTe_1nodes_288cores_1threads_4NCORE_4KPAR_22441_202512221450.OUTCAR,22441,2025.12.22 14:50:57,1,288,288,1,6396352,4,4,18,774,2881.5655,5818.197
Cirrus,6.5.1-GCC-MKL,/mnt/lustre/e1000/home/z04/z04/aturner/benchmark/cirrus-ex/VASP/CdTe_Hybrid/6.5.1-GCC-MKL/CdTe_1nodes_72cores_1threads_8NCORE_8KPAR_22159_202512221001.OUTCAR,22159,2025.12.22 10:01:37,1,72,72,1,9305984,8,1,9,774,4539.5472,10489.543
Cirrus,6.5.1-GCC-MKL,/mnt/lustre/e1000/home/z04/z04/aturner/benchmark/cirrus-ex/VASP/CdTe_Hybrid/6.5.1-GCC-MKL/CdTe_1nodes_144cores_1threads_4NCORE_2KPAR_22429_202512221448.OUTCAR,22429,2025.12.22 14:48:37,1,144,144,1,8107677,2,4,18,774,3450.3604,7338.512
Cirrus,6.5.1-GCC-MKL,/mnt/lustre/e1000/home/z04/z04/aturner/benchmark/cirrus-ex/VASP/CdTe_Hybrid/6.5.1-GCC-MKL/CdTe_1nodes_288cores_1threads_8NCORE_2KPAR_i20552_202512181257.OUTCAR,20552,2025.12.18 12:57:05,1,288,288,1,6534021,2,8,18,774,2903.333,6015.768
Cirrus,6.5.1-GCC-MKL,/mnt/lustre/e1000/home/z04/z04/aturner/benchmark/cirrus-ex/VASP/CdTe_Hybrid/6.5.1-GCC-MKL/CdTe_1nodes_72cores_1threads_8NCORE_2KPAR_21499_202512202010.OUTCAR,21499,2025.12.20 20:10:25,1,72,72,1,10098682,2,1,36,792,4828.0762,10961.426
Cirrus,6.5.1-GCC-MKL,/mnt/lustre/e1000/home/z04/z04/aturner/benchmark/cirrus-ex/VASP/CdTe_Hybrid/6.5.1-GCC-MKL/CdTe_1nodes_72cores_1threads_4NCORE_2KPAR_22151_202512220931.OUTCAR,22151,2025.12.22 09:31:36,1,72,72,1,11242075,2,4,9,774,5637.4551,12399.08
Cirrus,6.5.1-GCC-MKL,/mnt/lustre/e1000/home/z04/z04/aturner/benchmark/cirrus-ex/VASP/CdTe_Hybrid/6.5.1-GCC-MKL/CdTe_1nodes_72cores_1threads_16NCORE_4KPAR_21085_202512191258.OUTCAR,21085,2025.12.19 12:58:28,1,72,72,1,9358075,4,1,18,774,4554.9365,10478.15
Cirrus,6.5.1-GCC-MKL,/mnt/lustre/e1000/home/z04/z04/aturner/benchmark/cirrus-ex/VASP/CdTe_Hybrid/6.5.1-GCC-MKL/CdTe_1nodes_144cores_1threads_8NCORE_2KPAR_22163_202512221003.OUTCAR,22163,2025.12.22 10:03:29,1,144,144,1,9169379,2,8,9,774,3949.4782,8350.408
Cirrus,6.5.1-GCC-MKL,/mnt/lustre/e1000/home/z04/z04/aturner/benchmark/cirrus-ex/VASP/CdTe_Hybrid/6.5.1-GCC-MKL/CdTe_16nodes_4608cores_1threads_4NCORE_2KPAR_21122_202512191808.OUTCAR,21122,2025.12.19 18:09:28,16,4608,4608,1,33210804,2,4,576,1152,596.631,1960.244
Cirrus,6.5.1-GCC-MKL,/mnt/lustre/e1000/home/z04/z04/aturner/benchmark/cirrus-ex/VASP/CdTe_Hybrid/6.5.1-GCC-MKL/CdTe_2nodes_576cores_1threads_8NCORE_4KPAR_21526_202512202135.OUTCAR,21526,2025.12.20 21:35:31,2,576,576,1,7420718,4,8,18,774,1502.7101,3212.49
Cirrus,6.5.1-GCC-MKL,/mnt/lustre/e1000/home/z04/z04/aturner/benchmark/cirrus-ex/VASP/CdTe_Hybrid/6.5.1-GCC-MKL/CdTe_2nodes_576cores_1threads_8NCORE_2KPAR_22177_202512221024.OUTCAR,22177,2025.12.22 10:24:44,2,576,576,1,7193531,2,8,36,792,1564.0983,3330.875
Cirrus,6.5.1-GCC-MKL,/mnt/lustre/e1000/home/z04/z04/aturner/benchmark/cirrus-ex/VASP/CdTe_Hybrid/6.5.1-GCC-MKL/CdTe_8nodes_2304cores_1threads_4NCORE_2KPAR_21534_202512210001.OUTCAR,21534,2025.12.21 00:01:45,8,2304,2304,1,12932756,2,4,288,864,634.2718,1505.259
Cirrus,6.5.1-GCC-MKL,/mnt/lustre/e1000/home/z04/z04/aturner/benchmark/cirrus-ex/VASP/CdTe_Hybrid/6.5.1-GCC-MKL/CdTe_1nodes_288cores_1threads_8NCORE_2KPAR_21517_202512202028.OUTCAR,21517,2025.12.20 20:28:12,1,288,288,1,6478200,2,8,18,774,2900.2603,6006.696
Cirrus,6.5.1-GCC-MKL,/mnt/lustre/e1000/home/z04/z04/aturner/benchmark/cirrus-ex/VASP/CdTe_Hybrid/6.5.1-GCC-MKL/CdTe_2nodes_576cores_1threads_8NCORE_4KPAR_22180_202512221028.OUTCAR,22180,2025.12.22 10:28:55,2,576,576,1,7367497,4,8,18,774,1507.0806,3225.213
Cirrus,6.5.1-GCC-MKL,/mnt/lustre/e1000/home/z04/z04/aturner/benchmark/cirrus-ex/VASP/CdTe_Hybrid/6.5.1-GCC-MKL/CdTe_1nodes_288cores_1threads_4NCORE_4KPAR_21101_202512191326.OUTCAR,21101,2025.12.19 13:26:28,1,288,288,1,6273020,4,4,18,774,2868.826,5774.85
Cirrus,6.5.1-GCC-MKL,/mnt/lustre/e1000/home/z04/z04/aturner/benchmark/cirrus-ex/VASP/CdTe_Hybrid/6.5.1-GCC-MKL/CdTe_16nodes_4608cores_1threads_4NCORE_4KPAR_22197_202512221419.OUTCAR,22197,2025.12.22 14:20:34,16,4608,4608,1,14995079,4,4,288,864,328.8099,885.306
Cirrus,6.5.1-GCC-MKL,/mnt/lustre/e1000/home/z04/z04/aturner/benchmark/cirrus-ex/VASP/CdTe_Hybrid/6.5.1-GCC-MKL/CdTe_8nodes_2304cores_1threads_8NCORE_2KPAR_i20567_202512181258.OUTCAR,20567,2025.12.18 12:58:52,8,2304,2304,1,10937799,2,8,144,864,534.9086,1290.245
Cirrus,6.5.1-GCC-MKL,/mnt/lustre/e1000/home/z04/z04/aturner/benchmark/cirrus-ex/VASP/CdTe_Hybrid/6.5.1-GCC-MKL/CdTe_4nodes_1152cores_1threads_4NCORE_2KPAR_22182_202512221136.OUTCAR,22182,2025.12.22 11:37:08,4,1152,1152,1,9270931,2,4,144,864,1018.6753,2145.392
Cirrus,6.5.1-GCC-MKL,/mnt/lustre/e1000/home/z04/z04/aturner/benchmark/cirrus-ex/VASP/CdTe_Hybrid/6.5.1-GCC-MKL/CdTe_1nodes_144cores_1threads_16NCORE_4KPAR_21513_202512202024.OUTCAR,21513,2025.12.20 20:24:19,1,144,144,1,7849327,4,1,36,792,3323.7901,7165.378
Cirrus,6.5.1-GCC-MKL,/mnt/lustre/e1000/home/z04/z04/aturner/benchmark/cirrus-ex/VASP/CdTe_Hybrid/6.5.1-GCC-MKL/CdTe_8nodes_2304cores_1threads_16NCORE_2KPAR_22190_202512221303.OUTCAR,22190,2025.12.22 13:03:46,8,2304,2304,1,10712508,2,16,72,792,510.2244,1263.993
Cirrus,6.5.1-GCC-MKL,/mnt/lustre/e1000/home/z04/z04/aturner/benchmark/cirrus-ex/VASP/CdTe_Hybrid/6.5.1-GCC-MKL/CdTe_1nodes_288cores_1threads_4NCORE_4KPAR_21519_202512202028.OUTCAR,21519,2025.12.20 20:28:54,1,288,288,1,6352475,4,4,18,774,2892.6576,5853.341
Cirrus,6.5.1-GCC-MKL,/mnt/lustre/e1000/home/z04/z04/aturner/benchmark/cirrus-ex/VASP/CdTe_Hybrid/6.5.1-GCC-MKL/CdTe_1nodes_72cores_1threads_4NCORE_2KPAR_20773_202512190932.OUTCAR,20773,2025.12.19 09:32:33,1,72,72,1,10625629,2,4,9,774,5593.7348,12325.037
Cirrus,6.5.1-GCC-MKL,/mnt/lustre/e1000/home/z04/z04/aturner/benchmark/cirrus-ex/VASP/CdTe_Hybrid/6.5.1-GCC-MKL/CdTe_16nodes_4608cores_1threads_16NCORE_4KPAR_21545_202512210204.OUTCAR,21545,2025.12.21 02:05:25,16,4608,4608,1,13753375,4,16,72,792,263.0684,763.573
Cirrus,6.5.1-GCC-MKL,/mnt/lustre/e1000/home/z04/z04/aturner/benchmark/cirrus-ex/VASP/CdTe_Hybrid/6.5.1-GCC-MKL/CdTe_4nodes_1152cores_1threads_16NCORE_2KPAR_21112_202512191600.OUTCAR,21112,2025.12.19 16:01:19,4,1152,1152,1,8892488,2,16,36,792,928.5822,2096.591
Cirrus,6.5.1-GCC-MKL,/mnt/lustre/e1000/home/z04/z04/aturner/benchmark/cirrus-ex/VASP/CdTe_Hybrid/6.5.1-GCC-MKL/CdTe_16nodes_4608cores_1threads_8NCORE_4KPAR_i20574_202512181351.OUTCAR,20574,2025.12.18 13:52:08,16,4608,4608,1,13284369,4,8,144,864,273.7843,772.728
Cirrus,6.5.1-GCC-MKL,/mnt/lustre/e1000/home/z04/z04/aturner/benchmark/cirrus-ex/VASP/CdTe_Hybrid/6.5.1-GCC-MKL/CdTe_16nodes_4608cores_1threads_8NCORE_2KPAR_22463_202512221829.OUTCAR,22463,2025.12.22 18:29:42,16,4608,4608,1,17231189,2,8,288,864,343.0189,1010.515
Cirrus,6.5.1-GCC-MKL,/mnt/lustre/e1000/home/z04/z04/aturner/benchmark/cirrus-ex/VASP/CdTe_Hybrid/6.5.1-GCC-MKL/CdTe_2nodes_576cores_1threads_4NCORE_4KPAR_22447_202512221548.OUTCAR,22447,2025.12.22 15:48:56,2,576,576,1,6797056,4,4,36,792,1527.6175,3191.116
Cirrus,6.5.1-GCC-MKL,/mnt/lustre/e1000/home/z04/z04/aturner/benchmark/cirrus-ex/VASP/CdTe_Hybrid/6.5.1-GCC-MKL/CdTe_2nodes_576cores_1threads_4NCORE_4KPAR_i20558_202512181257.OUTCAR,20558,2025.12.18 12:57:32,2,576,576,1,7646056,4,4,36,792,1585.0746,3243.719
Cirrus,6.5.1-GCC-MKL,/mnt/lustre/e1000/home/z04/z04/aturner/benchmark/cirrus-ex/VASP/CdTe_Hybrid/6.5.1-GCC-MKL/CdTe_2nodes_576cores_1threads_16NCORE_4KPAR_21527_202512202137.OUTCAR,21527,2025.12.20 21:37:59,2,576,576,1,7847048,4,16,9,774,1709.7544,3707.357
Cirrus,6.5.1-GCC-MKL,/mnt/lustre/e1000/home/z04/z04/aturner/benchmark/cirrus-ex/VASP/CdTe_Hybrid/6.5.1-GCC-MKL/CdTe_1nodes_144cores_1threads_4NCORE_2KPAR_22161_202512221001.OUTCAR,22161,2025.12.22 10:01:37,1,144,144,1,7968993,2,4,18,774,3470.2457,7390.564
Cirrus,6.5.1-GCC-MKL,/mnt/lustre/e1000/home/z04/z04/aturner/benchmark/cirrus-ex/VASP/CdTe_Hybrid/6.5.1-GCC-MKL/CdTe_1nodes_144cores_1threads_16NCORE_4KPAR_20789_202512191004.OUTCAR,20789,2025.12.19 10:04:01,1,144,144,1,8660108,4,1,36,792,3407.7964,7253.411
Cirrus,6.5.1-GCC-MKL,/mnt/lustre/e1000/home/z04/z04/aturner/benchmark/cirrus-ex/VASP/CdTe_Hybrid/6.5.1-GCC-MKL/CdTe_32nodes_9216cores_1threads_8NCORE_2KPAR_21547_202512210632.OUTCAR,21547,2025.12.21 06:32:55,32,9216,9216,1,51704029,2,8,576,1152,329.385,1536.44
Cirrus,6.5.1-GCC-MKL,/mnt/lustre/e1000/home/z04/z04/aturner/benchmark/cirrus-ex/VASP/CdTe_Hybrid/6.5.1-GCC-MKL/CdTe_16nodes_4608cores_1threads_8NCORE_2KPAR_22195_202512221402.OUTCAR,22195,2025.12.22 14:03:13,16,4608,4608,1,16741369,2,8,288,864,339.4726,991.362
Cirrus,6.5.1-GCC-MKL,/mnt/lustre/e1000/home/z04/z04/aturner/benchmark/cirrus-ex/VASP/CdTe_Hybrid/6.5.1-GCC-MKL/CdTe_1nodes_288cores_1threads_4NCORE_2KPAR_i20551_202512181257.OUTCAR,20551,2025.12.18 12:57:06,1,288,288,1,6711915,2,4,36,792,3030.1296,6015.085
Cirrus,6.5.1-GCC-MKL,/mnt/lustre/e1000/home/z04/z04/aturner/benchmark/cirrus-ex/VASP/CdTe_Hybrid/6.5.1-GCC-MKL/CdTe_2nodes_576cores_1threads_4NCORE_4KPAR_20801_202512191024.OUTCAR,20801,2025.12.19 10:25:24,2,576,576,1,7067738,4,4,36,792,1571.0026,3219.275
Cirrus,6.5.1-GCC-MKL,/mnt/lustre/e1000/home/z04/z04/aturner/benchmark/cirrus-ex/VASP/CdTe_Hybrid/6.5.1-GCC-MKL/CdTe_1nodes_72cores_1threads_16NCORE_8KPAR_21088_202512191303.OUTCAR,21088,2025.12.19 13:03:51,1,72,72,1,12609715,8,9,1,770,6958.5875,15043.064
Cirrus,6.5.1-GCC-MKL,/mnt/lustre/e1000/home/z04/z04/aturner/benchmark/cirrus-ex/VASP/CdTe_Hybrid/6.5.1-GCC-MKL/CdTe_64nodes_18432cores_1threads_8NCORE_4KPAR_22478_202512230108.OUTCAR,22478,2025.12.23 01:09:08,64,18432,18432,1,63656860,4,8,576,1152,172.4416,951.483
Cirrus,6.5.1-GCC-MKL,/mnt/lustre/e1000/home/z04/z04/aturner/benchmark/cirrus-ex/VASP/CdTe_Hybrid/6.5.1-GCC-MKL/CdTe_4nodes_1152cores_1threads_8NCORE_4KPAR_22454_202512221556.OUTCAR,22454,2025.12.22 15:57:13,4,1152,1152,1,8276524,4,8,36,792,807.0096,1801.687
Cirrus,6.5.1-GCC-MKL,/mnt/lustre/e1000/home/z04/z04/aturner/benchmark/cirrus-ex/VASP/CdTe_Hybrid/6.5.1-GCC-MKL/CdTe_16nodes_4608cores_1threads_4NCORE_2KPAR_i20571_202512181327.OUTCAR,20571,2025.12.18 13:28:30,16,4608,4608,1,32780591,2,4,576,1152,598.6824,1963.176
Cirrus,6.5.1-GCC-MKL,/mnt/lustre/e1000/home/z04/z04/aturner/benchmark/cirrus-ex/VASP/CdTe_Hybrid/6.5.1-GCC-MKL/CdTe_1nodes_72cores_1threads_16NCORE_4KPAR_21503_202512202014.OUTCAR,21503,2025.12.20 20:14:49,1,72,72,1,9371118,4,1,18,774,4553.4974,10485.915
Cirrus,6.5.1-GCC-MKL,/mnt/lustre/e1000/home/z04/z04/aturner/benchmark/cirrus-ex/VASP/CdTe_Hybrid/6.5.1-GCC-MKL/CdTe_1nodes_72cores_1threads_8NCORE_8KPAR_22427_202512221448.OUTCAR,22427,2025.12.22 14:48:34,1,72,72,1,9711991,8,1,9,774,4566.4952,10519.475
Cirrus,6.5.1-GCC-MKL,/mnt/lustre/e1000/home/z04/z04/aturner/benchmark/cirrus-ex/VASP/CdTe_Hybrid/6.5.1-GCC-MKL/CdTe_1nodes_72cores_1threads_4NCORE_4KPAR_21501_202512202012.OUTCAR,21501,2025.12.20 20:12:31,1,72,72,1,9093402,4,1,18,774,4531.9196,10433.323
Cirrus,6.5.1-GCC-MKL,/mnt/lustre/e1000/home/z04/z04/aturner/benchmark/cirrus-ex/VASP/CdTe_Hybrid/6.5.1-GCC-MKL/CdTe_1nodes_288cores_1threads_16NCORE_4KPAR_21521_202512202029.OUTCAR,21521,2025.12.20 20:29:58,1,288,288,1,7894095,4,1,72,792,3559.2201,6943.906
Cirrus,6.5.1-GCC-MKL,/mnt/lustre/e1000/home/z04/z04/aturner/benchmark/cirrus-ex/VASP/CdTe_Hybrid/6.5.1-GCC-MKL/CdTe_16nodes_4608cores_1threads_4NCORE_2KPAR_21540_202512210135.OUTCAR,21540,2025.12.21 01:36:24,16,4608,4608,1,34441502,2,4,576,1152,612.1335,1969.585
Cirrus,6.5.1-GCC-MKL,/mnt/lustre/e1000/home/z04/z04/aturner/benchmark/cirrus-ex/VASP/CdTe_Hybrid/6.5.1-GCC-MKL/CdTe_2nodes_576cores_1threads_4NCORE_2KPAR_21522_202512202034.OUTCAR,21522,2025.12.20 20:34:38,2,576,576,1,7344863,2,4,72,792,1649.2576,3380.194
Cirrus,6.5.1-GCC-MKL,/mnt/lustre/e1000/home/z04/z04/aturner/benchmark/cirrus-ex/VASP/CdTe_Hybrid/6.5.1-GCC-MKL/CdTe_16nodes_4608cores_1threads_16NCORE_4KPAR_21127_202512191833.OUTCAR,21127,2025.12.19 18:34:14,16,4608,4608,1,13008404,4,16,72,792,260.6868,759.77
Cirrus,6.5.1-GCC-MKL,/mnt/lustre/e1000/home/z04/z04/aturner/benchmark/cirrus-ex/VASP/CdTe_Hybrid/6.5.1-GCC-MKL/CdTe_1nodes_288cores_1threads_16NCORE_2KPAR_21100_202512191326.OUTCAR,21100,2025.12.19 13:26:19,1,288,288,1,7476702,2,16,9,774,3378.1849,7063.183
Cirrus,6.5.1-GCC-MKL,/mnt/lustre/e1000/home/z04/z04/aturner/benchmark/cirrus-ex/VASP/CdTe_Hybrid/6.5.1-GCC-MKL/CdTe_4nodes_1152cores_1threads_16NCORE_4KPAR_22187_202512221211.OUTCAR,22187,2025.12.22 12:12:02,4,1152,1152,1,8491268,4,16,18,774,873.0126,2006.857
Cirrus,6.5.1-GCC-MKL,/mnt/lustre/e1000/home/z04/z04/aturner/benchmark/cirrus-ex/VASP/CdTe_Hybrid/6.5.1-GCC-MKL/CdTe_1nodes_72cores_1threads_8NCORE_4KPAR_21502_202512202013.OUTCAR,21502,2025.12.20 20:13:36,1,72,72,1,9401110,4,1,18,774,4558.4721,10477.371
Cirrus,6.5.1-GCC-MKL,/mnt/lustre/e1000/home/z04/z04/aturner/benchmark/cirrus-ex/VASP/CdTe_Hybrid/6.5.1-GCC-MKL/CdTe_1nodes_288cores_1threads_16NCORE_2KPAR_22172_202512221007.OUTCAR,22172,2025.12.22 10:07:09,1,288,288,1,7332690,2,16,9,774,3401.3588,7125.674
Cirrus,6.5.1-GCC-MKL,/mnt/lustre/e1000/home/z04/z04/aturner/benchmark/cirrus-ex/VASP/CdTe_Hybrid/6.5.1-GCC-MKL/CdTe_1nodes_144cores_1threads_8NCORE_2KPAR_20785_202512191002.OUTCAR,20785,2025.12.19 10:02:39,1,144,144,1,9716911,2,8,9,774,3992.9036,8419.22
Cirrus,6.5.1-GCC-MKL,/mnt/lustre/e1000/home/z04/z04/aturner/benchmark/cirrus-ex/VASP/CdTe_Hybrid/6.5.1-GCC-MKL/CdTe_1nodes_72cores_1threads_16NCORE_8KPAR_22428_202512221448.OUTCAR,22428,2025.12.22 14:48:38,1,72,72,1,12171155,8,9,1,770,6983.9248,15038.666
Cirrus,6.5.1-GCC-MKL,/mnt/lustre/e1000/home/z04/z04/aturner/benchmark/cirrus-ex/VASP/CdTe_Hybrid/6.5.1-GCC-MKL/CdTe_8nodes_2304cores_1threads_4NCORE_2KPAR_22188_202512221258.OUTCAR,22188,2025.12.22 12:58:55,8,2304,2304,1,13026717,2,4,288,864,635.363,1524.997
Cirrus,6.5.1-GCC-MKL,/mnt/lustre/e1000/home/z04/z04/aturner/benchmark/cirrus-ex/VASP/CdTe_Hybrid/6.5.1-GCC-MKL/CdTe_32nodes_9216cores_1threads_16NCORE_4KPAR_22473_202512222103.OUTCAR,22473,2025.12.22 21:03:59,32,9216,9216,1,20374988,4,16,144,864,171.1877,602.045
Cirrus,6.5.1-GCC-MKL,/mnt/lustre/e1000/home/z04/z04/aturner/benchmark/cirrus-ex/VASP/CdTe_Hybrid/6.5.1-GCC-MKL/CdTe_2nodes_576cores_1threads_16NCORE_2KPAR_22178_202512221024.OUTCAR,22178,2025.12.22 10:25:31,2,576,576,1,8059244,2,16,18,774,1726.6231,3731.623
Cirrus,6.5.1-GCC-MKL,/mnt/lustre/e1000/home/z04/z04/aturner/benchmark/cirrus-ex/VASP/CdTe_Hybrid/6.5.1-GCC-MKL/CdTe_1nodes_72cores_1threads_8NCORE_4KPAR_21084_202512191258.OUTCAR,21084,2025.12.19 12:58:11,1,72,72,1,8978622,4,1,18,774,4528.9453,10439.657
Cirrus,6.5.1-GCC-MKL,/mnt/lustre/e1000/home/z04/z04/aturner/benchmark/cirrus-ex/VASP/CdTe_Hybrid/6.5.1-GCC-MKL/CdTe_1nodes_144cores_1threads_16NCORE_4KPAR_22435_202512221450.OUTCAR,22435,2025.12.22 14:50:55,1,144,144,1,8591286,4,1,36,792,3440.0705,7280.445
Cirrus,6.5.1-GCC-MKL,/mnt/lustre/e1000/home/z04/z04/aturner/benchmark/cirrus-ex/VASP/CdTe_Hybrid/6.5.1-GCC-MKL/CdTe_1nodes_72cores_1threads_4NCORE_4KPAR_21083_202512191257.OUTCAR,21083,2025.12.19 12:57:28,1,72,72,1,9684358,4,1,18,774,4567.58,10487.955
Cirrus,6.5.1-GCC-MKL,/mnt/lustre/e1000/home/z04/z04/aturner/benchmark/cirrus-ex/VASP/CdTe_Hybrid/6.5.1-GCC-MKL/CdTe_32nodes_9216cores_1threads_8NCORE_4KPAR_21550_202512210721.OUTCAR,21550,2025.12.21 07:22:01,32,9216,9216,1,21423759,4,8,288,864,176.6712,631.847
Cirrus,6.5.1-GCC-MKL,/mnt/lustre/e1000/home/z04/z04/aturner/benchmark/cirrus-ex/VASP/CdTe_Hybrid/6.5.1-GCC-MKL/CdTe_32nodes_9216cores_1threads_4NCORE_2KPAR_i20576_202512181627.OUTCAR,20576,2025.12.18 16:27:49,32,9216,9216,1,134152778,2,4,1152,1152,357.1686,4079.974
Cirrus,6.5.1-GCC-MKL,/mnt/lustre/e1000/home/z04/z04/aturner/benchmark/cirrus-ex/VASP/CdTe_Hybrid/6.5.1-GCC-MKL/CdTe_16nodes_4608cores_1threads_4NCORE_4KPAR_22465_202512221846.OUTCAR,22465,2025.12.22 18:47:24,16,4608,4608,1,14913037,4,4,288,864,324.2112,880.487
Cirrus,6.5.1-GCC-MKL,/mnt/lustre/e1000/home/z04/z04/aturner/benchmark/cirrus-ex/VASP/CdTe_Hybrid/6.5.1-GCC-MKL/CdTe_32nodes_9216cores_1threads_4NCORE_4KPAR_22471_202512222047.OUTCAR,22471,2025.12.22 20:48:41,32,9216,9216,1,38825578,4,4,576,1152,313.2954,1157.263
Cirrus,6.5.1-GCC-MKL,/mnt/lustre/e1000/home/z04/z04/aturner/benchmark/cirrus-ex/VASP/CdTe_Hybrid/6.5.1-GCC-MKL/CdTe_32nodes_9216cores_1threads_4NCORE_4KPAR_i20578_202512181659.OUTCAR,20578,2025.12.18 17:00:38,32,9216,9216,1,40391962,4,4,576,1152,312.1001,1170.66
Cirrus,6.5.1-GCC-MKL,/mnt/lustre/e1000/home/z04/z04/aturner/benchmark/cirrus-ex/VASP/CdTe_Hybrid/6.5.1-GCC-MKL/CdTe_4nodes_1152cores_1threads_8NCORE_2KPAR_21111_202512191600.OUTCAR,21111,2025.12.19 16:01:19,4,1152,1152,1,8154453,2,8,72,792,846.6385,1901.435
Cirrus,6.5.1-GCC-MKL,/mnt/lustre/e1000/home/z04/z04/aturner/benchmark/cirrus-ex/VASP/CdTe_Hybrid/6.5.1-GCC-MKL/CdTe_32nodes_9216cores_1threads_16NCORE_4KPAR_21551_202512210732.OUTCAR,21551,2025.12.21 07:33:23,32,9216,9216,1,20474046,4,16,144,864,168.5195,605.063
Cirrus,6.5.1-GCC-MKL,/mnt/lustre/e1000/home/z04/z04/aturner/benchmark/cirrus-ex/VASP/CdTe_Hybrid/6.5.1-GCC-MKL/CdTe_1nodes_72cores_1threads_8NCORE_8KPAR_20780_202512191002.OUTCAR,20780,2025.12.19 10:02:36,1,72,72,1,9023680,8,1,9,774,4553.2247,10497.5
Cirrus,6.5.1-GCC-MKL,/mnt/lustre/e1000/home/z04/z04/aturner/benchmark/cirrus-ex/VASP/CdTe_Hybrid/6.5.1-GCC-MKL/CdTe_32nodes_9216cores_1threads_8NCORE_2KPAR_i20577_202512181632.OUTCAR,20577,2025.12.18 16:33:39,32,9216,9216,1,54047243,2,8,576,1152,334.9705,1570.134
Cirrus,6.5.1-GCC-MKL,/mnt/lustre/e1000/home/z04/z04/aturner/benchmark/cirrus-ex/VASP/CdTe_Hybrid/6.5.1-GCC-MKL/CdTe_1nodes_288cores_1threads_4NCORE_2KPAR_20792_202512191005.OUTCAR,20792,2025.12.19 10:05:39,1,288,288,1,7283139,2,4,36,792,3130.3844,6178.807
Cirrus,6.5.1-GCC-MKL,/mnt/lustre/e1000/home/z04/z04/aturner/benchmark/cirrus-ex/VASP/CdTe_Hybrid/6.5.1-GCC-MKL/CdTe_1nodes_72cores_1threads_8NCORE_2KPAR_20775_202512190932.OUTCAR,20775,2025.12.19 09:32:33,1,72,72,1,9597134,2,1,36,792,4842.4116,10991.583
Cirrus,6.5.1-GCC-MKL,/mnt/lustre/e1000/home/z04/z04/aturner/benchmark/cirrus-ex/VASP/CdTe_Hybrid/6.5.1-GCC-MKL/CdTe_1nodes_144cores_1threads_16NCORE_2KPAR_22164_202512221003.OUTCAR,22164,2025.12.22 10:03:29,1,144,144,1,8205111,2,1,72,792,3564.7195,7632.742
Cirrus,6.5.1-GCC-MKL,/mnt/lustre/e1000/home/z04/z04/aturner/benchmark/cirrus-ex/VASP/CdTe_Hybrid/6.5.1-GCC-MKL/CdTe_1nodes_288cores_1threads_4NCORE_4KPAR_22173_202512221007.OUTCAR,22173,2025.12.22 10:07:09,1,288,288,1,6223782,4,4,18,774,2860.5058,5777.912
Cirrus,6.5.1-GCC-MKL,/mnt/lustre/e1000/home/z04/z04/aturner/benchmark/cirrus-ex/VASP/CdTe_Hybrid/6.5.1-GCC-MKL/CdTe_16nodes_4608cores_1threads_8NCORE_2KPAR_21541_202512210147.OUTCAR,21541,2025.12.21 01:47:55,16,4608,4608,1,17892542,2,8,288,864,347.5878,999.787
Cirrus,6.5.1-GCC-MKL,/mnt/lustre/e1000/home/z04/z04/aturner/benchmark/cirrus-ex/VASP/CdTe_Hybrid/6.5.1-GCC-MKL/CdTe_32nodes_9216cores_1threads_4NCORE_4KPAR_21549_202512210712.OUTCAR,21549,2025.12.21 07:13:22,32,9216,9216,1,38713948,4,4,576,1152,311.4442,1152.91
Cirrus,6.5.1-GCC-MKL,/mnt/lustre/e1000/home/z04/z04/aturner/benchmark/cirrus-ex/VASP/CdTe_Hybrid/6.5.1-GCC-MKL/CdTe_64nodes_18432cores_1threads_16NCORE_4KPAR_i20585_202512190157.OUTCAR,20585,2025.12.19 01:58:07,64,18432,18432,1,36925980,4,16,288,864,110.8966,548.026
Cirrus,6.5.1-GCC-MKL,/mnt/lustre/e1000/home/z04/z04/aturner/benchmark/cirrus-ex/VASP/CdTe_Hybrid/6.5.1-GCC-MKL/CdTe_2nodes_576cores_1threads_16NCORE_2KPAR_20800_202512191024.OUTCAR,20800,2025.12.19 10:24:52,2,576,576,1,8062958,2,16,18,774,1724.6246,3732.22
Cirrus,6.5.1-GCC-MKL,/mnt/lustre/e1000/home/z04/z04/aturner/benchmark/cirrus-ex/VASP/CdTe_Hybrid/6.5.1-GCC-MKL/CdTe_1nodes_288cores_1threads_8NCORE_4KPAR_22442_202512221451.OUTCAR,22442,2025.12.22 14:51:34,1,288,288,1,6433544,4,8,9,774,2877.0858,6012.68
Cirrus,6.5.1-GCC-MKL,/mnt/lustre/e1000/home/z04/z04/aturner/benchmark/cirrus-ex/VASP/CdTe_Hybrid/6.5.1-GCC-MKL/CdTe_16nodes_4608cores_1threads_8NCORE_4KPAR_22466_202512221854.OUTCAR,22466,2025.12.22 18:55:18,16,4608,4608,1,13198546,4,8,144,864,279.783,773.959
Cirrus,6.5.1-GCC-MKL,/mnt/lustre/e1000/home/z04/z04/aturner/benchmark/cirrus-ex/VASP/CdTe_Hybrid/6.5.1-GCC-MKL/CdTe_2nodes_576cores_1threads_4NCORE_4KPAR_21525_202512202134.OUTCAR,21525,2025.12.20 21:35:11,2,576,576,1,7032101,4,4,36,792,1529.6089,3172.362
Cirrus,6.5.1-GCC-MKL,/mnt/lustre/e1000/home/z04/z04/aturner/benchmark/cirrus-ex/VASP/CdTe_Hybrid/6.5.1-GCC-MKL/CdTe_4nodes_1152cores_1threads_16NCORE_4KPAR_21115_202512191607.OUTCAR,21115,2025.12.19 16:08:02,4,1152,1152,1,8503817,4,16,18,774,867.8865,1989.387
Cirrus,6.5.1-GCC-MKL,/mnt/lustre/e1000/home/z04/z04/aturner/benchmark/cirrus-ex/VASP/CdTe_Hybrid/6.5.1-GCC-MKL/CdTe_2nodes_576cores_1threads_8NCORE_4KPAR_21108_202512191509.OUTCAR,21108,2025.12.19 15:09:49,2,576,576,1,6815481,4,8,18,774,1471.3054,3185.611
Cirrus,6.5.1-GCC-MKL,/mnt/lustre/e1000/home/z04/z04/aturner/benchmark/cirrus-ex/VASP/CdTe_Hybrid/6.5.1-GCC-MKL/CdTe_8nodes_2304cores_1threads_8NCORE_2KPAR_21535_202512210007.OUTCAR,21535,2025.12.21 00:07:54,8,2304,2304,1,11848526,2,8,144,864,546.3366,1305.881
Cirrus,6.5.1-GCC-MKL,/mnt/lustre/e1000/home/z04/z04/aturner/benchmark/cirrus-ex/VASP/CdTe_Hybrid/6.5.1-GCC-MKL/CdTe_8nodes_2304cores_1threads_8NCORE_2KPAR_22189_202512221259.OUTCAR,22189,2025.12.22 13:00:07,8,2304,2304,1,11648342,2,8,144,864,544.8721,1293.737
Cirrus,6.5.1-GCC-MKL,/mnt/lustre/e1000/home/z04/z04/aturner/benchmark/cirrus-ex/VASP/CdTe_Hybrid/6.5.1-GCC-MKL/CdTe_64nodes_18432cores_1threads_16NCORE_2KPAR_22476_202512230003.OUTCAR,22476,2025.12.23 00:04:17,64,18432,18432,1,95960210,2,16,576,1152,224.5412,1436.243
Cirrus,6.5.1-GCC-MKL,/mnt/lustre/e1000/home/z04/z04/aturner/benchmark/cirrus-ex/VASP/CdTe_Hybrid/6.5.1-GCC-MKL/CdTe_16nodes_4608cores_1threads_16NCORE_2KPAR_22196_202512221412.OUTCAR,22196,2025.12.22 14:13:12,16,4608,4608,1,15694842,2,16,144,864,326.5126,917.741
Cirrus,6.5.1-GCC-MKL,/mnt/lustre/e1000/home/z04/z04/aturner/benchmark/cirrus-ex/VASP/CdTe_Hybrid/6.5.1-GCC-MKL/CdTe_32nodes_9216cores_1threads_16NCORE_4KPAR_i20580_202512181731.OUTCAR,20580,2025.12.18 17:32:13,32,9216,9216,1,20987684,4,16,144,864,169.0993,598.029
Cirrus,6.5.1-GCC-MKL,/mnt/lustre/e1000/home/z04/z04/aturner/benchmark/cirrus-ex/VASP/CdTe_Hybrid/6.5.1-GCC-MKL/CdTe_8nodes_2304cores_1threads_4NCORE_4KPAR_21119_202512191704.OUTCAR,21119,2025.12.19 17:04:37,8,2304,2304,1,10239079,4,4,144,864,512.9365,1189.85
Cirrus,6.5.1-GCC-MKL,/mnt/lustre/e1000/home/z04/z04/aturner/benchmark/cirrus-ex/VASP/CdTe_Hybrid/6.5.1-GCC-MKL/CdTe_4nodes_1152cores_1threads_4NCORE_2KPAR_22450_202512221556.OUTCAR,22450,2025.12.22 15:57:22,4,1152,1152,1,9298550,2,4,144,864,1013.9023,2154.007
Cirrus,6.5.1-GCC-MKL,/mnt/lustre/e1000/home/z04/z04/aturner/benchmark/cirrus-ex/VASP/CdTe_Hybrid/6.5.1-GCC-MKL/CdTe_1nodes_288cores_1threads_4NCORE_2KPAR_21516_202512202027.OUTCAR,21516,2025.12.20 20:27:57,1,288,288,1,6533590,2,4,36,792,3022.6269,6027.096
Cirrus,6.5.1-GCC-MKL,/mnt/lustre/e1000/home/z04/z04/aturner/benchmark/cirrus-ex/VASP/CdTe_Hybrid/6.5.1-GCC-MKL/CdTe_16nodes_4608cores_1threads_8NCORE_4KPAR_21126_202512191830.OUTCAR,21126,2025.12.19 18:31:34,16,4608,4608,1,13277440,4,8,144,864,274.9511,778.529
Cirrus,6.5.1-GCC-MKL,/mnt/lustre/e1000/home/z04/z04/aturner/benchmark/cirrus-ex/VASP/CdTe_Hybrid/6.5.1-GCC-MKL/CdTe_16nodes_4608cores_1threads_16NCORE_4KPAR_i20575_202512181356.OUTCAR,20575,2025.12.18 13:57:13,16,4608,4608,1,12985939,4,16,72,792,261.1707,765.898
Cirrus,6.5.1-GCC-MKL,/mnt/lustre/e1000/home/z04/z04/aturner/benchmark/cirrus-ex/VASP/CdTe_Hybrid/6.5.1-GCC-MKL/CdTe_8nodes_2304cores_1threads_16NCORE_4KPAR_21121_202512191704.OUTCAR,21121,2025.12.19 17:05:27,8,2304,2304,1,10772505,4,16,36,792,477.1478,1191.463
Cirrus,6.5.1-GCC-MKL,/mnt/lustre/e1000/home/z04/z04/aturner/benchmark/cirrus-ex/VASP/CdTe_Hybrid/6.5.1-GCC-MKL/CdTe_16nodes_4608cores_1threads_8NCORE_2KPAR_i20572_202512181334.OUTCAR,20572,2025.12.18 13:34:44,16,4608,4608,1,16993219,2,8,288,864,341.0406,995.312
Cirrus,6.5.1-GCC-MKL,/mnt/lustre/e1000/home/z04/z04/aturner/benchmark/cirrus-ex/VASP/CdTe_Hybrid/6.5.1-GCC-MKL/CdTe_1nodes_72cores_1threads_8NCORE_8KPAR_22158_202512221001.OUTCAR,22158,2025.12.22 10:01:37,1,72,72,1,9393872,8,1,9,774,4570.6176,10588.586
Cirrus,6.5.1-GCC-MKL,/mnt/lustre/e1000/home/z04/z04/aturner/benchmark/cirrus-ex/VASP/CdTe_Hybrid/6.5.1-GCC-MKL/CdTe_2nodes_576cores_1threads_8NCORE_2KPAR_20799_202512191022.OUTCAR,20799,2025.12.19 10:22:55,2,576,576,1,7195246,2,8,36,792,1573.7492,3358.981
Cirrus,6.5.1-GCC-MKL,/mnt/lustre/e1000/home/z04/z04/aturner/benchmark/cirrus-ex/VASP/CdTe_Hybrid/6.5.1-GCC-MKL/CdTe_1nodes_144cores_1threads_16NCORE_2KPAR_20786_202512191002.OUTCAR,20786,2025.12.19 10:02:39,1,144,144,1,8393650,2,1,72,792,3539.9561,7563.063
Cirrus,6.5.1-GCC-MKL,/mnt/lustre/e1000/home/z04/z04/aturner/benchmark/cirrus-ex/VASP/CdTe_Hybrid/6.5.1-GCC-MKL/CdTe_1nodes_72cores_1threads_8NCORE_8KPAR_22426_202512221448.OUTCAR,22426,2025.12.22 14:48:33,1,72,72,1,9535914,8,1,9,774,4551.4499,10507.926
Cirrus,6.5.1-GCC-MKL,/mnt/lustre/e1000/home/z04/z04/aturner/benchmark/cirrus-ex/VASP/CdTe_Hybrid/6.5.1-GCC-MKL/CdTe_1nodes_288cores_1threads_16NCORE_4KPAR_i20555_202512181257.OUTCAR,20555,2025.12.18 12:57:06,1,288,288,1,7999411,4,1,72,792,3560.4673,6915.171
Cirrus,6.5.1-GCC-MKL,/mnt/lustre/e1000/home/z04/z04/aturner/benchmark/cirrus-ex/VASP/CdTe_Hybrid/6.5.1-GCC-MKL/CdTe_4nodes_1152cores_1threads_16NCORE_2KPAR_21530_202512202259.OUTCAR,21530,2025.12.20 23:00:17,4,1152,1152,1,9086586,2,16,36,792,930.2041,2117.361
Cirrus,6.5.1-GCC-MKL,/mnt/lustre/e1000/home/z04/z04/aturner/benchmark/cirrus-ex/VASP/CdTe_Hybrid/6.5.1-GCC-MKL/CdTe_2nodes_576cores_1threads_16NCORE_4KPAR_21109_202512191509.OUTCAR,21109,2025.12.19 15:10:02,2,576,576,1,8558151,4,16,9,774,1742.6946,3754.363
Cirrus,6.5.1-GCC-MKL,/mnt/lustre/e1000/home/z04/z04/aturner/benchmark/cirrus-ex/VASP/CdTe_Hybrid/6.5.1-GCC-MKL/CdTe_2nodes_576cores_1threads_16NCORE_4KPAR_22449_202512221555.OUTCAR,22449,2025.12.22 15:55:29,2,576,576,1,8028894,4,16,9,774,1716.0622,3732.91
Cirrus,6.5.1-GCC-MKL,/mnt/lustre/e1000/home/z04/z04/aturner/benchmark/cirrus-ex/VASP/CdTe_Hybrid/6.5.1-GCC-MKL/CdTe_4nodes_1152cores_1threads_4NCORE_4KPAR_21531_202512202302.OUTCAR,21531,2025.12.20 23:03:10,4,1152,1152,1,7732606,4,4,72,792,824.5801,1799.911
Cirrus,6.5.1-GCC-MKL,/mnt/lustre/e1000/home/z04/z04/aturner/benchmark/cirrus-ex/VASP/CdTe_Hybrid/6.5.1-GCC-MKL/CdTe_32nodes_9216cores_1threads_16NCORE_2KPAR_21548_202512210658.OUTCAR,21548,2025.12.21 06:59:21,32,9216,9216,1,26926275,2,16,288,864,213.5935,793.725
Cirrus,6.5.1-GCC-MKL,/mnt/lustre/e1000/home/z04/z04/aturner/benchmark/cirrus-ex/VASP/CdTe_Hybrid/6.5.1-GCC-MKL/CdTe_32nodes_9216cores_1threads_8NCORE_4KPAR_i20579_202512181720.OUTCAR,20579,2025.12.18 17:20:57,32,9216,9216,1,21988069,4,8,288,864,176.0095,627.406
Cirrus,6.5.1-GCC-MKL,/mnt/lustre/e1000/home/z04/z04/aturner/benchmark/cirrus-ex/VASP/CdTe_Hybrid/6.5.1-GCC-MKL/CdTe_4nodes_1152cores_1threads_4NCORE_4KPAR_22185_202512221201.OUTCAR,22185,2025.12.22 12:01:49,4,1152,1152,1,7794769,4,4,72,792,826.6229,1814.611
Cirrus,6.5.1-GCC-MKL,/mnt/lustre/e1000/home/z04/z04/aturner/benchmark/cirrus-ex/VASP/CdTe_Hybrid/6.5.1-GCC-MKL/CdTe_1nodes_144cores_1threads_4NCORE_2KPAR_21507_202512202022.OUTCAR,21507,2025.12.20 20:22:04,1,144,144,1,8069815,2,4,18,774,3442.8125,7301.043
Cirrus,6.5.1-GCC-MKL,/mnt/lustre/e1000/home/z04/z04/aturner/benchmark/cirrus-ex/VASP/CdTe_Hybrid/6.5.1-GCC-MKL/CdTe_1nodes_144cores_1threads_8NCORE_8KPAR_21514_202512202024.OUTCAR,21514,2025.12.20 20:24:19,1,144,144,1,7630435,8,1,18,774,3153.6305,6843.099
Cirrus,6.5.1-GCC-MKL,/mnt/lustre/e1000/home/z04/z04/aturner/benchmark/cirrus-ex/VASP/CdTe_Hybrid/6.5.1-GCC-MKL/CdTe_16nodes_4608cores_1threads_16NCORE_2KPAR_22464_202512221838.OUTCAR,22464,2025.12.22 18:39:09,16,4608,4608,1,15977450,2,16,144,864,331.0193,919.367
Cirrus,6.5.1-GCC-MKL,/mnt/lustre/e1000/home/z04/z04/aturner/benchmark/cirrus-ex/VASP/CdTe_Hybrid/6.5.1-GCC-MKL/CdTe_1nodes_72cores_1threads_16NCORE_4KPAR_22157_202512221001.OUTCAR,22157,2025.12.22 10:01:33,1,72,72,1,9474285,4,1,18,774,4545.5113,10463.59
Cirrus,6.5.1-GCC-MKL,/mnt/lustre/e1000/home/z04/z04/aturner/benchmark/cirrus-ex/VASP/CdTe_Hybrid/6.5.1-GCC-MKL/CdTe_2nodes_576cores_1threads_16NCORE_4KPAR_22181_202512221033.OUTCAR,22181,2025.12.22 10:34:06,2,576,576,1,7819421,4,16,9,774,1699.656,3687.631
Cirrus,6.5.1-GCC-MKL,/mnt/lustre/e1000/home/z04/z04/aturner/benchmark/cirrus-ex/VASP/CdTe_Hybrid/6.5.1-GCC-MKL/CdTe_2nodes_576cores_1threads_4NCORE_4KPAR_21107_202512191508.OUTCAR,21107,2025.12.19 15:08:51,2,576,576,1,7604667,4,4,36,792,1579.4069,3237.485
Cirrus,6.5.1-GCC-MKL,/mnt/lustre/e1000/home/z04/z04/aturner/benchmark/cirrus-ex/VASP/CdTe_Hybrid/6.5.1-GCC-MKL/CdTe_1nodes_288cores_1threads_16NCORE_2KPAR_21518_202512202028.OUTCAR,21518,2025.12.20 20:28:36,1,288,288,1,7510378,2,16,9,774,3414.2156,7167.339
Cirrus,6.5.1-GCC-MKL,/mnt/lustre/e1000/home/z04/z04/aturner/benchmark/cirrus-ex/VASP/CdTe_Hybrid/6.5.1-GCC-MKL/CdTe_1nodes_72cores_1threads_8NCORE_8KPAR_21086_202512191258.OUTCAR,21086,2025.12.19 12:58:36,1,72,72,1,9374125,8,1,9,774,4541.1107,10490.196
Cirrus,6.5.1-GCC-MKL,/mnt/lustre/e1000/home/z04/z04/aturner/benchmark/cirrus-ex/VASP/CdTe_Hybrid/6.5.1-GCC-MKL/CdTe_1nodes_72cores_1threads_4NCORE_2KPAR_21497_202512201937.OUTCAR,21497,2025.12.20 19:37:08,1,72,72,1,10568769,2,4,9,774,5623.5586,12374.075
Cirrus,6.5.1-GCC-MKL,/mnt/lustre/e1000/home/z04/z04/aturner/benchmark/cirrus-ex/VASP/CdTe_Hybrid/6.5.1-GCC-MKL/CdTe_1nodes_144cores_1threads_16NCORE_2KPAR_21510_202512202022.OUTCAR,21510,2025.12.20 20:22:22,1,144,144,1,8179880,2,1,72,792,3538.2974,7525.089
Cirrus,6.5.1-GCC-MKL,/mnt/lustre/e1000/home/z04/z04/aturner/benchmark/cirrus-ex/VASP/CdTe_Hybrid/6.5.1-GCC-MKL/CdTe_1nodes_288cores_1threads_16NCORE_2KPAR_20794_202512191005.OUTCAR,20794,2025.12.19 10:05:39,1,288,288,1,7507520,2,16,9,774,3413.1614,7179.94
Cirrus,6.5.1-GCC-MKL,/mnt/lustre/e1000/home/z04/z04/aturner/benchmark/cirrus-ex/VASP/CdTe_Hybrid/6.5.1-GCC-MKL/CdTe_32nodes_9216cores_1threads_16NCORE_2KPAR_21130_202512192234.OUTCAR,21130,2025.12.19 22:35:22,32,9216,9216,1,27271926,2,16,288,864,213.8785,805.199
Cirrus,6.5.1-GCC-MKL,/mnt/lustre/e1000/home/z04/z04/aturner/benchmark/cirrus-ex/VASP/CdTe_Hybrid/6.5.1-GCC-MKL/CdTe_8nodes_2304cores_1threads_16NCORE_2KPAR_21118_202512191701.OUTCAR,21118,2025.12.19 17:01:52,8,2304,2304,1,11634908,2,16,72,792,518.3623,1285.336
Cirrus,6.5.1-GCC-MKL,/mnt/lustre/e1000/home/z04/z04/aturner/benchmark/cirrus-ex/VASP/CdTe_Hybrid/6.5.1-GCC-MKL/CdTe_1nodes_72cores_1threads_8NCORE_4KPAR_22156_202512221001.OUTCAR,22156,2025.12.22 10:01:33,1,72,72,1,9436311,4,1,18,774,4560.0185,10485.961
Cirrus,6.5.1-GCC-MKL,/mnt/lustre/e1000/home/z04/z04/aturner/benchmark/cirrus-ex/VASP/CdTe_Hybrid/6.5.1-GCC-MKL/CdTe_8nodes_2304cores_1threads_4NCORE_4KPAR_22191_202512221303.OUTCAR,22191,2025.12.22 13:04:38,8,2304,2304,1,10383950,4,4,144,864,519.6076,1207.841
Cirrus,6.5.1-GCC-MKL,/mnt/lustre/e1000/home/z04/z04/aturner/benchmark/cirrus-ex/VASP/CdTe_Hybrid/6.5.1-GCC-MKL/CdTe_4nodes_1152cores_1threads_8NCORE_4KPAR_21114_202512191605.OUTCAR,21114,2025.12.19 16:05:55,4,1152,1152,1,8277217,4,8,36,792,808.0345,1817.588
Cirrus,6.5.1-GCC-MKL,/mnt/lustre/e1000/home/z04/z04/aturner/benchmark/cirrus-ex/VASP/CdTe_Hybrid/6.5.1-GCC-MKL/CdTe_16nodes_4608cores_1threads_4NCORE_2KPAR_22462_202512221822.OUTCAR,22462,2025.12.22 18:23:27,16,4608,4608,1,32313597,2,4,576,1152,598.3934,1944.34
Cirrus,6.5.1-GCC-MKL,/mnt/lustre/e1000/home/z04/z04/aturner/benchmark/cirrus-ex/VASP/CdTe_Hybrid/6.5.1-GCC-MKL/CdTe_8nodes_2304cores_1threads_8NCORE_2KPAR_21117_202512191655.OUTCAR,21117,2025.12.19 16:55:53,8,2304,2304,1,11884995,2,8,144,864,544.2637,1320.865
Cirrus,6.5.1-GCC-MKL,/mnt/lustre/e1000/home/z04/z04/aturner/benchmark/cirrus-ex/VASP/CdTe_Hybrid/6.5.1-GCC-MKL/CdTe_8nodes_2304cores_1threads_8NCORE_4KPAR_i20569_202512181319.OUTCAR,20569,2025.12.18 13:19:38,8,2304,2304,1,9211331,4,8,72,792,430.4138,1072.102
Cirrus,6.5.1-GCC-MKL,/mnt/lustre/e1000/home/z04/z04/aturner/benchmark/cirrus-ex/VASP/CdTe_Hybrid/6.5.1-GCC-MKL/CdTe_4nodes_1152cores_1threads_16NCORE_4KPAR_i20565_202512181258.OUTCAR,20565,2025.12.18 12:58:49,4,1152,1152,1,8601202,4,16,18,774,870.7555,1999.021
Cirrus,6.5.1-GCC-MKL,/mnt/lustre/e1000/home/z04/z04/aturner/benchmark/cirrus-ex/VASP/CdTe_Hybrid/6.5.1-GCC-MKL/CdTe_1nodes_144cores_1threads_8NCORE_8KPAR_21515_202512202026.OUTCAR,21515,2025.12.20 20:26:43,1,144,144,1,7685376,8,1,18,774,3164.6521,6859.343
Cirrus,6.5.1-GCC-MKL,/mnt/lustre/e1000/home/z04/z04/aturner/benchmark/cirrus-ex/VASP/CdTe_Hybrid/6.5.1-GCC-MKL/CdTe_1nodes_72cores_1threads_4NCORE_4KPAR_22423_202512221448.OUTCAR,22423,2025.12.22 14:48:03,1,72,72,1,9993348,4,1,18,774,4573.1176,10616.789
Cirrus,6.5.1-GCC-MKL,/mnt/lustre/e1000/home/z04/z04/aturner/benchmark/cirrus-ex/VASP/CdTe_Hybrid/6.5.1-GCC-MKL/CdTe_1nodes_144cores_1threads_4NCORE_2KPAR_22430_202512221448.OUTCAR,22430,2025.12.22 14:48:48,1,144,144,1,8048766,2,4,18,774,3441.9633,7298.076
Cirrus,6.5.1-GCC-MKL,/mnt/lustre/e1000/home/z04/z04/aturner/benchmark/cirrus-ex/VASP/CdTe_Hybrid/6.5.1-GCC-MKL/CdTe_32nodes_9216cores_1threads_8NCORE_2KPAR_21129_202512192208.OUTCAR,21129,2025.12.19 22:08:57,32,9216,9216,1,51675767,2,8,576,1152,330.0426,1536.758
Cirrus,6.5.1-GCC-MKL,/mnt/lustre/e1000/home/z04/z04/aturner/benchmark/cirrus-ex/VASP/CdTe_Hybrid/6.5.1-GCC-MKL/CdTe_1nodes_144cores_1threads_8NCORE_8KPAR_20790_202512191004.OUTCAR,20790,2025.12.19 10:04:02,1,144,144,1,7682886,8,1,18,774,3193.8784,7004.609
Cirrus,6.5.1-GCC-MKL,/mnt/lustre/e1000/home/z04/z04/aturner/benchmark/cirrus-ex/VASP/CdTe_Hybrid/6.5.1-GCC-MKL/CdTe_4nodes_1152cores_1threads_16NCORE_4KPAR_22455_202512221556.OUTCAR,22455,2025.12.22 15:57:16,4,1152,1152,1,9109004,4,16,18,774,883.7935,2003.395
Cirrus,6.5.1-GCC-MKL,/mnt/lustre/e1000/home/z04/z04/aturner/benchmark/cirrus-ex/VASP/CdTe_Hybrid/6.5.1-GCC-MKL/CdTe_1nodes_72cores_1threads_4NCORE_2KPAR_22419_202512221447.OUTCAR,22419,2025.12.22 14:47:18,1,72,72,1,11518718,2,4,9,774,5662.2423,12458.849
Cirrus,6.5.1-GCC-MKL,/mnt/lustre/e1000/home/z04/z04/aturner/benchmark/cirrus-ex/VASP/CdTe_Hybrid/6.5.1-GCC-MKL/CdTe_1nodes_288cores_1threads_16NCORE_4KPAR_21103_202512191327.OUTCAR,21103,2025.12.19 13:27:48,1,288,288,1,7823757,4,1,72,792,3565.084,6935.429
Cirrus,6.5.1-GCC-MKL,/mnt/lustre/e1000/home/z04/z04/aturner/benchmark/cirrus-ex/VASP/CdTe_Hybrid/6.5.1-GCC-MKL/CdTe_2nodes_576cores_1threads_4NCORE_2KPAR_22444_202512221451.OUTCAR,22444,2025.12.22 14:52:08,2,576,576,1,7386202,2,4,72,792,1650.5583,3391.05
Cirrus,6.5.1-GCC-MKL,/mnt/lustre/e1000/home/z04/z04/aturner/benchmark/cirrus-ex/VASP/CdTe_Hybrid/6.5.1-GCC-MKL/CdTe_16nodes_4608cores_1threads_8NCORE_2KPAR_21123_202512191813.OUTCAR,21123,2025.12.19 18:13:51,16,4608,4608,1,17121242,2,8,288,864,339.2921,1006.418
Cirrus,6.5.1-GCC-MKL,/mnt/lustre/e1000/home/z04/z04/aturner/benchmark/cirrus-ex/VASP/CdTe_Hybrid/6.5.1-GCC-MKL/CdTe_4nodes_1152cores_1threads_8NCORE_4KPAR_21532_202512202304.OUTCAR,21532,2025.12.20 23:04:42,4,1152,1152,1,7662658,4,8,36,792,790.39,1798.247
Cirrus,6.5.1-GCC-MKL,/mnt/lustre/e1000/home/z04/z04/aturner/benchmark/cirrus-ex/VASP/CdTe_Hybrid/6.5.1-GCC-MKL/CdTe_16nodes_4608cores_1threads_16NCORE_2KPAR_21542_202512210147.OUTCAR,21542,2025.12.21 01:48:32,16,4608,4608,1,16371765,2,16,144,864,331.3268,922.283
Cirrus,6.5.1-GCC-MKL,/mnt/lustre/e1000/home/z04/z04/aturner/benchmark/cirrus-ex/VASP/CdTe_Hybrid/6.5.1-GCC-MKL/CdTe_1nodes_72cores_1threads_4NCORE_2KPAR_21080_202512191236.OUTCAR,21080,2025.12.19 12:36:23,1,72,72,1,10525496,2,4,9,774,5622.6691,12418.031
Cirrus,6.5.1-GCC-MKL,/mnt/lustre/e1000/home/z04/z04/aturner/benchmark/cirrus-ex/VASP/CdTe_Hybrid/6.5.1-GCC-MKL/CdTe_4nodes_1152cores_1threads_4NCORE_4KPAR_21113_202512191603.OUTCAR,21113,2025.12.19 16:03:44,4,1152,1152,1,8525453,4,4,72,792,851.3698,1844.074
Cirrus,6.5.1-GCC-MKL,/mnt/lustre/e1000/home/z04/z04/aturner/benchmark/cirrus-ex/VASP/CdTe_Hybrid/6.5.1-GCC-MKL/CdTe_2nodes_576cores_1threads_8NCORE_4KPAR_22448_202512221548.OUTCAR,22448,2025.12.22 15:49:28,2,576,576,1,6866560,4,8,18,774,1473.6196,3179.082
Cirrus,6.5.1-GCC-MKL,/mnt/lustre/e1000/home/z04/z04/aturner/benchmark/cirrus-ex/VASP/CdTe_Hybrid/6.5.1-GCC-MKL/CdTe_1nodes_288cores_1threads_4NCORE_2KPAR_21098_202512191324.OUTCAR,21098,2025.12.19 13:24:33,1,288,288,1,7214764,2,4,36,792,3139.826,6185.638
Cirrus,6.5.1-GCC-MKL,/mnt/lustre/e1000/home/z04/z04/aturner/benchmark/cirrus-ex/VASP/CdTe_Hybrid/6.5.1-GCC-MKL/CdTe_8nodes_2304cores_1threads_4NCORE_2KPAR_i20566_202512181258.OUTCAR,20566,2025.12.18 12:58:47,8,2304,2304,1,12842505,2,4,288,864,634.4525,1504.502
Cirrus,6.5.1-GCC-MKL,/mnt/lustre/e1000/home/z04/z04/aturner/benchmark/cirrus-ex/VASP/CdTe_Hybrid/6.5.1-GCC-MKL/CdTe_16nodes_4608cores_1threads_16NCORE_4KPAR_22467_202512221856.OUTCAR,22467,2025.12.22 18:56:42,16,4608,4608,1,15343435,4,16,72,792,260.9311,911.695
Cirrus,6.5.1-GCC-MKL,/mnt/lustre/e1000/home/z04/z04/aturner/benchmark/cirrus-ex/VASP/CdTe_Hybrid/6.5.1-GCC-MKL/CdTe_1nodes_288cores_1threads_16NCORE_4KPAR_22175_202512221008.OUTCAR,22175,2025.12.22 10:08:14,1,288,288,1,8731515,4,1,72,792,3670.7927,7063.8
Cirrus,6.5.1-GCC-MKL,/mnt/lustre/e1000/home/z04/z04/aturner/benchmark/cirrus-ex/VASP/CdTe_Hybrid/6.5.1-GCC-MKL/CdTe_1nodes_144cores_1threads_4NCORE_2KPAR_21508_202512202022.OUTCAR,21508,2025.12.20 20:22:04,1,144,144,1,8103871,2,4,18,774,3436.3657,7321.994
Cirrus,6.5.1-GCC-MKL,/mnt/lustre/e1000/home/z04/z04/aturner/benchmark/cirrus-ex/VASP/CdTe_Hybrid/6.5.1-GCC-MKL/CdTe_2nodes_576cores_1threads_16NCORE_4KPAR_20803_202512191029.OUTCAR,20803,2025.12.19 10:30:26,2,576,576,1,7947842,4,16,9,774,1708.6446,3690.188
Cirrus,6.5.1-GCC-MKL,/mnt/lustre/e1000/home/z04/z04/aturner/benchmark/cirrus-ex/VASP/CdTe_Hybrid/6.5.1-GCC-MKL/CdTe_2nodes_576cores_1threads_8NCORE_2KPAR_21523_202512202131.OUTCAR,21523,2025.12.20 21:31:47,2,576,576,1,7115053,2,8,36,792,1564.8795,3315.835
Cirrus,6.5.1-GCC-MKL,/mnt/lustre/e1000/home/z04/z04/aturner/benchmark/cirrus-ex/VASP/CdTe_Hybrid/6.5.1-GCC-MKL/CdTe_1nodes_72cores_1threads_16NCORE_8KPAR_20782_202512191002.OUTCAR,20782,2025.12.19 10:02:35,1,72,72,1,12238628,8,9,1,770,6983.0599,15038.487
Cirrus,6.5.1-GCC-MKL,/mnt/lustre/e1000/home/z04/z04/aturner/benchmark/cirrus-ex/VASP/CdTe_Hybrid/6.5.1-GCC-MKL/CdTe_1nodes_144cores_1threads_8NCORE_8KPAR_22437_202512221450.OUTCAR,22437,2025.12.22 14:50:55,1,144,144,1,7596104,8,1,18,774,3163.5677,6893.443
Cirrus,6.5.1-GCC-MKL,/mnt/lustre/e1000/home/z04/z04/aturner/benchmark/cirrus-ex/VASP/CdTe_Hybrid/6.5.1-GCC-MKL/CdTe_16nodes_4608cores_1threads_4NCORE_4KPAR_i20573_202512181340.OUTCAR,20573,2025.12.18 13:41:37,16,4608,4608,1,15005884,4,4,288,864,329.8167,888.93
Cirrus,6.5.1-GCC-MKL,/mnt/lustre/e1000/home/z04/z04/aturner/benchmark/cirrus-ex/VASP/CdTe_Hybrid/6.5.1-GCC-MKL/CdTe_16nodes_4608cores_1threads_4NCORE_4KPAR_21125_202512191825.OUTCAR,21125,2025.12.19 18:25:49,16,4608,4608,1,15260319,4,4,288,864,329.5631,888.376
Cirrus,6.5.1-GCC-MKL,/mnt/lustre/e1000/home/z04/z04/aturner/benchmark/cirrus-ex/VASP/CdTe_Hybrid/6.5.1-GCC-MKL/CdTe_64nodes_18432cores_1threads_16NCORE_2KPAR_21136_202512201336.OUTCAR,21136,2025.12.20 13:37:24,64,18432,18432,1,96714233,2,16,576,1152,222.3893,1448.847
Cirrus,6.5.1-GCC-MKL,/mnt/lustre/e1000/home/z04/z04/aturner/benchmark/cirrus-ex/VASP/CdTe_Hybrid/6.5.1-GCC-MKL/CdTe_1nodes_288cores_1threads_16NCORE_4KPAR_22443_202512221451.OUTCAR,22443,2025.12.22 14:51:35,1,288,288,1,8018762,4,1,72,792,3551.2332,6922.934
Cirrus,6.5.1-GCC-MKL,/mnt/lustre/e1000/home/z04/z04/aturner/benchmark/cirrus-ex/VASP/CdTe_Hybrid/6.5.1-GCC-MKL/CdTe_1nodes_72cores_1threads_8NCORE_8KPAR_20781_202512191002.OUTCAR,20781,2025.12.19 10:02:36,1,72,72,1,9406187,8,1,9,774,4535.2101,10515.106
Cirrus,6.5.1-GCC-MKL,/mnt/lustre/e1000/home/z04/z04/aturner/benchmark/cirrus-ex/VASP/CdTe_Hybrid/6.5.1-GCC-MKL/CdTe_4nodes_1152cores_1threads_16NCORE_4KPAR_21533_202512202307.OUTCAR,21533,2025.12.20 23:07:32,4,1152,1152,1,8420160,4,16,18,774,872.5704,1997.994
Cirrus,6.5.1-GCC-MKL,/mnt/lustre/e1000/home/z04/z04/aturner/benchmark/cirrus-ex/VASP/CdTe_Hybrid/6.5.1-GCC-MKL/CdTe_64nodes_18432cores_1threads_4NCORE_4KPAR_21555_202512220132.OUTCAR,21555,2025.12.22 01:33:38,64,18432,18432,1,155432391,4,4,1152,1152,191.8323,2346.122
Cirrus,6.5.1-GCC-MKL,/mnt/lustre/e1000/home/z04/z04/aturner/benchmark/cirrus-ex/VASP/CdTe_Hybrid/6.5.1-GCC-MKL/CdTe_4nodes_1152cores_1threads_8NCORE_2KPAR_22451_202512221556.OUTCAR,22451,2025.12.22 15:57:24,4,1152,1152,1,9049350,2,8,72,792,854.0688,2109.717
Cirrus,6.5.1-GCC-MKL,/mnt/lustre/e1000/home/z04/z04/aturner/benchmark/cirrus-ex/VASP/CdTe_Hybrid/6.5.1-GCC-MKL/CdTe_8nodes_2304cores_1threads_8NCORE_4KPAR_22192_202512221312.OUTCAR,22192,2025.12.22 13:13:07,8,2304,2304,1,9118443,4,8,72,792,427.8824,1063.315
Cirrus,6.5.1-GCC-MKL,/mnt/lustre/e1000/home/z04/z04/aturner/benchmark/cirrus-ex/VASP/CdTe_Hybrid/6.5.1-GCC-MKL/CdTe_1nodes_288cores_1threads_8NCORE_2KPAR_22439_202512221450.OUTCAR,22439,2025.12.22 14:50:56,1,288,288,1,7129998,2,8,18,774,3008.096,6142.174
Cirrus,6.5.1-GCC-MKL,/mnt/lustre/e1000/home/z04/z04/aturner/benchmark/cirrus-ex/VASP/CdTe_Hybrid/6.5.1-GCC-MKL/CdTe_1nodes_288cores_1threads_16NCORE_2KPAR_22440_202512221450.OUTCAR,22440,2025.12.22 14:50:57,1,288,288,1,8209986,2,16,9,774,3452.2051,7175.089
Cirrus,6.5.1-GCC-MKL,/mnt/lustre/e1000/home/z04/z04/aturner/benchmark/cirrus-ex/VASP/CdTe_Hybrid/6.5.1-GCC-MKL/CdTe_1nodes_144cores_1threads_8NCORE_8KPAR_22169_202512221005.OUTCAR,22169,2025.12.22 10:05:25,1,144,144,1,7544858,8,1,18,774,3169.4739,6908.166
Cirrus,6.5.1-GCC-MKL,/mnt/lustre/e1000/home/z04/z04/aturner/benchmark/cirrus-ex/VASP/CdTe_Hybrid/6.5.1-GCC-MKL/CdTe_4nodes_1152cores_1threads_16NCORE_2KPAR_22452_202512221556.OUTCAR,22452,2025.12.22 15:57:21,4,1152,1152,1,8975547,2,16,36,792,927.6128,2097.756
Cirrus,6.5.1-GCC-MKL,/mnt/lustre/e1000/home/z04/z04/aturner/benchmark/cirrus-ex/VASP/CdTe_Hybrid/6.5.1-GCC-MKL/CdTe_1nodes_72cores_1threads_4NCORE_2KPAR_22420_202512221447.OUTCAR,22420,2025.12.22 14:47:59,1,72,72,1,11382148,2,4,9,774,5639.2432,12428.382
Cirrus,6.5.1-GCC-MKL,/mnt/lustre/e1000/home/z04/z04/aturner/benchmark/cirrus-ex/VASP/CdTe_Hybrid/6.5.1-GCC-MKL/CdTe_8nodes_2304cores_1threads_4NCORE_4KPAR_i20568_202512181258.OUTCAR,20568,2025.12.18 12:58:45,8,2304,2304,1,10338099,4,4,144,864,516.2613,1203.737
Cirrus,6.5.1-GCC-MKL,/mnt/lustre/e1000/home/z04/z04/aturner/benchmark/cirrus-ex/VASP/CdTe_Hybrid/6.5.1-GCC-MKL/CdTe_16nodes_4608cores_1threads_4NCORE_4KPAR_21543_202512210153.OUTCAR,21543,2025.12.21 01:54:38,16,4608,4608,1,14579732,4,4,288,864,323.3084,875.601
Cirrus,6.5.1-GCC-MKL,/mnt/lustre/e1000/home/z04/z04/aturner/benchmark/cirrus-ex/VASP/CdTe_Hybrid/6.5.1-GCC-MKL/CdTe_64nodes_18432cores_1threads_4NCORE_4KPAR_22477_202512230028.OUTCAR,22477,2025.12.23 00:29:02,64,18432,18432,1,156056987,4,4,1152,1152,190.85,2355.448
Cirrus,6.5.1-GCC-MKL,/mnt/lustre/e1000/home/z04/z04/aturner/benchmark/cirrus-ex/VASP/CdTe_Hybrid/6.5.1-GCC-MKL/CdTe_1nodes_144cores_1threads_4NCORE_4KPAR_21093_202512191314.OUTCAR,21093,2025.12.19 13:14:58,1,144,144,1,8002910,4,4,9,774,3383.8526,7243.161
Cirrus,6.5.1-GCC-MKL,/mnt/lustre/e1000/home/z04/z04/aturner/benchmark/cirrus-ex/VASP/CdTe_Hybrid/6.5.1-GCC-MKL/CdTe_2nodes_576cores_1threads_4NCORE_2KPAR_21104_202512191506.OUTCAR,21104,2025.12.19 15:07:12,2,576,576,1,8129911,2,4,72,792,1690.5488,3474.676
Cirrus,6.5.1-GCC-MKL,/mnt/lustre/e1000/home/z04/z04/aturner/benchmark/cirrus-ex/VASP/CdTe_Hybrid/6.5.1-GCC-MKL/CdTe_1nodes_144cores_1threads_8NCORE_8KPAR_22168_202512221005.OUTCAR,22168,2025.12.22 10:05:25,1,144,144,1,7507710,8,1,18,774,3158.2579,6872.143
Cirrus,6.5.1-GCC-MKL,/mnt/lustre/e1000/home/z04/z04/aturner/benchmark/cirrus-ex/VASP/CdTe_Hybrid/6.5.1-GCC-MKL/CdTe_1nodes_288cores_1threads_8NCORE_4KPAR_21102_202512191327.OUTCAR,21102,2025.12.19 13:27:29,1,288,288,1,6363452,4,8,9,774,2874.3034,6004.825
Cirrus,6.5.1-GCC-MKL,/mnt/lustre/e1000/home/z04/z04/aturner/benchmark/cirrus-ex/VASP/CdTe_Hybrid/6.5.1-GCC-MKL/CdTe_32nodes_9216cores_1threads_16NCORE_4KPAR_21133_202512192303.OUTCAR,21133,2025.12.19 23:04:04,32,9216,9216,1,20139093,4,16,144,864,168.3123,596.511
Cirrus,6.5.1-GCC-MKL,/mnt/lustre/e1000/home/z04/z04/aturner/benchmark/cirrus-ex/VASP/CdTe_Hybrid/6.5.1-GCC-MKL/CdTe_1nodes_288cores_1threads_8NCORE_2KPAR_22171_202512221007.OUTCAR,22171,2025.12.22 10:07:09,1,288,288,1,6577112,2,8,18,774,2922.6034,6080.252
Cirrus,6.5.1-GCC-MKL,/mnt/lustre/e1000/home/z04/z04/aturner/benchmark/cirrus-ex/VASP/CdTe_Hybrid/6.5.1-GCC-MKL/CdTe_1nodes_144cores_1threads_16NCORE_4KPAR_22167_202512221005.OUTCAR,22167,2025.12.22 10:05:25,1,144,144,1,7868371,4,1,36,792,3371.4462,7250.215
Cirrus,6.5.1-GCC-MKL,/mnt/lustre/e1000/home/z04/z04/aturner/benchmark/cirrus-ex/VASP/CdTe_Hybrid/6.5.1-GCC-MKL/CdTe_1nodes_144cores_1threads_8NCORE_8KPAR_21096_202512191321.OUTCAR,21096,2025.12.19 13:21:25,1,144,144,1,7827289,8,1,18,774,3169.1974,6877.871
Cirrus,6.5.1-GCC-MKL,/mnt/lustre/e1000/home/z04/z04/aturner/benchmark/cirrus-ex/VASP/CdTe_Hybrid/6.5.1-GCC-MKL/CdTe_64nodes_18432cores_1threads_8NCORE_4KPAR_21138_202512201441.OUTCAR,21138,2025.12.20 14:42:33,64,18432,18432,1,63733240,4,8,576,1152,172.7937,952.872
Cirrus,6.5.1-GCC-MKL,/mnt/lustre/e1000/home/z04/z04/aturner/benchmark/cirrus-ex/VASP/CdTe_Hybrid/6.5.1-GCC-MKL/CdTe_1nodes_288cores_1threads_4NCORE_4KPAR_i20553_202512181257.OUTCAR,20553,2025.12.18 12:57:06,1,288,288,1,7026010,4,4,18,774,2967.9714,5926.493
Cirrus,6.5.1-GCC-MKL,/mnt/lustre/e1000/home/z04/z04/aturner/benchmark/cirrus-ex/VASP/CdTe_Hybrid/6.5.1-GCC-MKL/CdTe_2nodes_576cores_1threads_4NCORE_2KPAR_22176_202512221008.OUTCAR,22176,2025.12.22 10:08:46,2,576,576,1,7245108,2,4,72,792,1646.7856,3393.281
Cirrus,6.5.1-GCC-MKL,/mnt/lustre/e1000/home/z04/z04/aturner/benchmark/cirrus-ex/VASP/CdTe_Hybrid/6.5.1-GCC-MKL/CdTe_32nodes_9216cores_1threads_4NCORE_2KPAR_21128_202512192143.OUTCAR,21128,2025.12.19 21:43:54,32,9216,9216,1,135561957,2,4,1152,1152,358.8636,4080.182
Cirrus,6.5.1-GCC-MKL,/mnt/lustre/e1000/home/z04/z04/aturner/benchmark/cirrus-ex/VASP/CdTe_Hybrid/6.5.1-GCC-MKL/CdTe_1nodes_144cores_1threads_8NCORE_2KPAR_21509_202512202022.OUTCAR,21509,2025.12.20 20:22:22,1,144,144,1,9516615,2,8,9,774,3995.2504,8409.438
Cirrus,6.5.1-GCC-MKL,/mnt/lustre/e1000/home/z04/z04/aturner/benchmark/cirrus-ex/VASP/CdTe_Hybrid/6.5.1-GCC-MKL/CdTe_1nodes_72cores_1threads_16NCORE_2KPAR_20776_202512191000.OUTCAR,20776,2025.12.19 10:00:59,1,72,72,1,10310047,2,1,36,792,4847.9618,10982.666
Cirrus,6.5.1-GCC-MKL,/mnt/lustre/e1000/home/z04/z04/aturner/benchmark/cirrus-ex/VASP/CdTe_Hybrid/6.5.1-GCC-MKL/CdTe_4nodes_1152cores_1threads_8NCORE_2KPAR_i20562_202512181257.OUTCAR,20562,2025.12.18 12:57:35,4,1152,1152,1,8280073,2,8,72,792,850.1123,1916.061
Cirrus,6.5.1-GCC-MKL,/mnt/lustre/e1000/home/z04/z04/aturner/benchmark/cirrus-ex/VASP/CdTe_Hybrid/6.5.1-GCC-MKL/CdTe_1nodes_144cores_1threads_8NCORE_2KPAR_22431_202512221448.OUTCAR,22431,2025.12.22 14:48:48,1,144,144,1,9586935,2,8,9,774,3995.7538,8422.333
Cirrus,6.5.1-GCC-MKL,/mnt/lustre/e1000/home/z04/z04/aturner/benchmark/cirrus-ex/VASP/CdTe_Hybrid/6.5.1-GCC-MKL/CdTe_8nodes_2304cores_1threads_4NCORE_4KPAR_21537_202512210012.OUTCAR,21537,2025.12.21 00:13:05,8,2304,2304,1,11198340,4,4,144,864,529.1344,1221.469
Cirrus,6.5.1-GCC-MKL,/mnt/lustre/e1000/home/z04/z04/aturner/benchmark/cirrus-ex/VASP/CdTe_Hybrid/6.5.1-GCC-MKL/CdTe_64nodes_18432cores_1threads_8NCORE_4KPAR_i20584_202512190140.OUTCAR,20584,2025.12.19 01:41:22,64,18432,18432,1,64099326,4,8,576,1152,172.1363,957.02
Cirrus,6.5.1-GCC-MKL,/mnt/lustre/e1000/home/z04/z04/aturner/benchmark/cirrus-ex/VASP/CdTe_Hybrid/6.5.1-GCC-MKL/CdTe_1nodes_288cores_1threads_4NCORE_2KPAR_22438_202512221450.OUTCAR,22438,2025.12.22 14:50:57,1,288,288,1,6597009,2,4,36,792,3049.9365,6066.128
Cirrus,6.5.1-GCC-MKL,/mnt/lustre/e1000/home/z04/z04/aturner/benchmark/cirrus-ex/VASP/CdTe_Hybrid/6.5.1-GCC-MKL/CdTe_4nodes_1152cores_1threads_8NCORE_2KPAR_21529_202512202258.OUTCAR,21529,2025.12.20 22:58:38,4,1152,1152,1,8846599,2,8,72,792,866.9518,1935.019
Cirrus,6.5.1-GCC-MKL,/mnt/lustre/e1000/home/z04/z04/aturner/benchmark/cirrus-ex/VASP/CdTe_Hybrid/6.5.1-GCC-MKL/CdTe_1nodes_144cores_1threads_4NCORE_4KPAR_20787_202512191002.OUTCAR,20787,2025.12.19 10:02:38,1,144,144,1,8118114,4,4,9,774,3379.8262,7240.911
Cirrus,6.5.1-GCC-MKL,/mnt/lustre/e1000/home/z04/z04/aturner/benchmark/cirrus-ex/VASP/CdTe_Hybrid/6.5.1-GCC-MKL/CdTe_1nodes_72cores_1threads_16NCORE_4KPAR_20779_202512191000.OUTCAR,20779,2025.12.19 10:01:00,1,72,72,1,9593274,4,1,18,774,4556.6817,10549.904
Cirrus,6.5.1-GCC-MKL,/mnt/lustre/e1000/home/z04/z04/aturner/benchmark/cirrus-ex/VASP/CdTe_Hybrid/6.5.1-GCC-MKL/CdTe_1nodes_72cores_1threads_8NCORE_2KPAR_22421_202512221447.OUTCAR,22421,2025.12.22 14:47:59,1,72,72,1,10454678,2,1,36,792,4846.7611,10991.908
Cirrus,6.5.1-GCC-MKL,/mnt/lustre/e1000/home/z04/z04/aturner/benchmark/cirrus-ex/VASP/CdTe_Hybrid/6.5.1-GCC-MKL/CdTe_1nodes_288cores_1threads_8NCORE_4KPAR_21520_202512202028.OUTCAR,21520,2025.12.20 20:28:59,1,288,288,1,6428732,4,8,9,774,2885.5765,6072.259
Cirrus,6.5.1-GCC-MKL,/mnt/lustre/e1000/home/z04/z04/aturner/benchmark/cirrus-ex/VASP/CdTe_Hybrid/6.5.1-GCC-MKL/CdTe_2nodes_576cores_1threads_16NCORE_2KPAR_21524_202512202131.OUTCAR,21524,2025.12.20 21:32:11,2,576,576,1,8432342,2,16,18,774,1766.1193,3786.324
Cirrus,6.5.1-GCC-MKL,/mnt/lustre/e1000/home/z04/z04/aturner/benchmark/cirrus-ex/VASP/CdTe_Hybrid/6.5.1-GCC-MKL/CdTe_1nodes_288cores_1threads_8NCORE_4KPAR_22174_202512221008.OUTCAR,22174,2025.12.22 10:08:15,1,288,288,1,6308495,4,8,9,774,2864.5676,5976.448
Cirrus,6.5.1-GCC-MKL,/mnt/lustre/e1000/home/z04/z04/aturner/benchmark/cirrus-ex/VASP/CdTe_Hybrid/6.5.1-GCC-MKL/CdTe_1nodes_144cores_1threads_8NCORE_4KPAR_22434_202512221450.OUTCAR,22434,2025.12.22 14:50:55,1,144,144,1,7889996,4,1,36,792,3314.9382,7153.681
Cirrus,6.5.1-GCC-MKL,/mnt/lustre/e1000/home/z04/z04/aturner/benchmark/cirrus-ex/VASP/CdTe_Hybrid/6.5.1-GCC-MKL/CdTe_1nodes_72cores_1threads_8NCORE_8KPAR_21504_202512202019.OUTCAR,21504,2025.12.20 20:19:18,1,72,72,1,9689491,8,1,9,774,4541.3642,10523.035
Cirrus,6.5.1-GCC-MKL,/mnt/lustre/e1000/home/z04/z04/aturner/benchmark/cirrus-ex/VASP/CdTe_Hybrid/6.5.1-GCC-MKL/CdTe_4nodes_1152cores_1threads_4NCORE_2KPAR_21528_202512202252.OUTCAR,21528,2025.12.20 22:52:54,4,1152,1152,1,10008783,2,4,144,864,1048.6104,2196.692
Cirrus,6.5.1-GCC-MKL,/mnt/lustre/e1000/home/z04/z04/aturner/benchmark/cirrus-ex/VASP/CdTe_Hybrid/6.5.1-GCC-MKL/CdTe_64nodes_18432cores_1threads_8NCORE_4KPAR_21556_202512220212.OUTCAR,21556,2025.12.22 02:13:38,64,18432,18432,1,64078821,4,8,576,1152,172.2959,956.851
Cirrus,6.5.1-GCC-MKL,/mnt/lustre/e1000/home/z04/z04/aturner/benchmark/cirrus-ex/VASP/CdTe_Hybrid/6.5.1-GCC-MKL/CdTe_8nodes_2304cores_1threads_16NCORE_2KPAR_22458_202512221645.OUTCAR,22458,2025.12.22 16:46:31,8,2304,2304,1,11553238,2,16,72,792,534.2181,1295.379
Cirrus,6.5.1-GCC-MKL,/mnt/lustre/e1000/home/z04/z04/aturner/benchmark/cirrus-ex/VASP/CdTe_Hybrid/6.5.1-GCC-MKL/CdTe_32nodes_9216cores_1threads_16NCORE_2KPAR_22470_202512222033.OUTCAR,22470,2025.12.22 20:34:43,32,9216,9216,1,26721744,2,16,288,864,213.5529,791.723
Cirrus,6.5.1-GCC-MKL,/mnt/lustre/e1000/home/z04/z04/aturner/benchmark/cirrus-ex/VASP/CdTe_Hybrid/6.5.1-GCC-MKL/CdTe_2nodes_576cores_1threads_4NCORE_2KPAR_i20556_202512181257.OUTCAR,20556,2025.12.18 12:57:38,2,576,576,1,8193327,2,4,72,792,1636.9931,3770.823
Cirrus,6.5.1-GCC-MKL,/mnt/lustre/e1000/home/z04/z04/aturner/benchmark/cirrus-ex/VASP/CdTe_Hybrid/6.5.1-GCC-MKL/CdTe_1nodes_72cores_1threads_16NCORE_2KPAR_21500_202512202010.OUTCAR,21500,2025.12.20 20:10:25,1,72,72,1,9532299,2,1,36,792,4808.9567,10932.892
Cirrus,6.5.1-GCC-MKL,/mnt/lustre/e1000/home/z04/z04/aturner/benchmark/cirrus-ex/VASP/CdTe_Hybrid/6.5.1-GCC-MKL/CdTe_1nodes_288cores_1threads_8NCORE_4KPAR_20796_202512191008.OUTCAR,20796,2025.12.19 10:08:07,1,288,288,1,7126950,4,8,9,774,2940.6549,6114.103
Cirrus,6.5.1-GCC-MKL,/mnt/lustre/e1000/home/z04/z04/aturner/benchmark/cirrus-ex/VASP/CdTe_Hybrid/6.5.1-GCC-MKL/CdTe_1nodes_72cores_1threads_16NCORE_2KPAR_22154_202512221001.OUTCAR,22154,2025.12.22 10:01:33,1,72,72,1,9674744,2,1,36,792,4818.9515,10950.478
Cirrus,6.5.1-GCC-MKL,/mnt/lustre/e1000/home/z04/z04/aturner/benchmark/cirrus-ex/VASP/CdTe_Hybrid/6.5.1-GCC-MKL/CdTe_1nodes_144cores_1threads_8NCORE_8KPAR_20791_202512191004.OUTCAR,20791,2025.12.19 10:04:02,1,144,144,1,7643253,8,1,18,774,3168.1082,6894.72
Cirrus,6.5.1-GCC-MKL,/mnt/lustre/e1000/home/z04/z04/aturner/benchmark/cirrus-ex/VASP/CdTe_Hybrid/6.5.1-GCC-MKL/CdTe_64nodes_18432cores_1threads_8NCORE_2KPAR_i20582_202512182354.OUTCAR,20582,2025.12.18 23:54:49,64,18432,18432,1,260155470,2,8,1152,1152,216.1109,3916.931
Cirrus,6.5.1-GCC-MKL,/mnt/lustre/e1000/home/z04/z04/aturner/benchmark/cirrus-ex/VASP/CdTe_Hybrid/6.5.1-GCC-MKL/CdTe_16nodes_4608cores_1threads_16NCORE_2KPAR_21124_202512191817.OUTCAR,21124,2025.12.19 18:18:01,16,4608,4608,1,15784863,2,16,144,864,326.5404,921.225
Cirrus,6.5.1-GCC-MKL,/mnt/lustre/e1000/home/z04/z04/aturner/benchmark/cirrus-ex/VASP/CdTe_Hybrid/6.5.1-GCC-MKL/CdTe_1nodes_288cores_1threads_8NCORE_4KPAR_i20554_202512181257.OUTCAR,20554,2025.12.18 12:57:06,1,288,288,1,6336766,4,8,9,774,2869.4044,5999.162
Cirrus,6.5.1-GCC-MKL,/mnt/lustre/e1000/home/z04/z04/aturner/benchmark/cirrus-ex/VASP/CdTe_Hybrid/6.5.1-GCC-MKL/CdTe_1nodes_72cores_1threads_4NCORE_2KPAR_21079_202512191230.OUTCAR,21079,2025.12.19 12:30:14,1,72,72,1,11594927,2,4,9,774,5638.9233,12415.913
Cirrus,6.5.1-GCC-MKL,/mnt/lustre/e1000/home/z04/z04/aturner/benchmark/cirrus-ex/VASP/CdTe_Hybrid/6.5.1-GCC-MKL/CdTe_1nodes_72cores_1threads_8NCORE_8KPAR_21505_202512202021.OUTCAR,21505,2025.12.20 20:21:10,1,72,72,1,9302672,8,1,9,774,4552.7851,10505.275
Cirrus,6.5.1-GCC-MKL,/mnt/lustre/e1000/home/z04/z04/aturner/benchmark/cirrus-ex/VASP/CdTe_Hybrid/6.5.1-GCC-MKL/CdTe_1nodes_144cores_1threads_8NCORE_4KPAR_21094_202512191318.OUTCAR,21094,2025.12.19 13:18:56,1,144,144,1,8581566,4,1,36,792,3394.6734,7220.982
Cirrus,6.5.1-GCC-MKL,/mnt/lustre/e1000/home/z04/z04/aturner/benchmark/cirrus-ex/VASP/CdTe_Hybrid/6.5.1-GCC-MKL/CdTe_8nodes_2304cores_1threads_16NCORE_2KPAR_21536_202512210010.OUTCAR,21536,2025.12.21 00:11:19,8,2304,2304,1,10689452,2,16,72,792,508.6742,1263.819
Cirrus,6.5.1-GCC-MKL,/mnt/lustre/e1000/home/z04/z04/aturner/benchmark/cirrus-ex/VASP/CdTe_Hybrid/6.5.1-GCC-MKL/CdTe_16nodes_4608cores_1threads_4NCORE_2KPAR_22194_202512221400.OUTCAR,22194,2025.12.22 14:01:26,16,4608,4608,1,32631121,2,4,576,1152,598.257,1954.438
Cirrus,6.5.1-GCC-MKL,/mnt/lustre/e1000/home/z04/z04/aturner/benchmark/cirrus-ex/VASP/CdTe_Hybrid/6.5.1-GCC-MKL/CdTe_1nodes_72cores_1threads_4NCORE_4KPAR_22155_202512221001.OUTCAR,22155,2025.12.22 10:01:33,1,72,72,1,9362438,4,1,18,774,4563.3981,10493.59
Cirrus,6.5.1-GCC-MKL,/mnt/lustre/e1000/home/z04/z04/aturner/benchmark/cirrus-ex/VASP/CdTe_Hybrid/6.5.1-GCC-MKL/CdTe_32nodes_9216cores_1threads_8NCORE_4KPAR_21132_202512192252.OUTCAR,21132,2025.12.19 22:52:45,32,9216,9216,1,21472567,4,8,288,864,176.9874,631.227
Cirrus,6.5.1-GCC-MKL,/mnt/lustre/e1000/home/z04/z04/aturner/benchmark/cirrus-ex/VASP/CdTe_Hybrid/6.5.1-GCC-MKL/CdTe_1nodes_72cores_1threads_16NCORE_8KPAR_22160_202512221001.OUTCAR,22160,2025.12.22 10:01:37,1,72,72,1,12114773,8,9,1,770,7072.8833,15192.091
Cirrus,6.5.1-GCC-MKL,/mnt/lustre/e1000/home/z04/z04/aturner/benchmark/cirrus-ex/VASP/CdTe_Hybrid/6.5.1-GCC-MKL/CdTe_1nodes_144cores_1threads_16NCORE_4KPAR_21095_202512191319.OUTCAR,21095,2025.12.19 13:19:41,1,144,144,1,8670997,4,1,36,792,3408.9365,7253.15
Cirrus,6.5.1-GCC-MKL,/mnt/lustre/e1000/home/z04/z04/aturner/benchmark/cirrus-ex/VASP/CdTe_Hybrid/6.5.1-GCC-MKL/CdTe_2nodes_576cores_1threads_16NCORE_2KPAR_22446_202512221451.OUTCAR,22446,2025.12.22 14:52:01,2,576,576,1,8095121,2,16,18,774,1735.9754,3760.805
Cirrus,6.5.1-GCC-MKL,/mnt/lustre/e1000/home/z04/z04/aturner/benchmark/cirrus-ex/VASP/CdTe_Hybrid/6.5.1-GCC-MKL/CdTe_8nodes_2304cores_1threads_8NCORE_2KPAR_22457_202512221623.OUTCAR,22457,2025.12.22 16:23:59,8,2304,2304,1,11717486,2,8,144,864,544.7459,1305.21
Cirrus,6.5.1-GCC-MKL,/mnt/lustre/e1000/home/z04/z04/aturner/benchmark/cirrus-ex/VASP/CdTe_Hybrid/6.5.1-GCC-MKL/CdTe_1nodes_144cores_1threads_16NCORE_2KPAR_22432_202512221448.OUTCAR,22432,2025.12.22 14:48:48,1,144,144,1,8262674,2,1,72,792,3537.3689,7544.868
Cirrus,6.5.1-GCC-MKL,/mnt/lustre/e1000/home/z04/z04/aturner/benchmark/cirrus-ex/VASP/CdTe_Hybrid/6.5.1-GCC-MKL/CdTe_2nodes_576cores_1threads_4NCORE_4KPAR_22179_202512221028.OUTCAR,22179,2025.12.22 10:28:44,2,576,576,1,6759319,4,4,36,792,1540.9998,3176.893
Cirrus,6.5.1-GCC-MKL,/mnt/lustre/e1000/home/z04/z04/aturner/benchmark/cirrus-ex/VASP/CdTe_Hybrid/6.5.1-GCC-MKL/CdTe_4nodes_1152cores_1threads_8NCORE_2KPAR_22183_202512221139.OUTCAR,22183,2025.12.22 11:40:05,4,1152,1152,1,8193582,2,8,72,792,847.3153,1907.663
Cirrus,6.5.1-GCC-MKL,/mnt/lustre/e1000/home/z04/z04/aturner/benchmark/cirrus-ex/VASP/CdTe_Hybrid/6.5.1-GCC-MKL/CdTe_64nodes_18432cores_1threads_16NCORE_2KPAR_21554_202512220108.OUTCAR,21554,2025.12.22 01:08:51,64,18432,18432,1,96431024,2,16,576,1152,226.5981,1439.657
Cirrus,6.5.1-GCC-MKL,/mnt/lustre/e1000/home/z04/z04/aturner/benchmark/cirrus-ex/VASP/CdTe_Hybrid/6.5.1-GCC-MKL/CdTe_1nodes_72cores_1threads_16NCORE_4KPAR_22425_202512221448.OUTCAR,22425,2025.12.22 14:48:03,1,72,72,1,10013890,4,1,18,774,4582.8856,10525.287
Cirrus,6.5.1-GCC-MKL,/mnt/lustre/e1000/home/z04/z04/aturner/benchmark/cirrus-ex/VASP/CdTe_Hybrid/6.5.1-GCC-MKL/CdTe_32nodes_9216cores_1threads_8NCORE_4KPAR_22472_202512222052.OUTCAR,22472,2025.12.22 20:52:46,32,9216,9216,1,21274964,4,8,288,864,175.2097,628.411
Cirrus,6.5.1-GCC-MKL,/mnt/lustre/e1000/home/z04/z04/aturner/benchmark/cirrus-ex/VASP/CdTe_Hybrid/6.5.1-GCC-MKL/CdTe_64nodes_18432cores_1threads_4NCORE_4KPAR_i20583_202512190100.OUTCAR,20583,2025.12.19 01:00:56,64,18432,18432,1,157634995,4,4,1152,1152,195.0426,2375.671
Cirrus,6.5.1-GCC-MKL,/mnt/lustre/e1000/home/z04/z04/aturner/benchmark/cirrus-ex/VASP/CdTe_Hybrid/6.5.1-GCC-MKL/CdTe_1nodes_144cores_1threads_4NCORE_4KPAR_21511_202512202022.OUTCAR,21511,2025.12.20 20:22:46,1,144,144,1,8061977,4,4,9,774,3369.4959,7238.973
Cirrus,6.5.1-GCC-MKL,/mnt/lustre/e1000/home/z04/z04/aturner/benchmark/cirrus-ex/VASP/CdTe_Hybrid/6.5.1-GCC-MKL/CdTe_2nodes_576cores_1threads_16NCORE_2KPAR_21106_202512191507.OUTCAR,21106,2025.12.19 15:08:28,2,576,576,1,7929252,2,16,18,774,1726.017,3735.956
Cirrus,6.5.1-GCC-MKL,/mnt/lustre/e1000/home/z04/z04/aturner/benchmark/cirrus-ex/VASP/CdTe_Hybrid/6.5.1-GCC-MKL/CdTe_64nodes_18432cores_1threads_16NCORE_4KPAR_21557_202512220229.OUTCAR,21557,2025.12.22 02:30:25,64,18432,18432,1,37153501,4,16,288,864,111.1807,551.502
Cirrus,6.5.1-GCC-MKL,/mnt/lustre/e1000/home/z04/z04/aturner/benchmark/cirrus-ex/VASP/CdTe_Hybrid/6.5.1-GCC-MKL/CdTe_8nodes_2304cores_1threads_16NCORE_4KPAR_i20570_202512181320.OUTCAR,20570,2025.12.18 13:21:09,8,2304,2304,1,9972634,4,16,36,792,467.0419,1177.229
Cirrus,6.5.1-GCC-MKL,/mnt/lustre/e1000/home/z04/z04/aturner/benchmark/cirrus-ex/VASP/CdTe_Hybrid/6.5.1-GCC-MKL/CdTe_1nodes_288cores_1threads_8NCORE_2KPAR_20793_202512191005.OUTCAR,20793,2025.12.19 10:05:39,1,288,288,1,7198381,2,8,18,774,2983.465,6168.578
Cirrus,6.5.1-GCC-MKL,/mnt/lustre/e1000/home/z04/z04/aturner/benchmark/cirrus-ex/VASP/CdTe_Hybrid/6.5.1-GCC-MKL/CdTe_1nodes_72cores_1threads_4NCORE_2KPAR_22152_202512220931.OUTCAR,22152,2025.12.22 09:31:37,1,72,72,1,11311642,2,4,9,774,5655.423,12441.357
Cirrus,6.5.1-GCC-MKL,/mnt/lustre/e1000/home/z04/z04/aturner/benchmark/cirrus-ex/VASP/CdTe_Hybrid/6.5.1-GCC-MKL/CdTe_32nodes_9216cores_1threads_4NCORE_4KPAR_21131_202512192248.OUTCAR,21131,2025.12.19 22:49:35,32,9216,9216,1,38703460,4,4,576,1152,311.1716,1154.715
Cirrus,6.5.1-GCC-MKL,/mnt/lustre/e1000/home/z04/z04/aturner/benchmark/cirrus-ex/VASP/CdTe_Hybrid/6.5.1-GCC-MKL/CdTe_2nodes_576cores_1threads_8NCORE_2KPAR_22445_202512221451.OUTCAR,22445,2025.12.22 14:52:10,2,576,576,1,7042680,2,8,36,792,1568.9366,3359.496
Cirrus,6.5.1-GCC-MKL,/mnt/lustre/e1000/home/z04/z04/aturner/benchmark/cirrus-ex/VASP/CdTe_Hybrid/6.5.1-GCC-MKL/CdTe_16nodes_4608cores_1threads_8NCORE_4KPAR_22198_202512221428.OUTCAR,22198,2025.12.22 14:29:20,16,4608,4608,1,13075514,4,8,144,864,275.0687,776.5
Cirrus,6.5.1-GCC-MKL,/mnt/lustre/e1000/home/z04/z04/aturner/benchmark/cirrus-ex/VASP/CdTe_Hybrid/6.5.1-GCC-MKL/CdTe_2nodes_576cores_1threads_8NCORE_4KPAR_i20559_202512181257.OUTCAR,20559,2025.12.18 12:57:43,2,576,576,1,6762663,4,8,18,774,1475.9921,3189.964
Cirrus,6.5.1-GCC-MKL,/mnt/lustre/e1000/home/z04/z04/aturner/benchmark/cirrus-ex/VASP/CdTe_Hybrid/6.5.1-GCC-MKL/CdTe_64nodes_18432cores_1threads_8NCORE_2KPAR_21553_202512220002.OUTCAR,21553,2025.12.22 00:02:59,64,18432,18432,1,258743645,2,8,1152,1152,215.8773,3903.93
Cirrus,6.5.1-GCC-MKL,/mnt/lustre/e1000/home/z04/z04/aturner/benchmark/cirrus-ex/VASP/CdTe_Hybrid/6.5.1-GCC-MKL/CdTe_8nodes_2304cores_1threads_8NCORE_4KPAR_21538_202512210013.OUTCAR,21538,2025.12.21 00:14:26,8,2304,2304,1,9112405,4,8,72,792,426.7948,1060.852
Cirrus,6.5.1-GCC-MKL,/mnt/lustre/e1000/home/z04/z04/aturner/benchmark/cirrus-ex/VASP/CdTe_Hybrid/6.5.1-GCC-MKL/CdTe_1nodes_144cores_1threads_16NCORE_2KPAR_21092_202512191308.OUTCAR,21092,2025.12.19 13:08:55,1,144,144,1,8328047,2,1,72,792,3563.6751,7586.805
Cirrus,6.5.1-GCC-MKL,/mnt/lustre/e1000/home/z04/z04/aturner/benchmark/cirrus-ex/VASP/CdTe_Hybrid/6.5.1-GCC-MKL/CdTe_4nodes_1152cores_1threads_4NCORE_4KPAR_22453_202512221556.OUTCAR,22453,2025.12.22 15:57:12,4,1152,1152,1,10393239,4,4,72,792,849.4654,2262.864
Cirrus,6.5.1-GCC-MKL,/mnt/lustre/e1000/home/z04/z04/aturner/benchmark/cirrus-ex/VASP/CdTe_Hybrid/6.5.1-GCC-MKL/CdTe_1nodes_72cores_1threads_8NCORE_4KPAR_20778_202512191000.OUTCAR,20778,2025.12.19 10:01:00,1,72,72,1,9672799,4,1,18,774,4575.8663,10512.314
Cirrus,6.5.1-GCC-MKL,/mnt/lustre/e1000/home/z04/z04/aturner/benchmark/cirrus-ex/VASP/CdTe_Hybrid/6.5.1-GCC-MKL/CdTe_32nodes_9216cores_1threads_4NCORE_2KPAR_22468_202512221942.OUTCAR,22468,2025.12.22 19:42:53,32,9216,9216,1,135726795,2,4,1152,1152,382.838,4143.551
Cirrus,6.5.1-GCC-MKL,/mnt/lustre/e1000/home/z04/z04/aturner/benchmark/cirrus-ex/VASP/CdTe_Hybrid/6.5.1-GCC-MKL/CdTe_64nodes_18432cores_1threads_8NCORE_2KPAR_22475_202512222257.OUTCAR,22475,2025.12.22 22:58:18,64,18432,18432,1,259525661,2,8,1152,1152,220.4463,3910.677
Cirrus,6.5.1-GCC-MKL,/mnt/lustre/e1000/home/z04/z04/aturner/benchmark/cirrus-ex/VASP/CdTe_Hybrid/6.5.1-GCC-MKL/CdTe_1nodes_72cores_1threads_16NCORE_2KPAR_22422_202512221447.OUTCAR,22422,2025.12.22 14:47:59,1,72,72,1,10548965,2,1,36,792,4872.704,11043.877
Cirrus,6.5.1-GCC-MKL,/mnt/lustre/e1000/home/z04/z04/aturner/benchmark/cirrus-ex/VASP/CdTe_Hybrid/6.5.1-GCC-MKL/CdTe_1nodes_144cores_1threads_4NCORE_2KPAR_21089_202512191304.OUTCAR,21089,2025.12.19 13:04:40,1,144,144,1,8619995,2,4,18,774,3503.9456,7417.977
Cirrus,6.5.1-GCC-MKL,/mnt/lustre/e1000/home/z04/z04/aturner/benchmark/cirrus-ex/VASP/CdTe_Hybrid/6.5.1-GCC-MKL/CdTe_1nodes_144cores_1threads_8NCORE_4KPAR_21512_202512202023.OUTCAR,21512,2025.12.20 20:23:22,1,144,144,1,7968171,4,1,36,792,3341.8888,7149.389
Cirrus,6.5.1-GCC-MKL,/mnt/lustre/e1000/home/z04/z04/aturner/benchmark/cirrus-ex/VASP/CdTe_Hybrid/6.5.1-GCC-MKL/CdTe_1nodes_144cores_1threads_8NCORE_4KPAR_20788_202512191004.OUTCAR,20788,2025.12.19 10:04:01,1,144,144,1,8781595,4,1,36,792,3416.526,7271.062
Cirrus,6.5.1-GCC-MKL,/mnt/lustre/e1000/home/z04/z04/aturner/benchmark/cirrus-ex/VASP/CdTe_Hybrid/6.5.1-GCC-MKL/CdTe_64nodes_18432cores_1threads_8NCORE_2KPAR_21135_202512201230.OUTCAR,21135,2025.12.20 12:31:43,64,18432,18432,1,257289699,2,8,1152,1152,216.9109,3889.907
Cirrus,6.5.1-GCC-MKL,/mnt/lustre/e1000/home/z04/z04/aturner/benchmark/cirrus-ex/VASP/CdTe_Hybrid/6.5.1-GCC-MKL/CdTe_1nodes_144cores_1threads_4NCORE_2KPAR_20783_202512191002.OUTCAR,20783,2025.12.19 10:02:37,1,144,144,1,8077560,2,4,18,774,3481.0801,7415.314
Cirrus,6.5.1-GCC-MKL,/mnt/lustre/e1000/home/z04/z04/aturner/benchmark/cirrus-ex/VASP/CdTe_Hybrid/6.5.1-GCC-MKL/CdTe_2nodes_576cores_1threads_4NCORE_2KPAR_20798_202512191008.OUTCAR,20798,2025.12.19 10:08:45,2,576,576,1,8076767,2,4,72,792,1683.495,3457.041
Cirrus,6.5.1-GCC-MKL,/mnt/lustre/e1000/home/z04/z04/aturner/benchmark/cirrus-ex/VASP/CdTe_Hybrid/6.5.1-GCC-MKL/CdTe_1nodes_288cores_1threads_8NCORE_2KPAR_21099_202512191325.OUTCAR,21099,2025.12.19 13:25:34,1,288,288,1,6585037,2,8,18,774,2905.2596,6015.554
Cirrus,6.5.1-GCC-MKL,/mnt/lustre/e1000/home/z04/z04/aturner/benchmark/cirrus-ex/VASP/CdTe_Hybrid/6.5.1-GCC-MKL/CdTe_2nodes_576cores_1threads_8NCORE_2KPAR_21105_202512191507.OUTCAR,21105,2025.12.19 15:08:18,2,576,576,1,7090657,2,8,36,792,1574.066,3353.712
Cirrus,6.5.1-GCC-MKL,/mnt/lustre/e1000/home/z04/z04/aturner/benchmark/cirrus-ex/VASP/CdTe_Hybrid/6.5.1-GCC-MKL/CdTe_1nodes_72cores_1threads_4NCORE_4KPAR_20777_202512191000.OUTCAR,20777,2025.12.19 10:01:00,1,72,72,1,10172363,4,1,18,774,4562.8503,10488.536
Cirrus,6.5.1-GCC-MKL,/mnt/lustre/e1000/home/z04/z04/aturner/benchmark/cirrus-ex/VASP/CdTe_Hybrid/6.5.1-GCC-MKL/CdTe_1nodes_72cores_1threads_8NCORE_2KPAR_22153_202512220931.OUTCAR,22153,2025.12.22 09:31:37,1,72,72,1,9553549,2,1,36,792,4830.968,10970.803
Cirrus,6.5.1-GCC-MKL,/mnt/lustre/e1000/home/z04/z04/aturner/benchmark/cirrus-ex/VASP/CdTe_Hybrid/6.5.1-GCC-MKL/CdTe_1nodes_72cores_1threads_8NCORE_8KPAR_21087_202512191259.OUTCAR,21087,2025.12.19 12:59:12,1,72,72,1,9428900,8,1,9,774,4562.1773,10522.152
Cirrus,6.5.1-GCC-MKL,/mnt/lustre/e1000/home/z04/z04/aturner/benchmark/cirrus-ex/VASP/CdTe_Hybrid/6.5.1-GCC-MKL/CdTe_4nodes_1152cores_1threads_16NCORE_2KPAR_22184_202512221148.OUTCAR,22184,2025.12.22 11:49:13,4,1152,1152,1,9693899,2,16,36,792,948.7307,2124.845
Cirrus,6.5.1-GCC-MKL,/mnt/lustre/e1000/home/z04/z04/aturner/benchmark/cirrus-ex/VASP/CdTe_Hybrid/6.5.1-GCC-MKL/CdTe_64nodes_18432cores_1threads_16NCORE_4KPAR_22479_202512230125.OUTCAR,22479,2025.12.23 01:25:48,64,18432,18432,1,38163809,4,16,288,864,111.2949,567.572
Cirrus,6.5.1-GCC-MKL,/mnt/lustre/e1000/home/z04/z04/aturner/benchmark/cirrus-ex/VASP/CdTe_Hybrid/6.5.1-GCC-MKL/CdTe_16nodes_4608cores_1threads_8NCORE_4KPAR_21544_202512210204.OUTCAR,21544,2025.12.21 02:04:44,16,4608,4608,1,13746371,4,8,144,864,275.9506,771.189
Cirrus,6.5.1-GCC-MKL,/mnt/lustre/e1000/home/z04/z04/aturner/benchmark/cirrus-ex/VASP/CdTe_Hybrid/6.5.1-GCC-MKL/CdTe_1nodes_72cores_1threads_16NCORE_2KPAR_21082_202512191256.OUTCAR,21082,2025.12.19 12:56:50,1,72,72,1,10414824,2,1,36,792,4824.6002,10972.701
Cirrus,6.5.1-GCC-MKL,/mnt/lustre/e1000/home/z04/z04/aturner/benchmark/cirrus-ex/VASP/CdTe_Hybrid/6.5.1-GCC-MKL/CdTe_8nodes_2304cores_1threads_16NCORE_4KPAR_21539_202512210014.OUTCAR,21539,2025.12.21 00:15:14,8,2304,2304,1,10690015,4,16,36,792,475.9637,1183.039
Cirrus,6.5.1-GCC-MKL,/mnt/lustre/e1000/home/z04/z04/aturner/benchmark/cirrus-ex/VASP/CdTe_Hybrid/6.5.1-GCC-MKL/CdTe_4nodes_1152cores_1threads_8NCORE_4KPAR_i20564_202512181257.OUTCAR,20564,2025.12.18 12:57:30,4,1152,1152,1,8315672,4,8,36,792,807.6335,1799.31
Cirrus,6.5.1-GCC-MKL,/mnt/lustre/e1000/home/z04/z04/aturner/benchmark/cirrus-ex/VASP/CdTe_Hybrid/6.5.1-GCC-MKL/CdTe_2nodes_576cores_1threads_8NCORE_4KPAR_20802_202512191027.OUTCAR,20802,2025.12.19 10:28:10,2,576,576,1,6943184,4,8,18,774,1475.8728,3179.532
Cirrus,6.5.1-GCC-MKL,/mnt/lustre/e1000/home/z04/z04/aturner/benchmark/cirrus-ex/VASP/CdTe_Hybrid/6.5.1-GCC-MKL/CdTe_1nodes_288cores_1threads_4NCORE_4KPAR_20795_202512191005.OUTCAR,20795,2025.12.19 10:05:39,1,288,288,1,7195499,4,4,18,774,3163.0914,6107.292
Cirrus,6.5.1-GCC-MKL,/mnt/lustre/e1000/home/z04/z04/aturner/benchmark/cirrus-ex/VASP/CdTe_Hybrid/6.5.1-GCC-MKL/CdTe_8nodes_2304cores_1threads_16NCORE_4KPAR_22193_202512221313.OUTCAR,22193,2025.12.22 13:13:49,8,2304,2304,1,9923131,4,16,36,792,467.3978,1173.721
Cirrus,6.5.1-GCC-MKL,/mnt/lustre/e1000/home/z04/z04/aturner/benchmark/cirrus-ex/VASP/CdTe_Hybrid/6.5.1-GCC-MKL/CdTe_8nodes_2304cores_1threads_8NCORE_4KPAR_21120_202512191704.OUTCAR,21120,2025.12.19 17:05:04,8,2304,2304,1,9898185,4,8,72,792,437.2207,1084.564
Cirrus,6.5.1-GCC-MKL,/mnt/lustre/e1000/home/z04/z04/aturner/benchmark/cirrus-ex/VASP/CdTe_Hybrid/6.5.1-GCC-MKL/CdTe_1nodes_72cores_1threads_16NCORE_8KPAR_21506_202512202021.OUTCAR,21506,2025.12.20 20:21:16,1,72,72,1,12565110,8,9,1,770,7022.0226,15131.01
Cirrus,6.5.1-GCC-MKL,/mnt/lustre/e1000/home/z04/z04/aturner/benchmark/cirrus-ex/VASP/CdTe_Hybrid/6.5.1-GCC-MKL/CdTe_1nodes_72cores_1threads_4NCORE_2KPAR_20774_202512190932.OUTCAR,20774,2025.12.19 09:32:33,1,72,72,1,10710246,2,4,9,774,5626.3999,12361.467
Cirrus,6.5.1-GCC-MKL,/mnt/lustre/e1000/home/z04/z04/aturner/benchmark/cirrus-ex/VASP/CdTe_Hybrid/6.5.1-GCC-MKL/CdTe_16nodes_4608cores_1threads_16NCORE_4KPAR_22199_202512221434.OUTCAR,22199,2025.12.22 14:34:51,16,4608,4608,1,13018692,4,16,72,792,261.7978,773.568
Cirrus,6.5.1-GCC-MKL,/mnt/lustre/e1000/home/z04/z04/aturner/benchmark/cirrus-ex/VASP/CdTe_Hybrid/6.5.1-GCC-MKL/CdTe_8nodes_2304cores_1threads_8NCORE_4KPAR_22460_202512221729.OUTCAR,22460,2025.12.22 17:30:04,8,2304,2304,1,9824732,4,8,72,792,437.6861,1085.587
Cirrus,6.5.1-GCC-MKL,/mnt/lustre/e1000/home/z04/z04/aturner/benchmark/cirrus-ex/VASP/CdTe_Hybrid/6.5.1-GCC-MKL/CdTe_1nodes_144cores_1threads_4NCORE_2KPAR_21090_202512191305.OUTCAR,21090,2025.12.19 13:05:36,1,144,144,1,8888209,2,4,18,774,3468.9352,7386.99
Cirrus,6.5.1-GCC-MKL,/mnt/lustre/e1000/home/z04/z04/aturner/benchmark/cirrus-ex/VASP/CdTe_Hybrid/6.5.1-GCC-MKL/CdTe_4nodes_1152cores_1threads_4NCORE_4KPAR_i20563_202512181257.OUTCAR,20563,2025.12.18 12:57:41,4,1152,1152,1,8527147,4,4,72,792,851.9161,1837.176
Cirrus,6.5.1-GCC-MKL,/mnt/lustre/e1000/home/z04/z04/aturner/benchmark/cirrus-ex/VASP/CdTe_Hybrid/6.5.1-GCC-MKL/CdTe_64nodes_18432cores_1threads_16NCORE_4KPAR_21139_202512201458.OUTCAR,21139,2025.12.20 14:59:17,64,18432,18432,1,37004805,4,16,288,864,111.421,550.483
Cirrus,6.5.1-GCC-MKL,/mnt/lustre/e1000/home/z04/z04/aturner/benchmark/cirrus-ex/VASP/CdTe_Hybrid/6.5.1-GCC-MKL/CdTe_1nodes_72cores_1threads_8NCORE_4KPAR_22424_202512221448.OUTCAR,22424,2025.12.22 14:48:03,1,72,72,1,9931947,4,1,18,774,4588.8499,10521.867
Cirrus,6.5.1-GCC-MKL,/mnt/lustre/e1000/home/z04/z04/aturner/benchmark/cirrus-ex/VASP/CdTe_Hybrid/6.5.1-GCC-MKL/CdTe_1nodes_144cores_1threads_8NCORE_8KPAR_22436_202512221450.OUTCAR,22436,2025.12.22 14:50:54,1,144,144,1,7709538,8,1,18,774,3150.5481,6825.018
Cirrus,6.5.1-GCC-MKL,/mnt/lustre/e1000/home/z04/z04/aturner/benchmark/cirrus-ex/VASP/CdTe_Hybrid/6.5.1-GCC-MKL/CdTe_64nodes_18432cores_1threads_4NCORE_4KPAR_21137_202512201401.OUTCAR,21137,2025.12.20 14:02:21,64,18432,18432,1,156633394,4,4,1152,1152,198.1374,2363.981
Cirrus,6.5.1-GCC-MKL,/mnt/lustre/e1000/home/z04/z04/aturner/benchmark/cirrus-ex/VASP/CdTe_Hybrid/6.5.1-GCC-MKL/CdTe_32nodes_9216cores_1threads_4NCORE_2KPAR_21546_202512210612.OUTCAR,21546,2025.12.21 06:12:51,32,9216,9216,1,135876355,2,4,1152,1152,376.0591,4100.289
Cirrus,6.5.1-GCC-MKL,/mnt/lustre/e1000/home/z04/z04/aturner/benchmark/cirrus-ex/VASP/CdTe_Hybrid/6.5.1-GCC-MKL/CdTe_4nodes_1152cores_1threads_8NCORE_4KPAR_22186_202512221206.OUTCAR,22186,2025.12.22 12:06:57,4,1152,1152,1,7676668,4,8,36,792,787.2595,1775.3
Cirrus,6.5.1-GCC-MKL,/mnt/lustre/e1000/home/z04/z04/aturner/benchmark/cirrus-ex/VASP/CdTe_Hybrid/6.5.1-GCC-MKL/CdTe_2nodes_576cores_1threads_16NCORE_4KPAR_i20560_202512181257.OUTCAR,20560,2025.12.18 12:57:35,2,576,576,1,7933808,4,16,9,774,1719.1023,3738.191
Cirrus,6.5.1-GCC-MKL,/mnt/lustre/e1000/home/z04/z04/aturner/benchmark/cirrus-ex/VASP/CdTe_Hybrid/6.5.1-GCC-MKL/CdTe_1nodes_144cores_1threads_4NCORE_4KPAR_22165_202512221003.OUTCAR,22165,2025.12.22 10:03:28,1,144,144,1,7902253,4,4,9,774,3400.3646,7287.394
Cirrus,6.5.1-GCC-MKL,/mnt/lustre/e1000/home/z04/z04/aturner/benchmark/cirrus-ex/VASP/CdTe_Hybrid/6.5.1-GCC-MKL/CdTe_1nodes_144cores_1threads_8NCORE_8KPAR_21097_202512191321.OUTCAR,21097,2025.12.19 13:22:00,1,144,144,1,7756572,8,1,18,774,3167.6332,6871.65
Cirrus,6.5.1-GCC-MKL,/mnt/lustre/e1000/home/z04/z04/aturner/benchmark/cirrus-ex/VASP/CdTe_Hybrid/6.5.1-GCC-MKL/CdTe_1nodes_72cores_1threads_8NCORE_2KPAR_21081_202512191256.OUTCAR,21081,2025.12.19 12:56:24,1,72,72,1,9614361,2,1,36,792,4808.9547,10944.284
Cirrus,6.5.1-GCC-MKL,/mnt/lustre/e1000/home/z04/z04/aturner/benchmark/cirrus-ex/VASP/CdTe_Hybrid/6.5.1-GCC-MKL/CdTe_8nodes_2304cores_1threads_16NCORE_4KPAR_22461_202512221745.OUTCAR,22461,2025.12.22 17:46:15,8,2304,2304,1,10086701,4,16,36,792,469.3197,1185.89
Cirrus,6.5.1-GCC-MKL,/mnt/lustre/e1000/home/z04/z04/aturner/benchmark/cirrus-ex/VASP/CdTe_Hybrid/6.5.1-GCC-MKL/CdTe_4nodes_1152cores_1threads_4NCORE_2KPAR_i20561_202512181257.OUTCAR,20561,2025.12.18 12:57:41,4,1152,1152,1,9410753,2,4,144,864,1021.8025,2172.454
Cirrus,6.5.1-GCC-MKL,/mnt/lustre/e1000/home/z04/z04/aturner/benchmark/cirrus-ex/VASP/CdTe_Hybrid/6.5.1-GCC-MKL/CdTe_1nodes_72cores_1threads_4NCORE_2KPAR_21498_202512201937.OUTCAR,21498,2025.12.20 19:37:08,1,72,72,1,10324806,2,4,9,774,5604.4339,12381.523
Cirrus,6.5.1-GCC-MKL,/mnt/lustre/e1000/home/z04/z04/aturner/benchmark/cirrus-ex/VASP/CdTe_Hybrid/6.5.1-GCC-MKL/CdTe_8nodes_2304cores_1threads_4NCORE_2KPAR_22456_202512221556.OUTCAR,22456,2025.12.22 15:57:27,8,2304,2304,1,13822645,2,4,288,864,655.5753,1543.092
Cirrus,6.5.1-GCC-MKL,/mnt/lustre/e1000/home/z04/z04/aturner/benchmark/cirrus-ex/VASP/CdTe_Hybrid/6.5.1-GCC-MKL/CdTe_4nodes_1152cores_1threads_4NCORE_2KPAR_21110_202512191557.OUTCAR,21110,2025.12.19 15:58:19,4,1152,1152,1,9272300,2,4,144,864,1018.5011,2162.873
Cirrus,6.5.1-GCC-OpenBLAS,/mnt/lustre/e1000/home/z04/z04/aturner/benchmark/cirrus-ex/VASP/CdTe_Hybrid/6.5.1-GCC-OpenBLAS/CdTe_16nodes_4608cores_1threads_4NCORE_4KPAR_20629_202512181536.OUTCAR,20629,2025.12.18 15:36:59,16,4608,4608,1,16377946,4,4,288,864,323.718,920.821
Cirrus,6.5.1-GCC-OpenBLAS,/mnt/lustre/e1000/home/z04/z04/aturner/benchmark/cirrus-ex/VASP/CdTe_Hybrid/6.5.1-GCC-OpenBLAS/CdTe_1nodes_288cores_1threads_4NCORE_2KPAR_21455_202512201912.OUTCAR,21455,2025.12.20 19:12:43,1,288,288,1,6832413,2,4,36,792,3057.2369,5842.493
Cirrus,6.5.1-GCC-OpenBLAS,/mnt/lustre/e1000/home/z04/z04/aturner/benchmark/cirrus-ex/VASP/CdTe_Hybrid/6.5.1-GCC-OpenBLAS/CdTe_16nodes_4608cores_1threads_4NCORE_2KPAR_21061_202512191739.OUTCAR,21061,2025.12.19 17:40:08,16,4608,4608,1,45188497,2,4,576,1152,581.4159,2692.651
Cirrus,6.5.1-GCC-OpenBLAS,/mnt/lustre/e1000/home/z04/z04/aturner/benchmark/cirrus-ex/VASP/CdTe_Hybrid/6.5.1-GCC-OpenBLAS/CdTe_2nodes_576cores_1threads_8NCORE_4KPAR_21047_202512191442.OUTCAR,21047,2025.12.19 14:42:57,2,576,576,1,6131531,4,8,18,774,1413.2111,2951.629
Cirrus,6.5.1-GCC-OpenBLAS,/mnt/lustre/e1000/home/z04/z04/aturner/benchmark/cirrus-ex/VASP/CdTe_Hybrid/6.5.1-GCC-OpenBLAS/CdTe_64nodes_18432cores_1threads_8NCORE_4KPAR_21495_202512211727.OUTCAR,21495,2025.12.21 17:28:33,64,18432,18432,1,90147970,4,8,576,1152,167.631,1355.688
Cirrus,6.5.1-GCC-OpenBLAS,/mnt/lustre/e1000/home/z04/z04/aturner/benchmark/cirrus-ex/VASP/CdTe_Hybrid/6.5.1-GCC-OpenBLAS/CdTe_1nodes_72cores_1threads_4NCORE_4KPAR_21022_202512191149.OUTCAR,21022,2025.12.19 11:49:21,1,72,72,1,8194866,4,1,18,774,3762.4623,8689.578
Cirrus,6.5.1-GCC-OpenBLAS,/mnt/lustre/e1000/home/z04/z04/aturner/benchmark/cirrus-ex/VASP/CdTe_Hybrid/6.5.1-GCC-OpenBLAS/CdTe_8nodes_2304cores_1threads_16NCORE_2KPAR_21695_202512210029.OUTCAR,21695,2025.12.21 00:30:29,8,2304,2304,1,10904267,2,16,72,792,490.8257,1201.527
Cirrus,6.5.1-GCC-OpenBLAS,/mnt/lustre/e1000/home/z04/z04/aturner/benchmark/cirrus-ex/VASP/CdTe_Hybrid/6.5.1-GCC-OpenBLAS/CdTe_1nodes_288cores_1threads_16NCORE_4KPAR_21680_202512202117.OUTCAR,21680,2025.12.20 21:17:35,1,288,288,1,8052446,4,1,72,792,3542.7994,6626.304
Cirrus,6.5.1-GCC-OpenBLAS,/mnt/lustre/e1000/home/z04/z04/aturner/benchmark/cirrus-ex/VASP/CdTe_Hybrid/6.5.1-GCC-OpenBLAS/CdTe_1nodes_288cores_1threads_8NCORE_4KPAR_21041_202512191223.OUTCAR,21041,2025.12.19 12:23:39,1,288,288,1,6414582,4,8,9,774,2828.5621,5646.887
Cirrus,6.5.1-GCC-OpenBLAS,/mnt/lustre/e1000/home/z04/z04/aturner/benchmark/cirrus-ex/VASP/CdTe_Hybrid/6.5.1-GCC-OpenBLAS/CdTe_1nodes_144cores_1threads_8NCORE_2KPAR_21668_202512202101.OUTCAR,21668,2025.12.20 21:01:07,1,144,144,1,8091114,2,8,9,774,3678.7035,7560.214
Cirrus,6.5.1-GCC-OpenBLAS,/mnt/lustre/e1000/home/z04/z04/aturner/benchmark/cirrus-ex/VASP/CdTe_Hybrid/6.5.1-GCC-OpenBLAS/CdTe_1nodes_144cores_1threads_8NCORE_8KPAR_22230_202512221127.OUTCAR,22230,2025.12.22 11:27:54,1,144,144,1,6710758,8,1,18,774,2816.3172,5942.4
Cirrus,6.5.1-GCC-OpenBLAS,/mnt/lustre/e1000/home/z04/z04/aturner/benchmark/cirrus-ex/VASP/CdTe_Hybrid/6.5.1-GCC-OpenBLAS/CdTe_16nodes_4608cores_1threads_4NCORE_2KPAR_21699_202512210209.OUTCAR,21699,2025.12.21 02:10:02,16,4608,4608,1,44046186,2,4,576,1152,577.6528,2680.858
Cirrus,6.5.1-GCC-OpenBLAS,/mnt/lustre/e1000/home/z04/z04/aturner/benchmark/cirrus-ex/VASP/CdTe_Hybrid/6.5.1-GCC-OpenBLAS/CdTe_4nodes_1152cores_1threads_8NCORE_2KPAR_20618_202512181401.OUTCAR,20618,2025.12.18 14:01:56,4,1152,1152,1,7418128,2,8,72,792,814.3043,1792.681
Cirrus,6.5.1-GCC-OpenBLAS,/mnt/lustre/e1000/home/z04/z04/aturner/benchmark/cirrus-ex/VASP/CdTe_Hybrid/6.5.1-GCC-OpenBLAS/CdTe_64nodes_18432cores_1threads_16NCORE_2KPAR_21075_202512200957.OUTCAR,21075,2025.12.20 09:58:44,64,18432,18432,1,144079409,2,16,576,1152,213.1643,2170.321
Cirrus,6.5.1-GCC-OpenBLAS,/mnt/lustre/e1000/home/z04/z04/aturner/benchmark/cirrus-ex/VASP/CdTe_Hybrid/6.5.1-GCC-OpenBLAS/CdTe_16nodes_4608cores_1threads_8NCORE_2KPAR_21480_202512210115.OUTCAR,21480,2025.12.21 01:15:55,16,4608,4608,1,18930998,2,8,288,864,336.023,1072.516
Cirrus,6.5.1-GCC-OpenBLAS,/mnt/lustre/e1000/home/z04/z04/aturner/benchmark/cirrus-ex/VASP/CdTe_Hybrid/6.5.1-GCC-OpenBLAS/CdTe_4nodes_1152cores_1threads_8NCORE_4KPAR_20620_202512181405.OUTCAR,20620,2025.12.18 14:05:49,4,1152,1152,1,7010270,4,8,36,792,757.9286,1676.87
Cirrus,6.5.1-GCC-OpenBLAS,/mnt/lustre/e1000/home/z04/z04/aturner/benchmark/cirrus-ex/VASP/CdTe_Hybrid/6.5.1-GCC-OpenBLAS/CdTe_1nodes_144cores_1threads_4NCORE_2KPAR_22222_202512221121.OUTCAR,22222,2025.12.22 11:21:57,1,144,144,1,7342362,2,4,18,774,3203.8242,6602.154
Cirrus,6.5.1-GCC-OpenBLAS,/mnt/lustre/e1000/home/z04/z04/aturner/benchmark/cirrus-ex/VASP/CdTe_Hybrid/6.5.1-GCC-OpenBLAS/CdTe_1nodes_72cores_1threads_16NCORE_2KPAR_21439_202512201907.OUTCAR,21439,2025.12.20 19:07:34,1,72,72,1,7933130,2,1,36,792,3912.7673,8993.872
Cirrus,6.5.1-GCC-OpenBLAS,/mnt/lustre/e1000/home/z04/z04/aturner/benchmark/cirrus-ex/VASP/CdTe_Hybrid/6.5.1-GCC-OpenBLAS/CdTe_1nodes_288cores_1threads_8NCORE_2KPAR_21676_202512202106.OUTCAR,21676,2025.12.20 21:06:37,1,288,288,1,6565248,2,8,18,774,2864.646,5675.579
Cirrus,6.5.1-GCC-OpenBLAS,/mnt/lustre/e1000/home/z04/z04/aturner/benchmark/cirrus-ex/VASP/CdTe_Hybrid/6.5.1-GCC-OpenBLAS/CdTe_32nodes_9216cores_1threads_8NCORE_4KPAR_21071_202512192120.OUTCAR,21071,2025.12.19 21:21:14,32,9216,9216,1,22610815,4,8,288,864,170.9107,671.53
Cirrus,6.5.1-GCC-OpenBLAS,/mnt/lustre/e1000/home/z04/z04/aturner/benchmark/cirrus-ex/VASP/CdTe_Hybrid/6.5.1-GCC-OpenBLAS/CdTe_1nodes_144cores_1threads_8NCORE_8KPAR_21454_202512201911.OUTCAR,21454,2025.12.20 19:11:34,1,144,144,1,6461398,8,1,18,774,2789.8142,5924.918
Cirrus,6.5.1-GCC-OpenBLAS,/mnt/lustre/e1000/home/z04/z04/aturner/benchmark/cirrus-ex/VASP/CdTe_Hybrid/6.5.1-GCC-OpenBLAS/CdTe_16nodes_4608cores_1threads_8NCORE_4KPAR_21703_202512210228.OUTCAR,21703,2025.12.21 02:28:45,16,4608,4608,1,13369202,4,8,144,864,267.0506,754.389
Cirrus,6.5.1-GCC-OpenBLAS,/mnt/lustre/e1000/home/z04/z04/aturner/benchmark/cirrus-ex/VASP/CdTe_Hybrid/6.5.1-GCC-OpenBLAS/CdTe_4nodes_1152cores_1threads_16NCORE_4KPAR_21472_202512202246.OUTCAR,21472,2025.12.20 22:46:35,4,1152,1152,1,8365238,4,16,18,774,840.3355,1869.389
Cirrus,6.5.1-GCC-OpenBLAS,/mnt/lustre/e1000/home/z04/z04/aturner/benchmark/cirrus-ex/VASP/CdTe_Hybrid/6.5.1-GCC-OpenBLAS/CdTe_64nodes_18432cores_1threads_4NCORE_4KPAR_20639_202512190424.OUTCAR,20639,2025.12.19 04:25:15,64,18432,18432,1,285934462,4,4,1152,1152,187.3443,4314.588
Cirrus,6.5.1-GCC-OpenBLAS,/mnt/lustre/e1000/home/z04/z04/aturner/benchmark/cirrus-ex/VASP/CdTe_Hybrid/6.5.1-GCC-OpenBLAS/CdTe_2nodes_576cores_1threads_16NCORE_4KPAR_20616_202512181401.OUTCAR,20616,2025.12.18 14:02:03,2,576,576,1,7902707,4,16,9,774,1666.2273,3492.157
Cirrus,6.5.1-GCC-OpenBLAS,/mnt/lustre/e1000/home/z04/z04/aturner/benchmark/cirrus-ex/VASP/CdTe_Hybrid/6.5.1-GCC-OpenBLAS/CdTe_1nodes_288cores_1threads_16NCORE_4KPAR_21042_202512191226.OUTCAR,21042,2025.12.19 12:26:31,1,288,288,1,7287145,4,1,72,792,3428.2517,6426.176
Cirrus,6.5.1-GCC-OpenBLAS,/mnt/lustre/e1000/home/z04/z04/aturner/benchmark/cirrus-ex/VASP/CdTe_Hybrid/6.5.1-GCC-OpenBLAS/CdTe_8nodes_2304cores_1threads_4NCORE_2KPAR_21693_202512210017.OUTCAR,21693,2025.12.21 00:18:23,8,2304,2304,1,14146975,2,4,288,864,636.5006,1584.19
Cirrus,6.5.1-GCC-OpenBLAS,/mnt/lustre/e1000/home/z04/z04/aturner/benchmark/cirrus-ex/VASP/CdTe_Hybrid/6.5.1-GCC-OpenBLAS/CdTe_64nodes_18432cores_1threads_16NCORE_4KPAR_21078_202512201211.OUTCAR,21078,2025.12.20 12:12:08,64,18432,18432,1,40160745,4,16,288,864,106.8841,599.137
Cirrus,6.5.1-GCC-OpenBLAS,/mnt/lustre/e1000/home/z04/z04/aturner/benchmark/cirrus-ex/VASP/CdTe_Hybrid/6.5.1-GCC-OpenBLAS/CdTe_4nodes_1152cores_1threads_4NCORE_2KPAR_21687_202512202308.OUTCAR,21687,2025.12.20 23:09:24,4,1152,1152,1,8717723,2,4,144,864,985.8506,2063.808
Cirrus,6.5.1-GCC-OpenBLAS,/mnt/lustre/e1000/home/z04/z04/aturner/benchmark/cirrus-ex/VASP/CdTe_Hybrid/6.5.1-GCC-OpenBLAS/CdTe_1nodes_288cores_1threads_16NCORE_2KPAR_21457_202512201912.OUTCAR,21457,2025.12.20 19:12:43,1,288,288,1,7456394,2,16,9,774,3285.601,6611.403
Cirrus,6.5.1-GCC-OpenBLAS,/mnt/lustre/e1000/home/z04/z04/aturner/benchmark/cirrus-ex/VASP/CdTe_Hybrid/6.5.1-GCC-OpenBLAS/CdTe_1nodes_144cores_1threads_8NCORE_2KPAR_21448_202512201909.OUTCAR,21448,2025.12.20 19:09:57,1,144,144,1,8594822,2,8,9,774,3735.2948,7617.362
Cirrus,6.5.1-GCC-OpenBLAS,/mnt/lustre/e1000/home/z04/z04/aturner/benchmark/cirrus-ex/VASP/CdTe_Hybrid/6.5.1-GCC-OpenBLAS/CdTe_4nodes_1152cores_1threads_8NCORE_2KPAR_21688_202512202309.OUTCAR,21688,2025.12.20 23:10:05,4,1152,1152,1,8228728,2,8,72,792,834.5404,1817.241
Cirrus,6.5.1-GCC-OpenBLAS,/mnt/lustre/e1000/home/z04/z04/aturner/benchmark/cirrus-ex/VASP/CdTe_Hybrid/6.5.1-GCC-OpenBLAS/CdTe_4nodes_1152cores_1threads_8NCORE_2KPAR_21468_202512202228.OUTCAR,21468,2025.12.20 22:28:58,4,1152,1152,1,7641527,2,8,72,792,818.1353,1824.322
Cirrus,6.5.1-GCC-OpenBLAS,/mnt/lustre/e1000/home/z04/z04/aturner/benchmark/cirrus-ex/VASP/CdTe_Hybrid/6.5.1-GCC-OpenBLAS/CdTe_2nodes_576cores_1threads_16NCORE_4KPAR_21048_202512191503.OUTCAR,21048,2025.12.19 15:03:44,2,576,576,1,7187768,4,16,9,774,1611.3795,3409.391
Cirrus,6.5.1-GCC-OpenBLAS,/mnt/lustre/e1000/home/z04/z04/aturner/benchmark/cirrus-ex/VASP/CdTe_Hybrid/6.5.1-GCC-OpenBLAS/CdTe_1nodes_144cores_1threads_8NCORE_8KPAR_22229_202512221127.OUTCAR,22229,2025.12.22 11:27:54,1,144,144,1,6732450,8,1,18,774,2831.9642,5948.21
Cirrus,6.5.1-GCC-OpenBLAS,/mnt/lustre/e1000/home/z04/z04/aturner/benchmark/cirrus-ex/VASP/CdTe_Hybrid/6.5.1-GCC-OpenBLAS/CdTe_2nodes_576cores_1threads_8NCORE_2KPAR_20613_202512181400.OUTCAR,20613,2025.12.18 14:00:38,2,576,576,1,6553324,2,8,36,792,1510.0736,3116.402
Cirrus,6.5.1-GCC-OpenBLAS,/mnt/lustre/e1000/home/z04/z04/aturner/benchmark/cirrus-ex/VASP/CdTe_Hybrid/6.5.1-GCC-OpenBLAS/CdTe_64nodes_18432cores_1threads_16NCORE_4KPAR_21496_202512211751.OUTCAR,21496,2025.12.21 17:51:57,64,18432,18432,1,40140657,4,16,288,864,107.053,600.102
Cirrus,6.5.1-GCC-OpenBLAS,/mnt/lustre/e1000/home/z04/z04/aturner/benchmark/cirrus-ex/VASP/CdTe_Hybrid/6.5.1-GCC-OpenBLAS/CdTe_2nodes_576cores_1threads_8NCORE_4KPAR_20615_202512181401.OUTCAR,20615,2025.12.18 14:01:52,2,576,576,1,6787893,4,8,18,774,1469.3733,3041.022
Cirrus,6.5.1-GCC-OpenBLAS,/mnt/lustre/e1000/home/z04/z04/aturner/benchmark/cirrus-ex/VASP/CdTe_Hybrid/6.5.1-GCC-OpenBLAS/CdTe_1nodes_72cores_1threads_4NCORE_2KPAR_20835_202512191030.OUTCAR,20835,2025.12.19 10:30:07,1,72,72,1,9617552,2,4,9,774,4998.7823,10834.843
Cirrus,6.5.1-GCC-OpenBLAS,/mnt/lustre/e1000/home/z04/z04/aturner/benchmark/cirrus-ex/VASP/CdTe_Hybrid/6.5.1-GCC-OpenBLAS/CdTe_8nodes_2304cores_1threads_16NCORE_4KPAR_21698_202512210033.OUTCAR,21698,2025.12.21 00:34:09,8,2304,2304,1,9351140,4,16,36,792,443.3372,1104.008
Cirrus,6.5.1-GCC-OpenBLAS,/mnt/lustre/e1000/home/z04/z04/aturner/benchmark/cirrus-ex/VASP/CdTe_Hybrid/6.5.1-GCC-OpenBLAS/CdTe_4nodes_1152cores_1threads_8NCORE_2KPAR_21050_202512191549.OUTCAR,21050,2025.12.19 15:49:46,4,1152,1152,1,7507078,2,8,72,792,813.7764,1792.826
Cirrus,6.5.1-GCC-OpenBLAS,/mnt/lustre/e1000/home/z04/z04/aturner/benchmark/cirrus-ex/VASP/CdTe_Hybrid/6.5.1-GCC-OpenBLAS/CdTe_8nodes_2304cores_1threads_8NCORE_4KPAR_21059_202512191645.OUTCAR,21059,2025.12.19 16:46:26,8,2304,2304,1,8685888,4,8,72,792,412.4033,1037.488
Cirrus,6.5.1-GCC-OpenBLAS,/mnt/lustre/e1000/home/z04/z04/aturner/benchmark/cirrus-ex/VASP/CdTe_Hybrid/6.5.1-GCC-OpenBLAS/CdTe_1nodes_72cores_1threads_4NCORE_2KPAR_22213_202512221034.OUTCAR,22213,2025.12.22 10:34:49,1,72,72,1,9286989,2,4,9,774,4918.3639,10767.228
Cirrus,6.5.1-GCC-OpenBLAS,/mnt/lustre/e1000/home/z04/z04/aturner/benchmark/cirrus-ex/VASP/CdTe_Hybrid/6.5.1-GCC-OpenBLAS/CdTe_32nodes_9216cores_1threads_4NCORE_2KPAR_20632_202512181735.OUTCAR,20632,2025.12.18 17:36:39,32,9216,9216,1,254592622,2,4,1152,1152,347.1359,7751.172
Cirrus,6.5.1-GCC-OpenBLAS,/mnt/lustre/e1000/home/z04/z04/aturner/benchmark/cirrus-ex/VASP/CdTe_Hybrid/6.5.1-GCC-OpenBLAS/CdTe_32nodes_9216cores_1threads_16NCORE_2KPAR_21069_202512192038.OUTCAR,21069,2025.12.19 20:39:19,32,9216,9216,1,29681907,2,16,288,864,203.0993,877.744
Cirrus,6.5.1-GCC-OpenBLAS,/mnt/lustre/e1000/home/z04/z04/aturner/benchmark/cirrus-ex/VASP/CdTe_Hybrid/6.5.1-GCC-OpenBLAS/CdTe_1nodes_72cores_1threads_16NCORE_4KPAR_21662_202512202050.OUTCAR,21662,2025.12.20 20:50:56,1,72,72,1,7854047,4,1,18,774,3730.0537,8603.79
Cirrus,6.5.1-GCC-OpenBLAS,/mnt/lustre/e1000/home/z04/z04/aturner/benchmark/cirrus-ex/VASP/CdTe_Hybrid/6.5.1-GCC-OpenBLAS/CdTe_8nodes_2304cores_1threads_16NCORE_2KPAR_21475_202512202351.OUTCAR,21475,2025.12.20 23:52:01,8,2304,2304,1,10988875,2,16,72,792,501.0118,1214.422
Cirrus,6.5.1-GCC-OpenBLAS,/mnt/lustre/e1000/home/z04/z04/aturner/benchmark/cirrus-ex/VASP/CdTe_Hybrid/6.5.1-GCC-OpenBLAS/CdTe_4nodes_1152cores_1threads_16NCORE_2KPAR_21051_202512191551.OUTCAR,21051,2025.12.19 15:52:24,4,1152,1152,1,8370405,2,16,36,792,875.3113,1959.378
Cirrus,6.5.1-GCC-OpenBLAS,/mnt/lustre/e1000/home/z04/z04/aturner/benchmark/cirrus-ex/VASP/CdTe_Hybrid/6.5.1-GCC-OpenBLAS/CdTe_64nodes_18432cores_1threads_8NCORE_2KPAR_21492_202512211329.OUTCAR,21492,2025.12.21 13:30:47,64,18432,18432,1,503315968,2,8,1152,1152,212.6755,7603.544
Cirrus,6.5.1-GCC-OpenBLAS,/mnt/lustre/e1000/home/z04/z04/aturner/benchmark/cirrus-ex/VASP/CdTe_Hybrid/6.5.1-GCC-OpenBLAS/CdTe_1nodes_144cores_1threads_8NCORE_8KPAR_21673_202512202102.OUTCAR,21673,2025.12.20 21:02:35,1,144,144,1,7223644,8,1,18,774,2901.297,6058.009
Cirrus,6.5.1-GCC-OpenBLAS,/mnt/lustre/e1000/home/z04/z04/aturner/benchmark/cirrus-ex/VASP/CdTe_Hybrid/6.5.1-GCC-OpenBLAS/CdTe_1nodes_144cores_1threads_8NCORE_4KPAR_21671_202512202102.OUTCAR,21671,2025.12.20 21:02:16,1,144,144,1,7610540,4,1,36,792,3046.0554,6308.313
Cirrus,6.5.1-GCC-OpenBLAS,/mnt/lustre/e1000/home/z04/z04/aturner/benchmark/cirrus-ex/VASP/CdTe_Hybrid/6.5.1-GCC-OpenBLAS/CdTe_1nodes_72cores_1threads_4NCORE_4KPAR_21660_202512202050.OUTCAR,21660,2025.12.20 20:50:38,1,72,72,1,8196296,4,1,18,774,3767.8231,8703.285
Cirrus,6.5.1-GCC-OpenBLAS,/mnt/lustre/e1000/home/z04/z04/aturner/benchmark/cirrus-ex/VASP/CdTe_Hybrid/6.5.1-GCC-OpenBLAS/CdTe_64nodes_18432cores_1threads_4NCORE_4KPAR_21076_202512201034.OUTCAR,21076,2025.12.20 10:35:43,64,18432,18432,1,286493255,4,4,1152,1152,188.8475,4331.578
Cirrus,6.5.1-GCC-OpenBLAS,/mnt/lustre/e1000/home/z04/z04/aturner/benchmark/cirrus-ex/VASP/CdTe_Hybrid/6.5.1-GCC-OpenBLAS/CdTe_1nodes_288cores_1threads_8NCORE_4KPAR_21459_202512201916.OUTCAR,21459,2025.12.20 19:16:03,1,288,288,1,6419305,4,8,9,774,2824.7559,5630.343
Cirrus,6.5.1-GCC-OpenBLAS,/mnt/lustre/e1000/home/z04/z04/aturner/benchmark/cirrus-ex/VASP/CdTe_Hybrid/6.5.1-GCC-OpenBLAS/CdTe_1nodes_72cores_1threads_8NCORE_4KPAR_21441_202512201907.OUTCAR,21441,2025.12.20 19:07:34,1,72,72,1,7501939,4,1,18,774,3715.0158,8614.359
Cirrus,6.5.1-GCC-OpenBLAS,/mnt/lustre/e1000/home/z04/z04/aturner/benchmark/cirrus-ex/VASP/CdTe_Hybrid/6.5.1-GCC-OpenBLAS/CdTe_16nodes_4608cores_1threads_8NCORE_2KPAR_20628_202512181517.OUTCAR,20628,2025.12.18 15:18:22,16,4608,4608,1,17885774,2,8,288,864,330.0079,1068.809
Cirrus,6.5.1-GCC-OpenBLAS,/mnt/lustre/e1000/home/z04/z04/aturner/benchmark/cirrus-ex/VASP/CdTe_Hybrid/6.5.1-GCC-OpenBLAS/CdTe_1nodes_72cores_1threads_4NCORE_4KPAR_22216_202512221107.OUTCAR,22216,2025.12.22 11:07:02,1,72,72,1,7667273,4,1,18,774,3717.8574,8550.674
Cirrus,6.5.1-GCC-OpenBLAS,/mnt/lustre/e1000/home/z04/z04/aturner/benchmark/cirrus-ex/VASP/CdTe_Hybrid/6.5.1-GCC-OpenBLAS/CdTe_1nodes_72cores_1threads_8NCORE_2KPAR_21658_202512202046.OUTCAR,21658,2025.12.20 20:46:34,1,72,72,1,8149991,2,1,36,792,3955.9387,9065.583
Cirrus,6.5.1-GCC-OpenBLAS,/mnt/lustre/e1000/home/z04/z04/aturner/benchmark/cirrus-ex/VASP/CdTe_Hybrid/6.5.1-GCC-OpenBLAS/CdTe_4nodes_1152cores_1threads_16NCORE_4KPAR_21692_202512202316.OUTCAR,21692,2025.12.20 23:16:40,4,1152,1152,1,7938651,4,16,18,774,823.9826,1848.609
Cirrus,6.5.1-GCC-OpenBLAS,/mnt/lustre/e1000/home/z04/z04/aturner/benchmark/cirrus-ex/VASP/CdTe_Hybrid/6.5.1-GCC-OpenBLAS/CdTe_4nodes_1152cores_1threads_4NCORE_2KPAR_21049_202512191542.OUTCAR,21049,2025.12.19 15:43:07,4,1152,1152,1,8810085,2,4,144,864,989.6046,2076.201
Cirrus,6.5.1-GCC-OpenBLAS,/mnt/lustre/e1000/home/z04/z04/aturner/benchmark/cirrus-ex/VASP/CdTe_Hybrid/6.5.1-GCC-OpenBLAS/CdTe_8nodes_2304cores_1threads_8NCORE_2KPAR_21056_202512191638.OUTCAR,21056,2025.12.19 16:39:08,8,2304,2304,1,10392034,2,8,144,864,513.9965,1239.581
Cirrus,6.5.1-GCC-OpenBLAS,/mnt/lustre/e1000/home/z04/z04/aturner/benchmark/cirrus-ex/VASP/CdTe_Hybrid/6.5.1-GCC-OpenBLAS/CdTe_1nodes_144cores_1threads_4NCORE_2KPAR_22223_202512221121.OUTCAR,22223,2025.12.22 11:21:56,1,144,144,1,7304016,2,4,18,774,3202.5641,6594.865
Cirrus,6.5.1-GCC-OpenBLAS,/mnt/lustre/e1000/home/z04/z04/aturner/benchmark/cirrus-ex/VASP/CdTe_Hybrid/6.5.1-GCC-OpenBLAS/CdTe_1nodes_288cores_1threads_4NCORE_2KPAR_21037_202512191206.OUTCAR,21037,2025.12.19 12:06:21,1,288,288,1,6723776,2,4,36,792,3046.1332,5832.869
Cirrus,6.5.1-GCC-OpenBLAS,/mnt/lustre/e1000/home/z04/z04/aturner/benchmark/cirrus-ex/VASP/CdTe_Hybrid/6.5.1-GCC-OpenBLAS/CdTe_1nodes_72cores_1threads_16NCORE_8KPAR_21027_202512191155.OUTCAR,21027,2025.12.19 11:55:27,1,72,72,1,11166292,8,9,1,770,6112.724,13050.177
Cirrus,6.5.1-GCC-OpenBLAS,/mnt/lustre/e1000/home/z04/z04/aturner/benchmark/cirrus-ex/VASP/CdTe_Hybrid/6.5.1-GCC-OpenBLAS/CdTe_2nodes_576cores_1threads_16NCORE_4KPAR_21466_202512201936.OUTCAR,21466,2025.12.20 19:37:16,2,576,576,1,7262252,4,16,9,774,1617.8802,3394.197
Cirrus,6.5.1-GCC-OpenBLAS,/mnt/lustre/e1000/home/z04/z04/aturner/benchmark/cirrus-ex/VASP/CdTe_Hybrid/6.5.1-GCC-OpenBLAS/CdTe_32nodes_9216cores_1threads_16NCORE_4KPAR_20636_202512181859.OUTCAR,20636,2025.12.18 18:59:58,32,9216,9216,1,20522427,4,16,144,864,159.8411,585.011
Cirrus,6.5.1-GCC-OpenBLAS,/mnt/lustre/e1000/home/z04/z04/aturner/benchmark/cirrus-ex/VASP/CdTe_Hybrid/6.5.1-GCC-OpenBLAS/CdTe_1nodes_144cores_1threads_16NCORE_2KPAR_21031_202512191200.OUTCAR,21031,2025.12.19 12:00:56,1,144,144,1,7232993,2,1,72,792,3133.6269,6519.013
Cirrus,6.5.1-GCC-OpenBLAS,/mnt/lustre/e1000/home/z04/z04/aturner/benchmark/cirrus-ex/VASP/CdTe_Hybrid/6.5.1-GCC-OpenBLAS/CdTe_1nodes_72cores_1threads_16NCORE_2KPAR_21659_202512202048.OUTCAR,21659,2025.12.20 20:48:28,1,72,72,1,8368233,2,1,36,792,3954.8228,9016.807
Cirrus,6.5.1-GCC-OpenBLAS,/mnt/lustre/e1000/home/z04/z04/aturner/benchmark/cirrus-ex/VASP/CdTe_Hybrid/6.5.1-GCC-OpenBLAS/CdTe_1nodes_288cores_1threads_16NCORE_2KPAR_21039_202512191206.OUTCAR,21039,2025.12.19 12:06:52,1,288,288,1,7565238,2,16,9,774,3270.9012,6581.991
Cirrus,6.5.1-GCC-OpenBLAS,/mnt/lustre/e1000/home/z04/z04/aturner/benchmark/cirrus-ex/VASP/CdTe_Hybrid/6.5.1-GCC-OpenBLAS/CdTe_2nodes_576cores_1threads_16NCORE_4KPAR_21686_202512202224.OUTCAR,21686,2025.12.20 22:25:01,2,576,576,1,7206713,4,16,9,774,1617.5835,3417.803
Cirrus,6.5.1-GCC-OpenBLAS,/mnt/lustre/e1000/home/z04/z04/aturner/benchmark/cirrus-ex/VASP/CdTe_Hybrid/6.5.1-GCC-OpenBLAS/CdTe_32nodes_9216cores_1threads_4NCORE_4KPAR_21070_202512192054.OUTCAR,21070,2025.12.19 20:54:45,32,9216,9216,1,51463883,4,4,576,1152,303.5845,1537.819
Cirrus,6.5.1-GCC-OpenBLAS,/mnt/lustre/e1000/home/z04/z04/aturner/benchmark/cirrus-ex/VASP/CdTe_Hybrid/6.5.1-GCC-OpenBLAS/CdTe_32nodes_9216cores_1threads_8NCORE_2KPAR_21706_202512210743.OUTCAR,21706,2025.12.21 07:44:14,32,9216,9216,1,76074944,2,8,576,1152,318.3176,2282.966
Cirrus,6.5.1-GCC-OpenBLAS,/mnt/lustre/e1000/home/z04/z04/aturner/benchmark/cirrus-ex/VASP/CdTe_Hybrid/6.5.1-GCC-OpenBLAS/CdTe_1nodes_288cores_1threads_4NCORE_2KPAR_21675_202512202103.OUTCAR,21675,2025.12.20 21:03:41,1,288,288,1,6587415,2,4,36,792,3046.0372,5834.526
Cirrus,6.5.1-GCC-OpenBLAS,/mnt/lustre/e1000/home/z04/z04/aturner/benchmark/cirrus-ex/VASP/CdTe_Hybrid/6.5.1-GCC-OpenBLAS/CdTe_32nodes_9216cores_1threads_4NCORE_4KPAR_21488_202512210521.OUTCAR,21488,2025.12.21 05:22:01,32,9216,9216,1,51474763,4,4,576,1152,305.0681,1541.064
Cirrus,6.5.1-GCC-OpenBLAS,/mnt/lustre/e1000/home/z04/z04/aturner/benchmark/cirrus-ex/VASP/CdTe_Hybrid/6.5.1-GCC-OpenBLAS/CdTe_1nodes_144cores_1threads_16NCORE_2KPAR_21449_202512201909.OUTCAR,21449,2025.12.20 19:09:57,1,144,144,1,7774323,2,1,72,792,3205.5579,6614.021
Cirrus,6.5.1-GCC-OpenBLAS,/mnt/lustre/e1000/home/z04/z04/aturner/benchmark/cirrus-ex/VASP/CdTe_Hybrid/6.5.1-GCC-OpenBLAS/CdTe_1nodes_144cores_1threads_16NCORE_4KPAR_21034_202512191205.OUTCAR,21034,2025.12.19 12:05:35,1,144,144,1,7476316,4,1,36,792,3019.0071,6273.368
Cirrus,6.5.1-GCC-OpenBLAS,/mnt/lustre/e1000/home/z04/z04/aturner/benchmark/cirrus-ex/VASP/CdTe_Hybrid/6.5.1-GCC-OpenBLAS/CdTe_32nodes_9216cores_1threads_4NCORE_2KPAR_21705_202512210732.OUTCAR,21705,2025.12.21 07:33:26,32,9216,9216,1,257590731,2,4,1152,1152,349.4205,7799.686
Cirrus,6.5.1-GCC-OpenBLAS,/mnt/lustre/e1000/home/z04/z04/aturner/benchmark/cirrus-ex/VASP/CdTe_Hybrid/6.5.1-GCC-OpenBLAS/CdTe_1nodes_72cores_1threads_4NCORE_2KPAR_21657_202512202043.OUTCAR,21657,2025.12.20 20:43:46,1,72,72,1,9031031,2,4,9,774,4925.2685,10629.8
Cirrus,6.5.1-GCC-OpenBLAS,/mnt/lustre/e1000/home/z04/z04/aturner/benchmark/cirrus-ex/VASP/CdTe_Hybrid/6.5.1-GCC-OpenBLAS/CdTe_1nodes_72cores_1threads_8NCORE_8KPAR_21026_202512191155.OUTCAR,21026,2025.12.19 11:55:19,1,72,72,1,8387825,8,1,9,774,3721.989,8633.555
Cirrus,6.5.1-GCC-OpenBLAS,/mnt/lustre/e1000/home/z04/z04/aturner/benchmark/cirrus-ex/VASP/CdTe_Hybrid/6.5.1-GCC-OpenBLAS/CdTe_8nodes_2304cores_1threads_8NCORE_4KPAR_21477_202512202356.OUTCAR,21477,2025.12.20 23:56:50,8,2304,2304,1,8493593,4,8,72,792,411.0902,1007.843
Cirrus,6.5.1-GCC-OpenBLAS,/mnt/lustre/e1000/home/z04/z04/aturner/benchmark/cirrus-ex/VASP/CdTe_Hybrid/6.5.1-GCC-OpenBLAS/CdTe_1nodes_72cores_1threads_8NCORE_4KPAR_22217_202512221111.OUTCAR,22217,2025.12.22 11:12:00,1,72,72,1,7990853,4,1,18,774,3761.9351,8665.011
Cirrus,6.5.1-GCC-OpenBLAS,/mnt/lustre/e1000/home/z04/z04/aturner/benchmark/cirrus-ex/VASP/CdTe_Hybrid/6.5.1-GCC-OpenBLAS/CdTe_1nodes_144cores_1threads_8NCORE_4KPAR_21451_202512201911.OUTCAR,21451,2025.12.20 19:11:35,1,144,144,1,6952073,4,1,36,792,2966.1416,6183.046
Cirrus,6.5.1-GCC-OpenBLAS,/mnt/lustre/e1000/home/z04/z04/aturner/benchmark/cirrus-ex/VASP/CdTe_Hybrid/6.5.1-GCC-OpenBLAS/CdTe_1nodes_288cores_1threads_4NCORE_2KPAR_20607_202512181342.OUTCAR,20607,2025.12.18 13:42:08,1,288,288,1,6124970,2,4,36,792,2966.5344,5693.15
Cirrus,6.5.1-GCC-OpenBLAS,/mnt/lustre/e1000/home/z04/z04/aturner/benchmark/cirrus-ex/VASP/CdTe_Hybrid/6.5.1-GCC-OpenBLAS/CdTe_1nodes_72cores_1threads_8NCORE_8KPAR_21663_202512202051.OUTCAR,21663,2025.12.20 20:51:04,1,72,72,1,7783648,8,1,9,774,3738.6361,8674.973
Cirrus,6.5.1-GCC-OpenBLAS,/mnt/lustre/e1000/home/z04/z04/aturner/benchmark/cirrus-ex/VASP/CdTe_Hybrid/6.5.1-GCC-OpenBLAS/CdTe_4nodes_1152cores_1threads_4NCORE_4KPAR_21052_202512191552.OUTCAR,21052,2025.12.19 15:52:44,4,1152,1152,1,8064500,4,4,72,792,829.5841,1742.797
Cirrus,6.5.1-GCC-OpenBLAS,/mnt/lustre/e1000/home/z04/z04/aturner/benchmark/cirrus-ex/VASP/CdTe_Hybrid/6.5.1-GCC-OpenBLAS/CdTe_2nodes_576cores_1threads_8NCORE_2KPAR_21462_202512201928.OUTCAR,21462,2025.12.20 19:29:15,2,576,576,1,7200326,2,8,36,792,1546.2851,3165.673
Cirrus,6.5.1-GCC-OpenBLAS,/mnt/lustre/e1000/home/z04/z04/aturner/benchmark/cirrus-ex/VASP/CdTe_Hybrid/6.5.1-GCC-OpenBLAS/CdTe_1nodes_144cores_1threads_4NCORE_2KPAR_21028_202512191155.OUTCAR,21028,2025.12.19 11:55:33,1,144,144,1,7271513,2,4,18,774,3205.4395,6571.755
Cirrus,6.5.1-GCC-OpenBLAS,/mnt/lustre/e1000/home/z04/z04/aturner/benchmark/cirrus-ex/VASP/CdTe_Hybrid/6.5.1-GCC-OpenBLAS/CdTe_32nodes_9216cores_1threads_8NCORE_4KPAR_21489_202512210547.OUTCAR,21489,2025.12.21 05:48:31,32,9216,9216,1,22598637,4,8,288,864,170.7463,672.437
Cirrus,6.5.1-GCC-OpenBLAS,/mnt/lustre/e1000/home/z04/z04/aturner/benchmark/cirrus-ex/VASP/CdTe_Hybrid/6.5.1-GCC-OpenBLAS/CdTe_1nodes_72cores_1threads_16NCORE_2KPAR_21021_202512191149.OUTCAR,21021,2025.12.19 11:49:12,1,72,72,1,8530824,2,1,36,792,3940.9087,8989.671
Cirrus,6.5.1-GCC-OpenBLAS,/mnt/lustre/e1000/home/z04/z04/aturner/benchmark/cirrus-ex/VASP/CdTe_Hybrid/6.5.1-GCC-OpenBLAS/CdTe_1nodes_72cores_1threads_4NCORE_2KPAR_22212_202512221034.OUTCAR,22212,2025.12.22 10:34:49,1,72,72,1,9407315,2,4,9,774,4969.8774,10845.563
Cirrus,6.5.1-GCC-OpenBLAS,/mnt/lustre/e1000/home/z04/z04/aturner/benchmark/cirrus-ex/VASP/CdTe_Hybrid/6.5.1-GCC-OpenBLAS/CdTe_64nodes_18432cores_1threads_8NCORE_4KPAR_20640_202512190537.OUTCAR,20640,2025.12.19 05:38:03,64,18432,18432,1,90056014,4,8,576,1152,167.6932,1350.163
Cirrus,6.5.1-GCC-OpenBLAS,/mnt/lustre/e1000/home/z04/z04/aturner/benchmark/cirrus-ex/VASP/CdTe_Hybrid/6.5.1-GCC-OpenBLAS/CdTe_16nodes_4608cores_1threads_4NCORE_4KPAR_21064_202512191752.OUTCAR,21064,2025.12.19 17:52:45,16,4608,4608,1,15641355,4,4,288,864,325.0556,919.769
Cirrus,6.5.1-GCC-OpenBLAS,/mnt/lustre/e1000/home/z04/z04/aturner/benchmark/cirrus-ex/VASP/CdTe_Hybrid/6.5.1-GCC-OpenBLAS/CdTe_16nodes_4608cores_1threads_16NCORE_2KPAR_21481_202512210119.OUTCAR,21481,2025.12.21 01:19:50,16,4608,4608,1,15890406,2,16,144,864,313.2114,895.719
Cirrus,6.5.1-GCC-OpenBLAS,/mnt/lustre/e1000/home/z04/z04/aturner/benchmark/cirrus-ex/VASP/CdTe_Hybrid/6.5.1-GCC-OpenBLAS/CdTe_64nodes_18432cores_1threads_4NCORE_4KPAR_21494_202512211614.OUTCAR,21494,2025.12.21 16:15:28,64,18432,18432,1,286698159,4,4,1152,1152,187.2463,4334.532
Cirrus,6.5.1-GCC-OpenBLAS,/mnt/lustre/e1000/home/z04/z04/aturner/benchmark/cirrus-ex/VASP/CdTe_Hybrid/6.5.1-GCC-OpenBLAS/CdTe_1nodes_72cores_1threads_4NCORE_2KPAR_20834_202512191030.OUTCAR,20834,2025.12.19 10:30:07,1,72,72,1,9185306,2,4,9,774,5000.1524,10795.829
Cirrus,6.5.1-GCC-OpenBLAS,/mnt/lustre/e1000/home/z04/z04/aturner/benchmark/cirrus-ex/VASP/CdTe_Hybrid/6.5.1-GCC-OpenBLAS/CdTe_1nodes_72cores_1threads_4NCORE_4KPAR_21440_202512201907.OUTCAR,21440,2025.12.20 19:07:34,1,72,72,1,7948394,4,1,18,774,3752.3029,8745.071
Cirrus,6.5.1-GCC-OpenBLAS,/mnt/lustre/e1000/home/z04/z04/aturner/benchmark/cirrus-ex/VASP/CdTe_Hybrid/6.5.1-GCC-OpenBLAS/CdTe_1nodes_288cores_1threads_8NCORE_4KPAR_20610_202512181351.OUTCAR,20610,2025.12.18 13:51:56,1,288,288,1,6583559,4,8,9,774,2828.6241,5661.142
Cirrus,6.5.1-GCC-OpenBLAS,/mnt/lustre/e1000/home/z04/z04/aturner/benchmark/cirrus-ex/VASP/CdTe_Hybrid/6.5.1-GCC-OpenBLAS/CdTe_16nodes_4608cores_1threads_16NCORE_4KPAR_21704_202512210233.OUTCAR,21704,2025.12.21 02:34:12,16,4608,4608,1,13660546,4,16,72,792,248.1715,768.608
Cirrus,6.5.1-GCC-OpenBLAS,/mnt/lustre/e1000/home/z04/z04/aturner/benchmark/cirrus-ex/VASP/CdTe_Hybrid/6.5.1-GCC-OpenBLAS/CdTe_1nodes_72cores_1threads_8NCORE_8KPAR_22220_202512221120.OUTCAR,22220,2025.12.22 11:20:28,1,72,72,1,7675812,8,1,9,774,3718.7391,8629.55
Cirrus,6.5.1-GCC-OpenBLAS,/mnt/lustre/e1000/home/z04/z04/aturner/benchmark/cirrus-ex/VASP/CdTe_Hybrid/6.5.1-GCC-OpenBLAS/CdTe_1nodes_288cores_1threads_16NCORE_4KPAR_21460_202512201915.OUTCAR,21460,2025.12.20 19:16:02,1,288,288,1,8095376,4,1,72,792,3538.0932,6588.968
Cirrus,6.5.1-GCC-OpenBLAS,/mnt/lustre/e1000/home/z04/z04/aturner/benchmark/cirrus-ex/VASP/CdTe_Hybrid/6.5.1-GCC-OpenBLAS/CdTe_4nodes_1152cores_1threads_8NCORE_4KPAR_21691_202512202313.OUTCAR,21691,2025.12.20 23:13:54,4,1152,1152,1,7008059,4,8,36,792,756.9533,1676.12
Cirrus,6.5.1-GCC-OpenBLAS,/mnt/lustre/e1000/home/z04/z04/aturner/benchmark/cirrus-ex/VASP/CdTe_Hybrid/6.5.1-GCC-OpenBLAS/CdTe_1nodes_144cores_1threads_16NCORE_2KPAR_21669_202512202102.OUTCAR,21669,2025.12.20 21:02:03,1,144,144,1,8018796,2,1,72,792,3220.9709,6627.749
Cirrus,6.5.1-GCC-OpenBLAS,/mnt/lustre/e1000/home/z04/z04/aturner/benchmark/cirrus-ex/VASP/CdTe_Hybrid/6.5.1-GCC-OpenBLAS/CdTe_8nodes_2304cores_1threads_8NCORE_4KPAR_21697_202512210032.OUTCAR,21697,2025.12.21 00:33:15,8,2304,2304,1,8547365,4,8,72,792,421.0302,1025.865
Cirrus,6.5.1-GCC-OpenBLAS,/mnt/lustre/e1000/home/z04/z04/aturner/benchmark/cirrus-ex/VASP/CdTe_Hybrid/6.5.1-GCC-OpenBLAS/CdTe_1nodes_72cores_1threads_8NCORE_2KPAR_21438_202512201838.OUTCAR,21438,2025.12.20 18:38:53,1,72,72,1,7879737,2,1,36,792,3985.8853,9064.248
Cirrus,6.5.1-GCC-OpenBLAS,/mnt/lustre/e1000/home/z04/z04/aturner/benchmark/cirrus-ex/VASP/CdTe_Hybrid/6.5.1-GCC-OpenBLAS/CdTe_16nodes_4608cores_1threads_8NCORE_2KPAR_21700_202512210209.OUTCAR,21700,2025.12.21 02:10:05,16,4608,4608,1,18890979,2,8,288,864,335.0987,1073.481
Cirrus,6.5.1-GCC-OpenBLAS,/mnt/lustre/e1000/home/z04/z04/aturner/benchmark/cirrus-ex/VASP/CdTe_Hybrid/6.5.1-GCC-OpenBLAS/CdTe_1nodes_144cores_1threads_8NCORE_8KPAR_21035_202512191205.OUTCAR,21035,2025.12.19 12:05:50,1,144,144,1,7092949,8,1,18,774,2886.619,6045.432
Cirrus,6.5.1-GCC-OpenBLAS,/mnt/lustre/e1000/home/z04/z04/aturner/benchmark/cirrus-ex/VASP/CdTe_Hybrid/6.5.1-GCC-OpenBLAS/CdTe_1nodes_288cores_1threads_8NCORE_2KPAR_21038_202512191206.OUTCAR,21038,2025.12.19 12:06:39,1,288,288,1,6484779,2,8,18,774,2863.1319,5707.834
Cirrus,6.5.1-GCC-OpenBLAS,/mnt/lustre/e1000/home/z04/z04/aturner/benchmark/cirrus-ex/VASP/CdTe_Hybrid/6.5.1-GCC-OpenBLAS/CdTe_2nodes_576cores_1threads_8NCORE_2KPAR_21682_202512202209.OUTCAR,21682,2025.12.20 22:09:41,2,576,576,1,6448889,2,8,36,792,1501.3355,3113.197
Cirrus,6.5.1-GCC-OpenBLAS,/mnt/lustre/e1000/home/z04/z04/aturner/benchmark/cirrus-ex/VASP/CdTe_Hybrid/6.5.1-GCC-OpenBLAS/CdTe_64nodes_18432cores_1threads_8NCORE_2KPAR_21712_202512220245.OUTCAR,21712,2025.12.22 02:46:17,64,18432,18432,1,501332313,2,8,1152,1152,212.9482,7584.578
Cirrus,6.5.1-GCC-OpenBLAS,/mnt/lustre/e1000/home/z04/z04/aturner/benchmark/cirrus-ex/VASP/CdTe_Hybrid/6.5.1-GCC-OpenBLAS/CdTe_1nodes_144cores_1threads_8NCORE_8KPAR_21453_202512201911.OUTCAR,21453,2025.12.20 19:11:35,1,144,144,1,6522059,8,1,18,774,2793.5578,5931.174
Cirrus,6.5.1-GCC-OpenBLAS,/mnt/lustre/e1000/home/z04/z04/aturner/benchmark/cirrus-ex/VASP/CdTe_Hybrid/6.5.1-GCC-OpenBLAS/CdTe_16nodes_4608cores_1threads_8NCORE_4KPAR_21065_202512191759.OUTCAR,21065,2025.12.19 18:00:30,16,4608,4608,1,12721980,4,8,144,864,266.3722,752.658
Cirrus,6.5.1-GCC-OpenBLAS,/mnt/lustre/e1000/home/z04/z04/aturner/benchmark/cirrus-ex/VASP/CdTe_Hybrid/6.5.1-GCC-OpenBLAS/CdTe_64nodes_18432cores_1threads_16NCORE_4KPAR_20641_202512190600.OUTCAR,20641,2025.12.19 06:01:21,64,18432,18432,1,39952488,4,16,288,864,106.7514,596.094
Cirrus,6.5.1-GCC-OpenBLAS,/mnt/lustre/e1000/home/z04/z04/aturner/benchmark/cirrus-ex/VASP/CdTe_Hybrid/6.5.1-GCC-OpenBLAS/CdTe_4nodes_1152cores_1threads_16NCORE_2KPAR_21689_202512202309.OUTCAR,21689,2025.12.20 23:10:18,4,1152,1152,1,8315014,2,16,36,792,897.7078,1977.831
Cirrus,6.5.1-GCC-OpenBLAS,/mnt/lustre/e1000/home/z04/z04/aturner/benchmark/cirrus-ex/VASP/CdTe_Hybrid/6.5.1-GCC-OpenBLAS/CdTe_1nodes_144cores_1threads_16NCORE_2KPAR_22225_202512221122.OUTCAR,22225,2025.12.22 11:22:59,1,144,144,1,7914779,2,1,72,792,3252.0586,6703.213
Cirrus,6.5.1-GCC-OpenBLAS,/mnt/lustre/e1000/home/z04/z04/aturner/benchmark/cirrus-ex/VASP/CdTe_Hybrid/6.5.1-GCC-OpenBLAS/CdTe_64nodes_18432cores_1threads_8NCORE_4KPAR_21077_202512201147.OUTCAR,21077,2025.12.20 11:48:46,64,18432,18432,1,90168081,4,8,576,1152,168.1017,1353.529
Cirrus,6.5.1-GCC-OpenBLAS,/mnt/lustre/e1000/home/z04/z04/aturner/benchmark/cirrus-ex/VASP/CdTe_Hybrid/6.5.1-GCC-OpenBLAS/CdTe_1nodes_144cores_1threads_8NCORE_4KPAR_22227_202512221126.OUTCAR,22227,2025.12.22 11:26:29,1,144,144,1,7371721,4,1,36,792,3044.6754,6305.924
Cirrus,6.5.1-GCC-OpenBLAS,/mnt/lustre/e1000/home/z04/z04/aturner/benchmark/cirrus-ex/VASP/CdTe_Hybrid/6.5.1-GCC-OpenBLAS/CdTe_2nodes_576cores_1threads_4NCORE_2KPAR_21681_202512202139.OUTCAR,21681,2025.12.20 21:40:21,2,576,576,1,6863910,2,4,72,792,1588.9796,3183.044
Cirrus,6.5.1-GCC-OpenBLAS,/mnt/lustre/e1000/home/z04/z04/aturner/benchmark/cirrus-ex/VASP/CdTe_Hybrid/6.5.1-GCC-OpenBLAS/CdTe_1nodes_144cores_1threads_4NCORE_2KPAR_21447_202512201909.OUTCAR,21447,2025.12.20 19:09:56,1,144,144,1,7918087,2,4,18,774,3264.4417,6700.482
Cirrus,6.5.1-GCC-OpenBLAS,/mnt/lustre/e1000/home/z04/z04/aturner/benchmark/cirrus-ex/VASP/CdTe_Hybrid/6.5.1-GCC-OpenBLAS/CdTe_1nodes_72cores_1threads_4NCORE_2KPAR_21019_202512191139.OUTCAR,21019,2025.12.19 11:39:51,1,72,72,1,9138289,2,4,9,774,4916.4907,10767.475
Cirrus,6.5.1-GCC-OpenBLAS,/mnt/lustre/e1000/home/z04/z04/aturner/benchmark/cirrus-ex/VASP/CdTe_Hybrid/6.5.1-GCC-OpenBLAS/CdTe_8nodes_2304cores_1threads_4NCORE_2KPAR_21473_202512202344.OUTCAR,21473,2025.12.20 23:44:38,8,2304,2304,1,13080971,2,4,288,864,617.2033,1552.342
Cirrus,6.5.1-GCC-OpenBLAS,/mnt/lustre/e1000/home/z04/z04/aturner/benchmark/cirrus-ex/VASP/CdTe_Hybrid/6.5.1-GCC-OpenBLAS/CdTe_32nodes_9216cores_1threads_16NCORE_2KPAR_21707_202512210822.OUTCAR,21707,2025.12.21 08:23:08,32,9216,9216,1,29943269,2,16,288,864,203.5302,886.389
Cirrus,6.5.1-GCC-OpenBLAS,/mnt/lustre/e1000/home/z04/z04/aturner/benchmark/cirrus-ex/VASP/CdTe_Hybrid/6.5.1-GCC-OpenBLAS/CdTe_32nodes_9216cores_1threads_8NCORE_2KPAR_21486_202512210426.OUTCAR,21486,2025.12.21 04:27:28,32,9216,9216,1,76705997,2,8,576,1152,319.9769,2302.115
Cirrus,6.5.1-GCC-OpenBLAS,/mnt/lustre/e1000/home/z04/z04/aturner/benchmark/cirrus-ex/VASP/CdTe_Hybrid/6.5.1-GCC-OpenBLAS/CdTe_64nodes_18432cores_1threads_16NCORE_2KPAR_21713_202512220452.OUTCAR,21713,2025.12.22 04:53:36,64,18432,18432,1,145953865,2,16,576,1152,215.2959,2191.849
Cirrus,6.5.1-GCC-OpenBLAS,/mnt/lustre/e1000/home/z04/z04/aturner/benchmark/cirrus-ex/VASP/CdTe_Hybrid/6.5.1-GCC-OpenBLAS/CdTe_8nodes_2304cores_1threads_4NCORE_4KPAR_21476_202512202354.OUTCAR,21476,2025.12.20 23:54:50,8,2304,2304,1,10651550,4,4,144,864,515.6692,1175.335
Cirrus,6.5.1-GCC-OpenBLAS,/mnt/lustre/e1000/home/z04/z04/aturner/benchmark/cirrus-ex/VASP/CdTe_Hybrid/6.5.1-GCC-OpenBLAS/CdTe_32nodes_9216cores_1threads_4NCORE_2KPAR_21485_202512210421.OUTCAR,21485,2025.12.21 04:22:07,32,9216,9216,1,258616019,2,4,1152,1152,350.333,7798.555
Cirrus,6.5.1-GCC-OpenBLAS,/mnt/lustre/e1000/home/z04/z04/aturner/benchmark/cirrus-ex/VASP/CdTe_Hybrid/6.5.1-GCC-OpenBLAS/CdTe_8nodes_2304cores_1threads_4NCORE_4KPAR_20624_202512181410.OUTCAR,20624,2025.12.18 14:10:36,8,2304,2304,1,10650410,4,4,144,864,516.1681,1169.235
Cirrus,6.5.1-GCC-OpenBLAS,/mnt/lustre/e1000/home/z04/z04/aturner/benchmark/cirrus-ex/VASP/CdTe_Hybrid/6.5.1-GCC-OpenBLAS/CdTe_1nodes_288cores_1threads_8NCORE_4KPAR_21679_202512202110.OUTCAR,21679,2025.12.20 21:10:37,1,288,288,1,6507281,4,8,9,774,2843.8147,5682.52
Cirrus,6.5.1-GCC-OpenBLAS,/mnt/lustre/e1000/home/z04/z04/aturner/benchmark/cirrus-ex/VASP/CdTe_Hybrid/6.5.1-GCC-OpenBLAS/CdTe_32nodes_9216cores_1threads_4NCORE_4KPAR_21708_202512210837.OUTCAR,21708,2025.12.21 08:38:36,32,9216,9216,1,51247774,4,4,576,1152,303.4962,1545.66
Cirrus,6.5.1-GCC-OpenBLAS,/mnt/lustre/e1000/home/z04/z04/aturner/benchmark/cirrus-ex/VASP/CdTe_Hybrid/6.5.1-GCC-OpenBLAS/CdTe_2nodes_576cores_1threads_4NCORE_2KPAR_20612_202512181354.OUTCAR,20612,2025.12.18 13:54:46,2,576,576,1,7405371,2,4,72,792,1638.7638,3252.736
Cirrus,6.5.1-GCC-OpenBLAS,/mnt/lustre/e1000/home/z04/z04/aturner/benchmark/cirrus-ex/VASP/CdTe_Hybrid/6.5.1-GCC-OpenBLAS/CdTe_1nodes_72cores_1threads_16NCORE_8KPAR_22221_202512221120.OUTCAR,22221,2025.12.22 11:20:27,1,72,72,1,10590431,8,9,1,770,6105.4796,13048.971
Cirrus,6.5.1-GCC-OpenBLAS,/mnt/lustre/e1000/home/z04/z04/aturner/benchmark/cirrus-ex/VASP/CdTe_Hybrid/6.5.1-GCC-OpenBLAS/CdTe_16nodes_4608cores_1threads_4NCORE_4KPAR_21702_202512210218.OUTCAR,21702,2025.12.21 02:18:57,16,4608,4608,1,16349224,4,4,288,864,324.534,916.577
Cirrus,6.5.1-GCC-OpenBLAS,/mnt/lustre/e1000/home/z04/z04/aturner/benchmark/cirrus-ex/VASP/CdTe_Hybrid/6.5.1-GCC-OpenBLAS/CdTe_8nodes_2304cores_1threads_16NCORE_2KPAR_21057_202512191639.OUTCAR,21057,2025.12.19 16:40:35,8,2304,2304,1,10288300,2,16,72,792,482.7308,1213.376
Cirrus,6.5.1-GCC-OpenBLAS,/mnt/lustre/e1000/home/z04/z04/aturner/benchmark/cirrus-ex/VASP/CdTe_Hybrid/6.5.1-GCC-OpenBLAS/CdTe_1nodes_72cores_1threads_16NCORE_8KPAR_21445_202512201909.OUTCAR,21445,2025.12.20 19:09:52,1,72,72,1,11192999,8,9,1,770,6178.4334,13137.584
Cirrus,6.5.1-GCC-OpenBLAS,/mnt/lustre/e1000/home/z04/z04/aturner/benchmark/cirrus-ex/VASP/CdTe_Hybrid/6.5.1-GCC-OpenBLAS/CdTe_1nodes_72cores_1threads_8NCORE_2KPAR_22214_202512221105.OUTCAR,22214,2025.12.22 11:05:32,1,72,72,1,7992369,2,1,36,792,3941.6629,9058.546
Cirrus,6.5.1-GCC-OpenBLAS,/mnt/lustre/e1000/home/z04/z04/aturner/benchmark/cirrus-ex/VASP/CdTe_Hybrid/6.5.1-GCC-OpenBLAS/CdTe_1nodes_72cores_1threads_16NCORE_8KPAR_21665_202512202055.OUTCAR,21665,2025.12.20 20:55:16,1,72,72,1,10505401,8,9,1,770,6122.1342,13146.589
Cirrus,6.5.1-GCC-OpenBLAS,/mnt/lustre/e1000/home/z04/z04/aturner/benchmark/cirrus-ex/VASP/CdTe_Hybrid/6.5.1-GCC-OpenBLAS/CdTe_32nodes_9216cores_1threads_8NCORE_2KPAR_21068_202512191959.OUTCAR,21068,2025.12.19 20:00:26,32,9216,9216,1,76331092,2,8,576,1152,317.7011,2284.556
Cirrus,6.5.1-GCC-OpenBLAS,/mnt/lustre/e1000/home/z04/z04/aturner/benchmark/cirrus-ex/VASP/CdTe_Hybrid/6.5.1-GCC-OpenBLAS/CdTe_2nodes_576cores_1threads_4NCORE_2KPAR_21043_202512191419.OUTCAR,21043,2025.12.19 14:19:33,2,576,576,1,7526672,2,4,72,792,1682.9123,3301.684
Cirrus,6.5.1-GCC-OpenBLAS,/mnt/lustre/e1000/home/z04/z04/aturner/benchmark/cirrus-ex/VASP/CdTe_Hybrid/6.5.1-GCC-OpenBLAS/CdTe_2nodes_576cores_1threads_4NCORE_4KPAR_21046_202512191439.OUTCAR,21046,2025.12.19 14:40:26,2,576,576,1,6429006,4,4,36,792,1492.0322,2984.052
Cirrus,6.5.1-GCC-OpenBLAS,/mnt/lustre/e1000/home/z04/z04/aturner/benchmark/cirrus-ex/VASP/CdTe_Hybrid/6.5.1-GCC-OpenBLAS/CdTe_4nodes_1152cores_1threads_16NCORE_2KPAR_21469_202512202233.OUTCAR,21469,2025.12.20 22:34:12,4,1152,1152,1,8362207,2,16,36,792,880.5912,1951.826
Cirrus,6.5.1-GCC-OpenBLAS,/mnt/lustre/e1000/home/z04/z04/aturner/benchmark/cirrus-ex/VASP/CdTe_Hybrid/6.5.1-GCC-OpenBLAS/CdTe_1nodes_288cores_1threads_4NCORE_4KPAR_21040_202512191209.OUTCAR,21040,2025.12.19 12:09:23,1,288,288,1,5788235,4,4,18,774,2801.7622,5451.611
Cirrus,6.5.1-GCC-OpenBLAS,/mnt/lustre/e1000/home/z04/z04/aturner/benchmark/cirrus-ex/VASP/CdTe_Hybrid/6.5.1-GCC-OpenBLAS/CdTe_32nodes_9216cores_1threads_8NCORE_4KPAR_20635_202512181847.OUTCAR,20635,2025.12.18 18:47:59,32,9216,9216,1,23284293,4,8,288,864,171.1571,669.738
Cirrus,6.5.1-GCC-OpenBLAS,/mnt/lustre/e1000/home/z04/z04/aturner/benchmark/cirrus-ex/VASP/CdTe_Hybrid/6.5.1-GCC-OpenBLAS/CdTe_1nodes_144cores_1threads_4NCORE_4KPAR_21450_202512201909.OUTCAR,21450,2025.12.20 19:09:57,1,144,144,1,7400127,4,4,9,774,3174.9154,6597.704
Cirrus,6.5.1-GCC-OpenBLAS,/mnt/lustre/e1000/home/z04/z04/aturner/benchmark/cirrus-ex/VASP/CdTe_Hybrid/6.5.1-GCC-OpenBLAS/CdTe_1nodes_72cores_1threads_8NCORE_8KPAR_21444_202512201909.OUTCAR,21444,2025.12.20 19:09:52,1,72,72,1,8302038,8,1,9,774,3728.3255,8674.001
Cirrus,6.5.1-GCC-OpenBLAS,/mnt/lustre/e1000/home/z04/z04/aturner/benchmark/cirrus-ex/VASP/CdTe_Hybrid/6.5.1-GCC-OpenBLAS/CdTe_1nodes_144cores_1threads_4NCORE_2KPAR_21667_202512202100.OUTCAR,21667,2025.12.20 21:00:50,1,144,144,1,7886383,2,4,18,774,3259.0307,6695.719
Cirrus,6.5.1-GCC-OpenBLAS,/mnt/lustre/e1000/home/z04/z04/aturner/benchmark/cirrus-ex/VASP/CdTe_Hybrid/6.5.1-GCC-OpenBLAS/CdTe_64nodes_18432cores_1threads_4NCORE_4KPAR_21714_202512220530.OUTCAR,21714,2025.12.22 05:30:56,64,18432,18432,1,285127153,4,4,1152,1152,187.7587,4308.037
Cirrus,6.5.1-GCC-OpenBLAS,/mnt/lustre/e1000/home/z04/z04/aturner/benchmark/cirrus-ex/VASP/CdTe_Hybrid/6.5.1-GCC-OpenBLAS/CdTe_16nodes_4608cores_1threads_8NCORE_4KPAR_20630_202512181542.OUTCAR,20630,2025.12.18 15:43:20,16,4608,4608,1,12458804,4,8,144,864,260.558,745.113
Cirrus,6.5.1-GCC-OpenBLAS,/mnt/lustre/e1000/home/z04/z04/aturner/benchmark/cirrus-ex/VASP/CdTe_Hybrid/6.5.1-GCC-OpenBLAS/CdTe_16nodes_4608cores_1threads_16NCORE_4KPAR_21066_202512191804.OUTCAR,21066,2025.12.19 18:05:16,16,4608,4608,1,12362836,4,16,72,792,245.8005,718.7
Cirrus,6.5.1-GCC-OpenBLAS,/mnt/lustre/e1000/home/z04/z04/aturner/benchmark/cirrus-ex/VASP/CdTe_Hybrid/6.5.1-GCC-OpenBLAS/CdTe_1nodes_72cores_1threads_4NCORE_2KPAR_21437_202512201838.OUTCAR,21437,2025.12.20 18:38:53,1,72,72,1,9058666,2,4,9,774,4981.5538,10823.191
Cirrus,6.5.1-GCC-OpenBLAS,/mnt/lustre/e1000/home/z04/z04/aturner/benchmark/cirrus-ex/VASP/CdTe_Hybrid/6.5.1-GCC-OpenBLAS/CdTe_8nodes_2304cores_1threads_8NCORE_2KPAR_21694_202512210026.OUTCAR,21694,2025.12.21 00:27:38,8,2304,2304,1,10550732,2,8,144,864,513.8455,1242.079
Cirrus,6.5.1-GCC-OpenBLAS,/mnt/lustre/e1000/home/z04/z04/aturner/benchmark/cirrus-ex/VASP/CdTe_Hybrid/6.5.1-GCC-OpenBLAS/CdTe_1nodes_72cores_1threads_8NCORE_4KPAR_21661_202512202050.OUTCAR,21661,2025.12.20 20:50:50,1,72,72,1,8202686,4,1,18,774,3748.6009,8674.594
Cirrus,6.5.1-GCC-OpenBLAS,/mnt/lustre/e1000/home/z04/z04/aturner/benchmark/cirrus-ex/VASP/CdTe_Hybrid/6.5.1-GCC-OpenBLAS/CdTe_1nodes_72cores_1threads_8NCORE_2KPAR_21020_202512191148.OUTCAR,21020,2025.12.19 11:48:10,1,72,72,1,8356874,2,1,36,792,3950.7825,9012.986
Cirrus,6.5.1-GCC-OpenBLAS,/mnt/lustre/e1000/home/z04/z04/aturner/benchmark/cirrus-ex/VASP/CdTe_Hybrid/6.5.1-GCC-OpenBLAS/CdTe_64nodes_18432cores_1threads_16NCORE_2KPAR_21493_202512211537.OUTCAR,21493,2025.12.21 15:38:17,64,18432,18432,1,145194427,2,16,576,1152,211.3114,2181.296
Cirrus,6.5.1-GCC-OpenBLAS,/mnt/lustre/e1000/home/z04/z04/aturner/benchmark/cirrus-ex/VASP/CdTe_Hybrid/6.5.1-GCC-OpenBLAS/CdTe_4nodes_1152cores_1threads_16NCORE_4KPAR_21054_202512191555.OUTCAR,21054,2025.12.19 15:56:30,4,1152,1152,1,8628560,4,16,18,774,839.4466,1885.34
Cirrus,6.5.1-GCC-OpenBLAS,/mnt/lustre/e1000/home/z04/z04/aturner/benchmark/cirrus-ex/VASP/CdTe_Hybrid/6.5.1-GCC-OpenBLAS/CdTe_2nodes_576cores_1threads_16NCORE_2KPAR_21463_202512201931.OUTCAR,21463,2025.12.20 19:31:45,2,576,576,1,7502576,2,16,18,774,1641.4733,3472.007
Cirrus,6.5.1-GCC-OpenBLAS,/mnt/lustre/e1000/home/z04/z04/aturner/benchmark/cirrus-ex/VASP/CdTe_Hybrid/6.5.1-GCC-OpenBLAS/CdTe_16nodes_4608cores_1threads_4NCORE_2KPAR_21479_202512210108.OUTCAR,21479,2025.12.21 01:09:11,16,4608,4608,1,43799692,2,4,576,1152,578.0166,2677.037
Cirrus,6.5.1-GCC-OpenBLAS,/mnt/lustre/e1000/home/z04/z04/aturner/benchmark/cirrus-ex/VASP/CdTe_Hybrid/6.5.1-GCC-OpenBLAS/CdTe_64nodes_18432cores_1threads_8NCORE_2KPAR_21074_202512200750.OUTCAR,21074,2025.12.20 07:51:28,64,18432,18432,1,503158707,2,8,1152,1152,211.4705,7588.826
Cirrus,6.5.1-GCC-OpenBLAS,/mnt/lustre/e1000/home/z04/z04/aturner/benchmark/cirrus-ex/VASP/CdTe_Hybrid/6.5.1-GCC-OpenBLAS/CdTe_1nodes_144cores_1threads_16NCORE_4KPAR_21452_202512201911.OUTCAR,21452,2025.12.20 19:11:35,1,144,144,1,6810676,4,1,36,792,2944.1152,6166.957
Cirrus,6.5.1-GCC-OpenBLAS,/mnt/lustre/e1000/home/z04/z04/aturner/benchmark/cirrus-ex/VASP/CdTe_Hybrid/6.5.1-GCC-OpenBLAS/CdTe_2nodes_576cores_1threads_8NCORE_2KPAR_21044_202512191419.OUTCAR,21044,2025.12.19 14:20:05,2,576,576,1,6541398,2,8,36,792,1509.8596,3128.664
Cirrus,6.5.1-GCC-OpenBLAS,/mnt/lustre/e1000/home/z04/z04/aturner/benchmark/cirrus-ex/VASP/CdTe_Hybrid/6.5.1-GCC-OpenBLAS/CdTe_32nodes_9216cores_1threads_16NCORE_4KPAR_21710_202512210916.OUTCAR,21710,2025.12.21 09:17:12,32,9216,9216,1,19936645,4,16,144,864,160.0365,588.266
Cirrus,6.5.1-GCC-OpenBLAS,/mnt/lustre/e1000/home/z04/z04/aturner/benchmark/cirrus-ex/VASP/CdTe_Hybrid/6.5.1-GCC-OpenBLAS/CdTe_2nodes_576cores_1threads_4NCORE_2KPAR_21461_202512201916.OUTCAR,21461,2025.12.20 19:16:37,2,576,576,1,6846574,2,4,72,792,1606.5446,3216.872
Cirrus,6.5.1-GCC-OpenBLAS,/mnt/lustre/e1000/home/z04/z04/aturner/benchmark/cirrus-ex/VASP/CdTe_Hybrid/6.5.1-GCC-OpenBLAS/CdTe_4nodes_1152cores_1threads_4NCORE_2KPAR_20617_202512181401.OUTCAR,20617,2025.12.18 14:01:59,4,1152,1152,1,8857302,2,4,144,864,984.0061,2072.001
Cirrus,6.5.1-GCC-OpenBLAS,/mnt/lustre/e1000/home/z04/z04/aturner/benchmark/cirrus-ex/VASP/CdTe_Hybrid/6.5.1-GCC-OpenBLAS/CdTe_1nodes_144cores_1threads_16NCORE_4KPAR_21672_202512202102.OUTCAR,21672,2025.12.20 21:02:17,1,144,144,1,7479189,4,1,36,792,3032.8034,6290.889
Cirrus,6.5.1-GCC-OpenBLAS,/mnt/lustre/e1000/home/z04/z04/aturner/benchmark/cirrus-ex/VASP/CdTe_Hybrid/6.5.1-GCC-OpenBLAS/CdTe_1nodes_144cores_1threads_4NCORE_2KPAR_21666_202512202100.OUTCAR,21666,2025.12.20 21:00:34,1,144,144,1,7398532,2,4,18,774,3251.1849,6668.956
Cirrus,6.5.1-GCC-OpenBLAS,/mnt/lustre/e1000/home/z04/z04/aturner/benchmark/cirrus-ex/VASP/CdTe_Hybrid/6.5.1-GCC-OpenBLAS/CdTe_8nodes_2304cores_1threads_16NCORE_4KPAR_21478_202512202358.OUTCAR,21478,2025.12.20 23:59:04,8,2304,2304,1,10105311,4,16,36,792,450.5103,1110.742
Cirrus,6.5.1-GCC-OpenBLAS,/mnt/lustre/e1000/home/z04/z04/aturner/benchmark/cirrus-ex/VASP/CdTe_Hybrid/6.5.1-GCC-OpenBLAS/CdTe_16nodes_4608cores_1threads_16NCORE_4KPAR_21484_202512210134.OUTCAR,21484,2025.12.21 01:35:36,16,4608,4608,1,13002549,4,16,72,792,249.7141,729.026
Cirrus,6.5.1-GCC-OpenBLAS,/mnt/lustre/e1000/home/z04/z04/aturner/benchmark/cirrus-ex/VASP/CdTe_Hybrid/6.5.1-GCC-OpenBLAS/CdTe_1nodes_72cores_1threads_8NCORE_4KPAR_21023_202512191150.OUTCAR,21023,2025.12.19 11:50:46,1,72,72,1,8554756,4,1,18,774,3758.7695,8661.946
Cirrus,6.5.1-GCC-OpenBLAS,/mnt/lustre/e1000/home/z04/z04/aturner/benchmark/cirrus-ex/VASP/CdTe_Hybrid/6.5.1-GCC-OpenBLAS/CdTe_1nodes_72cores_1threads_16NCORE_4KPAR_21024_202512191154.OUTCAR,21024,2025.12.19 11:54:57,1,72,72,1,8413034,4,1,18,774,3717.5817,8631.139
Cirrus,6.5.1-GCC-OpenBLAS,/mnt/lustre/e1000/home/z04/z04/aturner/benchmark/cirrus-ex/VASP/CdTe_Hybrid/6.5.1-GCC-OpenBLAS/CdTe_16nodes_4608cores_1threads_4NCORE_2KPAR_20627_202512181432.OUTCAR,20627,2025.12.18 14:32:41,16,4608,4608,1,44807815,2,4,576,1152,581.3424,2689.78
Cirrus,6.5.1-GCC-OpenBLAS,/mnt/lustre/e1000/home/z04/z04/aturner/benchmark/cirrus-ex/VASP/CdTe_Hybrid/6.5.1-GCC-OpenBLAS/CdTe_8nodes_2304cores_1threads_4NCORE_4KPAR_21058_202512191643.OUTCAR,21058,2025.12.19 16:44:22,8,2304,2304,1,10998493,4,4,144,864,516.3264,1218.129
Cirrus,6.5.1-GCC-OpenBLAS,/mnt/lustre/e1000/home/z04/z04/aturner/benchmark/cirrus-ex/VASP/CdTe_Hybrid/6.5.1-GCC-OpenBLAS/CdTe_1nodes_72cores_1threads_16NCORE_4KPAR_22218_202512221113.OUTCAR,22218,2025.12.22 11:13:25,1,72,72,1,8292384,4,1,18,774,3745.3581,8656.961
Cirrus,6.5.1-GCC-OpenBLAS,/mnt/lustre/e1000/home/z04/z04/aturner/benchmark/cirrus-ex/VASP/CdTe_Hybrid/6.5.1-GCC-OpenBLAS/CdTe_4nodes_1152cores_1threads_4NCORE_2KPAR_21467_202512202227.OUTCAR,21467,2025.12.20 22:27:49,4,1152,1152,1,8731927,2,4,144,864,991.5389,2068.945
Cirrus,6.5.1-GCC-OpenBLAS,/mnt/lustre/e1000/home/z04/z04/aturner/benchmark/cirrus-ex/VASP/CdTe_Hybrid/6.5.1-GCC-OpenBLAS/CdTe_16nodes_4608cores_1threads_16NCORE_2KPAR_21063_202512191748.OUTCAR,21063,2025.12.19 17:49:35,16,4608,4608,1,15328424,2,16,144,864,309.7892,892.991
Cirrus,6.5.1-GCC-OpenBLAS,/mnt/lustre/e1000/home/z04/z04/aturner/benchmark/cirrus-ex/VASP/CdTe_Hybrid/6.5.1-GCC-OpenBLAS/CdTe_2nodes_576cores_1threads_4NCORE_4KPAR_20614_202512181400.OUTCAR,20614,2025.12.18 14:01:14,2,576,576,1,6458412,4,4,36,792,1498.6752,2996.823
Cirrus,6.5.1-GCC-OpenBLAS,/mnt/lustre/e1000/home/z04/z04/aturner/benchmark/cirrus-ex/VASP/CdTe_Hybrid/6.5.1-GCC-OpenBLAS/CdTe_2nodes_576cores_1threads_16NCORE_2KPAR_21683_202512202210.OUTCAR,21683,2025.12.20 22:11:31,2,576,576,1,7272211,2,16,18,774,1634.1713,3443.102
Cirrus,6.5.1-GCC-OpenBLAS,/mnt/lustre/e1000/home/z04/z04/aturner/benchmark/cirrus-ex/VASP/CdTe_Hybrid/6.5.1-GCC-OpenBLAS/CdTe_1nodes_144cores_1threads_8NCORE_4KPAR_21033_202512191203.OUTCAR,21033,2025.12.19 12:03:59,1,144,144,1,6946971,4,1,36,792,2968.3424,6166.141
Cirrus,6.5.1-GCC-OpenBLAS,/mnt/lustre/e1000/home/z04/z04/aturner/benchmark/cirrus-ex/VASP/CdTe_Hybrid/6.5.1-GCC-OpenBLAS/CdTe_8nodes_2304cores_1threads_4NCORE_2KPAR_20622_202512181405.OUTCAR,20622,2025.12.18 14:05:46,8,2304,2304,1,13168366,2,4,288,864,619.2848,1554.308
Cirrus,6.5.1-GCC-OpenBLAS,/mnt/lustre/e1000/home/z04/z04/aturner/benchmark/cirrus-ex/VASP/CdTe_Hybrid/6.5.1-GCC-OpenBLAS/CdTe_1nodes_72cores_1threads_4NCORE_2KPAR_21656_202512202029.OUTCAR,21656,2025.12.20 20:29:56,1,72,72,1,9293942,2,4,9,774,4954.4248,10778.273
Cirrus,6.5.1-GCC-OpenBLAS,/mnt/lustre/e1000/home/z04/z04/aturner/benchmark/cirrus-ex/VASP/CdTe_Hybrid/6.5.1-GCC-OpenBLAS/CdTe_4nodes_1152cores_1threads_4NCORE_4KPAR_21470_202512202239.OUTCAR,21470,2025.12.20 22:40:22,4,1152,1152,1,7941267,4,4,72,792,828.1865,1734.402
Cirrus,6.5.1-GCC-OpenBLAS,/mnt/lustre/e1000/home/z04/z04/aturner/benchmark/cirrus-ex/VASP/CdTe_Hybrid/6.5.1-GCC-OpenBLAS/CdTe_1nodes_72cores_1threads_8NCORE_8KPAR_22219_202512221114.OUTCAR,22219,2025.12.22 11:14:03,1,72,72,1,8029911,8,1,9,774,3740.1706,8703.801
Cirrus,6.5.1-GCC-OpenBLAS,/mnt/lustre/e1000/home/z04/z04/aturner/benchmark/cirrus-ex/VASP/CdTe_Hybrid/6.5.1-GCC-OpenBLAS/CdTe_1nodes_72cores_1threads_4NCORE_2KPAR_21436_202512201838.OUTCAR,21436,2025.12.20 18:38:54,1,72,72,1,9066235,2,4,9,774,4900.3471,10670.825
Cirrus,6.5.1-GCC-OpenBLAS,/mnt/lustre/e1000/home/z04/z04/aturner/benchmark/cirrus-ex/VASP/CdTe_Hybrid/6.5.1-GCC-OpenBLAS/CdTe_1nodes_288cores_1threads_4NCORE_4KPAR_21458_202512201912.OUTCAR,21458,2025.12.20 19:12:42,1,288,288,1,6440811,4,4,18,774,2905.3145,5587.151
Cirrus,6.5.1-GCC-OpenBLAS,/mnt/lustre/e1000/home/z04/z04/aturner/benchmark/cirrus-ex/VASP/CdTe_Hybrid/6.5.1-GCC-OpenBLAS/CdTe_1nodes_72cores_1threads_8NCORE_8KPAR_21443_202512201909.OUTCAR,21443,2025.12.20 19:09:52,1,72,72,1,8157705,8,1,9,774,3723.2782,8664.083
Cirrus,6.5.1-GCC-OpenBLAS,/mnt/lustre/e1000/home/z04/z04/aturner/benchmark/cirrus-ex/VASP/CdTe_Hybrid/6.5.1-GCC-OpenBLAS/CdTe_1nodes_288cores_1threads_4NCORE_4KPAR_20609_202512181350.OUTCAR,20609,2025.12.18 13:51:01,1,288,288,1,5850464,4,4,18,774,2809.2237,5451.173
Cirrus,6.5.1-GCC-OpenBLAS,/mnt/lustre/e1000/home/z04/z04/aturner/benchmark/cirrus-ex/VASP/CdTe_Hybrid/6.5.1-GCC-OpenBLAS/CdTe_16nodes_4608cores_1threads_16NCORE_4KPAR_20631_202512181545.OUTCAR,20631,2025.12.18 15:46:05,16,4608,4608,1,12184225,4,16,72,792,243.8889,723.889
Cirrus,6.5.1-GCC-OpenBLAS,/mnt/lustre/e1000/home/z04/z04/aturner/benchmark/cirrus-ex/VASP/CdTe_Hybrid/6.5.1-GCC-OpenBLAS/CdTe_8nodes_2304cores_1threads_4NCORE_2KPAR_21055_202512191636.OUTCAR,21055,2025.12.19 16:37:10,8,2304,2304,1,14480846,2,4,288,864,641.3404,1619.425
Cirrus,6.5.1-GCC-OpenBLAS,/mnt/lustre/e1000/home/z04/z04/aturner/benchmark/cirrus-ex/VASP/CdTe_Hybrid/6.5.1-GCC-OpenBLAS/CdTe_4nodes_1152cores_1threads_4NCORE_4KPAR_20619_202512181401.OUTCAR,20619,2025.12.18 14:01:56,4,1152,1152,1,7308773,4,4,72,792,803.2084,1714.507
Cirrus,6.5.1-GCC-OpenBLAS,/mnt/lustre/e1000/home/z04/z04/aturner/benchmark/cirrus-ex/VASP/CdTe_Hybrid/6.5.1-GCC-OpenBLAS/CdTe_1nodes_288cores_1threads_4NCORE_4KPAR_21678_202512202108.OUTCAR,21678,2025.12.20 21:08:34,1,288,288,1,6600713,4,4,18,774,2892.1432,5587.732
Cirrus,6.5.1-GCC-OpenBLAS,/mnt/lustre/e1000/home/z04/z04/aturner/benchmark/cirrus-ex/VASP/CdTe_Hybrid/6.5.1-GCC-OpenBLAS/CdTe_16nodes_4608cores_1threads_8NCORE_4KPAR_21483_202512210133.OUTCAR,21483,2025.12.21 01:34:34,16,4608,4608,1,13396515,4,8,144,864,267.0822,752.206
Cirrus,6.5.1-GCC-OpenBLAS,/mnt/lustre/e1000/home/z04/z04/aturner/benchmark/cirrus-ex/VASP/CdTe_Hybrid/6.5.1-GCC-OpenBLAS/CdTe_8nodes_2304cores_1threads_4NCORE_4KPAR_21696_202512210032.OUTCAR,21696,2025.12.21 00:32:56,8,2304,2304,1,9809555,4,4,144,864,501.1768,1152.818
Cirrus,6.5.1-GCC-OpenBLAS,/mnt/lustre/e1000/home/z04/z04/aturner/benchmark/cirrus-ex/VASP/CdTe_Hybrid/6.5.1-GCC-OpenBLAS/CdTe_1nodes_144cores_1threads_8NCORE_2KPAR_22224_202512221122.OUTCAR,22224,2025.12.22 11:22:59,1,144,144,1,8521179,2,8,9,774,3693.7968,7582.274
Cirrus,6.5.1-GCC-OpenBLAS,/mnt/lustre/e1000/home/z04/z04/aturner/benchmark/cirrus-ex/VASP/CdTe_Hybrid/6.5.1-GCC-OpenBLAS/CdTe_1nodes_144cores_1threads_4NCORE_2KPAR_21029_202512191159.OUTCAR,21029,2025.12.19 11:59:36,1,144,144,1,7318684,2,4,18,774,3223.9087,6681.463
Cirrus,6.5.1-GCC-OpenBLAS,/mnt/lustre/e1000/home/z04/z04/aturner/benchmark/cirrus-ex/VASP/CdTe_Hybrid/6.5.1-GCC-OpenBLAS/CdTe_1nodes_72cores_1threads_16NCORE_2KPAR_22215_202512221105.OUTCAR,22215,2025.12.22 11:05:32,1,72,72,1,8028451,2,1,36,792,3903.3213,8938.498
Cirrus,6.5.1-GCC-OpenBLAS,/mnt/lustre/e1000/home/z04/z04/aturner/benchmark/cirrus-ex/VASP/CdTe_Hybrid/6.5.1-GCC-OpenBLAS/CdTe_16nodes_4608cores_1threads_16NCORE_2KPAR_21701_202512210217.OUTCAR,21701,2025.12.21 02:18:25,16,4608,4608,1,15967639,2,16,144,864,313.0611,900.416
Cirrus,6.5.1-GCC-OpenBLAS,/mnt/lustre/e1000/home/z04/z04/aturner/benchmark/cirrus-ex/VASP/CdTe_Hybrid/6.5.1-GCC-OpenBLAS/CdTe_32nodes_9216cores_1threads_16NCORE_4KPAR_21072_202512192132.OUTCAR,21072,2025.12.19 21:33:12,32,9216,9216,1,20083803,4,16,144,864,160.3953,593.325
Cirrus,6.5.1-GCC-OpenBLAS,/mnt/lustre/e1000/home/z04/z04/aturner/benchmark/cirrus-ex/VASP/CdTe_Hybrid/6.5.1-GCC-OpenBLAS/CdTe_8nodes_2304cores_1threads_8NCORE_2KPAR_21474_202512202345.OUTCAR,21474,2025.12.20 23:46:02,8,2304,2304,1,11338131,2,8,144,864,527.1903,1264.436
Cirrus,6.5.1-GCC-OpenBLAS,/mnt/lustre/e1000/home/z04/z04/aturner/benchmark/cirrus-ex/VASP/CdTe_Hybrid/6.5.1-GCC-OpenBLAS/CdTe_2nodes_576cores_1threads_8NCORE_4KPAR_21465_202512201934.OUTCAR,21465,2025.12.20 19:34:47,2,576,576,1,6228895,4,8,18,774,1415.5466,2961.095
Cirrus,6.5.1-GCC-OpenBLAS,/mnt/lustre/e1000/home/z04/z04/aturner/benchmark/cirrus-ex/VASP/CdTe_Hybrid/6.5.1-GCC-OpenBLAS/CdTe_1nodes_288cores_1threads_16NCORE_2KPAR_21677_202512202107.OUTCAR,21677,2025.12.20 21:07:36,1,288,288,1,7526402,2,16,9,774,3282.0601,6580.139
Cirrus,6.5.1-GCC-OpenBLAS,/mnt/lustre/e1000/home/z04/z04/aturner/benchmark/cirrus-ex/VASP/CdTe_Hybrid/6.5.1-GCC-OpenBLAS/CdTe_1nodes_72cores_1threads_4NCORE_2KPAR_21018_202512191132.OUTCAR,21018,2025.12.19 11:32:15,1,72,72,1,9309222,2,4,9,774,4954.3584,10716.762
Cirrus,6.5.1-GCC-OpenBLAS,/mnt/lustre/e1000/home/z04/z04/aturner/benchmark/cirrus-ex/VASP/CdTe_Hybrid/6.5.1-GCC-OpenBLAS/CdTe_64nodes_18432cores_1threads_8NCORE_4KPAR_21715_202512220642.OUTCAR,21715,2025.12.22 06:43:33,64,18432,18432,1,89654798,4,8,576,1152,170.6919,1347.769
Cirrus,6.5.1-GCC-OpenBLAS,/mnt/lustre/e1000/home/z04/z04/aturner/benchmark/cirrus-ex/VASP/CdTe_Hybrid/6.5.1-GCC-OpenBLAS/CdTe_32nodes_9216cores_1threads_16NCORE_2KPAR_21487_202512210505.OUTCAR,21487,2025.12.21 05:06:37,32,9216,9216,1,29438269,2,16,288,864,203.4866,872.595
Cirrus,6.5.1-GCC-OpenBLAS,/mnt/lustre/e1000/home/z04/z04/aturner/benchmark/cirrus-ex/VASP/CdTe_Hybrid/6.5.1-GCC-OpenBLAS/CdTe_1nodes_144cores_1threads_16NCORE_4KPAR_22228_202512221127.OUTCAR,22228,2025.12.22 11:27:32,1,144,144,1,6595490,4,1,36,792,2951.5848,6168.876
Cirrus,6.5.1-GCC-OpenBLAS,/mnt/lustre/e1000/home/z04/z04/aturner/benchmark/cirrus-ex/VASP/CdTe_Hybrid/6.5.1-GCC-OpenBLAS/CdTe_1nodes_144cores_1threads_4NCORE_2KPAR_21446_202512201909.OUTCAR,21446,2025.12.20 19:09:53,1,144,144,1,7402557,2,4,18,774,3189.665,6635.084
Cirrus,6.5.1-GCC-OpenBLAS,/mnt/lustre/e1000/home/z04/z04/aturner/benchmark/cirrus-ex/VASP/CdTe_Hybrid/6.5.1-GCC-OpenBLAS/CdTe_4nodes_1152cores_1threads_16NCORE_4KPAR_20621_202512181405.OUTCAR,20621,2025.12.18 14:05:47,4,1152,1152,1,7984217,4,16,18,774,826.2455,1859.033
Cirrus,6.5.1-GCC-OpenBLAS,/mnt/lustre/e1000/home/z04/z04/aturner/benchmark/cirrus-ex/VASP/CdTe_Hybrid/6.5.1-GCC-OpenBLAS/CdTe_64nodes_18432cores_1threads_16NCORE_4KPAR_21716_202512220706.OUTCAR,21716,2025.12.22 07:06:52,64,18432,18432,1,39898638,4,16,288,864,107.4896,596.111
Cirrus,6.5.1-GCC-OpenBLAS,/mnt/lustre/e1000/home/z04/z04/aturner/benchmark/cirrus-ex/VASP/CdTe_Hybrid/6.5.1-GCC-OpenBLAS/CdTe_1nodes_72cores_1threads_8NCORE_8KPAR_21664_202512202054.OUTCAR,21664,2025.12.20 20:55:00,1,72,72,1,7645397,8,1,9,774,3710.1306,8625.159
Cirrus,6.5.1-GCC-OpenBLAS,/mnt/lustre/e1000/home/z04/z04/aturner/benchmark/cirrus-ex/VASP/CdTe_Hybrid/6.5.1-GCC-OpenBLAS/CdTe_1nodes_144cores_1threads_8NCORE_2KPAR_21030_202512191159.OUTCAR,21030,2025.12.19 11:59:52,1,144,144,1,8084580,2,8,9,774,3678.139,7563.153
Cirrus,6.5.1-GCC-OpenBLAS,/mnt/lustre/e1000/home/z04/z04/aturner/benchmark/cirrus-ex/VASP/CdTe_Hybrid/6.5.1-GCC-OpenBLAS/CdTe_1nodes_144cores_1threads_4NCORE_4KPAR_22226_202512221125.OUTCAR,22226,2025.12.22 11:25:54,1,144,144,1,7880396,4,4,9,774,3214.3237,6635.436
Cirrus,6.5.1-GCC-OpenBLAS,/mnt/lustre/e1000/home/z04/z04/aturner/benchmark/cirrus-ex/VASP/CdTe_Hybrid/6.5.1-GCC-OpenBLAS/CdTe_4nodes_1152cores_1threads_8NCORE_4KPAR_21471_202512202242.OUTCAR,21471,2025.12.20 22:43:03,4,1152,1152,1,7134366,4,8,36,792,756.5133,1672.891
Cirrus,6.5.1-GCC-OpenBLAS,/mnt/lustre/e1000/home/z04/z04/aturner/benchmark/cirrus-ex/VASP/CdTe_Hybrid/6.5.1-GCC-OpenBLAS/CdTe_1nodes_144cores_1threads_8NCORE_8KPAR_21674_202512202103.OUTCAR,21674,2025.12.20 21:03:28,1,144,144,1,7199833,8,1,18,774,2899.4749,6063.714
Cirrus,6.5.1-GCC-OpenBLAS,/mnt/lustre/e1000/home/z04/z04/aturner/benchmark/cirrus-ex/VASP/CdTe_Hybrid/6.5.1-GCC-OpenBLAS/CdTe_32nodes_9216cores_1threads_4NCORE_2KPAR_21067_202512191957.OUTCAR,21067,2025.12.19 19:58:06,32,9216,9216,1,258705530,2,4,1152,1152,352.0246,7800.218
Cirrus,6.5.1-GCC-OpenBLAS,/mnt/lustre/e1000/home/z04/z04/aturner/benchmark/cirrus-ex/VASP/CdTe_Hybrid/6.5.1-GCC-OpenBLAS/CdTe_2nodes_576cores_1threads_4NCORE_4KPAR_21684_202512202218.OUTCAR,21684,2025.12.20 22:19:36,2,576,576,1,6494120,4,4,36,792,1496.8534,2992.153
Cirrus,6.5.1-GCC-OpenBLAS,/mnt/lustre/e1000/home/z04/z04/aturner/benchmark/cirrus-ex/VASP/CdTe_Hybrid/6.5.1-GCC-OpenBLAS/CdTe_32nodes_9216cores_1threads_8NCORE_2KPAR_20633_202512181742.OUTCAR,20633,2025.12.18 17:42:57,32,9216,9216,1,77574023,2,8,576,1152,325.3081,2268.565
Cirrus,6.5.1-GCC-OpenBLAS,/mnt/lustre/e1000/home/z04/z04/aturner/benchmark/cirrus-ex/VASP/CdTe_Hybrid/6.5.1-GCC-OpenBLAS/CdTe_1nodes_288cores_1threads_16NCORE_4KPAR_20611_202512181351.OUTCAR,20611,2025.12.18 13:51:56,1,288,288,1,8004020,4,1,72,792,3523.9875,6544.725
Cirrus,6.5.1-GCC-OpenBLAS,/mnt/lustre/e1000/home/z04/z04/aturner/benchmark/cirrus-ex/VASP/CdTe_Hybrid/6.5.1-GCC-OpenBLAS/CdTe_8nodes_2304cores_1threads_16NCORE_4KPAR_20626_202512181431.OUTCAR,20626,2025.12.18 14:32:04,8,2304,2304,1,9323405,4,16,36,792,443.1864,1100.627
Cirrus,6.5.1-GCC-OpenBLAS,/mnt/lustre/e1000/home/z04/z04/aturner/benchmark/cirrus-ex/VASP/CdTe_Hybrid/6.5.1-GCC-OpenBLAS/CdTe_1nodes_72cores_1threads_8NCORE_8KPAR_21025_202512191154.OUTCAR,21025,2025.12.19 11:55:00,1,72,72,1,8606314,8,1,9,774,3756.7527,8752.571
Cirrus,6.5.1-GCC-OpenBLAS,/mnt/lustre/e1000/home/z04/z04/aturner/benchmark/cirrus-ex/VASP/CdTe_Hybrid/6.5.1-GCC-OpenBLAS/CdTe_32nodes_9216cores_1threads_4NCORE_4KPAR_20634_202512181820.OUTCAR,20634,2025.12.18 18:21:37,32,9216,9216,1,52610120,4,4,576,1152,304.8314,1533.647
Cirrus,6.5.1-GCC-OpenBLAS,/mnt/lustre/e1000/home/z04/z04/aturner/benchmark/cirrus-ex/VASP/CdTe_Hybrid/6.5.1-GCC-OpenBLAS/CdTe_8nodes_2304cores_1threads_8NCORE_2KPAR_20623_202512181410.OUTCAR,20623,2025.12.18 14:10:37,8,2304,2304,1,10400461,2,8,144,864,513.1662,1234.598
Cirrus,6.5.1-GCC-OpenBLAS,/mnt/lustre/e1000/home/z04/z04/aturner/benchmark/cirrus-ex/VASP/CdTe_Hybrid/6.5.1-GCC-OpenBLAS/CdTe_4nodes_1152cores_1threads_8NCORE_4KPAR_21053_202512191553.OUTCAR,21053,2025.12.19 15:54:19,4,1152,1152,1,6976576,4,8,36,792,784.6687,1695.915
Cirrus,6.5.1-GCC-OpenBLAS,/mnt/lustre/e1000/home/z04/z04/aturner/benchmark/cirrus-ex/VASP/CdTe_Hybrid/6.5.1-GCC-OpenBLAS/CdTe_1nodes_144cores_1threads_8NCORE_8KPAR_21036_202512191206.OUTCAR,21036,2025.12.19 12:06:04,1,144,144,1,6642987,8,1,18,774,2811.7391,5995.205
Cirrus,6.5.1-GCC-OpenBLAS,/mnt/lustre/e1000/home/z04/z04/aturner/benchmark/cirrus-ex/VASP/CdTe_Hybrid/6.5.1-GCC-OpenBLAS/CdTe_16nodes_4608cores_1threads_4NCORE_4KPAR_21482_202512210119.OUTCAR,21482,2025.12.21 01:20:09,16,4608,4608,1,16468925,4,4,288,864,326.6958,928.145
Cirrus,6.5.1-GCC-OpenBLAS,/mnt/lustre/e1000/home/z04/z04/aturner/benchmark/cirrus-ex/VASP/CdTe_Hybrid/6.5.1-GCC-OpenBLAS/CdTe_2nodes_576cores_1threads_4NCORE_4KPAR_21464_202512201931.OUTCAR,21464,2025.12.20 19:32:09,2,576,576,1,6425074,4,4,36,792,1483.5415,2978.999
Cirrus,6.5.1-GCC-OpenBLAS,/mnt/lustre/e1000/home/z04/z04/aturner/benchmark/cirrus-ex/VASP/CdTe_Hybrid/6.5.1-GCC-OpenBLAS/CdTe_4nodes_1152cores_1threads_4NCORE_4KPAR_21690_202512202311.OUTCAR,21690,2025.12.20 23:11:44,4,1152,1152,1,7434783,4,4,72,792,806.9032,1717.737
Cirrus,6.5.1-GCC-OpenBLAS,/mnt/lustre/e1000/home/z04/z04/aturner/benchmark/cirrus-ex/VASP/CdTe_Hybrid/6.5.1-GCC-OpenBLAS/CdTe_1nodes_72cores_1threads_16NCORE_4KPAR_21442_202512201907.OUTCAR,21442,2025.12.20 19:07:34,1,72,72,1,7135837,4,1,18,774,3689.9451,8552.135
Cirrus,6.5.1-GCC-OpenBLAS,/mnt/lustre/e1000/home/z04/z04/aturner/benchmark/cirrus-ex/VASP/CdTe_Hybrid/6.5.1-GCC-OpenBLAS/CdTe_32nodes_9216cores_1threads_16NCORE_4KPAR_21490_202512210559.OUTCAR,21490,2025.12.21 06:00:33,32,9216,9216,1,23224537,4,16,144,864,159.921,689.77
Cirrus,6.5.1-GCC-OpenBLAS,/mnt/lustre/e1000/home/z04/z04/aturner/benchmark/cirrus-ex/VASP/CdTe_Hybrid/6.5.1-GCC-OpenBLAS/CdTe_2nodes_576cores_1threads_8NCORE_4KPAR_21685_202512202223.OUTCAR,21685,2025.12.20 22:23:36,2,576,576,1,6277392,4,8,18,774,1415.0117,2944.251
Cirrus,6.5.1-GCC-OpenBLAS,/mnt/lustre/e1000/home/z04/z04/aturner/benchmark/cirrus-ex/VASP/CdTe_Hybrid/6.5.1-GCC-OpenBLAS/CdTe_16nodes_4608cores_1threads_8NCORE_2KPAR_21062_202512191741.OUTCAR,21062,2025.12.19 17:41:56,16,4608,4608,1,17896607,2,8,288,864,328.3673,1062.832
Cirrus,6.5.1-GCC-OpenBLAS,/mnt/lustre/e1000/home/z04/z04/aturner/benchmark/cirrus-ex/VASP/CdTe_Hybrid/6.5.1-GCC-OpenBLAS/CdTe_1nodes_144cores_1threads_4NCORE_4KPAR_21032_202512191201.OUTCAR,21032,2025.12.19 12:01:26,1,144,144,1,7123945,4,4,9,774,3169.3591,6560.89
Cirrus,6.5.1-GCC-OpenBLAS,/mnt/lustre/e1000/home/z04/z04/aturner/benchmark/cirrus-ex/VASP/CdTe_Hybrid/6.5.1-GCC-OpenBLAS/CdTe_64nodes_18432cores_1threads_8NCORE_2KPAR_20638_202512190217.OUTCAR,20638,2025.12.19 02:18:41,64,18432,18432,1,499013870,2,8,1152,1152,215.6532,7544.524
Cirrus,6.5.1-GCC-OpenBLAS,/mnt/lustre/e1000/home/z04/z04/aturner/benchmark/cirrus-ex/VASP/CdTe_Hybrid/6.5.1-GCC-OpenBLAS/CdTe_2nodes_576cores_1threads_16NCORE_2KPAR_21045_202512191421.OUTCAR,21045,2025.12.19 14:22:03,2,576,576,1,8036303,2,16,18,774,1681.5659,3520.112
Cirrus,6.5.1-GCC-OpenBLAS,/mnt/lustre/e1000/home/z04/z04/aturner/benchmark/cirrus-ex/VASP/CdTe_Hybrid/6.5.1-GCC-OpenBLAS/CdTe_8nodes_2304cores_1threads_8NCORE_4KPAR_20625_202512181430.OUTCAR,20625,2025.12.18 14:30:53,8,2304,2304,1,9265729,4,8,72,792,423.7786,1023.376
Cirrus,6.5.1-GCC-OpenBLAS,/mnt/lustre/e1000/home/z04/z04/aturner/benchmark/cirrus-ex/VASP/CdTe_Hybrid/6.5.1-GCC-OpenBLAS/CdTe_1nodes_288cores_1threads_8NCORE_2KPAR_21456_202512201912.OUTCAR,21456,2025.12.20 19:12:43,1,288,288,1,6479669,2,8,18,774,2866.4094,5700.904
Cirrus,6.5.1-GCC-OpenBLAS,/mnt/lustre/e1000/home/z04/z04/aturner/benchmark/cirrus-ex/VASP/CdTe_Hybrid/6.5.1-GCC-OpenBLAS/CdTe_1nodes_288cores_1threads_8NCORE_2KPAR_20608_202512181350.OUTCAR,20608,2025.12.18 13:51:02,1,288,288,1,5852609,2,8,18,774,2788.7579,5574.621
Cirrus,6.5.1-GCC-OpenBLAS,/mnt/lustre/e1000/home/z04/z04/aturner/benchmark/cirrus-ex/VASP/CdTe_Hybrid/6.5.1-GCC-OpenBLAS/CdTe_1nodes_144cores_1threads_4NCORE_4KPAR_21670_202512202102.OUTCAR,21670,2025.12.20 21:02:10,1,144,144,1,7251686,4,4,9,774,3184.9793,6599.135
Cirrus,6.5.1-GCC-OpenBLAS,/mnt/lustre/e1000/home/z04/z04/aturner/benchmark/cirrus-ex/VASP/CdTe_Hybrid/6.5.1-GCC-OpenBLAS/CdTe_32nodes_9216cores_1threads_8NCORE_4KPAR_21709_202512210904.OUTCAR,21709,2025.12.21 09:05:13,32,9216,9216,1,22413621,4,8,288,864,171.0038,669.971
Cirrus,6.5.1-Intel-MKL,/mnt/lustre/e1000/home/z04/z04/aturner/benchmark/cirrus-ex/VASP/CdTe_Hybrid/6.5.1-Intel-MKL/CdTe_16nodes_4608cores_1threads_16NCORE_2KPAR_22135_202512221333.OUTCAR,22135,2025.12.22 13:34:15,16,4608,4608,1,14965990,2,16,144,864,330.1717,899.434
Cirrus,6.5.1-Intel-MKL,/mnt/lustre/e1000/home/z04/z04/aturner/benchmark/cirrus-ex/VASP/CdTe_Hybrid/6.5.1-Intel-MKL/CdTe_1nodes_288cores_1threads_16NCORE_2KPAR_20978_202512191123.OUTCAR,20978,2025.12.19 11:23:56,1,288,288,1,7869543,2,16,9,774,3487.9556,7190.783
Cirrus,6.5.1-Intel-MKL,/mnt/lustre/e1000/home/z04/z04/aturner/benchmark/cirrus-ex/VASP/CdTe_Hybrid/6.5.1-Intel-MKL/CdTe_2nodes_576cores_1threads_8NCORE_4KPAR_20650_202512181436.OUTCAR,20650,2025.12.18 14:37:29,2,576,576,1,6835159,4,8,18,774,1494.8492,3176.935
Cirrus,6.5.1-Intel-MKL,/mnt/lustre/e1000/home/z04/z04/aturner/benchmark/cirrus-ex/VASP/CdTe_Hybrid/6.5.1-Intel-MKL/CdTe_8nodes_2304cores_1threads_4NCORE_2KPAR_20657_202512181500.OUTCAR,20657,2025.12.18 15:00:50,8,2304,2304,1,14203384,2,4,288,864,714.621,1609.555
Cirrus,6.5.1-Intel-MKL,/mnt/lustre/e1000/home/z04/z04/aturner/benchmark/cirrus-ex/VASP/CdTe_Hybrid/6.5.1-Intel-MKL/CdTe_8nodes_2304cores_1threads_8NCORE_2KPAR_20658_202512181520.OUTCAR,20658,2025.12.18 15:21:30,8,2304,2304,1,10678940,2,8,144,864,541.8244,1256.4
Cirrus,6.5.1-Intel-MKL,/mnt/lustre/e1000/home/z04/z04/aturner/benchmark/cirrus-ex/VASP/CdTe_Hybrid/6.5.1-Intel-MKL/CdTe_1nodes_144cores_1threads_8NCORE_4KPAR_20972_202512191121.OUTCAR,20972,2025.12.19 11:21:26,1,144,144,1,8063417,4,1,36,792,3332.2825,7159.777
Cirrus,6.5.1-Intel-MKL,/mnt/lustre/e1000/home/z04/z04/aturner/benchmark/cirrus-ex/VASP/CdTe_Hybrid/6.5.1-Intel-MKL/CdTe_1nodes_72cores_1threads_8NCORE_8KPAR_22098_202512220931.OUTCAR,22098,2025.12.22 09:31:12,1,72,72,1,9184074,8,1,9,774,4639.0459,10733.138
Cirrus,6.5.1-Intel-MKL,/mnt/lustre/e1000/home/z04/z04/aturner/benchmark/cirrus-ex/VASP/CdTe_Hybrid/6.5.1-Intel-MKL/CdTe_4nodes_1152cores_1threads_8NCORE_4KPAR_22125_202512220931.OUTCAR,22125,2025.12.22 09:31:46,4,1152,1152,1,7621512,4,8,36,792,805.3905,1778.271
Cirrus,6.5.1-Intel-MKL,/mnt/lustre/e1000/home/z04/z04/aturner/benchmark/cirrus-ex/VASP/CdTe_Hybrid/6.5.1-Intel-MKL/CdTe_64nodes_18432cores_1threads_8NCORE_2KPAR_20673_202512190617.OUTCAR,20673,2025.12.19 06:17:57,64,18432,18432,1,244510966,2,8,1152,1152,212.928,3676.87
Cirrus,6.5.1-Intel-MKL,/mnt/lustre/e1000/home/z04/z04/aturner/benchmark/cirrus-ex/VASP/CdTe_Hybrid/6.5.1-Intel-MKL/CdTe_1nodes_288cores_1threads_8NCORE_2KPAR_20643_202512181434.OUTCAR,20643,2025.12.18 14:34:47,1,288,288,1,6406729,2,8,18,774,2945.327,6040.758
Cirrus,6.5.1-Intel-MKL,/mnt/lustre/e1000/home/z04/z04/aturner/benchmark/cirrus-ex/VASP/CdTe_Hybrid/6.5.1-Intel-MKL/CdTe_2nodes_576cores_1threads_8NCORE_4KPAR_22119_202512220931.OUTCAR,22119,2025.12.22 09:31:52,2,576,576,1,6846622,4,8,18,774,1496.4311,3177.509
Cirrus,6.5.1-Intel-MKL,/mnt/lustre/e1000/home/z04/z04/aturner/benchmark/cirrus-ex/VASP/CdTe_Hybrid/6.5.1-Intel-MKL/CdTe_2nodes_576cores_1threads_4NCORE_4KPAR_22118_202512220931.OUTCAR,22118,2025.12.22 09:31:46,2,576,576,1,6832443,4,4,36,792,1529.4814,3132.721
Cirrus,6.5.1-Intel-MKL,/mnt/lustre/e1000/home/z04/z04/aturner/benchmark/cirrus-ex/VASP/CdTe_Hybrid/6.5.1-Intel-MKL/CdTe_1nodes_288cores_1threads_8NCORE_4KPAR_20645_202512181434.OUTCAR,20645,2025.12.18 14:34:46,1,288,288,1,6444647,4,8,9,774,2907.6204,6017.491
Cirrus,6.5.1-Intel-MKL,/mnt/lustre/e1000/home/z04/z04/aturner/benchmark/cirrus-ex/VASP/CdTe_Hybrid/6.5.1-Intel-MKL/CdTe_2nodes_576cores_1threads_8NCORE_2KPAR_20648_202512181436.OUTCAR,20648,2025.12.18 14:37:26,2,576,576,1,7688756,2,8,36,792,1625.434,3397.329
Cirrus,6.5.1-Intel-MKL,/mnt/lustre/e1000/home/z04/z04/aturner/benchmark/cirrus-ex/VASP/CdTe_Hybrid/6.5.1-Intel-MKL/CdTe_4nodes_1152cores_1threads_4NCORE_2KPAR_20988_202512191514.OUTCAR,20988,2025.12.19 15:15:20,4,1152,1152,1,9851087,2,4,144,864,1069.8371,2194.629
Cirrus,6.5.1-Intel-MKL,/mnt/lustre/e1000/home/z04/z04/aturner/benchmark/cirrus-ex/VASP/CdTe_Hybrid/6.5.1-Intel-MKL/CdTe_16nodes_4608cores_1threads_16NCORE_2KPAR_21002_202512191723.OUTCAR,21002,2025.12.19 17:24:01,16,4608,4608,1,14997282,2,16,144,864,328.6364,894.215
Cirrus,6.5.1-Intel-MKL,/mnt/lustre/e1000/home/z04/z04/aturner/benchmark/cirrus-ex/VASP/CdTe_Hybrid/6.5.1-Intel-MKL/CdTe_1nodes_72cores_1threads_16NCORE_4KPAR_20963_202512191112.OUTCAR,20963,2025.12.19 11:12:26,1,72,72,1,9028901,4,1,18,774,4676.8394,10741.343
Cirrus,6.5.1-Intel-MKL,/mnt/lustre/e1000/home/z04/z04/aturner/benchmark/cirrus-ex/VASP/CdTe_Hybrid/6.5.1-Intel-MKL/CdTe_1nodes_288cores_1threads_4NCORE_4KPAR_22112_202512220931.OUTCAR,22112,2025.12.22 09:31:14,1,288,288,1,6288819,4,4,18,774,2846.2138,5704.367
Cirrus,6.5.1-Intel-MKL,/mnt/lustre/e1000/home/z04/z04/aturner/benchmark/cirrus-ex/VASP/CdTe_Hybrid/6.5.1-Intel-MKL/CdTe_1nodes_144cores_1threads_8NCORE_8KPAR_20975_202512191122.OUTCAR,20975,2025.12.19 11:22:36,1,144,144,1,8024839,8,1,18,774,3220.6233,6939.585
Cirrus,6.5.1-Intel-MKL,/mnt/lustre/e1000/home/z04/z04/aturner/benchmark/cirrus-ex/VASP/CdTe_Hybrid/6.5.1-Intel-MKL/CdTe_16nodes_4608cores_1threads_16NCORE_4KPAR_22138_202512221359.OUTCAR,22138,2025.12.22 14:00:10,16,4608,4608,1,12451384,4,16,72,792,262.8655,732.532
Cirrus,6.5.1-Intel-MKL,/mnt/lustre/e1000/home/z04/z04/aturner/benchmark/cirrus-ex/VASP/CdTe_Hybrid/6.5.1-Intel-MKL/CdTe_4nodes_1152cores_1threads_8NCORE_4KPAR_20992_202512191530.OUTCAR,20992,2025.12.19 15:30:57,4,1152,1152,1,7537629,4,8,36,792,804.9902,1770.679
Cirrus,6.5.1-Intel-MKL,/mnt/lustre/e1000/home/z04/z04/aturner/benchmark/cirrus-ex/VASP/CdTe_Hybrid/6.5.1-Intel-MKL/CdTe_1nodes_144cores_1threads_8NCORE_8KPAR_22107_202512220931.OUTCAR,22107,2025.12.22 09:31:13,1,144,144,1,7504431,8,1,18,774,3159.5258,6841.668
Cirrus,6.5.1-Intel-MKL,/mnt/lustre/e1000/home/z04/z04/aturner/benchmark/cirrus-ex/VASP/CdTe_Hybrid/6.5.1-Intel-MKL/CdTe_1nodes_144cores_1threads_4NCORE_2KPAR_20968_202512191119.OUTCAR,20968,2025.12.19 11:19:05,1,144,144,1,8416250,2,4,18,774,3623.8987,7592.101
Cirrus,6.5.1-Intel-MKL,/mnt/lustre/e1000/home/z04/z04/aturner/benchmark/cirrus-ex/VASP/CdTe_Hybrid/6.5.1-Intel-MKL/CdTe_16nodes_4608cores_1threads_4NCORE_2KPAR_22133_202512221325.OUTCAR,22133,2025.12.22 13:25:45,16,4608,4608,1,34568112,2,4,576,1152,686.207,2094.036
Cirrus,6.5.1-Intel-MKL,/mnt/lustre/e1000/home/z04/z04/aturner/benchmark/cirrus-ex/VASP/CdTe_Hybrid/6.5.1-Intel-MKL/CdTe_4nodes_1152cores_1threads_4NCORE_4KPAR_20654_202512181450.OUTCAR,20654,2025.12.18 14:51:11,4,1152,1152,1,8214996,4,4,72,792,840.2214,1789.925
Cirrus,6.5.1-Intel-MKL,/mnt/lustre/e1000/home/z04/z04/aturner/benchmark/cirrus-ex/VASP/CdTe_Hybrid/6.5.1-Intel-MKL/CdTe_2nodes_576cores_1threads_4NCORE_2KPAR_22115_202512220931.OUTCAR,22115,2025.12.22 09:31:48,2,576,576,1,7774068,2,4,72,792,1663.602,3387.258
Cirrus,6.5.1-Intel-MKL,/mnt/lustre/e1000/home/z04/z04/aturner/benchmark/cirrus-ex/VASP/CdTe_Hybrid/6.5.1-Intel-MKL/CdTe_1nodes_288cores_1threads_8NCORE_4KPAR_20980_202512191127.OUTCAR,20980,2025.12.19 11:27:15,1,288,288,1,6455012,4,8,9,774,2922.5507,6053.632
Cirrus,6.5.1-Intel-MKL,/mnt/lustre/e1000/home/z04/z04/aturner/benchmark/cirrus-ex/VASP/CdTe_Hybrid/6.5.1-Intel-MKL/CdTe_1nodes_72cores_1threads_8NCORE_2KPAR_20959_202512191106.OUTCAR,20959,2025.12.19 11:06:29,1,72,72,1,10543471,2,1,36,792,4938.7536,11275.17
Cirrus,6.5.1-Intel-MKL,/mnt/lustre/e1000/home/z04/z04/aturner/benchmark/cirrus-ex/VASP/CdTe_Hybrid/6.5.1-Intel-MKL/CdTe_1nodes_72cores_1threads_8NCORE_8KPAR_20964_202512191112.OUTCAR,20964,2025.12.19 11:12:43,1,72,72,1,9461679,8,1,9,774,4654.6946,10760.903
Cirrus,6.5.1-Intel-MKL,/mnt/lustre/e1000/home/z04/z04/aturner/benchmark/cirrus-ex/VASP/CdTe_Hybrid/6.5.1-Intel-MKL/CdTe_1nodes_288cores_1threads_8NCORE_4KPAR_22113_202512220931.OUTCAR,22113,2025.12.22 09:31:14,1,288,288,1,6867060,4,8,9,774,2975.2864,6124.366
Cirrus,6.5.1-Intel-MKL,/mnt/lustre/e1000/home/z04/z04/aturner/benchmark/cirrus-ex/VASP/CdTe_Hybrid/6.5.1-Intel-MKL/CdTe_2nodes_576cores_1threads_8NCORE_2KPAR_22116_202512220931.OUTCAR,22116,2025.12.22 09:31:54,2,576,576,1,7638180,2,8,36,792,1614.5056,3374.226
Cirrus,6.5.1-Intel-MKL,/mnt/lustre/e1000/home/z04/z04/aturner/benchmark/cirrus-ex/VASP/CdTe_Hybrid/6.5.1-Intel-MKL/CdTe_1nodes_144cores_1threads_8NCORE_2KPAR_22102_202512220931.OUTCAR,22102,2025.12.22 09:31:13,1,144,144,1,9549173,2,8,9,774,4171.3173,8618.012
Cirrus,6.5.1-Intel-MKL,/mnt/lustre/e1000/home/z04/z04/aturner/benchmark/cirrus-ex/VASP/CdTe_Hybrid/6.5.1-Intel-MKL/CdTe_1nodes_72cores_1threads_16NCORE_4KPAR_22096_202512220931.OUTCAR,22096,2025.12.22 09:31:12,1,72,72,1,9283599,4,1,18,774,4658.0087,10740.743
Cirrus,6.5.1-Intel-MKL,/mnt/lustre/e1000/home/z04/z04/aturner/benchmark/cirrus-ex/VASP/CdTe_Hybrid/6.5.1-Intel-MKL/CdTe_1nodes_144cores_1threads_16NCORE_4KPAR_22106_202512220931.OUTCAR,22106,2025.12.22 09:31:13,1,144,144,1,7857082,4,1,36,792,3340.5691,7144.386
Cirrus,6.5.1-Intel-MKL,/mnt/lustre/e1000/home/z04/z04/aturner/benchmark/cirrus-ex/VASP/CdTe_Hybrid/6.5.1-Intel-MKL/CdTe_8nodes_2304cores_1threads_8NCORE_4KPAR_20660_202512181527.OUTCAR,20660,2025.12.18 15:27:40,8,2304,2304,1,8778203,4,8,72,792,432.3565,1042.608
Cirrus,6.5.1-Intel-MKL,/mnt/lustre/e1000/home/z04/z04/aturner/benchmark/cirrus-ex/VASP/CdTe_Hybrid/6.5.1-Intel-MKL/CdTe_8nodes_2304cores_1threads_8NCORE_4KPAR_22131_202512221245.OUTCAR,22131,2025.12.22 12:46:15,8,2304,2304,1,8933161,4,8,72,792,437.3711,1053.504
Cirrus,6.5.1-Intel-MKL,/mnt/lustre/e1000/home/z04/z04/aturner/benchmark/cirrus-ex/VASP/CdTe_Hybrid/6.5.1-Intel-MKL/CdTe_1nodes_288cores_1threads_4NCORE_4KPAR_20644_202512181434.OUTCAR,20644,2025.12.18 14:34:47,1,288,288,1,6190398,4,4,18,774,2845.5171,5718.511
Cirrus,6.5.1-Intel-MKL,/mnt/lustre/e1000/home/z04/z04/aturner/benchmark/cirrus-ex/VASP/CdTe_Hybrid/6.5.1-Intel-MKL/CdTe_1nodes_288cores_1threads_4NCORE_2KPAR_20976_202512191122.OUTCAR,20976,2025.12.19 11:23:01,1,288,288,1,7314082,2,4,36,792,3105.8685,6109.936
Cirrus,6.5.1-Intel-MKL,/mnt/lustre/e1000/home/z04/z04/aturner/benchmark/cirrus-ex/VASP/CdTe_Hybrid/6.5.1-Intel-MKL/CdTe_32nodes_9216cores_1threads_8NCORE_4KPAR_21010_202512191946.OUTCAR,21010,2025.12.19 19:47:14,32,9216,9216,1,20372819,4,8,288,864,180.3323,603.684
Cirrus,6.5.1-Intel-MKL,/mnt/lustre/e1000/home/z04/z04/aturner/benchmark/cirrus-ex/VASP/CdTe_Hybrid/6.5.1-Intel-MKL/CdTe_1nodes_144cores_1threads_4NCORE_2KPAR_20967_202512191119.OUTCAR,20967,2025.12.19 11:19:05,1,144,144,1,8386388,2,4,18,774,3611.2098,7546.748
Cirrus,6.5.1-Intel-MKL,/mnt/lustre/e1000/home/z04/z04/aturner/benchmark/cirrus-ex/VASP/CdTe_Hybrid/6.5.1-Intel-MKL/CdTe_8nodes_2304cores_1threads_16NCORE_2KPAR_20996_202512191622.OUTCAR,20996,2025.12.19 16:22:39,8,2304,2304,1,11166280,2,16,72,792,522.1027,1254.702
Cirrus,6.5.1-Intel-MKL,/mnt/lustre/e1000/home/z04/z04/aturner/benchmark/cirrus-ex/VASP/CdTe_Hybrid/6.5.1-Intel-MKL/CdTe_4nodes_1152cores_1threads_8NCORE_2KPAR_22122_202512220931.OUTCAR,22122,2025.12.22 09:31:41,4,1152,1152,1,8096956,2,8,72,792,861.1231,1888.724
Cirrus,6.5.1-Intel-MKL,/mnt/lustre/e1000/home/z04/z04/aturner/benchmark/cirrus-ex/VASP/CdTe_Hybrid/6.5.1-Intel-MKL/CdTe_4nodes_1152cores_1threads_4NCORE_2KPAR_20652_202512181448.OUTCAR,20652,2025.12.18 14:48:41,4,1152,1152,1,9229930,2,4,144,864,1044.2134,2160.084
Cirrus,6.5.1-Intel-MKL,/mnt/lustre/e1000/home/z04/z04/aturner/benchmark/cirrus-ex/VASP/CdTe_Hybrid/6.5.1-Intel-MKL/CdTe_4nodes_1152cores_1threads_8NCORE_2KPAR_20653_202512181448.OUTCAR,20653,2025.12.18 14:48:42,4,1152,1152,1,7940831,2,8,72,792,861.3438,1883.189
Cirrus,6.5.1-Intel-MKL,/mnt/lustre/e1000/home/z04/z04/aturner/benchmark/cirrus-ex/VASP/CdTe_Hybrid/6.5.1-Intel-MKL/CdTe_1nodes_72cores_1threads_4NCORE_2KPAR_22090_202512220931.OUTCAR,22090,2025.12.22 09:31:12,1,72,72,1,11457046,2,4,9,774,5932.8081,12904.05
Cirrus,6.5.1-Intel-MKL,/mnt/lustre/e1000/home/z04/z04/aturner/benchmark/cirrus-ex/VASP/CdTe_Hybrid/6.5.1-Intel-MKL/CdTe_2nodes_576cores_1threads_8NCORE_2KPAR_20983_202512191410.OUTCAR,20983,2025.12.19 14:11:21,2,576,576,1,7708066,2,8,36,792,1624.3109,3373.394
Cirrus,6.5.1-Intel-MKL,/mnt/lustre/e1000/home/z04/z04/aturner/benchmark/cirrus-ex/VASP/CdTe_Hybrid/6.5.1-Intel-MKL/CdTe_2nodes_576cores_1threads_4NCORE_2KPAR_20982_202512191406.OUTCAR,20982,2025.12.19 14:07:06,2,576,576,1,7151401,2,4,72,792,1631.6652,3351.982
Cirrus,6.5.1-Intel-MKL,/mnt/lustre/e1000/home/z04/z04/aturner/benchmark/cirrus-ex/VASP/CdTe_Hybrid/6.5.1-Intel-MKL/CdTe_1nodes_288cores_1threads_16NCORE_4KPAR_22114_202512220931.OUTCAR,22114,2025.12.22 09:31:13,1,288,288,1,8538203,4,1,72,792,3579.766,6935.257
Cirrus,6.5.1-Intel-MKL,/mnt/lustre/e1000/home/z04/z04/aturner/benchmark/cirrus-ex/VASP/CdTe_Hybrid/6.5.1-Intel-MKL/CdTe_1nodes_72cores_1threads_4NCORE_4KPAR_22094_202512220931.OUTCAR,22094,2025.12.22 09:31:12,1,72,72,1,9667005,4,1,18,774,4672.6968,10752.711
Cirrus,6.5.1-Intel-MKL,/mnt/lustre/e1000/home/z04/z04/aturner/benchmark/cirrus-ex/VASP/CdTe_Hybrid/6.5.1-Intel-MKL/CdTe_32nodes_9216cores_1threads_16NCORE_2KPAR_21008_202512191912.OUTCAR,21008,2025.12.19 19:13:29,32,9216,9216,1,26015434,2,16,288,864,216.0787,770.087
Cirrus,6.5.1-Intel-MKL,/mnt/lustre/e1000/home/z04/z04/aturner/benchmark/cirrus-ex/VASP/CdTe_Hybrid/6.5.1-Intel-MKL/CdTe_2nodes_576cores_1threads_16NCORE_2KPAR_20984_202512191412.OUTCAR,20984,2025.12.19 14:13:20,2,576,576,1,7845010,2,16,18,774,1763.9663,3781.256
Cirrus,6.5.1-Intel-MKL,/mnt/lustre/e1000/home/z04/z04/aturner/benchmark/cirrus-ex/VASP/CdTe_Hybrid/6.5.1-Intel-MKL/CdTe_1nodes_288cores_1threads_16NCORE_2KPAR_22111_202512220931.OUTCAR,22111,2025.12.22 09:31:14,1,288,288,1,7231131,2,16,9,774,3431.5445,7123.856
Cirrus,6.5.1-Intel-MKL,/mnt/lustre/e1000/home/z04/z04/aturner/benchmark/cirrus-ex/VASP/CdTe_Hybrid/6.5.1-Intel-MKL/CdTe_4nodes_1152cores_1threads_4NCORE_4KPAR_22124_202512220931.OUTCAR,22124,2025.12.22 09:31:49,4,1152,1152,1,7688332,4,4,72,792,823.0808,1773.803
Cirrus,6.5.1-Intel-MKL,/mnt/lustre/e1000/home/z04/z04/aturner/benchmark/cirrus-ex/VASP/CdTe_Hybrid/6.5.1-Intel-MKL/CdTe_2nodes_576cores_1threads_16NCORE_2KPAR_22117_202512220931.OUTCAR,22117,2025.12.22 09:31:54,2,576,576,1,7914138,2,16,18,774,1756.6631,3770.346
Cirrus,6.5.1-Intel-MKL,/mnt/lustre/e1000/home/z04/z04/aturner/benchmark/cirrus-ex/VASP/CdTe_Hybrid/6.5.1-Intel-MKL/CdTe_8nodes_2304cores_1threads_4NCORE_4KPAR_20659_202512181524.OUTCAR,20659,2025.12.18 15:25:29,8,2304,2304,1,10117486,4,4,144,864,531.4408,1179.466
Cirrus,6.5.1-Intel-MKL,/mnt/lustre/e1000/home/z04/z04/aturner/benchmark/cirrus-ex/VASP/CdTe_Hybrid/6.5.1-Intel-MKL/CdTe_8nodes_2304cores_1threads_8NCORE_2KPAR_20995_202512191617.OUTCAR,20995,2025.12.19 16:18:35,8,2304,2304,1,10708020,2,8,144,864,544.9193,1271.356
Cirrus,6.5.1-Intel-MKL,/mnt/lustre/e1000/home/z04/z04/aturner/benchmark/cirrus-ex/VASP/CdTe_Hybrid/6.5.1-Intel-MKL/CdTe_8nodes_2304cores_1threads_16NCORE_2KPAR_22129_202512221236.OUTCAR,22129,2025.12.22 12:37:19,8,2304,2304,1,10466265,2,16,72,792,514.6678,1240.643
Cirrus,6.5.1-Intel-MKL,/mnt/lustre/e1000/home/z04/z04/aturner/benchmark/cirrus-ex/VASP/CdTe_Hybrid/6.5.1-Intel-MKL/CdTe_1nodes_144cores_1threads_8NCORE_8KPAR_22108_202512220931.OUTCAR,22108,2025.12.22 09:31:13,1,144,144,1,7491610,8,1,18,774,3182.8827,6876.675
Cirrus,6.5.1-Intel-MKL,/mnt/lustre/e1000/home/z04/z04/aturner/benchmark/cirrus-ex/VASP/CdTe_Hybrid/6.5.1-Intel-MKL/CdTe_1nodes_72cores_1threads_4NCORE_2KPAR_20958_202512191106.OUTCAR,20958,2025.12.19 11:06:29,1,72,72,1,10891207,2,4,9,774,5977.3024,12914.429
Cirrus,6.5.1-Intel-MKL,/mnt/lustre/e1000/home/z04/z04/aturner/benchmark/cirrus-ex/VASP/CdTe_Hybrid/6.5.1-Intel-MKL/CdTe_32nodes_9216cores_1threads_8NCORE_4KPAR_20670_202512182016.OUTCAR,20670,2025.12.18 20:17:30,32,9216,9216,1,21058227,4,8,288,864,180.7068,601.225
Cirrus,6.5.1-Intel-MKL,/mnt/lustre/e1000/home/z04/z04/aturner/benchmark/cirrus-ex/VASP/CdTe_Hybrid/6.5.1-Intel-MKL/CdTe_32nodes_9216cores_1threads_4NCORE_2KPAR_20667_202512181909.OUTCAR,20667,2025.12.18 19:10:30,32,9216,9216,1,134386085,2,4,1152,1152,457.0503,3969.245
Cirrus,6.5.1-Intel-MKL,/mnt/lustre/e1000/home/z04/z04/aturner/benchmark/cirrus-ex/VASP/CdTe_Hybrid/6.5.1-Intel-MKL/CdTe_64nodes_18432cores_1threads_4NCORE_4KPAR_20674_202512190719.OUTCAR,20674,2025.12.19 07:20:00,64,18432,18432,1,146877067,4,4,1152,1152,198.9621,2210.267
Cirrus,6.5.1-Intel-MKL,/mnt/lustre/e1000/home/z04/z04/aturner/benchmark/cirrus-ex/VASP/CdTe_Hybrid/6.5.1-Intel-MKL/CdTe_64nodes_18432cores_1threads_16NCORE_2KPAR_21014_202512200616.OUTCAR,21014,2025.12.20 06:17:40,64,18432,18432,1,91839307,2,16,576,1152,220.1083,1373.087
Cirrus,6.5.1-Intel-MKL,/mnt/lustre/e1000/home/z04/z04/aturner/benchmark/cirrus-ex/VASP/CdTe_Hybrid/6.5.1-Intel-MKL/CdTe_1nodes_144cores_1threads_16NCORE_2KPAR_22103_202512220931.OUTCAR,22103,2025.12.22 09:31:13,1,144,144,1,8459023,2,1,72,792,3608.319,7660.822
Cirrus,6.5.1-Intel-MKL,/mnt/lustre/e1000/home/z04/z04/aturner/benchmark/cirrus-ex/VASP/CdTe_Hybrid/6.5.1-Intel-MKL/CdTe_64nodes_18432cores_1threads_16NCORE_4KPAR_20676_202512190812.OUTCAR,20676,2025.12.19 08:13:19,64,18432,18432,1,34570079,4,16,288,864,111.6677,515.03
Cirrus,6.5.1-Intel-MKL,/mnt/lustre/e1000/home/z04/z04/aturner/benchmark/cirrus-ex/VASP/CdTe_Hybrid/6.5.1-Intel-MKL/CdTe_1nodes_288cores_1threads_8NCORE_2KPAR_20977_202512191123.OUTCAR,20977,2025.12.19 11:23:48,1,288,288,1,6957338,2,8,18,774,3002.8568,6125.146
Cirrus,6.5.1-Intel-MKL,/mnt/lustre/e1000/home/z04/z04/aturner/benchmark/cirrus-ex/VASP/CdTe_Hybrid/6.5.1-Intel-MKL/CdTe_4nodes_1152cores_1threads_16NCORE_4KPAR_20656_202512181451.OUTCAR,20656,2025.12.18 14:51:54,4,1152,1152,1,9036350,4,16,18,774,894.3668,1991.483
Cirrus,6.5.1-Intel-MKL,/mnt/lustre/e1000/home/z04/z04/aturner/benchmark/cirrus-ex/VASP/CdTe_Hybrid/6.5.1-Intel-MKL/CdTe_1nodes_288cores_1threads_16NCORE_4KPAR_20646_202512181436.OUTCAR,20646,2025.12.18 14:36:38,1,288,288,1,8403819,4,1,72,792,3584.2787,6934.825
Cirrus,6.5.1-Intel-MKL,/mnt/lustre/e1000/home/z04/z04/aturner/benchmark/cirrus-ex/VASP/CdTe_Hybrid/6.5.1-Intel-MKL/CdTe_16nodes_4608cores_1threads_4NCORE_4KPAR_21003_202512191725.OUTCAR,21003,2025.12.19 17:26:07,16,4608,4608,1,14886980,4,4,288,864,360.466,901.961
Cirrus,6.5.1-Intel-MKL,/mnt/lustre/e1000/home/z04/z04/aturner/benchmark/cirrus-ex/VASP/CdTe_Hybrid/6.5.1-Intel-MKL/CdTe_4nodes_1152cores_1threads_16NCORE_4KPAR_20993_202512191533.OUTCAR,20993,2025.12.19 15:34:10,4,1152,1152,1,8379134,4,16,18,774,885.2264,1985.046
Cirrus,6.5.1-Intel-MKL,/mnt/lustre/e1000/home/z04/z04/aturner/benchmark/cirrus-ex/VASP/CdTe_Hybrid/6.5.1-Intel-MKL/CdTe_4nodes_1152cores_1threads_8NCORE_4KPAR_20655_202512181450.OUTCAR,20655,2025.12.18 14:51:12,4,1152,1152,1,7463335,4,8,36,792,802.9951,1774.25
Cirrus,6.5.1-Intel-MKL,/mnt/lustre/e1000/home/z04/z04/aturner/benchmark/cirrus-ex/VASP/CdTe_Hybrid/6.5.1-Intel-MKL/CdTe_64nodes_18432cores_1threads_8NCORE_4KPAR_20675_202512190756.OUTCAR,20675,2025.12.19 07:57:39,64,18432,18432,1,59936456,4,8,576,1152,170.5343,894.022
Cirrus,6.5.1-Intel-MKL,/mnt/lustre/e1000/home/z04/z04/aturner/benchmark/cirrus-ex/VASP/CdTe_Hybrid/6.5.1-Intel-MKL/CdTe_1nodes_72cores_1threads_8NCORE_4KPAR_22095_202512220931.OUTCAR,22095,2025.12.22 09:31:12,1,72,72,1,9270038,4,1,18,774,4702.3196,10780.422
Cirrus,6.5.1-Intel-MKL,/mnt/lustre/e1000/home/z04/z04/aturner/benchmark/cirrus-ex/VASP/CdTe_Hybrid/6.5.1-Intel-MKL/CdTe_8nodes_2304cores_1threads_16NCORE_4KPAR_22132_202512221253.OUTCAR,22132,2025.12.22 12:53:40,8,2304,2304,1,10323121,4,16,36,792,481.842,1160.382
Cirrus,6.5.1-Intel-MKL,/mnt/lustre/e1000/home/z04/z04/aturner/benchmark/cirrus-ex/VASP/CdTe_Hybrid/6.5.1-Intel-MKL/CdTe_2nodes_576cores_1threads_16NCORE_4KPAR_22120_202512220931.OUTCAR,22120,2025.12.22 09:31:43,2,576,576,1,7769505,4,16,9,774,1727.9304,3700.797
Cirrus,6.5.1-Intel-MKL,/mnt/lustre/e1000/home/z04/z04/aturner/benchmark/cirrus-ex/VASP/CdTe_Hybrid/6.5.1-Intel-MKL/CdTe_1nodes_72cores_1threads_4NCORE_4KPAR_20961_202512191109.OUTCAR,20961,2025.12.19 11:09:17,1,72,72,1,10009038,4,1,18,774,4709.198,10810.795
Cirrus,6.5.1-Intel-MKL,/mnt/lustre/e1000/home/z04/z04/aturner/benchmark/cirrus-ex/VASP/CdTe_Hybrid/6.5.1-Intel-MKL/CdTe_16nodes_4608cores_1threads_16NCORE_4KPAR_20666_202512181614.OUTCAR,20666,2025.12.18 16:14:44,16,4608,4608,1,12296267,4,16,72,792,260.35,734.035
Cirrus,6.5.1-Intel-MKL,/mnt/lustre/e1000/home/z04/z04/aturner/benchmark/cirrus-ex/VASP/CdTe_Hybrid/6.5.1-Intel-MKL/CdTe_4nodes_1152cores_1threads_8NCORE_2KPAR_20989_202512191516.OUTCAR,20989,2025.12.19 15:17:07,4,1152,1152,1,8130505,2,8,72,792,864.0327,1909.755
Cirrus,6.5.1-Intel-MKL,/mnt/lustre/e1000/home/z04/z04/aturner/benchmark/cirrus-ex/VASP/CdTe_Hybrid/6.5.1-Intel-MKL/CdTe_32nodes_9216cores_1threads_4NCORE_2KPAR_22139_202512221442.OUTCAR,22139,2025.12.22 14:43:08,32,9216,9216,1,131917419,2,4,1152,1152,451.0244,4011.275
Cirrus,6.5.1-Intel-MKL,/mnt/lustre/e1000/home/z04/z04/aturner/benchmark/cirrus-ex/VASP/CdTe_Hybrid/6.5.1-Intel-MKL/CdTe_4nodes_1152cores_1threads_4NCORE_2KPAR_22121_202512220931.OUTCAR,22121,2025.12.22 09:31:52,4,1152,1152,1,9150375,2,4,144,864,1040.2334,2172.294
Cirrus,6.5.1-Intel-MKL,/mnt/lustre/e1000/home/z04/z04/aturner/benchmark/cirrus-ex/VASP/CdTe_Hybrid/6.5.1-Intel-MKL/CdTe_1nodes_72cores_1threads_16NCORE_2KPAR_20960_202512191107.OUTCAR,20960,2025.12.19 11:07:01,1,72,72,1,10081353,2,1,36,792,4927.9806,11231.257
Cirrus,6.5.1-Intel-MKL,/mnt/lustre/e1000/home/z04/z04/aturner/benchmark/cirrus-ex/VASP/CdTe_Hybrid/6.5.1-Intel-MKL/CdTe_16nodes_4608cores_1threads_4NCORE_2KPAR_21000_202512191700.OUTCAR,21000,2025.12.19 17:00:54,16,4608,4608,1,34242755,2,4,576,1152,685.336,2096.782
Cirrus,6.5.1-Intel-MKL,/mnt/lustre/e1000/home/z04/z04/aturner/benchmark/cirrus-ex/VASP/CdTe_Hybrid/6.5.1-Intel-MKL/CdTe_8nodes_2304cores_1threads_4NCORE_4KPAR_22130_202512221242.OUTCAR,22130,2025.12.22 12:43:07,8,2304,2304,1,10119486,4,4,144,864,532.5491,1190.027
Cirrus,6.5.1-Intel-MKL,/mnt/lustre/e1000/home/z04/z04/aturner/benchmark/cirrus-ex/VASP/CdTe_Hybrid/6.5.1-Intel-MKL/CdTe_1nodes_144cores_1threads_4NCORE_4KPAR_22104_202512220931.OUTCAR,22104,2025.12.22 09:31:13,1,144,144,1,8423668,4,4,9,774,3605.1871,7589.043
Cirrus,6.5.1-Intel-MKL,/mnt/lustre/e1000/home/z04/z04/aturner/benchmark/cirrus-ex/VASP/CdTe_Hybrid/6.5.1-Intel-MKL/CdTe_1nodes_72cores_1threads_8NCORE_8KPAR_20965_202512191115.OUTCAR,20965,2025.12.19 11:15:57,1,72,72,1,9308698,8,1,9,774,4657.0974,10765.464
Cirrus,6.5.1-Intel-MKL,/mnt/lustre/e1000/home/z04/z04/aturner/benchmark/cirrus-ex/VASP/CdTe_Hybrid/6.5.1-Intel-MKL/CdTe_16nodes_4608cores_1threads_16NCORE_4KPAR_21005_202512191739.OUTCAR,21005,2025.12.19 17:39:42,16,4608,4608,1,12482013,4,16,72,792,263.961,736.241
Cirrus,6.5.1-Intel-MKL,/mnt/lustre/e1000/home/z04/z04/aturner/benchmark/cirrus-ex/VASP/CdTe_Hybrid/6.5.1-Intel-MKL/CdTe_64nodes_18432cores_1threads_4NCORE_4KPAR_21015_202512200640.OUTCAR,21015,2025.12.20 06:41:23,64,18432,18432,1,146643229,4,4,1152,1152,198.6671,2208.883
Cirrus,6.5.1-Intel-MKL,/mnt/lustre/e1000/home/z04/z04/aturner/benchmark/cirrus-ex/VASP/CdTe_Hybrid/6.5.1-Intel-MKL/CdTe_2nodes_576cores_1threads_4NCORE_4KPAR_20985_202512191414.OUTCAR,20985,2025.12.19 14:14:55,2,576,576,1,6719116,4,4,36,792,1529.4499,3149.399
Cirrus,6.5.1-Intel-MKL,/mnt/lustre/e1000/home/z04/z04/aturner/benchmark/cirrus-ex/VASP/CdTe_Hybrid/6.5.1-Intel-MKL/CdTe_2nodes_576cores_1threads_4NCORE_4KPAR_20649_202512181436.OUTCAR,20649,2025.12.18 14:37:33,2,576,576,1,6928478,4,4,36,792,1520.0281,3136.565
Cirrus,6.5.1-Intel-MKL,/mnt/lustre/e1000/home/z04/z04/aturner/benchmark/cirrus-ex/VASP/CdTe_Hybrid/6.5.1-Intel-MKL/CdTe_8nodes_2304cores_1threads_8NCORE_4KPAR_20998_202512191633.OUTCAR,20998,2025.12.19 16:33:51,8,2304,2304,1,9550580,4,8,72,792,441.9994,1059.126
Cirrus,6.5.1-Intel-MKL,/mnt/lustre/e1000/home/z04/z04/aturner/benchmark/cirrus-ex/VASP/CdTe_Hybrid/6.5.1-Intel-MKL/CdTe_2nodes_576cores_1threads_16NCORE_4KPAR_20987_202512191415.OUTCAR,20987,2025.12.19 14:16:23,2,576,576,1,8559380,4,16,9,774,1772.955,3780.593
Cirrus,6.5.1-Intel-MKL,/mnt/lustre/e1000/home/z04/z04/aturner/benchmark/cirrus-ex/VASP/CdTe_Hybrid/6.5.1-Intel-MKL/CdTe_1nodes_144cores_1threads_8NCORE_2KPAR_20969_202512191119.OUTCAR,20969,2025.12.19 11:19:08,1,144,144,1,8990512,2,8,9,774,4166.7512,8629.5
Cirrus,6.5.1-Intel-MKL,/mnt/lustre/e1000/home/z04/z04/aturner/benchmark/cirrus-ex/VASP/CdTe_Hybrid/6.5.1-Intel-MKL/CdTe_64nodes_18432cores_1threads_8NCORE_2KPAR_21013_202512200514.OUTCAR,21013,2025.12.20 05:15:41,64,18432,18432,1,244112010,2,8,1152,1152,213.6882,3670.864
Cirrus,6.5.1-Intel-MKL,/mnt/lustre/e1000/home/z04/z04/aturner/benchmark/cirrus-ex/VASP/CdTe_Hybrid/6.5.1-Intel-MKL/CdTe_1nodes_144cores_1threads_4NCORE_2KPAR_22100_202512220931.OUTCAR,22100,2025.12.22 09:31:13,1,144,144,1,8995320,2,4,18,774,3680.4699,7677.736
Cirrus,6.5.1-Intel-MKL,/mnt/lustre/e1000/home/z04/z04/aturner/benchmark/cirrus-ex/VASP/CdTe_Hybrid/6.5.1-Intel-MKL/CdTe_4nodes_1152cores_1threads_16NCORE_2KPAR_20990_202512191519.OUTCAR,20990,2025.12.19 15:20:13,4,1152,1152,1,9433367,2,16,36,792,960.0033,2127.789
Cirrus,6.5.1-Intel-MKL,/mnt/lustre/e1000/home/z04/z04/aturner/benchmark/cirrus-ex/VASP/CdTe_Hybrid/6.5.1-Intel-MKL/CdTe_1nodes_288cores_1threads_4NCORE_4KPAR_20979_202512191127.OUTCAR,20979,2025.12.19 11:27:16,1,288,288,1,6287907,4,4,18,774,2860.9584,5749.674
Cirrus,6.5.1-Intel-MKL,/mnt/lustre/e1000/home/z04/z04/aturner/benchmark/cirrus-ex/VASP/CdTe_Hybrid/6.5.1-Intel-MKL/CdTe_1nodes_288cores_1threads_8NCORE_2KPAR_22110_202512220931.OUTCAR,22110,2025.12.22 09:31:14,1,288,288,1,6513029,2,8,18,774,2956.829,6084.889
Cirrus,6.5.1-Intel-MKL,/mnt/lustre/e1000/home/z04/z04/aturner/benchmark/cirrus-ex/VASP/CdTe_Hybrid/6.5.1-Intel-MKL/CdTe_2nodes_576cores_1threads_16NCORE_4KPAR_20651_202512181438.OUTCAR,20651,2025.12.18 14:38:36,2,576,576,1,7839737,4,16,9,774,1736.8301,3728.742
Cirrus,6.5.1-Intel-MKL,/mnt/lustre/e1000/home/z04/z04/aturner/benchmark/cirrus-ex/VASP/CdTe_Hybrid/6.5.1-Intel-MKL/CdTe_16nodes_4608cores_1threads_8NCORE_2KPAR_22134_202512221325.OUTCAR,22134,2025.12.22 13:26:14,16,4608,4608,1,17508505,2,8,288,864,393.8968,1035.989
Cirrus,6.5.1-Intel-MKL,/mnt/lustre/e1000/home/z04/z04/aturner/benchmark/cirrus-ex/VASP/CdTe_Hybrid/6.5.1-Intel-MKL/CdTe_1nodes_288cores_1threads_16NCORE_4KPAR_20981_202512191132.OUTCAR,20981,2025.12.19 11:32:16,1,288,288,1,7695816,4,1,72,792,3494.7985,6806.189
Cirrus,6.5.1-Intel-MKL,/mnt/lustre/e1000/home/z04/z04/aturner/benchmark/cirrus-ex/VASP/CdTe_Hybrid/6.5.1-Intel-MKL/CdTe_16nodes_4608cores_1threads_4NCORE_4KPAR_22136_202512221343.OUTCAR,22136,2025.12.22 13:44:19,16,4608,4608,1,15332959,4,4,288,864,362.8649,906.737
Cirrus,6.5.1-Intel-MKL,/mnt/lustre/e1000/home/z04/z04/aturner/benchmark/cirrus-ex/VASP/CdTe_Hybrid/6.5.1-Intel-MKL/CdTe_8nodes_2304cores_1threads_4NCORE_2KPAR_22127_202512221215.OUTCAR,22127,2025.12.22 12:15:38,8,2304,2304,1,13387751,2,4,288,864,701.8838,1603.986
Cirrus,6.5.1-Intel-MKL,/mnt/lustre/e1000/home/z04/z04/aturner/benchmark/cirrus-ex/VASP/CdTe_Hybrid/6.5.1-Intel-MKL/CdTe_64nodes_18432cores_1threads_16NCORE_4KPAR_20956_202512191042.OUTCAR,20956,2025.12.19 10:42:58,64,18432,18432,1,34593155,4,16,288,864,112.0349,515.608
Cirrus,6.5.1-Intel-MKL,/mnt/lustre/e1000/home/z04/z04/aturner/benchmark/cirrus-ex/VASP/CdTe_Hybrid/6.5.1-Intel-MKL/CdTe_16nodes_4608cores_1threads_8NCORE_2KPAR_21001_202512191721.OUTCAR,21001,2025.12.19 17:21:53,16,4608,4608,1,17424355,2,8,288,864,393.9216,1040.373
Cirrus,6.5.1-Intel-MKL,/mnt/lustre/e1000/home/z04/z04/aturner/benchmark/cirrus-ex/VASP/CdTe_Hybrid/6.5.1-Intel-MKL/CdTe_8nodes_2304cores_1threads_8NCORE_2KPAR_22128_202512221230.OUTCAR,22128,2025.12.22 12:31:31,8,2304,2304,1,10884147,2,8,144,864,550.2759,1287.251
Cirrus,6.5.1-Intel-MKL,/mnt/lustre/e1000/home/z04/z04/aturner/benchmark/cirrus-ex/VASP/CdTe_Hybrid/6.5.1-Intel-MKL/CdTe_64nodes_18432cores_1threads_8NCORE_4KPAR_21016_202512200718.OUTCAR,21016,2025.12.20 07:18:57,64,18432,18432,1,59896925,4,8,576,1152,171.1937,894.303
Cirrus,6.5.1-Intel-MKL,/mnt/lustre/e1000/home/z04/z04/aturner/benchmark/cirrus-ex/VASP/CdTe_Hybrid/6.5.1-Intel-MKL/CdTe_1nodes_72cores_1threads_8NCORE_8KPAR_22097_202512220931.OUTCAR,22097,2025.12.22 09:31:12,1,72,72,1,9374249,8,1,9,774,4638.0625,10730.76
Cirrus,6.5.1-Intel-MKL,/mnt/lustre/e1000/home/z04/z04/aturner/benchmark/cirrus-ex/VASP/CdTe_Hybrid/6.5.1-Intel-MKL/CdTe_16nodes_4608cores_1threads_8NCORE_2KPAR_20663_202512181555.OUTCAR,20663,2025.12.18 15:56:31,16,4608,4608,1,17516704,2,8,288,864,393.0672,1038.52
Cirrus,6.5.1-Intel-MKL,/mnt/lustre/e1000/home/z04/z04/aturner/benchmark/cirrus-ex/VASP/CdTe_Hybrid/6.5.1-Intel-MKL/CdTe_1nodes_72cores_1threads_4NCORE_2KPAR_20957_202512191105.OUTCAR,20957,2025.12.19 11:05:48,1,72,72,1,10982195,2,4,9,774,5936.8003,12865.294
Cirrus,6.5.1-Intel-MKL,/mnt/lustre/e1000/home/z04/z04/aturner/benchmark/cirrus-ex/VASP/CdTe_Hybrid/6.5.1-Intel-MKL/CdTe_1nodes_144cores_1threads_8NCORE_8KPAR_20974_202512191122.OUTCAR,20974,2025.12.19 11:22:27,1,144,144,1,8255256,8,1,18,774,3230.549,6994.739
Cirrus,6.5.1-Intel-MKL,/mnt/lustre/e1000/home/z04/z04/aturner/benchmark/cirrus-ex/VASP/CdTe_Hybrid/6.5.1-Intel-MKL/CdTe_8nodes_2304cores_1threads_4NCORE_4KPAR_20997_202512191625.OUTCAR,20997,2025.12.19 16:25:49,8,2304,2304,1,10087460,4,4,144,864,530.5389,1189.181
Cirrus,6.5.1-Intel-MKL,/mnt/lustre/e1000/home/z04/z04/aturner/benchmark/cirrus-ex/VASP/CdTe_Hybrid/6.5.1-Intel-MKL/CdTe_4nodes_1152cores_1threads_16NCORE_4KPAR_22126_202512220931.OUTCAR,22126,2025.12.22 09:31:47,4,1152,1152,1,8410541,4,16,18,774,890.9683,2004.483
Cirrus,6.5.1-Intel-MKL,/mnt/lustre/e1000/home/z04/z04/aturner/benchmark/cirrus-ex/VASP/CdTe_Hybrid/6.5.1-Intel-MKL/CdTe_1nodes_144cores_1threads_4NCORE_4KPAR_20971_202512191121.OUTCAR,20971,2025.12.19 11:21:10,1,144,144,1,8254790,4,4,9,774,3586.0156,7540.529
Cirrus,6.5.1-Intel-MKL,/mnt/lustre/e1000/home/z04/z04/aturner/benchmark/cirrus-ex/VASP/CdTe_Hybrid/6.5.1-Intel-MKL/CdTe_8nodes_2304cores_1threads_4NCORE_2KPAR_20994_202512191610.OUTCAR,20994,2025.12.19 16:11:38,8,2304,2304,1,13536110,2,4,288,864,705.4631,1608.187
Cirrus,6.5.1-Intel-MKL,/mnt/lustre/e1000/home/z04/z04/aturner/benchmark/cirrus-ex/VASP/CdTe_Hybrid/6.5.1-Intel-MKL/CdTe_1nodes_72cores_1threads_8NCORE_2KPAR_22092_202512220931.OUTCAR,22092,2025.12.22 09:31:12,1,72,72,1,10068708,2,1,36,792,4922.071,11238.086
Cirrus,6.5.1-Intel-MKL,/mnt/lustre/e1000/home/z04/z04/aturner/benchmark/cirrus-ex/VASP/CdTe_Hybrid/6.5.1-Intel-MKL/CdTe_16nodes_4608cores_1threads_4NCORE_2KPAR_20662_202512181552.OUTCAR,20662,2025.12.18 15:53:09,16,4608,4608,1,36308344,2,4,576,1152,702.7501,2102.801
Cirrus,6.5.1-Intel-MKL,/mnt/lustre/e1000/home/z04/z04/aturner/benchmark/cirrus-ex/VASP/CdTe_Hybrid/6.5.1-Intel-MKL/CdTe_1nodes_144cores_1threads_8NCORE_4KPAR_22105_202512220931.OUTCAR,22105,2025.12.22 09:31:13,1,144,144,1,7745115,4,1,36,792,3334.9974,7134.303
Cirrus,6.5.1-Intel-MKL,/mnt/lustre/e1000/home/z04/z04/aturner/benchmark/cirrus-ex/VASP/CdTe_Hybrid/6.5.1-Intel-MKL/CdTe_32nodes_9216cores_1threads_4NCORE_4KPAR_21009_202512191926.OUTCAR,21009,2025.12.19 19:27:04,32,9216,9216,1,38750735,4,4,576,1152,353.7551,1160.727
Cirrus,6.5.1-Intel-MKL,/mnt/lustre/e1000/home/z04/z04/aturner/benchmark/cirrus-ex/VASP/CdTe_Hybrid/6.5.1-Intel-MKL/CdTe_16nodes_4608cores_1threads_8NCORE_4KPAR_21004_202512191735.OUTCAR,21004,2025.12.19 17:36:29,16,4608,4608,1,12575829,4,8,144,864,278.3909,735.546
Cirrus,6.5.1-Intel-MKL,/mnt/lustre/e1000/home/z04/z04/aturner/benchmark/cirrus-ex/VASP/CdTe_Hybrid/6.5.1-Intel-MKL/CdTe_1nodes_288cores_1threads_4NCORE_2KPAR_20642_202512181434.OUTCAR,20642,2025.12.18 14:34:46,1,288,288,1,6581508,2,4,36,792,3019.8471,5999.469
Cirrus,6.5.1-Intel-MKL,/mnt/lustre/e1000/home/z04/z04/aturner/benchmark/cirrus-ex/VASP/CdTe_Hybrid/6.5.1-Intel-MKL/CdTe_1nodes_72cores_1threads_16NCORE_8KPAR_20966_202512191115.OUTCAR,20966,2025.12.19 11:16:00,1,72,72,1,12353602,8,9,1,770,7282.9807,15495.281
Cirrus,6.5.1-Intel-MKL,/mnt/lustre/e1000/home/z04/z04/aturner/benchmark/cirrus-ex/VASP/CdTe_Hybrid/6.5.1-Intel-MKL/CdTe_16nodes_4608cores_1threads_4NCORE_4KPAR_20664_202512181558.OUTCAR,20664,2025.12.18 15:58:56,16,4608,4608,1,15063156,4,4,288,864,357.7001,900.862
Cirrus,6.5.1-Intel-MKL,/mnt/lustre/e1000/home/z04/z04/aturner/benchmark/cirrus-ex/VASP/CdTe_Hybrid/6.5.1-Intel-MKL/CdTe_64nodes_18432cores_1threads_16NCORE_4KPAR_21017_202512200733.OUTCAR,21017,2025.12.20 07:34:38,64,18432,18432,1,34488363,4,16,288,864,111.5934,514.027
Cirrus,6.5.1-Intel-MKL,/mnt/lustre/e1000/home/z04/z04/aturner/benchmark/cirrus-ex/VASP/CdTe_Hybrid/6.5.1-Intel-MKL/CdTe_1nodes_144cores_1threads_16NCORE_2KPAR_20970_202512191119.OUTCAR,20970,2025.12.19 11:19:08,1,144,144,1,8421516,2,1,72,792,3614.6399,7677.958
Cirrus,6.5.1-Intel-MKL,/mnt/lustre/e1000/home/z04/z04/aturner/benchmark/cirrus-ex/VASP/CdTe_Hybrid/6.5.1-Intel-MKL/CdTe_8nodes_2304cores_1threads_16NCORE_4KPAR_20661_202512181527.OUTCAR,20661,2025.12.18 15:28:27,8,2304,2304,1,10353009,4,16,36,792,481.6605,1156.154
Cirrus,6.5.1-Intel-MKL,/mnt/lustre/e1000/home/z04/z04/aturner/benchmark/cirrus-ex/VASP/CdTe_Hybrid/6.5.1-Intel-MKL/CdTe_1nodes_72cores_1threads_4NCORE_2KPAR_22091_202512220931.OUTCAR,22091,2025.12.22 09:31:12,1,72,72,1,10869357,2,4,9,774,6029.5581,13007.441
Cirrus,6.5.1-Intel-MKL,/mnt/lustre/e1000/home/z04/z04/aturner/benchmark/cirrus-ex/VASP/CdTe_Hybrid/6.5.1-Intel-MKL/CdTe_1nodes_144cores_1threads_16NCORE_4KPAR_20973_202512191121.OUTCAR,20973,2025.12.19 11:21:26,1,144,144,1,8034380,4,1,36,792,3321.2667,7195.321
Cirrus,6.5.1-Intel-MKL,/mnt/lustre/e1000/home/z04/z04/aturner/benchmark/cirrus-ex/VASP/CdTe_Hybrid/6.5.1-Intel-MKL/CdTe_32nodes_9216cores_1threads_8NCORE_2KPAR_21007_202512191847.OUTCAR,21007,2025.12.19 18:47:44,32,9216,9216,1,50287079,2,8,576,1152,339.5615,1495.446
Cirrus,6.5.1-Intel-MKL,/mnt/lustre/e1000/home/z04/z04/aturner/benchmark/cirrus-ex/VASP/CdTe_Hybrid/6.5.1-Intel-MKL/CdTe_1nodes_72cores_1threads_16NCORE_2KPAR_22093_202512220931.OUTCAR,22093,2025.12.22 09:31:12,1,72,72,1,10331420,2,1,36,792,4937.0139,11239.735
Cirrus,6.5.1-Intel-MKL,/mnt/lustre/e1000/home/z04/z04/aturner/benchmark/cirrus-ex/VASP/CdTe_Hybrid/6.5.1-Intel-MKL/CdTe_32nodes_9216cores_1threads_4NCORE_4KPAR_20669_202512182011.OUTCAR,20669,2025.12.18 20:12:19,32,9216,9216,1,38142092,4,4,576,1152,350.4735,1155.773
Cirrus,6.5.1-Intel-MKL,/mnt/lustre/e1000/home/z04/z04/aturner/benchmark/cirrus-ex/VASP/CdTe_Hybrid/6.5.1-Intel-MKL/CdTe_1nodes_72cores_1threads_16NCORE_8KPAR_22099_202512220931.OUTCAR,22099,2025.12.22 09:31:12,1,72,72,1,12860564,8,9,1,770,7400.3336,15679.409
Cirrus,6.5.1-Intel-MKL,/mnt/lustre/e1000/home/z04/z04/aturner/benchmark/cirrus-ex/VASP/CdTe_Hybrid/6.5.1-Intel-MKL/CdTe_4nodes_1152cores_1threads_4NCORE_4KPAR_20991_202512191521.OUTCAR,20991,2025.12.19 15:21:46,4,1152,1152,1,8144909,4,4,72,792,842.5385,1787.949
Cirrus,6.5.1-Intel-MKL,/mnt/lustre/e1000/home/z04/z04/aturner/benchmark/cirrus-ex/VASP/CdTe_Hybrid/6.5.1-Intel-MKL/CdTe_1nodes_144cores_1threads_4NCORE_2KPAR_22101_202512220931.OUTCAR,22101,2025.12.22 09:31:13,1,144,144,1,8847217,2,4,18,774,3676.2991,7658.051
Cirrus,6.5.1-Intel-MKL,/mnt/lustre/e1000/home/z04/z04/aturner/benchmark/cirrus-ex/VASP/CdTe_Hybrid/6.5.1-Intel-MKL/CdTe_32nodes_9216cores_1threads_16NCORE_4KPAR_21011_202512191949.OUTCAR,21011,2025.12.19 19:50:12,32,9216,9216,1,19093135,4,16,144,864,168.4393,566.364
Cirrus,6.5.1-Intel-MKL,/mnt/lustre/e1000/home/z04/z04/aturner/benchmark/cirrus-ex/VASP/CdTe_Hybrid/6.5.1-Intel-MKL/CdTe_1nodes_72cores_1threads_8NCORE_4KPAR_20962_202512191110.OUTCAR,20962,2025.12.19 11:10:27,1,72,72,1,8930430,4,1,18,774,4695.347,10787.282
Cirrus,6.5.1-Intel-MKL,/mnt/lustre/e1000/home/z04/z04/aturner/benchmark/cirrus-ex/VASP/CdTe_Hybrid/6.5.1-Intel-MKL/CdTe_4nodes_1152cores_1threads_16NCORE_2KPAR_22123_202512220931.OUTCAR,22123,2025.12.22 09:31:48,4,1152,1152,1,8871535,2,16,36,792,945.5981,2107.132
Cirrus,6.5.1-Intel-MKL,/mnt/lustre/e1000/home/z04/z04/aturner/benchmark/cirrus-ex/VASP/CdTe_Hybrid/6.5.1-Intel-MKL/CdTe_1nodes_288cores_1threads_4NCORE_2KPAR_22109_202512220931.OUTCAR,22109,2025.12.22 09:31:14,1,288,288,1,6324246,2,4,36,792,3009.7252,6001.892
Cirrus,6.5.1-Intel-MKL,/mnt/lustre/e1000/home/z04/z04/aturner/benchmark/cirrus-ex/VASP/CdTe_Hybrid/6.5.1-Intel-MKL/CdTe_2nodes_576cores_1threads_8NCORE_4KPAR_20986_202512191414.OUTCAR,20986,2025.12.19 14:15:26,2,576,576,1,7229617,4,8,18,774,1523.5507,3216.471
Cirrus,6.5.1-Intel-MKL,/mnt/lustre/e1000/home/z04/z04/aturner/benchmark/cirrus-ex/VASP/CdTe_Hybrid/6.5.1-Intel-MKL/CdTe_32nodes_9216cores_1threads_4NCORE_2KPAR_21006_202512191842.OUTCAR,21006,2025.12.19 18:42:55,32,9216,9216,1,132238970,2,4,1152,1152,450.1484,3987.64
Cirrus,6.5.1-Intel-MKL,/mnt/lustre/e1000/home/z04/z04/aturner/benchmark/cirrus-ex/VASP/CdTe_Hybrid/6.5.1-Intel-MKL/CdTe_16nodes_4608cores_1threads_8NCORE_4KPAR_22137_202512221349.OUTCAR,22137,2025.12.22 13:50:01,16,4608,4608,1,12492466,4,8,144,864,278.8448,743.769
Cirrus,6.5.1-Intel-MKL,/mnt/lustre/e1000/home/z04/z04/aturner/benchmark/cirrus-ex/VASP/CdTe_Hybrid/6.5.1-Intel-MKL/CdTe_16nodes_4608cores_1threads_8NCORE_4KPAR_20665_202512181613.OUTCAR,20665,2025.12.18 16:14:36,16,4608,4608,1,12387131,4,8,144,864,274.7284,735.744
Cirrus,6.5.1-Intel-MKL,/mnt/lustre/e1000/home/z04/z04/aturner/benchmark/cirrus-ex/VASP/CdTe_Hybrid/6.5.1-Intel-MKL/CdTe_32nodes_9216cores_1threads_16NCORE_4KPAR_20671_202512182027.OUTCAR,20671,2025.12.18 20:28:19,32,9216,9216,1,19822027,4,16,144,864,169.2887,566.482
Cirrus,6.5.1-Intel-MKL,/mnt/lustre/e1000/home/z04/z04/aturner/benchmark/cirrus-ex/VASP/CdTe_Hybrid/6.5.1-Intel-MKL/CdTe_2nodes_576cores_1threads_4NCORE_2KPAR_20647_202512181436.OUTCAR,20647,2025.12.18 14:37:16,2,576,576,1,7166759,2,4,72,792,1627.8912,3336.485
Cirrus,6.5.1-Intel-MKL,/mnt/lustre/e1000/home/z04/z04/aturner/benchmark/cirrus-ex/VASP/CdTe_Hybrid/6.5.1-Intel-MKL/CdTe_32nodes_9216cores_1threads_8NCORE_2KPAR_20668_202512181945.OUTCAR,20668,2025.12.18 19:46:39,32,9216,9216,1,49694157,2,8,576,1152,338.1878,1492.88
