System,Label,File,JobID,Date,Nodes,Cores,Processes,Threads,Energy,KPAR,NCORE,NPAR,Bands,LOOP+ Time,Runtime
Cirrus,6.5.1-GCC-LibSci,/mnt/lustre/e1000/home/z04/z04/aturner/benchmark/cirrus-ex/VASP/TiO2_MCC/6.5.1-GCC-LibSci/TiO2MCC_8nodes_2304cores_1threads_8NCORE_21624_202512201927.OUTCAR,21624,2025.12.20 19:27:49,8,2304,2304,1,3740748,1,8,288,5184,32.7654,437.59
Cirrus,6.5.1-GCC-LibSci,/mnt/lustre/e1000/home/z04/z04/aturner/benchmark/cirrus-ex/VASP/TiO2_MCC/6.5.1-GCC-LibSci/TiO2MCC_16nodes_1152cores_1threads_4NCORE_23226_202512270821.OUTCAR,23226,2025.12.27 08:22:08,16,1152,1152,1,3502229,1,4,288,5184,18.1573,264.823
Cirrus,6.5.1-GCC-LibSci,/mnt/lustre/e1000/home/z04/z04/aturner/benchmark/cirrus-ex/VASP/TiO2_MCC/6.5.1-GCC-LibSci/TiO2MCC_2nodes_576cores_1threads_4NCORE_21603_202512201906.OUTCAR,21603,2025.12.20 19:06:39,2,576,576,1,2101757,1,4,144,5184,123.7461,977.226
Cirrus,6.5.1-GCC-LibSci,/mnt/lustre/e1000/home/z04/z04/aturner/benchmark/cirrus-ex/VASP/TiO2_MCC/6.5.1-GCC-LibSci/TiO2MCC_16nodes_4608cores_1threads_4NCORE_21633_202512201941.OUTCAR,21633,2025.12.20 19:42:10,16,4608,4608,1,8613722,1,4,1152,5760,32.2528,515.377
Cirrus,6.5.1-GCC-LibSci,/mnt/lustre/e1000/home/z04/z04/aturner/benchmark/cirrus-ex/VASP/TiO2_MCC/6.5.1-GCC-LibSci/TiO2MCC_32nodes_768cores_12threads_1NCORE_22970_202512261103.OUTCAR,22970,2025.12.26 11:03:29,32,9216,768,12,5623720,1,1,768,5376,15.9589,283.651
Cirrus,6.5.1-GCC-LibSci,/mnt/lustre/e1000/home/z04/z04/aturner/benchmark/cirrus-ex/VASP/TiO2_MCC/6.5.1-GCC-LibSci/TiO2MCC_1nodes_72cores_1threads_8NCORE_23187_202512270816.OUTCAR,23187,2025.12.27 08:16:59,1,72,72,1,1551656,1,8,9,5184,255.945,1715.319
Cirrus,6.5.1-GCC-LibSci,/mnt/lustre/e1000/home/z04/z04/aturner/benchmark/cirrus-ex/VASP/TiO2_MCC/6.5.1-GCC-LibSci/TiO2MCC_1nodes_36cores_1threads_16NCORE_21586_202512201903.OUTCAR,21586,2025.12.20 19:03:08,1,36,36,1,1546147,1,1,36,5184,314.0971,2195.352
Cirrus,6.5.1-GCC-LibSci,/mnt/lustre/e1000/home/z04/z04/aturner/benchmark/cirrus-ex/VASP/TiO2_MCC/6.5.1-GCC-LibSci/TiO2MCC_4nodes_144cores_8threads_1NCORE_22959_202512261103.OUTCAR,22959,2025.12.26 11:03:28,4,1152,144,8,2637021,1,1,144,5184,95.5799,875.542
Cirrus,6.5.1-GCC-LibSci,/mnt/lustre/e1000/home/z04/z04/aturner/benchmark/cirrus-ex/VASP/TiO2_MCC/6.5.1-GCC-LibSci/TiO2MCC_64nodes_8192cores_1threads_16NCORE_22342_202512221038.OUTCAR,22342,2025.12.22 10:38:19,64,8192,8192,1,14298592,1,16,512,5632,13.5701,321.632
Cirrus,6.5.1-GCC-LibSci,/mnt/lustre/e1000/home/z04/z04/aturner/benchmark/cirrus-ex/VASP/TiO2_MCC/6.5.1-GCC-LibSci/TiO2MCC_32nodes_4608cores_2threads_1NCORE_22973_202512261110.OUTCAR,22973,2025.12.26 11:10:36,32,9216,4608,2,21996924,1,1,4608,9216,45.7635,690.725
Cirrus,6.5.1-GCC-LibSci,/mnt/lustre/e1000/home/z04/z04/aturner/benchmark/cirrus-ex/VASP/TiO2_MCC/6.5.1-GCC-LibSci/TiO2MCC_32nodes_4096cores_1threads_8NCORE_22331_202512221011.OUTCAR,22331,2025.12.22 10:11:31,32,4096,4096,1,8079173,1,8,512,5632,22.031,359.855
Cirrus,6.5.1-GCC-LibSci,/mnt/lustre/e1000/home/z04/z04/aturner/benchmark/cirrus-ex/VASP/TiO2_MCC/6.5.1-GCC-LibSci/TiO2MCC_8nodes_1152cores_2threads_1NCORE_22725_202512221918.OUTCAR,22725,2025.12.22 19:19:16,8,2304,1152,2,4138626,1,1,1152,5760,44.7255,504.303
Cirrus,6.5.1-GCC-LibSci,/mnt/lustre/e1000/home/z04/z04/aturner/benchmark/cirrus-ex/VASP/TiO2_MCC/6.5.1-GCC-LibSci/TiO2MCC_16nodes_2304cores_1threads_8NCORE_23230_202512270824.OUTCAR,23230,2025.12.27 08:24:23,16,2304,2304,1,4314333,1,8,288,5184,16.9148,269.169
Cirrus,6.5.1-GCC-LibSci,/mnt/lustre/e1000/home/z04/z04/aturner/benchmark/cirrus-ex/VASP/TiO2_MCC/6.5.1-GCC-LibSci/TiO2MCC_64nodes_4608cores_1threads_4NCORE_21647_202512202000.OUTCAR,21647,2025.12.20 20:00:21,64,4608,4608,1,26499894,1,4,1152,5760,38.8988,540.913
Cirrus,6.5.1-GCC-LibSci,/mnt/lustre/e1000/home/z04/z04/aturner/benchmark/cirrus-ex/VASP/TiO2_MCC/6.5.1-GCC-LibSci/TiO2MCC_1nodes_288cores_1threads_4NCORE_23192_202512270816.OUTCAR,23192,2025.12.27 08:17:01,1,288,288,1,1854861,1,4,72,5184,246.5857,1705.618
Cirrus,6.5.1-GCC-LibSci,/mnt/lustre/e1000/home/z04/z04/aturner/benchmark/cirrus-ex/VASP/TiO2_MCC/6.5.1-GCC-LibSci/TiO2MCC_32nodes_2048cores_1threads_8NCORE_22328_202512221006.OUTCAR,22328,2025.12.22 10:06:37,32,2048,2048,1,5706017,1,8,256,5376,19.6079,266.648
Cirrus,6.5.1-GCC-LibSci,/mnt/lustre/e1000/home/z04/z04/aturner/benchmark/cirrus-ex/VASP/TiO2_MCC/6.5.1-GCC-LibSci/TiO2MCC_32nodes_2304cores_4threads_1NCORE_22732_202512221924.OUTCAR,22732,2025.12.22 19:24:59,32,9216,2304,4,14747234,1,1,2304,6912,33.4333,564.704
Cirrus,6.5.1-GCC-LibSci,/mnt/lustre/e1000/home/z04/z04/aturner/benchmark/cirrus-ex/VASP/TiO2_MCC/6.5.1-GCC-LibSci/TiO2MCC_4nodes_1152cores_1threads_8NCORE_21614_202512201910.OUTCAR,21614,2025.12.20 19:10:43,4,1152,1152,1,2835168,1,8,144,5184,64.285,617.974
Cirrus,6.5.1-GCC-LibSci,/mnt/lustre/e1000/home/z04/z04/aturner/benchmark/cirrus-ex/VASP/TiO2_MCC/6.5.1-GCC-LibSci/TiO2MCC_4nodes_96cores_12threads_1NCORE_21566_202512201849.OUTCAR,21566,2025.12.20 18:49:47,4,1152,96,12,1831761,1,1,96,5184,63.5137,559.785
Cirrus,6.5.1-GCC-LibSci,/mnt/lustre/e1000/home/z04/z04/aturner/benchmark/cirrus-ex/VASP/TiO2_MCC/6.5.1-GCC-LibSci/TiO2MCC_32nodes_2304cores_1threads_4NCORE_23236_202512270828.OUTCAR,23236,2025.12.27 08:28:51,32,2304,2304,1,7010219,1,4,576,5184,17.8321,280.66
Cirrus,6.5.1-GCC-LibSci,/mnt/lustre/e1000/home/z04/z04/aturner/benchmark/cirrus-ex/VASP/TiO2_MCC/6.5.1-GCC-LibSci/TiO2MCC_32nodes_2304cores_4threads_1NCORE_21580_202512201855.OUTCAR,21580,2025.12.20 18:55:23,32,9216,2304,4,14945050,1,1,2304,6912,45.4771,583.676
Cirrus,6.5.1-GCC-LibSci,/mnt/lustre/e1000/home/z04/z04/aturner/benchmark/cirrus-ex/VASP/TiO2_MCC/6.5.1-GCC-LibSci/TiO2MCC_32nodes_4608cores_1threads_16NCORE_21642_202512201950.OUTCAR,21642,2025.12.20 19:51:13,32,4608,4608,1,8157553,1,16,288,5184,11.5538,249.789
Cirrus,6.5.1-GCC-LibSci,/mnt/lustre/e1000/home/z04/z04/aturner/benchmark/cirrus-ex/VASP/TiO2_MCC/6.5.1-GCC-LibSci/TiO2MCC_1nodes_288cores_1threads_16NCORE_23194_202512270816.OUTCAR,23194,2025.12.27 08:17:01,1,288,288,1,2289040,1,16,18,5184,267.6203,1940.473
Cirrus,6.5.1-GCC-LibSci,/mnt/lustre/e1000/home/z04/z04/aturner/benchmark/cirrus-ex/VASP/TiO2_MCC/6.5.1-GCC-LibSci/TiO2MCC_4nodes_576cores_1threads_4NCORE_21610_202512201910.OUTCAR,21610,2025.12.20 19:10:24,4,576,576,1,2117964,1,4,144,5184,60.6372,526.913
Cirrus,6.5.1-GCC-LibSci,/mnt/lustre/e1000/home/z04/z04/aturner/benchmark/cirrus-ex/VASP/TiO2_MCC/6.5.1-GCC-LibSci/TiO2MCC_16nodes_2304cores_1threads_4NCORE_21630_202512201939.OUTCAR,21630,2025.12.20 19:40:12,16,2304,2304,1,4627463,1,4,576,5184,18.0561,279.806
Cirrus,6.5.1-GCC-LibSci,/mnt/lustre/e1000/home/z04/z04/aturner/benchmark/cirrus-ex/VASP/TiO2_MCC/6.5.1-GCC-LibSci/TiO2MCC_1nodes_72cores_1threads_8NCORE_21588_202512201905.OUTCAR,21588,2025.12.20 19:05:08,1,72,72,1,1436720,1,8,9,5184,249.2412,1677.994
Cirrus,6.5.1-GCC-LibSci,/mnt/lustre/e1000/home/z04/z04/aturner/benchmark/cirrus-ex/VASP/TiO2_MCC/6.5.1-GCC-LibSci/TiO2MCC_32nodes_768cores_12threads_1NCORE_21578_202512201849.OUTCAR,21578,2025.12.20 18:49:48,32,9216,768,12,5939702,1,1,768,5376,16.3803,292.636
Cirrus,6.5.1-GCC-LibSci,/mnt/lustre/e1000/home/z04/z04/aturner/benchmark/cirrus-ex/VASP/TiO2_MCC/6.5.1-GCC-LibSci/TiO2MCC_8nodes_288cores_1threads_16NCORE_23215_202512270816.OUTCAR,23215,2025.12.27 08:17:03,8,288,288,1,2086870,1,16,18,5184,39.1899,385.831
Cirrus,6.5.1-GCC-LibSci,/mnt/lustre/e1000/home/z04/z04/aturner/benchmark/cirrus-ex/VASP/TiO2_MCC/6.5.1-GCC-LibSci/TiO2MCC_4nodes_1152cores_1threads_8NCORE_23213_202512270816.OUTCAR,23213,2025.12.27 08:17:32,4,1152,1152,1,2637365,1,8,144,5184,61.9586,604.9
Cirrus,6.5.1-GCC-LibSci,/mnt/lustre/e1000/home/z04/z04/aturner/benchmark/cirrus-ex/VASP/TiO2_MCC/6.5.1-GCC-LibSci/TiO2MCC_8nodes_576cores_1threads_16NCORE_21619_202512201922.OUTCAR,21619,2025.12.20 19:22:19,8,576,576,1,2225026,1,16,36,5184,31.2737,323.905
Cirrus,6.5.1-GCC-LibSci,/mnt/lustre/e1000/home/z04/z04/aturner/benchmark/cirrus-ex/VASP/TiO2_MCC/6.5.1-GCC-LibSci/TiO2MCC_64nodes_4608cores_1threads_16NCORE_23248_202512270853.OUTCAR,23248,2025.12.27 08:53:48,64,4608,4608,1,32002964,1,16,288,5184,33.3709,658.254
Cirrus,6.5.1-GCC-LibSci,/mnt/lustre/e1000/home/z04/z04/aturner/benchmark/cirrus-ex/VASP/TiO2_MCC/6.5.1-GCC-LibSci/TiO2MCC_16nodes_2304cores_1threads_16NCORE_21632_202512201941.OUTCAR,21632,2025.12.20 19:41:48,16,2304,2304,1,4420329,1,16,144,5184,16.5,270.477
Cirrus,6.5.1-GCC-LibSci,/mnt/lustre/e1000/home/z04/z04/aturner/benchmark/cirrus-ex/VASP/TiO2_MCC/6.5.1-GCC-LibSci/TiO2MCC_16nodes_384cores_12threads_1NCORE_22726_202512221919.OUTCAR,22726,2025.12.22 19:20:01,16,4608,384,12,4073496,1,1,384,5376,29.1351,374.958
Cirrus,6.5.1-GCC-LibSci,/mnt/lustre/e1000/home/z04/z04/aturner/benchmark/cirrus-ex/VASP/TiO2_MCC/6.5.1-GCC-LibSci/TiO2MCC_32nodes_2048cores_1threads_4NCORE_22327_202512221005.OUTCAR,22327,2025.12.22 10:06:00,32,2048,2048,1,6078553,1,4,512,5632,20.9476,285.77
Cirrus,6.5.1-GCC-LibSci,/mnt/lustre/e1000/home/z04/z04/aturner/benchmark/cirrus-ex/VASP/TiO2_MCC/6.5.1-GCC-LibSci/TiO2MCC_1nodes_144cores_1threads_4NCORE_21590_202512201906.OUTCAR,21590,2025.12.20 19:06:10,1,144,144,1,1768437,1,4,36,5184,246.9843,1704.599
Cirrus,6.5.1-GCC-LibSci,/mnt/lustre/e1000/home/z04/z04/aturner/benchmark/cirrus-ex/VASP/TiO2_MCC/6.5.1-GCC-LibSci/TiO2MCC_8nodes_576cores_1threads_4NCORE_23216_202512270816.OUTCAR,23216,2025.12.27 08:17:07,8,576,576,1,2206305,1,4,144,5184,32.985,336.153
Cirrus,6.5.1-GCC-LibSci,/mnt/lustre/e1000/home/z04/z04/aturner/benchmark/cirrus-ex/VASP/TiO2_MCC/6.5.1-GCC-LibSci/TiO2MCC_16nodes_2048cores_1threads_16NCORE_22322_202512220955.OUTCAR,22322,2025.12.22 09:55:57,16,2048,2048,1,4688927,1,16,128,5248,36.2538,421.05
Cirrus,6.5.1-GCC-LibSci,/mnt/lustre/e1000/home/z04/z04/aturner/benchmark/cirrus-ex/VASP/TiO2_MCC/6.5.1-GCC-LibSci/TiO2MCC_64nodes_4608cores_1threads_8NCORE_23247_202512270845.OUTCAR,23247,2025.12.27 08:45:33,64,4608,4608,1,29360592,1,8,576,5184,41.4736,599.193
Cirrus,6.5.1-GCC-LibSci,/mnt/lustre/e1000/home/z04/z04/aturner/benchmark/cirrus-ex/VASP/TiO2_MCC/6.5.1-GCC-LibSci/TiO2MCC_4nodes_576cores_1threads_8NCORE_23210_202512270816.OUTCAR,23210,2025.12.27 08:17:16,4,576,576,1,2253967,1,8,72,5184,62.2084,533.977
Cirrus,6.5.1-GCC-LibSci,/mnt/lustre/e1000/home/z04/z04/aturner/benchmark/cirrus-ex/VASP/TiO2_MCC/6.5.1-GCC-LibSci/TiO2MCC_16nodes_2304cores_2threads_1NCORE_22969_202512261103.OUTCAR,22969,2025.12.26 11:03:43,16,4608,2304,2,8098291,1,1,2304,6912,35.7937,507.973
Cirrus,6.5.1-GCC-LibSci,/mnt/lustre/e1000/home/z04/z04/aturner/benchmark/cirrus-ex/VASP/TiO2_MCC/6.5.1-GCC-LibSci/TiO2MCC_2nodes_576cores_1threads_4NCORE_23202_202512270816.OUTCAR,23202,2025.12.27 08:17:34,2,576,576,1,2112047,1,4,144,5184,123.8217,981.583
Cirrus,6.5.1-GCC-LibSci,/mnt/lustre/e1000/home/z04/z04/aturner/benchmark/cirrus-ex/VASP/TiO2_MCC/6.5.1-GCC-LibSci/TiO2MCC_1nodes_288cores_1threads_8NCORE_21594_202512201906.OUTCAR,21594,2025.12.20 19:06:10,1,288,288,1,1898435,1,8,36,5184,247.1913,1738.576
Cirrus,6.5.1-GCC-LibSci,/mnt/lustre/e1000/home/z04/z04/aturner/benchmark/cirrus-ex/VASP/TiO2_MCC/6.5.1-GCC-LibSci/TiO2MCC_2nodes_72cores_8threads_1NCORE_21563_202512201849.OUTCAR,21563,2025.12.20 18:49:48,2,576,72,8,2072949,1,1,72,5184,155.9263,1249.089
Cirrus,6.5.1-GCC-LibSci,/mnt/lustre/e1000/home/z04/z04/aturner/benchmark/cirrus-ex/VASP/TiO2_MCC/6.5.1-GCC-LibSci/TiO2MCC_64nodes_2304cores_8threads_1NCORE_21583_202512201906.OUTCAR,21583,2025.12.20 19:06:08,64,18432,2304,8,35823982,1,1,2304,6912,69.7061,911.404
Cirrus,6.5.1-GCC-LibSci,/mnt/lustre/e1000/home/z04/z04/aturner/benchmark/cirrus-ex/VASP/TiO2_MCC/6.5.1-GCC-LibSci/TiO2MCC_1nodes_36cores_1threads_16NCORE_23185_202512270816.OUTCAR,23185,2025.12.27 08:16:59,1,36,36,1,1510928,1,1,36,5184,315.9873,2202.522
Cirrus,6.5.1-GCC-LibSci,/mnt/lustre/e1000/home/z04/z04/aturner/benchmark/cirrus-ex/VASP/TiO2_MCC/6.5.1-GCC-LibSci/TiO2MCC_64nodes_4096cores_1threads_4NCORE_22337_202512221025.OUTCAR,22337,2025.12.22 10:25:33,64,4096,4096,1,12009960,1,4,1024,6144,15.9267,284.846
Cirrus,6.5.1-GCC-LibSci,/mnt/lustre/e1000/home/z04/z04/aturner/benchmark/cirrus-ex/VASP/TiO2_MCC/6.5.1-GCC-LibSci/TiO2MCC_16nodes_4608cores_1threads_4NCORE_23232_202512270826.OUTCAR,23232,2025.12.27 08:26:45,16,4608,4608,1,8392273,1,4,1152,5760,31.3451,507.177
Cirrus,6.5.1-GCC-LibSci,/mnt/lustre/e1000/home/z04/z04/aturner/benchmark/cirrus-ex/VASP/TiO2_MCC/6.5.1-GCC-LibSci/TiO2MCC_32nodes_9216cores_1threads_8NCORE_23243_202512270837.OUTCAR,23243,2025.12.27 08:38:25,32,9216,9216,1,14092461,1,8,1152,5760,16.4668,410.071
Cirrus,6.5.1-GCC-LibSci,/mnt/lustre/e1000/home/z04/z04/aturner/benchmark/cirrus-ex/VASP/TiO2_MCC/6.5.1-GCC-LibSci/TiO2MCC_2nodes_576cores_1threads_16NCORE_21605_202512201906.OUTCAR,21605,2025.12.20 19:06:39,2,576,576,1,2051937,1,16,36,5184,121.8292,980.41
Cirrus,6.5.1-GCC-LibSci,/mnt/lustre/e1000/home/z04/z04/aturner/benchmark/cirrus-ex/VASP/TiO2_MCC/6.5.1-GCC-LibSci/TiO2MCC_1nodes_36cores_8threads_1NCORE_22711_202512221857.OUTCAR,22711,2025.12.22 18:57:56,1,288,36,8,1907958,1,1,36,5184,294.45,2158.564
Cirrus,6.5.1-GCC-LibSci,/mnt/lustre/e1000/home/z04/z04/aturner/benchmark/cirrus-ex/VASP/TiO2_MCC/6.5.1-GCC-LibSci/TiO2MCC_4nodes_1152cores_1threads_16NCORE_23214_202512270816.OUTCAR,23214,2025.12.27 08:17:35,4,1152,1152,1,2457491,1,16,72,5184,60.482,597.402
Cirrus,6.5.1-GCC-LibSci,/mnt/lustre/e1000/home/z04/z04/aturner/benchmark/cirrus-ex/VASP/TiO2_MCC/6.5.1-GCC-LibSci/TiO2MCC_1nodes_144cores_1threads_16NCORE_21592_202512201906.OUTCAR,21592,2025.12.20 19:06:08,1,144,144,1,1655197,1,16,9,5184,233.8899,1617.834
Cirrus,6.5.1-GCC-LibSci,/mnt/lustre/e1000/home/z04/z04/aturner/benchmark/cirrus-ex/VASP/TiO2_MCC/6.5.1-GCC-LibSci/TiO2MCC_4nodes_576cores_2threads_1NCORE_22961_202512261103.OUTCAR,22961,2025.12.26 11:03:41,4,1152,576,2,2358788,1,1,576,5184,61.3612,560.333
Cirrus,6.5.1-GCC-LibSci,/mnt/lustre/e1000/home/z04/z04/aturner/benchmark/cirrus-ex/VASP/TiO2_MCC/6.5.1-GCC-LibSci/TiO2MCC_4nodes_288cores_1threads_16NCORE_23208_202512270816.OUTCAR,23208,2025.12.27 08:17:06,4,288,288,1,1707378,1,16,18,5184,61.0751,513.553
Cirrus,6.5.1-GCC-LibSci,/mnt/lustre/e1000/home/z04/z04/aturner/benchmark/cirrus-ex/VASP/TiO2_MCC/6.5.1-GCC-LibSci/TiO2MCC_16nodes_1152cores_1threads_8NCORE_21628_202512201934.OUTCAR,21628,2025.12.20 19:34:18,16,1152,1152,1,3416292,1,8,144,5184,17.5808,260.246
Cirrus,6.5.1-GCC-LibSci,/mnt/lustre/e1000/home/z04/z04/aturner/benchmark/cirrus-ex/VASP/TiO2_MCC/6.5.1-GCC-LibSci/TiO2MCC_32nodes_2304cores_1threads_8NCORE_23237_202512270830.OUTCAR,23237,2025.12.27 08:30:11,32,2304,2304,1,7790228,1,8,288,5184,25.2863,312.762
Cirrus,6.5.1-GCC-LibSci,/mnt/lustre/e1000/home/z04/z04/aturner/benchmark/cirrus-ex/VASP/TiO2_MCC/6.5.1-GCC-LibSci/TiO2MCC_16nodes_576cores_1threads_16NCORE_21626_202512201929.OUTCAR,21626,2025.12.20 19:29:15,16,576,576,1,2809875,1,16,36,5184,20.2714,264.654
Cirrus,6.5.1-GCC-LibSci,/mnt/lustre/e1000/home/z04/z04/aturner/benchmark/cirrus-ex/VASP/TiO2_MCC/6.5.1-GCC-LibSci/TiO2MCC_2nodes_144cores_1threads_8NCORE_23197_202512270816.OUTCAR,23197,2025.12.27 08:17:07,2,144,144,1,1872356,1,8,18,5184,134.923,1001.544
Cirrus,6.5.1-GCC-LibSci,/mnt/lustre/e1000/home/z04/z04/aturner/benchmark/cirrus-ex/VASP/TiO2_MCC/6.5.1-GCC-LibSci/TiO2MCC_2nodes_144cores_4threads_1NCORE_22716_202512221903.OUTCAR,22716,2025.12.22 19:04:05,2,576,144,4,1799554,1,1,144,5184,120.2133,894.644
Cirrus,6.5.1-GCC-LibSci,/mnt/lustre/e1000/home/z04/z04/aturner/benchmark/cirrus-ex/VASP/TiO2_MCC/6.5.1-GCC-LibSci/TiO2MCC_2nodes_72cores_1threads_16NCORE_23195_202512270816.OUTCAR,23195,2025.12.27 08:17:02,2,72,72,1,1757306,1,1,72,5184,161.8901,1184.845
Cirrus,6.5.1-GCC-LibSci,/mnt/lustre/e1000/home/z04/z04/aturner/benchmark/cirrus-ex/VASP/TiO2_MCC/6.5.1-GCC-LibSci/TiO2MCC_16nodes_384cores_12threads_1NCORE_22966_202512261103.OUTCAR,22966,2025.12.26 11:03:28,16,4608,384,12,4079946,1,1,384,5376,27.5963,377.359
Cirrus,6.5.1-GCC-LibSci,/mnt/lustre/e1000/home/z04/z04/aturner/benchmark/cirrus-ex/VASP/TiO2_MCC/6.5.1-GCC-LibSci/TiO2MCC_64nodes_2048cores_1threads_8NCORE_22335_202512221021.OUTCAR,22335,2025.12.22 10:21:29,64,2048,2048,1,7146440,1,8,256,5376,10.8858,202.037
Cirrus,6.5.1-GCC-LibSci,/mnt/lustre/e1000/home/z04/z04/aturner/benchmark/cirrus-ex/VASP/TiO2_MCC/6.5.1-GCC-LibSci/TiO2MCC_16nodes_2048cores_1threads_8NCORE_22321_202512220955.OUTCAR,22321,2025.12.22 09:55:47,16,2048,2048,1,4926560,1,8,256,5376,38.0916,440.204
Cirrus,6.5.1-GCC-LibSci,/mnt/lustre/e1000/home/z04/z04/aturner/benchmark/cirrus-ex/VASP/TiO2_MCC/6.5.1-GCC-LibSci/TiO2MCC_8nodes_2304cores_1threads_4NCORE_21623_202512201926.OUTCAR,21623,2025.12.20 19:26:43,8,2304,2304,1,4099936,1,4,576,5184,35.3246,457.084
Cirrus,6.5.1-GCC-LibSci,/mnt/lustre/e1000/home/z04/z04/aturner/benchmark/cirrus-ex/VASP/TiO2_MCC/6.5.1-GCC-LibSci/TiO2MCC_4nodes_288cores_1threads_8NCORE_21608_202512201906.OUTCAR,21608,2025.12.20 19:06:16,4,288,288,1,1983693,1,8,36,5184,64.9637,530.536
Cirrus,6.5.1-GCC-LibSci,/mnt/lustre/e1000/home/z04/z04/aturner/benchmark/cirrus-ex/VASP/TiO2_MCC/6.5.1-GCC-LibSci/TiO2MCC_1nodes_24cores_12threads_1NCORE_22710_202512221857.OUTCAR,22710,2025.12.22 18:57:56,1,288,24,12,1684726,1,1,24,5184,231.1832,1572.048
Cirrus,6.5.1-GCC-LibSci,/mnt/lustre/e1000/home/z04/z04/aturner/benchmark/cirrus-ex/VASP/TiO2_MCC/6.5.1-GCC-LibSci/TiO2MCC_64nodes_8192cores_1threads_4NCORE_22340_202512221030.OUTCAR,22340,2025.12.22 10:31:03,64,8192,8192,1,17489330,1,4,2048,6144,19.648,396.15
Cirrus,6.5.1-GCC-LibSci,/mnt/lustre/e1000/home/z04/z04/aturner/benchmark/cirrus-ex/VASP/TiO2_MCC/6.5.1-GCC-LibSci/TiO2MCC_4nodes_1152cores_1threads_4NCORE_21613_202512201910.OUTCAR,21613,2025.12.20 19:10:38,4,1152,1152,1,2823959,1,4,288,5184,65.7966,626.634
Cirrus,6.5.1-GCC-LibSci,/mnt/lustre/e1000/home/z04/z04/aturner/benchmark/cirrus-ex/VASP/TiO2_MCC/6.5.1-GCC-LibSci/TiO2MCC_8nodes_1152cores_1threads_16NCORE_21622_202512201926.OUTCAR,21622,2025.12.20 19:26:29,8,1152,1152,1,2756806,1,16,72,5184,30.6312,342.754
Cirrus,6.5.1-GCC-LibSci,/mnt/lustre/e1000/home/z04/z04/aturner/benchmark/cirrus-ex/VASP/TiO2_MCC/6.5.1-GCC-LibSci/TiO2MCC_4nodes_288cores_1threads_8NCORE_23207_202512270816.OUTCAR,23207,2025.12.27 08:17:07,4,288,288,1,1929159,1,8,36,5184,64.8444,529.488
Cirrus,6.5.1-GCC-LibSci,/mnt/lustre/e1000/home/z04/z04/aturner/benchmark/cirrus-ex/VASP/TiO2_MCC/6.5.1-GCC-LibSci/TiO2MCC_4nodes_144cores_1threads_16NCORE_23205_202512270816.OUTCAR,23205,2025.12.27 08:17:04,4,144,144,1,1760942,1,16,9,5184,77.9073,638.554
Cirrus,6.5.1-GCC-LibSci,/mnt/lustre/e1000/home/z04/z04/aturner/benchmark/cirrus-ex/VASP/TiO2_MCC/6.5.1-GCC-LibSci/TiO2MCC_64nodes_2304cores_8threads_1NCORE_22975_202512261124.OUTCAR,22975,2025.12.26 11:24:29,64,18432,2304,8,35051482,1,1,2304,6912,70.9413,899.39
Cirrus,6.5.1-GCC-LibSci,/mnt/lustre/e1000/home/z04/z04/aturner/benchmark/cirrus-ex/VASP/TiO2_MCC/6.5.1-GCC-LibSci/TiO2MCC_1nodes_72cores_1threads_16NCORE_21589_202512201906.OUTCAR,21589,2025.12.20 19:06:09,1,72,72,1,1332594,1,1,72,5184,226.8021,1534.433
Cirrus,6.5.1-GCC-LibSci,/mnt/lustre/e1000/home/z04/z04/aturner/benchmark/cirrus-ex/VASP/TiO2_MCC/6.5.1-GCC-LibSci/TiO2MCC_16nodes_1152cores_1threads_16NCORE_23228_202512270823.OUTCAR,23228,2025.12.27 08:23:19,16,1152,1152,1,3141554,1,16,72,5184,16.5597,244.474
Cirrus,6.5.1-GCC-LibSci,/mnt/lustre/e1000/home/z04/z04/aturner/benchmark/cirrus-ex/VASP/TiO2_MCC/6.5.1-GCC-LibSci/TiO2MCC_8nodes_192cores_12threads_1NCORE_21570_202512201849.OUTCAR,21570,2025.12.20 18:49:47,8,2304,192,12,2334587,1,1,192,5184,35.5613,388.523
Cirrus,6.5.1-GCC-LibSci,/mnt/lustre/e1000/home/z04/z04/aturner/benchmark/cirrus-ex/VASP/TiO2_MCC/6.5.1-GCC-LibSci/TiO2MCC_8nodes_288cores_1threads_16NCORE_21616_202512201918.OUTCAR,21616,2025.12.20 19:18:14,8,288,288,1,2159182,1,16,18,5184,39.7991,388.195
Cirrus,6.5.1-GCC-LibSci,/mnt/lustre/e1000/home/z04/z04/aturner/benchmark/cirrus-ex/VASP/TiO2_MCC/6.5.1-GCC-LibSci/TiO2MCC_8nodes_2304cores_1threads_4NCORE_23222_202512270816.OUTCAR,23222,2025.12.27 08:17:28,8,2304,2304,1,3800753,1,4,576,5184,34.0765,441.152
Cirrus,6.5.1-GCC-LibSci,/mnt/lustre/e1000/home/z04/z04/aturner/benchmark/cirrus-ex/VASP/TiO2_MCC/6.5.1-GCC-LibSci/TiO2MCC_16nodes_2304cores_1threads_16NCORE_23231_202512270824.OUTCAR,23231,2025.12.27 08:25:18,16,2304,2304,1,4289332,1,16,144,5184,16.4511,264.095
Cirrus,6.5.1-GCC-LibSci,/mnt/lustre/e1000/home/z04/z04/aturner/benchmark/cirrus-ex/VASP/TiO2_MCC/6.5.1-GCC-LibSci/TiO2MCC_2nodes_72cores_1threads_16NCORE_21596_202512201906.OUTCAR,21596,2025.12.20 19:06:12,2,72,72,1,1705482,1,1,72,5184,160.7428,1180.969
Cirrus,6.5.1-GCC-LibSci,/mnt/lustre/e1000/home/z04/z04/aturner/benchmark/cirrus-ex/VASP/TiO2_MCC/6.5.1-GCC-LibSci/TiO2MCC_1nodes_24cores_12threads_1NCORE_22950_202512261103.OUTCAR,22950,2025.12.26 11:03:25,1,288,24,12,1400858,1,1,24,5184,221.6092,1515.313
Cirrus,6.5.1-GCC-LibSci,/mnt/lustre/e1000/home/z04/z04/aturner/benchmark/cirrus-ex/VASP/TiO2_MCC/6.5.1-GCC-LibSci/TiO2MCC_64nodes_4608cores_4threads_1NCORE_21584_202512201921.OUTCAR,21584,2025.12.20 19:22:02,64,18432,4608,4,57221731,1,1,4608,9216,94.0129,1140.717
Cirrus,6.5.1-GCC-LibSci,/mnt/lustre/e1000/home/z04/z04/aturner/benchmark/cirrus-ex/VASP/TiO2_MCC/6.5.1-GCC-LibSci/TiO2MCC_4nodes_96cores_12threads_1NCORE_22958_202512261103.OUTCAR,22958,2025.12.26 11:03:28,4,1152,96,12,1846463,1,1,96,5184,63.1412,551.068
Cirrus,6.5.1-GCC-LibSci,/mnt/lustre/e1000/home/z04/z04/aturner/benchmark/cirrus-ex/VASP/TiO2_MCC/6.5.1-GCC-LibSci/TiO2MCC_4nodes_576cores_1threads_8NCORE_21611_202512201910.OUTCAR,21611,2025.12.20 19:10:24,4,576,576,1,2098844,1,8,72,5184,60.1724,520.927
Cirrus,6.5.1-GCC-LibSci,/mnt/lustre/e1000/home/z04/z04/aturner/benchmark/cirrus-ex/VASP/TiO2_MCC/6.5.1-GCC-LibSci/TiO2MCC_64nodes_18432cores_1threads_4NCORE_23252_202512270909.OUTCAR,23252,2025.12.27 09:10:39,64,1,1,1,59110060,1,4,4608,9216,48.3707,897.653
Cirrus,6.5.1-GCC-LibSci,/mnt/lustre/e1000/home/z04/z04/aturner/benchmark/cirrus-ex/VASP/TiO2_MCC/6.5.1-GCC-LibSci/TiO2MCC_8nodes_1152cores_2threads_1NCORE_21573_202512201849.OUTCAR,21573,2025.12.20 18:50:01,8,2304,1152,2,4053030,1,1,1152,5760,42.7562,492.529
Cirrus,6.5.1-GCC-LibSci,/mnt/lustre/e1000/home/z04/z04/aturner/benchmark/cirrus-ex/VASP/TiO2_MCC/6.5.1-GCC-LibSci/TiO2MCC_64nodes_9216cores_1threads_8NCORE_23250_202512270904.OUTCAR,23250,2025.12.27 09:04:32,64,9216,9216,1,19591273,1,8,1152,5760,14.7534,304.924
Cirrus,6.5.1-GCC-LibSci,/mnt/lustre/e1000/home/z04/z04/aturner/benchmark/cirrus-ex/VASP/TiO2_MCC/6.5.1-GCC-LibSci/TiO2MCC_64nodes_1536cores_12threads_1NCORE_22734_202512221927.OUTCAR,22734,2025.12.22 19:27:21,64,18432,1536,12,13034910,1,1,1536,6144,18.6015,340.54
Cirrus,6.5.1-GCC-LibSci,/mnt/lustre/e1000/home/z04/z04/aturner/benchmark/cirrus-ex/VASP/TiO2_MCC/6.5.1-GCC-LibSci/TiO2MCC_32nodes_4608cores_2threads_1NCORE_21581_202512201856.OUTCAR,21581,2025.12.20 18:56:57,32,9216,4608,2,23320823,1,1,4608,9216,49.048,726.875
Cirrus,6.5.1-GCC-LibSci,/mnt/lustre/e1000/home/z04/z04/aturner/benchmark/cirrus-ex/VASP/TiO2_MCC/6.5.1-GCC-LibSci/TiO2MCC_2nodes_576cores_1threads_8NCORE_23203_202512270816.OUTCAR,23203,2025.12.27 08:17:23,2,576,576,1,2045162,1,8,72,5184,121.2938,955.525
Cirrus,6.5.1-GCC-LibSci,/mnt/lustre/e1000/home/z04/z04/aturner/benchmark/cirrus-ex/VASP/TiO2_MCC/6.5.1-GCC-LibSci/TiO2MCC_2nodes_144cores_1threads_16NCORE_23198_202512270816.OUTCAR,23198,2025.12.27 08:17:08,2,144,144,1,1539502,1,16,9,5184,119.5566,884.506
Cirrus,6.5.1-GCC-LibSci,/mnt/lustre/e1000/home/z04/z04/aturner/benchmark/cirrus-ex/VASP/TiO2_MCC/6.5.1-GCC-LibSci/TiO2MCC_8nodes_192cores_12threads_1NCORE_22962_202512261103.OUTCAR,22962,2025.12.26 11:03:28,8,2304,192,12,2279419,1,1,192,5184,34.4406,373.71
Cirrus,6.5.1-GCC-LibSci,/mnt/lustre/e1000/home/z04/z04/aturner/benchmark/cirrus-ex/VASP/TiO2_MCC/6.5.1-GCC-LibSci/TiO2MCC_64nodes_4608cores_4threads_1NCORE_22976_202512261139.OUTCAR,22976,2025.12.26 11:40:10,64,18432,4608,4,48583680,1,1,4608,9216,64.7287,983.09
Cirrus,6.5.1-GCC-LibSci,/mnt/lustre/e1000/home/z04/z04/aturner/benchmark/cirrus-ex/VASP/TiO2_MCC/6.5.1-GCC-LibSci/TiO2MCC_64nodes_4608cores_1threads_16NCORE_21649_202512202009.OUTCAR,21649,2025.12.20 20:09:58,64,4608,4608,1,31379654,1,16,288,5184,52.3628,629.667
Cirrus,6.5.1-GCC-LibSci,/mnt/lustre/e1000/home/z04/z04/aturner/benchmark/cirrus-ex/VASP/TiO2_MCC/6.5.1-GCC-LibSci/TiO2MCC_8nodes_1152cores_1threads_16NCORE_23221_202512270816.OUTCAR,23221,2025.12.27 08:17:17,8,1152,1152,1,2680905,1,16,72,5184,29.5623,337.723
Cirrus,6.5.1-GCC-LibSci,/mnt/lustre/e1000/home/z04/z04/aturner/benchmark/cirrus-ex/VASP/TiO2_MCC/6.5.1-GCC-LibSci/TiO2MCC_64nodes_4608cores_1threads_8NCORE_21648_202512202002.OUTCAR,21648,2025.12.20 20:02:19,64,4608,4608,1,30102364,1,8,576,5184,43.306,604.236
Cirrus,6.5.1-GCC-LibSci,/mnt/lustre/e1000/home/z04/z04/aturner/benchmark/cirrus-ex/VASP/TiO2_MCC/6.5.1-GCC-LibSci/TiO2MCC_8nodes_1152cores_1threads_8NCORE_21621_202512201923.OUTCAR,21621,2025.12.20 19:23:28,8,1152,1152,1,2822412,1,8,144,5184,31.9546,352.585
Cirrus,6.5.1-GCC-LibSci,/mnt/lustre/e1000/home/z04/z04/aturner/benchmark/cirrus-ex/VASP/TiO2_MCC/6.5.1-GCC-LibSci/TiO2MCC_4nodes_1152cores_1threads_4NCORE_23212_202512270816.OUTCAR,23212,2025.12.27 08:17:35,4,1152,1152,1,2665899,1,4,288,5184,63.5283,619.593
Cirrus,6.5.1-GCC-LibSci,/mnt/lustre/e1000/home/z04/z04/aturner/benchmark/cirrus-ex/VASP/TiO2_MCC/6.5.1-GCC-LibSci/TiO2MCC_8nodes_576cores_1threads_4NCORE_21617_202512201920.OUTCAR,21617,2025.12.20 19:20:18,8,576,576,1,2244771,1,4,144,5184,33.0818,337.056
Cirrus,6.5.1-GCC-LibSci,/mnt/lustre/e1000/home/z04/z04/aturner/benchmark/cirrus-ex/VASP/TiO2_MCC/6.5.1-GCC-LibSci/TiO2MCC_4nodes_576cores_1threads_4NCORE_23209_202512270816.OUTCAR,23209,2025.12.27 08:17:13,4,576,576,1,2279159,1,4,144,5184,62.6177,534.46
Cirrus,6.5.1-GCC-LibSci,/mnt/lustre/e1000/home/z04/z04/aturner/benchmark/cirrus-ex/VASP/TiO2_MCC/6.5.1-GCC-LibSci/TiO2MCC_64nodes_1536cores_12threads_1NCORE_22974_202512261118.OUTCAR,22974,2025.12.26 11:18:25,64,18432,1536,12,12367060,1,1,1536,6144,16.1474,327.741
Cirrus,6.5.1-GCC-LibSci,/mnt/lustre/e1000/home/z04/z04/aturner/benchmark/cirrus-ex/VASP/TiO2_MCC/6.5.1-GCC-LibSci/TiO2MCC_4nodes_96cores_12threads_1NCORE_22718_202512221905.OUTCAR,22718,2025.12.22 19:06:00,4,1152,96,12,1839804,1,1,96,5184,63.9095,558.73
Cirrus,6.5.1-GCC-LibSci,/mnt/lustre/e1000/home/z04/z04/aturner/benchmark/cirrus-ex/VASP/TiO2_MCC/6.5.1-GCC-LibSci/TiO2MCC_64nodes_9216cores_1threads_16NCORE_23251_202512270905.OUTCAR,23251,2025.12.27 09:05:33,64,9216,9216,1,16526245,1,16,576,5184,8.9984,257.283
Cirrus,6.5.1-GCC-LibSci,/mnt/lustre/e1000/home/z04/z04/aturner/benchmark/cirrus-ex/VASP/TiO2_MCC/6.5.1-GCC-LibSci/TiO2MCC_1nodes_72cores_4threads_1NCORE_22712_202512221857.OUTCAR,22712,2025.12.22 18:57:57,1,288,72,4,1638344,1,1,72,5184,222.2469,1460.701
Cirrus,6.5.1-GCC-LibSci,/mnt/lustre/e1000/home/z04/z04/aturner/benchmark/cirrus-ex/VASP/TiO2_MCC/6.5.1-GCC-LibSci/TiO2MCC_8nodes_1152cores_2threads_1NCORE_22965_202512261103.OUTCAR,22965,2025.12.26 11:03:41,8,2304,1152,2,4180588,1,1,1152,5760,42.5579,487.009
Cirrus,6.5.1-GCC-LibSci,/mnt/lustre/e1000/home/z04/z04/aturner/benchmark/cirrus-ex/VASP/TiO2_MCC/6.5.1-GCC-LibSci/TiO2MCC_32nodes_9216cores_1threads_4NCORE_23242_202512270835.OUTCAR,23242,2025.12.27 08:36:30,32,9216,9216,1,19883022,1,4,2304,6912,33.2833,605.108
Cirrus,6.5.1-GCC-LibSci,/mnt/lustre/e1000/home/z04/z04/aturner/benchmark/cirrus-ex/VASP/TiO2_MCC/6.5.1-GCC-LibSci/TiO2MCC_2nodes_576cores_1threads_8NCORE_21604_202512201906.OUTCAR,21604,2025.12.20 19:06:45,2,576,576,1,2114247,1,8,72,5184,120.991,972.193
Cirrus,6.5.1-GCC-LibSci,/mnt/lustre/e1000/home/z04/z04/aturner/benchmark/cirrus-ex/VASP/TiO2_MCC/6.5.1-GCC-LibSci/TiO2MCC_32nodes_1152cores_1threads_16NCORE_23235_202512270827.OUTCAR,23235,2025.12.27 08:27:57,32,1152,1152,1,4241518,1,16,72,5184,11.1301,210.312
Cirrus,6.5.1-GCC-LibSci,/mnt/lustre/e1000/home/z04/z04/aturner/benchmark/cirrus-ex/VASP/TiO2_MCC/6.5.1-GCC-LibSci/TiO2MCC_1nodes_72cores_1threads_16NCORE_23188_202512270816.OUTCAR,23188,2025.12.27 08:16:59,1,72,72,1,1316400,1,1,72,5184,226.519,1531.938
Cirrus,6.5.1-GCC-LibSci,/mnt/lustre/e1000/home/z04/z04/aturner/benchmark/cirrus-ex/VASP/TiO2_MCC/6.5.1-GCC-LibSci/TiO2MCC_2nodes_288cores_2threads_1NCORE_21565_202512201849.OUTCAR,21565,2025.12.20 18:49:56,2,576,288,2,1714127,1,1,288,5184,109.8406,820.592
Cirrus,6.5.1-GCC-LibSci,/mnt/lustre/e1000/home/z04/z04/aturner/benchmark/cirrus-ex/VASP/TiO2_MCC/6.5.1-GCC-LibSci/TiO2MCC_32nodes_2304cores_1threads_16NCORE_23238_202512270831.OUTCAR,23238,2025.12.27 08:32:08,32,2304,2304,1,7860338,1,16,144,5184,14.9631,310.266
Cirrus,6.5.1-GCC-LibSci,/mnt/lustre/e1000/home/z04/z04/aturner/benchmark/cirrus-ex/VASP/TiO2_MCC/6.5.1-GCC-LibSci/TiO2MCC_16nodes_2304cores_1threads_8NCORE_21631_202512201940.OUTCAR,21631,2025.12.20 19:40:36,16,2304,2304,1,4438476,1,8,288,5184,17.4548,269.962
Cirrus,6.5.1-GCC-LibSci,/mnt/lustre/e1000/home/z04/z04/aturner/benchmark/cirrus-ex/VASP/TiO2_MCC/6.5.1-GCC-LibSci/TiO2MCC_64nodes_2304cores_1threads_16NCORE_21646_202512201956.OUTCAR,21646,2025.12.20 19:56:22,64,2304,2304,1,7825714,1,16,144,5184,6.6776,197.53
Cirrus,6.5.1-GCC-LibSci,/mnt/lustre/e1000/home/z04/z04/aturner/benchmark/cirrus-ex/VASP/TiO2_MCC/6.5.1-GCC-LibSci/TiO2MCC_4nodes_576cores_1threads_16NCORE_21612_202512201910.OUTCAR,21612,2025.12.20 19:10:26,4,576,576,1,2263280,1,16,36,5184,60.4343,529.558
Cirrus,6.5.1-GCC-LibSci,/mnt/lustre/e1000/home/z04/z04/aturner/benchmark/cirrus-ex/VASP/TiO2_MCC/6.5.1-GCC-LibSci/TiO2MCC_1nodes_288cores_1threads_4NCORE_21593_202512201906.OUTCAR,21593,2025.12.20 19:06:11,1,288,288,1,1960481,1,4,72,5184,248.5992,1724.954
Cirrus,6.5.1-GCC-LibSci,/mnt/lustre/e1000/home/z04/z04/aturner/benchmark/cirrus-ex/VASP/TiO2_MCC/6.5.1-GCC-LibSci/TiO2MCC_32nodes_2304cores_1threads_16NCORE_21639_202512201948.OUTCAR,21639,2025.12.20 19:48:23,32,2304,2304,1,8108960,1,16,144,5184,14.1576,317.068
Cirrus,6.5.1-GCC-LibSci,/mnt/lustre/e1000/home/z04/z04/aturner/benchmark/cirrus-ex/VASP/TiO2_MCC/6.5.1-GCC-LibSci/TiO2MCC_32nodes_2304cores_1threads_4NCORE_21637_202512201945.OUTCAR,21637,2025.12.20 19:45:35,32,2304,2304,1,6934371,1,4,576,5184,16.0221,273.585
Cirrus,6.5.1-GCC-LibSci,/mnt/lustre/e1000/home/z04/z04/aturner/benchmark/cirrus-ex/VASP/TiO2_MCC/6.5.1-GCC-LibSci/TiO2MCC_4nodes_144cores_1threads_16NCORE_21606_202512201906.OUTCAR,21606,2025.12.20 19:06:11,4,144,144,1,1704372,1,16,9,5184,77.4011,633.406
Cirrus,6.5.1-GCC-LibSci,/mnt/lustre/e1000/home/z04/z04/aturner/benchmark/cirrus-ex/VASP/TiO2_MCC/6.5.1-GCC-LibSci/TiO2MCC_16nodes_4608cores_1threads_16NCORE_21635_202512201941.OUTCAR,21635,2025.12.20 19:42:03,16,4608,4608,1,6026393,1,16,288,5184,18.797,356.674
Cirrus,6.5.1-GCC-LibSci,/mnt/lustre/e1000/home/z04/z04/aturner/benchmark/cirrus-ex/VASP/TiO2_MCC/6.5.1-GCC-LibSci/TiO2MCC_16nodes_2304cores_2threads_1NCORE_22729_202512221921.OUTCAR,22729,2025.12.22 19:21:41,16,4608,2304,2,8320656,1,1,2304,6912,38.6016,520.772
Cirrus,6.5.1-GCC-LibSci,/mnt/lustre/e1000/home/z04/z04/aturner/benchmark/cirrus-ex/VASP/TiO2_MCC/6.5.1-GCC-LibSci/TiO2MCC_32nodes_2304cores_4threads_1NCORE_22972_202512261108.OUTCAR,22972,2025.12.26 11:08:53,32,9216,2304,4,13857602,1,1,2304,6912,34.0146,538.636
Cirrus,6.5.1-GCC-LibSci,/mnt/lustre/e1000/home/z04/z04/aturner/benchmark/cirrus-ex/VASP/TiO2_MCC/6.5.1-GCC-LibSci/TiO2MCC_2nodes_288cores_2threads_1NCORE_22717_202512221905.OUTCAR,22717,2025.12.22 19:06:15,2,576,288,2,1691434,1,1,288,5184,109.197,819.12
Cirrus,6.5.1-GCC-LibSci,/mnt/lustre/e1000/home/z04/z04/aturner/benchmark/cirrus-ex/VASP/TiO2_MCC/6.5.1-GCC-LibSci/TiO2MCC_1nodes_72cores_4threads_1NCORE_21560_202512201849.OUTCAR,21560,2025.12.20 18:49:44,1,288,72,4,1421014,1,1,72,5184,214.4197,1418.575
Cirrus,6.5.1-GCC-LibSci,/mnt/lustre/e1000/home/z04/z04/aturner/benchmark/cirrus-ex/VASP/TiO2_MCC/6.5.1-GCC-LibSci/TiO2MCC_1nodes_72cores_4threads_1NCORE_22952_202512261103.OUTCAR,22952,2025.12.26 11:03:25,1,288,72,4,1362870,1,1,72,5184,213.9203,1413.242
Cirrus,6.5.1-GCC-LibSci,/mnt/lustre/e1000/home/z04/z04/aturner/benchmark/cirrus-ex/VASP/TiO2_MCC/6.5.1-GCC-LibSci/TiO2MCC_2nodes_48cores_12threads_1NCORE_21562_202512201849.OUTCAR,21562,2025.12.20 18:49:47,2,576,48,12,1531678,1,1,48,5184,112.4636,835.377
Cirrus,6.5.1-GCC-LibSci,/mnt/lustre/e1000/home/z04/z04/aturner/benchmark/cirrus-ex/VASP/TiO2_MCC/6.5.1-GCC-LibSci/TiO2MCC_16nodes_2304cores_1threads_4NCORE_23229_202512270823.OUTCAR,23229,2025.12.27 08:23:44,16,2304,2304,1,4400203,1,4,576,5184,17.4352,277.453
Cirrus,6.5.1-GCC-LibSci,/mnt/lustre/e1000/home/z04/z04/aturner/benchmark/cirrus-ex/VASP/TiO2_MCC/6.5.1-GCC-LibSci/TiO2MCC_2nodes_48cores_12threads_1NCORE_22714_202512221903.OUTCAR,22714,2025.12.22 19:04:00,2,576,48,12,1676835,1,1,48,5184,116.2006,853.498
Cirrus,6.5.1-GCC-LibSci,/mnt/lustre/e1000/home/z04/z04/aturner/benchmark/cirrus-ex/VASP/TiO2_MCC/6.5.1-GCC-LibSci/TiO2MCC_32nodes_2304cores_1threads_8NCORE_21638_202512201945.OUTCAR,21638,2025.12.20 19:45:41,32,2304,2304,1,8118451,1,8,288,5184,14.9954,322.609
Cirrus,6.5.1-GCC-LibSci,/mnt/lustre/e1000/home/z04/z04/aturner/benchmark/cirrus-ex/VASP/TiO2_MCC/6.5.1-GCC-LibSci/TiO2MCC_64nodes_9216cores_1threads_4NCORE_23249_202512270855.OUTCAR,23249,2025.12.27 08:56:19,64,9216,9216,1,28384811,1,4,2304,6912,24.1955,452.911
Cirrus,6.5.1-GCC-LibSci,/mnt/lustre/e1000/home/z04/z04/aturner/benchmark/cirrus-ex/VASP/TiO2_MCC/6.5.1-GCC-LibSci/TiO2MCC_8nodes_576cores_1threads_16NCORE_23218_202512270816.OUTCAR,23218,2025.12.27 08:17:08,8,576,576,1,2164963,1,16,36,5184,30.5474,320.336
Cirrus,6.5.1-GCC-LibSci,/mnt/lustre/e1000/home/z04/z04/aturner/benchmark/cirrus-ex/VASP/TiO2_MCC/6.5.1-GCC-LibSci/TiO2MCC_2nodes_72cores_8threads_1NCORE_22715_202512221903.OUTCAR,22715,2025.12.22 19:04:01,2,576,72,8,2246031,1,1,72,5184,159.052,1268.404
Cirrus,6.5.1-GCC-LibSci,/mnt/lustre/e1000/home/z04/z04/aturner/benchmark/cirrus-ex/VASP/TiO2_MCC/6.5.1-GCC-LibSci/TiO2MCC_8nodes_576cores_1threads_8NCORE_23217_202512270816.OUTCAR,23217,2025.12.27 08:17:06,8,576,576,1,2151731,1,8,72,5184,32.0698,326.403
Cirrus,6.5.1-GCC-LibSci,/mnt/lustre/e1000/home/z04/z04/aturner/benchmark/cirrus-ex/VASP/TiO2_MCC/6.5.1-GCC-LibSci/TiO2MCC_8nodes_1152cores_1threads_4NCORE_23219_202512270816.OUTCAR,23219,2025.12.27 08:17:17,8,1152,1152,1,2793430,1,4,288,5184,31.5512,351.565
Cirrus,6.5.1-GCC-LibSci,/mnt/lustre/e1000/home/z04/z04/aturner/benchmark/cirrus-ex/VASP/TiO2_MCC/6.5.1-GCC-LibSci/TiO2MCC_32nodes_4608cores_1threads_8NCORE_21641_202512201950.OUTCAR,21641,2025.12.20 19:50:56,32,4608,4608,1,8168316,1,8,576,5184,12.1139,252.517
Cirrus,6.5.1-GCC-LibSci,/mnt/lustre/e1000/home/z04/z04/aturner/benchmark/cirrus-ex/VASP/TiO2_MCC/6.5.1-GCC-LibSci/TiO2MCC_4nodes_1152cores_1threads_16NCORE_21615_202512201916.OUTCAR,21615,2025.12.20 19:16:49,4,1152,1152,1,2562924,1,16,72,5184,62.0573,611.54
Cirrus,6.5.1-GCC-LibSci,/mnt/lustre/e1000/home/z04/z04/aturner/benchmark/cirrus-ex/VASP/TiO2_MCC/6.5.1-GCC-LibSci/TiO2MCC_1nodes_144cores_1threads_16NCORE_23191_202512270816.OUTCAR,23191,2025.12.27 08:17:00,1,144,144,1,1574786,1,16,9,5184,232.7206,1609.663
Cirrus,6.5.1-GCC-LibSci,/mnt/lustre/e1000/home/z04/z04/aturner/benchmark/cirrus-ex/VASP/TiO2_MCC/6.5.1-GCC-LibSci/TiO2MCC_4nodes_288cores_1threads_4NCORE_23206_202512270816.OUTCAR,23206,2025.12.27 08:17:07,4,288,288,1,1770766,1,4,72,5184,63.7979,527.875
Cirrus,6.5.1-GCC-LibSci,/mnt/lustre/e1000/home/z04/z04/aturner/benchmark/cirrus-ex/VASP/TiO2_MCC/6.5.1-GCC-LibSci/TiO2MCC_32nodes_4608cores_2threads_1NCORE_22733_202512221926.OUTCAR,22733,2025.12.22 19:27:09,32,9216,4608,2,22989622,1,1,4608,9216,46.1349,720.431
Cirrus,6.5.1-GCC-LibSci,/mnt/lustre/e1000/home/z04/z04/aturner/benchmark/cirrus-ex/VASP/TiO2_MCC/6.5.1-GCC-LibSci/TiO2MCC_2nodes_288cores_1threads_16NCORE_23201_202512270816.OUTCAR,23201,2025.12.27 08:17:15,2,288,288,1,1844492,1,16,18,5184,120.6454,930.678
Cirrus,6.5.1-GCC-LibSci,/mnt/lustre/e1000/home/z04/z04/aturner/benchmark/cirrus-ex/VASP/TiO2_MCC/6.5.1-GCC-LibSci/TiO2MCC_1nodes_72cores_1threads_4NCORE_23186_202512270816.OUTCAR,23186,2025.12.27 08:16:59,1,72,72,1,1671296,1,4,18,5184,270.2227,1853.363
Cirrus,6.5.1-GCC-LibSci,/mnt/lustre/e1000/home/z04/z04/aturner/benchmark/cirrus-ex/VASP/TiO2_MCC/6.5.1-GCC-LibSci/TiO2MCC_16nodes_4608cores_1threads_8NCORE_21634_202512201941.OUTCAR,21634,2025.12.20 19:42:05,16,4608,4608,1,6303244,1,8,576,5184,19.3091,363.131
Cirrus,6.5.1-GCC-LibSci,/mnt/lustre/e1000/home/z04/z04/aturner/benchmark/cirrus-ex/VASP/TiO2_MCC/6.5.1-GCC-LibSci/TiO2MCC_8nodes_2304cores_1threads_16NCORE_23224_202512270816.OUTCAR,23224,2025.12.27 08:17:35,8,2304,2304,1,3628159,1,16,144,5184,32.7371,431.073
Cirrus,6.5.1-GCC-LibSci,/mnt/lustre/e1000/home/z04/z04/aturner/benchmark/cirrus-ex/VASP/TiO2_MCC/6.5.1-GCC-LibSci/TiO2MCC_2nodes_144cores_1threads_16NCORE_21599_202512201906.OUTCAR,21599,2025.12.20 19:06:16,2,144,144,1,1695235,1,16,9,5184,123.3708,906.661
Cirrus,6.5.1-GCC-LibSci,/mnt/lustre/e1000/home/z04/z04/aturner/benchmark/cirrus-ex/VASP/TiO2_MCC/6.5.1-GCC-LibSci/TiO2MCC_1nodes_144cores_1threads_8NCORE_23190_202512270816.OUTCAR,23190,2025.12.27 08:17:00,1,144,144,1,1722284,1,8,18,5184,255.9037,1808.281
Cirrus,6.5.1-GCC-LibSci,/mnt/lustre/e1000/home/z04/z04/aturner/benchmark/cirrus-ex/VASP/TiO2_MCC/6.5.1-GCC-LibSci/TiO2MCC_16nodes_1152cores_1threads_16NCORE_21629_202512201935.OUTCAR,21629,2025.12.20 19:35:19,16,1152,1152,1,3249300,1,16,72,5184,16.5269,246.214
Cirrus,6.5.1-GCC-LibSci,/mnt/lustre/e1000/home/z04/z04/aturner/benchmark/cirrus-ex/VASP/TiO2_MCC/6.5.1-GCC-LibSci/TiO2MCC_64nodes_8192cores_1threads_8NCORE_22341_202512221034.OUTCAR,22341,2025.12.22 10:34:55,64,8192,8192,1,16070318,1,8,1024,6144,16.3345,359.975
Cirrus,6.5.1-GCC-LibSci,/mnt/lustre/e1000/home/z04/z04/aturner/benchmark/cirrus-ex/VASP/TiO2_MCC/6.5.1-GCC-LibSci/TiO2MCC_4nodes_144cores_8threads_1NCORE_21567_202512201849.OUTCAR,21567,2025.12.20 18:49:48,4,1152,144,8,2657977,1,1,144,5184,99.076,903.875
Cirrus,6.5.1-GCC-LibSci,/mnt/lustre/e1000/home/z04/z04/aturner/benchmark/cirrus-ex/VASP/TiO2_MCC/6.5.1-GCC-LibSci/TiO2MCC_4nodes_144cores_8threads_1NCORE_22719_202512221905.OUTCAR,22719,2025.12.22 19:06:00,4,1152,144,8,2747874,1,1,144,5184,98.7233,907.341
Cirrus,6.5.1-GCC-LibSci,/mnt/lustre/e1000/home/z04/z04/aturner/benchmark/cirrus-ex/VASP/TiO2_MCC/6.5.1-GCC-LibSci/TiO2MCC_32nodes_4608cores_1threads_16NCORE_23241_202512270835.OUTCAR,23241,2025.12.27 08:35:43,32,4608,4608,1,7788138,1,16,288,5184,10.0157,241.829
Cirrus,6.5.1-GCC-LibSci,/mnt/lustre/e1000/home/z04/z04/aturner/benchmark/cirrus-ex/VASP/TiO2_MCC/6.5.1-GCC-LibSci/TiO2MCC_2nodes_288cores_1threads_16NCORE_21602_202512201906.OUTCAR,21602,2025.12.20 19:06:24,2,288,288,1,1869877,1,16,18,5184,121.0981,930.583
Cirrus,6.5.1-GCC-LibSci,/mnt/lustre/e1000/home/z04/z04/aturner/benchmark/cirrus-ex/VASP/TiO2_MCC/6.5.1-GCC-LibSci/TiO2MCC_32nodes_4608cores_1threads_4NCORE_21640_202512201949.OUTCAR,21640,2025.12.20 19:49:53,32,4608,4608,1,11492973,1,4,1152,5760,19.6951,362.135
Cirrus,6.5.1-GCC-LibSci,/mnt/lustre/e1000/home/z04/z04/aturner/benchmark/cirrus-ex/VASP/TiO2_MCC/6.5.1-GCC-LibSci/TiO2MCC_64nodes_2048cores_1threads_4NCORE_22334_202512221017.OUTCAR,22334,2025.12.22 10:17:58,64,2048,2048,1,7806751,1,4,512,5632,11.9653,221.763
Cirrus,6.5.1-GCC-LibSci,/mnt/lustre/e1000/home/z04/z04/aturner/benchmark/cirrus-ex/VASP/TiO2_MCC/6.5.1-GCC-LibSci/TiO2MCC_64nodes_4608cores_4threads_1NCORE_22736_202512221939.OUTCAR,22736,2025.12.22 19:39:42,64,18432,4608,4,62034709,1,1,4608,9216,90.2533,1239.366
Cirrus,6.5.1-GCC-LibSci,/mnt/lustre/e1000/home/z04/z04/aturner/benchmark/cirrus-ex/VASP/TiO2_MCC/6.5.1-GCC-LibSci/TiO2MCC_16nodes_2304cores_2threads_1NCORE_21577_202512201849.OUTCAR,21577,2025.12.20 18:50:02,16,4608,2304,2,8278132,1,1,2304,6912,38.0695,515.98
Cirrus,6.5.1-GCC-LibSci,/mnt/lustre/e1000/home/z04/z04/aturner/benchmark/cirrus-ex/VASP/TiO2_MCC/6.5.1-GCC-LibSci/TiO2MCC_32nodes_9216cores_1threads_16NCORE_23244_202512270838.OUTCAR,23244,2025.12.27 08:39:27,32,9216,9216,1,11408245,1,16,576,5184,12.2592,338.386
Cirrus,6.5.1-GCC-LibSci,/mnt/lustre/e1000/home/z04/z04/aturner/benchmark/cirrus-ex/VASP/TiO2_MCC/6.5.1-GCC-LibSci/TiO2MCC_64nodes_2048cores_1threads_16NCORE_22336_202512221022.OUTCAR,22336,2025.12.22 10:22:16,64,2048,2048,1,6727439,1,16,128,5248,9.7938,189.511
Cirrus,6.5.1-GCC-LibSci,/mnt/lustre/e1000/home/z04/z04/aturner/benchmark/cirrus-ex/VASP/TiO2_MCC/6.5.1-GCC-LibSci/TiO2MCC_2nodes_72cores_8threads_1NCORE_22955_202512261103.OUTCAR,22955,2025.12.26 11:03:29,2,576,72,8,2103390,1,1,72,5184,155.7421,1235.168
Cirrus,6.5.1-GCC-LibSci,/mnt/lustre/e1000/home/z04/z04/aturner/benchmark/cirrus-ex/VASP/TiO2_MCC/6.5.1-GCC-LibSci/TiO2MCC_2nodes_288cores_1threads_8NCORE_23200_202512270816.OUTCAR,23200,2025.12.27 08:17:13,2,288,288,1,1789601,1,8,36,5184,121.0155,904.955
Cirrus,6.5.1-GCC-LibSci,/mnt/lustre/e1000/home/z04/z04/aturner/benchmark/cirrus-ex/VASP/TiO2_MCC/6.5.1-GCC-LibSci/TiO2MCC_1nodes_36cores_8threads_1NCORE_22951_202512261103.OUTCAR,22951,2025.12.26 11:03:25,1,288,36,8,1746120,1,1,36,5184,281.9464,2067.985
Cirrus,6.5.1-GCC-LibSci,/mnt/lustre/e1000/home/z04/z04/aturner/benchmark/cirrus-ex/VASP/TiO2_MCC/6.5.1-GCC-LibSci/TiO2MCC_4nodes_576cores_1threads_16NCORE_23211_202512270816.OUTCAR,23211,2025.12.27 08:17:14,4,576,576,1,2258949,1,16,36,5184,60.5067,528.252
Cirrus,6.5.1-GCC-LibSci,/mnt/lustre/e1000/home/z04/z04/aturner/benchmark/cirrus-ex/VASP/TiO2_MCC/6.5.1-GCC-LibSci/TiO2MCC_2nodes_576cores_1threads_16NCORE_23204_202512270816.OUTCAR,23204,2025.12.27 08:17:34,2,576,576,1,2016604,1,16,36,5184,121.2287,981.403
Cirrus,6.5.1-GCC-LibSci,/mnt/lustre/e1000/home/z04/z04/aturner/benchmark/cirrus-ex/VASP/TiO2_MCC/6.5.1-GCC-LibSci/TiO2MCC_4nodes_576cores_2threads_1NCORE_22721_202512221909.OUTCAR,22721,2025.12.22 19:10:16,4,1152,576,2,2552846,1,1,576,5184,63.8986,580.06
Cirrus,6.5.1-GCC-LibSci,/mnt/lustre/e1000/home/z04/z04/aturner/benchmark/cirrus-ex/VASP/TiO2_MCC/6.5.1-GCC-LibSci/TiO2MCC_64nodes_1536cores_12threads_1NCORE_21582_202512201859.OUTCAR,21582,2025.12.20 18:59:06,64,18432,1536,12,13201076,1,1,1536,6144,16.6074,342.117
Cirrus,6.5.1-GCC-LibSci,/mnt/lustre/e1000/home/z04/z04/aturner/benchmark/cirrus-ex/VASP/TiO2_MCC/6.5.1-GCC-LibSci/TiO2MCC_32nodes_768cores_12threads_1NCORE_22730_202512221921.OUTCAR,22730,2025.12.22 19:21:27,32,9216,768,12,5846491,1,1,768,5376,16.3883,291.991
Cirrus,6.5.1-GCC-LibSci,/mnt/lustre/e1000/home/z04/z04/aturner/benchmark/cirrus-ex/VASP/TiO2_MCC/6.5.1-GCC-LibSci/TiO2MCC_2nodes_144cores_4threads_1NCORE_21564_202512201849.OUTCAR,21564,2025.12.20 18:49:51,2,576,144,4,1694024,1,1,144,5184,116.9515,875.261
Cirrus,6.5.1-GCC-LibSci,/mnt/lustre/e1000/home/z04/z04/aturner/benchmark/cirrus-ex/VASP/TiO2_MCC/6.5.1-GCC-LibSci/TiO2MCC_8nodes_192cores_12threads_1NCORE_22722_202512221918.OUTCAR,22722,2025.12.22 19:19:01,8,2304,192,12,2296605,1,1,192,5184,35.5929,384.479
Cirrus,6.5.1-GCC-LibSci,/mnt/lustre/e1000/home/z04/z04/aturner/benchmark/cirrus-ex/VASP/TiO2_MCC/6.5.1-GCC-LibSci/TiO2MCC_16nodes_4608cores_1threads_16NCORE_23234_202512270827.OUTCAR,23234,2025.12.27 08:27:33,16,4608,4608,1,6281716,1,16,288,5184,18.6779,363.904
Cirrus,6.5.1-GCC-LibSci,/mnt/lustre/e1000/home/z04/z04/aturner/benchmark/cirrus-ex/VASP/TiO2_MCC/6.5.1-GCC-LibSci/TiO2MCC_8nodes_2304cores_1threads_8NCORE_23223_202512270816.OUTCAR,23223,2025.12.27 08:17:35,8,2304,2304,1,3720481,1,8,288,5184,32.6774,432.579
Cirrus,6.5.1-GCC-LibSci,/mnt/lustre/e1000/home/z04/z04/aturner/benchmark/cirrus-ex/VASP/TiO2_MCC/6.5.1-GCC-LibSci/TiO2MCC_2nodes_144cores_4threads_1NCORE_22956_202512261103.OUTCAR,22956,2025.12.26 11:03:34,2,576,144,4,1832068,1,1,144,5184,119.8198,900.264
Cirrus,6.5.1-GCC-LibSci,/mnt/lustre/e1000/home/z04/z04/aturner/benchmark/cirrus-ex/VASP/TiO2_MCC/6.5.1-GCC-LibSci/TiO2MCC_8nodes_1152cores_1threads_8NCORE_23220_202512270816.OUTCAR,23220,2025.12.27 08:17:15,8,1152,1152,1,2754487,1,8,144,5184,31.0842,347.259
Cirrus,6.5.1-GCC-LibSci,/mnt/lustre/e1000/home/z04/z04/aturner/benchmark/cirrus-ex/VASP/TiO2_MCC/6.5.1-GCC-LibSci/TiO2MCC_1nodes_24cores_12threads_1NCORE_21558_202512201849.OUTCAR,21558,2025.12.20 18:49:44,1,288,24,12,1442123,1,1,24,5184,223.1667,1527.351
Cirrus,6.5.1-GCC-LibSci,/mnt/lustre/e1000/home/z04/z04/aturner/benchmark/cirrus-ex/VASP/TiO2_MCC/6.5.1-GCC-LibSci/TiO2MCC_8nodes_2304cores_1threads_16NCORE_21625_202512201927.OUTCAR,21625,2025.12.20 19:27:44,8,2304,2304,1,3603276,1,16,144,5184,32.7685,432.29
Cirrus,6.5.1-GCC-LibSci,/mnt/lustre/e1000/home/z04/z04/aturner/benchmark/cirrus-ex/VASP/TiO2_MCC/6.5.1-GCC-LibSci/TiO2MCC_32nodes_4608cores_1threads_8NCORE_23240_202512270834.OUTCAR,23240,2025.12.27 08:34:22,32,4608,4608,1,7919084,1,8,576,5184,10.5254,245.006
Cirrus,6.5.1-GCC-LibSci,/mnt/lustre/e1000/home/z04/z04/aturner/benchmark/cirrus-ex/VASP/TiO2_MCC/6.5.1-GCC-LibSci/TiO2MCC_16nodes_2048cores_1threads_4NCORE_22320_202512220954.OUTCAR,22320,2025.12.22 09:55:13,16,2048,2048,1,5261202,1,4,512,5632,41.2793,473.697
Cirrus,6.5.1-GCC-LibSci,/mnt/lustre/e1000/home/z04/z04/aturner/benchmark/cirrus-ex/VASP/TiO2_MCC/6.5.1-GCC-LibSci/TiO2MCC_1nodes_36cores_8threads_1NCORE_21559_202512201849.OUTCAR,21559,2025.12.20 18:49:44,1,288,36,8,1761651,1,1,36,5184,285.5907,2113.344
Cirrus,6.5.1-GCC-LibSci,/mnt/lustre/e1000/home/z04/z04/aturner/benchmark/cirrus-ex/VASP/TiO2_MCC/6.5.1-GCC-LibSci/TiO2MCC_2nodes_288cores_1threads_4NCORE_21600_202512201906.OUTCAR,21600,2025.12.20 19:06:23,2,288,288,1,1772026,1,4,72,5184,119.5714,888.681
Cirrus,6.5.1-GCC-LibSci,/mnt/lustre/e1000/home/z04/z04/aturner/benchmark/cirrus-ex/VASP/TiO2_MCC/6.5.1-GCC-LibSci/TiO2MCC_2nodes_144cores_1threads_4NCORE_21597_202512201906.OUTCAR,21597,2025.12.20 19:06:17,2,144,144,1,1633981,1,4,36,5184,130.9225,963.382
Cirrus,6.5.1-GCC-LibSci,/mnt/lustre/e1000/home/z04/z04/aturner/benchmark/cirrus-ex/VASP/TiO2_MCC/6.5.1-GCC-LibSci/TiO2MCC_1nodes_288cores_1threads_8NCORE_23193_202512270816.OUTCAR,23193,2025.12.27 08:17:01,1,288,288,1,1898583,1,8,36,5184,246.5524,1736.494
Cirrus,6.5.1-GCC-LibSci,/mnt/lustre/e1000/home/z04/z04/aturner/benchmark/cirrus-ex/VASP/TiO2_MCC/6.5.1-GCC-LibSci/TiO2MCC_4nodes_576cores_2threads_1NCORE_21569_202512201849.OUTCAR,21569,2025.12.20 18:50:02,4,1152,576,2,2349474,1,1,576,5184,61.7005,566.456
Cirrus,6.5.1-GCC-LibSci,/mnt/lustre/e1000/home/z04/z04/aturner/benchmark/cirrus-ex/VASP/TiO2_MCC/6.5.1-GCC-LibSci/TiO2MCC_4nodes_288cores_1threads_4NCORE_21607_202512201906.OUTCAR,21607,2025.12.20 19:06:15,4,288,288,1,1773104,1,4,72,5184,63.945,524.425
Cirrus,6.5.1-GCC-LibSci,/mnt/lustre/e1000/home/z04/z04/aturner/benchmark/cirrus-ex/VASP/TiO2_MCC/6.5.1-GCC-LibSci/TiO2MCC_1nodes_144cores_1threads_4NCORE_23189_202512270816.OUTCAR,23189,2025.12.27 08:16:59,1,144,144,1,1624470,1,4,36,5184,245.5903,1688.906
Cirrus,6.5.1-GCC-LibSci,/mnt/lustre/e1000/home/z04/z04/aturner/benchmark/cirrus-ex/VASP/TiO2_MCC/6.5.1-GCC-LibSci/TiO2MCC_1nodes_144cores_1threads_8NCORE_21591_202512201906.OUTCAR,21591,2025.12.20 19:06:08,1,144,144,1,1796434,1,8,18,5184,257.0989,1813.769
Cirrus,6.5.1-GCC-LibSci,/mnt/lustre/e1000/home/z04/z04/aturner/benchmark/cirrus-ex/VASP/TiO2_MCC/6.5.1-GCC-LibSci/TiO2MCC_2nodes_144cores_1threads_4NCORE_23196_202512270816.OUTCAR,23196,2025.12.27 08:17:08,2,144,144,1,1832052,1,4,36,5184,134.8563,995.771
Cirrus,6.5.1-GCC-LibSci,/mnt/lustre/e1000/home/z04/z04/aturner/benchmark/cirrus-ex/VASP/TiO2_MCC/6.5.1-GCC-LibSci/TiO2MCC_2nodes_288cores_2threads_1NCORE_22957_202512261103.OUTCAR,22957,2025.12.26 11:03:40,2,576,288,2,1707083,1,1,288,5184,108.8919,814.942
Cirrus,6.5.1-GCC-LibSci,/mnt/lustre/e1000/home/z04/z04/aturner/benchmark/cirrus-ex/VASP/TiO2_MCC/6.5.1-GCC-LibSci/TiO2MCC_16nodes_4608cores_1threads_8NCORE_23233_202512270826.OUTCAR,23233,2025.12.27 08:27:08,16,4608,4608,1,6409689,1,8,576,5184,19.3121,362.254
Cirrus,6.5.1-GCC-LibSci,/mnt/lustre/e1000/home/z04/z04/aturner/benchmark/cirrus-ex/VASP/TiO2_MCC/6.5.1-GCC-LibSci/TiO2MCC_32nodes_1152cores_1threads_16NCORE_21636_202512201945.OUTCAR,21636,2025.12.20 19:45:31,32,1152,1152,1,4330074,1,16,72,5184,11.096,212.754
Cirrus,6.5.1-GCC-LibSci,/mnt/lustre/e1000/home/z04/z04/aturner/benchmark/cirrus-ex/VASP/TiO2_MCC/6.5.1-GCC-LibSci/TiO2MCC_64nodes_4608cores_1threads_4NCORE_23246_202512270844.OUTCAR,23246,2025.12.27 08:44:18,64,4608,4608,1,25541787,1,4,1152,5760,38.7645,532.767
Cirrus,6.5.1-GCC-LibSci,/mnt/lustre/e1000/home/z04/z04/aturner/benchmark/cirrus-ex/VASP/TiO2_MCC/6.5.1-GCC-LibSci/TiO2MCC_32nodes_4608cores_1threads_4NCORE_23239_202512270833.OUTCAR,23239,2025.12.27 08:34:09,32,4608,4608,1,10961963,1,4,1152,5760,19.6612,346.4
Cirrus,6.5.1-GCC-LibSci,/mnt/lustre/e1000/home/z04/z04/aturner/benchmark/cirrus-ex/VASP/TiO2_MCC/6.5.1-GCC-LibSci/TiO2MCC_64nodes_18432cores_1threads_16NCORE_23254_202512270921.OUTCAR,23254,2025.12.27 09:22:06,64,1,1,1,32653577,1,16,1152,5760,21.9498,497.151
Cirrus,6.5.1-GCC-LibSci,/mnt/lustre/e1000/home/z04/z04/aturner/benchmark/cirrus-ex/VASP/TiO2_MCC/6.5.1-GCC-LibSci/TiO2MCC_4nodes_288cores_1threads_16NCORE_21609_202512201910.OUTCAR,21609,2025.12.20 19:10:16,4,288,288,1,1775174,1,16,18,5184,61.287,516.238
Cirrus,6.5.1-GCC-LibSci,/mnt/lustre/e1000/home/z04/z04/aturner/benchmark/cirrus-ex/VASP/TiO2_MCC/6.5.1-GCC-LibSci/TiO2MCC_2nodes_288cores_1threads_8NCORE_21601_202512201906.OUTCAR,21601,2025.12.20 19:06:27,2,288,288,1,1772970,1,8,36,5184,121.2827,910.909
Cirrus,6.5.1-GCC-LibSci,/mnt/lustre/e1000/home/z04/z04/aturner/benchmark/cirrus-ex/VASP/TiO2_MCC/6.5.1-GCC-LibSci/TiO2MCC_64nodes_2304cores_1threads_16NCORE_23245_202512270840.OUTCAR,23245,2025.12.27 08:40:23,64,2304,2304,1,7521394,1,16,144,5184,6.6427,193.487
Cirrus,6.5.1-GCC-LibSci,/mnt/lustre/e1000/home/z04/z04/aturner/benchmark/cirrus-ex/VASP/TiO2_MCC/6.5.1-GCC-LibSci/TiO2MCC_64nodes_4096cores_1threads_16NCORE_22339_202512221030.OUTCAR,22339,2025.12.22 10:30:34,64,4096,4096,1,9331904,1,16,256,5376,10.5001,215.688
Cirrus,6.5.1-GCC-LibSci,/mnt/lustre/e1000/home/z04/z04/aturner/benchmark/cirrus-ex/VASP/TiO2_MCC/6.5.1-GCC-LibSci/TiO2MCC_2nodes_48cores_12threads_1NCORE_22954_202512261103.OUTCAR,22954,2025.12.26 11:03:27,2,576,48,12,1476217,1,1,48,5184,110.8066,827.289
Cirrus,6.5.1-GCC-LibSci,/mnt/lustre/e1000/home/z04/z04/aturner/benchmark/cirrus-ex/VASP/TiO2_MCC/6.5.1-GCC-LibSci/TiO2MCC_64nodes_2304cores_8threads_1NCORE_22735_202512221933.OUTCAR,22735,2025.12.22 19:33:39,64,18432,2304,8,34906000,1,1,2304,6912,69.238,894.996
Cirrus,6.5.1-GCC-LibSci,/mnt/lustre/e1000/home/z04/z04/aturner/benchmark/cirrus-ex/VASP/TiO2_MCC/6.5.1-GCC-LibSci/TiO2MCC_32nodes_2048cores_1threads_16NCORE_22329_202512221007.OUTCAR,22329,2025.12.22 10:08:03,32,2048,2048,1,5419161,1,16,128,5248,18.0472,252.727
Cirrus,6.5.1-GCC-LibSci,/mnt/lustre/e1000/home/z04/z04/aturner/benchmark/cirrus-ex/VASP/TiO2_MCC/6.5.1-GCC-LibSci/TiO2MCC_16nodes_1152cores_1threads_8NCORE_23227_202512270822.OUTCAR,23227,2025.12.27 08:23:06,16,1152,1152,1,3373749,1,8,144,5184,17.6038,251.809
Cirrus,6.5.1-GCC-LibSci,/mnt/lustre/e1000/home/z04/z04/aturner/benchmark/cirrus-ex/VASP/TiO2_MCC/6.5.1-GCC-LibSci/TiO2MCC_16nodes_576cores_1threads_16NCORE_23225_202512270816.OUTCAR,23225,2025.12.27 08:17:04,16,576,576,1,2771862,1,16,36,5184,20.1361,263.939
Cirrus,6.5.1-GCC-LibSci,/mnt/lustre/e1000/home/z04/z04/aturner/benchmark/cirrus-ex/VASP/TiO2_MCC/6.5.1-GCC-LibSci/TiO2MCC_16nodes_384cores_12threads_1NCORE_21574_202512201849.OUTCAR,21574,2025.12.20 18:49:48,16,4608,384,12,4173210,1,1,384,5376,28.8762,378.789
Cirrus,6.5.1-GCC-LibSci,/mnt/lustre/e1000/home/z04/z04/aturner/benchmark/cirrus-ex/VASP/TiO2_MCC/6.5.1-GCC-LibSci/TiO2MCC_16nodes_1152cores_1threads_4NCORE_21627_202512201933.OUTCAR,21627,2025.12.20 19:33:19,16,1152,1152,1,3477034,1,4,288,5184,19.7989,267.229
Cirrus,6.5.1-GCC-LibSci,/mnt/lustre/e1000/home/z04/z04/aturner/benchmark/cirrus-ex/VASP/TiO2_MCC/6.5.1-GCC-LibSci/TiO2MCC_1nodes_72cores_1threads_4NCORE_21587_202512201904.OUTCAR,21587,2025.12.20 19:04:09,1,72,72,1,1673702,1,4,18,5184,262.7943,1812.417
Cirrus,6.5.1-GCC-LibSci,/mnt/lustre/e1000/home/z04/z04/aturner/benchmark/cirrus-ex/VASP/TiO2_MCC/6.5.1-GCC-LibSci/TiO2MCC_2nodes_144cores_1threads_8NCORE_21598_202512201906.OUTCAR,21598,2025.12.20 19:06:15,2,144,144,1,1675172,1,8,18,5184,131.6293,973.485
Cirrus,6.5.1-GCC-LibSci,/mnt/lustre/e1000/home/z04/z04/aturner/benchmark/cirrus-ex/VASP/TiO2_MCC/6.5.1-GCC-LibSci/TiO2MCC_1nodes_288cores_1threads_16NCORE_21595_202512201906.OUTCAR,21595,2025.12.20 19:06:11,1,288,288,1,2054053,1,16,18,5184,257.7581,1874.559
Cirrus,6.5.1-GCC-LibSci,/mnt/lustre/e1000/home/z04/z04/aturner/benchmark/cirrus-ex/VASP/TiO2_MCC/6.5.1-GCC-LibSci/TiO2MCC_64nodes_4096cores_1threads_8NCORE_22338_202512221025.OUTCAR,22338,2025.12.22 10:26:06,64,4096,4096,1,9994030,1,8,512,5632,11.6127,231.85
Cirrus,6.5.1-GCC-LibSci,/mnt/lustre/e1000/home/z04/z04/aturner/benchmark/cirrus-ex/VASP/TiO2_MCC/6.5.1-GCC-LibSci/TiO2MCC_64nodes_18432cores_1threads_8NCORE_23253_202512270910.OUTCAR,23253,2025.12.27 09:10:49,64,1,1,1,41700356,1,8,2304,6912,33.2715,630.274
Cirrus,6.5.1-GCC-LibSci,/mnt/lustre/e1000/home/z04/z04/aturner/benchmark/cirrus-ex/VASP/TiO2_MCC/6.5.1-GCC-LibSci/TiO2MCC_8nodes_1152cores_1threads_4NCORE_21620_202512201922.OUTCAR,21620,2025.12.20 19:22:26,8,1152,1152,1,2971750,1,4,288,5184,32.7112,356.712
Cirrus,6.5.1-GCC-LibSci,/mnt/lustre/e1000/home/z04/z04/aturner/benchmark/cirrus-ex/VASP/TiO2_MCC/6.5.1-GCC-LibSci/TiO2MCC_32nodes_4096cores_1threads_16NCORE_22332_202512221011.OUTCAR,22332,2025.12.22 10:11:49,32,4096,4096,1,7480419,1,16,256,5376,20.34,338.112
Cirrus,6.5.1-GCC-LibSci,/mnt/lustre/e1000/home/z04/z04/aturner/benchmark/cirrus-ex/VASP/TiO2_MCC/6.5.1-GCC-LibSci/TiO2MCC_32nodes_4096cores_1threads_4NCORE_22330_202512221009.OUTCAR,22330,2025.12.22 10:09:52,32,4096,4096,1,9673149,1,4,1024,6144,28.7692,436.52
Cirrus,6.5.1-GCC-LibSci,/mnt/lustre/e1000/home/z04/z04/aturner/benchmark/cirrus-ex/VASP/TiO2_MCC/6.5.1-GCC-LibSci/TiO2MCC_8nodes_576cores_1threads_8NCORE_21618_202512201920.OUTCAR,21618,2025.12.20 19:20:17,8,576,576,1,2299943,1,8,72,5184,32.985,334.133
Cirrus,6.5.1-GCC-LibSci,/mnt/lustre/e1000/home/z04/z04/aturner/benchmark/cirrus-ex/VASP/TiO2_MCC/6.5.1-GCC-LibSci/TiO2MCC_2nodes_288cores_1threads_4NCORE_23199_202512270816.OUTCAR,23199,2025.12.27 08:17:12,2,288,288,1,1740429,1,4,72,5184,119.5556,886.588
Cirrus,6.5.1-GCC-MKL,/mnt/lustre/e1000/home/z04/z04/aturner/benchmark/cirrus-ex/VASP/TiO2_MCC/6.5.1-GCC-MKL/TiO2MCC_64nodes_1536cores_12threads_1NCORE_21883_202512212357.OUTCAR,21883,2025.12.21 23:57:50,64,18432,1536,12,9851173,1,1,1536,6144,10.6568,264.4
Cirrus,6.5.1-GCC-MKL,/mnt/lustre/e1000/home/z04/z04/aturner/benchmark/cirrus-ex/VASP/TiO2_MCC/6.5.1-GCC-MKL/TiO2MCC_32nodes_2304cores_1threads_16NCORE_21842_202512212244.OUTCAR,21842,2025.12.21 22:44:21,32,2304,2304,1,8509067,1,16,144,5184,18.2194,333.297
Cirrus,6.5.1-GCC-MKL,/mnt/lustre/e1000/home/z04/z04/aturner/benchmark/cirrus-ex/VASP/TiO2_MCC/6.5.1-GCC-MKL/TiO2MCC_4nodes_96cores_12threads_1NCORE_21867_202512212255.OUTCAR,21867,2025.12.21 22:55:16,4,1152,96,12,1600710,1,1,96,5184,55.3216,466.94
Cirrus,6.5.1-GCC-MKL,/mnt/lustre/e1000/home/z04/z04/aturner/benchmark/cirrus-ex/VASP/TiO2_MCC/6.5.1-GCC-MKL/TiO2MCC_1nodes_72cores_1threads_16NCORE_23328_202512270900.OUTCAR,23328,2025.12.27 09:00:39,1,72,72,1,1572290,1,1,72,5184,243.7624,1722.283
Cirrus,6.5.1-GCC-MKL,/mnt/lustre/e1000/home/z04/z04/aturner/benchmark/cirrus-ex/VASP/TiO2_MCC/6.5.1-GCC-MKL/TiO2MCC_1nodes_288cores_1threads_16NCORE_21798_202512212223.OUTCAR,21798,2025.12.21 22:23:55,1,288,288,1,2285287,1,16,18,5184,269.6359,1950.748
Cirrus,6.5.1-GCC-MKL,/mnt/lustre/e1000/home/z04/z04/aturner/benchmark/cirrus-ex/VASP/TiO2_MCC/6.5.1-GCC-MKL/TiO2MCC_2nodes_288cores_2threads_1NCORE_22633_202512221821.OUTCAR,22633,2025.12.22 18:22:11,2,576,288,2,1814795,1,1,288,5184,106.923,777.651
Cirrus,6.5.1-GCC-MKL,/mnt/lustre/e1000/home/z04/z04/aturner/benchmark/cirrus-ex/VASP/TiO2_MCC/6.5.1-GCC-MKL/TiO2MCC_1nodes_36cores_1threads_16NCORE_21789_202512212223.OUTCAR,21789,2025.12.21 22:23:53,1,36,36,1,2062663,1,1,36,5184,381.9679,2756.32
Cirrus,6.5.1-GCC-MKL,/mnt/lustre/e1000/home/z04/z04/aturner/benchmark/cirrus-ex/VASP/TiO2_MCC/6.5.1-GCC-MKL/TiO2MCC_32nodes_4608cores_1threads_4NCORE_21843_202512212245.OUTCAR,21843,2025.12.21 22:45:47,32,4608,4608,1,11098111,1,4,1152,5760,22.5097,349.95
Cirrus,6.5.1-GCC-MKL,/mnt/lustre/e1000/home/z04/z04/aturner/benchmark/cirrus-ex/VASP/TiO2_MCC/6.5.1-GCC-MKL/TiO2MCC_8nodes_1152cores_1threads_16NCORE_23361_202512270931.OUTCAR,23361,2025.12.27 09:31:36,8,1152,1152,1,2801552,1,16,72,5184,31.0543,343.891
Cirrus,6.5.1-GCC-MKL,/mnt/lustre/e1000/home/z04/z04/aturner/benchmark/cirrus-ex/VASP/TiO2_MCC/6.5.1-GCC-MKL/TiO2MCC_2nodes_576cores_1threads_4NCORE_23342_202512270910.OUTCAR,23342,2025.12.27 09:11:07,2,576,576,1,2128509,1,4,144,5184,124.0579,971.765
Cirrus,6.5.1-GCC-MKL,/mnt/lustre/e1000/home/z04/z04/aturner/benchmark/cirrus-ex/VASP/TiO2_MCC/6.5.1-GCC-MKL/TiO2MCC_16nodes_4608cores_1threads_8NCORE_23373_202512270936.OUTCAR,23373,2025.12.27 09:37:14,16,4608,4608,1,6120159,1,8,576,5184,19.8265,356.403
Cirrus,6.5.1-GCC-MKL,/mnt/lustre/e1000/home/z04/z04/aturner/benchmark/cirrus-ex/VASP/TiO2_MCC/6.5.1-GCC-MKL/TiO2MCC_4nodes_576cores_1threads_4NCORE_21813_202512212223.OUTCAR,21813,2025.12.21 22:24:06,4,576,576,1,2081618,1,4,144,5184,62.1124,533.854
Cirrus,6.5.1-GCC-MKL,/mnt/lustre/e1000/home/z04/z04/aturner/benchmark/cirrus-ex/VASP/TiO2_MCC/6.5.1-GCC-MKL/TiO2MCC_32nodes_4608cores_1threads_8NCORE_23380_202512270943.OUTCAR,23380,2025.12.27 09:44:03,32,4608,4608,1,7768651,1,8,576,5184,10.851,240.883
Cirrus,6.5.1-GCC-MKL,/mnt/lustre/e1000/home/z04/z04/aturner/benchmark/cirrus-ex/VASP/TiO2_MCC/6.5.1-GCC-MKL/TiO2MCC_32nodes_4608cores_2threads_1NCORE_21882_202512212354.OUTCAR,21882,2025.12.21 23:55:05,32,9216,4608,2,21983267,1,1,4608,9216,45.4978,693.116
Cirrus,6.5.1-GCC-MKL,/mnt/lustre/e1000/home/z04/z04/aturner/benchmark/cirrus-ex/VASP/TiO2_MCC/6.5.1-GCC-MKL/TiO2MCC_32nodes_768cores_12threads_1NCORE_22618_202512221808.OUTCAR,22618,2025.12.22 18:08:25,32,9216,768,12,5060956,1,1,768,5376,14.9992,247.694
Cirrus,6.5.1-GCC-MKL,/mnt/lustre/e1000/home/z04/z04/aturner/benchmark/cirrus-ex/VASP/TiO2_MCC/6.5.1-GCC-MKL/TiO2MCC_64nodes_4608cores_1threads_16NCORE_21852_202512212313.OUTCAR,21852,2025.12.21 23:13:37,64,4608,4608,1,35055465,1,16,288,5184,63.2001,705.638
Cirrus,6.5.1-GCC-MKL,/mnt/lustre/e1000/home/z04/z04/aturner/benchmark/cirrus-ex/VASP/TiO2_MCC/6.5.1-GCC-MKL/TiO2MCC_32nodes_2304cores_1threads_4NCORE_21840_202512212241.OUTCAR,21840,2025.12.21 22:41:11,32,2304,2304,1,8737800,1,4,576,5184,28.6674,345.217
Cirrus,6.5.1-GCC-MKL,/mnt/lustre/e1000/home/z04/z04/aturner/benchmark/cirrus-ex/VASP/TiO2_MCC/6.5.1-GCC-MKL/TiO2MCC_1nodes_144cores_1threads_4NCORE_21793_202512212223.OUTCAR,21793,2025.12.21 22:23:54,1,144,144,1,1729300,1,4,36,5184,249.9311,1727.355
Cirrus,6.5.1-GCC-MKL,/mnt/lustre/e1000/home/z04/z04/aturner/benchmark/cirrus-ex/VASP/TiO2_MCC/6.5.1-GCC-MKL/TiO2MCC_16nodes_576cores_8threads_1NCORE_22643_202512221841.OUTCAR,22643,2025.12.22 18:41:54,16,4608,576,8,3529269,1,1,576,5184,25.3303,312.373
Cirrus,6.5.1-GCC-MKL,/mnt/lustre/e1000/home/z04/z04/aturner/benchmark/cirrus-ex/VASP/TiO2_MCC/6.5.1-GCC-MKL/TiO2MCC_8nodes_288cores_8threads_1NCORE_22611_202512221803.OUTCAR,22611,2025.12.22 18:03:16,8,2304,288,8,2385641,1,1,288,5184,35.9715,382.154
Cirrus,6.5.1-GCC-MKL,/mnt/lustre/e1000/home/z04/z04/aturner/benchmark/cirrus-ex/VASP/TiO2_MCC/6.5.1-GCC-MKL/TiO2MCC_64nodes_9216cores_2threads_1NCORE_22653_202512221902.OUTCAR,22653,2025.12.22 19:03:06,64,18432,9216,2,45518840,1,1,9216,9216,44.278,719.41
Cirrus,6.5.1-GCC-MKL,/mnt/lustre/e1000/home/z04/z04/aturner/benchmark/cirrus-ex/VASP/TiO2_MCC/6.5.1-GCC-MKL/TiO2MCC_64nodes_2304cores_1threads_16NCORE_23385_202512270950.OUTCAR,23385,2025.12.27 09:50:22,64,2304,2304,1,8403733,1,16,144,5184,7.7637,214.853
Cirrus,6.5.1-GCC-MKL,/mnt/lustre/e1000/home/z04/z04/aturner/benchmark/cirrus-ex/VASP/TiO2_MCC/6.5.1-GCC-MKL/TiO2MCC_4nodes_1152cores_1threads_8NCORE_23353_202512270921.OUTCAR,23353,2025.12.27 09:22:16,4,1152,1152,1,2738704,1,8,144,5184,64.3225,619.241
Cirrus,6.5.1-GCC-MKL,/mnt/lustre/e1000/home/z04/z04/aturner/benchmark/cirrus-ex/VASP/TiO2_MCC/6.5.1-GCC-MKL/TiO2MCC_32nodes_1152cores_8threads_1NCORE_22619_202512221810.OUTCAR,22619,2025.12.22 18:10:58,32,9216,1152,8,7031180,1,1,1152,5760,20.7652,335.692
Cirrus,6.5.1-GCC-MKL,/mnt/lustre/e1000/home/z04/z04/aturner/benchmark/cirrus-ex/VASP/TiO2_MCC/6.5.1-GCC-MKL/TiO2MCC_8nodes_576cores_4threads_1NCORE_21873_202512212310.OUTCAR,21873,2025.12.21 23:10:22,8,2304,576,4,2659832,1,1,576,5184,34.2727,361.992
Cirrus,6.5.1-GCC-MKL,/mnt/lustre/e1000/home/z04/z04/aturner/benchmark/cirrus-ex/VASP/TiO2_MCC/6.5.1-GCC-MKL/TiO2MCC_2nodes_72cores_8threads_1NCORE_22631_202512221812.OUTCAR,22631,2025.12.22 18:12:58,2,576,72,8,1688493,1,1,72,5184,113.1516,824.182
Cirrus,6.5.1-GCC-MKL,/mnt/lustre/e1000/home/z04/z04/aturner/benchmark/cirrus-ex/VASP/TiO2_MCC/6.5.1-GCC-MKL/TiO2MCC_16nodes_2304cores_2threads_1NCORE_21878_202512212345.OUTCAR,21878,2025.12.21 23:46:08,16,4608,2304,2,7937317,1,1,2304,6912,35.0515,494.694
Cirrus,6.5.1-GCC-MKL,/mnt/lustre/e1000/home/z04/z04/aturner/benchmark/cirrus-ex/VASP/TiO2_MCC/6.5.1-GCC-MKL/TiO2MCC_16nodes_2304cores_1threads_16NCORE_23371_202512270936.OUTCAR,23371,2025.12.27 09:36:37,16,2304,2304,1,4351261,1,16,144,5184,17.0597,266.827
Cirrus,6.5.1-GCC-MKL,/mnt/lustre/e1000/home/z04/z04/aturner/benchmark/cirrus-ex/VASP/TiO2_MCC/6.5.1-GCC-MKL/TiO2MCC_32nodes_768cores_12threads_1NCORE_22646_202512221841.OUTCAR,22646,2025.12.22 18:41:57,32,9216,768,12,5053622,1,1,768,5376,15.0127,250.643
Cirrus,6.5.1-GCC-MKL,/mnt/lustre/e1000/home/z04/z04/aturner/benchmark/cirrus-ex/VASP/TiO2_MCC/6.5.1-GCC-MKL/TiO2MCC_2nodes_72cores_8threads_1NCORE_22603_202512221758.OUTCAR,22603,2025.12.22 17:58:57,2,576,72,8,1522004,1,1,72,5184,110.7938,803.46
Cirrus,6.5.1-GCC-MKL,/mnt/lustre/e1000/home/z04/z04/aturner/benchmark/cirrus-ex/VASP/TiO2_MCC/6.5.1-GCC-MKL/TiO2MCC_8nodes_1152cores_1threads_8NCORE_23360_202512270931.OUTCAR,23360,2025.12.27 09:31:33,8,1152,1152,1,2796548,1,8,144,5184,32.2397,350.472
Cirrus,6.5.1-GCC-MKL,/mnt/lustre/e1000/home/z04/z04/aturner/benchmark/cirrus-ex/VASP/TiO2_MCC/6.5.1-GCC-MKL/TiO2MCC_8nodes_1152cores_1threads_8NCORE_21824_202512212223.OUTCAR,21824,2025.12.21 22:24:10,8,1152,1152,1,2941799,1,8,144,5184,33.1619,358.74
Cirrus,6.5.1-GCC-MKL,/mnt/lustre/e1000/home/z04/z04/aturner/benchmark/cirrus-ex/VASP/TiO2_MCC/6.5.1-GCC-MKL/TiO2MCC_2nodes_576cores_1threads_8NCORE_21807_202512212223.OUTCAR,21807,2025.12.21 22:24:24,2,576,576,1,2107758,1,8,72,5184,121.0892,961.694
Cirrus,6.5.1-GCC-MKL,/mnt/lustre/e1000/home/z04/z04/aturner/benchmark/cirrus-ex/VASP/TiO2_MCC/6.5.1-GCC-MKL/TiO2MCC_4nodes_288cores_1threads_8NCORE_23347_202512270910.OUTCAR,23347,2025.12.27 09:10:48,4,288,288,1,1931456,1,8,36,5184,69.2929,569.387
Cirrus,6.5.1-GCC-MKL,/mnt/lustre/e1000/home/z04/z04/aturner/benchmark/cirrus-ex/VASP/TiO2_MCC/6.5.1-GCC-MKL/TiO2MCC_32nodes_1152cores_1threads_16NCORE_23375_202512270936.OUTCAR,23375,2025.12.27 09:37:00,32,1152,1152,1,4609165,1,16,72,5184,13.4483,231.252
Cirrus,6.5.1-GCC-MKL,/mnt/lustre/e1000/home/z04/z04/aturner/benchmark/cirrus-ex/VASP/TiO2_MCC/6.5.1-GCC-MKL/TiO2MCC_32nodes_1152cores_1threads_16NCORE_21839_202512212239.OUTCAR,21839,2025.12.21 22:39:31,32,1152,1152,1,4625539,1,16,72,5184,13.4306,231.54
Cirrus,6.5.1-GCC-MKL,/mnt/lustre/e1000/home/z04/z04/aturner/benchmark/cirrus-ex/VASP/TiO2_MCC/6.5.1-GCC-MKL/TiO2MCC_2nodes_288cores_2threads_1NCORE_22605_202512221758.OUTCAR,22605,2025.12.22 17:59:09,2,576,288,2,1621890,1,1,288,5184,103.4409,755.525
Cirrus,6.5.1-GCC-MKL,/mnt/lustre/e1000/home/z04/z04/aturner/benchmark/cirrus-ex/VASP/TiO2_MCC/6.5.1-GCC-MKL/TiO2MCC_16nodes_1152cores_1threads_16NCORE_21832_202512212232.OUTCAR,21832,2025.12.21 22:32:48,16,1152,1152,1,3363108,1,16,72,5184,18.5564,259.578
Cirrus,6.5.1-GCC-MKL,/mnt/lustre/e1000/home/z04/z04/aturner/benchmark/cirrus-ex/VASP/TiO2_MCC/6.5.1-GCC-MKL/TiO2MCC_1nodes_288cores_1threads_4NCORE_23332_202512270900.OUTCAR,23332,2025.12.27 09:00:40,1,288,288,1,2018268,1,4,72,5184,252.8698,1726.715
Cirrus,6.5.1-GCC-MKL,/mnt/lustre/e1000/home/z04/z04/aturner/benchmark/cirrus-ex/VASP/TiO2_MCC/6.5.1-GCC-MKL/TiO2MCC_16nodes_4608cores_1threads_8NCORE_21837_202512212237.OUTCAR,21837,2025.12.21 22:37:50,16,4608,4608,1,6415385,1,8,576,5184,19.9232,371.151
Cirrus,6.5.1-GCC-MKL,/mnt/lustre/e1000/home/z04/z04/aturner/benchmark/cirrus-ex/VASP/TiO2_MCC/6.5.1-GCC-MKL/TiO2MCC_8nodes_288cores_1threads_16NCORE_21819_202512212223.OUTCAR,21819,2025.12.21 22:23:57,8,288,288,1,2619628,1,16,18,5184,50.8929,488.76
Cirrus,6.5.1-GCC-MKL,/mnt/lustre/e1000/home/z04/z04/aturner/benchmark/cirrus-ex/VASP/TiO2_MCC/6.5.1-GCC-MKL/TiO2MCC_64nodes_9216cores_1threads_8NCORE_23390_202512271013.OUTCAR,23390,2025.12.27 10:13:53,64,9216,9216,1,19431990,1,8,1152,5760,18.3418,302.425
Cirrus,6.5.1-GCC-MKL,/mnt/lustre/e1000/home/z04/z04/aturner/benchmark/cirrus-ex/VASP/TiO2_MCC/6.5.1-GCC-MKL/TiO2MCC_2nodes_144cores_1threads_4NCORE_21800_202512212223.OUTCAR,21800,2025.12.21 22:23:59,2,144,144,1,1910949,1,4,36,5184,146.0386,1096.422
Cirrus,6.5.1-GCC-MKL,/mnt/lustre/e1000/home/z04/z04/aturner/benchmark/cirrus-ex/VASP/TiO2_MCC/6.5.1-GCC-MKL/TiO2MCC_4nodes_1152cores_1threads_8NCORE_21817_202512212223.OUTCAR,21817,2025.12.21 22:24:29,4,1152,1152,1,2672486,1,8,144,5184,62.5413,613.532
Cirrus,6.5.1-GCC-MKL,/mnt/lustre/e1000/home/z04/z04/aturner/benchmark/cirrus-ex/VASP/TiO2_MCC/6.5.1-GCC-MKL/TiO2MCC_4nodes_144cores_8threads_1NCORE_22607_202512221803.OUTCAR,22607,2025.12.22 18:03:17,4,1152,144,8,1739984,1,1,144,5184,59.6879,515.675
Cirrus,6.5.1-GCC-MKL,/mnt/lustre/e1000/home/z04/z04/aturner/benchmark/cirrus-ex/VASP/TiO2_MCC/6.5.1-GCC-MKL/TiO2MCC_8nodes_288cores_1threads_16NCORE_23355_202512270926.OUTCAR,23355,2025.12.27 09:26:44,8,288,288,1,2622147,1,16,18,5184,51.4104,489.525
Cirrus,6.5.1-GCC-MKL,/mnt/lustre/e1000/home/z04/z04/aturner/benchmark/cirrus-ex/VASP/TiO2_MCC/6.5.1-GCC-MKL/TiO2MCC_32nodes_9216cores_1threads_16NCORE_21848_202512212252.OUTCAR,21848,2025.12.21 22:52:53,32,9216,9216,1,11844409,1,16,576,5184,12.3048,346.102
Cirrus,6.5.1-GCC-MKL,/mnt/lustre/e1000/home/z04/z04/aturner/benchmark/cirrus-ex/VASP/TiO2_MCC/6.5.1-GCC-MKL/TiO2MCC_16nodes_4608cores_1threads_4NCORE_21836_202512212236.OUTCAR,21836,2025.12.21 22:36:46,16,4608,4608,1,8607129,1,4,1152,5760,32.7909,510.439
Cirrus,6.5.1-GCC-MKL,/mnt/lustre/e1000/home/z04/z04/aturner/benchmark/cirrus-ex/VASP/TiO2_MCC/6.5.1-GCC-MKL/TiO2MCC_64nodes_18432cores_1threads_16NCORE_23394_202512271032.OUTCAR,23394,2025.12.27 10:33:13,64,1,1,1,31633329,1,16,1152,5760,21.1749,479.921
Cirrus,6.5.1-GCC-MKL,/mnt/lustre/e1000/home/z04/z04/aturner/benchmark/cirrus-ex/VASP/TiO2_MCC/6.5.1-GCC-MKL/TiO2MCC_64nodes_2304cores_8threads_1NCORE_21884_202512220002.OUTCAR,21884,2025.12.22 00:02:52,64,18432,2304,8,16489104,1,1,2304,6912,29.9098,416.555
Cirrus,6.5.1-GCC-MKL,/mnt/lustre/e1000/home/z04/z04/aturner/benchmark/cirrus-ex/VASP/TiO2_MCC/6.5.1-GCC-MKL/TiO2MCC_8nodes_576cores_1threads_8NCORE_23357_202512270930.OUTCAR,23357,2025.12.27 09:30:49,8,576,576,1,2490873,1,8,72,5184,36.3318,369.836
Cirrus,6.5.1-GCC-MKL,/mnt/lustre/e1000/home/z04/z04/aturner/benchmark/cirrus-ex/VASP/TiO2_MCC/6.5.1-GCC-MKL/TiO2MCC_64nodes_1536cores_12threads_1NCORE_22650_202512221850.OUTCAR,22650,2025.12.22 18:50:26,64,18432,1536,12,10335377,1,1,1536,6144,10.7487,273.68
Cirrus,6.5.1-GCC-MKL,/mnt/lustre/e1000/home/z04/z04/aturner/benchmark/cirrus-ex/VASP/TiO2_MCC/6.5.1-GCC-MKL/TiO2MCC_8nodes_2304cores_1threads_8NCORE_21827_202512212223.OUTCAR,21827,2025.12.21 22:24:30,8,2304,2304,1,3860308,1,8,288,5184,34.1058,442.76
Cirrus,6.5.1-GCC-MKL,/mnt/lustre/e1000/home/z04/z04/aturner/benchmark/cirrus-ex/VASP/TiO2_MCC/6.5.1-GCC-MKL/TiO2MCC_16nodes_384cores_12threads_1NCORE_22642_202512221841.OUTCAR,22642,2025.12.22 18:41:53,16,4608,384,12,2958983,1,1,384,5376,20.0798,274.229
Cirrus,6.5.1-GCC-MKL,/mnt/lustre/e1000/home/z04/z04/aturner/benchmark/cirrus-ex/VASP/TiO2_MCC/6.5.1-GCC-MKL/TiO2MCC_16nodes_2304cores_1threads_4NCORE_23369_202512270931.OUTCAR,23369,2025.12.27 09:31:56,16,2304,2304,1,4423676,1,4,576,5184,18.224,273.562
Cirrus,6.5.1-GCC-MKL,/mnt/lustre/e1000/home/z04/z04/aturner/benchmark/cirrus-ex/VASP/TiO2_MCC/6.5.1-GCC-MKL/TiO2MCC_2nodes_288cores_1threads_16NCORE_23341_202512270910.OUTCAR,23341,2025.12.27 09:10:54,2,288,288,1,1993184,1,16,18,5184,128.1555,989.094
Cirrus,6.5.1-GCC-MKL,/mnt/lustre/e1000/home/z04/z04/aturner/benchmark/cirrus-ex/VASP/TiO2_MCC/6.5.1-GCC-MKL/TiO2MCC_4nodes_144cores_8threads_1NCORE_22635_202512221822.OUTCAR,22635,2025.12.22 18:22:59,4,1152,144,8,1890644,1,1,144,5184,62.3142,525.166
Cirrus,6.5.1-GCC-MKL,/mnt/lustre/e1000/home/z04/z04/aturner/benchmark/cirrus-ex/VASP/TiO2_MCC/6.5.1-GCC-MKL/TiO2MCC_8nodes_576cores_1threads_4NCORE_21820_202512212223.OUTCAR,21820,2025.12.21 22:24:03,8,576,576,1,2384170,1,4,144,5184,37.6756,364.263
Cirrus,6.5.1-GCC-MKL,/mnt/lustre/e1000/home/z04/z04/aturner/benchmark/cirrus-ex/VASP/TiO2_MCC/6.5.1-GCC-MKL/TiO2MCC_4nodes_288cores_4threads_1NCORE_22608_202512221803.OUTCAR,22608,2025.12.22 18:03:20,4,1152,288,4,1812232,1,1,288,5184,57.0272,485.276
Cirrus,6.5.1-GCC-MKL,/mnt/lustre/e1000/home/z04/z04/aturner/benchmark/cirrus-ex/VASP/TiO2_MCC/6.5.1-GCC-MKL/TiO2MCC_8nodes_576cores_1threads_8NCORE_21821_202512212223.OUTCAR,21821,2025.12.21 22:24:02,8,576,576,1,2345321,1,8,72,5184,35.551,357.867
Cirrus,6.5.1-GCC-MKL,/mnt/lustre/e1000/home/z04/z04/aturner/benchmark/cirrus-ex/VASP/TiO2_MCC/6.5.1-GCC-MKL/TiO2MCC_16nodes_1152cores_4threads_1NCORE_22644_202512221841.OUTCAR,22644,2025.12.22 18:41:59,16,4608,1152,4,4708023,1,1,1152,5760,29.5967,354.48
Cirrus,6.5.1-GCC-MKL,/mnt/lustre/e1000/home/z04/z04/aturner/benchmark/cirrus-ex/VASP/TiO2_MCC/6.5.1-GCC-MKL/TiO2MCC_2nodes_48cores_12threads_1NCORE_22630_202512221811.OUTCAR,22630,2025.12.22 18:11:57,2,576,48,12,1333273,1,1,48,5184,104.1551,755.476
Cirrus,6.5.1-GCC-MKL,/mnt/lustre/e1000/home/z04/z04/aturner/benchmark/cirrus-ex/VASP/TiO2_MCC/6.5.1-GCC-MKL/TiO2MCC_64nodes_9216cores_1threads_16NCORE_21855_202512212325.OUTCAR,21855,2025.12.21 23:26:11,64,9216,9216,1,17429847,1,16,576,5184,13.1782,269.313
Cirrus,6.5.1-GCC-MKL,/mnt/lustre/e1000/home/z04/z04/aturner/benchmark/cirrus-ex/VASP/TiO2_MCC/6.5.1-GCC-MKL/TiO2MCC_4nodes_96cores_12threads_1NCORE_22606_202512221758.OUTCAR,22606,2025.12.22 17:58:57,4,1152,96,12,1609036,1,1,96,5184,56.7728,475.693
Cirrus,6.5.1-GCC-MKL,/mnt/lustre/e1000/home/z04/z04/aturner/benchmark/cirrus-ex/VASP/TiO2_MCC/6.5.1-GCC-MKL/TiO2MCC_16nodes_1152cores_4threads_1NCORE_22616_202512221805.OUTCAR,22616,2025.12.22 18:05:12,16,4608,1152,4,4643761,1,1,1152,5760,25.0222,349.308
Cirrus,6.5.1-GCC-MKL,/mnt/lustre/e1000/home/z04/z04/aturner/benchmark/cirrus-ex/VASP/TiO2_MCC/6.5.1-GCC-MKL/TiO2MCC_4nodes_288cores_4threads_1NCORE_21869_202512212300.OUTCAR,21869,2025.12.21 23:00:19,4,1152,288,4,1855408,1,1,288,5184,58.2869,489.283
Cirrus,6.5.1-GCC-MKL,/mnt/lustre/e1000/home/z04/z04/aturner/benchmark/cirrus-ex/VASP/TiO2_MCC/6.5.1-GCC-MKL/TiO2MCC_4nodes_288cores_4threads_1NCORE_22636_202512221825.OUTCAR,22636,2025.12.22 18:26:02,4,1152,288,4,1903171,1,1,288,5184,58.4286,493.805
Cirrus,6.5.1-GCC-MKL,/mnt/lustre/e1000/home/z04/z04/aturner/benchmark/cirrus-ex/VASP/TiO2_MCC/6.5.1-GCC-MKL/TiO2MCC_2nodes_48cores_12threads_1NCORE_22602_202512221757.OUTCAR,22602,2025.12.22 17:57:59,2,576,48,12,1492622,1,1,48,5184,107.333,769.833
Cirrus,6.5.1-GCC-MKL,/mnt/lustre/e1000/home/z04/z04/aturner/benchmark/cirrus-ex/VASP/TiO2_MCC/6.5.1-GCC-MKL/TiO2MCC_4nodes_1152cores_1threads_4NCORE_21816_202512212223.OUTCAR,21816,2025.12.21 22:24:31,4,1152,1152,1,2722517,1,4,288,5184,64.624,627.665
Cirrus,6.5.1-GCC-MKL,/mnt/lustre/e1000/home/z04/z04/aturner/benchmark/cirrus-ex/VASP/TiO2_MCC/6.5.1-GCC-MKL/TiO2MCC_8nodes_2304cores_1threads_4NCORE_23362_202512270931.OUTCAR,23362,2025.12.27 09:31:54,8,2304,2304,1,3806672,1,4,576,5184,34.2057,443.456
Cirrus,6.5.1-GCC-MKL,/mnt/lustre/e1000/home/z04/z04/aturner/benchmark/cirrus-ex/VASP/TiO2_MCC/6.5.1-GCC-MKL/TiO2MCC_32nodes_2304cores_4threads_1NCORE_22620_202512221811.OUTCAR,22620,2025.12.22 18:12:02,32,9216,2304,4,11166726,1,1,2304,6912,25.9243,439.465
Cirrus,6.5.1-GCC-MKL,/mnt/lustre/e1000/home/z04/z04/aturner/benchmark/cirrus-ex/VASP/TiO2_MCC/6.5.1-GCC-MKL/TiO2MCC_16nodes_1152cores_1threads_4NCORE_21830_202512212230.OUTCAR,21830,2025.12.21 22:30:48,16,1152,1152,1,3501108,1,4,288,5184,19.6859,271.399
Cirrus,6.5.1-GCC-MKL,/mnt/lustre/e1000/home/z04/z04/aturner/benchmark/cirrus-ex/VASP/TiO2_MCC/6.5.1-GCC-MKL/TiO2MCC_16nodes_384cores_12threads_1NCORE_21875_202512212345.OUTCAR,21875,2025.12.21 23:45:52,16,4608,384,12,2990913,1,1,384,5376,19.8847,270.402
Cirrus,6.5.1-GCC-MKL,/mnt/lustre/e1000/home/z04/z04/aturner/benchmark/cirrus-ex/VASP/TiO2_MCC/6.5.1-GCC-MKL/TiO2MCC_4nodes_144cores_1threads_16NCORE_23345_202512270910.OUTCAR,23345,2025.12.27 09:10:44,4,144,144,1,2338444,1,16,9,5184,103.5942,868.452
Cirrus,6.5.1-GCC-MKL,/mnt/lustre/e1000/home/z04/z04/aturner/benchmark/cirrus-ex/VASP/TiO2_MCC/6.5.1-GCC-MKL/TiO2MCC_16nodes_2304cores_1threads_8NCORE_23370_202512270934.OUTCAR,23370,2025.12.27 09:34:35,16,2304,2304,1,4423106,1,8,288,5184,17.7762,270.489
Cirrus,6.5.1-GCC-MKL,/mnt/lustre/e1000/home/z04/z04/aturner/benchmark/cirrus-ex/VASP/TiO2_MCC/6.5.1-GCC-MKL/TiO2MCC_1nodes_72cores_4threads_1NCORE_21861_202512212224.OUTCAR,21861,2025.12.21 22:24:10,1,288,72,4,1542734,1,1,72,5184,208.277,1351.871
Cirrus,6.5.1-GCC-MKL,/mnt/lustre/e1000/home/z04/z04/aturner/benchmark/cirrus-ex/VASP/TiO2_MCC/6.5.1-GCC-MKL/TiO2MCC_4nodes_288cores_1threads_4NCORE_21810_202512212223.OUTCAR,21810,2025.12.21 22:24:00,4,288,288,1,2109012,1,4,72,5184,71.6452,587.311
Cirrus,6.5.1-GCC-MKL,/mnt/lustre/e1000/home/z04/z04/aturner/benchmark/cirrus-ex/VASP/TiO2_MCC/6.5.1-GCC-MKL/TiO2MCC_16nodes_2304cores_1threads_16NCORE_21835_202512212235.OUTCAR,21835,2025.12.21 22:36:09,16,2304,2304,1,4409250,1,16,144,5184,19.2471,268.804
Cirrus,6.5.1-GCC-MKL,/mnt/lustre/e1000/home/z04/z04/aturner/benchmark/cirrus-ex/VASP/TiO2_MCC/6.5.1-GCC-MKL/TiO2MCC_2nodes_144cores_1threads_4NCORE_23336_202512270900.OUTCAR,23336,2025.12.27 09:00:46,2,144,144,1,1976893,1,4,36,5184,149.1013,1115.168
Cirrus,6.5.1-GCC-MKL,/mnt/lustre/e1000/home/z04/z04/aturner/benchmark/cirrus-ex/VASP/TiO2_MCC/6.5.1-GCC-MKL/TiO2MCC_2nodes_288cores_1threads_4NCORE_23339_202512270910.OUTCAR,23339,2025.12.27 09:10:55,2,288,288,1,1810662,1,4,72,5184,121.387,901.161
Cirrus,6.5.1-GCC-MKL,/mnt/lustre/e1000/home/z04/z04/aturner/benchmark/cirrus-ex/VASP/TiO2_MCC/6.5.1-GCC-MKL/TiO2MCC_64nodes_9216cores_1threads_16NCORE_23391_202512271016.OUTCAR,23391,2025.12.27 10:16:55,64,9216,9216,1,15750698,1,16,576,5184,8.3892,244.412
Cirrus,6.5.1-GCC-MKL,/mnt/lustre/e1000/home/z04/z04/aturner/benchmark/cirrus-ex/VASP/TiO2_MCC/6.5.1-GCC-MKL/TiO2MCC_4nodes_576cores_1threads_8NCORE_23350_202512270920.OUTCAR,23350,2025.12.27 09:20:56,4,576,576,1,2280147,1,8,72,5184,63.9048,543.824
Cirrus,6.5.1-GCC-MKL,/mnt/lustre/e1000/home/z04/z04/aturner/benchmark/cirrus-ex/VASP/TiO2_MCC/6.5.1-GCC-MKL/TiO2MCC_1nodes_72cores_1threads_8NCORE_21791_202512212223.OUTCAR,21791,2025.12.21 22:23:53,1,72,72,1,1847438,1,8,9,5184,294.6879,2103.767
Cirrus,6.5.1-GCC-MKL,/mnt/lustre/e1000/home/z04/z04/aturner/benchmark/cirrus-ex/VASP/TiO2_MCC/6.5.1-GCC-MKL/TiO2MCC_16nodes_4608cores_1threads_16NCORE_21838_202512212237.OUTCAR,21838,2025.12.21 22:38:16,16,4608,4608,1,6060171,1,16,288,5184,19.2769,359.706
Cirrus,6.5.1-GCC-MKL,/mnt/lustre/e1000/home/z04/z04/aturner/benchmark/cirrus-ex/VASP/TiO2_MCC/6.5.1-GCC-MKL/TiO2MCC_32nodes_9216cores_1threads_4NCORE_23382_202512270946.OUTCAR,23382,2025.12.27 09:46:43,32,9216,9216,1,20051592,1,4,2304,6912,33.1271,604.596
Cirrus,6.5.1-GCC-MKL,/mnt/lustre/e1000/home/z04/z04/aturner/benchmark/cirrus-ex/VASP/TiO2_MCC/6.5.1-GCC-MKL/TiO2MCC_1nodes_72cores_4threads_1NCORE_22600_202512221757.OUTCAR,22600,2025.12.22 17:57:57,1,288,72,4,1499906,1,1,72,5184,207.6982,1346.046
Cirrus,6.5.1-GCC-MKL,/mnt/lustre/e1000/home/z04/z04/aturner/benchmark/cirrus-ex/VASP/TiO2_MCC/6.5.1-GCC-MKL/TiO2MCC_8nodes_576cores_4threads_1NCORE_22640_202512221839.OUTCAR,22640,2025.12.22 18:39:23,8,2304,576,4,2649134,1,1,576,5184,33.3989,359.567
Cirrus,6.5.1-GCC-MKL,/mnt/lustre/e1000/home/z04/z04/aturner/benchmark/cirrus-ex/VASP/TiO2_MCC/6.5.1-GCC-MKL/TiO2MCC_4nodes_576cores_1threads_16NCORE_23351_202512270921.OUTCAR,23351,2025.12.27 09:21:54,4,576,576,1,2074049,1,16,36,5184,59.1273,513.956
Cirrus,6.5.1-GCC-MKL,/mnt/lustre/e1000/home/z04/z04/aturner/benchmark/cirrus-ex/VASP/TiO2_MCC/6.5.1-GCC-MKL/TiO2MCC_32nodes_4608cores_1threads_16NCORE_21845_202512212250.OUTCAR,21845,2025.12.21 22:50:42,32,4608,4608,1,7864532,1,16,288,5184,10.6675,239.634
Cirrus,6.5.1-GCC-MKL,/mnt/lustre/e1000/home/z04/z04/aturner/benchmark/cirrus-ex/VASP/TiO2_MCC/6.5.1-GCC-MKL/TiO2MCC_16nodes_4608cores_1threads_4NCORE_23372_202512270936.OUTCAR,23372,2025.12.27 09:37:12,16,4608,4608,1,8555582,1,4,1152,5760,32.7025,514.008
Cirrus,6.5.1-GCC-MKL,/mnt/lustre/e1000/home/z04/z04/aturner/benchmark/cirrus-ex/VASP/TiO2_MCC/6.5.1-GCC-MKL/TiO2MCC_8nodes_192cores_12threads_1NCORE_21871_202512212303.OUTCAR,21871,2025.12.21 23:03:16,8,2304,192,12,2128516,1,1,192,5184,31.7451,335.032
Cirrus,6.5.1-GCC-MKL,/mnt/lustre/e1000/home/z04/z04/aturner/benchmark/cirrus-ex/VASP/TiO2_MCC/6.5.1-GCC-MKL/TiO2MCC_64nodes_18432cores_1threads_4NCORE_21856_202512212330.OUTCAR,21856,2025.12.21 23:30:47,64,1,1,1,59713789,1,4,4608,9216,50.3795,894.687
Cirrus,6.5.1-GCC-MKL,/mnt/lustre/e1000/home/z04/z04/aturner/benchmark/cirrus-ex/VASP/TiO2_MCC/6.5.1-GCC-MKL/TiO2MCC_4nodes_576cores_1threads_8NCORE_21814_202512212223.OUTCAR,21814,2025.12.21 22:24:12,4,576,576,1,2198896,1,8,72,5184,61.9434,544.402
Cirrus,6.5.1-GCC-MKL,/mnt/lustre/e1000/home/z04/z04/aturner/benchmark/cirrus-ex/VASP/TiO2_MCC/6.5.1-GCC-MKL/TiO2MCC_8nodes_576cores_1threads_16NCORE_21822_202512212223.OUTCAR,21822,2025.12.21 22:24:02,8,576,576,1,2398322,1,16,36,5184,34.825,351.295
Cirrus,6.5.1-GCC-MKL,/mnt/lustre/e1000/home/z04/z04/aturner/benchmark/cirrus-ex/VASP/TiO2_MCC/6.5.1-GCC-MKL/TiO2MCC_8nodes_1152cores_2threads_1NCORE_21874_202512212317.OUTCAR,21874,2025.12.21 23:17:31,8,2304,1152,2,3896827,1,1,1152,5760,41.8554,474.735
Cirrus,6.5.1-GCC-MKL,/mnt/lustre/e1000/home/z04/z04/aturner/benchmark/cirrus-ex/VASP/TiO2_MCC/6.5.1-GCC-MKL/TiO2MCC_64nodes_4608cores_4threads_1NCORE_22652_202512221900.OUTCAR,22652,2025.12.22 19:00:44,64,18432,4608,4,49594915,1,1,4608,9216,88.4823,1003.241
Cirrus,6.5.1-GCC-MKL,/mnt/lustre/e1000/home/z04/z04/aturner/benchmark/cirrus-ex/VASP/TiO2_MCC/6.5.1-GCC-MKL/TiO2MCC_32nodes_2304cores_1threads_4NCORE_23376_202512270937.OUTCAR,23376,2025.12.27 09:38:07,32,2304,2304,1,7635846,1,4,576,5184,19.3136,308.069
Cirrus,6.5.1-GCC-MKL,/mnt/lustre/e1000/home/z04/z04/aturner/benchmark/cirrus-ex/VASP/TiO2_MCC/6.5.1-GCC-MKL/TiO2MCC_8nodes_192cores_12threads_1NCORE_22638_202512221832.OUTCAR,22638,2025.12.22 18:32:22,8,2304,192,12,2086459,1,1,192,5184,32.5037,337.498
Cirrus,6.5.1-GCC-MKL,/mnt/lustre/e1000/home/z04/z04/aturner/benchmark/cirrus-ex/VASP/TiO2_MCC/6.5.1-GCC-MKL/TiO2MCC_8nodes_1152cores_1threads_16NCORE_21825_202512212223.OUTCAR,21825,2025.12.21 22:24:12,8,1152,1152,1,3008771,1,16,72,5184,32.0393,363.49
Cirrus,6.5.1-GCC-MKL,/mnt/lustre/e1000/home/z04/z04/aturner/benchmark/cirrus-ex/VASP/TiO2_MCC/6.5.1-GCC-MKL/TiO2MCC_16nodes_2304cores_2threads_1NCORE_22617_202512221805.OUTCAR,22617,2025.12.22 18:05:22,16,4608,2304,2,7809748,1,1,2304,6912,35.0768,490.375
Cirrus,6.5.1-GCC-MKL,/mnt/lustre/e1000/home/z04/z04/aturner/benchmark/cirrus-ex/VASP/TiO2_MCC/6.5.1-GCC-MKL/TiO2MCC_4nodes_288cores_1threads_16NCORE_23348_202512270910.OUTCAR,23348,2025.12.27 09:10:47,4,288,288,1,2205372,1,16,18,5184,73.8811,621.686
Cirrus,6.5.1-GCC-MKL,/mnt/lustre/e1000/home/z04/z04/aturner/benchmark/cirrus-ex/VASP/TiO2_MCC/6.5.1-GCC-MKL/TiO2MCC_1nodes_288cores_1threads_8NCORE_21797_202512212223.OUTCAR,21797,2025.12.21 22:23:55,1,288,288,1,1783553,1,8,36,5184,238.6381,1645.789
Cirrus,6.5.1-GCC-MKL,/mnt/lustre/e1000/home/z04/z04/aturner/benchmark/cirrus-ex/VASP/TiO2_MCC/6.5.1-GCC-MKL/TiO2MCC_32nodes_768cores_12threads_1NCORE_21879_202512212351.OUTCAR,21879,2025.12.21 23:51:33,32,9216,768,12,4962973,1,1,768,5376,15.0025,249.758
Cirrus,6.5.1-GCC-MKL,/mnt/lustre/e1000/home/z04/z04/aturner/benchmark/cirrus-ex/VASP/TiO2_MCC/6.5.1-GCC-MKL/TiO2MCC_32nodes_9216cores_1threads_4NCORE_21846_202512212250.OUTCAR,21846,2025.12.21 22:51:08,32,9216,9216,1,20076413,1,4,2304,6912,32.2098,605.186
Cirrus,6.5.1-GCC-MKL,/mnt/lustre/e1000/home/z04/z04/aturner/benchmark/cirrus-ex/VASP/TiO2_MCC/6.5.1-GCC-MKL/TiO2MCC_1nodes_24cores_12threads_1NCORE_22626_202512221809.OUTCAR,22626,2025.12.22 18:09:54,1,288,24,12,1414420,1,1,24,5184,210.204,1383.461
Cirrus,6.5.1-GCC-MKL,/mnt/lustre/e1000/home/z04/z04/aturner/benchmark/cirrus-ex/VASP/TiO2_MCC/6.5.1-GCC-MKL/TiO2MCC_1nodes_288cores_1threads_8NCORE_23333_202512270900.OUTCAR,23333,2025.12.27 09:00:40,1,288,288,1,1999193,1,8,36,5184,247.1727,1699.536
Cirrus,6.5.1-GCC-MKL,/mnt/lustre/e1000/home/z04/z04/aturner/benchmark/cirrus-ex/VASP/TiO2_MCC/6.5.1-GCC-MKL/TiO2MCC_4nodes_1152cores_1threads_16NCORE_21818_202512212223.OUTCAR,21818,2025.12.21 22:24:23,4,1152,1152,1,2435057,1,16,72,5184,60.8259,587.62
Cirrus,6.5.1-GCC-MKL,/mnt/lustre/e1000/home/z04/z04/aturner/benchmark/cirrus-ex/VASP/TiO2_MCC/6.5.1-GCC-MKL/TiO2MCC_1nodes_144cores_2threads_1NCORE_22601_202512221757.OUTCAR,22601,2025.12.22 17:57:57,1,288,144,2,1439225,1,1,144,5184,205.0578,1350.021
Cirrus,6.5.1-GCC-MKL,/mnt/lustre/e1000/home/z04/z04/aturner/benchmark/cirrus-ex/VASP/TiO2_MCC/6.5.1-GCC-MKL/TiO2MCC_2nodes_288cores_2threads_1NCORE_21866_202512212251.OUTCAR,21866,2025.12.21 22:51:28,2,576,288,2,1647816,1,1,288,5184,103.3135,759.27
Cirrus,6.5.1-GCC-MKL,/mnt/lustre/e1000/home/z04/z04/aturner/benchmark/cirrus-ex/VASP/TiO2_MCC/6.5.1-GCC-MKL/TiO2MCC_64nodes_4608cores_1threads_16NCORE_23388_202512271004.OUTCAR,23388,2025.12.27 10:04:16,64,4608,4608,1,35100069,1,16,288,5184,52.2055,711.465
Cirrus,6.5.1-GCC-MKL,/mnt/lustre/e1000/home/z04/z04/aturner/benchmark/cirrus-ex/VASP/TiO2_MCC/6.5.1-GCC-MKL/TiO2MCC_64nodes_4608cores_1threads_4NCORE_21850_202512212303.OUTCAR,21850,2025.12.21 23:03:22,64,4608,4608,1,28147831,1,4,1152,5760,39.851,575.417
Cirrus,6.5.1-GCC-MKL,/mnt/lustre/e1000/home/z04/z04/aturner/benchmark/cirrus-ex/VASP/TiO2_MCC/6.5.1-GCC-MKL/TiO2MCC_1nodes_36cores_1threads_16NCORE_23325_202512270854.OUTCAR,23325,2025.12.27 08:54:38,1,36,36,1,2046395,1,1,36,5184,381.0686,2756.887
Cirrus,6.5.1-GCC-MKL,/mnt/lustre/e1000/home/z04/z04/aturner/benchmark/cirrus-ex/VASP/TiO2_MCC/6.5.1-GCC-MKL/TiO2MCC_1nodes_288cores_1threads_4NCORE_21796_202512212223.OUTCAR,21796,2025.12.21 22:23:55,1,288,288,1,1867421,1,4,72,5184,245.0785,1693.563
Cirrus,6.5.1-GCC-MKL,/mnt/lustre/e1000/home/z04/z04/aturner/benchmark/cirrus-ex/VASP/TiO2_MCC/6.5.1-GCC-MKL/TiO2MCC_4nodes_576cores_2threads_1NCORE_22637_202512221829.OUTCAR,22637,2025.12.22 18:29:51,4,1152,576,2,2285010,1,1,576,5184,60.2408,540.054
Cirrus,6.5.1-GCC-MKL,/mnt/lustre/e1000/home/z04/z04/aturner/benchmark/cirrus-ex/VASP/TiO2_MCC/6.5.1-GCC-MKL/TiO2MCC_8nodes_576cores_1threads_4NCORE_23356_202512270927.OUTCAR,23356,2025.12.27 09:27:48,8,576,576,1,2366491,1,4,144,5184,35.9439,358.713
Cirrus,6.5.1-GCC-MKL,/mnt/lustre/e1000/home/z04/z04/aturner/benchmark/cirrus-ex/VASP/TiO2_MCC/6.5.1-GCC-MKL/TiO2MCC_64nodes_18432cores_1threads_8NCORE_23393_202512271021.OUTCAR,23393,2025.12.27 10:22:01,64,1,1,1,41135735,1,8,2304,6912,29.0185,622.425
Cirrus,6.5.1-GCC-MKL,/mnt/lustre/e1000/home/z04/z04/aturner/benchmark/cirrus-ex/VASP/TiO2_MCC/6.5.1-GCC-MKL/TiO2MCC_1nodes_144cores_1threads_4NCORE_23329_202512270900.OUTCAR,23329,2025.12.27 09:00:39,1,144,144,1,1681347,1,4,36,5184,248.3999,1716.08
Cirrus,6.5.1-GCC-MKL,/mnt/lustre/e1000/home/z04/z04/aturner/benchmark/cirrus-ex/VASP/TiO2_MCC/6.5.1-GCC-MKL/TiO2MCC_4nodes_96cores_12threads_1NCORE_22634_202512221822.OUTCAR,22634,2025.12.22 18:22:58,4,1152,96,12,1648102,1,1,96,5184,57.0133,487.749
Cirrus,6.5.1-GCC-MKL,/mnt/lustre/e1000/home/z04/z04/aturner/benchmark/cirrus-ex/VASP/TiO2_MCC/6.5.1-GCC-MKL/TiO2MCC_1nodes_72cores_1threads_8NCORE_23327_202512270900.OUTCAR,23327,2025.12.27 09:00:38,1,72,72,1,1800833,1,8,9,5184,294.2185,2104.939
Cirrus,6.5.1-GCC-MKL,/mnt/lustre/e1000/home/z04/z04/aturner/benchmark/cirrus-ex/VASP/TiO2_MCC/6.5.1-GCC-MKL/TiO2MCC_64nodes_9216cores_1threads_4NCORE_21853_202512212315.OUTCAR,21853,2025.12.21 23:16:05,64,9216,9216,1,29341966,1,4,2304,6912,27.5173,462.298
Cirrus,6.5.1-GCC-MKL,/mnt/lustre/e1000/home/z04/z04/aturner/benchmark/cirrus-ex/VASP/TiO2_MCC/6.5.1-GCC-MKL/TiO2MCC_1nodes_72cores_1threads_4NCORE_21790_202512212223.OUTCAR,21790,2025.12.21 22:23:53,1,72,72,1,2129174,1,4,18,5184,312.8621,2253.571
Cirrus,6.5.1-GCC-MKL,/mnt/lustre/e1000/home/z04/z04/aturner/benchmark/cirrus-ex/VASP/TiO2_MCC/6.5.1-GCC-MKL/TiO2MCC_64nodes_18432cores_1threads_4NCORE_23392_202512271019.OUTCAR,23392,2025.12.27 10:19:58,64,1,1,1,58212082,1,4,4608,9216,52.057,884.7
Cirrus,6.5.1-GCC-MKL,/mnt/lustre/e1000/home/z04/z04/aturner/benchmark/cirrus-ex/VASP/TiO2_MCC/6.5.1-GCC-MKL/TiO2MCC_2nodes_72cores_1threads_16NCORE_23335_202512270900.OUTCAR,23335,2025.12.27 09:00:42,2,72,72,1,1961769,1,1,72,5184,189.4126,1442.877
Cirrus,6.5.1-GCC-MKL,/mnt/lustre/e1000/home/z04/z04/aturner/benchmark/cirrus-ex/VASP/TiO2_MCC/6.5.1-GCC-MKL/TiO2MCC_4nodes_288cores_1threads_16NCORE_21812_202512212223.OUTCAR,21812,2025.12.21 22:24:02,4,288,288,1,2241079,1,16,18,5184,74.078,622.766
Cirrus,6.5.1-GCC-MKL,/mnt/lustre/e1000/home/z04/z04/aturner/benchmark/cirrus-ex/VASP/TiO2_MCC/6.5.1-GCC-MKL/TiO2MCC_64nodes_2304cores_8threads_1NCORE_22623_202512221822.OUTCAR,22623,2025.12.22 18:22:15,64,18432,2304,8,16027836,1,1,2304,6912,26.1059,404.626
Cirrus,6.5.1-GCC-MKL,/mnt/lustre/e1000/home/z04/z04/aturner/benchmark/cirrus-ex/VASP/TiO2_MCC/6.5.1-GCC-MKL/TiO2MCC_8nodes_1152cores_2threads_1NCORE_22613_202512221803.OUTCAR,22613,2025.12.22 18:03:28,8,2304,1152,2,3884450,1,1,1152,5760,43.0009,477.737
Cirrus,6.5.1-GCC-MKL,/mnt/lustre/e1000/home/z04/z04/aturner/benchmark/cirrus-ex/VASP/TiO2_MCC/6.5.1-GCC-MKL/TiO2MCC_4nodes_144cores_8threads_1NCORE_21868_202512212255.OUTCAR,21868,2025.12.21 22:55:15,4,1152,144,8,1945607,1,1,144,5184,62.8483,526.851
Cirrus,6.5.1-GCC-MKL,/mnt/lustre/e1000/home/z04/z04/aturner/benchmark/cirrus-ex/VASP/TiO2_MCC/6.5.1-GCC-MKL/TiO2MCC_32nodes_4608cores_2threads_1NCORE_22621_202512221813.OUTCAR,22621,2025.12.22 18:13:25,32,9216,4608,2,21840902,1,1,4608,9216,49.9298,695.98
Cirrus,6.5.1-GCC-MKL,/mnt/lustre/e1000/home/z04/z04/aturner/benchmark/cirrus-ex/VASP/TiO2_MCC/6.5.1-GCC-MKL/TiO2MCC_1nodes_144cores_1threads_16NCORE_23331_202512270900.OUTCAR,23331,2025.12.27 09:00:39,1,144,144,1,1975955,1,16,9,5184,261.858,1862.581
Cirrus,6.5.1-GCC-MKL,/mnt/lustre/e1000/home/z04/z04/aturner/benchmark/cirrus-ex/VASP/TiO2_MCC/6.5.1-GCC-MKL/TiO2MCC_8nodes_576cores_4threads_1NCORE_22612_202512221803.OUTCAR,22612,2025.12.22 18:03:21,8,2304,576,4,2541994,1,1,576,5184,33.9771,357.983
Cirrus,6.5.1-GCC-MKL,/mnt/lustre/e1000/home/z04/z04/aturner/benchmark/cirrus-ex/VASP/TiO2_MCC/6.5.1-GCC-MKL/TiO2MCC_64nodes_1536cores_12threads_1NCORE_22622_202512221817.OUTCAR,22622,2025.12.22 18:17:10,64,18432,1536,12,9929265,1,1,1536,6144,10.6498,264.372
Cirrus,6.5.1-GCC-MKL,/mnt/lustre/e1000/home/z04/z04/aturner/benchmark/cirrus-ex/VASP/TiO2_MCC/6.5.1-GCC-MKL/TiO2MCC_64nodes_2304cores_8threads_1NCORE_22651_202512221855.OUTCAR,22651,2025.12.22 18:55:38,64,18432,2304,8,15550614,1,1,2304,6912,19.5484,394.003
Cirrus,6.5.1-GCC-MKL,/mnt/lustre/e1000/home/z04/z04/aturner/benchmark/cirrus-ex/VASP/TiO2_MCC/6.5.1-GCC-MKL/TiO2MCC_4nodes_144cores_1threads_16NCORE_21809_202512212223.OUTCAR,21809,2025.12.21 22:23:56,4,144,144,1,2468571,1,16,9,5184,104.4283,874.023
Cirrus,6.5.1-GCC-MKL,/mnt/lustre/e1000/home/z04/z04/aturner/benchmark/cirrus-ex/VASP/TiO2_MCC/6.5.1-GCC-MKL/TiO2MCC_16nodes_2304cores_2threads_1NCORE_22645_202512221841.OUTCAR,22645,2025.12.22 18:42:07,16,4608,2304,2,7991947,1,1,2304,6912,35.259,493.888
Cirrus,6.5.1-GCC-MKL,/mnt/lustre/e1000/home/z04/z04/aturner/benchmark/cirrus-ex/VASP/TiO2_MCC/6.5.1-GCC-MKL/TiO2MCC_64nodes_4608cores_1threads_8NCORE_23387_202512270954.OUTCAR,23387,2025.12.27 09:55:06,64,4608,4608,1,29592626,1,8,576,5184,41.5508,607.327
Cirrus,6.5.1-GCC-MKL,/mnt/lustre/e1000/home/z04/z04/aturner/benchmark/cirrus-ex/VASP/TiO2_MCC/6.5.1-GCC-MKL/TiO2MCC_64nodes_9216cores_1threads_8NCORE_21854_202512212324.OUTCAR,21854,2025.12.21 23:24:29,64,9216,9216,1,20549442,1,8,1152,5760,14.9041,317.304
Cirrus,6.5.1-GCC-MKL,/mnt/lustre/e1000/home/z04/z04/aturner/benchmark/cirrus-ex/VASP/TiO2_MCC/6.5.1-GCC-MKL/TiO2MCC_32nodes_2304cores_4threads_1NCORE_21881_202512212351.OUTCAR,21881,2025.12.21 23:51:52,32,9216,2304,4,11269695,1,1,2304,6912,29.0554,442.368
Cirrus,6.5.1-GCC-MKL,/mnt/lustre/e1000/home/z04/z04/aturner/benchmark/cirrus-ex/VASP/TiO2_MCC/6.5.1-GCC-MKL/TiO2MCC_2nodes_288cores_1threads_16NCORE_21805_202512212223.OUTCAR,21805,2025.12.21 22:24:08,2,288,288,1,2076421,1,16,18,5184,128.578,997.537
Cirrus,6.5.1-GCC-MKL,/mnt/lustre/e1000/home/z04/z04/aturner/benchmark/cirrus-ex/VASP/TiO2_MCC/6.5.1-GCC-MKL/TiO2MCC_2nodes_48cores_12threads_1NCORE_21863_202512212248.OUTCAR,21863,2025.12.21 22:48:14,2,576,48,12,1492926,1,1,48,5184,107.2382,766.854
Cirrus,6.5.1-GCC-MKL,/mnt/lustre/e1000/home/z04/z04/aturner/benchmark/cirrus-ex/VASP/TiO2_MCC/6.5.1-GCC-MKL/TiO2MCC_64nodes_2304cores_1threads_16NCORE_21849_202512212258.OUTCAR,21849,2025.12.21 22:58:53,64,2304,2304,1,8662712,1,16,144,5184,9.7806,227.137
Cirrus,6.5.1-GCC-MKL,/mnt/lustre/e1000/home/z04/z04/aturner/benchmark/cirrus-ex/VASP/TiO2_MCC/6.5.1-GCC-MKL/TiO2MCC_8nodes_2304cores_1threads_16NCORE_23364_202512270931.OUTCAR,23364,2025.12.27 09:31:54,8,2304,2304,1,3661106,1,16,144,5184,32.9982,430.834
Cirrus,6.5.1-GCC-MKL,/mnt/lustre/e1000/home/z04/z04/aturner/benchmark/cirrus-ex/VASP/TiO2_MCC/6.5.1-GCC-MKL/TiO2MCC_32nodes_4608cores_1threads_4NCORE_23379_202512270943.OUTCAR,23379,2025.12.27 09:43:45,32,4608,4608,1,10951678,1,4,1152,5760,20.1067,345.873
Cirrus,6.5.1-GCC-MKL,/mnt/lustre/e1000/home/z04/z04/aturner/benchmark/cirrus-ex/VASP/TiO2_MCC/6.5.1-GCC-MKL/TiO2MCC_4nodes_576cores_2threads_1NCORE_21870_202512212300.OUTCAR,21870,2025.12.21 23:00:30,4,1152,576,2,2445681,1,1,576,5184,61.8338,549.11
Cirrus,6.5.1-GCC-MKL,/mnt/lustre/e1000/home/z04/z04/aturner/benchmark/cirrus-ex/VASP/TiO2_MCC/6.5.1-GCC-MKL/TiO2MCC_1nodes_36cores_8threads_1NCORE_22627_202512221809.OUTCAR,22627,2025.12.22 18:09:54,1,288,36,8,1520112,1,1,36,5184,220.2451,1428.3
Cirrus,6.5.1-GCC-MKL,/mnt/lustre/e1000/home/z04/z04/aturner/benchmark/cirrus-ex/VASP/TiO2_MCC/6.5.1-GCC-MKL/TiO2MCC_64nodes_4608cores_4threads_1NCORE_22624_202512221825.OUTCAR,22624,2025.12.22 18:25:35,64,18432,4608,4,46812460,1,1,4608,9216,71.4549,948.499
Cirrus,6.5.1-GCC-MKL,/mnt/lustre/e1000/home/z04/z04/aturner/benchmark/cirrus-ex/VASP/TiO2_MCC/6.5.1-GCC-MKL/TiO2MCC_64nodes_4608cores_1threads_4NCORE_23386_202512270954.OUTCAR,23386,2025.12.27 09:54:39,64,4608,4608,1,25960691,1,4,1152,5760,36.1075,535.831
Cirrus,6.5.1-GCC-MKL,/mnt/lustre/e1000/home/z04/z04/aturner/benchmark/cirrus-ex/VASP/TiO2_MCC/6.5.1-GCC-MKL/TiO2MCC_8nodes_1152cores_2threads_1NCORE_22641_202512221841.OUTCAR,22641,2025.12.22 18:42:03,8,2304,1152,2,3934332,1,1,1152,5760,42.4205,474.953
Cirrus,6.5.1-GCC-MKL,/mnt/lustre/e1000/home/z04/z04/aturner/benchmark/cirrus-ex/VASP/TiO2_MCC/6.5.1-GCC-MKL/TiO2MCC_64nodes_9216cores_2threads_1NCORE_21886_202512220016.OUTCAR,21886,2025.12.22 00:17:11,64,18432,9216,2,43124773,1,1,9216,9216,41.6188,677.792
Cirrus,6.5.1-GCC-MKL,/mnt/lustre/e1000/home/z04/z04/aturner/benchmark/cirrus-ex/VASP/TiO2_MCC/6.5.1-GCC-MKL/TiO2MCC_1nodes_144cores_1threads_8NCORE_23330_202512270900.OUTCAR,23330,2025.12.27 09:00:39,1,144,144,1,2210205,1,8,18,5184,280.2633,2015.857
Cirrus,6.5.1-GCC-MKL,/mnt/lustre/e1000/home/z04/z04/aturner/benchmark/cirrus-ex/VASP/TiO2_MCC/6.5.1-GCC-MKL/TiO2MCC_4nodes_288cores_1threads_8NCORE_21811_202512212223.OUTCAR,21811,2025.12.21 22:24:01,4,288,288,1,2113656,1,8,36,5184,71.2357,580.172
Cirrus,6.5.1-GCC-MKL,/mnt/lustre/e1000/home/z04/z04/aturner/benchmark/cirrus-ex/VASP/TiO2_MCC/6.5.1-GCC-MKL/TiO2MCC_1nodes_72cores_1threads_4NCORE_23326_202512270900.OUTCAR,23326,2025.12.27 09:00:38,1,72,72,1,2054730,1,4,18,5184,311.065,2247.616
Cirrus,6.5.1-GCC-MKL,/mnt/lustre/e1000/home/z04/z04/aturner/benchmark/cirrus-ex/VASP/TiO2_MCC/6.5.1-GCC-MKL/TiO2MCC_1nodes_144cores_2threads_1NCORE_22629_202512221809.OUTCAR,22629,2025.12.22 18:09:55,1,288,144,2,1616779,1,1,144,5184,212.6288,1388.173
Cirrus,6.5.1-GCC-MKL,/mnt/lustre/e1000/home/z04/z04/aturner/benchmark/cirrus-ex/VASP/TiO2_MCC/6.5.1-GCC-MKL/TiO2MCC_64nodes_18432cores_1threads_8NCORE_21857_202512212330.OUTCAR,21857,2025.12.21 23:31:42,64,1,1,1,41452992,1,8,2304,6912,32.6687,624.153
Cirrus,6.5.1-GCC-MKL,/mnt/lustre/e1000/home/z04/z04/aturner/benchmark/cirrus-ex/VASP/TiO2_MCC/6.5.1-GCC-MKL/TiO2MCC_32nodes_4608cores_2threads_1NCORE_22649_202512221847.OUTCAR,22649,2025.12.22 18:47:58,32,9216,4608,2,21988930,1,1,4608,9216,45.2571,701.498
Cirrus,6.5.1-GCC-MKL,/mnt/lustre/e1000/home/z04/z04/aturner/benchmark/cirrus-ex/VASP/TiO2_MCC/6.5.1-GCC-MKL/TiO2MCC_16nodes_384cores_12threads_1NCORE_22614_202512221803.OUTCAR,22614,2025.12.22 18:03:16,16,4608,384,12,3095649,1,1,384,5376,19.0191,271.577
Cirrus,6.5.1-GCC-MKL,/mnt/lustre/e1000/home/z04/z04/aturner/benchmark/cirrus-ex/VASP/TiO2_MCC/6.5.1-GCC-MKL/TiO2MCC_8nodes_2304cores_1threads_8NCORE_23363_202512270931.OUTCAR,23363,2025.12.27 09:31:54,8,2304,2304,1,3824838,1,8,288,5184,33.992,437.245
Cirrus,6.5.1-GCC-MKL,/mnt/lustre/e1000/home/z04/z04/aturner/benchmark/cirrus-ex/VASP/TiO2_MCC/6.5.1-GCC-MKL/TiO2MCC_32nodes_4608cores_1threads_16NCORE_23381_202512270945.OUTCAR,23381,2025.12.27 09:45:52,32,4608,4608,1,7891921,1,16,288,5184,12.3134,242.921
Cirrus,6.5.1-GCC-MKL,/mnt/lustre/e1000/home/z04/z04/aturner/benchmark/cirrus-ex/VASP/TiO2_MCC/6.5.1-GCC-MKL/TiO2MCC_2nodes_144cores_1threads_16NCORE_21802_202512212223.OUTCAR,21802,2025.12.21 22:23:59,2,144,144,1,1996928,1,16,9,5184,145.5258,1118.646
Cirrus,6.5.1-GCC-MKL,/mnt/lustre/e1000/home/z04/z04/aturner/benchmark/cirrus-ex/VASP/TiO2_MCC/6.5.1-GCC-MKL/TiO2MCC_1nodes_72cores_1threads_16NCORE_21792_202512212223.OUTCAR,21792,2025.12.21 22:23:53,1,72,72,1,1485929,1,1,72,5184,243.8705,1724.169
Cirrus,6.5.1-GCC-MKL,/mnt/lustre/e1000/home/z04/z04/aturner/benchmark/cirrus-ex/VASP/TiO2_MCC/6.5.1-GCC-MKL/TiO2MCC_16nodes_1152cores_4threads_1NCORE_21877_202512212345.OUTCAR,21877,2025.12.21 23:45:57,16,4608,1152,4,4734893,1,1,1152,5760,25.7667,350.698
Cirrus,6.5.1-GCC-MKL,/mnt/lustre/e1000/home/z04/z04/aturner/benchmark/cirrus-ex/VASP/TiO2_MCC/6.5.1-GCC-MKL/TiO2MCC_8nodes_2304cores_1threads_16NCORE_21828_202512212230.OUTCAR,21828,2025.12.21 22:31:02,8,2304,2304,1,3721028,1,16,144,5184,32.9969,438.748
Cirrus,6.5.1-GCC-MKL,/mnt/lustre/e1000/home/z04/z04/aturner/benchmark/cirrus-ex/VASP/TiO2_MCC/6.5.1-GCC-MKL/TiO2MCC_8nodes_2304cores_1threads_4NCORE_21826_202512212223.OUTCAR,21826,2025.12.21 22:24:31,8,2304,2304,1,4008897,1,4,576,5184,35.2938,453.746
Cirrus,6.5.1-GCC-MKL,/mnt/lustre/e1000/home/z04/z04/aturner/benchmark/cirrus-ex/VASP/TiO2_MCC/6.5.1-GCC-MKL/TiO2MCC_16nodes_4608cores_1threads_16NCORE_23374_202512270936.OUTCAR,23374,2025.12.27 09:37:24,16,4608,4608,1,6119282,1,16,288,5184,19.1982,364.151
Cirrus,6.5.1-GCC-MKL,/mnt/lustre/e1000/home/z04/z04/aturner/benchmark/cirrus-ex/VASP/TiO2_MCC/6.5.1-GCC-MKL/TiO2MCC_32nodes_2304cores_4threads_1NCORE_22648_202512221846.OUTCAR,22648,2025.12.22 18:46:50,32,9216,2304,4,11724310,1,1,2304,6912,31.6226,458.527
Cirrus,6.5.1-GCC-MKL,/mnt/lustre/e1000/home/z04/z04/aturner/benchmark/cirrus-ex/VASP/TiO2_MCC/6.5.1-GCC-MKL/TiO2MCC_32nodes_2304cores_1threads_16NCORE_23378_202512270941.OUTCAR,23378,2025.12.27 09:41:32,32,2304,2304,1,8144120,1,16,144,5184,22.4126,327.462
Cirrus,6.5.1-GCC-MKL,/mnt/lustre/e1000/home/z04/z04/aturner/benchmark/cirrus-ex/VASP/TiO2_MCC/6.5.1-GCC-MKL/TiO2MCC_1nodes_144cores_1threads_16NCORE_21795_202512212223.OUTCAR,21795,2025.12.21 22:23:54,1,144,144,1,1891332,1,16,9,5184,256.0926,1831.009
Cirrus,6.5.1-GCC-MKL,/mnt/lustre/e1000/home/z04/z04/aturner/benchmark/cirrus-ex/VASP/TiO2_MCC/6.5.1-GCC-MKL/TiO2MCC_64nodes_9216cores_2threads_1NCORE_22625_202512221829.OUTCAR,22625,2025.12.22 18:29:53,64,18432,9216,2,43753715,1,1,9216,9216,43.7097,691.6
Cirrus,6.5.1-GCC-MKL,/mnt/lustre/e1000/home/z04/z04/aturner/benchmark/cirrus-ex/VASP/TiO2_MCC/6.5.1-GCC-MKL/TiO2MCC_4nodes_1152cores_1threads_16NCORE_23354_202512270921.OUTCAR,23354,2025.12.27 09:22:13,4,1152,1152,1,2685873,1,16,72,5184,62.9284,610.496
Cirrus,6.5.1-GCC-MKL,/mnt/lustre/e1000/home/z04/z04/aturner/benchmark/cirrus-ex/VASP/TiO2_MCC/6.5.1-GCC-MKL/TiO2MCC_32nodes_1152cores_8threads_1NCORE_22647_202512221841.OUTCAR,22647,2025.12.22 18:41:58,32,9216,1152,8,7122260,1,1,1152,5760,19.465,339.666
Cirrus,6.5.1-GCC-MKL,/mnt/lustre/e1000/home/z04/z04/aturner/benchmark/cirrus-ex/VASP/TiO2_MCC/6.5.1-GCC-MKL/TiO2MCC_32nodes_4608cores_1threads_8NCORE_21844_202512212247.OUTCAR,21844,2025.12.21 22:47:45,32,4608,4608,1,8025603,1,8,576,5184,12.7151,246.502
Cirrus,6.5.1-GCC-MKL,/mnt/lustre/e1000/home/z04/z04/aturner/benchmark/cirrus-ex/VASP/TiO2_MCC/6.5.1-GCC-MKL/TiO2MCC_16nodes_1152cores_1threads_16NCORE_23368_202512270931.OUTCAR,23368,2025.12.27 09:31:47,16,1152,1152,1,3400603,1,16,72,5184,18.5197,260.892
Cirrus,6.5.1-GCC-MKL,/mnt/lustre/e1000/home/z04/z04/aturner/benchmark/cirrus-ex/VASP/TiO2_MCC/6.5.1-GCC-MKL/TiO2MCC_1nodes_36cores_8threads_1NCORE_21860_202512212224.OUTCAR,21860,2025.12.21 22:24:10,1,288,36,8,1546212,1,1,36,5184,219.8543,1432.389
Cirrus,6.5.1-GCC-MKL,/mnt/lustre/e1000/home/z04/z04/aturner/benchmark/cirrus-ex/VASP/TiO2_MCC/6.5.1-GCC-MKL/TiO2MCC_8nodes_192cores_12threads_1NCORE_22610_202512221803.OUTCAR,22610,2025.12.22 18:03:16,8,2304,192,12,2036607,1,1,192,5184,31.1837,330.832
Cirrus,6.5.1-GCC-MKL,/mnt/lustre/e1000/home/z04/z04/aturner/benchmark/cirrus-ex/VASP/TiO2_MCC/6.5.1-GCC-MKL/TiO2MCC_4nodes_576cores_1threads_16NCORE_21815_202512212223.OUTCAR,21815,2025.12.21 22:24:10,4,576,576,1,2161064,1,16,36,5184,59.5659,521.006
Cirrus,6.5.1-GCC-MKL,/mnt/lustre/e1000/home/z04/z04/aturner/benchmark/cirrus-ex/VASP/TiO2_MCC/6.5.1-GCC-MKL/TiO2MCC_1nodes_144cores_1threads_8NCORE_21794_202512212223.OUTCAR,21794,2025.12.21 22:23:54,1,144,144,1,2006623,1,8,18,5184,272.2791,1966.944
Cirrus,6.5.1-GCC-MKL,/mnt/lustre/e1000/home/z04/z04/aturner/benchmark/cirrus-ex/VASP/TiO2_MCC/6.5.1-GCC-MKL/TiO2MCC_1nodes_288cores_1threads_16NCORE_23334_202512270900.OUTCAR,23334,2025.12.27 09:00:40,1,288,288,1,2006613,1,16,18,5184,260.6045,1892.945
Cirrus,6.5.1-GCC-MKL,/mnt/lustre/e1000/home/z04/z04/aturner/benchmark/cirrus-ex/VASP/TiO2_MCC/6.5.1-GCC-MKL/TiO2MCC_2nodes_288cores_1threads_8NCORE_21804_202512212223.OUTCAR,21804,2025.12.21 22:24:08,2,288,288,1,1833453,1,8,36,5184,121.6017,904.802
Cirrus,6.5.1-GCC-MKL,/mnt/lustre/e1000/home/z04/z04/aturner/benchmark/cirrus-ex/VASP/TiO2_MCC/6.5.1-GCC-MKL/TiO2MCC_1nodes_144cores_2threads_1NCORE_21862_202512212248.OUTCAR,21862,2025.12.21 22:48:12,1,288,144,2,1454146,1,1,144,5184,204.979,1344.55
Cirrus,6.5.1-GCC-MKL,/mnt/lustre/e1000/home/z04/z04/aturner/benchmark/cirrus-ex/VASP/TiO2_MCC/6.5.1-GCC-MKL/TiO2MCC_2nodes_144cores_1threads_8NCORE_21801_202512212223.OUTCAR,21801,2025.12.21 22:24:00,2,144,144,1,2108848,1,8,18,5184,154.0566,1179.531
Cirrus,6.5.1-GCC-MKL,/mnt/lustre/e1000/home/z04/z04/aturner/benchmark/cirrus-ex/VASP/TiO2_MCC/6.5.1-GCC-MKL/TiO2MCC_4nodes_576cores_1threads_4NCORE_23349_202512270910.OUTCAR,23349,2025.12.27 09:10:56,4,576,576,1,2348532,1,4,144,5184,64.1846,548.258
Cirrus,6.5.1-GCC-MKL,/mnt/lustre/e1000/home/z04/z04/aturner/benchmark/cirrus-ex/VASP/TiO2_MCC/6.5.1-GCC-MKL/TiO2MCC_16nodes_576cores_8threads_1NCORE_22615_202512221805.OUTCAR,22615,2025.12.22 18:05:08,16,4608,576,8,3627162,1,1,576,5184,22.3768,311.91
Cirrus,6.5.1-GCC-MKL,/mnt/lustre/e1000/home/z04/z04/aturner/benchmark/cirrus-ex/VASP/TiO2_MCC/6.5.1-GCC-MKL/TiO2MCC_64nodes_4608cores_1threads_8NCORE_21851_202512212304.OUTCAR,21851,2025.12.21 23:04:46,64,4608,4608,1,31341969,1,8,576,5184,48.8313,629.314
Cirrus,6.5.1-GCC-MKL,/mnt/lustre/e1000/home/z04/z04/aturner/benchmark/cirrus-ex/VASP/TiO2_MCC/6.5.1-GCC-MKL/TiO2MCC_1nodes_72cores_4threads_1NCORE_22628_202512221809.OUTCAR,22628,2025.12.22 18:09:55,1,288,72,4,1467315,1,1,72,5184,207.3904,1345.545
Cirrus,6.5.1-GCC-MKL,/mnt/lustre/e1000/home/z04/z04/aturner/benchmark/cirrus-ex/VASP/TiO2_MCC/6.5.1-GCC-MKL/TiO2MCC_16nodes_1152cores_1threads_8NCORE_21831_202512212232.OUTCAR,21831,2025.12.21 22:32:14,16,1152,1152,1,3569457,1,8,144,5184,21.8247,269.294
Cirrus,6.5.1-GCC-MKL,/mnt/lustre/e1000/home/z04/z04/aturner/benchmark/cirrus-ex/VASP/TiO2_MCC/6.5.1-GCC-MKL/TiO2MCC_1nodes_24cores_12threads_1NCORE_22598_202512221754.OUTCAR,22598,2025.12.22 17:54:55,1,288,24,12,1414650,1,1,24,5184,210.4156,1384.244
Cirrus,6.5.1-GCC-MKL,/mnt/lustre/e1000/home/z04/z04/aturner/benchmark/cirrus-ex/VASP/TiO2_MCC/6.5.1-GCC-MKL/TiO2MCC_2nodes_144cores_4threads_1NCORE_21865_202512212251.OUTCAR,21865,2025.12.21 22:51:21,2,576,144,4,1560992,1,1,144,5184,105.7813,772.44
Cirrus,6.5.1-GCC-MKL,/mnt/lustre/e1000/home/z04/z04/aturner/benchmark/cirrus-ex/VASP/TiO2_MCC/6.5.1-GCC-MKL/TiO2MCC_8nodes_288cores_8threads_1NCORE_21872_202512212310.OUTCAR,21872,2025.12.21 23:10:18,8,2304,288,8,2437842,1,1,288,5184,35.9246,382.011
Cirrus,6.5.1-GCC-MKL,/mnt/lustre/e1000/home/z04/z04/aturner/benchmark/cirrus-ex/VASP/TiO2_MCC/6.5.1-GCC-MKL/TiO2MCC_16nodes_576cores_1threads_16NCORE_21829_202512212230.OUTCAR,21829,2025.12.21 22:30:37,16,576,576,1,3051400,1,16,36,5184,24.5651,298.114
Cirrus,6.5.1-GCC-MKL,/mnt/lustre/e1000/home/z04/z04/aturner/benchmark/cirrus-ex/VASP/TiO2_MCC/6.5.1-GCC-MKL/TiO2MCC_2nodes_288cores_1threads_4NCORE_21803_202512212223.OUTCAR,21803,2025.12.21 22:24:09,2,288,288,1,1822696,1,4,72,5184,121.9793,908.699
Cirrus,6.5.1-GCC-MKL,/mnt/lustre/e1000/home/z04/z04/aturner/benchmark/cirrus-ex/VASP/TiO2_MCC/6.5.1-GCC-MKL/TiO2MCC_16nodes_576cores_8threads_1NCORE_21876_202512212345.OUTCAR,21876,2025.12.21 23:45:53,16,4608,576,8,3613839,1,1,576,5184,24.5879,316.797
Cirrus,6.5.1-GCC-MKL,/mnt/lustre/e1000/home/z04/z04/aturner/benchmark/cirrus-ex/VASP/TiO2_MCC/6.5.1-GCC-MKL/TiO2MCC_32nodes_2304cores_1threads_8NCORE_23377_202512270939.OUTCAR,23377,2025.12.27 09:39:37,32,2304,2304,1,8173056,1,8,288,5184,32.5129,327.386
Cirrus,6.5.1-GCC-MKL,/mnt/lustre/e1000/home/z04/z04/aturner/benchmark/cirrus-ex/VASP/TiO2_MCC/6.5.1-GCC-MKL/TiO2MCC_64nodes_9216cores_1threads_4NCORE_23389_202512271005.OUTCAR,23389,2025.12.27 10:06:03,64,9216,9216,1,26868893,1,4,2304,6912,24.8133,430.237
Cirrus,6.5.1-GCC-MKL,/mnt/lustre/e1000/home/z04/z04/aturner/benchmark/cirrus-ex/VASP/TiO2_MCC/6.5.1-GCC-MKL/TiO2MCC_2nodes_144cores_4threads_1NCORE_22632_202512221819.OUTCAR,22632,2025.12.22 18:20:02,2,576,144,4,1695761,1,1,144,5184,109.0693,784.923
Cirrus,6.5.1-GCC-MKL,/mnt/lustre/e1000/home/z04/z04/aturner/benchmark/cirrus-ex/VASP/TiO2_MCC/6.5.1-GCC-MKL/TiO2MCC_32nodes_9216cores_1threads_8NCORE_21847_202512212251.OUTCAR,21847,2025.12.21 22:52:40,32,9216,9216,1,14299003,1,8,1152,5760,18.7061,415.592
Cirrus,6.5.1-GCC-MKL,/mnt/lustre/e1000/home/z04/z04/aturner/benchmark/cirrus-ex/VASP/TiO2_MCC/6.5.1-GCC-MKL/TiO2MCC_2nodes_144cores_1threads_16NCORE_23338_202512270905.OUTCAR,23338,2025.12.27 09:05:46,2,144,144,1,1934035,1,16,9,5184,145.0576,1117.605
Cirrus,6.5.1-GCC-MKL,/mnt/lustre/e1000/home/z04/z04/aturner/benchmark/cirrus-ex/VASP/TiO2_MCC/6.5.1-GCC-MKL/TiO2MCC_2nodes_576cores_1threads_16NCORE_23344_202512270910.OUTCAR,23344,2025.12.27 09:11:06,2,576,576,1,1910926,1,16,36,5184,118.0666,934.299
Cirrus,6.5.1-GCC-MKL,/mnt/lustre/e1000/home/z04/z04/aturner/benchmark/cirrus-ex/VASP/TiO2_MCC/6.5.1-GCC-MKL/TiO2MCC_32nodes_1152cores_8threads_1NCORE_21880_202512212351.OUTCAR,21880,2025.12.21 23:51:35,32,9216,1152,8,7038986,1,1,1152,5760,20.361,339.123
Cirrus,6.5.1-GCC-MKL,/mnt/lustre/e1000/home/z04/z04/aturner/benchmark/cirrus-ex/VASP/TiO2_MCC/6.5.1-GCC-MKL/TiO2MCC_8nodes_1152cores_1threads_4NCORE_21823_202512212223.OUTCAR,21823,2025.12.21 22:24:11,8,1152,1152,1,2995407,1,4,288,5184,33.8654,365.932
Cirrus,6.5.1-GCC-MKL,/mnt/lustre/e1000/home/z04/z04/aturner/benchmark/cirrus-ex/VASP/TiO2_MCC/6.5.1-GCC-MKL/TiO2MCC_1nodes_24cores_12threads_1NCORE_21859_202512212224.OUTCAR,21859,2025.12.21 22:24:09,1,288,24,12,1401557,1,1,24,5184,209.148,1376.44
Cirrus,6.5.1-GCC-MKL,/mnt/lustre/e1000/home/z04/z04/aturner/benchmark/cirrus-ex/VASP/TiO2_MCC/6.5.1-GCC-MKL/TiO2MCC_4nodes_576cores_2threads_1NCORE_22609_202512221803.OUTCAR,22609,2025.12.22 18:03:29,4,1152,576,2,2228480,1,1,576,5184,60.5928,534.594
Cirrus,6.5.1-GCC-MKL,/mnt/lustre/e1000/home/z04/z04/aturner/benchmark/cirrus-ex/VASP/TiO2_MCC/6.5.1-GCC-MKL/TiO2MCC_1nodes_36cores_8threads_1NCORE_22599_202512221757.OUTCAR,22599,2025.12.22 17:57:56,1,288,36,8,1534957,1,1,36,5184,220.6593,1432.702
Cirrus,6.5.1-GCC-MKL,/mnt/lustre/e1000/home/z04/z04/aturner/benchmark/cirrus-ex/VASP/TiO2_MCC/6.5.1-GCC-MKL/TiO2MCC_64nodes_18432cores_1threads_16NCORE_21858_202512212342.OUTCAR,21858,2025.12.21 23:42:58,64,1,1,1,33577137,1,16,1152,5760,23.4547,506.867
Cirrus,6.5.1-GCC-MKL,/mnt/lustre/e1000/home/z04/z04/aturner/benchmark/cirrus-ex/VASP/TiO2_MCC/6.5.1-GCC-MKL/TiO2MCC_4nodes_288cores_1threads_4NCORE_23346_202512270910.OUTCAR,23346,2025.12.27 09:10:45,4,288,288,1,1926078,1,4,72,5184,69.8506,574.174
Cirrus,6.5.1-GCC-MKL,/mnt/lustre/e1000/home/z04/z04/aturner/benchmark/cirrus-ex/VASP/TiO2_MCC/6.5.1-GCC-MKL/TiO2MCC_64nodes_4608cores_4threads_1NCORE_21885_202512220010.OUTCAR,21885,2025.12.22 00:10:31,64,18432,4608,4,45430107,1,1,4608,9216,76.66,913.806
Cirrus,6.5.1-GCC-MKL,/mnt/lustre/e1000/home/z04/z04/aturner/benchmark/cirrus-ex/VASP/TiO2_MCC/6.5.1-GCC-MKL/TiO2MCC_2nodes_144cores_1threads_8NCORE_23337_202512270900.OUTCAR,23337,2025.12.27 09:00:45,2,144,144,1,2293886,1,8,18,5184,157.7374,1201.004
Cirrus,6.5.1-GCC-MKL,/mnt/lustre/e1000/home/z04/z04/aturner/benchmark/cirrus-ex/VASP/TiO2_MCC/6.5.1-GCC-MKL/TiO2MCC_32nodes_9216cores_1threads_8NCORE_23383_202512270947.OUTCAR,23383,2025.12.27 09:48:09,32,9216,9216,1,13649267,1,8,1152,5760,16.3942,398.683
Cirrus,6.5.1-GCC-MKL,/mnt/lustre/e1000/home/z04/z04/aturner/benchmark/cirrus-ex/VASP/TiO2_MCC/6.5.1-GCC-MKL/TiO2MCC_2nodes_288cores_1threads_8NCORE_23340_202512270910.OUTCAR,23340,2025.12.27 09:10:55,2,288,288,1,1892196,1,8,36,5184,121.951,909.004
Cirrus,6.5.1-GCC-MKL,/mnt/lustre/e1000/home/z04/z04/aturner/benchmark/cirrus-ex/VASP/TiO2_MCC/6.5.1-GCC-MKL/TiO2MCC_2nodes_576cores_1threads_4NCORE_21806_202512212223.OUTCAR,21806,2025.12.21 22:24:22,2,576,576,1,2152786,1,4,144,5184,124.5022,977.543
Cirrus,6.5.1-GCC-MKL,/mnt/lustre/e1000/home/z04/z04/aturner/benchmark/cirrus-ex/VASP/TiO2_MCC/6.5.1-GCC-MKL/TiO2MCC_2nodes_72cores_1threads_16NCORE_21799_202512212223.OUTCAR,21799,2025.12.21 22:23:57,2,72,72,1,1900238,1,1,72,5184,189.062,1444.494
Cirrus,6.5.1-GCC-MKL,/mnt/lustre/e1000/home/z04/z04/aturner/benchmark/cirrus-ex/VASP/TiO2_MCC/6.5.1-GCC-MKL/TiO2MCC_2nodes_72cores_8threads_1NCORE_21864_202512212249.OUTCAR,21864,2025.12.21 22:49:16,2,576,72,8,1665250,1,1,72,5184,114.0454,819.871
Cirrus,6.5.1-GCC-MKL,/mnt/lustre/e1000/home/z04/z04/aturner/benchmark/cirrus-ex/VASP/TiO2_MCC/6.5.1-GCC-MKL/TiO2MCC_32nodes_2304cores_1threads_8NCORE_21841_202512212243.OUTCAR,21841,2025.12.21 22:44:05,32,2304,2304,1,9068053,1,8,288,5184,28.2923,357.75
Cirrus,6.5.1-GCC-MKL,/mnt/lustre/e1000/home/z04/z04/aturner/benchmark/cirrus-ex/VASP/TiO2_MCC/6.5.1-GCC-MKL/TiO2MCC_16nodes_576cores_1threads_16NCORE_23365_202512270931.OUTCAR,23365,2025.12.27 09:31:23,16,576,576,1,3045594,1,16,36,5184,24.4954,298.704
Cirrus,6.5.1-GCC-MKL,/mnt/lustre/e1000/home/z04/z04/aturner/benchmark/cirrus-ex/VASP/TiO2_MCC/6.5.1-GCC-MKL/TiO2MCC_2nodes_144cores_4threads_1NCORE_22604_202512221758.OUTCAR,22604,2025.12.22 17:59:02,2,576,144,4,1767940,1,1,144,5184,109.8838,795.126
Cirrus,6.5.1-GCC-MKL,/mnt/lustre/e1000/home/z04/z04/aturner/benchmark/cirrus-ex/VASP/TiO2_MCC/6.5.1-GCC-MKL/TiO2MCC_16nodes_2304cores_1threads_8NCORE_21834_202512212234.OUTCAR,21834,2025.12.21 22:35:14,16,2304,2304,1,4477401,1,8,288,5184,17.8589,272.24
Cirrus,6.5.1-GCC-MKL,/mnt/lustre/e1000/home/z04/z04/aturner/benchmark/cirrus-ex/VASP/TiO2_MCC/6.5.1-GCC-MKL/TiO2MCC_4nodes_1152cores_1threads_4NCORE_23352_202512270921.OUTCAR,23352,2025.12.27 09:22:16,4,1152,1152,1,2719138,1,4,288,5184,64.3888,621.068
Cirrus,6.5.1-GCC-MKL,/mnt/lustre/e1000/home/z04/z04/aturner/benchmark/cirrus-ex/VASP/TiO2_MCC/6.5.1-GCC-MKL/TiO2MCC_8nodes_288cores_8threads_1NCORE_22639_202512221834.OUTCAR,22639,2025.12.22 18:34:50,8,2304,288,8,2452852,1,1,288,5184,38.8404,381.594
Cirrus,6.5.1-GCC-MKL,/mnt/lustre/e1000/home/z04/z04/aturner/benchmark/cirrus-ex/VASP/TiO2_MCC/6.5.1-GCC-MKL/TiO2MCC_2nodes_576cores_1threads_16NCORE_21808_202512212223.OUTCAR,21808,2025.12.21 22:24:20,2,576,576,1,1948497,1,16,36,5184,118.4943,938.017
Cirrus,6.5.1-GCC-MKL,/mnt/lustre/e1000/home/z04/z04/aturner/benchmark/cirrus-ex/VASP/TiO2_MCC/6.5.1-GCC-MKL/TiO2MCC_16nodes_2304cores_1threads_4NCORE_21833_202512212234.OUTCAR,21833,2025.12.21 22:34:29,16,2304,2304,1,4448555,1,4,576,5184,18.3091,274.711
Cirrus,6.5.1-GCC-MKL,/mnt/lustre/e1000/home/z04/z04/aturner/benchmark/cirrus-ex/VASP/TiO2_MCC/6.5.1-GCC-MKL/TiO2MCC_16nodes_1152cores_1threads_8NCORE_23367_202512270931.OUTCAR,23367,2025.12.27 09:31:46,16,1152,1152,1,3483186,1,8,144,5184,19.1328,268.577
Cirrus,6.5.1-GCC-MKL,/mnt/lustre/e1000/home/z04/z04/aturner/benchmark/cirrus-ex/VASP/TiO2_MCC/6.5.1-GCC-MKL/TiO2MCC_2nodes_576cores_1threads_8NCORE_23343_202512270910.OUTCAR,23343,2025.12.27 09:11:14,2,576,576,1,2388135,1,8,72,5184,125.2866,986.413
Cirrus,6.5.1-GCC-MKL,/mnt/lustre/e1000/home/z04/z04/aturner/benchmark/cirrus-ex/VASP/TiO2_MCC/6.5.1-GCC-MKL/TiO2MCC_8nodes_1152cores_1threads_4NCORE_23359_202512270931.OUTCAR,23359,2025.12.27 09:31:35,8,1152,1152,1,2823158,1,4,288,5184,32.7461,358.435
Cirrus,6.5.1-GCC-MKL,/mnt/lustre/e1000/home/z04/z04/aturner/benchmark/cirrus-ex/VASP/TiO2_MCC/6.5.1-GCC-MKL/TiO2MCC_8nodes_576cores_1threads_16NCORE_23358_202512270930.OUTCAR,23358,2025.12.27 09:31:01,8,576,576,1,2325222,1,16,36,5184,36.3236,350.302
Cirrus,6.5.1-GCC-MKL,/mnt/lustre/e1000/home/z04/z04/aturner/benchmark/cirrus-ex/VASP/TiO2_MCC/6.5.1-GCC-MKL/TiO2MCC_32nodes_9216cores_1threads_16NCORE_23384_202512270948.OUTCAR,23384,2025.12.27 09:49:02,32,9216,9216,1,11260638,1,16,576,5184,12.2724,334.416
Cirrus,6.5.1-GCC-MKL,/mnt/lustre/e1000/home/z04/z04/aturner/benchmark/cirrus-ex/VASP/TiO2_MCC/6.5.1-GCC-MKL/TiO2MCC_16nodes_1152cores_1threads_4NCORE_23366_202512270931.OUTCAR,23366,2025.12.27 09:31:46,16,1152,1152,1,3468994,1,4,288,5184,19.6709,266.167
Cirrus,6.5.1-GCC-OpenBLAS,/mnt/lustre/e1000/home/z04/z04/aturner/benchmark/cirrus-ex/VASP/TiO2_MCC/6.5.1-GCC-OpenBLAS/TiO2MCC_4nodes_96cores_12threads_1NCORE_21965_202512220041.OUTCAR,21965,2025.12.22 00:41:22,4,1152,96,12,1905099,1,1,96,5184,68.8274,614.015
Cirrus,6.5.1-GCC-OpenBLAS,/mnt/lustre/e1000/home/z04/z04/aturner/benchmark/cirrus-ex/VASP/TiO2_MCC/6.5.1-GCC-OpenBLAS/TiO2MCC_64nodes_18432cores_1threads_16NCORE_21956_202512220131.OUTCAR,21956,2025.12.22 01:32:21,64,1,1,1,34052178,1,16,1152,5760,25.0535,514.734
Cirrus,6.5.1-GCC-OpenBLAS,/mnt/lustre/e1000/home/z04/z04/aturner/benchmark/cirrus-ex/VASP/TiO2_MCC/6.5.1-GCC-OpenBLAS/TiO2MCC_16nodes_576cores_1threads_16NCORE_21927_202512220026.OUTCAR,21927,2025.12.22 00:26:17,16,576,576,1,2795576,1,16,36,5184,20.5646,267.353
Cirrus,6.5.1-GCC-OpenBLAS,/mnt/lustre/e1000/home/z04/z04/aturner/benchmark/cirrus-ex/VASP/TiO2_MCC/6.5.1-GCC-OpenBLAS/TiO2MCC_32nodes_1152cores_1threads_16NCORE_21937_202512220031.OUTCAR,21937,2025.12.22 00:31:09,32,1152,1152,1,4410480,1,16,72,5184,11.3917,216.287
Cirrus,6.5.1-GCC-OpenBLAS,/mnt/lustre/e1000/home/z04/z04/aturner/benchmark/cirrus-ex/VASP/TiO2_MCC/6.5.1-GCC-OpenBLAS/TiO2MCC_8nodes_192cores_12threads_1NCORE_21969_202512220057.OUTCAR,21969,2025.12.22 00:57:23,8,2304,192,12,2440541,1,1,192,5184,38.6336,414.451
Cirrus,6.5.1-GCC-OpenBLAS,/mnt/lustre/e1000/home/z04/z04/aturner/benchmark/cirrus-ex/VASP/TiO2_MCC/6.5.1-GCC-OpenBLAS/TiO2MCC_32nodes_2304cores_1threads_4NCORE_21938_202512220033.OUTCAR,21938,2025.12.22 00:34:03,32,2304,2304,1,7451509,1,4,576,5184,20.4736,293.74
Cirrus,6.5.1-GCC-OpenBLAS,/mnt/lustre/e1000/home/z04/z04/aturner/benchmark/cirrus-ex/VASP/TiO2_MCC/6.5.1-GCC-OpenBLAS/TiO2MCC_1nodes_24cores_12threads_1NCORE_21957_202512212341.OUTCAR,21957,2025.12.21 23:41:15,1,288,24,12,1767679,1,1,24,5184,262.1694,1904.17
Cirrus,6.5.1-GCC-OpenBLAS,/mnt/lustre/e1000/home/z04/z04/aturner/benchmark/cirrus-ex/VASP/TiO2_MCC/6.5.1-GCC-OpenBLAS/TiO2MCC_8nodes_1152cores_2threads_1NCORE_21972_202512220109.OUTCAR,21972,2025.12.22 01:09:36,8,2304,1152,2,4038739,1,1,1152,5760,42.7349,488.844
Cirrus,6.5.1-GCC-OpenBLAS,/mnt/lustre/e1000/home/z04/z04/aturner/benchmark/cirrus-ex/VASP/TiO2_MCC/6.5.1-GCC-OpenBLAS/TiO2MCC_32nodes_4608cores_2threads_1NCORE_21980_202512220141.OUTCAR,21980,2025.12.22 01:41:21,32,9216,4608,2,22007660,1,1,4608,9216,44.6933,696.315
Cirrus,6.5.1-GCC-OpenBLAS,/mnt/lustre/e1000/home/z04/z04/aturner/benchmark/cirrus-ex/VASP/TiO2_MCC/6.5.1-GCC-OpenBLAS/TiO2MCC_64nodes_18432cores_1threads_4NCORE_21954_202512220119.OUTCAR,21954,2025.12.22 01:19:44,64,1,1,1,60350801,1,4,4608,9216,52.1546,906.194
Cirrus,6.5.1-GCC-OpenBLAS,/mnt/lustre/e1000/home/z04/z04/aturner/benchmark/cirrus-ex/VASP/TiO2_MCC/6.5.1-GCC-OpenBLAS/TiO2MCC_16nodes_2304cores_1threads_4NCORE_21931_202512220028.OUTCAR,21931,2025.12.22 00:29:09,16,2304,2304,1,4538585,1,4,576,5184,17.9315,278.94
Cirrus,6.5.1-GCC-OpenBLAS,/mnt/lustre/e1000/home/z04/z04/aturner/benchmark/cirrus-ex/VASP/TiO2_MCC/6.5.1-GCC-OpenBLAS/TiO2MCC_2nodes_288cores_1threads_4NCORE_21901_202512212342.OUTCAR,21901,2025.12.21 23:42:30,2,288,288,1,1751105,1,4,72,5184,118.0253,872.622
Cirrus,6.5.1-GCC-OpenBLAS,/mnt/lustre/e1000/home/z04/z04/aturner/benchmark/cirrus-ex/VASP/TiO2_MCC/6.5.1-GCC-OpenBLAS/TiO2MCC_32nodes_9216cores_1threads_16NCORE_21946_202512220044.OUTCAR,21946,2025.12.22 00:44:57,32,9216,9216,1,12010658,1,16,576,5184,16.4997,351.588
Cirrus,6.5.1-GCC-OpenBLAS,/mnt/lustre/e1000/home/z04/z04/aturner/benchmark/cirrus-ex/VASP/TiO2_MCC/6.5.1-GCC-OpenBLAS/TiO2MCC_8nodes_2304cores_1threads_8NCORE_21925_202512220018.OUTCAR,21925,2025.12.22 00:19:11,8,2304,2304,1,3753185,1,8,288,5184,33.42,440.25
Cirrus,6.5.1-GCC-OpenBLAS,/mnt/lustre/e1000/home/z04/z04/aturner/benchmark/cirrus-ex/VASP/TiO2_MCC/6.5.1-GCC-OpenBLAS/TiO2MCC_4nodes_288cores_4threads_1NCORE_21967_202512220051.OUTCAR,21967,2025.12.22 00:51:27,4,1152,288,4,2119355,1,1,288,5184,62.674,542.215
Cirrus,6.5.1-GCC-OpenBLAS,/mnt/lustre/e1000/home/z04/z04/aturner/benchmark/cirrus-ex/VASP/TiO2_MCC/6.5.1-GCC-OpenBLAS/TiO2MCC_1nodes_72cores_1threads_4NCORE_21888_202512212310.OUTCAR,21888,2025.12.21 23:10:13,1,72,72,1,1759579,1,4,18,5184,266.1246,1816.715
Cirrus,6.5.1-GCC-OpenBLAS,/mnt/lustre/e1000/home/z04/z04/aturner/benchmark/cirrus-ex/VASP/TiO2_MCC/6.5.1-GCC-OpenBLAS/TiO2MCC_16nodes_1152cores_4threads_1NCORE_21975_202512220134.OUTCAR,21975,2025.12.22 01:35:07,16,4608,1152,4,4741260,1,1,1152,5760,25.296,350.585
Cirrus,6.5.1-GCC-OpenBLAS,/mnt/lustre/e1000/home/z04/z04/aturner/benchmark/cirrus-ex/VASP/TiO2_MCC/6.5.1-GCC-OpenBLAS/TiO2MCC_4nodes_288cores_1threads_4NCORE_21908_202512220000.OUTCAR,21908,2025.12.22 00:00:25,4,288,288,1,1885064,1,4,72,5184,65.5766,540.286
Cirrus,6.5.1-GCC-OpenBLAS,/mnt/lustre/e1000/home/z04/z04/aturner/benchmark/cirrus-ex/VASP/TiO2_MCC/6.5.1-GCC-OpenBLAS/TiO2MCC_64nodes_2304cores_8threads_1NCORE_21982_202512220150.OUTCAR,21982,2025.12.22 01:51:01,64,18432,2304,8,14132150,1,1,2304,6912,15.9386,363.303
Cirrus,6.5.1-GCC-OpenBLAS,/mnt/lustre/e1000/home/z04/z04/aturner/benchmark/cirrus-ex/VASP/TiO2_MCC/6.5.1-GCC-OpenBLAS/TiO2MCC_64nodes_4608cores_1threads_8NCORE_21949_202512220054.OUTCAR,21949,2025.12.22 00:55:07,64,4608,4608,1,32879195,1,8,576,5184,55.51,662.68
Cirrus,6.5.1-GCC-OpenBLAS,/mnt/lustre/e1000/home/z04/z04/aturner/benchmark/cirrus-ex/VASP/TiO2_MCC/6.5.1-GCC-OpenBLAS/TiO2MCC_1nodes_144cores_2threads_1NCORE_21960_202512220041.OUTCAR,21960,2025.12.22 00:41:19,1,288,144,2,1522929,1,1,144,5184,216.3981,1439.205
Cirrus,6.5.1-GCC-OpenBLAS,/mnt/lustre/e1000/home/z04/z04/aturner/benchmark/cirrus-ex/VASP/TiO2_MCC/6.5.1-GCC-OpenBLAS/TiO2MCC_8nodes_1152cores_1threads_8NCORE_21922_202512220010.OUTCAR,21922,2025.12.22 00:10:35,8,1152,1152,1,2952750,1,8,144,5184,31.899,353.176
Cirrus,6.5.1-GCC-OpenBLAS,/mnt/lustre/e1000/home/z04/z04/aturner/benchmark/cirrus-ex/VASP/TiO2_MCC/6.5.1-GCC-OpenBLAS/TiO2MCC_2nodes_144cores_1threads_8NCORE_21899_202512212342.OUTCAR,21899,2025.12.21 23:42:23,2,144,144,1,1716276,1,8,18,5184,129.1477,954.0
Cirrus,6.5.1-GCC-OpenBLAS,/mnt/lustre/e1000/home/z04/z04/aturner/benchmark/cirrus-ex/VASP/TiO2_MCC/6.5.1-GCC-OpenBLAS/TiO2MCC_8nodes_1152cores_1threads_4NCORE_21921_202512220007.OUTCAR,21921,2025.12.22 00:07:32,8,1152,1152,1,2997747,1,4,288,5184,32.6722,356.865
Cirrus,6.5.1-GCC-OpenBLAS,/mnt/lustre/e1000/home/z04/z04/aturner/benchmark/cirrus-ex/VASP/TiO2_MCC/6.5.1-GCC-OpenBLAS/TiO2MCC_16nodes_4608cores_1threads_8NCORE_21935_202512220029.OUTCAR,21935,2025.12.22 00:30:00,16,4608,4608,1,6294793,1,8,576,5184,19.4405,366.436
Cirrus,6.5.1-GCC-OpenBLAS,/mnt/lustre/e1000/home/z04/z04/aturner/benchmark/cirrus-ex/VASP/TiO2_MCC/6.5.1-GCC-OpenBLAS/TiO2MCC_8nodes_288cores_8threads_1NCORE_21970_202512220101.OUTCAR,21970,2025.12.22 01:01:24,8,2304,288,8,2496141,1,1,288,5184,37.5453,399.549
Cirrus,6.5.1-GCC-OpenBLAS,/mnt/lustre/e1000/home/z04/z04/aturner/benchmark/cirrus-ex/VASP/TiO2_MCC/6.5.1-GCC-OpenBLAS/TiO2MCC_2nodes_144cores_1threads_4NCORE_21898_202512212342.OUTCAR,21898,2025.12.21 23:42:21,2,144,144,1,1707335,1,4,36,5184,131.1869,967.3
Cirrus,6.5.1-GCC-OpenBLAS,/mnt/lustre/e1000/home/z04/z04/aturner/benchmark/cirrus-ex/VASP/TiO2_MCC/6.5.1-GCC-OpenBLAS/TiO2MCC_1nodes_144cores_1threads_16NCORE_21893_202512212317.OUTCAR,21893,2025.12.21 23:17:13,1,144,144,1,1680593,1,16,9,5184,229.8413,1548.191
Cirrus,6.5.1-GCC-OpenBLAS,/mnt/lustre/e1000/home/z04/z04/aturner/benchmark/cirrus-ex/VASP/TiO2_MCC/6.5.1-GCC-OpenBLAS/TiO2MCC_32nodes_4608cores_1threads_4NCORE_21941_202512220037.OUTCAR,21941,2025.12.22 00:38:07,32,4608,4608,1,11085153,1,4,1152,5760,19.6735,351.147
Cirrus,6.5.1-GCC-OpenBLAS,/mnt/lustre/e1000/home/z04/z04/aturner/benchmark/cirrus-ex/VASP/TiO2_MCC/6.5.1-GCC-OpenBLAS/TiO2MCC_8nodes_576cores_1threads_8NCORE_21919_202512220007.OUTCAR,21919,2025.12.22 00:07:25,8,576,576,1,2246231,1,8,72,5184,32.4177,337.231
Cirrus,6.5.1-GCC-OpenBLAS,/mnt/lustre/e1000/home/z04/z04/aturner/benchmark/cirrus-ex/VASP/TiO2_MCC/6.5.1-GCC-OpenBLAS/TiO2MCC_2nodes_72cores_8threads_1NCORE_21962_202512220041.OUTCAR,21962,2025.12.22 00:41:23,2,576,72,8,1829399,1,1,72,5184,130.8063,990.559
Cirrus,6.5.1-GCC-OpenBLAS,/mnt/lustre/e1000/home/z04/z04/aturner/benchmark/cirrus-ex/VASP/TiO2_MCC/6.5.1-GCC-OpenBLAS/TiO2MCC_32nodes_1152cores_8threads_1NCORE_21978_202512220139.OUTCAR,21978,2025.12.22 01:40:00,32,9216,1152,8,6379780,1,1,1152,5760,16.8522,303.162
Cirrus,6.5.1-GCC-OpenBLAS,/mnt/lustre/e1000/home/z04/z04/aturner/benchmark/cirrus-ex/VASP/TiO2_MCC/6.5.1-GCC-OpenBLAS/TiO2MCC_8nodes_576cores_1threads_16NCORE_21920_202512220007.OUTCAR,21920,2025.12.22 00:07:26,8,576,576,1,2201524,1,16,36,5184,33.3134,331.238
Cirrus,6.5.1-GCC-OpenBLAS,/mnt/lustre/e1000/home/z04/z04/aturner/benchmark/cirrus-ex/VASP/TiO2_MCC/6.5.1-GCC-OpenBLAS/TiO2MCC_1nodes_36cores_1threads_16NCORE_21887_202512212310.OUTCAR,21887,2025.12.21 23:10:12,1,36,36,1,1746163,1,1,36,5184,328.0907,2289.576
Cirrus,6.5.1-GCC-OpenBLAS,/mnt/lustre/e1000/home/z04/z04/aturner/benchmark/cirrus-ex/VASP/TiO2_MCC/6.5.1-GCC-OpenBLAS/TiO2MCC_64nodes_4608cores_4threads_1NCORE_21983_202512220157.OUTCAR,21983,2025.12.22 01:57:47,64,18432,4608,4,53245506,1,1,4608,9216,90.35,1078.958
Cirrus,6.5.1-GCC-OpenBLAS,/mnt/lustre/e1000/home/z04/z04/aturner/benchmark/cirrus-ex/VASP/TiO2_MCC/6.5.1-GCC-OpenBLAS/TiO2MCC_4nodes_288cores_1threads_16NCORE_21910_202512220003.OUTCAR,21910,2025.12.22 00:03:24,4,288,288,1,1704280,1,16,18,5184,59.7775,501.075
Cirrus,6.5.1-GCC-OpenBLAS,/mnt/lustre/e1000/home/z04/z04/aturner/benchmark/cirrus-ex/VASP/TiO2_MCC/6.5.1-GCC-OpenBLAS/TiO2MCC_2nodes_576cores_1threads_8NCORE_21905_202512212349.OUTCAR,21905,2025.12.21 23:49:49,2,576,576,1,2225135,1,8,72,5184,122.043,958.291
Cirrus,6.5.1-GCC-OpenBLAS,/mnt/lustre/e1000/home/z04/z04/aturner/benchmark/cirrus-ex/VASP/TiO2_MCC/6.5.1-GCC-OpenBLAS/TiO2MCC_8nodes_2304cores_1threads_4NCORE_21924_202512220013.OUTCAR,21924,2025.12.22 00:13:52,8,2304,2304,1,3845882,1,4,576,5184,33.8253,446.034
Cirrus,6.5.1-GCC-OpenBLAS,/mnt/lustre/e1000/home/z04/z04/aturner/benchmark/cirrus-ex/VASP/TiO2_MCC/6.5.1-GCC-OpenBLAS/TiO2MCC_64nodes_18432cores_1threads_8NCORE_21955_202512220120.OUTCAR,21955,2025.12.22 01:20:52,64,1,1,1,42758943,1,8,2304,6912,32.6586,641.106
Cirrus,6.5.1-GCC-OpenBLAS,/mnt/lustre/e1000/home/z04/z04/aturner/benchmark/cirrus-ex/VASP/TiO2_MCC/6.5.1-GCC-OpenBLAS/TiO2MCC_32nodes_9216cores_1threads_4NCORE_21944_202512220040.OUTCAR,21944,2025.12.22 00:41:28,32,9216,9216,1,20450056,1,4,2304,6912,34.0128,613.384
Cirrus,6.5.1-GCC-OpenBLAS,/mnt/lustre/e1000/home/z04/z04/aturner/benchmark/cirrus-ex/VASP/TiO2_MCC/6.5.1-GCC-OpenBLAS/TiO2MCC_2nodes_144cores_1threads_16NCORE_21900_202512212342.OUTCAR,21900,2025.12.21 23:42:23,2,144,144,1,1511532,1,16,9,5184,119.2293,879.069
Cirrus,6.5.1-GCC-OpenBLAS,/mnt/lustre/e1000/home/z04/z04/aturner/benchmark/cirrus-ex/VASP/TiO2_MCC/6.5.1-GCC-OpenBLAS/TiO2MCC_2nodes_576cores_1threads_16NCORE_21906_202512212358.OUTCAR,21906,2025.12.21 23:58:43,2,576,576,1,1879483,1,16,36,5184,115.0759,909.937
Cirrus,6.5.1-GCC-OpenBLAS,/mnt/lustre/e1000/home/z04/z04/aturner/benchmark/cirrus-ex/VASP/TiO2_MCC/6.5.1-GCC-OpenBLAS/TiO2MCC_64nodes_9216cores_1threads_16NCORE_21953_202512220114.OUTCAR,21953,2025.12.22 01:15:14,64,9216,9216,1,18011007,1,16,576,5184,8.3059,277.695
Cirrus,6.5.1-GCC-OpenBLAS,/mnt/lustre/e1000/home/z04/z04/aturner/benchmark/cirrus-ex/VASP/TiO2_MCC/6.5.1-GCC-OpenBLAS/TiO2MCC_16nodes_2304cores_2threads_1NCORE_21976_202512220134.OUTCAR,21976,2025.12.22 01:35:18,16,4608,2304,2,8269689,1,1,2304,6912,36.3767,513.61
Cirrus,6.5.1-GCC-OpenBLAS,/mnt/lustre/e1000/home/z04/z04/aturner/benchmark/cirrus-ex/VASP/TiO2_MCC/6.5.1-GCC-OpenBLAS/TiO2MCC_1nodes_288cores_1threads_8NCORE_21895_202512212335.OUTCAR,21895,2025.12.21 23:35:16,1,288,288,1,1745900,1,8,36,5184,234.1484,1604.051
Cirrus,6.5.1-GCC-OpenBLAS,/mnt/lustre/e1000/home/z04/z04/aturner/benchmark/cirrus-ex/VASP/TiO2_MCC/6.5.1-GCC-OpenBLAS/TiO2MCC_64nodes_4608cores_1threads_4NCORE_21948_202512220051.OUTCAR,21948,2025.12.22 00:52:11,64,4608,4608,1,23370033,1,4,1152,5760,29.4465,476.853
Cirrus,6.5.1-GCC-OpenBLAS,/mnt/lustre/e1000/home/z04/z04/aturner/benchmark/cirrus-ex/VASP/TiO2_MCC/6.5.1-GCC-OpenBLAS/TiO2MCC_16nodes_2304cores_1threads_8NCORE_21932_202512220028.OUTCAR,21932,2025.12.22 00:29:09,16,2304,2304,1,4421717,1,8,288,5184,17.314,270.887
Cirrus,6.5.1-GCC-OpenBLAS,/mnt/lustre/e1000/home/z04/z04/aturner/benchmark/cirrus-ex/VASP/TiO2_MCC/6.5.1-GCC-OpenBLAS/TiO2MCC_2nodes_48cores_12threads_1NCORE_21961_202512220041.OUTCAR,21961,2025.12.22 00:41:21,2,576,48,12,1651302,1,1,48,5184,131.0937,1029.503
Cirrus,6.5.1-GCC-OpenBLAS,/mnt/lustre/e1000/home/z04/z04/aturner/benchmark/cirrus-ex/VASP/TiO2_MCC/6.5.1-GCC-OpenBLAS/TiO2MCC_4nodes_1152cores_1threads_8NCORE_21915_202512220003.OUTCAR,21915,2025.12.22 00:03:52,4,1152,1152,1,2663942,1,8,144,5184,62.6524,609.063
Cirrus,6.5.1-GCC-OpenBLAS,/mnt/lustre/e1000/home/z04/z04/aturner/benchmark/cirrus-ex/VASP/TiO2_MCC/6.5.1-GCC-OpenBLAS/TiO2MCC_64nodes_1536cores_12threads_1NCORE_21981_202512220145.OUTCAR,21981,2025.12.22 01:45:41,64,18432,1536,12,10380529,1,1,1536,6144,11.3669,282.929
Cirrus,6.5.1-GCC-OpenBLAS,/mnt/lustre/e1000/home/z04/z04/aturner/benchmark/cirrus-ex/VASP/TiO2_MCC/6.5.1-GCC-OpenBLAS/TiO2MCC_1nodes_144cores_1threads_4NCORE_21891_202512212317.OUTCAR,21891,2025.12.21 23:17:14,1,144,144,1,1742833,1,4,36,5184,246.8237,1671.025
Cirrus,6.5.1-GCC-OpenBLAS,/mnt/lustre/e1000/home/z04/z04/aturner/benchmark/cirrus-ex/VASP/TiO2_MCC/6.5.1-GCC-OpenBLAS/TiO2MCC_32nodes_2304cores_4threads_1NCORE_21979_202512220141.OUTCAR,21979,2025.12.22 01:41:11,32,9216,2304,4,11744516,1,1,2304,6912,30.9381,465.08
Cirrus,6.5.1-GCC-OpenBLAS,/mnt/lustre/e1000/home/z04/z04/aturner/benchmark/cirrus-ex/VASP/TiO2_MCC/6.5.1-GCC-OpenBLAS/TiO2MCC_64nodes_4608cores_1threads_16NCORE_21950_202512220100.OUTCAR,21950,2025.12.22 01:00:45,64,4608,4608,1,36447519,1,16,288,5184,48.9358,727.106
Cirrus,6.5.1-GCC-OpenBLAS,/mnt/lustre/e1000/home/z04/z04/aturner/benchmark/cirrus-ex/VASP/TiO2_MCC/6.5.1-GCC-OpenBLAS/TiO2MCC_1nodes_36cores_8threads_1NCORE_21958_202512220035.OUTCAR,21958,2025.12.22 00:35:18,1,288,36,8,1733237,1,1,36,5184,253.7658,1767.847
Cirrus,6.5.1-GCC-OpenBLAS,/mnt/lustre/e1000/home/z04/z04/aturner/benchmark/cirrus-ex/VASP/TiO2_MCC/6.5.1-GCC-OpenBLAS/TiO2MCC_8nodes_576cores_1threads_4NCORE_21918_202512220007.OUTCAR,21918,2025.12.22 00:07:25,8,576,576,1,2279218,1,4,144,5184,33.0611,338.175
Cirrus,6.5.1-GCC-OpenBLAS,/mnt/lustre/e1000/home/z04/z04/aturner/benchmark/cirrus-ex/VASP/TiO2_MCC/6.5.1-GCC-OpenBLAS/TiO2MCC_2nodes_288cores_1threads_8NCORE_21902_202512212344.OUTCAR,21902,2025.12.21 23:44:32,2,288,288,1,1965389,1,8,36,5184,120.6839,888.482
Cirrus,6.5.1-GCC-OpenBLAS,/mnt/lustre/e1000/home/z04/z04/aturner/benchmark/cirrus-ex/VASP/TiO2_MCC/6.5.1-GCC-OpenBLAS/TiO2MCC_32nodes_2304cores_1threads_8NCORE_21939_202512220034.OUTCAR,21939,2025.12.22 00:34:18,32,2304,2304,1,7795758,1,8,288,5184,22.2289,307.884
Cirrus,6.5.1-GCC-OpenBLAS,/mnt/lustre/e1000/home/z04/z04/aturner/benchmark/cirrus-ex/VASP/TiO2_MCC/6.5.1-GCC-OpenBLAS/TiO2MCC_4nodes_576cores_2threads_1NCORE_21968_202512220052.OUTCAR,21968,2025.12.22 00:52:38,4,1152,576,2,2373883,1,1,576,5184,61.8461,571.142
Cirrus,6.5.1-GCC-OpenBLAS,/mnt/lustre/e1000/home/z04/z04/aturner/benchmark/cirrus-ex/VASP/TiO2_MCC/6.5.1-GCC-OpenBLAS/TiO2MCC_16nodes_576cores_8threads_1NCORE_21974_202512220134.OUTCAR,21974,2025.12.22 01:34:17,16,4608,576,8,3536629,1,1,576,5184,24.0243,312.116
Cirrus,6.5.1-GCC-OpenBLAS,/mnt/lustre/e1000/home/z04/z04/aturner/benchmark/cirrus-ex/VASP/TiO2_MCC/6.5.1-GCC-OpenBLAS/TiO2MCC_2nodes_72cores_1threads_16NCORE_21897_202512212342.OUTCAR,21897,2025.12.21 23:42:18,2,72,72,1,1673353,1,1,72,5184,164.2099,1218.998
Cirrus,6.5.1-GCC-OpenBLAS,/mnt/lustre/e1000/home/z04/z04/aturner/benchmark/cirrus-ex/VASP/TiO2_MCC/6.5.1-GCC-OpenBLAS/TiO2MCC_16nodes_4608cores_1threads_4NCORE_21934_202512220028.OUTCAR,21934,2025.12.22 00:29:31,16,4608,4608,1,8665407,1,4,1152,5760,32.1601,513.877
Cirrus,6.5.1-GCC-OpenBLAS,/mnt/lustre/e1000/home/z04/z04/aturner/benchmark/cirrus-ex/VASP/TiO2_MCC/6.5.1-GCC-OpenBLAS/TiO2MCC_4nodes_1152cores_1threads_16NCORE_21916_202512220003.OUTCAR,21916,2025.12.22 00:03:48,4,1152,1152,1,2495395,1,16,72,5184,60.9207,589.755
Cirrus,6.5.1-GCC-OpenBLAS,/mnt/lustre/e1000/home/z04/z04/aturner/benchmark/cirrus-ex/VASP/TiO2_MCC/6.5.1-GCC-OpenBLAS/TiO2MCC_16nodes_384cores_12threads_1NCORE_21973_202512220128.OUTCAR,21973,2025.12.22 01:28:24,16,4608,384,12,3373634,1,1,384,5376,22.5939,315.297
Cirrus,6.5.1-GCC-OpenBLAS,/mnt/lustre/e1000/home/z04/z04/aturner/benchmark/cirrus-ex/VASP/TiO2_MCC/6.5.1-GCC-OpenBLAS/TiO2MCC_32nodes_768cores_12threads_1NCORE_21977_202512220134.OUTCAR,21977,2025.12.22 01:35:01,32,9216,768,12,5328896,1,1,768,5376,13.9559,261.952
Cirrus,6.5.1-GCC-OpenBLAS,/mnt/lustre/e1000/home/z04/z04/aturner/benchmark/cirrus-ex/VASP/TiO2_MCC/6.5.1-GCC-OpenBLAS/TiO2MCC_8nodes_1152cores_1threads_16NCORE_21923_202512220012.OUTCAR,21923,2025.12.22 00:12:36,8,1152,1152,1,2652756,1,16,72,5184,29.3434,335.01
Cirrus,6.5.1-GCC-OpenBLAS,/mnt/lustre/e1000/home/z04/z04/aturner/benchmark/cirrus-ex/VASP/TiO2_MCC/6.5.1-GCC-OpenBLAS/TiO2MCC_16nodes_1152cores_1threads_4NCORE_21928_202512220026.OUTCAR,21928,2025.12.22 00:26:22,16,1152,1152,1,3322844,1,4,288,5184,18.1618,252.567
Cirrus,6.5.1-GCC-OpenBLAS,/mnt/lustre/e1000/home/z04/z04/aturner/benchmark/cirrus-ex/VASP/TiO2_MCC/6.5.1-GCC-OpenBLAS/TiO2MCC_16nodes_1152cores_1threads_16NCORE_21930_202512220026.OUTCAR,21930,2025.12.22 00:26:20,16,1152,1152,1,3295551,1,16,72,5184,16.6911,252.615
Cirrus,6.5.1-GCC-OpenBLAS,/mnt/lustre/e1000/home/z04/z04/aturner/benchmark/cirrus-ex/VASP/TiO2_MCC/6.5.1-GCC-OpenBLAS/TiO2MCC_4nodes_576cores_1threads_4NCORE_21911_202512220003.OUTCAR,21911,2025.12.22 00:03:34,4,576,576,1,2082718,1,4,144,5184,60.206,522.611
Cirrus,6.5.1-GCC-OpenBLAS,/mnt/lustre/e1000/home/z04/z04/aturner/benchmark/cirrus-ex/VASP/TiO2_MCC/6.5.1-GCC-OpenBLAS/TiO2MCC_4nodes_144cores_8threads_1NCORE_21966_202512220045.OUTCAR,21966,2025.12.22 00:45:23,4,1152,144,8,2050030,1,1,144,5184,68.9026,604.03
Cirrus,6.5.1-GCC-OpenBLAS,/mnt/lustre/e1000/home/z04/z04/aturner/benchmark/cirrus-ex/VASP/TiO2_MCC/6.5.1-GCC-OpenBLAS/TiO2MCC_1nodes_288cores_1threads_16NCORE_21896_202512212335.OUTCAR,21896,2025.12.21 23:35:16,1,288,288,1,1961204,1,16,18,5184,242.6203,1681.496
Cirrus,6.5.1-GCC-OpenBLAS,/mnt/lustre/e1000/home/z04/z04/aturner/benchmark/cirrus-ex/VASP/TiO2_MCC/6.5.1-GCC-OpenBLAS/TiO2MCC_4nodes_576cores_1threads_8NCORE_21912_202512220003.OUTCAR,21912,2025.12.22 00:03:31,4,576,576,1,2054146,1,8,72,5184,59.558,511.846
Cirrus,6.5.1-GCC-OpenBLAS,/mnt/lustre/e1000/home/z04/z04/aturner/benchmark/cirrus-ex/VASP/TiO2_MCC/6.5.1-GCC-OpenBLAS/TiO2MCC_64nodes_2304cores_1threads_16NCORE_21947_202512220050.OUTCAR,21947,2025.12.22 00:51:04,64,2304,2304,1,7877729,1,16,144,5184,8.6029,202.598
Cirrus,6.5.1-GCC-OpenBLAS,/mnt/lustre/e1000/home/z04/z04/aturner/benchmark/cirrus-ex/VASP/TiO2_MCC/6.5.1-GCC-OpenBLAS/TiO2MCC_4nodes_1152cores_1threads_4NCORE_21914_202512220003.OUTCAR,21914,2025.12.22 00:03:49,4,1152,1152,1,2697857,1,4,288,5184,63.3105,613.385
Cirrus,6.5.1-GCC-OpenBLAS,/mnt/lustre/e1000/home/z04/z04/aturner/benchmark/cirrus-ex/VASP/TiO2_MCC/6.5.1-GCC-OpenBLAS/TiO2MCC_2nodes_576cores_1threads_4NCORE_21904_202512212346.OUTCAR,21904,2025.12.21 23:46:51,2,576,576,1,2296114,1,4,144,5184,125.902,988.292
Cirrus,6.5.1-GCC-OpenBLAS,/mnt/lustre/e1000/home/z04/z04/aturner/benchmark/cirrus-ex/VASP/TiO2_MCC/6.5.1-GCC-OpenBLAS/TiO2MCC_16nodes_4608cores_1threads_16NCORE_21936_202512220031.OUTCAR,21936,2025.12.22 00:31:39,16,4608,4608,1,6015736,1,16,288,5184,18.5698,359.053
Cirrus,6.5.1-GCC-OpenBLAS,/mnt/lustre/e1000/home/z04/z04/aturner/benchmark/cirrus-ex/VASP/TiO2_MCC/6.5.1-GCC-OpenBLAS/TiO2MCC_8nodes_2304cores_1threads_16NCORE_21926_202512220021.OUTCAR,21926,2025.12.22 00:22:06,8,2304,2304,1,3529620,1,16,144,5184,31.4694,424.333
Cirrus,6.5.1-GCC-OpenBLAS,/mnt/lustre/e1000/home/z04/z04/aturner/benchmark/cirrus-ex/VASP/TiO2_MCC/6.5.1-GCC-OpenBLAS/TiO2MCC_1nodes_72cores_1threads_8NCORE_21889_202512212316.OUTCAR,21889,2025.12.21 23:16:12,1,72,72,1,1603133,1,8,9,5184,255.6601,1717.779
Cirrus,6.5.1-GCC-OpenBLAS,/mnt/lustre/e1000/home/z04/z04/aturner/benchmark/cirrus-ex/VASP/TiO2_MCC/6.5.1-GCC-OpenBLAS/TiO2MCC_2nodes_288cores_1threads_16NCORE_21903_202512212346.OUTCAR,21903,2025.12.21 23:46:32,2,288,288,1,1796018,1,16,18,5184,116.0017,864.174
Cirrus,6.5.1-GCC-OpenBLAS,/mnt/lustre/e1000/home/z04/z04/aturner/benchmark/cirrus-ex/VASP/TiO2_MCC/6.5.1-GCC-OpenBLAS/TiO2MCC_16nodes_2304cores_1threads_16NCORE_21933_202512220028.OUTCAR,21933,2025.12.22 00:29:08,16,2304,2304,1,4350939,1,16,144,5184,16.3893,264.003
Cirrus,6.5.1-GCC-OpenBLAS,/mnt/lustre/e1000/home/z04/z04/aturner/benchmark/cirrus-ex/VASP/TiO2_MCC/6.5.1-GCC-OpenBLAS/TiO2MCC_1nodes_144cores_1threads_8NCORE_21892_202512212317.OUTCAR,21892,2025.12.21 23:17:14,1,144,144,1,1803213,1,8,18,5184,249.4975,1705.455
Cirrus,6.5.1-GCC-OpenBLAS,/mnt/lustre/e1000/home/z04/z04/aturner/benchmark/cirrus-ex/VASP/TiO2_MCC/6.5.1-GCC-OpenBLAS/TiO2MCC_8nodes_288cores_1threads_16NCORE_21917_202512220006.OUTCAR,21917,2025.12.22 00:06:20,8,288,288,1,2234835,1,16,18,5184,40.4042,399.923
Cirrus,6.5.1-GCC-OpenBLAS,/mnt/lustre/e1000/home/z04/z04/aturner/benchmark/cirrus-ex/VASP/TiO2_MCC/6.5.1-GCC-OpenBLAS/TiO2MCC_64nodes_9216cores_2threads_1NCORE_21984_202512220216.OUTCAR,21984,2025.12.22 02:16:37,64,18432,9216,2,44045210,1,1,9216,9216,42.6322,693.327
Cirrus,6.5.1-GCC-OpenBLAS,/mnt/lustre/e1000/home/z04/z04/aturner/benchmark/cirrus-ex/VASP/TiO2_MCC/6.5.1-GCC-OpenBLAS/TiO2MCC_1nodes_72cores_1threads_16NCORE_21890_202512212317.OUTCAR,21890,2025.12.21 23:17:13,1,72,72,1,1357124,1,1,72,5184,230.2705,1571.501
Cirrus,6.5.1-GCC-OpenBLAS,/mnt/lustre/e1000/home/z04/z04/aturner/benchmark/cirrus-ex/VASP/TiO2_MCC/6.5.1-GCC-OpenBLAS/TiO2MCC_16nodes_1152cores_1threads_8NCORE_21929_202512220026.OUTCAR,21929,2025.12.22 00:26:22,16,1152,1152,1,3278080,1,8,144,5184,19.0844,249.834
Cirrus,6.5.1-GCC-OpenBLAS,/mnt/lustre/e1000/home/z04/z04/aturner/benchmark/cirrus-ex/VASP/TiO2_MCC/6.5.1-GCC-OpenBLAS/TiO2MCC_1nodes_72cores_4threads_1NCORE_21959_202512220041.OUTCAR,21959,2025.12.22 00:41:18,1,288,72,4,1707460,1,1,72,5184,227.931,1526.95
Cirrus,6.5.1-GCC-OpenBLAS,/mnt/lustre/e1000/home/z04/z04/aturner/benchmark/cirrus-ex/VASP/TiO2_MCC/6.5.1-GCC-OpenBLAS/TiO2MCC_64nodes_9216cores_1threads_4NCORE_21951_202512220106.OUTCAR,21951,2025.12.22 01:06:58,64,9216,9216,1,28576939,1,4,2304,6912,26.5489,454.284
Cirrus,6.5.1-GCC-OpenBLAS,/mnt/lustre/e1000/home/z04/z04/aturner/benchmark/cirrus-ex/VASP/TiO2_MCC/6.5.1-GCC-OpenBLAS/TiO2MCC_64nodes_9216cores_1threads_8NCORE_21952_202512220113.OUTCAR,21952,2025.12.22 01:13:40,64,9216,9216,1,19602021,1,8,1152,5760,12.4944,302.451
Cirrus,6.5.1-GCC-OpenBLAS,/mnt/lustre/e1000/home/z04/z04/aturner/benchmark/cirrus-ex/VASP/TiO2_MCC/6.5.1-GCC-OpenBLAS/TiO2MCC_2nodes_144cores_4threads_1NCORE_21963_202512220041.OUTCAR,21963,2025.12.22 00:41:26,2,576,144,4,1848514,1,1,144,5184,118.4272,877.561
Cirrus,6.5.1-GCC-OpenBLAS,/mnt/lustre/e1000/home/z04/z04/aturner/benchmark/cirrus-ex/VASP/TiO2_MCC/6.5.1-GCC-OpenBLAS/TiO2MCC_1nodes_288cores_1threads_4NCORE_21894_202512212335.OUTCAR,21894,2025.12.21 23:35:16,1,288,288,1,1769625,1,4,72,5184,239.1603,1630.535
Cirrus,6.5.1-GCC-OpenBLAS,/mnt/lustre/e1000/home/z04/z04/aturner/benchmark/cirrus-ex/VASP/TiO2_MCC/6.5.1-GCC-OpenBLAS/TiO2MCC_4nodes_288cores_1threads_8NCORE_21909_202512220000.OUTCAR,21909,2025.12.22 00:00:24,4,288,288,1,2009667,1,8,36,5184,65.0916,532.556
Cirrus,6.5.1-GCC-OpenBLAS,/mnt/lustre/e1000/home/z04/z04/aturner/benchmark/cirrus-ex/VASP/TiO2_MCC/6.5.1-GCC-OpenBLAS/TiO2MCC_32nodes_4608cores_1threads_16NCORE_21943_202512220039.OUTCAR,21943,2025.12.22 00:40:14,32,4608,4608,1,7845238,1,16,288,5184,10.0114,240.4
Cirrus,6.5.1-GCC-OpenBLAS,/mnt/lustre/e1000/home/z04/z04/aturner/benchmark/cirrus-ex/VASP/TiO2_MCC/6.5.1-GCC-OpenBLAS/TiO2MCC_2nodes_288cores_2threads_1NCORE_21964_202512220041.OUTCAR,21964,2025.12.22 00:41:35,2,576,288,2,1698825,1,1,288,5184,108.5329,815.15
Cirrus,6.5.1-GCC-OpenBLAS,/mnt/lustre/e1000/home/z04/z04/aturner/benchmark/cirrus-ex/VASP/TiO2_MCC/6.5.1-GCC-OpenBLAS/TiO2MCC_8nodes_576cores_4threads_1NCORE_21971_202512220105.OUTCAR,21971,2025.12.22 01:05:29,8,2304,576,4,2731861,1,1,576,5184,35.2541,390.507
Cirrus,6.5.1-GCC-OpenBLAS,/mnt/lustre/e1000/home/z04/z04/aturner/benchmark/cirrus-ex/VASP/TiO2_MCC/6.5.1-GCC-OpenBLAS/TiO2MCC_32nodes_2304cores_1threads_16NCORE_21940_202512220035.OUTCAR,21940,2025.12.22 00:35:25,32,2304,2304,1,7503862,1,16,144,5184,14.2867,293.963
Cirrus,6.5.1-GCC-OpenBLAS,/mnt/lustre/e1000/home/z04/z04/aturner/benchmark/cirrus-ex/VASP/TiO2_MCC/6.5.1-GCC-OpenBLAS/TiO2MCC_4nodes_576cores_1threads_16NCORE_21913_202512220003.OUTCAR,21913,2025.12.22 00:03:35,4,576,576,1,2010049,1,16,36,5184,56.1705,495.13
Cirrus,6.5.1-GCC-OpenBLAS,/mnt/lustre/e1000/home/z04/z04/aturner/benchmark/cirrus-ex/VASP/TiO2_MCC/6.5.1-GCC-OpenBLAS/TiO2MCC_32nodes_4608cores_1threads_8NCORE_21942_202512220039.OUTCAR,21942,2025.12.22 00:39:44,32,4608,4608,1,8135882,1,8,576,5184,12.3034,251.545
Cirrus,6.5.1-GCC-OpenBLAS,/mnt/lustre/e1000/home/z04/z04/aturner/benchmark/cirrus-ex/VASP/TiO2_MCC/6.5.1-GCC-OpenBLAS/TiO2MCC_32nodes_9216cores_1threads_8NCORE_21945_202512220044.OUTCAR,21945,2025.12.22 00:44:57,32,9216,9216,1,14239815,1,8,1152,5760,19.2163,413.719
Cirrus,6.5.1-GCC-OpenBLAS,/mnt/lustre/e1000/home/z04/z04/aturner/benchmark/cirrus-ex/VASP/TiO2_MCC/6.5.1-GCC-OpenBLAS/TiO2MCC_4nodes_144cores_1threads_16NCORE_21907_202512212359.OUTCAR,21907,2025.12.21 23:59:19,4,144,144,1,1805999,1,16,9,5184,79.3634,654.15
Cirrus,6.5.1-Intel-MKL,/mnt/lustre/e1000/home/z04/z04/aturner/benchmark/cirrus-ex/VASP/TiO2_MCC/6.5.1-Intel-MKL/TiO2MCC_64nodes_4608cores_1threads_4NCORE_23456_202512271050.OUTCAR,23456,2025.12.27 10:50:39,64,4608,4608,1,9791830,1,4,1152,5760,13.0865,202.994
Cirrus,6.5.1-Intel-MKL,/mnt/lustre/e1000/home/z04/z04/aturner/benchmark/cirrus-ex/VASP/TiO2_MCC/6.5.1-Intel-MKL/TiO2MCC_1nodes_288cores_1threads_8NCORE_23403_202512270941.OUTCAR,23403,2025.12.27 09:41:42,1,288,288,1,1984923,1,8,36,5184,246.2152,1630.881
Cirrus,6.5.1-Intel-MKL,/mnt/lustre/e1000/home/z04/z04/aturner/benchmark/cirrus-ex/VASP/TiO2_MCC/6.5.1-Intel-MKL/TiO2MCC_4nodes_288cores_1threads_16NCORE_22008_202512220151.OUTCAR,22008,2025.12.22 01:51:30,4,288,288,1,1966689,1,16,18,5184,74.9097,573.398
Cirrus,6.5.1-Intel-MKL,/mnt/lustre/e1000/home/z04/z04/aturner/benchmark/cirrus-ex/VASP/TiO2_MCC/6.5.1-Intel-MKL/TiO2MCC_2nodes_576cores_1threads_4NCORE_22002_202512220140.OUTCAR,22002,2025.12.22 01:40:55,2,576,576,1,2223472,1,4,144,5184,128.4232,936.709
Cirrus,6.5.1-Intel-MKL,/mnt/lustre/e1000/home/z04/z04/aturner/benchmark/cirrus-ex/VASP/TiO2_MCC/6.5.1-Intel-MKL/TiO2MCC_32nodes_9216cores_1threads_4NCORE_22042_202512220228.OUTCAR,22042,2025.12.22 02:29:12,32,9216,9216,1,12498530,1,4,2304,6912,19.7375,359.871
Cirrus,6.5.1-Intel-MKL,/mnt/lustre/e1000/home/z04/z04/aturner/benchmark/cirrus-ex/VASP/TiO2_MCC/6.5.1-Intel-MKL/TiO2MCC_32nodes_9216cores_1threads_8NCORE_22043_202512220228.OUTCAR,22043,2025.12.22 02:29:07,32,9216,9216,1,10053030,1,8,1152,5760,14.9601,289.667
Cirrus,6.5.1-Intel-MKL,/mnt/lustre/e1000/home/z04/z04/aturner/benchmark/cirrus-ex/VASP/TiO2_MCC/6.5.1-Intel-MKL/TiO2MCC_2nodes_144cores_1threads_16NCORE_21998_202512220140.OUTCAR,21998,2025.12.22 01:40:27,2,144,144,1,1814800,1,16,9,5184,145.8933,1047.986
Cirrus,6.5.1-Intel-MKL,/mnt/lustre/e1000/home/z04/z04/aturner/benchmark/cirrus-ex/VASP/TiO2_MCC/6.5.1-Intel-MKL/TiO2MCC_2nodes_144cores_1threads_16NCORE_23408_202512270946.OUTCAR,23408,2025.12.27 09:46:46,2,144,144,1,1789167,1,16,9,5184,145.8996,1046.14
Cirrus,6.5.1-Intel-MKL,/mnt/lustre/e1000/home/z04/z04/aturner/benchmark/cirrus-ex/VASP/TiO2_MCC/6.5.1-Intel-MKL/TiO2MCC_32nodes_9216cores_1threads_16NCORE_22044_202512220229.OUTCAR,22044,2025.12.22 02:30:26,32,9216,9216,1,9001642,1,16,576,5184,12.8189,262.479
Cirrus,6.5.1-Intel-MKL,/mnt/lustre/e1000/home/z04/z04/aturner/benchmark/cirrus-ex/VASP/TiO2_MCC/6.5.1-Intel-MKL/TiO2MCC_8nodes_2304cores_1threads_4NCORE_22022_202512220200.OUTCAR,22022,2025.12.22 02:00:52,8,2304,2304,1,3854712,1,4,576,5184,42.8567,450.812
Cirrus,6.5.1-Intel-MKL,/mnt/lustre/e1000/home/z04/z04/aturner/benchmark/cirrus-ex/VASP/TiO2_MCC/6.5.1-Intel-MKL/TiO2MCC_16nodes_1152cores_1threads_16NCORE_22028_202512220208.OUTCAR,22028,2025.12.22 02:08:32,16,1152,1152,1,2725376,1,16,72,5184,19.455,200.695
Cirrus,6.5.1-Intel-MKL,/mnt/lustre/e1000/home/z04/z04/aturner/benchmark/cirrus-ex/VASP/TiO2_MCC/6.5.1-Intel-MKL/TiO2MCC_4nodes_288cores_1threads_16NCORE_23418_202512271004.OUTCAR,23418,2025.12.27 10:04:49,4,288,288,1,1970688,1,16,18,5184,74.9049,574.208
Cirrus,6.5.1-Intel-MKL,/mnt/lustre/e1000/home/z04/z04/aturner/benchmark/cirrus-ex/VASP/TiO2_MCC/6.5.1-Intel-MKL/TiO2MCC_16nodes_2304cores_1threads_4NCORE_22029_202512220208.OUTCAR,22029,2025.12.22 02:08:42,16,2304,2304,1,4400206,1,4,576,5184,24.0804,276.733
Cirrus,6.5.1-Intel-MKL,/mnt/lustre/e1000/home/z04/z04/aturner/benchmark/cirrus-ex/VASP/TiO2_MCC/6.5.1-Intel-MKL/TiO2MCC_32nodes_4608cores_1threads_8NCORE_23450_202512271042.OUTCAR,23450,2025.12.27 10:42:35,32,4608,4608,1,7481954,1,8,576,5184,16.7457,236.745
Cirrus,6.5.1-Intel-MKL,/mnt/lustre/e1000/home/z04/z04/aturner/benchmark/cirrus-ex/VASP/TiO2_MCC/6.5.1-Intel-MKL/TiO2MCC_4nodes_1152cores_1threads_4NCORE_23422_202512271006.OUTCAR,23422,2025.12.27 10:07:15,4,1152,1152,1,2812061,1,4,288,5184,73.034,634.717
Cirrus,6.5.1-Intel-MKL,/mnt/lustre/e1000/home/z04/z04/aturner/benchmark/cirrus-ex/VASP/TiO2_MCC/6.5.1-Intel-MKL/TiO2MCC_1nodes_144cores_1threads_16NCORE_23401_202512270939.OUTCAR,23401,2025.12.27 09:39:40,1,144,144,1,1864696,1,16,9,5184,262.0456,1778.392
Cirrus,6.5.1-Intel-MKL,/mnt/lustre/e1000/home/z04/z04/aturner/benchmark/cirrus-ex/VASP/TiO2_MCC/6.5.1-Intel-MKL/TiO2MCC_8nodes_576cores_1threads_8NCORE_22017_202512220153.OUTCAR,22017,2025.12.22 01:53:29,8,576,576,1,2271276,1,8,72,5184,37.9433,312.658
Cirrus,6.5.1-Intel-MKL,/mnt/lustre/e1000/home/z04/z04/aturner/benchmark/cirrus-ex/VASP/TiO2_MCC/6.5.1-Intel-MKL/TiO2MCC_8nodes_2304cores_1threads_16NCORE_23434_202512271021.OUTCAR,23434,2025.12.27 10:22:17,8,2304,2304,1,3089583,1,16,144,5184,33.5803,366.074
Cirrus,6.5.1-Intel-MKL,/mnt/lustre/e1000/home/z04/z04/aturner/benchmark/cirrus-ex/VASP/TiO2_MCC/6.5.1-Intel-MKL/TiO2MCC_8nodes_2304cores_1threads_8NCORE_22023_202512220200.OUTCAR,22023,2025.12.22 02:00:59,8,2304,2304,1,3811257,1,8,288,5184,41.4161,444.3
Cirrus,6.5.1-Intel-MKL,/mnt/lustre/e1000/home/z04/z04/aturner/benchmark/cirrus-ex/VASP/TiO2_MCC/6.5.1-Intel-MKL/TiO2MCC_32nodes_4608cores_1threads_4NCORE_22039_202512220223.OUTCAR,22039,2025.12.22 02:23:31,32,4608,4608,1,8782509,1,4,1152,5760,19.8652,274.526
Cirrus,6.5.1-Intel-MKL,/mnt/lustre/e1000/home/z04/z04/aturner/benchmark/cirrus-ex/VASP/TiO2_MCC/6.5.1-Intel-MKL/TiO2MCC_32nodes_9216cores_1threads_16NCORE_23454_202512271046.OUTCAR,23454,2025.12.27 10:47:33,32,9216,9216,1,8833648,1,16,576,5184,12.7896,260.78
Cirrus,6.5.1-Intel-MKL,/mnt/lustre/e1000/home/z04/z04/aturner/benchmark/cirrus-ex/VASP/TiO2_MCC/6.5.1-Intel-MKL/TiO2MCC_64nodes_9216cores_1threads_8NCORE_22050_202512220242.OUTCAR,22050,2025.12.22 02:43:17,64,9216,9216,1,12462991,1,8,1152,5760,9.2146,193.0
Cirrus,6.5.1-Intel-MKL,/mnt/lustre/e1000/home/z04/z04/aturner/benchmark/cirrus-ex/VASP/TiO2_MCC/6.5.1-Intel-MKL/TiO2MCC_2nodes_576cores_1threads_16NCORE_22004_202512220143.OUTCAR,22004,2025.12.22 01:43:47,2,576,576,1,1951806,1,16,36,5184,122.2385,889.069
Cirrus,6.5.1-Intel-MKL,/mnt/lustre/e1000/home/z04/z04/aturner/benchmark/cirrus-ex/VASP/TiO2_MCC/6.5.1-Intel-MKL/TiO2MCC_16nodes_1152cores_1threads_8NCORE_22027_202512220205.OUTCAR,22027,2025.12.22 02:05:33,16,1152,1152,1,2783713,1,8,144,5184,20.2363,206.675
Cirrus,6.5.1-Intel-MKL,/mnt/lustre/e1000/home/z04/z04/aturner/benchmark/cirrus-ex/VASP/TiO2_MCC/6.5.1-Intel-MKL/TiO2MCC_64nodes_9216cores_1threads_16NCORE_23461_202512271059.OUTCAR,23461,2025.12.27 10:59:36,64,9216,9216,1,10862569,1,16,576,5184,7.8215,170.412
Cirrus,6.5.1-Intel-MKL,/mnt/lustre/e1000/home/z04/z04/aturner/benchmark/cirrus-ex/VASP/TiO2_MCC/6.5.1-Intel-MKL/TiO2MCC_8nodes_1152cores_1threads_16NCORE_23431_202512271020.OUTCAR,23431,2025.12.27 10:20:58,8,1152,1152,1,2452157,1,16,72,5184,32.8934,296.664
Cirrus,6.5.1-Intel-MKL,/mnt/lustre/e1000/home/z04/z04/aturner/benchmark/cirrus-ex/VASP/TiO2_MCC/6.5.1-Intel-MKL/TiO2MCC_64nodes_18432cores_1threads_4NCORE_23462_202512271101.OUTCAR,23462,2025.12.27 11:02:34,64,1,1,1,34317524,1,4,4608,9216,25.5467,504.93
Cirrus,6.5.1-Intel-MKL,/mnt/lustre/e1000/home/z04/z04/aturner/benchmark/cirrus-ex/VASP/TiO2_MCC/6.5.1-Intel-MKL/TiO2MCC_4nodes_288cores_1threads_4NCORE_23416_202512271000.OUTCAR,23416,2025.12.27 10:00:48,4,288,288,1,2023471,1,4,72,5184,74.1299,544.019
Cirrus,6.5.1-Intel-MKL,/mnt/lustre/e1000/home/z04/z04/aturner/benchmark/cirrus-ex/VASP/TiO2_MCC/6.5.1-Intel-MKL/TiO2MCC_32nodes_1152cores_1threads_16NCORE_22035_202512220214.OUTCAR,22035,2025.12.22 02:14:28,32,1152,1152,1,3738410,1,16,72,5184,14.2686,179.08
Cirrus,6.5.1-Intel-MKL,/mnt/lustre/e1000/home/z04/z04/aturner/benchmark/cirrus-ex/VASP/TiO2_MCC/6.5.1-Intel-MKL/TiO2MCC_4nodes_576cores_1threads_16NCORE_22011_202512220151.OUTCAR,22011,2025.12.22 01:51:40,4,576,576,1,2049657,1,16,36,5184,63.1652,481.33
Cirrus,6.5.1-Intel-MKL,/mnt/lustre/e1000/home/z04/z04/aturner/benchmark/cirrus-ex/VASP/TiO2_MCC/6.5.1-Intel-MKL/TiO2MCC_8nodes_2304cores_1threads_16NCORE_22024_202512220201.OUTCAR,22024,2025.12.22 02:01:55,8,2304,2304,1,2964279,1,16,144,5184,32.6779,356.912
Cirrus,6.5.1-Intel-MKL,/mnt/lustre/e1000/home/z04/z04/aturner/benchmark/cirrus-ex/VASP/TiO2_MCC/6.5.1-Intel-MKL/TiO2MCC_8nodes_1152cores_1threads_8NCORE_22020_202512220159.OUTCAR,22020,2025.12.22 01:59:37,8,1152,1152,1,2487880,1,8,144,5184,33.7743,305.204
Cirrus,6.5.1-Intel-MKL,/mnt/lustre/e1000/home/z04/z04/aturner/benchmark/cirrus-ex/VASP/TiO2_MCC/6.5.1-Intel-MKL/TiO2MCC_1nodes_36cores_1threads_16NCORE_23395_202512270932.OUTCAR,23395,2025.12.27 09:32:40,1,36,36,1,1922527,1,1,36,5184,383.77,2733.601
Cirrus,6.5.1-Intel-MKL,/mnt/lustre/e1000/home/z04/z04/aturner/benchmark/cirrus-ex/VASP/TiO2_MCC/6.5.1-Intel-MKL/TiO2MCC_4nodes_1152cores_1threads_8NCORE_23423_202512271010.OUTCAR,23423,2025.12.27 10:11:14,4,1152,1152,1,2556802,1,8,144,5184,64.3807,547.434
Cirrus,6.5.1-Intel-MKL,/mnt/lustre/e1000/home/z04/z04/aturner/benchmark/cirrus-ex/VASP/TiO2_MCC/6.5.1-Intel-MKL/TiO2MCC_2nodes_288cores_1threads_8NCORE_23410_202512270957.OUTCAR,23410,2025.12.27 09:57:58,2,288,288,1,1716807,1,8,36,5184,122.9483,859.748
Cirrus,6.5.1-Intel-MKL,/mnt/lustre/e1000/home/z04/z04/aturner/benchmark/cirrus-ex/VASP/TiO2_MCC/6.5.1-Intel-MKL/TiO2MCC_1nodes_144cores_1threads_4NCORE_21989_202512220113.OUTCAR,21989,2025.12.22 01:13:21,1,144,144,1,1780135,1,4,36,5184,256.6977,1690.771
Cirrus,6.5.1-Intel-MKL,/mnt/lustre/e1000/home/z04/z04/aturner/benchmark/cirrus-ex/VASP/TiO2_MCC/6.5.1-Intel-MKL/TiO2MCC_64nodes_4608cores_1threads_4NCORE_22046_202512220235.OUTCAR,22046,2025.12.22 02:35:34,64,4608,4608,1,10153451,1,4,1152,5760,13.135,204.928
Cirrus,6.5.1-Intel-MKL,/mnt/lustre/e1000/home/z04/z04/aturner/benchmark/cirrus-ex/VASP/TiO2_MCC/6.5.1-Intel-MKL/TiO2MCC_64nodes_2304cores_1threads_16NCORE_22045_202512220234.OUTCAR,22045,2025.12.22 02:34:13,64,2304,2304,1,5959058,1,16,144,5184,8.4777,147.97
Cirrus,6.5.1-Intel-MKL,/mnt/lustre/e1000/home/z04/z04/aturner/benchmark/cirrus-ex/VASP/TiO2_MCC/6.5.1-Intel-MKL/TiO2MCC_2nodes_576cores_1threads_8NCORE_22003_202512220142.OUTCAR,22003,2025.12.22 01:42:58,2,576,576,1,2124588,1,8,72,5184,124.1182,912.849
Cirrus,6.5.1-Intel-MKL,/mnt/lustre/e1000/home/z04/z04/aturner/benchmark/cirrus-ex/VASP/TiO2_MCC/6.5.1-Intel-MKL/TiO2MCC_32nodes_2304cores_1threads_4NCORE_22036_202512220217.OUTCAR,22036,2025.12.22 02:18:10,32,2304,2304,1,4966829,1,4,576,5184,15.2105,196.381
Cirrus,6.5.1-Intel-MKL,/mnt/lustre/e1000/home/z04/z04/aturner/benchmark/cirrus-ex/VASP/TiO2_MCC/6.5.1-Intel-MKL/TiO2MCC_64nodes_18432cores_1threads_16NCORE_23464_202512271109.OUTCAR,23464,2025.12.27 11:10:16,64,1,1,1,20186619,1,16,1152,5760,12.4492,301.712
Cirrus,6.5.1-Intel-MKL,/mnt/lustre/e1000/home/z04/z04/aturner/benchmark/cirrus-ex/VASP/TiO2_MCC/6.5.1-Intel-MKL/TiO2MCC_64nodes_18432cores_1threads_8NCORE_22053_202512220248.OUTCAR,22053,2025.12.22 02:49:34,64,1,1,1,25307113,1,8,2304,6912,16.1197,365.319
Cirrus,6.5.1-Intel-MKL,/mnt/lustre/e1000/home/z04/z04/aturner/benchmark/cirrus-ex/VASP/TiO2_MCC/6.5.1-Intel-MKL/TiO2MCC_64nodes_4608cores_1threads_16NCORE_23458_202512271054.OUTCAR,23458,2025.12.27 10:54:41,64,4608,4608,1,8535503,1,16,288,5184,10.5158,172.721
Cirrus,6.5.1-Intel-MKL,/mnt/lustre/e1000/home/z04/z04/aturner/benchmark/cirrus-ex/VASP/TiO2_MCC/6.5.1-Intel-MKL/TiO2MCC_4nodes_1152cores_1threads_8NCORE_22013_202512220153.OUTCAR,22013,2025.12.22 01:53:53,4,1152,1152,1,2312635,1,8,144,5184,62.2171,530.675
Cirrus,6.5.1-Intel-MKL,/mnt/lustre/e1000/home/z04/z04/aturner/benchmark/cirrus-ex/VASP/TiO2_MCC/6.5.1-Intel-MKL/TiO2MCC_16nodes_2304cores_1threads_16NCORE_23441_202512271034.OUTCAR,23441,2025.12.27 10:35:07,16,2304,2304,1,3416507,1,16,144,5184,17.9153,209.884
Cirrus,6.5.1-Intel-MKL,/mnt/lustre/e1000/home/z04/z04/aturner/benchmark/cirrus-ex/VASP/TiO2_MCC/6.5.1-Intel-MKL/TiO2MCC_4nodes_144cores_1threads_16NCORE_22005_202512220151.OUTCAR,22005,2025.12.22 01:51:26,4,144,144,1,2204398,1,16,9,5184,104.4636,807.099
Cirrus,6.5.1-Intel-MKL,/mnt/lustre/e1000/home/z04/z04/aturner/benchmark/cirrus-ex/VASP/TiO2_MCC/6.5.1-Intel-MKL/TiO2MCC_32nodes_9216cores_1threads_8NCORE_23453_202512271045.OUTCAR,23453,2025.12.27 10:45:50,32,9216,9216,1,9837331,1,8,1152,5760,14.7434,288.696
Cirrus,6.5.1-Intel-MKL,/mnt/lustre/e1000/home/z04/z04/aturner/benchmark/cirrus-ex/VASP/TiO2_MCC/6.5.1-Intel-MKL/TiO2MCC_64nodes_9216cores_1threads_8NCORE_23460_202512271058.OUTCAR,23460,2025.12.27 10:58:22,64,9216,9216,1,12098887,1,8,1152,5760,9.2316,190.741
Cirrus,6.5.1-Intel-MKL,/mnt/lustre/e1000/home/z04/z04/aturner/benchmark/cirrus-ex/VASP/TiO2_MCC/6.5.1-Intel-MKL/TiO2MCC_32nodes_4608cores_1threads_16NCORE_23451_202512271042.OUTCAR,23451,2025.12.27 10:43:12,32,4608,4608,1,7388592,1,16,288,5184,16.3476,233.583
Cirrus,6.5.1-Intel-MKL,/mnt/lustre/e1000/home/z04/z04/aturner/benchmark/cirrus-ex/VASP/TiO2_MCC/6.5.1-Intel-MKL/TiO2MCC_32nodes_4608cores_1threads_16NCORE_22041_202512220228.OUTCAR,22041,2025.12.22 02:28:48,32,4608,4608,1,7512623,1,16,288,5184,16.3117,233.181
Cirrus,6.5.1-Intel-MKL,/mnt/lustre/e1000/home/z04/z04/aturner/benchmark/cirrus-ex/VASP/TiO2_MCC/6.5.1-Intel-MKL/TiO2MCC_2nodes_144cores_1threads_4NCORE_21996_202512220140.OUTCAR,21996,2025.12.22 01:40:29,2,144,144,1,1767196,1,4,36,5184,146.0425,1026.566
Cirrus,6.5.1-Intel-MKL,/mnt/lustre/e1000/home/z04/z04/aturner/benchmark/cirrus-ex/VASP/TiO2_MCC/6.5.1-Intel-MKL/TiO2MCC_32nodes_4608cores_1threads_4NCORE_23449_202512271041.OUTCAR,23449,2025.12.27 10:42:02,32,4608,4608,1,8637017,1,4,1152,5760,19.7604,273.999
Cirrus,6.5.1-Intel-MKL,/mnt/lustre/e1000/home/z04/z04/aturner/benchmark/cirrus-ex/VASP/TiO2_MCC/6.5.1-Intel-MKL/TiO2MCC_32nodes_2304cores_1threads_16NCORE_23448_202512271041.OUTCAR,23448,2025.12.27 10:41:31,32,2304,2304,1,4018858,1,16,144,5184,11.0588,152.983
Cirrus,6.5.1-Intel-MKL,/mnt/lustre/e1000/home/z04/z04/aturner/benchmark/cirrus-ex/VASP/TiO2_MCC/6.5.1-Intel-MKL/TiO2MCC_8nodes_2304cores_1threads_4NCORE_23432_202512271020.OUTCAR,23432,2025.12.27 10:21:17,8,2304,2304,1,3873841,1,4,576,5184,42.5377,454.317
Cirrus,6.5.1-Intel-MKL,/mnt/lustre/e1000/home/z04/z04/aturner/benchmark/cirrus-ex/VASP/TiO2_MCC/6.5.1-Intel-MKL/TiO2MCC_32nodes_2304cores_1threads_4NCORE_23446_202512271038.OUTCAR,23446,2025.12.27 10:39:09,32,2304,2304,1,4924251,1,4,576,5184,15.1835,195.51
Cirrus,6.5.1-Intel-MKL,/mnt/lustre/e1000/home/z04/z04/aturner/benchmark/cirrus-ex/VASP/TiO2_MCC/6.5.1-Intel-MKL/TiO2MCC_8nodes_576cores_1threads_8NCORE_23427_202512271014.OUTCAR,23427,2025.12.27 10:14:49,8,576,576,1,2029422,1,8,72,5184,36.9331,305.975
Cirrus,6.5.1-Intel-MKL,/mnt/lustre/e1000/home/z04/z04/aturner/benchmark/cirrus-ex/VASP/TiO2_MCC/6.5.1-Intel-MKL/TiO2MCC_1nodes_144cores_1threads_8NCORE_21990_202512220113.OUTCAR,21990,2025.12.22 01:13:21,1,144,144,1,1873858,1,8,18,5184,270.2261,1876.86
Cirrus,6.5.1-Intel-MKL,/mnt/lustre/e1000/home/z04/z04/aturner/benchmark/cirrus-ex/VASP/TiO2_MCC/6.5.1-Intel-MKL/TiO2MCC_2nodes_576cores_1threads_8NCORE_23413_202512270957.OUTCAR,23413,2025.12.27 09:58:08,2,576,576,1,1879503,1,8,72,5184,119.2677,870.876
Cirrus,6.5.1-Intel-MKL,/mnt/lustre/e1000/home/z04/z04/aturner/benchmark/cirrus-ex/VASP/TiO2_MCC/6.5.1-Intel-MKL/TiO2MCC_1nodes_72cores_1threads_4NCORE_23396_202512270932.OUTCAR,23396,2025.12.27 09:32:40,1,72,72,1,2094758,1,4,18,5184,315.0609,2199.211
Cirrus,6.5.1-Intel-MKL,/mnt/lustre/e1000/home/z04/z04/aturner/benchmark/cirrus-ex/VASP/TiO2_MCC/6.5.1-Intel-MKL/TiO2MCC_1nodes_288cores_1threads_16NCORE_23404_202512270941.OUTCAR,23404,2025.12.27 09:41:42,1,288,288,1,1961556,1,16,18,5184,260.0188,1825.14
Cirrus,6.5.1-Intel-MKL,/mnt/lustre/e1000/home/z04/z04/aturner/benchmark/cirrus-ex/VASP/TiO2_MCC/6.5.1-Intel-MKL/TiO2MCC_16nodes_576cores_1threads_16NCORE_23435_202512271026.OUTCAR,23435,2025.12.27 10:26:45,16,576,576,1,2590638,1,16,36,5184,26.0418,251.62
Cirrus,6.5.1-Intel-MKL,/mnt/lustre/e1000/home/z04/z04/aturner/benchmark/cirrus-ex/VASP/TiO2_MCC/6.5.1-Intel-MKL/TiO2MCC_64nodes_18432cores_1threads_4NCORE_22052_202512220246.OUTCAR,22052,2025.12.22 02:47:33,64,1,1,1,34790306,1,4,4608,9216,25.3032,502.867
Cirrus,6.5.1-Intel-MKL,/mnt/lustre/e1000/home/z04/z04/aturner/benchmark/cirrus-ex/VASP/TiO2_MCC/6.5.1-Intel-MKL/TiO2MCC_1nodes_288cores_1threads_4NCORE_23402_202512270941.OUTCAR,23402,2025.12.27 09:41:42,1,288,288,1,1938242,1,4,72,5184,252.1265,1656.094
Cirrus,6.5.1-Intel-MKL,/mnt/lustre/e1000/home/z04/z04/aturner/benchmark/cirrus-ex/VASP/TiO2_MCC/6.5.1-Intel-MKL/TiO2MCC_1nodes_72cores_1threads_4NCORE_21986_202512220109.OUTCAR,21986,2025.12.22 01:09:20,1,72,72,1,2073945,1,4,18,5184,316.9405,2207.861
Cirrus,6.5.1-Intel-MKL,/mnt/lustre/e1000/home/z04/z04/aturner/benchmark/cirrus-ex/VASP/TiO2_MCC/6.5.1-Intel-MKL/TiO2MCC_4nodes_144cores_1threads_16NCORE_23415_202512270957.OUTCAR,23415,2025.12.27 09:57:45,4,144,144,1,2256289,1,16,9,5184,105.6818,810.828
Cirrus,6.5.1-Intel-MKL,/mnt/lustre/e1000/home/z04/z04/aturner/benchmark/cirrus-ex/VASP/TiO2_MCC/6.5.1-Intel-MKL/TiO2MCC_1nodes_72cores_1threads_8NCORE_23397_202512270937.OUTCAR,23397,2025.12.27 09:37:40,1,72,72,1,1767228,1,8,9,5184,299.0873,2053.352
Cirrus,6.5.1-Intel-MKL,/mnt/lustre/e1000/home/z04/z04/aturner/benchmark/cirrus-ex/VASP/TiO2_MCC/6.5.1-Intel-MKL/TiO2MCC_16nodes_1152cores_1threads_8NCORE_23437_202512271029.OUTCAR,23437,2025.12.27 10:29:51,16,1152,1152,1,2757677,1,8,144,5184,20.2784,206.211
Cirrus,6.5.1-Intel-MKL,/mnt/lustre/e1000/home/z04/z04/aturner/benchmark/cirrus-ex/VASP/TiO2_MCC/6.5.1-Intel-MKL/TiO2MCC_2nodes_576cores_1threads_16NCORE_23414_202512270957.OUTCAR,23414,2025.12.27 09:58:11,2,576,576,1,1759004,1,16,36,5184,118.2586,869.531
Cirrus,6.5.1-Intel-MKL,/mnt/lustre/e1000/home/z04/z04/aturner/benchmark/cirrus-ex/VASP/TiO2_MCC/6.5.1-Intel-MKL/TiO2MCC_16nodes_1152cores_1threads_16NCORE_23438_202512271031.OUTCAR,23438,2025.12.27 10:31:50,16,1152,1152,1,2632233,1,16,72,5184,19.4079,200.439
Cirrus,6.5.1-Intel-MKL,/mnt/lustre/e1000/home/z04/z04/aturner/benchmark/cirrus-ex/VASP/TiO2_MCC/6.5.1-Intel-MKL/TiO2MCC_4nodes_576cores_1threads_8NCORE_22010_202512220151.OUTCAR,22010,2025.12.22 01:51:38,4,576,576,1,2036644,1,8,72,5184,64.4804,492.69
Cirrus,6.5.1-Intel-MKL,/mnt/lustre/e1000/home/z04/z04/aturner/benchmark/cirrus-ex/VASP/TiO2_MCC/6.5.1-Intel-MKL/TiO2MCC_2nodes_288cores_1threads_16NCORE_22001_202512220140.OUTCAR,22001,2025.12.22 01:40:38,2,288,288,1,2100784,1,16,18,5184,134.4416,971.746
Cirrus,6.5.1-Intel-MKL,/mnt/lustre/e1000/home/z04/z04/aturner/benchmark/cirrus-ex/VASP/TiO2_MCC/6.5.1-Intel-MKL/TiO2MCC_2nodes_72cores_1threads_16NCORE_23405_202512270941.OUTCAR,23405,2025.12.27 09:41:44,2,72,72,1,1969418,1,1,72,5184,191.971,1397.865
Cirrus,6.5.1-Intel-MKL,/mnt/lustre/e1000/home/z04/z04/aturner/benchmark/cirrus-ex/VASP/TiO2_MCC/6.5.1-Intel-MKL/TiO2MCC_4nodes_576cores_1threads_4NCORE_23419_202512271005.OUTCAR,23419,2025.12.27 10:05:57,4,576,576,1,1906884,1,4,144,5184,63.261,485.894
Cirrus,6.5.1-Intel-MKL,/mnt/lustre/e1000/home/z04/z04/aturner/benchmark/cirrus-ex/VASP/TiO2_MCC/6.5.1-Intel-MKL/TiO2MCC_16nodes_2304cores_1threads_8NCORE_23440_202512271033.OUTCAR,23440,2025.12.27 10:34:02,16,2304,2304,1,4313580,1,8,288,5184,23.5852,268.915
Cirrus,6.5.1-Intel-MKL,/mnt/lustre/e1000/home/z04/z04/aturner/benchmark/cirrus-ex/VASP/TiO2_MCC/6.5.1-Intel-MKL/TiO2MCC_8nodes_288cores_1threads_16NCORE_23425_202512271012.OUTCAR,23425,2025.12.27 10:12:45,8,288,288,1,2441408,1,16,18,5184,53.6672,447.948
Cirrus,6.5.1-Intel-MKL,/mnt/lustre/e1000/home/z04/z04/aturner/benchmark/cirrus-ex/VASP/TiO2_MCC/6.5.1-Intel-MKL/TiO2MCC_64nodes_2304cores_1threads_16NCORE_23455_202512271047.OUTCAR,23455,2025.12.27 10:47:31,64,2304,2304,1,5980675,1,16,144,5184,8.4567,147.053
Cirrus,6.5.1-Intel-MKL,/mnt/lustre/e1000/home/z04/z04/aturner/benchmark/cirrus-ex/VASP/TiO2_MCC/6.5.1-Intel-MKL/TiO2MCC_8nodes_288cores_1threads_16NCORE_22015_202512220153.OUTCAR,22015,2025.12.22 01:53:26,8,288,288,1,2415839,1,16,18,5184,53.2877,446.876
Cirrus,6.5.1-Intel-MKL,/mnt/lustre/e1000/home/z04/z04/aturner/benchmark/cirrus-ex/VASP/TiO2_MCC/6.5.1-Intel-MKL/TiO2MCC_32nodes_2304cores_1threads_8NCORE_22037_202512220219.OUTCAR,22037,2025.12.22 02:19:32,32,2304,2304,1,4868362,1,8,288,5184,14.9399,192.32
Cirrus,6.5.1-Intel-MKL,/mnt/lustre/e1000/home/z04/z04/aturner/benchmark/cirrus-ex/VASP/TiO2_MCC/6.5.1-Intel-MKL/TiO2MCC_8nodes_576cores_1threads_4NCORE_23426_202512271014.OUTCAR,23426,2025.12.27 10:14:49,8,576,576,1,2068484,1,4,144,5184,37.4178,314.875
Cirrus,6.5.1-Intel-MKL,/mnt/lustre/e1000/home/z04/z04/aturner/benchmark/cirrus-ex/VASP/TiO2_MCC/6.5.1-Intel-MKL/TiO2MCC_8nodes_576cores_1threads_4NCORE_22016_202512220153.OUTCAR,22016,2025.12.22 01:53:31,8,576,576,1,2176359,1,4,144,5184,38.157,319.216
Cirrus,6.5.1-Intel-MKL,/mnt/lustre/e1000/home/z04/z04/aturner/benchmark/cirrus-ex/VASP/TiO2_MCC/6.5.1-Intel-MKL/TiO2MCC_1nodes_144cores_1threads_4NCORE_23399_202512270937.OUTCAR,23399,2025.12.27 09:37:41,1,144,144,1,1598848,1,4,36,5184,247.0737,1634.444
Cirrus,6.5.1-Intel-MKL,/mnt/lustre/e1000/home/z04/z04/aturner/benchmark/cirrus-ex/VASP/TiO2_MCC/6.5.1-Intel-MKL/TiO2MCC_1nodes_288cores_1threads_4NCORE_21992_202512220113.OUTCAR,21992,2025.12.22 01:13:22,1,288,288,1,1942783,1,4,72,5184,252.6348,1659.189
Cirrus,6.5.1-Intel-MKL,/mnt/lustre/e1000/home/z04/z04/aturner/benchmark/cirrus-ex/VASP/TiO2_MCC/6.5.1-Intel-MKL/TiO2MCC_64nodes_18432cores_1threads_8NCORE_23463_202512271102.OUTCAR,23463,2025.12.27 11:03:28,64,1,1,1,24696450,1,8,2304,6912,16.1022,361.418
Cirrus,6.5.1-Intel-MKL,/mnt/lustre/e1000/home/z04/z04/aturner/benchmark/cirrus-ex/VASP/TiO2_MCC/6.5.1-Intel-MKL/TiO2MCC_16nodes_576cores_1threads_16NCORE_22025_202512220203.OUTCAR,22025,2025.12.22 02:03:27,16,576,576,1,2684737,1,16,36,5184,26.0203,252.687
Cirrus,6.5.1-Intel-MKL,/mnt/lustre/e1000/home/z04/z04/aturner/benchmark/cirrus-ex/VASP/TiO2_MCC/6.5.1-Intel-MKL/TiO2MCC_64nodes_18432cores_1threads_16NCORE_22054_202512220255.OUTCAR,22054,2025.12.22 02:56:27,64,1,1,1,20831138,1,16,1152,5760,12.468,305.018
Cirrus,6.5.1-Intel-MKL,/mnt/lustre/e1000/home/z04/z04/aturner/benchmark/cirrus-ex/VASP/TiO2_MCC/6.5.1-Intel-MKL/TiO2MCC_1nodes_72cores_1threads_16NCORE_23398_202512270937.OUTCAR,23398,2025.12.27 09:37:40,1,72,72,1,1507598,1,1,72,5184,245.1869,1660.119
Cirrus,6.5.1-Intel-MKL,/mnt/lustre/e1000/home/z04/z04/aturner/benchmark/cirrus-ex/VASP/TiO2_MCC/6.5.1-Intel-MKL/TiO2MCC_32nodes_2304cores_1threads_16NCORE_22038_202512220221.OUTCAR,22038,2025.12.22 02:22:05,32,2304,2304,1,4093915,1,16,144,5184,11.0947,153.797
Cirrus,6.5.1-Intel-MKL,/mnt/lustre/e1000/home/z04/z04/aturner/benchmark/cirrus-ex/VASP/TiO2_MCC/6.5.1-Intel-MKL/TiO2MCC_4nodes_576cores_1threads_16NCORE_23421_202512271005.OUTCAR,23421,2025.12.27 10:05:56,4,576,576,1,2005355,1,16,36,5184,62.7578,477.068
Cirrus,6.5.1-Intel-MKL,/mnt/lustre/e1000/home/z04/z04/aturner/benchmark/cirrus-ex/VASP/TiO2_MCC/6.5.1-Intel-MKL/TiO2MCC_64nodes_9216cores_1threads_4NCORE_22049_202512220240.OUTCAR,22049,2025.12.22 02:41:07,64,9216,9216,1,14825301,1,4,2304,6912,11.9081,231.55
Cirrus,6.5.1-Intel-MKL,/mnt/lustre/e1000/home/z04/z04/aturner/benchmark/cirrus-ex/VASP/TiO2_MCC/6.5.1-Intel-MKL/TiO2MCC_16nodes_1152cores_1threads_4NCORE_23436_202512271028.OUTCAR,23436,2025.12.27 10:28:51,16,1152,1152,1,3196262,1,4,288,5184,24.2193,249.054
Cirrus,6.5.1-Intel-MKL,/mnt/lustre/e1000/home/z04/z04/aturner/benchmark/cirrus-ex/VASP/TiO2_MCC/6.5.1-Intel-MKL/TiO2MCC_64nodes_4608cores_1threads_8NCORE_23457_202512271051.OUTCAR,23457,2025.12.27 10:51:26,64,4608,4608,1,8603692,1,8,576,5184,10.9024,174.796
Cirrus,6.5.1-Intel-MKL,/mnt/lustre/e1000/home/z04/z04/aturner/benchmark/cirrus-ex/VASP/TiO2_MCC/6.5.1-Intel-MKL/TiO2MCC_8nodes_576cores_1threads_16NCORE_22018_202512220157.OUTCAR,22018,2025.12.22 01:57:30,8,576,576,1,2145969,1,16,36,5184,36.5731,304.249
Cirrus,6.5.1-Intel-MKL,/mnt/lustre/e1000/home/z04/z04/aturner/benchmark/cirrus-ex/VASP/TiO2_MCC/6.5.1-Intel-MKL/TiO2MCC_2nodes_288cores_1threads_8NCORE_22000_202512220140.OUTCAR,22000,2025.12.22 01:40:33,2,288,288,1,1750357,1,8,36,5184,123.5626,857.926
Cirrus,6.5.1-Intel-MKL,/mnt/lustre/e1000/home/z04/z04/aturner/benchmark/cirrus-ex/VASP/TiO2_MCC/6.5.1-Intel-MKL/TiO2MCC_16nodes_4608cores_1threads_8NCORE_22033_202512220212.OUTCAR,22033,2025.12.22 02:13:02,16,4608,4608,1,6146707,1,8,576,5184,27.2353,370.119
Cirrus,6.5.1-Intel-MKL,/mnt/lustre/e1000/home/z04/z04/aturner/benchmark/cirrus-ex/VASP/TiO2_MCC/6.5.1-Intel-MKL/TiO2MCC_1nodes_288cores_1threads_16NCORE_21994_202512220138.OUTCAR,21994,2025.12.22 01:38:23,1,288,288,1,2207797,1,16,18,5184,268.4605,1876.826
Cirrus,6.5.1-Intel-MKL,/mnt/lustre/e1000/home/z04/z04/aturner/benchmark/cirrus-ex/VASP/TiO2_MCC/6.5.1-Intel-MKL/TiO2MCC_16nodes_4608cores_1threads_8NCORE_23443_202512271034.OUTCAR,23443,2025.12.27 10:35:26,16,4608,4608,1,6024305,1,8,576,5184,27.2126,366.763
Cirrus,6.5.1-Intel-MKL,/mnt/lustre/e1000/home/z04/z04/aturner/benchmark/cirrus-ex/VASP/TiO2_MCC/6.5.1-Intel-MKL/TiO2MCC_4nodes_288cores_1threads_4NCORE_22006_202512220151.OUTCAR,22006,2025.12.22 01:51:28,4,288,288,1,1801852,1,4,72,5184,72.244,534.08
Cirrus,6.5.1-Intel-MKL,/mnt/lustre/e1000/home/z04/z04/aturner/benchmark/cirrus-ex/VASP/TiO2_MCC/6.5.1-Intel-MKL/TiO2MCC_1nodes_36cores_1threads_16NCORE_21985_202512220041.OUTCAR,21985,2025.12.22 00:41:18,1,36,36,1,2079365,1,1,36,5184,384.245,2770.349
Cirrus,6.5.1-Intel-MKL,/mnt/lustre/e1000/home/z04/z04/aturner/benchmark/cirrus-ex/VASP/TiO2_MCC/6.5.1-Intel-MKL/TiO2MCC_2nodes_288cores_1threads_4NCORE_23409_202512270946.OUTCAR,23409,2025.12.27 09:46:56,2,288,288,1,1793916,1,4,72,5184,127.3551,880.779
Cirrus,6.5.1-Intel-MKL,/mnt/lustre/e1000/home/z04/z04/aturner/benchmark/cirrus-ex/VASP/TiO2_MCC/6.5.1-Intel-MKL/TiO2MCC_16nodes_4608cores_1threads_4NCORE_23442_202512271034.OUTCAR,23442,2025.12.27 10:35:29,16,4608,4608,1,7075818,1,4,1152,5760,32.3005,429.532
Cirrus,6.5.1-Intel-MKL,/mnt/lustre/e1000/home/z04/z04/aturner/benchmark/cirrus-ex/VASP/TiO2_MCC/6.5.1-Intel-MKL/TiO2MCC_4nodes_288cores_1threads_8NCORE_23417_202512271004.OUTCAR,23417,2025.12.27 10:04:48,4,288,288,1,1816266,1,8,36,5184,71.5454,525.239
Cirrus,6.5.1-Intel-MKL,/mnt/lustre/e1000/home/z04/z04/aturner/benchmark/cirrus-ex/VASP/TiO2_MCC/6.5.1-Intel-MKL/TiO2MCC_64nodes_4608cores_1threads_8NCORE_22047_202512220237.OUTCAR,22047,2025.12.22 02:37:22,64,4608,4608,1,8742515,1,8,576,5184,10.9304,175.45
Cirrus,6.5.1-Intel-MKL,/mnt/lustre/e1000/home/z04/z04/aturner/benchmark/cirrus-ex/VASP/TiO2_MCC/6.5.1-Intel-MKL/TiO2MCC_1nodes_72cores_1threads_16NCORE_21988_202512220109.OUTCAR,21988,2025.12.22 01:09:20,1,72,72,1,1628870,1,1,72,5184,249.4841,1691.324
Cirrus,6.5.1-Intel-MKL,/mnt/lustre/e1000/home/z04/z04/aturner/benchmark/cirrus-ex/VASP/TiO2_MCC/6.5.1-Intel-MKL/TiO2MCC_32nodes_9216cores_1threads_4NCORE_23452_202512271044.OUTCAR,23452,2025.12.27 10:45:08,32,9216,9216,1,12277110,1,4,2304,6912,19.4568,357.929
Cirrus,6.5.1-Intel-MKL,/mnt/lustre/e1000/home/z04/z04/aturner/benchmark/cirrus-ex/VASP/TiO2_MCC/6.5.1-Intel-MKL/TiO2MCC_32nodes_1152cores_1threads_16NCORE_23445_202512271038.OUTCAR,23445,2025.12.27 10:38:47,32,1152,1152,1,3613786,1,16,72,5184,14.2943,178.246
Cirrus,6.5.1-Intel-MKL,/mnt/lustre/e1000/home/z04/z04/aturner/benchmark/cirrus-ex/VASP/TiO2_MCC/6.5.1-Intel-MKL/TiO2MCC_1nodes_288cores_1threads_8NCORE_21993_202512220113.OUTCAR,21993,2025.12.22 01:13:22,1,288,288,1,1977240,1,8,36,5184,245.3917,1623.772
Cirrus,6.5.1-Intel-MKL,/mnt/lustre/e1000/home/z04/z04/aturner/benchmark/cirrus-ex/VASP/TiO2_MCC/6.5.1-Intel-MKL/TiO2MCC_2nodes_144cores_1threads_8NCORE_21997_202512220140.OUTCAR,21997,2025.12.22 01:40:27,2,144,144,1,1993829,1,8,18,5184,153.9257,1108.94
Cirrus,6.5.1-Intel-MKL,/mnt/lustre/e1000/home/z04/z04/aturner/benchmark/cirrus-ex/VASP/TiO2_MCC/6.5.1-Intel-MKL/TiO2MCC_4nodes_1152cores_1threads_16NCORE_23424_202512271010.OUTCAR,23424,2025.12.27 10:11:17,4,1152,1152,1,2362973,1,16,72,5184,62.8911,537.233
Cirrus,6.5.1-Intel-MKL,/mnt/lustre/e1000/home/z04/z04/aturner/benchmark/cirrus-ex/VASP/TiO2_MCC/6.5.1-Intel-MKL/TiO2MCC_2nodes_144cores_1threads_4NCORE_23406_202512270941.OUTCAR,23406,2025.12.27 09:41:46,2,144,144,1,2002930,1,4,36,5184,149.4871,1045.028
Cirrus,6.5.1-Intel-MKL,/mnt/lustre/e1000/home/z04/z04/aturner/benchmark/cirrus-ex/VASP/TiO2_MCC/6.5.1-Intel-MKL/TiO2MCC_64nodes_9216cores_1threads_16NCORE_22051_202512220245.OUTCAR,22051,2025.12.22 02:45:40,64,9216,9216,1,11018053,1,16,576,5184,7.7835,171.016
Cirrus,6.5.1-Intel-MKL,/mnt/lustre/e1000/home/z04/z04/aturner/benchmark/cirrus-ex/VASP/TiO2_MCC/6.5.1-Intel-MKL/TiO2MCC_8nodes_576cores_1threads_16NCORE_23428_202512271014.OUTCAR,23428,2025.12.27 10:14:49,8,576,576,1,2067012,1,16,36,5184,36.4698,303.413
Cirrus,6.5.1-Intel-MKL,/mnt/lustre/e1000/home/z04/z04/aturner/benchmark/cirrus-ex/VASP/TiO2_MCC/6.5.1-Intel-MKL/TiO2MCC_2nodes_144cores_1threads_8NCORE_23407_202512270945.OUTCAR,23407,2025.12.27 09:45:47,2,144,144,1,1928249,1,8,18,5184,153.8381,1106.227
Cirrus,6.5.1-Intel-MKL,/mnt/lustre/e1000/home/z04/z04/aturner/benchmark/cirrus-ex/VASP/TiO2_MCC/6.5.1-Intel-MKL/TiO2MCC_64nodes_4608cores_1threads_16NCORE_22048_202512220239.OUTCAR,22048,2025.12.22 02:39:36,64,4608,4608,1,8743040,1,16,288,5184,10.5758,173.453
Cirrus,6.5.1-Intel-MKL,/mnt/lustre/e1000/home/z04/z04/aturner/benchmark/cirrus-ex/VASP/TiO2_MCC/6.5.1-Intel-MKL/TiO2MCC_16nodes_2304cores_1threads_16NCORE_22031_202512220209.OUTCAR,22031,2025.12.22 02:09:41,16,2304,2304,1,3488662,1,16,144,5184,17.9333,212.137
Cirrus,6.5.1-Intel-MKL,/mnt/lustre/e1000/home/z04/z04/aturner/benchmark/cirrus-ex/VASP/TiO2_MCC/6.5.1-Intel-MKL/TiO2MCC_8nodes_2304cores_1threads_8NCORE_23433_202512271020.OUTCAR,23433,2025.12.27 10:21:16,8,2304,2304,1,3824416,1,8,288,5184,41.301,441.263
Cirrus,6.5.1-Intel-MKL,/mnt/lustre/e1000/home/z04/z04/aturner/benchmark/cirrus-ex/VASP/TiO2_MCC/6.5.1-Intel-MKL/TiO2MCC_8nodes_1152cores_1threads_4NCORE_22019_202512220159.OUTCAR,22019,2025.12.22 01:59:41,8,1152,1152,1,2799118,1,4,288,5184,38.235,359.186
Cirrus,6.5.1-Intel-MKL,/mnt/lustre/e1000/home/z04/z04/aturner/benchmark/cirrus-ex/VASP/TiO2_MCC/6.5.1-Intel-MKL/TiO2MCC_4nodes_1152cores_1threads_16NCORE_22014_202512220153.OUTCAR,22014,2025.12.22 01:53:59,4,1152,1152,1,2155544,1,16,72,5184,60.884,525.926
Cirrus,6.5.1-Intel-MKL,/mnt/lustre/e1000/home/z04/z04/aturner/benchmark/cirrus-ex/VASP/TiO2_MCC/6.5.1-Intel-MKL/TiO2MCC_16nodes_1152cores_1threads_4NCORE_22026_202512220203.OUTCAR,22026,2025.12.22 02:03:31,16,1152,1152,1,3278712,1,4,288,5184,24.221,248.614
Cirrus,6.5.1-Intel-MKL,/mnt/lustre/e1000/home/z04/z04/aturner/benchmark/cirrus-ex/VASP/TiO2_MCC/6.5.1-Intel-MKL/TiO2MCC_32nodes_4608cores_1threads_8NCORE_22040_202512220225.OUTCAR,22040,2025.12.22 02:25:27,32,4608,4608,1,7644447,1,8,576,5184,16.7706,237.722
Cirrus,6.5.1-Intel-MKL,/mnt/lustre/e1000/home/z04/z04/aturner/benchmark/cirrus-ex/VASP/TiO2_MCC/6.5.1-Intel-MKL/TiO2MCC_4nodes_576cores_1threads_8NCORE_23420_202512271005.OUTCAR,23420,2025.12.27 10:05:57,4,576,576,1,1895970,1,8,72,5184,62.7681,480.359
Cirrus,6.5.1-Intel-MKL,/mnt/lustre/e1000/home/z04/z04/aturner/benchmark/cirrus-ex/VASP/TiO2_MCC/6.5.1-Intel-MKL/TiO2MCC_16nodes_2304cores_1threads_8NCORE_22030_202512220208.OUTCAR,22030,2025.12.22 02:08:42,16,2304,2304,1,4324770,1,8,288,5184,23.7142,271.607
Cirrus,6.5.1-Intel-MKL,/mnt/lustre/e1000/home/z04/z04/aturner/benchmark/cirrus-ex/VASP/TiO2_MCC/6.5.1-Intel-MKL/TiO2MCC_16nodes_4608cores_1threads_16NCORE_23444_202512271034.OUTCAR,23444,2025.12.27 10:35:23,16,4608,4608,1,5865007,1,16,288,5184,26.5985,357.782
Cirrus,6.5.1-Intel-MKL,/mnt/lustre/e1000/home/z04/z04/aturner/benchmark/cirrus-ex/VASP/TiO2_MCC/6.5.1-Intel-MKL/TiO2MCC_4nodes_288cores_1threads_8NCORE_22007_202512220151.OUTCAR,22007,2025.12.22 01:51:29,4,288,288,1,1808055,1,8,36,5184,71.4473,526.125
Cirrus,6.5.1-Intel-MKL,/mnt/lustre/e1000/home/z04/z04/aturner/benchmark/cirrus-ex/VASP/TiO2_MCC/6.5.1-Intel-MKL/TiO2MCC_4nodes_576cores_1threads_4NCORE_22009_202512220151.OUTCAR,22009,2025.12.22 01:51:37,4,576,576,1,1924543,1,4,144,5184,63.3021,485.801
Cirrus,6.5.1-Intel-MKL,/mnt/lustre/e1000/home/z04/z04/aturner/benchmark/cirrus-ex/VASP/TiO2_MCC/6.5.1-Intel-MKL/TiO2MCC_32nodes_2304cores_1threads_8NCORE_23447_202512271041.OUTCAR,23447,2025.12.27 10:41:31,32,2304,2304,1,4767613,1,8,288,5184,14.973,191.441
Cirrus,6.5.1-Intel-MKL,/mnt/lustre/e1000/home/z04/z04/aturner/benchmark/cirrus-ex/VASP/TiO2_MCC/6.5.1-Intel-MKL/TiO2MCC_16nodes_4608cores_1threads_16NCORE_22034_202512220214.OUTCAR,22034,2025.12.22 02:14:59,16,4608,4608,1,5964452,1,16,288,5184,26.6284,361.671
Cirrus,6.5.1-Intel-MKL,/mnt/lustre/e1000/home/z04/z04/aturner/benchmark/cirrus-ex/VASP/TiO2_MCC/6.5.1-Intel-MKL/TiO2MCC_8nodes_1152cores_1threads_8NCORE_23430_202512271020.OUTCAR,23430,2025.12.27 10:20:58,8,1152,1152,1,2372383,1,8,144,5184,32.8838,300.068
Cirrus,6.5.1-Intel-MKL,/mnt/lustre/e1000/home/z04/z04/aturner/benchmark/cirrus-ex/VASP/TiO2_MCC/6.5.1-Intel-MKL/TiO2MCC_2nodes_576cores_1threads_4NCORE_23412_202512270957.OUTCAR,23412,2025.12.27 09:58:09,2,576,576,1,1957664,1,4,144,5184,123.2664,898.348
Cirrus,6.5.1-Intel-MKL,/mnt/lustre/e1000/home/z04/z04/aturner/benchmark/cirrus-ex/VASP/TiO2_MCC/6.5.1-Intel-MKL/TiO2MCC_2nodes_288cores_1threads_16NCORE_23411_202512270957.OUTCAR,23411,2025.12.27 09:57:55,2,288,288,1,1885944,1,16,18,5184,129.9177,940.135
Cirrus,6.5.1-Intel-MKL,/mnt/lustre/e1000/home/z04/z04/aturner/benchmark/cirrus-ex/VASP/TiO2_MCC/6.5.1-Intel-MKL/TiO2MCC_64nodes_9216cores_1threads_4NCORE_23459_202512271054.OUTCAR,23459,2025.12.27 10:55:07,64,9216,9216,1,14537706,1,4,2304,6912,11.8902,229.51
Cirrus,6.5.1-Intel-MKL,/mnt/lustre/e1000/home/z04/z04/aturner/benchmark/cirrus-ex/VASP/TiO2_MCC/6.5.1-Intel-MKL/TiO2MCC_16nodes_2304cores_1threads_4NCORE_23439_202512271033.OUTCAR,23439,2025.12.27 10:33:47,16,2304,2304,1,4366862,1,4,576,5184,24.0492,276.227
Cirrus,6.5.1-Intel-MKL,/mnt/lustre/e1000/home/z04/z04/aturner/benchmark/cirrus-ex/VASP/TiO2_MCC/6.5.1-Intel-MKL/TiO2MCC_2nodes_72cores_1threads_16NCORE_21995_202512220140.OUTCAR,21995,2025.12.22 01:40:25,2,72,72,1,1827310,1,1,72,5184,194.5539,1414.576
Cirrus,6.5.1-Intel-MKL,/mnt/lustre/e1000/home/z04/z04/aturner/benchmark/cirrus-ex/VASP/TiO2_MCC/6.5.1-Intel-MKL/TiO2MCC_1nodes_72cores_1threads_8NCORE_21987_202512220109.OUTCAR,21987,2025.12.22 01:09:20,1,72,72,1,1996776,1,8,9,5184,307.009,2101.836
Cirrus,6.5.1-Intel-MKL,/mnt/lustre/e1000/home/z04/z04/aturner/benchmark/cirrus-ex/VASP/TiO2_MCC/6.5.1-Intel-MKL/TiO2MCC_8nodes_1152cores_1threads_16NCORE_22021_202512220159.OUTCAR,22021,2025.12.22 01:59:40,8,1152,1152,1,2526533,1,16,72,5184,32.9988,298.681
Cirrus,6.5.1-Intel-MKL,/mnt/lustre/e1000/home/z04/z04/aturner/benchmark/cirrus-ex/VASP/TiO2_MCC/6.5.1-Intel-MKL/TiO2MCC_8nodes_1152cores_1threads_4NCORE_23429_202512271018.OUTCAR,23429,2025.12.27 10:18:59,8,1152,1152,1,2882586,1,4,288,5184,39.2127,363.052
Cirrus,6.5.1-Intel-MKL,/mnt/lustre/e1000/home/z04/z04/aturner/benchmark/cirrus-ex/VASP/TiO2_MCC/6.5.1-Intel-MKL/TiO2MCC_1nodes_144cores_1threads_8NCORE_23400_202512270937.OUTCAR,23400,2025.12.27 09:37:41,1,144,144,1,2037848,1,8,18,5184,277.5164,1920.072
Cirrus,6.5.1-Intel-MKL,/mnt/lustre/e1000/home/z04/z04/aturner/benchmark/cirrus-ex/VASP/TiO2_MCC/6.5.1-Intel-MKL/TiO2MCC_2nodes_288cores_1threads_4NCORE_21999_202512220140.OUTCAR,21999,2025.12.22 01:40:35,2,288,288,1,1702504,1,4,72,5184,123.315,854.378
Cirrus,6.5.1-Intel-MKL,/mnt/lustre/e1000/home/z04/z04/aturner/benchmark/cirrus-ex/VASP/TiO2_MCC/6.5.1-Intel-MKL/TiO2MCC_4nodes_1152cores_1threads_4NCORE_22012_202512220151.OUTCAR,22012,2025.12.22 01:51:55,4,1152,1152,1,2852118,1,4,288,5184,73.1659,634.838
Cirrus,6.5.1-Intel-MKL,/mnt/lustre/e1000/home/z04/z04/aturner/benchmark/cirrus-ex/VASP/TiO2_MCC/6.5.1-Intel-MKL/TiO2MCC_1nodes_144cores_1threads_16NCORE_21991_202512220113.OUTCAR,21991,2025.12.22 01:13:21,1,144,144,1,1744516,1,16,9,5184,254.3638,1737.595
Cirrus,6.5.1-Intel-MKL,/mnt/lustre/e1000/home/z04/z04/aturner/benchmark/cirrus-ex/VASP/TiO2_MCC/6.5.1-Intel-MKL/TiO2MCC_16nodes_4608cores_1threads_4NCORE_22032_202512220210.OUTCAR,22032,2025.12.22 02:11:00,16,4608,4608,1,7120321,1,4,1152,5760,32.5456,430.694
