#Date        Time         gpu    pwr  gtemp  mtemp 
#YYYYMMDD    HH:MM:SS     Idx      W      C      C 
 20260323    21:46:40       0     91     32     42 
 20260323    21:46:40       1     86     34     45 
 20260323    21:46:40       2     87     35     43 
 20260323    21:46:40       3     98     32     43 
 20260323    21:47:10       0    136     34     42 
 20260323    21:47:10       1    133     36     45 
 20260323    21:47:10       2    132     37     43 
 20260323    21:47:10       3    146     34     42 
 20260323    21:47:40       0    136     34     42 
 20260323    21:47:40       1    133     36     45 
 20260323    21:47:40       2    132     37     44 
 20260323    21:47:40       3    146     34     42 
 20260323    21:48:10       0    136     34     42 
 20260323    21:48:10       1    133     36     45 
 20260323    21:48:10       2    132     37     44 
 20260323    21:48:10       3    146     34     42 
 20260323    21:48:40       0    136     34     42 
 20260323    21:48:40       1    133     36     45 
 20260323    21:48:40       2    132     37     44 
 20260323    21:48:40       3    146     34     42 
 20260323    21:49:10       0    136     34     42 
 20260323    21:49:10       1    133     36     45 
 20260323    21:49:10       2    132     37     44 
 20260323    21:49:10       3    146     34     42 
 20260323    21:49:40       0    136     34     42 
 20260323    21:49:40       1    133     36     45 
 20260323    21:49:40       2    132     37     44 
 20260323    21:49:40       3    146     34     42 
 20260323    21:50:10       0    136     34     42 
 20260323    21:50:10       1    133     36     45 
 20260323    21:50:10       2    132     37     44 
 20260323    21:50:10       3    146     34     42 
 20260323    21:50:40       0    136     34     42 
 20260323    21:50:40       1    132     36     45 
 20260323    21:50:40       2    132     37     44 
 20260323    21:50:40       3    146     34     43 
 20260323    21:51:10       0    136     34     42 
 20260323    21:51:10       1    132     36     45 
 20260323    21:51:10       2    132     37     43 
 20260323    21:51:10       3    146     34     42 
 20260323    21:51:40       0    136     34     42 
 20260323    21:51:40       1    132     36     45 
 20260323    21:51:40       2    132     37     43 
 20260323    21:51:40       3    146     34     42 
#Date        Time         gpu    pwr  gtemp  mtemp 
#YYYYMMDD    HH:MM:SS     Idx      W      C      C 
 20260323    21:52:10       0    137     34     42 
 20260323    21:52:10       1    132     36     45 
 20260323    21:52:10       2    132     37     43 
 20260323    21:52:10       3    146     34     42 
 20260323    21:52:40       0    137     34     42 
 20260323    21:52:40       1    132     36     45 
 20260323    21:52:40       2    132     37     43 
 20260323    21:52:40       3    146     34     42 
 20260323    21:53:10       0    136     34     42 
 20260323    21:53:10       1    132     36     45 
 20260323    21:53:10       2    132     37     43 
 20260323    21:53:10       3    146     34     42 
 20260323    21:53:40       0    136     34     42 
 20260323    21:53:40       1    132     36     45 
 20260323    21:53:40       2    132     37     43 
 20260323    21:53:40       3    146     34     42 
 20260323    21:54:10       0    136     34     42 
 20260323    21:54:10       1    132     36     45 
 20260323    21:54:10       2    132     37     43 
 20260323    21:54:10       3    146     34     42 
 20260323    21:54:40       0    136     34     42 
 20260323    21:54:40       1    132     36     45 
 20260323    21:54:40       2    132     37     44 
 20260323    21:54:40       3    146     34     42 
 20260323    21:55:10       0    136     34     42 
 20260323    21:55:10       1    132     36     45 
 20260323    21:55:10       2    132     37     43 
 20260323    21:55:10       3    146     34     42 
 20260323    21:55:40       0    136     34     42 
 20260323    21:55:40       1    132     36     45 
 20260323    21:55:40       2    132     37     44 
 20260323    21:55:40       3    146     34     42 
 20260323    21:56:10       0    137     34     42 
 20260323    21:56:10       1    132     36     45 
 20260323    21:56:10       2    132     37     43 
 20260323    21:56:10       3    146     34     42 
 20260323    21:56:40       0    136     34     42 
 20260323    21:56:40       1    132     36     45 
 20260323    21:56:40       2    132     37     44 
 20260323    21:56:40       3    146     34     42 
 20260323    21:57:10       0    136     34     42 
 20260323    21:57:10       1    132     36     45 
 20260323    21:57:10       2    132     37     43 
 20260323    21:57:10       3    146     34     42 
#Date        Time         gpu    pwr  gtemp  mtemp 
#YYYYMMDD    HH:MM:SS     Idx      W      C      C 
 20260323    21:57:40       0    136     34     42 
 20260323    21:57:40       1    132     36     45 
 20260323    21:57:40       2    132     37     43 
 20260323    21:57:40       3    146     34     42 
 20260323    21:58:10       0    136     34     42 
 20260323    21:58:10       1    132     36     45 
 20260323    21:58:10       2    132     37     44 
 20260323    21:58:10       3    146     34     42 
 20260323    21:58:40       0    137     34     42 
 20260323    21:58:40       1    132     36     45 
 20260323    21:58:40       2    132     37     44 
 20260323    21:58:40       3    146     34     42 
 20260323    21:59:10       0    136     34     42 
 20260323    21:59:10       1    132     36     45 
 20260323    21:59:10       2    132     37     43 
 20260323    21:59:10       3    146     34     42 
 20260323    21:59:40       0    136     34     42 
 20260323    21:59:40       1    132     36     46 
 20260323    21:59:40       2    132     37     43 
 20260323    21:59:40       3    146     34     42 
 20260323    22:00:10       0    136     34     42 
 20260323    22:00:10       1    132     36     46 
 20260323    22:00:10       2    132     37     43 
 20260323    22:00:10       3    146     34     42 
 20260323    22:00:40       0    136     34     42 
 20260323    22:00:40       1    132     36     45 
 20260323    22:00:40       2    132     37     43 
 20260323    22:00:40       3    146     34     42 
 20260323    22:01:10       0    136     34     42 
 20260323    22:01:10       1    132     36     45 
 20260323    22:01:10       2    132     37     43 
 20260323    22:01:10       3    146     34     42 
 20260323    22:01:40       0    136     34     42 
 20260323    22:01:40       1    132     36     45 
 20260323    22:01:40       2    132     37     43 
 20260323    22:01:40       3    146     34     42 
 20260323    22:02:10       0    136     34     42 
 20260323    22:02:10       1    132     36     45 
 20260323    22:02:10       2    132     37     43 
 20260323    22:02:10       3    146     34     42 
 20260323    22:02:40       0    136     34     42 
 20260323    22:02:40       1    132     36     45 
 20260323    22:02:40       2    132     37     43 
 20260323    22:02:40       3    146     34     42 
#Date        Time         gpu    pwr  gtemp  mtemp 
#YYYYMMDD    HH:MM:SS     Idx      W      C      C 
 20260323    22:03:10       0    136     34     42 
 20260323    22:03:10       1    132     36     45 
 20260323    22:03:10       2    132     37     44 
 20260323    22:03:10       3    146     34     42 
 20260323    22:03:40       0    136     34     42 
 20260323    22:03:40       1    132     36     45 
 20260323    22:03:40       2    132     37     43 
 20260323    22:03:40       3    146     34     42 
 20260323    22:04:10       0    137     34     42 
 20260323    22:04:10       1    132     36     45 
 20260323    22:04:10       2    132     37     43 
 20260323    22:04:10       3    146     34     42 
 20260323    22:04:40       0    136     34     42 
 20260323    22:04:40       1    132     36     45 
 20260323    22:04:40       2    132     37     43 
 20260323    22:04:40       3    146     34     42 
 20260323    22:05:10       0    136     34     42 
 20260323    22:05:10       1    132     36     45 
 20260323    22:05:10       2    132     37     43 
 20260323    22:05:10       3    146     34     42 
 20260323    22:05:40       0    136     34     42 
 20260323    22:05:40       1    132     36     45 
 20260323    22:05:40       2    132     37     44 
 20260323    22:05:40       3    146     34     43 
 20260323    22:06:10       0    136     34     42 
 20260323    22:06:10       1    132     36     45 
 20260323    22:06:10       2    132     37     44 
 20260323    22:06:10       3    146     34     42 
 20260323    22:06:40       0    136     34     42 
 20260323    22:06:40       1    132     36     45 
 20260323    22:06:40       2    131     37     43 
 20260323    22:06:40       3    146     34     42 
 20260323    22:07:10       0    136     34     42 
 20260323    22:07:10       1    132     36     46 
 20260323    22:07:10       2    132     37     43 
 20260323    22:07:10       3    146     34     42 
 20260323    22:07:40       0    136     34     42 
 20260323    22:07:40       1    132     36     45 
 20260323    22:07:40       2    132     37     44 
 20260323    22:07:40       3    146     34     42 
 20260323    22:08:10       0    136     34     42 
 20260323    22:08:10       1    132     36     45 
 20260323    22:08:10       2    132     37     44 
 20260323    22:08:10       3    146     34     42 
#Date        Time         gpu    pwr  gtemp  mtemp 
#YYYYMMDD    HH:MM:SS     Idx      W      C      C 
 20260323    22:08:40       0    136     34     42 
 20260323    22:08:40       1    132     36     45 
 20260323    22:08:40       2    132     37     43 
 20260323    22:08:40       3    146     34     42 
 20260323    22:09:10       0    137     34     42 
 20260323    22:09:10       1    132     36     45 
 20260323    22:09:10       2    132     37     43 
 20260323    22:09:10       3    146     34     42 
 20260323    22:09:40       0    137     34     42 
 20260323    22:09:40       1    132     36     45 
 20260323    22:09:40       2    132     37     44 
 20260323    22:09:40       3    146     34     42 
 20260323    22:10:10       0    136     34     42 
 20260323    22:10:10       1    132     36     45 
 20260323    22:10:10       2    132     37     44 
 20260323    22:10:10       3    146     34     42 
 20260323    22:10:40       0    136     34     42 
 20260323    22:10:40       1    132     36     45 
 20260323    22:10:40       2    132     37     43 
 20260323    22:10:40       3    146     34     42 
 20260323    22:11:10       0    136     34     42 
 20260323    22:11:10       1    132     36     46 
 20260323    22:11:10       2    132     36     43 
 20260323    22:11:10       3    146     34     42 
 20260323    22:11:40       0    136     34     42 
 20260323    22:11:40       1    132     36     45 
 20260323    22:11:40       2    132     37     43 
 20260323    22:11:40       3    146     34     42 
 20260323    22:12:10       0    137     34     42 
 20260323    22:12:10       1    132     36     46 
 20260323    22:12:10       2    132     37     43 
 20260323    22:12:10       3    146     34     42 
 20260323    22:12:40       0    137     34     42 
 20260323    22:12:40       1    132     36     45 
 20260323    22:12:40       2    132     37     43 
 20260323    22:12:40       3    146     34     42 
 20260323    22:13:10       0    136     34     42 
 20260323    22:13:10       1    132     36     45 
 20260323    22:13:10       2    132     37     43 
 20260323    22:13:10       3    146     34     42 
 20260323    22:13:40       0    136     34     42 
 20260323    22:13:40       1    132     36     46 
 20260323    22:13:40       2    132     37     44 
 20260323    22:13:40       3    146     34     42 
#Date        Time         gpu    pwr  gtemp  mtemp 
#YYYYMMDD    HH:MM:SS     Idx      W      C      C 
 20260323    22:14:10       0    136     34     42 
 20260323    22:14:10       1    132     36     46 
 20260323    22:14:10       2    132     37     43 
 20260323    22:14:10       3    146     34     42 
 20260323    22:14:40       0    136     34     42 
 20260323    22:14:40       1    132     36     45 
 20260323    22:14:40       2    132     37     44 
 20260323    22:14:40       3    146     34     42 
 20260323    22:15:10       0    136     34     42 
 20260323    22:15:10       1    132     36     45 
 20260323    22:15:10       2    132     37     43 
 20260323    22:15:10       3    146     34     42 
 20260323    22:15:40       0    136     34     42 
 20260323    22:15:40       1    132     36     45 
 20260323    22:15:40       2    132     37     44 
 20260323    22:15:40       3    146     34     42 
 20260323    22:16:10       0    137     34     42 
 20260323    22:16:10       1    132     36     45 
 20260323    22:16:10       2    132     37     44 
 20260323    22:16:10       3    146     34     42 
 20260323    22:16:40       0    136     34     42 
 20260323    22:16:40       1    132     36     45 
 20260323    22:16:40       2    132     37     44 
 20260323    22:16:40       3    146     34     42 
 20260323    22:17:10       0    136     34     42 
 20260323    22:17:10       1    132     36     46 
 20260323    22:17:10       2    132     37     44 
 20260323    22:17:10       3    146     34     42 
 20260323    22:17:40       0    136     34     42 
 20260323    22:17:40       1    132     36     46 
 20260323    22:17:40       2    132     37     43 
 20260323    22:17:40       3    146     34     42 
 20260323    22:18:10       0    137     34     42 
 20260323    22:18:10       1    132     36     45 
 20260323    22:18:10       2    132     37     43 
 20260323    22:18:10       3    146     34     43 
 20260323    22:18:40       0    136     34     42 
 20260323    22:18:40       1    132     36     45 
 20260323    22:18:40       2    132     37     44 
 20260323    22:18:40       3    146     34     42 
 20260323    22:19:10       0    136     34     42 
 20260323    22:19:10       1    132     36     46 
 20260323    22:19:10       2    132     37     44 
 20260323    22:19:10       3    146     34     42 
#Date        Time         gpu    pwr  gtemp  mtemp 
#YYYYMMDD    HH:MM:SS     Idx      W      C      C 
 20260323    22:19:40       0    137     34     42 
 20260323    22:19:40       1    132     36     46 
 20260323    22:19:40       2    132     37     43 
 20260323    22:19:40       3    146     34     42 
 20260323    22:20:10       0    136     34     42 
 20260323    22:20:10       1    132     36     46 
 20260323    22:20:10       2    132     37     43 
 20260323    22:20:10       3    146     34     42 
 20260323    22:20:40       0    136     34     42 
 20260323    22:20:40       1    132     36     45 
 20260323    22:20:40       2    132     37     43 
 20260323    22:20:40       3    146     34     42 
 20260323    22:21:10       0    136     34     42 
 20260323    22:21:10       1    132     36     45 
 20260323    22:21:10       2    132     37     44 
 20260323    22:21:10       3    146     34     42 
 20260323    22:21:40       0    136     34     42 
 20260323    22:21:40       1    132     36     46 
 20260323    22:21:40       2    132     37     43 
 20260323    22:21:40       3    146     34     42 
 20260323    22:22:10       0    136     34     42 
 20260323    22:22:10       1    132     36     46 
 20260323    22:22:10       2    132     37     43 
 20260323    22:22:10       3    146     34     42 
 20260323    22:22:40       0    136     34     42 
 20260323    22:22:40       1    132     36     46 
 20260323    22:22:40       2    132     37     43 
 20260323    22:22:40       3    146     34     42 
 20260323    22:23:10       0    136     34     42 
 20260323    22:23:10       1    132     36     45 
 20260323    22:23:10       2    132     37     43 
 20260323    22:23:10       3    146     34     42 
 20260323    22:23:40       0    136     34     42 
 20260323    22:23:40       1    132     36     46 
 20260323    22:23:40       2    132     37     43 
 20260323    22:23:40       3    146     34     42 
 20260323    22:24:10       0    136     34     42 
 20260323    22:24:10       1    132     36     45 
 20260323    22:24:10       2    132     37     43 
 20260323    22:24:10       3    146     34     42 
 20260323    22:24:40       0    136     34     42 
 20260323    22:24:40       1    132     36     45 
 20260323    22:24:40       2    132     37     43 
 20260323    22:24:40       3    146     34     42 
#Date        Time         gpu    pwr  gtemp  mtemp 
#YYYYMMDD    HH:MM:SS     Idx      W      C      C 
 20260323    22:25:10       0    136     34     42 
 20260323    22:25:10       1    132     36     45 
 20260323    22:25:10       2    132     37     43 
 20260323    22:25:10       3    146     34     42 
 20260323    22:25:40       0    136     34     42 
 20260323    22:25:40       1    132     36     45 
 20260323    22:25:40       2    132     37     43 
 20260323    22:25:40       3    146     34     42 
 20260323    22:26:10       0    136     34     42 
 20260323    22:26:10       1    132     36     46 
 20260323    22:26:10       2    132     37     43 
 20260323    22:26:10       3    146     34     42 
 20260323    22:26:40       0    136     34     42 
 20260323    22:26:40       1    132     36     45 
 20260323    22:26:40       2    132     36     43 
 20260323    22:26:40       3    146     34     42 
 20260323    22:27:10       0    136     34     42 
 20260323    22:27:10       1    132     36     45 
 20260323    22:27:10       2    132     36     43 
 20260323    22:27:10       3    146     34     42 
 20260323    22:27:40       0    136     34     42 
 20260323    22:27:40       1    132     36     46 
 20260323    22:27:40       2    132     37     43 
 20260323    22:27:40       3    146     34     42 
 20260323    22:28:10       0    137     34     42 
 20260323    22:28:10       1    132     36     45 
 20260323    22:28:10       2    132     37     43 
 20260323    22:28:10       3    146     34     42 
 20260323    22:28:40       0    136     34     42 
 20260323    22:28:40       1    132     36     45 
 20260323    22:28:40       2    132     37     43 
 20260323    22:28:40       3    146     34     42 
 20260323    22:29:10       0    136     34     42 
 20260323    22:29:10       1    132     36     45 
 20260323    22:29:10       2    132     37     43 
 20260323    22:29:10       3    146     34     42 
 20260323    22:29:40       0    136     34     42 
 20260323    22:29:40       1    132     36     45 
 20260323    22:29:40       2    132     37     43 
 20260323    22:29:40       3    146     34     42 
 20260323    22:30:10       0    136     34     42 
 20260323    22:30:10       1    132     36     45 
 20260323    22:30:10       2    132     37     43 
 20260323    22:30:10       3    146     34     42 
#Date        Time         gpu    pwr  gtemp  mtemp 
#YYYYMMDD    HH:MM:SS     Idx      W      C      C 
 20260323    22:30:40       0    136     34     42 
 20260323    22:30:40       1    132     36     45 
 20260323    22:30:40       2    132     37     44 
 20260323    22:30:40       3    146     34     42 
 20260323    22:31:10       0    136     34     42 
 20260323    22:31:10       1    132     36     45 
 20260323    22:31:10       2    132     37     43 
 20260323    22:31:10       3    146     34     42 
 20260323    22:31:40       0    137     34     42 
 20260323    22:31:40       1    132     36     46 
 20260323    22:31:40       2    132     37     44 
 20260323    22:31:40       3    146     34     42 
 20260323    22:32:10       0    136     34     42 
 20260323    22:32:10       1    132     36     45 
 20260323    22:32:10       2    132     37     44 
 20260323    22:32:10       3    146     34     42 
 20260323    22:32:40       0    136     34     42 
 20260323    22:32:40       1    132     36     45 
 20260323    22:32:40       2    132     37     43 
 20260323    22:32:40       3    146     34     42 
 20260323    22:33:10       0    136     34     42 
 20260323    22:33:10       1    132     36     45 
 20260323    22:33:10       2    132     37     44 
 20260323    22:33:10       3    146     34     42 
 20260323    22:33:40       0    136     34     42 
 20260323    22:33:40       1    132     36     45 
 20260323    22:33:40       2    132     37     43 
 20260323    22:33:40       3    146     34     42 
 20260323    22:34:10       0    136     34     42 
 20260323    22:34:10       1    132     36     45 
 20260323    22:34:10       2    132     37     44 
 20260323    22:34:10       3    146     34     42 
 20260323    22:34:40       0    136     34     42 
 20260323    22:34:40       1    132     36     45 
 20260323    22:34:40       2    132     37     44 
 20260323    22:34:40       3    146     34     42 
 20260323    22:35:10       0    136     34     42 
 20260323    22:35:10       1    132     36     45 
 20260323    22:35:10       2    132     37     44 
 20260323    22:35:10       3    146     34     42 
 20260323    22:35:40       0    136     34     42 
 20260323    22:35:40       1    132     36     46 
 20260323    22:35:40       2    132     37     43 
 20260323    22:35:40       3    146     34     42 
#Date        Time         gpu    pwr  gtemp  mtemp 
#YYYYMMDD    HH:MM:SS     Idx      W      C      C 
 20260323    22:36:10       0    136     34     42 
 20260323    22:36:10       1    132     36     45 
 20260323    22:36:10       2    132     37     43 
 20260323    22:36:10       3    146     34     42 
 20260323    22:36:40       0    136     34     42 
 20260323    22:36:40       1    132     36     45 
 20260323    22:36:40       2    132     37     43 
 20260323    22:36:40       3    146     34     42 
 20260323    22:37:10       0    136     34     42 
 20260323    22:37:10       1    132     36     45 
 20260323    22:37:10       2    132     37     43 
 20260323    22:37:10       3    146     34     42 
 20260323    22:37:40       0    136     34     42 
 20260323    22:37:40       1    132     36     45 
 20260323    22:37:40       2    132     37     43 
 20260323    22:37:40       3    146     34     42 
 20260323    22:38:10       0    136     34     42 
 20260323    22:38:10       1    132     36     46 
 20260323    22:38:10       2    132     37     43 
 20260323    22:38:10       3    146     34     42 
 20260323    22:38:40       0    136     34     42 
 20260323    22:38:40       1    132     36     45 
 20260323    22:38:40       2    132     37     43 
 20260323    22:38:40       3    146     34     42 
 20260323    22:39:10       0    136     34     42 
 20260323    22:39:10       1    132     36     45 
 20260323    22:39:10       2    132     37     43 
 20260323    22:39:10       3    146     34     42 
 20260323    22:39:40       0    136     34     42 
 20260323    22:39:40       1    132     36     46 
 20260323    22:39:40       2    132     37     44 
 20260323    22:39:40       3    146     34     42 
 20260323    22:40:10       0    136     34     42 
 20260323    22:40:10       1    132     36     46 
 20260323    22:40:10       2    132     37     43 
 20260323    22:40:10       3    146     34     42 
 20260323    22:40:40       0    136     34     42 
 20260323    22:40:40       1    132     36     46 
 20260323    22:40:40       2    132     37     43 
 20260323    22:40:40       3    146     34     42 
 20260323    22:41:10       0    136     34     42 
 20260323    22:41:10       1    132     36     45 
 20260323    22:41:10       2    132     37     43 
 20260323    22:41:10       3    146     34     42 
#Date        Time         gpu    pwr  gtemp  mtemp 
#YYYYMMDD    HH:MM:SS     Idx      W      C      C 
 20260323    22:41:40       0    136     34     42 
 20260323    22:41:40       1    132     36     45 
 20260323    22:41:40       2    132     37     43 
 20260323    22:41:40       3    146     34     42 
 20260323    22:42:10       0    136     34     42 
 20260323    22:42:10       1    132     36     46 
 20260323    22:42:10       2    132     36     43 
 20260323    22:42:10       3    146     34     42 
 20260323    22:42:40       0    136     34     42 
 20260323    22:42:40       1    132     36     45 
 20260323    22:42:40       2    132     36     43 
 20260323    22:42:40       3    146     34     42 
 20260323    22:43:10       0    136     34     42 
 20260323    22:43:10       1    132     36     46 
 20260323    22:43:10       2    132     37     43 
 20260323    22:43:10       3    146     34     42 
 20260323    22:43:40       0    136     34     42 
 20260323    22:43:40       1    132     36     46 
 20260323    22:43:40       2    132     36     43 
 20260323    22:43:40       3    146     34     42 
 20260323    22:44:10       0    136     34     42 
 20260323    22:44:10       1    132     36     45 
 20260323    22:44:10       2    132     37     43 
 20260323    22:44:10       3    146     34     42 
 20260323    22:44:40       0    136     34     42 
 20260323    22:44:40       1    132     36     46 
 20260323    22:44:40       2    132     37     43 
 20260323    22:44:40       3    146     34     42 
 20260323    22:45:10       0    136     34     42 
 20260323    22:45:10       1    132     36     46 
 20260323    22:45:10       2    132     37     44 
 20260323    22:45:10       3    146     34     42 
 20260323    22:45:40       0    136     34     42 
 20260323    22:45:40       1    132     36     46 
 20260323    22:45:40       2    132     37     44 
 20260323    22:45:40       3    146     34     42 
 20260323    22:46:10       0    136     34     42 
 20260323    22:46:10       1    132     36     45 
 20260323    22:46:10       2    132     37     44 
 20260323    22:46:10       3    146     34     42 
 20260323    22:46:40       0    136     34     42 
 20260323    22:46:40       1    132     36     45 
 20260323    22:46:40       2    132     37     43 
 20260323    22:46:40       3    146     34     42 
#Date        Time         gpu    pwr  gtemp  mtemp 
#YYYYMMDD    HH:MM:SS     Idx      W      C      C 
 20260323    22:47:10       0    136     34     42 
 20260323    22:47:10       1    132     36     46 
 20260323    22:47:10       2    132     37     44 
 20260323    22:47:10       3    146     34     42 
 20260323    22:47:40       0    136     34     42 
 20260323    22:47:40       1    132     36     45 
 20260323    22:47:40       2    132     37     43 
 20260323    22:47:40       3    146     34     42 
 20260323    22:48:10       0    136     34     42 
 20260323    22:48:10       1    132     36     46 
 20260323    22:48:10       2    132     37     43 
 20260323    22:48:10       3    146     34     42 
 20260323    22:48:40       0    136     34     42 
 20260323    22:48:40       1    132     36     46 
 20260323    22:48:40       2    132     37     43 
 20260323    22:48:40       3    146     34     42 
 20260323    22:49:10       0    136     34     42 
 20260323    22:49:10       1    132     36     45 
 20260323    22:49:10       2    132     37     44 
 20260323    22:49:10       3    146     34     42 
 20260323    22:49:40       0    136     34     42 
 20260323    22:49:40       1    132     36     45 
 20260323    22:49:40       2    132     37     44 
 20260323    22:49:40       3    146     34     42 
 20260323    22:50:10       0    137     34     42 
 20260323    22:50:10       1    132     36     46 
 20260323    22:50:10       2    132     37     43 
 20260323    22:50:10       3    146     34     42 
 20260323    22:50:40       0    136     34     42 
 20260323    22:50:40       1    132     36     46 
 20260323    22:50:40       2    132     37     43 
 20260323    22:50:40       3    146     34     42 
 20260323    22:51:10       0    136     34     42 
 20260323    22:51:10       1    132     36     46 
 20260323    22:51:10       2    132     37     43 
 20260323    22:51:10       3    146     34     42 
 20260323    22:51:40       0    136     34     42 
 20260323    22:51:40       1    132     36     45 
 20260323    22:51:40       2    132     37     44 
 20260323    22:51:40       3    146     34     42 
 20260323    22:52:10       0    137     34     42 
 20260323    22:52:10       1    132     36     46 
 20260323    22:52:10       2    132     37     43 
 20260323    22:52:10       3    146     34     42 
#Date        Time         gpu    pwr  gtemp  mtemp 
#YYYYMMDD    HH:MM:SS     Idx      W      C      C 
 20260323    22:52:40       0    136     34     42 
 20260323    22:52:40       1    132     36     45 
 20260323    22:52:40       2    132     37     43 
 20260323    22:52:40       3    146     34     42 
 20260323    22:53:10       0    136     34     42 
 20260323    22:53:10       1    132     36     46 
 20260323    22:53:10       2    132     37     43 
 20260323    22:53:10       3    146     34     42 
 20260323    22:53:40       0    136     34     42 
 20260323    22:53:40       1    132     36     45 
 20260323    22:53:40       2    132     37     43 
 20260323    22:53:40       3    146     34     42 
 20260323    22:54:10       0    136     34     42 
 20260323    22:54:10       1    132     36     45 
 20260323    22:54:10       2    132     37     43 
 20260323    22:54:10       3    146     34     42 
 20260323    22:54:40       0    136     34     42 
 20260323    22:54:40       1    132     36     46 
 20260323    22:54:40       2    132     37     43 
 20260323    22:54:40       3    146     34     42 
 20260323    22:55:10       0    136     34     42 
 20260323    22:55:10       1    132     36     45 
 20260323    22:55:10       2    132     37     43 
 20260323    22:55:10       3    146     34     42 
 20260323    22:55:40       0    136     34     42 
 20260323    22:55:40       1    132     36     46 
 20260323    22:55:40       2    132     37     44 
 20260323    22:55:40       3    146     34     42 
 20260323    22:56:10       0    136     34     42 
 20260323    22:56:10       1    132     36     45 
 20260323    22:56:10       2    132     37     43 
 20260323    22:56:10       3    146     34     42 
 20260323    22:56:40       0    136     34     42 
 20260323    22:56:40       1    132     36     45 
 20260323    22:56:40       2    132     37     43 
 20260323    22:56:40       3    146     34     42 
 20260323    22:57:10       0    136     34     42 
 20260323    22:57:10       1    132     36     45 
 20260323    22:57:10       2    132     37     44 
 20260323    22:57:10       3    146     34     42 
 20260323    22:57:40       0    136     34     42 
 20260323    22:57:40       1    132     36     45 
 20260323    22:57:40       2    132     37     44 
 20260323    22:57:40       3    146     34     42 
#Date        Time         gpu    pwr  gtemp  mtemp 
#YYYYMMDD    HH:MM:SS     Idx      W      C      C 
 20260323    22:58:10       0    136     34     42 
 20260323    22:58:10       1    132     36     46 
 20260323    22:58:10       2    132     37     44 
 20260323    22:58:10       3    146     34     42 
 20260323    22:58:40       0    136     34     42 
 20260323    22:58:40       1    132     36     45 
 20260323    22:58:40       2    132     37     43 
 20260323    22:58:40       3    146     34     42 
 20260323    22:59:10       0    136     34     42 
 20260323    22:59:10       1    132     36     45 
 20260323    22:59:10       2    132     37     44 
 20260323    22:59:10       3    146     34     42 
 20260323    22:59:40       0    136     34     42 
 20260323    22:59:40       1    132     36     45 
 20260323    22:59:40       2    132     37     44 
 20260323    22:59:40       3    146     34     42 
 20260323    23:00:10       0    136     34     42 
 20260323    23:00:10       1    132     36     45 
 20260323    23:00:10       2    132     37     44 
 20260323    23:00:10       3    146     34     42 
 20260323    23:00:40       0    136     34     42 
 20260323    23:00:40       1    132     36     45 
 20260323    23:00:40       2    132     37     43 
 20260323    23:00:40       3    146     34     42 
 20260323    23:01:10       0    136     34     42 
 20260323    23:01:10       1    132     36     45 
 20260323    23:01:10       2    132     37     43 
 20260323    23:01:10       3    146     34     42 
 20260323    23:01:40       0    136     34     42 
 20260323    23:01:40       1    132     36     46 
 20260323    23:01:40       2    132     37     43 
 20260323    23:01:40       3    146     34     42 
 20260323    23:02:10       0    136     34     42 
 20260323    23:02:10       1    132     36     46 
 20260323    23:02:10       2    132     37     43 
 20260323    23:02:10       3    146     34     42 
 20260323    23:02:40       0    136     34     42 
 20260323    23:02:40       1    132     36     45 
 20260323    23:02:40       2    132     37     43 
 20260323    23:02:40       3    146     34     42 
 20260323    23:03:10       0    136     34     42 
 20260323    23:03:10       1    132     36     45 
 20260323    23:03:10       2    132     37     43 
 20260323    23:03:10       3    146     34     42 
#Date        Time         gpu    pwr  gtemp  mtemp 
#YYYYMMDD    HH:MM:SS     Idx      W      C      C 
 20260323    23:03:40       0    136     34     42 
 20260323    23:03:40       1    132     36     46 
 20260323    23:03:40       2    132     37     44 
 20260323    23:03:40       3    146     34     42 
 20260323    23:04:10       0    136     34     42 
 20260323    23:04:10       1    132     36     46 
 20260323    23:04:10       2    132     37     43 
 20260323    23:04:10       3    146     34     42 
 20260323    23:04:40       0    136     34     42 
 20260323    23:04:40       1    132     36     45 
 20260323    23:04:40       2    132     37     43 
 20260323    23:04:40       3    146     34     42 
 20260323    23:05:10       0    136     34     42 
 20260323    23:05:10       1    132     36     45 
 20260323    23:05:10       2    132     37     43 
 20260323    23:05:10       3    146     34     42 
 20260323    23:05:40       0    136     34     42 
 20260323    23:05:40       1    132     36     46 
 20260323    23:05:40       2    132     36     43 
 20260323    23:05:40       3    146     34     42 
 20260323    23:06:10       0    136     34     42 
 20260323    23:06:10       1    132     36     45 
 20260323    23:06:10       2    132     37     43 
 20260323    23:06:10       3    146     34     42 
 20260323    23:06:40       0    136     34     42 
 20260323    23:06:40       1    132     36     45 
 20260323    23:06:40       2    132     37     43 
 20260323    23:06:40       3    146     34     42 
 20260323    23:07:10       0    136     34     42 
 20260323    23:07:10       1    132     36     46 
 20260323    23:07:10       2    132     37     43 
 20260323    23:07:10       3    146     34     42 
 20260323    23:07:40       0    137     34     42 
 20260323    23:07:40       1    132     36     46 
 20260323    23:07:40       2    132     36     43 
 20260323    23:07:40       3    146     34     42 
 20260323    23:08:10       0    136     34     42 
 20260323    23:08:10       1    132     36     46 
 20260323    23:08:10       2    132     37     43 
 20260323    23:08:10       3    146     34     42 
 20260323    23:08:40       0    136     34     42 
 20260323    23:08:40       1    132     36     45 
 20260323    23:08:40       2    132     37     43 
 20260323    23:08:40       3    146     34     42 
#Date        Time         gpu    pwr  gtemp  mtemp 
#YYYYMMDD    HH:MM:SS     Idx      W      C      C 
 20260323    23:09:10       0    136     34     42 
 20260323    23:09:10       1    132     36     45 
 20260323    23:09:10       2    132     37     43 
 20260323    23:09:10       3    146     34     42 
 20260323    23:09:40       0    136     34     42 
 20260323    23:09:40       1    132     36     45 
 20260323    23:09:40       2    132     37     43 
 20260323    23:09:40       3    146     34     42 
 20260323    23:10:10       0    136     34     42 
 20260323    23:10:10       1    132     36     45 
 20260323    23:10:10       2    132     37     43 
 20260323    23:10:10       3    146     34     42 
 20260323    23:10:40       0    136     34     42 
 20260323    23:10:40       1    132     36     45 
 20260323    23:10:40       2    132     37     43 
 20260323    23:10:40       3    146     34     42 
 20260323    23:11:10       0    136     34     42 
 20260323    23:11:10       1    132     36     45 
 20260323    23:11:10       2    132     37     43 
 20260323    23:11:10       3    146     34     42 
 20260323    23:11:40       0    136     34     42 
 20260323    23:11:40       1    132     36     45 
 20260323    23:11:40       2    132     37     44 
 20260323    23:11:40       3    146     34     42 
 20260323    23:12:10       0    136     34     42 
 20260323    23:12:10       1    132     36     45 
 20260323    23:12:10       2    132     37     43 
 20260323    23:12:10       3    146     34     42 
 20260323    23:12:40       0    136     34     42 
 20260323    23:12:40       1    132     36     45 
 20260323    23:12:40       2    132     37     43 
 20260323    23:12:40       3    146     34     42 
 20260323    23:13:10       0    136     34     42 
 20260323    23:13:10       1    132     36     45 
 20260323    23:13:10       2    132     37     43 
 20260323    23:13:10       3    146     34     42 
 20260323    23:13:40       0    136     34     42 
 20260323    23:13:40       1    132     36     45 
 20260323    23:13:40       2    132     37     43 
 20260323    23:13:40       3    146     34     42 
 20260323    23:14:10       0    136     34     42 
 20260323    23:14:10       1    132     36     45 
 20260323    23:14:10       2    132     37     43 
 20260323    23:14:10       3    146     34     42 
#Date        Time         gpu    pwr  gtemp  mtemp 
#YYYYMMDD    HH:MM:SS     Idx      W      C      C 
 20260323    23:14:40       0    136     34     42 
 20260323    23:14:40       1    132     36     46 
 20260323    23:14:40       2    132     37     43 
 20260323    23:14:40       3    146     34     42 
 20260323    23:15:10       0    136     34     42 
 20260323    23:15:10       1    132     36     45 
 20260323    23:15:10       2    132     37     43 
 20260323    23:15:10       3    146     34     42 
 20260323    23:15:40       0    136     34     42 
 20260323    23:15:40       1    132     36     45 
 20260323    23:15:40       2    132     37     43 
 20260323    23:15:40       3    146     34     42 
 20260323    23:16:10       0    136     34     42 
 20260323    23:16:10       1    132     36     45 
 20260323    23:16:10       2    132     37     44 
 20260323    23:16:10       3    146     34     42 
 20260323    23:16:40       0    136     34     42 
 20260323    23:16:40       1    132     36     45 
 20260323    23:16:40       2    132     37     43 
 20260323    23:16:40       3    146     34     42 
 20260323    23:17:10       0    136     34     42 
 20260323    23:17:10       1    132     36     45 
 20260323    23:17:10       2    132     37     43 
 20260323    23:17:10       3    146     34     42 
 20260323    23:17:40       0    136     34     42 
 20260323    23:17:40       1    132     36     45 
 20260323    23:17:40       2    132     37     43 
 20260323    23:17:40       3    146     34     42 
 20260323    23:18:10       0    136     34     42 
 20260323    23:18:10       1    132     36     45 
 20260323    23:18:10       2    132     37     43 
 20260323    23:18:10       3    146     34     42 
 20260323    23:18:40       0    136     34     42 
 20260323    23:18:40       1    132     36     45 
 20260323    23:18:40       2    132     37     43 
 20260323    23:18:40       3    146     34     42 
 20260323    23:19:10       0    136     34     42 
 20260323    23:19:10       1    132     36     45 
 20260323    23:19:10       2    132     37     43 
 20260323    23:19:10       3    146     34     42 
 20260323    23:19:40       0    136     34     42 
 20260323    23:19:40       1    132     36     45 
 20260323    23:19:40       2    132     37     43 
 20260323    23:19:40       3    146     34     42 
#Date        Time         gpu    pwr  gtemp  mtemp 
#YYYYMMDD    HH:MM:SS     Idx      W      C      C 
 20260323    23:20:10       0    136     34     42 
 20260323    23:20:10       1    132     36     45 
 20260323    23:20:10       2    132     37     43 
 20260323    23:20:10       3    146     34     42 
 20260323    23:20:40       0    136     34     42 
 20260323    23:20:40       1    132     36     45 
 20260323    23:20:40       2    132     37     44 
 20260323    23:20:40       3    146     34     42 
 20260323    23:21:10       0    136     34     42 
 20260323    23:21:10       1    132     36     45 
 20260323    23:21:10       2    132     37     43 
 20260323    23:21:10       3    146     34     42 
 20260323    23:21:40       0    136     34     42 
 20260323    23:21:40       1    132     36     45 
 20260323    23:21:40       2    132     37     44 
 20260323    23:21:40       3    146     35     42 
 20260323    23:22:10       0    137     34     42 
 20260323    23:22:10       1    132     36     45 
 20260323    23:22:10       2    132     37     43 
 20260323    23:22:10       3    146     34     42 
 20260323    23:22:40       0    136     34     42 
 20260323    23:22:40       1    132     36     46 
 20260323    23:22:40       2    132     37     43 
 20260323    23:22:40       3    146     34     42 
 20260323    23:23:10       0    137     34     42 
 20260323    23:23:10       1    132     36     45 
 20260323    23:23:10       2    132     37     43 
 20260323    23:23:10       3    146     34     42 
 20260323    23:23:40       0    137     34     42 
 20260323    23:23:40       1    132     36     45 
 20260323    23:23:40       2    132     37     44 
 20260323    23:23:40       3    146     34     42 
 20260323    23:24:10       0    136     34     42 
 20260323    23:24:10       1    132     36     45 
 20260323    23:24:10       2    132     37     44 
 20260323    23:24:10       3    146     34     42 
 20260323    23:24:40       0    137     34     42 
 20260323    23:24:40       1    132     36     45 
 20260323    23:24:40       2    132     37     44 
 20260323    23:24:40       3    146     34     42 
 20260323    23:25:10       0    136     34     42 
 20260323    23:25:10       1    132     36     45 
 20260323    23:25:10       2    132     37     43 
 20260323    23:25:10       3    146     34     42 
#Date        Time         gpu    pwr  gtemp  mtemp 
#YYYYMMDD    HH:MM:SS     Idx      W      C      C 
 20260323    23:25:40       0    136     34     42 
 20260323    23:25:40       1    132     36     46 
 20260323    23:25:40       2    132     36     43 
 20260323    23:25:40       3    146     34     42 
 20260323    23:26:10       0    136     34     42 
 20260323    23:26:10       1    132     36     45 
 20260323    23:26:10       2    132     36     43 
 20260323    23:26:10       3    146     34     42 
 20260323    23:26:40       0    136     34     42 
 20260323    23:26:40       1    132     36     46 
 20260323    23:26:40       2    132     36     43 
 20260323    23:26:40       3    146     34     42 
 20260323    23:27:10       0    136     34     42 
 20260323    23:27:10       1    132     36     45 
 20260323    23:27:10       2    132     37     43 
 20260323    23:27:10       3    146     34     42 
 20260323    23:27:40       0    136     34     42 
 20260323    23:27:40       1    132     36     45 
 20260323    23:27:40       2    132     37     43 
 20260323    23:27:40       3    146     34     42 
 20260323    23:28:10       0    136     34     43 
 20260323    23:28:10       1    132     36     45 
 20260323    23:28:10       2    132     36     43 
 20260323    23:28:10       3    146     34     42 
 20260323    23:28:40       0    136     34     42 
 20260323    23:28:40       1    132     36     46 
 20260323    23:28:40       2    131     36     43 
 20260323    23:28:40       3    146     34     42 
 20260323    23:29:11       0    136     34     42 
 20260323    23:29:11       1    132     36     45 
 20260323    23:29:11       2    132     37     43 
 20260323    23:29:11       3    146     34     42 
 20260323    23:29:41       0    136     34     42 
 20260323    23:29:41       1    132     36     46 
 20260323    23:29:41       2    132     37     43 
 20260323    23:29:41       3    146     34     42 
 20260323    23:30:11       0    136     34     42 
 20260323    23:30:11       1    132     36     46 
 20260323    23:30:11       2    132     36     43 
 20260323    23:30:11       3    146     34     42 
 20260323    23:30:41       0    136     34     42 
 20260323    23:30:41       1    132     36     46 
 20260323    23:30:41       2    132     36     43 
 20260323    23:30:41       3    146     34     42 
#Date        Time         gpu    pwr  gtemp  mtemp 
#YYYYMMDD    HH:MM:SS     Idx      W      C      C 
 20260323    23:31:11       0    136     34     42 
 20260323    23:31:11       1    132     36     45 
 20260323    23:31:11       2    132     36     43 
 20260323    23:31:11       3    146     34     42 
 20260323    23:31:41       0    136     34     42 
 20260323    23:31:41       1    132     36     45 
 20260323    23:31:41       2    132     37     43 
 20260323    23:31:41       3    146     34     42 
 20260323    23:32:11       0    136     34     42 
 20260323    23:32:11       1    132     36     45 
 20260323    23:32:11       2    132     37     43 
 20260323    23:32:11       3    146     34     42 
 20260323    23:32:41       0    136     34     42 
 20260323    23:32:41       1    132     36     46 
 20260323    23:32:41       2    132     37     43 
 20260323    23:32:41       3    146     34     42 
 20260323    23:33:11       0    136     34     42 
 20260323    23:33:11       1    132     36     45 
 20260323    23:33:11       2    132     37     44 
 20260323    23:33:11       3    146     34     42 
 20260323    23:33:41       0    136     34     42 
 20260323    23:33:41       1    132     36     45 
 20260323    23:33:41       2    132     37     43 
 20260323    23:33:41       3    146     34     42 
 20260323    23:34:11       0    136     34     42 
 20260323    23:34:11       1    132     36     45 
 20260323    23:34:11       2    132     37     43 
 20260323    23:34:11       3    146     34     42 
 20260323    23:34:41       0    136     34     42 
 20260323    23:34:41       1    132     36     45 
 20260323    23:34:41       2    132     37     43 
 20260323    23:34:41       3    146     34     42 
 20260323    23:35:11       0    136     34     42 
 20260323    23:35:11       1    132     36     45 
 20260323    23:35:11       2    132     37     43 
 20260323    23:35:11       3    146     34     42 
 20260323    23:35:41       0    136     34     42 
 20260323    23:35:41       1    132     36     46 
 20260323    23:35:41       2    132     37     43 
 20260323    23:35:41       3    146     34     42 
 20260323    23:36:11       0    136     34     42 
 20260323    23:36:11       1    132     36     45 
 20260323    23:36:11       2    132     37     43 
 20260323    23:36:11       3    146     34     42 
#Date        Time         gpu    pwr  gtemp  mtemp 
#YYYYMMDD    HH:MM:SS     Idx      W      C      C 
 20260323    23:36:41       0    136     34     42 
 20260323    23:36:41       1    132     36     45 
 20260323    23:36:41       2    132     37     43 
 20260323    23:36:41       3    146     34     42 
 20260323    23:37:11       0    136     34     42 
 20260323    23:37:11       1    132     36     45 
 20260323    23:37:11       2    132     37     44 
 20260323    23:37:11       3    146     34     42 
 20260323    23:37:41       0    136     34     42 
 20260323    23:37:41       1    132     36     45 
 20260323    23:37:41       2    132     37     44 
 20260323    23:37:41       3    146     34     42 
 20260323    23:38:11       0    136     34     42 
 20260323    23:38:11       1    132     36     45 
 20260323    23:38:11       2    132     37     43 
 20260323    23:38:11       3    146     34     42 
 20260323    23:38:41       0    136     34     42 
 20260323    23:38:41       1    132     36     45 
 20260323    23:38:41       2    132     37     44 
 20260323    23:38:41       3    146     34     42 
 20260323    23:39:11       0    136     34     42 
 20260323    23:39:11       1    132     36     46 
 20260323    23:39:11       2    132     37     43 
 20260323    23:39:11       3    146     34     42 
 20260323    23:39:41       0    136     34     42 
 20260323    23:39:41       1    132     36     45 
 20260323    23:39:41       2    132     37     43 
 20260323    23:39:41       3    146     34     42 
 20260323    23:40:11       0    136     34     42 
 20260323    23:40:11       1    132     36     45 
 20260323    23:40:11       2    132     37     43 
 20260323    23:40:11       3    146     35     43 
 20260323    23:40:41       0    137     35     43 
 20260323    23:40:41       1    132     37     45 
 20260323    23:40:41       2    132     37     43 
 20260323    23:40:41       3    146     35     43 
 20260323    23:41:11       0    136     34     42 
 20260323    23:41:11       1    133     36     45 
 20260323    23:41:11       2    132     37     43 
 20260323    23:41:11       3    146     34     42 
 20260323    23:41:41       0    137     34     42 
 20260323    23:41:41       1    132     36     45 
 20260323    23:41:41       2    132     37     44 
 20260323    23:41:41       3    146     34     42 
#Date        Time         gpu    pwr  gtemp  mtemp 
#YYYYMMDD    HH:MM:SS     Idx      W      C      C 
 20260323    23:42:11       0    136     34     42 
 20260323    23:42:11       1    132     36     46 
 20260323    23:42:11       2    132     37     44 
 20260323    23:42:11       3    146     34     42 
 20260323    23:42:41       0    136     34     42 
 20260323    23:42:41       1    132     36     45 
 20260323    23:42:41       2    132     37     43 
 20260323    23:42:41       3    146     34     42 
 20260323    23:43:11       0    136     35     42 
 20260323    23:43:11       1    132     37     45 
 20260323    23:43:11       2    132     37     43 
 20260323    23:43:11       3    146     35     43 
 20260323    23:43:41       0    136     34     42 
 20260323    23:43:41       1    132     37     45 
 20260323    23:43:41       2    132     37     43 
 20260323    23:43:41       3    146     34     42 
 20260323    23:44:11       0    136     34     42 
 20260323    23:44:11       1    132     36     45 
 20260323    23:44:11       2    132     37     43 
 20260323    23:44:11       3    146     34     42 
 20260323    23:44:41       0    136     34     42 
 20260323    23:44:41       1    132     36     45 
 20260323    23:44:41       2    132     36     43 
 20260323    23:44:41       3    146     34     42 
 20260323    23:45:11       0    137     34     42 
 20260323    23:45:11       1    132     36     45 
 20260323    23:45:11       2    132     37     43 
 20260323    23:45:11       3    146     34     42 
 20260323    23:45:41       0    136     34     42 
 20260323    23:45:41       1    132     36     46 
 20260323    23:45:41       2    132     37     44 
 20260323    23:45:41       3    146     34     42 
 20260323    23:46:11       0    136     34     42 
 20260323    23:46:11       1    132     36     46 
 20260323    23:46:11       2    132     37     43 
 20260323    23:46:11       3    146     34     42 
 20260323    23:46:41       0    136     34     42 
 20260323    23:46:41       1    132     36     45 
 20260323    23:46:41       2    132     37     43 
 20260323    23:46:41       3    146     34     42 
 20260323    23:47:11       0    136     34     42 
 20260323    23:47:11       1    132     36     45 
 20260323    23:47:11       2    132     37     43 
 20260323    23:47:11       3    146     34     42 
#Date        Time         gpu    pwr  gtemp  mtemp 
#YYYYMMDD    HH:MM:SS     Idx      W      C      C 
 20260323    23:47:41       0    136     34     42 
 20260323    23:47:41       1    132     36     46 
 20260323    23:47:41       2    132     37     43 
 20260323    23:47:41       3    146     34     42 
 20260323    23:48:11       0    136     34     42 
 20260323    23:48:11       1    132     36     45 
 20260323    23:48:11       2    132     37     43 
 20260323    23:48:11       3    146     35     42 
 20260323    23:48:41       0    137     35     42 
 20260323    23:48:41       1    133     37     45 
 20260323    23:48:41       2    132     37     43 
 20260323    23:48:41       3    147     35     42 
 20260323    23:49:11       0    136     34     42 
 20260323    23:49:11       1    132     36     45 
 20260323    23:49:11       2    132     37     43 
 20260323    23:49:11       3    146     34     42 
 20260323    23:49:41       0    137     34     42 
 20260323    23:49:41       1    132     36     45 
 20260323    23:49:41       2    132     37     43 
 20260323    23:49:41       3    146     34     42 
 20260323    23:50:11       0    136     34     42 
 20260323    23:50:11       1    132     36     45 
 20260323    23:50:11       2    132     37     43 
 20260323    23:50:11       3    146     34     42 
 20260323    23:50:41       0    136     34     42 
 20260323    23:50:41       1    132     36     45 
 20260323    23:50:41       2    132     37     44 
 20260323    23:50:41       3    146     34     42 
 20260323    23:51:11       0    136     34     42 
 20260323    23:51:11       1    132     36     45 
 20260323    23:51:11       2    132     37     43 
 20260323    23:51:11       3    146     34     42 
 20260323    23:51:41       0    136     34     42 
 20260323    23:51:41       1    132     36     45 
 20260323    23:51:41       2    132     37     44 
 20260323    23:51:41       3    146     34     42 
 20260323    23:52:11       0    137     34     42 
 20260323    23:52:11       1    132     36     46 
 20260323    23:52:11       2    132     37     43 
 20260323    23:52:11       3    146     34     42 
 20260323    23:52:41       0    137     34     42 
 20260323    23:52:41       1    132     36     45 
 20260323    23:52:41       2    132     37     43 
 20260323    23:52:41       3    146     34     42 
#Date        Time         gpu    pwr  gtemp  mtemp 
#YYYYMMDD    HH:MM:SS     Idx      W      C      C 
 20260323    23:53:11       0    136     34     42 
 20260323    23:53:11       1    132     36     45 
 20260323    23:53:11       2    132     36     43 
 20260323    23:53:11       3    146     34     42 
 20260323    23:53:41       0    136     34     42 
 20260323    23:53:41       1    132     36     46 
 20260323    23:53:41       2    132     37     43 
 20260323    23:53:41       3    146     34     42 
 20260323    23:54:11       0    136     34     42 
 20260323    23:54:11       1    132     36     45 
 20260323    23:54:11       2    132     37     43 
 20260323    23:54:11       3    146     34     42 
 20260323    23:54:41       0    137     34     42 
 20260323    23:54:41       1    132     36     45 
 20260323    23:54:41       2    132     37     43 
 20260323    23:54:41       3    146     34     42 
 20260323    23:55:11       0    137     34     42 
 20260323    23:55:11       1    132     36     45 
 20260323    23:55:11       2    132     37     43 
 20260323    23:55:11       3    146     34     42 
 20260323    23:55:41       0    136     34     42 
 20260323    23:55:41       1    132     36     45 
 20260323    23:55:41       2    132     37     43 
 20260323    23:55:41       3    146     34     42 
 20260323    23:56:11       0    136     34     42 
 20260323    23:56:11       1    132     36     45 
 20260323    23:56:11       2    132     37     43 
 20260323    23:56:11       3    146     34     42 
 20260323    23:56:41       0    136     34     42 
 20260323    23:56:41       1    132     36     45 
 20260323    23:56:41       2    132     37     43 
 20260323    23:56:41       3    146     34     42 
 20260323    23:57:11       0    137     34     42 
 20260323    23:57:11       1    132     36     45 
 20260323    23:57:11       2    132     37     44 
 20260323    23:57:11       3    146     34     42 
 20260323    23:57:41       0    136     34     42 
 20260323    23:57:41       1    132     36     45 
 20260323    23:57:41       2    132     37     43 
 20260323    23:57:41       3    146     34     42 
 20260323    23:58:11       0    136     34     42 
 20260323    23:58:11       1    132     36     46 
 20260323    23:58:11       2    132     36     43 
 20260323    23:58:11       3    146     34     42 
#Date        Time         gpu    pwr  gtemp  mtemp 
#YYYYMMDD    HH:MM:SS     Idx      W      C      C 
 20260323    23:58:41       0    136     34     42 
 20260323    23:58:41       1    132     36     45 
 20260323    23:58:41       2    132     36     43 
 20260323    23:58:41       3    146     34     42 
 20260323    23:59:11       0    136     34     42 
 20260323    23:59:11       1    132     36     46 
 20260323    23:59:11       2    132     37     43 
 20260323    23:59:11       3    146     34     42 
 20260323    23:59:41       0    136     34     42 
 20260323    23:59:41       1    132     36     46 
 20260323    23:59:41       2    132     36     43 
 20260323    23:59:41       3    146     34     42 
 20260324    00:00:11       0    136     34     42 
 20260324    00:00:11       1    132     36     46 
 20260324    00:00:11       2    132     37     43 
 20260324    00:00:11       3    146     34     42 
 20260324    00:00:41       0    136     34     42 
 20260324    00:00:41       1    132     36     45 
 20260324    00:00:41       2    132     37     44 
 20260324    00:00:41       3    146     34     42 
 20260324    00:01:11       0    136     34     42 
 20260324    00:01:11       1    132     36     45 
 20260324    00:01:11       2    132     36     43 
 20260324    00:01:11       3    146     34     42 
 20260324    00:01:41       0    136     34     42 
 20260324    00:01:41       1    132     36     45 
 20260324    00:01:41       2    132     36     43 
 20260324    00:01:41       3    146     34     42 
 20260324    00:02:11       0    137     34     42 
 20260324    00:02:11       1    132     36     46 
 20260324    00:02:11       2    132     37     43 
 20260324    00:02:11       3    146     34     42 
 20260324    00:02:41       0    137     34     42 
 20260324    00:02:41       1    132     36     45 
 20260324    00:02:41       2    132     37     44 
 20260324    00:02:41       3    146     34     42 
 20260324    00:03:11       0    136     34     42 
 20260324    00:03:11       1    132     36     45 
 20260324    00:03:11       2    132     37     43 
 20260324    00:03:11       3    146     34     42 
 20260324    00:03:41       0    136     34     42 
 20260324    00:03:41       1    132     36     45 
 20260324    00:03:41       2    132     36     43 
 20260324    00:03:41       3    146     34     42 
#Date        Time         gpu    pwr  gtemp  mtemp 
#YYYYMMDD    HH:MM:SS     Idx      W      C      C 
 20260324    00:04:11       0    136     34     42 
 20260324    00:04:11       1    132     36     45 
 20260324    00:04:11       2    132     37     43 
 20260324    00:04:11       3    146     34     42 
 20260324    00:04:41       0    136     34     42 
 20260324    00:04:41       1    132     36     46 
 20260324    00:04:41       2    132     36     43 
 20260324    00:04:41       3    146     34     42 
 20260324    00:05:11       0    136     34     42 
 20260324    00:05:11       1    132     36     46 
 20260324    00:05:11       2    132     36     43 
 20260324    00:05:11       3    146     34     42 
 20260324    00:05:41       0    136     34     42 
 20260324    00:05:41       1    132     36     46 
 20260324    00:05:41       2    132     36     43 
 20260324    00:05:41       3    146     34     42 
 20260324    00:06:11       0    136     34     42 
 20260324    00:06:11       1    132     36     45 
 20260324    00:06:11       2    131     36     43 
 20260324    00:06:11       3    146     34     42 
 20260324    00:06:41       0    137     34     42 
 20260324    00:06:41       1    132     36     45 
 20260324    00:06:41       2    131     36     43 
 20260324    00:06:41       3    146     34     42 
 20260324    00:07:11       0    137     34     42 
 20260324    00:07:11       1    132     36     45 
 20260324    00:07:11       2    132     36     43 
 20260324    00:07:11       3    146     34     42 
 20260324    00:07:41       0    136     34     42 
 20260324    00:07:41       1    132     36     45 
 20260324    00:07:41       2    132     36     43 
 20260324    00:07:41       3    146     34     42 
 20260324    00:08:11       0    136     34     43 
 20260324    00:08:11       1    132     36     46 
 20260324    00:08:11       2    131     36     43 
 20260324    00:08:11       3    146     34     42 
 20260324    00:08:41       0    136     34     42 
 20260324    00:08:41       1    132     36     45 
 20260324    00:08:41       2    132     36     43 
 20260324    00:08:41       3    146     34     42 
 20260324    00:09:11       0    137     34     42 
 20260324    00:09:11       1    132     36     46 
 20260324    00:09:11       2    132     37     43 
 20260324    00:09:11       3    146     34     42 
#Date        Time         gpu    pwr  gtemp  mtemp 
#YYYYMMDD    HH:MM:SS     Idx      W      C      C 
 20260324    00:09:41       0    136     34     42 
 20260324    00:09:41       1    132     36     45 
 20260324    00:09:41       2    132     37     43 
 20260324    00:09:41       3    146     34     42 
 20260324    00:10:11       0    136     34     42 
 20260324    00:10:11       1    132     36     46 
 20260324    00:10:11       2    132     36     43 
 20260324    00:10:11       3    146     34     42 
 20260324    00:10:41       0    136     34     42 
 20260324    00:10:41       1    132     36     46 
 20260324    00:10:41       2    132     37     43 
 20260324    00:10:41       3    146     34     42 
 20260324    00:11:11       0    136     34     42 
 20260324    00:11:11       1    132     36     45 
 20260324    00:11:11       2    132     37     43 
 20260324    00:11:11       3    146     34     42 
 20260324    00:11:41       0    136     34     42 
 20260324    00:11:41       1    132     36     45 
 20260324    00:11:41       2    132     37     43 
 20260324    00:11:41       3    146     34     42 
 20260324    00:12:11       0    137     34     42 
 20260324    00:12:11       1    132     36     45 
 20260324    00:12:11       2    132     37     43 
 20260324    00:12:11       3    146     34     42 
 20260324    00:12:41       0    136     34     42 
 20260324    00:12:41       1    132     36     46 
 20260324    00:12:41       2    132     37     43 
 20260324    00:12:41       3    146     34     42 
 20260324    00:13:11       0    137     34     42 
 20260324    00:13:11       1    132     36     45 
 20260324    00:13:11       2    132     36     43 
 20260324    00:13:11       3    146     34     42 
 20260324    00:13:41       0    137     34     42 
 20260324    00:13:41       1    132     36     45 
 20260324    00:13:41       2    132     36     43 
 20260324    00:13:41       3    146     34     42 
 20260324    00:14:11       0    137     34     42 
 20260324    00:14:11       1    132     36     45 
 20260324    00:14:11       2    132     37     44 
 20260324    00:14:11       3    146     34     42 
 20260324    00:14:41       0    136     34     42 
 20260324    00:14:41       1    132     36     45 
 20260324    00:14:41       2    132     37     43 
 20260324    00:14:41       3    146     34     42 
#Date        Time         gpu    pwr  gtemp  mtemp 
#YYYYMMDD    HH:MM:SS     Idx      W      C      C 
 20260324    00:15:11       0    137     34     42 
 20260324    00:15:11       1    132     36     45 
 20260324    00:15:11       2    132     37     43 
 20260324    00:15:11       3    146     34     42 
 20260324    00:15:41       0    137     34     43 
 20260324    00:15:41       1    132     36     45 
 20260324    00:15:41       2    132     36     43 
 20260324    00:15:41       3    146     34     42 
 20260324    00:16:11       0    137     34     42 
 20260324    00:16:11       1    132     36     46 
 20260324    00:16:11       2    132     37     43 
 20260324    00:16:11       3    146     34     42 
 20260324    00:16:41       0    137     34     42 
 20260324    00:16:41       1    132     36     45 
 20260324    00:16:41       2    132     37     43 
 20260324    00:16:41       3    146     34     42 
 20260324    00:17:11       0    136     34     42 
 20260324    00:17:11       1    132     36     45 
 20260324    00:17:11       2    132     37     43 
 20260324    00:17:11       3    146     34     42 
 20260324    00:17:41       0    137     34     42 
 20260324    00:17:41       1    132     36     46 
 20260324    00:17:41       2    132     37     43 
 20260324    00:17:41       3    146     34     42 
 20260324    00:18:11       0    137     34     42 
 20260324    00:18:11       1    132     36     45 
 20260324    00:18:11       2    132     37     43 
 20260324    00:18:11       3    146     34     42 
 20260324    00:18:41       0    137     34     42 
 20260324    00:18:41       1    132     36     46 
 20260324    00:18:41       2    131     36     43 
 20260324    00:18:41       3    146     34     42 
 20260324    00:19:11       0    137     34     42 
 20260324    00:19:11       1    132     36     45 
 20260324    00:19:11       2    132     37     43 
 20260324    00:19:11       3    146     34     42 
 20260324    00:19:41       0    136     34     42 
 20260324    00:19:41       1    132     36     46 
 20260324    00:19:41       2    132     37     43 
 20260324    00:19:41       3    146     34     42 
 20260324    00:20:11       0    136     34     42 
 20260324    00:20:11       1    132     36     46 
 20260324    00:20:11       2    132     36     43 
 20260324    00:20:11       3    146     34     42 
#Date        Time         gpu    pwr  gtemp  mtemp 
#YYYYMMDD    HH:MM:SS     Idx      W      C      C 
 20260324    00:20:41       0    136     34     42 
 20260324    00:20:41       1    132     36     46 
 20260324    00:20:41       2    132     36     43 
 20260324    00:20:41       3    146     34     42 
 20260324    00:21:11       0    136     34     42 
 20260324    00:21:11       1    132     36     46 
 20260324    00:21:11       2    132     36     43 
 20260324    00:21:11       3    146     34     42 
 20260324    00:21:41       0    137     34     42 
 20260324    00:21:41       1    132     36     45 
 20260324    00:21:41       2    132     37     43 
 20260324    00:21:41       3    146     34     42 
 20260324    00:22:11       0    137     34     42 
 20260324    00:22:11       1    132     36     45 
 20260324    00:22:11       2    132     37     43 
 20260324    00:22:11       3    146     34     42 
 20260324    00:22:41       0    137     34     42 
 20260324    00:22:41       1    132     36     45 
 20260324    00:22:41       2    132     36     43 
 20260324    00:22:41       3    146     34     42 
 20260324    00:23:11       0    137     34     42 
 20260324    00:23:11       1    132     36     45 
 20260324    00:23:11       2    132     36     43 
 20260324    00:23:11       3    146     34     42 
 20260324    00:23:41       0    136     34     42 
 20260324    00:23:41       1    132     36     45 
 20260324    00:23:41       2    132     36     43 
 20260324    00:23:41       3    146     34     42 
 20260324    00:24:11       0    137     34     42 
 20260324    00:24:11       1    132     36     46 
 20260324    00:24:11       2    131     36     43 
 20260324    00:24:11       3    146     34     42 
 20260324    00:24:41       0    137     34     42 
 20260324    00:24:41       1    132     36     45 
 20260324    00:24:41       2    132     36     43 
 20260324    00:24:41       3    146     34     42 
 20260324    00:25:11       0    137     34     42 
 20260324    00:25:11       1    132     36     45 
 20260324    00:25:11       2    132     36     43 
 20260324    00:25:11       3    146     34     42 
 20260324    00:25:41       0    137     34     42 
 20260324    00:25:41       1    133     36     46 
 20260324    00:25:41       2    132     37     43 
 20260324    00:25:41       3    146     34     42 
#Date        Time         gpu    pwr  gtemp  mtemp 
#YYYYMMDD    HH:MM:SS     Idx      W      C      C 
 20260324    00:26:11       0    137     34     42 
 20260324    00:26:11       1    132     36     45 
 20260324    00:26:11       2    132     36     43 
 20260324    00:26:11       3    146     34     42 
 20260324    00:26:41       0    137     34     42 
 20260324    00:26:41       1    132     36     46 
 20260324    00:26:41       2    132     36     43 
 20260324    00:26:41       3    146     34     42 
 20260324    00:27:11       0    137     34     42 
 20260324    00:27:11       1    132     36     45 
 20260324    00:27:11       2    131     36     43 
 20260324    00:27:11       3    146     34     42 
 20260324    00:27:41       0    136     34     42 
 20260324    00:27:41       1    132     36     46 
 20260324    00:27:41       2    132     36     43 
 20260324    00:27:41       3    146     34     42 
 20260324    00:28:11       0    137     34     42 
 20260324    00:28:11       1    132     36     45 
 20260324    00:28:11       2    132     36     43 
 20260324    00:28:11       3    146     34     42 
 20260324    00:28:41       0    137     34     42 
 20260324    00:28:41       1    132     36     45 
 20260324    00:28:41       2    132     37     43 
 20260324    00:28:41       3    146     34     42 
 20260324    00:29:11       0    137     34     42 
 20260324    00:29:11       1    132     36     45 
 20260324    00:29:11       2    132     37     43 
 20260324    00:29:11       3    146     34     42 
 20260324    00:29:41       0    136     34     42 
 20260324    00:29:41       1    132     36     45 
 20260324    00:29:41       2    132     36     43 
 20260324    00:29:41       3    146     34     42 
 20260324    00:30:11       0    136     34     42 
 20260324    00:30:11       1    132     36     45 
 20260324    00:30:11       2    132     36     43 
 20260324    00:30:11       3    146     34     42 
 20260324    00:30:41       0    136     34     42 
 20260324    00:30:41       1    132     36     46 
 20260324    00:30:41       2    131     37     43 
 20260324    00:30:41       3    146     34     42 
 20260324    00:31:11       0    136     34     42 
 20260324    00:31:11       1    132     36     45 
 20260324    00:31:11       2    132     37     43 
 20260324    00:31:11       3    146     34     42 
#Date        Time         gpu    pwr  gtemp  mtemp 
#YYYYMMDD    HH:MM:SS     Idx      W      C      C 
 20260324    00:31:41       0    136     34     42 
 20260324    00:31:41       1    132     36     46 
 20260324    00:31:41       2    132     36     43 
 20260324    00:31:41       3    146     34     42 
 20260324    00:32:11       0    136     34     42 
 20260324    00:32:11       1    132     36     46 
 20260324    00:32:11       2    132     37     44 
 20260324    00:32:11       3    146     34     42 
 20260324    00:32:41       0    136     34     42 
 20260324    00:32:41       1    132     36     46 
 20260324    00:32:41       2    132     37     43 
 20260324    00:32:41       3    146     34     42 
 20260324    00:33:11       0    137     34     42 
 20260324    00:33:11       1    132     36     45 
 20260324    00:33:11       2    132     36     43 
 20260324    00:33:11       3    146     34     42 
 20260324    00:33:41       0    136     34     42 
 20260324    00:33:41       1    132     36     45 
 20260324    00:33:41       2    132     37     43 
 20260324    00:33:41       3    146     34     42 
 20260324    00:34:11       0    136     34     42 
 20260324    00:34:11       1    132     36     46 
 20260324    00:34:11       2    132     36     43 
 20260324    00:34:11       3    146     34     42 
 20260324    00:34:41       0    136     34     42 
 20260324    00:34:41       1    132     36     45 
 20260324    00:34:41       2    131     36     43 
 20260324    00:34:41       3    146     34     42 
 20260324    00:35:11       0    136     34     43 
 20260324    00:35:11       1    132     36     46 
 20260324    00:35:11       2    132     36     43 
 20260324    00:35:11       3    146     34     42 
 20260324    00:35:41       0    136     34     42 
 20260324    00:35:41       1    132     36     45 
 20260324    00:35:41       2    132     37     43 
 20260324    00:35:41       3    146     34     42 
 20260324    00:36:11       0    137     34     42 
 20260324    00:36:11       1    132     36     46 
 20260324    00:36:11       2    132     37     43 
 20260324    00:36:11       3    146     34     42 
 20260324    00:36:41       0    137     34     42 
 20260324    00:36:41       1    132     36     46 
 20260324    00:36:41       2    132     36     43 
 20260324    00:36:41       3    146     34     42 
#Date        Time         gpu    pwr  gtemp  mtemp 
#YYYYMMDD    HH:MM:SS     Idx      W      C      C 
 20260324    00:37:11       0    136     34     43 
 20260324    00:37:11       1    132     36     46 
 20260324    00:37:11       2    132     36     43 
 20260324    00:37:11       3    146     34     42 
 20260324    00:37:41       0    137     34     42 
 20260324    00:37:41       1    132     36     46 
 20260324    00:37:41       2    132     36     43 
 20260324    00:37:41       3    146     34     42 
 20260324    00:38:11       0    136     34     42 
 20260324    00:38:11       1    132     36     46 
 20260324    00:38:11       2    132     37     43 
 20260324    00:38:11       3    146     34     42 
 20260324    00:38:41       0    136     34     42 
 20260324    00:38:41       1    132     36     45 
 20260324    00:38:41       2    132     37     43 
 20260324    00:38:41       3    146     34     42 
 20260324    00:39:11       0    137     34     42 
 20260324    00:39:11       1    132     36     45 
 20260324    00:39:11       2    132     37     43 
 20260324    00:39:11       3    146     34     42 
 20260324    00:39:41       0    136     34     42 
 20260324    00:39:41       1    132     36     46 
 20260324    00:39:41       2    132     36     43 
 20260324    00:39:41       3    146     34     42 
 20260324    00:40:11       0    136     34     42 
 20260324    00:40:11       1    132     36     45 
 20260324    00:40:11       2    132     36     43 
 20260324    00:40:11       3    146     34     42 
 20260324    00:40:41       0    136     34     42 
 20260324    00:40:41       1    132     36     46 
 20260324    00:40:41       2    132     37     43 
 20260324    00:40:41       3    146     34     42 
 20260324    00:41:11       0    137     34     42 
 20260324    00:41:11       1    132     36     45 
 20260324    00:41:11       2    132     37     43 
 20260324    00:41:11       3    146     34     42 
 20260324    00:41:41       0    137     34     42 
 20260324    00:41:41       1    132     36     45 
 20260324    00:41:41       2    132     37     43 
 20260324    00:41:41       3    146     34     42 
 20260324    00:42:11       0    136     34     42 
 20260324    00:42:11       1    132     36     45 
 20260324    00:42:11       2    132     37     43 
 20260324    00:42:11       3    146     34     42 
#Date        Time         gpu    pwr  gtemp  mtemp 
#YYYYMMDD    HH:MM:SS     Idx      W      C      C 
 20260324    00:42:41       0    137     34     42 
 20260324    00:42:41       1    132     36     45 
 20260324    00:42:41       2    132     36     43 
 20260324    00:42:41       3    146     34     42 
 20260324    00:43:11       0    136     34     42 
 20260324    00:43:11       1    132     36     46 
 20260324    00:43:11       2    132     36     43 
 20260324    00:43:11       3    146     34     42 
 20260324    00:43:41       0    136     34     42 
 20260324    00:43:41       1    132     36     46 
 20260324    00:43:41       2    132     36     43 
 20260324    00:43:41       3    146     34     42 
 20260324    00:44:11       0    137     34     42 
 20260324    00:44:11       1    132     36     45 
 20260324    00:44:11       2    132     36     43 
 20260324    00:44:11       3    146     34     42 
 20260324    00:44:41       0    136     34     42 
 20260324    00:44:41       1    132     36     45 
 20260324    00:44:41       2    132     36     43 
 20260324    00:44:41       3    146     34     42 
 20260324    00:45:11       0    136     34     42 
 20260324    00:45:11       1    132     36     45 
 20260324    00:45:11       2    132     36     43 
 20260324    00:45:11       3    146     34     42 
 20260324    00:45:41       0    136     34     42 
 20260324    00:45:41       1    132     36     45 
 20260324    00:45:41       2    132     36     43 
 20260324    00:45:41       3    146     34     42 
 20260324    00:46:11       0    136     34     42 
 20260324    00:46:11       1    132     36     45 
 20260324    00:46:11       2    132     36     43 
 20260324    00:46:11       3    146     34     42 
 20260324    00:46:41       0    136     34     42 
 20260324    00:46:41       1    132     36     46 
 20260324    00:46:41       2    132     37     43 
 20260324    00:46:41       3    146     34     42 
 20260324    00:47:11       0    136     34     42 
 20260324    00:47:11       1    132     36     45 
 20260324    00:47:11       2    132     36     43 
 20260324    00:47:11       3    146     34     42 
 20260324    00:47:41       0    136     34     42 
 20260324    00:47:41       1    132     36     45 
 20260324    00:47:41       2    132     37     43 
 20260324    00:47:41       3    146     34     42 
#Date        Time         gpu    pwr  gtemp  mtemp 
#YYYYMMDD    HH:MM:SS     Idx      W      C      C 
 20260324    00:48:11       0    136     34     42 
 20260324    00:48:11       1    132     36     45 
 20260324    00:48:11       2    132     37     43 
 20260324    00:48:11       3    146     34     42 
 20260324    00:48:41       0    136     34     43 
 20260324    00:48:41       1    132     36     45 
 20260324    00:48:41       2    132     37     43 
 20260324    00:48:41       3    146     34     42 
 20260324    00:49:11       0    136     34     42 
 20260324    00:49:11       1    132     36     46 
 20260324    00:49:11       2    132     37     43 
 20260324    00:49:11       3    146     34     42 
 20260324    00:49:41       0    136     34     42 
 20260324    00:49:41       1    132     36     46 
 20260324    00:49:41       2    132     37     43 
 20260324    00:49:41       3    146     34     42 
 20260324    00:50:11       0    137     34     42 
 20260324    00:50:11       1    132     36     45 
 20260324    00:50:11       2    132     37     43 
 20260324    00:50:11       3    146     34     42 
 20260324    00:50:41       0    136     34     42 
 20260324    00:50:41       1    132     36     46 
 20260324    00:50:41       2    132     36     43 
 20260324    00:50:41       3    146     34     42 
 20260324    00:51:11       0    136     34     42 
 20260324    00:51:11       1    132     36     45 
 20260324    00:51:11       2    132     37     43 
 20260324    00:51:11       3    146     34     42 
 20260324    00:51:41       0    137     34     42 
 20260324    00:51:41       1    132     36     45 
 20260324    00:51:41       2    132     37     43 
 20260324    00:51:41       3    146     34     42 
 20260324    00:52:11       0    136     34     42 
 20260324    00:52:11       1    132     36     45 
 20260324    00:52:11       2    132     37     44 
 20260324    00:52:11       3    146     34     42 
 20260324    00:52:41       0    136     34     42 
 20260324    00:52:41       1    132     36     45 
 20260324    00:52:41       2    132     37     43 
 20260324    00:52:41       3    146     34     42 
 20260324    00:53:11       0    136     34     42 
 20260324    00:53:11       1    132     36     45 
 20260324    00:53:11       2    132     37     43 
 20260324    00:53:11       3    146     34     42 
#Date        Time         gpu    pwr  gtemp  mtemp 
#YYYYMMDD    HH:MM:SS     Idx      W      C      C 
 20260324    00:53:41       0    136     34     42 
 20260324    00:53:41       1    132     36     45 
 20260324    00:53:41       2    132     37     44 
 20260324    00:53:41       3    146     34     42 
 20260324    00:54:11       0    137     34     42 
 20260324    00:54:11       1    132     36     45 
 20260324    00:54:11       2    132     37     44 
 20260324    00:54:11       3    146     34     42 
 20260324    00:54:41       0    137     34     42 
 20260324    00:54:41       1    132     36     45 
 20260324    00:54:41       2    132     37     44 
 20260324    00:54:41       3    146     34     42 
 20260324    00:55:11       0    137     34     42 
 20260324    00:55:11       1    132     36     45 
 20260324    00:55:11       2    132     37     43 
 20260324    00:55:11       3    146     34     42 
 20260324    00:55:41       0    136     34     42 
 20260324    00:55:41       1    132     36     45 
 20260324    00:55:41       2    132     37     44 
 20260324    00:55:41       3    146     34     42 
 20260324    00:56:11       0    136     34     42 
 20260324    00:56:11       1    132     36     45 
 20260324    00:56:11       2    132     37     44 
 20260324    00:56:11       3    146     34     42 
 20260324    00:56:41       0    136     34     42 
 20260324    00:56:41       1    132     36     45 
 20260324    00:56:41       2    132     37     43 
 20260324    00:56:41       3    146     34     42 
 20260324    00:57:11       0    137     34     42 
 20260324    00:57:11       1    132     36     45 
 20260324    00:57:11       2    132     37     43 
 20260324    00:57:11       3    146     34     42 
 20260324    00:57:41       0    137     34     42 
 20260324    00:57:41       1    133     36     45 
 20260324    00:57:41       2    132     37     44 
 20260324    00:57:41       3    146     34     42 
 20260324    00:58:11       0    137     34     42 
 20260324    00:58:11       1    132     36     45 
 20260324    00:58:11       2    132     37     43 
 20260324    00:58:11       3    146     34     42 
 20260324    00:58:41       0    137     34     42 
 20260324    00:58:41       1    132     36     45 
 20260324    00:58:41       2    132     37     44 
 20260324    00:58:41       3    146     34     42 
#Date        Time         gpu    pwr  gtemp  mtemp 
#YYYYMMDD    HH:MM:SS     Idx      W      C      C 
 20260324    00:59:11       0    137     34     42 
 20260324    00:59:11       1    132     36     45 
 20260324    00:59:11       2    132     37     44 
 20260324    00:59:11       3    146     34     42 
 20260324    00:59:41       0    136     34     42 
 20260324    00:59:41       1    132     36     45 
 20260324    00:59:41       2    132     37     43 
 20260324    00:59:41       3    146     34     42 
 20260324    01:00:11       0    136     34     42 
 20260324    01:00:11       1    132     36     45 
 20260324    01:00:11       2    132     37     44 
 20260324    01:00:11       3    146     34     42 
 20260324    01:00:41       0    137     34     42 
 20260324    01:00:41       1    132     36     46 
 20260324    01:00:41       2    132     37     43 
 20260324    01:00:41       3    146     34     42 
 20260324    01:01:11       0    136     34     42 
 20260324    01:01:11       1    132     36     45 
 20260324    01:01:11       2    132     37     44 
 20260324    01:01:11       3    146     34     43 
 20260324    01:01:41       0    137     34     42 
 20260324    01:01:41       1    132     36     45 
 20260324    01:01:41       2    132     37     44 
 20260324    01:01:41       3    146     34     42 
 20260324    01:02:11       0    136     34     42 
 20260324    01:02:11       1    132     36     45 
 20260324    01:02:11       2    132     37     43 
 20260324    01:02:11       3    146     34     42 
 20260324    01:02:41       0    136     34     42 
 20260324    01:02:41       1    132     36     45 
 20260324    01:02:41       2    132     37     43 
 20260324    01:02:41       3    146     34     42 
 20260324    01:03:11       0    136     34     42 
 20260324    01:03:11       1    132     36     45 
 20260324    01:03:11       2    132     37     43 
 20260324    01:03:11       3    146     34     42 
 20260324    01:03:41       0    136     34     42 
 20260324    01:03:41       1    132     36     46 
 20260324    01:03:41       2    132     37     43 
 20260324    01:03:41       3    146     34     42 
 20260324    01:04:11       0    136     34     42 
 20260324    01:04:11       1    132     36     46 
 20260324    01:04:11       2    132     36     43 
 20260324    01:04:11       3    146     34     42 
#Date        Time         gpu    pwr  gtemp  mtemp 
#YYYYMMDD    HH:MM:SS     Idx      W      C      C 
 20260324    01:04:41       0    136     34     42 
 20260324    01:04:41       1    132     36     45 
 20260324    01:04:41       2    131     36     43 
 20260324    01:04:41       3    146     34     42 
 20260324    01:05:11       0    137     34     42 
 20260324    01:05:11       1    132     36     45 
 20260324    01:05:11       2    131     36     43 
 20260324    01:05:11       3    146     34     42 
 20260324    01:05:41       0    136     34     42 
 20260324    01:05:41       1    132     36     45 
 20260324    01:05:41       2    132     37     43 
 20260324    01:05:41       3    146     34     42 
 20260324    01:06:11       0    137     34     42 
 20260324    01:06:11       1    132     36     46 
 20260324    01:06:11       2    132     37     43 
 20260324    01:06:11       3    146     34     42 
 20260324    01:06:41       0    137     34     42 
 20260324    01:06:41       1    132     36     45 
 20260324    01:06:41       2    132     37     43 
 20260324    01:06:41       3    146     34     42 
 20260324    01:07:11       0    137     34     42 
 20260324    01:07:11       1    132     36     45 
 20260324    01:07:11       2    132     37     44 
 20260324    01:07:11       3    146     34     42 
 20260324    01:07:41       0    136     34     42 
 20260324    01:07:41       1    132     36     45 
 20260324    01:07:41       2    132     37     43 
 20260324    01:07:41       3    146     34     42 
 20260324    01:08:11       0    137     34     42 
 20260324    01:08:11       1    132     36     45 
 20260324    01:08:11       2    132     36     43 
 20260324    01:08:11       3    146     34     42 
 20260324    01:08:41       0    136     34     42 
 20260324    01:08:41       1    132     36     45 
 20260324    01:08:41       2    132     36     43 
 20260324    01:08:41       3    146     34     42 
 20260324    01:09:11       0    136     34     42 
 20260324    01:09:11       1    132     36     46 
 20260324    01:09:11       2    132     37     43 
 20260324    01:09:11       3    146     34     42 
 20260324    01:09:41       0    137     34     42 
 20260324    01:09:41       1    132     36     45 
 20260324    01:09:41       2    132     37     44 
 20260324    01:09:41       3    146     34     42 
#Date        Time         gpu    pwr  gtemp  mtemp 
#YYYYMMDD    HH:MM:SS     Idx      W      C      C 
 20260324    01:10:11       0    137     34     42 
 20260324    01:10:11       1    132     36     45 
 20260324    01:10:11       2    132     37     43 
 20260324    01:10:11       3    146     34     42 
 20260324    01:10:41       0    136     34     42 
 20260324    01:10:41       1    132     36     46 
 20260324    01:10:41       2    132     36     43 
 20260324    01:10:41       3    146     34     42 
 20260324    01:11:11       0    136     34     42 
 20260324    01:11:11       1    132     36     46 
 20260324    01:11:11       2    132     36     43 
 20260324    01:11:11       3    146     34     42 
 20260324    01:11:41       0    136     34     42 
 20260324    01:11:41       1    132     36     45 
 20260324    01:11:41       2    132     36     43 
 20260324    01:11:41       3    146     34     42 
 20260324    01:12:11       0    137     34     42 
 20260324    01:12:11       1    132     36     45 
 20260324    01:12:11       2    132     37     43 
 20260324    01:12:11       3    146     34     42 
 20260324    01:12:41       0    137     34     42 
 20260324    01:12:41       1    132     36     45 
 20260324    01:12:41       2    132     37     43 
 20260324    01:12:41       3    146     34     42 
 20260324    01:13:11       0    137     34     42 
 20260324    01:13:11       1    132     36     45 
 20260324    01:13:11       2    132     37     44 
 20260324    01:13:11       3    146     34     42 
 20260324    01:13:41       0    137     34     42 
 20260324    01:13:41       1    132     36     45 
 20260324    01:13:41       2    132     36     43 
 20260324    01:13:41       3    146     34     42 
 20260324    01:14:11       0    136     34     42 
 20260324    01:14:11       1    132     36     45 
 20260324    01:14:11       2    132     36     43 
 20260324    01:14:11       3    146     34     42 
 20260324    01:14:41       0    137     34     42 
 20260324    01:14:41       1    132     36     45 
 20260324    01:14:41       2    132     37     43 
 20260324    01:14:41       3    146     34     42 
 20260324    01:15:11       0    137     34     42 
 20260324    01:15:11       1    132     36     45 
 20260324    01:15:11       2    132     37     44 
 20260324    01:15:11       3    146     34     42 
#Date        Time         gpu    pwr  gtemp  mtemp 
#YYYYMMDD    HH:MM:SS     Idx      W      C      C 
 20260324    01:15:41       0    136     34     42 
 20260324    01:15:41       1    132     36     45 
 20260324    01:15:41       2    132     36     43 
 20260324    01:15:41       3    146     34     42 
 20260324    01:16:11       0    136     34     42 
 20260324    01:16:11       1    132     36     45 
 20260324    01:16:11       2    132     36     43 
 20260324    01:16:11       3    146     34     42 
 20260324    01:16:41       0    136     34     42 
 20260324    01:16:41       1    132     36     45 
 20260324    01:16:41       2    132     37     43 
 20260324    01:16:41       3    146     34     42 
 20260324    01:17:11       0    136     34     42 
 20260324    01:17:11       1    132     36     46 
 20260324    01:17:11       2    132     37     43 
 20260324    01:17:11       3    146     34     42 
 20260324    01:17:41       0    137     34     42 
 20260324    01:17:41       1    132     36     45 
 20260324    01:17:41       2    132     37     43 
 20260324    01:17:41       3    146     34     42 
 20260324    01:18:11       0    136     34     42 
 20260324    01:18:11       1    132     36     45 
 20260324    01:18:11       2    132     37     44 
 20260324    01:18:11       3    146     34     42 
 20260324    01:18:41       0    136     34     42 
 20260324    01:18:41       1    132     36     46 
 20260324    01:18:41       2    132     37     43 
 20260324    01:18:41       3    146     34     42 
 20260324    01:19:11       0    137     34     42 
 20260324    01:19:11       1    132     36     45 
 20260324    01:19:11       2    132     37     44 
 20260324    01:19:11       3    146     34     42 
 20260324    01:19:41       0    136     34     42 
 20260324    01:19:41       1    132     36     45 
 20260324    01:19:41       2    132     37     44 
 20260324    01:19:41       3    146     34     42 
 20260324    01:20:11       0    136     34     42 
 20260324    01:20:11       1    132     36     45 
 20260324    01:20:11       2    132     37     43 
 20260324    01:20:11       3    146     34     42 
 20260324    01:20:41       0    136     34     42 
 20260324    01:20:41       1    132     36     46 
 20260324    01:20:41       2    132     36     43 
 20260324    01:20:41       3    146     34     42 
#Date        Time         gpu    pwr  gtemp  mtemp 
#YYYYMMDD    HH:MM:SS     Idx      W      C      C 
 20260324    01:21:11       0    136     34     42 
 20260324    01:21:11       1    132     36     45 
 20260324    01:21:11       2    132     37     43 
 20260324    01:21:11       3    146     34     42 
 20260324    01:21:41       0    137     34     42 
 20260324    01:21:41       1    132     36     45 
 20260324    01:21:41       2    132     37     43 
 20260324    01:21:41       3    146     34     42 
 20260324    01:22:11       0    137     34     42 
 20260324    01:22:11       1    132     36     46 
 20260324    01:22:11       2    132     37     43 
 20260324    01:22:11       3    146     34     42 
 20260324    01:22:41       0    137     34     42 
 20260324    01:22:41       1    132     36     46 
 20260324    01:22:41       2    132     37     43 
 20260324    01:22:41       3    146     34     42 
 20260324    01:23:11       0    136     34     42 
 20260324    01:23:11       1    132     36     46 
 20260324    01:23:11       2    132     36     43 
 20260324    01:23:11       3    146     34     42 
 20260324    01:23:41       0    136     34     42 
 20260324    01:23:41       1    132     36     45 
 20260324    01:23:41       2    132     36     43 
 20260324    01:23:41       3    146     34     42 
 20260324    01:24:11       0    136     34     42 
 20260324    01:24:11       1    132     36     45 
 20260324    01:24:11       2    132     36     43 
 20260324    01:24:11       3    146     34     42 
 20260324    01:24:41       0    136     34     42 
 20260324    01:24:41       1    132     36     45 
 20260324    01:24:41       2    132     37     43 
 20260324    01:24:41       3    146     34     42 
 20260324    01:25:11       0    136     34     42 
 20260324    01:25:11       1    132     36     46 
 20260324    01:25:11       2    132     37     43 
 20260324    01:25:11       3    146     34     42 
 20260324    01:25:41       0    136     34     42 
 20260324    01:25:41       1    132     36     45 
 20260324    01:25:41       2    132     36     43 
 20260324    01:25:41       3    146     34     42 
 20260324    01:26:11       0    137     34     42 
 20260324    01:26:11       1    132     36     46 
 20260324    01:26:11       2    132     36     43 
 20260324    01:26:11       3    146     34     42 
#Date        Time         gpu    pwr  gtemp  mtemp 
#YYYYMMDD    HH:MM:SS     Idx      W      C      C 
 20260324    01:26:41       0    136     34     42 
 20260324    01:26:41       1    132     36     45 
 20260324    01:26:41       2    132     36     43 
 20260324    01:26:41       3    146     34     42 
 20260324    01:27:11       0    136     34     42 
 20260324    01:27:11       1    132     36     45 
 20260324    01:27:11       2    132     37     43 
 20260324    01:27:11       3    146     34     42 
 20260324    01:27:41       0    136     34     42 
 20260324    01:27:41       1    132     36     45 
 20260324    01:27:41       2    132     37     43 
 20260324    01:27:41       3    146     34     42 
 20260324    01:28:11       0    136     34     42 
 20260324    01:28:11       1    132     36     46 
 20260324    01:28:11       2    132     36     43 
 20260324    01:28:11       3    146     34     42 
 20260324    01:28:41       0    137     34     42 
 20260324    01:28:41       1    132     36     45 
 20260324    01:28:41       2    132     36     43 
 20260324    01:28:41       3    146     34     42 
 20260324    01:29:11       0    136     34     42 
 20260324    01:29:11       1    132     36     45 
 20260324    01:29:11       2    132     36     43 
 20260324    01:29:11       3    146     34     42 
 20260324    01:29:41       0    136     34     42 
 20260324    01:29:41       1    132     36     46 
 20260324    01:29:41       2    132     36     43 
 20260324    01:29:41       3    146     34     42 
 20260324    01:30:11       0    136     34     42 
 20260324    01:30:11       1    132     36     45 
 20260324    01:30:11       2    132     36     43 
 20260324    01:30:11       3    146     34     42 
 20260324    01:30:41       0    136     34     42 
 20260324    01:30:41       1    132     36     45 
 20260324    01:30:41       2    132     36     43 
 20260324    01:30:41       3    146     34     42 
 20260324    01:31:11       0    136     34     42 
 20260324    01:31:11       1    132     36     45 
 20260324    01:31:11       2    132     37     43 
 20260324    01:31:11       3    146     34     42 
 20260324    01:31:41       0    136     34     42 
 20260324    01:31:41       1    132     36     45 
 20260324    01:31:41       2    132     37     43 
 20260324    01:31:41       3    146     34     42 
#Date        Time         gpu    pwr  gtemp  mtemp 
#YYYYMMDD    HH:MM:SS     Idx      W      C      C 
 20260324    01:32:11       0    136     34     42 
 20260324    01:32:11       1    132     36     45 
 20260324    01:32:11       2    132     37     43 
 20260324    01:32:11       3    146     34     42 
 20260324    01:32:41       0    136     34     43 
 20260324    01:32:41       1    132     36     45 
 20260324    01:32:41       2    132     37     43 
 20260324    01:32:41       3    146     34     42 
 20260324    01:33:11       0    137     34     42 
 20260324    01:33:11       1    132     36     46 
 20260324    01:33:11       2    132     37     43 
 20260324    01:33:11       3    146     34     42 
 20260324    01:33:41       0    137     34     42 
 20260324    01:33:41       1    132     36     45 
 20260324    01:33:41       2    132     37     43 
 20260324    01:33:41       3    146     34     42 
 20260324    01:34:11       0    137     34     42 
 20260324    01:34:11       1    132     36     45 
 20260324    01:34:11       2    132     37     43 
 20260324    01:34:11       3    146     34     42 
 20260324    01:34:41       0    136     34     42 
 20260324    01:34:41       1    132     36     45 
 20260324    01:34:41       2    132     37     43 
 20260324    01:34:41       3    146     34     42 
 20260324    01:35:11       0    136     34     42 
 20260324    01:35:11       1    132     36     45 
 20260324    01:35:11       2    132     37     43 
 20260324    01:35:11       3    146     34     42 
 20260324    01:35:41       0    136     34     42 
 20260324    01:35:41       1    132     36     45 
 20260324    01:35:41       2    132     37     43 
 20260324    01:35:41       3    146     34     42 
 20260324    01:36:11       0    136     34     42 
 20260324    01:36:11       1    132     36     46 
 20260324    01:36:11       2    132     37     43 
 20260324    01:36:11       3    146     34     42 
 20260324    01:36:41       0    137     34     42 
 20260324    01:36:41       1    132     36     46 
 20260324    01:36:41       2    132     37     44 
 20260324    01:36:41       3    146     34     42 
 20260324    01:37:11       0    137     34     42 
 20260324    01:37:11       1    132     36     45 
 20260324    01:37:11       2    132     37     43 
 20260324    01:37:11       3    146     34     42 
#Date        Time         gpu    pwr  gtemp  mtemp 
#YYYYMMDD    HH:MM:SS     Idx      W      C      C 
 20260324    01:37:41       0    136     34     42 
 20260324    01:37:41       1    132     36     45 
 20260324    01:37:41       2    132     37     43 
 20260324    01:37:41       3    146     34     42 
 20260324    01:38:11       0    136     34     42 
 20260324    01:38:11       1    132     36     45 
 20260324    01:38:11       2    132     36     43 
 20260324    01:38:11       3    146     34     42 
 20260324    01:38:41       0    137     34     42 
 20260324    01:38:41       1    132     36     45 
 20260324    01:38:41       2    132     37     43 
 20260324    01:38:41       3    146     34     42 
 20260324    01:39:11       0    137     34     42 
 20260324    01:39:11       1    132     36     45 
 20260324    01:39:11       2    132     37     43 
 20260324    01:39:11       3    146     34     42 
 20260324    01:39:41       0    137     34     42 
 20260324    01:39:41       1    132     36     46 
 20260324    01:39:41       2    132     37     43 
 20260324    01:39:41       3    146     34     42 
 20260324    01:40:11       0    136     34     42 
 20260324    01:40:11       1    132     36     45 
 20260324    01:40:11       2    132     37     43 
 20260324    01:40:11       3    146     34     42 
 20260324    01:40:41       0    137     34     42 
 20260324    01:40:41       1    132     36     45 
 20260324    01:40:41       2    132     37     43 
 20260324    01:40:41       3    146     34     42 
 20260324    01:41:11       0    137     34     42 
 20260324    01:41:11       1    132     36     45 
 20260324    01:41:11       2    132     37     43 
 20260324    01:41:11       3    146     34     42 
 20260324    01:41:41       0    137     34     42 
 20260324    01:41:41       1    132     36     45 
 20260324    01:41:41       2    132     37     43 
 20260324    01:41:41       3    146     34     42 
 20260324    01:42:11       0    136     34     42 
 20260324    01:42:11       1    132     36     46 
 20260324    01:42:11       2    132     36     43 
 20260324    01:42:11       3    146     34     42 
 20260324    01:42:41       0    136     34     42 
 20260324    01:42:41       1    132     36     45 
 20260324    01:42:41       2    132     37     43 
 20260324    01:42:41       3    146     34     42 
#Date        Time         gpu    pwr  gtemp  mtemp 
#YYYYMMDD    HH:MM:SS     Idx      W      C      C 
 20260324    01:43:11       0    136     34     42 
 20260324    01:43:11       1    132     36     45 
 20260324    01:43:11       2    132     37     43 
 20260324    01:43:11       3    146     34     42 
 20260324    01:43:41       0    136     34     42 
 20260324    01:43:41       1    132     36     46 
 20260324    01:43:41       2    132     36     43 
 20260324    01:43:41       3    146     34     42 
 20260324    01:44:11       0    136     34     42 
 20260324    01:44:11       1    132     36     45 
 20260324    01:44:11       2    131     36     43 
 20260324    01:44:11       3    146     34     42 
 20260324    01:44:41       0    136     34     42 
 20260324    01:44:41       1    132     36     46 
 20260324    01:44:41       2    132     36     43 
 20260324    01:44:41       3    146     34     42 
 20260324    01:45:11       0    136     34     42 
 20260324    01:45:11       1    132     36     45 
 20260324    01:45:11       2    132     36     43 
 20260324    01:45:11       3    146     34     42 
 20260324    01:45:41       0    136     34     43 
 20260324    01:45:41       1    132     36     46 
 20260324    01:45:41       2    132     36     43 
 20260324    01:45:41       3    146     34     42 
 20260324    01:46:11       0    136     34     42 
 20260324    01:46:11       1    132     36     45 
 20260324    01:46:11       2    132     36     43 
 20260324    01:46:11       3    146     34     42 
 20260324    01:46:41       0    136     34     42 
 20260324    01:46:41       1    132     36     46 
 20260324    01:46:41       2    131     36     43 
 20260324    01:46:41       3    146     34     42 
 20260324    01:47:11       0    136     34     42 
 20260324    01:47:11       1    132     36     45 
 20260324    01:47:11       2    132     36     43 
 20260324    01:47:11       3    146     34     42 
 20260324    01:47:41       0    136     34     42 
 20260324    01:47:41       1    132     36     46 
 20260324    01:47:41       2    132     37     43 
 20260324    01:47:41       3    146     34     42 
 20260324    01:48:11       0    136     34     42 
 20260324    01:48:11       1    132     36     46 
 20260324    01:48:11       2    132     37     43 
 20260324    01:48:11       3    146     34     42 
#Date        Time         gpu    pwr  gtemp  mtemp 
#YYYYMMDD    HH:MM:SS     Idx      W      C      C 
 20260324    01:48:41       0    136     34     42 
 20260324    01:48:41       1    132     36     45 
 20260324    01:48:41       2    131     36     43 
 20260324    01:48:41       3    146     34     42 
 20260324    01:49:11       0    136     34     42 
 20260324    01:49:11       1    132     36     45 
 20260324    01:49:11       2    131     36     43 
 20260324    01:49:11       3    146     34     42 
 20260324    01:49:41       0    136     34     42 
 20260324    01:49:41       1    132     36     46 
 20260324    01:49:41       2    132     36     43 
 20260324    01:49:41       3    146     34     42 
 20260324    01:50:11       0    136     34     42 
 20260324    01:50:11       1    132     36     46 
 20260324    01:50:11       2    132     37     43 
 20260324    01:50:11       3    146     34     42 
 20260324    01:50:41       0    136     34     42 
 20260324    01:50:41       1    132     36     45 
 20260324    01:50:41       2    132     36     43 
 20260324    01:50:41       3    146     34     42 
 20260324    01:51:11       0    136     34     42 
 20260324    01:51:11       1    132     36     45 
 20260324    01:51:11       2    131     36     43 
 20260324    01:51:11       3    146     34     42 
 20260324    01:51:41       0    136     34     42 
 20260324    01:51:41       1    132     36     46 
 20260324    01:51:41       2    131     36     43 
 20260324    01:51:41       3    146     34     42 
 20260324    01:52:11       0    136     34     42 
 20260324    01:52:11       1    132     36     45 
 20260324    01:52:11       2    132     37     43 
 20260324    01:52:11       3    146     34     42 
 20260324    01:52:41       0    136     34     42 
 20260324    01:52:41       1    132     36     46 
 20260324    01:52:41       2    132     37     43 
 20260324    01:52:41       3    146     34     42 
 20260324    01:53:11       0    136     34     42 
 20260324    01:53:11       1    132     36     46 
 20260324    01:53:11       2    132     36     43 
 20260324    01:53:11       3    146     34     42 
 20260324    01:53:41       0    136     34     43 
 20260324    01:53:41       1    132     36     45 
 20260324    01:53:41       2    132     36     43 
 20260324    01:53:41       3    146     34     42 
#Date        Time         gpu    pwr  gtemp  mtemp 
#YYYYMMDD    HH:MM:SS     Idx      W      C      C 
 20260324    01:54:11       0    136     34     42 
 20260324    01:54:11       1    132     36     46 
 20260324    01:54:11       2    132     37     43 
 20260324    01:54:11       3    146     34     42 
 20260324    01:54:41       0    137     34     42 
 20260324    01:54:41       1    132     36     45 
 20260324    01:54:41       2    132     37     43 
 20260324    01:54:41       3    146     34     42 
 20260324    01:55:11       0    136     34     42 
 20260324    01:55:11       1    132     36     46 
 20260324    01:55:11       2    132     36     43 
 20260324    01:55:11       3    146     34     42 
 20260324    01:55:41       0    136     34     42 
 20260324    01:55:41       1    132     36     46 
 20260324    01:55:41       2    132     36     43 
 20260324    01:55:41       3    146     34     42 
 20260324    01:56:11       0    136     34     42 
 20260324    01:56:11       1    132     36     46 
 20260324    01:56:11       2    132     36     43 
 20260324    01:56:11       3    146     34     42 
 20260324    01:56:41       0    136     34     42 
 20260324    01:56:41       1    132     36     46 
 20260324    01:56:41       2    132     37     43 
 20260324    01:56:41       3    146     34     42 
 20260324    01:57:11       0    136     34     42 
 20260324    01:57:11       1    132     36     46 
 20260324    01:57:11       2    132     37     43 
 20260324    01:57:11       3    146     34     42 
 20260324    01:57:41       0    136     34     42 
 20260324    01:57:41       1    132     36     46 
 20260324    01:57:41       2    132     36     43 
 20260324    01:57:41       3    146     34     42 
 20260324    01:58:11       0    136     34     42 
 20260324    01:58:11       1    132     36     45 
 20260324    01:58:11       2    132     36     43 
 20260324    01:58:11       3    146     34     42 
 20260324    01:58:41       0    137     34     42 
 20260324    01:58:41       1    132     36     45 
 20260324    01:58:41       2    132     36     43 
 20260324    01:58:41       3    146     34     42 
 20260324    01:59:11       0    136     34     42 
 20260324    01:59:11       1    132     36     45 
 20260324    01:59:11       2    132     37     43 
 20260324    01:59:11       3    146     34     42 
#Date        Time         gpu    pwr  gtemp  mtemp 
#YYYYMMDD    HH:MM:SS     Idx      W      C      C 
 20260324    01:59:41       0    137     34     42 
 20260324    01:59:41       1    132     36     46 
 20260324    01:59:41       2    132     37     43 
 20260324    01:59:41       3    146     34     42 
 20260324    02:00:11       0    137     34     42 
 20260324    02:00:11       1    132     36     45 
 20260324    02:00:11       2    132     37     43 
 20260324    02:00:11       3    146     34     42 
 20260324    02:00:41       0    136     34     42 
 20260324    02:00:41       1    132     36     46 
 20260324    02:00:41       2    132     36     43 
 20260324    02:00:41       3    146     34     42 
 20260324    02:01:11       0    136     34     42 
 20260324    02:01:11       1    132     36     45 
 20260324    02:01:11       2    131     37     43 
 20260324    02:01:11       3    146     34     42 
 20260324    02:01:41       0    136     34     42 
 20260324    02:01:41       1    132     36     46 
 20260324    02:01:41       2    132     37     43 
 20260324    02:01:41       3    146     34     42 
 20260324    02:02:11       0    136     34     42 
 20260324    02:02:11       1    132     36     46 
 20260324    02:02:11       2    132     37     43 
 20260324    02:02:11       3    146     34     42 
 20260324    02:02:41       0    136     34     42 
 20260324    02:02:41       1    132     36     45 
 20260324    02:02:41       2    132     37     43 
 20260324    02:02:41       3    146     34     42 
 20260324    02:03:11       0    136     34     42 
 20260324    02:03:11       1    132     36     45 
 20260324    02:03:11       2    132     37     43 
 20260324    02:03:11       3    146     34     42 
 20260324    02:03:41       0    136     34     42 
 20260324    02:03:41       1    132     36     45 
 20260324    02:03:41       2    131     37     43 
 20260324    02:03:41       3    146     34     42 
 20260324    02:04:11       0    136     34     42 
 20260324    02:04:11       1    132     36     46 
 20260324    02:04:11       2    132     37     43 
 20260324    02:04:11       3    146     34     42 
 20260324    02:04:41       0    136     34     42 
 20260324    02:04:41       1    132     36     45 
 20260324    02:04:41       2    132     37     43 
 20260324    02:04:41       3    146     34     42 
#Date        Time         gpu    pwr  gtemp  mtemp 
#YYYYMMDD    HH:MM:SS     Idx      W      C      C 
 20260324    02:05:11       0    136     34     42 
 20260324    02:05:11       1    132     36     46 
 20260324    02:05:11       2    131     36     43 
 20260324    02:05:11       3    146     34     42 
 20260324    02:05:41       0    136     34     42 
 20260324    02:05:41       1    132     36     45 
 20260324    02:05:41       2    132     36     43 
 20260324    02:05:41       3    146     34     42 
 20260324    02:06:11       0    136     34     42 
 20260324    02:06:11       1    132     36     45 
 20260324    02:06:11       2    132     36     43 
 20260324    02:06:11       3    146     34     42 
 20260324    02:06:41       0    136     34     42 
 20260324    02:06:41       1    132     36     45 
 20260324    02:06:41       2    132     36     43 
 20260324    02:06:41       3    146     34     42 
 20260324    02:07:11       0    136     34     42 
 20260324    02:07:11       1    132     36     45 
 20260324    02:07:11       2    132     36     43 
 20260324    02:07:11       3    146     34     42 
 20260324    02:07:41       0    136     34     43 
 20260324    02:07:41       1    132     36     45 
 20260324    02:07:41       2    132     36     43 
 20260324    02:07:41       3    146     34     42 
 20260324    02:08:11       0    136     34     42 
 20260324    02:08:11       1    132     36     45 
 20260324    02:08:11       2    132     36     43 
 20260324    02:08:11       3    146     34     42 
 20260324    02:08:41       0    136     34     42 
 20260324    02:08:41       1    132     36     45 
 20260324    02:08:41       2    131     36     43 
 20260324    02:08:41       3    146     34     42 
 20260324    02:09:11       0    136     34     42 
 20260324    02:09:11       1    132     36     45 
 20260324    02:09:11       2    132     36     43 
 20260324    02:09:11       3    146     34     42 
 20260324    02:09:41       0    136     34     42 
 20260324    02:09:41       1    132     36     45 
 20260324    02:09:41       2    132     36     43 
 20260324    02:09:41       3    146     34     42 
 20260324    02:10:11       0    136     34     42 
 20260324    02:10:11       1    132     36     45 
 20260324    02:10:11       2    132     36     43 
 20260324    02:10:11       3    146     34     42 
#Date        Time         gpu    pwr  gtemp  mtemp 
#YYYYMMDD    HH:MM:SS     Idx      W      C      C 
 20260324    02:10:41       0    136     34     42 
 20260324    02:10:41       1    132     36     46 
 20260324    02:10:41       2    131     36     43 
 20260324    02:10:41       3    146     34     42 
 20260324    02:11:11       0    136     34     42 
 20260324    02:11:11       1    132     36     46 
 20260324    02:11:11       2    132     36     43 
 20260324    02:11:11       3    146     34     42 
 20260324    02:11:41       0    136     34     42 
 20260324    02:11:41       1    132     36     46 
 20260324    02:11:41       2    132     36     43 
 20260324    02:11:41       3    146     34     42 
 20260324    02:12:11       0    136     34     42 
 20260324    02:12:11       1    132     36     45 
 20260324    02:12:11       2    132     37     43 
 20260324    02:12:11       3    146     34     42 
 20260324    02:12:41       0    136     34     42 
 20260324    02:12:41       1    132     36     45 
 20260324    02:12:41       2    132     36     43 
 20260324    02:12:41       3    146     34     42 
 20260324    02:13:11       0    136     34     42 
 20260324    02:13:11       1    132     36     45 
 20260324    02:13:11       2    132     36     43 
 20260324    02:13:11       3    146     34     42 
 20260324    02:13:41       0    136     34     42 
 20260324    02:13:41       1    132     36     45 
 20260324    02:13:41       2    132     37     43 
 20260324    02:13:41       3    146     34     42 
 20260324    02:14:11       0    136     34     42 
 20260324    02:14:11       1    132     36     45 
 20260324    02:14:11       2    132     37     44 
 20260324    02:14:11       3    146     34     42 
 20260324    02:14:41       0    136     34     42 
 20260324    02:14:41       1    132     36     46 
 20260324    02:14:41       2    132     36     43 
 20260324    02:14:41       3    146     34     42 
 20260324    02:15:11       0    136     34     42 
 20260324    02:15:11       1    132     36     45 
 20260324    02:15:11       2    132     36     43 
 20260324    02:15:11       3    146     34     42 
 20260324    02:15:41       0    136     34     42 
 20260324    02:15:41       1    132     36     45 
 20260324    02:15:41       2    132     36     43 
 20260324    02:15:41       3    146     34     42 
#Date        Time         gpu    pwr  gtemp  mtemp 
#YYYYMMDD    HH:MM:SS     Idx      W      C      C 
 20260324    02:16:11       0    136     34     42 
 20260324    02:16:11       1    132     36     46 
 20260324    02:16:11       2    132     36     43 
 20260324    02:16:11       3    146     34     42 
 20260324    02:16:41       0    136     34     42 
 20260324    02:16:41       1    132     36     45 
 20260324    02:16:41       2    132     37     43 
 20260324    02:16:41       3    146     34     42 
 20260324    02:17:11       0    136     34     42 
 20260324    02:17:11       1    132     36     45 
 20260324    02:17:11       2    132     37     43 
 20260324    02:17:11       3    146     34     42 
 20260324    02:17:41       0    136     34     42 
 20260324    02:17:41       1    132     36     46 
 20260324    02:17:41       2    132     37     43 
 20260324    02:17:41       3    146     34     42 
 20260324    02:18:11       0    136     34     42 
 20260324    02:18:11       1    132     36     45 
 20260324    02:18:11       2    132     37     43 
 20260324    02:18:11       3    146     34     42 
 20260324    02:18:41       0    137     34     42 
 20260324    02:18:41       1    132     36     45 
 20260324    02:18:41       2    132     37     43 
 20260324    02:18:41       3    146     34     42 
 20260324    02:19:11       0    136     34     42 
 20260324    02:19:11       1    132     36     45 
 20260324    02:19:11       2    132     37     44 
 20260324    02:19:11       3    146     34     42 
 20260324    02:19:41       0    136     34     42 
 20260324    02:19:41       1    132     36     45 
 20260324    02:19:41       2    132     37     44 
 20260324    02:19:41       3    146     34     42 
 20260324    02:20:11       0    136     34     42 
 20260324    02:20:11       1    132     36     45 
 20260324    02:20:11       2    132     37     43 
 20260324    02:20:11       3    146     34     42 
 20260324    02:20:42       0    137     34     42 
 20260324    02:20:42       1    132     36     45 
 20260324    02:20:42       2    132     37     44 
 20260324    02:20:42       3    146     34     42 
 20260324    02:21:12       0    136     34     42 
 20260324    02:21:12       1    132     36     45 
 20260324    02:21:12       2    132     37     43 
 20260324    02:21:12       3    146     34     42 
#Date        Time         gpu    pwr  gtemp  mtemp 
#YYYYMMDD    HH:MM:SS     Idx      W      C      C 
 20260324    02:21:42       0    136     34     42 
 20260324    02:21:42       1    132     36     45 
 20260324    02:21:42       2    132     37     43 
 20260324    02:21:42       3    146     34     42 
 20260324    02:22:12       0    136     34     42 
 20260324    02:22:12       1    132     36     45 
 20260324    02:22:12       2    132     37     44 
 20260324    02:22:12       3    146     34     42 
 20260324    02:22:42       0    136     34     42 
 20260324    02:22:42       1    132     36     45 
 20260324    02:22:42       2    132     37     43 
 20260324    02:22:42       3    146     34     42 
 20260324    02:23:12       0    136     34     42 
 20260324    02:23:12       1    132     36     45 
 20260324    02:23:12       2    132     37     43 
 20260324    02:23:12       3    146     34     42 
 20260324    02:23:42       0    136     34     42 
 20260324    02:23:42       1    132     36     45 
 20260324    02:23:42       2    132     37     43 
 20260324    02:23:42       3    146     34     42 
 20260324    02:24:12       0    136     34     42 
 20260324    02:24:12       1    132     36     46 
 20260324    02:24:12       2    132     37     43 
 20260324    02:24:12       3    146     34     42 
 20260324    02:24:42       0    136     34     42 
 20260324    02:24:42       1    132     36     45 
 20260324    02:24:42       2    132     37     43 
 20260324    02:24:42       3    146     34     42 
 20260324    02:25:12       0    136     34     42 
 20260324    02:25:12       1    132     36     45 
 20260324    02:25:12       2    132     37     43 
 20260324    02:25:12       3    146     34     42 
 20260324    02:25:42       0    136     34     42 
 20260324    02:25:42       1    132     36     45 
 20260324    02:25:42       2    132     36     43 
 20260324    02:25:42       3    146     34     42 
 20260324    02:26:12       0    136     34     42 
 20260324    02:26:12       1    132     36     45 
 20260324    02:26:12       2    132     37     43 
 20260324    02:26:12       3    146     34     42 
 20260324    02:26:42       0    136     34     42 
 20260324    02:26:42       1    132     36     45 
 20260324    02:26:42       2    132     37     44 
 20260324    02:26:42       3    146     34     42 
#Date        Time         gpu    pwr  gtemp  mtemp 
#YYYYMMDD    HH:MM:SS     Idx      W      C      C 
 20260324    02:27:12       0    136     34     42 
 20260324    02:27:12       1    132     36     45 
 20260324    02:27:12       2    132     37     43 
 20260324    02:27:12       3    146     34     42 
 20260324    02:27:42       0    137     34     42 
 20260324    02:27:42       1    132     37     45 
 20260324    02:27:42       2    132     37     43 
 20260324    02:27:42       3    146     34     42 
 20260324    02:28:12       0    136     34     42 
 20260324    02:28:12       1    132     36     45 
 20260324    02:28:12       2    132     37     43 
 20260324    02:28:12       3    146     34     42 
 20260324    02:28:42       0    136     34     42 
 20260324    02:28:42       1    132     36     45 
 20260324    02:28:42       2    132     36     43 
 20260324    02:28:42       3    146     34     42 
 20260324    02:29:12       0    136     34     42 
 20260324    02:29:12       1    132     36     45 
 20260324    02:29:12       2    132     37     44 
 20260324    02:29:12       3    146     34     42 
 20260324    02:29:42       0    137     34     42 
 20260324    02:29:42       1    132     36     45 
 20260324    02:29:42       2    132     37     43 
 20260324    02:29:42       3    146     34     42 
 20260324    02:30:12       0    136     34     42 
 20260324    02:30:12       1    132     36     45 
 20260324    02:30:12       2    132     37     43 
 20260324    02:30:12       3    146     34     42 
 20260324    02:30:42       0    136     34     42 
 20260324    02:30:42       1    132     36     45 
 20260324    02:30:42       2    132     37     43 
 20260324    02:30:42       3    146     34     42 
 20260324    02:31:12       0    136     34     42 
 20260324    02:31:12       1    132     36     45 
 20260324    02:31:12       2    132     37     43 
 20260324    02:31:12       3    146     34     42 
 20260324    02:31:42       0    136     34     42 
 20260324    02:31:42       1    132     36     45 
 20260324    02:31:42       2    132     37     44 
 20260324    02:31:42       3    146     34     42 
 20260324    02:32:12       0    136     34     42 
 20260324    02:32:12       1    132     36     45 
 20260324    02:32:12       2    132     37     43 
 20260324    02:32:12       3    146     34     42 
#Date        Time         gpu    pwr  gtemp  mtemp 
#YYYYMMDD    HH:MM:SS     Idx      W      C      C 
 20260324    02:32:42       0    136     34     42 
 20260324    02:32:42       1    132     36     45 
 20260324    02:32:42       2    132     37     43 
 20260324    02:32:42       3    146     34     42 
 20260324    02:33:12       0    136     34     42 
 20260324    02:33:12       1    132     36     45 
 20260324    02:33:12       2    132     37     44 
 20260324    02:33:12       3    146     34     42 
 20260324    02:33:42       0    136     34     42 
 20260324    02:33:42       1    132     36     45 
 20260324    02:33:42       2    132     37     43 
 20260324    02:33:42       3    146     34     42 
 20260324    02:34:12       0    136     34     42 
 20260324    02:34:12       1    132     36     45 
 20260324    02:34:12       2    132     37     44 
 20260324    02:34:12       3    146     34     42 
 20260324    02:34:42       0    136     34     42 
 20260324    02:34:42       1    132     36     45 
 20260324    02:34:42       2    132     37     43 
 20260324    02:34:42       3    146     34     42 
 20260324    02:35:12       0    136     34     42 
 20260324    02:35:12       1    132     36     45 
 20260324    02:35:12       2    132     37     44 
 20260324    02:35:12       3    146     34     42 
 20260324    02:35:42       0    136     34     42 
 20260324    02:35:42       1    132     36     46 
 20260324    02:35:42       2    132     37     44 
 20260324    02:35:42       3    146     34     42 
 20260324    02:36:12       0    136     34     42 
 20260324    02:36:12       1    132     36     45 
 20260324    02:36:12       2    132     37     43 
 20260324    02:36:12       3    146     34     42 
 20260324    02:36:42       0    136     34     42 
 20260324    02:36:42       1    132     36     46 
 20260324    02:36:42       2    132     37     43 
 20260324    02:36:42       3    146     34     42 
 20260324    02:37:12       0    136     34     42 
 20260324    02:37:12       1    132     36     46 
 20260324    02:37:12       2    132     36     43 
 20260324    02:37:12       3    146     34     42 
 20260324    02:37:42       0    136     34     42 
 20260324    02:37:42       1    132     36     46 
 20260324    02:37:42       2    132     37     43 
 20260324    02:37:42       3    146     34     42 
#Date        Time         gpu    pwr  gtemp  mtemp 
#YYYYMMDD    HH:MM:SS     Idx      W      C      C 
 20260324    02:38:12       0    136     34     42 
 20260324    02:38:12       1    132     36     45 
 20260324    02:38:12       2    132     37     43 
 20260324    02:38:12       3    146     34     42 
 20260324    02:38:42       0    136     34     42 
 20260324    02:38:42       1    132     36     45 
 20260324    02:38:42       2    132     37     43 
 20260324    02:38:42       3    146     34     42 
 20260324    02:39:12       0    136     34     42 
 20260324    02:39:12       1    132     36     45 
 20260324    02:39:12       2    132     37     43 
 20260324    02:39:12       3    146     34     42 
 20260324    02:39:42       0    136     34     42 
 20260324    02:39:42       1    132     36     45 
 20260324    02:39:42       2    132     37     43 
 20260324    02:39:42       3    146     34     42 
 20260324    02:40:12       0    136     34     42 
 20260324    02:40:12       1    132     36     46 
 20260324    02:40:12       2    132     37     43 
 20260324    02:40:12       3    146     34     42 
 20260324    02:40:42       0    136     34     42 
 20260324    02:40:42       1    132     36     45 
 20260324    02:40:42       2    132     37     43 
 20260324    02:40:42       3    146     34     42 
 20260324    02:41:12       0    136     34     42 
 20260324    02:41:12       1    132     36     45 
 20260324    02:41:12       2    132     37     44 
 20260324    02:41:12       3    146     34     42 
 20260324    02:41:42       0    136     34     42 
 20260324    02:41:42       1    132     36     45 
 20260324    02:41:42       2    132     37     44 
 20260324    02:41:42       3    146     34     42 
 20260324    02:42:12       0    136     34     42 
 20260324    02:42:12       1    132     36     45 
 20260324    02:42:12       2    132     36     43 
 20260324    02:42:12       3    146     34     42 
 20260324    02:42:42       0    136     34     42 
 20260324    02:42:42       1    132     36     46 
 20260324    02:42:42       2    132     37     43 
 20260324    02:42:42       3    146     34     42 
 20260324    02:43:12       0    136     34     42 
 20260324    02:43:12       1    132     36     45 
 20260324    02:43:12       2    132     37     44 
 20260324    02:43:12       3    146     34     42 
#Date        Time         gpu    pwr  gtemp  mtemp 
#YYYYMMDD    HH:MM:SS     Idx      W      C      C 
 20260324    02:43:42       0    136     34     42 
 20260324    02:43:42       1    132     36     45 
 20260324    02:43:42       2    132     37     43 
 20260324    02:43:42       3    146     34     42 
 20260324    02:44:12       0    136     34     42 
 20260324    02:44:12       1    132     36     45 
 20260324    02:44:12       2    132     37     43 
 20260324    02:44:12       3    146     34     42 
 20260324    02:44:42       0    136     34     42 
 20260324    02:44:42       1    132     36     46 
 20260324    02:44:42       2    132     37     43 
 20260324    02:44:42       3    146     34     42 
 20260324    02:45:12       0    136     34     42 
 20260324    02:45:12       1    132     36     46 
 20260324    02:45:12       2    132     36     43 
 20260324    02:45:12       3    146     34     42 
 20260324    02:45:42       0    136     34     42 
 20260324    02:45:42       1    132     36     45 
 20260324    02:45:42       2    132     37     43 
 20260324    02:45:42       3    146     34     42 
 20260324    02:46:12       0    137     34     42 
 20260324    02:46:12       1    132     36     45 
 20260324    02:46:12       2    132     36     43 
 20260324    02:46:12       3    146     34     42 
 20260324    02:46:42       0    136     34     42 
 20260324    02:46:42       1    132     36     46 
 20260324    02:46:42       2    132     36     43 
 20260324    02:46:42       3    146     34     42 
 20260324    02:47:12       0    136     34     42 
 20260324    02:47:12       1    132     36     45 
 20260324    02:47:12       2    132     36     43 
 20260324    02:47:12       3    146     34     42 
 20260324    02:47:42       0    136     34     42 
 20260324    02:47:42       1    132     36     46 
 20260324    02:47:42       2    132     36     43 
 20260324    02:47:42       3    146     34     42 
 20260324    02:48:12       0    136     34     42 
 20260324    02:48:12       1    132     36     46 
 20260324    02:48:12       2    132     36     43 
 20260324    02:48:12       3    146     34     42 
 20260324    02:48:42       0    136     34     42 
 20260324    02:48:42       1    132     36     46 
 20260324    02:48:42       2    132     37     43 
 20260324    02:48:42       3    146     34     42 
#Date        Time         gpu    pwr  gtemp  mtemp 
#YYYYMMDD    HH:MM:SS     Idx      W      C      C 
 20260324    02:49:12       0    136     34     42 
 20260324    02:49:12       1    132     36     46 
 20260324    02:49:12       2    132     37     43 
 20260324    02:49:12       3    146     34     42 
 20260324    02:49:42       0    136     34     42 
 20260324    02:49:42       1    132     36     45 
 20260324    02:49:42       2    132     37     43 
 20260324    02:49:42       3    146     34     42 
 20260324    02:50:12       0    136     34     42 
 20260324    02:50:12       1    132     36     45 
 20260324    02:50:12       2    132     36     44 
 20260324    02:50:12       3    146     34     42 
 20260324    02:50:42       0    136     34     42 
 20260324    02:50:42       1    132     36     46 
 20260324    02:50:42       2    132     36     43 
 20260324    02:50:42       3    146     34     42 
 20260324    02:51:12       0    136     34     42 
 20260324    02:51:12       1    132     36     45 
 20260324    02:51:12       2    132     36     43 
 20260324    02:51:12       3    146     34     42 
 20260324    02:51:42       0    136     34     42 
 20260324    02:51:42       1    132     36     46 
 20260324    02:51:42       2    132     37     43 
 20260324    02:51:42       3    146     34     42 
 20260324    02:52:12       0    136     34     42 
 20260324    02:52:12       1    132     36     46 
 20260324    02:52:12       2    131     36     43 
 20260324    02:52:12       3    146     34     42 
 20260324    02:52:42       0    136     34     42 
 20260324    02:52:42       1    132     36     45 
 20260324    02:52:42       2    132     36     43 
 20260324    02:52:42       3    146     34     42 
 20260324    02:53:12       0    136     34     42 
 20260324    02:53:12       1    132     36     46 
 20260324    02:53:12       2    132     36     43 
 20260324    02:53:12       3    146     34     42 
 20260324    02:53:42       0    136     34     42 
 20260324    02:53:42       1    132     36     46 
 20260324    02:53:42       2    132     36     43 
 20260324    02:53:42       3    146     34     42 
 20260324    02:54:12       0    136     34     42 
 20260324    02:54:12       1    132     36     46 
 20260324    02:54:12       2    132     36     43 
 20260324    02:54:12       3    146     34     42 
#Date        Time         gpu    pwr  gtemp  mtemp 
#YYYYMMDD    HH:MM:SS     Idx      W      C      C 
 20260324    02:54:42       0    136     34     42 
 20260324    02:54:42       1    132     36     45 
 20260324    02:54:42       2    132     36     43 
 20260324    02:54:42       3    146     34     42 
 20260324    02:55:12       0    136     34     42 
 20260324    02:55:12       1    132     36     46 
 20260324    02:55:12       2    132     36     43 
 20260324    02:55:12       3    146     34     42 
 20260324    02:55:42       0    137     34     42 
 20260324    02:55:42       1    132     36     45 
 20260324    02:55:42       2    132     36     43 
 20260324    02:55:42       3    146     34     42 
 20260324    02:56:12       0    136     34     42 
 20260324    02:56:12       1    132     36     46 
 20260324    02:56:12       2    131     36     43 
 20260324    02:56:12       3    146     34     42 
 20260324    02:56:42       0    136     34     42 
 20260324    02:56:42       1    132     36     46 
 20260324    02:56:42       2    131     36     43 
 20260324    02:56:42       3    146     34     42 
 20260324    02:57:12       0    136     34     42 
 20260324    02:57:12       1    132     36     45 
 20260324    02:57:12       2    132     36     43 
 20260324    02:57:12       3    146     34     42 
 20260324    02:57:42       0    136     34     42 
 20260324    02:57:42       1    132     36     45 
 20260324    02:57:42       2    132     37     43 
 20260324    02:57:42       3    146     34     42 
 20260324    02:58:12       0    136     34     42 
 20260324    02:58:12       1    132     36     45 
 20260324    02:58:12       2    132     37     44 
 20260324    02:58:12       3    146     34     42 
 20260324    02:58:42       0    136     34     42 
 20260324    02:58:42       1    132     36     45 
 20260324    02:58:42       2    132     37     44 
 20260324    02:58:42       3    146     34     42 
 20260324    02:59:12       0    136     34     42 
 20260324    02:59:12       1    132     36     45 
 20260324    02:59:12       2    132     37     44 
 20260324    02:59:12       3    146     34     42 
 20260324    02:59:42       0    136     34     42 
 20260324    02:59:42       1    132     36     45 
 20260324    02:59:42       2    132     37     43 
 20260324    02:59:42       3    146     34     43 
#Date        Time         gpu    pwr  gtemp  mtemp 
#YYYYMMDD    HH:MM:SS     Idx      W      C      C 
 20260324    03:00:12       0    136     34     42 
 20260324    03:00:12       1    132     36     45 
 20260324    03:00:12       2    132     37     43 
 20260324    03:00:12       3    146     34     42 
 20260324    03:00:42       0    136     34     42 
 20260324    03:00:42       1    132     36     45 
 20260324    03:00:42       2    132     37     44 
 20260324    03:00:42       3    146     34     42 
 20260324    03:01:12       0    136     34     42 
 20260324    03:01:12       1    132     36     45 
 20260324    03:01:12       2    132     37     44 
 20260324    03:01:12       3    146     34     42 
 20260324    03:01:42       0    136     34     42 
 20260324    03:01:42       1    132     36     46 
 20260324    03:01:42       2    132     37     43 
 20260324    03:01:42       3    146     34     42 
 20260324    03:02:12       0    136     34     42 
 20260324    03:02:12       1    132     36     45 
 20260324    03:02:12       2    132     37     43 
 20260324    03:02:12       3    146     34     42 
 20260324    03:02:42       0    136     34     42 
 20260324    03:02:42       1    132     36     45 
 20260324    03:02:42       2    132     37     44 
 20260324    03:02:42       3    146     34     42 
 20260324    03:03:12       0    136     34     42 
 20260324    03:03:12       1    132     36     45 
 20260324    03:03:12       2    132     37     43 
 20260324    03:03:12       3    146     34     42 
 20260324    03:03:42       0    136     34     42 
 20260324    03:03:42       1    132     36     45 
 20260324    03:03:42       2    132     37     44 
 20260324    03:03:42       3    146     34     42 
 20260324    03:04:12       0    136     34     42 
 20260324    03:04:12       1    132     36     45 
 20260324    03:04:12       2    132     37     43 
 20260324    03:04:12       3    146     34     43 
 20260324    03:04:42       0    136     34     42 
 20260324    03:04:42       1    132     36     45 
 20260324    03:04:42       2    132     37     43 
 20260324    03:04:42       3    146     34     42 
 20260324    03:05:12       0    136     34     42 
 20260324    03:05:12       1    132     36     45 
 20260324    03:05:12       2    132     37     43 
 20260324    03:05:12       3    146     34     42 
#Date        Time         gpu    pwr  gtemp  mtemp 
#YYYYMMDD    HH:MM:SS     Idx      W      C      C 
 20260324    03:05:42       0    136     34     42 
 20260324    03:05:42       1    132     36     46 
 20260324    03:05:42       2    132     37     43 
 20260324    03:05:42       3    146     34     42 
 20260324    03:06:12       0    136     34     42 
 20260324    03:06:12       1    132     36     45 
 20260324    03:06:12       2    132     37     44 
 20260324    03:06:12       3    146     34     42 
 20260324    03:06:42       0    136     34     42 
 20260324    03:06:42       1    132     36     45 
 20260324    03:06:42       2    132     37     43 
 20260324    03:06:42       3    146     34     42 
 20260324    03:07:12       0    136     34     42 
 20260324    03:07:12       1    132     36     45 
 20260324    03:07:12       2    132     37     43 
 20260324    03:07:12       3    146     34     42 
 20260324    03:07:42       0    136     34     42 
 20260324    03:07:42       1    132     36     45 
 20260324    03:07:42       2    132     37     43 
 20260324    03:07:42       3    146     34     42 
 20260324    03:08:12       0    136     34     42 
 20260324    03:08:12       1    132     36     45 
 20260324    03:08:12       2    132     37     43 
 20260324    03:08:12       3    146     34     42 
 20260324    03:08:42       0    136     34     42 
 20260324    03:08:42       1    132     36     45 
 20260324    03:08:42       2    132     37     43 
 20260324    03:08:42       3    146     34     42 
 20260324    03:09:12       0    136     34     42 
 20260324    03:09:12       1    132     36     45 
 20260324    03:09:12       2    132     37     43 
 20260324    03:09:12       3    146     34     42 
 20260324    03:09:42       0    136     34     43 
 20260324    03:09:42       1    132     37     45 
 20260324    03:09:42       2    132     37     43 
 20260324    03:09:42       3    146     34     42 
 20260324    03:10:12       0    136     34     42 
 20260324    03:10:12       1    132     36     45 
 20260324    03:10:12       2    132     37     44 
 20260324    03:10:12       3    146     34     42 
 20260324    03:10:42       0    136     34     42 
 20260324    03:10:42       1    132     36     46 
 20260324    03:10:42       2    132     36     43 
 20260324    03:10:42       3    146     34     42 
#Date        Time         gpu    pwr  gtemp  mtemp 
#YYYYMMDD    HH:MM:SS     Idx      W      C      C 
 20260324    03:11:12       0    136     34     42 
 20260324    03:11:12       1    132     36     45 
 20260324    03:11:12       2    132     37     43 
 20260324    03:11:12       3    146     34     42 
 20260324    03:11:42       0    136     34     42 
 20260324    03:11:42       1    132     36     45 
 20260324    03:11:42       2    132     37     43 
 20260324    03:11:42       3    146     35     43 
 20260324    03:12:12       0    136     34     42 
 20260324    03:12:12       1    132     36     45 
 20260324    03:12:12       2    132     37     43 
 20260324    03:12:12       3    146     34     42 
 20260324    03:12:42       0    136     34     42 
 20260324    03:12:42       1    132     36     45 
 20260324    03:12:42       2    132     37     43 
 20260324    03:12:42       3    146     34     42 
 20260324    03:13:12       0    136     34     42 
 20260324    03:13:12       1    132     36     46 
 20260324    03:13:12       2    132     37     43 
 20260324    03:13:12       3    146     34     42 
 20260324    03:13:42       0    136     34     42 
 20260324    03:13:42       1    132     36     45 
 20260324    03:13:42       2    132     37     43 
 20260324    03:13:42       3    146     34     42 
 20260324    03:14:12       0    136     34     42 
 20260324    03:14:12       1    132     36     46 
 20260324    03:14:12       2    132     37     43 
 20260324    03:14:12       3    146     34     42 
 20260324    03:14:42       0    136     34     42 
 20260324    03:14:42       1    132     36     45 
 20260324    03:14:42       2    132     37     43 
 20260324    03:14:42       3    146     34     42 
 20260324    03:15:12       0    136     34     42 
 20260324    03:15:12       1    132     36     45 
 20260324    03:15:12       2    132     37     43 
 20260324    03:15:12       3    146     34     42 
 20260324    03:15:42       0    136     34     42 
 20260324    03:15:42       1    132     36     45 
 20260324    03:15:42       2    132     37     44 
 20260324    03:15:42       3    146     34     42 
 20260324    03:16:12       0    136     34     42 
 20260324    03:16:12       1    132     36     45 
 20260324    03:16:12       2    132     37     43 
 20260324    03:16:12       3    146     34     42 
#Date        Time         gpu    pwr  gtemp  mtemp 
#YYYYMMDD    HH:MM:SS     Idx      W      C      C 
 20260324    03:16:42       0    136     34     42 
 20260324    03:16:42       1    132     36     45 
 20260324    03:16:42       2    132     37     43 
 20260324    03:16:42       3    146     34     42 
 20260324    03:17:12       0    136     34     42 
 20260324    03:17:12       1    132     36     45 
 20260324    03:17:12       2    132     36     43 
 20260324    03:17:12       3    146     34     42 
 20260324    03:17:42       0    136     34     42 
 20260324    03:17:42       1    132     36     45 
 20260324    03:17:42       2    132     37     43 
 20260324    03:17:42       3    146     34     42 
 20260324    03:18:12       0    136     34     42 
 20260324    03:18:12       1    132     36     45 
 20260324    03:18:12       2    132     36     43 
 20260324    03:18:12       3    146     34     42 
 20260324    03:18:42       0    136     34     42 
 20260324    03:18:42       1    132     36     46 
 20260324    03:18:42       2    132     36     43 
 20260324    03:18:42       3    146     34     42 
 20260324    03:19:12       0    136     34     42 
 20260324    03:19:12       1    132     36     45 
 20260324    03:19:12       2    132     37     43 
 20260324    03:19:12       3    146     34     42 
 20260324    03:19:42       0    136     34     42 
 20260324    03:19:42       1    132     36     45 
 20260324    03:19:42       2    132     37     43 
 20260324    03:19:42       3    146     34     42 
 20260324    03:20:12       0    136     34     42 
 20260324    03:20:12       1    132     36     45 
 20260324    03:20:12       2    132     37     44 
 20260324    03:20:12       3    146     34     42 
 20260324    03:20:42       0    136     34     42 
 20260324    03:20:42       1    132     36     45 
 20260324    03:20:42       2    132     37     43 
 20260324    03:20:42       3    146     34     42 
 20260324    03:21:12       0    136     34     42 
 20260324    03:21:12       1    132     36     46 
 20260324    03:21:12       2    132     36     43 
 20260324    03:21:12       3    146     34     42 
 20260324    03:21:42       0    136     34     42 
 20260324    03:21:42       1    132     36     46 
 20260324    03:21:42       2    132     37     43 
 20260324    03:21:42       3    146     34     42 
#Date        Time         gpu    pwr  gtemp  mtemp 
#YYYYMMDD    HH:MM:SS     Idx      W      C      C 
 20260324    03:22:12       0    136     34     42 
 20260324    03:22:12       1    132     36     45 
 20260324    03:22:12       2    132     37     43 
 20260324    03:22:12       3    146     34     42 
 20260324    03:22:42       0    136     34     42 
 20260324    03:22:42       1    132     36     46 
 20260324    03:22:42       2    132     37     43 
 20260324    03:22:42       3    146     34     42 
 20260324    03:23:12       0    136     34     42 
 20260324    03:23:12       1    132     36     45 
 20260324    03:23:12       2    132     37     44 
 20260324    03:23:12       3    146     34     42 
 20260324    03:23:42       0    136     34     42 
 20260324    03:23:42       1    132     36     45 
 20260324    03:23:42       2    132     37     44 
 20260324    03:23:42       3    146     34     42 
 20260324    03:24:12       0    136     34     42 
 20260324    03:24:12       1    132     36     45 
 20260324    03:24:12       2    132     37     43 
 20260324    03:24:12       3    146     34     42 
 20260324    03:24:42       0    136     34     42 
 20260324    03:24:42       1    132     36     45 
 20260324    03:24:42       2    132     37     43 
 20260324    03:24:42       3    146     34     42 
 20260324    03:25:12       0    136     34     42 
 20260324    03:25:12       1    132     36     45 
 20260324    03:25:12       2    132     36     43 
 20260324    03:25:12       3    146     34     42 
 20260324    03:25:42       0    136     34     42 
 20260324    03:25:42       1    132     36     45 
 20260324    03:25:42       2    131     36     43 
 20260324    03:25:42       3    146     34     42 
 20260324    03:26:12       0    136     34     42 
 20260324    03:26:12       1    132     36     45 
 20260324    03:26:12       2    132     37     44 
 20260324    03:26:12       3    146     34     42 
 20260324    03:26:42       0    136     34     42 
 20260324    03:26:42       1    132     36     45 
 20260324    03:26:42       2    132     37     43 
 20260324    03:26:42       3    146     34     42 
 20260324    03:27:12       0    136     34     42 
 20260324    03:27:12       1    132     36     45 
 20260324    03:27:12       2    132     37     43 
 20260324    03:27:12       3    146     34     42 
#Date        Time         gpu    pwr  gtemp  mtemp 
#YYYYMMDD    HH:MM:SS     Idx      W      C      C 
 20260324    03:27:42       0    136     34     42 
 20260324    03:27:42       1    132     36     45 
 20260324    03:27:42       2    132     37     43 
 20260324    03:27:42       3    146     34     42 
 20260324    03:28:12       0    136     34     42 
 20260324    03:28:12       1    132     36     45 
 20260324    03:28:12       2    132     37     43 
 20260324    03:28:12       3    146     34     42 
 20260324    03:28:42       0    136     34     42 
 20260324    03:28:42       1    132     36     46 
 20260324    03:28:42       2    132     36     43 
 20260324    03:28:42       3    146     34     42 
 20260324    03:29:12       0    136     34     42 
 20260324    03:29:12       1    132     36     45 
 20260324    03:29:12       2    132     37     43 
 20260324    03:29:12       3    146     34     42 
 20260324    03:29:42       0    136     34     42 
 20260324    03:29:42       1    132     36     46 
 20260324    03:29:42       2    132     37     43 
 20260324    03:29:42       3    146     34     42 
 20260324    03:30:12       0    136     34     42 
 20260324    03:30:12       1    132     36     46 
 20260324    03:30:12       2    131     37     44 
 20260324    03:30:12       3    146     34     42 
 20260324    03:30:42       0    136     34     42 
 20260324    03:30:42       1    132     36     45 
 20260324    03:30:42       2    132     36     43 
 20260324    03:30:42       3    146     34     42 
 20260324    03:31:12       0    136     34     42 
 20260324    03:31:12       1    132     36     46 
 20260324    03:31:12       2    132     37     43 
 20260324    03:31:12       3    146     34     42 
 20260324    03:31:42       0    136     34     42 
 20260324    03:31:42       1    132     36     45 
 20260324    03:31:42       2    132     37     43 
 20260324    03:31:42       3    146     34     42 
 20260324    03:32:12       0    136     34     42 
 20260324    03:32:12       1    132     36     45 
 20260324    03:32:12       2    132     37     43 
 20260324    03:32:12       3    146     34     42 
 20260324    03:32:42       0    136     34     42 
 20260324    03:32:42       1    132     36     46 
 20260324    03:32:42       2    132     37     43 
 20260324    03:32:42       3    146     34     42 
#Date        Time         gpu    pwr  gtemp  mtemp 
#YYYYMMDD    HH:MM:SS     Idx      W      C      C 
 20260324    03:33:12       0    136     34     42 
 20260324    03:33:12       1    132     36     45 
 20260324    03:33:12       2    132     36     43 
 20260324    03:33:12       3    146     34     42 
 20260324    03:33:42       0    136     34     42 
 20260324    03:33:42       1    132     36     46 
 20260324    03:33:42       2    132     36     43 
 20260324    03:33:42       3    146     34     42 
 20260324    03:34:12       0    136     34     42 
 20260324    03:34:12       1    132     36     45 
 20260324    03:34:12       2    132     36     43 
 20260324    03:34:12       3    146     34     42 
 20260324    03:34:42       0    136     34     42 
 20260324    03:34:42       1    132     36     45 
 20260324    03:34:42       2    132     37     43 
 20260324    03:34:42       3    146     34     42 
 20260324    03:35:12       0    136     34     42 
 20260324    03:35:12       1    132     36     45 
 20260324    03:35:12       2    132     37     44 
 20260324    03:35:12       3    146     34     42 
 20260324    03:35:42       0    136     34     42 
 20260324    03:35:42       1    132     36     45 
 20260324    03:35:42       2    132     37     44 
 20260324    03:35:42       3    146     34     42 
 20260324    03:36:12       0    136     34     42 
 20260324    03:36:12       1    132     36     46 
 20260324    03:36:12       2    132     37     43 
 20260324    03:36:12       3    146     34     42 
 20260324    03:36:42       0    136     34     42 
 20260324    03:36:42       1    132     36     45 
 20260324    03:36:42       2    132     37     43 
 20260324    03:36:42       3    146     34     42 
 20260324    03:37:12       0    136     34     42 
 20260324    03:37:12       1    132     36     45 
 20260324    03:37:12       2    131     37     43 
 20260324    03:37:12       3    146     34     42 
 20260324    03:37:42       0    136     34     42 
 20260324    03:37:42       1    132     36     45 
 20260324    03:37:42       2    132     37     43 
 20260324    03:37:42       3    146     34     42 
 20260324    03:38:12       0    136     34     42 
 20260324    03:38:12       1    132     36     46 
 20260324    03:38:12       2    132     36     43 
 20260324    03:38:12       3    146     34     42 
#Date        Time         gpu    pwr  gtemp  mtemp 
#YYYYMMDD    HH:MM:SS     Idx      W      C      C 
 20260324    03:38:42       0    136     34     42 
 20260324    03:38:42       1    132     36     46 
 20260324    03:38:42       2    132     36     43 
 20260324    03:38:42       3    146     34     42 
 20260324    03:39:12       0    136     34     42 
 20260324    03:39:12       1    132     36     45 
 20260324    03:39:12       2    132     36     43 
 20260324    03:39:12       3    146     34     42 
 20260324    03:39:42       0    136     34     42 
 20260324    03:39:42       1    132     36     45 
 20260324    03:39:42       2    132     36     43 
 20260324    03:39:42       3    146     34     42 
 20260324    03:40:12       0    136     34     42 
 20260324    03:40:12       1    132     36     45 
 20260324    03:40:12       2    132     37     43 
 20260324    03:40:12       3    146     34     42 
 20260324    03:40:42       0    136     34     42 
 20260324    03:40:42       1    132     36     45 
 20260324    03:40:42       2    131     37     43 
 20260324    03:40:42       3    146     34     42 
 20260324    03:41:12       0    136     34     42 
 20260324    03:41:12       1    132     36     45 
 20260324    03:41:12       2    132     37     44 
 20260324    03:41:12       3    146     34     42 
 20260324    03:41:42       0    136     34     42 
 20260324    03:41:42       1    132     36     45 
 20260324    03:41:42       2    132     37     43 
 20260324    03:41:42       3    146     34     42 
 20260324    03:42:12       0    136     34     43 
 20260324    03:42:12       1    132     36     45 
 20260324    03:42:12       2    132     37     43 
 20260324    03:42:12       3    146     34     42 
 20260324    03:42:42       0    136     34     42 
 20260324    03:42:42       1    132     36     45 
 20260324    03:42:42       2    132     37     43 
 20260324    03:42:42       3    146     34     42 
 20260324    03:43:12       0    136     34     42 
 20260324    03:43:12       1    132     36     45 
 20260324    03:43:12       2    132     37     43 
 20260324    03:43:12       3    146     34     42 
 20260324    03:43:42       0    136     34     42 
 20260324    03:43:42       1    132     36     45 
 20260324    03:43:42       2    132     37     43 
 20260324    03:43:42       3    146     34     42 
#Date        Time         gpu    pwr  gtemp  mtemp 
#YYYYMMDD    HH:MM:SS     Idx      W      C      C 
 20260324    03:44:12       0    136     34     42 
 20260324    03:44:12       1    132     36     46 
 20260324    03:44:12       2    132     37     44 
 20260324    03:44:12       3    146     34     42 
 20260324    03:44:42       0    136     34     42 
 20260324    03:44:42       1    132     36     46 
 20260324    03:44:42       2    132     37     43 
 20260324    03:44:42       3    146     34     42 
 20260324    03:45:12       0    136     34     42 
 20260324    03:45:12       1    132     36     46 
 20260324    03:45:12       2    132     37     43 
 20260324    03:45:12       3    146     34     42 
 20260324    03:45:42       0    136     34     43 
 20260324    03:45:42       1    132     36     45 
 20260324    03:45:42       2    132     37     44 
 20260324    03:45:42       3    146     34     42 
 20260324    03:46:12       0    136     34     42 
 20260324    03:46:12       1    132     36     45 
 20260324    03:46:12       2    132     37     43 
 20260324    03:46:12       3    146     34     42 
 20260324    03:46:42       0    136     34     42 
 20260324    03:46:42       1    132     36     45 
 20260324    03:46:42       2    131     37     44 
 20260324    03:46:42       3    146     34     42 
