#Date        Time         gpu    pwr  gtemp  mtemp 
#YYYYMMDD    HH:MM:SS     Idx      W      C      C 
 20260323    15:19:29       0     81     33     43 
 20260323    15:19:29       1     85     34     42 
 20260323    15:19:29       2     94     33     44 
 20260323    15:19:29       3     83     33     40 
 20260323    15:19:59       0    127     35     43 
 20260323    15:19:59       1    132     36     43 
 20260323    15:19:59       2    139     35     44 
 20260323    15:19:59       3    129     34     40 
 20260323    15:20:29       0    127     35     42 
 20260323    15:20:29       1    132     36     43 
 20260323    15:20:29       2    139     35     45 
 20260323    15:20:29       3    130     35     40 
 20260323    15:20:59       0    127     35     43 
 20260323    15:20:59       1    132     37     43 
 20260323    15:20:59       2    139     35     45 
 20260323    15:20:59       3    130     35     40 
 20260323    15:21:29       0    129     35     42 
 20260323    15:21:29       1    134     37     43 
 20260323    15:21:29       2    140     35     45 
 20260323    15:21:29       3    131     35     40 
 20260323    15:21:59       0    127     35     43 
 20260323    15:21:59       1    132     37     43 
 20260323    15:21:59       2    139     36     45 
 20260323    15:21:59       3    130     35     41 
 20260323    15:22:29       0    127     35     43 
 20260323    15:22:29       1    132     37     44 
 20260323    15:22:29       2    139     36     45 
 20260323    15:22:29       3    130     35     40 
 20260323    15:22:59       0    127     35     43 
 20260323    15:22:59       1    132     37     44 
 20260323    15:22:59       2    139     36     45 
 20260323    15:22:59       3    130     35     42 
 20260323    15:23:29       0    127     35     43 
 20260323    15:23:29       1    132     37     44 
 20260323    15:23:29       2    139     36     45 
 20260323    15:23:29       3    130     35     40 
 20260323    15:23:59       0    127     35     43 
 20260323    15:23:59       1    132     37     43 
 20260323    15:23:59       2    139     36     45 
 20260323    15:23:59       3    130     35     40 
 20260323    15:24:29       0    127     35     43 
 20260323    15:24:29       1    132     37     43 
 20260323    15:24:29       2    139     36     46 
 20260323    15:24:29       3    130     35     42 
#Date        Time         gpu    pwr  gtemp  mtemp 
#YYYYMMDD    HH:MM:SS     Idx      W      C      C 
 20260323    15:24:59       0    128     35     43 
 20260323    15:24:59       1    132     37     43 
 20260323    15:24:59       2    139     36     46 
 20260323    15:24:59       3    130     35     41 
 20260323    15:25:29       0    128     35     43 
 20260323    15:25:29       1    133     37     43 
 20260323    15:25:29       2    139     36     45 
 20260323    15:25:29       3    130     35     42 
 20260323    15:25:59       0    128     35     43 
 20260323    15:25:59       1    133     37     43 
 20260323    15:25:59       2    139     36     45 
 20260323    15:25:59       3    130     35     42 
 20260323    15:26:29       0    128     35     44 
 20260323    15:26:29       1    133     37     43 
 20260323    15:26:29       2    139     36     46 
 20260323    15:26:29       3    130     35     42 
 20260323    15:26:59       0    128     36     44 
 20260323    15:26:59       1    133     37     43 
 20260323    15:26:59       2    139     36     46 
 20260323    15:26:59       3    130     35     42 
 20260323    15:27:29       0    128     36     44 
 20260323    15:27:29       1    133     37     43 
 20260323    15:27:29       2    139     36     45 
 20260323    15:27:29       3    130     35     42 
 20260323    15:27:59       0    128     35     44 
 20260323    15:27:59       1    133     37     43 
 20260323    15:27:59       2    139     36     46 
 20260323    15:27:59       3    130     35     42 
 20260323    15:28:29       0    128     35     44 
 20260323    15:28:29       1    133     37     43 
 20260323    15:28:29       2    139     36     45 
 20260323    15:28:29       3    130     35     42 
 20260323    15:28:59       0    129     36     44 
 20260323    15:28:59       1    156     38     45 
 20260323    15:28:59       2    142     36     46 
 20260323    15:28:59       3    133     35     42 
 20260323    15:29:29       0    141     37     44 
 20260323    15:29:29       1    146     39     45 
 20260323    15:29:29       2    153     38     46 
 20260323    15:29:29       3    143     37     43 
 20260323    15:29:59       0    141     37     44 
 20260323    15:29:59       1    146     39     45 
 20260323    15:29:59       2    154     38     47 
 20260323    15:29:59       3    143     36     42 
#Date        Time         gpu    pwr  gtemp  mtemp 
#YYYYMMDD    HH:MM:SS     Idx      W      C      C 
 20260323    15:30:29       0    140     37     44 
 20260323    15:30:29       1    146     39     45 
 20260323    15:30:29       2    154     38     46 
 20260323    15:30:29       3    143     36     42 
 20260323    15:30:59       0    141     37     44 
 20260323    15:30:59       1    145     39     45 
 20260323    15:30:59       2    153     38     46 
 20260323    15:30:59       3    142     36     42 
 20260323    15:31:29       0    141     37     44 
 20260323    15:31:29       1    145     38     45 
 20260323    15:31:29       2    154     38     46 
 20260323    15:31:29       3    143     36     42 
 20260323    15:31:59       0    140     37     43 
 20260323    15:31:59       1    145     38     45 
 20260323    15:31:59       2    154     37     46 
 20260323    15:31:59       3    143     36     42 
 20260323    15:32:29       0    140     36     43 
 20260323    15:32:29       1    145     38     45 
 20260323    15:32:29       2    152     37     46 
 20260323    15:32:29       3    142     36     42 
 20260323    15:32:59       0    141     37     43 
 20260323    15:32:59       1    145     38     45 
 20260323    15:32:59       2    154     37     46 
 20260323    15:32:59       3    143     36     42 
 20260323    15:33:29       0    141     36     43 
 20260323    15:33:29       1    145     38     45 
 20260323    15:33:29       2    154     37     46 
 20260323    15:33:29       3    143     36     42 
 20260323    15:33:59       0    140     36     43 
 20260323    15:33:59       1    145     38     45 
 20260323    15:33:59       2    153     37     46 
 20260323    15:33:59       3    142     36     42 
 20260323    15:34:29       0    141     36     43 
 20260323    15:34:29       1    146     38     45 
 20260323    15:34:29       2    154     37     46 
 20260323    15:34:29       3    143     36     42 
 20260323    15:34:59       0    141     37     43 
 20260323    15:34:59       1    146     38     45 
 20260323    15:34:59       2    154     37     46 
 20260323    15:34:59       3    143     36     42 
 20260323    15:35:29       0    141     36     43 
 20260323    15:35:29       1    145     38     45 
 20260323    15:35:29       2    153     37     46 
 20260323    15:35:29       3    142     36     42 
#Date        Time         gpu    pwr  gtemp  mtemp 
#YYYYMMDD    HH:MM:SS     Idx      W      C      C 
 20260323    15:35:59       0    141     37     43 
 20260323    15:35:59       1    146     38     45 
 20260323    15:35:59       2    155     37     46 
 20260323    15:35:59       3    143     36     42 
 20260323    15:36:29       0    127     35     43 
 20260323    15:36:29       1    132     37     43 
 20260323    15:36:29       2    140     36     45 
 20260323    15:36:29       3    130     35     40 
 20260323    15:36:59       0    128     35     43 
 20260323    15:36:59       1    132     37     44 
 20260323    15:36:59       2    139     36     45 
 20260323    15:36:59       3    130     35     41 
 20260323    15:37:29       0    140     37     43 
 20260323    15:37:29       1    145     38     43 
 20260323    15:37:29       2    154     37     46 
 20260323    15:37:29       3    142     36     42 
 20260323    15:37:59       0    140     36     43 
 20260323    15:37:59       1    145     38     45 
 20260323    15:37:59       2    153     37     46 
 20260323    15:37:59       3    142     36     42 
 20260323    15:38:29       0    141     37     43 
 20260323    15:38:29       1    146     38     45 
 20260323    15:38:29       2    153     37     46 
 20260323    15:38:29       3    142     36     42 
 20260323    15:38:59       0    141     37     43 
 20260323    15:38:59       1    146     38     45 
 20260323    15:38:59       2    155     37     46 
 20260323    15:38:59       3    143     36     42 
 20260323    15:39:29       0    141     37     43 
 20260323    15:39:29       1    145     38     45 
 20260323    15:39:29       2    154     37     46 
 20260323    15:39:29       3    143     36     42 
 20260323    15:39:59       0    141     37     43 
 20260323    15:39:59       1    145     38     45 
 20260323    15:39:59       2    154     37     46 
 20260323    15:39:59       3    143     36     42 
 20260323    15:40:29       0    141     37     44 
 20260323    15:40:29       1    146     38     45 
 20260323    15:40:29       2    154     37     46 
 20260323    15:40:29       3    143     36     42 
 20260323    15:40:59       0    141     37     43 
 20260323    15:40:59       1    145     38     45 
 20260323    15:40:59       2    153     37     46 
 20260323    15:40:59       3    142     36     42 
#Date        Time         gpu    pwr  gtemp  mtemp 
#YYYYMMDD    HH:MM:SS     Idx      W      C      C 
 20260323    15:41:29       0    141     36     43 
 20260323    15:41:29       1    145     38     45 
 20260323    15:41:29       2    153     37     46 
 20260323    15:41:29       3    142     36     42 
 20260323    15:41:59       0    129     35     43 
 20260323    15:41:59       1    134     37     44 
 20260323    15:41:59       2    141     36     46 
 20260323    15:41:59       3    131     35     42 
 20260323    15:42:29       0    127     35     43 
 20260323    15:42:29       1    132     37     44 
 20260323    15:42:29       2    139     36     45 
 20260323    15:42:29       3    130     35     40 
 20260323    15:42:59       0    141     36     43 
 20260323    15:42:59       1    146     38     45 
 20260323    15:42:59       2    154     37     46 
 20260323    15:42:59       3    143     36     42 
 20260323    15:43:29       0    140     37     43 
 20260323    15:43:29       1    145     38     45 
 20260323    15:43:29       2    153     37     46 
 20260323    15:43:29       3    142     36     42 
 20260323    15:43:59       0    141     37     43 
 20260323    15:43:59       1    146     38     45 
 20260323    15:43:59       2    154     37     46 
 20260323    15:43:59       3    143     36     42 
 20260323    15:44:29       0    140     37     43 
 20260323    15:44:29       1    146     38     45 
 20260323    15:44:29       2    154     37     46 
 20260323    15:44:29       3    143     36     42 
 20260323    15:44:59       0    140     36     43 
 20260323    15:44:59       1    145     38     45 
 20260323    15:44:59       2    154     37     46 
 20260323    15:44:59       3    143     36     42 
 20260323    15:45:29       0    141     37     43 
 20260323    15:45:29       1    146     38     45 
 20260323    15:45:29       2    153     37     46 
 20260323    15:45:29       3    142     36     42 
 20260323    15:45:59       0    141     37     43 
 20260323    15:45:59       1    146     38     45 
 20260323    15:45:59       2    153     37     46 
 20260323    15:45:59       3    143     36     42 
 20260323    15:46:29       0    141     37     44 
 20260323    15:46:29       1    146     38     45 
 20260323    15:46:29       2    154     37     46 
 20260323    15:46:29       3    143     36     42 
#Date        Time         gpu    pwr  gtemp  mtemp 
#YYYYMMDD    HH:MM:SS     Idx      W      C      C 
 20260323    15:46:59       0    141     37     44 
 20260323    15:46:59       1    146     38     45 
 20260323    15:46:59       2    154     37     46 
 20260323    15:46:59       3    143     36     42 
 20260323    15:47:29       0    141     36     43 
 20260323    15:47:29       1    146     38     45 
 20260323    15:47:29       2    154     37     46 
 20260323    15:47:29       3    143     36     42 
 20260323    15:47:59       0    141     37     44 
 20260323    15:47:59       1    145     38     45 
 20260323    15:47:59       2    154     37     46 
 20260323    15:47:59       3    143     36     42 
 20260323    15:48:29       0    141     37     44 
 20260323    15:48:29       1    145     38     45 
 20260323    15:48:29       2    154     37     46 
 20260323    15:48:29       3    143     36     42 
 20260323    15:48:59       0    141     37     43 
 20260323    15:48:59       1    146     38     45 
 20260323    15:48:59       2    154     37     46 
 20260323    15:48:59       3    143     36     42 
 20260323    15:49:29       0    142     37     43 
 20260323    15:49:29       1    146     38     45 
 20260323    15:49:29       2    155     37     46 
 20260323    15:49:29       3    143     36     42 
 20260323    15:49:59       0    141     36     43 
 20260323    15:49:59       1    146     38     45 
 20260323    15:49:59       2    154     37     46 
 20260323    15:49:59       3    143     36     42 
 20260323    15:50:29       0    141     37     43 
 20260323    15:50:29       1    146     38     45 
 20260323    15:50:29       2    154     37     46 
 20260323    15:50:29       3    143     36     42 
 20260323    15:50:59       0    142     36     43 
 20260323    15:50:59       1    145     38     45 
 20260323    15:50:59       2    154     37     46 
 20260323    15:50:59       3    143     36     42 
 20260323    15:51:29       0    141     37     43 
 20260323    15:51:29       1    146     38     45 
 20260323    15:51:29       2    154     37     46 
 20260323    15:51:29       3    143     36     42 
 20260323    15:51:59       0    141     37     43 
 20260323    15:51:59       1    146     38     45 
 20260323    15:51:59       2    154     38     46 
 20260323    15:51:59       3    143     36     42 
#Date        Time         gpu    pwr  gtemp  mtemp 
#YYYYMMDD    HH:MM:SS     Idx      W      C      C 
 20260323    15:52:29       0    128     35     44 
 20260323    15:52:29       1    133     37     43 
 20260323    15:52:29       2    140     36     46 
 20260323    15:52:29       3    131     35     42 
 20260323    15:52:59       0    128     35     43 
 20260323    15:52:59       1    133     37     44 
 20260323    15:52:59       2    140     36     45 
 20260323    15:52:59       3    131     35     42 
 20260323    15:53:29       0    141     37     43 
 20260323    15:53:29       1    146     38     45 
 20260323    15:53:29       2    154     37     46 
 20260323    15:53:29       3    143     36     42 
 20260323    15:53:59       0    141     37     44 
 20260323    15:53:59       1    146     38     45 
 20260323    15:53:59       2    154     37     46 
 20260323    15:53:59       3    143     36     42 
 20260323    15:54:29       0    140     37     43 
 20260323    15:54:29       1    145     38     45 
 20260323    15:54:29       2    154     37     46 
 20260323    15:54:29       3    143     36     42 
 20260323    15:54:59       0    140     37     43 
 20260323    15:54:59       1    145     38     45 
 20260323    15:54:59       2    153     37     46 
 20260323    15:54:59       3    143     36     42 
 20260323    15:55:29       0    140     37     43 
 20260323    15:55:29       1    145     38     45 
 20260323    15:55:29       2    154     37     46 
 20260323    15:55:29       3    143     36     42 
 20260323    15:55:59       0    141     37     43 
 20260323    15:55:59       1    146     38     45 
 20260323    15:55:59       2    154     37     46 
 20260323    15:55:59       3    143     36     42 
 20260323    15:56:29       0    140     37     43 
 20260323    15:56:29       1    145     38     45 
 20260323    15:56:29       2    153     37     46 
 20260323    15:56:29       3    142     36     42 
 20260323    15:56:59       0    141     37     43 
 20260323    15:56:59       1    145     38     45 
 20260323    15:56:59       2    153     37     46 
 20260323    15:56:59       3    143     36     42 
 20260323    15:57:29       0    141     37     44 
 20260323    15:57:29       1    145     38     45 
 20260323    15:57:29       2    153     37     46 
 20260323    15:57:29       3    142     36     42 
#Date        Time         gpu    pwr  gtemp  mtemp 
#YYYYMMDD    HH:MM:SS     Idx      W      C      C 
 20260323    15:57:59       0    399     44     53 
 20260323    15:57:59       1    397     45     53 
 20260323    15:57:59       2    423     45     56 
 20260323    15:57:59       3    435     44     52 
 20260323    15:58:29       0    141     36     44 
 20260323    15:58:29       1    145     38     45 
 20260323    15:58:29       2    153     37     46 
 20260323    15:58:29       3    143     36     42 
 20260323    15:58:59       0    141     37     43 
 20260323    15:58:59       1    146     38     45 
 20260323    15:58:59       2    154     37     46 
 20260323    15:58:59       3    143     36     42 
 20260323    15:59:29       0    141     36     43 
 20260323    15:59:29       1    146     38     45 
 20260323    15:59:29       2    154     37     46 
 20260323    15:59:29       3    143     36     42 
 20260323    15:59:59       0    140     37     43 
 20260323    15:59:59       1    145     38     45 
 20260323    15:59:59       2    153     37     46 
 20260323    15:59:59       3    142     36     42 
 20260323    16:00:29       0    140     37     44 
 20260323    16:00:29       1    145     38     45 
 20260323    16:00:29       2    153     37     46 
 20260323    16:00:29       3    143     36     42 
 20260323    16:00:59       0    141     37     43 
 20260323    16:00:59       1    145     38     45 
 20260323    16:00:59       2    153     37     46 
 20260323    16:00:59       3    143     36     42 
 20260323    16:01:29       0    140     37     44 
 20260323    16:01:29       1    145     38     45 
 20260323    16:01:29       2    154     37     46 
 20260323    16:01:29       3    143     36     42 
 20260323    16:01:59       0    141     37     44 
 20260323    16:01:59       1    146     38     45 
 20260323    16:01:59       2    154     37     46 
 20260323    16:01:59       3    143     36     42 
 20260323    16:02:29       0    140     37     44 
 20260323    16:02:29       1    145     38     45 
 20260323    16:02:29       2    153     37     46 
 20260323    16:02:29       3    142     36     42 
 20260323    16:02:59       0    140     37     43 
 20260323    16:02:59       1    144     38     45 
 20260323    16:02:59       2    153     37     46 
 20260323    16:02:59       3    143     36     42 
#Date        Time         gpu    pwr  gtemp  mtemp 
#YYYYMMDD    HH:MM:SS     Idx      W      C      C 
 20260323    16:03:29       0    141     37     44 
 20260323    16:03:29       1    145     38     45 
 20260323    16:03:29       2    153     37     46 
 20260323    16:03:29       3    143     36     42 
 20260323    16:03:59       0    140     37     43 
 20260323    16:03:59       1    145     38     45 
 20260323    16:03:59       2    153     37     46 
 20260323    16:03:59       3    143     36     42 
 20260323    16:04:29       0    141     37     44 
 20260323    16:04:29       1    146     38     45 
 20260323    16:04:29       2    154     37     46 
 20260323    16:04:29       3    143     36     42 
 20260323    16:04:59       0    141     37     43 
 20260323    16:04:59       1    146     38     45 
 20260323    16:04:59       2    153     37     47 
 20260323    16:04:59       3    143     36     42 
 20260323    16:05:29       0    127     35     43 
 20260323    16:05:29       1    133     37     44 
 20260323    16:05:29       2    139     36     45 
 20260323    16:05:29       3    131     35     41 
 20260323    16:05:59       0    127     35     43 
 20260323    16:05:59       1    133     37     43 
 20260323    16:05:59       2    139     36     45 
 20260323    16:05:59       3    130     35     41 
 20260323    16:06:29       0    162     44     46 
 20260323    16:06:29       1    133     37     44 
 20260323    16:06:29       2    174     38     45 
 20260323    16:06:29       3    164     39     43 
 20260323    16:06:59       0    141     37     44 
 20260323    16:06:59       1    145     38     45 
 20260323    16:06:59       2    154     37     46 
 20260323    16:06:59       3    143     36     42 
 20260323    16:07:29       0    141     37     44 
 20260323    16:07:29       1    146     38     45 
 20260323    16:07:29       2    154     38     46 
 20260323    16:07:29       3    143     36     42 
 20260323    16:07:59       0    141     37     44 
 20260323    16:07:59       1    146     39     45 
 20260323    16:07:59       2    154     38     47 
 20260323    16:07:59       3    144     37     42 
 20260323    16:08:29       0    140     37     44 
 20260323    16:08:29       1    145     39     45 
 20260323    16:08:29       2    153     38     47 
 20260323    16:08:29       3    143     37     42 
#Date        Time         gpu    pwr  gtemp  mtemp 
#YYYYMMDD    HH:MM:SS     Idx      W      C      C 
 20260323    16:08:59       0    141     37     44 
 20260323    16:08:59       1    146     38     45 
 20260323    16:08:59       2    153     37     46 
 20260323    16:08:59       3    143     36     42 
 20260323    16:09:29       0    141     37     44 
 20260323    16:09:29       1    145     38     45 
 20260323    16:09:29       2    154     37     46 
 20260323    16:09:29       3    143     36     42 
 20260323    16:09:59       0    141     37     44 
 20260323    16:09:59       1    146     38     45 
 20260323    16:09:59       2    154     37     46 
 20260323    16:09:59       3    143     36     42 
 20260323    16:10:29       0    141     37     43 
 20260323    16:10:29       1    146     38     45 
 20260323    16:10:29       2    154     37     46 
 20260323    16:10:29       3    143     36     42 
 20260323    16:10:59       0    141     37     44 
 20260323    16:10:59       1    146     38     45 
 20260323    16:10:59       2    154     37     46 
 20260323    16:10:59       3    143     36     42 
 20260323    16:11:29       0    140     37     44 
 20260323    16:11:29       1    146     39     45 
 20260323    16:11:29       2    153     37     47 
 20260323    16:11:29       3    142     36     42 
 20260323    16:11:59       0    140     37     44 
 20260323    16:11:59       1    146     38     45 
 20260323    16:11:59       2    154     37     46 
 20260323    16:11:59       3    143     36     42 
 20260323    16:12:29       0    140     37     44 
 20260323    16:12:29       1    145     39     45 
 20260323    16:12:29       2    154     38     46 
 20260323    16:12:29       3    143     36     42 
 20260323    16:12:59       0    141     37     44 
 20260323    16:12:59       1    145     38     45 
 20260323    16:12:59       2    154     37     46 
 20260323    16:12:59       3    143     36     42 
 20260323    16:13:29       0    140     37     44 
 20260323    16:13:29       1    144     38     45 
 20260323    16:13:29       2    154     38     46 
 20260323    16:13:29       3    142     36     42 
 20260323    16:13:59       0    141     37     44 
 20260323    16:13:59       1    146     39     45 
 20260323    16:13:59       2    154     38     46 
 20260323    16:13:59       3    143     36     42 
#Date        Time         gpu    pwr  gtemp  mtemp 
#YYYYMMDD    HH:MM:SS     Idx      W      C      C 
 20260323    16:14:30       0    140     37     44 
 20260323    16:14:30       1    145     38     45 
 20260323    16:14:30       2    153     38     46 
 20260323    16:14:30       3    143     36     42 
 20260323    16:15:00       0    141     37     44 
 20260323    16:15:00       1    146     38     45 
 20260323    16:15:00       2    154     37     46 
 20260323    16:15:00       3    143     36     42 
 20260323    16:15:30       0    141     37     43 
 20260323    16:15:30       1    146     38     45 
 20260323    16:15:30       2    154     37     47 
 20260323    16:15:30       3    143     36     42 
 20260323    16:16:00       0    141     37     43 
 20260323    16:16:00       1    145     38     45 
 20260323    16:16:00       2    154     37     46 
 20260323    16:16:00       3    143     36     42 
 20260323    16:16:30       0    141     37     44 
 20260323    16:16:30       1    146     38     45 
 20260323    16:16:30       2    154     38     46 
 20260323    16:16:30       3    143     36     42 
 20260323    16:17:00       0    141     37     43 
 20260323    16:17:00       1    146     38     45 
 20260323    16:17:00       2    153     37     46 
 20260323    16:17:00       3    143     36     42 
 20260323    16:17:30       0    141     37     44 
 20260323    16:17:30       1    146     38     45 
 20260323    16:17:30       2    154     37     46 
 20260323    16:17:30       3    143     36     42 
 20260323    16:18:00       0    141     37     43 
 20260323    16:18:00       1    146     39     45 
 20260323    16:18:00       2    154     38     46 
 20260323    16:18:00       3    144     37     42 
 20260323    16:18:30       0    141     37     43 
 20260323    16:18:30       1    145     38     45 
 20260323    16:18:30       2    154     37     47 
 20260323    16:18:30       3    143     36     42 
 20260323    16:19:00       0    141     37     44 
 20260323    16:19:00       1    146     38     45 
 20260323    16:19:00       2    154     37     47 
 20260323    16:19:00       3    142     36     42 
 20260323    16:19:30       0    141     37     43 
 20260323    16:19:30       1    146     38     45 
 20260323    16:19:30       2    154     37     47 
 20260323    16:19:30       3    143     36     42 
#Date        Time         gpu    pwr  gtemp  mtemp 
#YYYYMMDD    HH:MM:SS     Idx      W      C      C 
 20260323    16:20:00       0    141     37     44 
 20260323    16:20:00       1    146     38     45 
 20260323    16:20:00       2    154     37     47 
 20260323    16:20:00       3    143     36     42 
 20260323    16:20:30       0    128     35     43 
 20260323    16:20:30       1    133     37     43 
 20260323    16:20:30       2    140     36     45 
 20260323    16:20:30       3    131     35     42 
 20260323    16:21:00       0    128     35     43 
 20260323    16:21:00       1    133     37     43 
 20260323    16:21:00       2    140     36     45 
 20260323    16:21:00       3    131     35     41 
 20260323    16:21:30       0    128     35     43 
 20260323    16:21:30       1    133     37     44 
 20260323    16:21:30       2    140     36     46 
 20260323    16:21:30       3    131     35     42 
 20260323    16:22:00       0    140     36     44 
 20260323    16:22:00       1    145     38     45 
 20260323    16:22:00       2    153     37     46 
 20260323    16:22:00       3    142     36     42 
 20260323    16:22:30       0    140     37     43 
 20260323    16:22:30       1    145     38     45 
 20260323    16:22:30       2    154     37     46 
 20260323    16:22:30       3    143     36     42 
 20260323    16:23:00       0    140     37     43 
 20260323    16:23:00       1    145     38     45 
 20260323    16:23:00       2    153     37     46 
 20260323    16:23:00       3    142     36     42 
 20260323    16:23:30       0    140     37     43 
 20260323    16:23:30       1    145     38     45 
 20260323    16:23:30       2    153     37     46 
 20260323    16:23:30       3    143     36     42 
 20260323    16:24:00       0    141     37     44 
 20260323    16:24:00       1    145     38     45 
 20260323    16:24:00       2    154     37     46 
 20260323    16:24:00       3    143     36     42 
 20260323    16:24:30       0    141     37     43 
 20260323    16:24:30       1    146     38     45 
 20260323    16:24:30       2    154     37     46 
 20260323    16:24:30       3    143     36     42 
 20260323    16:25:00       0    141     37     43 
 20260323    16:25:00       1    146     38     45 
 20260323    16:25:00       2    154     37     46 
 20260323    16:25:00       3    143     36     42 
#Date        Time         gpu    pwr  gtemp  mtemp 
#YYYYMMDD    HH:MM:SS     Idx      W      C      C 
 20260323    16:25:30       0    141     37     43 
 20260323    16:25:30       1    146     39     45 
 20260323    16:25:30       2    154     37     47 
 20260323    16:25:30       3    143     36     42 
 20260323    16:26:00       0    140     37     43 
 20260323    16:26:00       1    146     39     45 
 20260323    16:26:00       2    154     38     46 
 20260323    16:26:00       3    143     36     42 
 20260323    16:26:30       0    369     42     52 
 20260323    16:26:30       1    399     46     56 
 20260323    16:26:30       2    332     43     52 
 20260323    16:26:30       3    361     40     49 
 20260323    16:27:00       0    141     37     44 
 20260323    16:27:00       1    146     39     45 
 20260323    16:27:00       2    154     38     46 
 20260323    16:27:00       3    143     36     42 
 20260323    16:27:30       0    140     37     44 
 20260323    16:27:30       1    146     39     45 
 20260323    16:27:30       2    153     38     46 
 20260323    16:27:30       3    143     36     42 
 20260323    16:28:00       0    140     37     44 
 20260323    16:28:00       1    145     39     45 
 20260323    16:28:00       2    154     38     46 
 20260323    16:28:00       3    142     36     42 
 20260323    16:28:30       0    141     37     44 
 20260323    16:28:30       1    146     39     45 
 20260323    16:28:30       2    154     38     46 
 20260323    16:28:30       3    143     36     42 
 20260323    16:29:00       0    141     37     44 
 20260323    16:29:00       1    146     39     45 
 20260323    16:29:00       2    154     38     46 
 20260323    16:29:00       3    143     36     42 
 20260323    16:29:30       0    141     37     43 
 20260323    16:29:30       1    146     39     45 
 20260323    16:29:30       2    154     38     46 
 20260323    16:29:30       3    143     37     42 
 20260323    16:30:00       0    141     37     44 
 20260323    16:30:00       1    145     39     45 
 20260323    16:30:00       2    153     38     46 
 20260323    16:30:00       3    143     37     42 
 20260323    16:30:30       0    141     37     44 
 20260323    16:30:30       1    145     39     45 
 20260323    16:30:30       2    153     38     46 
 20260323    16:30:30       3    142     37     42 
#Date        Time         gpu    pwr  gtemp  mtemp 
#YYYYMMDD    HH:MM:SS     Idx      W      C      C 
 20260323    16:31:00       0    141     37     44 
 20260323    16:31:00       1    145     39     45 
 20260323    16:31:00       2    153     38     46 
 20260323    16:31:00       3    144     37     43 
 20260323    16:31:30       0    141     37     44 
 20260323    16:31:30       1    145     39     45 
 20260323    16:31:30       2    154     38     46 
 20260323    16:31:30       3    143     36     42 
 20260323    16:32:00       0    141     37     44 
 20260323    16:32:00       1    146     39     45 
 20260323    16:32:00       2    153     37     46 
 20260323    16:32:00       3    143     37     42 
 20260323    16:32:30       0    141     37     44 
 20260323    16:32:30       1    147     38     45 
 20260323    16:32:30       2    155     38     46 
 20260323    16:32:30       3    143     36     42 
 20260323    16:33:00       0    141     37     44 
 20260323    16:33:00       1    147     39     45 
 20260323    16:33:00       2    154     38     46 
 20260323    16:33:00       3    143     37     42 
 20260323    16:33:30       0    140     36     44 
 20260323    16:33:30       1    146     38     45 
 20260323    16:33:30       2    153     37     46 
 20260323    16:33:30       3    142     36     42 
 20260323    16:34:00       0    128     35     43 
 20260323    16:34:00       1    133     37     43 
 20260323    16:34:00       2    140     36     45 
 20260323    16:34:00       3    131     35     41 
 20260323    16:34:30       0    128     35     43 
 20260323    16:34:30       1    133     37     43 
 20260323    16:34:30       2    140     36     46 
 20260323    16:34:30       3    130     35     41 
 20260323    16:35:00       0    141     37     43 
 20260323    16:35:00       1    145     38     45 
 20260323    16:35:00       2    154     37     46 
 20260323    16:35:00       3    143     36     42 
 20260323    16:35:30       0    141     37     43 
 20260323    16:35:30       1    146     38     45 
 20260323    16:35:30       2    154     37     46 
 20260323    16:35:30       3    143     36     42 
 20260323    16:36:00       0    141     37     43 
 20260323    16:36:00       1    145     38     45 
 20260323    16:36:00       2    154     37     46 
 20260323    16:36:00       3    143     36     42 
#Date        Time         gpu    pwr  gtemp  mtemp 
#YYYYMMDD    HH:MM:SS     Idx      W      C      C 
 20260323    16:36:30       0    140     37     43 
 20260323    16:36:30       1    145     38     45 
 20260323    16:36:30       2    153     37     46 
 20260323    16:36:30       3    142     36     42 
 20260323    16:37:00       0    141     37     44 
 20260323    16:37:00       1    146     38     45 
 20260323    16:37:00       2    154     37     46 
 20260323    16:37:00       3    143     36     42 
 20260323    16:37:30       0    140     36     43 
 20260323    16:37:30       1    146     38     45 
 20260323    16:37:30       2    154     37     46 
 20260323    16:37:30       3    143     36     42 
 20260323    16:38:00       0    140     37     44 
 20260323    16:38:00       1    145     38     45 
 20260323    16:38:00       2    154     38     46 
 20260323    16:38:00       3    143     36     42 
 20260323    16:38:30       0    141     37     43 
 20260323    16:38:30       1    146     38     45 
 20260323    16:38:30       2    154     37     46 
 20260323    16:38:30       3    143     36     42 
 20260323    16:39:00       0    140     37     43 
 20260323    16:39:00       1    145     38     45 
 20260323    16:39:00       2    153     37     46 
 20260323    16:39:00       3    142     36     42 
 20260323    16:39:30       0    128     35     43 
 20260323    16:39:30       1    134     37     44 
 20260323    16:39:30       2    141     36     46 
 20260323    16:39:30       3    131     35     42 
 20260323    16:40:00       0    141     37     43 
 20260323    16:40:00       1    146     38     45 
 20260323    16:40:00       2    154     37     46 
 20260323    16:40:00       3    143     36     42 
 20260323    16:40:30       0    139     37     44 
 20260323    16:40:30       1    145     38     45 
 20260323    16:40:30       2    153     37     46 
 20260323    16:40:30       3    143     36     42 
 20260323    16:41:00       0    141     37     43 
 20260323    16:41:00       1    145     38     45 
 20260323    16:41:00       2    153     37     46 
 20260323    16:41:00       3    143     36     42 
 20260323    16:41:30       0    141     37     43 
 20260323    16:41:30       1    146     38     45 
 20260323    16:41:30       2    154     37     46 
 20260323    16:41:30       3    143     36     42 
#Date        Time         gpu    pwr  gtemp  mtemp 
#YYYYMMDD    HH:MM:SS     Idx      W      C      C 
 20260323    16:42:00       0    141     37     43 
 20260323    16:42:00       1    145     38     45 
 20260323    16:42:00       2    154     37     46 
 20260323    16:42:00       3    143     36     42 
 20260323    16:42:30       0    140     37     43 
 20260323    16:42:30       1    145     38     45 
 20260323    16:42:30       2    153     37     47 
 20260323    16:42:30       3    143     36     42 
 20260323    16:43:00       0    140     37     43 
 20260323    16:43:00       1    146     38     45 
 20260323    16:43:00       2    153     37     46 
 20260323    16:43:00       3    143     36     42 
 20260323    16:43:30       0    141     37     43 
 20260323    16:43:30       1    145     38     45 
 20260323    16:43:30       2    154     37     47 
 20260323    16:43:30       3    143     36     42 
 20260323    16:44:00       0    141     37     43 
 20260323    16:44:00       1    145     38     45 
 20260323    16:44:00       2    153     37     46 
 20260323    16:44:00       3    143     36     42 
 20260323    16:44:30       0    140     37     43 
 20260323    16:44:30       1    146     38     45 
 20260323    16:44:30       2    154     37     46 
 20260323    16:44:30       3    142     36     42 
 20260323    16:45:00       0    141     37     43 
 20260323    16:45:00       1    146     38     45 
 20260323    16:45:00       2    154     37     46 
 20260323    16:45:00       3    143     36     42 
 20260323    16:45:30       0    141     37     43 
 20260323    16:45:30       1    146     39     45 
 20260323    16:45:30       2    154     37     46 
 20260323    16:45:30       3    143     36     42 
 20260323    16:46:00       0    141     37     43 
 20260323    16:46:00       1    145     39     45 
 20260323    16:46:00       2    154     38     47 
 20260323    16:46:00       3    143     36     42 
 20260323    16:46:30       0    141     37     44 
 20260323    16:46:30       1    145     38     45 
 20260323    16:46:30       2    154     38     46 
 20260323    16:46:30       3    142     36     43 
 20260323    16:47:00       0    141     37     44 
 20260323    16:47:00       1    147     39     45 
 20260323    16:47:00       2    154     37     46 
 20260323    16:47:00       3    143     36     42 
#Date        Time         gpu    pwr  gtemp  mtemp 
#YYYYMMDD    HH:MM:SS     Idx      W      C      C 
 20260323    16:47:30       0    141     37     44 
 20260323    16:47:30       1    146     38     45 
 20260323    16:47:30       2    154     37     46 
 20260323    16:47:30       3    143     36     42 
 20260323    16:48:00       0    141     37     44 
 20260323    16:48:00       1    146     38     45 
 20260323    16:48:00       2    154     37     47 
 20260323    16:48:00       3    143     36     42 
 20260323    16:48:30       0    140     37     43 
 20260323    16:48:30       1    145     39     45 
 20260323    16:48:30       2    153     38     46 
 20260323    16:48:30       3    143     36     42 
 20260323    16:49:00       0    128     35     44 
 20260323    16:49:00       1    133     37     45 
 20260323    16:49:00       2    141     36     46 
 20260323    16:49:00       3    130     35     42 
 20260323    16:49:30       0    127     35     44 
 20260323    16:49:30       1    132     37     43 
 20260323    16:49:30       2    140     36     46 
 20260323    16:49:30       3    130     35     42 
 20260323    16:50:00       0    128     35     43 
 20260323    16:50:00       1    132     37     43 
 20260323    16:50:00       2    140     36     46 
 20260323    16:50:00       3    130     35     42 
 20260323    16:50:30       0    140     37     44 
 20260323    16:50:30       1    146     38     45 
 20260323    16:50:30       2    153     37     46 
 20260323    16:50:30       3    143     36     42 
 20260323    16:51:00       0    141     37     43 
 20260323    16:51:00       1    146     39     45 
 20260323    16:51:00       2    154     38     46 
 20260323    16:51:00       3    143     37     42 
 20260323    16:51:30       0    140     37     44 
 20260323    16:51:30       1    146     38     45 
 20260323    16:51:30       2    153     38     46 
 20260323    16:51:30       3    143     36     42 
 20260323    16:52:00       0    140     37     43 
 20260323    16:52:00       1    146     38     45 
 20260323    16:52:00       2    152     37     46 
 20260323    16:52:00       3    143     36     42 
 20260323    16:52:30       0    140     37     43 
 20260323    16:52:30       1    146     38     45 
 20260323    16:52:30       2    153     37     46 
 20260323    16:52:30       3    143     36     42 
#Date        Time         gpu    pwr  gtemp  mtemp 
#YYYYMMDD    HH:MM:SS     Idx      W      C      C 
 20260323    16:53:00       0    141     37     44 
 20260323    16:53:00       1    147     39     45 
 20260323    16:53:00       2    154     38     46 
 20260323    16:53:00       3    143     37     42 
 20260323    16:53:30       0    141     37     44 
 20260323    16:53:30       1    146     39     45 
 20260323    16:53:30       2    154     38     47 
 20260323    16:53:30       3    143     36     42 
 20260323    16:54:00       0    141     37     44 
 20260323    16:54:00       1    147     39     45 
 20260323    16:54:00       2    154     38     46 
 20260323    16:54:00       3    143     37     42 
 20260323    16:54:30       0    141     37     44 
 20260323    16:54:30       1    147     39     45 
 20260323    16:54:30       2    154     38     46 
 20260323    16:54:30       3    142     36     42 
 20260323    16:55:00       0    309     41     50 
 20260323    16:55:00       1    376     45     54 
 20260323    16:55:00       2    298     42     54 
 20260323    16:55:00       3    234     39     48 
 20260323    16:55:30       0    141     37     43 
 20260323    16:55:30       1    146     39     45 
 20260323    16:55:30       2    154     37     46 
 20260323    16:55:30       3    143     36     42 
 20260323    16:56:00       0    140     37     44 
 20260323    16:56:00       1    146     38     45 
 20260323    16:56:00       2    154     37     46 
 20260323    16:56:00       3    143     36     42 
 20260323    16:56:30       0    141     37     43 
 20260323    16:56:30       1    146     39     45 
 20260323    16:56:30       2    154     38     46 
 20260323    16:56:30       3    143     36     42 
 20260323    16:57:00       0    141     37     43 
 20260323    16:57:00       1    145     38     45 
 20260323    16:57:00       2    154     37     46 
 20260323    16:57:00       3    142     36     42 
 20260323    16:57:30       0    140     36     43 
 20260323    16:57:30       1    146     38     45 
 20260323    16:57:30       2    153     37     46 
 20260323    16:57:30       3    142     36     42 
 20260323    16:58:00       0    140     37     43 
 20260323    16:58:00       1    145     38     45 
 20260323    16:58:00       2    153     37     46 
 20260323    16:58:00       3    143     36     42 
#Date        Time         gpu    pwr  gtemp  mtemp 
#YYYYMMDD    HH:MM:SS     Idx      W      C      C 
 20260323    16:58:30       0    140     36     43 
 20260323    16:58:30       1    146     38     45 
 20260323    16:58:30       2    154     37     46 
 20260323    16:58:30       3    143     36     42 
 20260323    16:59:00       0    141     36     43 
 20260323    16:59:00       1    145     38     45 
 20260323    16:59:00       2    153     37     46 
 20260323    16:59:00       3    143     36     42 
 20260323    16:59:30       0    140     37     43 
 20260323    16:59:30       1    145     38     45 
 20260323    16:59:30       2    153     37     46 
 20260323    16:59:30       3    142     36     42 
 20260323    17:00:00       0    141     37     43 
 20260323    17:00:00       1    145     38     45 
 20260323    17:00:00       2    154     37     46 
 20260323    17:00:00       3    143     36     42 
 20260323    17:00:30       0    140     36     43 
 20260323    17:00:30       1    145     38     45 
 20260323    17:00:30       2    154     37     46 
 20260323    17:00:30       3    143     36     42 
 20260323    17:01:00       0    141     36     43 
 20260323    17:01:00       1    146     38     45 
 20260323    17:01:00       2    153     37     46 
 20260323    17:01:00       3    143     36     42 
 20260323    17:01:30       0    140     36     43 
 20260323    17:01:30       1    145     38     45 
 20260323    17:01:30       2    153     37     46 
 20260323    17:01:30       3    142     36     42 
 20260323    17:02:00       0    140     36     43 
 20260323    17:02:00       1    146     38     45 
 20260323    17:02:00       2    153     37     46 
 20260323    17:02:00       3    143     36     42 
 20260323    17:02:30       0    128     35     43 
 20260323    17:02:30       1    132     37     43 
 20260323    17:02:30       2    139     36     45 
 20260323    17:02:30       3    130     35     40 
 20260323    17:03:00       0    128     35     43 
 20260323    17:03:00       1    132     37     43 
 20260323    17:03:00       2    139     36     45 
 20260323    17:03:00       3    130     35     40 
 20260323    17:03:30       0    140     36     44 
 20260323    17:03:30       1    145     38     45 
 20260323    17:03:30       2    153     37     46 
 20260323    17:03:30       3    142     36     42 
#Date        Time         gpu    pwr  gtemp  mtemp 
#YYYYMMDD    HH:MM:SS     Idx      W      C      C 
 20260323    17:04:00       0    141     36     43 
 20260323    17:04:00       1    145     38     45 
 20260323    17:04:00       2    153     37     46 
 20260323    17:04:00       3    142     36     42 
 20260323    17:04:30       0    140     36     44 
 20260323    17:04:30       1    145     38     45 
 20260323    17:04:30       2    154     37     46 
 20260323    17:04:30       3    142     36     42 
 20260323    17:05:00       0    140     36     43 
 20260323    17:05:00       1    145     38     45 
 20260323    17:05:00       2    153     37     46 
 20260323    17:05:00       3    143     36     42 
 20260323    17:05:30       0    141     37     43 
 20260323    17:05:30       1    145     38     45 
 20260323    17:05:30       2    153     37     46 
 20260323    17:05:30       3    142     36     42 
 20260323    17:06:00       0    140     36     43 
 20260323    17:06:00       1    145     38     45 
 20260323    17:06:00       2    153     37     46 
 20260323    17:06:00       3    143     36     42 
 20260323    17:06:30       0    140     36     43 
 20260323    17:06:30       1    145     38     45 
 20260323    17:06:30       2    154     37     46 
 20260323    17:06:30       3    143     36     42 
 20260323    17:07:00       0    140     37     43 
 20260323    17:07:00       1    145     38     45 
 20260323    17:07:00       2    153     37     46 
 20260323    17:07:00       3    142     36     42 
 20260323    17:07:30       0    141     37     43 
 20260323    17:07:30       1    146     38     45 
 20260323    17:07:30       2    154     37     46 
 20260323    17:07:30       3    143     36     42 
 20260323    17:08:00       0    141     37     43 
 20260323    17:08:00       1    146     38     45 
 20260323    17:08:00       2    154     37     46 
 20260323    17:08:00       3    143     36     42 
 20260323    17:08:30       0    140     36     43 
 20260323    17:08:30       1    146     38     45 
 20260323    17:08:30       2    154     37     46 
 20260323    17:08:30       3    142     36     42 
 20260323    17:09:00       0    140     37     43 
 20260323    17:09:00       1    145     38     45 
 20260323    17:09:00       2    153     37     46 
 20260323    17:09:00       3    143     36     42 
#Date        Time         gpu    pwr  gtemp  mtemp 
#YYYYMMDD    HH:MM:SS     Idx      W      C      C 
 20260323    17:09:30       0    140     36     43 
 20260323    17:09:30       1    146     38     45 
 20260323    17:09:30       2    153     37     46 
 20260323    17:09:30       3    142     36     42 
 20260323    17:10:00       0    140     36     43 
 20260323    17:10:00       1    145     38     45 
 20260323    17:10:00       2    153     37     46 
 20260323    17:10:00       3    143     36     42 
 20260323    17:10:30       0    141     37     43 
 20260323    17:10:30       1    145     38     45 
 20260323    17:10:30       2    154     37     46 
 20260323    17:10:30       3    143     36     42 
 20260323    17:11:00       0    140     37     43 
 20260323    17:11:00       1    146     38     45 
 20260323    17:11:00       2    153     37     46 
 20260323    17:11:00       3    143     36     42 
 20260323    17:11:30       0    140     36     43 
 20260323    17:11:30       1    144     38     45 
 20260323    17:11:30       2    152     37     46 
 20260323    17:11:30       3    142     36     42 
 20260323    17:12:00       0    140     37     43 
 20260323    17:12:00       1    145     38     45 
 20260323    17:12:00       2    153     37     46 
 20260323    17:12:00       3    143     36     42 
 20260323    17:12:30       0    141     37     43 
 20260323    17:12:30       1    145     38     45 
 20260323    17:12:30       2    153     37     46 
 20260323    17:12:30       3    142     36     42 
 20260323    17:13:00       0    141     37     43 
 20260323    17:13:00       1    146     38     45 
 20260323    17:13:00       2    154     37     46 
 20260323    17:13:00       3    143     36     42 
 20260323    17:13:30       0    140     36     43 
 20260323    17:13:30       1    145     38     45 
 20260323    17:13:30       2    153     37     46 
 20260323    17:13:30       3    142     36     42 
 20260323    17:14:00       0    141     37     43 
 20260323    17:14:00       1    145     38     45 
 20260323    17:14:00       2    154     37     46 
 20260323    17:14:00       3    143     36     42 
 20260323    17:14:30       0    140     37     43 
 20260323    17:14:30       1    146     38     45 
 20260323    17:14:30       2    154     37     46 
 20260323    17:14:30       3    143     36     42 
#Date        Time         gpu    pwr  gtemp  mtemp 
#YYYYMMDD    HH:MM:SS     Idx      W      C      C 
 20260323    17:15:00       0    140     37     44 
 20260323    17:15:00       1    145     38     45 
 20260323    17:15:00       2    153     37     46 
 20260323    17:15:00       3    142     36     42 
 20260323    17:15:30       0    140     37     43 
 20260323    17:15:30       1    145     38     45 
 20260323    17:15:30       2    154     37     46 
 20260323    17:15:30       3    143     36     42 
 20260323    17:16:00       0    140     37     43 
 20260323    17:16:00       1    145     38     45 
 20260323    17:16:00       2    153     37     46 
 20260323    17:16:00       3    142     36     42 
 20260323    17:16:30       0    140     37     43 
 20260323    17:16:30       1    145     38     45 
 20260323    17:16:30       2    153     37     46 
 20260323    17:16:30       3    142     36     42 
 20260323    17:17:00       0    140     37     43 
 20260323    17:17:00       1    146     38     45 
 20260323    17:17:00       2    154     37     46 
 20260323    17:17:00       3    142     36     42 
 20260323    17:17:30       0    141     37     43 
 20260323    17:17:30       1    146     38     45 
 20260323    17:17:30       2    154     37     46 
 20260323    17:17:30       3    143     36     42 
 20260323    17:18:00       0    127     35     43 
 20260323    17:18:00       1    132     37     44 
 20260323    17:18:00       2    140     36     45 
 20260323    17:18:00       3    130     35     40 
 20260323    17:18:30       0    127     35     42 
 20260323    17:18:30       1    133     37     44 
 20260323    17:18:30       2    139     36     45 
 20260323    17:18:30       3    129     35     40 
 20260323    17:19:00       0    140     36     43 
 20260323    17:19:00       1    145     38     45 
 20260323    17:19:00       2    153     37     46 
 20260323    17:19:00       3    142     36     42 
 20260323    17:19:30       0    140     36     43 
 20260323    17:19:30       1    145     38     45 
 20260323    17:19:30       2    152     37     46 
 20260323    17:19:30       3    142     36     42 
 20260323    17:20:00       0    141     36     43 
 20260323    17:20:00       1    146     38     45 
 20260323    17:20:00       2    153     37     46 
 20260323    17:20:00       3    142     36     42 
#Date        Time         gpu    pwr  gtemp  mtemp 
#YYYYMMDD    HH:MM:SS     Idx      W      C      C 
 20260323    17:20:30       0    141     36     43 
 20260323    17:20:30       1    146     38     45 
 20260323    17:20:30       2    153     37     46 
 20260323    17:20:30       3    143     36     42 
 20260323    17:21:00       0    140     36     43 
 20260323    17:21:00       1    145     38     45 
 20260323    17:21:00       2    153     37     46 
 20260323    17:21:00       3    142     36     42 
 20260323    17:21:30       0    140     36     43 
 20260323    17:21:30       1    145     38     45 
 20260323    17:21:30       2    153     37     46 
 20260323    17:21:30       3    142     36     42 
 20260323    17:22:00       0    141     36     43 
 20260323    17:22:00       1    146     38     45 
 20260323    17:22:00       2    153     37     46 
 20260323    17:22:00       3    142     36     42 
 20260323    17:22:30       0    140     36     43 
 20260323    17:22:30       1    145     38     45 
 20260323    17:22:30       2    153     37     46 
 20260323    17:22:30       3    142     36     42 
 20260323    17:23:00       0    140     36     43 
 20260323    17:23:00       1    146     38     45 
 20260323    17:23:00       2    153     37     46 
 20260323    17:23:00       3    142     36     42 
 20260323    17:23:30       0    403     44     54 
 20260323    17:23:30       1    396     44     54 
 20260323    17:23:30       2    416     44     56 
 20260323    17:23:30       3    438     43     53 
 20260323    17:24:00       0    141     37     44 
 20260323    17:24:00       1    147     38     45 
 20260323    17:24:00       2    155     37     46 
 20260323    17:24:00       3    143     36     42 
 20260323    17:24:30       0    140     36     43 
 20260323    17:24:30       1    145     38     45 
 20260323    17:24:30       2    153     37     46 
 20260323    17:24:30       3    143     36     42 
 20260323    17:25:00       0    140     36     43 
 20260323    17:25:00       1    145     38     45 
 20260323    17:25:00       2    152     37     46 
 20260323    17:25:00       3    143     36     42 
 20260323    17:25:30       0    140     36     43 
 20260323    17:25:30       1    146     38     45 
 20260323    17:25:30       2    154     37     46 
 20260323    17:25:30       3    143     36     42 
#Date        Time         gpu    pwr  gtemp  mtemp 
#YYYYMMDD    HH:MM:SS     Idx      W      C      C 
 20260323    17:26:00       0    141     36     43 
 20260323    17:26:00       1    146     38     45 
 20260323    17:26:00       2    153     37     46 
 20260323    17:26:00       3    143     36     42 
 20260323    17:26:30       0    140     37     43 
 20260323    17:26:30       1    145     38     45 
 20260323    17:26:30       2    154     37     46 
 20260323    17:26:30       3    142     36     42 
 20260323    17:27:00       0    140     37     43 
 20260323    17:27:00       1    146     39     45 
 20260323    17:27:00       2    153     38     47 
 20260323    17:27:00       3    142     36     42 
 20260323    17:27:30       0    140     37     43 
 20260323    17:27:30       1    146     38     45 
 20260323    17:27:30       2    153     38     46 
 20260323    17:27:30       3    142     36     42 
 20260323    17:28:00       0    140     37     43 
 20260323    17:28:00       1    146     39     45 
 20260323    17:28:00       2    153     38     46 
 20260323    17:28:00       3    143     36     42 
 20260323    17:28:30       0    140     36     43 
 20260323    17:28:30       1    146     38     45 
 20260323    17:28:30       2    153     37     46 
 20260323    17:28:30       3    142     36     42 
 20260323    17:29:00       0    140     37     43 
 20260323    17:29:00       1    145     39     45 
 20260323    17:29:00       2    153     38     46 
 20260323    17:29:00       3    142     36     42 
 20260323    17:29:30       0    141     37     43 
 20260323    17:29:30       1    145     38     45 
 20260323    17:29:30       2    154     38     47 
 20260323    17:29:30       3    143     36     42 
 20260323    17:30:00       0    140     37     43 
 20260323    17:30:00       1    145     39     45 
 20260323    17:30:00       2    154     38     47 
 20260323    17:30:00       3    142     36     42 
 20260323    17:30:30       0    141     37     43 
 20260323    17:30:30       1    145     39     45 
 20260323    17:30:30       2    153     38     46 
 20260323    17:30:30       3    143     36     42 
 20260323    17:31:00       0    127     35     43 
 20260323    17:31:00       1    133     37     43 
 20260323    17:31:00       2    139     36     46 
 20260323    17:31:00       3    130     35     42 
#Date        Time         gpu    pwr  gtemp  mtemp 
#YYYYMMDD    HH:MM:SS     Idx      W      C      C 
 20260323    17:31:30       0    127     35     43 
 20260323    17:31:30       1    133     37     43 
 20260323    17:31:30       2    139     36     45 
 20260323    17:31:30       3    130     35     41 
 20260323    17:32:00       0    127     35     43 
 20260323    17:32:00       1    133     37     43 
 20260323    17:32:00       2    139     36     46 
 20260323    17:32:00       3    130     35     41 
 20260323    17:32:30       0    140     37     43 
 20260323    17:32:30       1    146     38     45 
 20260323    17:32:30       2    153     37     46 
 20260323    17:32:30       3    143     36     42 
 20260323    17:33:00       0    141     37     43 
 20260323    17:33:00       1    146     38     45 
 20260323    17:33:00       2    153     37     46 
 20260323    17:33:00       3    142     36     42 
 20260323    17:33:30       0    140     36     43 
 20260323    17:33:30       1    145     38     45 
 20260323    17:33:30       2    153     37     46 
 20260323    17:33:30       3    143     36     42 
 20260323    17:34:00       0    140     36     43 
 20260323    17:34:00       1    146     38     45 
 20260323    17:34:00       2    153     37     46 
 20260323    17:34:00       3    143     36     42 
 20260323    17:34:30       0    140     36     43 
 20260323    17:34:30       1    145     38     45 
 20260323    17:34:30       2    153     37     46 
 20260323    17:34:30       3    143     36     42 
 20260323    17:35:00       0    141     36     43 
 20260323    17:35:00       1    145     38     45 
 20260323    17:35:00       2    152     37     46 
 20260323    17:35:00       3    142     36     42 
 20260323    17:35:30       0    141     37     43 
 20260323    17:35:30       1    146     38     45 
 20260323    17:35:30       2    154     37     46 
 20260323    17:35:30       3    142     36     42 
 20260323    17:36:00       0    141     36     43 
 20260323    17:36:00       1    146     38     45 
 20260323    17:36:00       2    153     37     46 
 20260323    17:36:00       3    143     36     42 
 20260323    17:36:30       0    140     36     43 
 20260323    17:36:30       1    145     38     45 
 20260323    17:36:30       2    153     37     46 
 20260323    17:36:30       3    143     36     42 
#Date        Time         gpu    pwr  gtemp  mtemp 
#YYYYMMDD    HH:MM:SS     Idx      W      C      C 
 20260323    17:37:00       0    141     36     43 
 20260323    17:37:00       1    145     38     45 
 20260323    17:37:00       2    153     37     46 
 20260323    17:37:00       3    142     36     42 
 20260323    17:37:30       0    141     36     44 
 20260323    17:37:30       1    146     38     45 
 20260323    17:37:30       2    153     37     46 
 20260323    17:37:30       3    142     36     42 
 20260323    17:38:00       0    140     36     43 
 20260323    17:38:00       1    145     38     45 
 20260323    17:38:00       2    152     37     46 
 20260323    17:38:00       3    142     36     42 
 20260323    17:38:30       0    140     36     44 
 20260323    17:38:30       1    146     38     45 
 20260323    17:38:30       2    152     37     46 
 20260323    17:38:30       3    142     36     42 
 20260323    17:39:00       0    141     36     43 
 20260323    17:39:00       1    146     38     45 
 20260323    17:39:00       2    153     37     46 
 20260323    17:39:00       3    142     36     42 
 20260323    17:39:30       0    140     36     43 
 20260323    17:39:30       1    146     38     45 
 20260323    17:39:30       2    153     37     46 
 20260323    17:39:30       3    142     36     42 
 20260323    17:40:00       0    140     36     43 
 20260323    17:40:00       1    146     38     45 
 20260323    17:40:00       2    153     37     46 
 20260323    17:40:00       3    143     36     42 
 20260323    17:40:30       0    140     36     43 
 20260323    17:40:30       1    146     38     45 
 20260323    17:40:30       2    153     37     46 
 20260323    17:40:30       3    143     36     42 
 20260323    17:41:00       0    141     36     43 
 20260323    17:41:00       1    146     38     45 
 20260323    17:41:00       2    153     37     46 
 20260323    17:41:00       3    142     36     42 
 20260323    17:41:30       0    140     36     43 
 20260323    17:41:30       1    146     38     45 
 20260323    17:41:30       2    154     37     46 
 20260323    17:41:30       3    143     36     42 
 20260323    17:42:00       0    141     36     43 
 20260323    17:42:00       1    145     38     45 
 20260323    17:42:00       2    153     37     46 
 20260323    17:42:00       3    143     36     42 
#Date        Time         gpu    pwr  gtemp  mtemp 
#YYYYMMDD    HH:MM:SS     Idx      W      C      C 
 20260323    17:42:30       0    141     36     43 
 20260323    17:42:30       1    145     38     45 
 20260323    17:42:30       2    154     37     46 
 20260323    17:42:30       3    143     36     42 
 20260323    17:43:00       0    140     36     43 
 20260323    17:43:00       1    146     38     45 
 20260323    17:43:00       2    153     37     46 
 20260323    17:43:00       3    143     36     42 
 20260323    17:43:30       0    141     36     43 
 20260323    17:43:30       1    146     38     45 
 20260323    17:43:30       2    154     37     46 
 20260323    17:43:30       3    143     36     42 
 20260323    17:44:00       0    141     36     43 
 20260323    17:44:00       1    145     38     45 
 20260323    17:44:00       2    154     37     46 
 20260323    17:44:00       3    143     36     42 
 20260323    17:44:30       0    141     37     43 
 20260323    17:44:30       1    146     38     45 
 20260323    17:44:30       2    153     37     46 
 20260323    17:44:30       3    143     36     42 
 20260323    17:45:00       0    140     36     43 
 20260323    17:45:00       1    145     38     45 
 20260323    17:45:00       2    153     37     46 
 20260323    17:45:00       3    142     36     42 
 20260323    17:45:30       0    140     36     43 
 20260323    17:45:30       1    146     38     45 
 20260323    17:45:30       2    153     37     46 
 20260323    17:45:30       3    143     36     42 
 20260323    17:46:00       0    140     36     43 
 20260323    17:46:00       1    145     38     45 
 20260323    17:46:00       2    152     37     46 
 20260323    17:46:00       3    142     36     42 
 20260323    17:46:30       0    127     35     43 
 20260323    17:46:30       1    133     37     44 
 20260323    17:46:30       2    140     36     45 
 20260323    17:46:30       3    131     35     40 
 20260323    17:47:00       0    127     35     43 
 20260323    17:47:00       1    133     37     44 
 20260323    17:47:00       2    140     36     45 
 20260323    17:47:00       3    131     34     40 
 20260323    17:47:30       0    141     36     43 
 20260323    17:47:30       1    146     38     45 
 20260323    17:47:30       2    153     37     46 
 20260323    17:47:30       3    142     36     42 
#Date        Time         gpu    pwr  gtemp  mtemp 
#YYYYMMDD    HH:MM:SS     Idx      W      C      C 
 20260323    17:48:00       0    141     37     43 
 20260323    17:48:00       1    146     38     45 
 20260323    17:48:00       2    153     37     46 
 20260323    17:48:00       3    143     36     42 
 20260323    17:48:30       0    140     36     43 
 20260323    17:48:30       1    146     38     45 
 20260323    17:48:30       2    153     37     46 
 20260323    17:48:30       3    143     36     42 
 20260323    17:49:00       0    140     36     43 
 20260323    17:49:00       1    146     38     45 
 20260323    17:49:00       2    153     37     46 
 20260323    17:49:00       3    143     36     42 
 20260323    17:49:30       0    141     36     43 
 20260323    17:49:30       1    146     38     45 
 20260323    17:49:30       2    153     37     46 
 20260323    17:49:30       3    143     36     42 
 20260323    17:50:00       0    141     36     43 
 20260323    17:50:00       1    146     38     45 
 20260323    17:50:00       2    154     37     46 
 20260323    17:50:00       3    143     36     42 
 20260323    17:50:30       0    140     36     43 
 20260323    17:50:30       1    145     38     45 
 20260323    17:50:30       2    154     37     46 
 20260323    17:50:30       3    143     36     42 
 20260323    17:51:00       0    141     36     43 
 20260323    17:51:00       1    146     38     45 
 20260323    17:51:00       2    154     37     46 
 20260323    17:51:00       3    143     36     42 
 20260323    17:51:30       0    141     36     43 
 20260323    17:51:30       1    146     38     45 
 20260323    17:51:30       2    154     37     46 
 20260323    17:51:30       3    142     36     42 
 20260323    17:52:00       0    140     36     43 
 20260323    17:52:00       1    146     38     45 
 20260323    17:52:00       2    154     37     46 
 20260323    17:52:00       3    143     36     42 
 20260323    17:52:30       0    141     36     44 
 20260323    17:52:30       1    146     38     45 
 20260323    17:52:30       2    154     37     47 
 20260323    17:52:30       3    143     36     42 
 20260323    17:53:00       0    141     36     43 
 20260323    17:53:00       1    146     38     45 
 20260323    17:53:00       2    154     37     46 
 20260323    17:53:00       3    143     36     42 
#Date        Time         gpu    pwr  gtemp  mtemp 
#YYYYMMDD    HH:MM:SS     Idx      W      C      C 
 20260323    17:53:31       0    141     36     43 
 20260323    17:53:31       1    146     38     45 
 20260323    17:53:31       2    154     37     46 
 20260323    17:53:31       3    143     36     42 
 20260323    17:54:01       0    141     36     43 
 20260323    17:54:01       1    145     38     45 
 20260323    17:54:01       2    154     37     46 
 20260323    17:54:01       3    142     36     42 
 20260323    17:54:31       0    140     36     43 
 20260323    17:54:31       1    145     38     45 
 20260323    17:54:31       2    153     37     46 
 20260323    17:54:31       3    143     36     42 
 20260323    17:55:01       0    139     36     43 
 20260323    17:55:01       1    145     38     45 
 20260323    17:55:01       2    153     37     46 
 20260323    17:55:01       3    142     36     42 
 20260323    17:55:31       0    140     36     43 
 20260323    17:55:31       1    145     38     45 
 20260323    17:55:31       2    154     37     46 
 20260323    17:55:31       3    142     36     42 
 20260323    17:56:01       0    140     36     43 
 20260323    17:56:01       1    145     38     45 
 20260323    17:56:01       2    154     37     46 
 20260323    17:56:01       3    143     36     42 
 20260323    17:56:31       0    141     37     43 
 20260323    17:56:31       1    146     38     45 
 20260323    17:56:31       2    153     37     46 
 20260323    17:56:31       3    143     36     42 
 20260323    17:57:01       0    140     36     43 
 20260323    17:57:01       1    146     38     45 
 20260323    17:57:01       2    153     37     46 
 20260323    17:57:01       3    142     36     42 
 20260323    17:57:31       0    140     36     43 
 20260323    17:57:31       1    145     38     45 
 20260323    17:57:31       2    153     37     46 
 20260323    17:57:31       3    143     36     42 
 20260323    17:58:01       0    141     37     43 
 20260323    17:58:01       1    146     38     45 
 20260323    17:58:01       2    154     37     46 
 20260323    17:58:01       3    143     36     42 
 20260323    17:58:31       0    140     36     43 
 20260323    17:58:31       1    145     38     45 
 20260323    17:58:31       2    153     37     46 
 20260323    17:58:31       3    143     36     42 
#Date        Time         gpu    pwr  gtemp  mtemp 
#YYYYMMDD    HH:MM:SS     Idx      W      C      C 
 20260323    17:59:01       0    140     36     44 
 20260323    17:59:01       1    145     38     45 
 20260323    17:59:01       2    153     37     46 
 20260323    17:59:01       3    143     36     42 
 20260323    17:59:31       0    128     35     43 
 20260323    17:59:31       1    133     37     43 
 20260323    17:59:31       2    140     36     45 
 20260323    17:59:31       3    130     35     40 
 20260323    18:00:01       0    128     35     43 
 20260323    18:00:01       1    133     37     44 
 20260323    18:00:01       2    140     36     45 
 20260323    18:00:01       3    130     35     40 
 20260323    18:00:31       0    128     35     43 
 20260323    18:00:31       1    133     37     44 
 20260323    18:00:31       2    140     36     45 
 20260323    18:00:31       3    130     35     40 
 20260323    18:01:01       0    141     37     43 
 20260323    18:01:01       1    145     38     45 
 20260323    18:01:01       2    154     37     46 
 20260323    18:01:01       3    143     36     42 
 20260323    18:01:31       0    140     36     43 
 20260323    18:01:31       1    145     38     45 
 20260323    18:01:31       2    153     37     46 
 20260323    18:01:31       3    142     36     42 
 20260323    18:02:01       0    141     36     43 
 20260323    18:02:01       1    145     38     45 
 20260323    18:02:01       2    154     37     46 
 20260323    18:02:01       3    143     36     42 
 20260323    18:02:31       0    140     36     44 
 20260323    18:02:31       1    144     38     45 
 20260323    18:02:31       2    153     37     46 
 20260323    18:02:31       3    142     36     42 
 20260323    18:03:01       0    140     36     43 
 20260323    18:03:01       1    145     38     45 
 20260323    18:03:01       2    153     37     46 
 20260323    18:03:01       3    142     36     42 
 20260323    18:03:31       0    140     36     43 
 20260323    18:03:31       1    145     38     45 
 20260323    18:03:31       2    153     37     46 
 20260323    18:03:31       3    142     36     42 
 20260323    18:04:01       0    141     36     43 
 20260323    18:04:01       1    146     38     45 
 20260323    18:04:01       2    153     37     46 
 20260323    18:04:01       3    143     36     42 
#Date        Time         gpu    pwr  gtemp  mtemp 
#YYYYMMDD    HH:MM:SS     Idx      W      C      C 
 20260323    18:04:31       0    141     36     44 
 20260323    18:04:31       1    146     38     45 
 20260323    18:04:31       2    154     37     46 
 20260323    18:04:31       3    143     36     42 
 20260323    18:05:01       0    141     36     43 
 20260323    18:05:01       1    145     38     45 
 20260323    18:05:01       2    154     37     46 
 20260323    18:05:01       3    142     36     42 
 20260323    18:05:31       0    140     36     43 
 20260323    18:05:31       1    145     38     45 
 20260323    18:05:31       2    153     37     46 
 20260323    18:05:31       3    142     36     42 
 20260323    18:06:01       0    140     36     43 
 20260323    18:06:01       1    145     38     45 
 20260323    18:06:01       2    153     37     46 
 20260323    18:06:01       3    142     36     42 
 20260323    18:06:31       0    141     36     43 
 20260323    18:06:31       1    146     38     45 
 20260323    18:06:31       2    153     37     46 
 20260323    18:06:31       3    142     36     42 
 20260323    18:07:01       0    140     36     43 
 20260323    18:07:01       1    145     38     45 
 20260323    18:07:01       2    154     37     46 
 20260323    18:07:01       3    143     36     42 
 20260323    18:07:31       0    141     37     43 
 20260323    18:07:31       1    145     38     45 
 20260323    18:07:31       2    154     37     46 
 20260323    18:07:31       3    143     36     42 
 20260323    18:08:01       0    140     36     43 
 20260323    18:08:01       1    145     38     45 
 20260323    18:08:01       2    153     37     46 
 20260323    18:08:01       3    142     36     42 
 20260323    18:08:31       0    140     37     43 
 20260323    18:08:31       1    145     38     45 
 20260323    18:08:31       2    154     37     46 
 20260323    18:08:31       3    143     36     42 
 20260323    18:09:01       0    141     37     43 
 20260323    18:09:01       1    146     38     45 
 20260323    18:09:01       2    154     37     46 
 20260323    18:09:01       3    143     36     42 
 20260323    18:09:31       0    140     36     43 
 20260323    18:09:31       1    145     38     45 
 20260323    18:09:31       2    153     37     46 
 20260323    18:09:31       3    142     36     42 
#Date        Time         gpu    pwr  gtemp  mtemp 
#YYYYMMDD    HH:MM:SS     Idx      W      C      C 
 20260323    18:10:01       0    140     36     43 
 20260323    18:10:01       1    145     38     45 
 20260323    18:10:01       2    153     37     46 
 20260323    18:10:01       3    143     36     42 
 20260323    18:10:31       0    129     35     43 
 20260323    18:10:31       1    134     37     43 
 20260323    18:10:31       2    142     36     46 
 20260323    18:10:31       3    131     35     40 
 20260323    18:11:01       0    140     37     43 
 20260323    18:11:01       1    145     38     45 
 20260323    18:11:01       2    153     37     46 
 20260323    18:11:01       3    143     36     42 
 20260323    18:11:31       0    218     39     49 
 20260323    18:11:31       1    222     41     48 
 20260323    18:11:31       2    224     41     53 
 20260323    18:11:31       3    219     39     46 
 20260323    18:12:01       0    223     37     45 
 20260323    18:12:01       1    223     39     45 
 20260323    18:12:01       2    235     38     46 
 20260323    18:12:01       3    230     37     43 
 20260323    18:12:31       0    141     37     43 
 20260323    18:12:31       1    146     39     45 
 20260323    18:12:31       2    154     37     46 
 20260323    18:12:31       3    143     36     42 
 20260323    18:13:01       0    141     37     43 
 20260323    18:13:01       1    146     38     45 
 20260323    18:13:01       2    154     37     46 
 20260323    18:13:01       3    143     36     42 
 20260323    18:13:31       0    141     37     44 
 20260323    18:13:31       1    145     38     45 
 20260323    18:13:31       2    153     38     46 
 20260323    18:13:31       3    142     36     42 
 20260323    18:14:01       0    141     37     43 
 20260323    18:14:01       1    145     38     45 
 20260323    18:14:01       2    154     37     46 
 20260323    18:14:01       3    143     36     42 
 20260323    18:14:31       0    140     37     43 
 20260323    18:14:31       1    145     38     45 
 20260323    18:14:31       2    154     37     46 
 20260323    18:14:31       3    143     36     42 
 20260323    18:15:01       0    128     35     43 
 20260323    18:15:01       1    133     37     43 
 20260323    18:15:01       2    140     36     45 
 20260323    18:15:01       3    131     35     42 
#Date        Time         gpu    pwr  gtemp  mtemp 
#YYYYMMDD    HH:MM:SS     Idx      W      C      C 
 20260323    18:15:31       0    128     35     43 
 20260323    18:15:31       1    133     37     43 
 20260323    18:15:31       2    140     36     45 
 20260323    18:15:31       3    131     35     40 
 20260323    18:16:01       0    307     38     45 
 20260323    18:16:01       1    313     41     45 
 20260323    18:16:01       2    335     39     48 
 20260323    18:16:01       3    306     38     42 
 20260323    18:16:31       0    141     37     43 
 20260323    18:16:31       1    145     38     45 
 20260323    18:16:31       2    154     37     46 
 20260323    18:16:31       3    142     36     42 
 20260323    18:17:01       0    140     36     43 
 20260323    18:17:01       1    145     38     45 
 20260323    18:17:01       2    153     37     46 
 20260323    18:17:01       3    142     36     42 
 20260323    18:17:31       0    140     36     43 
 20260323    18:17:31       1    145     38     45 
 20260323    18:17:31       2    153     37     46 
 20260323    18:17:31       3    142     36     42 
 20260323    18:18:01       0    140     36     43 
 20260323    18:18:01       1    145     38     45 
 20260323    18:18:01       2    153     37     46 
 20260323    18:18:01       3    142     36     42 
 20260323    18:18:31       0    141     37     43 
 20260323    18:18:31       1    146     38     45 
 20260323    18:18:31       2    154     37     46 
 20260323    18:18:31       3    143     36     42 
 20260323    18:19:01       0    141     37     43 
 20260323    18:19:01       1    146     38     45 
 20260323    18:19:01       2    154     37     46 
 20260323    18:19:01       3    143     36     42 
 20260323    18:19:31       0    141     37     43 
 20260323    18:19:31       1    146     38     45 
 20260323    18:19:31       2    153     37     46 
 20260323    18:19:31       3    142     36     42 
 20260323    18:20:01       0    141     36     43 
 20260323    18:20:01       1    146     38     45 
 20260323    18:20:01       2    153     37     46 
 20260323    18:20:01       3    143     36     42 
 20260323    18:20:31       0    141     37     43 
 20260323    18:20:31       1    146     38     45 
 20260323    18:20:31       2    154     37     46 
 20260323    18:20:31       3    143     36     42 
#Date        Time         gpu    pwr  gtemp  mtemp 
#YYYYMMDD    HH:MM:SS     Idx      W      C      C 
 20260323    18:21:01       0    141     37     44 
 20260323    18:21:01       1    147     39     45 
 20260323    18:21:01       2    154     37     46 
 20260323    18:21:01       3    143     36     42 
 20260323    18:21:31       0    141     36     43 
 20260323    18:21:31       1    146     38     45 
 20260323    18:21:31       2    154     37     46 
 20260323    18:21:31       3    143     36     42 
 20260323    18:22:01       0    141     37     43 
 20260323    18:22:01       1    146     38     45 
 20260323    18:22:01       2    154     37     46 
 20260323    18:22:01       3    143     36     42 
 20260323    18:22:31       0    141     37     43 
 20260323    18:22:31       1    147     38     45 
 20260323    18:22:31       2    154     37     46 
 20260323    18:22:31       3    143     36     42 
 20260323    18:23:01       0    141     37     43 
 20260323    18:23:01       1    146     38     45 
 20260323    18:23:01       2    154     37     46 
 20260323    18:23:01       3    143     36     42 
 20260323    18:23:31       0    140     36     43 
 20260323    18:23:31       1    145     38     45 
 20260323    18:23:31       2    153     37     46 
 20260323    18:23:31       3    143     36     42 
 20260323    18:24:01       0    141     37     43 
 20260323    18:24:01       1    146     38     45 
 20260323    18:24:01       2    154     37     46 
 20260323    18:24:01       3    143     36     42 
 20260323    18:24:31       0    141     36     43 
 20260323    18:24:31       1    145     38     45 
 20260323    18:24:31       2    154     37     46 
 20260323    18:24:31       3    142     36     42 
 20260323    18:25:01       0    141     36     43 
 20260323    18:25:01       1    146     38     45 
 20260323    18:25:01       2    154     37     46 
 20260323    18:25:01       3    143     36     42 
 20260323    18:25:31       0    141     37     43 
 20260323    18:25:31       1    146     38     45 
 20260323    18:25:31       2    154     37     46 
 20260323    18:25:31       3    143     36     42 
 20260323    18:26:01       0    140     36     43 
 20260323    18:26:01       1    146     38     45 
 20260323    18:26:01       2    154     37     46 
 20260323    18:26:01       3    142     36     42 
#Date        Time         gpu    pwr  gtemp  mtemp 
#YYYYMMDD    HH:MM:SS     Idx      W      C      C 
 20260323    18:26:31       0    141     37     43 
 20260323    18:26:31       1    146     38     45 
 20260323    18:26:31       2    154     37     46 
 20260323    18:26:31       3    142     36     42 
 20260323    18:27:01       0    141     37     43 
 20260323    18:27:01       1    146     38     45 
 20260323    18:27:01       2    154     37     46 
 20260323    18:27:01       3    142     36     42 
 20260323    18:27:31       0    141     37     43 
 20260323    18:27:31       1    146     38     45 
 20260323    18:27:31       2    154     37     46 
 20260323    18:27:31       3    143     36     42 
 20260323    18:28:01       0    128     35     43 
 20260323    18:28:01       1    133     37     43 
 20260323    18:28:01       2    140     36     45 
 20260323    18:28:01       3    130     35     41 
 20260323    18:28:31       0    128     35     43 
 20260323    18:28:31       1    132     37     43 
 20260323    18:28:31       2    140     36     45 
 20260323    18:28:31       3    129     35     40 
 20260323    18:29:01       0    128     35     43 
 20260323    18:29:01       1    132     37     43 
 20260323    18:29:01       2    140     36     45 
 20260323    18:29:01       3    129     35     41 
 20260323    18:29:31       0    140     37     43 
 20260323    18:29:31       1    145     38     45 
 20260323    18:29:31       2    154     37     46 
 20260323    18:29:31       3    142     36     42 
 20260323    18:30:01       0    141     37     43 
 20260323    18:30:01       1    145     38     45 
 20260323    18:30:01       2    154     38     46 
 20260323    18:30:01       3    143     37     42 
 20260323    18:30:31       0    140     37     43 
 20260323    18:30:31       1    145     38     45 
 20260323    18:30:31       2    153     37     46 
 20260323    18:30:31       3    142     36     42 
 20260323    18:31:01       0    141     37     43 
 20260323    18:31:01       1    146     39     45 
 20260323    18:31:01       2    154     37     46 
 20260323    18:31:01       3    143     36     42 
 20260323    18:31:31       0    140     37     43 
 20260323    18:31:31       1    145     39     45 
 20260323    18:31:31       2    154     37     47 
 20260323    18:31:31       3    142     36     42 
#Date        Time         gpu    pwr  gtemp  mtemp 
#YYYYMMDD    HH:MM:SS     Idx      W      C      C 
 20260323    18:32:01       0    141     37     44 
 20260323    18:32:01       1    146     39     45 
 20260323    18:32:01       2    154     38     47 
 20260323    18:32:01       3    143     36     42 
 20260323    18:32:31       0    141     37     43 
 20260323    18:32:31       1    146     39     45 
 20260323    18:32:31       2    154     38     46 
 20260323    18:32:31       3    143     36     42 
 20260323    18:33:01       0    141     37     43 
 20260323    18:33:01       1    146     39     45 
 20260323    18:33:01       2    154     38     46 
 20260323    18:33:01       3    143     36     42 
 20260323    18:33:31       0    140     37     44 
 20260323    18:33:31       1    145     39     45 
 20260323    18:33:31       2    154     38     46 
 20260323    18:33:31       3    143     37     42 
 20260323    18:34:01       0    141     37     44 
 20260323    18:34:01       1    146     39     45 
 20260323    18:34:01       2    154     38     46 
 20260323    18:34:01       3    143     37     42 
 20260323    18:34:31       0    141     37     44 
 20260323    18:34:31       1    145     39     46 
 20260323    18:34:31       2    154     38     46 
 20260323    18:34:31       3    143     37     42 
 20260323    18:35:01       0    140     37     44 
 20260323    18:35:01       1    146     39     45 
 20260323    18:35:01       2    154     38     46 
 20260323    18:35:01       3    143     37     42 
 20260323    18:35:31       0    141     37     44 
 20260323    18:35:31       1    146     39     45 
 20260323    18:35:31       2    153     38     46 
 20260323    18:35:31       3    143     37     42 
 20260323    18:36:01       0    140     37     44 
 20260323    18:36:01       1    146     39     45 
 20260323    18:36:01       2    153     38     46 
 20260323    18:36:01       3    143     37     42 
 20260323    18:36:31       0    141     37     44 
 20260323    18:36:31       1    146     39     46 
 20260323    18:36:31       2    154     38     46 
 20260323    18:36:31       3    143     37     42 
 20260323    18:37:01       0    141     37     44 
 20260323    18:37:01       1    146     39     45 
 20260323    18:37:01       2    153     38     46 
 20260323    18:37:01       3    143     36     42 
#Date        Time         gpu    pwr  gtemp  mtemp 
#YYYYMMDD    HH:MM:SS     Idx      W      C      C 
 20260323    18:37:31       0    141     37     44 
 20260323    18:37:31       1    146     39     45 
 20260323    18:37:31       2    154     38     46 
 20260323    18:37:31       3    143     36     43 
 20260323    18:38:01       0    141     37     44 
 20260323    18:38:01       1    146     39     45 
 20260323    18:38:01       2    155     38     46 
 20260323    18:38:01       3    144     37     43 
 20260323    18:38:31       0    141     37     44 
 20260323    18:38:31       1    146     39     45 
 20260323    18:38:31       2    154     38     46 
 20260323    18:38:31       3    143     36     42 
 20260323    18:39:01       0    141     37     44 
 20260323    18:39:01       1    146     39     45 
 20260323    18:39:01       2    154     38     46 
 20260323    18:39:01       3    143     37     43 
 20260323    18:39:31       0    141     37     44 
 20260323    18:39:31       1    146     39     45 
 20260323    18:39:31       2    154     38     46 
 20260323    18:39:31       3    142     36     42 
 20260323    18:40:01       0    142     37     44 
 20260323    18:40:01       1    146     38     45 
 20260323    18:40:01       2    155     38     46 
 20260323    18:40:01       3    143     36     42 
 20260323    18:40:31       0    141     37     44 
 20260323    18:40:31       1    146     39     45 
 20260323    18:40:31       2    154     37     46 
 20260323    18:40:31       3    143     36     42 
 20260323    18:41:01       0    140     37     43 
 20260323    18:41:01       1    145     38     45 
 20260323    18:41:01       2    153     37     46 
 20260323    18:41:01       3    142     36     42 
 20260323    18:41:31       0    141     37     43 
 20260323    18:41:31       1    146     38     45 
 20260323    18:41:31       2    154     37     47 
 20260323    18:41:31       3    144     36     42 
 20260323    18:42:01       0    141     37     43 
 20260323    18:42:01       1    146     38     45 
 20260323    18:42:01       2    154     37     47 
 20260323    18:42:01       3    143     36     42 
 20260323    18:42:31       0    141     37     43 
 20260323    18:42:31       1    145     38     45 
 20260323    18:42:31       2    154     37     46 
 20260323    18:42:31       3    143     36     42 
#Date        Time         gpu    pwr  gtemp  mtemp 
#YYYYMMDD    HH:MM:SS     Idx      W      C      C 
 20260323    18:43:01       0    141     36     43 
 20260323    18:43:01       1    145     38     45 
 20260323    18:43:01       2    154     37     47 
 20260323    18:43:01       3    142     36     42 
 20260323    18:43:31       0    128     35     43 
 20260323    18:43:31       1    132     37     43 
 20260323    18:43:31       2    140     36     45 
 20260323    18:43:31       3    131     35     42 
 20260323    18:44:01       0    128     35     43 
 20260323    18:44:01       1    132     37     43 
 20260323    18:44:01       2    140     36     45 
 20260323    18:44:01       3    131     35     40 
 20260323    18:44:31       0    141     37     43 
 20260323    18:44:31       1    145     39     45 
 20260323    18:44:31       2    154     38     46 
 20260323    18:44:31       3    143     36     42 
 20260323    18:45:01       0    140     36     43 
 20260323    18:45:01       1    145     38     45 
 20260323    18:45:01       2    153     37     46 
 20260323    18:45:01       3    142     36     42 
 20260323    18:45:31       0    140     37     43 
 20260323    18:45:31       1    145     38     45 
 20260323    18:45:31       2    153     37     46 
 20260323    18:45:31       3    143     36     42 
 20260323    18:46:01       0    141     37     44 
 20260323    18:46:01       1    146     38     45 
 20260323    18:46:01       2    154     37     46 
 20260323    18:46:01       3    143     36     42 
 20260323    18:46:31       0    140     37     44 
 20260323    18:46:31       1    145     38     45 
 20260323    18:46:31       2    154     37     46 
 20260323    18:46:31       3    143     36     42 
 20260323    18:47:01       0    140     37     43 
 20260323    18:47:01       1    145     38     45 
 20260323    18:47:01       2    153     37     46 
 20260323    18:47:01       3    142     36     42 
 20260323    18:47:31       0    140     36     43 
 20260323    18:47:31       1    145     38     45 
 20260323    18:47:31       2    153     37     46 
 20260323    18:47:31       3    143     36     42 
 20260323    18:48:01       0    141     37     43 
 20260323    18:48:01       1    146     38     45 
 20260323    18:48:01       2    154     37     46 
 20260323    18:48:01       3    143     36     42 
#Date        Time         gpu    pwr  gtemp  mtemp 
#YYYYMMDD    HH:MM:SS     Idx      W      C      C 
 20260323    18:48:31       0    141     37     43 
 20260323    18:48:31       1    145     38     45 
 20260323    18:48:31       2    154     38     46 
 20260323    18:48:31       3    143     36     42 
 20260323    18:49:01       0    141     37     43 
 20260323    18:49:01       1    145     38     45 
 20260323    18:49:01       2    154     37     46 
 20260323    18:49:01       3    143     36     42 
 20260323    18:49:31       0    141     37     44 
 20260323    18:49:31       1    145     39     45 
 20260323    18:49:31       2    154     38     46 
 20260323    18:49:31       3    143     36     42 
 20260323    18:50:01       0    140     37     43 
 20260323    18:50:01       1    145     38     45 
 20260323    18:50:01       2    153     37     46 
 20260323    18:50:01       3    142     36     42 
 20260323    18:50:31       0    141     37     43 
 20260323    18:50:31       1    145     38     45 
 20260323    18:50:31       2    154     37     46 
 20260323    18:50:31       3    143     36     42 
 20260323    18:51:01       0    141     37     43 
 20260323    18:51:01       1    145     38     45 
 20260323    18:51:01       2    153     37     47 
 20260323    18:51:01       3    142     36     42 
 20260323    18:51:31       0    141     37     43 
 20260323    18:51:31       1    146     39     45 
 20260323    18:51:31       2    153     37     47 
 20260323    18:51:31       3    142     36     42 
 20260323    18:52:01       0    140     37     43 
 20260323    18:52:01       1    145     38     45 
 20260323    18:52:01       2    153     37     46 
 20260323    18:52:01       3    142     36     42 
 20260323    18:52:31       0    141     37     43 
 20260323    18:52:31       1    146     38     45 
 20260323    18:52:31       2    153     37     46 
 20260323    18:52:31       3    143     36     42 
 20260323    18:53:01       0    141     37     44 
 20260323    18:53:01       1    146     38     45 
 20260323    18:53:01       2    154     37     46 
 20260323    18:53:01       3    143     36     42 
 20260323    18:53:31       0    140     37     43 
 20260323    18:53:31       1    145     38     45 
 20260323    18:53:31       2    153     37     46 
 20260323    18:53:31       3    143     36     42 
#Date        Time         gpu    pwr  gtemp  mtemp 
#YYYYMMDD    HH:MM:SS     Idx      W      C      C 
 20260323    18:54:01       0    141     37     43 
 20260323    18:54:01       1    146     38     45 
 20260323    18:54:01       2    153     37     46 
 20260323    18:54:01       3    142     36     42 
 20260323    18:54:31       0    141     37     43 
 20260323    18:54:31       1    146     38     45 
 20260323    18:54:31       2    154     37     47 
 20260323    18:54:31       3    143     36     42 
 20260323    18:55:01       0    141     37     43 
 20260323    18:55:01       1    146     38     45 
 20260323    18:55:01       2    154     37     46 
 20260323    18:55:01       3    143     36     42 
 20260323    18:55:31       0    141     37     43 
 20260323    18:55:31       1    146     38     45 
 20260323    18:55:31       2    154     37     46 
 20260323    18:55:31       3    143     36     42 
 20260323    18:56:01       0    141     37     44 
 20260323    18:56:01       1    146     38     45 
 20260323    18:56:01       2    154     37     46 
 20260323    18:56:01       3    143     36     42 
 20260323    18:56:31       0    128     35     43 
 20260323    18:56:31       1    132     37     43 
 20260323    18:56:31       2    140     36     45 
 20260323    18:56:31       3    130     35     42 
 20260323    18:57:01       0    128     35     43 
 20260323    18:57:01       1    132     37     43 
 20260323    18:57:01       2    140     36     45 
 20260323    18:57:01       3    130     35     40 
 20260323    18:57:31       0    128     35     43 
 20260323    18:57:31       1    132     37     44 
 20260323    18:57:31       2    140     36     45 
 20260323    18:57:31       3    130     35     41 
 20260323    18:58:01       0    141     37     43 
 20260323    18:58:01       1    146     38     45 
 20260323    18:58:01       2    154     37     46 
 20260323    18:58:01       3    143     36     42 
 20260323    18:58:31       0    141     37     43 
 20260323    18:58:31       1    146     38     45 
 20260323    18:58:31       2    154     37     46 
 20260323    18:58:31       3    143     36     42 
 20260323    18:59:01       0    141     36     43 
 20260323    18:59:01       1    146     38     45 
 20260323    18:59:01       2    154     37     46 
 20260323    18:59:01       3    143     36     42 
#Date        Time         gpu    pwr  gtemp  mtemp 
#YYYYMMDD    HH:MM:SS     Idx      W      C      C 
 20260323    18:59:31       0    141     37     43 
 20260323    18:59:31       1    145     38     45 
 20260323    18:59:31       2    154     38     46 
 20260323    18:59:31       3    143     36     42 
 20260323    19:00:01       0    141     36     44 
 20260323    19:00:01       1    146     38     45 
 20260323    19:00:01       2    154     37     47 
 20260323    19:00:01       3    143     36     42 
 20260323    19:00:31       0    141     37     43 
 20260323    19:00:31       1    147     39     45 
 20260323    19:00:31       2    154     38     46 
 20260323    19:00:31       3    143     36     42 
 20260323    19:01:01       0    140     37     43 
 20260323    19:01:01       1    145     38     45 
 20260323    19:01:01       2    154     37     46 
 20260323    19:01:01       3    142     36     42 
 20260323    19:01:31       0    141     36     43 
 20260323    19:01:31       1    146     38     45 
 20260323    19:01:31       2    154     37     46 
 20260323    19:01:31       3    143     36     42 
 20260323    19:02:01       0    142     37     43 
 20260323    19:02:01       1    146     38     45 
 20260323    19:02:01       2    154     37     46 
 20260323    19:02:01       3    143     36     42 
 20260323    19:02:31       0    141     36     44 
 20260323    19:02:31       1    145     38     45 
 20260323    19:02:31       2    153     37     46 
 20260323    19:02:31       3    142     36     42 
 20260323    19:03:01       0    141     37     43 
 20260323    19:03:01       1    146     38     45 
 20260323    19:03:01       2    153     37     46 
 20260323    19:03:01       3    143     36     42 
 20260323    19:03:31       0    141     37     43 
 20260323    19:03:31       1    146     38     45 
 20260323    19:03:31       2    154     37     46 
 20260323    19:03:31       3    143     36     42 
 20260323    19:04:01       0    140     36     43 
 20260323    19:04:01       1    145     38     45 
 20260323    19:04:01       2    154     37     46 
 20260323    19:04:01       3    142     36     42 
 20260323    19:04:31       0    141     36     43 
 20260323    19:04:31       1    146     38     45 
 20260323    19:04:31       2    154     37     46 
 20260323    19:04:31       3    143     36     42 
#Date        Time         gpu    pwr  gtemp  mtemp 
#YYYYMMDD    HH:MM:SS     Idx      W      C      C 
 20260323    19:05:01       0    141     37     43 
 20260323    19:05:01       1    146     38     45 
 20260323    19:05:01       2    153     37     46 
 20260323    19:05:01       3    143     36     42 
 20260323    19:05:31       0    141     36     43 
 20260323    19:05:31       1    146     38     45 
 20260323    19:05:31       2    154     37     46 
 20260323    19:05:31       3    143     36     42 
 20260323    19:06:01       0    140     37     43 
 20260323    19:06:01       1    145     38     45 
 20260323    19:06:01       2    154     37     46 
 20260323    19:06:01       3    142     36     42 
 20260323    19:06:31       0    141     36     43 
 20260323    19:06:31       1    145     38     45 
 20260323    19:06:31       2    153     37     46 
 20260323    19:06:31       3    142     36     42 
 20260323    19:07:01       0    140     36     43 
 20260323    19:07:01       1    145     38     45 
 20260323    19:07:01       2    154     37     46 
 20260323    19:07:01       3    143     36     42 
 20260323    19:07:31       0    141     37     43 
 20260323    19:07:31       1    146     38     45 
 20260323    19:07:31       2    154     37     46 
 20260323    19:07:31       3    143     36     42 
 20260323    19:08:01       0    141     36     43 
 20260323    19:08:01       1    145     38     45 
 20260323    19:08:01       2    153     37     46 
 20260323    19:08:01       3    142     36     42 
 20260323    19:08:31       0    140     36     43 
 20260323    19:08:31       1    145     38     45 
 20260323    19:08:31       2    154     37     46 
 20260323    19:08:31       3    142     36     42 
 20260323    19:09:01       0    141     36     43 
 20260323    19:09:01       1    145     38     45 
 20260323    19:09:01       2    154     37     46 
 20260323    19:09:01       3    142     36     42 
 20260323    19:09:31       0    141     36     43 
 20260323    19:09:31       1    145     38     45 
 20260323    19:09:31       2    154     37     46 
 20260323    19:09:31       3    143     36     42 
 20260323    19:10:01       0    141     37     43 
 20260323    19:10:01       1    145     38     45 
 20260323    19:10:01       2    154     37     46 
 20260323    19:10:01       3    142     36     42 
#Date        Time         gpu    pwr  gtemp  mtemp 
#YYYYMMDD    HH:MM:SS     Idx      W      C      C 
 20260323    19:10:31       0    140     36     43 
 20260323    19:10:31       1    145     38     45 
 20260323    19:10:31       2    153     37     46 
 20260323    19:10:31       3    142     36     42 
 20260323    19:11:01       0    141     36     43 
 20260323    19:11:01       1    146     38     45 
 20260323    19:11:01       2    154     37     46 
 20260323    19:11:01       3    143     36     42 
 20260323    19:11:31       0    141     37     43 
 20260323    19:11:31       1    146     38     45 
 20260323    19:11:31       2    153     37     46 
 20260323    19:11:31       3    142     36     42 
 20260323    19:12:01       0    128     35     43 
 20260323    19:12:01       1    133     37     43 
 20260323    19:12:01       2    140     36     45 
 20260323    19:12:01       3    131     35     41 
 20260323    19:12:31       0    128     35     43 
 20260323    19:12:31       1    133     37     43 
 20260323    19:12:31       2    140     36     45 
 20260323    19:12:31       3    131     35     40 
 20260323    19:13:01       0    141     36     44 
 20260323    19:13:01       1    146     38     45 
 20260323    19:13:01       2    153     37     46 
 20260323    19:13:01       3    142     36     42 
 20260323    19:13:31       0    140     36     44 
 20260323    19:13:31       1    145     38     45 
 20260323    19:13:31       2    153     37     46 
 20260323    19:13:31       3    143     36     42 
 20260323    19:14:01       0    140     36     43 
 20260323    19:14:01       1    144     38     45 
 20260323    19:14:01       2    153     37     46 
 20260323    19:14:01       3    142     36     42 
 20260323    19:14:31       0    140     36     43 
 20260323    19:14:31       1    146     38     45 
 20260323    19:14:31       2    154     37     46 
 20260323    19:14:31       3    143     36     42 
 20260323    19:15:01       0    140     36     44 
 20260323    19:15:01       1    145     38     45 
 20260323    19:15:01       2    154     37     46 
 20260323    19:15:01       3    142     36     42 
 20260323    19:15:31       0    140     36     44 
 20260323    19:15:31       1    144     38     45 
 20260323    19:15:31       2    153     37     46 
 20260323    19:15:31       3    142     36     42 
#Date        Time         gpu    pwr  gtemp  mtemp 
#YYYYMMDD    HH:MM:SS     Idx      W      C      C 
 20260323    19:16:01       0    141     36     43 
 20260323    19:16:01       1    145     38     45 
 20260323    19:16:01       2    154     37     46 
 20260323    19:16:01       3    142     36     42 
 20260323    19:16:31       0    141     36     43 
 20260323    19:16:31       1    146     38     45 
 20260323    19:16:31       2    154     37     46 
 20260323    19:16:31       3    143     36     42 
 20260323    19:17:01       0    141     36     44 
 20260323    19:17:01       1    146     38     45 
 20260323    19:17:01       2    154     37     46 
 20260323    19:17:01       3    143     36     42 
 20260323    19:17:31       0    141     36     43 
 20260323    19:17:31       1    145     38     45 
 20260323    19:17:31       2    154     37     46 
 20260323    19:17:31       3    143     36     42 
 20260323    19:18:01       0    142     37     43 
 20260323    19:18:01       1    146     38     45 
 20260323    19:18:01       2    155     37     47 
 20260323    19:18:01       3    143     36     42 
 20260323    19:18:31       0    141     36     43 
 20260323    19:18:31       1    145     38     45 
 20260323    19:18:31       2    153     37     46 
 20260323    19:18:31       3    142     36     42 
 20260323    19:19:01       0    141     37     43 
 20260323    19:19:01       1    146     38     45 
 20260323    19:19:01       2    154     37     46 
 20260323    19:19:01       3    143     36     42 
 20260323    19:19:31       0    140     37     43 
 20260323    19:19:31       1    146     38     45 
 20260323    19:19:31       2    153     37     46 
 20260323    19:19:31       3    142     36     42 
 20260323    19:20:01       0    140     36     43 
 20260323    19:20:01       1    146     38     45 
 20260323    19:20:01       2    154     37     46 
 20260323    19:20:01       3    142     36     42 
 20260323    19:20:31       0    141     37     43 
 20260323    19:20:31       1    146     38     45 
 20260323    19:20:31       2    154     37     46 
 20260323    19:20:31       3    143     36     42 
 20260323    19:21:01       0    140     37     43 
 20260323    19:21:01       1    145     38     45 
 20260323    19:21:01       2    153     37     46 
 20260323    19:21:01       3    142     36     42 
#Date        Time         gpu    pwr  gtemp  mtemp 
#YYYYMMDD    HH:MM:SS     Idx      W      C      C 
 20260323    19:21:31       0    141     37     43 
 20260323    19:21:31       1    145     38     45 
 20260323    19:21:31       2    154     37     46 
 20260323    19:21:31       3    142     36     42 
 20260323    19:22:01       0    141     37     43 
 20260323    19:22:01       1    145     38     45 
 20260323    19:22:01       2    154     37     46 
 20260323    19:22:01       3    142     36     42 
 20260323    19:22:31       0    141     37     43 
 20260323    19:22:31       1    145     38     45 
 20260323    19:22:31       2    154     37     46 
 20260323    19:22:31       3    142     36     42 
 20260323    19:23:01       0    140     37     44 
 20260323    19:23:01       1    145     38     45 
 20260323    19:23:01       2    153     37     46 
 20260323    19:23:01       3    142     36     42 
 20260323    19:23:31       0    141     36     44 
 20260323    19:23:31       1    146     38     45 
 20260323    19:23:31       2    154     37     46 
 20260323    19:23:31       3    143     36     42 
 20260323    19:24:01       0    141     37     44 
 20260323    19:24:01       1    145     38     45 
 20260323    19:24:01       2    154     37     46 
 20260323    19:24:01       3    143     36     42 
 20260323    19:24:31       0    141     36     43 
 20260323    19:24:31       1    145     38     45 
 20260323    19:24:31       2    154     37     46 
 20260323    19:24:31       3    143     36     42 
 20260323    19:25:01       0    130     35     43 
 20260323    19:25:01       1    133     37     44 
 20260323    19:25:01       2    140     36     45 
 20260323    19:25:01       3    130     35     40 
 20260323    19:25:31       0    130     35     43 
 20260323    19:25:31       1    132     37     44 
 20260323    19:25:31       2    140     36     45 
 20260323    19:25:31       3    131     35     41 
 20260323    19:26:01       0    129     35     43 
 20260323    19:26:01       1    132     37     43 
 20260323    19:26:01       2    139     36     45 
 20260323    19:26:01       3    131     35     40 
 20260323    19:26:31       0    140     37     43 
 20260323    19:26:31       1    145     38     45 
 20260323    19:26:31       2    154     37     46 
 20260323    19:26:31       3    143     36     42 
#Date        Time         gpu    pwr  gtemp  mtemp 
#YYYYMMDD    HH:MM:SS     Idx      W      C      C 
 20260323    19:27:01       0    141     37     43 
 20260323    19:27:01       1    145     38     45 
 20260323    19:27:01       2    153     37     46 
 20260323    19:27:01       3    142     36     42 
 20260323    19:27:31       0    140     36     43 
 20260323    19:27:31       1    144     38     45 
 20260323    19:27:31       2    153     37     46 
 20260323    19:27:31       3    142     36     42 
 20260323    19:28:01       0    140     36     43 
 20260323    19:28:01       1    145     38     45 
 20260323    19:28:01       2    154     37     46 
 20260323    19:28:01       3    142     36     42 
 20260323    19:28:31       0    141     37     43 
 20260323    19:28:31       1    145     38     45 
 20260323    19:28:31       2    154     37     46 
 20260323    19:28:31       3    143     36     42 
 20260323    19:29:01       0    140     37     43 
 20260323    19:29:01       1    146     38     45 
 20260323    19:29:01       2    154     37     46 
 20260323    19:29:01       3    143     36     42 
 20260323    19:29:31       0    140     37     43 
 20260323    19:29:31       1    145     38     45 
 20260323    19:29:31       2    153     37     46 
 20260323    19:29:31       3    142     36     42 
 20260323    19:30:01       0    141     36     43 
 20260323    19:30:01       1    146     38     45 
 20260323    19:30:01       2    154     37     46 
 20260323    19:30:01       3    143     36     42 
 20260323    19:30:31       0    140     37     43 
 20260323    19:30:31       1    145     38     45 
 20260323    19:30:31       2    153     37     46 
 20260323    19:30:31       3    143     36     42 
 20260323    19:31:01       0    140     36     43 
 20260323    19:31:01       1    145     38     45 
 20260323    19:31:01       2    154     37     46 
 20260323    19:31:01       3    142     36     42 
 20260323    19:31:31       0    140     36     43 
 20260323    19:31:31       1    145     38     45 
 20260323    19:31:31       2    154     37     46 
 20260323    19:31:31       3    142     36     42 
 20260323    19:32:01       0    141     36     43 
 20260323    19:32:01       1    146     38     45 
 20260323    19:32:01       2    153     37     46 
 20260323    19:32:01       3    143     36     42 
#Date        Time         gpu    pwr  gtemp  mtemp 
#YYYYMMDD    HH:MM:SS     Idx      W      C      C 
 20260323    19:32:31       0    140     37     43 
 20260323    19:32:31       1    146     38     45 
 20260323    19:32:31       2    154     37     46 
 20260323    19:32:31       3    144     36     42 
 20260323    19:33:01       0    140     36     43 
 20260323    19:33:01       1    145     38     45 
 20260323    19:33:01       2    153     37     46 
 20260323    19:33:01       3    143     36     42 
 20260323    19:33:31       0    141     36     43 
 20260323    19:33:31       1    145     38     45 
 20260323    19:33:31       2    154     38     46 
 20260323    19:33:31       3    143     36     42 
 20260323    19:34:01       0    141     37     43 
 20260323    19:34:01       1    145     39     45 
 20260323    19:34:01       2    154     37     46 
 20260323    19:34:01       3    143     36     42 
 20260323    19:34:31       0    140     37     44 
 20260323    19:34:31       1    145     38     45 
 20260323    19:34:31       2    154     37     46 
 20260323    19:34:31       3    143     36     42 
 20260323    19:35:01       0    140     37     43 
 20260323    19:35:01       1    145     39     45 
 20260323    19:35:01       2    153     38     46 
 20260323    19:35:01       3    142     36     42 
 20260323    19:35:31       0    141     37     44 
 20260323    19:35:31       1    146     39     45 
 20260323    19:35:31       2    154     38     46 
 20260323    19:35:31       3    144     37     42 
 20260323    19:36:01       0    140     37     43 
 20260323    19:36:01       1    145     39     45 
 20260323    19:36:01       2    154     38     46 
 20260323    19:36:01       3    142     36     42 
 20260323    19:36:32       0    140     37     44 
 20260323    19:36:32       1    145     38     45 
 20260323    19:36:32       2    154     38     46 
 20260323    19:36:32       3    143     36     42 
 20260323    19:37:02       0    141     37     44 
 20260323    19:37:02       1    145     39     45 
 20260323    19:37:02       2    154     38     47 
 20260323    19:37:02       3    143     36     42 
 20260323    19:37:32       0    141     37     43 
 20260323    19:37:32       1    146     39     45 
 20260323    19:37:32       2    154     38     46 
 20260323    19:37:32       3    143     36     42 
#Date        Time         gpu    pwr  gtemp  mtemp 
#YYYYMMDD    HH:MM:SS     Idx      W      C      C 
 20260323    19:38:02       0    141     37     43 
 20260323    19:38:02       1    146     38     45 
 20260323    19:38:02       2    154     37     47 
 20260323    19:38:02       3    143     36     42 
 20260323    19:38:32       0    141     37     44 
 20260323    19:38:32       1    145     39     45 
 20260323    19:38:32       2    153     38     46 
 20260323    19:38:32       3    143     36     42 
 20260323    19:39:02       0    140     37     43 
 20260323    19:39:02       1    145     38     45 
 20260323    19:39:02       2    153     38     46 
 20260323    19:39:02       3    143     36     42 
 20260323    19:39:32       0    141     37     43 
 20260323    19:39:32       1    146     39     45 
 20260323    19:39:32       2    153     37     46 
 20260323    19:39:32       3    143     36     42 
 20260323    19:40:02       0    141     37     43 
 20260323    19:40:02       1    145     38     45 
 20260323    19:40:02       2    154     37     46 
 20260323    19:40:02       3    143     36     42 
 20260323    19:40:32       0    128     35     43 
 20260323    19:40:32       1    133     37     43 
 20260323    19:40:32       2    142     36     45 
 20260323    19:40:32       3    130     35     40 
 20260323    19:41:02       0    128     35     43 
 20260323    19:41:02       1    133     37     43 
 20260323    19:41:02       2    140     36     45 
 20260323    19:41:02       3    130     35     40 
 20260323    19:41:32       0    140     37     43 
 20260323    19:41:32       1    145     38     45 
 20260323    19:41:32       2    153     37     46 
 20260323    19:41:32       3    142     36     42 
 20260323    19:42:02       0    141     36     43 
 20260323    19:42:02       1    145     38     45 
 20260323    19:42:02       2    153     37     46 
 20260323    19:42:02       3    143     36     42 
 20260323    19:42:32       0    141     37     43 
 20260323    19:42:32       1    145     38     45 
 20260323    19:42:32       2    154     37     46 
 20260323    19:42:32       3    143     36     42 
 20260323    19:43:02       0    141     36     43 
 20260323    19:43:02       1    146     38     45 
 20260323    19:43:02       2    153     37     46 
 20260323    19:43:02       3    143     36     42 
#Date        Time         gpu    pwr  gtemp  mtemp 
#YYYYMMDD    HH:MM:SS     Idx      W      C      C 
 20260323    19:43:32       0    140     36     43 
 20260323    19:43:32       1    145     38     45 
 20260323    19:43:32       2    154     37     46 
 20260323    19:43:32       3    142     36     42 
 20260323    19:44:02       0    141     36     43 
 20260323    19:44:02       1    145     38     45 
 20260323    19:44:02       2    154     37     46 
 20260323    19:44:02       3    142     36     42 
 20260323    19:44:32       0    140     37     43 
 20260323    19:44:32       1    145     38     45 
 20260323    19:44:32       2    153     37     46 
 20260323    19:44:32       3    143     36     42 
 20260323    19:45:02       0    141     36     43 
 20260323    19:45:02       1    146     38     45 
 20260323    19:45:02       2    153     37     46 
 20260323    19:45:02       3    143     36     42 
 20260323    19:45:32       0    141     37     43 
 20260323    19:45:32       1    145     38     45 
 20260323    19:45:32       2    153     37     46 
 20260323    19:45:32       3    143     36     42 
 20260323    19:46:02       0    141     37     43 
 20260323    19:46:02       1    146     38     45 
 20260323    19:46:02       2    154     37     46 
 20260323    19:46:02       3    143     36     42 
 20260323    19:46:32       0    238     39     48 
 20260323    19:46:32       1    221     40     49 
 20260323    19:46:32       2    163     38     49 
 20260323    19:46:32       3    204     38     46 
 20260323    19:47:02       0    128     35     43 
 20260323    19:47:02       1    144     37     45 
 20260323    19:47:02       2    139     36     46 
 20260323    19:47:02       3    130     35     42 
 20260323    19:47:32       0    141     36     43 
 20260323    19:47:32       1    145     38     45 
 20260323    19:47:32       2    152     37     46 
 20260323    19:47:32       3    142     36     42 
 20260323    19:48:02       0    141     36     43 
 20260323    19:48:02       1    145     38     45 
 20260323    19:48:02       2    153     37     46 
 20260323    19:48:02       3    142     36     42 
 20260323    19:48:32       0    142     36     44 
 20260323    19:48:32       1    145     38     45 
 20260323    19:48:32       2    153     37     46 
 20260323    19:48:32       3    143     36     42 
#Date        Time         gpu    pwr  gtemp  mtemp 
#YYYYMMDD    HH:MM:SS     Idx      W      C      C 
 20260323    19:49:02       0    141     36     44 
 20260323    19:49:02       1    145     38     45 
 20260323    19:49:02       2    153     37     46 
 20260323    19:49:02       3    143     36     42 
 20260323    19:49:32       0    141     36     44 
 20260323    19:49:32       1    145     38     45 
 20260323    19:49:32       2    152     37     46 
 20260323    19:49:32       3    142     36     42 
 20260323    19:50:02       0    141     36     43 
 20260323    19:50:02       1    145     38     45 
 20260323    19:50:02       2    153     37     46 
 20260323    19:50:02       3    142     36     42 
 20260323    19:50:32       0    141     36     43 
 20260323    19:50:32       1    144     38     45 
 20260323    19:50:32       2    152     37     46 
 20260323    19:50:32       3    142     36     42 
 20260323    19:51:02       0    141     36     44 
 20260323    19:51:02       1    145     38     45 
 20260323    19:51:02       2    153     37     46 
 20260323    19:51:02       3    142     36     42 
 20260323    19:51:32       0    141     36     44 
 20260323    19:51:32       1    145     38     45 
 20260323    19:51:32       2    153     37     46 
 20260323    19:51:32       3    143     36     42 
 20260323    19:52:02       0    141     36     43 
 20260323    19:52:02       1    145     38     45 
 20260323    19:52:02       2    153     37     46 
 20260323    19:52:02       3    143     36     42 
 20260323    19:52:32       0    141     36     43 
 20260323    19:52:32       1    145     38     45 
 20260323    19:52:32       2    153     37     46 
 20260323    19:52:32       3    143     36     42 
 20260323    19:53:02       0    141     36     44 
 20260323    19:53:02       1    146     38     43 
 20260323    19:53:02       2    153     37     46 
 20260323    19:53:02       3    142     36     42 
 20260323    19:53:32       0    141     36     43 
 20260323    19:53:32       1    146     38     45 
 20260323    19:53:32       2    154     37     46 
 20260323    19:53:32       3    143     36     42 
 20260323    19:54:02       0    142     36     44 
 20260323    19:54:02       1    146     38     45 
 20260323    19:54:02       2    153     37     46 
 20260323    19:54:02       3    143     36     42 
#Date        Time         gpu    pwr  gtemp  mtemp 
#YYYYMMDD    HH:MM:SS     Idx      W      C      C 
 20260323    19:54:32       0    127     35     43 
 20260323    19:54:32       1    133     37     43 
 20260323    19:54:32       2    139     36     45 
 20260323    19:54:32       3    131     35     40 
 20260323    19:55:02       0    127     35     43 
 20260323    19:55:02       1    133     37     43 
 20260323    19:55:02       2    139     36     45 
 20260323    19:55:02       3    131     35     40 
 20260323    19:55:32       0    127     35     43 
 20260323    19:55:32       1    132     36     43 
 20260323    19:55:32       2    139     35     45 
 20260323    19:55:32       3    131     34     40 
 20260323    19:56:02       0    140     36     43 
 20260323    19:56:02       1    145     38     44 
 20260323    19:56:02       2    153     37     46 
 20260323    19:56:02       3    142     36     42 
 20260323    19:56:32       0    140     36     43 
 20260323    19:56:32       1    145     38     45 
 20260323    19:56:32       2    153     37     46 
 20260323    19:56:32       3    142     36     42 
 20260323    19:57:02       0    140     36     44 
 20260323    19:57:02       1    144     38     43 
 20260323    19:57:02       2    154     37     46 
 20260323    19:57:02       3    142     36     42 
 20260323    19:57:32       0    140     36     44 
 20260323    19:57:32       1    146     38     44 
 20260323    19:57:32       2    154     37     46 
 20260323    19:57:32       3    142     36     42 
 20260323    19:58:02       0    140     36     44 
 20260323    19:58:02       1    146     38     45 
 20260323    19:58:02       2    154     37     46 
 20260323    19:58:02       3    143     36     42 
 20260323    19:58:32       0    141     36     43 
 20260323    19:58:32       1    146     38     44 
 20260323    19:58:32       2    154     37     46 
 20260323    19:58:32       3    143     36     42 
 20260323    19:59:02       0    140     36     43 
 20260323    19:59:02       1    146     38     45 
 20260323    19:59:02       2    154     37     46 
 20260323    19:59:02       3    143     36     42 
 20260323    19:59:32       0    141     37     43 
 20260323    19:59:32       1    145     38     44 
 20260323    19:59:32       2    154     37     46 
 20260323    19:59:32       3    143     36     42 
#Date        Time         gpu    pwr  gtemp  mtemp 
#YYYYMMDD    HH:MM:SS     Idx      W      C      C 
 20260323    20:00:02       0    140     36     43 
 20260323    20:00:02       1    145     38     45 
 20260323    20:00:02       2    154     37     46 
 20260323    20:00:02       3    142     36     42 
 20260323    20:00:32       0    140     36     43 
 20260323    20:00:32       1    145     38     45 
 20260323    20:00:32       2    153     37     46 
 20260323    20:00:32       3    142     36     42 
 20260323    20:01:02       0    141     37     43 
 20260323    20:01:02       1    146     38     45 
 20260323    20:01:02       2    154     37     46 
 20260323    20:01:02       3    142     36     42 
 20260323    20:01:32       0    141     36     43 
 20260323    20:01:32       1    146     38     45 
 20260323    20:01:32       2    154     37     46 
 20260323    20:01:32       3    143     36     42 
 20260323    20:02:02       0    140     36     43 
 20260323    20:02:02       1    145     38     45 
 20260323    20:02:02       2    153     37     46 
 20260323    20:02:02       3    142     36     42 
 20260323    20:02:32       0    141     37     43 
 20260323    20:02:32       1    145     38     45 
 20260323    20:02:32       2    154     37     46 
 20260323    20:02:32       3    143     36     42 
 20260323    20:03:02       0    140     37     43 
 20260323    20:03:02       1    145     38     45 
 20260323    20:03:02       2    153     37     46 
 20260323    20:03:02       3    142     36     42 
 20260323    20:03:32       0    141     37     43 
 20260323    20:03:32       1    145     38     45 
 20260323    20:03:32       2    154     37     46 
 20260323    20:03:32       3    143     36     42 
 20260323    20:04:02       0    141     37     43 
 20260323    20:04:02       1    146     38     45 
 20260323    20:04:02       2    153     37     46 
 20260323    20:04:02       3    143     36     42 
 20260323    20:04:32       0    140     36     43 
 20260323    20:04:32       1    145     38     45 
 20260323    20:04:32       2    153     37     46 
 20260323    20:04:32       3    142     36     42 
 20260323    20:05:02       0    215     40     51 
 20260323    20:05:02       1    211     42     51 
 20260323    20:05:02       2    227     41     53 
 20260323    20:05:02       3    210     40     48 
#Date        Time         gpu    pwr  gtemp  mtemp 
#YYYYMMDD    HH:MM:SS     Idx      W      C      C 
 20260323    20:05:32       0    141     37     43 
 20260323    20:05:32       1    145     38     45 
 20260323    20:05:32       2    154     37     46 
 20260323    20:05:32       3    143     36     42 
 20260323    20:06:02       0    140     37     43 
 20260323    20:06:02       1    145     38     45 
 20260323    20:06:02       2    153     37     46 
 20260323    20:06:02       3    142     36     42 
 20260323    20:06:32       0    141     37     43 
 20260323    20:06:32       1    146     38     45 
 20260323    20:06:32       2    153     37     46 
 20260323    20:06:32       3    142     36     42 
 20260323    20:07:02       0    140     37     43 
 20260323    20:07:02       1    145     38     45 
 20260323    20:07:02       2    154     37     46 
 20260323    20:07:02       3    142     36     42 
 20260323    20:07:32       0    141     37     43 
 20260323    20:07:32       1    145     38     45 
 20260323    20:07:32       2    154     37     46 
 20260323    20:07:32       3    143     36     42 
 20260323    20:08:02       0    141     37     43 
 20260323    20:08:02       1    145     38     45 
 20260323    20:08:02       2    154     37     46 
 20260323    20:08:02       3    143     36     42 
 20260323    20:08:32       0    141     36     43 
 20260323    20:08:32       1    146     38     45 
 20260323    20:08:32       2    154     37     46 
 20260323    20:08:32       3    142     36     42 
 20260323    20:09:02       0    141     36     43 
 20260323    20:09:02       1    145     38     45 
 20260323    20:09:02       2    154     37     46 
 20260323    20:09:02       3    142     36     42 
 20260323    20:09:32       0    204     38     45 
 20260323    20:09:32       1    210     40     47 
 20260323    20:09:32       2    217     39     48 
 20260323    20:09:32       3    207     38     44 
 20260323    20:10:02       0    128     35     43 
 20260323    20:10:02       1    133     37     44 
 20260323    20:10:02       2    140     36     45 
 20260323    20:10:02       3    131     35     40 
 20260323    20:10:32       0    128     35     43 
 20260323    20:10:32       1    132     37     43 
 20260323    20:10:32       2    140     36     45 
 20260323    20:10:32       3    131     35     40 
#Date        Time         gpu    pwr  gtemp  mtemp 
#YYYYMMDD    HH:MM:SS     Idx      W      C      C 
 20260323    20:11:02       0    128     35     42 
 20260323    20:11:02       1    133     37     43 
 20260323    20:11:02       2    140     36     45 
 20260323    20:11:02       3    131     35     40 
 20260323    20:11:32       0    140     37     43 
 20260323    20:11:32       1    146     38     45 
 20260323    20:11:32       2    153     37     46 
 20260323    20:11:32       3    143     36     42 
 20260323    20:12:02       0    140     36     43 
 20260323    20:12:02       1    145     38     44 
 20260323    20:12:02       2    152     37     46 
 20260323    20:12:02       3    142     36     42 
 20260323    20:12:32       0    141     37     43 
 20260323    20:12:32       1    146     38     44 
 20260323    20:12:32       2    153     37     46 
 20260323    20:12:32       3    143     36     42 
 20260323    20:13:02       0    141     36     43 
 20260323    20:13:02       1    146     38     45 
 20260323    20:13:02       2    153     37     46 
 20260323    20:13:02       3    143     36     42 
 20260323    20:13:32       0    141     37     43 
 20260323    20:13:32       1    147     38     45 
 20260323    20:13:32       2    154     37     46 
 20260323    20:13:32       3    143     36     42 
 20260323    20:14:02       0    141     37     43 
 20260323    20:14:02       1    145     38     45 
 20260323    20:14:02       2    153     37     46 
 20260323    20:14:02       3    142     36     42 
 20260323    20:14:32       0    140     36     43 
 20260323    20:14:32       1    145     38     45 
 20260323    20:14:32       2    153     37     46 
 20260323    20:14:32       3    142     36     42 
 20260323    20:15:02       0    140     36     43 
 20260323    20:15:02       1    145     38     45 
 20260323    20:15:02       2    153     37     46 
 20260323    20:15:02       3    143     36     42 
 20260323    20:15:32       0    141     37     43 
 20260323    20:15:32       1    145     38     45 
 20260323    20:15:32       2    153     37     46 
 20260323    20:15:32       3    143     36     42 
 20260323    20:16:02       0    406     45     55 
 20260323    20:16:02       1    340     44     51 
 20260323    20:16:02       2    404     45     56 
 20260323    20:16:02       3    165     37     44 
#Date        Time         gpu    pwr  gtemp  mtemp 
#YYYYMMDD    HH:MM:SS     Idx      W      C      C 
 20260323    20:16:32       0    138     36     44 
 20260323    20:16:32       1    148     38     45 
 20260323    20:16:32       2    140     36     46 
 20260323    20:16:32       3    169     36     42 
 20260323    20:17:02       0    142     37     43 
 20260323    20:17:02       1    148     38     45 
 20260323    20:17:02       2    154     37     46 
 20260323    20:17:02       3    143     36     42 
 20260323    20:17:32       0    141     36     43 
 20260323    20:17:32       1    147     38     45 
 20260323    20:17:32       2    153     37     46 
 20260323    20:17:32       3    142     36     42 
 20260323    20:18:02       0    141     37     44 
 20260323    20:18:02       1    146     38     45 
 20260323    20:18:02       2    153     37     46 
 20260323    20:18:02       3    142     36     42 
 20260323    20:18:32       0    141     37     43 
 20260323    20:18:32       1    147     38     45 
 20260323    20:18:32       2    154     37     46 
 20260323    20:18:32       3    143     36     42 
 20260323    20:19:02       0    141     37     43 
 20260323    20:19:02       1    147     38     45 
 20260323    20:19:02       2    154     37     46 
 20260323    20:19:02       3    142     36     42 
 20260323    20:19:32       0    141     36     43 
 20260323    20:19:32       1    147     38     45 
 20260323    20:19:32       2    154     37     46 
 20260323    20:19:32       3    142     36     42 
 20260323    20:20:02       0    142     37     43 
 20260323    20:20:02       1    147     38     45 
 20260323    20:20:02       2    154     37     46 
 20260323    20:20:02       3    143     36     42 
 20260323    20:20:32       0    142     37     43 
 20260323    20:20:32       1    148     38     45 
 20260323    20:20:32       2    153     37     46 
 20260323    20:20:32       3    143     36     42 
 20260323    20:21:02       0    141     37     44 
 20260323    20:21:02       1    147     38     45 
 20260323    20:21:02       2    154     37     46 
 20260323    20:21:02       3    142     36     42 
 20260323    20:21:32       0    141     36     43 
 20260323    20:21:32       1    147     38     44 
 20260323    20:21:32       2    153     37     46 
 20260323    20:21:32       3    142     36     42 
#Date        Time         gpu    pwr  gtemp  mtemp 
#YYYYMMDD    HH:MM:SS     Idx      W      C      C 
 20260323    20:22:02       0    141     37     43 
 20260323    20:22:02       1    148     38     45 
 20260323    20:22:02       2    153     37     46 
 20260323    20:22:02       3    143     36     42 
 20260323    20:22:32       0    141     37     43 
 20260323    20:22:32       1    147     38     45 
 20260323    20:22:32       2    154     37     46 
 20260323    20:22:32       3    143     36     42 
 20260323    20:23:02       0    142     37     43 
 20260323    20:23:02       1    147     38     45 
 20260323    20:23:02       2    154     37     46 
 20260323    20:23:02       3    143     36     42 
 20260323    20:23:32       0    141     37     43 
 20260323    20:23:32       1    147     38     45 
 20260323    20:23:32       2    153     37     46 
 20260323    20:23:32       3    142     36     42 
 20260323    20:24:02       0    128     35     43 
 20260323    20:24:02       1    133     37     43 
 20260323    20:24:02       2    139     36     45 
 20260323    20:24:02       3    130     35     40 
 20260323    20:24:32       0    128     35     43 
 20260323    20:24:32       1    133     37     43 
 20260323    20:24:32       2    139     36     45 
 20260323    20:24:32       3    130     35     40 
 20260323    20:25:02       0    128     35     43 
 20260323    20:25:02       1    133     37     43 
 20260323    20:25:02       2    139     36     45 
 20260323    20:25:02       3    130     35     40 
 20260323    20:25:32       0    141     36     43 
 20260323    20:25:32       1    146     38     45 
 20260323    20:25:32       2    154     37     46 
 20260323    20:25:32       3    143     36     42 
 20260323    20:26:02       0    140     36     43 
 20260323    20:26:02       1    145     38     43 
 20260323    20:26:02       2    153     37     46 
 20260323    20:26:02       3    143     36     42 
 20260323    20:26:32       0    140     37     43 
 20260323    20:26:32       1    145     38     45 
 20260323    20:26:32       2    153     37     46 
 20260323    20:26:32       3    142     36     42 
 20260323    20:27:02       0    140     36     43 
 20260323    20:27:02       1    145     38     44 
 20260323    20:27:02       2    154     37     46 
 20260323    20:27:02       3    142     36     42 
#Date        Time         gpu    pwr  gtemp  mtemp 
#YYYYMMDD    HH:MM:SS     Idx      W      C      C 
 20260323    20:27:32       0    140     36     43 
 20260323    20:27:32       1    146     38     45 
 20260323    20:27:32       2    153     37     46 
 20260323    20:27:32       3    142     36     42 
 20260323    20:28:02       0    140     36     43 
 20260323    20:28:02       1    146     38     45 
 20260323    20:28:02       2    154     37     46 
 20260323    20:28:02       3    142     36     42 
 20260323    20:28:32       0    141     36     43 
 20260323    20:28:32       1    146     38     45 
 20260323    20:28:32       2    154     37     46 
 20260323    20:28:32       3    143     36     42 
 20260323    20:29:02       0    140     36     43 
 20260323    20:29:02       1    145     38     43 
 20260323    20:29:02       2    153     37     46 
 20260323    20:29:02       3    142     36     42 
 20260323    20:29:32       0    140     37     43 
 20260323    20:29:32       1    145     38     45 
 20260323    20:29:32       2    154     37     46 
 20260323    20:29:32       3    142     36     42 
 20260323    20:30:02       0    127     35     43 
 20260323    20:30:02       1    132     37     43 
 20260323    20:30:02       2    140     36     45 
 20260323    20:30:02       3    130     35     42 
 20260323    20:30:32       0    174     36     43 
 20260323    20:30:32       1    181     38     43 
 20260323    20:30:32       2    190     37     46 
 20260323    20:30:32       3    170     36     42 
 20260323    20:31:02       0    130     35     43 
 20260323    20:31:02       1    137     37     43 
 20260323    20:31:02       2    144     36     45 
 20260323    20:31:02       3    133     35     40 
 20260323    20:31:32       0    235     39     47 
 20260323    20:31:32       1    145     38     46 
 20260323    20:31:32       2    155     37     47 
 20260323    20:31:32       3    131     36     42 
 20260323    20:32:02       0    127     35     43 
 20260323    20:32:02       1    185     39     45 
 20260323    20:32:02       2    140     36     45 
 20260323    20:32:02       3    131     35     41 
 20260323    20:32:32       0    142     37     43 
 20260323    20:32:32       1    146     38     45 
 20260323    20:32:32       2    153     37     46 
 20260323    20:32:32       3    142     36     42 
