#Date        Time         gpu    pwr  gtemp  mtemp 
#YYYYMMDD    HH:MM:SS     Idx      W      C      C 
 20260321    07:43:58       0     90     33     42 
 20260321    07:43:58       1     82     35     44 
 20260321    07:43:58       2     87     34     46 
 20260321    07:43:58       3    101     32     42 
 20260321    07:44:28       0     90     33     42 
 20260321    07:44:28       1    133     37     43 
 20260321    07:44:28       2     87     34     46 
 20260321    07:44:28       3    100     32     42 
 20260321    07:44:58       0    137     35     43 
 20260321    07:44:58       1    129     38     45 
 20260321    07:44:58       2    133     37     46 
 20260321    07:44:58       3    147     34     43 
 20260321    07:45:28       0    137     35     43 
 20260321    07:45:28       1    129     38     45 
 20260321    07:45:28       2    133     37     46 
 20260321    07:45:28       3    147     34     43 
 20260321    07:45:58       0    137     35     43 
 20260321    07:45:58       1    129     37     45 
 20260321    07:45:58       2    133     36     46 
 20260321    07:45:58       3    147     34     43 
 20260321    07:46:28       0    137     35     42 
 20260321    07:46:28       1    129     37     45 
 20260321    07:46:28       2    133     36     46 
 20260321    07:46:28       3    146     34     43 
 20260321    07:46:58       0    137     35     42 
 20260321    07:46:58       1    129     37     45 
 20260321    07:46:58       2    133     36     46 
 20260321    07:46:58       3    146     34     43 
 20260321    07:47:28       0    138     34     42 
 20260321    07:47:28       1    129     37     45 
 20260321    07:47:28       2    133     36     46 
 20260321    07:47:28       3    146     34     43 
 20260321    07:47:58       0    137     34     42 
 20260321    07:47:58       1    129     37     45 
 20260321    07:47:58       2    133     36     47 
 20260321    07:47:58       3    147     34     42 
 20260321    07:48:28       0    137     34     42 
 20260321    07:48:28       1    129     37     45 
 20260321    07:48:28       2    133     36     47 
 20260321    07:48:28       3    147     34     42 
 20260321    07:48:58       0    137     34     42 
 20260321    07:48:58       1    129     37     45 
 20260321    07:48:58       2    133     36     47 
 20260321    07:48:58       3    147     34     42 
#Date        Time         gpu    pwr  gtemp  mtemp 
#YYYYMMDD    HH:MM:SS     Idx      W      C      C 
 20260321    07:49:28       0    137     34     42 
 20260321    07:49:28       1    129     37     45 
 20260321    07:49:28       2    133     36     47 
 20260321    07:49:28       3    147     34     42 
 20260321    07:49:58       0    137     34     42 
 20260321    07:49:58       1    129     37     43 
 20260321    07:49:58       2    133     36     47 
 20260321    07:49:58       3    147     34     42 
 20260321    07:50:28       0    137     34     42 
 20260321    07:50:28       1    129     37     45 
 20260321    07:50:28       2    133     36     47 
 20260321    07:50:28       3    147     34     42 
 20260321    07:50:58       0    137     34     42 
 20260321    07:50:58       1    129     37     45 
 20260321    07:50:58       2    133     36     46 
 20260321    07:50:58       3    147     34     42 
 20260321    07:51:28       0    137     34     42 
 20260321    07:51:28       1    129     37     45 
 20260321    07:51:28       2    133     36     46 
 20260321    07:51:28       3    146     34     42 
 20260321    07:51:58       0    137     34     42 
 20260321    07:51:58       1    129     37     45 
 20260321    07:51:58       2    133     36     47 
 20260321    07:51:58       3    146     34     42 
 20260321    07:52:28       0    137     34     42 
 20260321    07:52:28       1    129     37     45 
 20260321    07:52:28       2    133     36     47 
 20260321    07:52:28       3    146     34     42 
 20260321    07:52:58       0    137     34     42 
 20260321    07:52:58       1    129     37     44 
 20260321    07:52:58       2    133     36     47 
 20260321    07:52:58       3    146     34     43 
 20260321    07:53:28       0    137     34     42 
 20260321    07:53:28       1    129     37     45 
 20260321    07:53:28       2    133     36     47 
 20260321    07:53:28       3    146     34     42 
 20260321    07:53:58       0    137     34     42 
 20260321    07:53:58       1    129     37     45 
 20260321    07:53:58       2    133     36     47 
 20260321    07:53:58       3    146     34     43 
 20260321    07:54:28       0    137     34     42 
 20260321    07:54:28       1    129     37     45 
 20260321    07:54:28       2    133     36     46 
 20260321    07:54:28       3    147     34     43 
#Date        Time         gpu    pwr  gtemp  mtemp 
#YYYYMMDD    HH:MM:SS     Idx      W      C      C 
 20260321    07:54:58       0    137     34     42 
 20260321    07:54:58       1    129     37     43 
 20260321    07:54:58       2    133     36     46 
 20260321    07:54:58       3    146     34     42 
 20260321    07:55:28       0    137     34     42 
 20260321    07:55:28       1    129     37     43 
 20260321    07:55:28       2    133     36     46 
 20260321    07:55:28       3    146     34     42 
 20260321    07:55:58       0    137     34     42 
 20260321    07:55:58       1    129     37     43 
 20260321    07:55:58       2    133     36     46 
 20260321    07:55:58       3    147     34     42 
 20260321    07:56:28       0    137     34     42 
 20260321    07:56:28       1    129     37     43 
 20260321    07:56:28       2    133     36     46 
 20260321    07:56:28       3    147     34     41 
 20260321    07:56:58       0    137     34     42 
 20260321    07:56:58       1    129     37     43 
 20260321    07:56:58       2    133     36     46 
 20260321    07:56:58       3    146     34     42 
 20260321    07:57:28       0    137     34     42 
 20260321    07:57:28       1    129     37     44 
 20260321    07:57:28       2    133     36     46 
 20260321    07:57:28       3    146     34     42 
 20260321    07:57:58       0    137     34     42 
 20260321    07:57:58       1    129     37     43 
 20260321    07:57:58       2    133     36     46 
 20260321    07:57:58       3    146     34     41 
 20260321    07:58:28       0    137     34     42 
 20260321    07:58:28       1    129     37     43 
 20260321    07:58:28       2    133     36     46 
 20260321    07:58:28       3    146     33     41 
 20260321    07:58:58       0    137     34     42 
 20260321    07:58:58       1    129     37     43 
 20260321    07:58:58       2    133     36     46 
 20260321    07:58:58       3    146     33     42 
 20260321    07:59:28       0    137     34     42 
 20260321    07:59:28       1    129     37     43 
 20260321    07:59:28       2    133     36     46 
 20260321    07:59:28       3    146     33     41 
 20260321    07:59:58       0    137     34     42 
 20260321    07:59:58       1    129     37     43 
 20260321    07:59:58       2    133     36     46 
 20260321    07:59:58       3    146     33     41 
#Date        Time         gpu    pwr  gtemp  mtemp 
#YYYYMMDD    HH:MM:SS     Idx      W      C      C 
 20260321    08:00:28       0    137     34     42 
 20260321    08:00:28       1    129     37     43 
 20260321    08:00:28       2    133     36     46 
 20260321    08:00:28       3    146     33     41 
 20260321    08:00:58       0    137     34     41 
 20260321    08:00:58       1    129     37     43 
 20260321    08:00:58       2    133     36     46 
 20260321    08:00:58       3    146     33     41 
 20260321    08:01:28       0    137     34     41 
 20260321    08:01:28       1    129     37     43 
 20260321    08:01:28       2    133     36     46 
 20260321    08:01:28       3    146     33     41 
 20260321    08:01:58       0    137     34     42 
 20260321    08:01:58       1    129     37     43 
 20260321    08:01:58       2    133     36     46 
 20260321    08:01:58       3    146     33     41 
 20260321    08:02:28       0    137     34     42 
 20260321    08:02:28       1    129     37     43 
 20260321    08:02:28       2    133     36     46 
 20260321    08:02:28       3    146     34     41 
 20260321    08:02:58       0    137     34     42 
 20260321    08:02:58       1    129     37     43 
 20260321    08:02:58       2    133     36     46 
 20260321    08:02:58       3    146     34     42 
 20260321    08:03:28       0    137     34     42 
 20260321    08:03:28       1    129     37     43 
 20260321    08:03:28       2    133     36     46 
 20260321    08:03:28       3    146     34     42 
 20260321    08:03:58       0    137     34     42 
 20260321    08:03:58       1    129     37     43 
 20260321    08:03:58       2    133     36     46 
 20260321    08:03:58       3    146     34     41 
 20260321    08:04:28       0    137     34     42 
 20260321    08:04:28       1    129     37     43 
 20260321    08:04:28       2    133     36     46 
 20260321    08:04:28       3    146     34     41 
 20260321    08:04:58       0    137     34     42 
 20260321    08:04:58       1    129     37     43 
 20260321    08:04:58       2    133     36     46 
 20260321    08:04:58       3    146     34     41 
 20260321    08:05:28       0    137     34     42 
 20260321    08:05:28       1    129     37     43 
 20260321    08:05:28       2    133     36     46 
 20260321    08:05:28       3    146     34     41 
#Date        Time         gpu    pwr  gtemp  mtemp 
#YYYYMMDD    HH:MM:SS     Idx      W      C      C 
 20260321    08:05:58       0    137     34     42 
 20260321    08:05:58       1    129     37     43 
 20260321    08:05:58       2    133     36     46 
 20260321    08:05:58       3    146     34     41 
 20260321    08:06:28       0    137     34     42 
 20260321    08:06:28       1    129     37     43 
 20260321    08:06:28       2    133     36     46 
 20260321    08:06:28       3    146     34     41 
 20260321    08:06:58       0    137     34     42 
 20260321    08:06:58       1    129     37     43 
 20260321    08:06:58       2    133     36     46 
 20260321    08:06:58       3    146     34     42 
 20260321    08:07:28       0    137     34     42 
 20260321    08:07:28       1    129     37     43 
 20260321    08:07:28       2    133     36     46 
 20260321    08:07:28       3    146     34     42 
 20260321    08:07:58       0    137     34     42 
 20260321    08:07:58       1    129     37     43 
 20260321    08:07:58       2    133     36     46 
 20260321    08:07:58       3    146     34     42 
 20260321    08:08:28       0    137     34     42 
 20260321    08:08:28       1    129     37     43 
 20260321    08:08:28       2    133     36     46 
 20260321    08:08:28       3    146     34     42 
 20260321    08:08:58       0    137     34     42 
 20260321    08:08:58       1    129     37     43 
 20260321    08:08:58       2    133     36     46 
 20260321    08:08:58       3    146     34     42 
 20260321    08:09:28       0    137     34     42 
 20260321    08:09:28       1    129     37     43 
 20260321    08:09:28       2    133     36     46 
 20260321    08:09:28       3    146     34     42 
 20260321    08:09:58       0    137     34     42 
 20260321    08:09:58       1    129     37     43 
 20260321    08:09:58       2    133     36     46 
 20260321    08:09:58       3    146     34     41 
 20260321    08:10:28       0    137     34     42 
 20260321    08:10:28       1    129     37     43 
 20260321    08:10:28       2    133     36     46 
 20260321    08:10:28       3    146     34     42 
 20260321    08:10:58       0    137     34     42 
 20260321    08:10:58       1    129     37     43 
 20260321    08:10:58       2    133     36     46 
 20260321    08:10:58       3    146     34     41 
#Date        Time         gpu    pwr  gtemp  mtemp 
#YYYYMMDD    HH:MM:SS     Idx      W      C      C 
 20260321    08:11:28       0    137     34     42 
 20260321    08:11:28       1    129     37     43 
 20260321    08:11:28       2    133     36     46 
 20260321    08:11:28       3    146     34     41 
 20260321    08:11:58       0    137     34     42 
 20260321    08:11:58       1    129     37     43 
 20260321    08:11:58       2    133     36     46 
 20260321    08:11:58       3    146     34     42 
 20260321    08:12:28       0    137     34     42 
 20260321    08:12:28       1    129     37     43 
 20260321    08:12:28       2    133     36     46 
 20260321    08:12:28       3    146     34     41 
 20260321    08:12:58       0    137     34     42 
 20260321    08:12:58       1    129     37     43 
 20260321    08:12:58       2    133     36     46 
 20260321    08:12:58       3    146     34     41 
 20260321    08:13:28       0    137     34     42 
 20260321    08:13:28       1    129     37     43 
 20260321    08:13:28       2    133     36     46 
 20260321    08:13:28       3    146     34     41 
 20260321    08:13:58       0    137     34     42 
 20260321    08:13:58       1    129     37     43 
 20260321    08:13:58       2    133     36     46 
 20260321    08:13:58       3    146     34     41 
 20260321    08:14:28       0    137     34     42 
 20260321    08:14:28       1    129     37     43 
 20260321    08:14:28       2    133     36     46 
 20260321    08:14:28       3    146     34     41 
 20260321    08:14:58       0    137     34     42 
 20260321    08:14:58       1    129     37     43 
 20260321    08:14:58       2    133     36     46 
 20260321    08:14:58       3    146     34     41 
 20260321    08:15:28       0    137     34     42 
 20260321    08:15:28       1    129     37     43 
 20260321    08:15:28       2    133     36     46 
 20260321    08:15:28       3    146     34     41 
 20260321    08:15:58       0    137     34     42 
 20260321    08:15:58       1    129     37     43 
 20260321    08:15:58       2    133     36     46 
 20260321    08:15:58       3    146     34     41 
 20260321    08:16:28       0    137     34     42 
 20260321    08:16:28       1    129     37     43 
 20260321    08:16:28       2    133     36     46 
 20260321    08:16:28       3    146     34     41 
#Date        Time         gpu    pwr  gtemp  mtemp 
#YYYYMMDD    HH:MM:SS     Idx      W      C      C 
 20260321    08:16:58       0    137     34     42 
 20260321    08:16:58       1    129     37     43 
 20260321    08:16:58       2    133     36     46 
 20260321    08:16:58       3    146     34     41 
 20260321    08:17:28       0    137     34     42 
 20260321    08:17:28       1    129     37     43 
 20260321    08:17:28       2    133     36     46 
 20260321    08:17:28       3    146     34     41 
 20260321    08:17:58       0    137     34     42 
 20260321    08:17:58       1    129     37     43 
 20260321    08:17:58       2    133     36     47 
 20260321    08:17:58       3    146     34     41 
 20260321    08:18:28       0    137     34     42 
 20260321    08:18:28       1    129     37     43 
 20260321    08:18:28       2    133     36     46 
 20260321    08:18:28       3    146     34     41 
 20260321    08:18:58       0    137     34     42 
 20260321    08:18:58       1    129     37     43 
 20260321    08:18:58       2    133     36     46 
 20260321    08:18:58       3    146     34     41 
 20260321    08:19:28       0    137     34     42 
 20260321    08:19:28       1    129     37     43 
 20260321    08:19:28       2    133     36     47 
 20260321    08:19:28       3    146     34     41 
 20260321    08:19:58       0    137     34     42 
 20260321    08:19:58       1    129     37     43 
 20260321    08:19:58       2    133     36     46 
 20260321    08:19:58       3    146     34     41 
 20260321    08:20:28       0    137     34     42 
 20260321    08:20:28       1    129     37     43 
 20260321    08:20:28       2    133     36     46 
 20260321    08:20:28       3    146     34     42 
 20260321    08:20:58       0    137     34     42 
 20260321    08:20:58       1    129     37     43 
 20260321    08:20:58       2    133     36     46 
 20260321    08:20:58       3    146     34     41 
 20260321    08:21:28       0    137     34     42 
 20260321    08:21:28       1    129     37     43 
 20260321    08:21:28       2    133     36     46 
 20260321    08:21:28       3    146     34     41 
 20260321    08:21:58       0    137     34     42 
 20260321    08:21:58       1    129     37     43 
 20260321    08:21:58       2    133     36     46 
 20260321    08:21:58       3    146     34     41 
#Date        Time         gpu    pwr  gtemp  mtemp 
#YYYYMMDD    HH:MM:SS     Idx      W      C      C 
 20260321    08:22:28       0    137     34     42 
 20260321    08:22:28       1    129     37     43 
 20260321    08:22:28       2    133     36     46 
 20260321    08:22:28       3    146     34     42 
 20260321    08:22:58       0    137     34     42 
 20260321    08:22:58       1    129     37     43 
 20260321    08:22:58       2    133     36     46 
 20260321    08:22:58       3    146     34     42 
 20260321    08:23:28       0    137     34     42 
 20260321    08:23:28       1    129     37     43 
 20260321    08:23:28       2    132     36     46 
 20260321    08:23:28       3    146     34     41 
 20260321    08:23:58       0    137     34     42 
 20260321    08:23:58       1    129     37     43 
 20260321    08:23:58       2    133     36     46 
 20260321    08:23:58       3    146     34     41 
 20260321    08:24:28       0    137     34     42 
 20260321    08:24:28       1    129     37     43 
 20260321    08:24:28       2    133     36     46 
 20260321    08:24:28       3    146     34     42 
 20260321    08:24:58       0    137     34     42 
 20260321    08:24:58       1    129     37     43 
 20260321    08:24:58       2    133     36     46 
 20260321    08:24:58       3    146     34     42 
 20260321    08:25:28       0    137     34     42 
 20260321    08:25:28       1    129     37     43 
 20260321    08:25:28       2    133     36     47 
 20260321    08:25:28       3    146     34     41 
 20260321    08:25:58       0    137     34     42 
 20260321    08:25:58       1    129     37     43 
 20260321    08:25:58       2    133     36     46 
 20260321    08:25:58       3    146     34     41 
 20260321    08:26:28       0    137     34     42 
 20260321    08:26:28       1    129     37     43 
 20260321    08:26:28       2    133     36     46 
 20260321    08:26:28       3    146     34     42 
 20260321    08:26:58       0    137     34     42 
 20260321    08:26:58       1    129     37     43 
 20260321    08:26:58       2    133     36     46 
 20260321    08:26:58       3    146     34     42 
 20260321    08:27:28       0    137     34     42 
 20260321    08:27:28       1    129     37     44 
 20260321    08:27:28       2    133     36     46 
 20260321    08:27:28       3    146     34     42 
#Date        Time         gpu    pwr  gtemp  mtemp 
#YYYYMMDD    HH:MM:SS     Idx      W      C      C 
 20260321    08:27:58       0    137     34     42 
 20260321    08:27:58       1    129     37     43 
 20260321    08:27:58       2    133     36     46 
 20260321    08:27:58       3    146     34     42 
 20260321    08:28:28       0    137     34     42 
 20260321    08:28:28       1    129     37     43 
 20260321    08:28:28       2    133     36     46 
 20260321    08:28:28       3    146     34     41 
 20260321    08:28:58       0    137     34     42 
 20260321    08:28:58       1    129     37     43 
 20260321    08:28:58       2    133     36     47 
 20260321    08:28:58       3    146     34     42 
 20260321    08:29:28       0    137     34     42 
 20260321    08:29:28       1    129     37     43 
 20260321    08:29:28       2    133     36     46 
 20260321    08:29:28       3    146     34     41 
 20260321    08:29:58       0    137     34     42 
 20260321    08:29:58       1    129     37     43 
 20260321    08:29:58       2    133     36     46 
 20260321    08:29:58       3    146     34     41 
 20260321    08:30:28       0    137     34     42 
 20260321    08:30:28       1    129     37     43 
 20260321    08:30:28       2    133     36     46 
 20260321    08:30:28       3    146     34     41 
 20260321    08:30:58       0    137     34     42 
 20260321    08:30:58       1    129     37     43 
 20260321    08:30:58       2    133     36     47 
 20260321    08:30:58       3    146     34     41 
 20260321    08:31:28       0    137     34     42 
 20260321    08:31:28       1    129     37     43 
 20260321    08:31:28       2    133     36     46 
 20260321    08:31:28       3    146     34     41 
 20260321    08:31:58       0    137     34     41 
 20260321    08:31:58       1    129     37     43 
 20260321    08:31:58       2    133     36     46 
 20260321    08:31:58       3    146     34     42 
 20260321    08:32:28       0    137     34     42 
 20260321    08:32:28       1    129     37     43 
 20260321    08:32:28       2    133     36     46 
 20260321    08:32:28       3    146     33     41 
 20260321    08:32:58       0    137     34     41 
 20260321    08:32:58       1    129     37     43 
 20260321    08:32:58       2    133     36     46 
 20260321    08:32:58       3    146     33     41 
#Date        Time         gpu    pwr  gtemp  mtemp 
#YYYYMMDD    HH:MM:SS     Idx      W      C      C 
 20260321    08:33:28       0    137     34     42 
 20260321    08:33:28       1    129     37     43 
 20260321    08:33:28       2    133     36     46 
 20260321    08:33:28       3    146     33     41 
 20260321    08:33:58       0    137     34     41 
 20260321    08:33:58       1    129     37     43 
 20260321    08:33:58       2    133     36     46 
 20260321    08:33:58       3    146     33     41 
 20260321    08:34:28       0    137     34     42 
 20260321    08:34:28       1    129     37     43 
 20260321    08:34:28       2    133     36     46 
 20260321    08:34:28       3    146     34     41 
 20260321    08:34:58       0    137     34     42 
 20260321    08:34:58       1    129     37     43 
 20260321    08:34:58       2    133     36     46 
 20260321    08:34:58       3    146     33     41 
 20260321    08:35:28       0    137     34     42 
 20260321    08:35:28       1    129     37     43 
 20260321    08:35:28       2    133     36     46 
 20260321    08:35:28       3    146     33     41 
 20260321    08:35:58       0    137     34     41 
 20260321    08:35:58       1    129     37     43 
 20260321    08:35:58       2    133     36     46 
 20260321    08:35:58       3    146     33     41 
 20260321    08:36:28       0    137     34     42 
 20260321    08:36:28       1    129     37     43 
 20260321    08:36:28       2    133     36     46 
 20260321    08:36:28       3    146     34     41 
 20260321    08:36:58       0    137     34     42 
 20260321    08:36:58       1    129     37     43 
 20260321    08:36:58       2    133     36     46 
 20260321    08:36:58       3    146     34     41 
 20260321    08:37:28       0    137     34     42 
 20260321    08:37:28       1    129     37     43 
 20260321    08:37:28       2    133     36     46 
 20260321    08:37:28       3    146     34     41 
 20260321    08:37:58       0    137     34     42 
 20260321    08:37:58       1    129     37     43 
 20260321    08:37:58       2    133     36     46 
 20260321    08:37:58       3    146     34     41 
 20260321    08:38:28       0    137     34     42 
 20260321    08:38:28       1    129     37     43 
 20260321    08:38:28       2    133     36     46 
 20260321    08:38:28       3    146     34     41 
#Date        Time         gpu    pwr  gtemp  mtemp 
#YYYYMMDD    HH:MM:SS     Idx      W      C      C 
 20260321    08:38:58       0    137     34     42 
 20260321    08:38:58       1    129     37     43 
 20260321    08:38:58       2    133     36     46 
 20260321    08:38:58       3    146     34     41 
 20260321    08:39:28       0    137     34     42 
 20260321    08:39:28       1    129     37     43 
 20260321    08:39:28       2    133     36     47 
 20260321    08:39:28       3    146     34     42 
 20260321    08:39:58       0    137     34     42 
 20260321    08:39:58       1    129     37     43 
 20260321    08:39:58       2    133     36     46 
 20260321    08:39:58       3    146     34     42 
 20260321    08:40:28       0    137     34     42 
 20260321    08:40:28       1    129     37     43 
 20260321    08:40:28       2    133     36     46 
 20260321    08:40:28       3    146     34     42 
 20260321    08:40:58       0    137     34     42 
 20260321    08:40:58       1    129     37     43 
 20260321    08:40:58       2    133     36     47 
 20260321    08:40:58       3    146     34     42 
 20260321    08:41:28       0    137     34     42 
 20260321    08:41:28       1    129     37     44 
 20260321    08:41:28       2    133     36     46 
 20260321    08:41:28       3    146     34     42 
 20260321    08:41:58       0    137     34     42 
 20260321    08:41:58       1    129     37     43 
 20260321    08:41:58       2    133     36     47 
 20260321    08:41:58       3    146     34     42 
 20260321    08:42:28       0    137     34     42 
 20260321    08:42:28       1    129     37     43 
 20260321    08:42:28       2    133     36     46 
 20260321    08:42:28       3    146     34     42 
 20260321    08:42:58       0    137     34     42 
 20260321    08:42:58       1    129     37     45 
 20260321    08:42:58       2    133     36     46 
 20260321    08:42:58       3    146     34     42 
 20260321    08:43:28       0    137     34     42 
 20260321    08:43:28       1    129     37     43 
 20260321    08:43:28       2    133     36     47 
 20260321    08:43:28       3    146     34     42 
 20260321    08:43:58       0    137     34     42 
 20260321    08:43:58       1    129     37     44 
 20260321    08:43:58       2    133     36     47 
 20260321    08:43:58       3    147     34     43 
#Date        Time         gpu    pwr  gtemp  mtemp 
#YYYYMMDD    HH:MM:SS     Idx      W      C      C 
 20260321    08:44:28       0    137     34     42 
 20260321    08:44:28       1    129     37     44 
 20260321    08:44:28       2    133     36     47 
 20260321    08:44:28       3    146     34     42 
 20260321    08:44:58       0    137     34     42 
 20260321    08:44:58       1    129     37     43 
 20260321    08:44:58       2    133     36     46 
 20260321    08:44:58       3    146     34     42 
 20260321    08:45:28       0    137     34     42 
 20260321    08:45:28       1    129     37     44 
 20260321    08:45:28       2    133     36     46 
 20260321    08:45:28       3    146     34     42 
 20260321    08:45:58       0    137     34     42 
 20260321    08:45:58       1    129     37     43 
 20260321    08:45:58       2    133     36     46 
 20260321    08:45:58       3    146     34     42 
 20260321    08:46:28       0    137     34     42 
 20260321    08:46:28       1    129     37     43 
 20260321    08:46:28       2    133     36     47 
 20260321    08:46:28       3    146     34     42 
 20260321    08:46:58       0    137     34     42 
 20260321    08:46:58       1    129     37     43 
 20260321    08:46:58       2    133     36     46 
 20260321    08:46:58       3    146     34     42 
 20260321    08:47:28       0    137     34     42 
 20260321    08:47:28       1    129     37     43 
 20260321    08:47:28       2    133     36     47 
 20260321    08:47:28       3    146     34     42 
 20260321    08:47:58       0    137     34     42 
 20260321    08:47:58       1    129     37     43 
 20260321    08:47:58       2    133     36     46 
 20260321    08:47:58       3    146     34     42 
 20260321    08:48:28       0    137     34     42 
 20260321    08:48:28       1    129     37     44 
 20260321    08:48:28       2    133     36     46 
 20260321    08:48:28       3    146     34     42 
 20260321    08:48:58       0    137     34     42 
 20260321    08:48:58       1    129     37     43 
 20260321    08:48:58       2    133     36     46 
 20260321    08:48:58       3    146     34     42 
 20260321    08:49:28       0    137     34     42 
 20260321    08:49:28       1    129     37     43 
 20260321    08:49:28       2    133     36     46 
 20260321    08:49:28       3    146     34     42 
#Date        Time         gpu    pwr  gtemp  mtemp 
#YYYYMMDD    HH:MM:SS     Idx      W      C      C 
 20260321    08:49:58       0    137     34     42 
 20260321    08:49:58       1    129     37     44 
 20260321    08:49:58       2    133     36     47 
 20260321    08:49:58       3    146     34     42 
 20260321    08:50:28       0    137     34     42 
 20260321    08:50:28       1    129     37     43 
 20260321    08:50:28       2    133     36     46 
 20260321    08:50:28       3    146     34     42 
 20260321    08:50:58       0    137     34     42 
 20260321    08:50:58       1    129     37     43 
 20260321    08:50:58       2    133     36     46 
 20260321    08:50:58       3    146     34     42 
 20260321    08:51:28       0    137     34     42 
 20260321    08:51:28       1    129     37     43 
 20260321    08:51:28       2    133     36     46 
 20260321    08:51:28       3    146     34     42 
 20260321    08:51:58       0    137     34     42 
 20260321    08:51:58       1    129     37     43 
 20260321    08:51:58       2    133     36     46 
 20260321    08:51:58       3    146     34     42 
 20260321    08:52:28       0    137     34     42 
 20260321    08:52:28       1    129     37     43 
 20260321    08:52:28       2    133     36     46 
 20260321    08:52:28       3    146     34     42 
 20260321    08:52:58       0    137     34     42 
 20260321    08:52:58       1    129     37     45 
 20260321    08:52:58       2    133     36     46 
 20260321    08:52:58       3    146     34     42 
 20260321    08:53:28       0    137     34     42 
 20260321    08:53:28       1    129     37     43 
 20260321    08:53:28       2    133     36     46 
 20260321    08:53:28       3    146     34     42 
 20260321    08:53:58       0    137     34     42 
 20260321    08:53:58       1    129     37     43 
 20260321    08:53:58       2    133     36     46 
 20260321    08:53:58       3    146     34     42 
 20260321    08:54:28       0    137     34     42 
 20260321    08:54:28       1    129     37     43 
 20260321    08:54:28       2    133     36     46 
 20260321    08:54:28       3    146     34     42 
 20260321    08:54:58       0    137     34     42 
 20260321    08:54:58       1    129     37     45 
 20260321    08:54:58       2    133     36     46 
 20260321    08:54:58       3    146     34     42 
#Date        Time         gpu    pwr  gtemp  mtemp 
#YYYYMMDD    HH:MM:SS     Idx      W      C      C 
 20260321    08:55:28       0    137     34     42 
 20260321    08:55:28       1    129     37     43 
 20260321    08:55:28       2    133     36     46 
 20260321    08:55:28       3    146     34     43 
 20260321    08:55:58       0    137     34     42 
 20260321    08:55:58       1    129     37     44 
 20260321    08:55:58       2    133     36     47 
 20260321    08:55:58       3    146     34     42 
 20260321    08:56:28       0    137     34     42 
 20260321    08:56:28       1    129     37     43 
 20260321    08:56:28       2    133     36     47 
 20260321    08:56:28       3    146     34     42 
 20260321    08:56:58       0    137     34     42 
 20260321    08:56:58       1    129     37     43 
 20260321    08:56:58       2    133     36     46 
 20260321    08:56:58       3    146     34     42 
 20260321    08:57:28       0    137     34     42 
 20260321    08:57:28       1    129     37     43 
 20260321    08:57:28       2    133     36     46 
 20260321    08:57:28       3    146     34     42 
 20260321    08:57:58       0    137     34     42 
 20260321    08:57:58       1    129     37     43 
 20260321    08:57:58       2    133     36     46 
 20260321    08:57:58       3    146     34     42 
 20260321    08:58:28       0    137     34     42 
 20260321    08:58:28       1    129     37     43 
 20260321    08:58:28       2    133     36     47 
 20260321    08:58:28       3    146     34     42 
 20260321    08:58:58       0    137     34     42 
 20260321    08:58:58       1    129     37     44 
 20260321    08:58:58       2    133     36     46 
 20260321    08:58:58       3    146     34     42 
 20260321    08:59:28       0    137     34     42 
 20260321    08:59:28       1    129     37     43 
 20260321    08:59:28       2    133     36     47 
 20260321    08:59:28       3    146     34     42 
 20260321    08:59:58       0    137     34     42 
 20260321    08:59:58       1    129     37     43 
 20260321    08:59:58       2    133     36     46 
 20260321    08:59:58       3    146     34     42 
 20260321    09:00:28       0    137     34     42 
 20260321    09:00:28       1    129     37     43 
 20260321    09:00:28       2    133     36     46 
 20260321    09:00:28       3    146     34     42 
#Date        Time         gpu    pwr  gtemp  mtemp 
#YYYYMMDD    HH:MM:SS     Idx      W      C      C 
 20260321    09:00:58       0    137     34     42 
 20260321    09:00:58       1    129     37     43 
 20260321    09:00:58       2    133     36     46 
 20260321    09:00:58       3    146     34     42 
 20260321    09:01:28       0    137     34     42 
 20260321    09:01:28       1    129     37     43 
 20260321    09:01:28       2    133     36     46 
 20260321    09:01:28       3    146     34     42 
 20260321    09:01:58       0    137     34     42 
 20260321    09:01:58       1    129     37     43 
 20260321    09:01:58       2    133     36     46 
 20260321    09:01:58       3    146     34     42 
 20260321    09:02:28       0    137     34     42 
 20260321    09:02:28       1    129     37     44 
 20260321    09:02:28       2    133     36     46 
 20260321    09:02:28       3    146     34     42 
 20260321    09:02:58       0    137     34     42 
 20260321    09:02:58       1    129     37     43 
 20260321    09:02:58       2    133     36     46 
 20260321    09:02:58       3    146     34     42 
 20260321    09:03:28       0    137     34     42 
 20260321    09:03:28       1    129     37     43 
 20260321    09:03:28       2    133     36     46 
 20260321    09:03:28       3    146     34     42 
 20260321    09:03:58       0    137     34     42 
 20260321    09:03:58       1    129     37     43 
 20260321    09:03:58       2    133     36     46 
 20260321    09:03:58       3    146     34     41 
 20260321    09:04:28       0    137     34     42 
 20260321    09:04:28       1    129     37     43 
 20260321    09:04:28       2    133     36     47 
 20260321    09:04:28       3    146     34     42 
 20260321    09:04:58       0    137     34     42 
 20260321    09:04:58       1    129     37     44 
 20260321    09:04:58       2    133     36     46 
 20260321    09:04:58       3    146     34     42 
 20260321    09:05:28       0    137     34     42 
 20260321    09:05:28       1    129     37     44 
 20260321    09:05:28       2    133     36     46 
 20260321    09:05:28       3    146     34     42 
 20260321    09:05:58       0    137     34     42 
 20260321    09:05:58       1    129     37     44 
 20260321    09:05:58       2    133     36     46 
 20260321    09:05:58       3    146     34     42 
#Date        Time         gpu    pwr  gtemp  mtemp 
#YYYYMMDD    HH:MM:SS     Idx      W      C      C 
 20260321    09:06:28       0    137     34     42 
 20260321    09:06:28       1    129     37     43 
 20260321    09:06:28       2    133     36     46 
 20260321    09:06:28       3    146     34     42 
 20260321    09:06:58       0    137     34     42 
 20260321    09:06:58       1    129     37     43 
 20260321    09:06:58       2    133     36     46 
 20260321    09:06:58       3    146     34     42 
 20260321    09:07:28       0    137     34     42 
 20260321    09:07:28       1    129     37     43 
 20260321    09:07:28       2    133     36     46 
 20260321    09:07:28       3    146     34     42 
 20260321    09:07:58       0    137     34     42 
 20260321    09:07:58       1    129     37     43 
 20260321    09:07:58       2    133     36     46 
 20260321    09:07:58       3    146     34     42 
 20260321    09:08:28       0    137     34     42 
 20260321    09:08:28       1    129     37     43 
 20260321    09:08:28       2    133     36     47 
 20260321    09:08:28       3    146     34     42 
 20260321    09:08:58       0    137     34     42 
 20260321    09:08:58       1    129     37     43 
 20260321    09:08:58       2    133     36     46 
 20260321    09:08:58       3    146     34     42 
 20260321    09:09:28       0    137     34     42 
 20260321    09:09:28       1    129     37     43 
 20260321    09:09:28       2    133     36     47 
 20260321    09:09:28       3    146     34     42 
 20260321    09:09:58       0    137     34     42 
 20260321    09:09:58       1    129     37     43 
 20260321    09:09:58       2    133     36     47 
 20260321    09:09:58       3    146     34     42 
 20260321    09:10:28       0    137     34     42 
 20260321    09:10:28       1    129     37     43 
 20260321    09:10:28       2    133     36     46 
 20260321    09:10:28       3    146     34     42 
 20260321    09:10:58       0    137     34     42 
 20260321    09:10:58       1    129     37     43 
 20260321    09:10:58       2    133     36     46 
 20260321    09:10:58       3    146     34     42 
 20260321    09:11:28       0    137     34     42 
 20260321    09:11:28       1    129     37     44 
 20260321    09:11:28       2    133     36     46 
 20260321    09:11:28       3    146     34     41 
#Date        Time         gpu    pwr  gtemp  mtemp 
#YYYYMMDD    HH:MM:SS     Idx      W      C      C 
 20260321    09:11:58       0    137     34     42 
 20260321    09:11:58       1    129     37     43 
 20260321    09:11:58       2    133     36     46 
 20260321    09:11:58       3    146     34     42 
 20260321    09:12:28       0    137     34     42 
 20260321    09:12:28       1    129     37     43 
 20260321    09:12:28       2    133     36     46 
 20260321    09:12:28       3    146     34     41 
 20260321    09:12:58       0    137     34     42 
 20260321    09:12:58       1    129     37     44 
 20260321    09:12:58       2    133     36     46 
 20260321    09:12:58       3    146     34     41 
 20260321    09:13:28       0    137     34     42 
 20260321    09:13:28       1    129     37     43 
 20260321    09:13:28       2    133     36     46 
 20260321    09:13:28       3    146     34     41 
 20260321    09:13:58       0    137     34     42 
 20260321    09:13:58       1    129     37     44 
 20260321    09:13:58       2    133     36     46 
 20260321    09:13:58       3    146     34     41 
 20260321    09:14:28       0    137     34     42 
 20260321    09:14:28       1    129     37     43 
 20260321    09:14:28       2    133     36     46 
 20260321    09:14:28       3    146     34     42 
 20260321    09:14:58       0    137     34     42 
 20260321    09:14:58       1    129     37     43 
 20260321    09:14:58       2    133     36     46 
 20260321    09:14:58       3    146     34     42 
 20260321    09:15:28       0    137     34     42 
 20260321    09:15:28       1    129     37     43 
 20260321    09:15:28       2    133     36     46 
 20260321    09:15:28       3    146     34     42 
 20260321    09:15:58       0    137     34     42 
 20260321    09:15:58       1    129     37     43 
 20260321    09:15:58       2    133     36     46 
 20260321    09:15:58       3    146     34     41 
 20260321    09:16:28       0    137     34     42 
 20260321    09:16:28       1    129     37     43 
 20260321    09:16:28       2    133     36     46 
 20260321    09:16:28       3    146     34     41 
 20260321    09:16:58       0    137     34     42 
 20260321    09:16:58       1    129     37     43 
 20260321    09:16:58       2    133     36     46 
 20260321    09:16:58       3    146     34     42 
#Date        Time         gpu    pwr  gtemp  mtemp 
#YYYYMMDD    HH:MM:SS     Idx      W      C      C 
 20260321    09:17:28       0    137     34     42 
 20260321    09:17:28       1    129     37     43 
 20260321    09:17:28       2    133     36     46 
 20260321    09:17:28       3    146     34     42 
 20260321    09:17:58       0    137     34     42 
 20260321    09:17:58       1    129     37     44 
 20260321    09:17:58       2    133     36     46 
 20260321    09:17:58       3    146     34     42 
 20260321    09:18:28       0    137     34     42 
 20260321    09:18:28       1    129     37     43 
 20260321    09:18:28       2    133     36     47 
 20260321    09:18:28       3    146     34     41 
 20260321    09:18:58       0    137     34     42 
 20260321    09:18:58       1    129     37     43 
 20260321    09:18:58       2    133     36     46 
 20260321    09:18:58       3    146     34     42 
 20260321    09:19:28       0    137     34     42 
 20260321    09:19:28       1    129     37     44 
 20260321    09:19:28       2    133     36     46 
 20260321    09:19:28       3    146     34     42 
 20260321    09:19:58       0    137     34     42 
 20260321    09:19:58       1    129     37     44 
 20260321    09:19:58       2    133     36     46 
 20260321    09:19:58       3    146     34     43 
 20260321    09:20:29       0    137     34     42 
 20260321    09:20:29       1    129     37     44 
 20260321    09:20:29       2    133     36     46 
 20260321    09:20:29       3    146     34     41 
 20260321    09:20:59       0    137     34     42 
 20260321    09:20:59       1    128     37     43 
 20260321    09:20:59       2    133     36     46 
 20260321    09:20:59       3    146     34     42 
 20260321    09:21:29       0    137     34     42 
 20260321    09:21:29       1    129     37     43 
 20260321    09:21:29       2    133     36     46 
 20260321    09:21:29       3    146     34     42 
 20260321    09:21:59       0    137     34     42 
 20260321    09:21:59       1    129     37     43 
 20260321    09:21:59       2    133     36     46 
 20260321    09:21:59       3    146     34     42 
 20260321    09:22:29       0    137     34     42 
 20260321    09:22:29       1    129     37     45 
 20260321    09:22:29       2    133     36     47 
 20260321    09:22:29       3    147     34     42 
#Date        Time         gpu    pwr  gtemp  mtemp 
#YYYYMMDD    HH:MM:SS     Idx      W      C      C 
 20260321    09:22:59       0    137     34     42 
 20260321    09:22:59       1    129     37     43 
 20260321    09:22:59       2    133     36     46 
 20260321    09:22:59       3    146     34     42 
 20260321    09:23:29       0    137     34     42 
 20260321    09:23:29       1    129     37     43 
 20260321    09:23:29       2    133     36     46 
 20260321    09:23:29       3    146     34     42 
 20260321    09:23:59       0    137     34     42 
 20260321    09:23:59       1    129     37     43 
 20260321    09:23:59       2    133     36     46 
 20260321    09:23:59       3    146     34     42 
 20260321    09:24:29       0    137     34     42 
 20260321    09:24:29       1    129     37     43 
 20260321    09:24:29       2    133     36     46 
 20260321    09:24:29       3    146     34     42 
 20260321    09:24:59       0    137     34     42 
 20260321    09:24:59       1    129     37     43 
 20260321    09:24:59       2    133     36     46 
 20260321    09:24:59       3    146     34     41 
 20260321    09:25:29       0    137     34     42 
 20260321    09:25:29       1    129     37     43 
 20260321    09:25:29       2    133     36     46 
 20260321    09:25:29       3    146     34     41 
 20260321    09:25:59       0    137     34     42 
 20260321    09:25:59       1    129     37     43 
 20260321    09:25:59       2    133     36     46 
 20260321    09:25:59       3    146     34     42 
 20260321    09:26:29       0    137     34     42 
 20260321    09:26:29       1    128     37     43 
 20260321    09:26:29       2    133     36     46 
 20260321    09:26:29       3    146     34     41 
 20260321    09:26:59       0    137     34     42 
 20260321    09:26:59       1    129     37     43 
 20260321    09:26:59       2    133     36     46 
 20260321    09:26:59       3    146     34     41 
 20260321    09:27:29       0    137     34     42 
 20260321    09:27:29       1    129     37     43 
 20260321    09:27:29       2    133     36     46 
 20260321    09:27:29       3    146     33     41 
 20260321    09:27:59       0    137     34     42 
 20260321    09:27:59       1    129     37     43 
 20260321    09:27:59       2    133     36     46 
 20260321    09:27:59       3    146     34     41 
#Date        Time         gpu    pwr  gtemp  mtemp 
#YYYYMMDD    HH:MM:SS     Idx      W      C      C 
 20260321    09:28:29       0    137     34     42 
 20260321    09:28:29       1    129     37     43 
 20260321    09:28:29       2    133     36     46 
 20260321    09:28:29       3    146     34     41 
 20260321    09:28:59       0    137     34     42 
 20260321    09:28:59       1    129     37     43 
 20260321    09:28:59       2    133     36     46 
 20260321    09:28:59       3    146     34     41 
 20260321    09:29:29       0    137     34     42 
 20260321    09:29:29       1    129     37     43 
 20260321    09:29:29       2    133     36     46 
 20260321    09:29:29       3    146     34     41 
 20260321    09:29:59       0    137     34     42 
 20260321    09:29:59       1    129     37     43 
 20260321    09:29:59       2    133     36     46 
 20260321    09:29:59       3    147     34     41 
 20260321    09:30:29       0    137     34     42 
 20260321    09:30:29       1    129     37     43 
 20260321    09:30:29       2    133     36     46 
 20260321    09:30:29       3    146     34     42 
 20260321    09:30:59       0    137     34     42 
 20260321    09:30:59       1    129     37     43 
 20260321    09:30:59       2    133     36     46 
 20260321    09:30:59       3    146     34     42 
 20260321    09:31:29       0    137     34     42 
 20260321    09:31:29       1    129     37     43 
 20260321    09:31:29       2    133     36     46 
 20260321    09:31:29       3    146     34     41 
 20260321    09:31:59       0    137     34     42 
 20260321    09:31:59       1    129     37     43 
 20260321    09:31:59       2    133     36     46 
 20260321    09:31:59       3    146     34     42 
 20260321    09:32:29       0    137     34     42 
 20260321    09:32:29       1    129     37     43 
 20260321    09:32:29       2    133     36     47 
 20260321    09:32:29       3    146     34     42 
 20260321    09:32:59       0    137     34     42 
 20260321    09:32:59       1    129     37     44 
 20260321    09:32:59       2    133     36     46 
 20260321    09:32:59       3    146     34     42 
 20260321    09:33:29       0    137     34     42 
 20260321    09:33:29       1    129     37     44 
 20260321    09:33:29       2    133     36     46 
 20260321    09:33:29       3    146     34     42 
#Date        Time         gpu    pwr  gtemp  mtemp 
#YYYYMMDD    HH:MM:SS     Idx      W      C      C 
 20260321    09:33:59       0    137     34     42 
 20260321    09:33:59       1    129     37     44 
 20260321    09:33:59       2    133     36     46 
 20260321    09:33:59       3    147     34     42 
 20260321    09:34:29       0    137     34     42 
 20260321    09:34:29       1    129     37     45 
 20260321    09:34:29       2    133     36     47 
 20260321    09:34:29       3    147     34     42 
 20260321    09:34:59       0    137     34     42 
 20260321    09:34:59       1    129     37     44 
 20260321    09:34:59       2    133     36     47 
 20260321    09:34:59       3    147     34     42 
 20260321    09:35:29       0    137     34     42 
 20260321    09:35:29       1    129     37     43 
 20260321    09:35:29       2    133     36     46 
 20260321    09:35:29       3    147     34     42 
 20260321    09:35:59       0    142     35     42 
 20260321    09:35:59       1    131     37     43 
 20260321    09:35:59       2    137     37     46 
 20260321    09:35:59       3    150     34     42 
 20260321    09:36:29       0    137     34     42 
 20260321    09:36:29       1    129     37     43 
 20260321    09:36:29       2    134     36     46 
 20260321    09:36:29       3    147     34     42 
 20260321    09:36:59       0    137     34     42 
 20260321    09:36:59       1    130     37     43 
 20260321    09:36:59       2    134     36     46 
 20260321    09:36:59       3    147     34     42 
 20260321    09:37:29       0    137     34     42 
 20260321    09:37:29       1    129     37     43 
 20260321    09:37:29       2    134     36     46 
 20260321    09:37:29       3    147     34     41 
 20260321    09:37:59       0    137     34     42 
 20260321    09:37:59       1    130     37     43 
 20260321    09:37:59       2    134     36     47 
 20260321    09:37:59       3    147     34     42 
 20260321    09:38:29       0    137     34     42 
 20260321    09:38:29       1    129     37     43 
 20260321    09:38:29       2    134     36     46 
 20260321    09:38:29       3    148     34     42 
 20260321    09:38:59       0    137     34     42 
 20260321    09:38:59       1    130     37     43 
 20260321    09:38:59       2    134     36     46 
 20260321    09:38:59       3    147     34     42 
#Date        Time         gpu    pwr  gtemp  mtemp 
#YYYYMMDD    HH:MM:SS     Idx      W      C      C 
 20260321    09:39:29       0    137     34     42 
 20260321    09:39:29       1    129     37     45 
 20260321    09:39:29       2    134     36     46 
 20260321    09:39:29       3    147     34     42 
 20260321    09:39:59       0    137     34     42 
 20260321    09:39:59       1    129     37     43 
 20260321    09:39:59       2    134     36     46 
 20260321    09:39:59       3    147     34     42 
 20260321    09:40:29       0    137     34     42 
 20260321    09:40:29       1    129     37     44 
 20260321    09:40:29       2    134     36     46 
 20260321    09:40:29       3    147     34     41 
 20260321    09:40:59       0    137     34     42 
 20260321    09:40:59       1    129     37     43 
 20260321    09:40:59       2    134     36     46 
 20260321    09:40:59       3    147     34     41 
 20260321    09:41:29       0    136     34     42 
 20260321    09:41:29       1    129     37     43 
 20260321    09:41:29       2    133     36     46 
 20260321    09:41:29       3    146     34     41 
 20260321    09:41:59       0    136     34     42 
 20260321    09:41:59       1    129     37     43 
 20260321    09:41:59       2    133     36     46 
 20260321    09:41:59       3    146     34     41 
 20260321    09:42:29       0    136     34     42 
 20260321    09:42:29       1    129     37     43 
 20260321    09:42:29       2    133     36     46 
 20260321    09:42:29       3    146     34     41 
 20260321    09:42:59       0    147     35     43 
 20260321    09:42:59       1    140     38     45 
 20260321    09:42:59       2    144     37     47 
 20260321    09:42:59       3    158     35     43 
 20260321    09:43:29       0    147     35     43 
 20260321    09:43:29       1    139     38     45 
 20260321    09:43:29       2    144     37     46 
 20260321    09:43:29       3    159     35     43 
 20260321    09:43:59       0    136     34     42 
 20260321    09:43:59       1    129     37     45 
 20260321    09:43:59       2    133     36     46 
 20260321    09:43:59       3    147     34     42 
 20260321    09:44:29       0    136     34     42 
 20260321    09:44:29       1    130     37     43 
 20260321    09:44:29       2    133     36     46 
 20260321    09:44:29       3    147     34     42 
#Date        Time         gpu    pwr  gtemp  mtemp 
#YYYYMMDD    HH:MM:SS     Idx      W      C      C 
 20260321    09:44:59       0    136     34     42 
 20260321    09:44:59       1    129     37     44 
 20260321    09:44:59       2    134     36     46 
 20260321    09:44:59       3    146     34     42 
 20260321    09:45:29       0    136     34     42 
 20260321    09:45:29       1    129     37     43 
 20260321    09:45:29       2    133     36     46 
 20260321    09:45:29       3    147     34     42 
 20260321    09:45:59       0    136     34     42 
 20260321    09:45:59       1    129     37     44 
 20260321    09:45:59       2    133     36     47 
 20260321    09:45:59       3    147     34     42 
 20260321    09:46:29       0    136     34     42 
 20260321    09:46:29       1    129     37     45 
 20260321    09:46:29       2    133     36     47 
 20260321    09:46:29       3    146     34     42 
 20260321    09:46:59       0    136     34     42 
 20260321    09:46:59       1    129     37     43 
 20260321    09:46:59       2    133     36     46 
 20260321    09:46:59       3    147     34     42 
 20260321    09:47:29       0    136     34     42 
 20260321    09:47:29       1    129     37     43 
 20260321    09:47:29       2    133     36     46 
 20260321    09:47:29       3    147     34     42 
 20260321    09:47:59       0    136     34     42 
 20260321    09:47:59       1    129     37     44 
 20260321    09:47:59       2    133     36     47 
 20260321    09:47:59       3    147     34     42 
 20260321    09:48:29       0    136     34     42 
 20260321    09:48:29       1    130     37     43 
 20260321    09:48:29       2    133     36     46 
 20260321    09:48:29       3    147     34     42 
 20260321    09:48:59       0    136     34     42 
 20260321    09:48:59       1    129     37     45 
 20260321    09:48:59       2    133     36     46 
 20260321    09:48:59       3    146     34     41 
 20260321    09:49:29       0    136     34     42 
 20260321    09:49:29       1    129     37     44 
 20260321    09:49:29       2    133     36     46 
 20260321    09:49:29       3    147     34     42 
 20260321    09:49:59       0    150     34     42 
 20260321    09:49:59       1    142     37     45 
 20260321    09:49:59       2    145     36     46 
 20260321    09:49:59       3    159     34     43 
#Date        Time         gpu    pwr  gtemp  mtemp 
#YYYYMMDD    HH:MM:SS     Idx      W      C      C 
 20260321    09:50:29       0    137     34     42 
 20260321    09:50:29       1    130     37     43 
 20260321    09:50:29       2    134     36     46 
 20260321    09:50:29       3    147     34     42 
 20260321    09:50:59       0    137     34     42 
 20260321    09:50:59       1    129     37     45 
 20260321    09:50:59       2    134     36     46 
 20260321    09:50:59       3    147     34     42 
 20260321    09:51:29       0    137     34     42 
 20260321    09:51:29       1    129     37     43 
 20260321    09:51:29       2    134     36     46 
 20260321    09:51:29       3    147     34     41 
 20260321    09:51:59       0    137     34     42 
 20260321    09:51:59       1    129     37     43 
 20260321    09:51:59       2    134     36     46 
 20260321    09:51:59       3    147     34     42 
 20260321    09:52:29       0    137     34     42 
 20260321    09:52:29       1    129     37     44 
 20260321    09:52:29       2    134     36     46 
 20260321    09:52:29       3    148     34     42 
 20260321    09:52:59       0    137     34     42 
 20260321    09:52:59       1    129     37     43 
 20260321    09:52:59       2    134     36     47 
 20260321    09:52:59       3    148     34     41 
 20260321    09:53:29       0    137     34     42 
 20260321    09:53:29       1    130     37     44 
 20260321    09:53:29       2    134     36     46 
 20260321    09:53:29       3    148     34     42 
 20260321    09:53:59       0    137     34     42 
 20260321    09:53:59       1    130     37     43 
 20260321    09:53:59       2    134     36     46 
 20260321    09:53:59       3    148     34     42 
 20260321    09:54:29       0    137     34     42 
 20260321    09:54:29       1    130     37     45 
 20260321    09:54:29       2    134     36     46 
 20260321    09:54:29       3    148     34     42 
 20260321    09:54:59       0    137     34     42 
 20260321    09:54:59       1    129     37     45 
 20260321    09:54:59       2    134     36     46 
 20260321    09:54:59       3    148     34     42 
 20260321    09:55:29       0    136     34     42 
 20260321    09:55:29       1    129     37     44 
 20260321    09:55:29       2    133     36     46 
 20260321    09:55:29       3    147     34     41 
#Date        Time         gpu    pwr  gtemp  mtemp 
#YYYYMMDD    HH:MM:SS     Idx      W      C      C 
 20260321    09:55:59       0    136     34     42 
 20260321    09:55:59       1    130     37     45 
 20260321    09:55:59       2    133     36     46 
 20260321    09:55:59       3    147     34     42 
 20260321    09:56:29       0    136     34     42 
 20260321    09:56:29       1    130     37     43 
 20260321    09:56:29       2    133     36     46 
 20260321    09:56:29       3    147     34     42 
 20260321    09:56:59       0    136     34     42 
 20260321    09:56:59       1    130     37     44 
 20260321    09:56:59       2    133     36     46 
 20260321    09:56:59       3    146     34     42 
 20260321    09:57:29       0    136     34     42 
 20260321    09:57:29       1    129     37     43 
 20260321    09:57:29       2    133     36     47 
 20260321    09:57:29       3    147     34     42 
 20260321    09:57:59       0    136     34     42 
 20260321    09:57:59       1    130     37     43 
 20260321    09:57:59       2    133     36     47 
 20260321    09:57:59       3    146     34     42 
 20260321    09:58:29       0    136     34     42 
 20260321    09:58:29       1    130     37     43 
 20260321    09:58:29       2    134     36     47 
 20260321    09:58:29       3    147     34     42 
 20260321    09:58:59       0    136     34     42 
 20260321    09:58:59       1    130     37     44 
 20260321    09:58:59       2    134     36     46 
 20260321    09:58:59       3    146     34     42 
 20260321    09:59:29       0    136     34     42 
 20260321    09:59:29       1    129     37     43 
 20260321    09:59:29       2    133     36     46 
 20260321    09:59:29       3    146     34     41 
 20260321    09:59:59       0    136     34     42 
 20260321    09:59:59       1    129     37     43 
 20260321    09:59:59       2    133     36     46 
 20260321    09:59:59       3    146     34     41 
 20260321    10:00:29       0    136     34     42 
 20260321    10:00:29       1    130     37     43 
 20260321    10:00:29       2    133     36     46 
 20260321    10:00:29       3    146     34     41 
 20260321    10:00:59       0    137     34     42 
 20260321    10:00:59       1    130     37     44 
 20260321    10:00:59       2    133     36     46 
 20260321    10:00:59       3    146     34     42 
#Date        Time         gpu    pwr  gtemp  mtemp 
#YYYYMMDD    HH:MM:SS     Idx      W      C      C 
 20260321    10:01:29       0    136     34     42 
 20260321    10:01:29       1    129     37     45 
 20260321    10:01:29       2    133     36     46 
 20260321    10:01:29       3    146     34     42 
 20260321    10:01:59       0    137     34     42 
 20260321    10:01:59       1    129     37     45 
 20260321    10:01:59       2    134     36     47 
 20260321    10:01:59       3    147     34     42 
 20260321    10:02:29       0    137     34     42 
 20260321    10:02:29       1    129     37     43 
 20260321    10:02:29       2    134     36     47 
 20260321    10:02:29       3    148     34     42 
 20260321    10:02:59       0    137     34     42 
 20260321    10:02:59       1    130     37     43 
 20260321    10:02:59       2    134     36     46 
 20260321    10:02:59       3    148     34     42 
 20260321    10:03:29       0    137     34     42 
 20260321    10:03:29       1    129     37     43 
 20260321    10:03:29       2    134     36     46 
 20260321    10:03:29       3    148     34     42 
 20260321    10:03:59       0    137     34     42 
 20260321    10:03:59       1    129     37     45 
 20260321    10:03:59       2    134     36     46 
 20260321    10:03:59       3    148     34     42 
 20260321    10:04:29       0    137     34     42 
 20260321    10:04:29       1    129     37     43 
 20260321    10:04:29       2    133     36     46 
 20260321    10:04:29       3    148     34     42 
 20260321    10:04:59       0    137     34     42 
 20260321    10:04:59       1    129     37     43 
 20260321    10:04:59       2    133     36     46 
 20260321    10:04:59       3    148     34     42 
 20260321    10:05:29       0    137     34     42 
 20260321    10:05:29       1    129     37     43 
 20260321    10:05:29       2    134     36     46 
 20260321    10:05:29       3    148     34     42 
 20260321    10:05:59       0    137     34     42 
 20260321    10:05:59       1    129     37     45 
 20260321    10:05:59       2    134     36     46 
 20260321    10:05:59       3    147     34     42 
 20260321    10:06:29       0    137     34     42 
 20260321    10:06:29       1    129     37     43 
 20260321    10:06:29       2    134     36     46 
 20260321    10:06:29       3    147     34     42 
#Date        Time         gpu    pwr  gtemp  mtemp 
#YYYYMMDD    HH:MM:SS     Idx      W      C      C 
 20260321    10:06:59       0    136     34     42 
 20260321    10:06:59       1    129     37     45 
 20260321    10:06:59       2    133     36     46 
 20260321    10:06:59       3    147     34     42 
 20260321    10:07:29       0    136     34     42 
 20260321    10:07:29       1    130     37     45 
 20260321    10:07:29       2    133     36     46 
 20260321    10:07:29       3    148     34     43 
 20260321    10:07:59       0    136     34     42 
 20260321    10:07:59       1    130     37     43 
 20260321    10:07:59       2    133     36     46 
 20260321    10:07:59       3    148     34     41 
 20260321    10:08:29       0    136     34     42 
 20260321    10:08:29       1    130     37     44 
 20260321    10:08:29       2    133     36     46 
 20260321    10:08:29       3    148     34     42 
 20260321    10:08:59       0    136     34     42 
 20260321    10:08:59       1    130     37     43 
 20260321    10:08:59       2    133     36     47 
 20260321    10:08:59       3    148     34     43 
 20260321    10:09:29       0    136     34     42 
 20260321    10:09:29       1    130     37     43 
 20260321    10:09:29       2    133     36     46 
 20260321    10:09:29       3    148     34     41 
 20260321    10:09:59       0    136     34     42 
 20260321    10:09:59       1    129     37     43 
 20260321    10:09:59       2    133     36     46 
 20260321    10:09:59       3    148     34     42 
 20260321    10:10:29       0    136     34     42 
 20260321    10:10:29       1    129     37     43 
 20260321    10:10:29       2    133     36     46 
 20260321    10:10:29       3    148     34     42 
 20260321    10:10:59       0    136     34     42 
 20260321    10:10:59       1    129     37     45 
 20260321    10:10:59       2    133     36     46 
 20260321    10:10:59       3    148     34     43 
 20260321    10:11:29       0    136     34     42 
 20260321    10:11:29       1    129     37     44 
 20260321    10:11:29       2    133     36     46 
 20260321    10:11:29       3    148     34     42 
 20260321    10:11:59       0    136     34     42 
 20260321    10:11:59       1    129     37     43 
 20260321    10:11:59       2    133     36     47 
 20260321    10:11:59       3    148     34     42 
#Date        Time         gpu    pwr  gtemp  mtemp 
#YYYYMMDD    HH:MM:SS     Idx      W      C      C 
 20260321    10:12:29       0    136     34     42 
 20260321    10:12:29       1    129     37     43 
 20260321    10:12:29       2    133     36     46 
 20260321    10:12:29       3    148     34     42 
 20260321    10:12:59       0    136     34     42 
 20260321    10:12:59       1    129     37     45 
 20260321    10:12:59       2    133     36     47 
 20260321    10:12:59       3    146     34     42 
 20260321    10:13:29       0    137     34     42 
 20260321    10:13:29       1    130     37     45 
 20260321    10:13:29       2    134     36     47 
 20260321    10:13:29       3    147     34     42 
 20260321    10:13:59       0    136     34     42 
 20260321    10:13:59       1    130     37     43 
 20260321    10:13:59       2    134     36     46 
 20260321    10:13:59       3    147     34     42 
 20260321    10:14:29       0    136     34     42 
 20260321    10:14:29       1    130     37     45 
 20260321    10:14:29       2    134     36     47 
 20260321    10:14:29       3    147     34     42 
 20260321    10:14:59       0    136     34     42 
 20260321    10:14:59       1    130     37     43 
 20260321    10:14:59       2    134     36     46 
 20260321    10:14:59       3    148     34     41 
 20260321    10:15:29       0    136     34     42 
 20260321    10:15:29       1    129     37     43 
 20260321    10:15:29       2    134     36     46 
 20260321    10:15:29       3    148     34     42 
 20260321    10:15:59       0    136     34     42 
 20260321    10:15:59       1    129     37     43 
 20260321    10:15:59       2    134     36     47 
 20260321    10:15:59       3    148     34     41 
 20260321    10:16:29       0    136     34     42 
 20260321    10:16:29       1    129     37     43 
 20260321    10:16:29       2    133     36     46 
 20260321    10:16:29       3    148     34     41 
 20260321    10:16:59       0    136     34     42 
 20260321    10:16:59       1    129     37     43 
 20260321    10:16:59       2    134     36     46 
 20260321    10:16:59       3    148     34     41 
 20260321    10:17:29       0    136     34     41 
 20260321    10:17:29       1    129     37     43 
 20260321    10:17:29       2    134     36     46 
 20260321    10:17:29       3    148     34     42 
#Date        Time         gpu    pwr  gtemp  mtemp 
#YYYYMMDD    HH:MM:SS     Idx      W      C      C 
 20260321    10:17:59       0    136     34     42 
 20260321    10:17:59       1    129     37     43 
 20260321    10:17:59       2    134     36     46 
 20260321    10:17:59       3    148     34     42 
 20260321    10:18:29       0    136     34     42 
 20260321    10:18:29       1    129     37     43 
 20260321    10:18:29       2    133     36     47 
 20260321    10:18:29       3    147     34     42 
 20260321    10:18:59       0    146     34     42 
 20260321    10:18:59       1    138     37     45 
 20260321    10:18:59       2    143     36     46 
 20260321    10:18:59       3    156     34     43 
 20260321    10:19:29       0    137     34     42 
 20260321    10:19:29       1    129     37     43 
 20260321    10:19:29       2    133     36     46 
 20260321    10:19:29       3    148     34     42 
 20260321    10:19:59       0    137     34     42 
 20260321    10:19:59       1    129     37     43 
 20260321    10:19:59       2    133     36     46 
 20260321    10:19:59       3    148     34     42 
 20260321    10:20:29       0    137     34     42 
 20260321    10:20:29       1    129     37     43 
 20260321    10:20:29       2    133     36     46 
 20260321    10:20:29       3    148     34     42 
 20260321    10:20:59       0    137     34     42 
 20260321    10:20:59       1    129     37     43 
 20260321    10:20:59       2    133     36     46 
 20260321    10:20:59       3    147     34     41 
 20260321    10:21:29       0    137     34     42 
 20260321    10:21:29       1    130     37     43 
 20260321    10:21:29       2    133     36     46 
 20260321    10:21:29       3    148     34     42 
 20260321    10:21:59       0    137     34     42 
 20260321    10:21:59       1    129     37     43 
 20260321    10:21:59       2    133     36     46 
 20260321    10:21:59       3    148     34     41 
 20260321    10:22:29       0    137     34     42 
 20260321    10:22:29       1    129     37     43 
 20260321    10:22:29       2    133     36     46 
 20260321    10:22:29       3    148     34     42 
 20260321    10:22:59       0    137     34     42 
 20260321    10:22:59       1    129     37     43 
 20260321    10:22:59       2    133     36     46 
 20260321    10:22:59       3    147     34     41 
#Date        Time         gpu    pwr  gtemp  mtemp 
#YYYYMMDD    HH:MM:SS     Idx      W      C      C 
 20260321    10:23:29       0    137     34     42 
 20260321    10:23:29       1    129     37     43 
 20260321    10:23:29       2    133     36     46 
 20260321    10:23:29       3    147     34     41 
 20260321    10:23:59       0    137     34     42 
 20260321    10:23:59       1    130     37     43 
 20260321    10:23:59       2    133     36     46 
 20260321    10:23:59       3    147     34     41 
 20260321    10:24:29       0    137     34     42 
 20260321    10:24:29       1    129     37     45 
 20260321    10:24:29       2    133     36     46 
 20260321    10:24:29       3    146     34     43 
 20260321    10:24:59       0    137     34     42 
 20260321    10:24:59       1    129     37     44 
 20260321    10:24:59       2    134     36     46 
 20260321    10:24:59       3    147     34     41 
 20260321    10:25:29       0    137     34     42 
 20260321    10:25:29       1    129     37     44 
 20260321    10:25:29       2    134     36     46 
 20260321    10:25:29       3    147     34     42 
 20260321    10:25:59       0    137     34     42 
 20260321    10:25:59       1    129     37     45 
 20260321    10:25:59       2    134     36     46 
 20260321    10:25:59       3    148     34     41 
 20260321    10:26:29       0    137     34     42 
 20260321    10:26:29       1    130     37     43 
 20260321    10:26:29       2    134     36     46 
 20260321    10:26:29       3    148     34     41 
 20260321    10:26:59       0    137     34     42 
 20260321    10:26:59       1    130     37     43 
 20260321    10:26:59       2    134     36     46 
 20260321    10:26:59       3    148     34     42 
 20260321    10:27:29       0    137     34     42 
 20260321    10:27:29       1    130     37     43 
 20260321    10:27:29       2    134     36     47 
 20260321    10:27:29       3    148     34     42 
 20260321    10:27:59       0    137     34     42 
 20260321    10:27:59       1    129     37     45 
 20260321    10:27:59       2    134     36     46 
 20260321    10:27:59       3    147     34     42 
 20260321    10:28:29       0    137     34     42 
 20260321    10:28:29       1    129     37     43 
 20260321    10:28:29       2    134     36     46 
 20260321    10:28:29       3    147     34     42 
#Date        Time         gpu    pwr  gtemp  mtemp 
#YYYYMMDD    HH:MM:SS     Idx      W      C      C 
 20260321    10:28:59       0    137     34     42 
 20260321    10:28:59       1    129     37     43 
 20260321    10:28:59       2    134     36     46 
 20260321    10:28:59       3    147     34     42 
 20260321    10:29:29       0    137     34     42 
 20260321    10:29:29       1    129     37     44 
 20260321    10:29:29       2    134     36     46 
 20260321    10:29:29       3    147     34     42 
 20260321    10:29:59       0    139     34     42 
 20260321    10:29:59       1    133     37     45 
 20260321    10:29:59       2    137     36     46 
 20260321    10:29:59       3    150     34     43 
 20260321    10:30:29       0    151     35     43 
 20260321    10:30:29       1    142     38     45 
 20260321    10:30:29       2    146     38     48 
 20260321    10:30:29       3    162     36     43 
 20260321    10:30:59       0    137     34     42 
 20260321    10:30:59       1    129     37     45 
 20260321    10:30:59       2    133     36     47 
 20260321    10:30:59       3    149     34     42 
 20260321    10:31:29       0    137     34     42 
 20260321    10:31:29       1    129     37     44 
 20260321    10:31:29       2    133     36     46 
 20260321    10:31:29       3    149     34     42 
 20260321    10:31:59       0    137     34     42 
 20260321    10:31:59       1    129     37     43 
 20260321    10:31:59       2    133     36     46 
 20260321    10:31:59       3    149     34     41 
 20260321    10:32:29       0    137     34     42 
 20260321    10:32:29       1    129     37     43 
 20260321    10:32:29       2    133     36     46 
 20260321    10:32:29       3    149     34     42 
 20260321    10:32:59       0    137     34     42 
 20260321    10:32:59       1    129     37     43 
 20260321    10:32:59       2    133     36     46 
 20260321    10:32:59       3    148     34     42 
 20260321    10:33:29       0    137     34     42 
 20260321    10:33:29       1    129     37     43 
 20260321    10:33:29       2    133     36     46 
 20260321    10:33:29       3    148     34     42 
 20260321    10:33:59       0    137     34     42 
 20260321    10:33:59       1    129     37     43 
 20260321    10:33:59       2    133     36     46 
 20260321    10:33:59       3    147     34     41 
#Date        Time         gpu    pwr  gtemp  mtemp 
#YYYYMMDD    HH:MM:SS     Idx      W      C      C 
 20260321    10:34:29       0    137     34     42 
 20260321    10:34:29       1    129     37     43 
 20260321    10:34:29       2    133     36     46 
 20260321    10:34:29       3    148     34     41 
 20260321    10:34:59       0    137     34     42 
 20260321    10:34:59       1    129     37     44 
 20260321    10:34:59       2    133     36     46 
 20260321    10:34:59       3    147     34     41 
 20260321    10:35:29       0    137     34     42 
 20260321    10:35:29       1    129     37     43 
 20260321    10:35:29       2    133     36     46 
 20260321    10:35:29       3    147     34     42 
 20260321    10:35:59       0    136     34     42 
 20260321    10:35:59       1    129     37     45 
 20260321    10:35:59       2    133     36     46 
 20260321    10:35:59       3    146     34     43 
 20260321    10:36:29       0    137     34     42 
 20260321    10:36:29       1    129     37     44 
 20260321    10:36:29       2    133     36     47 
 20260321    10:36:29       3    147     34     42 
 20260321    10:36:59       0    137     34     42 
 20260321    10:36:59       1    129     37     43 
 20260321    10:36:59       2    133     36     46 
 20260321    10:36:59       3    147     34     42 
 20260321    10:37:29       0    137     34     42 
 20260321    10:37:29       1    129     37     45 
 20260321    10:37:29       2    133     36     47 
 20260321    10:37:29       3    147     34     42 
 20260321    10:37:59       0    137     34     42 
 20260321    10:37:59       1    129     37     44 
 20260321    10:37:59       2    133     36     46 
 20260321    10:37:59       3    147     34     42 
 20260321    10:38:29       0    137     34     42 
 20260321    10:38:29       1    129     37     43 
 20260321    10:38:29       2    133     36     46 
 20260321    10:38:29       3    147     34     42 
 20260321    10:38:59       0    137     34     42 
 20260321    10:38:59       1    129     37     43 
 20260321    10:38:59       2    133     36     46 
 20260321    10:38:59       3    147     34     41 
 20260321    10:39:29       0    137     34     42 
 20260321    10:39:29       1    129     37     43 
 20260321    10:39:29       2    133     36     46 
 20260321    10:39:29       3    146     34     41 
#Date        Time         gpu    pwr  gtemp  mtemp 
#YYYYMMDD    HH:MM:SS     Idx      W      C      C 
 20260321    10:39:59       0    137     34     42 
 20260321    10:39:59       1    129     37     43 
 20260321    10:39:59       2    133     36     46 
 20260321    10:39:59       3    147     34     41 
 20260321    10:40:29       0    137     34     42 
 20260321    10:40:29       1    129     37     43 
 20260321    10:40:29       2    133     36     46 
 20260321    10:40:29       3    147     34     41 
 20260321    10:40:59       0    137     34     42 
 20260321    10:40:59       1    129     37     43 
 20260321    10:40:59       2    133     36     46 
 20260321    10:40:59       3    147     34     42 
 20260321    10:41:29       0    144     34     42 
 20260321    10:41:29       1    136     37     45 
 20260321    10:41:29       2    141     37     46 
 20260321    10:41:29       3    154     34     43 
 20260321    10:41:59       0    143     34     42 
 20260321    10:41:59       1    135     37     45 
 20260321    10:41:59       2    140     36     46 
 20260321    10:41:59       3    153     34     43 
 20260321    10:42:29       0    136     34     42 
 20260321    10:42:29       1    130     37     45 
 20260321    10:42:29       2    134     36     46 
 20260321    10:42:29       3    147     34     42 
 20260321    10:42:59       0    136     34     42 
 20260321    10:42:59       1    130     37     43 
 20260321    10:42:59       2    133     36     46 
 20260321    10:42:59       3    147     34     42 
 20260321    10:43:29       0    136     34     42 
 20260321    10:43:29       1    130     37     43 
 20260321    10:43:29       2    134     36     46 
 20260321    10:43:29       3    147     34     42 
 20260321    10:43:59       0    136     34     42 
 20260321    10:43:59       1    130     37     44 
 20260321    10:43:59       2    134     36     47 
 20260321    10:43:59       3    147     34     42 
 20260321    10:44:29       0    136     34     42 
 20260321    10:44:29       1    130     37     43 
 20260321    10:44:29       2    134     36     47 
 20260321    10:44:29       3    147     34     41 
 20260321    10:44:59       0    136     34     42 
 20260321    10:44:59       1    130     37     43 
 20260321    10:44:59       2    133     36     46 
 20260321    10:44:59       3    147     34     42 
#Date        Time         gpu    pwr  gtemp  mtemp 
#YYYYMMDD    HH:MM:SS     Idx      W      C      C 
 20260321    10:45:29       0    136     34     42 
 20260321    10:45:29       1    130     37     43 
 20260321    10:45:29       2    133     36     46 
 20260321    10:45:29       3    146     34     41 
 20260321    10:45:59       0    136     34     42 
 20260321    10:45:59       1    130     37     43 
 20260321    10:45:59       2    133     36     46 
 20260321    10:45:59       3    146     34     42 
 20260321    10:46:29       0    136     34     42 
 20260321    10:46:29       1    130     37     43 
 20260321    10:46:29       2    133     36     46 
 20260321    10:46:29       3    147     34     42 
 20260321    10:46:59       0    136     34     42 
 20260321    10:46:59       1    130     37     45 
 20260321    10:46:59       2    133     36     46 
 20260321    10:46:59       3    147     34     42 
 20260321    10:47:29       0    229     37     47 
 20260321    10:47:29       1    238     41     50 
 20260321    10:47:29       2    228     40     54 
 20260321    10:47:29       3    254     38     48 
 20260321    10:47:59       0    137     34     42 
 20260321    10:47:59       1    130     37     45 
 20260321    10:47:59       2    134     36     46 
 20260321    10:47:59       3    147     34     42 
 20260321    10:48:29       0    137     34     42 
 20260321    10:48:29       1    130     37     43 
 20260321    10:48:29       2    133     36     46 
 20260321    10:48:29       3    147     34     41 
 20260321    10:48:59       0    137     34     42 
 20260321    10:48:59       1    130     37     43 
 20260321    10:48:59       2    133     36     46 
 20260321    10:48:59       3    147     34     42 
 20260321    10:49:29       0    137     34     42 
 20260321    10:49:29       1    130     37     43 
 20260321    10:49:29       2    133     36     46 
 20260321    10:49:29       3    147     34     41 
 20260321    10:49:59       0    137     34     42 
 20260321    10:49:59       1    130     37     43 
 20260321    10:49:59       2    133     36     46 
 20260321    10:49:59       3    147     34     41 
 20260321    10:50:29       0    137     34     42 
 20260321    10:50:29       1    130     37     43 
 20260321    10:50:29       2    134     36     46 
 20260321    10:50:29       3    148     34     42 
#Date        Time         gpu    pwr  gtemp  mtemp 
#YYYYMMDD    HH:MM:SS     Idx      W      C      C 
 20260321    10:50:59       0    137     34     42 
 20260321    10:50:59       1    130     37     43 
 20260321    10:50:59       2    134     36     46 
 20260321    10:50:59       3    147     34     42 
 20260321    10:51:29       0    137     34     42 
 20260321    10:51:29       1    129     37     43 
 20260321    10:51:29       2    133     36     46 
 20260321    10:51:29       3    147     34     41 
 20260321    10:51:59       0    137     34     42 
 20260321    10:51:59       1    129     37     44 
 20260321    10:51:59       2    134     36     46 
 20260321    10:51:59       3    147     34     41 
 20260321    10:52:29       0    137     34     42 
 20260321    10:52:29       1    130     37     43 
 20260321    10:52:29       2    133     36     46 
 20260321    10:52:29       3    147     34     42 
 20260321    10:53:00       0    136     34     42 
 20260321    10:53:00       1    129     37     45 
 20260321    10:53:00       2    133     36     46 
 20260321    10:53:00       3    147     34     42 
 20260321    10:53:30       0    143     34     42 
 20260321    10:53:30       1    135     37     45 
 20260321    10:53:30       2    140     36     46 
 20260321    10:53:30       3    153     35     43 
 20260321    10:54:00       0    136     34     42 
 20260321    10:54:00       1    130     37     44 
 20260321    10:54:00       2    133     36     46 
 20260321    10:54:00       3    148     34     42 
 20260321    10:54:30       0    136     34     42 
 20260321    10:54:30       1    130     37     45 
 20260321    10:54:30       2    133     36     46 
 20260321    10:54:30       3    148     34     42 
 20260321    10:55:00       0    136     34     42 
 20260321    10:55:00       1    130     37     45 
 20260321    10:55:00       2    133     36     46 
 20260321    10:55:00       3    148     34     42 
 20260321    10:55:30       0    136     34     42 
 20260321    10:55:30       1    130     37     43 
 20260321    10:55:30       2    133     36     46 
 20260321    10:55:30       3    148     34     42 
 20260321    10:56:00       0    136     34     42 
 20260321    10:56:00       1    129     37     43 
 20260321    10:56:00       2    133     36     46 
 20260321    10:56:00       3    148     34     42 
#Date        Time         gpu    pwr  gtemp  mtemp 
#YYYYMMDD    HH:MM:SS     Idx      W      C      C 
 20260321    10:56:30       0    136     34     42 
 20260321    10:56:30       1    130     37     43 
 20260321    10:56:30       2    133     36     47 
 20260321    10:56:30       3    148     34     42 
 20260321    10:57:00       0    136     34     42 
 20260321    10:57:00       1    130     37     44 
 20260321    10:57:00       2    133     36     46 
 20260321    10:57:00       3    148     34     42 
 20260321    10:57:30       0    136     34     42 
 20260321    10:57:30       1    130     37     43 
 20260321    10:57:30       2    133     36     46 
 20260321    10:57:30       3    148     34     41 
 20260321    10:58:00       0    136     34     42 
 20260321    10:58:00       1    130     37     43 
 20260321    10:58:00       2    133     36     46 
 20260321    10:58:00       3    148     34     42 
 20260321    10:58:30       0    136     34     42 
 20260321    10:58:30       1    130     37     43 
 20260321    10:58:30       2    133     36     46 
 20260321    10:58:30       3    148     34     42 
 20260321    10:59:00       0    146     35     43 
 20260321    10:59:00       1    138     38     45 
 20260321    10:59:00       2    143     37     46 
 20260321    10:59:00       3    158     35     43 
 20260321    10:59:30       0    137     34     42 
 20260321    10:59:30       1    130     37     44 
 20260321    10:59:30       2    134     36     47 
 20260321    10:59:30       3    147     34     42 
 20260321    11:00:00       0    137     34     42 
 20260321    11:00:00       1    129     37     43 
 20260321    11:00:00       2    134     36     46 
 20260321    11:00:00       3    147     34     41 
 20260321    11:00:30       0    137     34     42 
 20260321    11:00:30       1    129     37     43 
 20260321    11:00:30       2    134     36     46 
 20260321    11:00:30       3    147     33     41 
 20260321    11:01:00       0    137     34     41 
 20260321    11:01:00       1    129     37     43 
 20260321    11:01:00       2    134     36     46 
 20260321    11:01:00       3    147     34     41 
 20260321    11:01:30       0    137     34     42 
 20260321    11:01:30       1    129     37     43 
 20260321    11:01:30       2    134     36     46 
 20260321    11:01:30       3    147     34     42 
#Date        Time         gpu    pwr  gtemp  mtemp 
#YYYYMMDD    HH:MM:SS     Idx      W      C      C 
 20260321    11:02:00       0    137     34     42 
 20260321    11:02:00       1    130     37     43 
 20260321    11:02:00       2    134     36     46 
 20260321    11:02:00       3    147     34     42 
 20260321    11:02:30       0    137     34     42 
 20260321    11:02:30       1    130     37     43 
 20260321    11:02:30       2    134     36     46 
 20260321    11:02:30       3    147     34     41 
 20260321    11:03:00       0    137     34     41 
 20260321    11:03:00       1    130     37     43 
 20260321    11:03:00       2    134     36     46 
 20260321    11:03:00       3    147     34     41 
 20260321    11:03:30       0    137     34     42 
 20260321    11:03:30       1    130     37     43 
 20260321    11:03:30       2    134     36     46 
 20260321    11:03:30       3    147     34     42 
 20260321    11:04:00       0    137     34     42 
 20260321    11:04:00       1    130     37     44 
 20260321    11:04:00       2    134     36     46 
 20260321    11:04:00       3    146     34     42 
 20260321    11:04:30       0    181     35     42 
 20260321    11:04:30       1    172     37     45 
 20260321    11:04:30       2    176     36     46 
 20260321    11:04:30       3    186     34     42 
 20260321    11:05:00       0    136     34     42 
 20260321    11:05:00       1    129     37     43 
 20260321    11:05:00       2    133     36     46 
 20260321    11:05:00       3    146     34     42 
 20260321    11:05:30       0    136     34     42 
 20260321    11:05:30       1    130     37     43 
 20260321    11:05:30       2    133     36     46 
 20260321    11:05:30       3    147     34     42 
 20260321    11:06:00       0    136     34     42 
 20260321    11:06:00       1    129     37     43 
 20260321    11:06:00       2    133     36     46 
 20260321    11:06:00       3    147     34     42 
 20260321    11:06:30       0    136     34     42 
 20260321    11:06:30       1    130     37     43 
 20260321    11:06:30       2    133     36     46 
 20260321    11:06:30       3    146     34     42 
 20260321    11:07:00       0    136     34     42 
 20260321    11:07:00       1    130     37     44 
 20260321    11:07:00       2    133     36     46 
 20260321    11:07:00       3    146     34     43 
#Date        Time         gpu    pwr  gtemp  mtemp 
#YYYYMMDD    HH:MM:SS     Idx      W      C      C 
 20260321    11:07:30       0    136     34     42 
 20260321    11:07:30       1    129     37     45 
 20260321    11:07:30       2    133     36     46 
 20260321    11:07:30       3    147     34     42 
 20260321    11:08:00       0    136     34     42 
 20260321    11:08:00       1    130     37     45 
 20260321    11:08:00       2    133     36     46 
 20260321    11:08:00       3    146     34     42 
 20260321    11:08:30       0    136     34     42 
 20260321    11:08:30       1    129     37     45 
 20260321    11:08:30       2    133     36     46 
 20260321    11:08:30       3    147     34     42 
 20260321    11:09:00       0    136     34     42 
 20260321    11:09:00       1    130     37     45 
 20260321    11:09:00       2    133     36     46 
 20260321    11:09:00       3    147     34     43 
 20260321    11:09:30       0    136     34     42 
 20260321    11:09:30       1    130     37     45 
 20260321    11:09:30       2    133     36     46 
 20260321    11:09:30       3    147     34     43 
 20260321    11:10:00       0    136     34     42 
 20260321    11:10:00       1    130     37     45 
 20260321    11:10:00       2    133     36     46 
 20260321    11:10:00       3    147     34     42 
 20260321    11:10:30       0    136     35     42 
 20260321    11:10:30       1    129     38     45 
 20260321    11:10:30       2    133     37     46 
 20260321    11:10:30       3    147     34     43 
 20260321    11:11:00       0    136     34     42 
 20260321    11:11:00       1    130     37     45 
 20260321    11:11:00       2    134     36     47 
 20260321    11:11:00       3    147     34     43 
 20260321    11:11:30       0    136     34     42 
 20260321    11:11:30       1    130     37     45 
 20260321    11:11:30       2    134     36     46 
 20260321    11:11:30       3    147     34     43 
 20260321    11:12:00       0    137     34     42 
 20260321    11:12:00       1    130     37     45 
 20260321    11:12:00       2    134     36     46 
 20260321    11:12:00       3    147     34     42 
 20260321    11:12:30       0    136     34     42 
 20260321    11:12:30       1    130     37     45 
 20260321    11:12:30       2    134     36     46 
 20260321    11:12:30       3    147     34     42 
#Date        Time         gpu    pwr  gtemp  mtemp 
#YYYYMMDD    HH:MM:SS     Idx      W      C      C 
 20260321    11:13:00       0    136     34     42 
 20260321    11:13:00       1    130     37     45 
 20260321    11:13:00       2    134     36     47 
 20260321    11:13:00       3    147     34     42 
 20260321    11:13:30       0    136     34     42 
 20260321    11:13:30       1    130     37     45 
 20260321    11:13:30       2    134     36     46 
 20260321    11:13:30       3    147     34     42 
 20260321    11:14:00       0    136     34     42 
 20260321    11:14:00       1    129     37     45 
 20260321    11:14:00       2    134     36     46 
 20260321    11:14:00       3    147     34     42 
 20260321    11:14:30       0    136     34     42 
 20260321    11:14:30       1    129     37     43 
 20260321    11:14:30       2    134     36     46 
 20260321    11:14:30       3    147     34     42 
 20260321    11:15:00       0    136     34     42 
 20260321    11:15:00       1    129     37     43 
 20260321    11:15:00       2    134     36     46 
 20260321    11:15:00       3    147     34     42 
 20260321    11:15:30       0    136     34     42 
 20260321    11:15:30       1    129     37     44 
 20260321    11:15:30       2    134     36     47 
 20260321    11:15:30       3    147     34     42 
 20260321    11:16:00       0    136     34     42 
 20260321    11:16:00       1    129     37     43 
 20260321    11:16:00       2    133     36     46 
 20260321    11:16:00       3    147     34     42 
 20260321    11:16:30       0    151     35     42 
 20260321    11:16:30       1    142     38     45 
 20260321    11:16:30       2    147     37     46 
 20260321    11:16:30       3    162     35     43 
 20260321    11:17:00       0    137     34     42 
 20260321    11:17:00       1    129     37     45 
 20260321    11:17:00       2    133     36     46 
 20260321    11:17:00       3    146     34     42 
 20260321    11:17:30       0    137     34     42 
 20260321    11:17:30       1    129     37     44 
 20260321    11:17:30       2    133     36     47 
 20260321    11:17:30       3    147     34     42 
 20260321    11:18:00       0    138     34     42 
 20260321    11:18:00       1    129     37     45 
 20260321    11:18:00       2    133     36     47 
 20260321    11:18:00       3    147     34     42 
#Date        Time         gpu    pwr  gtemp  mtemp 
#YYYYMMDD    HH:MM:SS     Idx      W      C      C 
 20260321    11:18:30       0    136     34     42 
 20260321    11:18:30       1    129     37     45 
 20260321    11:18:30       2    133     36     46 
 20260321    11:18:30       3    147     34     42 
 20260321    11:19:00       0    136     34     42 
 20260321    11:19:00       1    129     37     45 
 20260321    11:19:00       2    133     36     46 
 20260321    11:19:00       3    147     34     42 
 20260321    11:19:30       0    136     34     42 
 20260321    11:19:30       1    129     37     45 
 20260321    11:19:30       2    133     36     47 
 20260321    11:19:30       3    147     34     42 
 20260321    11:20:00       0    136     34     42 
 20260321    11:20:00       1    129     37     44 
 20260321    11:20:00       2    133     36     46 
 20260321    11:20:00       3    147     34     42 
 20260321    11:20:30       0    136     34     42 
 20260321    11:20:30       1    129     37     43 
 20260321    11:20:30       2    133     36     46 
 20260321    11:20:30       3    147     34     43 
 20260321    11:21:00       0    136     34     42 
 20260321    11:21:00       1    129     37     44 
 20260321    11:21:00       2    133     36     46 
 20260321    11:21:00       3    147     34     42 
 20260321    11:21:30       0    136     34     42 
 20260321    11:21:30       1    129     37     45 
 20260321    11:21:30       2    133     36     47 
 20260321    11:21:30       3    147     34     43 
 20260321    11:22:00       0    143     35     43 
 20260321    11:22:00       1    136     38     45 
 20260321    11:22:00       2    139     37     46 
 20260321    11:22:00       3    153     35     43 
 20260321    11:22:30       0    138     34     42 
 20260321    11:22:30       1    130     37     45 
 20260321    11:22:30       2    134     36     46 
 20260321    11:22:30       3    148     34     43 
 20260321    11:23:00       0    138     34     42 
 20260321    11:23:00       1    130     37     45 
 20260321    11:23:00       2    134     36     46 
 20260321    11:23:00       3    147     34     42 
 20260321    11:23:30       0    137     34     42 
 20260321    11:23:30       1    130     37     45 
 20260321    11:23:30       2    134     36     46 
 20260321    11:23:30       3    147     34     42 
#Date        Time         gpu    pwr  gtemp  mtemp 
#YYYYMMDD    HH:MM:SS     Idx      W      C      C 
 20260321    11:24:00       0    138     34     42 
 20260321    11:24:00       1    130     37     45 
 20260321    11:24:00       2    134     36     46 
 20260321    11:24:00       3    148     34     42 
 20260321    11:24:30       0    138     34     42 
 20260321    11:24:30       1    130     37     45 
 20260321    11:24:30       2    134     36     46 
 20260321    11:24:30       3    147     34     43 
 20260321    11:25:00       0    137     34     42 
 20260321    11:25:00       1    130     37     45 
 20260321    11:25:00       2    134     36     46 
 20260321    11:25:00       3    148     34     42 
 20260321    11:25:30       0    137     34     42 
 20260321    11:25:30       1    130     37     45 
 20260321    11:25:30       2    134     36     46 
 20260321    11:25:30       3    148     34     42 
 20260321    11:26:00       0    137     34     42 
 20260321    11:26:00       1    130     37     44 
 20260321    11:26:00       2    134     36     46 
 20260321    11:26:00       3    148     34     42 
 20260321    11:26:30       0    137     34     42 
 20260321    11:26:30       1    130     37     43 
 20260321    11:26:30       2    134     36     46 
 20260321    11:26:30       3    148     34     42 
 20260321    11:27:00       0    137     34     42 
 20260321    11:27:00       1    130     37     45 
 20260321    11:27:00       2    134     36     46 
 20260321    11:27:00       3    148     34     43 
 20260321    11:27:30       0    136     34     42 
 20260321    11:27:30       1    130     37     43 
 20260321    11:27:30       2    134     36     46 
 20260321    11:27:30       3    147     34     42 
 20260321    11:28:00       0    136     34     42 
 20260321    11:28:00       1    129     37     44 
 20260321    11:28:00       2    133     36     47 
 20260321    11:28:00       3    146     34     42 
 20260321    11:28:30       0    137     34     42 
 20260321    11:28:30       1    129     37     44 
 20260321    11:28:30       2    134     36     46 
 20260321    11:28:30       3    147     34     42 
 20260321    11:29:00       0    137     34     42 
 20260321    11:29:00       1    129     37     45 
 20260321    11:29:00       2    133     36     47 
 20260321    11:29:00       3    147     34     42 
#Date        Time         gpu    pwr  gtemp  mtemp 
#YYYYMMDD    HH:MM:SS     Idx      W      C      C 
 20260321    11:29:30       0    137     34     42 
 20260321    11:29:30       1    129     37     43 
 20260321    11:29:30       2    133     36     46 
 20260321    11:29:30       3    148     34     42 
 20260321    11:30:00       0    137     34     42 
 20260321    11:30:00       1    129     37     45 
 20260321    11:30:00       2    133     36     47 
 20260321    11:30:00       3    148     34     43 
 20260321    11:30:30       0    137     35     42 
 20260321    11:30:30       1    129     37     45 
 20260321    11:30:30       2    134     36     46 
 20260321    11:30:30       3    147     34     43 
 20260321    11:31:00       0    137     34     42 
 20260321    11:31:00       1    129     37     45 
 20260321    11:31:00       2    134     36     47 
 20260321    11:31:00       3    148     34     42 
 20260321    11:31:30       0    137     34     42 
 20260321    11:31:30       1    129     37     44 
 20260321    11:31:30       2    133     36     46 
 20260321    11:31:30       3    148     34     42 
 20260321    11:32:00       0    137     34     42 
 20260321    11:32:00       1    129     37     45 
 20260321    11:32:00       2    133     36     46 
 20260321    11:32:00       3    147     34     43 
 20260321    11:32:30       0    137     34     42 
 20260321    11:32:30       1    129     37     45 
 20260321    11:32:30       2    133     36     46 
 20260321    11:32:30       3    147     34     42 
 20260321    11:33:00       0    137     34     42 
 20260321    11:33:00       1    129     37     45 
 20260321    11:33:00       2    133     36     47 
 20260321    11:33:00       3    147     34     42 
 20260321    11:33:30       0    196     36     44 
 20260321    11:33:30       1    182     39     47 
 20260321    11:33:30       2    213     38     48 
 20260321    11:33:30       3    232     36     44 
 20260321    11:34:00       0    143     35     43 
 20260321    11:34:00       1    135     38     45 
 20260321    11:34:00       2    140     37     46 
 20260321    11:34:00       3    152     34     43 
 20260321    11:34:30       0    138     34     42 
 20260321    11:34:30       1    132     37     45 
 20260321    11:34:30       2    134     36     46 
 20260321    11:34:30       3    147     34     42 
#Date        Time         gpu    pwr  gtemp  mtemp 
#YYYYMMDD    HH:MM:SS     Idx      W      C      C 
 20260321    11:35:00       0    137     34     42 
 20260321    11:35:00       1    131     37     45 
 20260321    11:35:00       2    134     36     47 
 20260321    11:35:00       3    147     34     42 
 20260321    11:35:30       0    137     34     42 
 20260321    11:35:30       1    131     37     45 
 20260321    11:35:30       2    134     36     46 
 20260321    11:35:30       3    147     34     42 
 20260321    11:36:00       0    137     34     42 
 20260321    11:36:00       1    130     37     45 
 20260321    11:36:00       2    134     36     47 
 20260321    11:36:00       3    147     34     42 
 20260321    11:36:30       0    137     34     42 
 20260321    11:36:30       1    130     37     44 
 20260321    11:36:30       2    134     36     46 
 20260321    11:36:30       3    147     34     41 
 20260321    11:37:00       0    137     34     42 
 20260321    11:37:00       1    130     37     43 
 20260321    11:37:00       2    134     36     47 
 20260321    11:37:00       3    147     34     42 
 20260321    11:37:30       0    137     34     42 
 20260321    11:37:30       1    130     37     43 
 20260321    11:37:30       2    134     36     46 
 20260321    11:37:30       3    147     34     42 
 20260321    11:38:00       0    137     34     42 
 20260321    11:38:00       1    130     37     44 
 20260321    11:38:00       2    134     36     47 
 20260321    11:38:00       3    147     34     42 
 20260321    11:38:30       0    136     34     42 
 20260321    11:38:30       1    130     37     45 
 20260321    11:38:30       2    134     36     47 
 20260321    11:38:30       3    147     34     42 
 20260321    11:39:00       0    136     34     42 
 20260321    11:39:00       1    130     37     43 
 20260321    11:39:00       2    134     36     46 
 20260321    11:39:00       3    147     34     42 
 20260321    11:39:30       0    136     34     42 
 20260321    11:39:30       1    129     37     44 
 20260321    11:39:30       2    133     36     47 
 20260321    11:39:30       3    147     34     42 
 20260321    11:40:00       0    136     34     42 
 20260321    11:40:00       1    131     37     45 
 20260321    11:40:00       2    134     36     47 
 20260321    11:40:00       3    147     34     42 
#Date        Time         gpu    pwr  gtemp  mtemp 
#YYYYMMDD    HH:MM:SS     Idx      W      C      C 
 20260321    11:40:30       0    136     34     42 
 20260321    11:40:30       1    131     37     45 
 20260321    11:40:30       2    134     36     46 
 20260321    11:40:30       3    147     34     43 
 20260321    11:41:00       0    136     34     42 
 20260321    11:41:00       1    130     37     43 
 20260321    11:41:00       2    134     36     46 
 20260321    11:41:00       3    147     34     42 
 20260321    11:41:30       0    136     34     42 
 20260321    11:41:30       1    130     37     45 
 20260321    11:41:30       2    134     36     47 
 20260321    11:41:30       3    147     34     43 
 20260321    11:42:00       0    137     34     42 
 20260321    11:42:00       1    130     37     43 
 20260321    11:42:00       2    134     36     47 
 20260321    11:42:00       3    147     34     42 
 20260321    11:42:30       0    138     34     42 
 20260321    11:42:30       1    132     37     45 
 20260321    11:42:30       2    146     36     46 
 20260321    11:42:30       3    156     34     42 
 20260321    11:43:00       0    138     34     42 
 20260321    11:43:00       1    132     37     45 
 20260321    11:43:00       2    134     36     46 
 20260321    11:43:00       3    147     34     42 
 20260321    11:43:30       0    142     34     42 
 20260321    11:43:30       1    133     37     45 
 20260321    11:43:30       2    145     37     47 
 20260321    11:43:30       3    148     34     43 
 20260321    11:44:00       0    155     35     42 
 20260321    11:44:00       1    148     37     45 
 20260321    11:44:00       2    134     36     46 
 20260321    11:44:00       3    148     34     42 
 20260321    11:44:30       0    138     34     42 
 20260321    11:44:30       1    132     37     45 
 20260321    11:44:30       2    134     36     47 
 20260321    11:44:30       3    147     34     42 
 20260321    11:45:00       0    138     34     42 
 20260321    11:45:00       1    132     37     45 
 20260321    11:45:00       2    134     36     47 
 20260321    11:45:00       3    147     34     42 
 20260321    11:45:30       0    137     34     42 
 20260321    11:45:30       1    131     37     43 
 20260321    11:45:30       2    134     36     46 
 20260321    11:45:30       3    147     34     42 
#Date        Time         gpu    pwr  gtemp  mtemp 
#YYYYMMDD    HH:MM:SS     Idx      W      C      C 
 20260321    11:46:00       0    137     34     42 
 20260321    11:46:00       1    130     37     45 
 20260321    11:46:00       2    134     36     46 
 20260321    11:46:00       3    147     34     42 
 20260321    11:46:30       0    146     35     43 
 20260321    11:46:30       1    140     38     45 
 20260321    11:46:30       2    145     37     46 
 20260321    11:46:30       3    158     35     43 
 20260321    11:47:00       0    146     35     43 
 20260321    11:47:00       1    140     38     45 
 20260321    11:47:00       2    145     37     46 
 20260321    11:47:00       3    158     35     43 
 20260321    11:47:30       0    147     35     43 
 20260321    11:47:30       1    139     38     45 
 20260321    11:47:30       2    145     37     47 
 20260321    11:47:30       3    158     35     43 
 20260321    11:48:00       0    147     35     43 
 20260321    11:48:00       1    140     38     45 
 20260321    11:48:00       2    145     37     48 
 20260321    11:48:00       3    159     35     43 
 20260321    11:48:30       0    149     35     43 
 20260321    11:48:30       1    140     38     45 
 20260321    11:48:30       2    146     37     47 
 20260321    11:48:30       3    160     35     43 
 20260321    11:49:00       0    136     34     42 
 20260321    11:49:00       1    130     37     45 
 20260321    11:49:00       2    134     36     46 
 20260321    11:49:00       3    148     34     42 
