#Date        Time         gpu    pwr  gtemp  mtemp 
#YYYYMMDD    HH:MM:SS     Idx      W      C      C 
 20260324    00:38:33       0     94     34     43 
 20260324    00:38:33       1     95     34     44 
 20260324    00:38:33       2     80     34     43 
 20260324    00:38:33       3     88     33     43 
 20260324    00:39:03       0     94     34     43 
 20260324    00:39:03       1     95     34     44 
 20260324    00:39:03       2     80     34     43 
 20260324    00:39:03       3    135     35     43 
 20260324    00:39:33       0    140     36     43 
 20260324    00:39:33       1    143     37     45 
 20260324    00:39:33       2    128     36     44 
 20260324    00:39:33       3    135     35     43 
 20260324    00:40:03       0    140     36     43 
 20260324    00:40:03       1    143     37     46 
 20260324    00:40:03       2    128     36     45 
 20260324    00:40:03       3    135     36     43 
 20260324    00:40:33       0    140     36     43 
 20260324    00:40:33       1    143     37     46 
 20260324    00:40:33       2    128     36     45 
 20260324    00:40:33       3    135     36     43 
 20260324    00:41:03       0    140     36     43 
 20260324    00:41:03       1    143     37     46 
 20260324    00:41:03       2    128     36     45 
 20260324    00:41:03       3    135     36     43 
 20260324    00:41:33       0    140     36     43 
 20260324    00:41:33       1    143     37     46 
 20260324    00:41:33       2    128     36     45 
 20260324    00:41:33       3    135     36     44 
 20260324    00:42:03       0    140     36     43 
 20260324    00:42:03       1    143     37     46 
 20260324    00:42:03       2    128     36     45 
 20260324    00:42:03       3    135     36     43 
 20260324    00:42:33       0    140     36     43 
 20260324    00:42:33       1    143     37     46 
 20260324    00:42:33       2    128     36     45 
 20260324    00:42:33       3    135     36     44 
 20260324    00:43:03       0    140     36     43 
 20260324    00:43:03       1    143     37     46 
 20260324    00:43:03       2    128     36     45 
 20260324    00:43:03       3    134     36     44 
 20260324    00:43:33       0    140     36     43 
 20260324    00:43:33       1    143     37     46 
 20260324    00:43:33       2    128     36     45 
 20260324    00:43:33       3    135     36     44 
#Date        Time         gpu    pwr  gtemp  mtemp 
#YYYYMMDD    HH:MM:SS     Idx      W      C      C 
 20260324    00:44:03       0    140     36     43 
 20260324    00:44:03       1    143     37     46 
 20260324    00:44:03       2    128     36     45 
 20260324    00:44:03       3    135     36     44 
 20260324    00:44:33       0    140     36     43 
 20260324    00:44:33       1    143     37     46 
 20260324    00:44:33       2    128     36     45 
 20260324    00:44:33       3    135     36     44 
 20260324    00:45:03       0    140     36     43 
 20260324    00:45:03       1    144     37     46 
 20260324    00:45:03       2    128     36     45 
 20260324    00:45:03       3    135     36     43 
 20260324    00:45:33       0    140     36     43 
 20260324    00:45:33       1    143     37     46 
 20260324    00:45:33       2    128     36     45 
 20260324    00:45:33       3    135     36     44 
 20260324    00:46:03       0    140     36     43 
 20260324    00:46:03       1    143     37     46 
 20260324    00:46:03       2    128     36     45 
 20260324    00:46:03       3    135     35     43 
 20260324    00:46:33       0    140     36     43 
 20260324    00:46:33       1    143     37     46 
 20260324    00:46:33       2    128     36     45 
 20260324    00:46:33       3    135     36     43 
 20260324    00:47:03       0    140     36     43 
 20260324    00:47:03       1    144     37     46 
 20260324    00:47:03       2    128     36     45 
 20260324    00:47:03       3    135     36     44 
 20260324    00:47:33       0    140     36     43 
 20260324    00:47:33       1    144     37     46 
 20260324    00:47:33       2    128     36     45 
 20260324    00:47:33       3    135     36     44 
 20260324    00:48:03       0    140     36     43 
 20260324    00:48:03       1    144     37     46 
 20260324    00:48:03       2    128     36     45 
 20260324    00:48:03       3    135     36     45 
 20260324    00:48:33       0    140     36     43 
 20260324    00:48:33       1    143     37     46 
 20260324    00:48:33       2    128     36     45 
 20260324    00:48:33       3    135     36     45 
 20260324    00:49:03       0    140     36     43 
 20260324    00:49:03       1    144     37     46 
 20260324    00:49:03       2    128     36     45 
 20260324    00:49:03       3    135     36     45 
#Date        Time         gpu    pwr  gtemp  mtemp 
#YYYYMMDD    HH:MM:SS     Idx      W      C      C 
 20260324    00:49:33       0    140     36     43 
 20260324    00:49:33       1    144     37     46 
 20260324    00:49:33       2    128     36     45 
 20260324    00:49:33       3    135     36     45 
 20260324    00:50:03       0    140     36     43 
 20260324    00:50:03       1    144     37     46 
 20260324    00:50:03       2    128     36     45 
 20260324    00:50:03       3    135     36     44 
 20260324    00:50:33       0    140     36     43 
 20260324    00:50:33       1    143     37     46 
 20260324    00:50:33       2    128     36     45 
 20260324    00:50:33       3    134     36     43 
 20260324    00:51:03       0    140     36     43 
 20260324    00:51:03       1    143     37     46 
 20260324    00:51:03       2    128     36     45 
 20260324    00:51:03       3    134     36     45 
 20260324    00:51:33       0    140     36     43 
 20260324    00:51:33       1    143     37     46 
 20260324    00:51:33       2    128     36     45 
 20260324    00:51:33       3    135     36     44 
 20260324    00:52:03       0    140     36     43 
 20260324    00:52:03       1    144     37     46 
 20260324    00:52:03       2    128     36     45 
 20260324    00:52:03       3    135     36     45 
 20260324    00:52:33       0    140     36     43 
 20260324    00:52:33       1    144     37     46 
 20260324    00:52:33       2    128     36     45 
 20260324    00:52:33       3    135     36     45 
 20260324    00:53:03       0    140     36     43 
 20260324    00:53:03       1    143     37     46 
 20260324    00:53:03       2    128     36     45 
 20260324    00:53:03       3    135     36     44 
 20260324    00:53:33       0    140     36     43 
 20260324    00:53:33       1    144     37     46 
 20260324    00:53:33       2    128     36     45 
 20260324    00:53:33       3    135     36     45 
 20260324    00:54:03       0    140     36     43 
 20260324    00:54:03       1    144     37     46 
 20260324    00:54:03       2    128     36     45 
 20260324    00:54:03       3    134     36     45 
 20260324    00:54:33       0    140     36     43 
 20260324    00:54:33       1    144     37     46 
 20260324    00:54:33       2    128     36     45 
 20260324    00:54:33       3    134     36     45 
#Date        Time         gpu    pwr  gtemp  mtemp 
#YYYYMMDD    HH:MM:SS     Idx      W      C      C 
 20260324    00:55:03       0    140     36     44 
 20260324    00:55:03       1    144     37     46 
 20260324    00:55:03       2    128     36     45 
 20260324    00:55:03       3    135     36     45 
 20260324    00:55:33       0    140     37     44 
 20260324    00:55:33       1    144     37     46 
 20260324    00:55:33       2    128     36     45 
 20260324    00:55:33       3    135     36     45 
 20260324    00:56:03       0    140     36     43 
 20260324    00:56:03       1    144     37     46 
 20260324    00:56:03       2    128     36     45 
 20260324    00:56:03       3    135     36     45 
 20260324    00:56:33       0    140     36     43 
 20260324    00:56:33       1    143     37     46 
 20260324    00:56:33       2    128     36     45 
 20260324    00:56:33       3    135     36     45 
 20260324    00:57:03       0    140     36     43 
 20260324    00:57:03       1    143     37     46 
 20260324    00:57:03       2    128     36     45 
 20260324    00:57:03       3    135     36     44 
 20260324    00:57:33       0    140     36     44 
 20260324    00:57:33       1    144     37     46 
 20260324    00:57:33       2    128     36     45 
 20260324    00:57:33       3    135     36     45 
 20260324    00:58:03       0    140     36     43 
 20260324    00:58:03       1    144     37     46 
 20260324    00:58:03       2    128     36     45 
 20260324    00:58:03       3    134     36     43 
 20260324    00:58:33       0    140     36     43 
 20260324    00:58:33       1    143     37     46 
 20260324    00:58:33       2    128     36     45 
 20260324    00:58:33       3    134     36     44 
 20260324    00:59:03       0    140     36     43 
 20260324    00:59:03       1    144     37     46 
 20260324    00:59:03       2    128     36     45 
 20260324    00:59:03       3    135     36     45 
 20260324    00:59:33       0    140     36     43 
 20260324    00:59:33       1    144     37     46 
 20260324    00:59:33       2    128     36     45 
 20260324    00:59:33       3    135     36     45 
 20260324    01:00:03       0    140     36     43 
 20260324    01:00:03       1    144     37     46 
 20260324    01:00:03       2    128     36     45 
 20260324    01:00:03       3    135     36     45 
#Date        Time         gpu    pwr  gtemp  mtemp 
#YYYYMMDD    HH:MM:SS     Idx      W      C      C 
 20260324    01:00:33       0    140     36     43 
 20260324    01:00:33       1    143     37     46 
 20260324    01:00:33       2    128     36     45 
 20260324    01:00:33       3    134     36     44 
 20260324    01:01:03       0    140     36     43 
 20260324    01:01:03       1    144     37     46 
 20260324    01:01:03       2    128     36     45 
 20260324    01:01:03       3    134     36     45 
 20260324    01:01:33       0    140     36     43 
 20260324    01:01:33       1    144     37     46 
 20260324    01:01:33       2    128     36     45 
 20260324    01:01:33       3    134     36     45 
 20260324    01:02:03       0    140     36     43 
 20260324    01:02:03       1    144     37     46 
 20260324    01:02:03       2    128     36     45 
 20260324    01:02:03       3    135     36     45 
 20260324    01:02:33       0    140     36     43 
 20260324    01:02:33       1    144     37     46 
 20260324    01:02:33       2    128     36     45 
 20260324    01:02:33       3    134     36     45 
 20260324    01:03:03       0    140     36     44 
 20260324    01:03:03       1    144     37     46 
 20260324    01:03:03       2    128     36     45 
 20260324    01:03:03       3    135     36     43 
 20260324    01:03:33       0    140     36     43 
 20260324    01:03:33       1    144     37     46 
 20260324    01:03:33       2    128     36     45 
 20260324    01:03:33       3    134     36     45 
 20260324    01:04:03       0    140     36     43 
 20260324    01:04:03       1    143     37     46 
 20260324    01:04:03       2    128     36     45 
 20260324    01:04:03       3    135     36     45 
 20260324    01:04:33       0    140     36     43 
 20260324    01:04:33       1    143     37     46 
 20260324    01:04:33       2    128     36     45 
 20260324    01:04:33       3    134     36     44 
 20260324    01:05:03       0    140     36     43 
 20260324    01:05:03       1    143     37     46 
 20260324    01:05:03       2    128     36     45 
 20260324    01:05:03       3    134     36     44 
 20260324    01:05:33       0    140     36     43 
 20260324    01:05:33       1    143     37     46 
 20260324    01:05:33       2    128     36     45 
 20260324    01:05:33       3    135     36     43 
#Date        Time         gpu    pwr  gtemp  mtemp 
#YYYYMMDD    HH:MM:SS     Idx      W      C      C 
 20260324    01:06:03       0    140     36     43 
 20260324    01:06:03       1    143     37     46 
 20260324    01:06:03       2    128     36     45 
 20260324    01:06:03       3    134     36     44 
 20260324    01:06:33       0    140     36     43 
 20260324    01:06:33       1    144     37     46 
 20260324    01:06:33       2    128     36     45 
 20260324    01:06:33       3    134     36     45 
 20260324    01:07:03       0    140     36     43 
 20260324    01:07:03       1    144     37     46 
 20260324    01:07:03       2    128     36     45 
 20260324    01:07:03       3    135     36     45 
 20260324    01:07:33       0    140     36     43 
 20260324    01:07:33       1    144     37     46 
 20260324    01:07:33       2    128     36     45 
 20260324    01:07:33       3    135     36     45 
 20260324    01:08:03       0    140     36     44 
 20260324    01:08:03       1    143     37     46 
 20260324    01:08:03       2    128     36     45 
 20260324    01:08:03       3    134     36     45 
 20260324    01:08:33       0    140     36     44 
 20260324    01:08:33       1    143     37     46 
 20260324    01:08:33       2    128     36     45 
 20260324    01:08:33       3    134     36     44 
 20260324    01:09:03       0    140     36     43 
 20260324    01:09:03       1    144     37     46 
 20260324    01:09:03       2    128     36     45 
 20260324    01:09:03       3    134     36     45 
 20260324    01:09:33       0    140     36     43 
 20260324    01:09:33       1    144     37     46 
 20260324    01:09:33       2    128     36     45 
 20260324    01:09:33       3    135     36     45 
 20260324    01:10:03       0    140     36     43 
 20260324    01:10:03       1    144     37     46 
 20260324    01:10:03       2    128     36     45 
 20260324    01:10:03       3    135     36     45 
 20260324    01:10:33       0    140     36     43 
 20260324    01:10:33       1    144     37     46 
 20260324    01:10:33       2    128     36     45 
 20260324    01:10:33       3    135     36     44 
 20260324    01:11:03       0    140     36     43 
 20260324    01:11:03       1    144     37     46 
 20260324    01:11:03       2    128     36     45 
 20260324    01:11:03       3    134     36     43 
#Date        Time         gpu    pwr  gtemp  mtemp 
#YYYYMMDD    HH:MM:SS     Idx      W      C      C 
 20260324    01:11:33       0    140     36     43 
 20260324    01:11:33       1    144     37     46 
 20260324    01:11:33       2    128     36     45 
 20260324    01:11:33       3    134     36     44 
 20260324    01:12:03       0    140     36     43 
 20260324    01:12:03       1    143     37     46 
 20260324    01:12:03       2    128     36     45 
 20260324    01:12:03       3    134     36     44 
 20260324    01:12:33       0    140     36     43 
 20260324    01:12:33       1    143     37     46 
 20260324    01:12:33       2    128     36     45 
 20260324    01:12:33       3    135     36     43 
 20260324    01:13:03       0    140     36     43 
 20260324    01:13:03       1    143     37     46 
 20260324    01:13:03       2    128     36     45 
 20260324    01:13:03       3    134     36     45 
 20260324    01:13:33       0    140     36     43 
 20260324    01:13:33       1    143     37     46 
 20260324    01:13:33       2    128     36     45 
 20260324    01:13:33       3    134     36     43 
 20260324    01:14:03       0    140     36     43 
 20260324    01:14:03       1    143     37     46 
 20260324    01:14:03       2    128     36     45 
 20260324    01:14:03       3    134     36     43 
 20260324    01:14:33       0    140     36     43 
 20260324    01:14:33       1    144     37     46 
 20260324    01:14:33       2    128     36     45 
 20260324    01:14:33       3    134     36     43 
 20260324    01:15:03       0    140     36     43 
 20260324    01:15:03       1    144     37     46 
 20260324    01:15:03       2    128     36     45 
 20260324    01:15:03       3    134     36     45 
 20260324    01:15:33       0    140     36     43 
 20260324    01:15:33       1    143     37     46 
 20260324    01:15:33       2    128     36     45 
 20260324    01:15:33       3    134     36     43 
 20260324    01:16:03       0    140     36     43 
 20260324    01:16:03       1    143     37     46 
 20260324    01:16:03       2    128     36     45 
 20260324    01:16:03       3    134     36     43 
 20260324    01:16:33       0    140     36     43 
 20260324    01:16:33       1    144     37     46 
 20260324    01:16:33       2    128     36     45 
 20260324    01:16:33       3    134     36     44 
#Date        Time         gpu    pwr  gtemp  mtemp 
#YYYYMMDD    HH:MM:SS     Idx      W      C      C 
 20260324    01:17:03       0    140     36     43 
 20260324    01:17:03       1    144     37     46 
 20260324    01:17:03       2    128     36     45 
 20260324    01:17:03       3    134     36     45 
 20260324    01:17:33       0    140     36     43 
 20260324    01:17:33       1    144     37     46 
 20260324    01:17:33       2    128     36     45 
 20260324    01:17:33       3    134     36     44 
 20260324    01:18:03       0    140     36     43 
 20260324    01:18:03       1    143     37     46 
 20260324    01:18:03       2    128     36     45 
 20260324    01:18:03       3    134     36     45 
 20260324    01:18:33       0    140     36     43 
 20260324    01:18:33       1    144     37     46 
 20260324    01:18:33       2    128     36     45 
 20260324    01:18:33       3    135     36     44 
 20260324    01:19:03       0    140     36     43 
 20260324    01:19:03       1    144     37     46 
 20260324    01:19:03       2    128     36     45 
 20260324    01:19:03       3    134     36     45 
 20260324    01:19:33       0    140     36     43 
 20260324    01:19:33       1    144     37     46 
 20260324    01:19:33       2    128     36     45 
 20260324    01:19:33       3    134     36     45 
 20260324    01:20:03       0    140     36     43 
 20260324    01:20:03       1    144     37     46 
 20260324    01:20:03       2    128     36     45 
 20260324    01:20:03       3    134     36     45 
 20260324    01:20:33       0    140     36     43 
 20260324    01:20:33       1    143     37     46 
 20260324    01:20:33       2    128     36     45 
 20260324    01:20:33       3    134     36     44 
 20260324    01:21:03       0    140     36     43 
 20260324    01:21:03       1    143     37     46 
 20260324    01:21:03       2    128     36     45 
 20260324    01:21:03       3    134     36     45 
 20260324    01:21:33       0    140     36     43 
 20260324    01:21:33       1    144     37     46 
 20260324    01:21:33       2    128     36     45 
 20260324    01:21:33       3    134     36     45 
 20260324    01:22:03       0    140     36     43 
 20260324    01:22:03       1    144     37     46 
 20260324    01:22:03       2    128     36     45 
 20260324    01:22:03       3    134     36     44 
#Date        Time         gpu    pwr  gtemp  mtemp 
#YYYYMMDD    HH:MM:SS     Idx      W      C      C 
 20260324    01:22:33       0    140     36     43 
 20260324    01:22:33       1    144     37     46 
 20260324    01:22:33       2    128     36     45 
 20260324    01:22:33       3    134     36     43 
 20260324    01:23:03       0    140     36     43 
 20260324    01:23:03       1    143     37     46 
 20260324    01:23:03       2    128     36     45 
 20260324    01:23:03       3    134     36     44 
 20260324    01:23:33       0    140     36     43 
 20260324    01:23:33       1    144     37     46 
 20260324    01:23:33       2    128     36     45 
 20260324    01:23:33       3    135     36     43 
 20260324    01:24:03       0    140     36     43 
 20260324    01:24:03       1    143     37     46 
 20260324    01:24:03       2    128     36     45 
 20260324    01:24:03       3    134     36     44 
 20260324    01:24:33       0    140     36     43 
 20260324    01:24:33       1    144     37     46 
 20260324    01:24:33       2    128     36     45 
 20260324    01:24:33       3    135     36     44 
 20260324    01:25:03       0    140     36     43 
 20260324    01:25:03       1    144     37     46 
 20260324    01:25:03       2    128     36     45 
 20260324    01:25:03       3    134     36     44 
 20260324    01:25:33       0    140     36     43 
 20260324    01:25:33       1    143     37     46 
 20260324    01:25:33       2    128     36     45 
 20260324    01:25:33       3    134     36     43 
 20260324    01:26:03       0    140     36     43 
 20260324    01:26:03       1    143     37     46 
 20260324    01:26:03       2    128     36     45 
 20260324    01:26:03       3    134     36     45 
 20260324    01:26:33       0    140     36     44 
 20260324    01:26:33       1    143     37     46 
 20260324    01:26:33       2    128     36     45 
 20260324    01:26:33       3    134     36     43 
 20260324    01:27:03       0    140     36     43 
 20260324    01:27:03       1    143     37     46 
 20260324    01:27:03       2    128     36     45 
 20260324    01:27:03       3    134     36     44 
 20260324    01:27:33       0    140     36     43 
 20260324    01:27:33       1    143     37     46 
 20260324    01:27:33       2    128     36     45 
 20260324    01:27:33       3    134     36     45 
#Date        Time         gpu    pwr  gtemp  mtemp 
#YYYYMMDD    HH:MM:SS     Idx      W      C      C 
 20260324    01:28:03       0    140     36     43 
 20260324    01:28:03       1    143     37     46 
 20260324    01:28:03       2    128     36     45 
 20260324    01:28:03       3    134     36     44 
 20260324    01:28:33       0    140     36     43 
 20260324    01:28:33       1    143     37     46 
 20260324    01:28:33       2    128     36     45 
 20260324    01:28:33       3    134     36     43 
 20260324    01:29:03       0    140     36     43 
 20260324    01:29:03       1    143     37     46 
 20260324    01:29:03       2    128     36     45 
 20260324    01:29:03       3    134     36     44 
 20260324    01:29:33       0    140     36     43 
 20260324    01:29:33       1    143     37     46 
 20260324    01:29:33       2    128     36     45 
 20260324    01:29:33       3    135     36     44 
 20260324    01:30:03       0    140     36     43 
 20260324    01:30:03       1    143     37     46 
 20260324    01:30:03       2    128     36     45 
 20260324    01:30:03       3    135     36     43 
 20260324    01:30:33       0    140     36     43 
 20260324    01:30:33       1    143     37     46 
 20260324    01:30:33       2    128     36     45 
 20260324    01:30:33       3    134     36     43 
 20260324    01:31:03       0    140     36     43 
 20260324    01:31:03       1    143     37     46 
 20260324    01:31:03       2    128     36     45 
 20260324    01:31:03       3    135     36     43 
 20260324    01:31:33       0    140     36     43 
 20260324    01:31:33       1    143     37     46 
 20260324    01:31:33       2    128     36     45 
 20260324    01:31:33       3    134     36     45 
 20260324    01:32:03       0    140     36     43 
 20260324    01:32:03       1    144     37     46 
 20260324    01:32:03       2    128     36     45 
 20260324    01:32:03       3    135     36     43 
 20260324    01:32:33       0    140     36     43 
 20260324    01:32:33       1    144     37     46 
 20260324    01:32:33       2    128     36     45 
 20260324    01:32:33       3    135     36     43 
 20260324    01:33:03       0    140     36     43 
 20260324    01:33:03       1    144     37     46 
 20260324    01:33:03       2    128     36     45 
 20260324    01:33:03       3    135     36     45 
#Date        Time         gpu    pwr  gtemp  mtemp 
#YYYYMMDD    HH:MM:SS     Idx      W      C      C 
 20260324    01:33:33       0    140     36     44 
 20260324    01:33:33       1    144     37     46 
 20260324    01:33:33       2    128     36     45 
 20260324    01:33:33       3    134     36     45 
 20260324    01:34:03       0    140     36     43 
 20260324    01:34:03       1    143     37     46 
 20260324    01:34:03       2    128     36     45 
 20260324    01:34:03       3    134     36     43 
 20260324    01:34:33       0    140     36     43 
 20260324    01:34:33       1    144     37     46 
 20260324    01:34:33       2    128     36     45 
 20260324    01:34:33       3    135     36     45 
 20260324    01:35:03       0    140     36     43 
 20260324    01:35:03       1    144     37     46 
 20260324    01:35:03       2    128     36     45 
 20260324    01:35:03       3    134     36     45 
 20260324    01:35:33       0    140     36     43 
 20260324    01:35:33       1    144     37     46 
 20260324    01:35:33       2    128     36     45 
 20260324    01:35:33       3    134     36     45 
 20260324    01:36:03       0    140     36     43 
 20260324    01:36:03       1    144     37     46 
 20260324    01:36:03       2    128     36     45 
 20260324    01:36:03       3    134     36     45 
 20260324    01:36:33       0    140     36     43 
 20260324    01:36:33       1    143     37     46 
 20260324    01:36:33       2    128     36     45 
 20260324    01:36:33       3    135     36     43 
 20260324    01:37:03       0    140     36     43 
 20260324    01:37:03       1    143     37     46 
 20260324    01:37:03       2    128     36     45 
 20260324    01:37:03       3    134     36     45 
 20260324    01:37:33       0    140     36     43 
 20260324    01:37:33       1    143     37     46 
 20260324    01:37:33       2    128     36     45 
 20260324    01:37:33       3    134     36     43 
 20260324    01:38:03       0    140     36     43 
 20260324    01:38:03       1    143     37     46 
 20260324    01:38:03       2    128     36     45 
 20260324    01:38:03       3    134     36     45 
 20260324    01:38:33       0    140     36     43 
 20260324    01:38:33       1    144     37     46 
 20260324    01:38:33       2    128     36     45 
 20260324    01:38:33       3    134     36     45 
#Date        Time         gpu    pwr  gtemp  mtemp 
#YYYYMMDD    HH:MM:SS     Idx      W      C      C 
 20260324    01:39:03       0    140     36     43 
 20260324    01:39:03       1    143     37     46 
 20260324    01:39:03       2    128     36     45 
 20260324    01:39:03       3    135     36     44 
 20260324    01:39:33       0    140     36     43 
 20260324    01:39:33       1    144     37     46 
 20260324    01:39:33       2    128     36     45 
 20260324    01:39:33       3    135     36     45 
 20260324    01:40:03       0    140     36     43 
 20260324    01:40:03       1    143     37     46 
 20260324    01:40:03       2    128     36     45 
 20260324    01:40:03       3    134     36     45 
 20260324    01:40:33       0    140     36     43 
 20260324    01:40:33       1    144     37     46 
 20260324    01:40:33       2    128     36     45 
 20260324    01:40:33       3    135     36     45 
 20260324    01:41:03       0    140     36     43 
 20260324    01:41:03       1    144     37     46 
 20260324    01:41:03       2    128     36     45 
 20260324    01:41:03       3    134     36     45 
 20260324    01:41:33       0    140     36     43 
 20260324    01:41:33       1    143     37     46 
 20260324    01:41:33       2    128     36     45 
 20260324    01:41:33       3    135     36     43 
 20260324    01:42:03       0    140     36     43 
 20260324    01:42:03       1    143     37     46 
 20260324    01:42:03       2    128     36     45 
 20260324    01:42:03       3    134     36     44 
 20260324    01:42:33       0    140     36     43 
 20260324    01:42:33       1    143     37     46 
 20260324    01:42:33       2    128     36     45 
 20260324    01:42:33       3    134     36     45 
 20260324    01:43:03       0    140     36     43 
 20260324    01:43:03       1    144     37     46 
 20260324    01:43:03       2    128     36     45 
 20260324    01:43:03       3    134     36     45 
 20260324    01:43:33       0    140     36     43 
 20260324    01:43:33       1    144     37     46 
 20260324    01:43:33       2    128     36     45 
 20260324    01:43:33       3    134     36     45 
 20260324    01:44:03       0    140     36     43 
 20260324    01:44:03       1    143     37     46 
 20260324    01:44:03       2    128     36     45 
 20260324    01:44:03       3    134     36     43 
#Date        Time         gpu    pwr  gtemp  mtemp 
#YYYYMMDD    HH:MM:SS     Idx      W      C      C 
 20260324    01:44:33       0    140     36     43 
 20260324    01:44:33       1    144     37     46 
 20260324    01:44:33       2    128     36     45 
 20260324    01:44:33       3    134     36     45 
 20260324    01:45:03       0    140     36     43 
 20260324    01:45:03       1    143     37     46 
 20260324    01:45:03       2    128     36     45 
 20260324    01:45:03       3    134     36     44 
 20260324    01:45:33       0    140     36     43 
 20260324    01:45:33       1    143     37     46 
 20260324    01:45:33       2    128     36     45 
 20260324    01:45:33       3    134     36     44 
 20260324    01:46:03       0    140     36     43 
 20260324    01:46:03       1    143     37     46 
 20260324    01:46:03       2    128     36     45 
 20260324    01:46:03       3    134     36     43 
 20260324    01:46:33       0    140     36     43 
 20260324    01:46:33       1    143     37     46 
 20260324    01:46:33       2    128     36     45 
 20260324    01:46:33       3    134     36     44 
 20260324    01:47:03       0    140     36     43 
 20260324    01:47:03       1    143     37     46 
 20260324    01:47:03       2    128     36     45 
 20260324    01:47:03       3    135     36     45 
 20260324    01:47:33       0    140     36     43 
 20260324    01:47:33       1    143     37     46 
 20260324    01:47:33       2    128     36     45 
 20260324    01:47:33       3    134     36     45 
 20260324    01:48:03       0    140     36     43 
 20260324    01:48:03       1    143     37     46 
 20260324    01:48:03       2    128     36     45 
 20260324    01:48:03       3    134     36     45 
 20260324    01:48:33       0    140     36     43 
 20260324    01:48:33       1    143     37     46 
 20260324    01:48:33       2    128     36     45 
 20260324    01:48:33       3    134     36     43 
 20260324    01:49:03       0    140     36     43 
 20260324    01:49:03       1    143     37     46 
 20260324    01:49:03       2    128     36     45 
 20260324    01:49:03       3    134     36     43 
 20260324    01:49:33       0    140     36     43 
 20260324    01:49:33       1    143     37     46 
 20260324    01:49:33       2    128     36     45 
 20260324    01:49:33       3    134     36     44 
#Date        Time         gpu    pwr  gtemp  mtemp 
#YYYYMMDD    HH:MM:SS     Idx      W      C      C 
 20260324    01:50:03       0    140     36     43 
 20260324    01:50:03       1    143     37     46 
 20260324    01:50:03       2    128     36     45 
 20260324    01:50:03       3    134     36     45 
 20260324    01:50:33       0    140     36     43 
 20260324    01:50:33       1    143     37     46 
 20260324    01:50:33       2    128     36     45 
 20260324    01:50:33       3    134     36     43 
 20260324    01:51:03       0    139     36     43 
 20260324    01:51:03       1    143     37     46 
 20260324    01:51:03       2    128     36     45 
 20260324    01:51:03       3    134     35     43 
 20260324    01:51:33       0    140     36     43 
 20260324    01:51:33       1    143     37     46 
 20260324    01:51:33       2    128     36     45 
 20260324    01:51:33       3    134     36     43 
 20260324    01:52:03       0    140     36     43 
 20260324    01:52:03       1    144     37     46 
 20260324    01:52:03       2    128     36     45 
 20260324    01:52:03       3    134     36     43 
 20260324    01:52:33       0    140     36     43 
 20260324    01:52:33       1    143     37     46 
 20260324    01:52:33       2    128     36     45 
 20260324    01:52:33       3    134     36     45 
 20260324    01:53:03       0    140     36     43 
 20260324    01:53:03       1    143     37     46 
 20260324    01:53:03       2    128     36     45 
 20260324    01:53:03       3    134     36     44 
 20260324    01:53:33       0    140     36     43 
 20260324    01:53:33       1    143     37     46 
 20260324    01:53:33       2    128     36     45 
 20260324    01:53:33       3    134     36     43 
 20260324    01:54:03       0    140     36     44 
 20260324    01:54:03       1    143     37     46 
 20260324    01:54:03       2    128     36     45 
 20260324    01:54:03       3    135     36     45 
 20260324    01:54:34       0    140     36     43 
 20260324    01:54:34       1    144     37     46 
 20260324    01:54:34       2    128     36     45 
 20260324    01:54:34       3    134     36     45 
 20260324    01:55:04       0    140     36     43 
 20260324    01:55:04       1    143     37     46 
 20260324    01:55:04       2    128     36     45 
 20260324    01:55:04       3    134     36     45 
#Date        Time         gpu    pwr  gtemp  mtemp 
#YYYYMMDD    HH:MM:SS     Idx      W      C      C 
 20260324    01:55:34       0    140     36     43 
 20260324    01:55:34       1    143     37     46 
 20260324    01:55:34       2    128     36     45 
 20260324    01:55:34       3    134     36     44 
 20260324    01:56:04       0    140     36     43 
 20260324    01:56:04       1    143     37     46 
 20260324    01:56:04       2    128     36     45 
 20260324    01:56:04       3    134     36     45 
 20260324    01:56:34       0    140     36     43 
 20260324    01:56:34       1    143     37     46 
 20260324    01:56:34       2    128     36     45 
 20260324    01:56:34       3    134     36     44 
 20260324    01:57:04       0    140     36     43 
 20260324    01:57:04       1    143     37     46 
 20260324    01:57:04       2    128     36     45 
 20260324    01:57:04       3    134     36     44 
 20260324    01:57:34       0    140     36     43 
 20260324    01:57:34       1    144     37     46 
 20260324    01:57:34       2    128     36     45 
 20260324    01:57:34       3    134     36     45 
 20260324    01:58:04       0    140     36     43 
 20260324    01:58:04       1    144     37     46 
 20260324    01:58:04       2    128     36     45 
 20260324    01:58:04       3    134     36     44 
 20260324    01:58:34       0    140     36     43 
 20260324    01:58:34       1    143     37     46 
 20260324    01:58:34       2    128     36     45 
 20260324    01:58:34       3    134     36     44 
 20260324    01:59:04       0    140     36     43 
 20260324    01:59:04       1    143     37     46 
 20260324    01:59:04       2    128     36     45 
 20260324    01:59:04       3    134     36     44 
 20260324    01:59:34       0    140     36     43 
 20260324    01:59:34       1    144     37     46 
 20260324    01:59:34       2    128     36     45 
 20260324    01:59:34       3    134     36     44 
 20260324    02:00:04       0    140     36     43 
 20260324    02:00:04       1    143     37     46 
 20260324    02:00:04       2    128     36     45 
 20260324    02:00:04       3    134     36     45 
 20260324    02:00:34       0    140     36     43 
 20260324    02:00:34       1    143     37     46 
 20260324    02:00:34       2    128     36     45 
 20260324    02:00:34       3    134     36     44 
#Date        Time         gpu    pwr  gtemp  mtemp 
#YYYYMMDD    HH:MM:SS     Idx      W      C      C 
 20260324    02:01:04       0    140     36     43 
 20260324    02:01:04       1    143     37     46 
 20260324    02:01:04       2    128     36     45 
 20260324    02:01:04       3    134     36     45 
 20260324    02:01:34       0    140     36     43 
 20260324    02:01:34       1    143     37     46 
 20260324    02:01:34       2    128     36     45 
 20260324    02:01:34       3    134     36     45 
 20260324    02:02:04       0    140     36     43 
 20260324    02:02:04       1    144     37     46 
 20260324    02:02:04       2    128     36     45 
 20260324    02:02:04       3    134     36     45 
 20260324    02:02:34       0    140     36     43 
 20260324    02:02:34       1    144     37     46 
 20260324    02:02:34       2    128     36     45 
 20260324    02:02:34       3    134     36     45 
 20260324    02:03:04       0    140     36     43 
 20260324    02:03:04       1    143     37     46 
 20260324    02:03:04       2    128     36     45 
 20260324    02:03:04       3    134     36     45 
 20260324    02:03:34       0    140     36     43 
 20260324    02:03:34       1    143     37     46 
 20260324    02:03:34       2    128     36     45 
 20260324    02:03:34       3    134     36     45 
 20260324    02:04:04       0    140     36     43 
 20260324    02:04:04       1    144     37     46 
 20260324    02:04:04       2    128     36     45 
 20260324    02:04:04       3    135     36     45 
 20260324    02:04:34       0    140     36     43 
 20260324    02:04:34       1    143     37     46 
 20260324    02:04:34       2    128     36     45 
 20260324    02:04:34       3    134     36     45 
 20260324    02:05:04       0    140     36     43 
 20260324    02:05:04       1    143     37     46 
 20260324    02:05:04       2    128     36     45 
 20260324    02:05:04       3    134     36     45 
 20260324    02:05:34       0    140     36     43 
 20260324    02:05:34       1    143     37     46 
 20260324    02:05:34       2    128     36     45 
 20260324    02:05:34       3    134     36     44 
 20260324    02:06:04       0    140     36     43 
 20260324    02:06:04       1    143     37     46 
 20260324    02:06:04       2    128     36     45 
 20260324    02:06:04       3    134     36     44 
#Date        Time         gpu    pwr  gtemp  mtemp 
#YYYYMMDD    HH:MM:SS     Idx      W      C      C 
 20260324    02:06:34       0    140     36     43 
 20260324    02:06:34       1    143     37     46 
 20260324    02:06:34       2    128     36     45 
 20260324    02:06:34       3    134     36     44 
 20260324    02:07:04       0    140     36     43 
 20260324    02:07:04       1    143     37     46 
 20260324    02:07:04       2    128     36     45 
 20260324    02:07:04       3    134     36     45 
 20260324    02:07:34       0    140     36     43 
 20260324    02:07:34       1    143     37     46 
 20260324    02:07:34       2    128     36     45 
 20260324    02:07:34       3    134     36     43 
 20260324    02:08:04       0    140     36     43 
 20260324    02:08:04       1    143     37     46 
 20260324    02:08:04       2    128     36     45 
 20260324    02:08:04       3    134     35     43 
 20260324    02:08:34       0    140     36     43 
 20260324    02:08:34       1    143     37     46 
 20260324    02:08:34       2    128     36     45 
 20260324    02:08:34       3    134     36     45 
 20260324    02:09:04       0    140     36     43 
 20260324    02:09:04       1    143     37     46 
 20260324    02:09:04       2    128     36     45 
 20260324    02:09:04       3    134     36     43 
 20260324    02:09:34       0    140     36     43 
 20260324    02:09:34       1    143     37     46 
 20260324    02:09:34       2    128     36     45 
 20260324    02:09:34       3    134     36     45 
 20260324    02:10:04       0    140     36     43 
 20260324    02:10:04       1    143     37     46 
 20260324    02:10:04       2    128     36     45 
 20260324    02:10:04       3    134     36     44 
 20260324    02:10:34       0    140     36     43 
 20260324    02:10:34       1    143     37     46 
 20260324    02:10:34       2    128     36     45 
 20260324    02:10:34       3    134     36     45 
 20260324    02:11:04       0    140     36     43 
 20260324    02:11:04       1    143     37     46 
 20260324    02:11:04       2    128     36     45 
 20260324    02:11:04       3    134     36     44 
 20260324    02:11:34       0    140     36     43 
 20260324    02:11:34       1    143     37     46 
 20260324    02:11:34       2    128     36     45 
 20260324    02:11:34       3    134     36     44 
#Date        Time         gpu    pwr  gtemp  mtemp 
#YYYYMMDD    HH:MM:SS     Idx      W      C      C 
 20260324    02:12:04       0    140     36     43 
 20260324    02:12:04       1    143     37     46 
 20260324    02:12:04       2    128     36     45 
 20260324    02:12:04       3    135     36     45 
 20260324    02:12:34       0    140     36     43 
 20260324    02:12:34       1    143     37     46 
 20260324    02:12:34       2    128     36     45 
 20260324    02:12:34       3    134     36     44 
 20260324    02:13:04       0    140     36     43 
 20260324    02:13:04       1    143     37     46 
 20260324    02:13:04       2    128     36     45 
 20260324    02:13:04       3    134     36     45 
 20260324    02:13:34       0    140     36     43 
 20260324    02:13:34       1    143     37     46 
 20260324    02:13:34       2    128     36     45 
 20260324    02:13:34       3    134     36     43 
 20260324    02:14:04       0    140     36     43 
 20260324    02:14:04       1    143     37     46 
 20260324    02:14:04       2    128     36     45 
 20260324    02:14:04       3    135     36     43 
 20260324    02:14:34       0    140     36     43 
 20260324    02:14:34       1    143     37     46 
 20260324    02:14:34       2    128     36     45 
 20260324    02:14:34       3    134     36     45 
 20260324    02:15:04       0    140     36     43 
 20260324    02:15:04       1    143     37     46 
 20260324    02:15:04       2    128     36     45 
 20260324    02:15:04       3    134     36     44 
 20260324    02:15:34       0    140     36     43 
 20260324    02:15:34       1    143     37     46 
 20260324    02:15:34       2    128     36     45 
 20260324    02:15:34       3    135     36     43 
 20260324    02:16:04       0    140     36     43 
 20260324    02:16:04       1    143     37     46 
 20260324    02:16:04       2    128     36     45 
 20260324    02:16:04       3    134     36     45 
 20260324    02:16:34       0    140     36     44 
 20260324    02:16:34       1    143     37     46 
 20260324    02:16:34       2    128     36     45 
 20260324    02:16:34       3    134     36     44 
 20260324    02:17:04       0    140     36     43 
 20260324    02:17:04       1    143     37     46 
 20260324    02:17:04       2    128     36     45 
 20260324    02:17:04       3    135     36     44 
#Date        Time         gpu    pwr  gtemp  mtemp 
#YYYYMMDD    HH:MM:SS     Idx      W      C      C 
 20260324    02:17:34       0    140     36     43 
 20260324    02:17:34       1    143     37     46 
 20260324    02:17:34       2    128     36     45 
 20260324    02:17:34       3    135     36     45 
 20260324    02:18:04       0    140     36     43 
 20260324    02:18:04       1    143     37     46 
 20260324    02:18:04       2    128     36     45 
 20260324    02:18:04       3    135     36     45 
 20260324    02:18:34       0    140     36     43 
 20260324    02:18:34       1    143     37     46 
 20260324    02:18:34       2    128     36     45 
 20260324    02:18:34       3    135     36     44 
 20260324    02:19:04       0    140     36     45 
 20260324    02:19:04       1    144     37     46 
 20260324    02:19:04       2    128     36     45 
 20260324    02:19:04       3    134     36     45 
 20260324    02:19:34       0    140     36     43 
 20260324    02:19:34       1    143     37     46 
 20260324    02:19:34       2    128     36     45 
 20260324    02:19:34       3    135     36     45 
 20260324    02:20:04       0    140     36     43 
 20260324    02:20:04       1    143     37     46 
 20260324    02:20:04       2    128     36     45 
 20260324    02:20:04       3    134     36     45 
 20260324    02:20:34       0    140     36     45 
 20260324    02:20:34       1    144     37     46 
 20260324    02:20:34       2    128     36     45 
 20260324    02:20:34       3    135     36     43 
 20260324    02:21:04       0    140     36     43 
 20260324    02:21:04       1    143     37     46 
 20260324    02:21:04       2    128     36     45 
 20260324    02:21:04       3    135     36     44 
 20260324    02:21:34       0    140     36     43 
 20260324    02:21:34       1    143     37     46 
 20260324    02:21:34       2    128     36     45 
 20260324    02:21:34       3    135     36     45 
 20260324    02:22:04       0    140     36     44 
 20260324    02:22:04       1    143     37     46 
 20260324    02:22:04       2    128     36     45 
 20260324    02:22:04       3    134     36     45 
 20260324    02:22:34       0    140     36     43 
 20260324    02:22:34       1    143     37     46 
 20260324    02:22:34       2    128     36     45 
 20260324    02:22:34       3    134     36     45 
#Date        Time         gpu    pwr  gtemp  mtemp 
#YYYYMMDD    HH:MM:SS     Idx      W      C      C 
 20260324    02:23:04       0    140     36     43 
 20260324    02:23:04       1    143     37     46 
 20260324    02:23:04       2    128     36     45 
 20260324    02:23:04       3    134     36     43 
 20260324    02:23:34       0    140     36     43 
 20260324    02:23:34       1    143     37     46 
 20260324    02:23:34       2    128     36     45 
 20260324    02:23:34       3    134     36     43 
 20260324    02:24:04       0    140     36     44 
 20260324    02:24:04       1    143     37     46 
 20260324    02:24:04       2    128     36     45 
 20260324    02:24:04       3    134     36     43 
 20260324    02:24:34       0    140     36     43 
 20260324    02:24:34       1    144     37     46 
 20260324    02:24:34       2    128     36     45 
 20260324    02:24:34       3    134     36     45 
 20260324    02:25:04       0    140     36     43 
 20260324    02:25:04       1    144     37     46 
 20260324    02:25:04       2    128     36     45 
 20260324    02:25:04       3    134     36     45 
 20260324    02:25:34       0    140     36     43 
 20260324    02:25:34       1    143     37     46 
 20260324    02:25:34       2    128     36     45 
 20260324    02:25:34       3    134     36     45 
 20260324    02:26:04       0    140     36     43 
 20260324    02:26:04       1    143     37     46 
 20260324    02:26:04       2    128     36     45 
 20260324    02:26:04       3    134     36     44 
 20260324    02:26:34       0    140     36     43 
 20260324    02:26:34       1    143     37     46 
 20260324    02:26:34       2    128     36     45 
 20260324    02:26:34       3    134     36     44 
 20260324    02:27:04       0    140     36     45 
 20260324    02:27:04       1    144     37     46 
 20260324    02:27:04       2    128     36     45 
 20260324    02:27:04       3    134     36     45 
 20260324    02:27:34       0    140     37     43 
 20260324    02:27:34       1    144     37     46 
 20260324    02:27:34       2    128     37     45 
 20260324    02:27:34       3    135     36     45 
 20260324    02:28:04       0    140     36     45 
 20260324    02:28:04       1    143     37     46 
 20260324    02:28:04       2    128     36     45 
 20260324    02:28:04       3    135     36     45 
#Date        Time         gpu    pwr  gtemp  mtemp 
#YYYYMMDD    HH:MM:SS     Idx      W      C      C 
 20260324    02:28:34       0    140     36     43 
 20260324    02:28:34       1    144     37     46 
 20260324    02:28:34       2    128     36     45 
 20260324    02:28:34       3    135     36     45 
 20260324    02:29:04       0    140     36     43 
 20260324    02:29:04       1    143     37     46 
 20260324    02:29:04       2    128     36     45 
 20260324    02:29:04       3    135     36     45 
 20260324    02:29:34       0    140     36     43 
 20260324    02:29:34       1    144     37     46 
 20260324    02:29:34       2    128     36     45 
 20260324    02:29:34       3    134     36     45 
 20260324    02:30:04       0    140     36     44 
 20260324    02:30:04       1    144     37     46 
 20260324    02:30:04       2    128     36     45 
 20260324    02:30:04       3    135     36     45 
 20260324    02:30:34       0    140     36     43 
 20260324    02:30:34       1    143     37     46 
 20260324    02:30:34       2    128     36     45 
 20260324    02:30:34       3    134     36     45 
 20260324    02:31:04       0    140     36     44 
 20260324    02:31:04       1    144     37     46 
 20260324    02:31:04       2    128     36     45 
 20260324    02:31:04       3    134     36     45 
 20260324    02:31:34       0    140     36     44 
 20260324    02:31:34       1    144     37     46 
 20260324    02:31:34       2    128     36     45 
 20260324    02:31:34       3    135     36     45 
 20260324    02:32:04       0    140     36     45 
 20260324    02:32:04       1    143     37     46 
 20260324    02:32:04       2    128     36     45 
 20260324    02:32:04       3    135     36     45 
 20260324    02:32:34       0    140     36     43 
 20260324    02:32:34       1    144     37     46 
 20260324    02:32:34       2    128     36     45 
 20260324    02:32:34       3    134     36     45 
 20260324    02:33:04       0    140     36     43 
 20260324    02:33:04       1    143     37     46 
 20260324    02:33:04       2    128     36     45 
 20260324    02:33:04       3    135     36     45 
 20260324    02:33:34       0    140     36     43 
 20260324    02:33:34       1    144     37     46 
 20260324    02:33:34       2    128     36     45 
 20260324    02:33:34       3    135     36     44 
#Date        Time         gpu    pwr  gtemp  mtemp 
#YYYYMMDD    HH:MM:SS     Idx      W      C      C 
 20260324    02:34:04       0    140     36     43 
 20260324    02:34:04       1    144     37     46 
 20260324    02:34:04       2    128     36     45 
 20260324    02:34:04       3    135     36     45 
 20260324    02:34:34       0    140     36     45 
 20260324    02:34:34       1    144     37     46 
 20260324    02:34:34       2    128     36     45 
 20260324    02:34:34       3    134     36     45 
 20260324    02:35:04       0    140     36     43 
 20260324    02:35:04       1    144     37     46 
 20260324    02:35:04       2    128     36     45 
 20260324    02:35:04       3    134     36     45 
 20260324    02:35:34       0    140     36     44 
 20260324    02:35:34       1    144     37     46 
 20260324    02:35:34       2    128     36     45 
 20260324    02:35:34       3    135     36     45 
 20260324    02:36:04       0    140     36     43 
 20260324    02:36:04       1    144     37     46 
 20260324    02:36:04       2    128     36     45 
 20260324    02:36:04       3    134     36     45 
 20260324    02:36:34       0    139     36     43 
 20260324    02:36:34       1    144     37     46 
 20260324    02:36:34       2    128     36     45 
 20260324    02:36:34       3    134     36     45 
 20260324    02:37:04       0    140     36     43 
 20260324    02:37:04       1    143     37     46 
 20260324    02:37:04       2    128     36     45 
 20260324    02:37:04       3    134     36     44 
 20260324    02:37:34       0    140     36     43 
 20260324    02:37:34       1    144     37     46 
 20260324    02:37:34       2    128     36     45 
 20260324    02:37:34       3    134     36     45 
 20260324    02:38:04       0    140     36     43 
 20260324    02:38:04       1    144     37     46 
 20260324    02:38:04       2    128     36     45 
 20260324    02:38:04       3    135     36     45 
 20260324    02:38:34       0    140     36     43 
 20260324    02:38:34       1    144     37     46 
 20260324    02:38:34       2    128     36     45 
 20260324    02:38:34       3    134     36     45 
 20260324    02:39:04       0    140     36     43 
 20260324    02:39:04       1    144     37     46 
 20260324    02:39:04       2    128     36     45 
 20260324    02:39:04       3    135     36     45 
#Date        Time         gpu    pwr  gtemp  mtemp 
#YYYYMMDD    HH:MM:SS     Idx      W      C      C 
 20260324    02:39:34       0    140     36     43 
 20260324    02:39:34       1    144     37     46 
 20260324    02:39:34       2    128     36     45 
 20260324    02:39:34       3    135     36     45 
 20260324    02:40:04       0    140     36     43 
 20260324    02:40:04       1    143     37     46 
 20260324    02:40:04       2    128     36     45 
 20260324    02:40:04       3    135     36     45 
 20260324    02:40:34       0    140     36     44 
 20260324    02:40:34       1    143     37     46 
 20260324    02:40:34       2    128     36     45 
 20260324    02:40:34       3    134     36     45 
 20260324    02:41:04       0    140     36     43 
 20260324    02:41:04       1    144     37     46 
 20260324    02:41:04       2    128     36     45 
 20260324    02:41:04       3    135     36     45 
 20260324    02:41:34       0    140     36     43 
 20260324    02:41:34       1    143     37     46 
 20260324    02:41:34       2    128     36     45 
 20260324    02:41:34       3    134     36     45 
 20260324    02:42:04       0    140     36     43 
 20260324    02:42:04       1    143     37     46 
 20260324    02:42:04       2    128     36     45 
 20260324    02:42:04       3    134     36     45 
 20260324    02:42:34       0    140     36     43 
 20260324    02:42:34       1    143     37     46 
 20260324    02:42:34       2    128     36     45 
 20260324    02:42:34       3    134     36     44 
 20260324    02:43:04       0    140     36     43 
 20260324    02:43:04       1    143     37     46 
 20260324    02:43:04       2    128     36     45 
 20260324    02:43:04       3    134     36     45 
 20260324    02:43:34       0    140     36     43 
 20260324    02:43:34       1    144     37     46 
 20260324    02:43:34       2    128     36     45 
 20260324    02:43:34       3    134     36     45 
 20260324    02:44:04       0    140     36     43 
 20260324    02:44:04       1    143     37     46 
 20260324    02:44:04       2    128     36     45 
 20260324    02:44:04       3    135     36     43 
 20260324    02:44:34       0    140     36     43 
 20260324    02:44:34       1    143     37     46 
 20260324    02:44:34       2    128     36     45 
 20260324    02:44:34       3    134     36     45 
#Date        Time         gpu    pwr  gtemp  mtemp 
#YYYYMMDD    HH:MM:SS     Idx      W      C      C 
 20260324    02:45:04       0    140     36     43 
 20260324    02:45:04       1    143     37     46 
 20260324    02:45:04       2    128     36     45 
 20260324    02:45:04       3    134     36     44 
 20260324    02:45:34       0    140     36     43 
 20260324    02:45:34       1    143     37     46 
 20260324    02:45:34       2    128     36     45 
 20260324    02:45:34       3    134     36     43 
 20260324    02:46:04       0    140     36     43 
 20260324    02:46:04       1    143     37     46 
 20260324    02:46:04       2    128     36     45 
 20260324    02:46:04       3    134     36     43 
 20260324    02:46:34       0    140     36     43 
 20260324    02:46:34       1    143     37     46 
 20260324    02:46:34       2    128     36     45 
 20260324    02:46:34       3    134     36     44 
 20260324    02:47:04       0    140     36     43 
 20260324    02:47:04       1    143     37     46 
 20260324    02:47:04       2    128     36     45 
 20260324    02:47:04       3    134     36     44 
 20260324    02:47:34       0    140     36     43 
 20260324    02:47:34       1    144     37     46 
 20260324    02:47:34       2    128     36     45 
 20260324    02:47:34       3    134     36     44 
 20260324    02:48:04       0    140     36     43 
 20260324    02:48:04       1    143     37     46 
 20260324    02:48:04       2    128     36     45 
 20260324    02:48:04       3    134     36     44 
 20260324    02:48:34       0    140     36     43 
 20260324    02:48:34       1    144     37     46 
 20260324    02:48:34       2    128     36     45 
 20260324    02:48:34       3    134     36     44 
 20260324    02:49:04       0    140     36     43 
 20260324    02:49:04       1    144     37     46 
 20260324    02:49:04       2    128     36     45 
 20260324    02:49:04       3    135     36     45 
 20260324    02:49:34       0    140     36     43 
 20260324    02:49:34       1    144     37     46 
 20260324    02:49:34       2    128     36     45 
 20260324    02:49:34       3    135     36     44 
 20260324    02:50:04       0    140     36     43 
 20260324    02:50:04       1    143     37     46 
 20260324    02:50:04       2    128     36     45 
 20260324    02:50:04       3    135     36     44 
#Date        Time         gpu    pwr  gtemp  mtemp 
#YYYYMMDD    HH:MM:SS     Idx      W      C      C 
 20260324    02:50:34       0    140     36     43 
 20260324    02:50:34       1    144     37     46 
 20260324    02:50:34       2    128     36     45 
 20260324    02:50:34       3    135     36     44 
 20260324    02:51:04       0    140     36     43 
 20260324    02:51:04       1    143     37     46 
 20260324    02:51:04       2    128     36     45 
 20260324    02:51:04       3    135     36     44 
 20260324    02:51:34       0    140     36     43 
 20260324    02:51:34       1    143     37     46 
 20260324    02:51:34       2    128     36     45 
 20260324    02:51:34       3    135     36     45 
 20260324    02:52:04       0    140     36     43 
 20260324    02:52:04       1    143     37     46 
 20260324    02:52:04       2    128     36     45 
 20260324    02:52:04       3    134     36     45 
 20260324    02:52:34       0    140     36     43 
 20260324    02:52:34       1    143     37     46 
 20260324    02:52:34       2    128     36     45 
 20260324    02:52:34       3    135     36     44 
 20260324    02:53:04       0    140     36     43 
 20260324    02:53:04       1    143     37     46 
 20260324    02:53:04       2    128     36     45 
 20260324    02:53:04       3    135     36     43 
 20260324    02:53:34       0    140     36     43 
 20260324    02:53:34       1    143     37     46 
 20260324    02:53:34       2    128     36     45 
 20260324    02:53:34       3    135     36     43 
 20260324    02:54:04       0    140     36     43 
 20260324    02:54:04       1    143     37     46 
 20260324    02:54:04       2    128     36     45 
 20260324    02:54:04       3    134     36     43 
 20260324    02:54:34       0    140     36     43 
 20260324    02:54:34       1    143     37     46 
 20260324    02:54:34       2    128     36     45 
 20260324    02:54:34       3    134     36     43 
 20260324    02:55:04       0    140     36     43 
 20260324    02:55:04       1    143     37     46 
 20260324    02:55:04       2    128     36     45 
 20260324    02:55:04       3    134     36     43 
 20260324    02:55:34       0    140     36     43 
 20260324    02:55:34       1    143     37     46 
 20260324    02:55:34       2    128     36     45 
 20260324    02:55:34       3    134     36     44 
#Date        Time         gpu    pwr  gtemp  mtemp 
#YYYYMMDD    HH:MM:SS     Idx      W      C      C 
 20260324    02:56:04       0    140     36     43 
 20260324    02:56:04       1    143     37     46 
 20260324    02:56:04       2    128     36     45 
 20260324    02:56:04       3    134     36     45 
 20260324    02:56:34       0    139     36     43 
 20260324    02:56:34       1    143     37     46 
 20260324    02:56:34       2    128     36     45 
 20260324    02:56:34       3    134     36     43 
 20260324    02:57:04       0    140     36     43 
 20260324    02:57:04       1    144     37     46 
 20260324    02:57:04       2    128     36     45 
 20260324    02:57:04       3    134     36     43 
 20260324    02:57:34       0    140     36     43 
 20260324    02:57:34       1    143     37     46 
 20260324    02:57:34       2    128     36     45 
 20260324    02:57:34       3    134     36     44 
 20260324    02:58:04       0    140     36     44 
 20260324    02:58:04       1    143     37     46 
 20260324    02:58:04       2    128     36     45 
 20260324    02:58:04       3    135     36     45 
 20260324    02:58:34       0    140     36     43 
 20260324    02:58:34       1    144     37     46 
 20260324    02:58:34       2    128     36     45 
 20260324    02:58:34       3    135     36     45 
 20260324    02:59:04       0    140     36     43 
 20260324    02:59:04       1    144     37     46 
 20260324    02:59:04       2    128     36     45 
 20260324    02:59:04       3    135     36     45 
 20260324    02:59:34       0    140     36     43 
 20260324    02:59:34       1    144     37     46 
 20260324    02:59:34       2    128     36     45 
 20260324    02:59:34       3    135     36     45 
 20260324    03:00:04       0    140     36     44 
 20260324    03:00:04       1    143     37     46 
 20260324    03:00:04       2    128     36     45 
 20260324    03:00:04       3    135     36     45 
 20260324    03:00:34       0    140     36     44 
 20260324    03:00:34       1    143     37     46 
 20260324    03:00:34       2    128     36     45 
 20260324    03:00:34       3    135     36     45 
 20260324    03:01:04       0    140     36     44 
 20260324    03:01:04       1    143     37     46 
 20260324    03:01:04       2    128     36     45 
 20260324    03:01:04       3    134     36     44 
#Date        Time         gpu    pwr  gtemp  mtemp 
#YYYYMMDD    HH:MM:SS     Idx      W      C      C 
 20260324    03:01:34       0    140     36     43 
 20260324    03:01:34       1    144     37     46 
 20260324    03:01:34       2    128     36     45 
 20260324    03:01:34       3    135     36     45 
 20260324    03:02:04       0    140     36     45 
 20260324    03:02:04       1    144     37     46 
 20260324    03:02:04       2    128     36     45 
 20260324    03:02:04       3    135     36     45 
 20260324    03:02:34       0    140     36     43 
 20260324    03:02:34       1    144     37     46 
 20260324    03:02:34       2    128     36     45 
 20260324    03:02:34       3    135     36     45 
 20260324    03:03:04       0    140     36     43 
 20260324    03:03:04       1    144     37     46 
 20260324    03:03:04       2    128     36     45 
 20260324    03:03:04       3    134     36     45 
 20260324    03:03:34       0    140     36     44 
 20260324    03:03:34       1    144     37     46 
 20260324    03:03:34       2    128     36     45 
 20260324    03:03:34       3    135     36     45 
 20260324    03:04:04       0    140     36     43 
 20260324    03:04:04       1    144     37     46 
 20260324    03:04:04       2    128     36     45 
 20260324    03:04:04       3    134     36     45 
 20260324    03:04:34       0    140     36     44 
 20260324    03:04:34       1    144     37     46 
 20260324    03:04:34       2    128     36     45 
 20260324    03:04:34       3    134     36     45 
 20260324    03:05:04       0    140     36     43 
 20260324    03:05:04       1    144     37     46 
 20260324    03:05:04       2    128     36     45 
 20260324    03:05:04       3    134     36     45 
 20260324    03:05:34       0    140     36     43 
 20260324    03:05:34       1    143     37     46 
 20260324    03:05:34       2    128     36     45 
 20260324    03:05:34       3    134     36     45 
 20260324    03:06:04       0    140     36     43 
 20260324    03:06:04       1    144     37     46 
 20260324    03:06:04       2    128     36     45 
 20260324    03:06:04       3    135     36     45 
 20260324    03:06:34       0    140     36     43 
 20260324    03:06:34       1    144     37     46 
 20260324    03:06:34       2    128     36     45 
 20260324    03:06:34       3    135     36     45 
#Date        Time         gpu    pwr  gtemp  mtemp 
#YYYYMMDD    HH:MM:SS     Idx      W      C      C 
 20260324    03:07:04       0    140     36     43 
 20260324    03:07:04       1    144     37     46 
 20260324    03:07:04       2    128     36     45 
 20260324    03:07:04       3    135     36     45 
 20260324    03:07:34       0    140     36     43 
 20260324    03:07:34       1    144     37     46 
 20260324    03:07:34       2    128     36     45 
 20260324    03:07:34       3    135     36     45 
 20260324    03:08:04       0    140     36     43 
 20260324    03:08:04       1    143     37     46 
 20260324    03:08:04       2    128     36     45 
 20260324    03:08:04       3    135     36     45 
 20260324    03:08:34       0    140     36     43 
 20260324    03:08:34       1    144     37     46 
 20260324    03:08:34       2    128     36     45 
 20260324    03:08:34       3    135     36     45 
 20260324    03:09:04       0    140     36     43 
 20260324    03:09:04       1    144     37     46 
 20260324    03:09:04       2    128     36     45 
 20260324    03:09:04       3    135     36     45 
 20260324    03:09:34       0    140     37     43 
 20260324    03:09:34       1    144     37     46 
 20260324    03:09:34       2    128     37     45 
 20260324    03:09:34       3    135     36     45 
 20260324    03:10:04       0    140     36     43 
 20260324    03:10:04       1    144     37     46 
 20260324    03:10:04       2    128     36     45 
 20260324    03:10:04       3    134     36     45 
 20260324    03:10:34       0    140     36     43 
 20260324    03:10:34       1    143     37     46 
 20260324    03:10:34       2    128     36     45 
 20260324    03:10:34       3    135     36     43 
 20260324    03:11:04       0    140     36     43 
 20260324    03:11:04       1    143     37     46 
 20260324    03:11:04       2    128     36     45 
 20260324    03:11:04       3    134     36     44 
 20260324    03:11:34       0    140     36     44 
 20260324    03:11:34       1    144     37     46 
 20260324    03:11:34       2    128     36     45 
 20260324    03:11:34       3    134     36     45 
 20260324    03:12:04       0    140     36     45 
 20260324    03:12:04       1    144     37     46 
 20260324    03:12:04       2    128     36     45 
 20260324    03:12:04       3    135     36     45 
#Date        Time         gpu    pwr  gtemp  mtemp 
#YYYYMMDD    HH:MM:SS     Idx      W      C      C 
 20260324    03:12:34       0    140     36     43 
 20260324    03:12:34       1    143     37     46 
 20260324    03:12:34       2    128     36     45 
 20260324    03:12:34       3    134     36     45 
 20260324    03:13:04       0    140     36     43 
 20260324    03:13:04       1    143     37     46 
 20260324    03:13:04       2    128     36     45 
 20260324    03:13:04       3    134     36     45 
 20260324    03:13:34       0    140     36     43 
 20260324    03:13:34       1    143     37     46 
 20260324    03:13:34       2    128     36     45 
 20260324    03:13:34       3    134     36     45 
 20260324    03:14:04       0    140     36     43 
 20260324    03:14:04       1    143     37     46 
 20260324    03:14:04       2    128     36     45 
 20260324    03:14:04       3    134     36     45 
 20260324    03:14:34       0    140     36     43 
 20260324    03:14:34       1    143     37     46 
 20260324    03:14:34       2    127     36     45 
 20260324    03:14:34       3    135     36     44 
 20260324    03:15:04       0    140     36     43 
 20260324    03:15:04       1    143     37     46 
 20260324    03:15:04       2    128     36     45 
 20260324    03:15:04       3    134     36     45 
 20260324    03:15:34       0    140     36     44 
 20260324    03:15:34       1    144     37     46 
 20260324    03:15:34       2    128     36     45 
 20260324    03:15:34       3    135     36     45 
 20260324    03:16:04       0    140     36     43 
 20260324    03:16:04       1    144     37     46 
 20260324    03:16:04       2    128     36     45 
 20260324    03:16:04       3    134     36     45 
 20260324    03:16:34       0    140     36     43 
 20260324    03:16:34       1    143     37     46 
 20260324    03:16:34       2    128     36     45 
 20260324    03:16:34       3    134     36     45 
 20260324    03:17:04       0    140     36     43 
 20260324    03:17:04       1    143     37     46 
 20260324    03:17:04       2    128     36     45 
 20260324    03:17:04       3    134     36     45 
 20260324    03:17:34       0    140     36     43 
 20260324    03:17:34       1    143     37     46 
 20260324    03:17:34       2    128     36     45 
 20260324    03:17:34       3    134     36     43 
#Date        Time         gpu    pwr  gtemp  mtemp 
#YYYYMMDD    HH:MM:SS     Idx      W      C      C 
 20260324    03:18:04       0    140     36     43 
 20260324    03:18:04       1    143     37     46 
 20260324    03:18:04       2    128     36     45 
 20260324    03:18:04       3    134     36     45 
 20260324    03:18:34       0    140     36     43 
 20260324    03:18:34       1    143     37     46 
 20260324    03:18:34       2    128     36     45 
 20260324    03:18:34       3    134     36     43 
 20260324    03:19:04       0    140     36     43 
 20260324    03:19:04       1    143     37     46 
 20260324    03:19:04       2    128     36     45 
 20260324    03:19:04       3    134     36     45 
 20260324    03:19:34       0    140     36     43 
 20260324    03:19:34       1    143     37     46 
 20260324    03:19:34       2    127     36     45 
 20260324    03:19:34       3    134     36     45 
 20260324    03:20:04       0    140     36     43 
 20260324    03:20:04       1    143     37     46 
 20260324    03:20:04       2    128     36     45 
 20260324    03:20:04       3    134     36     44 
 20260324    03:20:34       0    140     36     43 
 20260324    03:20:34       1    143     37     46 
 20260324    03:20:34       2    128     36     45 
 20260324    03:20:34       3    134     36     45 
 20260324    03:21:04       0    140     36     43 
 20260324    03:21:04       1    143     37     46 
 20260324    03:21:04       2    128     36     45 
 20260324    03:21:04       3    134     36     43 
 20260324    03:21:34       0    140     36     43 
 20260324    03:21:34       1    143     37     46 
 20260324    03:21:34       2    129     36     45 
 20260324    03:21:34       3    135     36     44 
 20260324    03:22:04       0    140     36     43 
 20260324    03:22:04       1    143     37     46 
 20260324    03:22:04       2    128     36     45 
 20260324    03:22:04       3    134     36     44 
 20260324    03:22:34       0    140     36     43 
 20260324    03:22:34       1    143     37     46 
 20260324    03:22:34       2    128     36     45 
 20260324    03:22:34       3    134     36     45 
 20260324    03:23:04       0    140     36     43 
 20260324    03:23:04       1    143     37     46 
 20260324    03:23:04       2    128     36     45 
 20260324    03:23:04       3    135     36     45 
#Date        Time         gpu    pwr  gtemp  mtemp 
#YYYYMMDD    HH:MM:SS     Idx      W      C      C 
 20260324    03:23:34       0    140     36     43 
 20260324    03:23:34       1    143     37     46 
 20260324    03:23:34       2    128     36     45 
 20260324    03:23:34       3    134     36     43 
 20260324    03:24:04       0    140     36     45 
 20260324    03:24:04       1    143     37     46 
 20260324    03:24:04       2    128     36     45 
 20260324    03:24:04       3    135     36     45 
 20260324    03:24:34       0    140     36     43 
 20260324    03:24:34       1    143     37     46 
 20260324    03:24:34       2    128     36     45 
 20260324    03:24:34       3    134     36     45 
 20260324    03:25:04       0    140     36     43 
 20260324    03:25:04       1    143     37     46 
 20260324    03:25:04       2    128     36     45 
 20260324    03:25:04       3    134     36     45 
 20260324    03:25:34       0    140     36     43 
 20260324    03:25:34       1    143     37     46 
 20260324    03:25:34       2    128     36     45 
 20260324    03:25:34       3    134     36     43 
 20260324    03:26:04       0    140     36     43 
 20260324    03:26:04       1    144     37     46 
 20260324    03:26:04       2    128     36     45 
 20260324    03:26:04       3    135     36     43 
 20260324    03:26:34       0    140     36     44 
 20260324    03:26:34       1    144     37     46 
 20260324    03:26:34       2    128     36     45 
 20260324    03:26:34       3    135     36     45 
 20260324    03:27:04       0    140     36     43 
 20260324    03:27:04       1    144     37     46 
 20260324    03:27:04       2    128     36     45 
 20260324    03:27:04       3    134     36     45 
 20260324    03:27:34       0    140     36     43 
 20260324    03:27:34       1    144     37     46 
 20260324    03:27:34       2    128     36     45 
 20260324    03:27:34       3    135     36     45 
 20260324    03:28:04       0    140     36     43 
 20260324    03:28:04       1    144     37     46 
 20260324    03:28:04       2    128     36     45 
 20260324    03:28:04       3    134     36     45 
 20260324    03:28:34       0    140     36     43 
 20260324    03:28:34       1    143     37     46 
 20260324    03:28:34       2    128     36     45 
 20260324    03:28:34       3    135     36     45 
#Date        Time         gpu    pwr  gtemp  mtemp 
#YYYYMMDD    HH:MM:SS     Idx      W      C      C 
 20260324    03:29:04       0    140     36     43 
 20260324    03:29:04       1    143     37     46 
 20260324    03:29:04       2    128     36     45 
 20260324    03:29:04       3    134     36     44 
 20260324    03:29:34       0    140     36     43 
 20260324    03:29:34       1    143     37     46 
 20260324    03:29:34       2    128     36     45 
 20260324    03:29:34       3    134     36     44 
 20260324    03:30:04       0    140     36     43 
 20260324    03:30:04       1    143     37     46 
 20260324    03:30:04       2    128     36     45 
 20260324    03:30:04       3    135     36     45 
 20260324    03:30:34       0    140     36     43 
 20260324    03:30:34       1    143     37     46 
 20260324    03:30:34       2    128     36     45 
 20260324    03:30:34       3    134     36     45 
 20260324    03:31:04       0    140     36     43 
 20260324    03:31:04       1    143     37     46 
 20260324    03:31:04       2    128     36     45 
 20260324    03:31:04       3    135     36     44 
 20260324    03:31:34       0    140     36     43 
 20260324    03:31:34       1    143     37     46 
 20260324    03:31:34       2    128     36     45 
 20260324    03:31:34       3    134     36     45 
 20260324    03:32:04       0    140     36     43 
 20260324    03:32:04       1    143     37     46 
 20260324    03:32:04       2    128     36     45 
 20260324    03:32:04       3    134     36     45 
 20260324    03:32:34       0    140     36     43 
 20260324    03:32:34       1    143     37     46 
 20260324    03:32:34       2    128     36     45 
 20260324    03:32:34       3    134     36     45 
 20260324    03:33:04       0    140     36     43 
 20260324    03:33:04       1    143     37     46 
 20260324    03:33:04       2    128     36     45 
 20260324    03:33:04       3    135     36     45 
 20260324    03:33:34       0    140     36     43 
 20260324    03:33:34       1    143     37     46 
 20260324    03:33:34       2    128     36     45 
 20260324    03:33:34       3    135     36     44 
 20260324    03:34:04       0    140     36     43 
 20260324    03:34:04       1    143     37     46 
 20260324    03:34:04       2    128     36     45 
 20260324    03:34:04       3    134     36     44 
#Date        Time         gpu    pwr  gtemp  mtemp 
#YYYYMMDD    HH:MM:SS     Idx      W      C      C 
 20260324    03:34:34       0    140     36     43 
 20260324    03:34:34       1    143     37     46 
 20260324    03:34:34       2    128     36     45 
 20260324    03:34:34       3    135     36     45 
 20260324    03:35:04       0    140     36     43 
 20260324    03:35:04       1    143     37     46 
 20260324    03:35:04       2    128     36     45 
 20260324    03:35:04       3    135     36     45 
 20260324    03:35:34       0    140     36     43 
 20260324    03:35:34       1    143     37     46 
 20260324    03:35:34       2    128     36     45 
 20260324    03:35:34       3    135     36     45 
 20260324    03:36:04       0    140     36     43 
 20260324    03:36:04       1    143     37     46 
 20260324    03:36:04       2    127     36     45 
 20260324    03:36:04       3    135     36     45 
 20260324    03:36:34       0    140     36     43 
 20260324    03:36:34       1    143     37     46 
 20260324    03:36:34       2    127     36     45 
 20260324    03:36:34       3    134     36     45 
 20260324    03:37:04       0    140     36     43 
 20260324    03:37:04       1    143     37     46 
 20260324    03:37:04       2    127     36     45 
 20260324    03:37:04       3    135     36     45 
 20260324    03:37:34       0    140     36     43 
 20260324    03:37:34       1    143     37     46 
 20260324    03:37:34       2    128     36     45 
 20260324    03:37:34       3    134     36     45 
 20260324    03:38:04       0    140     36     43 
 20260324    03:38:04       1    143     37     46 
 20260324    03:38:04       2    128     36     45 
 20260324    03:38:04       3    134     36     43 
 20260324    03:38:34       0    140     36     43 
 20260324    03:38:34       1    143     37     46 
 20260324    03:38:34       2    128     36     45 
 20260324    03:38:34       3    134     36     43 
 20260324    03:39:04       0    140     36     43 
 20260324    03:39:04       1    143     37     46 
 20260324    03:39:04       2    128     36     45 
 20260324    03:39:04       3    134     36     45 
 20260324    03:39:34       0    140     36     43 
 20260324    03:39:34       1    143     37     46 
 20260324    03:39:34       2    128     36     45 
 20260324    03:39:34       3    134     36     43 
#Date        Time         gpu    pwr  gtemp  mtemp 
#YYYYMMDD    HH:MM:SS     Idx      W      C      C 
 20260324    03:40:05       0    140     36     43 
 20260324    03:40:05       1    143     37     46 
 20260324    03:40:05       2    128     36     45 
 20260324    03:40:05       3    134     36     44 
 20260324    03:40:35       0    140     36     43 
 20260324    03:40:35       1    143     37     46 
 20260324    03:40:35       2    128     36     45 
 20260324    03:40:35       3    134     36     45 
 20260324    03:41:05       0    140     36     43 
 20260324    03:41:05       1    144     37     46 
 20260324    03:41:05       2    128     36     45 
 20260324    03:41:05       3    134     36     44 
 20260324    03:41:35       0    140     36     43 
 20260324    03:41:35       1    144     37     46 
 20260324    03:41:35       2    128     36     45 
 20260324    03:41:35       3    135     36     45 
 20260324    03:42:05       0    140     36     43 
 20260324    03:42:05       1    144     37     46 
 20260324    03:42:05       2    128     36     45 
 20260324    03:42:05       3    135     36     44 
 20260324    03:42:35       0    140     36     43 
 20260324    03:42:35       1    144     37     46 
 20260324    03:42:35       2    128     36     45 
 20260324    03:42:35       3    135     36     45 
 20260324    03:43:05       0    140     36     44 
 20260324    03:43:05       1    143     37     46 
 20260324    03:43:05       2    128     36     45 
 20260324    03:43:05       3    135     36     45 
 20260324    03:43:35       0    140     36     43 
 20260324    03:43:35       1    143     37     46 
 20260324    03:43:35       2    128     36     45 
 20260324    03:43:35       3    134     36     45 
 20260324    03:44:05       0    140     36     43 
 20260324    03:44:05       1    143     37     46 
 20260324    03:44:05       2    128     36     45 
 20260324    03:44:05       3    134     36     45 
 20260324    03:44:35       0    140     36     43 
 20260324    03:44:35       1    143     37     46 
 20260324    03:44:35       2    128     36     45 
 20260324    03:44:35       3    135     36     45 
 20260324    03:45:05       0    140     36     43 
 20260324    03:45:05       1    144     37     46 
 20260324    03:45:05       2    128     36     45 
 20260324    03:45:05       3    134     36     45 
#Date        Time         gpu    pwr  gtemp  mtemp 
#YYYYMMDD    HH:MM:SS     Idx      W      C      C 
 20260324    03:45:35       0    140     36     43 
 20260324    03:45:35       1    143     37     46 
 20260324    03:45:35       2    128     36     45 
 20260324    03:45:35       3    135     36     45 
 20260324    03:46:05       0    140     37     43 
 20260324    03:46:05       1    144     37     46 
 20260324    03:46:05       2    128     36     45 
 20260324    03:46:05       3    134     36     45 
 20260324    03:46:35       0    140     36     43 
 20260324    03:46:35       1    144     37     46 
 20260324    03:46:35       2    128     36     45 
 20260324    03:46:35       3    135     36     45 
 20260324    03:47:05       0    140     36     43 
 20260324    03:47:05       1    143     37     46 
 20260324    03:47:05       2    128     36     45 
 20260324    03:47:05       3    134     36     45 
 20260324    03:47:35       0    140     36     43 
 20260324    03:47:35       1    143     37     46 
 20260324    03:47:35       2    128     36     45 
 20260324    03:47:35       3    134     36     44 
 20260324    03:48:05       0    140     36     43 
 20260324    03:48:05       1    143     37     46 
 20260324    03:48:05       2    128     36     45 
 20260324    03:48:05       3    134     36     43 
 20260324    03:48:35       0    140     36     43 
 20260324    03:48:35       1    143     37     46 
 20260324    03:48:35       2    128     36     45 
 20260324    03:48:35       3    134     36     43 
 20260324    03:49:05       0    140     36     43 
 20260324    03:49:05       1    143     37     46 
 20260324    03:49:05       2    128     36     45 
 20260324    03:49:05       3    134     36     43 
 20260324    03:49:35       0    140     36     43 
 20260324    03:49:35       1    143     37     46 
 20260324    03:49:35       2    128     36     45 
 20260324    03:49:35       3    134     36     44 
 20260324    03:50:05       0    140     36     43 
 20260324    03:50:05       1    143     37     46 
 20260324    03:50:05       2    128     36     45 
 20260324    03:50:05       3    134     36     45 
 20260324    03:50:35       0    140     36     43 
 20260324    03:50:35       1    144     37     46 
 20260324    03:50:35       2    128     36     45 
 20260324    03:50:35       3    134     36     45 
#Date        Time         gpu    pwr  gtemp  mtemp 
#YYYYMMDD    HH:MM:SS     Idx      W      C      C 
 20260324    03:51:05       0    140     36     43 
 20260324    03:51:05       1    143     37     46 
 20260324    03:51:05       2    128     36     45 
 20260324    03:51:05       3    134     36     43 
 20260324    03:51:35       0    140     36     43 
 20260324    03:51:35       1    143     37     46 
 20260324    03:51:35       2    128     36     45 
 20260324    03:51:35       3    134     36     43 
 20260324    03:52:05       0    140     36     43 
 20260324    03:52:05       1    143     37     46 
 20260324    03:52:05       2    128     36     45 
 20260324    03:52:05       3    134     36     43 
 20260324    03:52:35       0    140     36     43 
 20260324    03:52:35       1    143     37     46 
 20260324    03:52:35       2    128     36     45 
 20260324    03:52:35       3    134     36     44 
 20260324    03:53:05       0    140     36     43 
 20260324    03:53:05       1    143     37     46 
 20260324    03:53:05       2    128     36     45 
 20260324    03:53:05       3    134     36     43 
 20260324    03:53:35       0    140     36     43 
 20260324    03:53:35       1    143     37     46 
 20260324    03:53:35       2    128     36     45 
 20260324    03:53:35       3    134     36     45 
 20260324    03:54:05       0    140     36     43 
 20260324    03:54:05       1    143     37     46 
 20260324    03:54:05       2    128     36     45 
 20260324    03:54:05       3    134     36     44 
 20260324    03:54:35       0    140     36     43 
 20260324    03:54:35       1    143     37     46 
 20260324    03:54:35       2    128     36     45 
 20260324    03:54:35       3    135     36     45 
 20260324    03:55:05       0    140     36     43 
 20260324    03:55:05       1    143     37     46 
 20260324    03:55:05       2    128     36     45 
 20260324    03:55:05       3    135     36     43 
 20260324    03:55:35       0    140     36     44 
 20260324    03:55:35       1    143     37     46 
 20260324    03:55:35       2    128     36     45 
 20260324    03:55:35       3    134     36     45 
 20260324    03:56:05       0    140     36     43 
 20260324    03:56:05       1    143     37     46 
 20260324    03:56:05       2    128     36     45 
 20260324    03:56:05       3    134     36     45 
#Date        Time         gpu    pwr  gtemp  mtemp 
#YYYYMMDD    HH:MM:SS     Idx      W      C      C 
 20260324    03:56:35       0    140     36     43 
 20260324    03:56:35       1    143     37     46 
 20260324    03:56:35       2    128     36     45 
 20260324    03:56:35       3    134     36     45 
 20260324    03:57:05       0    140     36     43 
 20260324    03:57:05       1    143     37     46 
 20260324    03:57:05       2    128     36     45 
 20260324    03:57:05       3    135     36     45 
 20260324    03:57:35       0    140     36     43 
 20260324    03:57:35       1    143     37     46 
 20260324    03:57:35       2    128     36     45 
 20260324    03:57:35       3    134     36     45 
 20260324    03:58:05       0    140     36     43 
 20260324    03:58:05       1    143     37     46 
 20260324    03:58:05       2    128     36     45 
 20260324    03:58:05       3    135     36     45 
 20260324    03:58:35       0    140     36     43 
 20260324    03:58:35       1    143     37     46 
 20260324    03:58:35       2    128     36     45 
 20260324    03:58:35       3    134     36     45 
 20260324    03:59:05       0    140     36     43 
 20260324    03:59:05       1    144     37     46 
 20260324    03:59:05       2    128     36     45 
 20260324    03:59:05       3    135     36     45 
 20260324    03:59:35       0    140     36     43 
 20260324    03:59:35       1    143     37     46 
 20260324    03:59:35       2    128     36     45 
 20260324    03:59:35       3    135     36     45 
 20260324    04:00:05       0    141     36     43 
 20260324    04:00:05       1    144     37     46 
 20260324    04:00:05       2    128     36     45 
 20260324    04:00:05       3    135     36     45 
 20260324    04:00:35       0    142     36     43 
 20260324    04:00:35       1    144     37     46 
 20260324    04:00:35       2    128     36     45 
 20260324    04:00:35       3    135     36     45 
 20260324    04:01:05       0    141     36     43 
 20260324    04:01:05       1    144     37     46 
 20260324    04:01:05       2    128     36     45 
 20260324    04:01:05       3    135     36     44 
 20260324    04:01:35       0    141     36     43 
 20260324    04:01:35       1    144     37     46 
 20260324    04:01:35       2    128     36     45 
 20260324    04:01:35       3    135     36     45 
#Date        Time         gpu    pwr  gtemp  mtemp 
#YYYYMMDD    HH:MM:SS     Idx      W      C      C 
 20260324    04:02:05       0    141     36     43 
 20260324    04:02:05       1    144     37     46 
 20260324    04:02:05       2    128     36     45 
 20260324    04:02:05       3    135     36     45 
 20260324    04:02:35       0    141     36     44 
 20260324    04:02:35       1    144     37     46 
 20260324    04:02:35       2    128     36     45 
 20260324    04:02:35       3    135     36     45 
 20260324    04:03:05       0    141     36     43 
 20260324    04:03:05       1    144     37     46 
 20260324    04:03:05       2    128     36     45 
 20260324    04:03:05       3    135     36     45 
 20260324    04:03:35       0    141     36     43 
 20260324    04:03:35       1    144     37     46 
 20260324    04:03:35       2    128     36     45 
 20260324    04:03:35       3    134     36     43 
 20260324    04:04:05       0    141     36     43 
 20260324    04:04:05       1    144     37     46 
 20260324    04:04:05       2    128     36     45 
 20260324    04:04:05       3    134     36     45 
 20260324    04:04:35       0    141     36     43 
 20260324    04:04:35       1    144     37     46 
 20260324    04:04:35       2    128     36     45 
 20260324    04:04:35       3    134     36     44 
 20260324    04:05:05       0    141     36     43 
 20260324    04:05:05       1    144     37     46 
 20260324    04:05:05       2    128     36     45 
 20260324    04:05:05       3    135     36     44 
 20260324    04:05:35       0    141     36     43 
 20260324    04:05:35       1    144     37     46 
 20260324    04:05:35       2    128     36     45 
 20260324    04:05:35       3    134     36     44 
 20260324    04:06:05       0    141     36     43 
 20260324    04:06:05       1    143     37     46 
 20260324    04:06:05       2    128     36     45 
 20260324    04:06:05       3    134     36     43 
 20260324    04:06:35       0    141     36     43 
 20260324    04:06:35       1    144     37     46 
 20260324    04:06:35       2    128     36     45 
 20260324    04:06:35       3    134     36     45 
 20260324    04:07:05       0    141     36     43 
 20260324    04:07:05       1    143     37     46 
 20260324    04:07:05       2    128     36     45 
 20260324    04:07:05       3    134     36     44 
#Date        Time         gpu    pwr  gtemp  mtemp 
#YYYYMMDD    HH:MM:SS     Idx      W      C      C 
 20260324    04:07:35       0    140     36     43 
 20260324    04:07:35       1    144     37     46 
 20260324    04:07:35       2    129     36     45 
 20260324    04:07:35       3    135     36     43 
 20260324    04:08:05       0    140     36     43 
 20260324    04:08:05       1    143     37     46 
 20260324    04:08:05       2    129     36     45 
 20260324    04:08:05       3    134     36     43 
 20260324    04:08:35       0    139     36     43 
 20260324    04:08:35       1    143     37     46 
 20260324    04:08:35       2    129     36     45 
 20260324    04:08:35       3    134     36     43 
 20260324    04:09:05       0    147     37     45 
 20260324    04:09:05       1    150     38     46 
 20260324    04:09:05       2    137     37     45 
 20260324    04:09:05       3    142     37     45 
 20260324    04:09:35       0    147     37     45 
 20260324    04:09:35       1    150     38     46 
 20260324    04:09:35       2    136     37     45 
 20260324    04:09:35       3    141     37     45 
 20260324    04:10:05       0    147     37     45 
 20260324    04:10:05       1    150     38     46 
 20260324    04:10:05       2    137     37     45 
 20260324    04:10:05       3    141     36     45 
 20260324    04:10:35       0    148     37     45 
 20260324    04:10:35       1    151     38     46 
 20260324    04:10:35       2    136     37     45 
 20260324    04:10:35       3    142     36     45 
 20260324    04:11:05       0    140     36     45 
 20260324    04:11:05       1    144     37     46 
 20260324    04:11:05       2    129     36     45 
 20260324    04:11:05       3    136     36     45 
 20260324    04:11:35       0    139     36     43 
 20260324    04:11:35       1    144     37     46 
 20260324    04:11:35       2    129     36     45 
 20260324    04:11:35       3    135     36     45 
 20260324    04:12:05       0    140     36     43 
 20260324    04:12:05       1    143     37     46 
 20260324    04:12:05       2    129     36     45 
 20260324    04:12:05       3    135     36     45 
 20260324    04:12:35       0    139     36     44 
 20260324    04:12:35       1    143     37     46 
 20260324    04:12:35       2    129     36     45 
 20260324    04:12:35       3    135     36     44 
#Date        Time         gpu    pwr  gtemp  mtemp 
#YYYYMMDD    HH:MM:SS     Idx      W      C      C 
 20260324    04:13:05       0    139     36     43 
 20260324    04:13:05       1    144     37     46 
 20260324    04:13:05       2    129     36     45 
 20260324    04:13:05       3    135     36     45 
 20260324    04:13:35       0    139     36     43 
 20260324    04:13:35       1    143     37     46 
 20260324    04:13:35       2    129     36     45 
 20260324    04:13:35       3    135     36     43 
 20260324    04:14:05       0    139     36     43 
 20260324    04:14:05       1    144     37     46 
 20260324    04:14:05       2    129     36     45 
 20260324    04:14:05       3    135     36     44 
 20260324    04:14:35       0    139     36     43 
 20260324    04:14:35       1    143     37     46 
 20260324    04:14:35       2    129     36     45 
 20260324    04:14:35       3    135     36     44 
 20260324    04:15:05       0    139     36     43 
 20260324    04:15:05       1    143     37     46 
 20260324    04:15:05       2    129     36     45 
 20260324    04:15:05       3    135     36     44 
 20260324    04:15:35       0    139     36     43 
 20260324    04:15:35       1    143     37     46 
 20260324    04:15:35       2    129     36     45 
 20260324    04:15:35       3    135     36     44 
 20260324    04:16:05       0    139     36     43 
 20260324    04:16:05       1    143     37     46 
 20260324    04:16:05       2    129     36     45 
 20260324    04:16:05       3    135     36     44 
 20260324    04:16:35       0    139     36     43 
 20260324    04:16:35       1    143     37     46 
 20260324    04:16:35       2    129     36     45 
 20260324    04:16:35       3    135     36     43 
 20260324    04:17:05       0    139     36     43 
 20260324    04:17:05       1    143     37     46 
 20260324    04:17:05       2    129     36     45 
 20260324    04:17:05       3    135     36     44 
 20260324    04:17:35       0    139     36     43 
 20260324    04:17:35       1    143     37     46 
 20260324    04:17:35       2    129     36     45 
 20260324    04:17:35       3    135     36     43 
 20260324    04:18:05       0    139     36     43 
 20260324    04:18:05       1    143     37     46 
 20260324    04:18:05       2    129     36     45 
 20260324    04:18:05       3    134     35     43 
#Date        Time         gpu    pwr  gtemp  mtemp 
#YYYYMMDD    HH:MM:SS     Idx      W      C      C 
 20260324    04:18:35       0    142     36     44 
 20260324    04:18:35       1    143     37     46 
 20260324    04:18:35       2    128     36     45 
 20260324    04:18:35       3    135     36     43 
 20260324    04:19:05       0    142     36     43 
 20260324    04:19:05       1    143     37     46 
 20260324    04:19:05       2    128     36     45 
 20260324    04:19:05       3    135     36     44 
 20260324    04:19:35       0    141     36     43 
 20260324    04:19:35       1    143     37     46 
 20260324    04:19:35       2    128     36     45 
 20260324    04:19:35       3    135     36     44 
 20260324    04:20:05       0    141     36     43 
 20260324    04:20:05       1    143     37     46 
 20260324    04:20:05       2    128     36     45 
 20260324    04:20:05       3    135     36     43 
 20260324    04:20:35       0    140     36     43 
 20260324    04:20:35       1    143     37     46 
 20260324    04:20:35       2    128     36     45 
 20260324    04:20:35       3    135     36     43 
 20260324    04:21:05       0    141     36     43 
 20260324    04:21:05       1    143     37     46 
 20260324    04:21:05       2    128     36     45 
 20260324    04:21:05       3    135     36     43 
 20260324    04:21:35       0    141     36     43 
 20260324    04:21:35       1    143     37     46 
 20260324    04:21:35       2    128     36     45 
 20260324    04:21:35       3    135     36     43 
 20260324    04:22:05       0    140     36     43 
 20260324    04:22:05       1    143     37     46 
 20260324    04:22:05       2    128     36     45 
 20260324    04:22:05       3    135     36     43 
 20260324    04:22:35       0    140     36     43 
 20260324    04:22:35       1    143     37     46 
 20260324    04:22:35       2    129     36     45 
 20260324    04:22:35       3    135     36     43 
 20260324    04:23:05       0    141     36     43 
 20260324    04:23:05       1    143     37     46 
 20260324    04:23:05       2    129     36     45 
 20260324    04:23:05       3    135     36     43 
 20260324    04:23:35       0    141     36     44 
 20260324    04:23:35       1    143     37     46 
 20260324    04:23:35       2    128     36     45 
 20260324    04:23:35       3    135     36     44 
#Date        Time         gpu    pwr  gtemp  mtemp 
#YYYYMMDD    HH:MM:SS     Idx      W      C      C 
 20260324    04:24:05       0    141     36     43 
 20260324    04:24:05       1    143     37     46 
 20260324    04:24:05       2    128     36     45 
 20260324    04:24:05       3    135     36     45 
 20260324    04:24:35       0    141     36     44 
 20260324    04:24:35       1    143     37     46 
 20260324    04:24:35       2    129     36     45 
 20260324    04:24:35       3    135     36     44 
 20260324    04:25:05       0    141     36     43 
 20260324    04:25:05       1    143     37     46 
 20260324    04:25:05       2    129     36     45 
 20260324    04:25:05       3    135     36     45 
 20260324    04:25:35       0    141     36     43 
 20260324    04:25:35       1    143     37     46 
 20260324    04:25:35       2    128     36     45 
 20260324    04:25:35       3    135     36     43 
 20260324    04:26:05       0    140     36     43 
 20260324    04:26:05       1    143     37     46 
 20260324    04:26:05       2    129     36     45 
 20260324    04:26:05       3    134     36     43 
 20260324    04:26:35       0    141     36     43 
 20260324    04:26:35       1    144     37     46 
 20260324    04:26:35       2    129     36     45 
 20260324    04:26:35       3    135     36     43 
 20260324    04:27:05       0    141     36     43 
 20260324    04:27:05       1    144     37     46 
 20260324    04:27:05       2    129     36     45 
 20260324    04:27:05       3    135     36     43 
 20260324    04:27:35       0    141     36     43 
 20260324    04:27:35       1    144     37     46 
 20260324    04:27:35       2    129     36     45 
 20260324    04:27:35       3    135     36     45 
 20260324    04:28:05       0    141     36     43 
 20260324    04:28:05       1    144     37     46 
 20260324    04:28:05       2    129     36     45 
 20260324    04:28:05       3    136     36     44 
 20260324    04:28:35       0    141     36     43 
 20260324    04:28:35       1    144     37     46 
 20260324    04:28:35       2    129     36     45 
 20260324    04:28:35       3    135     36     44 
 20260324    04:29:05       0    141     36     43 
 20260324    04:29:05       1    144     37     46 
 20260324    04:29:05       2    128     36     45 
 20260324    04:29:05       3    135     36     44 
#Date        Time         gpu    pwr  gtemp  mtemp 
#YYYYMMDD    HH:MM:SS     Idx      W      C      C 
 20260324    04:29:35       0    141     36     43 
 20260324    04:29:35       1    144     37     46 
 20260324    04:29:35       2    129     36     45 
 20260324    04:29:35       3    135     36     45 
 20260324    04:30:05       0    141     36     43 
 20260324    04:30:05       1    144     37     46 
 20260324    04:30:05       2    129     36     45 
 20260324    04:30:05       3    135     36     45 
 20260324    04:30:35       0    141     36     43 
 20260324    04:30:35       1    144     37     46 
 20260324    04:30:35       2    129     36     45 
 20260324    04:30:35       3    135     36     45 
 20260324    04:31:05       0    140     36     43 
 20260324    04:31:05       1    144     37     46 
 20260324    04:31:05       2    129     36     45 
 20260324    04:31:05       3    135     36     43 
 20260324    04:31:35       0    140     36     43 
 20260324    04:31:35       1    144     37     46 
 20260324    04:31:35       2    128     36     45 
 20260324    04:31:35       3    135     36     44 
 20260324    04:32:05       0    140     36     43 
 20260324    04:32:05       1    144     37     46 
 20260324    04:32:05       2    129     36     45 
 20260324    04:32:05       3    136     36     45 
 20260324    04:32:35       0    141     36     43 
 20260324    04:32:35       1    144     37     46 
 20260324    04:32:35       2    129     36     45 
 20260324    04:32:35       3    135     36     43 
 20260324    04:33:05       0    141     36     43 
 20260324    04:33:05       1    144     37     46 
 20260324    04:33:05       2    129     36     45 
 20260324    04:33:05       3    136     36     43 
 20260324    04:33:35       0    148     37     45 
 20260324    04:33:35       1    151     38     46 
 20260324    04:33:35       2    136     37     45 
 20260324    04:33:35       3    142     37     45 
 20260324    04:34:05       0    141     36     43 
 20260324    04:34:05       1    145     37     46 
 20260324    04:34:05       2    129     36     45 
 20260324    04:34:05       3    135     36     45 
 20260324    04:34:35       0    141     36     43 
 20260324    04:34:35       1    144     37     46 
 20260324    04:34:35       2    129     36     45 
 20260324    04:34:35       3    135     36     45 
#Date        Time         gpu    pwr  gtemp  mtemp 
#YYYYMMDD    HH:MM:SS     Idx      W      C      C 
 20260324    04:35:05       0    141     36     43 
 20260324    04:35:05       1    144     37     46 
 20260324    04:35:05       2    129     36     45 
 20260324    04:35:05       3    135     36     45 
 20260324    04:35:35       0    141     36     43 
 20260324    04:35:35       1    144     37     46 
 20260324    04:35:35       2    129     36     45 
 20260324    04:35:35       3    135     36     43 
 20260324    04:36:05       0    141     36     44 
 20260324    04:36:05       1    144     37     46 
 20260324    04:36:05       2    129     36     45 
 20260324    04:36:05       3    135     36     44 
 20260324    04:36:35       0    141     36     43 
 20260324    04:36:35       1    144     37     46 
 20260324    04:36:35       2    129     36     45 
 20260324    04:36:35       3    135     36     45 
 20260324    04:37:05       0    141     36     43 
 20260324    04:37:05       1    144     37     46 
 20260324    04:37:05       2    129     36     45 
 20260324    04:37:05       3    135     36     43 
 20260324    04:37:35       0    141     36     43 
 20260324    04:37:35       1    144     37     46 
 20260324    04:37:35       2    129     36     45 
 20260324    04:37:35       3    135     36     43 
 20260324    04:38:05       0    141     36     43 
 20260324    04:38:05       1    144     37     46 
 20260324    04:38:05       2    129     36     45 
 20260324    04:38:05       3    135     36     44 
 20260324    04:38:35       0    141     36     43 
 20260324    04:38:35       1    144     37     46 
 20260324    04:38:35       2    129     36     45 
 20260324    04:38:35       3    136     36     43 
 20260324    04:39:05       0    141     36     43 
 20260324    04:39:05       1    144     37     46 
 20260324    04:39:05       2    129     36     45 
 20260324    04:39:05       3    135     36     43 
 20260324    04:39:35       0    141     36     43 
 20260324    04:39:35       1    144     37     46 
 20260324    04:39:35       2    129     36     45 
 20260324    04:39:35       3    135     36     44 
 20260324    04:40:05       0    141     36     43 
 20260324    04:40:05       1    144     37     46 
 20260324    04:40:05       2    129     36     45 
 20260324    04:40:05       3    135     36     44 
#Date        Time         gpu    pwr  gtemp  mtemp 
#YYYYMMDD    HH:MM:SS     Idx      W      C      C 
 20260324    04:40:35       0    141     36     43 
 20260324    04:40:35       1    144     37     46 
 20260324    04:40:35       2    129     36     45 
 20260324    04:40:35       3    135     36     44 
 20260324    04:41:05       0    141     36     45 
 20260324    04:41:05       1    143     37     46 
 20260324    04:41:05       2    129     36     45 
 20260324    04:41:05       3    135     36     45 
 20260324    04:41:35       0    142     36     44 
 20260324    04:41:35       1    145     37     46 
 20260324    04:41:35       2    129     36     45 
 20260324    04:41:35       3    135     36     45 
 20260324    04:42:05       0    142     36     43 
 20260324    04:42:05       1    145     37     46 
 20260324    04:42:05       2    129     36     45 
 20260324    04:42:05       3    136     36     43 
 20260324    04:42:35       0    141     36     43 
 20260324    04:42:35       1    144     37     46 
 20260324    04:42:35       2    129     36     45 
 20260324    04:42:35       3    135     36     43 
 20260324    04:43:05       0    141     36     43 
 20260324    04:43:05       1    144     37     46 
 20260324    04:43:05       2    129     36     45 
 20260324    04:43:05       3    135     36     43 
 20260324    04:43:35       0    140     36     43 
 20260324    04:43:35       1    144     37     46 
 20260324    04:43:35       2    129     36     45 
 20260324    04:43:35       3    135     36     44 
 20260324    04:44:05       0    140     36     43 
 20260324    04:44:05       1    145     37     46 
 20260324    04:44:05       2    129     36     45 
 20260324    04:44:05       3    135     36     45 
 20260324    04:44:35       0    140     36     43 
 20260324    04:44:35       1    144     37     46 
 20260324    04:44:35       2    129     36     45 
 20260324    04:44:35       3    135     36     45 
 20260324    04:45:05       0    140     36     43 
 20260324    04:45:05       1    144     37     46 
 20260324    04:45:05       2    129     36     45 
 20260324    04:45:05       3    135     36     45 
 20260324    04:45:35       0    140     36     43 
 20260324    04:45:35       1    144     37     46 
 20260324    04:45:35       2    129     36     45 
 20260324    04:45:35       3    135     36     43 
#Date        Time         gpu    pwr  gtemp  mtemp 
#YYYYMMDD    HH:MM:SS     Idx      W      C      C 
 20260324    04:46:05       0    140     36     43 
 20260324    04:46:05       1    144     37     46 
 20260324    04:46:05       2    129     36     45 
 20260324    04:46:05       3    135     36     45 
 20260324    04:46:35       0    140     36     43 
 20260324    04:46:35       1    144     37     46 
 20260324    04:46:35       2    129     36     45 
 20260324    04:46:35       3    135     36     44 
 20260324    04:47:05       0    140     36     43 
 20260324    04:47:05       1    144     37     46 
 20260324    04:47:05       2    129     36     45 
 20260324    04:47:05       3    135     36     44 
 20260324    04:47:35       0    140     36     43 
 20260324    04:47:35       1    144     37     46 
 20260324    04:47:35       2    129     36     45 
 20260324    04:47:35       3    135     36     45 
 20260324    04:48:05       0    140     36     43 
 20260324    04:48:05       1    145     37     46 
 20260324    04:48:05       2    129     36     45 
 20260324    04:48:05       3    135     36     44 
 20260324    04:48:35       0    140     36     43 
 20260324    04:48:35       1    144     37     46 
 20260324    04:48:35       2    129     37     45 
 20260324    04:48:35       3    135     36     45 
 20260324    04:49:05       0    142     37     45 
 20260324    04:49:05       1    145     37     46 
 20260324    04:49:05       2    130     37     45 
 20260324    04:49:05       3    135     36     45 
 20260324    04:49:35       0    141     36     44 
 20260324    04:49:35       1    145     37     46 
 20260324    04:49:35       2    129     36     45 
 20260324    04:49:35       3    135     36     45 
 20260324    04:50:05       0    141     36     43 
 20260324    04:50:05       1    145     37     46 
 20260324    04:50:05       2    129     36     45 
 20260324    04:50:05       3    135     36     45 
 20260324    04:50:35       0    141     36     44 
 20260324    04:50:35       1    145     37     46 
 20260324    04:50:35       2    129     36     45 
 20260324    04:50:35       3    135     36     45 
 20260324    04:51:05       0    141     36     44 
 20260324    04:51:05       1    144     37     46 
 20260324    04:51:05       2    129     37     45 
 20260324    04:51:05       3    135     36     45 
#Date        Time         gpu    pwr  gtemp  mtemp 
#YYYYMMDD    HH:MM:SS     Idx      W      C      C 
 20260324    04:51:35       0    141     36     43 
 20260324    04:51:35       1    144     37     46 
 20260324    04:51:35       2    129     36     45 
 20260324    04:51:35       3    135     36     44 
 20260324    04:52:05       0    141     36     43 
 20260324    04:52:05       1    144     37     46 
 20260324    04:52:05       2    129     36     45 
 20260324    04:52:05       3    135     36     43 
 20260324    04:52:35       0    141     36     43 
 20260324    04:52:35       1    144     37     46 
 20260324    04:52:35       2    129     36     45 
 20260324    04:52:35       3    135     36     44 
 20260324    04:53:05       0    141     36     43 
 20260324    04:53:05       1    144     37     46 
 20260324    04:53:05       2    129     36     45 
 20260324    04:53:05       3    135     36     44 
 20260324    04:53:35       0    141     36     43 
 20260324    04:53:35       1    144     37     46 
 20260324    04:53:35       2    129     36     45 
 20260324    04:53:35       3    135     36     45 
 20260324    04:54:05       0    141     36     43 
 20260324    04:54:05       1    144     37     46 
 20260324    04:54:05       2    129     36     45 
 20260324    04:54:05       3    135     36     45 
 20260324    04:54:35       0    141     36     44 
 20260324    04:54:35       1    145     37     46 
 20260324    04:54:35       2    129     36     45 
 20260324    04:54:35       3    135     36     45 
 20260324    04:55:05       0    140     36     44 
 20260324    04:55:05       1    144     37     46 
 20260324    04:55:05       2    129     36     45 
 20260324    04:55:05       3    135     36     45 
 20260324    04:55:35       0    140     36     43 
 20260324    04:55:35       1    145     37     46 
 20260324    04:55:35       2    129     36     45 
 20260324    04:55:35       3    135     36     45 
 20260324    04:56:05       0    140     36     43 
 20260324    04:56:05       1    144     37     46 
 20260324    04:56:05       2    129     36     45 
 20260324    04:56:05       3    135     36     45 
 20260324    04:56:35       0    140     36     43 
 20260324    04:56:35       1    142     37     46 
 20260324    04:56:35       2    128     36     45 
 20260324    04:56:35       3    134     36     44 
#Date        Time         gpu    pwr  gtemp  mtemp 
#YYYYMMDD    HH:MM:SS     Idx      W      C      C 
 20260324    04:57:05       0    141     36     43 
 20260324    04:57:05       1    144     37     46 
 20260324    04:57:05       2    130     36     45 
 20260324    04:57:05       3    135     36     45 
 20260324    04:57:35       0    141     36     43 
 20260324    04:57:35       1    144     37     46 
 20260324    04:57:35       2    130     37     45 
 20260324    04:57:35       3    136     36     45 
 20260324    04:58:05       0    140     36     43 
 20260324    04:58:05       1    144     37     46 
 20260324    04:58:05       2    130     36     45 
 20260324    04:58:05       3    135     36     44 
 20260324    04:58:35       0    140     36     43 
 20260324    04:58:35       1    144     37     46 
 20260324    04:58:35       2    129     36     45 
 20260324    04:58:35       3    135     36     44 
 20260324    04:59:05       0    140     36     43 
 20260324    04:59:05       1    144     37     46 
 20260324    04:59:05       2    129     36     45 
 20260324    04:59:05       3    135     36     44 
 20260324    04:59:35       0    140     36     43 
 20260324    04:59:35       1    144     37     46 
 20260324    04:59:35       2    129     36     45 
 20260324    04:59:35       3    135     36     45 
 20260324    05:00:05       0    140     36     43 
 20260324    05:00:05       1    144     37     46 
 20260324    05:00:05       2    129     36     45 
 20260324    05:00:05       3    135     36     44 
 20260324    05:00:35       0    140     36     43 
 20260324    05:00:35       1    144     37     46 
 20260324    05:00:35       2    129     36     45 
 20260324    05:00:35       3    135     36     44 
 20260324    05:01:05       0    140     36     43 
 20260324    05:01:05       1    144     37     46 
 20260324    05:01:05       2    129     36     45 
 20260324    05:01:05       3    135     36     43 
 20260324    05:01:35       0    140     36     43 
 20260324    05:01:35       1    144     37     46 
 20260324    05:01:35       2    129     36     45 
 20260324    05:01:35       3    135     36     45 
 20260324    05:02:05       0    140     36     44 
 20260324    05:02:05       1    144     37     46 
 20260324    05:02:05       2    129     36     45 
 20260324    05:02:05       3    135     36     45 
#Date        Time         gpu    pwr  gtemp  mtemp 
#YYYYMMDD    HH:MM:SS     Idx      W      C      C 
 20260324    05:02:35       0    140     36     43 
 20260324    05:02:35       1    144     37     46 
 20260324    05:02:35       2    129     36     45 
 20260324    05:02:35       3    135     36     43 
 20260324    05:03:05       0    140     36     43 
 20260324    05:03:05       1    144     37     46 
 20260324    05:03:05       2    129     36     45 
 20260324    05:03:05       3    135     36     43 
 20260324    05:03:35       0    140     36     43 
 20260324    05:03:35       1    144     37     46 
 20260324    05:03:35       2    129     36     45 
 20260324    05:03:35       3    135     36     43 
 20260324    05:04:05       0    147     37     45 
 20260324    05:04:05       1    150     38     46 
 20260324    05:04:05       2    135     37     46 
 20260324    05:04:05       3    140     36     45 
 20260324    05:04:35       0    140     36     43 
 20260324    05:04:35       1    142     37     46 
 20260324    05:04:35       2    129     36     45 
 20260324    05:04:35       3    135     36     44 
 20260324    05:05:05       0    140     36     43 
 20260324    05:05:05       1    143     37     46 
 20260324    05:05:05       2    129     36     45 
 20260324    05:05:05       3    135     36     44 
 20260324    05:05:35       0    140     36     43 
 20260324    05:05:35       1    143     37     46 
 20260324    05:05:35       2    129     36     45 
 20260324    05:05:35       3    135     36     45 
 20260324    05:06:05       0    140     36     43 
 20260324    05:06:05       1    142     37     46 
 20260324    05:06:05       2    128     36     45 
 20260324    05:06:05       3    135     36     45 
 20260324    05:06:35       0    140     36     43 
 20260324    05:06:35       1    143     37     46 
 20260324    05:06:35       2    129     36     45 
 20260324    05:06:35       3    135     36     43 
 20260324    05:07:05       0    140     36     43 
 20260324    05:07:05       1    142     37     46 
 20260324    05:07:05       2    128     36     45 
 20260324    05:07:05       3    135     36     44 
 20260324    05:07:35       0    140     36     43 
 20260324    05:07:35       1    143     37     46 
 20260324    05:07:35       2    128     36     45 
 20260324    05:07:35       3    135     36     43 
#Date        Time         gpu    pwr  gtemp  mtemp 
#YYYYMMDD    HH:MM:SS     Idx      W      C      C 
 20260324    05:08:05       0    140     36     43 
 20260324    05:08:05       1    142     37     46 
 20260324    05:08:05       2    128     36     45 
 20260324    05:08:05       3    135     36     44 
 20260324    05:08:35       0    140     36     43 
 20260324    05:08:35       1    142     37     46 
 20260324    05:08:35       2    128     36     45 
 20260324    05:08:35       3    135     36     43 
 20260324    05:09:05       0    140     36     43 
 20260324    05:09:05       1    143     37     46 
 20260324    05:09:05       2    129     36     45 
 20260324    05:09:05       3    135     36     45 
 20260324    05:09:35       0    140     36     43 
 20260324    05:09:35       1    143     37     46 
 20260324    05:09:35       2    129     36     45 
 20260324    05:09:35       3    135     36     44 
 20260324    05:10:05       0    140     36     43 
 20260324    05:10:05       1    143     37     46 
 20260324    05:10:05       2    129     36     45 
 20260324    05:10:05       3    135     36     45 
 20260324    05:10:35       0    140     36     44 
 20260324    05:10:35       1    143     37     46 
 20260324    05:10:35       2    128     36     45 
 20260324    05:10:35       3    135     36     43 
 20260324    05:11:05       0    140     36     43 
 20260324    05:11:05       1    143     37     46 
 20260324    05:11:05       2    128     36     45 
 20260324    05:11:05       3    135     36     45 
 20260324    05:11:35       0    140     36     43 
 20260324    05:11:35       1    142     37     46 
 20260324    05:11:35       2    129     36     45 
 20260324    05:11:35       3    134     36     45 
 20260324    05:12:05       0    141     36     43 
 20260324    05:12:05       1    145     37     46 
 20260324    05:12:05       2    129     36     45 
 20260324    05:12:05       3    137     36     45 
 20260324    05:12:35       0    141     36     43 
 20260324    05:12:35       1    144     37     46 
 20260324    05:12:35       2    129     36     45 
 20260324    05:12:35       3    136     36     43 
 20260324    05:13:05       0    141     36     43 
 20260324    05:13:05       1    144     37     46 
 20260324    05:13:05       2    129     36     45 
 20260324    05:13:05       3    135     36     45 
#Date        Time         gpu    pwr  gtemp  mtemp 
#YYYYMMDD    HH:MM:SS     Idx      W      C      C 
 20260324    05:13:35       0    141     36     43 
 20260324    05:13:35       1    144     37     46 
 20260324    05:13:35       2    129     36     45 
 20260324    05:13:35       3    135     36     45 
 20260324    05:14:05       0    141     36     43 
 20260324    05:14:05       1    144     37     46 
 20260324    05:14:05       2    129     36     45 
 20260324    05:14:05       3    136     36     45 
 20260324    05:14:35       0    141     36     43 
 20260324    05:14:35       1    145     37     46 
 20260324    05:14:35       2    129     36     45 
 20260324    05:14:35       3    135     36     45 
 20260324    05:15:05       0    141     36     43 
 20260324    05:15:05       1    145     37     46 
 20260324    05:15:05       2    129     36     45 
 20260324    05:15:05       3    135     36     45 
 20260324    05:15:35       0    141     36     43 
 20260324    05:15:35       1    144     37     46 
 20260324    05:15:35       2    129     36     45 
 20260324    05:15:35       3    135     36     45 
 20260324    05:16:05       0    141     36     43 
 20260324    05:16:05       1    144     37     46 
 20260324    05:16:05       2    129     36     45 
 20260324    05:16:05       3    135     36     45 
 20260324    05:16:35       0    141     36     45 
 20260324    05:16:35       1    144     37     46 
 20260324    05:16:35       2    129     37     45 
 20260324    05:16:35       3    135     36     45 
 20260324    05:17:05       0    141     36     43 
 20260324    05:17:05       1    144     37     46 
 20260324    05:17:05       2    129     36     45 
 20260324    05:17:05       3    135     36     45 
 20260324    05:17:36       0    141     36     43 
 20260324    05:17:36       1    144     37     46 
 20260324    05:17:36       2    129     36     45 
 20260324    05:17:36       3    135     36     44 
 20260324    05:18:06       0    141     36     43 
 20260324    05:18:06       1    144     37     46 
 20260324    05:18:06       2    129     36     45 
 20260324    05:18:06       3    135     36     43 
 20260324    05:18:36       0    141     36     44 
 20260324    05:18:36       1    145     37     46 
 20260324    05:18:36       2    129     36     45 
 20260324    05:18:36       3    135     36     45 
#Date        Time         gpu    pwr  gtemp  mtemp 
#YYYYMMDD    HH:MM:SS     Idx      W      C      C 
 20260324    05:19:06       0    141     36     43 
 20260324    05:19:06       1    144     37     46 
 20260324    05:19:06       2    129     36     45 
 20260324    05:19:06       3    135     36     43 
 20260324    05:19:36       0    141     36     44 
 20260324    05:19:36       1    145     37     46 
 20260324    05:19:36       2    130     37     45 
 20260324    05:19:36       3    135     36     45 
 20260324    05:20:06       0    140     36     43 
 20260324    05:20:06       1    144     37     46 
 20260324    05:20:06       2    129     36     45 
 20260324    05:20:06       3    135     36     45 
 20260324    05:20:36       0    140     36     43 
 20260324    05:20:36       1    144     37     46 
 20260324    05:20:36       2    129     36     45 
 20260324    05:20:36       3    135     36     43 
 20260324    05:21:06       0    140     36     43 
 20260324    05:21:06       1    145     37     46 
 20260324    05:21:06       2    129     36     45 
 20260324    05:21:06       3    135     36     45 
 20260324    05:21:36       0    140     36     44 
 20260324    05:21:36       1    144     37     46 
 20260324    05:21:36       2    128     36     45 
 20260324    05:21:36       3    135     36     45 
 20260324    05:22:06       0    140     36     43 
 20260324    05:22:06       1    144     37     46 
 20260324    05:22:06       2    128     36     45 
 20260324    05:22:06       3    135     36     43 
 20260324    05:22:36       0    140     36     43 
 20260324    05:22:36       1    144     37     46 
 20260324    05:22:36       2    128     36     45 
 20260324    05:22:36       3    135     36     45 
 20260324    05:23:06       0    140     36     45 
 20260324    05:23:06       1    144     37     46 
 20260324    05:23:06       2    128     36     45 
 20260324    05:23:06       3    135     36     45 
 20260324    05:23:36       0    140     36     43 
 20260324    05:23:36       1    144     37     46 
 20260324    05:23:36       2    128     36     45 
 20260324    05:23:36       3    135     36     45 
 20260324    05:24:06       0    140     36     43 
 20260324    05:24:06       1    144     37     46 
 20260324    05:24:06       2    128     36     45 
 20260324    05:24:06       3    135     36     44 
#Date        Time         gpu    pwr  gtemp  mtemp 
#YYYYMMDD    HH:MM:SS     Idx      W      C      C 
 20260324    05:24:36       0    140     36     43 
 20260324    05:24:36       1    144     37     46 
 20260324    05:24:36       2    128     36     45 
 20260324    05:24:36       3    135     36     43 
 20260324    05:25:06       0    140     36     43 
 20260324    05:25:06       1    144     37     46 
 20260324    05:25:06       2    128     36     45 
 20260324    05:25:06       3    135     36     45 
 20260324    05:25:36       0    140     36     43 
 20260324    05:25:36       1    144     37     46 
 20260324    05:25:36       2    128     36     45 
 20260324    05:25:36       3    135     36     45 
 20260324    05:26:06       0    140     36     44 
 20260324    05:26:06       1    144     37     46 
 20260324    05:26:06       2    128     36     45 
 20260324    05:26:06       3    135     36     45 
 20260324    05:26:36       0    140     36     43 
 20260324    05:26:36       1    144     37     46 
 20260324    05:26:36       2    128     36     45 
 20260324    05:26:36       3    135     36     45 
 20260324    05:27:06       0    148     37     45 
 20260324    05:27:06       1    153     38     46 
 20260324    05:27:06       2    138     37     45 
 20260324    05:27:06       3    143     37     45 
 20260324    05:27:36       0    140     36     43 
 20260324    05:27:36       1    145     37     46 
 20260324    05:27:36       2    129     36     45 
 20260324    05:27:36       3    135     36     45 
 20260324    05:28:06       0    140     36     43 
 20260324    05:28:06       1    145     37     46 
 20260324    05:28:06       2    129     36     45 
 20260324    05:28:06       3    135     36     43 
 20260324    05:28:36       0    140     36     43 
 20260324    05:28:36       1    145     37     46 
 20260324    05:28:36       2    128     36     45 
 20260324    05:28:36       3    135     36     44 
 20260324    05:29:06       0    140     36     43 
 20260324    05:29:06       1    144     37     46 
 20260324    05:29:06       2    128     36     45 
 20260324    05:29:06       3    135     36     44 
 20260324    05:29:36       0    140     36     43 
 20260324    05:29:36       1    144     37     46 
 20260324    05:29:36       2    129     36     45 
 20260324    05:29:36       3    135     36     45 
#Date        Time         gpu    pwr  gtemp  mtemp 
#YYYYMMDD    HH:MM:SS     Idx      W      C      C 
 20260324    05:30:06       0    140     36     43 
 20260324    05:30:06       1    144     37     46 
 20260324    05:30:06       2    129     36     45 
 20260324    05:30:06       3    135     36     45 
 20260324    05:30:36       0    140     36     43 
 20260324    05:30:36       1    144     37     46 
 20260324    05:30:36       2    128     36     45 
 20260324    05:30:36       3    135     36     45 
 20260324    05:31:06       0    140     36     43 
 20260324    05:31:06       1    144     37     46 
 20260324    05:31:06       2    129     36     45 
 20260324    05:31:06       3    135     36     44 
 20260324    05:31:36       0    140     36     43 
 20260324    05:31:36       1    145     37     46 
 20260324    05:31:36       2    129     36     45 
 20260324    05:31:36       3    135     36     45 
 20260324    05:32:06       0    140     36     43 
 20260324    05:32:06       1    145     37     46 
 20260324    05:32:06       2    128     36     45 
 20260324    05:32:06       3    135     36     45 
 20260324    05:32:36       0    140     36     43 
 20260324    05:32:36       1    144     37     46 
 20260324    05:32:36       2    128     36     45 
 20260324    05:32:36       3    135     36     43 
 20260324    05:33:06       0    140     36     43 
 20260324    05:33:06       1    145     37     46 
 20260324    05:33:06       2    129     36     45 
 20260324    05:33:06       3    135     36     44 
 20260324    05:33:36       0    140     36     43 
 20260324    05:33:36       1    144     37     46 
 20260324    05:33:36       2    129     36     45 
 20260324    05:33:36       3    135     36     44 
 20260324    05:34:06       0    140     36     43 
 20260324    05:34:06       1    145     37     46 
 20260324    05:34:06       2    128     36     45 
 20260324    05:34:06       3    135     36     45 
 20260324    05:34:36       0    140     37     45 
 20260324    05:34:36       1    143     37     47 
 20260324    05:34:36       2    128     37     45 
 20260324    05:34:36       3    134     36     45 
 20260324    05:35:06       0    141     36     43 
 20260324    05:35:06       1    143     37     46 
 20260324    05:35:06       2    130     36     45 
 20260324    05:35:06       3    135     36     45 
#Date        Time         gpu    pwr  gtemp  mtemp 
#YYYYMMDD    HH:MM:SS     Idx      W      C      C 
 20260324    05:35:36       0    141     36     45 
 20260324    05:35:36       1    143     37     46 
 20260324    05:35:36       2    129     36     45 
 20260324    05:35:36       3    135     36     45 
 20260324    05:36:06       0    141     36     44 
 20260324    05:36:06       1    143     37     46 
 20260324    05:36:06       2    129     36     45 
 20260324    05:36:06       3    135     36     45 
 20260324    05:36:36       0    141     36     43 
 20260324    05:36:36       1    143     37     46 
 20260324    05:36:36       2    129     36     45 
 20260324    05:36:36       3    135     36     45 
 20260324    05:37:06       0    140     36     43 
 20260324    05:37:06       1    143     37     46 
 20260324    05:37:06       2    128     36     45 
 20260324    05:37:06       3    136     36     44 
 20260324    05:37:36       0    141     36     43 
 20260324    05:37:36       1    143     37     46 
 20260324    05:37:36       2    129     36     45 
 20260324    05:37:36       3    135     36     44 
 20260324    05:38:06       0    141     36     43 
 20260324    05:38:06       1    143     37     46 
 20260324    05:38:06       2    128     36     45 
 20260324    05:38:06       3    135     36     45 
 20260324    05:38:36       0    141     36     43 
 20260324    05:38:36       1    143     37     46 
 20260324    05:38:36       2    128     36     45 
 20260324    05:38:36       3    135     36     45 
 20260324    05:39:06       0    141     36     43 
 20260324    05:39:06       1    143     37     46 
 20260324    05:39:06       2    128     36     45 
 20260324    05:39:06       3    135     36     45 
 20260324    05:39:36       0    141     36     43 
 20260324    05:39:36       1    142     37     46 
 20260324    05:39:36       2    128     36     45 
 20260324    05:39:36       3    135     36     44 
 20260324    05:40:06       0    140     36     43 
 20260324    05:40:06       1    142     37     46 
 20260324    05:40:06       2    128     36     45 
 20260324    05:40:06       3    135     36     43 
 20260324    05:40:36       0    140     36     43 
 20260324    05:40:36       1    142     37     46 
 20260324    05:40:36       2    128     36     45 
 20260324    05:40:36       3    135     36     44 
#Date        Time         gpu    pwr  gtemp  mtemp 
#YYYYMMDD    HH:MM:SS     Idx      W      C      C 
 20260324    05:41:06       0    141     36     43 
 20260324    05:41:06       1    142     37     46 
 20260324    05:41:06       2    128     36     45 
 20260324    05:41:06       3    135     36     45 
 20260324    05:41:36       0    141     36     43 
 20260324    05:41:36       1    142     37     46 
 20260324    05:41:36       2    128     36     45 
 20260324    05:41:36       3    135     36     44 
 20260324    05:42:06       0    140     36     43 
 20260324    05:42:06       1    142     37     46 
 20260324    05:42:06       2    128     36     45 
 20260324    05:42:06       3    134     36     44 
 20260324    05:42:36       0    140     36     43 
 20260324    05:42:36       1    144     37     46 
 20260324    05:42:36       2    129     36     45 
 20260324    05:42:36       3    134     36     45 
 20260324    05:43:06       0    140     36     43 
 20260324    05:43:06       1    145     37     46 
 20260324    05:43:06       2    128     36     45 
 20260324    05:43:06       3    134     36     43 
 20260324    05:43:36       0    140     36     43 
 20260324    05:43:36       1    144     37     46 
 20260324    05:43:36       2    128     36     45 
 20260324    05:43:36       3    134     36     44 
 20260324    05:44:06       0    140     36     43 
 20260324    05:44:06       1    144     37     46 
 20260324    05:44:06       2    129     36     45 
 20260324    05:44:06       3    134     36     45 
 20260324    05:44:36       0    140     36     43 
 20260324    05:44:36       1    145     37     46 
 20260324    05:44:36       2    128     36     45 
 20260324    05:44:36       3    134     36     43 
 20260324    05:45:06       0    140     36     43 
 20260324    05:45:06       1    144     37     46 
 20260324    05:45:06       2    128     36     45 
 20260324    05:45:06       3    134     36     43 
 20260324    05:45:36       0    140     36     43 
 20260324    05:45:36       1    144     37     46 
 20260324    05:45:36       2    128     36     45 
 20260324    05:45:36       3    134     36     43 
 20260324    05:46:06       0    140     36     43 
 20260324    05:46:06       1    144     37     46 
 20260324    05:46:06       2    128     36     45 
 20260324    05:46:06       3    134     36     45 
#Date        Time         gpu    pwr  gtemp  mtemp 
#YYYYMMDD    HH:MM:SS     Idx      W      C      C 
 20260324    05:46:36       0    140     36     45 
 20260324    05:46:36       1    144     37     46 
 20260324    05:46:36       2    128     36     45 
 20260324    05:46:36       3    134     36     45 
 20260324    05:47:06       0    140     36     43 
 20260324    05:47:06       1    145     37     46 
 20260324    05:47:06       2    128     36     45 
 20260324    05:47:06       3    134     36     44 
 20260324    05:47:36       0    140     36     43 
 20260324    05:47:36       1    144     37     46 
 20260324    05:47:36       2    128     36     45 
 20260324    05:47:36       3    134     36     45 
 20260324    05:48:06       0    140     36     43 
 20260324    05:48:06       1    144     37     46 
 20260324    05:48:06       2    128     36     45 
 20260324    05:48:06       3    134     36     44 
 20260324    05:48:36       0    140     36     43 
 20260324    05:48:36       1    145     37     46 
 20260324    05:48:36       2    128     36     45 
 20260324    05:48:36       3    134     36     45 
 20260324    05:49:06       0    140     36     43 
 20260324    05:49:06       1    144     37     46 
 20260324    05:49:06       2    128     36     45 
 20260324    05:49:06       3    134     36     44 
 20260324    05:49:36       0    140     36     43 
 20260324    05:49:36       1    144     37     46 
 20260324    05:49:36       2    128     36     45 
 20260324    05:49:36       3    134     36     44 
 20260324    05:50:06       0    142     36     43 
 20260324    05:50:06       1    144     37     46 
 20260324    05:50:06       2    130     36     45 
 20260324    05:50:06       3    135     36     45 
 20260324    05:50:36       0    141     36     43 
 20260324    05:50:36       1    144     37     46 
 20260324    05:50:36       2    128     36     45 
 20260324    05:50:36       3    135     36     45 
 20260324    05:51:06       0    141     36     43 
 20260324    05:51:06       1    144     37     46 
 20260324    05:51:06       2    128     36     45 
 20260324    05:51:06       3    136     36     45 
 20260324    05:51:36       0    141     36     43 
 20260324    05:51:36       1    145     37     46 
 20260324    05:51:36       2    129     36     45 
 20260324    05:51:36       3    136     36     44 
#Date        Time         gpu    pwr  gtemp  mtemp 
#YYYYMMDD    HH:MM:SS     Idx      W      C      C 
 20260324    05:52:06       0    141     36     43 
 20260324    05:52:06       1    145     37     46 
 20260324    05:52:06       2    128     36     45 
 20260324    05:52:06       3    135     36     45 
 20260324    05:52:36       0    141     36     43 
 20260324    05:52:36       1    145     37     46 
 20260324    05:52:36       2    128     36     45 
 20260324    05:52:36       3    135     36     45 
 20260324    05:53:06       0    141     36     43 
 20260324    05:53:06       1    144     37     46 
 20260324    05:53:06       2    129     36     45 
 20260324    05:53:06       3    135     36     45 
 20260324    05:53:36       0    140     36     43 
 20260324    05:53:36       1    144     37     46 
 20260324    05:53:36       2    128     36     45 
 20260324    05:53:36       3    135     36     45 
 20260324    05:54:06       0    140     36     43 
 20260324    05:54:06       1    145     37     46 
 20260324    05:54:06       2    128     36     45 
 20260324    05:54:06       3    135     36     44 
 20260324    05:54:36       0    140     36     43 
 20260324    05:54:36       1    144     37     46 
 20260324    05:54:36       2    129     36     45 
 20260324    05:54:36       3    135     36     43 
 20260324    05:55:06       0    140     36     43 
 20260324    05:55:06       1    144     37     46 
 20260324    05:55:06       2    128     36     45 
 20260324    05:55:06       3    135     36     45 
 20260324    05:55:36       0    140     36     43 
 20260324    05:55:36       1    144     37     46 
 20260324    05:55:36       2    128     36     45 
 20260324    05:55:36       3    135     36     43 
 20260324    05:56:06       0    140     36     43 
 20260324    05:56:06       1    144     37     46 
 20260324    05:56:06       2    128     36     45 
 20260324    05:56:06       3    135     36     44 
 20260324    05:56:36       0    140     36     43 
 20260324    05:56:36       1    145     37     46 
 20260324    05:56:36       2    128     36     45 
 20260324    05:56:36       3    135     36     44 
 20260324    05:57:06       0    153     37     45 
 20260324    05:57:06       1    178     37     46 
 20260324    05:57:06       2    138     37     45 
 20260324    05:57:06       3    147     36     45 
#Date        Time         gpu    pwr  gtemp  mtemp 
#YYYYMMDD    HH:MM:SS     Idx      W      C      C 
 20260324    05:57:36       0    146     37     45 
 20260324    05:57:36       1    148     37     46 
 20260324    05:57:36       2    134     37     45 
 20260324    05:57:36       3    140     36     45 
 20260324    05:58:06       0    141     36     44 
 20260324    05:58:06       1    144     37     46 
 20260324    05:58:06       2    129     36     45 
 20260324    05:58:06       3    134     36     44 
 20260324    05:58:36       0    141     36     43 
 20260324    05:58:36       1    144     37     46 
 20260324    05:58:36       2    129     36     45 
 20260324    05:58:36       3    134     36     45 
 20260324    05:59:06       0    140     36     43 
 20260324    05:59:06       1    144     37     46 
 20260324    05:59:06       2    128     36     45 
 20260324    05:59:06       3    134     36     44 
 20260324    05:59:36       0    140     36     43 
 20260324    05:59:36       1    144     37     46 
 20260324    05:59:36       2    128     36     45 
 20260324    05:59:36       3    134     36     45 
 20260324    06:00:06       0    140     36     44 
 20260324    06:00:06       1    144     37     46 
 20260324    06:00:06       2    129     36     45 
 20260324    06:00:06       3    134     36     45 
 20260324    06:00:36       0    140     36     43 
 20260324    06:00:36       1    144     37     46 
 20260324    06:00:36       2    128     36     45 
 20260324    06:00:36       3    134     36     45 
 20260324    06:01:06       0    140     36     43 
 20260324    06:01:06       1    144     37     46 
 20260324    06:01:06       2    128     36     45 
 20260324    06:01:06       3    134     36     44 
 20260324    06:01:36       0    140     36     43 
 20260324    06:01:36       1    144     37     46 
 20260324    06:01:36       2    128     36     45 
 20260324    06:01:36       3    134     36     44 
 20260324    06:02:06       0    140     36     43 
 20260324    06:02:06       1    144     37     46 
 20260324    06:02:06       2    128     36     45 
 20260324    06:02:06       3    134     36     44 
 20260324    06:02:36       0    140     36     43 
 20260324    06:02:36       1    144     37     46 
 20260324    06:02:36       2    128     36     45 
 20260324    06:02:36       3    134     36     43 
#Date        Time         gpu    pwr  gtemp  mtemp 
#YYYYMMDD    HH:MM:SS     Idx      W      C      C 
 20260324    06:03:06       0    140     36     43 
 20260324    06:03:06       1    144     37     46 
 20260324    06:03:06       2    128     36     45 
 20260324    06:03:06       3    134     36     44 
 20260324    06:03:36       0    140     36     43 
 20260324    06:03:36       1    144     37     46 
 20260324    06:03:36       2    129     36     45 
 20260324    06:03:36       3    134     36     44 
 20260324    06:04:06       0    140     36     43 
 20260324    06:04:06       1    144     37     46 
 20260324    06:04:06       2    128     36     45 
 20260324    06:04:06       3    134     36     44 
 20260324    06:04:36       0    140     36     43 
 20260324    06:04:36       1    144     37     46 
 20260324    06:04:36       2    129     36     45 
 20260324    06:04:36       3    134     36     43 
 20260324    06:05:06       0    146     37     45 
 20260324    06:05:06       1    149     37     46 
 20260324    06:05:06       2    133     37     45 
 20260324    06:05:06       3    139     36     45 
 20260324    06:05:36       0    141     36     43 
 20260324    06:05:36       1    145     37     46 
 20260324    06:05:36       2    129     36     45 
 20260324    06:05:36       3    135     36     45 
 20260324    06:06:06       0    141     36     43 
 20260324    06:06:06       1    144     37     46 
 20260324    06:06:06       2    129     36     45 
 20260324    06:06:06       3    135     36     45 
 20260324    06:06:36       0    141     36     43 
 20260324    06:06:36       1    144     37     46 
 20260324    06:06:36       2    129     36     45 
 20260324    06:06:36       3    135     36     45 
 20260324    06:07:06       0    140     36     43 
 20260324    06:07:06       1    144     37     46 
 20260324    06:07:06       2    128     36     45 
 20260324    06:07:06       3    135     36     45 
 20260324    06:07:36       0    141     36     43 
 20260324    06:07:36       1    144     37     46 
 20260324    06:07:36       2    128     36     45 
 20260324    06:07:36       3    135     36     45 
 20260324    06:08:06       0    141     36     43 
 20260324    06:08:06       1    144     37     46 
 20260324    06:08:06       2    128     36     45 
 20260324    06:08:06       3    135     36     44 
#Date        Time         gpu    pwr  gtemp  mtemp 
#YYYYMMDD    HH:MM:SS     Idx      W      C      C 
 20260324    06:08:36       0    141     36     43 
 20260324    06:08:36       1    144     37     46 
 20260324    06:08:36       2    129     36     45 
 20260324    06:08:36       3    135     36     45 
 20260324    06:09:06       0    141     36     43 
 20260324    06:09:06       1    144     37     46 
 20260324    06:09:06       2    128     36     45 
 20260324    06:09:06       3    135     36     44 
 20260324    06:09:36       0    140     36     43 
 20260324    06:09:36       1    144     37     46 
 20260324    06:09:36       2    128     36     45 
 20260324    06:09:36       3    135     36     45 
 20260324    06:10:06       0    141     36     43 
 20260324    06:10:06       1    144     37     46 
 20260324    06:10:06       2    129     36     45 
 20260324    06:10:06       3    135     36     44 
 20260324    06:10:36       0    141     36     43 
 20260324    06:10:36       1    144     37     46 
 20260324    06:10:36       2    129     36     45 
 20260324    06:10:36       3    135     36     44 
 20260324    06:11:06       0    140     36     43 
 20260324    06:11:06       1    144     37     46 
 20260324    06:11:06       2    128     36     45 
 20260324    06:11:06       3    135     36     45 
 20260324    06:11:36       0    140     36     43 
 20260324    06:11:36       1    144     37     46 
 20260324    06:11:36       2    129     36     45 
 20260324    06:11:36       3    135     36     43 
 20260324    06:12:06       0    140     36     43 
 20260324    06:12:06       1    144     37     46 
 20260324    06:12:06       2    129     36     45 
 20260324    06:12:06       3    135     36     43 
 20260324    06:12:36       0    169     37     45 
 20260324    06:12:36       1    174     38     46 
 20260324    06:12:36       2    156     37     45 
 20260324    06:12:36       3    161     36     45 
 20260324    06:13:06       0    141     36     43 
 20260324    06:13:06       1    144     37     46 
 20260324    06:13:06       2    129     36     45 
 20260324    06:13:06       3    135     36     44 
 20260324    06:13:36       0    141     36     43 
 20260324    06:13:36       1    144     37     46 
 20260324    06:13:36       2    129     36     45 
 20260324    06:13:36       3    135     36     44 
#Date        Time         gpu    pwr  gtemp  mtemp 
#YYYYMMDD    HH:MM:SS     Idx      W      C      C 
 20260324    06:14:06       0    141     36     43 
 20260324    06:14:06       1    144     37     46 
 20260324    06:14:06       2    129     36     45 
 20260324    06:14:06       3    135     36     44 
 20260324    06:14:36       0    141     36     43 
 20260324    06:14:36       1    144     37     46 
 20260324    06:14:36       2    128     36     45 
 20260324    06:14:36       3    135     36     44 
 20260324    06:15:06       0    141     36     43 
 20260324    06:15:06       1    144     37     46 
 20260324    06:15:06       2    129     36     45 
 20260324    06:15:06       3    135     36     45 
 20260324    06:15:36       0    141     36     43 
 20260324    06:15:36       1    144     37     46 
 20260324    06:15:36       2    129     36     45 
 20260324    06:15:36       3    135     36     44 
 20260324    06:16:06       0    141     36     43 
 20260324    06:16:06       1    144     37     46 
 20260324    06:16:06       2    129     36     45 
 20260324    06:16:06       3    135     36     44 
 20260324    06:16:36       0    141     36     43 
 20260324    06:16:36       1    144     37     46 
 20260324    06:16:36       2    129     36     45 
 20260324    06:16:36       3    135     36     44 
 20260324    06:17:06       0    141     36     43 
 20260324    06:17:06       1    144     37     46 
 20260324    06:17:06       2    129     36     45 
 20260324    06:17:06       3    135     36     44 
 20260324    06:17:36       0    141     36     43 
 20260324    06:17:36       1    144     37     46 
 20260324    06:17:36       2    129     36     45 
 20260324    06:17:36       3    135     36     45 
 20260324    06:18:06       0    140     36     43 
 20260324    06:18:06       1    144     37     46 
 20260324    06:18:06       2    128     36     45 
 20260324    06:18:06       3    135     36     44 
 20260324    06:18:36       0    140     36     43 
 20260324    06:18:36       1    144     37     46 
 20260324    06:18:36       2    129     36     45 
 20260324    06:18:36       3    135     36     43 
 20260324    06:19:06       0    141     36     43 
 20260324    06:19:06       1    144     37     46 
 20260324    06:19:06       2    129     36     45 
 20260324    06:19:06       3    135     36     45 
#Date        Time         gpu    pwr  gtemp  mtemp 
#YYYYMMDD    HH:MM:SS     Idx      W      C      C 
 20260324    06:19:36       0    141     36     43 
 20260324    06:19:36       1    144     37     46 
 20260324    06:19:36       2    129     36     45 
 20260324    06:19:36       3    135     36     45 
 20260324    06:20:06       0    140     37     45 
 20260324    06:20:06       1    143     37     46 
 20260324    06:20:06       2    128     37     46 
 20260324    06:20:06       3    134     36     45 
 20260324    06:20:36       0    141     36     45 
 20260324    06:20:36       1    145     37     46 
 20260324    06:20:36       2    130     37     45 
 20260324    06:20:36       3    135     36     45 
 20260324    06:21:06       0    141     36     45 
 20260324    06:21:06       1    145     37     46 
 20260324    06:21:06       2    128     36     45 
 20260324    06:21:06       3    135     36     45 
 20260324    06:21:36       0    141     36     44 
 20260324    06:21:36       1    144     37     46 
 20260324    06:21:36       2    129     36     45 
 20260324    06:21:36       3    135     36     43 
 20260324    06:22:06       0    141     36     44 
 20260324    06:22:06       1    144     37     46 
 20260324    06:22:06       2    128     36     45 
 20260324    06:22:06       3    135     36     44 
 20260324    06:22:36       0    141     36     43 
 20260324    06:22:36       1    144     37     46 
 20260324    06:22:36       2    128     36     45 
 20260324    06:22:36       3    135     36     43 
 20260324    06:23:06       0    141     36     43 
 20260324    06:23:06       1    144     37     46 
 20260324    06:23:06       2    129     36     45 
 20260324    06:23:06       3    135     36     44 
 20260324    06:23:36       0    141     36     43 
 20260324    06:23:36       1    144     37     46 
 20260324    06:23:36       2    128     36     45 
 20260324    06:23:36       3    135     36     45 
 20260324    06:24:06       0    141     36     43 
 20260324    06:24:06       1    144     37     46 
 20260324    06:24:06       2    129     36     45 
 20260324    06:24:06       3    135     36     44 
 20260324    06:24:36       0    141     36     43 
 20260324    06:24:36       1    144     37     46 
 20260324    06:24:36       2    128     36     45 
 20260324    06:24:36       3    135     36     44 
#Date        Time         gpu    pwr  gtemp  mtemp 
#YYYYMMDD    HH:MM:SS     Idx      W      C      C 
 20260324    06:25:06       0    141     36     43 
 20260324    06:25:06       1    145     37     46 
 20260324    06:25:06       2    129     36     45 
 20260324    06:25:06       3    135     36     44 
 20260324    06:25:36       0    140     36     43 
 20260324    06:25:36       1    144     37     46 
 20260324    06:25:36       2    129     36     45 
 20260324    06:25:36       3    135     36     44 
 20260324    06:26:06       0    140     36     43 
 20260324    06:26:06       1    144     37     46 
 20260324    06:26:06       2    129     36     45 
 20260324    06:26:06       3    135     36     44 
 20260324    06:26:36       0    140     36     43 
 20260324    06:26:36       1    144     37     46 
 20260324    06:26:36       2    129     36     45 
 20260324    06:26:36       3    135     36     45 
 20260324    06:27:06       0    140     36     43 
 20260324    06:27:06       1    144     37     46 
 20260324    06:27:06       2    129     36     45 
 20260324    06:27:06       3    135     36     44 
 20260324    06:27:36       0    152     38     45 
 20260324    06:27:36       1    169     39     48 
 20260324    06:27:36       2    143     38     47 
 20260324    06:27:36       3    157     36     43 
 20260324    06:28:06       0    142     36     43 
 20260324    06:28:06       1    145     37     46 
 20260324    06:28:06       2    129     36     45 
 20260324    06:28:06       3    135     36     44 
 20260324    06:28:36       0    142     36     43 
 20260324    06:28:36       1    144     37     46 
 20260324    06:28:36       2    129     36     45 
 20260324    06:28:36       3    135     36     44 
 20260324    06:29:06       0    140     36     43 
 20260324    06:29:06       1    144     37     46 
 20260324    06:29:06       2    129     36     45 
 20260324    06:29:06       3    135     36     44 
 20260324    06:29:36       0    140     36     43 
 20260324    06:29:36       1    144     37     46 
 20260324    06:29:36       2    129     36     45 
 20260324    06:29:36       3    135     36     43 
 20260324    06:30:06       0    140     36     43 
 20260324    06:30:06       1    144     37     46 
 20260324    06:30:06       2    129     36     45 
 20260324    06:30:06       3    135     36     43 
#Date        Time         gpu    pwr  gtemp  mtemp 
#YYYYMMDD    HH:MM:SS     Idx      W      C      C 
 20260324    06:30:36       0    140     36     43 
 20260324    06:30:36       1    144     37     46 
 20260324    06:30:36       2    128     36     45 
 20260324    06:30:36       3    135     35     44 
 20260324    06:31:06       0    140     36     43 
 20260324    06:31:06       1    144     37     46 
 20260324    06:31:06       2    128     36     45 
 20260324    06:31:06       3    135     36     44 
 20260324    06:31:36       0    140     36     43 
 20260324    06:31:36       1    144     37     46 
 20260324    06:31:36       2    128     36     45 
 20260324    06:31:36       3    135     36     44 
 20260324    06:32:06       0    140     36     43 
 20260324    06:32:06       1    144     37     46 
 20260324    06:32:06       2    128     36     45 
 20260324    06:32:06       3    135     36     44 
 20260324    06:32:36       0    140     36     43 
 20260324    06:32:36       1    144     37     46 
 20260324    06:32:36       2    128     36     45 
 20260324    06:32:36       3    135     36     44 
 20260324    06:33:06       0    140     36     43 
 20260324    06:33:06       1    144     37     46 
 20260324    06:33:06       2    128     36     45 
 20260324    06:33:06       3    135     35     44 
 20260324    06:33:36       0    140     36     43 
 20260324    06:33:36       1    144     37     46 
 20260324    06:33:36       2    128     36     45 
 20260324    06:33:36       3    135     36     43 
 20260324    06:34:06       0    140     36     43 
 20260324    06:34:06       1    144     37     46 
 20260324    06:34:06       2    128     36     45 
 20260324    06:34:06       3    135     36     43 
 20260324    06:34:36       0    140     36     43 
 20260324    06:34:36       1    144     37     46 
 20260324    06:34:36       2    128     36     45 
 20260324    06:34:36       3    135     36     43 
 20260324    06:35:06       0    142     37     45 
 20260324    06:35:06       1    143     38     46 
 20260324    06:35:06       2    129     37     45 
 20260324    06:35:06       3    136     36     45 
 20260324    06:35:36       0    142     36     43 
 20260324    06:35:36       1    144     37     46 
 20260324    06:35:36       2    128     36     45 
 20260324    06:35:36       3    135     36     45 
#Date        Time         gpu    pwr  gtemp  mtemp 
#YYYYMMDD    HH:MM:SS     Idx      W      C      C 
 20260324    06:36:06       0    141     36     43 
 20260324    06:36:06       1    144     37     46 
 20260324    06:36:06       2    128     36     45 
 20260324    06:36:06       3    135     36     45 
 20260324    06:36:36       0    141     36     43 
 20260324    06:36:36       1    144     37     46 
 20260324    06:36:36       2    128     36     45 
 20260324    06:36:36       3    135     36     45 
 20260324    06:37:06       0    140     36     43 
 20260324    06:37:06       1    144     37     46 
 20260324    06:37:06       2    128     36     45 
 20260324    06:37:06       3    135     36     44 
 20260324    06:37:36       0    140     36     43 
 20260324    06:37:36       1    144     37     46 
 20260324    06:37:36       2    128     36     45 
 20260324    06:37:36       3    135     36     43 
 20260324    06:38:06       0    140     36     43 
 20260324    06:38:06       1    144     37     46 
 20260324    06:38:06       2    128     36     45 
 20260324    06:38:06       3    135     36     45 
 20260324    06:38:36       0    140     36     43 
 20260324    06:38:36       1    144     37     46 
 20260324    06:38:36       2    128     36     45 
 20260324    06:38:36       3    135     36     43 
