#Date        Time         gpu    pwr  gtemp  mtemp 
#YYYYMMDD    HH:MM:SS     Idx      W      C      C 
 20260321    07:39:10       0     81     34     44 
 20260321    07:39:10       1     95     34     42 
 20260321    07:39:10       2     83     35     44 
 20260321    07:39:10       3     98     34     43 
 20260321    07:39:40       0    126     36     44 
 20260321    07:39:40       1    141     36     43 
 20260321    07:39:40       2    130     37     44 
 20260321    07:39:40       3    142     36     43 
 20260321    07:40:10       0    126     36     45 
 20260321    07:40:10       1    142     37     44 
 20260321    07:40:10       2    129     37     44 
 20260321    07:40:10       3    142     36     44 
 20260321    07:40:40       0    126     36     44 
 20260321    07:40:40       1    142     37     44 
 20260321    07:40:40       2    129     37     44 
 20260321    07:40:40       3    142     36     44 
 20260321    07:41:10       0    126     36     44 
 20260321    07:41:10       1    142     37     44 
 20260321    07:41:10       2    129     37     44 
 20260321    07:41:10       3    143     36     44 
 20260321    07:41:40       0    126     36     44 
 20260321    07:41:40       1    142     37     44 
 20260321    07:41:40       2    130     37     44 
 20260321    07:41:40       3    143     36     44 
 20260321    07:42:10       0    126     36     44 
 20260321    07:42:10       1    142     37     44 
 20260321    07:42:10       2    130     37     44 
 20260321    07:42:10       3    143     36     44 
 20260321    07:42:40       0    126     36     44 
 20260321    07:42:40       1    142     37     44 
 20260321    07:42:40       2    130     37     44 
 20260321    07:42:40       3    143     36     44 
 20260321    07:43:10       0    126     36     44 
 20260321    07:43:10       1    142     37     44 
 20260321    07:43:10       2    129     37     45 
 20260321    07:43:10       3    143     36     44 
 20260321    07:43:40       0    126     36     44 
 20260321    07:43:40       1    142     37     44 
 20260321    07:43:40       2    130     37     44 
 20260321    07:43:40       3    143     36     44 
 20260321    07:44:10       0    126     36     44 
 20260321    07:44:10       1    142     37     44 
 20260321    07:44:10       2    129     37     45 
 20260321    07:44:10       3    143     36     44 
#Date        Time         gpu    pwr  gtemp  mtemp 
#YYYYMMDD    HH:MM:SS     Idx      W      C      C 
 20260321    07:44:40       0    126     36     44 
 20260321    07:44:40       1    142     37     44 
 20260321    07:44:40       2    129     37     44 
 20260321    07:44:40       3    142     36     44 
 20260321    07:45:10       0    126     36     44 
 20260321    07:45:10       1    142     37     44 
 20260321    07:45:10       2    129     37     44 
 20260321    07:45:10       3    143     36     44 
 20260321    07:45:40       0    126     36     44 
 20260321    07:45:40       1    142     37     44 
 20260321    07:45:40       2    129     37     44 
 20260321    07:45:40       3    143     36     44 
 20260321    07:46:10       0    126     36     44 
 20260321    07:46:10       1    142     37     44 
 20260321    07:46:10       2    129     37     44 
 20260321    07:46:10       3    143     36     44 
 20260321    07:46:40       0    126     36     44 
 20260321    07:46:40       1    142     37     44 
 20260321    07:46:40       2    129     37     45 
 20260321    07:46:40       3    142     36     44 
 20260321    07:47:10       0    126     36     44 
 20260321    07:47:10       1    142     37     44 
 20260321    07:47:10       2    129     37     44 
 20260321    07:47:10       3    143     36     44 
 20260321    07:47:40       0    126     36     44 
 20260321    07:47:40       1    142     37     44 
 20260321    07:47:40       2    129     37     44 
 20260321    07:47:40       3    142     36     44 
 20260321    07:48:10       0    126     36     44 
 20260321    07:48:10       1    142     37     44 
 20260321    07:48:10       2    129     37     44 
 20260321    07:48:10       3    142     36     44 
 20260321    07:48:40       0    125     36     45 
 20260321    07:48:40       1    142     37     44 
 20260321    07:48:40       2    129     37     44 
 20260321    07:48:40       3    142     36     44 
 20260321    07:49:10       0    126     36     44 
 20260321    07:49:10       1    142     37     44 
 20260321    07:49:10       2    129     37     44 
 20260321    07:49:10       3    142     36     44 
 20260321    07:49:40       0    125     36     44 
 20260321    07:49:40       1    142     37     44 
 20260321    07:49:40       2    129     37     44 
 20260321    07:49:40       3    143     36     45 
#Date        Time         gpu    pwr  gtemp  mtemp 
#YYYYMMDD    HH:MM:SS     Idx      W      C      C 
 20260321    07:50:10       0    138     38     45 
 20260321    07:50:10       1    156     38     45 
 20260321    07:50:10       2    142     38     47 
 20260321    07:50:10       3    156     38     45 
 20260321    07:50:40       0    139     38     45 
 20260321    07:50:40       1    156     38     45 
 20260321    07:50:40       2    142     39     46 
 20260321    07:50:40       3    156     38     45 
 20260321    07:51:10       0    139     38     45 
 20260321    07:51:10       1    156     38     45 
 20260321    07:51:10       2    142     38     47 
 20260321    07:51:10       3    157     38     45 
 20260321    07:51:40       0    138     37     45 
 20260321    07:51:40       1    156     38     45 
 20260321    07:51:40       2    142     38     46 
 20260321    07:51:40       3    157     37     45 
 20260321    07:52:10       0    139     38     45 
 20260321    07:52:10       1    157     38     45 
 20260321    07:52:10       2    143     39     46 
 20260321    07:52:10       3    157     38     46 
 20260321    07:52:40       0    139     38     45 
 20260321    07:52:40       1    157     38     45 
 20260321    07:52:40       2    142     39     46 
 20260321    07:52:40       3    157     38     45 
 20260321    07:53:10       0    139     38     45 
 20260321    07:53:10       1    156     38     45 
 20260321    07:53:10       2    142     39     46 
 20260321    07:53:10       3    157     38     45 
 20260321    07:53:40       0    138     38     45 
 20260321    07:53:40       1    156     38     45 
 20260321    07:53:40       2    143     39     46 
 20260321    07:53:40       3    157     38     45 
 20260321    07:54:10       0    138     38     45 
 20260321    07:54:10       1    156     38     45 
 20260321    07:54:10       2    142     39     46 
 20260321    07:54:10       3    156     37     45 
 20260321    07:54:40       0    138     38     45 
 20260321    07:54:40       1    156     38     45 
 20260321    07:54:40       2    143     38     46 
 20260321    07:54:40       3    156     37     45 
 20260321    07:55:10       0    138     38     45 
 20260321    07:55:10       1    156     38     45 
 20260321    07:55:10       2    142     39     46 
 20260321    07:55:10       3    156     38     45 
#Date        Time         gpu    pwr  gtemp  mtemp 
#YYYYMMDD    HH:MM:SS     Idx      W      C      C 
 20260321    07:55:40       0    139     38     45 
 20260321    07:55:40       1    157     38     45 
 20260321    07:55:40       2    143     39     46 
 20260321    07:55:40       3    157     38     46 
 20260321    07:56:10       0    138     38     45 
 20260321    07:56:10       1    156     38     45 
 20260321    07:56:10       2    142     39     46 
 20260321    07:56:10       3    156     38     45 
 20260321    07:56:40       0    126     36     44 
 20260321    07:56:40       1    142     37     44 
 20260321    07:56:40       2    131     38     46 
 20260321    07:56:40       3    143     36     45 
 20260321    07:57:10       0    126     36     44 
 20260321    07:57:10       1    142     37     44 
 20260321    07:57:10       2    131     37     46 
 20260321    07:57:10       3    143     36     45 
 20260321    07:57:40       0    126     36     44 
 20260321    07:57:40       1    142     37     44 
 20260321    07:57:40       2    131     37     45 
 20260321    07:57:40       3    143     36     44 
 20260321    07:58:10       0    138     38     45 
 20260321    07:58:10       1    156     38     45 
 20260321    07:58:10       2    143     38     47 
 20260321    07:58:10       3    157     37     45 
 20260321    07:58:40       0    139     37     45 
 20260321    07:58:40       1    156     38     45 
 20260321    07:58:40       2    143     38     47 
 20260321    07:58:40       3    156     37     46 
 20260321    07:59:10       0    138     37     45 
 20260321    07:59:10       1    156     38     45 
 20260321    07:59:10       2    142     38     47 
 20260321    07:59:10       3    156     37     45 
 20260321    07:59:40       0    138     37     45 
 20260321    07:59:40       1    155     38     45 
 20260321    07:59:40       2    143     38     47 
 20260321    07:59:40       3    156     37     46 
 20260321    08:00:10       0    138     37     45 
 20260321    08:00:10       1    156     38     45 
 20260321    08:00:10       2    142     38     47 
 20260321    08:00:10       3    156     37     45 
 20260321    08:00:40       0    138     38     45 
 20260321    08:00:40       1    156     38     45 
 20260321    08:00:40       2    142     39     46 
 20260321    08:00:40       3    157     37     46 
#Date        Time         gpu    pwr  gtemp  mtemp 
#YYYYMMDD    HH:MM:SS     Idx      W      C      C 
 20260321    08:01:10       0    139     38     45 
 20260321    08:01:10       1    156     38     45 
 20260321    08:01:10       2    143     39     46 
 20260321    08:01:10       3    157     38     45 
 20260321    08:01:40       0    138     37     45 
 20260321    08:01:40       1    156     38     45 
 20260321    08:01:40       2    142     38     47 
 20260321    08:01:40       3    156     37     46 
 20260321    08:02:10       0    139     37     45 
 20260321    08:02:10       1    155     38     45 
 20260321    08:02:10       2    142     38     47 
 20260321    08:02:10       3    156     37     45 
 20260321    08:02:40       0    126     36     44 
 20260321    08:02:40       1    142     37     44 
 20260321    08:02:40       2    131     37     46 
 20260321    08:02:40       3    143     36     44 
 20260321    08:03:10       0    139     38     45 
 20260321    08:03:10       1    156     38     45 
 20260321    08:03:10       2    143     38     47 
 20260321    08:03:10       3    157     37     45 
 20260321    08:03:40       0    138     37     45 
 20260321    08:03:40       1    156     38     45 
 20260321    08:03:40       2    142     39     47 
 20260321    08:03:40       3    157     38     45 
 20260321    08:04:10       0    138     37     45 
 20260321    08:04:10       1    155     38     45 
 20260321    08:04:10       2    142     38     46 
 20260321    08:04:10       3    157     37     46 
 20260321    08:04:40       0    139     38     45 
 20260321    08:04:40       1    156     38     45 
 20260321    08:04:40       2    143     39     46 
 20260321    08:04:40       3    157     37     46 
 20260321    08:05:10       0    138     38     45 
 20260321    08:05:10       1    155     38     45 
 20260321    08:05:10       2    142     38     47 
 20260321    08:05:10       3    156     37     45 
 20260321    08:05:40       0    139     38     45 
 20260321    08:05:40       1    156     38     45 
 20260321    08:05:40       2    142     39     46 
 20260321    08:05:40       3    157     38     46 
 20260321    08:06:10       0    139     38     45 
 20260321    08:06:10       1    156     38     45 
 20260321    08:06:10       2    142     38     47 
 20260321    08:06:10       3    156     37     46 
#Date        Time         gpu    pwr  gtemp  mtemp 
#YYYYMMDD    HH:MM:SS     Idx      W      C      C 
 20260321    08:06:40       0    139     37     45 
 20260321    08:06:40       1    156     38     45 
 20260321    08:06:40       2    142     38     47 
 20260321    08:06:40       3    156     37     46 
 20260321    08:07:10       0    139     38     45 
 20260321    08:07:10       1    156     38     45 
 20260321    08:07:10       2    143     38     46 
 20260321    08:07:10       3    157     37     45 
 20260321    08:07:40       0    129     37     45 
 20260321    08:07:40       1    145     37     45 
 20260321    08:07:40       2    134     38     46 
 20260321    08:07:40       3    147     37     45 
 20260321    08:08:10       0    138     37     45 
 20260321    08:08:10       1    156     38     45 
 20260321    08:08:10       2    142     38     47 
 20260321    08:08:10       3    156     37     45 
 20260321    08:08:40       0    139     38     45 
 20260321    08:08:40       1    157     38     45 
 20260321    08:08:40       2    143     38     46 
 20260321    08:08:40       3    157     37     45 
 20260321    08:09:10       0    139     38     45 
 20260321    08:09:10       1    156     38     45 
 20260321    08:09:10       2    143     38     46 
 20260321    08:09:10       3    157     37     45 
 20260321    08:09:40       0    139     37     45 
 20260321    08:09:40       1    156     38     45 
 20260321    08:09:40       2    142     38     47 
 20260321    08:09:40       3    155     37     45 
 20260321    08:10:10       0    139     38     45 
 20260321    08:10:10       1    156     38     45 
 20260321    08:10:10       2    143     39     46 
 20260321    08:10:10       3    158     38     46 
 20260321    08:10:40       0    138     38     45 
 20260321    08:10:40       1    155     38     45 
 20260321    08:10:40       2    142     38     46 
 20260321    08:10:40       3    157     37     45 
 20260321    08:11:10       0    138     37     45 
 20260321    08:11:10       1    156     38     45 
 20260321    08:11:10       2    142     38     47 
 20260321    08:11:10       3    156     37     46 
 20260321    08:11:40       0    138     37     45 
 20260321    08:11:40       1    156     38     45 
 20260321    08:11:40       2    143     38     46 
 20260321    08:11:40       3    157     37     45 
#Date        Time         gpu    pwr  gtemp  mtemp 
#YYYYMMDD    HH:MM:SS     Idx      W      C      C 
 20260321    08:12:10       0    138     37     45 
 20260321    08:12:10       1    155     38     45 
 20260321    08:12:10       2    142     38     47 
 20260321    08:12:10       3    157     37     45 
 20260321    08:12:40       0    127     36     44 
 20260321    08:12:40       1    142     37     44 
 20260321    08:12:40       2    131     37     46 
 20260321    08:12:40       3    143     36     45 
 20260321    08:13:10       0    126     36     45 
 20260321    08:13:10       1    142     37     44 
 20260321    08:13:10       2    131     37     45 
 20260321    08:13:10       3    143     36     44 
 20260321    08:13:40       0    126     36     44 
 20260321    08:13:40       1    142     36     44 
 20260321    08:13:40       2    131     37     44 
 20260321    08:13:40       3    143     36     44 
 20260321    08:14:10       0    138     37     45 
 20260321    08:14:10       1    156     38     45 
 20260321    08:14:10       2    143     38     46 
 20260321    08:14:10       3    157     37     45 
 20260321    08:14:40       0    139     38     45 
 20260321    08:14:40       1    156     38     45 
 20260321    08:14:40       2    142     38     46 
 20260321    08:14:40       3    157     37     45 
 20260321    08:15:10       0    138     38     45 
 20260321    08:15:10       1    156     38     45 
 20260321    08:15:10       2    142     38     47 
 20260321    08:15:10       3    156     37     45 
 20260321    08:15:40       0    138     37     45 
 20260321    08:15:40       1    155     38     45 
 20260321    08:15:40       2    142     38     46 
 20260321    08:15:40       3    157     37     46 
 20260321    08:16:10       0    139     37     45 
 20260321    08:16:10       1    155     38     45 
 20260321    08:16:10       2    143     38     46 
 20260321    08:16:10       3    157     37     45 
 20260321    08:16:40       0    140     38     45 
 20260321    08:16:40       1    157     38     45 
 20260321    08:16:40       2    143     39     46 
 20260321    08:16:40       3    157     37     46 
 20260321    08:17:10       0    139     37     45 
 20260321    08:17:10       1    155     38     45 
 20260321    08:17:10       2    142     38     46 
 20260321    08:17:10       3    157     37     45 
#Date        Time         gpu    pwr  gtemp  mtemp 
#YYYYMMDD    HH:MM:SS     Idx      W      C      C 
 20260321    08:17:40       0    138     38     45 
 20260321    08:17:40       1    157     38     45 
 20260321    08:17:40       2    142     38     46 
 20260321    08:17:40       3    157     37     45 
 20260321    08:18:10       0    138     37     45 
 20260321    08:18:10       1    156     38     45 
 20260321    08:18:10       2    143     38     46 
 20260321    08:18:10       3    156     37     45 
 20260321    08:18:40       0    139     38     46 
 20260321    08:18:40       1    157     39     45 
 20260321    08:18:40       2    143     39     46 
 20260321    08:18:40       3    157     38     45 
 20260321    08:19:10       0    138     38     45 
 20260321    08:19:10       1    156     38     45 
 20260321    08:19:10       2    142     38     47 
 20260321    08:19:10       3    156     37     46 
 20260321    08:19:40       0    138     37     45 
 20260321    08:19:40       1    156     38     45 
 20260321    08:19:40       2    142     38     46 
 20260321    08:19:40       3    157     37     45 
 20260321    08:20:10       0    138     37     45 
 20260321    08:20:10       1    156     38     45 
 20260321    08:20:10       2    143     39     46 
 20260321    08:20:10       3    156     37     45 
 20260321    08:20:40       0    139     38     45 
 20260321    08:20:40       1    156     38     45 
 20260321    08:20:40       2    143     39     46 
 20260321    08:20:40       3    157     37     46 
 20260321    08:21:10       0    138     38     45 
 20260321    08:21:10       1    156     38     45 
 20260321    08:21:10       2    142     38     46 
 20260321    08:21:10       3    157     37     46 
 20260321    08:21:40       0    139     38     45 
 20260321    08:21:40       1    156     38     45 
 20260321    08:21:40       2    142     38     46 
 20260321    08:21:40       3    157     38     45 
 20260321    08:22:10       0    138     37     45 
 20260321    08:22:10       1    156     38     45 
 20260321    08:22:10       2    142     38     47 
 20260321    08:22:10       3    156     37     45 
 20260321    08:22:40       0    139     38     45 
 20260321    08:22:40       1    156     38     45 
 20260321    08:22:40       2    143     38     47 
 20260321    08:22:40       3    157     37     45 
#Date        Time         gpu    pwr  gtemp  mtemp 
#YYYYMMDD    HH:MM:SS     Idx      W      C      C 
 20260321    08:23:10       0    138     37     45 
 20260321    08:23:10       1    156     38     45 
 20260321    08:23:10       2    142     38     47 
 20260321    08:23:10       3    156     37     45 
 20260321    08:23:40       0    137     37     45 
 20260321    08:23:40       1    155     38     45 
 20260321    08:23:40       2    142     38     47 
 20260321    08:23:40       3    156     37     45 
 20260321    08:24:10       0    138     38     45 
 20260321    08:24:10       1    156     38     45 
 20260321    08:24:10       2    142     38     47 
 20260321    08:24:10       3    155     37     45 
 20260321    08:24:40       0    139     38     45 
 20260321    08:24:40       1    156     38     45 
 20260321    08:24:40       2    143     39     46 
 20260321    08:24:40       3    157     38     46 
 20260321    08:25:10       0    138     38     45 
 20260321    08:25:10       1    156     38     45 
 20260321    08:25:10       2    143     39     46 
 20260321    08:25:10       3    157     38     46 
 20260321    08:25:40       0    126     36     44 
 20260321    08:25:40       1    143     37     45 
 20260321    08:25:40       2    131     38     46 
 20260321    08:25:40       3    144     37     45 
 20260321    08:26:10       0    125     36     44 
 20260321    08:26:10       1    143     37     44 
 20260321    08:26:10       2    131     37     46 
 20260321    08:26:10       3    143     36     45 
 20260321    08:26:40       0    126     36     44 
 20260321    08:26:40       1    143     37     44 
 20260321    08:26:40       2    131     37     44 
 20260321    08:26:40       3    143     36     44 
 20260321    08:27:10       0    138     37     45 
 20260321    08:27:10       1    155     38     45 
 20260321    08:27:10       2    142     38     47 
 20260321    08:27:10       3    156     37     45 
 20260321    08:27:40       0    138     38     45 
 20260321    08:27:40       1    155     38     45 
 20260321    08:27:40       2    143     38     47 
 20260321    08:27:40       3    156     37     46 
 20260321    08:28:10       0    138     37     45 
 20260321    08:28:10       1    156     38     45 
 20260321    08:28:10       2    142     38     46 
 20260321    08:28:10       3    157     37     46 
#Date        Time         gpu    pwr  gtemp  mtemp 
#YYYYMMDD    HH:MM:SS     Idx      W      C      C 
 20260321    08:28:40       0    138     38     45 
 20260321    08:28:40       1    156     38     45 
 20260321    08:28:40       2    143     38     47 
 20260321    08:28:40       3    157     37     46 
 20260321    08:29:10       0    138     37     45 
 20260321    08:29:10       1    155     38     45 
 20260321    08:29:10       2    142     38     46 
 20260321    08:29:10       3    157     37     46 
 20260321    08:29:40       0    138     38     45 
 20260321    08:29:40       1    156     38     45 
 20260321    08:29:40       2    142     38     46 
 20260321    08:29:40       3    157     37     46 
 20260321    08:30:10       0    139     37     45 
 20260321    08:30:10       1    155     38     45 
 20260321    08:30:10       2    143     38     47 
 20260321    08:30:10       3    156     37     45 
 20260321    08:30:40       0    139     37     45 
 20260321    08:30:40       1    156     38     45 
 20260321    08:30:40       2    142     38     47 
 20260321    08:30:40       3    157     37     45 
 20260321    08:31:10       0    138     37     45 
 20260321    08:31:10       1    155     38     45 
 20260321    08:31:10       2    142     38     46 
 20260321    08:31:10       3    157     37     45 
 20260321    08:31:40       0    138     38     45 
 20260321    08:31:40       1    155     38     45 
 20260321    08:31:40       2    142     38     46 
 20260321    08:31:40       3    157     37     45 
 20260321    08:32:10       0    138     37     45 
 20260321    08:32:10       1    155     38     45 
 20260321    08:32:10       2    142     38     47 
 20260321    08:32:10       3    157     37     46 
 20260321    08:32:40       0    139     37     45 
 20260321    08:32:40       1    156     38     45 
 20260321    08:32:40       2    143     38     46 
 20260321    08:32:40       3    157     37     45 
 20260321    08:33:10       0    138     37     45 
 20260321    08:33:10       1    156     38     45 
 20260321    08:33:10       2    143     38     46 
 20260321    08:33:10       3    157     37     45 
 20260321    08:33:40       0    139     38     45 
 20260321    08:33:40       1    156     38     45 
 20260321    08:33:40       2    143     38     46 
 20260321    08:33:40       3    157     37     45 
#Date        Time         gpu    pwr  gtemp  mtemp 
#YYYYMMDD    HH:MM:SS     Idx      W      C      C 
 20260321    08:34:10       0    139     37     45 
 20260321    08:34:10       1    156     38     45 
 20260321    08:34:10       2    142     38     46 
 20260321    08:34:10       3    157     37     45 
 20260321    08:34:40       0    139     37     45 
 20260321    08:34:40       1    156     38     45 
 20260321    08:34:40       2    142     38     46 
 20260321    08:34:40       3    156     37     45 
 20260321    08:35:10       0    139     37     45 
 20260321    08:35:10       1    156     38     45 
 20260321    08:35:10       2    142     38     46 
 20260321    08:35:10       3    156     37     45 
 20260321    08:35:40       0    138     37     45 
 20260321    08:35:40       1    156     38     45 
 20260321    08:35:40       2    142     38     46 
 20260321    08:35:40       3    156     37     45 
 20260321    08:36:10       0    139     37     45 
 20260321    08:36:10       1    156     38     45 
 20260321    08:36:10       2    143     38     46 
 20260321    08:36:10       3    157     37     45 
 20260321    08:36:40       0    138     37     45 
 20260321    08:36:40       1    155     38     45 
 20260321    08:36:40       2    142     38     47 
 20260321    08:36:40       3    157     37     46 
 20260321    08:37:10       0    139     37     45 
 20260321    08:37:10       1    156     38     45 
 20260321    08:37:10       2    142     38     46 
 20260321    08:37:10       3    156     37     45 
 20260321    08:37:40       0    138     37     45 
 20260321    08:37:40       1    155     38     45 
 20260321    08:37:40       2    142     38     46 
 20260321    08:37:40       3    156     37     45 
 20260321    08:38:10       0    139     37     45 
 20260321    08:38:10       1    155     38     45 
 20260321    08:38:10       2    142     38     46 
 20260321    08:38:10       3    157     37     45 
 20260321    08:38:40       0    138     37     45 
 20260321    08:38:40       1    156     38     45 
 20260321    08:38:40       2    142     38     46 
 20260321    08:38:40       3    156     37     45 
 20260321    08:39:10       0    139     37     45 
 20260321    08:39:10       1    155     38     45 
 20260321    08:39:10       2    142     38     46 
 20260321    08:39:10       3    157     37     45 
#Date        Time         gpu    pwr  gtemp  mtemp 
#YYYYMMDD    HH:MM:SS     Idx      W      C      C 
 20260321    08:39:40       0    138     37     45 
 20260321    08:39:40       1    156     38     45 
 20260321    08:39:40       2    142     38     46 
 20260321    08:39:40       3    156     37     45 
 20260321    08:40:10       0    139     37     45 
 20260321    08:40:10       1    156     38     45 
 20260321    08:40:10       2    143     38     46 
 20260321    08:40:10       3    157     37     45 
 20260321    08:40:40       0    139     37     45 
 20260321    08:40:40       1    156     38     45 
 20260321    08:40:40       2    143     38     46 
 20260321    08:40:40       3    157     37     45 
 20260321    08:41:10       0    126     36     45 
 20260321    08:41:10       1    142     36     44 
 20260321    08:41:10       2    131     37     45 
 20260321    08:41:10       3    143     36     44 
 20260321    08:41:40       0    126     36     45 
 20260321    08:41:40       1    142     36     44 
 20260321    08:41:40       2    131     37     44 
 20260321    08:41:40       3    144     36     44 
 20260321    08:42:10       0    126     36     44 
 20260321    08:42:10       1    142     36     44 
 20260321    08:42:10       2    131     37     44 
 20260321    08:42:10       3    144     36     44 
 20260321    08:42:40       0    138     37     45 
 20260321    08:42:40       1    155     38     45 
 20260321    08:42:40       2    142     38     46 
 20260321    08:42:40       3    156     37     45 
 20260321    08:43:10       0    138     37     45 
 20260321    08:43:10       1    155     38     45 
 20260321    08:43:10       2    142     38     46 
 20260321    08:43:10       3    156     37     45 
 20260321    08:43:40       0    138     37     45 
 20260321    08:43:40       1    155     38     45 
 20260321    08:43:40       2    142     38     46 
 20260321    08:43:40       3    155     37     45 
 20260321    08:44:10       0    138     37     45 
 20260321    08:44:10       1    155     38     45 
 20260321    08:44:10       2    142     38     46 
 20260321    08:44:10       3    156     37     45 
 20260321    08:44:40       0    129     36     45 
 20260321    08:44:40       1    145     37     44 
 20260321    08:44:40       2    133     37     46 
 20260321    08:44:40       3    146     36     44 
#Date        Time         gpu    pwr  gtemp  mtemp 
#YYYYMMDD    HH:MM:SS     Idx      W      C      C 
 20260321    08:45:10       0    139     37     45 
 20260321    08:45:10       1    156     38     45 
 20260321    08:45:10       2    143     38     46 
 20260321    08:45:10       3    157     37     45 
 20260321    08:45:40       0    139     37     45 
 20260321    08:45:40       1    155     38     45 
 20260321    08:45:40       2    143     38     46 
 20260321    08:45:40       3    157     37     45 
 20260321    08:46:10       0    139     37     45 
 20260321    08:46:10       1    156     38     45 
 20260321    08:46:10       2    142     38     46 
 20260321    08:46:10       3    157     37     45 
 20260321    08:46:40       0    138     37     45 
 20260321    08:46:40       1    156     38     45 
 20260321    08:46:40       2    142     38     46 
 20260321    08:46:40       3    156     37     45 
 20260321    08:47:10       0    127     37     46 
 20260321    08:47:10       1    143     38     46 
 20260321    08:47:10       2    132     39     48 
 20260321    08:47:10       3    193     39     47 
 20260321    08:47:40       0    139     37     45 
 20260321    08:47:40       1    156     38     45 
 20260321    08:47:40       2    142     38     46 
 20260321    08:47:40       3    157     37     45 
 20260321    08:48:10       0    139     37     45 
 20260321    08:48:10       1    156     38     45 
 20260321    08:48:10       2    142     38     46 
 20260321    08:48:10       3    157     37     45 
 20260321    08:48:40       0    139     37     45 
 20260321    08:48:40       1    156     38     45 
 20260321    08:48:40       2    142     38     46 
 20260321    08:48:40       3    156     37     45 
 20260321    08:49:10       0    139     37     45 
 20260321    08:49:10       1    156     38     45 
 20260321    08:49:10       2    142     38     46 
 20260321    08:49:10       3    157     37     45 
 20260321    08:49:40       0    139     37     45 
 20260321    08:49:40       1    156     38     45 
 20260321    08:49:40       2    142     38     46 
 20260321    08:49:40       3    156     37     45 
 20260321    08:50:10       0    137     37     45 
 20260321    08:50:10       1    155     38     45 
 20260321    08:50:10       2    142     38     46 
 20260321    08:50:10       3    155     37     45 
#Date        Time         gpu    pwr  gtemp  mtemp 
#YYYYMMDD    HH:MM:SS     Idx      W      C      C 
 20260321    08:50:40       0    138     37     45 
 20260321    08:50:40       1    156     38     45 
 20260321    08:50:40       2    142     38     46 
 20260321    08:50:40       3    156     37     45 
 20260321    08:51:10       0    138     37     45 
 20260321    08:51:10       1    156     38     45 
 20260321    08:51:10       2    142     38     46 
 20260321    08:51:10       3    157     37     45 
 20260321    08:51:40       0    139     37     45 
 20260321    08:51:40       1    156     38     45 
 20260321    08:51:40       2    142     38     46 
 20260321    08:51:40       3    157     37     45 
 20260321    08:52:10       0    139     37     45 
 20260321    08:52:10       1    156     38     45 
 20260321    08:52:10       2    142     38     46 
 20260321    08:52:10       3    156     37     45 
 20260321    08:52:40       0    138     37     45 
 20260321    08:52:40       1    156     38     45 
 20260321    08:52:40       2    142     38     47 
 20260321    08:52:40       3    156     37     45 
 20260321    08:53:10       0    139     37     45 
 20260321    08:53:10       1    156     38     45 
 20260321    08:53:10       2    143     38     46 
 20260321    08:53:10       3    156     37     45 
 20260321    08:53:40       0    139     37     45 
 20260321    08:53:40       1    156     38     45 
 20260321    08:53:40       2    142     38     46 
 20260321    08:53:40       3    157     37     45 
 20260321    08:54:10       0    127     36     44 
 20260321    08:54:10       1    143     37     45 
 20260321    08:54:10       2    131     38     46 
 20260321    08:54:10       3    143     36     45 
 20260321    08:54:40       0    126     36     44 
 20260321    08:54:40       1    142     36     44 
 20260321    08:54:40       2    130     37     44 
 20260321    08:54:40       3    143     36     44 
 20260321    08:55:10       0    126     36     44 
 20260321    08:55:10       1    142     36     44 
 20260321    08:55:10       2    131     37     44 
 20260321    08:55:10       3    143     36     44 
 20260321    08:55:40       0    139     37     45 
 20260321    08:55:40       1    155     38     45 
 20260321    08:55:40       2    143     38     46 
 20260321    08:55:40       3    157     37     45 
#Date        Time         gpu    pwr  gtemp  mtemp 
#YYYYMMDD    HH:MM:SS     Idx      W      C      C 
 20260321    08:56:10       0    139     37     45 
 20260321    08:56:10       1    156     38     45 
 20260321    08:56:10       2    142     38     46 
 20260321    08:56:10       3    157     37     45 
 20260321    08:56:40       0    139     37     45 
 20260321    08:56:40       1    156     38     45 
 20260321    08:56:40       2    142     38     46 
 20260321    08:56:40       3    157     37     45 
 20260321    08:57:10       0    139     37     45 
 20260321    08:57:10       1    155     38     45 
 20260321    08:57:10       2    143     38     46 
 20260321    08:57:10       3    157     37     45 
 20260321    08:57:40       0    139     37     45 
 20260321    08:57:40       1    156     38     45 
 20260321    08:57:40       2    142     38     46 
 20260321    08:57:40       3    157     37     45 
 20260321    08:58:10       0    139     37     45 
 20260321    08:58:10       1    156     38     45 
 20260321    08:58:10       2    143     38     46 
 20260321    08:58:10       3    157     37     45 
 20260321    08:58:40       0    139     37     45 
 20260321    08:58:40       1    155     38     45 
 20260321    08:58:40       2    142     38     46 
 20260321    08:58:40       3    156     37     45 
 20260321    08:59:10       0    138     37     45 
 20260321    08:59:10       1    155     38     45 
 20260321    08:59:10       2    142     38     46 
 20260321    08:59:10       3    156     37     45 
 20260321    08:59:40       0    139     37     45 
 20260321    08:59:40       1    156     38     45 
 20260321    08:59:40       2    143     38     46 
 20260321    08:59:40       3    157     37     46 
 20260321    09:00:10       0    140     37     45 
 20260321    09:00:10       1    156     38     45 
 20260321    09:00:10       2    142     38     46 
 20260321    09:00:10       3    157     37     45 
 20260321    09:00:40       0    139     37     45 
 20260321    09:00:40       1    155     38     45 
 20260321    09:00:40       2    142     38     46 
 20260321    09:00:40       3    156     37     45 
 20260321    09:01:10       0    139     37     45 
 20260321    09:01:10       1    155     38     45 
 20260321    09:01:10       2    142     38     46 
 20260321    09:01:10       3    156     37     45 
#Date        Time         gpu    pwr  gtemp  mtemp 
#YYYYMMDD    HH:MM:SS     Idx      W      C      C 
 20260321    09:01:40       0    139     37     45 
 20260321    09:01:40       1    155     38     45 
 20260321    09:01:40       2    142     38     46 
 20260321    09:01:40       3    157     37     45 
 20260321    09:02:10       0    139     37     45 
 20260321    09:02:10       1    156     38     45 
 20260321    09:02:10       2    142     38     46 
 20260321    09:02:10       3    156     37     45 
 20260321    09:02:40       0    139     37     45 
 20260321    09:02:40       1    156     38     45 
 20260321    09:02:40       2    142     38     46 
 20260321    09:02:40       3    157     37     45 
 20260321    09:03:10       0    139     37     45 
 20260321    09:03:10       1    156     38     45 
 20260321    09:03:10       2    143     38     46 
 20260321    09:03:10       3    157     37     45 
 20260321    09:03:40       0    138     37     45 
 20260321    09:03:40       1    156     38     45 
 20260321    09:03:40       2    142     38     46 
 20260321    09:03:40       3    157     37     45 
 20260321    09:04:10       0    138     38     45 
 20260321    09:04:10       1    155     38     45 
 20260321    09:04:10       2    142     38     47 
 20260321    09:04:10       3    157     37     46 
 20260321    09:04:40       0    139     37     45 
 20260321    09:04:40       1    155     38     45 
 20260321    09:04:40       2    142     38     46 
 20260321    09:04:40       3    157     37     45 
 20260321    09:05:10       0    139     37     45 
 20260321    09:05:10       1    155     38     45 
 20260321    09:05:10       2    142     38     46 
 20260321    09:05:10       3    156     37     45 
 20260321    09:05:40       0    138     37     45 
 20260321    09:05:40       1    156     38     45 
 20260321    09:05:40       2    143     38     46 
 20260321    09:05:40       3    156     37     45 
 20260321    09:06:10       0    139     37     45 
 20260321    09:06:10       1    155     38     45 
 20260321    09:06:10       2    142     38     46 
 20260321    09:06:10       3    156     37     45 
 20260321    09:06:40       0    138     37     45 
 20260321    09:06:40       1    156     38     45 
 20260321    09:06:40       2    142     38     46 
 20260321    09:06:40       3    157     37     45 
#Date        Time         gpu    pwr  gtemp  mtemp 
#YYYYMMDD    HH:MM:SS     Idx      W      C      C 
 20260321    09:07:10       0    139     37     45 
 20260321    09:07:10       1    156     38     45 
 20260321    09:07:10       2    142     38     47 
 20260321    09:07:10       3    156     37     45 
 20260321    09:07:40       0    139     38     45 
 20260321    09:07:40       1    156     38     45 
 20260321    09:07:40       2    143     38     47 
 20260321    09:07:40       3    157     37     45 
 20260321    09:08:10       0    140     37     45 
 20260321    09:08:10       1    155     38     45 
 20260321    09:08:10       2    142     38     46 
 20260321    09:08:10       3    156     37     45 
 20260321    09:08:40       0    139     37     45 
 20260321    09:08:40       1    156     38     45 
 20260321    09:08:40       2    142     38     46 
 20260321    09:08:40       3    156     37     45 
 20260321    09:09:10       0    139     37     45 
 20260321    09:09:10       1    156     38     45 
 20260321    09:09:10       2    143     38     46 
 20260321    09:09:10       3    157     37     46 
 20260321    09:09:40       0    127     36     44 
 20260321    09:09:40       1    143     37     44 
 20260321    09:09:40       2    131     37     46 
 20260321    09:09:40       3    143     36     44 
 20260321    09:10:10       0    127     36     45 
 20260321    09:10:10       1    143     36     44 
 20260321    09:10:10       2    130     37     44 
 20260321    09:10:10       3    143     36     44 
 20260321    09:10:40       0    127     36     45 
 20260321    09:10:40       1    143     36     44 
 20260321    09:10:40       2    131     37     44 
 20260321    09:10:40       3    143     36     44 
 20260321    09:11:10       0    138     37     45 
 20260321    09:11:10       1    155     38     45 
 20260321    09:11:10       2    142     38     46 
 20260321    09:11:10       3    157     37     45 
 20260321    09:11:40       0    139     38     45 
 20260321    09:11:40       1    156     38     45 
 20260321    09:11:40       2    143     38     46 
 20260321    09:11:40       3    157     37     45 
 20260321    09:12:10       0    139     37     45 
 20260321    09:12:10       1    156     38     45 
 20260321    09:12:10       2    143     38     46 
 20260321    09:12:10       3    156     37     46 
#Date        Time         gpu    pwr  gtemp  mtemp 
#YYYYMMDD    HH:MM:SS     Idx      W      C      C 
 20260321    09:12:40       0    139     37     45 
 20260321    09:12:40       1    156     38     45 
 20260321    09:12:40       2    143     38     47 
 20260321    09:12:40       3    156     37     46 
 20260321    09:13:10       0    139     37     45 
 20260321    09:13:10       1    155     38     45 
 20260321    09:13:10       2    142     38     46 
 20260321    09:13:10       3    156     37     45 
 20260321    09:13:40       0    139     37     45 
 20260321    09:13:40       1    155     38     45 
 20260321    09:13:40       2    142     38     46 
 20260321    09:13:40       3    156     37     46 
 20260321    09:14:10       0    140     38     45 
 20260321    09:14:10       1    156     38     45 
 20260321    09:14:10       2    143     38     46 
 20260321    09:14:10       3    157     37     45 
 20260321    09:14:40       0    138     37     45 
 20260321    09:14:40       1    157     38     45 
 20260321    09:14:40       2    142     38     46 
 20260321    09:14:40       3    157     37     46 
 20260321    09:15:10       0    139     37     45 
 20260321    09:15:10       1    155     38     45 
 20260321    09:15:10       2    142     38     46 
 20260321    09:15:10       3    156     37     46 
 20260321    09:15:40       0    130     38     47 
 20260321    09:15:40       1    147     38     46 
 20260321    09:15:40       2    136     39     48 
 20260321    09:15:40       3    176     38     47 
 20260321    09:16:10       0    140     37     45 
 20260321    09:16:10       1    156     38     45 
 20260321    09:16:10       2    142     38     46 
 20260321    09:16:10       3    157     37     45 
 20260321    09:16:40       0    140     38     45 
 20260321    09:16:40       1    156     38     45 
 20260321    09:16:40       2    143     38     46 
 20260321    09:16:40       3    157     37     45 
 20260321    09:17:10       0    138     37     45 
 20260321    09:17:10       1    155     38     45 
 20260321    09:17:10       2    142     38     47 
 20260321    09:17:10       3    157     37     45 
 20260321    09:17:40       0    139     37     45 
 20260321    09:17:40       1    156     38     45 
 20260321    09:17:40       2    142     38     47 
 20260321    09:17:40       3    157     37     46 
#Date        Time         gpu    pwr  gtemp  mtemp 
#YYYYMMDD    HH:MM:SS     Idx      W      C      C 
 20260321    09:18:10       0    139     38     45 
 20260321    09:18:10       1    156     38     45 
 20260321    09:18:10       2    142     38     46 
 20260321    09:18:10       3    156     37     45 
 20260321    09:18:40       0    139     38     45 
 20260321    09:18:40       1    156     38     45 
 20260321    09:18:40       2    142     38     46 
 20260321    09:18:40       3    156     37     45 
 20260321    09:19:10       0    139     38     45 
 20260321    09:19:10       1    157     38     45 
 20260321    09:19:10       2    143     38     46 
 20260321    09:19:10       3    157     37     46 
 20260321    09:19:40       0    138     37     45 
 20260321    09:19:40       1    155     38     45 
 20260321    09:19:40       2    142     38     47 
 20260321    09:19:40       3    155     37     45 
 20260321    09:20:10       0    138     37     45 
 20260321    09:20:10       1    156     38     45 
 20260321    09:20:10       2    142     38     47 
 20260321    09:20:10       3    156     37     45 
 20260321    09:20:40       0    138     38     45 
 20260321    09:20:40       1    155     38     45 
 20260321    09:20:40       2    142     38     46 
 20260321    09:20:40       3    156     37     46 
 20260321    09:21:10       0    139     38     45 
 20260321    09:21:10       1    156     38     45 
 20260321    09:21:10       2    142     38     46 
 20260321    09:21:10       3    156     37     45 
 20260321    09:21:40       0    138     37     45 
 20260321    09:21:40       1    155     38     45 
 20260321    09:21:40       2    142     38     47 
 20260321    09:21:40       3    157     37     45 
 20260321    09:22:10       0    138     38     45 
 20260321    09:22:10       1    157     38     45 
 20260321    09:22:10       2    143     38     47 
 20260321    09:22:10       3    157     37     45 
 20260321    09:22:40       0    127     37     45 
 20260321    09:22:40       1    143     37     45 
 20260321    09:22:40       2    131     38     46 
 20260321    09:22:40       3    144     37     45 
 20260321    09:23:10       0    125     36     44 
 20260321    09:23:10       1    142     36     44 
 20260321    09:23:10       2    130     37     44 
 20260321    09:23:10       3    143     36     44 
#Date        Time         gpu    pwr  gtemp  mtemp 
#YYYYMMDD    HH:MM:SS     Idx      W      C      C 
 20260321    09:23:40       0    125     36     45 
 20260321    09:23:40       1    142     36     44 
 20260321    09:23:40       2    130     37     44 
 20260321    09:23:40       3    143     36     44 
 20260321    09:24:10       0    138     37     45 
 20260321    09:24:10       1    155     38     45 
 20260321    09:24:10       2    142     38     46 
 20260321    09:24:10       3    157     37     45 
 20260321    09:24:40       0    138     37     45 
 20260321    09:24:40       1    155     38     45 
 20260321    09:24:40       2    142     38     46 
 20260321    09:24:40       3    157     37     45 
 20260321    09:25:11       0    138     37     45 
 20260321    09:25:11       1    155     37     45 
 20260321    09:25:11       2    142     38     46 
 20260321    09:25:11       3    156     37     45 
 20260321    09:25:41       0    138     37     45 
 20260321    09:25:41       1    155     38     45 
 20260321    09:25:41       2    142     38     46 
 20260321    09:25:41       3    156     37     45 
 20260321    09:26:11       0    139     37     45 
 20260321    09:26:11       1    156     38     45 
 20260321    09:26:11       2    142     38     46 
 20260321    09:26:11       3    157     37     45 
 20260321    09:26:41       0    138     37     45 
 20260321    09:26:41       1    155     38     45 
 20260321    09:26:41       2    142     38     46 
 20260321    09:26:41       3    157     37     45 
 20260321    09:27:11       0    139     37     45 
 20260321    09:27:11       1    155     38     45 
 20260321    09:27:11       2    142     38     46 
 20260321    09:27:11       3    157     37     45 
 20260321    09:27:41       0    138     37     45 
 20260321    09:27:41       1    155     38     45 
 20260321    09:27:41       2    142     38     46 
 20260321    09:27:41       3    157     37     45 
 20260321    09:28:11       0    139     37     45 
 20260321    09:28:11       1    155     38     45 
 20260321    09:28:11       2    142     38     46 
 20260321    09:28:11       3    156     37     45 
 20260321    09:28:41       0    138     37     45 
 20260321    09:28:41       1    156     38     45 
 20260321    09:28:41       2    142     38     46 
 20260321    09:28:41       3    157     37     45 
#Date        Time         gpu    pwr  gtemp  mtemp 
#YYYYMMDD    HH:MM:SS     Idx      W      C      C 
 20260321    09:29:11       0    138     37     45 
 20260321    09:29:11       1    156     38     45 
 20260321    09:29:11       2    142     38     46 
 20260321    09:29:11       3    156     37     45 
 20260321    09:29:41       0    138     37     45 
 20260321    09:29:41       1    156     38     45 
 20260321    09:29:41       2    143     38     46 
 20260321    09:29:41       3    157     37     45 
 20260321    09:30:11       0    138     37     45 
 20260321    09:30:11       1    155     38     45 
 20260321    09:30:11       2    142     38     46 
 20260321    09:30:11       3    156     37     45 
 20260321    09:30:41       0    138     37     45 
 20260321    09:30:41       1    156     38     45 
 20260321    09:30:41       2    142     38     46 
 20260321    09:30:41       3    156     37     45 
 20260321    09:31:11       0    138     37     45 
 20260321    09:31:11       1    155     38     45 
 20260321    09:31:11       2    142     38     46 
 20260321    09:31:11       3    156     37     45 
 20260321    09:31:41       0    139     37     45 
 20260321    09:31:41       1    155     38     45 
 20260321    09:31:41       2    143     38     47 
 20260321    09:31:41       3    156     37     45 
 20260321    09:32:11       0    138     37     45 
 20260321    09:32:11       1    155     38     45 
 20260321    09:32:11       2    142     38     46 
 20260321    09:32:11       3    157     37     45 
 20260321    09:32:41       0    138     37     45 
 20260321    09:32:41       1    155     38     45 
 20260321    09:32:41       2    142     38     46 
 20260321    09:32:41       3    157     37     45 
 20260321    09:33:11       0    138     37     45 
 20260321    09:33:11       1    155     38     45 
 20260321    09:33:11       2    142     38     46 
 20260321    09:33:11       3    157     37     45 
 20260321    09:33:41       0    137     37     45 
 20260321    09:33:41       1    155     38     45 
 20260321    09:33:41       2    142     38     46 
 20260321    09:33:41       3    155     37     45 
 20260321    09:34:11       0    138     37     45 
 20260321    09:34:11       1    156     38     45 
 20260321    09:34:11       2    142     38     47 
 20260321    09:34:11       3    156     37     45 
#Date        Time         gpu    pwr  gtemp  mtemp 
#YYYYMMDD    HH:MM:SS     Idx      W      C      C 
 20260321    09:34:41       0    138     37     45 
 20260321    09:34:41       1    155     38     45 
 20260321    09:34:41       2    142     38     46 
 20260321    09:34:41       3    156     37     45 
 20260321    09:35:11       0    138     37     45 
 20260321    09:35:11       1    156     38     45 
 20260321    09:35:11       2    143     38     46 
 20260321    09:35:11       3    157     37     45 
 20260321    09:35:41       0    138     37     45 
 20260321    09:35:41       1    156     38     45 
 20260321    09:35:41       2    143     38     46 
 20260321    09:35:41       3    157     37     45 
 20260321    09:36:11       0    138     37     45 
 20260321    09:36:11       1    156     38     45 
 20260321    09:36:11       2    143     38     46 
 20260321    09:36:11       3    157     37     45 
 20260321    09:36:41       0    138     37     45 
 20260321    09:36:41       1    155     38     45 
 20260321    09:36:41       2    142     38     46 
 20260321    09:36:41       3    157     37     45 
 20260321    09:37:11       0    138     37     45 
 20260321    09:37:11       1    155     38     45 
 20260321    09:37:11       2    142     38     46 
 20260321    09:37:11       3    157     37     45 
 20260321    09:37:41       0    138     37     45 
 20260321    09:37:41       1    156     38     45 
 20260321    09:37:41       2    142     38     46 
 20260321    09:37:41       3    157     37     45 
 20260321    09:38:11       0    128     36     44 
 20260321    09:38:11       1    142     36     44 
 20260321    09:38:11       2    131     37     45 
 20260321    09:38:11       3    143     36     44 
 20260321    09:38:41       0    127     36     44 
 20260321    09:38:41       1    142     36     44 
 20260321    09:38:41       2    131     37     44 
 20260321    09:38:41       3    143     36     44 
 20260321    09:39:11       0    127     36     45 
 20260321    09:39:11       1    142     36     44 
 20260321    09:39:11       2    131     37     44 
 20260321    09:39:11       3    143     36     44 
 20260321    09:39:41       0    139     37     45 
 20260321    09:39:41       1    155     38     45 
 20260321    09:39:41       2    142     38     46 
 20260321    09:39:41       3    157     37     45 
#Date        Time         gpu    pwr  gtemp  mtemp 
#YYYYMMDD    HH:MM:SS     Idx      W      C      C 
 20260321    09:40:11       0    137     37     45 
 20260321    09:40:11       1    155     38     45 
 20260321    09:40:11       2    142     38     46 
 20260321    09:40:11       3    156     37     45 
 20260321    09:40:41       0    139     37     45 
 20260321    09:40:41       1    156     38     45 
 20260321    09:40:41       2    143     38     46 
 20260321    09:40:41       3    157     37     45 
 20260321    09:41:11       0    139     37     45 
 20260321    09:41:11       1    155     38     45 
 20260321    09:41:11       2    142     38     46 
 20260321    09:41:11       3    156     37     45 
 20260321    09:41:41       0    138     37     45 
 20260321    09:41:41       1    156     38     45 
 20260321    09:41:41       2    142     38     46 
 20260321    09:41:41       3    156     37     45 
 20260321    09:42:11       0    138     37     44 
 20260321    09:42:11       1    156     38     45 
 20260321    09:42:11       2    142     38     46 
 20260321    09:42:11       3    156     37     45 
 20260321    09:42:41       0    138     37     45 
 20260321    09:42:41       1    155     38     45 
 20260321    09:42:41       2    142     38     46 
 20260321    09:42:41       3    156     37     45 
 20260321    09:43:11       0    139     37     45 
 20260321    09:43:11       1    156     38     45 
 20260321    09:43:11       2    143     38     46 
 20260321    09:43:11       3    157     37     45 
 20260321    09:43:41       0    139     37     45 
 20260321    09:43:41       1    156     38     45 
 20260321    09:43:41       2    142     38     46 
 20260321    09:43:41       3    156     37     45 
 20260321    09:44:11       0    181     39     48 
 20260321    09:44:11       1    202     40     48 
 20260321    09:44:11       2    233     41     50 
 20260321    09:44:11       3    189     39     47 
 20260321    09:44:41       0    138     37     45 
 20260321    09:44:41       1    156     38     45 
 20260321    09:44:41       2    142     38     46 
 20260321    09:44:41       3    156     37     45 
 20260321    09:45:11       0    139     37     45 
 20260321    09:45:11       1    156     38     45 
 20260321    09:45:11       2    142     38     46 
 20260321    09:45:11       3    157     37     45 
#Date        Time         gpu    pwr  gtemp  mtemp 
#YYYYMMDD    HH:MM:SS     Idx      W      C      C 
 20260321    09:45:41       0    139     37     45 
 20260321    09:45:41       1    156     38     45 
 20260321    09:45:41       2    142     38     46 
 20260321    09:45:41       3    157     37     46 
 20260321    09:46:11       0    139     37     45 
 20260321    09:46:11       1    156     38     45 
 20260321    09:46:11       2    143     38     46 
 20260321    09:46:11       3    156     37     45 
 20260321    09:46:41       0    139     37     45 
 20260321    09:46:41       1    155     38     45 
 20260321    09:46:41       2    142     38     46 
 20260321    09:46:41       3    156     37     45 
 20260321    09:47:11       0    139     37     45 
 20260321    09:47:11       1    156     38     45 
 20260321    09:47:11       2    142     38     46 
 20260321    09:47:11       3    156     37     45 
 20260321    09:47:41       0    139     37     45 
 20260321    09:47:41       1    156     38     45 
 20260321    09:47:41       2    143     38     46 
 20260321    09:47:41       3    156     37     45 
 20260321    09:48:11       0    139     37     45 
 20260321    09:48:11       1    156     38     45 
 20260321    09:48:11       2    143     38     46 
 20260321    09:48:11       3    157     37     45 
 20260321    09:48:41       0    139     37     45 
 20260321    09:48:41       1    156     38     45 
 20260321    09:48:41       2    142     38     47 
 20260321    09:48:41       3    156     37     45 
 20260321    09:49:11       0    139     37     45 
 20260321    09:49:11       1    156     38     45 
 20260321    09:49:11       2    143     38     46 
 20260321    09:49:11       3    156     37     46 
 20260321    09:49:41       0    139     37     45 
 20260321    09:49:41       1    156     38     45 
 20260321    09:49:41       2    142     38     46 
 20260321    09:49:41       3    157     37     45 
 20260321    09:50:11       0    139     37     45 
 20260321    09:50:11       1    156     38     45 
 20260321    09:50:11       2    142     38     46 
 20260321    09:50:11       3    156     37     45 
 20260321    09:50:41       0    139     37     45 
 20260321    09:50:41       1    156     38     45 
 20260321    09:50:41       2    143     38     47 
 20260321    09:50:41       3    157     37     45 
#Date        Time         gpu    pwr  gtemp  mtemp 
#YYYYMMDD    HH:MM:SS     Idx      W      C      C 
 20260321    09:51:11       0    140     37     45 
 20260321    09:51:11       1    156     38     45 
 20260321    09:51:11       2    143     38     47 
 20260321    09:51:11       3    157     37     45 
 20260321    09:51:41       0    127     36     45 
 20260321    09:51:41       1    142     36     44 
 20260321    09:51:41       2    131     37     44 
 20260321    09:51:41       3    143     36     44 
 20260321    09:52:11       0    127     36     45 
 20260321    09:52:11       1    142     36     44 
 20260321    09:52:11       2    130     37     44 
 20260321    09:52:11       3    143     36     44 
 20260321    09:52:41       0    139     37     44 
 20260321    09:52:41       1    156     38     45 
 20260321    09:52:41       2    142     38     46 
 20260321    09:52:41       3    157     37     45 
 20260321    09:53:11       0    139     37     45 
 20260321    09:53:11       1    156     38     45 
 20260321    09:53:11       2    143     38     46 
 20260321    09:53:11       3    157     37     45 
 20260321    09:53:41       0    139     37     45 
 20260321    09:53:41       1    155     38     45 
 20260321    09:53:41       2    142     38     46 
 20260321    09:53:41       3    157     37     45 
 20260321    09:54:11       0    138     37     45 
 20260321    09:54:11       1    155     38     45 
 20260321    09:54:11       2    142     38     46 
 20260321    09:54:11       3    157     37     45 
 20260321    09:54:41       0    138     37     45 
 20260321    09:54:41       1    156     38     45 
 20260321    09:54:41       2    142     38     46 
 20260321    09:54:41       3    157     37     45 
 20260321    09:55:11       0    139     37     45 
 20260321    09:55:11       1    156     38     45 
 20260321    09:55:11       2    142     38     46 
 20260321    09:55:11       3    157     37     45 
 20260321    09:55:41       0    139     37     45 
 20260321    09:55:41       1    156     38     45 
 20260321    09:55:41       2    143     38     46 
 20260321    09:55:41       3    157     37     45 
 20260321    09:56:11       0    139     37     45 
 20260321    09:56:11       1    155     38     45 
 20260321    09:56:11       2    143     38     46 
 20260321    09:56:11       3    156     37     45 
#Date        Time         gpu    pwr  gtemp  mtemp 
#YYYYMMDD    HH:MM:SS     Idx      W      C      C 
 20260321    09:56:41       0    139     37     45 
 20260321    09:56:41       1    155     38     45 
 20260321    09:56:41       2    142     38     46 
 20260321    09:56:41       3    156     37     45 
 20260321    09:57:11       0    138     37     45 
 20260321    09:57:11       1    155     38     45 
 20260321    09:57:11       2    142     38     46 
 20260321    09:57:11       3    156     37     45 
 20260321    09:57:41       0    138     37     45 
 20260321    09:57:41       1    156     38     45 
 20260321    09:57:41       2    142     38     46 
 20260321    09:57:41       3    156     37     45 
 20260321    09:58:11       0    138     37     45 
 20260321    09:58:11       1    155     38     45 
 20260321    09:58:11       2    142     38     46 
 20260321    09:58:11       3    156     37     45 
 20260321    09:58:41       0    139     37     45 
 20260321    09:58:41       1    155     38     45 
 20260321    09:58:41       2    143     38     47 
 20260321    09:58:41       3    157     37     45 
 20260321    09:59:11       0    139     37     45 
 20260321    09:59:11       1    156     38     45 
 20260321    09:59:11       2    143     38     46 
 20260321    09:59:11       3    157     37     45 
 20260321    09:59:41       0    139     37     45 
 20260321    09:59:41       1    155     38     45 
 20260321    09:59:41       2    142     38     46 
 20260321    09:59:41       3    156     37     45 
 20260321    10:00:11       0    139     37     45 
 20260321    10:00:11       1    156     38     45 
 20260321    10:00:11       2    143     38     46 
 20260321    10:00:11       3    157     37     45 
 20260321    10:00:41       0    138     37     45 
 20260321    10:00:41       1    155     38     45 
 20260321    10:00:41       2    142     38     46 
 20260321    10:00:41       3    156     37     45 
 20260321    10:01:11       0    139     37     45 
 20260321    10:01:11       1    156     38     45 
 20260321    10:01:11       2    143     38     46 
 20260321    10:01:11       3    156     37     45 
 20260321    10:01:41       0    139     37     45 
 20260321    10:01:41       1    156     38     45 
 20260321    10:01:41       2    142     38     46 
 20260321    10:01:41       3    157     37     45 
#Date        Time         gpu    pwr  gtemp  mtemp 
#YYYYMMDD    HH:MM:SS     Idx      W      C      C 
 20260321    10:02:11       0    138     37     44 
 20260321    10:02:11       1    156     38     45 
 20260321    10:02:11       2    142     38     46 
 20260321    10:02:11       3    156     37     45 
 20260321    10:02:41       0    139     37     45 
 20260321    10:02:41       1    156     38     45 
 20260321    10:02:41       2    143     38     46 
 20260321    10:02:41       3    156     37     45 
 20260321    10:03:11       0    139     37     45 
 20260321    10:03:11       1    156     38     45 
 20260321    10:03:11       2    142     38     46 
 20260321    10:03:11       3    156     37     45 
 20260321    10:03:41       0    138     37     45 
 20260321    10:03:41       1    156     38     45 
 20260321    10:03:41       2    142     38     46 
 20260321    10:03:41       3    156     37     45 
 20260321    10:04:11       0    139     37     45 
 20260321    10:04:11       1    157     38     45 
 20260321    10:04:11       2    143     38     46 
 20260321    10:04:11       3    157     37     45 
 20260321    10:04:41       0    138     37     45 
 20260321    10:04:41       1    156     38     45 
 20260321    10:04:41       2    143     38     47 
 20260321    10:04:41       3    157     37     45 
 20260321    10:05:11       0    139     37     45 
 20260321    10:05:11       1    156     38     45 
 20260321    10:05:11       2    143     38     46 
 20260321    10:05:11       3    156     37     45 
 20260321    10:05:41       0    140     38     45 
 20260321    10:05:41       1    156     38     45 
 20260321    10:05:41       2    143     38     46 
 20260321    10:05:41       3    158     37     45 
 20260321    10:06:11       0    138     37     45 
 20260321    10:06:11       1    157     38     45 
 20260321    10:06:11       2    142     38     46 
 20260321    10:06:11       3    157     37     46 
 20260321    10:06:41       0    126     36     44 
 20260321    10:06:41       1    144     37     44 
 20260321    10:06:41       2    131     37     46 
 20260321    10:06:41       3    143     36     45 
 20260321    10:07:11       0    126     36     45 
 20260321    10:07:11       1    143     36     44 
 20260321    10:07:11       2    131     37     44 
 20260321    10:07:11       3    143     36     44 
#Date        Time         gpu    pwr  gtemp  mtemp 
#YYYYMMDD    HH:MM:SS     Idx      W      C      C 
 20260321    10:07:41       0    127     36     44 
 20260321    10:07:41       1    143     36     44 
 20260321    10:07:41       2    131     37     44 
 20260321    10:07:41       3    143     36     43 
 20260321    10:08:11       0    139     37     45 
 20260321    10:08:11       1    155     38     45 
 20260321    10:08:11       2    142     38     46 
 20260321    10:08:11       3    156     37     45 
 20260321    10:08:41       0    138     37     45 
 20260321    10:08:41       1    156     38     45 
 20260321    10:08:41       2    142     38     46 
 20260321    10:08:41       3    156     37     45 
 20260321    10:09:11       0    139     37     45 
 20260321    10:09:11       1    156     38     45 
 20260321    10:09:11       2    142     38     46 
 20260321    10:09:11       3    156     37     45 
 20260321    10:09:41       0    139     37     45 
 20260321    10:09:41       1    156     38     45 
 20260321    10:09:41       2    142     38     46 
 20260321    10:09:41       3    156     37     45 
 20260321    10:10:11       0    139     37     45 
 20260321    10:10:11       1    156     38     45 
 20260321    10:10:11       2    143     38     46 
 20260321    10:10:11       3    157     37     45 
 20260321    10:10:41       0    139     37     45 
 20260321    10:10:41       1    155     38     45 
 20260321    10:10:41       2    142     38     46 
 20260321    10:10:41       3    157     37     45 
 20260321    10:11:11       0    139     37     45 
 20260321    10:11:11       1    156     38     45 
 20260321    10:11:11       2    143     38     46 
 20260321    10:11:11       3    157     37     46 
 20260321    10:11:41       0    139     38     45 
 20260321    10:11:41       1    156     38     45 
 20260321    10:11:41       2    143     38     46 
 20260321    10:11:41       3    157     37     45 
 20260321    10:12:11       0    138     37     45 
 20260321    10:12:11       1    155     38     45 
 20260321    10:12:11       2    142     38     46 
 20260321    10:12:11       3    157     37     45 
 20260321    10:12:41       0    382     44     53 
 20260321    10:12:41       1    452     47     58 
 20260321    10:12:41       2    364     45     54 
 20260321    10:12:41       3    410     44     57 
#Date        Time         gpu    pwr  gtemp  mtemp 
#YYYYMMDD    HH:MM:SS     Idx      W      C      C 
 20260321    10:13:11       0    139     38     45 
 20260321    10:13:11       1    156     38     45 
 20260321    10:13:11       2    142     38     46 
 20260321    10:13:11       3    158     37     45 
 20260321    10:13:41       0    138     37     45 
 20260321    10:13:41       1    155     38     45 
 20260321    10:13:41       2    142     38     46 
 20260321    10:13:41       3    156     37     46 
 20260321    10:14:11       0    139     38     45 
 20260321    10:14:11       1    156     38     45 
 20260321    10:14:11       2    142     38     46 
 20260321    10:14:11       3    157     37     46 
 20260321    10:14:41       0    139     37     45 
 20260321    10:14:41       1    157     38     45 
 20260321    10:14:41       2    142     38     46 
 20260321    10:14:41       3    157     37     45 
 20260321    10:15:11       0    139     38     45 
 20260321    10:15:11       1    156     38     45 
 20260321    10:15:11       2    142     38     47 
 20260321    10:15:11       3    157     37     45 
 20260321    10:15:41       0    139     37     45 
 20260321    10:15:41       1    156     38     45 
 20260321    10:15:41       2    142     38     47 
 20260321    10:15:41       3    156     37     45 
 20260321    10:16:11       0    138     37     45 
 20260321    10:16:11       1    156     38     45 
 20260321    10:16:11       2    142     38     46 
 20260321    10:16:11       3    156     37     45 
 20260321    10:16:41       0    139     37     45 
 20260321    10:16:41       1    155     38     45 
 20260321    10:16:41       2    142     38     46 
 20260321    10:16:41       3    156     37     45 
 20260321    10:17:11       0    139     37     45 
 20260321    10:17:11       1    156     38     45 
 20260321    10:17:11       2    143     38     46 
 20260321    10:17:11       3    157     37     45 
 20260321    10:17:41       0    139     37     45 
 20260321    10:17:41       1    156     38     45 
 20260321    10:17:41       2    142     38     46 
 20260321    10:17:41       3    157     37     45 
 20260321    10:18:11       0    139     37     45 
 20260321    10:18:11       1    156     38     45 
 20260321    10:18:11       2    142     38     46 
 20260321    10:18:11       3    156     37     45 
#Date        Time         gpu    pwr  gtemp  mtemp 
#YYYYMMDD    HH:MM:SS     Idx      W      C      C 
 20260321    10:18:41       0    138     37     45 
 20260321    10:18:41       1    156     38     45 
 20260321    10:18:41       2    143     38     46 
 20260321    10:18:41       3    157     37     45 
 20260321    10:19:11       0    137     37     45 
 20260321    10:19:11       1    155     38     45 
 20260321    10:19:11       2    142     38     46 
 20260321    10:19:11       3    156     37     45 
 20260321    10:19:41       0    139     37     45 
 20260321    10:19:41       1    156     38     45 
 20260321    10:19:41       2    142     38     46 
 20260321    10:19:41       3    156     37     45 
 20260321    10:20:11       0    127     36     45 
 20260321    10:20:11       1    142     36     44 
 20260321    10:20:11       2    131     37     44 
 20260321    10:20:11       3    143     36     44 
 20260321    10:20:41       0    128     36     44 
 20260321    10:20:41       1    142     36     44 
 20260321    10:20:41       2    130     37     44 
 20260321    10:20:41       3    143     36     44 
 20260321    10:21:11       0    139     37     45 
 20260321    10:21:11       1    156     38     45 
 20260321    10:21:11       2    142     38     46 
 20260321    10:21:11       3    157     37     45 
 20260321    10:21:41       0    139     37     45 
 20260321    10:21:41       1    156     38     45 
 20260321    10:21:41       2    142     38     46 
 20260321    10:21:41       3    157     37     45 
 20260321    10:22:11       0    139     37     45 
 20260321    10:22:11       1    155     38     45 
 20260321    10:22:11       2    142     38     46 
 20260321    10:22:11       3    156     37     45 
 20260321    10:22:41       0    139     37     45 
 20260321    10:22:41       1    156     38     45 
 20260321    10:22:41       2    143     38     46 
 20260321    10:22:41       3    157     37     45 
 20260321    10:23:11       0    139     37     45 
 20260321    10:23:11       1    156     38     45 
 20260321    10:23:11       2    143     38     46 
 20260321    10:23:11       3    156     37     45 
 20260321    10:23:41       0    139     37     45 
 20260321    10:23:41       1    156     38     45 
 20260321    10:23:41       2    142     38     46 
 20260321    10:23:41       3    157     37     45 
#Date        Time         gpu    pwr  gtemp  mtemp 
#YYYYMMDD    HH:MM:SS     Idx      W      C      C 
 20260321    10:24:11       0    139     37     45 
 20260321    10:24:11       1    156     38     45 
 20260321    10:24:11       2    143     38     46 
 20260321    10:24:11       3    156     37     45 
 20260321    10:24:41       0    138     37     45 
 20260321    10:24:41       1    155     38     45 
 20260321    10:24:41       2    142     38     46 
 20260321    10:24:41       3    156     37     45 
 20260321    10:25:11       0    139     37     45 
 20260321    10:25:11       1    156     38     45 
 20260321    10:25:11       2    143     38     46 
 20260321    10:25:11       3    157     37     45 
 20260321    10:25:41       0    138     37     45 
 20260321    10:25:41       1    155     38     45 
 20260321    10:25:41       2    142     38     46 
 20260321    10:25:41       3    156     37     45 
 20260321    10:26:11       0    139     37     45 
 20260321    10:26:11       1    155     38     45 
 20260321    10:26:11       2    142     38     46 
 20260321    10:26:11       3    156     37     45 
 20260321    10:26:41       0    139     37     45 
 20260321    10:26:41       1    156     38     45 
 20260321    10:26:41       2    143     38     46 
 20260321    10:26:41       3    156     37     45 
 20260321    10:27:11       0    139     37     45 
 20260321    10:27:11       1    155     38     45 
 20260321    10:27:11       2    142     38     46 
 20260321    10:27:11       3    156     37     45 
 20260321    10:27:41       0    140     37     45 
 20260321    10:27:41       1    156     38     45 
 20260321    10:27:41       2    143     38     46 
 20260321    10:27:41       3    157     37     45 
 20260321    10:28:11       0    139     37     45 
 20260321    10:28:11       1    155     38     45 
 20260321    10:28:11       2    142     38     46 
 20260321    10:28:11       3    157     37     45 
 20260321    10:28:41       0    139     37     45 
 20260321    10:28:41       1    155     38     45 
 20260321    10:28:41       2    142     38     46 
 20260321    10:28:41       3    157     37     45 
 20260321    10:29:11       0    138     37     45 
 20260321    10:29:11       1    156     38     45 
 20260321    10:29:11       2    143     38     46 
 20260321    10:29:11       3    157     37     45 
#Date        Time         gpu    pwr  gtemp  mtemp 
#YYYYMMDD    HH:MM:SS     Idx      W      C      C 
 20260321    10:29:41       0    139     37     45 
 20260321    10:29:41       1    155     38     45 
 20260321    10:29:41       2    142     38     46 
 20260321    10:29:41       3    156     37     45 
 20260321    10:30:11       0    138     37     45 
 20260321    10:30:11       1    155     38     45 
 20260321    10:30:11       2    142     38     47 
 20260321    10:30:11       3    156     37     45 
 20260321    10:30:41       0    139     37     45 
 20260321    10:30:41       1    155     38     45 
 20260321    10:30:41       2    142     38     46 
 20260321    10:30:41       3    155     37     45 
 20260321    10:31:11       0    138     37     45 
 20260321    10:31:11       1    155     38     45 
 20260321    10:31:11       2    142     38     46 
 20260321    10:31:11       3    156     37     45 
 20260321    10:31:41       0    139     37     45 
 20260321    10:31:41       1    155     38     45 
 20260321    10:31:41       2    142     38     46 
 20260321    10:31:41       3    156     37     45 
 20260321    10:32:11       0    139     37     45 
 20260321    10:32:11       1    156     38     45 
 20260321    10:32:11       2    143     38     46 
 20260321    10:32:11       3    157     37     45 
 20260321    10:32:41       0    138     37     45 
 20260321    10:32:41       1    155     38     45 
 20260321    10:32:41       2    142     38     46 
 20260321    10:32:41       3    156     37     45 
 20260321    10:33:11       0    139     37     45 
 20260321    10:33:11       1    156     38     45 
 20260321    10:33:11       2    142     38     47 
 20260321    10:33:11       3    156     37     46 
 20260321    10:33:41       0    139     37     45 
 20260321    10:33:41       1    155     38     45 
 20260321    10:33:41       2    142     38     46 
 20260321    10:33:41       3    156     37     45 
 20260321    10:34:11       0    138     37     45 
 20260321    10:34:11       1    156     38     45 
 20260321    10:34:11       2    143     38     46 
 20260321    10:34:11       3    156     37     45 
 20260321    10:34:41       0    138     37     45 
 20260321    10:34:41       1    155     38     45 
 20260321    10:34:41       2    142     38     46 
 20260321    10:34:41       3    157     37     45 
#Date        Time         gpu    pwr  gtemp  mtemp 
#YYYYMMDD    HH:MM:SS     Idx      W      C      C 
 20260321    10:35:11       0    138     37     45 
 20260321    10:35:11       1    155     38     45 
 20260321    10:35:11       2    142     38     46 
 20260321    10:35:11       3    156     37     45 
 20260321    10:35:41       0    127     36     44 
 20260321    10:35:41       1    143     37     44 
 20260321    10:35:41       2    132     37     44 
 20260321    10:35:41       3    143     36     44 
 20260321    10:36:11       0    127     36     44 
 20260321    10:36:11       1    143     36     44 
 20260321    10:36:11       2    131     37     44 
 20260321    10:36:11       3    143     36     44 
 20260321    10:36:41       0    137     37     45 
 20260321    10:36:41       1    155     38     45 
 20260321    10:36:41       2    142     38     46 
 20260321    10:36:41       3    156     37     45 
 20260321    10:37:11       0    138     37     45 
 20260321    10:37:11       1    156     38     45 
 20260321    10:37:11       2    143     38     46 
 20260321    10:37:11       3    157     37     45 
 20260321    10:37:41       0    138     38     45 
 20260321    10:37:41       1    155     38     45 
 20260321    10:37:41       2    142     38     47 
 20260321    10:37:41       3    156     37     46 
 20260321    10:38:11       0    139     37     45 
 20260321    10:38:11       1    156     38     45 
 20260321    10:38:11       2    142     38     46 
 20260321    10:38:11       3    156     37     45 
 20260321    10:38:41       0    139     37     45 
 20260321    10:38:41       1    155     38     45 
 20260321    10:38:41       2    143     38     46 
 20260321    10:38:41       3    157     37     45 
 20260321    10:39:11       0    139     37     45 
 20260321    10:39:11       1    156     38     45 
 20260321    10:39:11       2    142     38     46 
 20260321    10:39:11       3    157     37     45 
 20260321    10:39:41       0    138     37     45 
 20260321    10:39:41       1    155     38     45 
 20260321    10:39:41       2    142     38     47 
 20260321    10:39:41       3    156     37     45 
 20260321    10:40:11       0    137     37     45 
 20260321    10:40:11       1    156     38     45 
 20260321    10:40:11       2    142     38     46 
 20260321    10:40:11       3    157     37     45 
#Date        Time         gpu    pwr  gtemp  mtemp 
#YYYYMMDD    HH:MM:SS     Idx      W      C      C 
 20260321    10:40:41       0    138     37     45 
 20260321    10:40:41       1    155     38     45 
 20260321    10:40:41       2    142     38     46 
 20260321    10:40:41       3    157     37     45 
 20260321    10:41:11       0    388     43     54 
 20260321    10:41:11       1    442     45     54 
 20260321    10:41:11       2    355     44     53 
 20260321    10:41:11       3    404     43     55 
 20260321    10:41:41       0    138     37     45 
 20260321    10:41:41       1    156     38     45 
 20260321    10:41:41       2    142     38     46 
 20260321    10:41:41       3    156     37     46 
 20260321    10:42:11       0    139     38     45 
 20260321    10:42:11       1    157     38     45 
 20260321    10:42:11       2    143     38     46 
 20260321    10:42:11       3    157     37     46 
 20260321    10:42:41       0    139     38     45 
 20260321    10:42:41       1    156     38     45 
 20260321    10:42:41       2    142     38     46 
 20260321    10:42:41       3    157     37     46 
 20260321    10:43:11       0    138     37     45 
 20260321    10:43:11       1    156     38     45 
 20260321    10:43:11       2    142     38     47 
 20260321    10:43:11       3    156     37     45 
 20260321    10:43:41       0    138     38     45 
 20260321    10:43:41       1    156     38     45 
 20260321    10:43:41       2    143     38     46 
 20260321    10:43:41       3    157     37     45 
 20260321    10:44:11       0    138     37     45 
 20260321    10:44:11       1    155     38     45 
 20260321    10:44:11       2    142     38     46 
 20260321    10:44:11       3    157     37     46 
 20260321    10:44:41       0    138     37     45 
 20260321    10:44:41       1    155     38     45 
 20260321    10:44:41       2    142     38     46 
 20260321    10:44:41       3    157     37     45 
 20260321    10:45:11       0    138     37     45 
 20260321    10:45:11       1    155     38     45 
 20260321    10:45:11       2    142     38     46 
 20260321    10:45:11       3    156     37     45 
 20260321    10:45:41       0    138     37     45 
 20260321    10:45:41       1    156     38     45 
 20260321    10:45:41       2    143     38     47 
 20260321    10:45:41       3    156     37     45 
#Date        Time         gpu    pwr  gtemp  mtemp 
#YYYYMMDD    HH:MM:SS     Idx      W      C      C 
 20260321    10:46:11       0    138     37     45 
 20260321    10:46:11       1    156     38     45 
 20260321    10:46:11       2    142     38     46 
 20260321    10:46:11       3    157     37     45 
 20260321    10:46:41       0    138     37     45 
 20260321    10:46:41       1    156     38     45 
 20260321    10:46:41       2    143     38     47 
 20260321    10:46:41       3    157     37     46 
 20260321    10:47:11       0    138     37     45 
 20260321    10:47:11       1    156     38     45 
 20260321    10:47:11       2    142     38     46 
 20260321    10:47:11       3    157     37     45 
 20260321    10:47:41       0    138     37     45 
 20260321    10:47:41       1    156     38     45 
 20260321    10:47:41       2    142     38     46 
 20260321    10:47:41       3    157     37     45 
 20260321    10:48:11       0    138     37     45 
 20260321    10:48:11       1    156     38     45 
 20260321    10:48:11       2    143     38     46 
 20260321    10:48:11       3    156     37     45 
 20260321    10:48:41       0    126     36     44 
 20260321    10:48:41       1    142     37     44 
 20260321    10:48:41       2    131     37     44 
 20260321    10:48:41       3    144     36     44 
 20260321    10:49:11       0    126     36     45 
 20260321    10:49:11       1    142     36     44 
 20260321    10:49:11       2    131     37     44 
 20260321    10:49:11       3    144     36     44 
 20260321    10:49:41       0    138     37     45 
 20260321    10:49:41       1    155     38     45 
 20260321    10:49:41       2    143     38     46 
 20260321    10:49:41       3    156     37     45 
 20260321    10:50:11       0    138     37     45 
 20260321    10:50:11       1    156     38     45 
 20260321    10:50:11       2    143     38     46 
 20260321    10:50:11       3    157     37     45 
 20260321    10:50:41       0    138     38     45 
 20260321    10:50:41       1    156     38     45 
 20260321    10:50:41       2    142     38     46 
 20260321    10:50:41       3    156     37     45 
 20260321    10:51:11       0    138     38     45 
 20260321    10:51:11       1    156     38     45 
 20260321    10:51:11       2    142     38     46 
 20260321    10:51:11       3    156     37     46 
#Date        Time         gpu    pwr  gtemp  mtemp 
#YYYYMMDD    HH:MM:SS     Idx      W      C      C 
 20260321    10:51:41       0    138     38     45 
 20260321    10:51:41       1    155     38     45 
 20260321    10:51:41       2    142     38     46 
 20260321    10:51:41       3    156     37     45 
 20260321    10:52:11       0    139     38     45 
 20260321    10:52:11       1    156     38     45 
 20260321    10:52:11       2    142     38     46 
 20260321    10:52:11       3    157     37     45 
 20260321    10:52:41       0    139     37     45 
 20260321    10:52:41       1    155     38     45 
 20260321    10:52:41       2    142     38     46 
 20260321    10:52:41       3    156     37     46 
 20260321    10:53:11       0    139     38     45 
 20260321    10:53:11       1    156     38     45 
 20260321    10:53:11       2    142     38     47 
 20260321    10:53:11       3    157     37     46 
 20260321    10:53:41       0    140     38     45 
 20260321    10:53:41       1    156     38     45 
 20260321    10:53:41       2    143     38     46 
 20260321    10:53:41       3    157     37     45 
 20260321    10:54:11       0    138     37     45 
 20260321    10:54:11       1    155     38     45 
 20260321    10:54:11       2    142     38     46 
 20260321    10:54:11       3    156     37     45 
 20260321    10:54:41       0    139     37     45 
 20260321    10:54:41       1    156     38     45 
 20260321    10:54:41       2    143     38     46 
 20260321    10:54:41       3    157     37     46 
 20260321    10:55:11       0    139     38     45 
 20260321    10:55:11       1    155     38     45 
 20260321    10:55:11       2    143     38     47 
 20260321    10:55:11       3    157     37     46 
 20260321    10:55:41       0    139     37     45 
 20260321    10:55:41       1    155     38     45 
 20260321    10:55:41       2    143     38     46 
 20260321    10:55:41       3    157     37     45 
 20260321    10:56:11       0    138     37     45 
 20260321    10:56:11       1    155     38     45 
 20260321    10:56:11       2    142     38     46 
 20260321    10:56:11       3    156     37     45 
 20260321    10:56:41       0    139     37     45 
 20260321    10:56:41       1    156     38     45 
 20260321    10:56:41       2    142     38     46 
 20260321    10:56:41       3    157     37     45 
#Date        Time         gpu    pwr  gtemp  mtemp 
#YYYYMMDD    HH:MM:SS     Idx      W      C      C 
 20260321    10:57:11       0    138     37     45 
 20260321    10:57:11       1    156     38     45 
 20260321    10:57:11       2    142     38     46 
 20260321    10:57:11       3    156     37     45 
 20260321    10:57:41       0    138     37     45 
 20260321    10:57:41       1    156     38     45 
 20260321    10:57:41       2    142     38     46 
 20260321    10:57:41       3    157     37     45 
 20260321    10:58:11       0    138     37     45 
 20260321    10:58:11       1    155     38     45 
 20260321    10:58:11       2    142     38     46 
 20260321    10:58:11       3    157     37     45 
 20260321    10:58:41       0    139     38     45 
 20260321    10:58:41       1    156     38     45 
 20260321    10:58:41       2    142     38     46 
 20260321    10:58:41       3    156     37     45 
 20260321    10:59:11       0    139     37     45 
 20260321    10:59:11       1    156     38     45 
 20260321    10:59:11       2    143     38     46 
 20260321    10:59:11       3    157     37     45 
 20260321    10:59:41       0    139     37     45 
 20260321    10:59:41       1    156     38     45 
 20260321    10:59:41       2    143     38     46 
 20260321    10:59:41       3    157     37     45 
 20260321    11:00:11       0    138     37     45 
 20260321    11:00:11       1    156     38     45 
 20260321    11:00:11       2    142     38     46 
 20260321    11:00:11       3    156     37     45 
 20260321    11:00:41       0    139     37     45 
 20260321    11:00:41       1    155     38     45 
 20260321    11:00:41       2    142     38     46 
 20260321    11:00:41       3    156     37     45 
 20260321    11:01:11       0    138     37     45 
 20260321    11:01:11       1    155     38     45 
 20260321    11:01:11       2    142     38     46 
 20260321    11:01:11       3    156     37     45 
 20260321    11:01:41       0    138     37     45 
 20260321    11:01:41       1    156     38     45 
 20260321    11:01:41       2    143     38     46 
 20260321    11:01:41       3    157     37     45 
 20260321    11:02:11       0    138     38     45 
 20260321    11:02:11       1    156     38     45 
 20260321    11:02:11       2    142     38     46 
 20260321    11:02:11       3    156     37     45 
#Date        Time         gpu    pwr  gtemp  mtemp 
#YYYYMMDD    HH:MM:SS     Idx      W      C      C 
 20260321    11:02:41       0    138     37     45 
 20260321    11:02:41       1    155     38     45 
 20260321    11:02:41       2    142     38     46 
 20260321    11:02:41       3    156     37     45 
 20260321    11:03:11       0    139     37     45 
 20260321    11:03:11       1    155     38     45 
 20260321    11:03:11       2    142     38     46 
 20260321    11:03:11       3    157     37     45 
 20260321    11:03:41       0    138     37     45 
 20260321    11:03:41       1    155     38     45 
 20260321    11:03:41       2    142     38     46 
 20260321    11:03:41       3    156     37     45 
 20260321    11:04:11       0    126     36     44 
 20260321    11:04:11       1    143     37     44 
 20260321    11:04:11       2    130     37     45 
 20260321    11:04:11       3    144     36     44 
 20260321    11:04:41       0    126     36     45 
 20260321    11:04:41       1    143     37     44 
 20260321    11:04:41       2    130     37     45 
 20260321    11:04:41       3    144     36     44 
 20260321    11:05:11       0    138     37     45 
 20260321    11:05:11       1    155     38     45 
 20260321    11:05:11       2    142     38     46 
 20260321    11:05:11       3    156     37     45 
 20260321    11:05:41       0    138     37     45 
 20260321    11:05:41       1    155     38     45 
 20260321    11:05:41       2    142     38     46 
 20260321    11:05:41       3    156     37     45 
 20260321    11:06:11       0    138     37     45 
 20260321    11:06:11       1    155     38     45 
 20260321    11:06:11       2    142     38     46 
 20260321    11:06:11       3    156     37     45 
 20260321    11:06:42       0    139     38     45 
 20260321    11:06:42       1    156     38     45 
 20260321    11:06:42       2    143     38     47 
 20260321    11:06:42       3    156     37     45 
 20260321    11:07:12       0    139     38     45 
 20260321    11:07:12       1    155     38     45 
 20260321    11:07:12       2    143     38     46 
 20260321    11:07:12       3    156     37     45 
 20260321    11:07:42       0    139     37     45 
 20260321    11:07:42       1    156     38     45 
 20260321    11:07:42       2    143     38     46 
 20260321    11:07:42       3    156     37     45 
#Date        Time         gpu    pwr  gtemp  mtemp 
#YYYYMMDD    HH:MM:SS     Idx      W      C      C 
 20260321    11:08:12       0    139     37     45 
 20260321    11:08:12       1    156     38     45 
 20260321    11:08:12       2    142     38     46 
 20260321    11:08:12       3    156     37     45 
 20260321    11:08:42       0    138     37     45 
 20260321    11:08:42       1    155     38     45 
 20260321    11:08:42       2    142     39     46 
 20260321    11:08:42       3    156     37     45 
 20260321    11:09:12       0    139     38     45 
 20260321    11:09:12       1    156     38     45 
 20260321    11:09:12       2    142     39     47 
 20260321    11:09:12       3    157     38     46 
 20260321    11:09:42       0    383     45     56 
 20260321    11:09:42       1    442     47     57 
 20260321    11:09:42       2    360     46     55 
 20260321    11:09:42       3    410     45     55 
 20260321    11:10:12       0    138     37     45 
 20260321    11:10:12       1    155     38     45 
 20260321    11:10:12       2    142     39     46 
 20260321    11:10:12       3    157     38     45 
 20260321    11:10:42       0    138     38     45 
 20260321    11:10:42       1    157     38     45 
 20260321    11:10:42       2    143     39     46 
 20260321    11:10:42       3    157     37     46 
 20260321    11:11:12       0    140     38     45 
 20260321    11:11:12       1    157     38     45 
 20260321    11:11:12       2    143     39     46 
 20260321    11:11:12       3    157     38     45 
 20260321    11:11:42       0    139     38     45 
 20260321    11:11:42       1    156     38     45 
 20260321    11:11:42       2    142     39     46 
 20260321    11:11:42       3    157     38     46 
 20260321    11:12:12       0    139     38     45 
 20260321    11:12:12       1    156     38     45 
 20260321    11:12:12       2    143     39     46 
 20260321    11:12:12       3    157     38     45 
 20260321    11:12:42       0    139     38     45 
 20260321    11:12:42       1    156     38     45 
 20260321    11:12:42       2    143     39     46 
 20260321    11:12:42       3    157     38     46 
 20260321    11:13:12       0    139     38     45 
 20260321    11:13:12       1    155     38     45 
 20260321    11:13:12       2    142     39     46 
 20260321    11:13:12       3    157     38     45 
#Date        Time         gpu    pwr  gtemp  mtemp 
#YYYYMMDD    HH:MM:SS     Idx      W      C      C 
 20260321    11:13:42       0    139     38     45 
 20260321    11:13:42       1    156     38     45 
 20260321    11:13:42       2    143     39     46 
 20260321    11:13:42       3    156     37     45 
 20260321    11:14:12       0    138     38     45 
 20260321    11:14:12       1    156     38     45 
 20260321    11:14:12       2    142     38     46 
 20260321    11:14:12       3    157     37     45 
 20260321    11:14:42       0    139     38     45 
 20260321    11:14:42       1    156     38     45 
 20260321    11:14:42       2    143     38     46 
 20260321    11:14:42       3    158     38     45 
 20260321    11:15:12       0    139     38     45 
 20260321    11:15:12       1    156     38     45 
 20260321    11:15:12       2    143     39     46 
 20260321    11:15:12       3    157     38     46 
 20260321    11:15:42       0    139     38     45 
 20260321    11:15:42       1    156     38     45 
 20260321    11:15:42       2    142     38     46 
 20260321    11:15:42       3    157     38     45 
 20260321    11:16:12       0    139     38     45 
 20260321    11:16:12       1    156     38     45 
 20260321    11:16:12       2    143     38     46 
 20260321    11:16:12       3    157     37     45 
 20260321    11:16:42       0    138     37     45 
 20260321    11:16:42       1    156     38     45 
 20260321    11:16:42       2    142     38     47 
 20260321    11:16:42       3    157     37     45 
 20260321    11:17:12       0    126     36     44 
 20260321    11:17:12       1    142     37     44 
 20260321    11:17:12       2    131     37     46 
 20260321    11:17:12       3    144     36     45 
 20260321    11:17:42       0    126     36     44 
 20260321    11:17:42       1    142     37     44 
 20260321    11:17:42       2    131     37     46 
 20260321    11:17:42       3    144     36     45 
 20260321    11:18:12       0    139     38     45 
 20260321    11:18:12       1    156     38     45 
 20260321    11:18:12       2    142     39     46 
 20260321    11:18:12       3    157     38     45 
 20260321    11:18:42       0    138     38     45 
 20260321    11:18:42       1    156     38     45 
 20260321    11:18:42       2    143     39     46 
 20260321    11:18:42       3    156     37     45 
#Date        Time         gpu    pwr  gtemp  mtemp 
#YYYYMMDD    HH:MM:SS     Idx      W      C      C 
 20260321    11:19:12       0    138     38     45 
 20260321    11:19:12       1    156     38     45 
 20260321    11:19:12       2    143     39     46 
 20260321    11:19:12       3    156     38     45 
 20260321    11:19:42       0    138     38     45 
 20260321    11:19:42       1    156     38     45 
 20260321    11:19:42       2    143     39     46 
 20260321    11:19:42       3    157     38     45 
 20260321    11:20:12       0    139     38     45 
 20260321    11:20:12       1    156     38     45 
 20260321    11:20:12       2    143     39     46 
 20260321    11:20:12       3    157     38     45 
 20260321    11:20:42       0    139     38     45 
 20260321    11:20:42       1    156     38     45 
 20260321    11:20:42       2    143     39     46 
 20260321    11:20:42       3    157     38     46 
 20260321    11:21:12       0    139     38     45 
 20260321    11:21:12       1    156     38     45 
 20260321    11:21:12       2    143     39     46 
 20260321    11:21:12       3    156     38     46 
 20260321    11:21:42       0    138     38     45 
 20260321    11:21:42       1    156     38     45 
 20260321    11:21:42       2    143     39     46 
 20260321    11:21:42       3    157     38     45 
 20260321    11:22:12       0    138     38     45 
 20260321    11:22:12       1    156     38     45 
 20260321    11:22:12       2    142     39     46 
 20260321    11:22:12       3    157     38     45 
 20260321    11:22:42       0    139     38     45 
 20260321    11:22:42       1    156     38     45 
 20260321    11:22:42       2    143     39     46 
 20260321    11:22:42       3    157     38     46 
 20260321    11:23:12       0    139     38     45 
 20260321    11:23:12       1    156     38     45 
 20260321    11:23:12       2    142     39     46 
 20260321    11:23:12       3    157     38     45 
 20260321    11:23:42       0    138     37     45 
 20260321    11:23:42       1    156     38     45 
 20260321    11:23:42       2    142     39     46 
 20260321    11:23:42       3    156     38     46 
 20260321    11:24:12       0    139     38     45 
 20260321    11:24:12       1    157     38     45 
 20260321    11:24:12       2    143     39     46 
 20260321    11:24:12       3    157     38     45 
#Date        Time         gpu    pwr  gtemp  mtemp 
#YYYYMMDD    HH:MM:SS     Idx      W      C      C 
 20260321    11:24:42       0    138     38     45 
 20260321    11:24:42       1    156     38     45 
 20260321    11:24:42       2    142     39     46 
 20260321    11:24:42       3    157     38     45 
 20260321    11:25:12       0    139     38     45 
 20260321    11:25:12       1    155     38     45 
 20260321    11:25:12       2    142     39     46 
 20260321    11:25:12       3    157     38     45 
 20260321    11:25:42       0    138     38     45 
 20260321    11:25:42       1    156     38     45 
 20260321    11:25:42       2    143     38     46 
 20260321    11:25:42       3    157     38     45 
 20260321    11:26:12       0    138     37     45 
 20260321    11:26:12       1    156     38     45 
 20260321    11:26:12       2    142     39     46 
 20260321    11:26:12       3    156     38     46 
 20260321    11:26:42       0    138     38     45 
 20260321    11:26:42       1    156     38     45 
 20260321    11:26:42       2    142     39     46 
 20260321    11:26:42       3    156     38     45 
 20260321    11:27:12       0    138     38     45 
 20260321    11:27:12       1    156     38     46 
 20260321    11:27:12       2    143     39     46 
 20260321    11:27:12       3    157     38     45 
 20260321    11:27:42       0    138     38     45 
 20260321    11:27:42       1    156     38     45 
 20260321    11:27:42       2    142     39     46 
 20260321    11:27:42       3    157     38     46 
 20260321    11:28:12       0    138     38     45 
 20260321    11:28:12       1    156     38     45 
 20260321    11:28:12       2    143     39     46 
 20260321    11:28:12       3    157     38     45 
 20260321    11:28:42       0    139     38     45 
 20260321    11:28:42       1    156     38     45 
 20260321    11:28:42       2    143     38     46 
 20260321    11:28:42       3    157     37     46 
 20260321    11:29:12       0    139     38     45 
 20260321    11:29:12       1    157     38     45 
 20260321    11:29:12       2    143     39     46 
 20260321    11:29:12       3    157     38     45 
 20260321    11:29:42       0    139     38     45 
 20260321    11:29:42       1    156     38     46 
 20260321    11:29:42       2    143     39     46 
 20260321    11:29:42       3    157     38     45 
#Date        Time         gpu    pwr  gtemp  mtemp 
#YYYYMMDD    HH:MM:SS     Idx      W      C      C 
 20260321    11:30:12       0    139     38     45 
 20260321    11:30:12       1    156     39     46 
 20260321    11:30:12       2    142     39     46 
 20260321    11:30:12       3    157     38     45 
 20260321    11:30:42       0    139     38     45 
 20260321    11:30:42       1    157     38     45 
 20260321    11:30:42       2    143     39     46 
 20260321    11:30:42       3    157     38     45 
 20260321    11:31:12       0    139     38     45 
 20260321    11:31:12       1    157     38     46 
 20260321    11:31:12       2    143     39     46 
 20260321    11:31:12       3    157     38     45 
 20260321    11:31:42       0    139     38     45 
 20260321    11:31:42       1    157     38     46 
 20260321    11:31:42       2    142     39     46 
 20260321    11:31:42       3    157     38     45 
 20260321    11:32:12       0    147     37     45 
 20260321    11:32:12       1    158     37     45 
 20260321    11:32:12       2    151     38     46 
 20260321    11:32:12       3    166     37     46 
 20260321    11:32:42       0    127     36     44 
 20260321    11:32:42       1    142     37     44 
 20260321    11:32:42       2    131     37     46 
 20260321    11:32:42       3    143     36     44 
 20260321    11:33:12       0    127     36     44 
 20260321    11:33:12       1    142     37     44 
 20260321    11:33:12       2    131     37     46 
 20260321    11:33:12       3    143     36     45 
 20260321    11:33:42       0    139     38     45 
 20260321    11:33:42       1    158     39     45 
 20260321    11:33:42       2    143     39     46 
 20260321    11:33:42       3    157     38     45 
 20260321    11:34:12       0    139     38     45 
 20260321    11:34:12       1    157     38     45 
 20260321    11:34:12       2    142     39     46 
 20260321    11:34:12       3    157     38     45 
 20260321    11:34:42       0    139     38     45 
 20260321    11:34:42       1    157     38     45 
 20260321    11:34:42       2    143     39     46 
 20260321    11:34:42       3    157     38     45 
 20260321    11:35:12       0    139     38     45 
 20260321    11:35:12       1    156     38     45 
 20260321    11:35:12       2    142     39     46 
 20260321    11:35:12       3    157     38     45 
#Date        Time         gpu    pwr  gtemp  mtemp 
#YYYYMMDD    HH:MM:SS     Idx      W      C      C 
 20260321    11:35:42       0    138     38     45 
 20260321    11:35:42       1    158     38     45 
 20260321    11:35:42       2    143     39     46 
 20260321    11:35:42       3    157     38     45 
 20260321    11:36:12       0    138     37     45 
 20260321    11:36:12       1    158     38     45 
 20260321    11:36:12       2    143     39     46 
 20260321    11:36:12       3    157     37     45 
 20260321    11:36:42       0    138     38     45 
 20260321    11:36:42       1    157     38     45 
 20260321    11:36:42       2    143     39     46 
 20260321    11:36:42       3    156     38     46 
 20260321    11:37:12       0    138     38     45 
 20260321    11:37:12       1    157     38     45 
 20260321    11:37:12       2    143     39     46 
 20260321    11:37:12       3    157     38     46 
 20260321    11:37:42       0    138     38     45 
 20260321    11:37:42       1    157     38     45 
 20260321    11:37:42       2    143     39     46 
 20260321    11:37:42       3    157     38     45 
 20260321    11:38:12       0    163     38     45 
 20260321    11:38:12       1    187     39     47 
 20260321    11:38:12       2    151     40     49 
 20260321    11:38:12       3    192     39     49 
 20260321    11:38:42       0    138     38     45 
 20260321    11:38:42       1    156     38     45 
 20260321    11:38:42       2    143     39     46 
 20260321    11:38:42       3    157     38     45 
 20260321    11:39:12       0    138     38     45 
 20260321    11:39:12       1    155     38     45 
 20260321    11:39:12       2    142     39     46 
 20260321    11:39:12       3    156     37     46 
 20260321    11:39:42       0    139     38     45 
 20260321    11:39:42       1    157     38     45 
 20260321    11:39:42       2    143     39     46 
 20260321    11:39:42       3    157     38     45 
 20260321    11:40:12       0    139     38     45 
 20260321    11:40:12       1    156     38     45 
 20260321    11:40:12       2    143     39     46 
 20260321    11:40:12       3    157     38     45 
 20260321    11:40:42       0    138     38     45 
 20260321    11:40:42       1    156     38     45 
 20260321    11:40:42       2    142     39     46 
 20260321    11:40:42       3    156     38     45 
#Date        Time         gpu    pwr  gtemp  mtemp 
#YYYYMMDD    HH:MM:SS     Idx      W      C      C 
 20260321    11:41:12       0    139     38     45 
 20260321    11:41:12       1    156     38     45 
 20260321    11:41:12       2    143     39     46 
 20260321    11:41:12       3    157     38     45 
 20260321    11:41:42       0    139     38     45 
 20260321    11:41:42       1    156     38     45 
 20260321    11:41:42       2    143     39     46 
 20260321    11:41:42       3    157     38     45 
 20260321    11:42:12       0    139     38     45 
 20260321    11:42:12       1    156     38     46 
 20260321    11:42:12       2    143     39     46 
 20260321    11:42:12       3    157     38     46 
 20260321    11:42:42       0    140     38     45 
 20260321    11:42:42       1    157     39     45 
 20260321    11:42:42       2    143     39     46 
 20260321    11:42:42       3    157     38     45 
 20260321    11:43:12       0    139     38     45 
 20260321    11:43:12       1    156     39     45 
 20260321    11:43:12       2    142     39     46 
 20260321    11:43:12       3    157     38     45 
 20260321    11:43:42       0    138     38     45 
 20260321    11:43:42       1    156     38     45 
 20260321    11:43:42       2    143     39     46 
 20260321    11:43:42       3    156     38     45 
 20260321    11:44:12       0    138     38     45 
 20260321    11:44:12       1    156     38     45 
 20260321    11:44:12       2    143     39     46 
 20260321    11:44:12       3    157     38     45 
 20260321    11:44:42       0    139     38     45 
 20260321    11:44:42       1    156     38     45 
 20260321    11:44:42       2    143     39     46 
 20260321    11:44:42       3    157     38     45 
 20260321    11:45:12       0    138     38     45 
 20260321    11:45:12       1    156     38     45 
 20260321    11:45:12       2    143     39     46 
 20260321    11:45:12       3    157     38     45 
 20260321    11:45:42       0    126     36     44 
 20260321    11:45:42       1    142     37     44 
 20260321    11:45:42       2    131     38     46 
 20260321    11:45:42       3    143     36     45 
 20260321    11:46:12       0    125     36     44 
 20260321    11:46:12       1    142     37     44 
 20260321    11:46:12       2    131     38     46 
 20260321    11:46:12       3    143     36     45 
#Date        Time         gpu    pwr  gtemp  mtemp 
#YYYYMMDD    HH:MM:SS     Idx      W      C      C 
 20260321    11:46:42       0    139     38     45 
 20260321    11:46:42       1    156     38     45 
 20260321    11:46:42       2    142     39     47 
 20260321    11:46:42       3    157     38     45 
 20260321    11:47:12       0    138     38     45 
 20260321    11:47:12       1    155     38     45 
 20260321    11:47:12       2    142     39     46 
 20260321    11:47:12       3    156     37     46 
 20260321    11:47:42       0    138     37     45 
 20260321    11:47:42       1    156     38     45 
 20260321    11:47:42       2    142     38     46 
 20260321    11:47:42       3    156     37     46 
 20260321    11:48:12       0    139     38     45 
 20260321    11:48:12       1    156     38     45 
 20260321    11:48:12       2    142     39     46 
 20260321    11:48:12       3    157     38     45 
 20260321    11:48:42       0    139     38     45 
 20260321    11:48:42       1    157     39     45 
 20260321    11:48:42       2    143     39     46 
 20260321    11:48:42       3    157     38     45 
 20260321    11:49:12       0    139     38     45 
 20260321    11:49:12       1    157     38     45 
 20260321    11:49:12       2    143     39     46 
 20260321    11:49:12       3    158     38     45 
 20260321    11:49:42       0    138     38     45 
 20260321    11:49:42       1    156     39     45 
 20260321    11:49:42       2    143     39     46 
 20260321    11:49:42       3    157     38     45 
 20260321    11:50:12       0    139     38     45 
 20260321    11:50:12       1    156     38     45 
 20260321    11:50:12       2    142     38     46 
 20260321    11:50:12       3    157     37     45 
 20260321    11:50:42       0    139     38     45 
 20260321    11:50:42       1    156     38     45 
 20260321    11:50:42       2    142     38     46 
 20260321    11:50:42       3    157     37     45 
 20260321    11:51:12       0    139     38     45 
 20260321    11:51:12       1    156     38     45 
 20260321    11:51:12       2    142     38     46 
 20260321    11:51:12       3    156     37     46 
 20260321    11:51:42       0    139     38     45 
 20260321    11:51:42       1    156     38     45 
 20260321    11:51:42       2    142     39     46 
 20260321    11:51:42       3    157     37     46 
#Date        Time         gpu    pwr  gtemp  mtemp 
#YYYYMMDD    HH:MM:SS     Idx      W      C      C 
 20260321    11:52:12       0    139     38     45 
 20260321    11:52:12       1    156     38     45 
 20260321    11:52:12       2    143     39     46 
 20260321    11:52:12       3    157     38     46 
 20260321    11:52:42       0    138     38     45 
 20260321    11:52:42       1    155     38     45 
 20260321    11:52:42       2    142     39     46 
 20260321    11:52:42       3    156     38     45 
 20260321    11:53:12       0    139     38     45 
 20260321    11:53:12       1    156     38     45 
 20260321    11:53:12       2    143     39     46 
 20260321    11:53:12       3    156     38     45 
 20260321    11:53:42       0    137     38     45 
 20260321    11:53:42       1    154     38     45 
 20260321    11:53:42       2    142     39     46 
 20260321    11:53:42       3    155     38     45 
 20260321    11:54:12       0    139     38     45 
 20260321    11:54:12       1    157     38     45 
 20260321    11:54:12       2    143     39     46 
 20260321    11:54:12       3    157     38     45 
 20260321    11:54:42       0    138     38     45 
 20260321    11:54:42       1    156     38     45 
 20260321    11:54:42       2    142     39     46 
 20260321    11:54:42       3    156     38     46 
 20260321    11:55:12       0    138     38     45 
 20260321    11:55:12       1    156     38     45 
 20260321    11:55:12       2    142     39     46 
 20260321    11:55:12       3    156     38     45 
 20260321    11:55:42       0    138     38     45 
 20260321    11:55:42       1    156     38     45 
 20260321    11:55:42       2    143     39     46 
 20260321    11:55:42       3    157     38     45 
 20260321    11:56:12       0    138     38     45 
 20260321    11:56:12       1    155     38     45 
 20260321    11:56:12       2    142     39     46 
 20260321    11:56:12       3    156     38     45 
 20260321    11:56:42       0    139     38     45 
 20260321    11:56:42       1    157     38     45 
 20260321    11:56:42       2    142     39     46 
 20260321    11:56:42       3    157     38     46 
 20260321    11:57:12       0    139     38     45 
 20260321    11:57:12       1    156     38     45 
 20260321    11:57:12       2    143     39     46 
 20260321    11:57:12       3    156     38     46 
#Date        Time         gpu    pwr  gtemp  mtemp 
#YYYYMMDD    HH:MM:SS     Idx      W      C      C 
 20260321    11:57:42       0    139     38     45 
 20260321    11:57:42       1    156     39     46 
 20260321    11:57:42       2    142     39     46 
 20260321    11:57:42       3    156     38     45 
 20260321    11:58:12       0    139     38     45 
 20260321    11:58:12       1    156     39     45 
 20260321    11:58:12       2    143     39     46 
 20260321    11:58:12       3    157     38     45 
 20260321    11:58:42       0    139     38     45 
 20260321    11:58:42       1    156     38     45 
 20260321    11:58:42       2    142     39     46 
 20260321    11:58:42       3    157     38     45 
 20260321    11:59:12       0    139     38     45 
 20260321    11:59:12       1    156     38     45 
 20260321    11:59:12       2    142     39     46 
 20260321    11:59:12       3    157     38     45 
 20260321    11:59:42       0    138     38     45 
 20260321    11:59:42       1    156     38     45 
 20260321    11:59:42       2    143     39     46 
 20260321    11:59:42       3    157     38     45 
 20260321    12:00:12       0    139     38     45 
 20260321    12:00:12       1    156     38     45 
 20260321    12:00:12       2    142     39     46 
 20260321    12:00:12       3    156     38     46 
 20260321    12:00:42       0    139     38     45 
 20260321    12:00:42       1    157     39     45 
 20260321    12:00:42       2    143     39     46 
 20260321    12:00:42       3    157     38     45 
 20260321    12:01:12       0    126     36     44 
 20260321    12:01:12       1    143     37     44 
 20260321    12:01:12       2    131     38     46 
 20260321    12:01:12       3    143     36     45 
 20260321    12:01:42       0    126     36     44 
 20260321    12:01:42       1    142     37     44 
 20260321    12:01:42       2    131     38     46 
 20260321    12:01:42       3    143     36     45 
 20260321    12:02:12       0    139     38     45 
 20260321    12:02:12       1    156     38     45 
 20260321    12:02:12       2    143     39     46 
 20260321    12:02:12       3    156     38     45 
 20260321    12:02:42       0    138     38     45 
 20260321    12:02:42       1    156     38     45 
 20260321    12:02:42       2    142     38     46 
 20260321    12:02:42       3    157     38     45 
#Date        Time         gpu    pwr  gtemp  mtemp 
#YYYYMMDD    HH:MM:SS     Idx      W      C      C 
 20260321    12:03:12       0    139     38     45 
 20260321    12:03:12       1    157     38     45 
 20260321    12:03:12       2    142     39     46 
 20260321    12:03:12       3    156     38     45 
 20260321    12:03:42       0    139     38     45 
 20260321    12:03:42       1    156     38     45 
 20260321    12:03:42       2    142     39     46 
 20260321    12:03:42       3    156     38     45 
 20260321    12:04:12       0    138     38     45 
 20260321    12:04:12       1    155     38     45 
 20260321    12:04:12       2    142     39     46 
 20260321    12:04:12       3    156     38     46 
 20260321    12:04:42       0    140     38     45 
 20260321    12:04:42       1    156     38     45 
 20260321    12:04:42       2    142     39     46 
 20260321    12:04:42       3    157     38     45 
 20260321    12:05:12       0    139     38     45 
 20260321    12:05:12       1    156     38     45 
 20260321    12:05:12       2    143     39     46 
 20260321    12:05:12       3    156     38     45 
 20260321    12:05:42       0    139     38     45 
 20260321    12:05:42       1    156     38     46 
 20260321    12:05:42       2    142     39     46 
 20260321    12:05:42       3    157     38     45 
 20260321    12:06:12       0    139     38     45 
 20260321    12:06:12       1    157     38     45 
 20260321    12:06:12       2    143     39     46 
 20260321    12:06:12       3    157     38     45 
 20260321    12:06:42       0    139     38     45 
 20260321    12:06:42       1    156     38     45 
 20260321    12:06:42       2    142     39     46 
 20260321    12:06:42       3    156     38     45 
 20260321    12:07:12       0    232     41     50 
 20260321    12:07:12       1    165     38     48 
 20260321    12:07:12       2    183     40     49 
 20260321    12:07:12       3    245     40     49 
 20260321    12:07:42       0    143     37     46 
 20260321    12:07:42       1    158     38     45 
 20260321    12:07:42       2    131     38     46 
 20260321    12:07:42       3    143     37     45 
 20260321    12:08:12       0    140     38     45 
 20260321    12:08:12       1    159     39     46 
 20260321    12:08:12       2    143     39     46 
 20260321    12:08:12       3    157     38     45 
#Date        Time         gpu    pwr  gtemp  mtemp 
#YYYYMMDD    HH:MM:SS     Idx      W      C      C 
 20260321    12:08:42       0    139     38     45 
 20260321    12:08:42       1    158     38     45 
 20260321    12:08:42       2    142     39     46 
 20260321    12:08:42       3    156     38     45 
 20260321    12:09:12       0    140     38     45 
 20260321    12:09:12       1    158     38     45 
 20260321    12:09:12       2    143     39     46 
 20260321    12:09:12       3    156     37     46 
 20260321    12:09:42       0    139     37     45 
 20260321    12:09:42       1    158     38     45 
 20260321    12:09:42       2    142     38     46 
 20260321    12:09:42       3    156     37     46 
 20260321    12:10:12       0    140     38     45 
 20260321    12:10:12       1    158     38     45 
 20260321    12:10:12       2    143     38     46 
 20260321    12:10:12       3    156     37     46 
 20260321    12:10:42       0    139     38     45 
 20260321    12:10:42       1    158     38     45 
 20260321    12:10:42       2    143     38     46 
 20260321    12:10:42       3    156     37     46 
 20260321    12:11:12       0    140     38     45 
 20260321    12:11:12       1    158     38     45 
 20260321    12:11:12       2    142     38     46 
 20260321    12:11:12       3    156     37     45 
 20260321    12:11:42       0    140     38     45 
 20260321    12:11:42       1    158     38     45 
 20260321    12:11:42       2    143     38     46 
 20260321    12:11:42       3    157     37     45 
 20260321    12:12:12       0    139     38     45 
 20260321    12:12:12       1    157     38     45 
 20260321    12:12:12       2    142     38     47 
 20260321    12:12:12       3    156     37     45 
 20260321    12:12:42       0    141     38     45 
 20260321    12:12:42       1    159     38     45 
 20260321    12:12:42       2    143     38     46 
 20260321    12:12:42       3    157     37     45 
 20260321    12:13:12       0    140     37     45 
 20260321    12:13:12       1    158     38     45 
 20260321    12:13:12       2    142     38     46 
 20260321    12:13:12       3    156     37     46 
 20260321    12:13:42       0    140     37     45 
 20260321    12:13:42       1    158     38     45 
 20260321    12:13:42       2    143     38     47 
 20260321    12:13:42       3    157     37     45 
#Date        Time         gpu    pwr  gtemp  mtemp 
#YYYYMMDD    HH:MM:SS     Idx      W      C      C 
 20260321    12:14:12       0    139     37     45 
 20260321    12:14:12       1    158     38     45 
 20260321    12:14:12       2    142     38     47 
 20260321    12:14:12       3    157     37     46 
 20260321    12:14:42       0    140     37     45 
 20260321    12:14:42       1    158     38     45 
 20260321    12:14:42       2    142     38     46 
 20260321    12:14:42       3    157     37     46 
 20260321    12:15:12       0    126     36     44 
 20260321    12:15:12       1    142     37     44 
 20260321    12:15:12       2    131     37     46 
 20260321    12:15:12       3    144     36     45 
 20260321    12:15:42       0    126     36     44 
 20260321    12:15:42       1    142     37     44 
 20260321    12:15:42       2    131     37     46 
 20260321    12:15:42       3    143     36     45 
 20260321    12:16:12       0    126     36     44 
 20260321    12:16:12       1    142     37     44 
 20260321    12:16:12       2    131     37     46 
 20260321    12:16:12       3    143     36     45 
 20260321    12:16:42       0    139     38     45 
 20260321    12:16:42       1    156     38     45 
 20260321    12:16:42       2    142     39     47 
 20260321    12:16:42       3    157     38     45 
 20260321    12:17:12       0    139     38     45 
 20260321    12:17:12       1    155     38     45 
 20260321    12:17:12       2    142     39     46 
 20260321    12:17:12       3    157     38     45 
 20260321    12:17:42       0    139     37     45 
 20260321    12:17:42       1    155     38     45 
 20260321    12:17:42       2    142     38     46 
 20260321    12:17:42       3    157     37     45 
 20260321    12:18:12       0    139     38     45 
 20260321    12:18:12       1    156     38     45 
 20260321    12:18:12       2    142     39     46 
 20260321    12:18:12       3    157     38     46 
 20260321    12:18:42       0    139     37     45 
 20260321    12:18:42       1    156     38     45 
 20260321    12:18:42       2    143     38     46 
 20260321    12:18:42       3    156     38     46 
 20260321    12:19:12       0    139     38     45 
 20260321    12:19:12       1    156     38     45 
 20260321    12:19:12       2    143     39     46 
 20260321    12:19:12       3    157     38     46 
#Date        Time         gpu    pwr  gtemp  mtemp 
#YYYYMMDD    HH:MM:SS     Idx      W      C      C 
 20260321    12:19:42       0    138     38     45 
 20260321    12:19:42       1    156     38     45 
 20260321    12:19:42       2    142     39     46 
 20260321    12:19:42       3    157     38     46 
 20260321    12:20:12       0    139     38     45 
 20260321    12:20:12       1    156     38     45 
 20260321    12:20:12       2    142     38     46 
 20260321    12:20:12       3    156     37     46 
 20260321    12:20:42       0    138     37     45 
 20260321    12:20:42       1    155     38     45 
 20260321    12:20:42       2    142     38     47 
 20260321    12:20:42       3    156     37     46 
 20260321    12:21:12       0    139     37     45 
 20260321    12:21:12       1    156     38     45 
 20260321    12:21:12       2    142     38     46 
 20260321    12:21:12       3    156     37     45 
 20260321    12:21:42       0    139     37     45 
 20260321    12:21:42       1    156     38     45 
 20260321    12:21:42       2    142     38     46 
 20260321    12:21:42       3    157     37     46 
 20260321    12:22:12       0    138     37     45 
 20260321    12:22:12       1    156     38     45 
 20260321    12:22:12       2    142     38     46 
 20260321    12:22:12       3    156     37     45 
 20260321    12:22:42       0    139     38     45 
 20260321    12:22:42       1    156     38     45 
 20260321    12:22:42       2    142     39     46 
 20260321    12:22:42       3    156     37     46 
 20260321    12:23:12       0    139     38     45 
 20260321    12:23:12       1    156     38     46 
 20260321    12:23:12       2    143     39     46 
 20260321    12:23:12       3    156     38     45 
 20260321    12:23:42       0    139     38     45 
 20260321    12:23:42       1    157     38     45 
 20260321    12:23:42       2    143     39     46 
 20260321    12:23:42       3    157     38     45 
 20260321    12:24:12       0    137     37     45 
 20260321    12:24:12       1    155     38     45 
 20260321    12:24:12       2    142     39     46 
 20260321    12:24:12       3    156     38     45 
 20260321    12:24:42       0    139     38     45 
 20260321    12:24:42       1    156     38     45 
 20260321    12:24:42       2    143     39     46 
 20260321    12:24:42       3    157     38     45 
#Date        Time         gpu    pwr  gtemp  mtemp 
#YYYYMMDD    HH:MM:SS     Idx      W      C      C 
 20260321    12:25:12       0    139     37     45 
 20260321    12:25:12       1    156     38     45 
 20260321    12:25:12       2    143     38     46 
 20260321    12:25:12       3    157     38     46 
 20260321    12:25:42       0    129     36     44 
 20260321    12:25:42       1    145     37     44 
 20260321    12:25:42       2    133     38     46 
 20260321    12:25:42       3    146     37     45 
 20260321    12:26:12       0    138     38     45 
 20260321    12:26:12       1    156     38     45 
 20260321    12:26:12       2    142     39     46 
 20260321    12:26:12       3    157     38     46 
 20260321    12:26:42       0    222     40     47 
 20260321    12:26:42       1    236     40     47 
 20260321    12:26:42       2    222     40     48 
 20260321    12:26:42       3    230     39     47 
 20260321    12:27:12       0    215     39     46 
 20260321    12:27:12       1    234     39     45 
 20260321    12:27:12       2    221     40     47 
 20260321    12:27:12       3    236     38     45 
 20260321    12:27:42       0    199     38     45 
 20260321    12:27:42       1    206     39     45 
 20260321    12:27:42       2    200     39     46 
 20260321    12:27:42       3    235     38     45 
 20260321    12:28:12       0    139     38     45 
 20260321    12:28:12       1    156     38     45 
 20260321    12:28:12       2    142     39     46 
 20260321    12:28:12       3    156     37     45 
 20260321    12:28:42       0    138     38     45 
 20260321    12:28:42       1    155     38     45 
 20260321    12:28:42       2    142     38     46 
 20260321    12:28:42       3    156     37     45 
 20260321    12:29:12       0    139     38     45 
 20260321    12:29:12       1    157     38     45 
 20260321    12:29:12       2    143     39     46 
 20260321    12:29:12       3    157     38     45 
 20260321    12:29:42       0    139     38     45 
 20260321    12:29:42       1    157     38     45 
 20260321    12:29:42       2    143     39     46 
 20260321    12:29:42       3    157     37     45 
 20260321    12:30:12       0    139     38     45 
 20260321    12:30:12       1    157     38     45 
 20260321    12:30:12       2    143     39     46 
 20260321    12:30:12       3    157     38     45 
#Date        Time         gpu    pwr  gtemp  mtemp 
#YYYYMMDD    HH:MM:SS     Idx      W      C      C 
 20260321    12:30:42       0    126     36     44 
 20260321    12:30:42       1    144     37     44 
 20260321    12:30:42       2    131     38     46 
 20260321    12:30:42       3    143     36     45 
 20260321    12:31:12       0    127     36     45 
 20260321    12:31:12       1    144     37     44 
 20260321    12:31:12       2    131     37     46 
 20260321    12:31:12       3    143     36     44 
 20260321    12:31:42       0    233     39     46 
 20260321    12:31:42       1    271     40     46 
 20260321    12:31:42       2    248     40     48 
 20260321    12:31:42       3    274     39     47 
 20260321    12:32:12       0    139     38     45 
 20260321    12:32:12       1    156     38     45 
 20260321    12:32:12       2    142     38     47 
 20260321    12:32:12       3    156     37     45 
 20260321    12:32:42       0    139     38     45 
 20260321    12:32:42       1    156     38     45 
 20260321    12:32:42       2    142     38     47 
 20260321    12:32:42       3    156     37     45 
 20260321    12:33:12       0    138     38     45 
 20260321    12:33:12       1    155     38     45 
 20260321    12:33:12       2    142     39     46 
 20260321    12:33:12       3    156     37     46 
 20260321    12:33:42       0    139     38     45 
 20260321    12:33:42       1    156     38     45 
 20260321    12:33:42       2    142     38     46 
 20260321    12:33:42       3    157     37     45 
 20260321    12:34:12       0    139     37     45 
 20260321    12:34:12       1    156     38     45 
 20260321    12:34:12       2    142     38     46 
 20260321    12:34:12       3    156     37     46 
 20260321    12:34:42       0    139     38     45 
 20260321    12:34:42       1    156     38     45 
 20260321    12:34:42       2    142     38     47 
 20260321    12:34:42       3    157     37     46 
 20260321    12:35:12       0    139     38     45 
 20260321    12:35:12       1    156     38     45 
 20260321    12:35:12       2    143     39     46 
 20260321    12:35:12       3    157     38     45 
 20260321    12:35:42       0    138     38     45 
 20260321    12:35:42       1    155     38     45 
 20260321    12:35:42       2    142     38     47 
 20260321    12:35:42       3    157     37     45 
#Date        Time         gpu    pwr  gtemp  mtemp 
#YYYYMMDD    HH:MM:SS     Idx      W      C      C 
 20260321    12:36:12       0    139     38     45 
 20260321    12:36:12       1    156     38     45 
 20260321    12:36:12       2    142     39     46 
 20260321    12:36:12       3    157     37     46 
 20260321    12:36:42       0    177     40     50 
 20260321    12:36:42       1    163     39     48 
 20260321    12:36:42       2    176     41     50 
 20260321    12:36:42       3    198     40     49 
 20260321    12:37:12       0    126     36     45 
 20260321    12:37:12       1    167     38     46 
 20260321    12:37:12       2    146     38     46 
 20260321    12:37:12       3    144     37     45 
 20260321    12:37:42       0    137     38     45 
 20260321    12:37:42       1    158     39     45 
 20260321    12:37:42       2    143     39     46 
 20260321    12:37:42       3    158     38     45 
 20260321    12:38:12       0    138     38     45 
 20260321    12:38:12       1    158     39     45 
 20260321    12:38:12       2    143     39     46 
 20260321    12:38:12       3    159     38     45 
 20260321    12:38:42       0    138     38     45 
 20260321    12:38:42       1    159     39     45 
 20260321    12:38:42       2    144     39     46 
 20260321    12:38:42       3    159     38     45 
 20260321    12:39:12       0    138     38     45 
 20260321    12:39:12       1    158     39     46 
 20260321    12:39:12       2    144     39     46 
 20260321    12:39:12       3    158     38     45 
 20260321    12:39:42       0    138     38     45 
 20260321    12:39:42       1    158     38     46 
 20260321    12:39:42       2    143     39     46 
 20260321    12:39:42       3    158     38     45 
 20260321    12:40:12       0    138     38     45 
 20260321    12:40:12       1    159     39     46 
 20260321    12:40:12       2    144     39     46 
 20260321    12:40:12       3    158     38     45 
 20260321    12:40:42       0    138     38     45 
 20260321    12:40:42       1    158     38     45 
 20260321    12:40:42       2    143     39     46 
 20260321    12:40:42       3    158     38     45 
 20260321    12:41:12       0    138     38     45 
 20260321    12:41:12       1    157     38     45 
 20260321    12:41:12       2    143     39     46 
 20260321    12:41:12       3    158     38     45 
#Date        Time         gpu    pwr  gtemp  mtemp 
#YYYYMMDD    HH:MM:SS     Idx      W      C      C 
 20260321    12:41:42       0    138     38     45 
 20260321    12:41:42       1    158     39     45 
 20260321    12:41:42       2    143     39     46 
 20260321    12:41:42       3    158     38     45 
 20260321    12:42:12       0    138     38     45 
 20260321    12:42:12       1    158     38     45 
 20260321    12:42:12       2    143     39     46 
 20260321    12:42:12       3    157     38     45 
 20260321    12:42:42       0    138     38     45 
 20260321    12:42:42       1    158     38     45 
 20260321    12:42:42       2    143     39     46 
 20260321    12:42:42       3    157     38     45 
 20260321    12:43:12       0    139     38     45 
 20260321    12:43:12       1    158     39     45 
 20260321    12:43:12       2    144     39     46 
 20260321    12:43:12       3    158     38     45 
 20260321    12:43:42       0    138     38     45 
 20260321    12:43:42       1    158     38     45 
 20260321    12:43:42       2    143     39     46 
 20260321    12:43:42       3    157     38     45 
 20260321    12:44:12       0    138     38     45 
 20260321    12:44:12       1    158     39     45 
 20260321    12:44:12       2    143     39     46 
 20260321    12:44:12       3    158     38     46 
 20260321    12:44:42       0    127     36     44 
 20260321    12:44:42       1    143     37     44 
 20260321    12:44:42       2    131     38     46 
 20260321    12:44:42       3    143     36     45 
 20260321    12:45:12       0    126     36     45 
 20260321    12:45:12       1    142     37     44 
 20260321    12:45:12       2    131     37     45 
 20260321    12:45:12       3    143     36     44 
 20260321    12:45:42       0    139     38     44 
 20260321    12:45:42       1    156     38     45 
 20260321    12:45:42       2    142     39     46 
 20260321    12:45:42       3    157     37     45 
 20260321    12:46:12       0    139     38     45 
 20260321    12:46:12       1    156     38     45 
 20260321    12:46:12       2    143     39     46 
 20260321    12:46:12       3    157     38     46 
 20260321    12:46:42       0    139     38     45 
 20260321    12:46:42       1    156     39     45 
 20260321    12:46:42       2    142     39     46 
 20260321    12:46:42       3    157     38     45 
#Date        Time         gpu    pwr  gtemp  mtemp 
#YYYYMMDD    HH:MM:SS     Idx      W      C      C 
 20260321    12:47:12       0    139     38     45 
 20260321    12:47:12       1    156     38     45 
 20260321    12:47:12       2    143     39     46 
 20260321    12:47:12       3    157     38     45 
 20260321    12:47:42       0    140     38     45 
 20260321    12:47:42       1    157     38     45 
 20260321    12:47:42       2    143     39     46 
 20260321    12:47:42       3    157     37     46 
 20260321    12:48:12       0    139     37     45 
 20260321    12:48:12       1    156     38     45 
 20260321    12:48:12       2    143     38     47 
 20260321    12:48:12       3    156     37     46 
 20260321    12:48:42       0    139     37     45 
 20260321    12:48:42       1    156     38     45 
 20260321    12:48:42       2    142     38     46 
 20260321    12:48:42       3    157     37     45 
 20260321    12:49:12       0    140     38     45 
 20260321    12:49:12       1    156     38     45 
 20260321    12:49:12       2    142     39     47 
 20260321    12:49:12       3    157     38     46 
 20260321    12:49:42       0    139     37     45 
 20260321    12:49:42       1    156     38     45 
 20260321    12:49:42       2    143     39     46 
 20260321    12:49:42       3    157     37     45 
 20260321    12:50:12       0    139     38     45 
 20260321    12:50:12       1    156     38     45 
 20260321    12:50:12       2    142     38     47 
 20260321    12:50:12       3    157     37     46 
 20260321    12:50:42       0    127     36     44 
 20260321    12:50:42       1    142     37     44 
 20260321    12:50:42       2    131     37     46 
 20260321    12:50:42       3    143     36     45 
 20260321    12:51:12       0    214     38     46 
 20260321    12:51:12       1    468     46     53 
 20260321    12:51:12       2    333     43     50 
 20260321    12:51:12       3    260     42     51 
 20260321    12:51:42       0    337     43     51 
 20260321    12:51:42       1    144     38     46 
 20260321    12:51:42       2    188     40     48 
 20260321    12:51:42       3    258     39     47 
 20260321    12:52:12       0    139     38     46 
 20260321    12:52:12       1    342     46     53 
 20260321    12:52:12       2    187     40     48 
 20260321    12:52:12       3    177     39     49 
#Date        Time         gpu    pwr  gtemp  mtemp 
#YYYYMMDD    HH:MM:SS     Idx      W      C      C 
 20260321    12:52:42       0    126     36     44 
 20260321    12:52:42       1    143     37     44 
 20260321    12:52:42       2    131     37     46 
 20260321    12:52:42       3    143     36     45 
 20260321    12:53:12       0    129     36     44 
 20260321    12:53:12       1    147     37     44 
 20260321    12:53:12       2    135     38     46 
 20260321    12:53:12       3    147     36     45 
