#Date        Time         gpu    pwr  gtemp  mtemp 
#YYYYMMDD    HH:MM:SS     Idx      W      C      C 
 20260323    22:34:01       0     94     33     41 
 20260323    22:34:01       1     90     35     42 
 20260323    22:34:01       2     74     35     44 
 20260323    22:34:01       3     98     33     41 
 20260323    22:34:31       0     94     33     41 
 20260323    22:34:31       1     89     35     42 
 20260323    22:34:31       2    126     36     44 
 20260323    22:34:31       3     98     33     41 
 20260323    22:35:01       0    143     35     42 
 20260323    22:35:01       1    139     38     44 
 20260323    22:35:01       2    123     37     45 
 20260323    22:35:01       3    144     35     41 
 20260323    22:35:31       0    143     35     42 
 20260323    22:35:31       1    140     38     44 
 20260323    22:35:31       2    123     37     45 
 20260323    22:35:31       3    144     35     41 
 20260323    22:36:01       0    143     35     42 
 20260323    22:36:01       1    139     38     44 
 20260323    22:36:01       2    123     37     45 
 20260323    22:36:01       3    144     35     41 
 20260323    22:36:31       0    143     35     42 
 20260323    22:36:31       1    137     38     44 
 20260323    22:36:31       2    123     37     45 
 20260323    22:36:31       3    144     35     43 
 20260323    22:37:01       0    143     35     42 
 20260323    22:37:01       1    137     38     44 
 20260323    22:37:01       2    123     37     45 
 20260323    22:37:01       3    144     35     43 
 20260323    22:37:31       0    143     35     42 
 20260323    22:37:31       1    138     38     44 
 20260323    22:37:31       2    124     37     45 
 20260323    22:37:31       3    144     35     41 
 20260323    22:38:01       0    142     35     42 
 20260323    22:38:01       1    137     37     44 
 20260323    22:38:01       2    123     37     45 
 20260323    22:38:01       3    144     35     42 
 20260323    22:38:31       0    142     35     42 
 20260323    22:38:31       1    137     37     44 
 20260323    22:38:31       2    123     37     45 
 20260323    22:38:31       3    144     35     41 
 20260323    22:39:01       0    143     35     42 
 20260323    22:39:01       1    137     38     44 
 20260323    22:39:01       2    123     37     45 
 20260323    22:39:01       3    144     35     43 
#Date        Time         gpu    pwr  gtemp  mtemp 
#YYYYMMDD    HH:MM:SS     Idx      W      C      C 
 20260323    22:39:31       0    143     35     41 
 20260323    22:39:31       1    137     37     44 
 20260323    22:39:31       2    123     37     45 
 20260323    22:39:31       3    144     35     41 
 20260323    22:40:01       0    143     34     41 
 20260323    22:40:01       1    137     37     44 
 20260323    22:40:01       2    123     37     45 
 20260323    22:40:01       3    144     35     42 
 20260323    22:40:31       0    142     35     42 
 20260323    22:40:31       1    137     37     44 
 20260323    22:40:31       2    123     37     45 
 20260323    22:40:31       3    144     35     41 
 20260323    22:41:01       0    142     35     41 
 20260323    22:41:01       1    137     37     44 
 20260323    22:41:01       2    123     37     45 
 20260323    22:41:01       3    144     35     41 
 20260323    22:41:31       0    143     34     42 
 20260323    22:41:31       1    137     37     44 
 20260323    22:41:31       2    123     37     45 
 20260323    22:41:31       3    144     35     42 
 20260323    22:42:01       0    143     34     41 
 20260323    22:42:01       1    137     37     44 
 20260323    22:42:01       2    123     37     45 
 20260323    22:42:01       3    144     35     41 
 20260323    22:42:31       0    143     34     40 
 20260323    22:42:31       1    137     37     44 
 20260323    22:42:31       2    123     37     45 
 20260323    22:42:31       3    144     35     41 
 20260323    22:43:01       0    142     34     42 
 20260323    22:43:01       1    137     37     44 
 20260323    22:43:01       2    123     37     45 
 20260323    22:43:01       3    144     35     41 
 20260323    22:43:31       0    142     34     42 
 20260323    22:43:31       1    137     37     44 
 20260323    22:43:31       2    123     37     45 
 20260323    22:43:31       3    144     35     41 
 20260323    22:44:01       0    143     34     42 
 20260323    22:44:01       1    137     37     44 
 20260323    22:44:01       2    123     37     45 
 20260323    22:44:01       3    144     35     41 
 20260323    22:44:31       0    143     35     42 
 20260323    22:44:31       1    137     37     44 
 20260323    22:44:31       2    123     37     45 
 20260323    22:44:31       3    144     35     41 
#Date        Time         gpu    pwr  gtemp  mtemp 
#YYYYMMDD    HH:MM:SS     Idx      W      C      C 
 20260323    22:45:01       0    143     35     42 
 20260323    22:45:01       1    137     37     44 
 20260323    22:45:01       2    123     37     45 
 20260323    22:45:01       3    144     35     41 
 20260323    22:45:31       0    143     35     42 
 20260323    22:45:31       1    138     38     44 
 20260323    22:45:31       2    123     37     45 
 20260323    22:45:31       3    144     35     41 
 20260323    22:46:01       0    143     35     40 
 20260323    22:46:01       1    137     37     44 
 20260323    22:46:01       2    123     37     45 
 20260323    22:46:01       3    144     35     42 
 20260323    22:46:31       0    143     35     42 
 20260323    22:46:31       1    137     38     44 
 20260323    22:46:31       2    123     37     45 
 20260323    22:46:31       3    144     35     41 
 20260323    22:47:01       0    142     34     42 
 20260323    22:47:01       1    137     37     44 
 20260323    22:47:01       2    123     37     45 
 20260323    22:47:01       3    144     35     41 
 20260323    22:47:31       0    143     35     42 
 20260323    22:47:31       1    137     37     44 
 20260323    22:47:31       2    123     37     45 
 20260323    22:47:31       3    144     35     41 
 20260323    22:48:01       0    143     34     42 
 20260323    22:48:01       1    137     37     44 
 20260323    22:48:01       2    123     37     45 
 20260323    22:48:01       3    144     35     41 
 20260323    22:48:31       0    142     35     42 
 20260323    22:48:31       1    137     37     44 
 20260323    22:48:31       2    123     37     45 
 20260323    22:48:31       3    144     35     41 
 20260323    22:49:01       0    143     35     42 
 20260323    22:49:01       1    137     37     44 
 20260323    22:49:01       2    123     37     45 
 20260323    22:49:01       3    144     35     41 
 20260323    22:49:31       0    143     35     42 
 20260323    22:49:31       1    137     38     44 
 20260323    22:49:31       2    123     37     45 
 20260323    22:49:31       3    144     35     42 
 20260323    22:50:01       0    143     35     42 
 20260323    22:50:01       1    137     38     44 
 20260323    22:50:01       2    123     37     45 
 20260323    22:50:01       3    144     35     41 
#Date        Time         gpu    pwr  gtemp  mtemp 
#YYYYMMDD    HH:MM:SS     Idx      W      C      C 
 20260323    22:50:31       0    142     35     42 
 20260323    22:50:31       1    137     37     44 
 20260323    22:50:31       2    123     37     45 
 20260323    22:50:31       3    144     35     41 
 20260323    22:51:01       0    143     34     41 
 20260323    22:51:01       1    137     37     44 
 20260323    22:51:01       2    123     37     45 
 20260323    22:51:01       3    144     35     41 
 20260323    22:51:31       0    143     35     42 
 20260323    22:51:31       1    137     37     44 
 20260323    22:51:31       2    123     37     45 
 20260323    22:51:31       3    144     35     41 
 20260323    22:52:01       0    143     35     42 
 20260323    22:52:01       1    137     38     44 
 20260323    22:52:01       2    123     37     45 
 20260323    22:52:01       3    144     35     41 
 20260323    22:52:31       0    143     35     42 
 20260323    22:52:31       1    137     38     44 
 20260323    22:52:31       2    123     37     45 
 20260323    22:52:31       3    144     35     41 
 20260323    22:53:01       0    143     35     41 
 20260323    22:53:01       1    137     37     44 
 20260323    22:53:01       2    123     37     45 
 20260323    22:53:01       3    144     35     41 
 20260323    22:53:31       0    142     35     42 
 20260323    22:53:31       1    137     37     44 
 20260323    22:53:31       2    123     37     45 
 20260323    22:53:31       3    144     35     41 
 20260323    22:54:01       0    143     35     42 
 20260323    22:54:01       1    137     37     44 
 20260323    22:54:01       2    123     37     45 
 20260323    22:54:01       3    144     35     41 
 20260323    22:54:31       0    142     34     41 
 20260323    22:54:31       1    137     37     44 
 20260323    22:54:31       2    123     37     45 
 20260323    22:54:31       3    144     35     41 
 20260323    22:55:01       0    143     35     42 
 20260323    22:55:01       1    137     37     44 
 20260323    22:55:01       2    123     37     45 
 20260323    22:55:01       3    144     35     41 
 20260323    22:55:31       0    143     35     42 
 20260323    22:55:31       1    137     37     44 
 20260323    22:55:31       2    123     37     45 
 20260323    22:55:31       3    144     35     42 
#Date        Time         gpu    pwr  gtemp  mtemp 
#YYYYMMDD    HH:MM:SS     Idx      W      C      C 
 20260323    22:56:01       0    143     35     42 
 20260323    22:56:01       1    137     38     44 
 20260323    22:56:01       2    123     37     45 
 20260323    22:56:01       3    144     35     41 
 20260323    22:56:31       0    143     35     42 
 20260323    22:56:31       1    137     38     44 
 20260323    22:56:31       2    123     37     45 
 20260323    22:56:31       3    144     35     41 
 20260323    22:57:01       0    143     35     42 
 20260323    22:57:01       1    137     38     44 
 20260323    22:57:01       2    123     37     45 
 20260323    22:57:01       3    144     35     41 
 20260323    22:57:31       0    143     35     42 
 20260323    22:57:31       1    137     38     44 
 20260323    22:57:31       2    123     37     45 
 20260323    22:57:31       3    144     35     42 
 20260323    22:58:01       0    143     35     42 
 20260323    22:58:01       1    137     38     44 
 20260323    22:58:01       2    123     37     45 
 20260323    22:58:01       3    144     35     41 
 20260323    22:58:31       0    143     35     42 
 20260323    22:58:31       1    137     38     44 
 20260323    22:58:31       2    123     37     45 
 20260323    22:58:31       3    144     35     42 
 20260323    22:59:01       0    143     35     42 
 20260323    22:59:01       1    137     38     44 
 20260323    22:59:01       2    123     37     45 
 20260323    22:59:01       3    144     35     43 
 20260323    22:59:31       0    143     35     42 
 20260323    22:59:31       1    138     38     44 
 20260323    22:59:31       2    123     37     45 
 20260323    22:59:31       3    144     35     42 
 20260323    23:00:01       0    143     35     42 
 20260323    23:00:01       1    137     38     44 
 20260323    23:00:01       2    123     37     45 
 20260323    23:00:01       3    144     35     41 
 20260323    23:00:31       0    143     35     41 
 20260323    23:00:31       1    137     37     44 
 20260323    23:00:31       2    123     37     45 
 20260323    23:00:31       3    144     35     43 
 20260323    23:01:01       0    142     35     42 
 20260323    23:01:01       1    137     37     44 
 20260323    23:01:01       2    123     37     45 
 20260323    23:01:01       3    144     35     42 
#Date        Time         gpu    pwr  gtemp  mtemp 
#YYYYMMDD    HH:MM:SS     Idx      W      C      C 
 20260323    23:01:31       0    143     35     42 
 20260323    23:01:31       1    137     37     44 
 20260323    23:01:31       2    123     37     45 
 20260323    23:01:31       3    144     35     42 
 20260323    23:02:01       0    143     35     41 
 20260323    23:02:01       1    137     37     44 
 20260323    23:02:01       2    123     37     45 
 20260323    23:02:01       3    144     35     42 
 20260323    23:02:31       0    143     35     42 
 20260323    23:02:31       1    137     37     44 
 20260323    23:02:31       2    123     37     45 
 20260323    23:02:31       3    144     35     41 
 20260323    23:03:01       0    143     34     42 
 20260323    23:03:01       1    137     37     44 
 20260323    23:03:01       2    123     37     45 
 20260323    23:03:01       3    144     35     41 
 20260323    23:03:31       0    143     35     42 
 20260323    23:03:31       1    137     37     44 
 20260323    23:03:31       2    123     37     45 
 20260323    23:03:31       3    144     35     41 
 20260323    23:04:01       0    143     35     41 
 20260323    23:04:01       1    137     37     44 
 20260323    23:04:01       2    123     37     45 
 20260323    23:04:01       3    144     35     41 
 20260323    23:04:31       0    143     34     42 
 20260323    23:04:31       1    137     37     44 
 20260323    23:04:31       2    123     37     45 
 20260323    23:04:31       3    144     35     41 
 20260323    23:05:01       0    143     34     42 
 20260323    23:05:01       1    137     37     44 
 20260323    23:05:01       2    123     37     45 
 20260323    23:05:01       3    144     35     42 
 20260323    23:05:31       0    142     34     40 
 20260323    23:05:31       1    137     37     44 
 20260323    23:05:31       2    123     37     45 
 20260323    23:05:31       3    144     35     41 
 20260323    23:06:01       0    142     34     41 
 20260323    23:06:01       1    137     37     44 
 20260323    23:06:01       2    123     37     45 
 20260323    23:06:01       3    144     35     41 
 20260323    23:06:32       0    143     34     42 
 20260323    23:06:32       1    137     37     44 
 20260323    23:06:32       2    123     37     45 
 20260323    23:06:32       3    144     35     41 
#Date        Time         gpu    pwr  gtemp  mtemp 
#YYYYMMDD    HH:MM:SS     Idx      W      C      C 
 20260323    23:07:02       0    142     34     40 
 20260323    23:07:02       1    137     37     44 
 20260323    23:07:02       2    123     37     45 
 20260323    23:07:02       3    144     35     41 
 20260323    23:07:32       0    142     34     42 
 20260323    23:07:32       1    137     37     44 
 20260323    23:07:32       2    123     37     45 
 20260323    23:07:32       3    144     35     41 
 20260323    23:08:02       0    143     34     40 
 20260323    23:08:02       1    137     37     44 
 20260323    23:08:02       2    123     37     45 
 20260323    23:08:02       3    144     35     41 
 20260323    23:08:32       0    143     35     42 
 20260323    23:08:32       1    137     37     44 
 20260323    23:08:32       2    123     37     45 
 20260323    23:08:32       3    144     35     41 
 20260323    23:09:02       0    143     35     42 
 20260323    23:09:02       1    137     38     44 
 20260323    23:09:02       2    123     37     45 
 20260323    23:09:02       3    144     35     41 
 20260323    23:09:32       0    143     35     42 
 20260323    23:09:32       1    137     37     44 
 20260323    23:09:32       2    123     37     45 
 20260323    23:09:32       3    144     35     41 
 20260323    23:10:02       0    143     35     42 
 20260323    23:10:02       1    137     37     44 
 20260323    23:10:02       2    123     37     45 
 20260323    23:10:02       3    144     35     41 
 20260323    23:10:32       0    143     35     41 
 20260323    23:10:32       1    137     37     44 
 20260323    23:10:32       2    123     37     45 
 20260323    23:10:32       3    144     35     41 
 20260323    23:11:02       0    143     35     42 
 20260323    23:11:02       1    137     37     44 
 20260323    23:11:02       2    123     37     45 
 20260323    23:11:02       3    144     35     41 
 20260323    23:11:32       0    143     35     42 
 20260323    23:11:32       1    138     38     44 
 20260323    23:11:32       2    123     37     45 
 20260323    23:11:32       3    145     35     42 
 20260323    23:12:02       0    143     35     42 
 20260323    23:12:02       1    137     38     44 
 20260323    23:12:02       2    123     37     45 
 20260323    23:12:02       3    144     35     41 
#Date        Time         gpu    pwr  gtemp  mtemp 
#YYYYMMDD    HH:MM:SS     Idx      W      C      C 
 20260323    23:12:32       0    143     35     42 
 20260323    23:12:32       1    137     37     44 
 20260323    23:12:32       2    123     37     45 
 20260323    23:12:32       3    144     35     41 
 20260323    23:13:02       0    143     35     42 
 20260323    23:13:02       1    137     37     44 
 20260323    23:13:02       2    123     37     45 
 20260323    23:13:02       3    144     35     42 
 20260323    23:13:32       0    143     35     42 
 20260323    23:13:32       1    137     37     44 
 20260323    23:13:32       2    123     37     45 
 20260323    23:13:32       3    144     35     41 
 20260323    23:14:02       0    143     35     42 
 20260323    23:14:02       1    137     37     44 
 20260323    23:14:02       2    123     37     45 
 20260323    23:14:02       3    144     35     41 
 20260323    23:14:32       0    143     35     42 
 20260323    23:14:32       1    137     37     44 
 20260323    23:14:32       2    124     37     45 
 20260323    23:14:32       3    144     35     41 
 20260323    23:15:02       0    143     35     42 
 20260323    23:15:02       1    137     38     44 
 20260323    23:15:02       2    123     37     45 
 20260323    23:15:02       3    144     35     43 
 20260323    23:15:32       0    143     35     42 
 20260323    23:15:32       1    138     38     44 
 20260323    23:15:32       2    123     37     45 
 20260323    23:15:32       3    144     35     42 
 20260323    23:16:02       0    143     35     42 
 20260323    23:16:02       1    137     38     44 
 20260323    23:16:02       2    123     37     45 
 20260323    23:16:02       3    144     35     43 
 20260323    23:16:32       0    143     35     42 
 20260323    23:16:32       1    137     38     44 
 20260323    23:16:32       2    123     37     45 
 20260323    23:16:32       3    144     35     43 
 20260323    23:17:02       0    143     34     41 
 20260323    23:17:02       1    137     37     44 
 20260323    23:17:02       2    123     37     45 
 20260323    23:17:02       3    144     35     41 
 20260323    23:17:32       0    143     35     42 
 20260323    23:17:32       1    137     37     44 
 20260323    23:17:32       2    123     37     45 
 20260323    23:17:32       3    144     35     41 
#Date        Time         gpu    pwr  gtemp  mtemp 
#YYYYMMDD    HH:MM:SS     Idx      W      C      C 
 20260323    23:18:02       0    143     35     42 
 20260323    23:18:02       1    137     37     44 
 20260323    23:18:02       2    123     37     45 
 20260323    23:18:02       3    144     35     41 
 20260323    23:18:32       0    143     35     42 
 20260323    23:18:32       1    137     37     44 
 20260323    23:18:32       2    123     37     45 
 20260323    23:18:32       3    144     35     41 
 20260323    23:19:02       0    142     35     42 
 20260323    23:19:02       1    137     37     44 
 20260323    23:19:02       2    123     37     45 
 20260323    23:19:02       3    144     35     42 
 20260323    23:19:32       0    143     35     42 
 20260323    23:19:32       1    137     37     44 
 20260323    23:19:32       2    123     37     45 
 20260323    23:19:32       3    144     35     43 
 20260323    23:20:02       0    143     35     42 
 20260323    23:20:02       1    137     37     44 
 20260323    23:20:02       2    123     37     45 
 20260323    23:20:02       3    144     35     41 
 20260323    23:20:32       0    143     35     42 
 20260323    23:20:32       1    137     37     44 
 20260323    23:20:32       2    123     37     45 
 20260323    23:20:32       3    144     35     41 
 20260323    23:21:02       0    143     35     42 
 20260323    23:21:02       1    137     37     44 
 20260323    23:21:02       2    123     37     45 
 20260323    23:21:02       3    144     35     42 
 20260323    23:21:32       0    143     35     42 
 20260323    23:21:32       1    137     38     44 
 20260323    23:21:32       2    123     37     45 
 20260323    23:21:32       3    144     35     43 
 20260323    23:22:02       0    143     35     42 
 20260323    23:22:02       1    138     38     44 
 20260323    23:22:02       2    123     37     45 
 20260323    23:22:02       3    144     35     41 
 20260323    23:22:32       0    142     35     41 
 20260323    23:22:32       1    137     38     44 
 20260323    23:22:32       2    123     37     45 
 20260323    23:22:32       3    144     35     41 
 20260323    23:23:02       0    143     35     42 
 20260323    23:23:02       1    137     38     44 
 20260323    23:23:02       2    123     37     45 
 20260323    23:23:02       3    144     35     42 
#Date        Time         gpu    pwr  gtemp  mtemp 
#YYYYMMDD    HH:MM:SS     Idx      W      C      C 
 20260323    23:23:32       0    143     35     42 
 20260323    23:23:32       1    137     38     44 
 20260323    23:23:32       2    123     37     45 
 20260323    23:23:32       3    144     35     41 
 20260323    23:24:02       0    143     35     42 
 20260323    23:24:02       1    137     38     44 
 20260323    23:24:02       2    123     37     45 
 20260323    23:24:02       3    144     35     43 
 20260323    23:24:32       0    143     35     42 
 20260323    23:24:32       1    137     37     44 
 20260323    23:24:32       2    123     37     45 
 20260323    23:24:32       3    144     35     42 
 20260323    23:25:02       0    143     34     42 
 20260323    23:25:02       1    137     37     44 
 20260323    23:25:02       2    123     37     45 
 20260323    23:25:02       3    144     35     42 
 20260323    23:25:32       0    142     34     42 
 20260323    23:25:32       1    137     37     44 
 20260323    23:25:32       2    123     37     45 
 20260323    23:25:32       3    144     35     41 
 20260323    23:26:02       0    142     34     41 
 20260323    23:26:02       1    137     37     44 
 20260323    23:26:02       2    123     37     45 
 20260323    23:26:02       3    144     35     41 
 20260323    23:26:32       0    142     34     42 
 20260323    23:26:32       1    137     37     44 
 20260323    23:26:32       2    123     37     45 
 20260323    23:26:32       3    144     35     41 
 20260323    23:27:02       0    143     35     41 
 20260323    23:27:02       1    137     37     44 
 20260323    23:27:02       2    123     37     45 
 20260323    23:27:02       3    144     35     41 
 20260323    23:27:32       0    143     35     40 
 20260323    23:27:32       1    137     37     44 
 20260323    23:27:32       2    123     37     45 
 20260323    23:27:32       3    144     35     41 
 20260323    23:28:02       0    142     34     40 
 20260323    23:28:02       1    137     37     44 
 20260323    23:28:02       2    123     37     45 
 20260323    23:28:02       3    144     35     41 
 20260323    23:28:32       0    143     34     40 
 20260323    23:28:32       1    137     37     44 
 20260323    23:28:32       2    123     37     45 
 20260323    23:28:32       3    144     35     41 
#Date        Time         gpu    pwr  gtemp  mtemp 
#YYYYMMDD    HH:MM:SS     Idx      W      C      C 
 20260323    23:29:02       0    142     35     42 
 20260323    23:29:02       1    137     37     44 
 20260323    23:29:02       2    123     37     45 
 20260323    23:29:02       3    144     35     41 
 20260323    23:29:32       0    143     35     42 
 20260323    23:29:32       1    137     37     44 
 20260323    23:29:32       2    123     37     45 
 20260323    23:29:32       3    144     35     41 
 20260323    23:30:02       0    142     34     42 
 20260323    23:30:02       1    137     37     44 
 20260323    23:30:02       2    123     37     45 
 20260323    23:30:02       3    144     35     41 
 20260323    23:30:32       0    142     34     41 
 20260323    23:30:32       1    137     37     44 
 20260323    23:30:32       2    123     37     45 
 20260323    23:30:32       3    144     35     41 
 20260323    23:31:02       0    142     34     41 
 20260323    23:31:02       1    137     37     44 
 20260323    23:31:02       2    123     37     45 
 20260323    23:31:02       3    144     35     41 
 20260323    23:31:32       0    143     34     42 
 20260323    23:31:32       1    137     37     44 
 20260323    23:31:32       2    123     37     45 
 20260323    23:31:32       3    144     35     42 
 20260323    23:32:02       0    142     35     42 
 20260323    23:32:02       1    137     37     44 
 20260323    23:32:02       2    123     37     45 
 20260323    23:32:02       3    144     35     41 
 20260323    23:32:32       0    142     35     41 
 20260323    23:32:32       1    137     37     44 
 20260323    23:32:32       2    123     37     45 
 20260323    23:32:32       3    144     35     41 
 20260323    23:33:02       0    143     35     42 
 20260323    23:33:02       1    137     38     44 
 20260323    23:33:02       2    123     37     45 
 20260323    23:33:02       3    144     35     43 
 20260323    23:33:32       0    143     35     42 
 20260323    23:33:32       1    137     38     44 
 20260323    23:33:32       2    123     37     45 
 20260323    23:33:32       3    144     35     42 
 20260323    23:34:02       0    143     35     42 
 20260323    23:34:02       1    137     38     44 
 20260323    23:34:02       2    123     37     45 
 20260323    23:34:02       3    144     35     42 
#Date        Time         gpu    pwr  gtemp  mtemp 
#YYYYMMDD    HH:MM:SS     Idx      W      C      C 
 20260323    23:34:32       0    143     35     42 
 20260323    23:34:32       1    137     38     44 
 20260323    23:34:32       2    123     37     45 
 20260323    23:34:32       3    144     35     41 
 20260323    23:35:02       0    142     34     42 
 20260323    23:35:02       1    137     37     44 
 20260323    23:35:02       2    123     37     45 
 20260323    23:35:02       3    144     35     41 
 20260323    23:35:32       0    143     34     42 
 20260323    23:35:32       1    137     37     44 
 20260323    23:35:32       2    123     37     45 
 20260323    23:35:32       3    144     35     41 
 20260323    23:36:02       0    142     35     42 
 20260323    23:36:02       1    137     37     44 
 20260323    23:36:02       2    123     37     45 
 20260323    23:36:02       3    144     35     41 
 20260323    23:36:32       0    142     35     42 
 20260323    23:36:32       1    137     37     44 
 20260323    23:36:32       2    123     37     45 
 20260323    23:36:32       3    144     35     41 
 20260323    23:37:02       0    143     35     40 
 20260323    23:37:02       1    137     37     44 
 20260323    23:37:02       2    123     37     45 
 20260323    23:37:02       3    144     35     41 
 20260323    23:37:32       0    143     35     42 
 20260323    23:37:32       1    137     38     44 
 20260323    23:37:32       2    123     37     45 
 20260323    23:37:32       3    144     35     41 
 20260323    23:38:02       0    143     35     42 
 20260323    23:38:02       1    137     38     44 
 20260323    23:38:02       2    123     37     45 
 20260323    23:38:02       3    144     35     43 
 20260323    23:38:32       0    142     35     42 
 20260323    23:38:32       1    137     38     44 
 20260323    23:38:32       2    123     37     45 
 20260323    23:38:32       3    144     35     42 
 20260323    23:39:02       0    142     35     42 
 20260323    23:39:02       1    137     37     44 
 20260323    23:39:02       2    123     37     45 
 20260323    23:39:02       3    144     35     42 
 20260323    23:39:32       0    143     35     42 
 20260323    23:39:32       1    137     37     44 
 20260323    23:39:32       2    123     37     45 
 20260323    23:39:32       3    144     35     41 
#Date        Time         gpu    pwr  gtemp  mtemp 
#YYYYMMDD    HH:MM:SS     Idx      W      C      C 
 20260323    23:40:02       0    143     35     42 
 20260323    23:40:02       1    137     38     44 
 20260323    23:40:02       2    123     37     45 
 20260323    23:40:02       3    144     35     42 
 20260323    23:40:32       0    143     35     42 
 20260323    23:40:32       1    137     38     44 
 20260323    23:40:32       2    123     37     45 
 20260323    23:40:32       3    144     35     43 
 20260323    23:41:02       0    143     35     42 
 20260323    23:41:02       1    137     38     44 
 20260323    23:41:02       2    123     37     45 
 20260323    23:41:02       3    144     35     43 
 20260323    23:41:32       0    143     35     42 
 20260323    23:41:32       1    137     38     44 
 20260323    23:41:32       2    123     37     45 
 20260323    23:41:32       3    144     35     42 
 20260323    23:42:02       0    142     35     42 
 20260323    23:42:02       1    137     38     44 
 20260323    23:42:02       2    123     37     45 
 20260323    23:42:02       3    144     35     42 
 20260323    23:42:32       0    143     35     42 
 20260323    23:42:32       1    137     38     44 
 20260323    23:42:32       2    123     37     45 
 20260323    23:42:32       3    144     35     43 
 20260323    23:43:02       0    143     35     42 
 20260323    23:43:02       1    137     38     44 
 20260323    23:43:02       2    123     37     45 
 20260323    23:43:02       3    144     35     43 
 20260323    23:43:32       0    143     35     42 
 20260323    23:43:32       1    137     38     44 
 20260323    23:43:32       2    123     37     45 
 20260323    23:43:32       3    144     35     43 
 20260323    23:44:02       0    143     35     42 
 20260323    23:44:02       1    138     38     44 
 20260323    23:44:02       2    123     37     45 
 20260323    23:44:02       3    144     35     41 
 20260323    23:44:32       0    142     34     40 
 20260323    23:44:32       1    137     37     44 
 20260323    23:44:32       2    123     37     45 
 20260323    23:44:32       3    144     35     41 
 20260323    23:45:02       0    143     35     41 
 20260323    23:45:02       1    137     37     44 
 20260323    23:45:02       2    123     37     45 
 20260323    23:45:02       3    144     35     41 
#Date        Time         gpu    pwr  gtemp  mtemp 
#YYYYMMDD    HH:MM:SS     Idx      W      C      C 
 20260323    23:45:32       0    143     35     42 
 20260323    23:45:32       1    137     37     44 
 20260323    23:45:32       2    123     37     45 
 20260323    23:45:32       3    144     35     41 
 20260323    23:46:02       0    143     35     41 
 20260323    23:46:02       1    137     37     44 
 20260323    23:46:02       2    123     37     45 
 20260323    23:46:02       3    144     35     41 
 20260323    23:46:32       0    143     34     42 
 20260323    23:46:32       1    137     37     44 
 20260323    23:46:32       2    123     37     45 
 20260323    23:46:32       3    144     35     41 
 20260323    23:47:02       0    142     34     41 
 20260323    23:47:02       1    137     37     44 
 20260323    23:47:02       2    123     37     45 
 20260323    23:47:02       3    144     35     41 
 20260323    23:47:32       0    143     35     42 
 20260323    23:47:32       1    137     37     44 
 20260323    23:47:32       2    123     37     45 
 20260323    23:47:32       3    144     35     41 
 20260323    23:48:02       0    143     35     42 
 20260323    23:48:02       1    137     38     44 
 20260323    23:48:02       2    123     37     45 
 20260323    23:48:02       3    144     35     42 
 20260323    23:48:32       0    143     35     42 
 20260323    23:48:32       1    138     38     44 
 20260323    23:48:32       2    123     37     45 
 20260323    23:48:32       3    144     35     43 
 20260323    23:49:02       0    143     35     42 
 20260323    23:49:02       1    137     38     44 
 20260323    23:49:02       2    123     37     45 
 20260323    23:49:02       3    144     35     41 
 20260323    23:49:32       0    142     34     42 
 20260323    23:49:32       1    137     37     44 
 20260323    23:49:32       2    123     37     45 
 20260323    23:49:32       3    144     35     41 
 20260323    23:50:02       0    143     35     42 
 20260323    23:50:02       1    137     37     44 
 20260323    23:50:02       2    123     37     45 
 20260323    23:50:02       3    144     35     41 
 20260323    23:50:32       0    143     35     42 
 20260323    23:50:32       1    137     37     44 
 20260323    23:50:32       2    123     37     45 
 20260323    23:50:32       3    144     35     42 
#Date        Time         gpu    pwr  gtemp  mtemp 
#YYYYMMDD    HH:MM:SS     Idx      W      C      C 
 20260323    23:51:02       0    143     35     42 
 20260323    23:51:02       1    137     37     44 
 20260323    23:51:02       2    123     37     45 
 20260323    23:51:02       3    144     35     42 
 20260323    23:51:32       0    143     35     41 
 20260323    23:51:32       1    137     37     44 
 20260323    23:51:32       2    123     37     45 
 20260323    23:51:32       3    144     35     42 
 20260323    23:52:02       0    143     35     42 
 20260323    23:52:02       1    138     37     44 
 20260323    23:52:02       2    123     37     45 
 20260323    23:52:02       3    144     35     43 
 20260323    23:52:32       0    142     34     42 
 20260323    23:52:32       1    137     37     44 
 20260323    23:52:32       2    123     37     45 
 20260323    23:52:32       3    144     35     41 
 20260323    23:53:02       0    142     34     42 
 20260323    23:53:02       1    137     37     44 
 20260323    23:53:02       2    123     37     45 
 20260323    23:53:02       3    144     35     41 
 20260323    23:53:32       0    142     34     41 
 20260323    23:53:32       1    137     37     44 
 20260323    23:53:32       2    123     37     45 
 20260323    23:53:32       3    144     35     41 
 20260323    23:54:02       0    143     35     42 
 20260323    23:54:02       1    137     37     44 
 20260323    23:54:02       2    123     37     45 
 20260323    23:54:02       3    144     35     41 
 20260323    23:54:32       0    142     34     42 
 20260323    23:54:32       1    137     37     44 
 20260323    23:54:32       2    124     37     45 
 20260323    23:54:32       3    144     35     41 
 20260323    23:55:02       0    142     35     42 
 20260323    23:55:02       1    137     37     44 
 20260323    23:55:02       2    123     37     45 
 20260323    23:55:02       3    144     35     41 
 20260323    23:55:32       0    143     35     42 
 20260323    23:55:32       1    137     37     44 
 20260323    23:55:32       2    123     37     45 
 20260323    23:55:32       3    144     35     41 
 20260323    23:56:02       0    143     34     40 
 20260323    23:56:02       1    137     37     44 
 20260323    23:56:02       2    123     37     45 
 20260323    23:56:02       3    144     35     41 
#Date        Time         gpu    pwr  gtemp  mtemp 
#YYYYMMDD    HH:MM:SS     Idx      W      C      C 
 20260323    23:56:32       0    143     35     42 
 20260323    23:56:32       1    137     37     44 
 20260323    23:56:32       2    123     37     45 
 20260323    23:56:32       3    144     35     41 
 20260323    23:57:02       0    143     35     42 
 20260323    23:57:02       1    137     37     44 
 20260323    23:57:02       2    123     37     45 
 20260323    23:57:02       3    144     35     41 
 20260323    23:57:32       0    144     35     42 
 20260323    23:57:32       1    140     37     44 
 20260323    23:57:32       2    125     37     45 
 20260323    23:57:32       3    145     35     42 
 20260323    23:58:02       0    142     34     41 
 20260323    23:58:02       1    137     37     44 
 20260323    23:58:02       2    123     37     45 
 20260323    23:58:02       3    144     35     41 
 20260323    23:58:32       0    142     34     40 
 20260323    23:58:32       1    137     37     44 
 20260323    23:58:32       2    123     37     45 
 20260323    23:58:32       3    144     35     41 
 20260323    23:59:02       0    142     34     42 
 20260323    23:59:02       1    137     37     44 
 20260323    23:59:02       2    123     37     45 
 20260323    23:59:02       3    144     35     41 
 20260323    23:59:32       0    142     34     41 
 20260323    23:59:32       1    137     37     44 
 20260323    23:59:32       2    123     37     45 
 20260323    23:59:32       3    144     35     41 
 20260324    00:00:02       0    143     35     42 
 20260324    00:00:02       1    137     37     44 
 20260324    00:00:02       2    123     37     45 
 20260324    00:00:02       3    144     35     43 
 20260324    00:00:32       0    143     35     42 
 20260324    00:00:32       1    137     37     44 
 20260324    00:00:32       2    124     37     45 
 20260324    00:00:32       3    144     35     41 
 20260324    00:01:02       0    143     34     41 
 20260324    00:01:02       1    137     37     44 
 20260324    00:01:02       2    123     37     45 
 20260324    00:01:02       3    144     35     41 
 20260324    00:01:32       0    143     34     41 
 20260324    00:01:32       1    137     37     44 
 20260324    00:01:32       2    123     37     45 
 20260324    00:01:32       3    144     35     41 
#Date        Time         gpu    pwr  gtemp  mtemp 
#YYYYMMDD    HH:MM:SS     Idx      W      C      C 
 20260324    00:02:02       0    143     34     42 
 20260324    00:02:02       1    137     37     44 
 20260324    00:02:02       2    123     37     45 
 20260324    00:02:02       3    144     35     41 
 20260324    00:02:32       0    143     35     41 
 20260324    00:02:32       1    137     37     44 
 20260324    00:02:32       2    123     37     45 
 20260324    00:02:32       3    144     35     43 
 20260324    00:03:02       0    142     34     42 
 20260324    00:03:02       1    137     37     44 
 20260324    00:03:02       2    123     37     45 
 20260324    00:03:02       3    144     35     41 
 20260324    00:03:32       0    142     34     42 
 20260324    00:03:32       1    137     37     44 
 20260324    00:03:32       2    123     37     45 
 20260324    00:03:32       3    144     35     41 
 20260324    00:04:02       0    143     34     41 
 20260324    00:04:02       1    137     37     44 
 20260324    00:04:02       2    123     37     45 
 20260324    00:04:02       3    144     35     41 
 20260324    00:04:32       0    142     34     41 
 20260324    00:04:32       1    137     37     44 
 20260324    00:04:32       2    123     37     45 
 20260324    00:04:32       3    144     35     41 
 20260324    00:05:02       0    142     34     41 
 20260324    00:05:02       1    137     37     43 
 20260324    00:05:02       2    123     37     45 
 20260324    00:05:02       3    144     34     41 
 20260324    00:05:32       0    142     34     40 
 20260324    00:05:32       1    137     37     43 
 20260324    00:05:32       2    123     37     45 
 20260324    00:05:32       3    144     35     41 
 20260324    00:06:02       0    142     34     40 
 20260324    00:06:02       1    137     37     44 
 20260324    00:06:02       2    123     37     45 
 20260324    00:06:02       3    144     35     41 
 20260324    00:06:32       0    142     34     40 
 20260324    00:06:32       1    137     37     44 
 20260324    00:06:32       2    123     37     45 
 20260324    00:06:32       3    144     35     41 
 20260324    00:07:02       0    143     34     42 
 20260324    00:07:02       1    137     37     44 
 20260324    00:07:02       2    123     37     45 
 20260324    00:07:02       3    144     35     41 
#Date        Time         gpu    pwr  gtemp  mtemp 
#YYYYMMDD    HH:MM:SS     Idx      W      C      C 
 20260324    00:07:32       0    143     34     42 
 20260324    00:07:32       1    137     37     44 
 20260324    00:07:32       2    123     37     45 
 20260324    00:07:32       3    144     35     41 
 20260324    00:08:02       0    143     34     41 
 20260324    00:08:02       1    137     37     44 
 20260324    00:08:02       2    123     37     45 
 20260324    00:08:02       3    144     35     41 
 20260324    00:08:32       0    143     34     41 
 20260324    00:08:32       1    137     37     44 
 20260324    00:08:32       2    123     37     45 
 20260324    00:08:32       3    144     35     41 
 20260324    00:09:02       0    143     35     40 
 20260324    00:09:02       1    137     37     44 
 20260324    00:09:02       2    123     37     45 
 20260324    00:09:02       3    144     35     41 
 20260324    00:09:32       0    143     35     42 
 20260324    00:09:32       1    137     37     44 
 20260324    00:09:32       2    123     37     45 
 20260324    00:09:32       3    144     35     41 
 20260324    00:10:02       0    143     34     41 
 20260324    00:10:02       1    137     37     44 
 20260324    00:10:02       2    123     37     45 
 20260324    00:10:02       3    144     35     41 
 20260324    00:10:32       0    143     34     42 
 20260324    00:10:32       1    137     37     44 
 20260324    00:10:32       2    123     37     45 
 20260324    00:10:32       3    144     35     41 
 20260324    00:11:02       0    142     35     42 
 20260324    00:11:02       1    137     37     44 
 20260324    00:11:02       2    123     37     45 
 20260324    00:11:02       3    144     35     41 
 20260324    00:11:32       0    143     35     42 
 20260324    00:11:32       1    138     37     44 
 20260324    00:11:32       2    123     37     45 
 20260324    00:11:32       3    144     35     41 
 20260324    00:12:02       0    143     34     40 
 20260324    00:12:02       1    137     37     44 
 20260324    00:12:02       2    123     37     45 
 20260324    00:12:02       3    144     35     41 
 20260324    00:12:32       0    143     34     41 
 20260324    00:12:32       1    137     37     44 
 20260324    00:12:32       2    123     37     45 
 20260324    00:12:32       3    144     35     41 
#Date        Time         gpu    pwr  gtemp  mtemp 
#YYYYMMDD    HH:MM:SS     Idx      W      C      C 
 20260324    00:13:02       0    142     34     42 
 20260324    00:13:02       1    138     37     44 
 20260324    00:13:02       2    123     37     45 
 20260324    00:13:02       3    144     35     41 
 20260324    00:13:32       0    143     34     40 
 20260324    00:13:32       1    137     37     44 
 20260324    00:13:32       2    123     37     45 
 20260324    00:13:32       3    144     35     41 
 20260324    00:14:02       0    143     35     42 
 20260324    00:14:02       1    137     37     44 
 20260324    00:14:02       2    124     37     45 
 20260324    00:14:02       3    144     35     41 
 20260324    00:14:32       0    142     35     41 
 20260324    00:14:32       1    137     37     44 
 20260324    00:14:32       2    123     37     45 
 20260324    00:14:32       3    144     35     41 
 20260324    00:15:02       0    143     35     42 
 20260324    00:15:02       1    137     37     44 
 20260324    00:15:02       2    123     37     45 
 20260324    00:15:02       3    144     35     41 
 20260324    00:15:32       0    143     34     42 
 20260324    00:15:32       1    137     37     44 
 20260324    00:15:32       2    123     37     45 
 20260324    00:15:32       3    144     35     41 
 20260324    00:16:02       0    143     34     41 
 20260324    00:16:02       1    137     37     44 
 20260324    00:16:02       2    123     37     45 
 20260324    00:16:02       3    144     35     41 
 20260324    00:16:32       0    143     35     42 
 20260324    00:16:32       1    137     37     44 
 20260324    00:16:32       2    124     37     45 
 20260324    00:16:32       3    144     35     42 
 20260324    00:17:02       0    143     35     42 
 20260324    00:17:02       1    137     37     44 
 20260324    00:17:02       2    123     37     45 
 20260324    00:17:02       3    144     35     41 
 20260324    00:17:32       0    143     34     40 
 20260324    00:17:32       1    137     37     44 
 20260324    00:17:32       2    123     37     45 
 20260324    00:17:32       3    144     35     41 
 20260324    00:18:02       0    143     34     42 
 20260324    00:18:02       1    137     37     43 
 20260324    00:18:02       2    123     37     45 
 20260324    00:18:02       3    144     35     41 
#Date        Time         gpu    pwr  gtemp  mtemp 
#YYYYMMDD    HH:MM:SS     Idx      W      C      C 
 20260324    00:18:32       0    142     34     41 
 20260324    00:18:32       1    137     37     44 
 20260324    00:18:32       2    124     37     45 
 20260324    00:18:32       3    144     35     41 
 20260324    00:19:02       0    143     35     40 
 20260324    00:19:02       1    137     37     44 
 20260324    00:19:02       2    123     37     45 
 20260324    00:19:02       3    144     35     41 
 20260324    00:19:32       0    143     34     41 
 20260324    00:19:32       1    137     37     44 
 20260324    00:19:32       2    124     37     45 
 20260324    00:19:32       3    144     35     41 
 20260324    00:20:02       0    143     34     40 
 20260324    00:20:02       1    137     37     44 
 20260324    00:20:02       2    123     37     45 
 20260324    00:20:02       3    144     35     41 
 20260324    00:20:32       0    142     34     40 
 20260324    00:20:32       1    137     37     44 
 20260324    00:20:32       2    123     37     45 
 20260324    00:20:32       3    144     35     41 
 20260324    00:21:02       0    142     34     41 
 20260324    00:21:02       1    137     37     44 
 20260324    00:21:02       2    124     37     45 
 20260324    00:21:02       3    144     35     41 
 20260324    00:21:32       0    142     34     40 
 20260324    00:21:32       1    137     37     44 
 20260324    00:21:32       2    123     37     45 
 20260324    00:21:32       3    144     35     41 
 20260324    00:22:02       0    142     34     41 
 20260324    00:22:02       1    137     37     44 
 20260324    00:22:02       2    123     37     45 
 20260324    00:22:02       3    144     35     41 
 20260324    00:22:32       0    142     34     40 
 20260324    00:22:32       1    137     37     44 
 20260324    00:22:32       2    123     37     45 
 20260324    00:22:32       3    144     35     41 
 20260324    00:23:02       0    142     34     40 
 20260324    00:23:02       1    137     37     44 
 20260324    00:23:02       2    123     37     45 
 20260324    00:23:02       3    144     34     41 
 20260324    00:23:32       0    142     34     40 
 20260324    00:23:32       1    137     37     44 
 20260324    00:23:32       2    123     37     45 
 20260324    00:23:32       3    144     35     41 
#Date        Time         gpu    pwr  gtemp  mtemp 
#YYYYMMDD    HH:MM:SS     Idx      W      C      C 
 20260324    00:24:02       0    142     34     40 
 20260324    00:24:02       1    137     37     44 
 20260324    00:24:02       2    123     37     45 
 20260324    00:24:02       3    144     35     41 
 20260324    00:24:32       0    143     34     40 
 20260324    00:24:32       1    137     37     44 
 20260324    00:24:32       2    123     37     45 
 20260324    00:24:32       3    144     35     41 
 20260324    00:25:02       0    142     34     40 
 20260324    00:25:02       1    137     37     44 
 20260324    00:25:02       2    123     37     45 
 20260324    00:25:02       3    144     35     41 
 20260324    00:25:32       0    142     35     41 
 20260324    00:25:32       1    137     37     44 
 20260324    00:25:32       2    123     37     45 
 20260324    00:25:32       3    144     35     41 
 20260324    00:26:02       0    142     34     42 
 20260324    00:26:02       1    137     37     44 
 20260324    00:26:02       2    123     37     45 
 20260324    00:26:02       3    144     35     41 
 20260324    00:26:32       0    142     34     41 
 20260324    00:26:32       1    137     37     43 
 20260324    00:26:32       2    123     37     45 
 20260324    00:26:32       3    144     35     41 
 20260324    00:27:02       0    142     34     40 
 20260324    00:27:02       1    137     37     43 
 20260324    00:27:02       2    123     37     45 
 20260324    00:27:02       3    144     34     41 
 20260324    00:27:32       0    142     34     41 
 20260324    00:27:32       1    140     37     44 
 20260324    00:27:32       2    125     37     45 
 20260324    00:27:32       3    144     35     41 
 20260324    00:28:02       0    142     34     40 
 20260324    00:28:02       1    139     37     44 
 20260324    00:28:02       2    125     37     45 
 20260324    00:28:02       3    144     35     41 
 20260324    00:28:32       0    143     35     42 
 20260324    00:28:32       1    139     37     44 
 20260324    00:28:32       2    123     37     45 
 20260324    00:28:32       3    144     35     43 
 20260324    00:29:02       0    143     35     41 
 20260324    00:29:02       1    139     37     44 
 20260324    00:29:02       2    124     37     45 
 20260324    00:29:02       3    144     35     41 
#Date        Time         gpu    pwr  gtemp  mtemp 
#YYYYMMDD    HH:MM:SS     Idx      W      C      C 
 20260324    00:29:32       0    143     34     41 
 20260324    00:29:32       1    139     37     44 
 20260324    00:29:32       2    124     37     45 
 20260324    00:29:32       3    144     35     41 
 20260324    00:30:02       0    142     34     41 
 20260324    00:30:02       1    139     37     44 
 20260324    00:30:02       2    124     37     44 
 20260324    00:30:02       3    144     35     41 
 20260324    00:30:32       0    143     35     42 
 20260324    00:30:32       1    139     37     43 
 20260324    00:30:32       2    124     37     45 
 20260324    00:30:32       3    144     35     41 
 20260324    00:31:02       0    143     35     40 
 20260324    00:31:02       1    139     38     44 
 20260324    00:31:02       2    124     37     45 
 20260324    00:31:02       3    144     35     41 
 20260324    00:31:32       0    143     34     40 
 20260324    00:31:32       1    139     37     44 
 20260324    00:31:32       2    123     37     45 
 20260324    00:31:32       3    144     35     41 
 20260324    00:32:02       0    142     34     41 
 20260324    00:32:02       1    139     37     44 
 20260324    00:32:02       2    124     37     45 
 20260324    00:32:02       3    144     35     41 
 20260324    00:32:32       0    142     34     41 
 20260324    00:32:32       1    139     37     44 
 20260324    00:32:32       2    124     37     45 
 20260324    00:32:32       3    144     35     41 
 20260324    00:33:02       0    142     34     41 
 20260324    00:33:02       1    138     37     44 
 20260324    00:33:02       2    123     37     45 
 20260324    00:33:02       3    144     35     41 
 20260324    00:33:32       0    142     34     41 
 20260324    00:33:32       1    138     37     44 
 20260324    00:33:32       2    123     37     45 
 20260324    00:33:32       3    144     35     41 
 20260324    00:34:02       0    142     34     41 
 20260324    00:34:02       1    137     37     44 
 20260324    00:34:02       2    123     37     45 
 20260324    00:34:02       3    144     35     41 
 20260324    00:34:32       0    146     35     41 
 20260324    00:34:32       1    142     38     44 
 20260324    00:34:32       2    127     37     45 
 20260324    00:34:32       3    147     35     41 
#Date        Time         gpu    pwr  gtemp  mtemp 
#YYYYMMDD    HH:MM:SS     Idx      W      C      C 
 20260324    00:35:02       0    152     35     42 
 20260324    00:35:02       1    148     38     44 
 20260324    00:35:02       2    132     37     46 
 20260324    00:35:02       3    155     36     43 
 20260324    00:35:32       0    142     35     42 
 20260324    00:35:32       1    138     38     44 
 20260324    00:35:32       2    123     37     45 
 20260324    00:35:32       3    144     35     43 
 20260324    00:36:02       0    152     36     42 
 20260324    00:36:02       1    147     39     44 
 20260324    00:36:02       2    133     38     46 
 20260324    00:36:02       3    154     36     43 
 20260324    00:36:32       0    142     34     40 
 20260324    00:36:32       1    139     37     44 
 20260324    00:36:32       2    124     37     45 
 20260324    00:36:32       3    145     35     41 
 20260324    00:37:02       0    142     34     40 
 20260324    00:37:02       1    139     37     44 
 20260324    00:37:02       2    123     37     45 
 20260324    00:37:02       3    145     35     41 
 20260324    00:37:32       0    142     34     40 
 20260324    00:37:32       1    139     37     44 
 20260324    00:37:32       2    124     37     45 
 20260324    00:37:32       3    145     35     41 
 20260324    00:38:02       0    142     34     41 
 20260324    00:38:02       1    139     37     44 
 20260324    00:38:02       2    123     37     45 
 20260324    00:38:02       3    144     35     41 
 20260324    00:38:32       0    142     34     42 
 20260324    00:38:32       1    139     37     44 
 20260324    00:38:32       2    123     37     45 
 20260324    00:38:32       3    145     35     41 
 20260324    00:39:02       0    142     34     42 
 20260324    00:39:02       1    139     37     44 
 20260324    00:39:02       2    123     37     45 
 20260324    00:39:02       3    145     35     41 
 20260324    00:39:32       0    142     34     40 
 20260324    00:39:32       1    139     37     44 
 20260324    00:39:32       2    123     37     45 
 20260324    00:39:32       3    145     35     41 
 20260324    00:40:02       0    142     34     41 
 20260324    00:40:02       1    139     37     44 
 20260324    00:40:02       2    123     37     45 
 20260324    00:40:02       3    145     35     41 
#Date        Time         gpu    pwr  gtemp  mtemp 
#YYYYMMDD    HH:MM:SS     Idx      W      C      C 
 20260324    00:40:32       0    142     34     41 
 20260324    00:40:32       1    139     37     44 
 20260324    00:40:32       2    123     37     45 
 20260324    00:40:32       3    145     35     41 
 20260324    00:41:02       0    142     35     42 
 20260324    00:41:02       1    139     37     44 
 20260324    00:41:02       2    123     37     45 
 20260324    00:41:02       3    144     35     41 
 20260324    00:41:32       0    142     34     42 
 20260324    00:41:32       1    139     37     44 
 20260324    00:41:32       2    123     37     45 
 20260324    00:41:32       3    145     35     42 
 20260324    00:42:02       0    142     35     42 
 20260324    00:42:02       1    143     38     44 
 20260324    00:42:02       2    124     37     46 
 20260324    00:42:02       3    149     35     43 
 20260324    00:42:32       0    143     34     42 
 20260324    00:42:32       1    139     37     44 
 20260324    00:42:32       2    124     37     45 
 20260324    00:42:32       3    145     35     41 
 20260324    00:43:02       0    143     34     40 
 20260324    00:43:02       1    139     37     44 
 20260324    00:43:02       2    123     37     44 
 20260324    00:43:02       3    145     35     41 
 20260324    00:43:32       0    142     34     40 
 20260324    00:43:32       1    139     37     44 
 20260324    00:43:32       2    124     37     45 
 20260324    00:43:32       3    145     35     41 
 20260324    00:44:02       0    143     34     41 
 20260324    00:44:02       1    139     37     44 
 20260324    00:44:02       2    123     37     45 
 20260324    00:44:02       3    145     35     41 
 20260324    00:44:32       0    142     34     42 
 20260324    00:44:32       1    139     37     44 
 20260324    00:44:32       2    123     37     45 
 20260324    00:44:32       3    145     35     41 
 20260324    00:45:02       0    143     34     42 
 20260324    00:45:02       1    139     37     44 
 20260324    00:45:02       2    124     37     45 
 20260324    00:45:02       3    145     35     41 
 20260324    00:45:32       0    142     34     40 
 20260324    00:45:32       1    139     37     44 
 20260324    00:45:32       2    124     37     44 
 20260324    00:45:32       3    145     35     41 
#Date        Time         gpu    pwr  gtemp  mtemp 
#YYYYMMDD    HH:MM:SS     Idx      W      C      C 
 20260324    00:46:02       0    143     34     41 
 20260324    00:46:02       1    139     37     44 
 20260324    00:46:02       2    123     37     45 
 20260324    00:46:02       3    145     35     41 
 20260324    00:46:32       0    143     34     40 
 20260324    00:46:32       1    139     37     44 
 20260324    00:46:32       2    123     37     45 
 20260324    00:46:32       3    145     35     41 
 20260324    00:47:02       0    143     34     42 
 20260324    00:47:02       1    139     37     44 
 20260324    00:47:02       2    124     37     45 
 20260324    00:47:02       3    145     35     41 
 20260324    00:47:32       0    143     35     40 
 20260324    00:47:32       1    139     37     44 
 20260324    00:47:32       2    124     37     45 
 20260324    00:47:32       3    145     35     41 
 20260324    00:48:02       0    147     35     42 
 20260324    00:48:02       1    145     38     44 
 20260324    00:48:02       2    129     37     45 
 20260324    00:48:02       3    150     35     43 
 20260324    00:48:32       0    152     35     42 
 20260324    00:48:32       1    150     38     44 
 20260324    00:48:32       2    132     37     45 
 20260324    00:48:32       3    155     36     43 
 20260324    00:49:02       0    142     35     42 
 20260324    00:49:02       1    139     38     44 
 20260324    00:49:02       2    123     37     45 
 20260324    00:49:02       3    145     35     41 
 20260324    00:49:32       0    141     34     41 
 20260324    00:49:32       1    139     38     44 
 20260324    00:49:32       2    123     37     45 
 20260324    00:49:32       3    145     35     41 
 20260324    00:50:02       0    142     35     41 
 20260324    00:50:02       1    139     38     44 
 20260324    00:50:02       2    123     37     45 
 20260324    00:50:02       3    145     35     41 
 20260324    00:50:32       0    142     34     42 
 20260324    00:50:32       1    139     37     44 
 20260324    00:50:32       2    123     37     45 
 20260324    00:50:32       3    145     35     41 
 20260324    00:51:02       0    141     34     42 
 20260324    00:51:02       1    139     37     44 
 20260324    00:51:02       2    123     37     45 
 20260324    00:51:02       3    145     35     43 
#Date        Time         gpu    pwr  gtemp  mtemp 
#YYYYMMDD    HH:MM:SS     Idx      W      C      C 
 20260324    00:51:32       0    141     35     42 
 20260324    00:51:32       1    139     38     44 
 20260324    00:51:32       2    123     37     45 
 20260324    00:51:32       3    145     35     42 
 20260324    00:52:02       0    141     34     41 
 20260324    00:52:02       1    139     38     44 
 20260324    00:52:02       2    123     37     45 
 20260324    00:52:02       3    145     35     42 
 20260324    00:52:32       0    141     34     40 
 20260324    00:52:32       1    139     37     44 
 20260324    00:52:32       2    123     37     45 
 20260324    00:52:32       3    145     35     41 
 20260324    00:53:02       0    141     34     42 
 20260324    00:53:02       1    139     38     44 
 20260324    00:53:02       2    123     37     45 
 20260324    00:53:02       3    145     35     41 
 20260324    00:53:32       0    142     35     40 
 20260324    00:53:32       1    139     38     44 
 20260324    00:53:32       2    123     37     45 
 20260324    00:53:32       3    145     35     41 
 20260324    00:54:02       0    142     35     42 
 20260324    00:54:02       1    139     38     44 
 20260324    00:54:02       2    123     37     45 
 20260324    00:54:02       3    145     35     41 
 20260324    00:54:32       0    142     35     42 
 20260324    00:54:32       1    139     38     44 
 20260324    00:54:32       2    123     37     45 
 20260324    00:54:32       3    145     35     43 
 20260324    00:55:02       0    143     35     42 
 20260324    00:55:02       1    140     38     44 
 20260324    00:55:02       2    125     37     45 
 20260324    00:55:02       3    145     35     43 
 20260324    00:55:32       0    144     35     42 
 20260324    00:55:32       1    140     38     44 
 20260324    00:55:32       2    125     37     45 
 20260324    00:55:32       3    145     35     43 
 20260324    00:56:02       0    143     35     42 
 20260324    00:56:02       1    140     38     44 
 20260324    00:56:02       2    123     37     45 
 20260324    00:56:02       3    145     35     43 
 20260324    00:56:32       0    143     35     42 
 20260324    00:56:32       1    140     38     44 
 20260324    00:56:32       2    123     37     45 
 20260324    00:56:32       3    145     35     41 
#Date        Time         gpu    pwr  gtemp  mtemp 
#YYYYMMDD    HH:MM:SS     Idx      W      C      C 
 20260324    00:57:02       0    143     35     42 
 20260324    00:57:02       1    140     38     44 
 20260324    00:57:02       2    124     37     45 
 20260324    00:57:02       3    145     35     43 
 20260324    00:57:32       0    143     35     42 
 20260324    00:57:32       1    140     38     44 
 20260324    00:57:32       2    124     37     45 
 20260324    00:57:32       3    145     35     42 
 20260324    00:58:02       0    143     35     42 
 20260324    00:58:02       1    140     38     44 
 20260324    00:58:02       2    123     37     45 
 20260324    00:58:02       3    145     35     41 
 20260324    00:58:32       0    143     35     41 
 20260324    00:58:32       1    140     38     44 
 20260324    00:58:32       2    124     37     45 
 20260324    00:58:32       3    145     35     41 
 20260324    00:59:02       0    143     35     42 
 20260324    00:59:02       1    140     38     44 
 20260324    00:59:02       2    124     37     45 
 20260324    00:59:02       3    145     35     42 
 20260324    00:59:32       0    143     35     42 
 20260324    00:59:32       1    140     38     44 
 20260324    00:59:32       2    124     37     45 
 20260324    00:59:32       3    145     35     43 
 20260324    01:00:02       0    142     35     40 
 20260324    01:00:02       1    140     38     44 
 20260324    01:00:02       2    123     37     45 
 20260324    01:00:02       3    144     35     41 
 20260324    01:00:32       0    147     35     42 
 20260324    01:00:32       1    144     38     44 
 20260324    01:00:32       2    127     37     45 
 20260324    01:00:32       3    148     35     43 
 20260324    01:01:02       0    169     36     42 
 20260324    01:01:02       1    164     39     44 
 20260324    01:01:02       2    156     38     45 
 20260324    01:01:02       3    170     37     43 
 20260324    01:01:32       0    144     35     42 
 20260324    01:01:32       1    140     38     44 
 20260324    01:01:32       2    123     37     45 
 20260324    01:01:32       3    145     35     43 
 20260324    01:02:02       0    144     35     40 
 20260324    01:02:02       1    140     38     44 
 20260324    01:02:02       2    123     37     45 
 20260324    01:02:02       3    145     35     42 
#Date        Time         gpu    pwr  gtemp  mtemp 
#YYYYMMDD    HH:MM:SS     Idx      W      C      C 
 20260324    01:02:32       0    143     35     42 
 20260324    01:02:32       1    139     38     44 
 20260324    01:02:32       2    123     37     45 
 20260324    01:02:32       3    145     35     41 
 20260324    01:03:02       0    143     34     41 
 20260324    01:03:02       1    140     38     44 
 20260324    01:03:02       2    123     37     45 
 20260324    01:03:02       3    145     35     41 
 20260324    01:03:32       0    143     35     40 
 20260324    01:03:32       1    139     38     44 
 20260324    01:03:32       2    123     37     45 
 20260324    01:03:32       3    145     35     41 
 20260324    01:04:02       0    143     34     40 
 20260324    01:04:02       1    139     37     44 
 20260324    01:04:02       2    123     37     45 
 20260324    01:04:02       3    145     35     41 
 20260324    01:04:32       0    142     34     40 
 20260324    01:04:32       1    139     37     44 
 20260324    01:04:32       2    123     37     45 
 20260324    01:04:32       3    145     35     41 
 20260324    01:05:02       0    142     34     41 
 20260324    01:05:02       1    139     37     44 
 20260324    01:05:02       2    123     37     45 
 20260324    01:05:02       3    145     35     41 
 20260324    01:05:32       0    142     34     40 
 20260324    01:05:32       1    139     37     44 
 20260324    01:05:32       2    123     37     45 
 20260324    01:05:32       3    145     35     41 
 20260324    01:06:03       0    143     35     41 
 20260324    01:06:03       1    139     38     44 
 20260324    01:06:03       2    123     37     45 
 20260324    01:06:03       3    145     35     41 
 20260324    01:06:33       0    142     35     42 
 20260324    01:06:33       1    140     38     44 
 20260324    01:06:33       2    123     37     45 
 20260324    01:06:33       3    145     35     41 
 20260324    01:07:03       0    142     35     42 
 20260324    01:07:03       1    138     38     44 
 20260324    01:07:03       2    123     37     45 
 20260324    01:07:03       3    144     35     43 
 20260324    01:07:33       0    143     35     42 
 20260324    01:07:33       1    140     38     44 
 20260324    01:07:33       2    125     37     45 
 20260324    01:07:33       3    145     35     42 
#Date        Time         gpu    pwr  gtemp  mtemp 
#YYYYMMDD    HH:MM:SS     Idx      W      C      C 
 20260324    01:08:03       0    143     34     41 
 20260324    01:08:03       1    140     38     44 
 20260324    01:08:03       2    125     37     45 
 20260324    01:08:03       3    145     35     41 
 20260324    01:08:33       0    143     34     42 
 20260324    01:08:33       1    140     37     44 
 20260324    01:08:33       2    124     37     45 
 20260324    01:08:33       3    145     35     41 
 20260324    01:09:03       0    143     35     42 
 20260324    01:09:03       1    140     38     44 
 20260324    01:09:03       2    124     37     45 
 20260324    01:09:03       3    145     35     41 
 20260324    01:09:33       0    143     35     42 
 20260324    01:09:33       1    140     38     44 
 20260324    01:09:33       2    124     37     45 
 20260324    01:09:33       3    145     35     42 
 20260324    01:10:03       0    143     35     41 
 20260324    01:10:03       1    140     38     44 
 20260324    01:10:03       2    124     37     45 
 20260324    01:10:03       3    145     35     41 
 20260324    01:10:33       0    143     34     40 
 20260324    01:10:33       1    140     37     44 
 20260324    01:10:33       2    124     37     45 
 20260324    01:10:33       3    145     35     41 
 20260324    01:11:03       0    143     34     41 
 20260324    01:11:03       1    139     37     44 
 20260324    01:11:03       2    124     37     45 
 20260324    01:11:03       3    145     35     41 
 20260324    01:11:33       0    143     34     41 
 20260324    01:11:33       1    140     37     44 
 20260324    01:11:33       2    124     37     45 
 20260324    01:11:33       3    145     35     41 
 20260324    01:12:03       0    143     35     40 
 20260324    01:12:03       1    140     38     44 
 20260324    01:12:03       2    123     37     45 
 20260324    01:12:03       3    145     35     41 
 20260324    01:12:33       0    143     35     42 
 20260324    01:12:33       1    139     38     44 
 20260324    01:12:33       2    123     37     45 
 20260324    01:12:33       3    145     35     41 
 20260324    01:13:03       0    141     35     42 
 20260324    01:13:03       1    137     38     44 
 20260324    01:13:03       2    123     37     45 
 20260324    01:13:03       3    144     35     43 
#Date        Time         gpu    pwr  gtemp  mtemp 
#YYYYMMDD    HH:MM:SS     Idx      W      C      C 
 20260324    01:13:33       0    150     35     42 
 20260324    01:13:33       1    145     38     44 
 20260324    01:13:33       2    129     37     45 
 20260324    01:13:33       3    150     35     43 
 20260324    01:14:03       0    143     34     41 
 20260324    01:14:03       1    139     37     44 
 20260324    01:14:03       2    123     37     45 
 20260324    01:14:03       3    144     35     41 
 20260324    01:14:33       0    143     35     42 
 20260324    01:14:33       1    139     38     44 
 20260324    01:14:33       2    123     37     45 
 20260324    01:14:33       3    145     35     43 
 20260324    01:15:03       0    143     35     42 
 20260324    01:15:03       1    140     38     44 
 20260324    01:15:03       2    123     37     45 
 20260324    01:15:03       3    144     35     41 
 20260324    01:15:33       0    142     34     41 
 20260324    01:15:33       1    139     37     44 
 20260324    01:15:33       2    123     37     45 
 20260324    01:15:33       3    144     35     41 
 20260324    01:16:03       0    143     34     41 
 20260324    01:16:03       1    139     37     44 
 20260324    01:16:03       2    123     37     45 
 20260324    01:16:03       3    144     35     41 
 20260324    01:16:33       0    143     35     42 
 20260324    01:16:33       1    139     38     44 
 20260324    01:16:33       2    123     37     45 
 20260324    01:16:33       3    144     35     41 
 20260324    01:17:03       0    143     35     42 
 20260324    01:17:03       1    139     38     44 
 20260324    01:17:03       2    123     37     45 
 20260324    01:17:03       3    144     35     41 
 20260324    01:17:33       0    143     35     41 
 20260324    01:17:33       1    139     38     44 
 20260324    01:17:33       2    123     37     45 
 20260324    01:17:33       3    144     35     41 
 20260324    01:18:03       0    143     35     40 
 20260324    01:18:03       1    139     38     44 
 20260324    01:18:03       2    123     37     45 
 20260324    01:18:03       3    144     35     41 
 20260324    01:18:33       0    143     35     42 
 20260324    01:18:33       1    139     38     44 
 20260324    01:18:33       2    123     37     45 
 20260324    01:18:33       3    144     35     41 
#Date        Time         gpu    pwr  gtemp  mtemp 
#YYYYMMDD    HH:MM:SS     Idx      W      C      C 
 20260324    01:19:03       0    143     35     42 
 20260324    01:19:03       1    139     38     44 
 20260324    01:19:03       2    123     37     45 
 20260324    01:19:03       3    145     35     42 
 20260324    01:19:33       0    142     35     42 
 20260324    01:19:33       1    138     38     44 
 20260324    01:19:33       2    123     37     45 
 20260324    01:19:33       3    144     35     43 
 20260324    01:20:03       0    144     35     40 
 20260324    01:20:03       1    140     38     44 
 20260324    01:20:03       2    125     37     45 
 20260324    01:20:03       3    145     35     41 
 20260324    01:20:33       0    143     34     42 
 20260324    01:20:33       1    140     37     44 
 20260324    01:20:33       2    124     37     45 
 20260324    01:20:33       3    145     35     41 
 20260324    01:21:03       0    143     35     42 
 20260324    01:21:03       1    139     37     44 
 20260324    01:21:03       2    124     37     45 
 20260324    01:21:03       3    145     35     41 
 20260324    01:21:33       0    143     35     41 
 20260324    01:21:33       1    140     38     44 
 20260324    01:21:33       2    123     37     45 
 20260324    01:21:33       3    145     35     41 
 20260324    01:22:03       0    143     34     40 
 20260324    01:22:03       1    139     38     44 
 20260324    01:22:03       2    123     37     45 
 20260324    01:22:03       3    145     35     41 
 20260324    01:22:33       0    143     35     42 
 20260324    01:22:33       1    139     38     44 
 20260324    01:22:33       2    123     37     45 
 20260324    01:22:33       3    145     35     41 
 20260324    01:23:03       0    143     34     40 
 20260324    01:23:03       1    139     37     44 
 20260324    01:23:03       2    123     37     45 
 20260324    01:23:03       3    145     35     41 
 20260324    01:23:33       0    142     34     40 
 20260324    01:23:33       1    139     37     44 
 20260324    01:23:33       2    123     37     45 
 20260324    01:23:33       3    144     35     41 
 20260324    01:24:03       0    143     34     41 
 20260324    01:24:03       1    139     37     44 
 20260324    01:24:03       2    123     37     45 
 20260324    01:24:03       3    144     35     41 
#Date        Time         gpu    pwr  gtemp  mtemp 
#YYYYMMDD    HH:MM:SS     Idx      W      C      C 
 20260324    01:24:33       0    143     35     42 
 20260324    01:24:33       1    139     38     44 
 20260324    01:24:33       2    123     37     45 
 20260324    01:24:33       3    144     35     41 
 20260324    01:25:03       0    143     34     41 
 20260324    01:25:03       1    139     37     44 
 20260324    01:25:03       2    123     37     45 
 20260324    01:25:03       3    144     35     41 
 20260324    01:25:33       0    142     34     42 
 20260324    01:25:33       1    137     37     44 
 20260324    01:25:33       2    123     37     45 
 20260324    01:25:33       3    144     35     41 
 20260324    01:26:03       0    153     36     42 
 20260324    01:26:03       1    149     39     44 
 20260324    01:26:03       2    133     38     45 
 20260324    01:26:03       3    155     36     43 
 20260324    01:26:33       0    142     34     42 
 20260324    01:26:33       1    137     37     44 
 20260324    01:26:33       2    123     37     45 
 20260324    01:26:33       3    144     35     41 
 20260324    01:27:03       0    142     34     40 
 20260324    01:27:03       1    138     37     44 
 20260324    01:27:03       2    123     37     45 
 20260324    01:27:03       3    144     35     41 
 20260324    01:27:33       0    142     34     42 
 20260324    01:27:33       1    137     37     44 
 20260324    01:27:33       2    123     37     45 
 20260324    01:27:33       3    144     35     42 
 20260324    01:28:03       0    142     34     41 
 20260324    01:28:03       1    137     37     44 
 20260324    01:28:03       2    123     37     45 
 20260324    01:28:03       3    144     35     41 
 20260324    01:28:33       0    141     34     40 
 20260324    01:28:33       1    137     37     44 
 20260324    01:28:33       2    123     37     45 
 20260324    01:28:33       3    144     35     41 
 20260324    01:29:03       0    141     34     40 
 20260324    01:29:03       1    137     37     44 
 20260324    01:29:03       2    123     37     45 
 20260324    01:29:03       3    144     35     41 
 20260324    01:29:33       0    141     34     40 
 20260324    01:29:33       1    137     37     43 
 20260324    01:29:33       2    123     37     45 
 20260324    01:29:33       3    144     35     41 
#Date        Time         gpu    pwr  gtemp  mtemp 
#YYYYMMDD    HH:MM:SS     Idx      W      C      C 
 20260324    01:30:03       0    141     34     41 
 20260324    01:30:03       1    137     37     44 
 20260324    01:30:03       2    123     37     45 
 20260324    01:30:03       3    144     35     41 
 20260324    01:30:33       0    141     34     40 
 20260324    01:30:33       1    137     37     44 
 20260324    01:30:33       2    123     37     44 
 20260324    01:30:33       3    144     35     41 
 20260324    01:31:03       0    141     35     42 
 20260324    01:31:03       1    137     37     44 
 20260324    01:31:03       2    123     37     45 
 20260324    01:31:03       3    144     35     41 
 20260324    01:31:33       0    141     34     41 
 20260324    01:31:33       1    137     37     44 
 20260324    01:31:33       2    123     37     45 
 20260324    01:31:33       3    144     35     41 
 20260324    01:32:03       0    142     35     42 
 20260324    01:32:03       1    138     38     44 
 20260324    01:32:03       2    124     37     45 
 20260324    01:32:03       3    144     35     42 
 20260324    01:32:33       0    143     35     42 
 20260324    01:32:33       1    140     38     44 
 20260324    01:32:33       2    124     37     45 
 20260324    01:32:33       3    144     35     41 
 20260324    01:33:03       0    143     35     42 
 20260324    01:33:03       1    140     38     44 
 20260324    01:33:03       2    124     37     45 
 20260324    01:33:03       3    145     35     41 
 20260324    01:33:33       0    143     35     42 
 20260324    01:33:33       1    139     38     44 
 20260324    01:33:33       2    124     37     45 
 20260324    01:33:33       3    145     35     43 
 20260324    01:34:03       0    142     35     42 
 20260324    01:34:03       1    139     38     44 
 20260324    01:34:03       2    124     37     45 
 20260324    01:34:03       3    145     35     41 
 20260324    01:34:33       0    143     35     42 
 20260324    01:34:33       1    139     38     44 
 20260324    01:34:33       2    124     37     45 
 20260324    01:34:33       3    144     35     42 
 20260324    01:35:03       0    143     35     41 
 20260324    01:35:03       1    139     38     44 
 20260324    01:35:03       2    124     37     45 
 20260324    01:35:03       3    145     35     42 
#Date        Time         gpu    pwr  gtemp  mtemp 
#YYYYMMDD    HH:MM:SS     Idx      W      C      C 
 20260324    01:35:33       0    142     34     42 
 20260324    01:35:33       1    139     38     44 
 20260324    01:35:33       2    124     37     45 
 20260324    01:35:33       3    144     35     41 
 20260324    01:36:03       0    143     34     42 
 20260324    01:36:03       1    139     37     44 
 20260324    01:36:03       2    123     37     45 
 20260324    01:36:03       3    145     35     41 
 20260324    01:36:33       0    142     34     42 
 20260324    01:36:33       1    139     37     44 
 20260324    01:36:33       2    123     37     45 
 20260324    01:36:33       3    144     35     41 
 20260324    01:37:03       0    143     34     41 
 20260324    01:37:03       1    139     37     44 
 20260324    01:37:03       2    123     37     45 
 20260324    01:37:03       3    144     35     41 
 20260324    01:37:33       0    143     34     42 
 20260324    01:37:33       1    139     37     44 
 20260324    01:37:33       2    123     37     45 
 20260324    01:37:33       3    144     35     41 
 20260324    01:38:03       0    142     34     40 
 20260324    01:38:03       1    137     37     44 
 20260324    01:38:03       2    123     37     45 
 20260324    01:38:03       3    144     35     41 
 20260324    01:38:33       0    147     35     42 
 20260324    01:38:33       1    146     38     44 
 20260324    01:38:33       2    128     37     45 
 20260324    01:38:33       3    151     35     43 
 20260324    01:39:03       0    142     34     41 
 20260324    01:39:03       1    140     38     44 
 20260324    01:39:03       2    123     37     45 
 20260324    01:39:03       3    145     35     41 
 20260324    01:39:33       0    142     35     42 
 20260324    01:39:33       1    139     38     44 
 20260324    01:39:33       2    123     37     45 
 20260324    01:39:33       3    145     35     41 
 20260324    01:40:03       0    142     34     41 
 20260324    01:40:03       1    139     37     44 
 20260324    01:40:03       2    123     37     45 
 20260324    01:40:03       3    145     35     41 
 20260324    01:40:33       0    142     35     40 
 20260324    01:40:33       1    139     38     44 
 20260324    01:40:33       2    123     37     45 
 20260324    01:40:33       3    145     35     41 
#Date        Time         gpu    pwr  gtemp  mtemp 
#YYYYMMDD    HH:MM:SS     Idx      W      C      C 
 20260324    01:41:03       0    142     34     40 
 20260324    01:41:03       1    139     38     44 
 20260324    01:41:03       2    123     37     45 
 20260324    01:41:03       3    145     35     41 
 20260324    01:41:33       0    142     34     42 
 20260324    01:41:33       1    139     38     44 
 20260324    01:41:33       2    123     37     45 
 20260324    01:41:33       3    145     35     41 
 20260324    01:42:03       0    142     34     41 
 20260324    01:42:03       1    139     37     44 
 20260324    01:42:03       2    123     37     45 
 20260324    01:42:03       3    145     35     41 
 20260324    01:42:33       0    142     35     42 
 20260324    01:42:33       1    139     38     44 
 20260324    01:42:33       2    123     37     45 
 20260324    01:42:33       3    145     35     41 
 20260324    01:43:03       0    142     35     42 
 20260324    01:43:03       1    139     38     44 
 20260324    01:43:03       2    123     37     45 
 20260324    01:43:03       3    145     35     42 
 20260324    01:43:33       0    142     34     40 
 20260324    01:43:33       1    139     37     44 
 20260324    01:43:33       2    123     37     45 
 20260324    01:43:33       3    145     35     41 
 20260324    01:44:03       0    142     34     41 
 20260324    01:44:03       1    139     37     44 
 20260324    01:44:03       2    123     37     45 
 20260324    01:44:03       3    145     35     41 
 20260324    01:44:33       0    141     34     42 
 20260324    01:44:33       1    137     37     44 
 20260324    01:44:33       2    123     37     45 
 20260324    01:44:33       3    144     35     41 
 20260324    01:45:03       0    142     34     41 
 20260324    01:45:03       1    139     38     44 
 20260324    01:45:03       2    124     37     45 
 20260324    01:45:03       3    145     35     41 
 20260324    01:45:33       0    142     34     42 
 20260324    01:45:33       1    139     37     44 
 20260324    01:45:33       2    124     37     45 
 20260324    01:45:33       3    145     35     41 
 20260324    01:46:03       0    142     34     40 
 20260324    01:46:03       1    139     37     44 
 20260324    01:46:03       2    123     37     45 
 20260324    01:46:03       3    145     35     41 
#Date        Time         gpu    pwr  gtemp  mtemp 
#YYYYMMDD    HH:MM:SS     Idx      W      C      C 
 20260324    01:46:33       0    142     34     42 
 20260324    01:46:33       1    139     37     44 
 20260324    01:46:33       2    123     37     45 
 20260324    01:46:33       3    145     35     41 
 20260324    01:47:03       0    142     34     40 
 20260324    01:47:03       1    139     37     44 
 20260324    01:47:03       2    123     37     45 
 20260324    01:47:03       3    145     35     41 
 20260324    01:47:33       0    141     34     42 
 20260324    01:47:33       1    139     37     44 
 20260324    01:47:33       2    124     37     45 
 20260324    01:47:33       3    145     35     41 
 20260324    01:48:03       0    141     34     41 
 20260324    01:48:03       1    139     37     44 
 20260324    01:48:03       2    123     37     45 
 20260324    01:48:03       3    145     35     41 
 20260324    01:48:33       0    141     34     40 
 20260324    01:48:33       1    139     37     44 
 20260324    01:48:33       2    123     37     45 
 20260324    01:48:33       3    145     35     41 
 20260324    01:49:03       0    141     34     40 
 20260324    01:49:03       1    139     37     44 
 20260324    01:49:03       2    123     37     45 
 20260324    01:49:03       3    145     35     41 
 20260324    01:49:33       0    141     34     40 
 20260324    01:49:33       1    139     37     44 
 20260324    01:49:33       2    123     37     45 
 20260324    01:49:33       3    145     35     41 
 20260324    01:50:03       0    142     34     40 
 20260324    01:50:03       1    139     38     44 
 20260324    01:50:03       2    123     37     45 
 20260324    01:50:03       3    145     35     41 
 20260324    01:50:33       0    142     34     40 
 20260324    01:50:33       1    137     37     44 
 20260324    01:50:33       2    123     37     45 
 20260324    01:50:33       3    144     35     41 
 20260324    01:51:03       0    142     34     41 
 20260324    01:51:03       1    137     37     44 
 20260324    01:51:03       2    123     37     45 
 20260324    01:51:03       3    144     35     41 
 20260324    01:51:33       0    142     34     40 
 20260324    01:51:33       1    137     37     43 
 20260324    01:51:33       2    123     37     45 
 20260324    01:51:33       3    144     35     41 
#Date        Time         gpu    pwr  gtemp  mtemp 
#YYYYMMDD    HH:MM:SS     Idx      W      C      C 
 20260324    01:52:03       0    142     35     40 
 20260324    01:52:03       1    137     37     44 
 20260324    01:52:03       2    123     37     45 
 20260324    01:52:03       3    144     35     43 
 20260324    01:52:33       0    142     34     40 
 20260324    01:52:33       1    137     37     44 
 20260324    01:52:33       2    123     37     45 
 20260324    01:52:33       3    144     35     41 
 20260324    01:53:03       0    142     34     41 
 20260324    01:53:03       1    137     37     44 
 20260324    01:53:03       2    123     37     45 
 20260324    01:53:03       3    144     35     41 
 20260324    01:53:33       0    142     34     40 
 20260324    01:53:33       1    137     37     43 
 20260324    01:53:33       2    123     37     45 
 20260324    01:53:33       3    144     35     41 
 20260324    01:54:03       0    142     35     42 
 20260324    01:54:03       1    137     37     44 
 20260324    01:54:03       2    123     37     45 
 20260324    01:54:03       3    144     35     43 
 20260324    01:54:33       0    142     35     42 
 20260324    01:54:33       1    138     38     44 
 20260324    01:54:33       2    123     37     45 
 20260324    01:54:33       3    144     35     42 
 20260324    01:55:03       0    142     34     40 
 20260324    01:55:03       1    137     37     44 
 20260324    01:55:03       2    123     37     45 
 20260324    01:55:03       3    144     35     41 
 20260324    01:55:33       0    142     34     40 
 20260324    01:55:33       1    137     37     43 
 20260324    01:55:33       2    123     37     45 
 20260324    01:55:33       3    144     35     41 
 20260324    01:56:03       0    142     34     41 
 20260324    01:56:03       1    137     37     44 
 20260324    01:56:03       2    123     37     45 
 20260324    01:56:03       3    144     35     41 
 20260324    01:56:33       0    142     35     42 
 20260324    01:56:33       1    137     37     44 
 20260324    01:56:33       2    123     37     45 
 20260324    01:56:33       3    144     35     41 
 20260324    01:57:03       0    141     35     42 
 20260324    01:57:03       1    139     38     44 
 20260324    01:57:03       2    123     37     45 
 20260324    01:57:03       3    144     35     43 
#Date        Time         gpu    pwr  gtemp  mtemp 
#YYYYMMDD    HH:MM:SS     Idx      W      C      C 
 20260324    01:57:33       0    143     34     41 
 20260324    01:57:33       1    139     37     44 
 20260324    01:57:33       2    125     37     45 
 20260324    01:57:33       3    145     35     42 
 20260324    01:58:03       0    143     34     40 
 20260324    01:58:03       1    139     37     44 
 20260324    01:58:03       2    125     37     45 
 20260324    01:58:03       3    145     35     41 
 20260324    01:58:33       0    143     34     40 
 20260324    01:58:33       1    139     37     44 
 20260324    01:58:33       2    125     37     45 
 20260324    01:58:33       3    145     35     41 
 20260324    01:59:03       0    143     35     42 
 20260324    01:59:03       1    139     38     44 
 20260324    01:59:03       2    125     37     45 
 20260324    01:59:03       3    145     35     41 
 20260324    01:59:33       0    143     35     42 
 20260324    01:59:33       1    139     38     44 
 20260324    01:59:33       2    123     37     45 
 20260324    01:59:33       3    145     35     42 
 20260324    02:00:03       0    143     35     42 
 20260324    02:00:03       1    139     38     44 
 20260324    02:00:03       2    124     37     45 
 20260324    02:00:03       3    145     35     41 
 20260324    02:00:33       0    143     34     41 
 20260324    02:00:33       1    139     37     44 
 20260324    02:00:33       2    123     37     45 
 20260324    02:00:33       3    145     35     41 
 20260324    02:01:03       0    143     35     42 
 20260324    02:01:03       1    139     37     44 
 20260324    02:01:03       2    123     37     45 
 20260324    02:01:03       3    145     35     41 
 20260324    02:01:33       0    143     35     42 
 20260324    02:01:33       1    139     38     44 
 20260324    02:01:33       2    123     37     45 
 20260324    02:01:33       3    145     35     41 
 20260324    02:02:03       0    143     35     42 
 20260324    02:02:03       1    139     38     44 
 20260324    02:02:03       2    123     37     45 
 20260324    02:02:03       3    145     35     41 
 20260324    02:02:33       0    143     35     42 
 20260324    02:02:33       1    139     38     44 
 20260324    02:02:33       2    123     37     45 
 20260324    02:02:33       3    145     35     42 
#Date        Time         gpu    pwr  gtemp  mtemp 
#YYYYMMDD    HH:MM:SS     Idx      W      C      C 
 20260324    02:03:03       0    141     34     42 
 20260324    02:03:03       1    139     37     44 
 20260324    02:03:03       2    123     37     45 
 20260324    02:03:03       3    145     35     41 
 20260324    02:03:33       0    144     35     42 
 20260324    02:03:33       1    139     38     44 
 20260324    02:03:33       2    124     37     45 
 20260324    02:03:33       3    146     35     42 
 20260324    02:04:03       0    143     35     41 
 20260324    02:04:03       1    139     38     44 
 20260324    02:04:03       2    124     37     45 
 20260324    02:04:03       3    145     35     43 
 20260324    02:04:33       0    143     35     42 
 20260324    02:04:33       1    139     38     44 
 20260324    02:04:33       2    123     37     45 
 20260324    02:04:33       3    145     35     42 
 20260324    02:05:03       0    143     34     40 
 20260324    02:05:03       1    139     37     44 
 20260324    02:05:03       2    123     37     45 
 20260324    02:05:03       3    145     35     41 
 20260324    02:05:33       0    143     34     40 
 20260324    02:05:33       1    139     37     44 
 20260324    02:05:33       2    123     37     45 
 20260324    02:05:33       3    145     34     41 
 20260324    02:06:03       0    143     34     40 
 20260324    02:06:03       1    139     37     44 
 20260324    02:06:03       2    124     37     45 
 20260324    02:06:03       3    145     35     41 
 20260324    02:06:33       0    143     34     40 
 20260324    02:06:33       1    139     37     44 
 20260324    02:06:33       2    123     37     45 
 20260324    02:06:33       3    145     35     41 
 20260324    02:07:03       0    143     34     40 
 20260324    02:07:03       1    139     37     44 
 20260324    02:07:03       2    123     37     45 
 20260324    02:07:03       3    145     35     41 
 20260324    02:07:33       0    143     34     41 
 20260324    02:07:33       1    139     37     44 
 20260324    02:07:33       2    123     37     45 
 20260324    02:07:33       3    145     35     41 
 20260324    02:08:03       0    143     34     41 
 20260324    02:08:03       1    138     37     43 
 20260324    02:08:03       2    123     37     45 
 20260324    02:08:03       3    145     34     41 
#Date        Time         gpu    pwr  gtemp  mtemp 
#YYYYMMDD    HH:MM:SS     Idx      W      C      C 
 20260324    02:08:33       0    143     34     40 
 20260324    02:08:33       1    139     37     44 
 20260324    02:08:33       2    123     37     45 
 20260324    02:08:33       3    145     35     41 
 20260324    02:09:03       0    143     34     41 
 20260324    02:09:03       1    139     37     44 
 20260324    02:09:03       2    123     37     45 
 20260324    02:09:03       3    145     35     41 
 20260324    02:09:33       0    149     36     42 
 20260324    02:09:33       1    144     38     44 
 20260324    02:09:33       2    129     38     45 
 20260324    02:09:33       3    150     36     43 
 20260324    02:10:03       0    143     34     40 
 20260324    02:10:03       1    140     37     44 
 20260324    02:10:03       2    123     37     45 
 20260324    02:10:03       3    145     35     41 
 20260324    02:10:33       0    143     34     40 
 20260324    02:10:33       1    140     37     44 
 20260324    02:10:33       2    123     37     45 
 20260324    02:10:33       3    145     35     41 
 20260324    02:11:03       0    143     34     41 
 20260324    02:11:03       1    140     37     44 
 20260324    02:11:03       2    123     37     45 
 20260324    02:11:03       3    145     35     41 
 20260324    02:11:33       0    143     34     41 
 20260324    02:11:33       1    139     37     44 
 20260324    02:11:33       2    123     37     45 
 20260324    02:11:33       3    145     35     41 
 20260324    02:12:03       0    143     35     40 
 20260324    02:12:03       1    139     37     44 
 20260324    02:12:03       2    124     37     45 
 20260324    02:12:03       3    145     35     41 
 20260324    02:12:33       0    143     34     41 
 20260324    02:12:33       1    139     37     44 
 20260324    02:12:33       2    124     37     45 
 20260324    02:12:33       3    145     35     41 
 20260324    02:13:03       0    143     35     42 
 20260324    02:13:03       1    139     37     44 
 20260324    02:13:03       2    123     37     45 
 20260324    02:13:03       3    145     35     41 
 20260324    02:13:33       0    143     35     42 
 20260324    02:13:33       1    139     38     44 
 20260324    02:13:33       2    123     37     45 
 20260324    02:13:33       3    145     35     41 
#Date        Time         gpu    pwr  gtemp  mtemp 
#YYYYMMDD    HH:MM:SS     Idx      W      C      C 
 20260324    02:14:03       0    143     35     42 
 20260324    02:14:03       1    139     38     44 
 20260324    02:14:03       2    123     37     45 
 20260324    02:14:03       3    145     35     41 
 20260324    02:14:33       0    143     34     40 
 20260324    02:14:33       1    139     37     44 
 20260324    02:14:33       2    124     37     45 
 20260324    02:14:33       3    145     35     41 
 20260324    02:15:03       0    143     34     41 
 20260324    02:15:03       1    139     37     44 
 20260324    02:15:03       2    123     37     45 
 20260324    02:15:03       3    145     35     41 
 20260324    02:15:33       0    142     34     42 
 20260324    02:15:33       1    138     37     44 
 20260324    02:15:33       2    123     37     45 
 20260324    02:15:33       3    144     35     41 
 20260324    02:16:03       0    143     34     41 
 20260324    02:16:03       1    139     37     44 
 20260324    02:16:03       2    123     37     45 
 20260324    02:16:03       3    144     35     41 
 20260324    02:16:33       0    143     35     41 
 20260324    02:16:33       1    139     37     44 
 20260324    02:16:33       2    123     37     45 
 20260324    02:16:33       3    145     35     42 
 20260324    02:17:03       0    143     35     42 
 20260324    02:17:03       1    139     38     44 
 20260324    02:17:03       2    123     37     45 
 20260324    02:17:03       3    145     35     41 
 20260324    02:17:33       0    143     35     42 
 20260324    02:17:33       1    139     38     44 
 20260324    02:17:33       2    123     37     45 
 20260324    02:17:33       3    144     35     41 
 20260324    02:18:03       0    143     35     40 
 20260324    02:18:03       1    139     38     44 
 20260324    02:18:03       2    123     37     45 
 20260324    02:18:03       3    145     35     41 
 20260324    02:18:33       0    143     35     42 
 20260324    02:18:33       1    139     38     44 
 20260324    02:18:33       2    123     37     45 
 20260324    02:18:33       3    144     35     41 
 20260324    02:19:03       0    143     35     42 
 20260324    02:19:03       1    139     38     44 
 20260324    02:19:03       2    123     37     45 
 20260324    02:19:03       3    145     35     43 
#Date        Time         gpu    pwr  gtemp  mtemp 
#YYYYMMDD    HH:MM:SS     Idx      W      C      C 
 20260324    02:19:33       0    143     35     42 
 20260324    02:19:33       1    139     38     44 
 20260324    02:19:33       2    123     37     45 
 20260324    02:19:33       3    145     35     41 
 20260324    02:20:03       0    143     35     42 
 20260324    02:20:03       1    139     38     44 
 20260324    02:20:03       2    123     37     45 
 20260324    02:20:03       3    145     35     41 
 20260324    02:20:33       0    143     35     42 
 20260324    02:20:33       1    139     38     44 
 20260324    02:20:33       2    123     37     45 
 20260324    02:20:33       3    145     35     42 
 20260324    02:21:03       0    143     35     42 
 20260324    02:21:03       1    139     38     44 
 20260324    02:21:03       2    123     37     45 
 20260324    02:21:03       3    144     35     41 
 20260324    02:21:33       0    155     36     42 
 20260324    02:21:33       1    151     39     44 
 20260324    02:21:33       2    136     38     45 
 20260324    02:21:33       3    157     36     43 
 20260324    02:22:03       0    143     35     42 
 20260324    02:22:03       1    140     38     44 
 20260324    02:22:03       2    125     37     45 
 20260324    02:22:03       3    145     35     43 
 20260324    02:22:33       0    143     35     42 
 20260324    02:22:33       1    139     38     44 
 20260324    02:22:33       2    125     37     45 
 20260324    02:22:33       3    145     35     41 
 20260324    02:23:03       0    143     35     42 
 20260324    02:23:03       1    139     38     44 
 20260324    02:23:03       2    124     37     45 
 20260324    02:23:03       3    145     35     41 
 20260324    02:23:33       0    143     35     40 
 20260324    02:23:33       1    139     38     44 
 20260324    02:23:33       2    124     37     45 
 20260324    02:23:33       3    145     35     41 
 20260324    02:24:03       0    143     35     42 
 20260324    02:24:03       1    139     38     44 
 20260324    02:24:03       2    124     37     45 
 20260324    02:24:03       3    145     35     41 
 20260324    02:24:33       0    143     35     42 
 20260324    02:24:33       1    139     38     44 
 20260324    02:24:33       2    124     37     45 
 20260324    02:24:33       3    145     35     43 
#Date        Time         gpu    pwr  gtemp  mtemp 
#YYYYMMDD    HH:MM:SS     Idx      W      C      C 
 20260324    02:25:03       0    143     35     42 
 20260324    02:25:03       1    139     38     44 
 20260324    02:25:03       2    123     37     45 
 20260324    02:25:03       3    145     35     42 
 20260324    02:25:33       0    143     34     41 
 20260324    02:25:33       1    139     37     44 
 20260324    02:25:33       2    124     37     45 
 20260324    02:25:33       3    145     35     41 
 20260324    02:26:03       0    143     34     40 
 20260324    02:26:03       1    139     37     44 
 20260324    02:26:03       2    123     37     45 
 20260324    02:26:03       3    145     35     41 
 20260324    02:26:33       0    143     35     42 
 20260324    02:26:33       1    139     38     44 
 20260324    02:26:33       2    123     37     45 
 20260324    02:26:33       3    145     35     41 
 20260324    02:27:03       0    143     35     42 
 20260324    02:27:03       1    140     38     44 
 20260324    02:27:03       2    123     37     45 
 20260324    02:27:03       3    145     35     43 
 20260324    02:27:33       0    143     35     42 
 20260324    02:27:33       1    139     38     44 
 20260324    02:27:33       2    124     37     45 
 20260324    02:27:33       3    145     35     43 
 20260324    02:28:03       0    142     35     42 
 20260324    02:28:03       1    139     38     44 
 20260324    02:28:03       2    123     37     45 
 20260324    02:28:03       3    144     35     41 
 20260324    02:28:33       0    143     34     42 
 20260324    02:28:33       1    140     37     44 
 20260324    02:28:33       2    123     37     45 
 20260324    02:28:33       3    145     35     41 
 20260324    02:29:03       0    143     35     42 
 20260324    02:29:03       1    140     38     44 
 20260324    02:29:03       2    123     37     45 
 20260324    02:29:03       3    145     35     41 
 20260324    02:29:33       0    143     35     42 
 20260324    02:29:33       1    140     38     44 
 20260324    02:29:33       2    123     37     45 
 20260324    02:29:33       3    145     35     41 
 20260324    02:30:03       0    143     35     42 
 20260324    02:30:03       1    140     38     44 
 20260324    02:30:03       2    123     37     45 
 20260324    02:30:03       3    145     35     41 
#Date        Time         gpu    pwr  gtemp  mtemp 
#YYYYMMDD    HH:MM:SS     Idx      W      C      C 
 20260324    02:30:33       0    143     35     42 
 20260324    02:30:33       1    140     38     44 
 20260324    02:30:33       2    123     37     45 
 20260324    02:30:33       3    145     35     41 
 20260324    02:31:03       0    143     35     42 
 20260324    02:31:03       1    140     38     44 
 20260324    02:31:03       2    123     37     45 
 20260324    02:31:03       3    145     35     41 
 20260324    02:31:33       0    143     35     42 
 20260324    02:31:33       1    140     38     44 
 20260324    02:31:33       2    123     37     45 
 20260324    02:31:33       3    145     35     43 
 20260324    02:32:03       0    143     35     42 
 20260324    02:32:03       1    140     38     44 
 20260324    02:32:03       2    123     37     45 
 20260324    02:32:03       3    145     35     41 
 20260324    02:32:33       0    143     35     42 
 20260324    02:32:33       1    140     38     44 
 20260324    02:32:33       2    123     37     45 
 20260324    02:32:33       3    145     35     42 
 20260324    02:33:03       0    143     35     42 
 20260324    02:33:03       1    139     38     44 
 20260324    02:33:03       2    123     37     45 
 20260324    02:33:03       3    145     35     41 
 20260324    02:33:33       0    143     35     42 
 20260324    02:33:33       1    139     38     44 
 20260324    02:33:33       2    123     37     45 
 20260324    02:33:33       3    145     35     41 
 20260324    02:34:03       0    143     35     42 
 20260324    02:34:03       1    139     38     44 
 20260324    02:34:03       2    123     37     46 
 20260324    02:34:03       3    145     35     43 
 20260324    02:34:33       0    143     35     42 
 20260324    02:34:33       1    140     38     44 
 20260324    02:34:33       2    124     37     45 
 20260324    02:34:33       3    144     35     43 
 20260324    02:35:03       0    143     35     42 
 20260324    02:35:03       1    140     38     44 
 20260324    02:35:03       2    123     37     45 
 20260324    02:35:03       3    144     35     42 
 20260324    02:35:33       0    143     35     42 
 20260324    02:35:33       1    139     38     44 
 20260324    02:35:33       2    123     37     45 
 20260324    02:35:33       3    144     35     43 
#Date        Time         gpu    pwr  gtemp  mtemp 
#YYYYMMDD    HH:MM:SS     Idx      W      C      C 
 20260324    02:36:03       0    143     35     42 
 20260324    02:36:03       1    140     38     44 
 20260324    02:36:03       2    123     37     45 
 20260324    02:36:03       3    144     35     41 
 20260324    02:36:33       0    143     35     42 
 20260324    02:36:33       1    139     38     44 
 20260324    02:36:33       2    123     37     45 
 20260324    02:36:33       3    144     35     41 
 20260324    02:37:03       0    143     34     41 
 20260324    02:37:03       1    139     37     44 
 20260324    02:37:03       2    123     37     45 
 20260324    02:37:03       3    144     35     41 
 20260324    02:37:33       0    143     35     42 
 20260324    02:37:33       1    139     38     44 
 20260324    02:37:33       2    123     37     45 
 20260324    02:37:33       3    144     35     41 
 20260324    02:38:03       0    143     35     42 
 20260324    02:38:03       1    140     38     44 
 20260324    02:38:03       2    123     37     45 
 20260324    02:38:03       3    144     35     41 
 20260324    02:38:33       0    143     35     42 
 20260324    02:38:33       1    139     38     44 
 20260324    02:38:33       2    123     37     45 
 20260324    02:38:33       3    144     35     42 
 20260324    02:39:03       0    143     35     42 
 20260324    02:39:03       1    139     38     44 
 20260324    02:39:03       2    123     37     45 
 20260324    02:39:03       3    144     35     41 
 20260324    02:39:33       0    143     35     42 
 20260324    02:39:33       1    139     38     44 
 20260324    02:39:33       2    123     37     45 
 20260324    02:39:33       3    144     35     42 
 20260324    02:40:03       0    143     35     42 
 20260324    02:40:03       1    139     37     44 
 20260324    02:40:03       2    123     37     45 
 20260324    02:40:03       3    144     35     41 
 20260324    02:40:33       0    144     35     40 
 20260324    02:40:33       1    140     38     44 
 20260324    02:40:33       2    123     37     45 
 20260324    02:40:33       3    146     35     41 
 20260324    02:41:03       0    143     35     42 
 20260324    02:41:03       1    140     38     44 
 20260324    02:41:03       2    123     37     45 
 20260324    02:41:03       3    146     35     42 
#Date        Time         gpu    pwr  gtemp  mtemp 
#YYYYMMDD    HH:MM:SS     Idx      W      C      C 
 20260324    02:41:33       0    143     35     41 
 20260324    02:41:33       1    140     38     44 
 20260324    02:41:33       2    123     37     45 
 20260324    02:41:33       3    145     35     41 
 20260324    02:42:03       0    143     34     42 
 20260324    02:42:03       1    139     37     44 
 20260324    02:42:03       2    123     37     45 
 20260324    02:42:03       3    145     35     41 
 20260324    02:42:33       0    143     35     42 
 20260324    02:42:33       1    140     38     44 
 20260324    02:42:33       2    123     37     45 
 20260324    02:42:33       3    145     35     41 
 20260324    02:43:03       0    143     35     42 
 20260324    02:43:03       1    139     38     44 
 20260324    02:43:03       2    123     37     45 
 20260324    02:43:03       3    145     35     41 
 20260324    02:43:33       0    142     35     42 
 20260324    02:43:33       1    141     38     44 
 20260324    02:43:33       2    125     37     45 
 20260324    02:43:33       3    145     35     41 
 20260324    02:44:03       0    142     34     41 
 20260324    02:44:03       1    139     38     44 
 20260324    02:44:03       2    123     37     45 
 20260324    02:44:03       3    145     35     41 
 20260324    02:44:33       0    142     34     42 
 20260324    02:44:33       1    140     38     44 
 20260324    02:44:33       2    123     37     45 
 20260324    02:44:33       3    145     35     41 
 20260324    02:45:03       0    144     35     42 
 20260324    02:45:03       1    141     38     44 
 20260324    02:45:03       2    123     37     45 
 20260324    02:45:03       3    145     35     41 
 20260324    02:45:33       0    143     35     41 
 20260324    02:45:33       1    140     38     44 
 20260324    02:45:33       2    132     37     45 
 20260324    02:45:33       3    145     35     41 
 20260324    02:46:03       0    143     34     42 
 20260324    02:46:03       1    139     38     44 
 20260324    02:46:03       2    123     37     45 
 20260324    02:46:03       3    145     35     41 
 20260324    02:46:33       0    143     34     41 
 20260324    02:46:33       1    139     37     44 
 20260324    02:46:33       2    123     37     45 
 20260324    02:46:33       3    145     35     41 
#Date        Time         gpu    pwr  gtemp  mtemp 
#YYYYMMDD    HH:MM:SS     Idx      W      C      C 
 20260324    02:47:03       0    143     34     41 
 20260324    02:47:03       1    139     37     44 
 20260324    02:47:03       2    123     37     45 
 20260324    02:47:03       3    145     35     41 
 20260324    02:47:33       0    143     34     40 
 20260324    02:47:33       1    139     37     44 
 20260324    02:47:33       2    123     37     45 
 20260324    02:47:33       3    145     35     41 
 20260324    02:48:03       0    154     35     42 
 20260324    02:48:03       1    149     38     44 
 20260324    02:48:03       2    133     38     45 
 20260324    02:48:03       3    155     36     43 
 20260324    02:48:33       0    155     36     42 
 20260324    02:48:33       1    150     39     44 
 20260324    02:48:33       2    135     38     45 
 20260324    02:48:33       3    156     36     43 
 20260324    02:49:03       0    144     35     42 
 20260324    02:49:03       1    140     38     44 
 20260324    02:49:03       2    123     37     45 
 20260324    02:49:03       3    145     35     43 
 20260324    02:49:33       0    155     36     43 
 20260324    02:49:33       1    150     39     44 
 20260324    02:49:33       2    135     38     45 
 20260324    02:49:33       3    156     36     43 
 20260324    02:50:03       0    151     35     42 
 20260324    02:50:03       1    147     38     44 
 20260324    02:50:03       2    131     37     46 
 20260324    02:50:03       3    153     35     43 
 20260324    02:50:33       0    143     34     41 
 20260324    02:50:33       1    139     38     44 
 20260324    02:50:33       2    123     37     45 
 20260324    02:50:33       3    145     35     42 
