#Date        Time         gpu    pwr  gtemp  mtemp 
#YYYYMMDD    HH:MM:SS     Idx      W      C      C 
 20260323    21:29:14       0     89     32     40 
 20260323    21:29:14       1     85     34     47 
 20260323    21:29:14       2     82     34     43 
 20260323    21:29:14       3    102     32     42 
 20260323    21:29:44       0    135     34     40 
 20260323    21:29:44       1    133     37     47 
 20260323    21:29:44       2    129     36     43 
 20260323    21:29:44       3    148     34     41 
 20260323    21:30:14       0    135     34     40 
 20260323    21:30:14       1    133     37     48 
 20260323    21:30:14       2    129     36     43 
 20260323    21:30:14       3    148     34     41 
 20260323    21:30:44       0    135     34     40 
 20260323    21:30:44       1    133     37     47 
 20260323    21:30:44       2    129     36     43 
 20260323    21:30:44       3    148     35     41 
 20260323    21:31:14       0    135     34     41 
 20260323    21:31:14       1    133     37     48 
 20260323    21:31:14       2    129     36     43 
 20260323    21:31:14       3    148     35     41 
 20260323    21:31:44       0    135     34     40 
 20260323    21:31:44       1    133     37     47 
 20260323    21:31:44       2    129     36     43 
 20260323    21:31:44       3    148     34     43 
 20260323    21:32:14       0    135     34     40 
 20260323    21:32:14       1    133     37     48 
 20260323    21:32:14       2    129     36     43 
 20260323    21:32:14       3    148     34     41 
 20260323    21:32:44       0    135     34     40 
 20260323    21:32:44       1    133     37     48 
 20260323    21:32:44       2    129     36     43 
 20260323    21:32:44       3    148     34     41 
 20260323    21:33:14       0    135     34     40 
 20260323    21:33:14       1    133     37     47 
 20260323    21:33:14       2    129     36     43 
 20260323    21:33:14       3    148     34     41 
 20260323    21:33:44       0    135     34     40 
 20260323    21:33:44       1    133     37     48 
 20260323    21:33:44       2    129     36     44 
 20260323    21:33:44       3    148     34     41 
 20260323    21:34:14       0    135     34     41 
 20260323    21:34:14       1    133     37     47 
 20260323    21:34:14       2    129     36     43 
 20260323    21:34:14       3    148     34     41 
#Date        Time         gpu    pwr  gtemp  mtemp 
#YYYYMMDD    HH:MM:SS     Idx      W      C      C 
 20260323    21:34:44       0    135     34     41 
 20260323    21:34:44       1    133     37     47 
 20260323    21:34:44       2    129     36     43 
 20260323    21:34:44       3    148     34     41 
 20260323    21:35:14       0    135     34     40 
 20260323    21:35:14       1    133     37     47 
 20260323    21:35:14       2    129     36     43 
 20260323    21:35:14       3    148     34     41 
 20260323    21:35:44       0    135     34     40 
 20260323    21:35:44       1    133     37     48 
 20260323    21:35:44       2    129     36     43 
 20260323    21:35:44       3    148     34     41 
 20260323    21:36:14       0    135     34     40 
 20260323    21:36:14       1    133     37     48 
 20260323    21:36:14       2    129     36     43 
 20260323    21:36:14       3    148     34     41 
 20260323    21:36:44       0    135     34     40 
 20260323    21:36:44       1    133     37     48 
 20260323    21:36:44       2    129     36     43 
 20260323    21:36:44       3    148     34     41 
 20260323    21:37:14       0    134     34     41 
 20260323    21:37:14       1    133     37     47 
 20260323    21:37:14       2    129     36     43 
 20260323    21:37:14       3    148     34     41 
 20260323    21:37:44       0    135     34     40 
 20260323    21:37:44       1    133     37     47 
 20260323    21:37:44       2    129     36     44 
 20260323    21:37:44       3    148     34     41 
 20260323    21:38:14       0    135     34     40 
 20260323    21:38:14       1    133     37     47 
 20260323    21:38:14       2    129     36     43 
 20260323    21:38:14       3    148     34     41 
 20260323    21:38:44       0    135     34     41 
 20260323    21:38:44       1    133     37     48 
 20260323    21:38:44       2    129     36     44 
 20260323    21:38:44       3    148     34     41 
 20260323    21:39:14       0    135     35     42 
 20260323    21:39:14       1    133     37     47 
 20260323    21:39:14       2    129     36     43 
 20260323    21:39:14       3    148     35     43 
 20260323    21:39:44       0    135     34     40 
 20260323    21:39:44       1    133     37     47 
 20260323    21:39:44       2    129     36     43 
 20260323    21:39:44       3    148     35     42 
#Date        Time         gpu    pwr  gtemp  mtemp 
#YYYYMMDD    HH:MM:SS     Idx      W      C      C 
 20260323    21:40:14       0    146     36     42 
 20260323    21:40:14       1    145     39     49 
 20260323    21:40:14       2    143     37     45 
 20260323    21:40:14       3    161     36     43 
 20260323    21:40:44       0    146     36     42 
 20260323    21:40:44       1    145     39     49 
 20260323    21:40:44       2    143     37     45 
 20260323    21:40:44       3    161     35     43 
 20260323    21:41:14       0    146     36     43 
 20260323    21:41:14       1    145     39     49 
 20260323    21:41:14       2    143     37     45 
 20260323    21:41:14       3    161     35     43 
 20260323    21:41:44       0    145     36     42 
 20260323    21:41:44       1    145     38     49 
 20260323    21:41:44       2    142     37     45 
 20260323    21:41:44       3    161     35     43 
 20260323    21:42:14       0    146     36     42 
 20260323    21:42:14       1    144     39     49 
 20260323    21:42:14       2    143     37     45 
 20260323    21:42:14       3    161     35     43 
 20260323    21:42:44       0    147     36     42 
 20260323    21:42:44       1    145     39     49 
 20260323    21:42:44       2    143     37     45 
 20260323    21:42:44       3    161     35     43 
 20260323    21:43:14       0    147     36     42 
 20260323    21:43:14       1    146     39     49 
 20260323    21:43:14       2    143     37     45 
 20260323    21:43:14       3    162     36     43 
 20260323    21:43:44       0    146     36     42 
 20260323    21:43:44       1    145     39     49 
 20260323    21:43:44       2    143     37     45 
 20260323    21:43:44       3    161     35     43 
 20260323    21:44:14       0    146     36     42 
 20260323    21:44:14       1    145     38     49 
 20260323    21:44:14       2    142     37     45 
 20260323    21:44:14       3    160     35     43 
 20260323    21:44:44       0    147     36     42 
 20260323    21:44:44       1    145     39     49 
 20260323    21:44:44       2    143     37     45 
 20260323    21:44:44       3    161     35     43 
 20260323    21:45:14       0    147     36     42 
 20260323    21:45:14       1    144     39     49 
 20260323    21:45:14       2    141     37     45 
 20260323    21:45:14       3    161     35     43 
#Date        Time         gpu    pwr  gtemp  mtemp 
#YYYYMMDD    HH:MM:SS     Idx      W      C      C 
 20260323    21:45:44       0    146     36     43 
 20260323    21:45:44       1    145     39     49 
 20260323    21:45:44       2    141     37     45 
 20260323    21:45:44       3    161     35     43 
 20260323    21:46:14       0    146     36     42 
 20260323    21:46:14       1    144     39     49 
 20260323    21:46:14       2    142     37     45 
 20260323    21:46:14       3    161     35     43 
 20260323    21:46:44       0    146     36     42 
 20260323    21:46:44       1    144     38     49 
 20260323    21:46:44       2    141     37     45 
 20260323    21:46:44       3    160     35     43 
 20260323    21:47:14       0    146     36     42 
 20260323    21:47:14       1    145     39     49 
 20260323    21:47:14       2    141     37     45 
 20260323    21:47:14       3    161     35     43 
 20260323    21:47:44       0    134     34     42 
 20260323    21:47:44       1    132     37     47 
 20260323    21:47:44       2    129     36     43 
 20260323    21:47:44       3    148     35     43 
 20260323    21:48:14       0    134     34     41 
 20260323    21:48:14       1    132     37     47 
 20260323    21:48:14       2    129     36     43 
 20260323    21:48:14       3    148     35     43 
 20260323    21:48:44       0    133     34     42 
 20260323    21:48:44       1    132     37     47 
 20260323    21:48:44       2    129     36     43 
 20260323    21:48:44       3    148     34     41 
 20260323    21:49:14       0    146     36     43 
 20260323    21:49:14       1    144     39     49 
 20260323    21:49:14       2    142     37     45 
 20260323    21:49:14       3    161     35     43 
 20260323    21:49:44       0    146     36     42 
 20260323    21:49:44       1    144     39     49 
 20260323    21:49:44       2    141     37     45 
 20260323    21:49:44       3    161     35     43 
 20260323    21:50:14       0    146     36     42 
 20260323    21:50:14       1    145     39     49 
 20260323    21:50:14       2    142     37     45 
 20260323    21:50:14       3    161     35     43 
 20260323    21:50:44       0    146     36     42 
 20260323    21:50:44       1    144     39     49 
 20260323    21:50:44       2    141     37     45 
 20260323    21:50:44       3    161     35     43 
#Date        Time         gpu    pwr  gtemp  mtemp 
#YYYYMMDD    HH:MM:SS     Idx      W      C      C 
 20260323    21:51:14       0    146     36     42 
 20260323    21:51:14       1    145     39     49 
 20260323    21:51:14       2    141     37     45 
 20260323    21:51:14       3    161     35     43 
 20260323    21:51:44       0    147     36     42 
 20260323    21:51:44       1    145     39     50 
 20260323    21:51:44       2    142     37     45 
 20260323    21:51:44       3    161     36     43 
 20260323    21:52:14       0    146     36     42 
 20260323    21:52:14       1    144     39     49 
 20260323    21:52:14       2    141     37     45 
 20260323    21:52:14       3    161     36     43 
 20260323    21:52:44       0    146     36     42 
 20260323    21:52:44       1    144     39     49 
 20260323    21:52:44       2    141     37     45 
 20260323    21:52:44       3    161     36     43 
 20260323    21:53:14       0    147     36     42 
 20260323    21:53:14       1    145     38     50 
 20260323    21:53:14       2    143     37     45 
 20260323    21:53:14       3    161     35     43 
 20260323    21:53:44       0    134     34     42 
 20260323    21:53:44       1    132     37     47 
 20260323    21:53:44       2    130     36     43 
 20260323    21:53:44       3    148     35     43 
 20260323    21:54:14       0    146     36     42 
 20260323    21:54:14       1    143     38     49 
 20260323    21:54:14       2    141     37     43 
 20260323    21:54:14       3    161     35     43 
 20260323    21:54:44       0    146     36     42 
 20260323    21:54:44       1    145     38     49 
 20260323    21:54:44       2    142     37     45 
 20260323    21:54:44       3    161     35     43 
 20260323    21:55:14       0    147     36     42 
 20260323    21:55:14       1    145     39     49 
 20260323    21:55:14       2    142     37     45 
 20260323    21:55:14       3    161     35     43 
 20260323    21:55:44       0    146     36     42 
 20260323    21:55:44       1    144     38     49 
 20260323    21:55:44       2    142     37     45 
 20260323    21:55:44       3    161     35     42 
 20260323    21:56:14       0    147     36     42 
 20260323    21:56:14       1    145     39     49 
 20260323    21:56:14       2    142     37     45 
 20260323    21:56:14       3    161     35     43 
#Date        Time         gpu    pwr  gtemp  mtemp 
#YYYYMMDD    HH:MM:SS     Idx      W      C      C 
 20260323    21:56:44       0    143     36     42 
 20260323    21:56:44       1    140     38     49 
 20260323    21:56:44       2    138     37     45 
 20260323    21:56:44       3    157     35     42 
 20260323    21:57:14       0    146     36     42 
 20260323    21:57:14       1    144     38     49 
 20260323    21:57:14       2    141     37     45 
 20260323    21:57:14       3    160     35     43 
 20260323    21:57:44       0    147     36     43 
 20260323    21:57:44       1    145     38     49 
 20260323    21:57:44       2    142     37     45 
 20260323    21:57:44       3    161     35     43 
 20260323    21:58:14       0    147     36     43 
 20260323    21:58:14       1    144     38     49 
 20260323    21:58:14       2    142     37     43 
 20260323    21:58:14       3    161     35     43 
 20260323    21:58:44       0    146     36     42 
 20260323    21:58:44       1    144     38     49 
 20260323    21:58:44       2    141     37     45 
 20260323    21:58:44       3    161     35     43 
 20260323    21:59:14       0    137     35     42 
 20260323    21:59:14       1    134     37     47 
 20260323    21:59:14       2    132     36     43 
 20260323    21:59:14       3    152     35     43 
 20260323    21:59:44       0    147     36     42 
 20260323    21:59:44       1    145     39     49 
 20260323    21:59:44       2    141     37     45 
 20260323    21:59:44       3    161     35     42 
 20260323    22:00:14       0    147     36     42 
 20260323    22:00:14       1    145     39     49 
 20260323    22:00:14       2    142     37     45 
 20260323    22:00:14       3    161     35     43 
 20260323    22:00:44       0    147     36     42 
 20260323    22:00:44       1    145     39     49 
 20260323    22:00:44       2    142     37     45 
 20260323    22:00:44       3    162     35     43 
 20260323    22:01:14       0    147     36     42 
 20260323    22:01:14       1    145     39     49 
 20260323    22:01:14       2    141     37     45 
 20260323    22:01:14       3    161     36     43 
 20260323    22:01:44       0    147     36     42 
 20260323    22:01:44       1    146     39     49 
 20260323    22:01:44       2    143     37     45 
 20260323    22:01:44       3    162     35     43 
#Date        Time         gpu    pwr  gtemp  mtemp 
#YYYYMMDD    HH:MM:SS     Idx      W      C      C 
 20260323    22:02:14       0    146     36     42 
 20260323    22:02:14       1    145     39     49 
 20260323    22:02:14       2    142     37     45 
 20260323    22:02:14       3    161     35     43 
 20260323    22:02:44       0    147     36     42 
 20260323    22:02:44       1    144     39     49 
 20260323    22:02:44       2    141     37     45 
 20260323    22:02:44       3    161     35     43 
 20260323    22:03:14       0    147     36     42 
 20260323    22:03:14       1    145     39     49 
 20260323    22:03:14       2    142     37     45 
 20260323    22:03:14       3    162     36     43 
 20260323    22:03:44       0    146     36     42 
 20260323    22:03:44       1    145     39     49 
 20260323    22:03:44       2    141     37     45 
 20260323    22:03:44       3    161     35     43 
 20260323    22:04:14       0    135     34     42 
 20260323    22:04:14       1    132     37     47 
 20260323    22:04:14       2    129     36     43 
 20260323    22:04:14       3    149     35     43 
 20260323    22:04:44       0    135     34     42 
 20260323    22:04:44       1    132     37     47 
 20260323    22:04:44       2    129     36     43 
 20260323    22:04:44       3    149     35     42 
 20260323    22:05:14       0    135     34     42 
 20260323    22:05:14       1    132     37     48 
 20260323    22:05:14       2    129     36     43 
 20260323    22:05:14       3    149     35     42 
 20260323    22:05:44       0    147     36     42 
 20260323    22:05:44       1    145     39     49 
 20260323    22:05:44       2    142     37     45 
 20260323    22:05:44       3    161     35     41 
 20260323    22:06:14       0    147     36     42 
 20260323    22:06:14       1    145     39     49 
 20260323    22:06:14       2    142     37     45 
 20260323    22:06:14       3    161     35     43 
 20260323    22:06:44       0    146     36     42 
 20260323    22:06:44       1    145     39     49 
 20260323    22:06:44       2    142     37     45 
 20260323    22:06:44       3    161     35     43 
 20260323    22:07:14       0    146     36     42 
 20260323    22:07:14       1    145     38     49 
 20260323    22:07:14       2    142     37     45 
 20260323    22:07:14       3    161     35     43 
#Date        Time         gpu    pwr  gtemp  mtemp 
#YYYYMMDD    HH:MM:SS     Idx      W      C      C 
 20260323    22:07:44       0    146     36     42 
 20260323    22:07:44       1    145     39     49 
 20260323    22:07:44       2    142     37     45 
 20260323    22:07:44       3    161     35     43 
 20260323    22:08:14       0    147     36     42 
 20260323    22:08:14       1    145     38     49 
 20260323    22:08:14       2    142     37     45 
 20260323    22:08:14       3    162     35     43 
 20260323    22:08:44       0    146     36     42 
 20260323    22:08:44       1    145     38     49 
 20260323    22:08:44       2    142     37     45 
 20260323    22:08:44       3    161     35     43 
 20260323    22:09:14       0    147     36     42 
 20260323    22:09:14       1    145     38     49 
 20260323    22:09:14       2    142     37     45 
 20260323    22:09:14       3    161     35     43 
 20260323    22:09:44       0    147     36     42 
 20260323    22:09:44       1    145     39     49 
 20260323    22:09:44       2    142     37     45 
 20260323    22:09:44       3    161     36     43 
 20260323    22:10:14       0    147     36     42 
 20260323    22:10:14       1    145     39     49 
 20260323    22:10:14       2    142     37     45 
 20260323    22:10:14       3    161     35     43 
 20260323    22:10:44       0    147     36     42 
 20260323    22:10:44       1    146     39     49 
 20260323    22:10:44       2    142     37     45 
 20260323    22:10:44       3    161     35     43 
 20260323    22:11:14       0    146     36     42 
 20260323    22:11:14       1    145     39     49 
 20260323    22:11:14       2    142     37     45 
 20260323    22:11:14       3    161     35     43 
 20260323    22:11:44       0    146     36     42 
 20260323    22:11:44       1    145     38     49 
 20260323    22:11:44       2    141     37     45 
 20260323    22:11:44       3    161     35     43 
 20260323    22:12:14       0    146     36     42 
 20260323    22:12:14       1    145     39     49 
 20260323    22:12:14       2    142     37     45 
 20260323    22:12:14       3    161     35     43 
 20260323    22:12:44       0    146     36     42 
 20260323    22:12:44       1    144     39     49 
 20260323    22:12:44       2    141     37     45 
 20260323    22:12:44       3    161     35     43 
#Date        Time         gpu    pwr  gtemp  mtemp 
#YYYYMMDD    HH:MM:SS     Idx      W      C      C 
 20260323    22:13:14       0    146     36     42 
 20260323    22:13:14       1    144     38     49 
 20260323    22:13:14       2    141     37     45 
 20260323    22:13:14       3    161     35     43 
 20260323    22:13:44       0    147     36     42 
 20260323    22:13:44       1    144     39     49 
 20260323    22:13:44       2    141     37     45 
 20260323    22:13:44       3    161     35     43 
 20260323    22:14:14       0    146     36     42 
 20260323    22:14:14       1    145     38     49 
 20260323    22:14:14       2    141     37     45 
 20260323    22:14:14       3    160     35     43 
 20260323    22:14:44       0    146     36     42 
 20260323    22:14:44       1    145     38     49 
 20260323    22:14:44       2    142     37     45 
 20260323    22:14:44       3    161     35     43 
 20260323    22:15:14       0    146     36     42 
 20260323    22:15:14       1    145     39     49 
 20260323    22:15:14       2    142     37     45 
 20260323    22:15:14       3    161     35     43 
 20260323    22:15:44       0    147     36     42 
 20260323    22:15:44       1    145     39     50 
 20260323    22:15:44       2    142     37     45 
 20260323    22:15:44       3    162     36     43 
 20260323    22:16:14       0    147     36     42 
 20260323    22:16:14       1    145     39     49 
 20260323    22:16:14       2    142     37     45 
 20260323    22:16:14       3    161     36     43 
 20260323    22:16:44       0    146     36     42 
 20260323    22:16:44       1    145     39     49 
 20260323    22:16:44       2    142     37     45 
 20260323    22:16:44       3    162     36     43 
 20260323    22:17:14       0    146     36     42 
 20260323    22:17:14       1    145     39     49 
 20260323    22:17:14       2    142     37     45 
 20260323    22:17:14       3    161     35     43 
 20260323    22:17:44       0    147     36     42 
 20260323    22:17:44       1    145     39     49 
 20260323    22:17:44       2    142     37     45 
 20260323    22:17:44       3    161     36     43 
 20260323    22:18:14       0    134     35     42 
 20260323    22:18:14       1    132     37     49 
 20260323    22:18:14       2    130     36     43 
 20260323    22:18:14       3    148     35     43 
#Date        Time         gpu    pwr  gtemp  mtemp 
#YYYYMMDD    HH:MM:SS     Idx      W      C      C 
 20260323    22:18:44       0    134     34     42 
 20260323    22:18:44       1    132     37     47 
 20260323    22:18:44       2    129     36     43 
 20260323    22:18:44       3    149     35     43 
 20260323    22:19:14       0    133     34     42 
 20260323    22:19:14       1    132     37     47 
 20260323    22:19:14       2    129     36     43 
 20260323    22:19:14       3    148     34     42 
 20260323    22:19:44       0    147     36     43 
 20260323    22:19:44       1    144     38     49 
 20260323    22:19:44       2    142     37     45 
 20260323    22:19:44       3    161     35     43 
 20260323    22:20:14       0    147     36     42 
 20260323    22:20:14       1    145     39     50 
 20260323    22:20:14       2    141     37     45 
 20260323    22:20:14       3    161     35     43 
 20260323    22:20:44       0    147     36     42 
 20260323    22:20:44       1    145     39     49 
 20260323    22:20:44       2    141     37     45 
 20260323    22:20:44       3    161     36     43 
 20260323    22:21:14       0    146     36     42 
 20260323    22:21:14       1    144     38     49 
 20260323    22:21:14       2    141     37     45 
 20260323    22:21:14       3    160     35     43 
 20260323    22:21:44       0    147     36     42 
 20260323    22:21:44       1    145     39     49 
 20260323    22:21:44       2    143     37     45 
 20260323    22:21:44       3    162     35     43 
 20260323    22:22:14       0    147     36     42 
 20260323    22:22:14       1    145     39     49 
 20260323    22:22:14       2    142     37     45 
 20260323    22:22:14       3    161     35     43 
 20260323    22:22:44       0    146     36     42 
 20260323    22:22:44       1    145     39     49 
 20260323    22:22:44       2    142     37     45 
 20260323    22:22:44       3    162     35     43 
 20260323    22:23:14       0    146     36     42 
 20260323    22:23:14       1    144     39     50 
 20260323    22:23:14       2    142     37     45 
 20260323    22:23:14       3    161     35     43 
 20260323    22:23:44       0    146     36     42 
 20260323    22:23:44       1    145     39     49 
 20260323    22:23:44       2    142     37     45 
 20260323    22:23:44       3    161     35     43 
#Date        Time         gpu    pwr  gtemp  mtemp 
#YYYYMMDD    HH:MM:SS     Idx      W      C      C 
 20260323    22:24:14       0    146     36     42 
 20260323    22:24:14       1    144     38     49 
 20260323    22:24:14       2    141     37     45 
 20260323    22:24:14       3    160     35     43 
 20260323    22:24:44       0    147     36     42 
 20260323    22:24:44       1    144     38     49 
 20260323    22:24:44       2    142     37     45 
 20260323    22:24:44       3    161     35     43 
 20260323    22:25:14       0    147     36     42 
 20260323    22:25:14       1    145     39     49 
 20260323    22:25:14       2    142     37     45 
 20260323    22:25:14       3    162     35     43 
 20260323    22:25:44       0    147     36     42 
 20260323    22:25:44       1    145     38     49 
 20260323    22:25:44       2    142     37     45 
 20260323    22:25:44       3    161     35     43 
 20260323    22:26:14       0    147     36     42 
 20260323    22:26:14       1    144     38     49 
 20260323    22:26:14       2    142     37     45 
 20260323    22:26:14       3    161     35     43 
 20260323    22:26:45       0    147     36     43 
 20260323    22:26:45       1    145     39     49 
 20260323    22:26:45       2    141     37     45 
 20260323    22:26:45       3    161     35     42 
 20260323    22:27:15       0    147     36     42 
 20260323    22:27:15       1    144     38     49 
 20260323    22:27:15       2    142     37     45 
 20260323    22:27:15       3    161     35     43 
 20260323    22:27:45       0    147     36     42 
 20260323    22:27:45       1    145     39     49 
 20260323    22:27:45       2    142     37     45 
 20260323    22:27:45       3    161     35     43 
 20260323    22:28:15       0    148     36     42 
 20260323    22:28:15       1    145     38     49 
 20260323    22:28:15       2    143     37     45 
 20260323    22:28:15       3    162     35     43 
 20260323    22:28:45       0    146     36     42 
 20260323    22:28:45       1    144     38     49 
 20260323    22:28:45       2    141     37     45 
 20260323    22:28:45       3    161     35     43 
 20260323    22:29:15       0    146     36     42 
 20260323    22:29:15       1    145     39     50 
 20260323    22:29:15       2    142     37     45 
 20260323    22:29:15       3    161     35     43 
#Date        Time         gpu    pwr  gtemp  mtemp 
#YYYYMMDD    HH:MM:SS     Idx      W      C      C 
 20260323    22:29:45       0    146     36     42 
 20260323    22:29:45       1    144     39     49 
 20260323    22:29:45       2    141     37     45 
 20260323    22:29:45       3    161     35     43 
 20260323    22:30:15       0    147     36     42 
 20260323    22:30:15       1    145     38     49 
 20260323    22:30:15       2    142     37     45 
 20260323    22:30:15       3    161     35     43 
 20260323    22:30:45       0    146     36     42 
 20260323    22:30:45       1    144     38     49 
 20260323    22:30:45       2    141     37     45 
 20260323    22:30:45       3    160     35     43 
 20260323    22:31:15       0    147     36     42 
 20260323    22:31:15       1    145     39     50 
 20260323    22:31:15       2    141     37     45 
 20260323    22:31:15       3    161     35     43 
 20260323    22:31:45       0    147     36     42 
 20260323    22:31:45       1    145     39     49 
 20260323    22:31:45       2    142     37     45 
 20260323    22:31:45       3    161     36     43 
 20260323    22:32:15       0    147     36     42 
 20260323    22:32:15       1    145     39     49 
 20260323    22:32:15       2    142     37     45 
 20260323    22:32:15       3    162     35     43 
 20260323    22:32:45       0    147     36     42 
 20260323    22:32:45       1    145     39     49 
 20260323    22:32:45       2    142     37     45 
 20260323    22:32:45       3    161     36     43 
 20260323    22:33:15       0    146     36     42 
 20260323    22:33:15       1    145     39     50 
 20260323    22:33:15       2    142     37     45 
 20260323    22:33:15       3    161     36     43 
 20260323    22:33:45       0    147     36     42 
 20260323    22:33:45       1    145     39     49 
 20260323    22:33:45       2    142     37     45 
 20260323    22:33:45       3    161     36     43 
 20260323    22:34:15       0    135     35     42 
 20260323    22:34:15       1    132     37     47 
 20260323    22:34:15       2    131     36     43 
 20260323    22:34:15       3    149     35     43 
 20260323    22:34:45       0    135     34     42 
 20260323    22:34:45       1    132     37     47 
 20260323    22:34:45       2    131     36     43 
 20260323    22:34:45       3    149     35     43 
#Date        Time         gpu    pwr  gtemp  mtemp 
#YYYYMMDD    HH:MM:SS     Idx      W      C      C 
 20260323    22:35:15       0    263     37     44 
 20260323    22:35:15       1    247     40     50 
 20260323    22:35:15       2    263     39     45 
 20260323    22:35:15       3    264     37     43 
 20260323    22:35:45       0    146     36     42 
 20260323    22:35:45       1    145     39     49 
 20260323    22:35:45       2    143     37     45 
 20260323    22:35:45       3    161     35     43 
 20260323    22:36:15       0    146     36     42 
 20260323    22:36:15       1    145     39     49 
 20260323    22:36:15       2    143     37     45 
 20260323    22:36:15       3    161     35     43 
 20260323    22:36:45       0    146     36     42 
 20260323    22:36:45       1    145     39     50 
 20260323    22:36:45       2    143     37     45 
 20260323    22:36:45       3    161     36     43 
 20260323    22:37:15       0    147     36     42 
 20260323    22:37:15       1    145     39     50 
 20260323    22:37:15       2    143     37     45 
 20260323    22:37:15       3    161     36     43 
 20260323    22:37:45       0    136     35     42 
 20260323    22:37:45       1    134     37     47 
 20260323    22:37:45       2    133     36     43 
 20260323    22:37:45       3    150     35     43 
 20260323    22:38:15       0    148     36     42 
 20260323    22:38:15       1    145     38     49 
 20260323    22:38:15       2    143     37     45 
 20260323    22:38:15       3    162     35     43 
 20260323    22:38:45       0    147     36     42 
 20260323    22:38:45       1    145     39     49 
 20260323    22:38:45       2    143     37     45 
 20260323    22:38:45       3    161     35     43 
 20260323    22:39:15       0    147     36     42 
 20260323    22:39:15       1    145     39     49 
 20260323    22:39:15       2    143     37     45 
 20260323    22:39:15       3    161     35     43 
 20260323    22:39:45       0    147     36     42 
 20260323    22:39:45       1    145     39     49 
 20260323    22:39:45       2    143     37     45 
 20260323    22:39:45       3    161     35     43 
 20260323    22:40:15       0    397     43     52 
 20260323    22:40:15       1    434     47     60 
 20260323    22:40:15       2    450     46     55 
 20260323    22:40:15       3    416     43     55 
#Date        Time         gpu    pwr  gtemp  mtemp 
#YYYYMMDD    HH:MM:SS     Idx      W      C      C 
 20260323    22:40:45       0    147     36     42 
 20260323    22:40:45       1    145     39     50 
 20260323    22:40:45       2    143     37     45 
 20260323    22:40:45       3    161     35     43 
 20260323    22:41:15       0    145     36     42 
 20260323    22:41:15       1    145     38     49 
 20260323    22:41:15       2    143     37     45 
 20260323    22:41:15       3    160     35     43 
 20260323    22:41:45       0    147     36     43 
 20260323    22:41:45       1    144     38     50 
 20260323    22:41:45       2    143     37     45 
 20260323    22:41:45       3    161     35     43 
 20260323    22:42:15       0    147     36     42 
 20260323    22:42:15       1    145     39     49 
 20260323    22:42:15       2    143     37     45 
 20260323    22:42:15       3    161     35     41 
 20260323    22:42:45       0    147     36     42 
 20260323    22:42:45       1    145     38     49 
 20260323    22:42:45       2    143     37     45 
 20260323    22:42:45       3    161     35     43 
 20260323    22:43:15       0    146     36     42 
 20260323    22:43:15       1    145     38     49 
 20260323    22:43:15       2    143     37     45 
 20260323    22:43:15       3    161     35     43 
 20260323    22:43:45       0    147     36     43 
 20260323    22:43:45       1    146     39     49 
 20260323    22:43:45       2    144     37     45 
 20260323    22:43:45       3    162     35     43 
 20260323    22:44:15       0    147     36     42 
 20260323    22:44:15       1    145     38     49 
 20260323    22:44:15       2    143     37     45 
 20260323    22:44:15       3    161     35     43 
 20260323    22:44:45       0    147     36     42 
 20260323    22:44:45       1    145     39     49 
 20260323    22:44:45       2    144     37     45 
 20260323    22:44:45       3    161     35     43 
 20260323    22:45:15       0    147     36     42 
 20260323    22:45:15       1    145     39     49 
 20260323    22:45:15       2    143     37     45 
 20260323    22:45:15       3    160     35     43 
 20260323    22:45:45       0    147     36     42 
 20260323    22:45:45       1    145     39     49 
 20260323    22:45:45       2    143     37     45 
 20260323    22:45:45       3    161     35     43 
#Date        Time         gpu    pwr  gtemp  mtemp 
#YYYYMMDD    HH:MM:SS     Idx      W      C      C 
 20260323    22:46:15       0    147     36     42 
 20260323    22:46:15       1    145     39     49 
 20260323    22:46:15       2    143     37     45 
 20260323    22:46:15       3    161     36     43 
 20260323    22:46:45       0    146     36     42 
 20260323    22:46:45       1    145     39     49 
 20260323    22:46:45       2    142     37     45 
 20260323    22:46:45       3    161     35     43 
 20260323    22:47:15       0    148     36     42 
 20260323    22:47:15       1    145     38     49 
 20260323    22:47:15       2    143     37     45 
 20260323    22:47:15       3    160     35     43 
 20260323    22:47:45       0    134     35     42 
 20260323    22:47:45       1    133     37     49 
 20260323    22:47:45       2    131     37     45 
 20260323    22:47:45       3    149     35     43 
 20260323    22:48:15       0    133     34     42 
 20260323    22:48:15       1    132     37     47 
 20260323    22:48:15       2    131     36     43 
 20260323    22:48:15       3    148     34     43 
 20260323    22:48:45       0    134     34     42 
 20260323    22:48:45       1    132     37     47 
 20260323    22:48:45       2    131     36     43 
 20260323    22:48:45       3    148     34     43 
 20260323    22:49:15       0    147     36     42 
 20260323    22:49:15       1    145     39     49 
 20260323    22:49:15       2    143     37     45 
 20260323    22:49:15       3    161     36     43 
 20260323    22:49:45       0    146     36     42 
 20260323    22:49:45       1    145     39     49 
 20260323    22:49:45       2    144     37     45 
 20260323    22:49:45       3    161     36     43 
 20260323    22:50:15       0    146     36     42 
 20260323    22:50:15       1    145     39     49 
 20260323    22:50:15       2    143     37     45 
 20260323    22:50:15       3    161     35     43 
 20260323    22:50:45       0    146     36     43 
 20260323    22:50:45       1    145     38     49 
 20260323    22:50:45       2    144     37     45 
 20260323    22:50:45       3    161     35     41 
 20260323    22:51:15       0    147     36     42 
 20260323    22:51:15       1    145     39     49 
 20260323    22:51:15       2    143     37     45 
 20260323    22:51:15       3    161     35     43 
#Date        Time         gpu    pwr  gtemp  mtemp 
#YYYYMMDD    HH:MM:SS     Idx      W      C      C 
 20260323    22:51:45       0    147     36     42 
 20260323    22:51:45       1    145     38     50 
 20260323    22:51:45       2    142     37     45 
 20260323    22:51:45       3    161     36     43 
 20260323    22:52:15       0    147     36     42 
 20260323    22:52:15       1    146     39     49 
 20260323    22:52:15       2    143     37     45 
 20260323    22:52:15       3    162     36     43 
 20260323    22:52:45       0    146     36     42 
 20260323    22:52:45       1    145     39     50 
 20260323    22:52:45       2    143     37     45 
 20260323    22:52:45       3    161     35     43 
 20260323    22:53:15       0    146     36     43 
 20260323    22:53:15       1    145     39     49 
 20260323    22:53:15       2    143     37     45 
 20260323    22:53:15       3    161     35     43 
 20260323    22:53:45       0    147     36     42 
 20260323    22:53:45       1    145     39     49 
 20260323    22:53:45       2    143     37     45 
 20260323    22:53:45       3    162     35     43 
 20260323    22:54:15       0    147     36     42 
 20260323    22:54:15       1    145     39     49 
 20260323    22:54:15       2    143     37     45 
 20260323    22:54:15       3    161     35     43 
 20260323    22:54:45       0    147     36     42 
 20260323    22:54:45       1    145     38     49 
 20260323    22:54:45       2    144     37     45 
 20260323    22:54:45       3    162     35     41 
 20260323    22:55:15       0    147     36     42 
 20260323    22:55:15       1    145     39     49 
 20260323    22:55:15       2    143     37     45 
 20260323    22:55:15       3    161     35     43 
 20260323    22:55:45       0    147     36     42 
 20260323    22:55:45       1    144     39     49 
 20260323    22:55:45       2    143     37     45 
 20260323    22:55:45       3    161     35     43 
 20260323    22:56:15       0    147     36     42 
 20260323    22:56:15       1    145     39     49 
 20260323    22:56:15       2    144     37     45 
 20260323    22:56:15       3    162     36     43 
 20260323    22:56:45       0    147     36     42 
 20260323    22:56:45       1    145     39     49 
 20260323    22:56:45       2    143     37     45 
 20260323    22:56:45       3    161     36     43 
#Date        Time         gpu    pwr  gtemp  mtemp 
#YYYYMMDD    HH:MM:SS     Idx      W      C      C 
 20260323    22:57:15       0    147     36     42 
 20260323    22:57:15       1    146     39     49 
 20260323    22:57:15       2    143     37     45 
 20260323    22:57:15       3    162     35     43 
 20260323    22:57:45       0    146     36     42 
 20260323    22:57:45       1    145     39     49 
 20260323    22:57:45       2    143     37     45 
 20260323    22:57:45       3    161     35     43 
 20260323    22:58:15       0    147     36     42 
 20260323    22:58:15       1    145     39     49 
 20260323    22:58:15       2    143     37     45 
 20260323    22:58:15       3    161     36     43 
 20260323    22:58:45       0    216     37     44 
 20260323    22:58:45       1    214     40     49 
 20260323    22:58:45       2    218     39     46 
 20260323    22:58:45       3    231     36     43 
 20260323    22:59:15       0    147     36     42 
 20260323    22:59:15       1    146     39     50 
 20260323    22:59:15       2    144     37     45 
 20260323    22:59:15       3    162     36     43 
 20260323    22:59:45       0    147     36     42 
 20260323    22:59:45       1    145     39     50 
 20260323    22:59:45       2    143     37     45 
 20260323    22:59:45       3    161     35     43 
 20260323    23:00:15       0    147     36     42 
 20260323    23:00:15       1    145     39     49 
 20260323    23:00:15       2    144     38     45 
 20260323    23:00:15       3    162     36     43 
 20260323    23:00:45       0    147     36     42 
 20260323    23:00:45       1    145     39     50 
 20260323    23:00:45       2    143     37     45 
 20260323    23:00:45       3    161     35     43 
 20260323    23:01:15       0    147     36     42 
 20260323    23:01:15       1    145     39     49 
 20260323    23:01:15       2    143     37     45 
 20260323    23:01:15       3    162     35     43 
 20260323    23:01:45       0    148     36     42 
 20260323    23:01:45       1    145     39     49 
 20260323    23:01:45       2    144     37     45 
 20260323    23:01:45       3    162     35     43 
 20260323    23:02:15       0    146     36     42 
 20260323    23:02:15       1    144     39     50 
 20260323    23:02:15       2    143     37     45 
 20260323    23:02:15       3    161     35     43 
#Date        Time         gpu    pwr  gtemp  mtemp 
#YYYYMMDD    HH:MM:SS     Idx      W      C      C 
 20260323    23:02:45       0    147     36     42 
 20260323    23:02:45       1    145     39     50 
 20260323    23:02:45       2    144     37     45 
 20260323    23:02:45       3    162     35     43 
 20260323    23:03:15       0    146     36     42 
 20260323    23:03:15       1    145     39     49 
 20260323    23:03:15       2    143     37     45 
 20260323    23:03:15       3    161     35     43 
 20260323    23:03:45       0    137     35     42 
 20260323    23:03:45       1    134     37     49 
 20260323    23:03:45       2    134     37     44 
 20260323    23:03:45       3    152     35     43 
 20260323    23:04:15       0    135     34     41 
 20260323    23:04:15       1    133     37     47 
 20260323    23:04:15       2    131     36     43 
 20260323    23:04:15       3    149     35     43 
 20260323    23:04:45       0    135     34     42 
 20260323    23:04:45       1    133     37     47 
 20260323    23:04:45       2    130     36     43 
 20260323    23:04:45       3    149     34     41 
 20260323    23:05:15       0    147     36     43 
 20260323    23:05:15       1    145     39     49 
 20260323    23:05:15       2    142     37     45 
 20260323    23:05:15       3    161     35     42 
 20260323    23:05:45       0    147     36     43 
 20260323    23:05:45       1    145     38     50 
 20260323    23:05:45       2    142     37     45 
 20260323    23:05:45       3    161     35     41 
 20260323    23:06:15       0    146     36     42 
 20260323    23:06:15       1    145     39     49 
 20260323    23:06:15       2    141     37     45 
 20260323    23:06:15       3    161     35     42 
 20260323    23:06:45       0    146     36     42 
 20260323    23:06:45       1    145     38     49 
 20260323    23:06:45       2    142     37     45 
 20260323    23:06:45       3    161     35     42 
 20260323    23:07:15       0    147     36     42 
 20260323    23:07:15       1    144     38     49 
 20260323    23:07:15       2    141     37     45 
 20260323    23:07:15       3    161     35     42 
 20260323    23:07:45       0    146     36     42 
 20260323    23:07:45       1    144     38     49 
 20260323    23:07:45       2    141     37     45 
 20260323    23:07:45       3    161     35     42 
#Date        Time         gpu    pwr  gtemp  mtemp 
#YYYYMMDD    HH:MM:SS     Idx      W      C      C 
 20260323    23:08:15       0    147     36     43 
 20260323    23:08:15       1    145     38     49 
 20260323    23:08:15       2    141     37     45 
 20260323    23:08:15       3    161     35     43 
 20260323    23:08:45       0    147     36     42 
 20260323    23:08:45       1    145     38     49 
 20260323    23:08:45       2    142     37     45 
 20260323    23:08:45       3    161     35     43 
 20260323    23:09:15       0    147     36     42 
 20260323    23:09:15       1    146     39     50 
 20260323    23:09:15       2    142     37     45 
 20260323    23:09:15       3    161     35     43 
 20260323    23:09:45       0    148     36     42 
 20260323    23:09:45       1    145     38     49 
 20260323    23:09:45       2    142     37     45 
 20260323    23:09:45       3    161     35     43 
 20260323    23:10:15       0    147     36     42 
 20260323    23:10:15       1    146     39     49 
 20260323    23:10:15       2    142     37     45 
 20260323    23:10:15       3    161     36     43 
 20260323    23:10:45       0    147     36     42 
 20260323    23:10:45       1    145     39     49 
 20260323    23:10:45       2    141     37     45 
 20260323    23:10:45       3    161     35     43 
 20260323    23:11:15       0    147     36     42 
 20260323    23:11:15       1    145     39     49 
 20260323    23:11:15       2    142     37     45 
 20260323    23:11:15       3    161     35     43 
 20260323    23:11:45       0    147     36     42 
 20260323    23:11:45       1    145     39     50 
 20260323    23:11:45       2    142     37     45 
 20260323    23:11:45       3    161     36     43 
 20260323    23:12:15       0    147     36     42 
 20260323    23:12:15       1    145     39     50 
 20260323    23:12:15       2    141     37     45 
 20260323    23:12:15       3    161     35     41 
 20260323    23:12:45       0    146     36     42 
 20260323    23:12:45       1    145     39     49 
 20260323    23:12:45       2    142     37     45 
 20260323    23:12:45       3    161     36     43 
 20260323    23:13:15       0    147     36     42 
 20260323    23:13:15       1    146     39     49 
 20260323    23:13:15       2    142     37     45 
 20260323    23:13:15       3    162     35     43 
#Date        Time         gpu    pwr  gtemp  mtemp 
#YYYYMMDD    HH:MM:SS     Idx      W      C      C 
 20260323    23:13:45       0    146     36     42 
 20260323    23:13:45       1    145     39     49 
 20260323    23:13:45       2    141     37     45 
 20260323    23:13:45       3    161     35     43 
 20260323    23:14:15       0    146     36     43 
 20260323    23:14:15       1    145     39     49 
 20260323    23:14:15       2    141     37     45 
 20260323    23:14:15       3    161     35     43 
 20260323    23:14:45       0    146     36     42 
 20260323    23:14:45       1    145     38     49 
 20260323    23:14:45       2    142     37     45 
 20260323    23:14:45       3    161     35     43 
 20260323    23:15:15       0    145     36     42 
 20260323    23:15:15       1    145     39     49 
 20260323    23:15:15       2    142     37     45 
 20260323    23:15:15       3    161     35     43 
 20260323    23:15:45       0    146     36     42 
 20260323    23:15:45       1    145     39     49 
 20260323    23:15:45       2    142     37     45 
 20260323    23:15:45       3    162     36     43 
 20260323    23:16:15       0    146     36     42 
 20260323    23:16:15       1    145     39     49 
 20260323    23:16:15       2    141     37     45 
 20260323    23:16:15       3    161     36     43 
 20260323    23:16:45       0    146     36     42 
 20260323    23:16:45       1    145     39     49 
 20260323    23:16:45       2    141     37     45 
 20260323    23:16:45       3    161     35     43 
 20260323    23:17:15       0    146     36     43 
 20260323    23:17:15       1    145     38     49 
 20260323    23:17:15       2    141     37     45 
 20260323    23:17:15       3    161     35     43 
 20260323    23:17:45       0    134     34     42 
 20260323    23:17:45       1    132     37     47 
 20260323    23:17:45       2    129     36     43 
 20260323    23:17:45       3    148     35     43 
 20260323    23:18:15       0    133     34     42 
 20260323    23:18:15       1    132     37     48 
 20260323    23:18:15       2    129     36     43 
 20260323    23:18:15       3    149     35     43 
 20260323    23:18:45       0    234     38     42 
 20260323    23:18:45       1    230     41     49 
 20260323    23:18:45       2    229     40     45 
 20260323    23:18:45       3    247     38     44 
#Date        Time         gpu    pwr  gtemp  mtemp 
#YYYYMMDD    HH:MM:SS     Idx      W      C      C 
 20260323    23:19:15       0    148     36     42 
 20260323    23:19:15       1    145     39     50 
 20260323    23:19:15       2    142     37     45 
 20260323    23:19:15       3    161     35     43 
 20260323    23:19:45       0    148     36     42 
 20260323    23:19:45       1    145     39     49 
 20260323    23:19:45       2    142     37     45 
 20260323    23:19:45       3    161     35     43 
 20260323    23:20:15       0    147     36     42 
 20260323    23:20:15       1    144     38     49 
 20260323    23:20:15       2    141     37     45 
 20260323    23:20:15       3    160     35     43 
 20260323    23:20:45       0    147     36     42 
 20260323    23:20:45       1    145     39     49 
 20260323    23:20:45       2    142     37     45 
 20260323    23:20:45       3    161     35     43 
 20260323    23:21:15       0    147     36     42 
 20260323    23:21:15       1    145     39     49 
 20260323    23:21:15       2    142     37     45 
 20260323    23:21:15       3    162     36     43 
 20260323    23:21:45       0    147     36     42 
 20260323    23:21:45       1    145     39     50 
 20260323    23:21:45       2    142     37     45 
 20260323    23:21:45       3    162     36     43 
 20260323    23:22:15       0    147     36     42 
 20260323    23:22:15       1    145     39     50 
 20260323    23:22:15       2    141     37     45 
 20260323    23:22:15       3    161     35     43 
 20260323    23:22:45       0    147     36     42 
 20260323    23:22:45       1    146     39     49 
 20260323    23:22:45       2    141     37     45 
 20260323    23:22:45       3    161     36     43 
 20260323    23:23:15       0    147     36     42 
 20260323    23:23:15       1    145     39     49 
 20260323    23:23:15       2    142     37     45 
 20260323    23:23:15       3    162     36     43 
 20260323    23:23:45       0    148     36     42 
 20260323    23:23:45       1    145     39     49 
 20260323    23:23:45       2    142     37     45 
 20260323    23:23:45       3    161     36     43 
 20260323    23:24:15       0    148     36     42 
 20260323    23:24:15       1    146     39     49 
 20260323    23:24:15       2    142     37     45 
 20260323    23:24:15       3    161     36     43 
#Date        Time         gpu    pwr  gtemp  mtemp 
#YYYYMMDD    HH:MM:SS     Idx      W      C      C 
 20260323    23:24:45       0    149     36     42 
 20260323    23:24:45       1    144     39     49 
 20260323    23:24:45       2    142     37     45 
 20260323    23:24:45       3    161     35     43 
 20260323    23:25:15       0    148     36     42 
 20260323    23:25:15       1    145     39     49 
 20260323    23:25:15       2    142     37     45 
 20260323    23:25:15       3    161     35     43 
 20260323    23:25:45       0    148     36     43 
 20260323    23:25:45       1    145     38     49 
 20260323    23:25:45       2    141     37     45 
 20260323    23:25:45       3    161     35     41 
 20260323    23:26:15       0    148     36     43 
 20260323    23:26:15       1    145     39     49 
 20260323    23:26:15       2    141     37     45 
 20260323    23:26:15       3    161     35     42 
 20260323    23:26:45       0    149     36     43 
 20260323    23:26:45       1    145     38     49 
 20260323    23:26:45       2    142     37     45 
 20260323    23:26:45       3    161     35     42 
 20260323    23:27:15       0    148     36     42 
 20260323    23:27:15       1    146     39     49 
 20260323    23:27:15       2    142     37     45 
 20260323    23:27:15       3    162     36     43 
 20260323    23:27:45       0    148     36     42 
 20260323    23:27:45       1    144     39     49 
 20260323    23:27:45       2    142     37     45 
 20260323    23:27:45       3    161     35     43 
 20260323    23:28:15       0    148     36     42 
 20260323    23:28:15       1    144     38     49 
 20260323    23:28:15       2    141     37     45 
 20260323    23:28:15       3    161     35     41 
 20260323    23:28:45       0    148     36     42 
 20260323    23:28:45       1    145     38     49 
 20260323    23:28:45       2    143     37     45 
 20260323    23:28:45       3    162     35     43 
 20260323    23:29:15       0    148     36     42 
 20260323    23:29:15       1    145     39     49 
 20260323    23:29:15       2    142     37     45 
 20260323    23:29:15       3    161     35     43 
 20260323    23:29:45       0    147     36     42 
 20260323    23:29:45       1    145     39     49 
 20260323    23:29:45       2    142     37     45 
 20260323    23:29:45       3    161     35     43 
#Date        Time         gpu    pwr  gtemp  mtemp 
#YYYYMMDD    HH:MM:SS     Idx      W      C      C 
 20260323    23:30:15       0    147     36     42 
 20260323    23:30:15       1    145     39     50 
 20260323    23:30:15       2    141     37     45 
 20260323    23:30:15       3    161     35     41 
 20260323    23:30:45       0    147     36     42 
 20260323    23:30:45       1    145     39     49 
 20260323    23:30:45       2    142     37     45 
 20260323    23:30:45       3    162     35     43 
 20260323    23:31:15       0    147     36     42 
 20260323    23:31:15       1    145     39     49 
 20260323    23:31:15       2    142     37     45 
 20260323    23:31:15       3    161     35     43 
 20260323    23:31:45       0    147     36     42 
 20260323    23:31:45       1    145     39     49 
 20260323    23:31:45       2    141     37     45 
 20260323    23:31:45       3    160     35     43 
 20260323    23:32:15       0    147     36     42 
 20260323    23:32:15       1    146     39     49 
 20260323    23:32:15       2    142     37     45 
 20260323    23:32:15       3    162     35     43 
 20260323    23:32:45       0    147     36     42 
 20260323    23:32:45       1    145     39     50 
 20260323    23:32:45       2    142     37     45 
 20260323    23:32:45       3    161     36     43 
 20260323    23:33:15       0    148     36     42 
 20260323    23:33:15       1    146     39     49 
 20260323    23:33:15       2    142     37     45 
 20260323    23:33:15       3    162     36     43 
 20260323    23:33:45       0    134     35     42 
 20260323    23:33:45       1    133     37     47 
 20260323    23:33:45       2    131     36     43 
 20260323    23:33:45       3    149     35     43 
 20260323    23:34:15       0    134     35     42 
 20260323    23:34:15       1    133     37     48 
 20260323    23:34:15       2    131     36     43 
 20260323    23:34:15       3    149     35     43 
 20260323    23:34:45       0    134     34     42 
 20260323    23:34:45       1    133     37     47 
 20260323    23:34:45       2    131     36     43 
 20260323    23:34:45       3    149     35     43 
 20260323    23:35:15       0    147     36     42 
 20260323    23:35:15       1    145     39     49 
 20260323    23:35:15       2    142     37     45 
 20260323    23:35:15       3    161     35     41 
#Date        Time         gpu    pwr  gtemp  mtemp 
#YYYYMMDD    HH:MM:SS     Idx      W      C      C 
 20260323    23:35:45       0    146     36     42 
 20260323    23:35:45       1    144     39     49 
 20260323    23:35:45       2    141     37     45 
 20260323    23:35:45       3    161     35     43 
 20260323    23:36:15       0    147     36     42 
 20260323    23:36:15       1    145     39     49 
 20260323    23:36:15       2    142     37     45 
 20260323    23:36:15       3    161     35     43 
 20260323    23:36:45       0    146     36     42 
 20260323    23:36:45       1    145     38     49 
 20260323    23:36:45       2    142     37     45 
 20260323    23:36:45       3    161     35     43 
 20260323    23:37:15       0    147     36     42 
 20260323    23:37:15       1    145     39     49 
 20260323    23:37:15       2    142     37     45 
 20260323    23:37:15       3    161     35     43 
 20260323    23:37:45       0    147     36     42 
 20260323    23:37:45       1    145     39     50 
 20260323    23:37:45       2    142     37     45 
 20260323    23:37:45       3    162     36     43 
 20260323    23:38:15       0    147     36     42 
 20260323    23:38:15       1    145     39     49 
 20260323    23:38:15       2    141     37     45 
 20260323    23:38:15       3    161     36     43 
 20260323    23:38:45       0    148     36     42 
 20260323    23:38:45       1    144     39     49 
 20260323    23:38:45       2    142     37     45 
 20260323    23:38:45       3    161     35     43 
 20260323    23:39:15       0    148     36     42 
 20260323    23:39:15       1    146     39     49 
 20260323    23:39:15       2    142     37     45 
 20260323    23:39:15       3    162     36     43 
 20260323    23:39:45       0    164     36     44 
 20260323    23:39:45       1    203     41     53 
 20260323    23:39:45       2    145     38     47 
 20260323    23:39:45       3    219     37     45 
 20260323    23:40:15       0    141     36     42 
 20260323    23:40:15       1    139     39     49 
 20260323    23:40:15       2    136     37     45 
 20260323    23:40:15       3    155     36     43 
 20260323    23:40:46       0    148     36     42 
 20260323    23:40:46       1    145     39     49 
 20260323    23:40:46       2    142     38     45 
 20260323    23:40:46       3    162     36     43 
#Date        Time         gpu    pwr  gtemp  mtemp 
#YYYYMMDD    HH:MM:SS     Idx      W      C      C 
 20260323    23:41:16       0    147     36     42 
 20260323    23:41:16       1    146     39     49 
 20260323    23:41:16       2    143     38     45 
 20260323    23:41:16       3    162     36     43 
 20260323    23:41:46       0    147     36     42 
 20260323    23:41:46       1    145     39     50 
 20260323    23:41:46       2    142     37     45 
 20260323    23:41:46       3    161     36     43 
 20260323    23:42:16       0    146     36     42 
 20260323    23:42:16       1    145     39     49 
 20260323    23:42:16       2    141     37     45 
 20260323    23:42:16       3    161     36     43 
 20260323    23:42:46       0    146     36     42 
 20260323    23:42:46       1    144     39     49 
 20260323    23:42:46       2    141     37     45 
 20260323    23:42:46       3    160     36     43 
 20260323    23:43:16       0    147     36     42 
 20260323    23:43:16       1    145     39     50 
 20260323    23:43:16       2    141     38     45 
 20260323    23:43:16       3    161     36     43 
 20260323    23:43:46       0    148     36     42 
 20260323    23:43:46       1    145     39     50 
 20260323    23:43:46       2    142     37     45 
 20260323    23:43:46       3    162     36     43 
 20260323    23:44:16       0    146     36     43 
 20260323    23:44:16       1    144     39     49 
 20260323    23:44:16       2    141     37     45 
 20260323    23:44:16       3    160     35     43 
 20260323    23:44:46       0    147     36     42 
 20260323    23:44:46       1    145     38     49 
 20260323    23:44:46       2    142     37     45 
 20260323    23:44:46       3    161     35     42 
 20260323    23:45:16       0    148     36     42 
 20260323    23:45:16       1    145     39     49 
 20260323    23:45:16       2    142     37     45 
 20260323    23:45:16       3    161     35     43 
 20260323    23:45:46       0    148     36     43 
 20260323    23:45:46       1    145     39     50 
 20260323    23:45:46       2    142     37     45 
 20260323    23:45:46       3    161     35     43 
 20260323    23:46:16       0    147     36     42 
 20260323    23:46:16       1    144     38     49 
 20260323    23:46:16       2    142     37     45 
 20260323    23:46:16       3    161     35     43 
#Date        Time         gpu    pwr  gtemp  mtemp 
#YYYYMMDD    HH:MM:SS     Idx      W      C      C 
 20260323    23:46:46       0    147     36     42 
 20260323    23:46:46       1    145     39     49 
 20260323    23:46:46       2    142     37     45 
 20260323    23:46:46       3    161     35     43 
 20260323    23:47:16       0    147     36     42 
 20260323    23:47:16       1    146     39     49 
 20260323    23:47:16       2    142     37     45 
 20260323    23:47:16       3    161     35     43 
 20260323    23:47:46       0    134     34     42 
 20260323    23:47:46       1    133     37     47 
 20260323    23:47:46       2    129     36     43 
 20260323    23:47:46       3    149     35     43 
 20260323    23:48:16       0    134     35     42 
 20260323    23:48:16       1    133     37     47 
 20260323    23:48:16       2    129     36     43 
 20260323    23:48:16       3    149     35     43 
 20260323    23:48:46       0    148     36     42 
 20260323    23:48:46       1    146     39     49 
 20260323    23:48:46       2    142     37     45 
 20260323    23:48:46       3    162     36     43 
 20260323    23:49:16       0    147     36     42 
 20260323    23:49:16       1    145     39     49 
 20260323    23:49:16       2    142     37     45 
 20260323    23:49:16       3    161     35     43 
 20260323    23:49:46       0    147     36     42 
 20260323    23:49:46       1    145     38     49 
 20260323    23:49:46       2    142     37     45 
 20260323    23:49:46       3    161     35     43 
 20260323    23:50:16       0    147     36     42 
 20260323    23:50:16       1    145     38     49 
 20260323    23:50:16       2    142     37     45 
 20260323    23:50:16       3    161     35     43 
 20260323    23:50:46       0    148     36     42 
 20260323    23:50:46       1    144     39     49 
 20260323    23:50:46       2    141     37     45 
 20260323    23:50:46       3    160     35     43 
 20260323    23:51:16       0    148     36     42 
 20260323    23:51:16       1    145     39     49 
 20260323    23:51:16       2    142     37     45 
 20260323    23:51:16       3    161     35     43 
 20260323    23:51:46       0    146     36     42 
 20260323    23:51:46       1    145     39     49 
 20260323    23:51:46       2    141     37     45 
 20260323    23:51:46       3    161     35     43 
#Date        Time         gpu    pwr  gtemp  mtemp 
#YYYYMMDD    HH:MM:SS     Idx      W      C      C 
 20260323    23:52:16       0    147     36     42 
 20260323    23:52:16       1    145     39     49 
 20260323    23:52:16       2    142     37     45 
 20260323    23:52:16       3    161     35     43 
 20260323    23:52:46       0    146     36     42 
 20260323    23:52:46       1    144     38     49 
 20260323    23:52:46       2    142     37     45 
 20260323    23:52:46       3    162     35     43 
 20260323    23:53:16       0    146     36     42 
 20260323    23:53:16       1    145     39     49 
 20260323    23:53:16       2    141     37     45 
 20260323    23:53:16       3    160     35     41 
 20260323    23:53:46       0    147     36     43 
 20260323    23:53:46       1    145     39     49 
 20260323    23:53:46       2    141     37     45 
 20260323    23:53:46       3    161     35     43 
 20260323    23:54:16       0    147     36     42 
 20260323    23:54:16       1    144     39     49 
 20260323    23:54:16       2    142     37     45 
 20260323    23:54:16       3    161     35     43 
 20260323    23:54:46       0    148     36     42 
 20260323    23:54:46       1    145     39     49 
 20260323    23:54:46       2    142     37     45 
 20260323    23:54:46       3    161     35     43 
 20260323    23:55:16       0    146     36     42 
 20260323    23:55:16       1    145     38     49 
 20260323    23:55:16       2    141     37     45 
 20260323    23:55:16       3    161     35     43 
 20260323    23:55:46       0    147     36     42 
 20260323    23:55:46       1    145     38     49 
 20260323    23:55:46       2    142     37     45 
 20260323    23:55:46       3    161     35     43 
 20260323    23:56:16       0    147     36     42 
 20260323    23:56:16       1    145     38     49 
 20260323    23:56:16       2    142     37     45 
 20260323    23:56:16       3    161     35     43 
 20260323    23:56:46       0    147     36     42 
 20260323    23:56:46       1    145     39     49 
 20260323    23:56:46       2    142     37     45 
 20260323    23:56:46       3    161     36     43 
 20260323    23:57:16       0    147     36     43 
 20260323    23:57:16       1    144     38     49 
 20260323    23:57:16       2    141     37     45 
 20260323    23:57:16       3    161     35     43 
#Date        Time         gpu    pwr  gtemp  mtemp 
#YYYYMMDD    HH:MM:SS     Idx      W      C      C 
 20260323    23:57:46       0    147     36     43 
 20260323    23:57:46       1    145     39     49 
 20260323    23:57:46       2    142     37     45 
 20260323    23:57:46       3    161     35     43 
 20260323    23:58:16       0    146     36     43 
 20260323    23:58:16       1    144     39     49 
 20260323    23:58:16       2    141     37     45 
 20260323    23:58:16       3    161     35     41 
 20260323    23:58:46       0    147     36     42 
 20260323    23:58:46       1    145     38     49 
 20260323    23:58:46       2    142     37     45 
 20260323    23:58:46       3    161     35     43 
 20260323    23:59:16       0    147     36     43 
 20260323    23:59:16       1    145     39     49 
 20260323    23:59:16       2    142     37     45 
 20260323    23:59:16       3    161     35     43 
 20260323    23:59:46       0    147     36     43 
 20260323    23:59:46       1    145     39     49 
 20260323    23:59:46       2    142     37     45 
 20260323    23:59:46       3    161     35     42 
 20260324    00:00:16       0    147     36     42 
 20260324    00:00:16       1    145     39     49 
 20260324    00:00:16       2    142     37     45 
 20260324    00:00:16       3    161     35     43 
 20260324    00:00:46       0    147     36     42 
 20260324    00:00:46       1    146     39     50 
 20260324    00:00:46       2    142     37     45 
 20260324    00:00:46       3    161     35     43 
 20260324    00:01:16       0    147     36     42 
 20260324    00:01:16       1    145     38     49 
 20260324    00:01:16       2    142     37     45 
 20260324    00:01:16       3    161     35     41 
 20260324    00:01:46       0    146     36     42 
 20260324    00:01:46       1    145     38     49 
 20260324    00:01:46       2    142     37     45 
 20260324    00:01:46       3    161     35     43 
 20260324    00:02:16       0    148     36     42 
 20260324    00:02:16       1    145     39     49 
 20260324    00:02:16       2    142     37     45 
 20260324    00:02:16       3    161     35     43 
 20260324    00:02:46       0    146     36     42 
 20260324    00:02:46       1    145     39     49 
 20260324    00:02:46       2    141     37     45 
 20260324    00:02:46       3    161     35     43 
#Date        Time         gpu    pwr  gtemp  mtemp 
#YYYYMMDD    HH:MM:SS     Idx      W      C      C 
 20260324    00:03:16       0    134     34     42 
 20260324    00:03:16       1    132     37     48 
 20260324    00:03:16       2    129     36     43 
 20260324    00:03:16       3    148     34     43 
 20260324    00:03:46       0    133     34     40 
 20260324    00:03:46       1    132     37     47 
 20260324    00:03:46       2    129     36     43 
 20260324    00:03:46       3    148     34     41 
 20260324    00:04:16       0    133     34     40 
 20260324    00:04:16       1    132     37     47 
 20260324    00:04:16       2    129     36     43 
 20260324    00:04:16       3    148     34     42 
 20260324    00:04:46       0    147     36     43 
 20260324    00:04:46       1    145     38     49 
 20260324    00:04:46       2    143     37     45 
 20260324    00:04:46       3    161     35     43 
 20260324    00:05:16       0    147     36     42 
 20260324    00:05:16       1    145     38     49 
 20260324    00:05:16       2    143     37     45 
 20260324    00:05:16       3    161     35     42 
 20260324    00:05:46       0    148     36     42 
 20260324    00:05:46       1    144     39     49 
 20260324    00:05:46       2    143     37     45 
 20260324    00:05:46       3    161     35     41 
 20260324    00:06:16       0    147     35     42 
 20260324    00:06:16       1    145     38     49 
 20260324    00:06:16       2    143     37     45 
 20260324    00:06:16       3    161     35     42 
 20260324    00:06:46       0    147     36     42 
 20260324    00:06:46       1    144     38     49 
 20260324    00:06:46       2    143     37     45 
 20260324    00:06:46       3    161     35     42 
 20260324    00:07:16       0    147     36     42 
 20260324    00:07:16       1    145     38     49 
 20260324    00:07:16       2    143     37     45 
 20260324    00:07:16       3    161     35     43 
 20260324    00:07:46       0    147     36     42 
 20260324    00:07:46       1    146     38     49 
 20260324    00:07:46       2    143     37     45 
 20260324    00:07:46       3    161     35     43 
 20260324    00:08:16       0    147     36     42 
 20260324    00:08:16       1    145     39     49 
 20260324    00:08:16       2    143     37     45 
 20260324    00:08:16       3    161     35     43 
#Date        Time         gpu    pwr  gtemp  mtemp 
#YYYYMMDD    HH:MM:SS     Idx      W      C      C 
 20260324    00:08:46       0    148     36     42 
 20260324    00:08:46       1    145     39     49 
 20260324    00:08:46       2    143     37     45 
 20260324    00:08:46       3    161     35     43 
 20260324    00:09:16       0    147     36     42 
 20260324    00:09:16       1    145     39     49 
 20260324    00:09:16       2    143     37     45 
 20260324    00:09:16       3    161     36     43 
 20260324    00:09:46       0    147     36     42 
 20260324    00:09:46       1    145     39     50 
 20260324    00:09:46       2    142     37     45 
 20260324    00:09:46       3    160     35     43 
 20260324    00:10:16       0    147     36     43 
 20260324    00:10:16       1    145     39     50 
 20260324    00:10:16       2    141     37     45 
 20260324    00:10:16       3    161     35     43 
 20260324    00:10:46       0    148     36     42 
 20260324    00:10:46       1    145     39     49 
 20260324    00:10:46       2    142     37     45 
 20260324    00:10:46       3    161     35     43 
 20260324    00:11:16       0    147     36     42 
 20260324    00:11:16       1    145     39     49 
 20260324    00:11:16       2    142     37     45 
 20260324    00:11:16       3    161     36     43 
 20260324    00:11:46       0    147     36     42 
 20260324    00:11:46       1    144     39     49 
 20260324    00:11:46       2    141     37     45 
 20260324    00:11:46       3    161     35     43 
 20260324    00:12:16       0    147     36     42 
 20260324    00:12:16       1    144     38     49 
 20260324    00:12:16       2    141     37     45 
 20260324    00:12:16       3    161     35     43 
 20260324    00:12:46       0    147     36     42 
 20260324    00:12:46       1    144     39     49 
 20260324    00:12:46       2    141     37     45 
 20260324    00:12:46       3    161     35     43 
 20260324    00:13:16       0    147     36     42 
 20260324    00:13:16       1    145     38     49 
 20260324    00:13:16       2    141     37     45 
 20260324    00:13:16       3    161     35     43 
 20260324    00:13:46       0    147     36     42 
 20260324    00:13:46       1    144     39     49 
 20260324    00:13:46       2    141     37     45 
 20260324    00:13:46       3    160     35     43 
#Date        Time         gpu    pwr  gtemp  mtemp 
#YYYYMMDD    HH:MM:SS     Idx      W      C      C 
 20260324    00:14:16       0    147     36     42 
 20260324    00:14:16       1    145     39     49 
 20260324    00:14:16       2    141     37     45 
 20260324    00:14:16       3    161     35     43 
 20260324    00:14:46       0    148     36     42 
 20260324    00:14:46       1    145     39     49 
 20260324    00:14:46       2    142     37     45 
 20260324    00:14:46       3    161     35     43 
 20260324    00:15:16       0    148     36     42 
 20260324    00:15:16       1    145     38     49 
 20260324    00:15:16       2    142     37     45 
 20260324    00:15:16       3    161     35     43 
 20260324    00:15:46       0    147     36     42 
 20260324    00:15:46       1    144     39     49 
 20260324    00:15:46       2    141     37     45 
 20260324    00:15:46       3    160     35     43 
 20260324    00:16:16       0    148     36     42 
 20260324    00:16:16       1    145     39     49 
 20260324    00:16:16       2    142     37     45 
 20260324    00:16:16       3    162     35     42 
 20260324    00:16:46       0    147     36     43 
 20260324    00:16:46       1    145     38     50 
 20260324    00:16:46       2    142     37     45 
 20260324    00:16:46       3    161     35     43 
 20260324    00:17:16       0    133     34     41 
 20260324    00:17:16       1    133     37     47 
 20260324    00:17:16       2    130     36     43 
 20260324    00:17:16       3    148     35     43 
 20260324    00:17:46       0    133     34     41 
 20260324    00:17:46       1    133     37     47 
 20260324    00:17:46       2    130     36     43 
 20260324    00:17:46       3    148     34     43 
 20260324    00:18:16       0    133     34     40 
 20260324    00:18:16       1    133     37     47 
 20260324    00:18:16       2    130     36     43 
 20260324    00:18:16       3    148     34     41 
 20260324    00:18:46       0    146     36     43 
 20260324    00:18:46       1    144     38     49 
 20260324    00:18:46       2    142     37     45 
 20260324    00:18:46       3    161     35     43 
 20260324    00:19:16       0    146     36     42 
 20260324    00:19:16       1    145     38     49 
 20260324    00:19:16       2    142     37     45 
 20260324    00:19:16       3    161     35     41 
#Date        Time         gpu    pwr  gtemp  mtemp 
#YYYYMMDD    HH:MM:SS     Idx      W      C      C 
 20260324    00:19:46       0    146     36     42 
 20260324    00:19:46       1    145     39     49 
 20260324    00:19:46       2    142     37     45 
 20260324    00:19:46       3    161     35     43 
 20260324    00:20:16       0    147     36     42 
 20260324    00:20:16       1    145     39     49 
 20260324    00:20:16       2    142     37     45 
 20260324    00:20:16       3    161     35     43 
 20260324    00:20:46       0    146     36     42 
 20260324    00:20:46       1    145     38     49 
 20260324    00:20:46       2    142     37     45 
 20260324    00:20:46       3    161     35     41 
 20260324    00:21:16       0    147     36     42 
 20260324    00:21:16       1    145     38     49 
 20260324    00:21:16       2    142     37     45 
 20260324    00:21:16       3    161     35     41 
 20260324    00:21:46       0    147     36     43 
 20260324    00:21:46       1    145     39     49 
 20260324    00:21:46       2    141     37     45 
 20260324    00:21:46       3    161     35     43 
 20260324    00:22:16       0    148     36     42 
 20260324    00:22:16       1    145     39     49 
 20260324    00:22:16       2    142     37     45 
 20260324    00:22:16       3    161     35     42 
 20260324    00:22:46       0    147     36     42 
 20260324    00:22:46       1    145     38     49 
 20260324    00:22:46       2    142     37     45 
 20260324    00:22:46       3    160     35     42 
 20260324    00:23:16       0    146     36     42 
 20260324    00:23:16       1    145     38     49 
 20260324    00:23:16       2    142     37     45 
 20260324    00:23:16       3    161     35     42 
 20260324    00:23:46       0    146     36     42 
 20260324    00:23:46       1    145     39     49 
 20260324    00:23:46       2    142     37     45 
 20260324    00:23:46       3    161     35     43 
 20260324    00:24:16       0    147     36     43 
 20260324    00:24:16       1    146     39     49 
 20260324    00:24:16       2    142     37     45 
 20260324    00:24:16       3    162     35     41 
 20260324    00:24:46       0    146     36     42 
 20260324    00:24:46       1    145     38     49 
 20260324    00:24:46       2    142     37     45 
 20260324    00:24:46       3    161     35     43 
#Date        Time         gpu    pwr  gtemp  mtemp 
#YYYYMMDD    HH:MM:SS     Idx      W      C      C 
 20260324    00:25:16       0    146     36     43 
 20260324    00:25:16       1    145     39     49 
 20260324    00:25:16       2    141     37     45 
 20260324    00:25:16       3    160     35     41 
 20260324    00:25:46       0    146     36     42 
 20260324    00:25:46       1    145     39     49 
 20260324    00:25:46       2    141     37     45 
 20260324    00:25:46       3    161     35     43 
 20260324    00:26:16       0    146     36     43 
 20260324    00:26:16       1    145     38     49 
 20260324    00:26:16       2    141     37     45 
 20260324    00:26:16       3    161     35     43 
 20260324    00:26:46       0    146     36     42 
 20260324    00:26:46       1    145     38     49 
 20260324    00:26:46       2    142     37     45 
 20260324    00:26:46       3    162     35     42 
 20260324    00:27:16       0    146     35     42 
 20260324    00:27:16       1    145     38     49 
 20260324    00:27:16       2    141     37     45 
 20260324    00:27:16       3    161     35     42 
 20260324    00:27:46       0    146     36     43 
 20260324    00:27:46       1    144     38     49 
 20260324    00:27:46       2    141     37     45 
 20260324    00:27:46       3    161     35     42 
 20260324    00:28:16       0    146     36     42 
 20260324    00:28:16       1    145     39     49 
 20260324    00:28:16       2    142     37     45 
 20260324    00:28:16       3    161     35     43 
 20260324    00:28:46       0    147     36     42 
 20260324    00:28:46       1    145     38     49 
 20260324    00:28:46       2    142     37     45 
 20260324    00:28:46       3    161     35     43 
 20260324    00:29:16       0    147     36     42 
 20260324    00:29:16       1    145     39     49 
 20260324    00:29:16       2    142     37     45 
 20260324    00:29:16       3    161     35     43 
 20260324    00:29:46       0    146     35     42 
 20260324    00:29:46       1    145     38     49 
 20260324    00:29:46       2    141     37     45 
 20260324    00:29:46       3    161     35     43 
 20260324    00:30:16       0    147     36     42 
 20260324    00:30:16       1    145     39     49 
 20260324    00:30:16       2    142     37     45 
 20260324    00:30:16       3    162     35     43 
#Date        Time         gpu    pwr  gtemp  mtemp 
#YYYYMMDD    HH:MM:SS     Idx      W      C      C 
 20260324    00:30:46       0    148     36     42 
 20260324    00:30:46       1    146     39     50 
 20260324    00:30:46       2    142     37     45 
 20260324    00:30:46       3    161     35     43 
 20260324    00:31:16       0    146     36     42 
 20260324    00:31:16       1    145     39     49 
 20260324    00:31:16       2    141     37     45 
 20260324    00:31:16       3    160     35     43 
 20260324    00:31:46       0    146     36     42 
 20260324    00:31:46       1    145     39     50 
 20260324    00:31:46       2    142     37     45 
 20260324    00:31:46       3    162     35     43 
 20260324    00:32:16       0    147     36     42 
 20260324    00:32:16       1    146     39     50 
 20260324    00:32:16       2    142     38     45 
 20260324    00:32:16       3    162     36     43 
 20260324    00:32:46       0    210     37     44 
 20260324    00:32:46       1    205     40     49 
 20260324    00:32:46       2    206     38     45 
 20260324    00:32:46       3    228     36     43 
 20260324    00:33:16       0    134     34     41 
 20260324    00:33:16       1    132     37     47 
 20260324    00:33:16       2    129     36     44 
 20260324    00:33:16       3    148     35     43 
 20260324    00:33:46       0    133     34     40 
 20260324    00:33:46       1    132     37     47 
 20260324    00:33:46       2    129     36     43 
 20260324    00:33:46       3    148     34     41 
 20260324    00:34:16       0    133     34     41 
 20260324    00:34:16       1    132     37     47 
 20260324    00:34:16       2    129     36     43 
 20260324    00:34:16       3    148     34     41 
 20260324    00:34:46       0    146     36     42 
 20260324    00:34:46       1    145     38     49 
 20260324    00:34:46       2    143     37     45 
 20260324    00:34:46       3    160     35     41 
 20260324    00:35:16       0    146     35     42 
 20260324    00:35:16       1    145     38     49 
 20260324    00:35:16       2    143     37     45 
 20260324    00:35:16       3    160     35     42 
 20260324    00:35:46       0    146     36     42 
 20260324    00:35:46       1    145     39     49 
 20260324    00:35:46       2    143     37     45 
 20260324    00:35:46       3    161     35     43 
#Date        Time         gpu    pwr  gtemp  mtemp 
#YYYYMMDD    HH:MM:SS     Idx      W      C      C 
 20260324    00:36:16       0    147     36     42 
 20260324    00:36:16       1    145     39     49 
 20260324    00:36:16       2    142     37     45 
 20260324    00:36:16       3    161     35     43 
 20260324    00:36:46       0    147     36     42 
 20260324    00:36:46       1    145     38     49 
 20260324    00:36:46       2    143     37     45 
 20260324    00:36:46       3    161     35     43 
 20260324    00:37:16       0    147     36     43 
 20260324    00:37:16       1    145     39     49 
 20260324    00:37:16       2    143     37     45 
 20260324    00:37:16       3    162     35     43 
 20260324    00:37:46       0    147     36     42 
 20260324    00:37:46       1    145     39     49 
 20260324    00:37:46       2    143     37     45 
 20260324    00:37:46       3    161     35     43 
 20260324    00:38:16       0    146     36     42 
 20260324    00:38:16       1    144     39     49 
 20260324    00:38:16       2    143     37     45 
 20260324    00:38:16       3    161     35     43 
 20260324    00:38:46       0    147     36     42 
 20260324    00:38:46       1    145     39     49 
 20260324    00:38:46       2    144     37     45 
 20260324    00:38:46       3    162     35     43 
 20260324    00:39:16       0    374     41     52 
 20260324    00:39:16       1    433     47     61 
 20260324    00:39:16       2    441     46     53 
 20260324    00:39:16       3    426     43     53 
 20260324    00:39:46       0    147     36     42 
 20260324    00:39:46       1    145     39     50 
 20260324    00:39:46       2    143     37     45 
 20260324    00:39:46       3    161     35     43 
 20260324    00:40:16       0    148     36     42 
 20260324    00:40:16       1    146     39     49 
 20260324    00:40:16       2    143     37     45 
 20260324    00:40:16       3    162     35     43 
 20260324    00:40:46       0    147     36     42 
 20260324    00:40:46       1    145     39     49 
 20260324    00:40:46       2    143     37     45 
 20260324    00:40:46       3    161     35     43 
 20260324    00:41:16       0    147     36     42 
 20260324    00:41:16       1    145     39     49 
 20260324    00:41:16       2    142     37     45 
 20260324    00:41:16       3    160     35     43 
#Date        Time         gpu    pwr  gtemp  mtemp 
#YYYYMMDD    HH:MM:SS     Idx      W      C      C 
 20260324    00:41:46       0    147     36     42 
 20260324    00:41:46       1    145     39     49 
 20260324    00:41:46       2    143     37     45 
 20260324    00:41:46       3    161     35     43 
 20260324    00:42:16       0    146     36     43 
 20260324    00:42:16       1    145     39     49 
 20260324    00:42:16       2    142     37     45 
 20260324    00:42:16       3    161     35     43 
 20260324    00:42:46       0    146     36     42 
 20260324    00:42:46       1    145     38     49 
 20260324    00:42:46       2    142     37     45 
 20260324    00:42:46       3    160     35     43 
 20260324    00:43:16       0    146     36     43 
 20260324    00:43:16       1    145     38     49 
 20260324    00:43:16       2    142     37     45 
 20260324    00:43:16       3    161     35     43 
 20260324    00:43:46       0    147     36     42 
 20260324    00:43:46       1    146     39     49 
 20260324    00:43:46       2    143     37     45 
 20260324    00:43:46       3    161     35     43 
 20260324    00:44:16       0    147     36     42 
 20260324    00:44:16       1    145     38     49 
 20260324    00:44:16       2    143     37     45 
 20260324    00:44:16       3    161     35     43 
 20260324    00:44:46       0    147     36     43 
 20260324    00:44:46       1    145     39     49 
 20260324    00:44:46       2    143     37     45 
 20260324    00:44:46       3    161     35     42 
 20260324    00:45:16       0    147     36     42 
 20260324    00:45:16       1    146     39     49 
 20260324    00:45:16       2    143     37     45 
 20260324    00:45:16       3    161     35     43 
 20260324    00:45:46       0    147     36     43 
 20260324    00:45:46       1    145     38     49 
 20260324    00:45:46       2    143     37     45 
 20260324    00:45:46       3    160     35     42 
 20260324    00:46:16       0    147     36     42 
 20260324    00:46:16       1    145     38     49 
 20260324    00:46:16       2    143     37     45 
 20260324    00:46:16       3    161     35     42 
 20260324    00:46:46       0    134     35     42 
 20260324    00:46:46       1    133     37     47 
 20260324    00:46:46       2    131     36     44 
 20260324    00:46:46       3    149     35     43 
#Date        Time         gpu    pwr  gtemp  mtemp 
#YYYYMMDD    HH:MM:SS     Idx      W      C      C 
 20260324    00:47:16       0    134     34     41 
 20260324    00:47:16       1    132     37     47 
 20260324    00:47:16       2    131     36     43 
 20260324    00:47:16       3    148     34     43 
 20260324    00:47:46       0    133     34     41 
 20260324    00:47:46       1    132     37     47 
 20260324    00:47:46       2    131     36     43 
 20260324    00:47:46       3    148     35     43 
 20260324    00:48:16       0    147     36     42 
 20260324    00:48:16       1    145     39     49 
 20260324    00:48:16       2    143     37     45 
 20260324    00:48:16       3    162     35     43 
 20260324    00:48:46       0    147     36     42 
 20260324    00:48:46       1    145     38     49 
 20260324    00:48:46       2    143     37     45 
 20260324    00:48:46       3    161     35     43 
 20260324    00:49:16       0    146     36     42 
 20260324    00:49:16       1    145     39     49 
 20260324    00:49:16       2    142     37     45 
 20260324    00:49:16       3    161     35     43 
 20260324    00:49:46       0    146     36     43 
 20260324    00:49:46       1    145     39     50 
 20260324    00:49:46       2    142     37     45 
 20260324    00:49:46       3    161     35     43 
 20260324    00:50:16       0    147     36     42 
 20260324    00:50:16       1    145     38     49 
 20260324    00:50:16       2    143     37     45 
 20260324    00:50:16       3    161     35     43 
 20260324    00:50:46       0    146     36     42 
 20260324    00:50:46       1    145     39     49 
 20260324    00:50:46       2    143     37     45 
 20260324    00:50:46       3    161     35     42 
 20260324    00:51:16       0    147     36     42 
 20260324    00:51:16       1    145     39     49 
 20260324    00:51:16       2    143     37     45 
 20260324    00:51:16       3    161     35     43 
 20260324    00:51:46       0    147     36     42 
 20260324    00:51:46       1    145     39     49 
 20260324    00:51:46       2    142     37     45 
 20260324    00:51:46       3    160     35     41 
 20260324    00:52:16       0    146     36     42 
 20260324    00:52:16       1    145     39     49 
 20260324    00:52:16       2    143     37     45 
 20260324    00:52:16       3    161     35     43 
#Date        Time         gpu    pwr  gtemp  mtemp 
#YYYYMMDD    HH:MM:SS     Idx      W      C      C 
 20260324    00:52:46       0    146     36     42 
 20260324    00:52:46       1    144     38     49 
 20260324    00:52:46       2    143     37     45 
 20260324    00:52:46       3    161     35     42 
 20260324    00:53:16       0    147     36     42 
 20260324    00:53:16       1    145     39     49 
 20260324    00:53:16       2    143     37     45 
 20260324    00:53:16       3    161     35     43 
 20260324    00:53:46       0    146     36     42 
 20260324    00:53:46       1    145     38     50 
 20260324    00:53:46       2    143     37     45 
 20260324    00:53:46       3    161     35     43 
 20260324    00:54:16       0    146     36     42 
 20260324    00:54:16       1    145     39     49 
 20260324    00:54:16       2    143     37     45 
 20260324    00:54:16       3    161     35     43 
 20260324    00:54:46       0    147     36     42 
 20260324    00:54:46       1    145     39     49 
 20260324    00:54:46       2    144     37     45 
 20260324    00:54:46       3    162     36     43 
 20260324    00:55:16       0    146     36     42 
 20260324    00:55:16       1    144     39     49 
 20260324    00:55:16       2    143     38     45 
 20260324    00:55:16       3    161     36     43 
 20260324    00:55:46       0    146     36     42 
 20260324    00:55:46       1    145     39     49 
 20260324    00:55:46       2    143     38     45 
 20260324    00:55:46       3    161     36     43 
 20260324    00:56:16       0    146     36     42 
 20260324    00:56:16       1    144     39     49 
 20260324    00:56:16       2    143     37     45 
 20260324    00:56:16       3    161     35     43 
 20260324    00:56:46       0    146     36     42 
 20260324    00:56:46       1    145     39     50 
 20260324    00:56:46       2    143     37     45 
 20260324    00:56:46       3    161     35     43 
 20260324    00:57:16       0    147     36     42 
 20260324    00:57:16       1    144     39     49 
 20260324    00:57:16       2    143     38     45 
 20260324    00:57:16       3    161     36     43 
 20260324    00:57:46       0    142     35     42 
 20260324    00:57:46       1    143     38     50 
 20260324    00:57:46       2    135     37     45 
 20260324    00:57:46       3    153     35     43 
#Date        Time         gpu    pwr  gtemp  mtemp 
#YYYYMMDD    HH:MM:SS     Idx      W      C      C 
 20260324    00:58:16       0    146     36     42 
 20260324    00:58:16       1    145     38     49 
 20260324    00:58:16       2    143     37     45 
 20260324    00:58:16       3    161     35     43 
 20260324    00:58:46       0    147     36     42 
 20260324    00:58:46       1    145     39     49 
 20260324    00:58:46       2    143     37     45 
 20260324    00:58:46       3    161     35     43 
 20260324    00:59:16       0    147     36     42 
 20260324    00:59:16       1    146     39     50 
 20260324    00:59:16       2    143     38     45 
 20260324    00:59:16       3    161     36     43 
 20260324    00:59:46       0    147     36     42 
 20260324    00:59:46       1    145     39     49 
 20260324    00:59:46       2    143     37     45 
 20260324    00:59:46       3    161     36     43 
 20260324    01:00:16       0    147     36     42 
 20260324    01:00:16       1    146     39     49 
 20260324    01:00:16       2    143     37     45 
 20260324    01:00:16       3    161     36     43 
 20260324    01:00:46       0    147     36     42 
 20260324    01:00:46       1    145     39     49 
 20260324    01:00:46       2    143     37     45 
 20260324    01:00:46       3    161     36     43 
 20260324    01:01:16       0    147     36     42 
 20260324    01:01:16       1    145     39     49 
 20260324    01:01:16       2    143     37     45 
 20260324    01:01:16       3    161     36     43 
 20260324    01:01:46       0    147     36     42 
 20260324    01:01:46       1    145     39     49 
 20260324    01:01:46       2    143     37     45 
 20260324    01:01:46       3    161     35     43 
 20260324    01:02:16       0    146     36     42 
 20260324    01:02:16       1    145     39     49 
 20260324    01:02:16       2    143     37     45 
 20260324    01:02:16       3    161     35     43 
 20260324    01:02:46       0    135     35     42 
 20260324    01:02:46       1    134     37     49 
 20260324    01:02:46       2    132     36     45 
 20260324    01:02:46       3    149     35     43 
 20260324    01:03:16       0    135     34     42 
 20260324    01:03:16       1    133     37     47 
 20260324    01:03:16       2    131     36     43 
 20260324    01:03:16       3    148     34     42 
#Date        Time         gpu    pwr  gtemp  mtemp 
#YYYYMMDD    HH:MM:SS     Idx      W      C      C 
 20260324    01:03:46       0    135     34     42 
 20260324    01:03:46       1    133     37     47 
 20260324    01:03:46       2    131     36     43 
 20260324    01:03:46       3    148     34     42 
 20260324    01:04:16       0    146     36     42 
 20260324    01:04:16       1    145     39     49 
 20260324    01:04:16       2    143     37     45 
 20260324    01:04:16       3    161     35     42 
 20260324    01:04:46       0    147     36     42 
 20260324    01:04:46       1    145     38     49 
 20260324    01:04:46       2    143     37     45 
 20260324    01:04:46       3    161     35     42 
 20260324    01:05:16       0    146     36     43 
 20260324    01:05:16       1    145     38     49 
 20260324    01:05:16       2    143     37     45 
 20260324    01:05:16       3    161     35     41 
 20260324    01:05:46       0    146     36     42 
 20260324    01:05:46       1    145     38     49 
 20260324    01:05:46       2    143     37     45 
 20260324    01:05:46       3    161     35     43 
 20260324    01:06:16       0    146     36     42 
 20260324    01:06:16       1    145     39     49 
 20260324    01:06:16       2    142     37     45 
 20260324    01:06:16       3    161     36     43 
 20260324    01:06:46       0    147     36     42 
 20260324    01:06:46       1    146     39     49 
 20260324    01:06:46       2    143     37     45 
 20260324    01:06:46       3    161     36     43 
 20260324    01:07:16       0    146     36     42 
 20260324    01:07:16       1    144     39     49 
 20260324    01:07:16       2    143     37     45 
 20260324    01:07:16       3    160     35     43 
 20260324    01:07:46       0    145     36     42 
 20260324    01:07:46       1    145     39     49 
 20260324    01:07:46       2    142     37     45 
 20260324    01:07:46       3    160     35     43 
 20260324    01:08:16       0    146     36     43 
 20260324    01:08:16       1    145     38     49 
 20260324    01:08:16       2    144     37     45 
 20260324    01:08:16       3    161     35     43 
 20260324    01:08:46       0    146     36     42 
 20260324    01:08:46       1    144     38     49 
 20260324    01:08:46       2    142     37     45 
 20260324    01:08:46       3    161     35     41 
#Date        Time         gpu    pwr  gtemp  mtemp 
#YYYYMMDD    HH:MM:SS     Idx      W      C      C 
 20260324    01:09:16       0    147     36     42 
 20260324    01:09:16       1    146     39     50 
 20260324    01:09:16       2    144     38     45 
 20260324    01:09:16       3    162     36     43 
 20260324    01:09:46       0    147     36     42 
 20260324    01:09:46       1    146     39     49 
 20260324    01:09:46       2    143     37     45 
 20260324    01:09:46       3    162     35     43 
 20260324    01:10:16       0    147     36     42 
 20260324    01:10:16       1    145     39     49 
 20260324    01:10:16       2    143     37     45 
 20260324    01:10:16       3    161     35     43 
 20260324    01:10:46       0    147     36     42 
 20260324    01:10:46       1    144     39     49 
 20260324    01:10:46       2    143     37     45 
 20260324    01:10:46       3    161     35     43 
 20260324    01:11:16       0    147     36     42 
 20260324    01:11:16       1    145     38     49 
 20260324    01:11:16       2    143     37     45 
 20260324    01:11:16       3    161     35     42 
 20260324    01:11:46       0    146     36     42 
 20260324    01:11:46       1    144     39     50 
 20260324    01:11:46       2    143     37     45 
 20260324    01:11:46       3    161     35     43 
 20260324    01:12:16       0    146     36     42 
 20260324    01:12:16       1    145     39     49 
 20260324    01:12:16       2    142     37     45 
 20260324    01:12:16       3    161     36     43 
 20260324    01:12:46       0    147     36     42 
 20260324    01:12:46       1    145     39     50 
 20260324    01:12:46       2    143     37     45 
 20260324    01:12:46       3    162     36     43 
 20260324    01:13:16       0    146     36     42 
 20260324    01:13:16       1    145     39     49 
 20260324    01:13:16       2    142     37     45 
 20260324    01:13:16       3    161     35     43 
 20260324    01:13:46       0    147     36     42 
 20260324    01:13:46       1    145     38     49 
 20260324    01:13:46       2    143     37     45 
 20260324    01:13:46       3    161     35     43 
 20260324    01:14:16       0    146     36     42 
 20260324    01:14:16       1    144     39     49 
 20260324    01:14:16       2    143     37     45 
 20260324    01:14:16       3    161     35     43 
#Date        Time         gpu    pwr  gtemp  mtemp 
#YYYYMMDD    HH:MM:SS     Idx      W      C      C 
 20260324    01:14:46       0    146     36     42 
 20260324    01:14:46       1    145     39     49 
 20260324    01:14:46       2    143     37     45 
 20260324    01:14:46       3    161     36     43 
 20260324    01:15:16       0    146     36     42 
 20260324    01:15:16       1    144     38     49 
 20260324    01:15:16       2    143     37     45 
 20260324    01:15:16       3    161     35     43 
 20260324    01:15:46       0    147     36     42 
 20260324    01:15:46       1    145     39     49 
 20260324    01:15:46       2    143     37     45 
 20260324    01:15:46       3    162     35     42 
 20260324    01:16:16       0    147     36     42 
 20260324    01:16:16       1    145     39     49 
 20260324    01:16:16       2    143     37     45 
 20260324    01:16:16       3    161     35     43 
 20260324    01:16:46       0    134     34     42 
 20260324    01:16:46       1    132     37     47 
 20260324    01:16:46       2    130     36     43 
 20260324    01:16:46       3    149     35     43 
 20260324    01:17:16       0    134     34     41 
 20260324    01:17:16       1    132     37     48 
 20260324    01:17:16       2    130     36     43 
 20260324    01:17:16       3    148     35     41 
 20260324    01:17:46       0    134     34     41 
 20260324    01:17:46       1    132     37     47 
 20260324    01:17:46       2    131     36     43 
 20260324    01:17:46       3    148     35     41 
 20260324    01:18:16       0    146     36     42 
 20260324    01:18:16       1    145     38     49 
 20260324    01:18:16       2    143     37     45 
 20260324    01:18:16       3    162     35     43 
 20260324    01:18:46       0    146     36     42 
 20260324    01:18:46       1    145     39     50 
 20260324    01:18:46       2    143     37     45 
 20260324    01:18:46       3    161     36     43 
 20260324    01:19:16       0    146     36     42 
 20260324    01:19:16       1    145     39     49 
 20260324    01:19:16       2    143     38     45 
 20260324    01:19:16       3    161     36     43 
 20260324    01:19:46       0    146     36     42 
 20260324    01:19:46       1    144     39     49 
 20260324    01:19:46       2    142     37     45 
 20260324    01:19:46       3    161     36     43 
#Date        Time         gpu    pwr  gtemp  mtemp 
#YYYYMMDD    HH:MM:SS     Idx      W      C      C 
 20260324    01:20:16       0    147     36     42 
 20260324    01:20:16       1    145     38     49 
 20260324    01:20:16       2    144     37     45 
 20260324    01:20:16       3    161     35     43 
 20260324    01:20:46       0    146     36     43 
 20260324    01:20:46       1    145     39     49 
 20260324    01:20:46       2    143     37     45 
 20260324    01:20:46       3    162     35     43 
 20260324    01:21:16       0    146     36     43 
 20260324    01:21:16       1    144     39     49 
 20260324    01:21:16       2    142     37     45 
 20260324    01:21:16       3    161     35     43 
 20260324    01:21:46       0    146     36     42 
 20260324    01:21:46       1    145     39     49 
 20260324    01:21:46       2    143     37     45 
 20260324    01:21:46       3    161     35     43 
 20260324    01:22:16       0    147     36     42 
 20260324    01:22:16       1    144     39     50 
 20260324    01:22:16       2    142     37     45 
 20260324    01:22:16       3    160     35     43 
 20260324    01:22:46       0    143     36     42 
 20260324    01:22:46       1    141     38     49 
 20260324    01:22:46       2    140     37     43 
 20260324    01:22:46       3    158     35     43 
 20260324    01:23:16       0    146     36     43 
 20260324    01:23:16       1    144     38     49 
 20260324    01:23:16       2    143     37     45 
 20260324    01:23:16       3    161     35     43 
 20260324    01:23:47       0    146     35     42 
 20260324    01:23:47       1    144     38     49 
 20260324    01:23:47       2    143     37     45 
 20260324    01:23:47       3    160     35     43 
 20260324    01:24:17       0    146     36     42 
 20260324    01:24:17       1    144     39     49 
 20260324    01:24:17       2    143     37     45 
 20260324    01:24:17       3    161     35     43 
 20260324    01:24:47       0    146     36     42 
 20260324    01:24:47       1    144     38     49 
 20260324    01:24:47       2    143     37     45 
 20260324    01:24:47       3    161     35     43 
 20260324    01:25:17       0    146     36     43 
 20260324    01:25:17       1    144     39     49 
 20260324    01:25:17       2    143     37     45 
 20260324    01:25:17       3    161     35     43 
#Date        Time         gpu    pwr  gtemp  mtemp 
#YYYYMMDD    HH:MM:SS     Idx      W      C      C 
 20260324    01:25:47       0    146     36     43 
 20260324    01:25:47       1    144     39     49 
 20260324    01:25:47       2    143     37     45 
 20260324    01:25:47       3    161     35     43 
 20260324    01:26:17       0    146     36     43 
 20260324    01:26:17       1    144     38     49 
 20260324    01:26:17       2    143     37     45 
 20260324    01:26:17       3    161     35     43 
 20260324    01:26:47       0    147     36     43 
 20260324    01:26:47       1    144     38     49 
 20260324    01:26:47       2    142     37     45 
 20260324    01:26:47       3    161     35     43 
 20260324    01:27:17       0    147     36     43 
 20260324    01:27:17       1    145     39     49 
 20260324    01:27:17       2    143     37     45 
 20260324    01:27:17       3    161     35     43 
 20260324    01:27:47       0    146     36     42 
 20260324    01:27:47       1    145     39     50 
 20260324    01:27:47       2    143     37     45 
 20260324    01:27:47       3    161     35     43 
 20260324    01:28:17       0    146     36     42 
 20260324    01:28:17       1    145     39     49 
 20260324    01:28:17       2    143     37     45 
 20260324    01:28:17       3    161     35     43 
 20260324    01:28:47       0    147     36     42 
 20260324    01:28:47       1    144     38     49 
 20260324    01:28:47       2    142     37     45 
 20260324    01:28:47       3    161     35     43 
 20260324    01:29:17       0    147     35     42 
 20260324    01:29:17       1    144     38     49 
 20260324    01:29:17       2    143     37     45 
 20260324    01:29:17       3    161     35     43 
 20260324    01:29:47       0    146     36     42 
 20260324    01:29:47       1    144     38     49 
 20260324    01:29:47       2    142     37     45 
 20260324    01:29:47       3    161     35     43 
 20260324    01:30:17       0    146     36     43 
 20260324    01:30:17       1    145     39     49 
 20260324    01:30:17       2    143     37     45 
 20260324    01:30:17       3    161     35     43 
 20260324    01:30:47       0    146     36     43 
 20260324    01:30:47       1    145     39     49 
 20260324    01:30:47       2    142     37     45 
 20260324    01:30:47       3    161     35     43 
#Date        Time         gpu    pwr  gtemp  mtemp 
#YYYYMMDD    HH:MM:SS     Idx      W      C      C 
 20260324    01:31:17       0    147     36     42 
 20260324    01:31:17       1    146     39     50 
 20260324    01:31:17       2    142     37     45 
 20260324    01:31:17       3    162     36     43 
 20260324    01:31:47       0    147     36     42 
 20260324    01:31:47       1    145     39     49 
 20260324    01:31:47       2    143     37     45 
 20260324    01:31:47       3    161     35     43 
 20260324    01:32:17       0    147     36     42 
 20260324    01:32:17       1    145     39     49 
 20260324    01:32:17       2    143     37     45 
 20260324    01:32:17       3    162     35     43 
 20260324    01:32:47       0    135     34     42 
 20260324    01:32:47       1    132     37     47 
 20260324    01:32:47       2    131     36     43 
 20260324    01:32:47       3    148     35     43 
 20260324    01:33:17       0    135     34     42 
 20260324    01:33:17       1    133     37     47 
 20260324    01:33:17       2    131     36     43 
 20260324    01:33:17       3    148     34     42 
 20260324    01:33:47       0    135     34     40 
 20260324    01:33:47       1    132     37     47 
 20260324    01:33:47       2    131     36     43 
 20260324    01:33:47       3    148     35     43 
 20260324    01:34:17       0    146     36     42 
 20260324    01:34:17       1    145     38     49 
 20260324    01:34:17       2    142     37     45 
 20260324    01:34:17       3    161     35     43 
 20260324    01:34:47       0    147     36     42 
 20260324    01:34:47       1    145     39     50 
 20260324    01:34:47       2    143     37     45 
 20260324    01:34:47       3    161     36     43 
 20260324    01:35:17       0    147     36     42 
 20260324    01:35:17       1    145     39     49 
 20260324    01:35:17       2    143     37     45 
 20260324    01:35:17       3    161     35     43 
 20260324    01:35:47       0    147     36     42 
 20260324    01:35:47       1    145     39     49 
 20260324    01:35:47       2    143     37     45 
 20260324    01:35:47       3    161     35     43 
 20260324    01:36:17       0    137     35     42 
 20260324    01:36:17       1    135     37     49 
 20260324    01:36:17       2    134     36     43 
 20260324    01:36:17       3    151     35     43 
#Date        Time         gpu    pwr  gtemp  mtemp 
#YYYYMMDD    HH:MM:SS     Idx      W      C      C 
 20260324    01:36:47       0    147     36     42 
 20260324    01:36:47       1    145     39     49 
 20260324    01:36:47       2    143     37     45 
 20260324    01:36:47       3    161     35     43 
 20260324    01:37:17       0    147     36     42 
 20260324    01:37:17       1    145     38     49 
 20260324    01:37:17       2    143     37     45 
 20260324    01:37:17       3    161     35     43 
 20260324    01:37:47       0    146     36     42 
 20260324    01:37:47       1    144     38     49 
 20260324    01:37:47       2    142     37     45 
 20260324    01:37:47       3    161     35     41 
 20260324    01:38:17       0    147     36     43 
 20260324    01:38:17       1    144     38     49 
 20260324    01:38:17       2    143     37     44 
 20260324    01:38:17       3    161     35     43 
 20260324    01:38:47       0    445     44     54 
 20260324    01:38:47       1    430     46     59 
 20260324    01:38:47       2    466     46     55 
 20260324    01:38:47       3    421     42     53 
 20260324    01:39:17       0    146     36     42 
 20260324    01:39:17       1    145     39     49 
 20260324    01:39:17       2    143     37     45 
 20260324    01:39:17       3    162     36     43 
 20260324    01:39:47       0    146     36     42 
 20260324    01:39:47       1    145     39     49 
 20260324    01:39:47       2    143     37     45 
 20260324    01:39:47       3    161     35     43 
 20260324    01:40:17       0    146     36     42 
 20260324    01:40:17       1    145     39     50 
 20260324    01:40:17       2    143     37     45 
 20260324    01:40:17       3    161     35     43 
 20260324    01:40:47       0    146     36     42 
 20260324    01:40:47       1    144     38     49 
 20260324    01:40:47       2    143     37     45 
 20260324    01:40:47       3    161     35     43 
 20260324    01:41:17       0    147     36     42 
 20260324    01:41:17       1    145     39     49 
 20260324    01:41:17       2    143     37     45 
 20260324    01:41:17       3    162     35     43 
 20260324    01:41:47       0    146     36     42 
 20260324    01:41:47       1    144     39     49 
 20260324    01:41:47       2    143     37     45 
 20260324    01:41:47       3    161     35     43 
#Date        Time         gpu    pwr  gtemp  mtemp 
#YYYYMMDD    HH:MM:SS     Idx      W      C      C 
 20260324    01:42:17       0    145     36     42 
 20260324    01:42:17       1    144     38     49 
 20260324    01:42:17       2    142     37     45 
 20260324    01:42:17       3    160     35     43 
 20260324    01:42:47       0    146     36     42 
 20260324    01:42:47       1    145     39     50 
 20260324    01:42:47       2    143     37     45 
 20260324    01:42:47       3    162     35     43 
 20260324    01:43:17       0    146     36     42 
 20260324    01:43:17       1    145     39     49 
 20260324    01:43:17       2    142     37     45 
 20260324    01:43:17       3    161     35     43 
 20260324    01:43:47       0    146     36     42 
 20260324    01:43:47       1    145     38     49 
 20260324    01:43:47       2    143     37     45 
 20260324    01:43:47       3    161     35     43 
 20260324    01:44:17       0    147     36     42 
 20260324    01:44:17       1    144     39     49 
 20260324    01:44:17       2    143     37     45 
 20260324    01:44:17       3    161     35     43 
 20260324    01:44:47       0    147     36     42 
 20260324    01:44:47       1    144     39     49 
 20260324    01:44:47       2    142     37     45 
 20260324    01:44:47       3    161     35     43 
 20260324    01:45:17       0    147     36     42 
 20260324    01:45:17       1    145     39     50 
 20260324    01:45:17       2    143     37     45 
 20260324    01:45:17       3    162     35     43 
 20260324    01:45:47       0    147     36     42 
 20260324    01:45:47       1    144     38     49 
 20260324    01:45:47       2    143     37     45 
 20260324    01:45:47       3    161     35     43 
 20260324    01:46:17       0    134     35     42 
 20260324    01:46:17       1    133     37     49 
 20260324    01:46:17       2    132     37     45 
 20260324    01:46:17       3    149     35     43 
 20260324    01:46:47       0    133     34     40 
 20260324    01:46:47       1    132     37     47 
 20260324    01:46:47       2    131     36     43 
 20260324    01:46:47       3    148     34     42 
 20260324    01:47:17       0    133     34     41 
 20260324    01:47:17       1    132     37     47 
 20260324    01:47:17       2    131     36     43 
 20260324    01:47:17       3    148     34     42 
#Date        Time         gpu    pwr  gtemp  mtemp 
#YYYYMMDD    HH:MM:SS     Idx      W      C      C 
 20260324    01:47:47       0    147     36     42 
 20260324    01:47:47       1    145     38     49 
 20260324    01:47:47       2    143     37     45 
 20260324    01:47:47       3    161     35     43 
 20260324    01:48:17       0    146     36     42 
 20260324    01:48:17       1    145     39     49 
 20260324    01:48:17       2    143     37     45 
 20260324    01:48:17       3    162     35     43 
 20260324    01:48:47       0    146     36     42 
 20260324    01:48:47       1    144     38     49 
 20260324    01:48:47       2    142     37     45 
 20260324    01:48:47       3    160     35     41 
 20260324    01:49:17       0    146     36     43 
 20260324    01:49:17       1    144     38     49 
 20260324    01:49:17       2    143     37     45 
 20260324    01:49:17       3    161     35     41 
 20260324    01:49:47       0    145     35     42 
 20260324    01:49:47       1    144     38     49 
 20260324    01:49:47       2    143     37     45 
 20260324    01:49:47       3    161     35     43 
 20260324    01:50:17       0    145     36     42 
 20260324    01:50:17       1    144     38     49 
 20260324    01:50:17       2    142     37     45 
 20260324    01:50:17       3    160     35     43 
 20260324    01:50:47       0    146     36     42 
 20260324    01:50:47       1    144     38     49 
 20260324    01:50:47       2    143     37     45 
 20260324    01:50:47       3    161     35     41 
 20260324    01:51:17       0    146     36     42 
 20260324    01:51:17       1    145     38     49 
 20260324    01:51:17       2    144     37     45 
 20260324    01:51:17       3    161     35     43 
 20260324    01:51:47       0    146     36     42 
 20260324    01:51:47       1    145     38     49 
 20260324    01:51:47       2    143     37     45 
 20260324    01:51:47       3    161     35     42 
 20260324    01:52:17       0    147     36     42 
 20260324    01:52:17       1    145     39     49 
 20260324    01:52:17       2    143     37     45 
 20260324    01:52:17       3    161     35     43 
 20260324    01:52:47       0    147     36     43 
 20260324    01:52:47       1    145     39     50 
 20260324    01:52:47       2    144     37     45 
 20260324    01:52:47       3    162     35     42 
#Date        Time         gpu    pwr  gtemp  mtemp 
#YYYYMMDD    HH:MM:SS     Idx      W      C      C 
 20260324    01:53:17       0    147     36     42 
 20260324    01:53:17       1    145     39     49 
 20260324    01:53:17       2    143     37     45 
 20260324    01:53:17       3    162     35     43 
 20260324    01:53:47       0    147     36     42 
 20260324    01:53:47       1    144     39     49 
 20260324    01:53:47       2    142     37     45 
 20260324    01:53:47       3    160     35     43 
 20260324    01:54:17       0    147     36     42 
 20260324    01:54:17       1    145     38     49 
 20260324    01:54:17       2    143     37     45 
 20260324    01:54:17       3    161     35     43 
 20260324    01:54:47       0    147     36     42 
 20260324    01:54:47       1    144     38     49 
 20260324    01:54:47       2    142     37     45 
 20260324    01:54:47       3    160     35     43 
 20260324    01:55:17       0    146     36     43 
 20260324    01:55:17       1    145     39     49 
 20260324    01:55:17       2    142     37     45 
 20260324    01:55:17       3    160     35     42 
 20260324    01:55:47       0    146     35     42 
 20260324    01:55:47       1    145     38     49 
 20260324    01:55:47       2    143     37     45 
 20260324    01:55:47       3    161     35     43 
 20260324    01:56:17       0    147     36     43 
 20260324    01:56:17       1    145     39     49 
 20260324    01:56:17       2    143     37     45 
 20260324    01:56:17       3    161     35     43 
 20260324    01:56:47       0    145     36     43 
 20260324    01:56:47       1    144     38     49 
 20260324    01:56:47       2    142     37     45 
 20260324    01:56:47       3    160     35     43 
 20260324    01:57:17       0    146     36     43 
 20260324    01:57:17       1    144     39     49 
 20260324    01:57:17       2    142     37     45 
 20260324    01:57:17       3    161     35     43 
 20260324    01:57:47       0    147     36     42 
 20260324    01:57:47       1    145     38     49 
 20260324    01:57:47       2    143     37     45 
 20260324    01:57:47       3    162     35     43 
 20260324    01:58:17       0    146     36     43 
 20260324    01:58:17       1    145     39     49 
 20260324    01:58:17       2    143     37     45 
 20260324    01:58:17       3    161     35     43 
#Date        Time         gpu    pwr  gtemp  mtemp 
#YYYYMMDD    HH:MM:SS     Idx      W      C      C 
 20260324    01:58:47       0    147     36     42 
 20260324    01:58:47       1    145     38     49 
 20260324    01:58:47       2    144     37     45 
 20260324    01:58:47       3    161     35     43 
 20260324    01:59:17       0    147     36     42 
 20260324    01:59:17       1    146     39     49 
 20260324    01:59:17       2    143     37     45 
 20260324    01:59:17       3    162     36     43 
 20260324    01:59:47       0    147     36     42 
 20260324    01:59:47       1    145     39     49 
 20260324    01:59:47       2    143     37     45 
 20260324    01:59:47       3    161     36     41 
 20260324    02:00:17       0    147     36     42 
 20260324    02:00:17       1    144     39     49 
 20260324    02:00:17       2    143     37     45 
 20260324    02:00:17       3    161     35     43 
 20260324    02:00:47       0    147     36     42 
 20260324    02:00:47       1    145     38     49 
 20260324    02:00:47       2    143     37     45 
 20260324    02:00:47       3    160     35     43 
 20260324    02:01:17       0    147     36     42 
 20260324    02:01:17       1    145     38     49 
 20260324    02:01:17       2    143     37     45 
 20260324    02:01:17       3    161     35     43 
 20260324    02:01:47       0    147     36     42 
 20260324    02:01:47       1    145     39     49 
 20260324    02:01:47       2    143     37     45 
 20260324    02:01:47       3    161     36     43 
 20260324    02:02:17       0    147     36     42 
 20260324    02:02:17       1    145     39     49 
 20260324    02:02:17       2    143     37     45 
 20260324    02:02:17       3    161     36     43 
 20260324    02:02:47       0    134     34     42 
 20260324    02:02:47       1    132     37     47 
 20260324    02:02:47       2    131     36     43 
 20260324    02:02:47       3    148     35     43 
 20260324    02:03:17       0    133     34     41 
 20260324    02:03:17       1    132     37     48 
 20260324    02:03:17       2    131     36     43 
 20260324    02:03:17       3    148     34     43 
 20260324    02:03:47       0    146     36     42 
 20260324    02:03:47       1    145     39     49 
 20260324    02:03:47       2    142     37     45 
 20260324    02:03:47       3    161     35     43 
#Date        Time         gpu    pwr  gtemp  mtemp 
#YYYYMMDD    HH:MM:SS     Idx      W      C      C 
 20260324    02:04:17       0    146     36     42 
 20260324    02:04:17       1    144     39     49 
 20260324    02:04:17       2    143     37     45 
 20260324    02:04:17       3    161     35     43 
 20260324    02:04:47       0    146     36     43 
 20260324    02:04:47       1    144     38     49 
 20260324    02:04:47       2    142     37     45 
 20260324    02:04:47       3    161     35     43 
 20260324    02:05:17       0    146     36     43 
 20260324    02:05:17       1    145     38     49 
 20260324    02:05:17       2    143     37     45 
 20260324    02:05:17       3    161     35     41 
 20260324    02:05:47       0    146     36     42 
 20260324    02:05:47       1    144     38     49 
 20260324    02:05:47       2    143     37     45 
 20260324    02:05:47       3    160     35     42 
 20260324    02:06:17       0    148     36     42 
 20260324    02:06:17       1    145     39     49 
 20260324    02:06:17       2    144     37     45 
 20260324    02:06:17       3    161     35     41 
 20260324    02:06:47       0    147     36     42 
 20260324    02:06:47       1    145     39     49 
 20260324    02:06:47       2    143     37     45 
 20260324    02:06:47       3    161     35     43 
 20260324    02:07:17       0    147     36     43 
 20260324    02:07:17       1    144     38     49 
 20260324    02:07:17       2    143     37     45 
 20260324    02:07:17       3    161     35     42 
 20260324    02:07:47       0    147     35     42 
 20260324    02:07:47       1    145     38     49 
 20260324    02:07:47       2    143     37     45 
 20260324    02:07:47       3    162     35     43 
 20260324    02:08:17       0    147     35     43 
 20260324    02:08:17       1    144     38     49 
 20260324    02:08:17       2    143     37     45 
 20260324    02:08:17       3    161     35     41 
 20260324    02:08:47       0    312     41     50 
 20260324    02:08:47       1    343     45     59 
 20260324    02:08:47       2    283     42     51 
 20260324    02:08:47       3    366     42     52 
 20260324    02:09:17       0    155     35     42 
 20260324    02:09:17       1    134     37     49 
 20260324    02:09:17       2    154     37     45 
 20260324    02:09:17       3    150     35     43 
#Date        Time         gpu    pwr  gtemp  mtemp 
#YYYYMMDD    HH:MM:SS     Idx      W      C      C 
 20260324    02:09:47       0    148     36     42 
 20260324    02:09:47       1    146     39     50 
 20260324    02:09:47       2    144     37     45 
 20260324    02:09:47       3    163     35     43 
 20260324    02:10:17       0    147     36     43 
 20260324    02:10:17       1    145     38     49 
 20260324    02:10:17       2    142     37     45 
 20260324    02:10:17       3    162     35     43 
 20260324    02:10:47       0    148     35     42 
 20260324    02:10:47       1    144     38     49 
 20260324    02:10:47       2    142     37     45 
 20260324    02:10:47       3    162     35     42 
 20260324    02:11:17       0    148     36     42 
 20260324    02:11:17       1    145     39     49 
 20260324    02:11:17       2    143     37     45 
 20260324    02:11:17       3    162     35     43 
 20260324    02:11:47       0    148     36     42 
 20260324    02:11:47       1    145     39     49 
 20260324    02:11:47       2    143     37     45 
 20260324    02:11:47       3    162     35     43 
 20260324    02:12:17       0    148     36     42 
 20260324    02:12:17       1    144     39     49 
 20260324    02:12:17       2    142     37     45 
 20260324    02:12:17       3    162     35     43 
 20260324    02:12:47       0    148     36     42 
 20260324    02:12:47       1    145     39     49 
 20260324    02:12:47       2    142     37     45 
 20260324    02:12:47       3    162     35     43 
 20260324    02:13:17       0    147     36     43 
 20260324    02:13:17       1    145     39     49 
 20260324    02:13:17       2    143     37     45 
 20260324    02:13:17       3    161     35     43 
 20260324    02:13:47       0    148     36     42 
 20260324    02:13:47       1    146     39     49 
 20260324    02:13:47       2    143     37     45 
 20260324    02:13:47       3    162     35     43 
 20260324    02:14:17       0    147     36     42 
 20260324    02:14:17       1    145     39     49 
 20260324    02:14:17       2    142     37     45 
 20260324    02:14:17       3    162     35     43 
 20260324    02:14:47       0    147     36     42 
 20260324    02:14:47       1    146     38     49 
 20260324    02:14:47       2    143     37     45 
 20260324    02:14:47       3    161     35     42 
#Date        Time         gpu    pwr  gtemp  mtemp 
#YYYYMMDD    HH:MM:SS     Idx      W      C      C 
 20260324    02:15:17       0    148     36     42 
 20260324    02:15:17       1    145     39     49 
 20260324    02:15:17       2    144     37     45 
 20260324    02:15:17       3    163     35     42 
 20260324    02:15:47       0    147     36     43 
 20260324    02:15:47       1    146     38     49 
 20260324    02:15:47       2    142     37     45 
 20260324    02:15:47       3    162     35     42 
 20260324    02:16:17       0    147     36     43 
 20260324    02:16:17       1    144     38     50 
 20260324    02:16:17       2    142     37     45 
 20260324    02:16:17       3    162     35     41 
 20260324    02:16:47       0    148     36     42 
 20260324    02:16:47       1    145     39     49 
 20260324    02:16:47       2    143     37     45 
 20260324    02:16:47       3    162     35     43 
 20260324    02:17:17       0    133     34     42 
 20260324    02:17:17       1    132     37     47 
 20260324    02:17:17       2    131     36     44 
 20260324    02:17:17       3    148     35     43 
 20260324    02:17:47       0    133     34     41 
 20260324    02:17:47       1    132     37     47 
 20260324    02:17:47       2    131     36     43 
 20260324    02:17:47       3    148     34     43 
 20260324    02:18:17       0    147     36     43 
 20260324    02:18:17       1    145     39     49 
 20260324    02:18:17       2    143     37     45 
 20260324    02:18:17       3    161     35     42 
 20260324    02:18:47       0    147     36     42 
 20260324    02:18:47       1    145     38     49 
 20260324    02:18:47       2    143     37     45 
 20260324    02:18:47       3    161     35     43 
 20260324    02:19:17       0    147     36     42 
 20260324    02:19:17       1    145     39     49 
 20260324    02:19:17       2    143     37     45 
 20260324    02:19:17       3    161     36     43 
 20260324    02:19:47       0    147     36     42 
 20260324    02:19:47       1    145     39     49 
 20260324    02:19:47       2    143     37     45 
 20260324    02:19:47       3    161     35     43 
 20260324    02:20:17       0    146     36     42 
 20260324    02:20:17       1    145     38     49 
 20260324    02:20:17       2    143     37     45 
 20260324    02:20:17       3    161     35     43 
#Date        Time         gpu    pwr  gtemp  mtemp 
#YYYYMMDD    HH:MM:SS     Idx      W      C      C 
 20260324    02:20:47       0    147     36     42 
 20260324    02:20:47       1    145     39     49 
 20260324    02:20:47       2    144     37     45 
 20260324    02:20:47       3    161     36     43 
 20260324    02:21:17       0    147     36     42 
 20260324    02:21:17       1    144     39     49 
 20260324    02:21:17       2    143     37     45 
 20260324    02:21:17       3    161     36     43 
 20260324    02:21:47       0    146     36     42 
 20260324    02:21:47       1    145     39     49 
 20260324    02:21:47       2    143     37     45 
 20260324    02:21:47       3    161     35     43 
 20260324    02:22:17       0    146     36     42 
 20260324    02:22:17       1    145     39     49 
 20260324    02:22:17       2    143     37     45 
 20260324    02:22:17       3    161     35     43 
 20260324    02:22:47       0    146     36     42 
 20260324    02:22:47       1    144     39     49 
 20260324    02:22:47       2    143     37     45 
 20260324    02:22:47       3    161     35     43 
 20260324    02:23:17       0    146     36     43 
 20260324    02:23:17       1    144     39     49 
 20260324    02:23:17       2    143     37     45 
 20260324    02:23:17       3    160     35     42 
 20260324    02:23:47       0    146     36     42 
 20260324    02:23:47       1    144     39     49 
 20260324    02:23:47       2    142     37     45 
 20260324    02:23:47       3    161     35     43 
 20260324    02:24:17       0    147     36     42 
 20260324    02:24:17       1    145     38     49 
 20260324    02:24:17       2    143     37     45 
 20260324    02:24:17       3    161     35     43 
 20260324    02:24:47       0    146     36     42 
 20260324    02:24:47       1    145     39     49 
 20260324    02:24:47       2    142     37     45 
 20260324    02:24:47       3    161     36     43 
 20260324    02:25:17       0    147     36     42 
 20260324    02:25:17       1    145     39     49 
 20260324    02:25:17       2    142     37     45 
 20260324    02:25:17       3    161     35     43 
 20260324    02:25:47       0    146     36     42 
 20260324    02:25:47       1    145     38     49 
 20260324    02:25:47       2    143     37     45 
 20260324    02:25:47       3    161     35     43 
#Date        Time         gpu    pwr  gtemp  mtemp 
#YYYYMMDD    HH:MM:SS     Idx      W      C      C 
 20260324    02:26:17       0    146     36     42 
 20260324    02:26:17       1    145     39     49 
 20260324    02:26:17       2    143     37     45 
 20260324    02:26:17       3    162     35     43 
 20260324    02:26:47       0    146     36     42 
 20260324    02:26:47       1    144     38     49 
 20260324    02:26:47       2    143     37     45 
 20260324    02:26:47       3    160     35     43 
 20260324    02:27:17       0    146     36     42 
 20260324    02:27:17       1    144     39     49 
 20260324    02:27:17       2    143     38     45 
 20260324    02:27:17       3    161     36     43 
 20260324    02:27:47       0    147     36     42 
 20260324    02:27:47       1    145     39     49 
 20260324    02:27:47       2    143     38     45 
 20260324    02:27:47       3    161     36     43 
 20260324    02:28:17       0    146     36     43 
 20260324    02:28:17       1    146     39     49 
 20260324    02:28:17       2    144     37     45 
 20260324    02:28:17       3    161     35     43 
 20260324    02:28:47       0    147     36     43 
 20260324    02:28:47       1    145     38     49 
 20260324    02:28:47       2    143     37     45 
 20260324    02:28:47       3    161     35     42 
 20260324    02:29:17       0    147     36     42 
 20260324    02:29:17       1    145     39     49 
 20260324    02:29:17       2    143     37     45 
 20260324    02:29:17       3    161     36     43 
 20260324    02:29:47       0    147     36     42 
 20260324    02:29:47       1    145     39     49 
 20260324    02:29:47       2    143     37     45 
 20260324    02:29:47       3    162     36     43 
 20260324    02:30:17       0    147     36     43 
 20260324    02:30:17       1    144     39     49 
 20260324    02:30:17       2    142     37     45 
 20260324    02:30:17       3    161     35     43 
 20260324    02:30:47       0    146     36     43 
 20260324    02:30:47       1    145     39     49 
 20260324    02:30:47       2    142     37     45 
 20260324    02:30:47       3    160     35     43 
 20260324    02:31:17       0    147     36     42 
 20260324    02:31:17       1    144     39     49 
 20260324    02:31:17       2    143     37     45 
 20260324    02:31:17       3    161     35     43 
#Date        Time         gpu    pwr  gtemp  mtemp 
#YYYYMMDD    HH:MM:SS     Idx      W      C      C 
 20260324    02:31:47       0    146     36     42 
 20260324    02:31:47       1    145     39     49 
 20260324    02:31:47       2    143     38     45 
 20260324    02:31:47       3    161     36     43 
 20260324    02:32:17       0    147     36     42 
 20260324    02:32:17       1    145     39     49 
 20260324    02:32:17       2    143     37     45 
 20260324    02:32:17       3    162     35     43 
 20260324    02:32:47       0    147     36     42 
 20260324    02:32:47       1    145     39     49 
 20260324    02:32:47       2    144     37     45 
 20260324    02:32:47       3    161     36     43 
 20260324    02:33:17       0    133     34     42 
 20260324    02:33:17       1    133     37     48 
 20260324    02:33:17       2    131     36     43 
 20260324    02:33:17       3    148     35     43 
 20260324    02:33:47       0    133     34     42 
 20260324    02:33:47       1    133     37     47 
 20260324    02:33:47       2    131     36     43 
 20260324    02:33:47       3    148     35     43 
 20260324    02:34:17       0    148     36     42 
 20260324    02:34:17       1    145     39     50 
 20260324    02:34:17       2    143     37     45 
 20260324    02:34:17       3    162     35     43 
 20260324    02:34:47       0    146     36     42 
 20260324    02:34:47       1    144     39     49 
 20260324    02:34:47       2    143     37     45 
 20260324    02:34:47       3    162     36     43 
 20260324    02:35:17       0    147     36     42 
 20260324    02:35:17       1    146     39     49 
 20260324    02:35:17       2    144     37     45 
 20260324    02:35:17       3    162     36     43 
 20260324    02:35:47       0    147     36     42 
 20260324    02:35:47       1    145     39     49 
 20260324    02:35:47       2    143     37     45 
 20260324    02:35:47       3    161     35     43 
 20260324    02:36:17       0    147     36     42 
 20260324    02:36:17       1    145     39     49 
 20260324    02:36:17       2    143     37     45 
 20260324    02:36:17       3    161     35     43 
 20260324    02:36:47       0    147     36     43 
 20260324    02:36:47       1    145     39     50 
 20260324    02:36:47       2    143     37     45 
 20260324    02:36:47       3    162     35     43 
#Date        Time         gpu    pwr  gtemp  mtemp 
#YYYYMMDD    HH:MM:SS     Idx      W      C      C 
 20260324    02:37:17       0    147     36     42 
 20260324    02:37:17       1    145     39     49 
 20260324    02:37:17       2    143     37     45 
 20260324    02:37:17       3    161     35     43 
 20260324    02:37:47       0    147     36     43 
 20260324    02:37:47       1    145     39     49 
 20260324    02:37:47       2    144     37     45 
 20260324    02:37:47       3    162     36     43 
 20260324    02:38:17       0    146     36     42 
 20260324    02:38:17       1    145     39     49 
 20260324    02:38:17       2    143     37     45 
 20260324    02:38:17       3    162     36     43 
 20260324    02:38:47       0    147     36     42 
 20260324    02:38:47       1    145     39     49 
 20260324    02:38:47       2    144     37     45 
 20260324    02:38:47       3    162     36     43 
 20260324    02:39:17       0    445     45     58 
 20260324    02:39:17       1    451     49     65 
 20260324    02:39:17       2    446     48     60 
 20260324    02:39:17       3    456     45     58 
 20260324    02:39:47       0    156     35     42 
 20260324    02:39:47       1    133     37     49 
 20260324    02:39:47       2    155     37     45 
 20260324    02:39:47       3    173     35     43 
 20260324    02:40:17       0    148     36     42 
 20260324    02:40:17       1    144     39     50 
 20260324    02:40:17       2    144     37     45 
 20260324    02:40:17       3    162     35     43 
 20260324    02:40:47       0    148     36     42 
 20260324    02:40:47       1    146     39     49 
 20260324    02:40:47       2    144     37     45 
 20260324    02:40:47       3    162     36     43 
 20260324    02:41:17       0    148     36     42 
 20260324    02:41:17       1    146     39     49 
 20260324    02:41:17       2    144     38     45 
 20260324    02:41:17       3    162     36     43 
 20260324    02:41:47       0    147     36     42 
 20260324    02:41:47       1    145     39     50 
 20260324    02:41:47       2    143     37     45 
 20260324    02:41:47       3    161     35     43 
 20260324    02:42:17       0    147     36     43 
 20260324    02:42:17       1    145     38     49 
 20260324    02:42:17       2    143     37     45 
 20260324    02:42:17       3    161     35     42 
#Date        Time         gpu    pwr  gtemp  mtemp 
#YYYYMMDD    HH:MM:SS     Idx      W      C      C 
 20260324    02:42:47       0    147     36     42 
 20260324    02:42:47       1    145     39     49 
 20260324    02:42:47       2    143     37     45 
 20260324    02:42:47       3    161     35     43 
 20260324    02:43:17       0    147     36     42 
 20260324    02:43:17       1    146     39     49 
 20260324    02:43:17       2    144     37     45 
 20260324    02:43:17       3    162     35     43 
 20260324    02:43:47       0    148     36     42 
 20260324    02:43:47       1    145     39     49 
 20260324    02:43:47       2    144     37     45 
 20260324    02:43:47       3    162     35     43 
 20260324    02:44:17       0    148     36     42 
 20260324    02:44:17       1    145     39     49 
 20260324    02:44:17       2    144     37     45 
 20260324    02:44:17       3    162     35     43 
 20260324    02:44:47       0    147     36     42 
 20260324    02:44:47       1    145     39     49 
 20260324    02:44:47       2    144     37     45 
 20260324    02:44:47       3    162     35     43 
 20260324    02:45:17       0    148     36     42 
 20260324    02:45:17       1    146     39     49 
 20260324    02:45:17       2    144     37     45 
 20260324    02:45:17       3    162     35     43 
 20260324    02:45:47       0    148     36     43 
 20260324    02:45:47       1    146     39     49 
 20260324    02:45:47       2    144     37     45 
 20260324    02:45:47       3    162     35     41 
 20260324    02:46:17       0    147     36     42 
 20260324    02:46:17       1    145     39     49 
 20260324    02:46:17       2    143     37     45 
 20260324    02:46:17       3    162     35     42 
 20260324    02:46:47       0    147     36     42 
 20260324    02:46:47       1    145     39     49 
 20260324    02:46:47       2    144     37     45 
 20260324    02:46:47       3    162     35     41 
 20260324    02:47:17       0    148     36     42 
 20260324    02:47:17       1    146     39     49 
 20260324    02:47:17       2    144     37     45 
 20260324    02:47:17       3    162     35     43 
 20260324    02:47:47       0    134     34     41 
 20260324    02:47:47       1    133     37     47 
 20260324    02:47:47       2    130     36     43 
 20260324    02:47:47       3    148     34     42 
#Date        Time         gpu    pwr  gtemp  mtemp 
#YYYYMMDD    HH:MM:SS     Idx      W      C      C 
 20260324    02:48:17       0    133     34     40 
 20260324    02:48:17       1    133     37     47 
 20260324    02:48:17       2    131     36     43 
 20260324    02:48:17       3    148     34     42 
 20260324    02:48:47       0    147     36     43 
 20260324    02:48:47       1    145     38     49 
 20260324    02:48:47       2    143     37     45 
 20260324    02:48:47       3    162     35     42 
 20260324    02:49:17       0    146     36     42 
 20260324    02:49:17       1    145     38     49 
 20260324    02:49:17       2    143     37     45 
 20260324    02:49:17       3    162     35     43 
 20260324    02:49:47       0    146     36     43 
 20260324    02:49:47       1    145     39     49 
 20260324    02:49:47       2    142     37     45 
 20260324    02:49:47       3    161     35     42 
 20260324    02:50:17       0    146     36     43 
 20260324    02:50:17       1    145     39     49 
 20260324    02:50:17       2    143     37     45 
 20260324    02:50:17       3    161     35     43 
 20260324    02:50:47       0    145     36     42 
 20260324    02:50:47       1    144     38     49 
 20260324    02:50:47       2    142     37     45 
 20260324    02:50:47       3    161     35     42 
 20260324    02:51:17       0    146     36     42 
 20260324    02:51:17       1    145     39     49 
 20260324    02:51:17       2    143     37     45 
 20260324    02:51:17       3    161     35     42 
 20260324    02:51:47       0    146     36     43 
 20260324    02:51:47       1    145     39     49 
 20260324    02:51:47       2    143     37     45 
 20260324    02:51:47       3    161     35     42 
 20260324    02:52:17       0    147     36     43 
 20260324    02:52:17       1    145     39     49 
 20260324    02:52:17       2    143     37     45 
 20260324    02:52:17       3    161     35     42 
 20260324    02:52:47       0    146     36     42 
 20260324    02:52:47       1    144     38     49 
 20260324    02:52:47       2    143     37     45 
 20260324    02:52:47       3    161     35     43 
 20260324    02:53:17       0    147     36     42 
 20260324    02:53:17       1    145     38     49 
 20260324    02:53:17       2    144     37     45 
 20260324    02:53:17       3    162     35     43 
#Date        Time         gpu    pwr  gtemp  mtemp 
#YYYYMMDD    HH:MM:SS     Idx      W      C      C 
 20260324    02:53:47       0    134     34     42 
 20260324    02:53:47       1    132     37     47 
 20260324    02:53:47       2    131     36     43 
 20260324    02:53:47       3    149     34     43 
 20260324    02:54:17       0    134     34     40 
 20260324    02:54:17       1    132     37     47 
 20260324    02:54:17       2    131     36     43 
 20260324    02:54:17       3    148     34     42 
 20260324    02:54:47       0    135     34     42 
 20260324    02:54:47       1    134     37     49 
 20260324    02:54:47       2    131     36     43 
 20260324    02:54:47       3    150     35     43 
 20260324    02:55:17       0    233     38     45 
 20260324    02:55:17       1    352     44     55 
 20260324    02:55:17       2    212     39     47 
 20260324    02:55:17       3    204     37     45 
 20260324    02:55:47       0    167     35     42 
 20260324    02:55:47       1    134     37     49 
 20260324    02:55:47       2    131     36     45 
 20260324    02:55:47       3    196     37     44 
 20260324    02:56:17       0    135     34     42 
 20260324    02:56:17       1    132     37     47 
 20260324    02:56:17       2    131     36     43 
 20260324    02:56:17       3    150     34     42 
