rm: cannot remove 'WAVECAR': No such file or directory
 running   64 mpi-ranks, with    8 threads/rank, on    2 nodes
 distrk:  each k-point on   64 cores,    1 groups
 distr:  one band on    1 cores,   64 groups
 Offloading initialized ...    8 GPUs detected
 WARNING: INIT_OFFLOAD: several MPI-ranks need to share a GPU, which is not
     supported by NCCL. The use of NCCL will be switched off. To avoid this,
     reduce the number of MPI-ranks: #-of-ranks <= #-of-GPUs (on every node!).

Out of memory allocating 230400000 bytes of device memory
Failing in Thread:1
Out of memory allocating 230400000 bytes of device memory
Failing in Thread:1
total/free CUDA memory: 102005473280/617152512
Present table dump for device[1]: NVIDIA Tesla GPU 0, compute capability 9.0, threadid=1
Hint: specify 0x800 bit in NV_ACC_DEBUG for verbose info.
host:0x2557280 device:0x400603df6c00 size:32 presentcount:0+3 line:643 name:var%comm
host:0x25572a0 device:0x400603dbca00 size:32 presentcount:0+4 line:652 name:var%comm_kinter
host:0x25572c0 device:0x400603dbcc00 size:32 presentcount:0+6 line:655 name:var%comm_kin
host:0x25572e0 device:0x40037e5ffa00 size:32 presentcount:0+3 line:646 name:var%comm_inter
host:0x2557300 device:0x40037e5ffc00 size:32 presentcount:0+7 line:649 name:var%comm_inb
host:0x256be80 device:0x40037a0ecd00 size:8 presentcount:0+1 line:-1 name:_setexm_struct_def_21
host:0x2576f40 device:0x40037a0ece00 size:28 presentcount:0+1 line:-1 name:_ml_ff_constant_21
host:0x2577c80 device:0x40037a0ecf00 size:30437 presentcount:0+1 line:-1 name:_ml_ff_taglist_21
host:0x25afc80 device:0x40037a0f4600 size:8 presentcount:0+1 line:-1 name:_mopenacc_tutor_21
host:0x25c2740 device:0x40037a0f4a00 size:32 presentcount:0+1 line:-1 name:_mbj_21
host:0x25cd640 device:0x40037a0f4d00 size:8 presentcount:0+1 line:-1 name:_sym_prec_21
host:0x26030c0 device:0x40037a0f4e00 size:344 presentcount:0+1 line:-1 name:_tet_21
host:0x261c840 device:0x40037a0f5000 size:392 presentcount:0+1 line:-1 name:_mymath_21
host:0x2817368 device:0x400603dbd800 size:4800 presentcount:0+2 line:614 name:var
host:0x2818628 device:0x400603df5000 size:1984 presentcount:0+2 line:403 name:var
host:0x281a910 device:0x40053c3ff600 size:864 presentcount:0+4 line:2639 name:hamiltonian
host:0x286ac80 device:0x400603dfe600 size:2712 presentcount:0+2 line:428 name:var
host:0x286b718 device:0x40057c3fea00 size:2248 presentcount:0+1 line:742 name:var
host:0x286eb50 device:0x4006041ffa00 size:288 presentcount:0+1 line:195 name:latt_cur
host:0x2871658 device:0x40037e5fc000 size:5088 presentcount:0+28 line:517 name:var
host:0x2872a38 device:0x4004b03fa600 size:5088 presentcount:0+6 line:517 name:var
host:0x2873e18 device:0x400603ff9c00 size:5088 presentcount:0+7 line:517 name:var
host:0x287a2a8 device:0x4006041eba00 size:304 presentcount:0+1 line:567 name:var
host:0x287a3d8 device:0x4006041ec800 size:304 presentcount:0+1 line:567 name:var
host:0x2e48ec0 device:0x40037a002600 size:960024 presentcount:0+1 line:-1 name:_setexm_struct_def_16
host:0x2f8f080 device:0x40037a0f4700 size:580 presentcount:0+1 line:-1 name:_wpbe_16
host:0x2f8f900 device:0x40037a0f4b00 size:288 presentcount:0+1 line:-1 name:_mbj_16
host:0x9f446c0 device:0x40037a0f5200 size:624 presentcount:0+1 line:-1 name:_mlr_optic_16
host:0x35974e60 device:0x400603dbf600 size:1000 presentcount:0+4 line:519 name:var%lpctz(:)
host:0x35977e30 device:0x4006041eae00 size:260 presentcount:0+1 line:499 name:var%ptri(:)
host:0x35978120 device:0x4004b03ffc00 size:260 presentcount:0+1 line:499 name:var%n(:)
host:0x35a5c940 device:0x400603dff800 size:24 presentcount:0+3 line:616 name:var%vkpt(:,:)
host:0x35a5cb10 device:0x400603dbd600 size:16 presentcount:0+2 line:430 name:var%psrmax(:)
host:0x35a5cb50 device:0x400603dff200 size:8 presentcount:0+3 line:616 name:var%lmmax(:)
host:0x35a5cb80 device:0x400603dff600 size:8 presentcount:0+3 line:616 name:var%nt_global(:)
host:0x35a5cbb0 device:0x400603dffe00 size:4 presentcount:0+2 line:616 name:var%nplwkp(:)
host:0x35a5cbe0 device:0x400603ff1e00 size:4 presentcount:0+2 line:616 name:var%nplwkp_tot(:)
host:0x35a5cc10 device:0x400603ff7e00 size:4 presentcount:0+2 line:616 name:var%ngvector_pos(:)
host:0x35a5cc40 device:0x400603dffc00 size:4 presentcount:0+2 line:616 name:var%ngvector(:)
host:0x35a5cc70 device:0x400603df5800 size:8 presentcount:0+2 line:616 name:var%nb_totk(:,:)
host:0x35a5cca0 device:0x400603ff8000 size:4 presentcount:0+2 line:616 name:var%luseinv(:)
host:0x35a5ccd0 device:0x400603dbd200 size:4 presentcount:0+2 line:616 name:var%at_gamma(:)
host:0x35a5cd00 device:0x400603ff9a00 size:8 presentcount:0+2 line:405 name:var%lmmax(:)
host:0x35a5cd30 device:0x400603dbce00 size:8 presentcount:0+2 line:430 name:var%lmax(:)
host:0x35a5cd60 device:0x400603dbd000 size:8 presentcount:0+2 line:430 name:var%lmmax(:)
host:0x35a5cd90 device:0x400603dbd400 size:8 presentcount:0+2 line:430 name:var%channels(:)
host:0x35a5cdc0 device:0x40057c3ff400 size:16 presentcount:0+2 line:430 name:var%rsmooth(:)
host:0x36b3b590 device:0x4004b03fd600 size:528 presentcount:0+1 line:480 name:var
host:0x3ad8c1e0 device:0x40037e5ffe00 size:8 presentcount:0+4 line:405 name:var%nityp(:)
host:0x3b24e1f0 device:0x4004b03ffe00 size:260 presentcount:0+1 line:499 name:var%ptr(:)
host:0x3b708ee0 device:0x4006041eec00 size:28464 presentcount:0+1 line:853 name:var(:)
host:0x3b722720 device:0x4006043eca00 size:40000 presentcount:0+1 line:857 name:var%psp(:,:)
host:0x3b72c390 device:0x4006043f6800 size:8000 presentcount:0+1 line:857 name:var%psprho(:)
host:0x3b72f770 device:0x400603ff2000 size:24000 presentcount:0+2 line:466 name:var%psprnl(:,:,:)
host:0x3b75f2a0 device:0x400603fe9c00 size:4320 presentcount:0+4 line:405 name:var%ityp(:)
host:0x3b7603b0 device:0x400603df8000 size:25920 presentcount:0+4 line:405 name:var%posion(:,:)
host:0x3b7a1b50 device:0x400603dff400 size:8 presentcount:0+3 line:616 name:var%nityp(:)
host:0x3b7a34a0 device:0x400603dffa00 size:8 presentcount:0+2 line:616 name:var%wtkpt(:)
host:0x3b7a3c40 device:0x4006041f5c00 size:40000 presentcount:0+1 line:857 name:var%psp(:,:)
host:0x3b7ad8b0 device:0x4006043e8a00 size:8000 presentcount:0+1 line:857 name:var%pspcor(:)
host:0x3b7af820 device:0x4006043eaa00 size:8000 presentcount:0+1 line:857 name:var%psprho(:)
host:0x3b7b2ab0 device:0x400603fec000 size:24000 presentcount:0+2 line:466 name:var%psprnl(:,:,:)
host:0x3b7f7fd0 device:0x40057c3ff800 size:24 presentcount:0+3 line:466 name:var%lps(:)
host:0x3b7f8080 device:0x40057c3ffc00 size:24 presentcount:0+3 line:466 name:var%lps(:)
host:0x3b8676d0 device:0x400603fe8a00 size:4320 presentcount:0+3 line:616 name:var%ityp(:)
host:0x3b8687e0 device:0x400603df6e00 size:4320 presentcount:0+3 line:616 name:var%npro_pos(:)
host:0x3b8698f0 device:0x400603df5a00 size:4324 presentcount:0+3 line:616 name:var%lmbase(:)
host:0x3b86aa00 device:0x400603dbec00 size:1280 presentcount:0+4 line:519 name:var%lpctx(:)
host:0x3b86af30 device:0x400603dbf200 size:720 presentcount:0+4 line:519 name:var%lpcty(:)
host:0x3b86b230 device:0x400603dbfa00 size:1280 presentcount:0+4 line:519 name:var%lpctx_(:)
host:0x3b86b760 device:0x400603dc0000 size:720 presentcount:0+4 line:519 name:var%lpcty_(:)
host:0x3b86ba60 device:0x400603dc0400 size:1000 presentcount:0+4 line:519 name:var%lpctz_(:)
host:0x3b86be70 device:0x4004b03fba00 size:1280 presentcount:0+1 line:519 name:var%lpctx(:)
host:0x3b86c3a0 device:0x4004b03fc000 size:720 presentcount:0+1 line:519 name:var%lpcty(:)
host:0x3b86c6a0 device:0x4004b03fc400 size:1000 presentcount:0+1 line:519 name:var%lpctz(:)
host:0x3b86cab0 device:0x4004b03fc800 size:1280 presentcount:0+1 line:519 name:var%lpctx_(:)
host:0x3b86cfe0 device:0x4004b03fce00 size:720 presentcount:0+1 line:519 name:var%lpcty_(:)
host:0x3b86d2e0 device:0x4004b03fd200 size:1000 presentcount:0+1 line:519 name:var%lpctz_(:)
host:0x3b86d6f0 device:0x400603ff8200 size:2560 presentcount:0+1 line:519 name:var%lpctx(:)
host:0x3b86e120 device:0x400603ffb000 size:1440 presentcount:0+1 line:519 name:var%lpcty(:)
host:0x3b86e6f0 device:0x400603ff8e00 size:2000 presentcount:0+1 line:519 name:var%lpctz(:)
host:0x3b86eef0 device:0x400603ffb600 size:2560 presentcount:0+1 line:519 name:var%lpctx_(:)
host:0x3b86f920 device:0x400603ffc000 size:1440 presentcount:0+1 line:519 name:var%lpcty_(:)
host:0x3b86fef0 device:0x400603ffc600 size:2000 presentcount:0+1 line:519 name:var%lpctz_(:)
host:0x3b963550 device:0x400603ffce00 size:5644 presentcount:0+1 line:482 name:var%i2(:)
host:0x3b964b90 device:0x400603ffe600 size:5644 presentcount:0+1 line:482 name:var%i3(:)
host:0x3b9661d0 device:0x4004b03f4c00 size:10040 presentcount:0+1 line:482 name:var%i2(:)
host:0x3b968930 device:0x4004b03f7400 size:10040 presentcount:0+1 line:482 name:var%i3(:)
host:0x3b96b090 device:0x4004b03ed800 size:14400 presentcount:0+2 line:482 name:var%i2(:)
host:0x3b96e900 device:0x4004b03f1200 size:14400 presentcount:0+2 line:482 name:var%i3(:)
host:0x3b972590 device:0x40067b85fa00 size:921600 presentcount:0+2 line:482 name:var%index(:,:)
host:0x3ba535c0 device:0x4006041eca00 size:2560 presentcount:0+1 line:569 name:var%ind1(:)
host:0x3ba53ff0 device:0x4006041ed400 size:5644 presentcount:0+1 line:569 name:var%indcol(:)
host:0x3ba55630 device:0x4004b03fda00 size:5644 presentcount:0+1 line:482 name:var%i2(:)
host:0x3ba56c70 device:0x4006041e8a00 size:5644 presentcount:0+1 line:482 name:var%i3(:)
host:0x3ba582b0 device:0x4004b03ff200 size:2520 presentcount:0+1 line:482 name:var%i2(:)
host:0x3ba58cb0 device:0x4006041ea200 size:2520 presentcount:0+1 line:482 name:var%i3(:)
host:0x3ba596b0 device:0x40037e5fd400 size:4320 presentcount:0+2 line:430 name:var%nlimax(:)
host:0x3ba5a7c0 device:0x40037e5fe600 size:4324 presentcount:0+2 line:430 name:var%lmbase(:)
host:0x3ba5b8d0 device:0x4004b0390600 size:4324 presentcount:0+2 line:430 name:var%nlibase(:)
host:0x3ba5c9e0 device:0x400603dc0800 size:17132 presentcount:0+4 line:519 name:var%nindpwconjg(:)
host:0x3ba60d00 device:0x400603dc4c00 size:17132 presentcount:0+4 line:519 name:var%ind_in_sphere(:)
host:0x3ba66660 device:0x40037e5ff800 size:260 presentcount:0+1 line:499 name:var%ptr(:)
host:0x3ba66790 device:0x40057c3ffe00 size:260 presentcount:0+1 line:499 name:var%n(:)
host:0x3ba668c0 device:0x4004b03f9c00 size:260 presentcount:0+1 line:499 name:var%ptri(:)
host:0x3ba669f0 device:0x400603fffe00 size:260 presentcount:0+1 line:499 name:var%ni(:)
host:0x3ba66b20 device:0x4004b03fa000 size:260 presentcount:0+1 line:499 name:var%ptr(:)
host:0x3ba66c50 device:0x4004b03f9e00 size:260 presentcount:0+1 line:499 name:var%n(:)
host:0x3ba66d80 device:0x4004b03fa400 size:260 presentcount:0+1 line:499 name:var%ptri(:)
host:0x3ba66eb0 device:0x4004b03fa200 size:260 presentcount:0+1 line:499 name:var%ni(:)
host:0x3ba66fe0 device:0x4006041eac00 size:260 presentcount:0+1 line:499 name:var%ni(:)
host:0x3ba67110 device:0x4006041eb200 size:260 presentcount:0+1 line:499 name:var%ptr(:)
host:0x3ba67240 device:0x4006041eb000 size:260 presentcount:0+1 line:499 name:var%n(:)
host:0x3ba67370 device:0x4006041eb800 size:4 presentcount:0+1 line:499 name:var%tbli(:)
host:0x3ba673a0 device:0x4006041eb600 size:260 presentcount:0+1 line:499 name:var%ptri(:)
host:0x3ba674d0 device:0x4006041eb400 size:260 presentcount:0+1 line:499 name:var%ni(:)
host:0x3ba93760 device:0x4006041ebc00 size:1280 presentcount:0+1 line:569 name:var%ind1(:)
host:0x3ba93c90 device:0x4006041ec200 size:1448 presentcount:0+1 line:569 name:var%indcol(:)
host:0x3ba94260 device:0x4004b0338600 size:180000 presentcount:0+4 line:482 name:var%i2(:)
host:0x3bac01b0 device:0x4004b0364600 size:180000 presentcount:0+4 line:482 name:var%i3(:)
host:0x3baec100 device:0x400603dc9000 size:180000 presentcount:0+8 line:482 name:var%index(:,:)
host:0x3bb18050 device:0x4006043bca00 size:180000 presentcount:0+8 line:482 name:var%i2(:)
host:0x3bb43fa0 device:0x4004b0391800 size:180000 presentcount:0+8 line:482 name:var%i3(:)
host:0x3bb70520 device:0x400603e00000 size:1821184 presentcount:0+3 line:616 name:var%nindpw(:,:)
host:0x3bd2cf50 device:0x400603fbca00 size:180000 presentcount:0+3 line:616 name:var%pl_index(:,:)
host:0x3bd58ea0 device:0x4006041bca00 size:180000 presentcount:0+3 line:616 name:var%pl_col(:,:)
host:0x3bd84df0 device:0x400603feae00 size:4324 presentcount:0+2 line:405 name:var%lmbase(:)
host:0x3bd85f00 device:0x40057c3ff600 size:400 presentcount:0+2 line:464 name:var
host:0x3bd86090 device:0x40057c3ffa00 size:400 presentcount:0+2 line:464 name:var
host:0x3bdf6ab0 device:0x40067b940a00 size:463360 presentcount:0+1 line:499 name:var%tbl(:)
host:0x3bff3880 device:0x400604c00000 size:7284736 presentcount:0+3 line:616 name:var%datake(:,:,:)
host:0x3c6e6b00 device:0x400604000000 size:1821184 presentcount:0+3 line:616 name:var%igx(:,:)
host:0x3c8a4190 device:0x400603c00000 size:1821184 presentcount:0+3 line:616 name:var%igy(:,:)
host:0x3ca61a30 device:0x400604200000 size:1821184 presentcount:0+3 line:616 name:var%igz(:,:)
host:0x3cc1f900 device:0x40061cc00000 size:7284272 presentcount:0+4 line:519 name:var%fftsca(:,:)
host:0x3d383190 device:0x400ea4400000 size:453600 presentcount:0+1 line:499 name:var%tbli(:)
host:0x3d3f1da0 device:0x400ea446ec00 size:453600 presentcount:0+1 line:499 name:var%tbl(:)
host:0x3d562c80 device:0x400ea3400000 size:3612160 presentcount:0+1 line:499 name:var%tbl(:)
host:0x3dc49c70 device:0x400ea3800000 size:3614400 presentcount:0+1 line:499 name:var%tbli(:)
host:0x3dfbe040 device:0x400ea3c00000 size:3614400 presentcount:0+1 line:499 name:var%tbl(:)
host:0x3e6a6e10 device:0x400ea4000000 size:3614400 presentcount:0+1 line:499 name:var%tbli(:)
host:0x3f47b480 device:0x40067ba00000 size:2799360 presentcount:0+2 line:194 name:cdij(:,:,:,:)
host:0x3f732420 device:0x40037e5f1e00 size:41472 presentcount:0+1 line:746 name:var%auxtot(:,:,:)
host:0x3f772420 device:0x4004b031a000 size:41472 presentcount:0+2 line:746 name:var%fertot(:,:,:)
host:0x3f780030 device:0x4004b0324200 size:82944 presentcount:0+2 line:746 name:var%celtot(:,:,:)
host:0x3fb65d20 device:0x400ea4600000 size:2799360 presentcount:0+2 line:194 name:cqij(:,:,:,:)
host:0x400c59d0 device:0x40067be00000 size:7962624 presentcount:0+5 line:746 name:var%gproj(:,:,:,:)
host:0x40b8a910 device:0x4004b03d5800 size:98304 presentcount:0+1 line:1101 name:w1%gproj(:)
host:0x40c09080 device:0x4006043fbe00 size:2048 presentcount:0+1 line:179 name:wtmp(:)
host:0x40d90cd0 device:0x400ea459d800 size:393216 presentcount:0+2 line:1226 name:wa%gproj(:,:)
host:0x40df0d00 device:0x401066c00000 size:393216 presentcount:0+2 line:1226 name:wa%gproj(:,:)
host:0x40e50d30 device:0x4004b03bd800 size:98304 presentcount:0+1 line:1101 name:w1%gproj(:)
host:0x40e68d60 device:0x40067b9cba00 size:98304 presentcount:0+1 line:1101 name:w1%gproj(:)
host:0x40e80d90 device:0x40067b9e3a00 size:98304 presentcount:0+1 line:1101 name:w1%gproj(:)
host:0x49969780 device:0x401074e00000 size:3145728 presentcount:0+2 line:1226 name:wa%gproj(:,:)
host:0x4ea76760 device:0x400ea45fd800 size:2048 presentcount:0+1 line:179 name:w1(:)
host:0x4ea96630 device:0x401075200000 size:14569472 presentcount:0+1 line:202 name:precon(:,:)
host:0x4f882e00 device:0x400604400000 size:7284736 presentcount:0+1 line:1101 name:w1%cptwfp(:)
host:0x4ff7d400 device:0x400603400000 size:7284736 presentcount:0+1 line:1101 name:w1%cptwfp(:)
host:0x50678030 device:0x400dece00000 size:7284736 presentcount:0+1 line:1101 name:w1%cptwfp(:)
host:0x50d6ac80 device:0x400def800000 size:7284736 presentcount:0+1 line:1101 name:w1%cptwfp(:)
host:0x4003bc0010a0 device:0x400605400000 size:45593280 presentcount:0+2 line:430 name:var%nli(:,:)
host:0x4003beb835c0 device:0x400ea4a00000 size:14400000 presentcount:0+1 line:195 name:dencor(:)
host:0x4004080031a0 device:0x400660000000 size:230400000 presentcount:0+2 line:194 name:sv(:,:)
host:0x4004169939e0 device:0x400ea5800000 size:28915200 presentcount:0+1 line:195 name:cstrf(:,:)
host:0x4004c00012b0 device:0x400620000000 size:807411968 presentcount:0+2 line:430 name:var%rproj(:)
host:0x4004f0216f80 device:0x401063400000 size:29138944 presentcount:0+2 line:1226 name:wa%cptwfp(:,:)
host:0x4004f1df7190 device:0x401065000000 size:29138944 presentcount:0+2 line:1226 name:wa%cptwfp(:,:)
host:0x4005a0004a60 device:0x4005e0000000 size:590063616 presentcount:0+5 line:746 name:var%cptwfp(:,:,:,:)
host:0x4005c32c73a0 device:0x401066e00000 size:233111552 presentcount:0+2 line:1226 name:wa%cptwfp(:,:)
host:0x4006a32c79d0 device:0x400df2200000 size:230400000 presentcount:0+1 line:1101 name:w1%cr(:)
host:0x4006b0e97be0 device:0x400650400000 size:230400000 presentcount:0+1 line:1236 name:w1%cr(:)
host:0x400700008000 device:0x40066dc00000 size:230400000 presentcount:0+1 line:1101 name:w1%cr(:)
host:0x40070dbd8210 device:0x400608000000 size:230400000 presentcount:0+1 line:1236 name:w1%cr(:)
host:0x40071b7a0020 device:0x401023400000 size:230400000 presentcount:0+1 line:1101 name:w1%cr(:)
host:0x400729360230 device:0x401031000000 size:230400000 presentcount:0+1 line:1236 name:w1%cr(:)
host:0x400c00000650 device:0x400fe3400000 size:230400000 presentcount:0+1 line:1101 name:w1%cr(:)
host:0x400c0dbc0860 device:0x400ff1000000 size:230400000 presentcount:0+1 line:1236 name:w1%cr(:)
host:0x400d80002750 device:0x401080000000 size:921600000 presentcount:0+1 line:1005 name:cwork1(:,:)
host:0xfffffe207de0 device:0x4006043fca00 size:3024 presentcount:0+12 line:682 name:var
host:0xfffffe2089b0 device:0x40053c3ffa00 size:1480 presentcount:0+1 line:174 name:w_ini
host:0xfffffe208f80 device:0x4006043fb400 size:1480 presentcount:0+1 line:174 name:wopt
host:0xfffffe209550 device:0x40051c3ff600 size:1480 presentcount:0+1 line:174 name:wtmpa
allocated block device:0x40037e5f1e00 size:41472 thread:1
allocated block device:0x40037e5fc000 size:5120 thread:1
allocated block device:0x40037e5fd400 size:4608 thread:1
allocated block device:0x40037e5fe600 size:4608 thread:1
allocated block device:0x40037e5ff800 size:512 thread:1
allocated block device:0x40037e5ffa00 size:512 thread:1
allocated block device:0x40037e5ffc00 size:512 thread:1
allocated block device:0x40037e5ffe00 size:512 thread:1
allocated block device:0x4004b031a000 size:41472 thread:1
total/free CUDA memory: 102005473280/52363264
allocated block device:0x4004b0324200 size:82944 thread:1
allocated block device:0x4004b0338600 size:180224 thread:1
allocated block device:0x4004b0364600 size:180224 thread:1
allocated block device:0x4004b0390600 size:4608 thread:1
allocated block device:0x4004b0391800 size:180224 thread:1
allocated block device:0x4004b03bd800 size:98304 thread:1
allocated block device:0x4004b03d5800 size:98304 thread:1
allocated block device:0x4004b03ed800 size:14848 thread:1
allocated block device:0x4004b03f1200 size:14848 thread:1
allocated block device:0x4004b03f4c00 size:10240 thread:1
allocated block device:0x4004b03f7400 size:10240 thread:1
allocated block device:0x4004b03f9c00 size:512 thread:1
allocated block device:0x4004b03f9e00 size:512 thread:1
allocated block device:0x4004b03fa000 size:512 thread:1
allocated block device:0x4004b03fa200 size:512 thread:1
allocated block device:0x4004b03fa400 size:512 thread:1
Present table dump for device[1]: NVIDIA Tesla GPU 0, compute capability 9.0, threadid=1
Hint: specify 0x800 bit in NV_ACC_DEBUG for verbose info.
host:0x2557280 device:0x400663df6c00 size:32 presentcount:0+3 line:643 name:var%comm
host:0x25572a0 device:0x400663dbca00 size:32 presentcount:0+4 line:652 name:var%comm_kinter
host:0x25572c0 device:0x400663dbcc00 size:32 presentcount:0+6 line:655 name:var%comm_kin
allocated block device:0x4004b03fa600 size:5120 thread:1
allocated block device:0x4004b03fba00 size:1536 thread:1
allocated block device:0x4004b03fc000 size:1024 thread:1
allocated block device:0x4004b03fc400 size:1024 thread:1
allocated block device:0x4004b03fc800 size:1536 thread:1
allocated block device:0x4004b03fce00 size:1024 thread:1
allocated block device:0x4004b03fd200 size:1024 thread:1
allocated block device:0x4004b03fd600 size:1024 thread:1
allocated block device:0x4004b03fda00 size:6144 thread:1
allocated block device:0x4004b03ff200 size:2560 thread:1
allocated block device:0x4004b03ffc00 size:512 thread:1
allocated block device:0x4004b03ffe00 size:512 thread:1
allocated block device:0x40051c3ff600 size:2048 thread:1
allocated block device:0x40053c3ff600 size:1024 thread:1
allocated block device:0x40053c3ffa00 size:1536 thread:1
allocated block device:0x40057c3fea00 size:2560 thread:1
allocated block device:0x40057c3ff400 size:512 thread:1
allocated block device:0x40057c3ff600 size:512 thread:1
host:0x25572e0 device:0x4003de3ffa00 size:32 presentcount:0+3 line:646 name:var%comm_inter
host:0x2557300 device:0x4003de3ffc00 size:32 presentcount:0+6 line:649 name:var%comm_inb
host:0x256be80 device:0x4003da0ecd00 size:8 presentcount:0+1 line:-1 name:_setexm_struct_def_21
host:0x2576f40 device:0x4003da0ece00 size:28 presentcount:0+1 line:-1 name:_ml_ff_constant_21
host:0x2577c80 device:0x4003da0ecf00 size:30437 presentcount:0+1 line:-1 name:_ml_ff_taglist_21
host:0x25afc80 device:0x4003da0f4600 size:8 presentcount:0+1 line:-1 name:_mopenacc_tutor_21
host:0x25c2740 device:0x4003da0f4a00 size:32 presentcount:0+1 line:-1 name:_mbj_21
allocated block device:0x40057c3ff800 size:512 thread:1
allocated block device:0x40057c3ffa00 size:512 thread:1
allocated block device:0x40057c3ffc00 size:512 thread:1
allocated block device:0x40057c3ffe00 size:512 thread:1
allocated block device:0x4005e0000000 size:590063616 thread:1
allocated block device:0x400603400000 size:7962624 thread:1
allocated block device:0x400603c00000 size:1821184 thread:1
allocated block device:0x400603dbca00 size:512 thread:1
allocated block device:0x400603dbcc00 size:512 thread:1
allocated block device:0x400603dbce00 size:512 thread:1
allocated block device:0x400603dbd000 size:512 thread:1
allocated block device:0x400603dbd200 size:512 thread:1
allocated block device:0x400603dbd400 size:512 thread:1
allocated block device:0x400603dbd600 size:512 thread:1
allocated block device:0x400603dbd800 size:5120 thread:1
allocated block device:0x400603dbec00 size:1536 thread:1
allocated block device:0x400603dbf200 size:1024 thread:1
allocated block device:0x400603dbf600 size:1024 thread:1
allocated block device:0x400603dbfa00 size:1536 thread:1
allocated block device:0x400603dc0000 size:1024 thread:1
host:0x25cd640 device:0x4003da0f4d00 size:8 presentcount:0+1 line:-1 name:_sym_prec_21
host:0x26030c0 device:0x4003da0f4e00 size:344 presentcount:0+1 line:-1 name:_tet_21
host:0x261c840 device:0x4003da0f5000 size:392 presentcount:0+1 line:-1 name:_mymath_21
host:0x2817368 device:0x400663dbd800 size:4800 presentcount:0+2 line:614 name:var
host:0x2818628 device:0x400663df5000 size:1984 presentcount:0+1 line:403 name:var
host:0x281a910 device:0x40059c1ff600 size:864 presentcount:0+4 line:2639 name:hamiltonian
host:0x286ac80 device:0x400663dfe600 size:2712 presentcount:0+1 line:428 name:var
host:0x286b718 device:0x4005dc1fea00 size:2248 presentcount:0+1 line:742 name:var
allocated block device:0x400603dc0400 size:1024 thread:1
allocated block device:0x400603dc0800 size:17408 thread:1
allocated block device:0x400603dc4c00 size:17408 thread:1
allocated block device:0x400603dc9000 size:180224 thread:1
allocated block device:0x400603df5000 size:2048 thread:1
allocated block device:0x400603df5800 size:512 thread:1
allocated block device:0x400603df5a00 size:4608 thread:1
allocated block device:0x400603df6c00 size:512 thread:1
allocated block device:0x400603df6e00 size:4608 thread:1
allocated block device:0x400603df8000 size:26112 thread:1
allocated block device:0x400603dfe600 size:3072 thread:1
allocated block device:0x400603dff200 size:512 thread:1
allocated block device:0x400603dff400 size:512 thread:1
allocated block device:0x400603dff600 size:512 thread:1
allocated block device:0x400603dff800 size:512 thread:1
allocated block device:0x400603dffa00 size:512 thread:1
allocated block device:0x400603dffc00 size:512 thread:1
allocated block device:0x400603dffe00 size:512 thread:1
allocated block device:0x400603e00000 size:1821184 thread:1
allocated block device:0x400603fbca00 size:180224 thread:1
allocated block device:0x400603fe8a00 size:4608 thread:1
allocated block device:0x400603fe9c00 size:4608 thread:1
allocated block device:0x400603feae00 size:4608 thread:1
allocated block device:0x400603fec000 size:24064 thread:1
allocated block device:0x400603ff1e00 size:512 thread:1
allocated block device:0x400603ff2000 size:24064 thread:1
host:0x286eb50 device:0x4006641ffa00 size:288 presentcount:0+1 line:195 name:latt_cur
host:0x2871658 device:0x4003de3fc000 size:5088 presentcount:0+21 line:517 name:var
host:0x2872a38 device:0x4005103fa600 size:5088 presentcount:0+6 line:517 name:var
host:0x2873e18 device:0x400663ff9c00 size:5088 presentcount:0+7 line:517 name:var
host:0x287a2a8 device:0x4006641eba00 size:304 presentcount:0+1 line:567 name:var
host:0x287a3d8 device:0x4006641ec800 size:304 presentcount:0+1 line:567 name:var
host:0x2e48ec0 device:0x4003da002600 size:960024 presentcount:0+1 line:-1 name:_setexm_struct_def_16
host:0x2f8f080 device:0x4003da0f4700 size:580 presentcount:0+1 line:-1 name:_wpbe_16
host:0x2f8f900 device:0x4003da0f4b00 size:288 presentcount:0+1 line:-1 name:_mbj_16
host:0x9f446c0 device:0x4003da0f5200 size:624 presentcount:0+1 line:-1 name:_mlr_optic_16
host:0x48084e60 device:0x400663dbf600 size:1000 presentcount:0+3 line:519 name:var%lpctz(:)
host:0x48087e30 device:0x4006641eac00 size:260 presentcount:0+1 line:499 name:var%ni(:)
host:0x48088120 device:0x4006641eae00 size:260 presentcount:0+1 line:499 name:var%ptri(:)
allocated block device:0x400603ff7e00 size:512 thread:1
allocated block device:0x400603ff8000 size:512 thread:1
allocated block device:0x400603ff8200 size:3072 thread:1
allocated block device:0x400603ff8e00 size:3072 thread:1
allocated block device:0x400603ff9a00 size:512 thread:1
allocated block device:0x400603ff9c00 size:5120 thread:1
allocated block device:0x400603ffb000 size:1536 thread:1
allocated block device:0x400603ffb600 size:2560 thread:1
allocated block device:0x400603ffc000 size:1536 thread:1
allocated block device:0x400603ffc600 size:2048 thread:1
allocated block device:0x400603ffce00 size:6144 thread:1
allocated block device:0x400603ffe600 size:6144 thread:1
allocated block device:0x400603fffe00 size:512 thread:1
allocated block device:0x400604000000 size:1821184 thread:1
allocated block device:0x4006041bca00 size:180224 thread:1
allocated block device:0x4006041e8a00 size:6144 thread:1
allocated block device:0x4006041ea200 size:2560 thread:1
allocated block device:0x4006041eac00 size:512 thread:1
allocated block device:0x4006041eae00 size:512 thread:1
allocated block device:0x4006041eb000 size:512 thread:1
allocated block device:0x4006041eb200 size:512 thread:1
allocated block device:0x4006041eb400 size:512 thread:1
allocated block device:0x4006041eb600 size:512 thread:1
allocated block device:0x4006041eb800 size:512 thread:1
allocated block device:0x4006041eba00 size:512 thread:1
allocated block device:0x4006041ebc00 size:1536 thread:1
host:0x4816c8f0 device:0x400663dff800 size:24 presentcount:0+2 line:616 name:var%vkpt(:,:)
host:0x4816ca80 device:0x400663dbd600 size:16 presentcount:0+1 line:430 name:var%psrmax(:)
host:0x4816cac0 device:0x400663dffe00 size:4 presentcount:0+2 line:616 name:var%nplwkp(:)
host:0x4816caf0 device:0x400663ff1e00 size:4 presentcount:0+2 line:616 name:var%nplwkp_tot(:)
host:0x4816cb20 device:0x400663ff7e00 size:4 presentcount:0+2 line:616 name:var%ngvector_pos(:)
host:0x4816cb50 device:0x400663dffc00 size:4 presentcount:0+2 line:616 name:var%ngvector(:)
host:0x4816cb80 device:0x400663df5800 size:8 presentcount:0+2 line:616 name:var%nb_totk(:,:)
host:0x4816cbb0 device:0x400663ff8000 size:4 presentcount:0+2 line:616 name:var%luseinv(:)
host:0x4816cbe0 device:0x400663dbd200 size:4 presentcount:0+2 line:616 name:var%at_gamma(:)
host:0x4816cc10 device:0x400663ff9a00 size:8 presentcount:0+1 line:405 name:var%lmmax(:)
host:0x4816cc40 device:0x400663dbce00 size:8 presentcount:0+1 line:430 name:var%lmax(:)
host:0x4816cc70 device:0x400663dbd000 size:8 presentcount:0+1 line:430 name:var%lmmax(:)
host:0x4816cca0 device:0x400663dbd400 size:8 presentcount:0+1 line:430 name:var%channels(:)
allocated block device:0x4006041ec200 size:1536 thread:1
allocated block device:0x4006041ec800 size:512 thread:1
allocated block device:0x4006041eca00 size:2560 thread:1
allocated block device:0x4006041ed400 size:6144 thread:1
allocated block device:0x4006041eec00 size:28672 thread:1
allocated block device:0x4006041f5c00 size:40448 thread:1
allocated block device:0x4006041ffa00 size:512 thread:1
allocated block device:0x400604200000 size:1821184 thread:1
allocated block device:0x4006043bca00 size:180224 thread:1
allocated block device:0x4006043e8a00 size:8192 thread:1
allocated block device:0x4006043eaa00 size:8192 thread:1
allocated block device:0x4006043eca00 size:40448 thread:1
allocated block device:0x4006043f6800 size:8192 thread:1
allocated block device:0x4006043fb400 size:2560 thread:1
allocated block device:0x4006043fbe00 size:3072 thread:1
allocated block device:0x4006043fca00 size:3072 thread:1
allocated block device:0x400604400000 size:7284736 thread:1
allocated block device:0x400604c00000 size:7284736 thread:1
allocated block device:0x400605400000 size:45593600 thread:1
allocated block device:0x400608000000 size:230400000 thread:1
allocated block device:0x40061cc00000 size:7284736 thread:1
allocated block device:0x400620000000 size:807412224 thread:1
allocated block device:0x400650400000 size:230400000 thread:1
allocated block device:0x400660000000 size:230400000 thread:1
allocated block device:0x40066dc00000 size:230400000 thread:1
allocated block device:0x40067b85fa00 size:921600 thread:1
allocated block device:0x40067b940a00 size:463360 thread:1
allocated block device:0x40067b9cba00 size:98304 thread:1
allocated block device:0x40067b9e3a00 size:98304 thread:1
allocated block device:0x40067ba00000 size:2799616 thread:1
allocated block device:0x40067be00000 size:7962624 thread:1
allocated block device:0x400dece00000 size:14400000 thread:1
allocated block device:0x400def800000 size:14400000 thread:1
allocated block device:0x400df2200000 size:230400000 thread:1
allocated block device:0x400ea3400000 size:3612160 thread:1
allocated block device:0x400ea3800000 size:3614720 thread:1
allocated block device:0x400ea3c00000 size:3614720 thread:1
allocated block device:0x400ea4000000 size:3614720 thread:1
allocated block device:0x400ea4400000 size:453632 thread:1
allocated block device:0x400ea446ec00 size:453632 thread:1
allocated block device:0x400ea459d800 size:393216 thread:1
allocated block device:0x400ea45fd800 size:2048 thread:1
allocated block device:0x400ea4600000 size:2799616 thread:1
host:0x4816ccd0 device:0x4005dc1ff400 size:16 presentcount:0+1 line:430 name:var%rsmooth(:)
host:0x4816cd10 device:0x4006641eb800 size:4 presentcount:0+1 line:499 name:var%tbli(:)
host:0x487c9510 device:0x4005103fd600 size:528 presentcount:0+1 line:480 name:var
host:0x487c9db0 device:0x4005103ffc00 size:260 presentcount:0+1 line:499 name:var%n(:)
host:0x4c885df0 device:0x4005dc1ff600 size:400 presentcount:0+1 line:464 name:var
host:0x4c885f80 device:0x4005dc1ffa00 size:400 presentcount:0+1 line:464 name:var
host:0x50f1dce0 device:0x4003de3ffe00 size:8 presentcount:0+2 line:405 name:var%nityp(:)
host:0x513dfcf0 device:0x4005103ffe00 size:260 presentcount:0+1 line:499 name:var%ptr(:)
host:0x5189ab10 device:0x4006641eec00 size:28464 presentcount:0+1 line:853 name:var(:)
host:0x518a5050 device:0x400663dff600 size:8 presentcount:0+3 line:616 name:var%nt_global(:)
host:0x518a50f0 device:0x400663dff200 size:8 presentcount:0+3 line:616 name:var%lmmax(:)
host:0x518a5120 device:0x400663dffa00 size:8 presentcount:0+2 line:616 name:var%wtkpt(:)
host:0x518a5150 device:0x400663dff400 size:8 presentcount:0+3 line:616 name:var%nityp(:)
host:0x518a5a90 device:0x4006641f5c00 size:40000 presentcount:0+1 line:857 name:var%psp(:,:)
host:0x518af700 device:0x4006643e8a00 size:8000 presentcount:0+1 line:857 name:var%pspcor(:)
host:0x518b1670 device:0x4006643eaa00 size:8000 presentcount:0+1 line:857 name:var%psprho(:)
host:0x518b4900 device:0x400663fec000 size:24000 presentcount:0+1 line:466 name:var%psprnl(:,:,:)
host:0x518d17f0 device:0x4006643eca00 size:40000 presentcount:0+1 line:857 name:var%psp(:,:)
host:0x518db460 device:0x4006643f6800 size:8000 presentcount:0+1 line:857 name:var%psprho(:)
host:0x518de6f0 device:0x400663ff2000 size:24000 presentcount:0+1 line:466 name:var%psprnl(:,:,:)
host:0x5190e0d0 device:0x400663fe9c00 size:4320 presentcount:0+2 line:405 name:var%ityp(:)
host:0x5190f1e0 device:0x400663df8000 size:25920 presentcount:0+2 line:405 name:var%posion(:,:)
host:0x5197d3f0 device:0x4005dc1ff800 size:24 presentcount:0+2 line:466 name:var%lps(:)
host:0x5197d4a0 device:0x4005dc1ffc00 size:24 presentcount:0+2 line:466 name:var%lps(:)
host:0x51a10a30 device:0x400663fe8a00 size:4320 presentcount:0+3 line:616 name:var%ityp(:)
host:0x51a11b40 device:0x400663df6e00 size:4320 presentcount:0+3 line:616 name:var%npro_pos(:)
host:0x51a12c50 device:0x400663df5a00 size:4324 presentcount:0+3 line:616 name:var%lmbase(:)
host:0x51a13d60 device:0x400663dbec00 size:1280 presentcount:0+3 line:519 name:var%lpctx(:)
allocated block device:0x400ea4a00000 size:14400000 thread:1
allocated block device:0x400ea5800000 size:28915200 thread:1
allocated block device:0x400fe3400000 size:230400000 thread:1
allocated block device:0x400ff1000000 size:230400000 thread:1
allocated block device:0x401023400000 size:230400000 thread:1
allocated block device:0x401031000000 size:230400000 thread:1
allocated block device:0x401063400000 size:29138944 thread:1
allocated block device:0x401065000000 size:29138944 thread:1
allocated block device:0x401066c00000 size:393216 thread:1
allocated block device:0x401066e00000 size:233111552 thread:1
allocated block device:0x401074e00000 size:3145728 thread:1
allocated block device:0x401075200000 size:14569472 thread:1
allocated block device:0x401080000000 size:921600000 thread:1
host:0x51a14290 device:0x400663dbf200 size:720 presentcount:0+3 line:519 name:var%lpcty(:)
host:0x51a14590 device:0x400663dbfa00 size:1280 presentcount:0+3 line:519 name:var%lpctx_(:)
host:0x51a14ac0 device:0x400663dc0000 size:720 presentcount:0+3 line:519 name:var%lpcty_(:)
host:0x51a14dc0 device:0x400663dc0400 size:1000 presentcount:0+3 line:519 name:var%lpctz_(:)
host:0x51a151d0 device:0x4005103fba00 size:1280 presentcount:0+1 line:519 name:var%lpctx(:)
host:0x51a15700 device:0x4005103fc000 size:720 presentcount:0+1 line:519 name:var%lpcty(:)
host:0x51a15a00 device:0x4005103fc400 size:1000 presentcount:0+1 line:519 name:var%lpctz(:)
host:0x51a15e10 device:0x4005103fc800 size:1280 presentcount:0+1 line:519 name:var%lpctx_(:)
host:0x51a16340 device:0x4005103fce00 size:720 presentcount:0+1 line:519 name:var%lpcty_(:)
host:0x51a16640 device:0x4005103fd200 size:1000 presentcount:0+1 line:519 name:var%lpctz_(:)
host:0x51a16a50 device:0x400663ff8200 size:2560 presentcount:0+1 line:519 name:var%lpctx(:)
host:0x51a17480 device:0x400663ffb000 size:1440 presentcount:0+1 line:519 name:var%lpcty(:)
host:0x51a17a50 device:0x400663ff8e00 size:2000 presentcount:0+1 line:519 name:var%lpctz(:)
host:0x51a18250 device:0x400663ffb600 size:2560 presentcount:0+1 line:519 name:var%lpctx_(:)
host:0x51a18c80 device:0x400663ffc000 size:1440 presentcount:0+1 line:519 name:var%lpcty_(:)
host:0x51a19250 device:0x400663ffc600 size:2000 presentcount:0+1 line:519 name:var%lpctz_(:)
Accelerator Fatal Error: call to cuMemAlloc returned error 2 (CUDA_ERROR_OUT_OF_MEMORY): Out of memory
 File: /lus/lfs1aip2/projects/u6cb/software/VASP/vasp.6.5.1/build/gam/fft_base.f90
 Function: restride_r2q_cmplx:945
 Line: 964

host:0x51b0c8b0 device:0x400663ffce00 size:5644 presentcount:0+1 line:482 name:var%i2(:)
host:0x51b0def0 device:0x400663ffe600 size:5644 presentcount:0+1 line:482 name:var%i3(:)
host:0x51b0f530 device:0x4005103f4c00 size:10040 presentcount:0+1 line:482 name:var%i2(:)
host:0x51b11c90 device:0x4005103f7400 size:10040 presentcount:0+1 line:482 name:var%i3(:)
host:0x51b143f0 device:0x4005103ed800 size:14400 presentcount:0+2 line:482 name:var%i2(:)
host:0x51b17c60 device:0x4005103f1200 size:14400 presentcount:0+2 line:482 name:var%i3(:)
host:0x51b1b8f0 device:0x4006fb85fa00 size:921600 presentcount:0+2 line:482 name:var%index(:,:)
host:0x51bfc920 device:0x4006641eca00 size:2560 presentcount:0+1 line:569 name:var%ind1(:)
host:0x51bfd350 device:0x4006641ed400 size:5644 presentcount:0+1 line:569 name:var%indcol(:)
host:0x51bfe990 device:0x4005103fda00 size:5644 presentcount:0+1 line:482 name:var%i2(:)
host:0x51bfffd0 device:0x4006641e8a00 size:5644 presentcount:0+1 line:482 name:var%i3(:)
host:0x51c01610 device:0x4005103ff200 size:2520 presentcount:0+1 line:482 name:var%i2(:)
host:0x51c02010 device:0x4006641ea200 size:2520 presentcount:0+1 line:482 name:var%i3(:)
host:0x51c02a10 device:0x4003de3fd400 size:4320 presentcount:0+1 line:430 name:var%nlimax(:)
host:0x51c03b20 device:0x4003de3fe600 size:4324 presentcount:0+1 line:430 name:var%lmbase(:)
host:0x51c04c30 device:0x400510390600 size:4324 presentcount:0+1 line:430 name:var%nlibase(:)
host:0x51c05d40 device:0x400663dc0800 size:17132 presentcount:0+3 line:519 name:var%nindpwconjg(:)
host:0x51c0a060 device:0x400663dc4c00 size:17132 presentcount:0+3 line:519 name:var%ind_in_sphere(:)
host:0x51c0f9c0 device:0x4005dc1ffe00 size:260 presentcount:0+1 line:499 name:var%n(:)
host:0x51c0faf0 device:0x4005103f9c00 size:260 presentcount:0+1 line:499 name:var%ptri(:)
host:0x51c0fc20 device:0x400663fffe00 size:260 presentcount:0+1 line:499 name:var%ni(:)
host:0x51c0fd50 device:0x4005103fa000 size:260 presentcount:0+1 line:499 name:var%ptr(:)
host:0x51c0fe80 device:0x4005103f9e00 size:260 presentcount:0+1 line:499 name:var%n(:)
host:0x51c0ffb0 device:0x4005103fa400 size:260 presentcount:0+1 line:499 name:var%ptri(:)
host:0x51c100e0 device:0x4005103fa200 size:260 presentcount:0+1 line:499 name:var%ni(:)
host:0x51c10340 device:0x4006641eb200 size:260 presentcount:0+1 line:499 name:var%ptr(:)
host:0x51c10470 device:0x4006641eb000 size:260 presentcount:0+1 line:499 name:var%n(:)
host:0x51c105a0 device:0x4006641eb600 size:260 presentcount:0+1 line:499 name:var%ptri(:)
host:0x51c106d0 device:0x4006641eb400 size:260 presentcount:0+1 line:499 name:var%ni(:)
host:0x51c21230 device:0x4003de3ff800 size:260 presentcount:0+1 line:499 name:var%ptr(:)
host:0x51c3cac0 device:0x4006641ebc00 size:1280 presentcount:0+1 line:569 name:var%ind1(:)
host:0x51c3cff0 device:0x4006641ec200 size:1444 presentcount:0+1 line:569 name:var%indcol(:)
host:0x51c3d5c0 device:0x400510338600 size:180000 presentcount:0+3 line:482 name:var%i2(:)
host:0x51c69510 device:0x400510364600 size:180000 presentcount:0+3 line:482 name:var%i3(:)
host:0x51c95460 device:0x400663dc9000 size:180000 presentcount:0+6 line:482 name:var%index(:,:)
host:0x51cc13b0 device:0x4006643bca00 size:180000 presentcount:0+6 line:482 name:var%i2(:)
host:0x51ced300 device:0x400510391800 size:180000 presentcount:0+6 line:482 name:var%i3(:)
host:0x51d19880 device:0x400663e00000 size:1821184 presentcount:0+2 line:616 name:var%nindpw(:,:)
host:0x51ed62b0 device:0x400663fbca00 size:180000 presentcount:0+2 line:616 name:var%pl_index(:,:)
host:0x51f02200 device:0x4006641bca00 size:180000 presentcount:0+2 line:616 name:var%pl_col(:,:)
host:0x51f2e150 device:0x400663feae00 size:4324 presentcount:0+1 line:405 name:var%lmbase(:)
host:0x51f9fac0 device:0x4006fb940a00 size:462080 presentcount:0+1 line:499 name:var%tbl(:)
host:0x521854b0 device:0x400664c00000 size:7284736 presentcount:0+2 line:616 name:var%datake(:,:,:)
host:0x52878730 device:0x400664000000 size:1821184 presentcount:0+2 line:616 name:var%igx(:,:)
host:0x52a35dc0 device:0x400663c00000 size:1821184 presentcount:0+2 line:616 name:var%igy(:,:)
host:0x52bf3660 device:0x400664200000 size:1821184 presentcount:0+2 line:616 name:var%igz(:,:)
host:0x52db1530 device:0x40067cc00000 size:7284272 presentcount:0+3 line:519 name:var%fftsca(:,:)
host:0x535148c0 device:0x400f24400000 size:453600 presentcount:0+1 line:499 name:var%tbli(:)
host:0x535834d0 device:0x400f2446ec00 size:453600 presentcount:0+1 line:499 name:var%tbl(:)
host:0x536f43b0 device:0x400f23400000 size:3612160 presentcount:0+1 line:499 name:var%tbl(:)
host:0x53ddb3a0 device:0x400f23800000 size:3614400 presentcount:0+1 line:499 name:var%tbli(:)
host:0x5414f770 device:0x400f23c00000 size:3614400 presentcount:0+1 line:499 name:var%tbl(:)
host:0x54838540 device:0x400f24000000 size:3614400 presentcount:0+1 line:499 name:var%tbli(:)
host:0x5560cbb0 device:0x4006fba00000 size:2799360 presentcount:0+1 line:194 name:cdij(:,:,:,:)
host:0x558e2420 device:0x4003de3f1e00 size:41472 presentcount:0+1 line:746 name:var%auxtot(:,:,:)
host:0x55902420 device:0x40051031a000 size:41472 presentcount:0+2 line:746 name:var%fertot(:,:,:)
host:0x55930030 device:0x400510324200 size:82944 presentcount:0+2 line:746 name:var%celtot(:,:,:)
host:0x55cf7450 device:0x400f24600000 size:2799360 presentcount:0+1 line:194 name:cqij(:,:,:,:)
host:0x56257100 device:0x4006fbe00000 size:7962624 presentcount:0+1 line:746 name:var%gproj(:,:,:,:)
host:0x56d3e850 device:0x4005103bd800 size:98304 presentcount:0+1 line:1101 name:w1%gproj(:)
host:0x56dbcfc0 device:0x4005bc3ff600 size:2048 presentcount:0+1 line:179 name:wtmp(:)
host:0x56f44c10 device:0x400f2459d800 size:393216 presentcount:0+2 line:1226 name:wa%gproj(:,:)
host:0x56fa4c40 device:0x4010e6c00000 size:393216 presentcount:0+2 line:1226 name:wa%gproj(:,:)
host:0x57004c70 device:0x4005103d5800 size:98304 presentcount:0+1 line:1101 name:w1%gproj(:)
host:0x5701cca0 device:0x4006fb9c1400 size:98304 presentcount:0+1 line:1101 name:w1%gproj(:)
host:0x5fb23050 device:0x4010f4e00000 size:3145728 presentcount:0+2 line:1226 name:wa%gproj(:,:)
host:0x64c261c0 device:0x4006643f8800 size:2048 presentcount:0+1 line:179 name:w1(:)
host:0x65a32820 device:0x4010f5200000 size:7284736 presentcount:0+1 line:1101 name:w1%cptwfp(:)
host:0x6612cc10 device:0x4010f5a00000 size:7284736 presentcount:0+1 line:1101 name:w1%cptwfp(:)
host:0x66827630 device:0x4010f6200000 size:7284736 presentcount:0+1 line:1101 name:w1%cptwfp(:)
host:0x4004780010a0 device:0x400665400000 size:45593280 presentcount:0+1 line:430 name:var%nli(:,:)
host:0x40047b9535c0 device:0x400f24a00000 size:14400000 presentcount:0+1 line:195 name:dencor(:)
host:0x40047d4e39e0 device:0x400f25800000 size:28915200 presentcount:0+1 line:195 name:cstrf(:,:)
host:0x4005200012b0 device:0x400680000000 size:807411968 presentcount:0+1 line:430 name:var%rproj(:)
host:0x4005502131a0 device:0x4006e0000000 size:230400000 presentcount:0+1 line:194 name:sv(:,:)
host:0x400600004a60 device:0x400640000000 size:590063616 presentcount:0+1 line:746 name:var%cptwfp(:,:,:,:)
host:0x400625c36d70 device:0x4010e3400000 size:29138944 presentcount:0+2 line:1226 name:wa%cptwfp(:,:)
host:0x400627816f80 device:0x4010e5000000 size:29138944 presentcount:0+2 line:1226 name:wa%cptwfp(:,:)
host:0x4006c00077c0 device:0x4010a3400000 size:230400000 presentcount:0+1 line:1101 name:w1%cr(:)
host:0x4006d0517190 device:0x4010e6e00000 size:233111552 presentcount:0+2 line:1226 name:wa%cptwfp(:,:)
host:0x4007232c79d0 device:0x4010b1000000 size:230400000 presentcount:0+1 line:1236 name:w1%cr(:)
host:0x400730e97df0 device:0x401063400000 size:230400000 presentcount:0+1 line:1101 name:w1%cr(:)
host:0x400780008000 device:0x401071000000 size:230400000 presentcount:0+1 line:1236 name:w1%cr(:)
host:0xffffe672df70 device:0x4006643fca00 size:3024 presentcount:0+8 line:682 name:var
host:0xffffe672eb40 device:0x40059c1ffa00 size:1480 presentcount:0+1 line:174 name:w_ini
host:0xffffe672f110 device:0x4006643fb400 size:1480 presentcount:0+1 line:174 name:wopt
host:0xffffe672f6e0 device:0x40057c5ff600 size:1480 presentcount:0+1 line:174 name:wtmpa
allocated block device:0x4003de3f1e00 size:41472 thread:1
allocated block device:0x4003de3fc000 size:5120 thread:1
allocated block device:0x4003de3fd400 size:4608 thread:1
allocated block device:0x4003de3fe600 size:4608 thread:1
allocated block device:0x4003de3ff800 size:512 thread:1
allocated block device:0x4003de3ffa00 size:512 thread:1
allocated block device:0x4003de3ffc00 size:512 thread:1
allocated block device:0x4003de3ffe00 size:512 thread:1
allocated block device:0x40051031a000 size:41472 thread:1
allocated block device:0x400510324200 size:82944 thread:1
allocated block device:0x400510338600 size:180224 thread:1
allocated block device:0x400510364600 size:180224 thread:1
allocated block device:0x400510390600 size:4608 thread:1
allocated block device:0x400510391800 size:180224 thread:1
allocated block device:0x4005103bd800 size:98304 thread:1
allocated block device:0x4005103d5800 size:98304 thread:1
allocated block device:0x4005103ed800 size:14848 thread:1
allocated block device:0x4005103f1200 size:14848 thread:1
allocated block device:0x4005103f4c00 size:10240 thread:1
allocated block device:0x4005103f7400 size:10240 thread:1
allocated block device:0x4005103f9c00 size:512 thread:1
allocated block device:0x4005103f9e00 size:512 thread:1
allocated block device:0x4005103fa000 size:512 thread:1
allocated block device:0x4005103fa200 size:512 thread:1
allocated block device:0x4005103fa400 size:512 thread:1
allocated block device:0x4005103fa600 size:5120 thread:1
allocated block device:0x4005103fba00 size:1536 thread:1
allocated block device:0x4005103fc000 size:1024 thread:1
allocated block device:0x4005103fc400 size:1024 thread:1
allocated block device:0x4005103fc800 size:1536 thread:1
allocated block device:0x4005103fce00 size:1024 thread:1
allocated block device:0x4005103fd200 size:1024 thread:1
allocated block device:0x4005103fd600 size:1024 thread:1
allocated block device:0x4005103fda00 size:6144 thread:1
allocated block device:0x4005103ff200 size:2560 thread:1
allocated block device:0x4005103ffc00 size:512 thread:1
allocated block device:0x4005103ffe00 size:512 thread:1
allocated block device:0x40057c5ff600 size:2048 thread:1
allocated block device:0x40059c1ff600 size:1024 thread:1
allocated block device:0x40059c1ffa00 size:1536 thread:1
allocated block device:0x4005bc3ff600 size:2048 thread:1
allocated block device:0x4005dc1fea00 size:2560 thread:1
allocated block device:0x4005dc1ff400 size:512 thread:1
allocated block device:0x4005dc1ff600 size:512 thread:1
allocated block device:0x4005dc1ff800 size:512 thread:1
allocated block device:0x4005dc1ffa00 size:512 thread:1
allocated block device:0x4005dc1ffc00 size:512 thread:1
allocated block device:0x4005dc1ffe00 size:512 thread:1
allocated block device:0x400640000000 size:590063616 thread:1
allocated block device:0x400663c00000 size:1821184 thread:1
allocated block device:0x400663dbca00 size:512 thread:1
allocated block device:0x400663dbcc00 size:512 thread:1
allocated block device:0x400663dbce00 size:512 thread:1
allocated block device:0x400663dbd000 size:512 thread:1
allocated block device:0x400663dbd200 size:512 thread:1
allocated block device:0x400663dbd400 size:512 thread:1
allocated block device:0x400663dbd600 size:512 thread:1
allocated block device:0x400663dbd800 size:5120 thread:1
allocated block device:0x400663dbec00 size:1536 thread:1
allocated block device:0x400663dbf200 size:1024 thread:1
allocated block device:0x400663dbf600 size:1024 thread:1
allocated block device:0x400663dbfa00 size:1536 thread:1
allocated block device:0x400663dc0000 size:1024 thread:1
allocated block device:0x400663dc0400 size:1024 thread:1
allocated block device:0x400663dc0800 size:17408 thread:1
allocated block device:0x400663dc4c00 size:17408 thread:1
allocated block device:0x400663dc9000 size:180224 thread:1
allocated block device:0x400663df5000 size:2048 thread:1
allocated block device:0x400663df5800 size:512 thread:1
allocated block device:0x400663df5a00 size:4608 thread:1
allocated block device:0x400663df6c00 size:512 thread:1
allocated block device:0x400663df6e00 size:4608 thread:1
allocated block device:0x400663df8000 size:26112 thread:1
allocated block device:0x400663dfe600 size:3072 thread:1
allocated block device:0x400663dff200 size:512 thread:1
allocated block device:0x400663dff400 size:512 thread:1
allocated block device:0x400663dff600 size:512 thread:1
allocated block device:0x400663dff800 size:512 thread:1
allocated block device:0x400663dffa00 size:512 thread:1
allocated block device:0x400663dffc00 size:512 thread:1
allocated block device:0x400663dffe00 size:512 thread:1
allocated block device:0x400663e00000 size:1821184 thread:1
allocated block device:0x400663fbca00 size:180224 thread:1
allocated block device:0x400663fe8a00 size:4608 thread:1
allocated block device:0x400663fe9c00 size:4608 thread:1
allocated block device:0x400663feae00 size:4608 thread:1
allocated block device:0x400663fec000 size:24064 thread:1
allocated block device:0x400663ff1e00 size:512 thread:1
allocated block device:0x400663ff2000 size:24064 thread:1
allocated block device:0x400663ff7e00 size:512 thread:1
allocated block device:0x400663ff8000 size:512 thread:1
allocated block device:0x400663ff8200 size:3072 thread:1
allocated block device:0x400663ff8e00 size:3072 thread:1
allocated block device:0x400663ff9a00 size:512 thread:1
allocated block device:0x400663ff9c00 size:5120 thread:1
allocated block device:0x400663ffb000 size:1536 thread:1
allocated block device:0x400663ffb600 size:2560 thread:1
allocated block device:0x400663ffc000 size:1536 thread:1
allocated block device:0x400663ffc600 size:2048 thread:1
allocated block device:0x400663ffce00 size:6144 thread:1
allocated block device:0x400663ffe600 size:6144 thread:1
allocated block device:0x400663fffe00 size:512 thread:1
allocated block device:0x400664000000 size:1821184 thread:1
allocated block device:0x4006641bca00 size:180224 thread:1
allocated block device:0x4006641e8a00 size:6144 thread:1
allocated block device:0x4006641ea200 size:2560 thread:1
allocated block device:0x4006641eac00 size:512 thread:1
allocated block device:0x4006641eae00 size:512 thread:1
allocated block device:0x4006641eb000 size:512 thread:1
allocated block device:0x4006641eb200 size:512 thread:1
allocated block device:0x4006641eb400 size:512 thread:1
allocated block device:0x4006641eb600 size:512 thread:1
allocated block device:0x4006641eb800 size:512 thread:1
allocated block device:0x4006641eba00 size:512 thread:1
allocated block device:0x4006641ebc00 size:1536 thread:1
allocated block device:0x4006641ec200 size:1536 thread:1
allocated block device:0x4006641ec800 size:512 thread:1
allocated block device:0x4006641eca00 size:2560 thread:1
allocated block device:0x4006641ed400 size:6144 thread:1
allocated block device:0x4006641eec00 size:28672 thread:1
allocated block device:0x4006641f5c00 size:40448 thread:1
allocated block device:0x4006641ffa00 size:512 thread:1
allocated block device:0x400664200000 size:1821184 thread:1
allocated block device:0x4006643bca00 size:180224 thread:1
allocated block device:0x4006643e8a00 size:8192 thread:1
allocated block device:0x4006643eaa00 size:8192 thread:1
allocated block device:0x4006643eca00 size:40448 thread:1
allocated block device:0x4006643f6800 size:8192 thread:1
allocated block device:0x4006643f8800 size:2048 thread:1
allocated block device:0x4006643fb400 size:2560 thread:1
allocated block device:0x4006643fca00 size:3072 thread:1
allocated block device:0x400664c00000 size:7284736 thread:1
allocated block device:0x400665400000 size:45593600 thread:1
allocated block device:0x40067cc00000 size:7284736 thread:1
allocated block device:0x400680000000 size:807412224 thread:1
allocated block device:0x4006e0000000 size:230400000 thread:1
allocated block device:0x4006fb85fa00 size:921600 thread:1
allocated block device:0x4006fb940a00 size:462336 thread:1
allocated block device:0x4006fb9c1400 size:98304 thread:1
allocated block device:0x4006fba00000 size:2799616 thread:1
allocated block device:0x4006fbe00000 size:7962624 thread:1
allocated block device:0x400f23400000 size:3612160 thread:1
allocated block device:0x400f23800000 size:3614720 thread:1
allocated block device:0x400f23c00000 size:3614720 thread:1
allocated block device:0x400f24000000 size:3614720 thread:1
allocated block device:0x400f24400000 size:453632 thread:1
allocated block device:0x400f2446ec00 size:453632 thread:1
allocated block device:0x400f2459d800 size:393216 thread:1
allocated block device:0x400f24600000 size:2799616 thread:1
allocated block device:0x400f24a00000 size:14400000 thread:1
allocated block device:0x400f25800000 size:28915200 thread:1
allocated block device:0x401063400000 size:230400000 thread:1
allocated block device:0x401071000000 size:230400000 thread:1
allocated block device:0x4010a3400000 size:230400000 thread:1
allocated block device:0x4010b1000000 size:230400000 thread:1
allocated block device:0x4010e3400000 size:29138944 thread:1
allocated block device:0x4010e5000000 size:29138944 thread:1
allocated block device:0x4010e6c00000 size:393216 thread:1
allocated block device:0x4010e6e00000 size:233111552 thread:1
allocated block device:0x4010f4e00000 size:3145728 thread:1
allocated block device:0x4010f5200000 size:7284736 thread:1
allocated block device:0x4010f5a00000 size:7284736 thread:1
allocated block device:0x4010f6200000 size:7284736 thread:1
Accelerator Fatal Error: call to cuMemAlloc returned error 2 (CUDA_ERROR_OUT_OF_MEMORY): Out of memory
 File: /lus/lfs1aip2/projects/u6cb/software/VASP/vasp.6.5.1/build/gam/wave.f90
 Function: newwav:1073
 Line: 1101

Out of memory allocating 921600000 bytes of device memory
Failing in Thread:1
total/free CUDA memory: 102005473280/402456576
Present table dump for device[1]: NVIDIA Tesla GPU 0, compute capability 9.0, threadid=1
Hint: specify 0x800 bit in NV_ACC_DEBUG for verbose info.
host:0x2557280 device:0x400683df6c00 size:32 presentcount:0+3 line:643 name:var%comm
host:0x25572a0 device:0x400683dbca00 size:32 presentcount:0+4 line:652 name:var%comm_kinter
host:0x25572c0 device:0x400683dbcc00 size:32 presentcount:0+6 line:655 name:var%comm_kin
host:0x25572e0 device:0x4003fe5ffa00 size:32 presentcount:0+3 line:646 name:var%comm_inter
host:0x2557300 device:0x4003fe5ffc00 size:32 presentcount:0+7 line:649 name:var%comm_inb
host:0x256be80 device:0x4003fa0ecd00 size:8 presentcount:0+1 line:-1 name:_setexm_struct_def_21
host:0x2576f40 device:0x4003fa0ece00 size:28 presentcount:0+1 line:-1 name:_ml_ff_constant_21
host:0x2577c80 device:0x4003fa0ecf00 size:30437 presentcount:0+1 line:-1 name:_ml_ff_taglist_21
host:0x25afc80 device:0x4003fa0f4600 size:8 presentcount:0+1 line:-1 name:_mopenacc_tutor_21
host:0x25c2740 device:0x4003fa0f4a00 size:32 presentcount:0+1 line:-1 name:_mbj_21
host:0x25cd640 device:0x4003fa0f4d00 size:8 presentcount:0+1 line:-1 name:_sym_prec_21
host:0x26030c0 device:0x4003fa0f4e00 size:344 presentcount:0+1 line:-1 name:_tet_21
host:0x261c840 device:0x4003fa0f5000 size:392 presentcount:0+1 line:-1 name:_mymath_21
host:0x2817368 device:0x400683dbd800 size:4800 presentcount:0+2 line:614 name:var
host:0x2818628 device:0x400683df5000 size:1984 presentcount:0+2 line:403 name:var
host:0x281a910 device:0x4005bc3ff600 size:864 presentcount:0+4 line:2639 name:hamiltonian
host:0x286ac80 device:0x400683dfe600 size:2712 presentcount:0+2 line:428 name:var
host:0x286b718 device:0x4005fc3fea00 size:2248 presentcount:0+1 line:742 name:var
host:0x286eb50 device:0x4006841ffa00 size:288 presentcount:0+1 line:195 name:latt_cur
host:0x2871658 device:0x4003fe5fc000 size:5088 presentcount:0+28 line:517 name:var
host:0x2872a38 device:0x40052c1fa600 size:5088 presentcount:0+6 line:517 name:var
host:0x2873e18 device:0x400683ff9c00 size:5088 presentcount:0+7 line:517 name:var
host:0x287a2a8 device:0x4006841eba00 size:304 presentcount:0+1 line:567 name:var
host:0x287a3d8 device:0x4006841ec800 size:304 presentcount:0+1 line:567 name:var
host:0x2e48ec0 device:0x4003fa002600 size:960024 presentcount:0+1 line:-1 name:_setexm_struct_def_16
host:0x2f8f080 device:0x4003fa0f4700 size:580 presentcount:0+1 line:-1 name:_wpbe_16
host:0x2f8f900 device:0x4003fa0f4b00 size:288 presentcount:0+1 line:-1 name:_mbj_16
host:0x9f446c0 device:0x4003fa0f5200 size:624 presentcount:0+1 line:-1 name:_mlr_optic_16
host:0x1e1c4e60 device:0x400683dbf600 size:1000 presentcount:0+4 line:519 name:var%lpctz(:)
host:0x1e1c7e70 device:0x4006841eae00 size:260 presentcount:0+1 line:499 name:var%ptri(:)
host:0x1e1c8160 device:0x40052c1ffc00 size:260 presentcount:0+1 line:499 name:var%n(:)
host:0x1f38b6d0 device:0x40052c1fd600 size:528 presentcount:0+1 line:480 name:var
host:0x235dc360 device:0x4003fe5ffe00 size:8 presentcount:0+4 line:405 name:var%nityp(:)
host:0x23a9e370 device:0x40052c1ffe00 size:260 presentcount:0+1 line:499 name:var%ptr(:)
host:0x23f59060 device:0x4006841eec00 size:28464 presentcount:0+1 line:853 name:var(:)
host:0x23f6b7c0 device:0x4006843eca00 size:40000 presentcount:0+1 line:857 name:var%psp(:,:)
host:0x23f75430 device:0x4006843f6800 size:8000 presentcount:0+1 line:857 name:var%psprho(:)
host:0x23f786c0 device:0x400683ff2000 size:24000 presentcount:0+2 line:466 name:var%psprnl(:,:,:)
host:0x23fa80a0 device:0x400683fe9c00 size:4320 presentcount:0+4 line:405 name:var%ityp(:)
host:0x23fa91b0 device:0x400683df8000 size:25920 presentcount:0+4 line:405 name:var%posion(:,:)
host:0x23fec530 device:0x4006841f5c00 size:40000 presentcount:0+1 line:857 name:var%psp(:,:)
host:0x23ff61a0 device:0x4006843e8a00 size:8000 presentcount:0+1 line:857 name:var%pspcor(:)
host:0x23ff8110 device:0x4006843eaa00 size:8000 presentcount:0+1 line:857 name:var%psprho(:)
host:0x23ffb3a0 device:0x400683fec000 size:24000 presentcount:0+2 line:466 name:var%psprnl(:,:,:)
host:0x24048360 device:0x4005fc3ff800 size:24 presentcount:0+3 line:466 name:var%lps(:)
host:0x24048410 device:0x4005fc3ffc00 size:24 presentcount:0+3 line:466 name:var%lps(:)
host:0x241b04d0 device:0x400683dff800 size:24 presentcount:0+3 line:616 name:var%vkpt(:,:)
host:0x241d5680 device:0x400683dffa00 size:8 presentcount:0+2 line:616 name:var%wtkpt(:)
host:0x241d56b0 device:0x400683dff400 size:8 presentcount:0+3 line:616 name:var%nityp(:)
host:0x241d58a0 device:0x400683dbd600 size:16 presentcount:0+2 line:430 name:var%psrmax(:)
host:0x241d5e60 device:0x400683fe8a00 size:4320 presentcount:0+3 line:616 name:var%ityp(:)
host:0x241d6f70 device:0x400683dff200 size:8 presentcount:0+3 line:616 name:var%lmmax(:)
host:0x241d6fa0 device:0x400683dff600 size:8 presentcount:0+3 line:616 name:var%nt_global(:)
host:0x241d6fd0 device:0x400683df6e00 size:4320 presentcount:0+3 line:616 name:var%npro_pos(:)
host:0x241d80e0 device:0x400683df5a00 size:4324 presentcount:0+3 line:616 name:var%lmbase(:)
host:0x241d91f0 device:0x400683dffe00 size:4 presentcount:0+2 line:616 name:var%nplwkp(:)
host:0x241d9220 device:0x400683ff1e00 size:4 presentcount:0+2 line:616 name:var%nplwkp_tot(:)
host:0x241d9250 device:0x400683ff7e00 size:4 presentcount:0+2 line:616 name:var%ngvector_pos(:)
host:0x241d9280 device:0x400683dffc00 size:4 presentcount:0+2 line:616 name:var%ngvector(:)
host:0x241d92b0 device:0x400683dbec00 size:1280 presentcount:0+4 line:519 name:var%lpctx(:)
host:0x241d97e0 device:0x400683dbf200 size:720 presentcount:0+4 line:519 name:var%lpcty(:)
host:0x241d9ae0 device:0x400683dbfa00 size:1280 presentcount:0+4 line:519 name:var%lpctx_(:)
host:0x241da010 device:0x400683dc0000 size:720 presentcount:0+4 line:519 name:var%lpcty_(:)
host:0x241da310 device:0x400683dc0400 size:1000 presentcount:0+4 line:519 name:var%lpctz_(:)
host:0x241da720 device:0x40052c1fba00 size:1280 presentcount:0+1 line:519 name:var%lpctx(:)
host:0x241dac50 device:0x40052c1fc000 size:720 presentcount:0+1 line:519 name:var%lpcty(:)
host:0x241daf50 device:0x40052c1fc400 size:1000 presentcount:0+1 line:519 name:var%lpctz(:)
host:0x241db360 device:0x40052c1fc800 size:1280 presentcount:0+1 line:519 name:var%lpctx_(:)
host:0x241db890 device:0x40052c1fce00 size:720 presentcount:0+1 line:519 name:var%lpcty_(:)
host:0x241dbb90 device:0x40052c1fd200 size:1000 presentcount:0+1 line:519 name:var%lpctz_(:)
host:0x241dbfa0 device:0x400683ff8200 size:2560 presentcount:0+1 line:519 name:var%lpctx(:)
host:0x241dc9d0 device:0x400683ffb000 size:1440 presentcount:0+1 line:519 name:var%lpcty(:)
host:0x241dcfa0 device:0x400683ff8e00 size:2000 presentcount:0+1 line:519 name:var%lpctz(:)
host:0x241dd7a0 device:0x400683ffb600 size:2560 presentcount:0+1 line:519 name:var%lpctx_(:)
host:0x241de1d0 device:0x400683ffc000 size:1440 presentcount:0+1 line:519 name:var%lpcty_(:)
host:0x241de7a0 device:0x400683ffc600 size:2000 presentcount:0+1 line:519 name:var%lpctz_(:)
host:0x242d1e00 device:0x400683ffce00 size:5648 presentcount:0+1 line:482 name:var%i2(:)
host:0x242d3440 device:0x400683ffe600 size:5648 presentcount:0+1 line:482 name:var%i3(:)
host:0x242d4a80 device:0x40052c1f4c00 size:10040 presentcount:0+1 line:482 name:var%i2(:)
host:0x242d71e0 device:0x40052c1f7400 size:10040 presentcount:0+1 line:482 name:var%i3(:)
host:0x242d9940 device:0x40052c1ed800 size:14400 presentcount:0+2 line:482 name:var%i2(:)
host:0x242dd1b0 device:0x40052c1f1200 size:14400 presentcount:0+2 line:482 name:var%i3(:)
host:0x242e0e40 device:0x40071b85fa00 size:921600 presentcount:0+2 line:482 name:var%index(:,:)
host:0x243c1e70 device:0x4006841eca00 size:2560 presentcount:0+1 line:569 name:var%ind1(:)
host:0x243c28a0 device:0x4006841ed400 size:5648 presentcount:0+1 line:569 name:var%indcol(:)
host:0x243c3ee0 device:0x40052c1fda00 size:5648 presentcount:0+1 line:482 name:var%i2(:)
host:0x243c5520 device:0x4006841e8a00 size:5648 presentcount:0+1 line:482 name:var%i3(:)
host:0x243c6b60 device:0x40052c1ff200 size:2520 presentcount:0+1 line:482 name:var%i2(:)
host:0x243c7560 device:0x4006841ea200 size:2520 presentcount:0+1 line:482 name:var%i3(:)
host:0x243c7f60 device:0x400683dc4c00 size:17132 presentcount:0+4 line:519 name:var%ind_in_sphere(:)
host:0x243cc280 device:0x4003fe5ff800 size:260 presentcount:0+1 line:499 name:var%ptr(:)
host:0x243cc3b0 device:0x4005fc3ffe00 size:260 presentcount:0+1 line:499 name:var%n(:)
host:0x243cc4e0 device:0x40052c1f9c00 size:260 presentcount:0+1 line:499 name:var%ptri(:)
host:0x243cc610 device:0x400683fffe00 size:260 presentcount:0+1 line:499 name:var%ni(:)
host:0x243cc740 device:0x40052c1fa000 size:260 presentcount:0+1 line:499 name:var%ptr(:)
host:0x243cc870 device:0x40052c1f9e00 size:260 presentcount:0+1 line:499 name:var%n(:)
host:0x243cc9a0 device:0x40052c1fa400 size:260 presentcount:0+1 line:499 name:var%ptri(:)
host:0x243ccad0 device:0x40052c1fa200 size:260 presentcount:0+1 line:499 name:var%ni(:)
host:0x243ccc80 device:0x4006841eac00 size:260 presentcount:0+1 line:499 name:var%ni(:)
host:0x243ccdb0 device:0x4006841eb200 size:260 presentcount:0+1 line:499 name:var%ptr(:)
host:0x243ccee0 device:0x4006841eb000 size:260 presentcount:0+1 line:499 name:var%n(:)
host:0x243cd010 device:0x4006841eb600 size:260 presentcount:0+1 line:499 name:var%ptri(:)
host:0x243cd140 device:0x4006841eb400 size:260 presentcount:0+1 line:499 name:var%ni(:)
host:0x24402010 device:0x4006841ebc00 size:1280 presentcount:0+1 line:569 name:var%ind1(:)
host:0x24402540 device:0x4006841ec200 size:1452 presentcount:0+1 line:569 name:var%indcol(:)
host:0x24402b20 device:0x40052c138600 size:180000 presentcount:0+4 line:482 name:var%i2(:)
host:0x2442ea70 device:0x40052c164600 size:180000 presentcount:0+4 line:482 name:var%i3(:)
host:0x2445a9c0 device:0x400683dc9000 size:180000 presentcount:0+8 line:482 name:var%index(:,:)
host:0x24486910 device:0x4006843bca00 size:180000 presentcount:0+8 line:482 name:var%i2(:)
host:0x244b2860 device:0x40052c191800 size:180000 presentcount:0+8 line:482 name:var%i3(:)
host:0x244dede0 device:0x400683e00000 size:1821184 presentcount:0+3 line:616 name:var%nindpw(:,:)
host:0x2469b810 device:0x400683df5800 size:8 presentcount:0+2 line:616 name:var%nb_totk(:,:)
host:0x2469b840 device:0x400683ff8000 size:4 presentcount:0+2 line:616 name:var%luseinv(:)
host:0x2469b870 device:0x400683dbd200 size:4 presentcount:0+2 line:616 name:var%at_gamma(:)
host:0x2469b8a0 device:0x400683fbca00 size:180000 presentcount:0+3 line:616 name:var%pl_index(:,:)
host:0x246c77f0 device:0x4006841bca00 size:180000 presentcount:0+3 line:616 name:var%pl_col(:,:)
host:0x246f3740 device:0x400683ff9a00 size:8 presentcount:0+2 line:405 name:var%lmmax(:)
host:0x246f3770 device:0x400683dbce00 size:8 presentcount:0+2 line:430 name:var%lmax(:)
host:0x246f37a0 device:0x400683feae00 size:4324 presentcount:0+2 line:405 name:var%lmbase(:)
host:0x246f48b0 device:0x400683dbd000 size:8 presentcount:0+2 line:430 name:var%lmmax(:)
host:0x246f48e0 device:0x400683dbd400 size:8 presentcount:0+2 line:430 name:var%channels(:)
host:0x246f4910 device:0x4005fc3ff400 size:16 presentcount:0+2 line:430 name:var%rsmooth(:)
host:0x246f4950 device:0x4005fc3ff600 size:400 presentcount:0+2 line:464 name:var
host:0x246f4ae0 device:0x4005fc3ffa00 size:400 presentcount:0+2 line:464 name:var
host:0x246f4ca0 device:0x4003fe5fd400 size:4320 presentcount:0+2 line:430 name:var%nlimax(:)
host:0x246f5db0 device:0x4003fe5fe600 size:4324 presentcount:0+2 line:430 name:var%lmbase(:)
host:0x246f6ec0 device:0x40052c190600 size:4324 presentcount:0+2 line:430 name:var%nlibase(:)
host:0x246f7fd0 device:0x400683dc0800 size:17132 presentcount:0+4 line:519 name:var%nindpwconjg(:)
host:0x246fd8b0 device:0x4006841eb800 size:4 presentcount:0+1 line:499 name:var%tbli(:)
host:0x24843a00 device:0x400684c00000 size:7284736 presentcount:0+3 line:616 name:var%datake(:,:,:)
host:0x24f36c80 device:0x400684000000 size:1821184 presentcount:0+3 line:616 name:var%igx(:,:)
host:0x250f4310 device:0x400683c00000 size:1821184 presentcount:0+3 line:616 name:var%igy(:,:)
host:0x252b1bb0 device:0x400684200000 size:1821184 presentcount:0+3 line:616 name:var%igz(:,:)
host:0x2546fa80 device:0x40069cc00000 size:7284272 presentcount:0+4 line:519 name:var%fftsca(:,:)
host:0x25bd2940 device:0x40071b940a00 size:464640 presentcount:0+1 line:499 name:var%tbl(:)
host:0x25cb57a0 device:0x400f44400000 size:453600 presentcount:0+1 line:499 name:var%tbli(:)
host:0x25d243b0 device:0x400f4446ec00 size:453600 presentcount:0+1 line:499 name:var%tbl(:)
host:0x25e95290 device:0x400f43400000 size:3614720 presentcount:0+1 line:499 name:var%tbl(:)
host:0x2657d680 device:0x400f43800000 size:3614400 presentcount:0+1 line:499 name:var%tbli(:)
host:0x268f1a50 device:0x400f43c00000 size:3614400 presentcount:0+1 line:499 name:var%tbl(:)
host:0x26c67f20 device:0x40071ba00000 size:2799360 presentcount:0+2 line:194 name:cdij(:,:,:,:)
host:0x26f72420 device:0x4003fe5f1e00 size:41472 presentcount:0+1 line:746 name:var%auxtot(:,:,:)
host:0x26f92420 device:0x40052c11a000 size:41472 presentcount:0+2 line:746 name:var%fertot(:,:,:)
host:0x26fa0030 device:0x40052c124200 size:82944 presentcount:0+2 line:746 name:var%celtot(:,:,:)
host:0x26fda820 device:0x400f44000000 size:3614400 presentcount:0+1 line:499 name:var%tbli(:)
host:0x2880ec70 device:0x400f44600000 size:2799360 presentcount:0+2 line:194 name:cqij(:,:,:,:)
host:0x28d6e920 device:0x40071be00000 size:7962624 presentcount:0+5 line:746 name:var%gproj(:,:,:,:)
host:0x29729e20 device:0x40052c1d5800 size:98304 presentcount:0+1 line:1101 name:w1%gproj(:)
host:0x297a8590 device:0x400f445fd800 size:2048 presentcount:0+1 line:179 name:w1(:)
host:0x297a8db0 device:0x4006843fbe00 size:2048 presentcount:0+1 line:179 name:wtmp(:)
host:0x29930410 device:0x400f4459d800 size:393216 presentcount:0+2 line:1226 name:wa%gproj(:,:)
host:0x29990440 device:0x401146c00000 size:393216 presentcount:0+2 line:1226 name:wa%gproj(:,:)
host:0x299f0470 device:0x40052c1bd800 size:98304 presentcount:0+1 line:1101 name:w1%gproj(:)
host:0x29a084a0 device:0x40071b9cc000 size:98304 presentcount:0+1 line:1101 name:w1%gproj(:)
host:0x29a204d0 device:0x40071b9e4000 size:98304 presentcount:0+1 line:1101 name:w1%gproj(:)
host:0x322efa20 device:0x401154e00000 size:3145728 presentcount:0+2 line:1226 name:wa%gproj(:,:)
host:0x3741d3d0 device:0x401155a00000 size:14569472 presentcount:0+1 line:202 name:precon(:,:)
host:0x38209ba0 device:0x400684400000 size:7284736 presentcount:0+1 line:1101 name:w1%cptwfp(:)
host:0x389041a0 device:0x400683400000 size:7284736 presentcount:0+1 line:1101 name:w1%cptwfp(:)
host:0x38ffedd0 device:0x400e8ce00000 size:7284736 presentcount:0+1 line:1101 name:w1%cptwfp(:)
host:0x396f1a20 device:0x401155200000 size:7284736 presentcount:0+1 line:1101 name:w1%cptwfp(:)
host:0x4004940010a0 device:0x400685400000 size:45593280 presentcount:0+2 line:430 name:var%nli(:,:)
host:0x400499c635c0 device:0x400f44a00000 size:14400000 presentcount:0+1 line:195 name:dencor(:)
host:0x40049b7f39e0 device:0x400f45800000 size:28917760 presentcount:0+1 line:195 name:cstrf(:,:)
host:0x4005400012b0 device:0x4006a0000000 size:807411968 presentcount:0+2 line:430 name:var%rproj(:)
host:0x4005702131a0 device:0x400700000000 size:230400000 presentcount:0+2 line:194 name:sv(:,:)
host:0x400620004a60 device:0x400660000000 size:590063616 presentcount:0+5 line:746 name:var%cptwfp(:,:,:,:)
host:0x4006432c6f80 device:0x401143400000 size:29138944 presentcount:0+2 line:1226 name:wa%cptwfp(:,:)
host:0x400644ea7190 device:0x401145000000 size:29138944 presentcount:0+2 line:1226 name:wa%cptwfp(:,:)
host:0x4006e00073a0 device:0x401146e00000 size:233111552 presentcount:0+2 line:1226 name:wa%cptwfp(:,:)
host:0x4006ede679d0 device:0x400f25600000 size:230400000 presentcount:0+1 line:1101 name:w1%cr(:)
host:0x4007432c7be0 device:0x4006d0400000 size:230400000 presentcount:0+1 line:1236 name:w1%cr(:)
host:0x400750e98000 device:0x40070dc00000 size:230400000 presentcount:0+1 line:1101 name:w1%cr(:)
host:0x4007a0008210 device:0x400688000000 size:230400000 presentcount:0+1 line:1236 name:w1%cr(:)
host:0x4007adbd0020 device:0x401103400000 size:230400000 presentcount:0+1 line:1101 name:w1%cr(:)
host:0x4007bb790230 device:0x401111000000 size:230400000 presentcount:0+1 line:1236 name:w1%cr(:)
host:0x4007c9350650 device:0x4010c3400000 size:230400000 presentcount:0+1 line:1101 name:w1%cr(:)
host:0x400ca0000860 device:0x4010d1000000 size:230400000 presentcount:0+1 line:1236 name:w1%cr(:)
host:0xffffd6d0f790 device:0x4006843fca00 size:3024 presentcount:0+12 line:682 name:var
host:0xffffd6d10360 device:0x4005bc3ffa00 size:1480 presentcount:0+1 line:174 name:w_ini
host:0xffffd6d10930 device:0x4006843fb400 size:1480 presentcount:0+1 line:174 name:wopt
host:0xffffd6d10f00 device:0x40059c3ff600 size:1480 presentcount:0+1 line:174 name:wtmpa
allocated block device:0x4003fe5f1e00 size:41472 thread:1
allocated block device:0x4003fe5fc000 size:5120 thread:1
allocated block device:0x4003fe5fd400 size:4608 thread:1
allocated block device:0x4003fe5fe600 size:4608 thread:1
allocated block device:0x4003fe5ff800 size:512 thread:1
allocated block device:0x4003fe5ffa00 size:512 thread:1
allocated block device:0x4003fe5ffc00 size:512 thread:1
allocated block device:0x4003fe5ffe00 size:512 thread:1
allocated block device:0x40052c11a000 size:41472 thread:1
allocated block device:0x40052c124200 size:82944 thread:1
allocated block device:0x40052c138600 size:180224 thread:1
allocated block device:0x40052c164600 size:180224 thread:1
allocated block device:0x40052c190600 size:4608 thread:1
allocated block device:0x40052c191800 size:180224 thread:1
allocated block device:0x40052c1bd800 size:98304 thread:1
allocated block device:0x40052c1d5800 size:98304 thread:1
allocated block device:0x40052c1ed800 size:14848 thread:1
allocated block device:0x40052c1f1200 size:14848 thread:1
allocated block device:0x40052c1f4c00 size:10240 thread:1
allocated block device:0x40052c1f7400 size:10240 thread:1
allocated block device:0x40052c1f9c00 size:512 thread:1
allocated block device:0x40052c1f9e00 size:512 thread:1
allocated block device:0x40052c1fa000 size:512 thread:1
allocated block device:0x40052c1fa200 size:512 thread:1
allocated block device:0x40052c1fa400 size:512 thread:1
allocated block device:0x40052c1fa600 size:5120 thread:1
allocated block device:0x40052c1fba00 size:1536 thread:1
allocated block device:0x40052c1fc000 size:1024 thread:1
allocated block device:0x40052c1fc400 size:1024 thread:1
allocated block device:0x40052c1fc800 size:1536 thread:1
allocated block device:0x40052c1fce00 size:1024 thread:1
allocated block device:0x40052c1fd200 size:1024 thread:1
allocated block device:0x40052c1fd600 size:1024 thread:1
allocated block device:0x40052c1fda00 size:6144 thread:1
allocated block device:0x40052c1ff200 size:2560 thread:1
allocated block device:0x40052c1ffc00 size:512 thread:1
allocated block device:0x40052c1ffe00 size:512 thread:1
allocated block device:0x40059c3ff600 size:2048 thread:1
allocated block device:0x4005bc3ff600 size:1024 thread:1
allocated block device:0x4005bc3ffa00 size:1536 thread:1
allocated block device:0x4005fc3fea00 size:2560 thread:1
allocated block device:0x4005fc3ff400 size:512 thread:1
allocated block device:0x4005fc3ff600 size:512 thread:1
allocated block device:0x4005fc3ff800 size:512 thread:1
allocated block device:0x4005fc3ffa00 size:512 thread:1
allocated block device:0x4005fc3ffc00 size:512 thread:1
allocated block device:0x4005fc3ffe00 size:512 thread:1
allocated block device:0x400660000000 size:590063616 thread:1
allocated block device:0x400683400000 size:7962624 thread:1
allocated block device:0x400683c00000 size:1821184 thread:1
allocated block device:0x400683dbca00 size:512 thread:1
allocated block device:0x400683dbcc00 size:512 thread:1
allocated block device:0x400683dbce00 size:512 thread:1
allocated block device:0x400683dbd000 size:512 thread:1
allocated block device:0x400683dbd200 size:512 thread:1
allocated block device:0x400683dbd400 size:512 thread:1
allocated block device:0x400683dbd600 size:512 thread:1
allocated block device:0x400683dbd800 size:5120 thread:1
allocated block device:0x400683dbec00 size:1536 thread:1
allocated block device:0x400683dbf200 size:1024 thread:1
allocated block device:0x400683dbf600 size:1024 thread:1
allocated block device:0x400683dbfa00 size:1536 thread:1
allocated block device:0x400683dc0000 size:1024 thread:1
allocated block device:0x400683dc0400 size:1024 thread:1
allocated block device:0x400683dc0800 size:17408 thread:1
allocated block device:0x400683dc4c00 size:17408 thread:1
allocated block device:0x400683dc9000 size:180224 thread:1
allocated block device:0x400683df5000 size:2048 thread:1
allocated block device:0x400683df5800 size:512 thread:1
allocated block device:0x400683df5a00 size:4608 thread:1
allocated block device:0x400683df6c00 size:512 thread:1
allocated block device:0x400683df6e00 size:4608 thread:1
allocated block device:0x400683df8000 size:26112 thread:1
allocated block device:0x400683dfe600 size:3072 thread:1
allocated block device:0x400683dff200 size:512 thread:1
allocated block device:0x400683dff400 size:512 thread:1
allocated block device:0x400683dff600 size:512 thread:1
allocated block device:0x400683dff800 size:512 thread:1
allocated block device:0x400683dffa00 size:512 thread:1
allocated block device:0x400683dffc00 size:512 thread:1
allocated block device:0x400683dffe00 size:512 thread:1
allocated block device:0x400683e00000 size:1821184 thread:1
allocated block device:0x400683fbca00 size:180224 thread:1
allocated block device:0x400683fe8a00 size:4608 thread:1
allocated block device:0x400683fe9c00 size:4608 thread:1
allocated block device:0x400683feae00 size:4608 thread:1
allocated block device:0x400683fec000 size:24064 thread:1
allocated block device:0x400683ff1e00 size:512 thread:1
allocated block device:0x400683ff2000 size:24064 thread:1
allocated block device:0x400683ff7e00 size:512 thread:1
allocated block device:0x400683ff8000 size:512 thread:1
allocated block device:0x400683ff8200 size:3072 thread:1
allocated block device:0x400683ff8e00 size:3072 thread:1
allocated block device:0x400683ff9a00 size:512 thread:1
allocated block device:0x400683ff9c00 size:5120 thread:1
allocated block device:0x400683ffb000 size:1536 thread:1
allocated block device:0x400683ffb600 size:2560 thread:1
allocated block device:0x400683ffc000 size:1536 thread:1
allocated block device:0x400683ffc600 size:2048 thread:1
allocated block device:0x400683ffce00 size:6144 thread:1
allocated block device:0x400683ffe600 size:6144 thread:1
allocated block device:0x400683fffe00 size:512 thread:1
allocated block device:0x400684000000 size:1821184 thread:1
allocated block device:0x4006841bca00 size:180224 thread:1
allocated block device:0x4006841e8a00 size:6144 thread:1
allocated block device:0x4006841ea200 size:2560 thread:1
allocated block device:0x4006841eac00 size:512 thread:1
allocated block device:0x4006841eae00 size:512 thread:1
allocated block device:0x4006841eb000 size:512 thread:1
allocated block device:0x4006841eb200 size:512 thread:1
allocated block device:0x4006841eb400 size:512 thread:1
allocated block device:0x4006841eb600 size:512 thread:1
allocated block device:0x4006841eb800 size:512 thread:1
allocated block device:0x4006841eba00 size:512 thread:1
allocated block device:0x4006841ebc00 size:1536 thread:1
allocated block device:0x4006841ec200 size:1536 thread:1
allocated block device:0x4006841ec800 size:512 thread:1
allocated block device:0x4006841eca00 size:2560 thread:1
allocated block device:0x4006841ed400 size:6144 thread:1
allocated block device:0x4006841eec00 size:28672 thread:1
allocated block device:0x4006841f5c00 size:40448 thread:1
allocated block device:0x4006841ffa00 size:512 thread:1
allocated block device:0x400684200000 size:1821184 thread:1
allocated block device:0x4006843bca00 size:180224 thread:1
allocated block device:0x4006843e8a00 size:8192 thread:1
allocated block device:0x4006843eaa00 size:8192 thread:1
allocated block device:0x4006843eca00 size:40448 thread:1
allocated block device:0x4006843f6800 size:8192 thread:1
allocated block device:0x4006843fb400 size:2560 thread:1
allocated block device:0x4006843fbe00 size:3072 thread:1
allocated block device:0x4006843fca00 size:3072 thread:1
allocated block device:0x400684400000 size:7284736 thread:1
allocated block device:0x400684c00000 size:7284736 thread:1
allocated block device:0x400685400000 size:45593600 thread:1
allocated block device:0x400688000000 size:230400000 thread:1
allocated block device:0x40069cc00000 size:7284736 thread:1
allocated block device:0x4006a0000000 size:807412224 thread:1
allocated block device:0x4006d0400000 size:230400000 thread:1
allocated block device:0x400700000000 size:230400000 thread:1
allocated block device:0x40070dc00000 size:230400000 thread:1
allocated block device:0x40071b85fa00 size:921600 thread:1
allocated block device:0x40071b940a00 size:464896 thread:1
allocated block device:0x40071b9cc000 size:98304 thread:1
allocated block device:0x40071b9e4000 size:98304 thread:1
allocated block device:0x40071ba00000 size:2799616 thread:1
allocated block device:0x40071be00000 size:7962624 thread:1
allocated block device:0x400e8ce00000 size:14400000 thread:1
allocated block device:0x400f25600000 size:230400000 thread:1
allocated block device:0x400f43400000 size:3614720 thread:1
allocated block device:0x400f43800000 size:3614720 thread:1
allocated block device:0x400f43c00000 size:3614720 thread:1
allocated block device:0x400f44000000 size:3614720 thread:1
allocated block device:0x400f44400000 size:453632 thread:1
allocated block device:0x400f4446ec00 size:453632 thread:1
allocated block device:0x400f4459d800 size:393216 thread:1
allocated block device:0x400f445fd800 size:2048 thread:1
allocated block device:0x400f44600000 size:2799616 thread:1
allocated block device:0x400f44a00000 size:14400000 thread:1
allocated block device:0x400f45800000 size:28917760 thread:1
allocated block device:0x4010c3400000 size:230400000 thread:1
allocated block device:0x4010d1000000 size:230400000 thread:1
allocated block device:0x401103400000 size:230400000 thread:1
allocated block device:0x401111000000 size:230400000 thread:1
allocated block device:0x401143400000 size:29138944 thread:1
allocated block device:0x401145000000 size:29138944 thread:1
allocated block device:0x401146c00000 size:393216 thread:1
allocated block device:0x401146e00000 size:233111552 thread:1
allocated block device:0x401154e00000 size:3145728 thread:1
allocated block device:0x401155200000 size:7284736 thread:1
allocated block device:0x401155a00000 size:14569472 thread:1
Accelerator Fatal Error: call to cuMemAlloc returned error 2 (CUDA_ERROR_OUT_OF_MEMORY): Out of memory
 File: /lus/lfs1aip2/projects/u6cb/software/VASP/vasp.6.5.1/build/gam/hamil.f90
 Function: hamiltmu:978
 Line: 1005

Out of memory allocating 921600000 bytes of device memory
Failing in Thread:1
total/free CUDA memory: 102005473280/504299520
Present table dump for device[1]: NVIDIA Tesla GPU 0, compute capability 9.0, threadid=1
Hint: specify 0x800 bit in NV_ACC_DEBUG for verbose info.
host:0x2557280 device:0x400763df6c00 size:32 presentcount:0+3 line:643 name:var%comm
host:0x25572a0 device:0x400763dbca00 size:32 presentcount:0+4 line:652 name:var%comm_kinter
host:0x25572c0 device:0x400763dbcc00 size:32 presentcount:0+6 line:655 name:var%comm_kin
host:0x25572e0 device:0x4004de5ffa00 size:32 presentcount:0+3 line:646 name:var%comm_inter
host:0x2557300 device:0x4004de5ffc00 size:32 presentcount:0+7 line:649 name:var%comm_inb
host:0x256be80 device:0x4004da0ecd00 size:8 presentcount:0+1 line:-1 name:_setexm_struct_def_21
host:0x2576f40 device:0x4004da0ece00 size:28 presentcount:0+1 line:-1 name:_ml_ff_constant_21
host:0x2577c80 device:0x4004da0ecf00 size:30437 presentcount:0+1 line:-1 name:_ml_ff_taglist_21
host:0x25afc80 device:0x4004da0f4600 size:8 presentcount:0+1 line:-1 name:_mopenacc_tutor_21
host:0x25c2740 device:0x4004da0f4a00 size:32 presentcount:0+1 line:-1 name:_mbj_21
host:0x25cd640 device:0x4004da0f4d00 size:8 presentcount:0+1 line:-1 name:_sym_prec_21
host:0x26030c0 device:0x4004da0f4e00 size:344 presentcount:0+1 line:-1 name:_tet_21
host:0x261c840 device:0x4004da0f5000 size:392 presentcount:0+1 line:-1 name:_mymath_21
host:0x2817368 device:0x400763dbd800 size:4800 presentcount:0+2 line:614 name:var
host:0x2818628 device:0x400763df5000 size:1984 presentcount:0+2 line:403 name:var
host:0x281a910 device:0x40069c3ff600 size:864 presentcount:0+4 line:2639 name:hamiltonian
host:0x286ac80 device:0x400763dfe600 size:2712 presentcount:0+2 line:428 name:var
host:0x286b718 device:0x4006dc3fea00 size:2248 presentcount:0+1 line:742 name:var
host:0x286eb50 device:0x4007641ffa00 size:288 presentcount:0+1 line:195 name:latt_cur
host:0x2871658 device:0x4004de5fc000 size:5088 presentcount:0+28 line:517 name:var
host:0x2872a38 device:0x40060e1fa600 size:5088 presentcount:0+6 line:517 name:var
host:0x2873e18 device:0x400763ff9c00 size:5088 presentcount:0+7 line:517 name:var
host:0x287a2a8 device:0x4007641eba00 size:304 presentcount:0+1 line:567 name:var
host:0x287a3d8 device:0x4007641ec800 size:304 presentcount:0+1 line:567 name:var
host:0x2e48ec0 device:0x4004da002600 size:960024 presentcount:0+1 line:-1 name:_setexm_struct_def_16
host:0x2f8f080 device:0x4004da0f4700 size:580 presentcount:0+1 line:-1 name:_wpbe_16
host:0x2f8f900 device:0x4004da0f4b00 size:288 presentcount:0+1 line:-1 name:_mbj_16
host:0x9f446c0 device:0x4004da0f5200 size:624 presentcount:0+1 line:-1 name:_mlr_optic_16
host:0x49074e60 device:0x400763dbf600 size:1000 presentcount:0+4 line:519 name:var%lpctz(:)
host:0x49077e70 device:0x4007641eae00 size:260 presentcount:0+1 line:499 name:var%ptri(:)
host:0x49078160 device:0x40060e1ffc00 size:260 presentcount:0+1 line:499 name:var%n(:)
host:0x4a23b270 device:0x40060e1fd600 size:528 presentcount:0+1 line:480 name:var
host:0x4e48c090 device:0x4004de5ffe00 size:8 presentcount:0+4 line:405 name:var%nityp(:)
host:0x4e94e0a0 device:0x40060e1ffe00 size:260 presentcount:0+1 line:499 name:var%ptr(:)
host:0x4ee08d90 device:0x4007641eec00 size:28464 presentcount:0+1 line:853 name:var(:)
host:0x4ee225b0 device:0x4007643eca00 size:40000 presentcount:0+1 line:857 name:var%psp(:,:)
host:0x4ee2c220 device:0x4007643f6800 size:8000 presentcount:0+1 line:857 name:var%psprho(:)
host:0x4ee2f600 device:0x400763ff2000 size:24000 presentcount:0+2 line:466 name:var%psprnl(:,:,:)
host:0x4ee5f130 device:0x400763fe9c00 size:4320 presentcount:0+4 line:405 name:var%ityp(:)
host:0x4ee60240 device:0x400763df8000 size:25920 presentcount:0+4 line:405 name:var%posion(:,:)
host:0x4eea3350 device:0x400763dff400 size:8 presentcount:0+3 line:616 name:var%nityp(:)
host:0x4eea33f0 device:0x400763dffa00 size:8 presentcount:0+2 line:616 name:var%wtkpt(:)
host:0x4eea3af0 device:0x4007641f5c00 size:40000 presentcount:0+1 line:857 name:var%psp(:,:)
host:0x4eead760 device:0x4007643e8a00 size:8000 presentcount:0+1 line:857 name:var%pspcor(:)
host:0x4eeaf6d0 device:0x4007643eaa00 size:8000 presentcount:0+1 line:857 name:var%psprho(:)
host:0x4eeb2960 device:0x400763fec000 size:24000 presentcount:0+2 line:466 name:var%psprnl(:,:,:)
host:0x4eef7ee0 device:0x4006dc3ff800 size:24 presentcount:0+3 line:466 name:var%lps(:)
host:0x4eef7f90 device:0x4006dc3ffc00 size:24 presentcount:0+3 line:466 name:var%lps(:)
host:0x4ef4e8c0 device:0x400763dff800 size:24 presentcount:0+3 line:616 name:var%vkpt(:,:)
host:0x4ef73ac0 device:0x400763dbd600 size:16 presentcount:0+2 line:430 name:var%psrmax(:)
host:0x4ef74080 device:0x400763fe8a00 size:4320 presentcount:0+3 line:616 name:var%ityp(:)
host:0x4ef75190 device:0x400763dff200 size:8 presentcount:0+3 line:616 name:var%lmmax(:)
host:0x4ef751c0 device:0x400763dff600 size:8 presentcount:0+3 line:616 name:var%nt_global(:)
host:0x4ef751f0 device:0x400763df6e00 size:4320 presentcount:0+3 line:616 name:var%npro_pos(:)
host:0x4ef76300 device:0x400763df5a00 size:4324 presentcount:0+3 line:616 name:var%lmbase(:)
host:0x4ef77410 device:0x400763dffe00 size:4 presentcount:0+2 line:616 name:var%nplwkp(:)
host:0x4ef77440 device:0x400763ff1e00 size:4 presentcount:0+2 line:616 name:var%nplwkp_tot(:)
host:0x4ef77470 device:0x400763ff7e00 size:4 presentcount:0+2 line:616 name:var%ngvector_pos(:)
host:0x4ef774a0 device:0x400763dffc00 size:4 presentcount:0+2 line:616 name:var%ngvector(:)
host:0x4ef774d0 device:0x400763dbec00 size:1280 presentcount:0+4 line:519 name:var%lpctx(:)
host:0x4ef77a00 device:0x400763dbf200 size:720 presentcount:0+4 line:519 name:var%lpcty(:)
host:0x4ef77d00 device:0x400763dbfa00 size:1280 presentcount:0+4 line:519 name:var%lpctx_(:)
host:0x4ef78230 device:0x400763dc0000 size:720 presentcount:0+4 line:519 name:var%lpcty_(:)
host:0x4ef78530 device:0x400763dc0400 size:1000 presentcount:0+4 line:519 name:var%lpctz_(:)
host:0x4ef78940 device:0x40060e1fba00 size:1280 presentcount:0+1 line:519 name:var%lpctx(:)
host:0x4ef78e70 device:0x40060e1fc000 size:720 presentcount:0+1 line:519 name:var%lpcty(:)
host:0x4ef79170 device:0x40060e1fc400 size:1000 presentcount:0+1 line:519 name:var%lpctz(:)
host:0x4ef79580 device:0x40060e1fc800 size:1280 presentcount:0+1 line:519 name:var%lpctx_(:)
host:0x4ef79ab0 device:0x40060e1fce00 size:720 presentcount:0+1 line:519 name:var%lpcty_(:)
host:0x4ef79db0 device:0x40060e1fd200 size:1000 presentcount:0+1 line:519 name:var%lpctz_(:)
host:0x4ef7a1c0 device:0x400763ff8200 size:2560 presentcount:0+1 line:519 name:var%lpctx(:)
host:0x4ef7abf0 device:0x400763ffb000 size:1440 presentcount:0+1 line:519 name:var%lpcty(:)
host:0x4ef7b1c0 device:0x400763ff8e00 size:2000 presentcount:0+1 line:519 name:var%lpctz(:)
host:0x4ef7b9c0 device:0x400763ffb600 size:2560 presentcount:0+1 line:519 name:var%lpctx_(:)
host:0x4ef7c3f0 device:0x400763ffc000 size:1440 presentcount:0+1 line:519 name:var%lpcty_(:)
host:0x4ef7c9c0 device:0x400763ffc600 size:2000 presentcount:0+1 line:519 name:var%lpctz_(:)
host:0x4f070020 device:0x400763ffce00 size:5648 presentcount:0+1 line:482 name:var%i2(:)
host:0x4f071660 device:0x400763ffe600 size:5648 presentcount:0+1 line:482 name:var%i3(:)
host:0x4f072ca0 device:0x40060e1f4c00 size:10040 presentcount:0+1 line:482 name:var%i2(:)
host:0x4f075400 device:0x40060e1f7400 size:10040 presentcount:0+1 line:482 name:var%i3(:)
host:0x4f077b60 device:0x40060e1ed800 size:14400 presentcount:0+2 line:482 name:var%i2(:)
host:0x4f07b3d0 device:0x40060e1f1200 size:14400 presentcount:0+2 line:482 name:var%i3(:)
host:0x4f07f060 device:0x4007fb85fa00 size:921600 presentcount:0+2 line:482 name:var%index(:,:)
host:0x4f160090 device:0x4007641eca00 size:2560 presentcount:0+1 line:569 name:var%ind1(:)
host:0x4f160ac0 device:0x4007641ed400 size:5648 presentcount:0+1 line:569 name:var%indcol(:)
host:0x4f162100 device:0x40060e1fda00 size:5648 presentcount:0+1 line:482 name:var%i2(:)
host:0x4f163740 device:0x4007641e8a00 size:5648 presentcount:0+1 line:482 name:var%i3(:)
host:0x4f164d80 device:0x40060e1ff200 size:2520 presentcount:0+1 line:482 name:var%i2(:)
host:0x4f165780 device:0x4007641ea200 size:2520 presentcount:0+1 line:482 name:var%i3(:)
host:0x4f166180 device:0x4004de5fd400 size:4320 presentcount:0+2 line:430 name:var%nlimax(:)
host:0x4f167290 device:0x4004de5fe600 size:4324 presentcount:0+2 line:430 name:var%lmbase(:)
host:0x4f1683a0 device:0x40060e190600 size:4324 presentcount:0+2 line:430 name:var%nlibase(:)
host:0x4f1694b0 device:0x400763dc0800 size:17132 presentcount:0+4 line:519 name:var%nindpwconjg(:)
host:0x4f16d7d0 device:0x400763dc4c00 size:17132 presentcount:0+4 line:519 name:var%ind_in_sphere(:)
host:0x4f173130 device:0x4006dc3ffe00 size:260 presentcount:0+1 line:499 name:var%n(:)
host:0x4f173260 device:0x40060e1f9c00 size:260 presentcount:0+1 line:499 name:var%ptri(:)
host:0x4f173390 device:0x400763fffe00 size:260 presentcount:0+1 line:499 name:var%ni(:)
host:0x4f1734c0 device:0x40060e1fa000 size:260 presentcount:0+1 line:499 name:var%ptr(:)
host:0x4f1735f0 device:0x40060e1f9e00 size:260 presentcount:0+1 line:499 name:var%n(:)
host:0x4f173720 device:0x40060e1fa400 size:260 presentcount:0+1 line:499 name:var%ptri(:)
host:0x4f173850 device:0x40060e1fa200 size:260 presentcount:0+1 line:499 name:var%ni(:)
host:0x4f173ab0 device:0x4007641eac00 size:260 presentcount:0+1 line:499 name:var%ni(:)
host:0x4f173be0 device:0x4007641eb200 size:260 presentcount:0+1 line:499 name:var%ptr(:)
host:0x4f173d10 device:0x4007641eb000 size:260 presentcount:0+1 line:499 name:var%n(:)
host:0x4f173e40 device:0x4007641eb800 size:4 presentcount:0+1 line:499 name:var%tbli(:)
host:0x4f173e70 device:0x4007641eb600 size:260 presentcount:0+1 line:499 name:var%ptri(:)
host:0x4f173fa0 device:0x4007641eb400 size:260 presentcount:0+1 line:499 name:var%ni(:)
host:0x4f1848e0 device:0x4004de5ff800 size:260 presentcount:0+1 line:499 name:var%ptr(:)
host:0x4f1a0230 device:0x4007641ebc00 size:1280 presentcount:0+1 line:569 name:var%ind1(:)
host:0x4f1a0760 device:0x4007641ec200 size:1452 presentcount:0+1 line:569 name:var%indcol(:)
host:0x4f1a0d40 device:0x40060e138600 size:180000 presentcount:0+4 line:482 name:var%i2(:)
host:0x4f1ccc90 device:0x40060e164600 size:180000 presentcount:0+4 line:482 name:var%i3(:)
host:0x4f1f8be0 device:0x400763dc9000 size:180000 presentcount:0+8 line:482 name:var%index(:,:)
host:0x4f224b30 device:0x4007643bca00 size:180000 presentcount:0+8 line:482 name:var%i2(:)
host:0x4f250a80 device:0x40060e191800 size:180000 presentcount:0+8 line:482 name:var%i3(:)
host:0x4f27d000 device:0x400763e00000 size:1821184 presentcount:0+3 line:616 name:var%nindpw(:,:)
host:0x4f439a30 device:0x400763df5800 size:8 presentcount:0+2 line:616 name:var%nb_totk(:,:)
host:0x4f439a60 device:0x400763ff8000 size:4 presentcount:0+2 line:616 name:var%luseinv(:)
host:0x4f439a90 device:0x400763dbd200 size:4 presentcount:0+2 line:616 name:var%at_gamma(:)
host:0x4f439ac0 device:0x400763fbca00 size:180000 presentcount:0+3 line:616 name:var%pl_index(:,:)
host:0x4f465a10 device:0x4007641bca00 size:180000 presentcount:0+3 line:616 name:var%pl_col(:,:)
host:0x4f491960 device:0x400763ff9a00 size:8 presentcount:0+2 line:405 name:var%lmmax(:)
host:0x4f491990 device:0x400763dbce00 size:8 presentcount:0+2 line:430 name:var%lmax(:)
host:0x4f4919c0 device:0x400763feae00 size:4324 presentcount:0+2 line:405 name:var%lmbase(:)
host:0x4f492ad0 device:0x400763dbd000 size:8 presentcount:0+2 line:430 name:var%lmmax(:)
host:0x4f492b00 device:0x400763dbd400 size:8 presentcount:0+2 line:430 name:var%channels(:)
host:0x4f492b30 device:0x4006dc3ff400 size:16 presentcount:0+2 line:430 name:var%rsmooth(:)
host:0x4f492b70 device:0x4006dc3ff600 size:400 presentcount:0+2 line:464 name:var
host:0x4f492d00 device:0x4006dc3ffa00 size:400 presentcount:0+2 line:464 name:var
host:0x4f503720 device:0x4007fb940a00 size:464640 presentcount:0+1 line:499 name:var%tbl(:)
host:0x4f6f3730 device:0x400764c00000 size:7284736 presentcount:0+3 line:616 name:var%datake(:,:,:)
host:0x4fde69b0 device:0x400764000000 size:1821184 presentcount:0+3 line:616 name:var%igx(:,:)
host:0x4ffa4040 device:0x400763c00000 size:1821184 presentcount:0+3 line:616 name:var%igy(:,:)
host:0x501618e0 device:0x400764200000 size:1821184 presentcount:0+3 line:616 name:var%igz(:,:)
host:0x5031f7b0 device:0x40077cc00000 size:7284272 presentcount:0+4 line:519 name:var%fftsca(:,:)
host:0x50a83540 device:0x401024400000 size:453600 presentcount:0+1 line:499 name:var%tbli(:)
host:0x50af2150 device:0x40102446ec00 size:453600 presentcount:0+1 line:499 name:var%tbl(:)
host:0x50c63030 device:0x401023400000 size:3614720 presentcount:0+1 line:499 name:var%tbl(:)
host:0x5134b420 device:0x401023800000 size:3614400 presentcount:0+1 line:499 name:var%tbli(:)
host:0x516bf7f0 device:0x401023c00000 size:3614400 presentcount:0+1 line:499 name:var%tbl(:)
host:0x51c12420 device:0x4004de5f1e00 size:41472 presentcount:0+1 line:746 name:var%auxtot(:,:,:)
host:0x51c32420 device:0x40060e11a000 size:41472 presentcount:0+2 line:746 name:var%fertot(:,:,:)
host:0x51c40030 device:0x40060e124200 size:82944 presentcount:0+2 line:746 name:var%celtot(:,:,:)
host:0x51da85c0 device:0x401024000000 size:3614400 presentcount:0+1 line:499 name:var%tbli(:)
host:0x52ef2170 device:0x4007fba00000 size:2799360 presentcount:0+2 line:194 name:cdij(:,:,:,:)
host:0x535dca10 device:0x401024600000 size:2799360 presentcount:0+2 line:194 name:cqij(:,:,:,:)
host:0x53b3c6c0 device:0x4007fbe00000 size:7962624 presentcount:0+5 line:746 name:var%gproj(:,:,:,:)
host:0x544f8090 device:0x40060e1d5800 size:98304 presentcount:0+1 line:1101 name:w1%gproj(:)
host:0x54576800 device:0x4010245fd800 size:2048 presentcount:0+1 line:179 name:w1(:)
host:0x54577020 device:0x4007643fbe00 size:2048 presentcount:0+1 line:179 name:wtmp(:)
host:0x546fe680 device:0x40102459d800 size:393216 presentcount:0+2 line:1226 name:wa%gproj(:,:)
host:0x5475e6b0 device:0x401226c00000 size:393216 presentcount:0+2 line:1226 name:wa%gproj(:,:)
host:0x547be6e0 device:0x40060e1bd800 size:98304 presentcount:0+1 line:1101 name:w1%gproj(:)
host:0x547d6710 device:0x4007fb9cc000 size:98304 presentcount:0+1 line:1101 name:w1%gproj(:)
host:0x547ee740 device:0x4007fb9e4000 size:98304 presentcount:0+1 line:1101 name:w1%gproj(:)
host:0x5d08e820 device:0x401234e00000 size:3145728 presentcount:0+2 line:1226 name:wa%gproj(:,:)
host:0x621bc7e0 device:0x401235a00000 size:14569472 presentcount:0+1 line:202 name:precon(:,:)
host:0x62fa8fb0 device:0x400764400000 size:7284736 presentcount:0+1 line:1101 name:w1%cptwfp(:)
host:0x636a35b0 device:0x400763400000 size:7284736 presentcount:0+1 line:1101 name:w1%cptwfp(:)
host:0x63d9e1e0 device:0x400f6ce00000 size:7284736 presentcount:0+1 line:1101 name:w1%cptwfp(:)
host:0x64490e30 device:0x401235200000 size:7284736 presentcount:0+1 line:1101 name:w1%cptwfp(:)
host:0x4005140010a0 device:0x400765400000 size:45593280 presentcount:0+2 line:430 name:var%nli(:,:)
host:0x40057b0e35c0 device:0x401024a00000 size:14400000 presentcount:0+1 line:195 name:dencor(:)
host:0x40057cc739e0 device:0x401025800000 size:28917760 presentcount:0+1 line:195 name:cstrf(:,:)
host:0x4006200012b0 device:0x400780000000 size:807411968 presentcount:0+2 line:430 name:var%rproj(:)
host:0x4006502131a0 device:0x4007e0000000 size:230400000 presentcount:0+2 line:194 name:sv(:,:)
host:0x400700004a60 device:0x400740000000 size:590063616 presentcount:0+5 line:746 name:var%cptwfp(:,:,:,:)
host:0x400724e66f80 device:0x401223400000 size:29138944 presentcount:0+2 line:1226 name:wa%cptwfp(:,:)
host:0x400726a47190 device:0x401225000000 size:29138944 presentcount:0+2 line:1226 name:wa%cptwfp(:,:)
host:0x4007c00079d0 device:0x401005600000 size:230400000 presentcount:0+1 line:1101 name:w1%cr(:)
host:0x4007cf7573a0 device:0x401226e00000 size:233111552 presentcount:0+2 line:1226 name:wa%cptwfp(:,:)
host:0x4008232c7be0 device:0x4007b0400000 size:230400000 presentcount:0+1 line:1236 name:w1%cr(:)
host:0x400830e98000 device:0x4007edc00000 size:230400000 presentcount:0+1 line:1101 name:w1%cr(:)
host:0x400880008210 device:0x400768000000 size:230400000 presentcount:0+1 line:1236 name:w1%cr(:)
host:0x40088dbd0020 device:0x4011e3400000 size:230400000 presentcount:0+1 line:1101 name:w1%cr(:)
host:0x40089b790230 device:0x4011f1000000 size:230400000 presentcount:0+1 line:1236 name:w1%cr(:)
host:0x4008a9350650 device:0x4011a3400000 size:230400000 presentcount:0+1 line:1101 name:w1%cr(:)
host:0x400d80000860 device:0x4011b1000000 size:230400000 presentcount:0+1 line:1236 name:w1%cr(:)
host:0xfffff26bfe50 device:0x4007643fca00 size:3024 presentcount:0+12 line:682 name:var
host:0xfffff26c0a20 device:0x40069c3ffa00 size:1480 presentcount:0+1 line:174 name:w_ini
host:0xfffff26c0ff0 device:0x4007643fb400 size:1480 presentcount:0+1 line:174 name:wopt
host:0xfffff26c15c0 device:0x40067c3ff600 size:1480 presentcount:0+1 line:174 name:wtmpa
allocated block device:0x4004de5f1e00 size:41472 thread:1
allocated block device:0x4004de5fc000 size:5120 thread:1
allocated block device:0x4004de5fd400 size:4608 thread:1
allocated block device:0x4004de5fe600 size:4608 thread:1
allocated block device:0x4004de5ff800 size:512 thread:1
allocated block device:0x4004de5ffa00 size:512 thread:1
allocated block device:0x4004de5ffc00 size:512 thread:1
allocated block device:0x4004de5ffe00 size:512 thread:1
allocated block device:0x40060e11a000 size:41472 thread:1
allocated block device:0x40060e124200 size:82944 thread:1
allocated block device:0x40060e138600 size:180224 thread:1
allocated block device:0x40060e164600 size:180224 thread:1
allocated block device:0x40060e190600 size:4608 thread:1
allocated block device:0x40060e191800 size:180224 thread:1
allocated block device:0x40060e1bd800 size:98304 thread:1
allocated block device:0x40060e1d5800 size:98304 thread:1
allocated block device:0x40060e1ed800 size:14848 thread:1
allocated block device:0x40060e1f1200 size:14848 thread:1
allocated block device:0x40060e1f4c00 size:10240 thread:1
allocated block device:0x40060e1f7400 size:10240 thread:1
allocated block device:0x40060e1f9c00 size:512 thread:1
allocated block device:0x40060e1f9e00 size:512 thread:1
allocated block device:0x40060e1fa000 size:512 thread:1
allocated block device:0x40060e1fa200 size:512 thread:1
allocated block device:0x40060e1fa400 size:512 thread:1
allocated block device:0x40060e1fa600 size:5120 thread:1
allocated block device:0x40060e1fba00 size:1536 thread:1
allocated block device:0x40060e1fc000 size:1024 thread:1
allocated block device:0x40060e1fc400 size:1024 thread:1
allocated block device:0x40060e1fc800 size:1536 thread:1
allocated block device:0x40060e1fce00 size:1024 thread:1
allocated block device:0x40060e1fd200 size:1024 thread:1
allocated block device:0x40060e1fd600 size:1024 thread:1
allocated block device:0x40060e1fda00 size:6144 thread:1
allocated block device:0x40060e1ff200 size:2560 thread:1
allocated block device:0x40060e1ffc00 size:512 thread:1
allocated block device:0x40060e1ffe00 size:512 thread:1
allocated block device:0x40067c3ff600 size:2048 thread:1
allocated block device:0x40069c3ff600 size:1024 thread:1
allocated block device:0x40069c3ffa00 size:1536 thread:1
allocated block device:0x4006dc3fea00 size:2560 thread:1
allocated block device:0x4006dc3ff400 size:512 thread:1
allocated block device:0x4006dc3ff600 size:512 thread:1
allocated block device:0x4006dc3ff800 size:512 thread:1
allocated block device:0x4006dc3ffa00 size:512 thread:1
allocated block device:0x4006dc3ffc00 size:512 thread:1
allocated block device:0x4006dc3ffe00 size:512 thread:1
allocated block device:0x400740000000 size:590063616 thread:1
allocated block device:0x400763400000 size:7962624 thread:1
allocated block device:0x400763c00000 size:1821184 thread:1
allocated block device:0x400763dbca00 size:512 thread:1
allocated block device:0x400763dbcc00 size:512 thread:1
allocated block device:0x400763dbce00 size:512 thread:1
allocated block device:0x400763dbd000 size:512 thread:1
allocated block device:0x400763dbd200 size:512 thread:1
allocated block device:0x400763dbd400 size:512 thread:1
allocated block device:0x400763dbd600 size:512 thread:1
allocated block device:0x400763dbd800 size:5120 thread:1
allocated block device:0x400763dbec00 size:1536 thread:1
allocated block device:0x400763dbf200 size:1024 thread:1
allocated block device:0x400763dbf600 size:1024 thread:1
allocated block device:0x400763dbfa00 size:1536 thread:1
allocated block device:0x400763dc0000 size:1024 thread:1
allocated block device:0x400763dc0400 size:1024 thread:1
allocated block device:0x400763dc0800 size:17408 thread:1
allocated block device:0x400763dc4c00 size:17408 thread:1
allocated block device:0x400763dc9000 size:180224 thread:1
allocated block device:0x400763df5000 size:2048 thread:1
allocated block device:0x400763df5800 size:512 thread:1
allocated block device:0x400763df5a00 size:4608 thread:1
allocated block device:0x400763df6c00 size:512 thread:1
allocated block device:0x400763df6e00 size:4608 thread:1
allocated block device:0x400763df8000 size:26112 thread:1
allocated block device:0x400763dfe600 size:3072 thread:1
allocated block device:0x400763dff200 size:512 thread:1
allocated block device:0x400763dff400 size:512 thread:1
allocated block device:0x400763dff600 size:512 thread:1
allocated block device:0x400763dff800 size:512 thread:1
allocated block device:0x400763dffa00 size:512 thread:1
allocated block device:0x400763dffc00 size:512 thread:1
allocated block device:0x400763dffe00 size:512 thread:1
allocated block device:0x400763e00000 size:1821184 thread:1
allocated block device:0x400763fbca00 size:180224 thread:1
allocated block device:0x400763fe8a00 size:4608 thread:1
allocated block device:0x400763fe9c00 size:4608 thread:1
allocated block device:0x400763feae00 size:4608 thread:1
allocated block device:0x400763fec000 size:24064 thread:1
allocated block device:0x400763ff1e00 size:512 thread:1
allocated block device:0x400763ff2000 size:24064 thread:1
allocated block device:0x400763ff7e00 size:512 thread:1
allocated block device:0x400763ff8000 size:512 thread:1
allocated block device:0x400763ff8200 size:3072 thread:1
allocated block device:0x400763ff8e00 size:3072 thread:1
allocated block device:0x400763ff9a00 size:512 thread:1
allocated block device:0x400763ff9c00 size:5120 thread:1
allocated block device:0x400763ffb000 size:1536 thread:1
allocated block device:0x400763ffb600 size:2560 thread:1
allocated block device:0x400763ffc000 size:1536 thread:1
allocated block device:0x400763ffc600 size:2048 thread:1
allocated block device:0x400763ffce00 size:6144 thread:1
allocated block device:0x400763ffe600 size:6144 thread:1
allocated block device:0x400763fffe00 size:512 thread:1
allocated block device:0x400764000000 size:1821184 thread:1
allocated block device:0x4007641bca00 size:180224 thread:1
allocated block device:0x4007641e8a00 size:6144 thread:1
allocated block device:0x4007641ea200 size:2560 thread:1
allocated block device:0x4007641eac00 size:512 thread:1
allocated block device:0x4007641eae00 size:512 thread:1
allocated block device:0x4007641eb000 size:512 thread:1
allocated block device:0x4007641eb200 size:512 thread:1
allocated block device:0x4007641eb400 size:512 thread:1
allocated block device:0x4007641eb600 size:512 thread:1
allocated block device:0x4007641eb800 size:512 thread:1
allocated block device:0x4007641eba00 size:512 thread:1
allocated block device:0x4007641ebc00 size:1536 thread:1
allocated block device:0x4007641ec200 size:1536 thread:1
allocated block device:0x4007641ec800 size:512 thread:1
allocated block device:0x4007641eca00 size:2560 thread:1
allocated block device:0x4007641ed400 size:6144 thread:1
allocated block device:0x4007641eec00 size:28672 thread:1
allocated block device:0x4007641f5c00 size:40448 thread:1
allocated block device:0x4007641ffa00 size:512 thread:1
allocated block device:0x400764200000 size:1821184 thread:1
allocated block device:0x4007643bca00 size:180224 thread:1
allocated block device:0x4007643e8a00 size:8192 thread:1
allocated block device:0x4007643eaa00 size:8192 thread:1
allocated block device:0x4007643eca00 size:40448 thread:1
allocated block device:0x4007643f6800 size:8192 thread:1
allocated block device:0x4007643fb400 size:2560 thread:1
allocated block device:0x4007643fbe00 size:3072 thread:1
allocated block device:0x4007643fca00 size:3072 thread:1
allocated block device:0x400764400000 size:7284736 thread:1
allocated block device:0x400764c00000 size:7284736 thread:1
allocated block device:0x400765400000 size:45593600 thread:1
allocated block device:0x400768000000 size:230400000 thread:1
allocated block device:0x40077cc00000 size:7284736 thread:1
allocated block device:0x400780000000 size:807412224 thread:1
allocated block device:0x4007b0400000 size:230400000 thread:1
allocated block device:0x4007e0000000 size:230400000 thread:1
allocated block device:0x4007edc00000 size:230400000 thread:1
allocated block device:0x4007fb85fa00 size:921600 thread:1
allocated block device:0x4007fb940a00 size:464896 thread:1
allocated block device:0x4007fb9cc000 size:98304 thread:1
allocated block device:0x4007fb9e4000 size:98304 thread:1
allocated block device:0x4007fba00000 size:2799616 thread:1
allocated block device:0x4007fbe00000 size:7962624 thread:1
allocated block device:0x400f6ce00000 size:14400000 thread:1
allocated block device:0x401005600000 size:230400000 thread:1
allocated block device:0x401023400000 size:3614720 thread:1
allocated block device:0x401023800000 size:3614720 thread:1
allocated block device:0x401023c00000 size:3614720 thread:1
allocated block device:0x401024000000 size:3614720 thread:1
allocated block device:0x401024400000 size:453632 thread:1
allocated block device:0x40102446ec00 size:453632 thread:1
allocated block device:0x40102459d800 size:393216 thread:1
allocated block device:0x4010245fd800 size:2048 thread:1
allocated block device:0x401024600000 size:2799616 thread:1
allocated block device:0x401024a00000 size:14400000 thread:1
allocated block device:0x401025800000 size:28917760 thread:1
allocated block device:0x4011a3400000 size:230400000 thread:1
allocated block device:0x4011b1000000 size:230400000 thread:1
allocated block device:0x4011e3400000 size:230400000 thread:1
allocated block device:0x4011f1000000 size:230400000 thread:1
allocated block device:0x401223400000 size:29138944 thread:1
allocated block device:0x401225000000 size:29138944 thread:1
allocated block device:0x401226c00000 size:393216 thread:1
allocated block device:0x401226e00000 size:233111552 thread:1
allocated block device:0x401234e00000 size:3145728 thread:1
allocated block device:0x401235200000 size:7284736 thread:1
allocated block device:0x401235a00000 size:14569472 thread:1
Accelerator Fatal Error: call to cuMemAlloc returned error 2 (CUDA_ERROR_OUT_OF_MEMORY): Out of memory
 File: /lus/lfs1aip2/projects/u6cb/software/VASP/vasp.6.5.1/build/gam/hamil.f90
 Function: hamiltmu:978
 Line: 1005

Out of memory allocating 921600000 bytes of device memory
Failing in Thread:1
total/free CUDA memory: 102005473280/508493824
Present table dump for device[1]: NVIDIA Tesla GPU 0, compute capability 9.0, threadid=1
Hint: specify 0x800 bit in NV_ACC_DEBUG for verbose info.
host:0x2557280 device:0x4007e3df6600 size:32 presentcount:0+3 line:643 name:var%comm
host:0x25572a0 device:0x40055e3ffa00 size:32 presentcount:0+4 line:652 name:var%comm_kinter
host:0x25572c0 device:0x40055e3ffc00 size:32 presentcount:0+6 line:655 name:var%comm_kin
host:0x25572e0 device:0x40055e3ff400 size:32 presentcount:0+3 line:646 name:var%comm_inter
host:0x2557300 device:0x40055e3ff600 size:32 presentcount:0+7 line:649 name:var%comm_inb
host:0x256be80 device:0x40055a0ecd00 size:8 presentcount:0+1 line:-1 name:_setexm_struct_def_21
host:0x2576f40 device:0x40055a0ece00 size:28 presentcount:0+1 line:-1 name:_ml_ff_constant_21
host:0x2577c80 device:0x40055a0ecf00 size:30437 presentcount:0+1 line:-1 name:_ml_ff_taglist_21
host:0x25afc80 device:0x40055a0f4600 size:8 presentcount:0+1 line:-1 name:_mopenacc_tutor_21
host:0x25c2740 device:0x40055a0f4a00 size:32 presentcount:0+1 line:-1 name:_mbj_21
host:0x25cd640 device:0x40055a0f4d00 size:8 presentcount:0+1 line:-1 name:_sym_prec_21
host:0x26030c0 device:0x40055a0f4e00 size:344 presentcount:0+1 line:-1 name:_tet_21
host:0x261c840 device:0x40055a0f5000 size:392 presentcount:0+1 line:-1 name:_mymath_21
host:0x2817368 device:0x4007e3dbd200 size:4800 presentcount:0+2 line:614 name:var
host:0x2818628 device:0x4007e3df4a00 size:1984 presentcount:0+2 line:403 name:var
host:0x281a910 device:0x4007071ff400 size:864 presentcount:0+4 line:2639 name:hamiltonian
host:0x286ac80 device:0x4007e3dfe000 size:2712 presentcount:0+2 line:428 name:var
host:0x286b718 device:0x40055e3f0600 size:2248 presentcount:0+1 line:742 name:var
host:0x286eb50 device:0x4007e41ff400 size:288 presentcount:0+1 line:195 name:latt_cur
host:0x2871658 device:0x40055e3fb200 size:5088 presentcount:0+28 line:517 name:var
host:0x2872a38 device:0x4006903fa000 size:5088 presentcount:0+6 line:517 name:var
host:0x2873e18 device:0x4007e3ff9600 size:5088 presentcount:0+7 line:517 name:var
host:0x287a2a8 device:0x4007e41eb400 size:304 presentcount:0+1 line:567 name:var
host:0x287a3d8 device:0x4007e41ec200 size:304 presentcount:0+1 line:567 name:var
host:0x2e48ec0 device:0x40055a002600 size:960024 presentcount:0+1 line:-1 name:_setexm_struct_def_16
host:0x2f8f080 device:0x40055a0f4700 size:580 presentcount:0+1 line:-1 name:_wpbe_16
host:0x2f8f900 device:0x40055a0f4b00 size:288 presentcount:0+1 line:-1 name:_mbj_16
host:0x9f446c0 device:0x40055a0f5200 size:624 presentcount:0+1 line:-1 name:_mlr_optic_16
host:0x1cdc4e60 device:0x4007e3dbf000 size:1000 presentcount:0+4 line:519 name:var%lpctz(:)
host:0x1cdc7e70 device:0x4007e41ea600 size:260 presentcount:0+1 line:499 name:var%ni(:)
host:0x1cdc8160 device:0x4007e41ea800 size:260 presentcount:0+1 line:499 name:var%ptri(:)
host:0x1d543990 device:0x4006903fd000 size:528 presentcount:0+1 line:480 name:var
host:0x1d544230 device:0x4007e41ea200 size:260 presentcount:0+1 line:499 name:var%n(:)
host:0x21590200 device:0x4007471ffe00 size:400 presentcount:0+2 line:464 name:var
host:0x21590390 device:0x40055e3fc800 size:400 presentcount:0+2 line:464 name:var
host:0x25c5de60 device:0x40055e3ff800 size:8 presentcount:0+4 line:405 name:var%nityp(:)
host:0x2611fe70 device:0x4007e41ea400 size:260 presentcount:0+1 line:499 name:var%ptr(:)
host:0x265dac90 device:0x4007e41ee600 size:28464 presentcount:0+1 line:853 name:var(:)
host:0x265ed3f0 device:0x4007e43eca00 size:40000 presentcount:0+1 line:857 name:var%psp(:,:)
host:0x265f7060 device:0x4007e43f6800 size:8000 presentcount:0+1 line:857 name:var%psprho(:)
host:0x265fa2f0 device:0x4007e3ff1e00 size:24000 presentcount:0+2 line:466 name:var%psprnl(:,:,:)
host:0x26629cd0 device:0x4007e3fe9c00 size:4320 presentcount:0+4 line:405 name:var%ityp(:)
host:0x2662ade0 device:0x4007e3df7a00 size:25920 presentcount:0+4 line:405 name:var%posion(:,:)
host:0x2666bec0 device:0x4007e3dffa00 size:4 presentcount:0+2 line:616 name:var%nplwkp_tot(:)
host:0x2666df80 device:0x4007e3dff800 size:4 presentcount:0+2 line:616 name:var%nplwkp(:)
host:0x2666dfb0 device:0x4007e43e8a00 size:8000 presentcount:0+1 line:857 name:var%pspcor(:)
host:0x2666ff20 device:0x4007e43eaa00 size:8000 presentcount:0+1 line:857 name:var%psprho(:)
host:0x26673a90 device:0x4007e41f5600 size:40000 presentcount:0+1 line:857 name:var%psp(:,:)
host:0x2667d700 device:0x4007e3fec000 size:24000 presentcount:0+2 line:466 name:var%psprnl(:,:,:)
host:0x26690700 device:0x4007e3dff000 size:8 presentcount:0+3 line:616 name:var%nt_global(:)
host:0x266907f0 device:0x4007e3dfec00 size:8 presentcount:0+3 line:616 name:var%lmmax(:)
host:0x26690820 device:0x4007e3dff400 size:8 presentcount:0+2 line:616 name:var%wtkpt(:)
host:0x26690850 device:0x4007e3dfee00 size:8 presentcount:0+3 line:616 name:var%nityp(:)
host:0x266bd7b0 device:0x40055e3fc600 size:24 presentcount:0+3 line:466 name:var%lps(:)
host:0x266bd860 device:0x40055e3fca00 size:24 presentcount:0+3 line:466 name:var%lps(:)
host:0x2672ab50 device:0x4007e3dff200 size:24 presentcount:0+3 line:616 name:var%vkpt(:,:)
host:0x2674fe00 device:0x4007e3dbd000 size:16 presentcount:0+2 line:430 name:var%psrmax(:)
host:0x267503c0 device:0x4007e3fe8a00 size:4320 presentcount:0+3 line:616 name:var%ityp(:)
host:0x267514d0 device:0x4007e3df6800 size:4320 presentcount:0+3 line:616 name:var%npro_pos(:)
host:0x267525e0 device:0x4007e3df5400 size:4324 presentcount:0+3 line:616 name:var%lmbase(:)
host:0x267536f0 device:0x4007e3dffc00 size:4 presentcount:0+2 line:616 name:var%ngvector_pos(:)
host:0x26753720 device:0x4007e3dff600 size:4 presentcount:0+2 line:616 name:var%ngvector(:)
host:0x26753750 device:0x4007e3dbe600 size:1280 presentcount:0+4 line:519 name:var%lpctx(:)
host:0x26753c80 device:0x4007e3dbec00 size:720 presentcount:0+4 line:519 name:var%lpcty(:)
host:0x26753f80 device:0x4007e3dbf400 size:1280 presentcount:0+4 line:519 name:var%lpctx_(:)
host:0x267544b0 device:0x4007e3dbfa00 size:720 presentcount:0+4 line:519 name:var%lpcty_(:)
host:0x267547b0 device:0x4007e3dbfe00 size:1000 presentcount:0+4 line:519 name:var%lpctz_(:)
host:0x26754bc0 device:0x4006903fb400 size:1280 presentcount:0+1 line:519 name:var%lpctx(:)
host:0x267550f0 device:0x4006903fba00 size:720 presentcount:0+1 line:519 name:var%lpcty(:)
host:0x267553f0 device:0x4006903fbe00 size:1000 presentcount:0+1 line:519 name:var%lpctz(:)
host:0x26755800 device:0x4006903fc200 size:1280 presentcount:0+1 line:519 name:var%lpctx_(:)
host:0x26755d30 device:0x4006903fc800 size:720 presentcount:0+1 line:519 name:var%lpcty_(:)
host:0x26756030 device:0x4006903fcc00 size:1000 presentcount:0+1 line:519 name:var%lpctz_(:)
host:0x26756440 device:0x4007e3ff7c00 size:2560 presentcount:0+1 line:519 name:var%lpctx(:)
host:0x26756e70 device:0x4007e3ffaa00 size:1440 presentcount:0+1 line:519 name:var%lpcty(:)
host:0x26757440 device:0x4007e3ff8800 size:2000 presentcount:0+1 line:519 name:var%lpctz(:)
host:0x26757c40 device:0x4007e3ffb000 size:2560 presentcount:0+1 line:519 name:var%lpctx_(:)
host:0x26758670 device:0x4007e3ffba00 size:1440 presentcount:0+1 line:519 name:var%lpcty_(:)
host:0x26758c40 device:0x4007e3ffc000 size:2000 presentcount:0+1 line:519 name:var%lpctz_(:)
host:0x2684c2a0 device:0x4007e3ffc800 size:5648 presentcount:0+1 line:482 name:var%i2(:)
host:0x2684d8e0 device:0x4007e3ffe000 size:5648 presentcount:0+1 line:482 name:var%i3(:)
host:0x2684ef20 device:0x4006903f4c00 size:10040 presentcount:0+1 line:482 name:var%i2(:)
host:0x26851680 device:0x4006903f7400 size:10040 presentcount:0+1 line:482 name:var%i3(:)
host:0x26853de0 device:0x4006903ed800 size:14400 presentcount:0+2 line:482 name:var%i2(:)
host:0x26857650 device:0x4006903f1200 size:14400 presentcount:0+2 line:482 name:var%i3(:)
host:0x2685b2e0 device:0x40087b85fa00 size:921600 presentcount:0+2 line:482 name:var%index(:,:)
host:0x2693c310 device:0x4007e41ec400 size:2560 presentcount:0+1 line:569 name:var%ind1(:)
host:0x2693cd40 device:0x4007e41ece00 size:5648 presentcount:0+1 line:569 name:var%indcol(:)
host:0x2693e380 device:0x4006903fd400 size:5648 presentcount:0+1 line:482 name:var%i2(:)
host:0x2693f9c0 device:0x4007e41e8a00 size:5648 presentcount:0+1 line:482 name:var%i3(:)
host:0x26941000 device:0x4006903fec00 size:2520 presentcount:0+1 line:482 name:var%i2(:)
host:0x26941a00 device:0x4006903ff600 size:2520 presentcount:0+1 line:482 name:var%i3(:)
host:0x26942400 device:0x40055e3fcc00 size:4320 presentcount:0+2 line:430 name:var%nlimax(:)
host:0x26943510 device:0x40055e3fe000 size:4324 presentcount:0+2 line:430 name:var%lmbase(:)
host:0x26944620 device:0x400690390600 size:4324 presentcount:0+2 line:430 name:var%nlibase(:)
host:0x26945730 device:0x4007e3dc0200 size:17132 presentcount:0+4 line:519 name:var%nindpwconjg(:)
host:0x26949a50 device:0x4007e3dc4600 size:17132 presentcount:0+4 line:519 name:var%ind_in_sphere(:)
host:0x2694f3b0 device:0x40055e3ff200 size:260 presentcount:0+1 line:499 name:var%ptr(:)
host:0x2694f4e0 device:0x40055e3fde00 size:260 presentcount:0+1 line:499 name:var%n(:)
host:0x2694f610 device:0x4007e3fffa00 size:260 presentcount:0+1 line:499 name:var%ptri(:)
host:0x2694f740 device:0x4007e3fff800 size:260 presentcount:0+1 line:499 name:var%ni(:)
host:0x2694f870 device:0x4007e3fffe00 size:260 presentcount:0+1 line:499 name:var%ptr(:)
host:0x2694f9a0 device:0x4007e3fffc00 size:260 presentcount:0+1 line:499 name:var%n(:)
host:0x2694fad0 device:0x4006903f9e00 size:260 presentcount:0+1 line:499 name:var%ptri(:)
host:0x2694fc00 device:0x4006903f9c00 size:260 presentcount:0+1 line:499 name:var%ni(:)
host:0x2694fd30 device:0x4007e41eac00 size:260 presentcount:0+1 line:499 name:var%ptr(:)
host:0x2694fe60 device:0x4007e41eaa00 size:260 presentcount:0+1 line:499 name:var%n(:)
host:0x2694ff90 device:0x4007e41eb200 size:4 presentcount:0+1 line:499 name:var%tbli(:)
host:0x2694ffc0 device:0x4007e41eb000 size:260 presentcount:0+1 line:499 name:var%ptri(:)
host:0x269500f0 device:0x4007e41eae00 size:260 presentcount:0+1 line:499 name:var%ni(:)
host:0x2697c4b0 device:0x4007e41eb600 size:1280 presentcount:0+1 line:569 name:var%ind1(:)
host:0x2697c9e0 device:0x4007e41ebc00 size:1388 presentcount:0+1 line:569 name:var%indcol(:)
host:0x2697cf80 device:0x400690338600 size:180000 presentcount:0+4 line:482 name:var%i2(:)
host:0x269a8ed0 device:0x400690364600 size:180000 presentcount:0+4 line:482 name:var%i3(:)
host:0x269d4e20 device:0x4007e3dc8a00 size:180000 presentcount:0+8 line:482 name:var%index(:,:)
host:0x26a00d70 device:0x4007e43bca00 size:180000 presentcount:0+8 line:482 name:var%i2(:)
host:0x26a2ccc0 device:0x400690391800 size:180000 presentcount:0+8 line:482 name:var%i3(:)
host:0x26a59240 device:0x4007e3e00000 size:1821184 presentcount:0+3 line:616 name:var%nindpw(:,:)
host:0x26c15c70 device:0x4007e3df5200 size:8 presentcount:0+2 line:616 name:var%nb_totk(:,:)
host:0x26c15ca0 device:0x4007e3dffe00 size:4 presentcount:0+2 line:616 name:var%luseinv(:)
host:0x26c15cd0 device:0x4007e3dbcc00 size:4 presentcount:0+2 line:616 name:var%at_gamma(:)
host:0x26c15d00 device:0x4007e3fbca00 size:180000 presentcount:0+3 line:616 name:var%pl_index(:,:)
host:0x26c41c50 device:0x4007e41bca00 size:180000 presentcount:0+3 line:616 name:var%pl_col(:,:)
host:0x26c6dba0 device:0x4007e3ff9400 size:8 presentcount:0+2 line:405 name:var%lmmax(:)
host:0x26c6dbd0 device:0x40055e3ffe00 size:8 presentcount:0+2 line:430 name:var%lmax(:)
host:0x26c6dc00 device:0x4007e3feae00 size:4324 presentcount:0+2 line:405 name:var%lmbase(:)
host:0x26c6ed10 device:0x4007e3dbca00 size:8 presentcount:0+2 line:430 name:var%lmmax(:)
host:0x26c6ed40 device:0x4007e3dbce00 size:8 presentcount:0+2 line:430 name:var%channels(:)
host:0x26c6ed70 device:0x4007471ffc00 size:16 presentcount:0+2 line:430 name:var%rsmooth(:)
host:0x26cdf610 device:0x40087b940a00 size:444160 presentcount:0+1 line:499 name:var%tbl(:)
host:0x26ec5630 device:0x4007e4c00000 size:7284736 presentcount:0+3 line:616 name:var%datake(:,:,:)
host:0x275b88b0 device:0x4007e4000000 size:1821184 presentcount:0+3 line:616 name:var%igx(:,:)
host:0x27775f40 device:0x4007e3c00000 size:1821184 presentcount:0+3 line:616 name:var%igy(:,:)
host:0x279337e0 device:0x4007e4200000 size:1821184 presentcount:0+3 line:616 name:var%igz(:,:)
host:0x27af16b0 device:0x4007fcc00000 size:7284272 presentcount:0+4 line:519 name:var%fftsca(:,:)
host:0x28250440 device:0x4010a4400000 size:453600 presentcount:0+1 line:499 name:var%tbli(:)
host:0x282bf050 device:0x4010a446ec00 size:453600 presentcount:0+1 line:499 name:var%tbl(:)
host:0x2842ff30 device:0x4010a3400000 size:3614720 presentcount:0+1 line:499 name:var%tbl(:)
host:0x28b18320 device:0x4010a3800000 size:3614400 presentcount:0+1 line:499 name:var%tbli(:)
host:0x28e8c6f0 device:0x4010a3c00000 size:3614400 presentcount:0+1 line:499 name:var%tbl(:)
host:0x295754c0 device:0x4010a4000000 size:3614400 presentcount:0+1 line:499 name:var%tbli(:)
host:0x2a6bf070 device:0x40087ba00000 size:2799360 presentcount:0+2 line:194 name:cdij(:,:,:,:)
host:0x2a9b2420 device:0x40055e3f1000 size:41472 presentcount:0+1 line:746 name:var%auxtot(:,:,:)
host:0x2a9c0030 device:0x400690324200 size:82944 presentcount:0+2 line:746 name:var%celtot(:,:,:)
host:0x2aa13ec0 device:0x40069031a000 size:41472 presentcount:0+2 line:746 name:var%fertot(:,:,:)
host:0x2ada9910 device:0x4010a4600000 size:2799360 presentcount:0+2 line:194 name:cqij(:,:,:,:)
host:0x2b3095c0 device:0x40087be00000 size:7962624 presentcount:0+5 line:746 name:var%gproj(:,:,:,:)
host:0x2bcc4fe0 device:0x4006903d5800 size:98304 presentcount:0+1 line:1101 name:w1%gproj(:)
host:0x2bd43750 device:0x4007e43fb800 size:2048 presentcount:0+1 line:179 name:wtmp(:)
host:0x2becb5d0 device:0x4010a459d800 size:393216 presentcount:0+2 line:1226 name:wa%gproj(:,:)
host:0x2bf2b600 device:0x4012a6c00000 size:393216 presentcount:0+2 line:1226 name:wa%gproj(:,:)
host:0x2bf8b630 device:0x4006903bd800 size:98304 presentcount:0+1 line:1101 name:w1%gproj(:)
host:0x2bfa3660 device:0x40087b9c7000 size:98304 presentcount:0+1 line:1101 name:w1%gproj(:)
host:0x2bfbb690 device:0x40087b9df000 size:98304 presentcount:0+1 line:1101 name:w1%gproj(:)
host:0x348640e0 device:0x4012b4e00000 size:3145728 presentcount:0+2 line:1226 name:wa%gproj(:,:)
host:0x39988670 device:0x4010a45fd800 size:2048 presentcount:0+1 line:179 name:w1(:)
host:0x39990000 device:0x4012b5a00000 size:14569472 presentcount:0+1 line:202 name:precon(:,:)
host:0x3a77c3b0 device:0x4007e4400000 size:7284736 presentcount:0+1 line:1101 name:w1%cptwfp(:)
host:0x3ae76590 device:0x4007e3400000 size:7284736 presentcount:0+1 line:1101 name:w1%cptwfp(:)
host:0x3b570da0 device:0x400fece00000 size:7284736 presentcount:0+1 line:1101 name:w1%cptwfp(:)
host:0x3bc635d0 device:0x4012b5200000 size:7284736 presentcount:0+1 line:1101 name:w1%cptwfp(:)
host:0x4005954610a0 device:0x4007e5400000 size:45593280 presentcount:0+2 line:430 name:var%nli(:,:)
host:0x4006a00012b0 device:0x400800000000 size:807411968 presentcount:0+2 line:430 name:var%rproj(:)
host:0x4006d02131a0 device:0x400860000000 size:230400000 presentcount:0+2 line:194 name:sv(:,:)
host:0x4006dddd35c0 device:0x4010a4a00000 size:14400000 presentcount:0+1 line:195 name:dencor(:)
host:0x4007800039e0 device:0x4010a5800000 size:28917760 presentcount:0+1 line:195 name:cstrf(:,:)
host:0x400781ba4a60 device:0x4007c0000000 size:590063616 presentcount:0+5 line:746 name:var%cptwfp(:,:,:,:)
host:0x4007a85a6b60 device:0x4012a3400000 size:29138944 presentcount:0+2 line:1226 name:wa%cptwfp(:,:)
host:0x4007b31b6d70 device:0x4012a5000000 size:29138944 presentcount:0+2 line:1226 name:wa%cptwfp(:,:)
host:0x4008400075b0 device:0x401085e00000 size:230400000 presentcount:0+1 line:1101 name:w1%cr(:)
host:0x4008a32c6f80 device:0x4012a6e00000 size:233111552 presentcount:0+2 line:1226 name:wa%cptwfp(:,:)
host:0x4008b11277c0 device:0x400830400000 size:230400000 presentcount:0+1 line:1236 name:w1%cr(:)
host:0x400900007be0 device:0x40086dc00000 size:230400000 presentcount:0+1 line:1101 name:w1%cr(:)
host:0x40090dbd7df0 device:0x4007e8000000 size:230400000 presentcount:0+1 line:1236 name:w1%cr(:)
host:0x40091b7a8210 device:0x401263400000 size:230400000 presentcount:0+1 line:1101 name:w1%cr(:)
host:0x400929378420 device:0x401271000000 size:230400000 presentcount:0+1 line:1236 name:w1%cr(:)
host:0x400e00000230 device:0x401223400000 size:230400000 presentcount:0+1 line:1101 name:w1%cr(:)
host:0x400e0dbc0440 device:0x401231000000 size:230400000 presentcount:0+1 line:1236 name:w1%cr(:)
host:0xfffffd5ad750 device:0x4007e43fc400 size:3024 presentcount:0+12 line:682 name:var
host:0xfffffd5ae320 device:0x4007071ff800 size:1480 presentcount:0+1 line:174 name:w_ini
host:0xfffffd5ae8f0 device:0x4007e43fae00 size:1480 presentcount:0+1 line:174 name:wopt
host:0xfffffd5aeec0 device:0x4007471ff400 size:1480 presentcount:0+1 line:174 name:wtmpa
allocated block device:0x40055e3f0600 size:2560 thread:1
allocated block device:0x40055e3f1000 size:41472 thread:1
allocated block device:0x40055e3fb200 size:5120 thread:1
allocated block device:0x40055e3fc600 size:512 thread:1
allocated block device:0x40055e3fc800 size:512 thread:1
allocated block device:0x40055e3fca00 size:512 thread:1
allocated block device:0x40055e3fcc00 size:4608 thread:1
allocated block device:0x40055e3fde00 size:512 thread:1
allocated block device:0x40055e3fe000 size:4608 thread:1
allocated block device:0x40055e3ff200 size:512 thread:1
allocated block device:0x40055e3ff400 size:512 thread:1
allocated block device:0x40055e3ff600 size:512 thread:1
allocated block device:0x40055e3ff800 size:512 thread:1
allocated block device:0x40055e3ffa00 size:512 thread:1
allocated block device:0x40055e3ffc00 size:512 thread:1
allocated block device:0x40055e3ffe00 size:512 thread:1
allocated block device:0x40069031a000 size:41472 thread:1
allocated block device:0x400690324200 size:82944 thread:1
allocated block device:0x400690338600 size:180224 thread:1
allocated block device:0x400690364600 size:180224 thread:1
allocated block device:0x400690390600 size:4608 thread:1
allocated block device:0x400690391800 size:180224 thread:1
allocated block device:0x4006903bd800 size:98304 thread:1
allocated block device:0x4006903d5800 size:98304 thread:1
allocated block device:0x4006903ed800 size:14848 thread:1
allocated block device:0x4006903f1200 size:14848 thread:1
allocated block device:0x4006903f4c00 size:10240 thread:1
allocated block device:0x4006903f7400 size:10240 thread:1
allocated block device:0x4006903f9c00 size:512 thread:1
allocated block device:0x4006903f9e00 size:512 thread:1
allocated block device:0x4006903fa000 size:5120 thread:1
allocated block device:0x4006903fb400 size:1536 thread:1
allocated block device:0x4006903fba00 size:1024 thread:1
allocated block device:0x4006903fbe00 size:1024 thread:1
allocated block device:0x4006903fc200 size:1536 thread:1
allocated block device:0x4006903fc800 size:1024 thread:1
allocated block device:0x4006903fcc00 size:1024 thread:1
allocated block device:0x4006903fd000 size:1024 thread:1
allocated block device:0x4006903fd400 size:6144 thread:1
allocated block device:0x4006903fec00 size:2560 thread:1
allocated block device:0x4006903ff600 size:2560 thread:1
allocated block device:0x4007071ff400 size:1024 thread:1
allocated block device:0x4007071ff800 size:1536 thread:1
allocated block device:0x4007471ff400 size:2048 thread:1
allocated block device:0x4007471ffc00 size:512 thread:1
allocated block device:0x4007471ffe00 size:512 thread:1
allocated block device:0x4007c0000000 size:590063616 thread:1
allocated block device:0x4007e3400000 size:7962624 thread:1
allocated block device:0x4007e3c00000 size:1821184 thread:1
allocated block device:0x4007e3dbca00 size:512 thread:1
allocated block device:0x4007e3dbcc00 size:512 thread:1
allocated block device:0x4007e3dbce00 size:512 thread:1
allocated block device:0x4007e3dbd000 size:512 thread:1
allocated block device:0x4007e3dbd200 size:5120 thread:1
allocated block device:0x4007e3dbe600 size:1536 thread:1
allocated block device:0x4007e3dbec00 size:1024 thread:1
allocated block device:0x4007e3dbf000 size:1024 thread:1
allocated block device:0x4007e3dbf400 size:1536 thread:1
allocated block device:0x4007e3dbfa00 size:1024 thread:1
allocated block device:0x4007e3dbfe00 size:1024 thread:1
allocated block device:0x4007e3dc0200 size:17408 thread:1
allocated block device:0x4007e3dc4600 size:17408 thread:1
allocated block device:0x4007e3dc8a00 size:180224 thread:1
allocated block device:0x4007e3df4a00 size:2048 thread:1
allocated block device:0x4007e3df5200 size:512 thread:1
allocated block device:0x4007e3df5400 size:4608 thread:1
allocated block device:0x4007e3df6600 size:512 thread:1
allocated block device:0x4007e3df6800 size:4608 thread:1
allocated block device:0x4007e3df7a00 size:26112 thread:1
allocated block device:0x4007e3dfe000 size:3072 thread:1
allocated block device:0x4007e3dfec00 size:512 thread:1
allocated block device:0x4007e3dfee00 size:512 thread:1
allocated block device:0x4007e3dff000 size:512 thread:1
allocated block device:0x4007e3dff200 size:512 thread:1
allocated block device:0x4007e3dff400 size:512 thread:1
allocated block device:0x4007e3dff600 size:512 thread:1
allocated block device:0x4007e3dff800 size:512 thread:1
allocated block device:0x4007e3dffa00 size:512 thread:1
allocated block device:0x4007e3dffc00 size:512 thread:1
allocated block device:0x4007e3dffe00 size:512 thread:1
allocated block device:0x4007e3e00000 size:1821184 thread:1
allocated block device:0x4007e3fbca00 size:180224 thread:1
allocated block device:0x4007e3fe8a00 size:4608 thread:1
allocated block device:0x4007e3fe9c00 size:4608 thread:1
allocated block device:0x4007e3feae00 size:4608 thread:1
allocated block device:0x4007e3fec000 size:24064 thread:1
allocated block device:0x4007e3ff1e00 size:24064 thread:1
allocated block device:0x4007e3ff7c00 size:3072 thread:1
allocated block device:0x4007e3ff8800 size:3072 thread:1
allocated block device:0x4007e3ff9400 size:512 thread:1
allocated block device:0x4007e3ff9600 size:5120 thread:1
allocated block device:0x4007e3ffaa00 size:1536 thread:1
allocated block device:0x4007e3ffb000 size:2560 thread:1
allocated block device:0x4007e3ffba00 size:1536 thread:1
allocated block device:0x4007e3ffc000 size:2048 thread:1
allocated block device:0x4007e3ffc800 size:6144 thread:1
allocated block device:0x4007e3ffe000 size:6144 thread:1
allocated block device:0x4007e3fff800 size:512 thread:1
allocated block device:0x4007e3fffa00 size:512 thread:1
allocated block device:0x4007e3fffc00 size:512 thread:1
allocated block device:0x4007e3fffe00 size:512 thread:1
allocated block device:0x4007e4000000 size:1821184 thread:1
allocated block device:0x4007e41bca00 size:180224 thread:1
allocated block device:0x4007e41e8a00 size:6144 thread:1
allocated block device:0x4007e41ea200 size:512 thread:1
allocated block device:0x4007e41ea400 size:512 thread:1
allocated block device:0x4007e41ea600 size:512 thread:1
allocated block device:0x4007e41ea800 size:512 thread:1
allocated block device:0x4007e41eaa00 size:512 thread:1
allocated block device:0x4007e41eac00 size:512 thread:1
allocated block device:0x4007e41eae00 size:512 thread:1
allocated block device:0x4007e41eb000 size:512 thread:1
allocated block device:0x4007e41eb200 size:512 thread:1
allocated block device:0x4007e41eb400 size:512 thread:1
allocated block device:0x4007e41eb600 size:1536 thread:1
allocated block device:0x4007e41ebc00 size:1536 thread:1
allocated block device:0x4007e41ec200 size:512 thread:1
allocated block device:0x4007e41ec400 size:2560 thread:1
allocated block device:0x4007e41ece00 size:6144 thread:1
allocated block device:0x4007e41ee600 size:28672 thread:1
allocated block device:0x4007e41f5600 size:40448 thread:1
allocated block device:0x4007e41ff400 size:512 thread:1
allocated block device:0x4007e4200000 size:1821184 thread:1
allocated block device:0x4007e43bca00 size:180224 thread:1
allocated block device:0x4007e43e8a00 size:8192 thread:1
allocated block device:0x4007e43eaa00 size:8192 thread:1
allocated block device:0x4007e43eca00 size:40448 thread:1
allocated block device:0x4007e43f6800 size:8192 thread:1
allocated block device:0x4007e43fae00 size:2560 thread:1
allocated block device:0x4007e43fb800 size:3072 thread:1
allocated block device:0x4007e43fc400 size:3072 thread:1
allocated block device:0x4007e4400000 size:7284736 thread:1
allocated block device:0x4007e4c00000 size:7284736 thread:1
allocated block device:0x4007e5400000 size:45593600 thread:1
allocated block device:0x4007e8000000 size:230400000 thread:1
allocated block device:0x4007fcc00000 size:7284736 thread:1
allocated block device:0x400800000000 size:807412224 thread:1
allocated block device:0x400830400000 size:230400000 thread:1
allocated block device:0x400860000000 size:230400000 thread:1
allocated block device:0x40086dc00000 size:230400000 thread:1
allocated block device:0x40087b85fa00 size:921600 thread:1
allocated block device:0x40087b940a00 size:444416 thread:1
allocated block device:0x40087b9c7000 size:98304 thread:1
allocated block device:0x40087b9df000 size:98304 thread:1
allocated block device:0x40087ba00000 size:2799616 thread:1
allocated block device:0x40087be00000 size:7962624 thread:1
allocated block device:0x400fece00000 size:14400000 thread:1
allocated block device:0x401085e00000 size:230400000 thread:1
allocated block device:0x4010a3400000 size:3614720 thread:1
allocated block device:0x4010a3800000 size:3614720 thread:1
allocated block device:0x4010a3c00000 size:3614720 thread:1
allocated block device:0x4010a4000000 size:3614720 thread:1
allocated block device:0x4010a4400000 size:453632 thread:1
allocated block device:0x4010a446ec00 size:453632 thread:1
allocated block device:0x4010a459d800 size:393216 thread:1
allocated block device:0x4010a45fd800 size:2048 thread:1
allocated block device:0x4010a4600000 size:2799616 thread:1
allocated block device:0x4010a4a00000 size:14400000 thread:1
allocated block device:0x4010a5800000 size:28917760 thread:1
allocated block device:0x401223400000 size:230400000 thread:1
allocated block device:0x401231000000 size:230400000 thread:1
allocated block device:0x401263400000 size:230400000 thread:1
allocated block device:0x401271000000 size:230400000 thread:1
allocated block device:0x4012a3400000 size:29138944 thread:1
allocated block device:0x4012a5000000 size:29138944 thread:1
allocated block device:0x4012a6c00000 size:393216 thread:1
allocated block device:0x4012a6e00000 size:233111552 thread:1
allocated block device:0x4012b4e00000 size:3145728 thread:1
allocated block device:0x4012b5200000 size:7284736 thread:1
allocated block device:0x4012b5a00000 size:14569472 thread:1
Accelerator Fatal Error: call to cuMemAlloc returned error 2 (CUDA_ERROR_OUT_OF_MEMORY): Out of memory
 File: /lus/lfs1aip2/projects/u6cb/software/VASP/vasp.6.5.1/build/gam/hamil.f90
 Function: hamiltmu:978
 Line: 1005

Out of memory allocating 230400000 bytes of device memory
Failing in Thread:1
total/free CUDA memory: 102005473280/540409856
Present table dump for device[1]: NVIDIA Tesla GPU 0, compute capability 9.0, threadid=1
Hint: specify 0x800 bit in NV_ACC_DEBUG for verbose info.
host:0x2557280 device:0x400743df6600 size:32 presentcount:0+3 line:643 name:var%comm
host:0x25572a0 device:0x4004be3ffa00 size:32 presentcount:0+4 line:652 name:var%comm_kinter
host:0x25572c0 device:0x4004be3ffc00 size:32 presentcount:0+6 line:655 name:var%comm_kin
host:0x25572e0 device:0x4004be3ff400 size:32 presentcount:0+3 line:646 name:var%comm_inter
host:0x2557300 device:0x4004be3ff600 size:32 presentcount:0+7 line:649 name:var%comm_inb
host:0x256be80 device:0x4004ba0ecd00 size:8 presentcount:0+1 line:-1 name:_setexm_struct_def_21
host:0x2576f40 device:0x4004ba0ece00 size:28 presentcount:0+1 line:-1 name:_ml_ff_constant_21
host:0x2577c80 device:0x4004ba0ecf00 size:30437 presentcount:0+1 line:-1 name:_ml_ff_taglist_21
host:0x25afc80 device:0x4004ba0f4600 size:8 presentcount:0+1 line:-1 name:_mopenacc_tutor_21
host:0x25c2740 device:0x4004ba0f4a00 size:32 presentcount:0+1 line:-1 name:_mbj_21
host:0x25cd640 device:0x4004ba0f4d00 size:8 presentcount:0+1 line:-1 name:_sym_prec_21
host:0x26030c0 device:0x4004ba0f4e00 size:344 presentcount:0+1 line:-1 name:_tet_21
host:0x261c840 device:0x4004ba0f5000 size:392 presentcount:0+1 line:-1 name:_mymath_21
host:0x2817368 device:0x400743dbd200 size:4800 presentcount:0+2 line:614 name:var
host:0x2818628 device:0x400743df4a00 size:1984 presentcount:0+2 line:403 name:var
host:0x281a910 device:0x40065c5ff400 size:864 presentcount:0+4 line:2639 name:hamiltonian
host:0x286ac80 device:0x400743dfe000 size:2712 presentcount:0+2 line:428 name:var
host:0x286b718 device:0x4004be3f0600 size:2248 presentcount:0+1 line:742 name:var
host:0x286eb50 device:0x4007441ff400 size:288 presentcount:0+1 line:195 name:latt_cur
host:0x2871658 device:0x4004be3fb200 size:5088 presentcount:0+28 line:517 name:var
host:0x2872a38 device:0x4005f03fa000 size:5088 presentcount:0+6 line:517 name:var
host:0x2873e18 device:0x400743ff9600 size:5088 presentcount:0+7 line:517 name:var
host:0x287a2a8 device:0x4007441eb400 size:304 presentcount:0+1 line:567 name:var
host:0x287a3d8 device:0x4007441ec200 size:304 presentcount:0+1 line:567 name:var
host:0x2e48ec0 device:0x4004ba002600 size:960024 presentcount:0+1 line:-1 name:_setexm_struct_def_16
host:0x2f8f080 device:0x4004ba0f4700 size:580 presentcount:0+1 line:-1 name:_wpbe_16
host:0x2f8f900 device:0x4004ba0f4b00 size:288 presentcount:0+1 line:-1 name:_mbj_16
host:0x9f446c0 device:0x4004ba0f5200 size:624 presentcount:0+1 line:-1 name:_mlr_optic_16
host:0x2de44e60 device:0x400743dbf000 size:1000 presentcount:0+4 line:519 name:var%lpctz(:)
host:0x2de47e70 device:0x4007441ea600 size:260 presentcount:0+1 line:499 name:var%ni(:)
host:0x2de48160 device:0x4007441ea800 size:260 presentcount:0+1 line:499 name:var%ptri(:)
host:0x2deef740 device:0x400743dff400 size:8 presentcount:0+2 line:616 name:var%wtkpt(:)
host:0x2e589280 device:0x4005f03fd000 size:528 presentcount:0+1 line:480 name:var
host:0x2e589a80 device:0x4007441ea200 size:260 presentcount:0+1 line:499 name:var%n(:)
host:0x32646840 device:0x40069c3ffe00 size:400 presentcount:0+2 line:464 name:var
host:0x326469d0 device:0x4004be3fc800 size:400 presentcount:0+2 line:464 name:var
host:0x36cde4b0 device:0x4004be3ff800 size:8 presentcount:0+4 line:405 name:var%nityp(:)
host:0x371a04c0 device:0x4007441ea400 size:260 presentcount:0+1 line:499 name:var%ptr(:)
host:0x3765b2e0 device:0x4007441ee600 size:28464 presentcount:0+1 line:853 name:var(:)
host:0x3766da40 device:0x4007443eca00 size:40000 presentcount:0+1 line:857 name:var%psp(:,:)
host:0x376776b0 device:0x4007443f6800 size:8000 presentcount:0+1 line:857 name:var%psprho(:)
host:0x3767a940 device:0x400743ff1e00 size:24000 presentcount:0+2 line:466 name:var%psprnl(:,:,:)
host:0x376aa320 device:0x400743fe9c00 size:4320 presentcount:0+4 line:405 name:var%ityp(:)
host:0x376ab430 device:0x400743df7a00 size:25920 presentcount:0+4 line:405 name:var%posion(:,:)
host:0x376ee600 device:0x4007443e8a00 size:8000 presentcount:0+1 line:857 name:var%pspcor(:)
host:0x376f0570 device:0x4007443eaa00 size:8000 presentcount:0+1 line:857 name:var%psprho(:)
host:0x376f40e0 device:0x4007441f5600 size:40000 presentcount:0+1 line:857 name:var%psp(:,:)
host:0x376fdd50 device:0x400743fec000 size:24000 presentcount:0+2 line:466 name:var%psprnl(:,:,:)
host:0x3773de00 device:0x4004be3fc600 size:24 presentcount:0+3 line:466 name:var%lps(:)
host:0x3773deb0 device:0x4004be3fca00 size:24 presentcount:0+3 line:466 name:var%lps(:)
host:0x3789c2b0 device:0x400743dff200 size:24 presentcount:0+3 line:616 name:var%vkpt(:,:)
host:0x378c13d0 device:0x400743dfee00 size:8 presentcount:0+3 line:616 name:var%nityp(:)
host:0x378c1590 device:0x400743dbd000 size:16 presentcount:0+2 line:430 name:var%psrmax(:)
host:0x378c1b50 device:0x400743fe8a00 size:4320 presentcount:0+3 line:616 name:var%ityp(:)
host:0x378c2c60 device:0x400743dfec00 size:8 presentcount:0+3 line:616 name:var%lmmax(:)
host:0x378c2c90 device:0x400743dff000 size:8 presentcount:0+3 line:616 name:var%nt_global(:)
host:0x378c2cc0 device:0x400743df6800 size:4320 presentcount:0+3 line:616 name:var%npro_pos(:)
host:0x378c3dd0 device:0x400743df5400 size:4324 presentcount:0+3 line:616 name:var%lmbase(:)
host:0x378c4ee0 device:0x400743dff800 size:4 presentcount:0+2 line:616 name:var%nplwkp(:)
host:0x378c4f10 device:0x400743dffa00 size:4 presentcount:0+2 line:616 name:var%nplwkp_tot(:)
host:0x378c4f40 device:0x400743dffc00 size:4 presentcount:0+2 line:616 name:var%ngvector_pos(:)
host:0x378c4f70 device:0x400743dff600 size:4 presentcount:0+2 line:616 name:var%ngvector(:)
host:0x378c4fa0 device:0x400743dbe600 size:1280 presentcount:0+4 line:519 name:var%lpctx(:)
host:0x378c54d0 device:0x400743dbec00 size:720 presentcount:0+4 line:519 name:var%lpcty(:)
host:0x378c57d0 device:0x400743dbf400 size:1280 presentcount:0+4 line:519 name:var%lpctx_(:)
host:0x378c5d00 device:0x400743dbfa00 size:720 presentcount:0+4 line:519 name:var%lpcty_(:)
host:0x378c6000 device:0x400743dbfe00 size:1000 presentcount:0+4 line:519 name:var%lpctz_(:)
host:0x378c6410 device:0x4005f03fb400 size:1280 presentcount:0+1 line:519 name:var%lpctx(:)
host:0x378c6940 device:0x4005f03fba00 size:720 presentcount:0+1 line:519 name:var%lpcty(:)
host:0x378c6c40 device:0x4005f03fbe00 size:1000 presentcount:0+1 line:519 name:var%lpctz(:)
host:0x378c7050 device:0x4005f03fc200 size:1280 presentcount:0+1 line:519 name:var%lpctx_(:)
host:0x378c7580 device:0x4005f03fc800 size:720 presentcount:0+1 line:519 name:var%lpcty_(:)
host:0x378c7880 device:0x4005f03fcc00 size:1000 presentcount:0+1 line:519 name:var%lpctz_(:)
host:0x378c7c90 device:0x400743ff7c00 size:2560 presentcount:0+1 line:519 name:var%lpctx(:)
host:0x378c86c0 device:0x400743ffaa00 size:1440 presentcount:0+1 line:519 name:var%lpcty(:)
host:0x378c8c90 device:0x400743ff8800 size:2000 presentcount:0+1 line:519 name:var%lpctz(:)
host:0x378c9490 device:0x400743ffb000 size:2560 presentcount:0+1 line:519 name:var%lpctx_(:)
host:0x378c9ec0 device:0x400743ffba00 size:1440 presentcount:0+1 line:519 name:var%lpcty_(:)
host:0x378ca490 device:0x400743ffc000 size:2000 presentcount:0+1 line:519 name:var%lpctz_(:)
host:0x379bdaf0 device:0x400743ffc800 size:5648 presentcount:0+1 line:482 name:var%i2(:)
host:0x379bf130 device:0x400743ffe000 size:5648 presentcount:0+1 line:482 name:var%i3(:)
host:0x379c0770 device:0x4005f03f4c00 size:10040 presentcount:0+1 line:482 name:var%i2(:)
host:0x379c2ed0 device:0x4005f03f7400 size:10040 presentcount:0+1 line:482 name:var%i3(:)
host:0x379c5630 device:0x4005f03ed800 size:14400 presentcount:0+2 line:482 name:var%i2(:)
host:0x379c8ea0 device:0x4005f03f1200 size:14400 presentcount:0+2 line:482 name:var%i3(:)
host:0x379ccb30 device:0x4007db85fa00 size:921600 presentcount:0+2 line:482 name:var%index(:,:)
host:0x37aadb60 device:0x4007441ec400 size:2560 presentcount:0+1 line:569 name:var%ind1(:)
host:0x37aae590 device:0x4007441ece00 size:5648 presentcount:0+1 line:569 name:var%indcol(:)
host:0x37aafbd0 device:0x4005f03fd400 size:5648 presentcount:0+1 line:482 name:var%i2(:)
host:0x37ab1210 device:0x4007441e8a00 size:5648 presentcount:0+1 line:482 name:var%i3(:)
host:0x37ab2850 device:0x4005f03fec00 size:2520 presentcount:0+1 line:482 name:var%i2(:)
host:0x37ab3250 device:0x4005f03ff600 size:2520 presentcount:0+1 line:482 name:var%i3(:)
host:0x37aec080 device:0x4007441eac00 size:260 presentcount:0+1 line:499 name:var%ptr(:)
host:0x37aec1b0 device:0x4007441eaa00 size:260 presentcount:0+1 line:499 name:var%n(:)
host:0x37aec2e0 device:0x4007441eb200 size:4 presentcount:0+1 line:499 name:var%tbli(:)
host:0x37aec310 device:0x4007441eb000 size:260 presentcount:0+1 line:499 name:var%ptri(:)
host:0x37aec440 device:0x4007441eae00 size:260 presentcount:0+1 line:499 name:var%ni(:)
host:0x37aed000 device:0x4004be3ff200 size:260 presentcount:0+1 line:499 name:var%ptr(:)
host:0x37aed130 device:0x4004be3fde00 size:260 presentcount:0+1 line:499 name:var%n(:)
host:0x37aedd00 device:0x4007441eb600 size:1280 presentcount:0+1 line:569 name:var%ind1(:)
host:0x37aee230 device:0x4007441ebc00 size:1388 presentcount:0+1 line:569 name:var%indcol(:)
host:0x37aee7d0 device:0x4005f0338600 size:180000 presentcount:0+4 line:482 name:var%i2(:)
host:0x37b1a720 device:0x4005f0364600 size:180000 presentcount:0+4 line:482 name:var%i3(:)
host:0x37b46670 device:0x400743dc8a00 size:180000 presentcount:0+8 line:482 name:var%index(:,:)
host:0x37b725c0 device:0x4007443bca00 size:180000 presentcount:0+8 line:482 name:var%i2(:)
host:0x37b9e510 device:0x4005f0391800 size:180000 presentcount:0+8 line:482 name:var%i3(:)
host:0x37bcaa90 device:0x400743e00000 size:1821184 presentcount:0+3 line:616 name:var%nindpw(:,:)
host:0x37d874c0 device:0x400743df5200 size:8 presentcount:0+2 line:616 name:var%nb_totk(:,:)
host:0x37d874f0 device:0x400743dffe00 size:4 presentcount:0+2 line:616 name:var%luseinv(:)
host:0x37d87520 device:0x400743dbcc00 size:4 presentcount:0+2 line:616 name:var%at_gamma(:)
host:0x37d87550 device:0x400743fbca00 size:180000 presentcount:0+3 line:616 name:var%pl_index(:,:)
host:0x37db34a0 device:0x4007441bca00 size:180000 presentcount:0+3 line:616 name:var%pl_col(:,:)
host:0x37ddf3f0 device:0x400743ff9400 size:8 presentcount:0+2 line:405 name:var%lmmax(:)
host:0x37ddf420 device:0x4004be3ffe00 size:8 presentcount:0+2 line:430 name:var%lmax(:)
host:0x37ddf450 device:0x400743feae00 size:4324 presentcount:0+2 line:405 name:var%lmbase(:)
host:0x37de0560 device:0x400743dbca00 size:8 presentcount:0+2 line:430 name:var%lmmax(:)
host:0x37de0590 device:0x400743dbce00 size:8 presentcount:0+2 line:430 name:var%channels(:)
host:0x37de05c0 device:0x40069c3ffc00 size:16 presentcount:0+2 line:430 name:var%rsmooth(:)
host:0x37de0600 device:0x4004be3fcc00 size:4320 presentcount:0+2 line:430 name:var%nlimax(:)
host:0x37de1710 device:0x4004be3fe000 size:4324 presentcount:0+2 line:430 name:var%lmbase(:)
host:0x37de2820 device:0x4005f0390600 size:4324 presentcount:0+2 line:430 name:var%nlibase(:)
host:0x37de3930 device:0x400743dc0200 size:17132 presentcount:0+4 line:519 name:var%nindpwconjg(:)
host:0x37de7c50 device:0x400743dc4600 size:17132 presentcount:0+4 line:519 name:var%ind_in_sphere(:)
host:0x37ded5b0 device:0x4005f03f9c00 size:260 presentcount:0+1 line:499 name:var%ni(:)
host:0x37dff580 device:0x400743fffa00 size:260 presentcount:0+1 line:499 name:var%ptri(:)
host:0x37dff6b0 device:0x400743fff800 size:260 presentcount:0+1 line:499 name:var%ni(:)
host:0x37dff7e0 device:0x400743fffe00 size:260 presentcount:0+1 line:499 name:var%ptr(:)
host:0x37dff910 device:0x400743fffc00 size:260 presentcount:0+1 line:499 name:var%n(:)
host:0x37dffa40 device:0x4005f03f9e00 size:260 presentcount:0+1 line:499 name:var%ptri(:)
host:0x37f45c80 device:0x400744c00000 size:7284736 presentcount:0+3 line:616 name:var%datake(:,:,:)
host:0x38638f00 device:0x400744000000 size:1821184 presentcount:0+3 line:616 name:var%igx(:,:)
host:0x387f6590 device:0x400743c00000 size:1821184 presentcount:0+3 line:616 name:var%igy(:,:)
host:0x389b3e30 device:0x400744200000 size:1821184 presentcount:0+3 line:616 name:var%igz(:,:)
host:0x38b71d00 device:0x40075cc00000 size:7284272 presentcount:0+4 line:519 name:var%fftsca(:,:)
host:0x3929c790 device:0x4007db940a00 size:444160 presentcount:0+1 line:499 name:var%tbl(:)
host:0x393755f0 device:0x401004400000 size:453600 presentcount:0+1 line:499 name:var%tbli(:)
host:0x393e4200 device:0x40100446ec00 size:453600 presentcount:0+1 line:499 name:var%tbl(:)
host:0x395550e0 device:0x401003400000 size:3614720 presentcount:0+1 line:499 name:var%tbl(:)
host:0x398cb900 device:0x401004600000 size:2799360 presentcount:0+2 line:194 name:cqij(:,:,:,:)
host:0x39ba2420 device:0x4004be3f1000 size:41472 presentcount:0+1 line:746 name:var%auxtot(:,:,:)
host:0x39bb0030 device:0x4005f0324200 size:82944 presentcount:0+2 line:746 name:var%celtot(:,:,:)
host:0x39bc4460 device:0x4005f031a000 size:41472 presentcount:0+2 line:746 name:var%fertot(:,:,:)
host:0x39c3d4d0 device:0x401003800000 size:3614400 presentcount:0+1 line:499 name:var%tbli(:)
host:0x39fb18a0 device:0x401003c00000 size:3614400 presentcount:0+1 line:499 name:var%tbl(:)
host:0x3a69a670 device:0x401004000000 size:3614400 presentcount:0+1 line:499 name:var%tbli(:)
host:0x3b7e4220 device:0x4007dba00000 size:2799360 presentcount:0+2 line:194 name:cdij(:,:,:,:)
host:0x3c17f050 device:0x4007dbe00000 size:7962624 presentcount:0+5 line:746 name:var%gproj(:,:,:,:)
host:0x3cbf3d20 device:0x4005f03d5800 size:98304 presentcount:0+1 line:1101 name:w1%gproj(:)
host:0x3cc72490 device:0x4010045fd800 size:2048 presentcount:0+1 line:179 name:w1(:)
host:0x3cc72cb0 device:0x4007443fb800 size:2048 presentcount:0+1 line:179 name:wtmp(:)
host:0x3cdfa310 device:0x40100459d800 size:393216 presentcount:0+2 line:1226 name:wa%gproj(:,:)
host:0x3ce5a340 device:0x401206c00000 size:393216 presentcount:0+2 line:1226 name:wa%gproj(:,:)
host:0x3ceba370 device:0x4005f03bd800 size:98304 presentcount:0+1 line:1101 name:w1%gproj(:)
host:0x3ced23a0 device:0x4007db9c7000 size:98304 presentcount:0+1 line:1101 name:w1%gproj(:)
host:0x3ceea3d0 device:0x4007db9df000 size:98304 presentcount:0+1 line:1101 name:w1%gproj(:)
host:0x459d5b00 device:0x401214e00000 size:3145728 presentcount:0+2 line:1226 name:wa%gproj(:,:)
host:0x4ab02170 device:0x401215200000 size:14569472 presentcount:0+1 line:202 name:precon(:,:)
host:0x4b8ee310 device:0x400744400000 size:7284736 presentcount:0+1 line:1101 name:w1%cptwfp(:)
host:0x4bfe82e0 device:0x400743400000 size:7284736 presentcount:0+1 line:1101 name:w1%cptwfp(:)
host:0x4c6e28e0 device:0x400f4ce00000 size:7284736 presentcount:0+1 line:1101 name:w1%cptwfp(:)
host:0x4cddd510 device:0x400f4f800000 size:7284736 presentcount:0+1 line:1101 name:w1%cptwfp(:)
host:0x4004f99a10a0 device:0x400745400000 size:45593280 presentcount:0+2 line:430 name:var%nli(:,:)
host:0x400558dd35c0 device:0x401004a00000 size:14400000 presentcount:0+1 line:195 name:dencor(:)
host:0x40055a9639e0 device:0x401005800000 size:28917760 presentcount:0+1 line:195 name:cstrf(:,:)
host:0x4006000012b0 device:0x400760000000 size:807411968 presentcount:0+2 line:430 name:var%rproj(:)
host:0x4006302131a0 device:0x4007c0000000 size:230400000 presentcount:0+2 line:194 name:sv(:,:)
host:0x4006e0004a60 device:0x400720000000 size:590063616 presentcount:0+5 line:746 name:var%cptwfp(:,:,:,:)
host:0x4007032c6950 device:0x401203400000 size:29138944 presentcount:0+2 line:1226 name:wa%cptwfp(:,:)
host:0x400704ea6b60 device:0x401205000000 size:29138944 presentcount:0+2 line:1226 name:wa%cptwfp(:,:)
host:0x4007a0006d70 device:0x401206e00000 size:233111552 presentcount:0+2 line:1226 name:wa%cptwfp(:,:)
host:0x4007ade673a0 device:0x400fe5600000 size:230400000 presentcount:0+1 line:1101 name:w1%cr(:)
host:0x4008032c75b0 device:0x400790400000 size:230400000 presentcount:0+1 line:1236 name:w1%cr(:)
host:0x400810e979d0 device:0x4007cdc00000 size:230400000 presentcount:0+1 line:1101 name:w1%cr(:)
host:0x400860007be0 device:0x400748000000 size:230400000 presentcount:0+1 line:1236 name:w1%cr(:)
host:0x40086dbd8000 device:0x4011c3400000 size:230400000 presentcount:0+1 line:1101 name:w1%cr(:)
host:0x40087b7a8210 device:0x4011d1000000 size:230400000 presentcount:0+1 line:1236 name:w1%cr(:)
host:0x400889370020 device:0x401183400000 size:230400000 presentcount:0+1 line:1101 name:w1%cr(:)
host:0x400d60000230 device:0x401191000000 size:230400000 presentcount:0+1 line:1236 name:w1%cr(:)
host:0x400ee0002750 device:0x401220000000 size:921600000 presentcount:0+1 line:1005 name:cwork1(:,:)
host:0xffffddfd0ff0 device:0x4007443fc400 size:3024 presentcount:0+12 line:682 name:var
host:0xffffddfd1bc0 device:0x40065c5ff800 size:1480 presentcount:0+1 line:174 name:w_ini
host:0xffffddfd2190 device:0x4007443fae00 size:1480 presentcount:0+1 line:174 name:wopt
host:0xffffddfd2760 device:0x40069c3ff400 size:1480 presentcount:0+1 line:174 name:wtmpa
allocated block device:0x4004be3f0600 size:2560 thread:1
allocated block device:0x4004be3f1000 size:41472 thread:1
allocated block device:0x4004be3fb200 size:5120 thread:1
allocated block device:0x4004be3fc600 size:512 thread:1
allocated block device:0x4004be3fc800 size:512 thread:1
allocated block device:0x4004be3fca00 size:512 thread:1
allocated block device:0x4004be3fcc00 size:4608 thread:1
allocated block device:0x4004be3fde00 size:512 thread:1
allocated block device:0x4004be3fe000 size:4608 thread:1
allocated block device:0x4004be3ff200 size:512 thread:1
allocated block device:0x4004be3ff400 size:512 thread:1
allocated block device:0x4004be3ff600 size:512 thread:1
allocated block device:0x4004be3ff800 size:512 thread:1
allocated block device:0x4004be3ffa00 size:512 thread:1
allocated block device:0x4004be3ffc00 size:512 thread:1
allocated block device:0x4004be3ffe00 size:512 thread:1
allocated block device:0x4005f031a000 size:41472 thread:1
allocated block device:0x4005f0324200 size:82944 thread:1
allocated block device:0x4005f0338600 size:180224 thread:1
allocated block device:0x4005f0364600 size:180224 thread:1
allocated block device:0x4005f0390600 size:4608 thread:1
allocated block device:0x4005f0391800 size:180224 thread:1
allocated block device:0x4005f03bd800 size:98304 thread:1
allocated block device:0x4005f03d5800 size:98304 thread:1
allocated block device:0x4005f03ed800 size:14848 thread:1
allocated block device:0x4005f03f1200 size:14848 thread:1
allocated block device:0x4005f03f4c00 size:10240 thread:1
allocated block device:0x4005f03f7400 size:10240 thread:1
allocated block device:0x4005f03f9c00 size:512 thread:1
allocated block device:0x4005f03f9e00 size:512 thread:1
allocated block device:0x4005f03fa000 size:5120 thread:1
allocated block device:0x4005f03fb400 size:1536 thread:1
allocated block device:0x4005f03fba00 size:1024 thread:1
allocated block device:0x4005f03fbe00 size:1024 thread:1
allocated block device:0x4005f03fc200 size:1536 thread:1
allocated block device:0x4005f03fc800 size:1024 thread:1
allocated block device:0x4005f03fcc00 size:1024 thread:1
allocated block device:0x4005f03fd000 size:1024 thread:1
allocated block device:0x4005f03fd400 size:6144 thread:1
allocated block device:0x4005f03fec00 size:2560 thread:1
allocated block device:0x4005f03ff600 size:2560 thread:1
allocated block device:0x40065c5ff400 size:1024 thread:1
allocated block device:0x40065c5ff800 size:1536 thread:1
allocated block device:0x40069c3ff400 size:2048 thread:1
allocated block device:0x40069c3ffc00 size:512 thread:1
allocated block device:0x40069c3ffe00 size:512 thread:1
allocated block device:0x400720000000 size:590063616 thread:1
allocated block device:0x400743400000 size:7962624 thread:1
allocated block device:0x400743c00000 size:1821184 thread:1
allocated block device:0x400743dbca00 size:512 thread:1
allocated block device:0x400743dbcc00 size:512 thread:1
allocated block device:0x400743dbce00 size:512 thread:1
allocated block device:0x400743dbd000 size:512 thread:1
allocated block device:0x400743dbd200 size:5120 thread:1
allocated block device:0x400743dbe600 size:1536 thread:1
allocated block device:0x400743dbec00 size:1024 thread:1
allocated block device:0x400743dbf000 size:1024 thread:1
allocated block device:0x400743dbf400 size:1536 thread:1
allocated block device:0x400743dbfa00 size:1024 thread:1
allocated block device:0x400743dbfe00 size:1024 thread:1
allocated block device:0x400743dc0200 size:17408 thread:1
allocated block device:0x400743dc4600 size:17408 thread:1
allocated block device:0x400743dc8a00 size:180224 thread:1
allocated block device:0x400743df4a00 size:2048 thread:1
allocated block device:0x400743df5200 size:512 thread:1
allocated block device:0x400743df5400 size:4608 thread:1
allocated block device:0x400743df6600 size:512 thread:1
allocated block device:0x400743df6800 size:4608 thread:1
allocated block device:0x400743df7a00 size:26112 thread:1
allocated block device:0x400743dfe000 size:3072 thread:1
allocated block device:0x400743dfec00 size:512 thread:1
allocated block device:0x400743dfee00 size:512 thread:1
allocated block device:0x400743dff000 size:512 thread:1
allocated block device:0x400743dff200 size:512 thread:1
allocated block device:0x400743dff400 size:512 thread:1
allocated block device:0x400743dff600 size:512 thread:1
allocated block device:0x400743dff800 size:512 thread:1
allocated block device:0x400743dffa00 size:512 thread:1
allocated block device:0x400743dffc00 size:512 thread:1
allocated block device:0x400743dffe00 size:512 thread:1
allocated block device:0x400743e00000 size:1821184 thread:1
allocated block device:0x400743fbca00 size:180224 thread:1
allocated block device:0x400743fe8a00 size:4608 thread:1
allocated block device:0x400743fe9c00 size:4608 thread:1
allocated block device:0x400743feae00 size:4608 thread:1
allocated block device:0x400743fec000 size:24064 thread:1
allocated block device:0x400743ff1e00 size:24064 thread:1
allocated block device:0x400743ff7c00 size:3072 thread:1
allocated block device:0x400743ff8800 size:3072 thread:1
allocated block device:0x400743ff9400 size:512 thread:1
allocated block device:0x400743ff9600 size:5120 thread:1
allocated block device:0x400743ffaa00 size:1536 thread:1
allocated block device:0x400743ffb000 size:2560 thread:1
allocated block device:0x400743ffba00 size:1536 thread:1
allocated block device:0x400743ffc000 size:2048 thread:1
allocated block device:0x400743ffc800 size:6144 thread:1
allocated block device:0x400743ffe000 size:6144 thread:1
allocated block device:0x400743fff800 size:512 thread:1
allocated block device:0x400743fffa00 size:512 thread:1
allocated block device:0x400743fffc00 size:512 thread:1
allocated block device:0x400743fffe00 size:512 thread:1
allocated block device:0x400744000000 size:1821184 thread:1
allocated block device:0x4007441bca00 size:180224 thread:1
allocated block device:0x4007441e8a00 size:6144 thread:1
allocated block device:0x4007441ea200 size:512 thread:1
allocated block device:0x4007441ea400 size:512 thread:1
allocated block device:0x4007441ea600 size:512 thread:1
allocated block device:0x4007441ea800 size:512 thread:1
allocated block device:0x4007441eaa00 size:512 thread:1
allocated block device:0x4007441eac00 size:512 thread:1
allocated block device:0x4007441eae00 size:512 thread:1
allocated block device:0x4007441eb000 size:512 thread:1
allocated block device:0x4007441eb200 size:512 thread:1
allocated block device:0x4007441eb400 size:512 thread:1
allocated block device:0x4007441eb600 size:1536 thread:1
allocated block device:0x4007441ebc00 size:1536 thread:1
allocated block device:0x4007441ec200 size:512 thread:1
allocated block device:0x4007441ec400 size:2560 thread:1
allocated block device:0x4007441ece00 size:6144 thread:1
allocated block device:0x4007441ee600 size:28672 thread:1
allocated block device:0x4007441f5600 size:40448 thread:1
allocated block device:0x4007441ff400 size:512 thread:1
allocated block device:0x400744200000 size:1821184 thread:1
allocated block device:0x4007443bca00 size:180224 thread:1
allocated block device:0x4007443e8a00 size:8192 thread:1
allocated block device:0x4007443eaa00 size:8192 thread:1
allocated block device:0x4007443eca00 size:40448 thread:1
allocated block device:0x4007443f6800 size:8192 thread:1
allocated block device:0x4007443fae00 size:2560 thread:1
allocated block device:0x4007443fb800 size:3072 thread:1
allocated block device:0x4007443fc400 size:3072 thread:1
allocated block device:0x400744400000 size:7284736 thread:1
allocated block device:0x400744c00000 size:7284736 thread:1
allocated block device:0x400745400000 size:45593600 thread:1
allocated block device:0x400748000000 size:230400000 thread:1
allocated block device:0x40075cc00000 size:7284736 thread:1
allocated block device:0x400760000000 size:807412224 thread:1
allocated block device:0x400790400000 size:230400000 thread:1
allocated block device:0x4007c0000000 size:230400000 thread:1
allocated block device:0x4007cdc00000 size:230400000 thread:1
allocated block device:0x4007db85fa00 size:921600 thread:1
allocated block device:0x4007db940a00 size:444416 thread:1
allocated block device:0x4007db9c7000 size:98304 thread:1
allocated block device:0x4007db9df000 size:98304 thread:1
allocated block device:0x4007dba00000 size:2799616 thread:1
allocated block device:0x4007dbe00000 size:7962624 thread:1
allocated block device:0x400f4ce00000 size:14400000 thread:1
allocated block device:0x400f4f800000 size:14400000 thread:1
allocated block device:0x400fe5600000 size:230400000 thread:1
allocated block device:0x401003400000 size:3614720 thread:1
allocated block device:0x401003800000 size:3614720 thread:1
allocated block device:0x401003c00000 size:3614720 thread:1
allocated block device:0x401004000000 size:3614720 thread:1
allocated block device:0x401004400000 size:453632 thread:1
allocated block device:0x40100446ec00 size:453632 thread:1
allocated block device:0x40100459d800 size:393216 thread:1
allocated block device:0x4010045fd800 size:2048 thread:1
allocated block device:0x401004600000 size:2799616 thread:1
allocated block device:0x401004a00000 size:14400000 thread:1
allocated block device:0x401005800000 size:28917760 thread:1
allocated block device:0x401183400000 size:230400000 thread:1
allocated block device:0x401191000000 size:230400000 thread:1
allocated block device:0x4011c3400000 size:230400000 thread:1
allocated block device:0x4011d1000000 size:230400000 thread:1
allocated block device:0x401203400000 size:29138944 thread:1
allocated block device:0x401205000000 size:29138944 thread:1
allocated block device:0x401206c00000 size:393216 thread:1
allocated block device:0x401206e00000 size:233111552 thread:1
allocated block device:0x401214e00000 size:3145728 thread:1
allocated block device:0x401215200000 size:14569472 thread:1
allocated block device:0x401220000000 size:921600000 thread:1
Accelerator Fatal Error: call to cuMemAlloc returned error 2 (CUDA_ERROR_OUT_OF_MEMORY): Out of memory
 File: /lus/lfs1aip2/projects/u6cb/software/VASP/vasp.6.5.1/build/gam/fft_base.f90
 Function: restride_r2q_cmplx:945
 Line: 964

Out of memory allocating 921600000 bytes of device memory
Failing in Thread:1
total/free CUDA memory: 102005473280/626786304
Present table dump for device[1]: NVIDIA Tesla GPU 0, compute capability 9.0, threadid=1
Hint: specify 0x800 bit in NV_ACC_DEBUG for verbose info.
host:0x2557280 device:0x4005e3df6600 size:32 presentcount:0+3 line:643 name:var%comm
host:0x25572a0 device:0x40033e3ffa00 size:32 presentcount:0+4 line:652 name:var%comm_kinter
host:0x25572c0 device:0x40033e3ffc00 size:32 presentcount:0+6 line:655 name:var%comm_kin
host:0x25572e0 device:0x40033e3ff400 size:32 presentcount:0+3 line:646 name:var%comm_inter
host:0x2557300 device:0x40033e3ff600 size:32 presentcount:0+7 line:649 name:var%comm_inb
host:0x256be80 device:0x40033a0ecd00 size:8 presentcount:0+1 line:-1 name:_setexm_struct_def_21
host:0x2576f40 device:0x40033a0ece00 size:28 presentcount:0+1 line:-1 name:_ml_ff_constant_21
host:0x2577c80 device:0x40033a0ecf00 size:30437 presentcount:0+1 line:-1 name:_ml_ff_taglist_21
host:0x25afc80 device:0x40033a0f4600 size:8 presentcount:0+1 line:-1 name:_mopenacc_tutor_21
host:0x25c2740 device:0x40033a0f4a00 size:32 presentcount:0+1 line:-1 name:_mbj_21
host:0x25cd640 device:0x40033a0f4d00 size:8 presentcount:0+1 line:-1 name:_sym_prec_21
host:0x26030c0 device:0x40033a0f4e00 size:344 presentcount:0+1 line:-1 name:_tet_21
host:0x261c840 device:0x40033a0f5000 size:392 presentcount:0+1 line:-1 name:_mymath_21
host:0x2817368 device:0x4005e3dbd200 size:4800 presentcount:0+2 line:614 name:var
host:0x2818628 device:0x4005e3df4a00 size:1984 presentcount:0+2 line:403 name:var
host:0x281a910 device:0x4005071ff400 size:864 presentcount:0+4 line:2639 name:hamiltonian
host:0x286ac80 device:0x4005e3dfe000 size:2712 presentcount:0+2 line:428 name:var
host:0x286b718 device:0x40033e3f0600 size:2248 presentcount:0+1 line:742 name:var
host:0x286eb50 device:0x4005e41ff400 size:288 presentcount:0+1 line:195 name:latt_cur
host:0x2871658 device:0x40033e3fb200 size:5088 presentcount:0+28 line:517 name:var
host:0x2872a38 device:0x4004943fa000 size:5088 presentcount:0+6 line:517 name:var
host:0x2873e18 device:0x4005e3ff9600 size:5088 presentcount:0+7 line:517 name:var
host:0x287a2a8 device:0x4005e41eb400 size:304 presentcount:0+1 line:567 name:var
host:0x287a3d8 device:0x4005e41ec200 size:304 presentcount:0+1 line:567 name:var
host:0x2e48ec0 device:0x40033a002600 size:960024 presentcount:0+1 line:-1 name:_setexm_struct_def_16
host:0x2f8f080 device:0x40033a0f4700 size:580 presentcount:0+1 line:-1 name:_wpbe_16
host:0x2f8f900 device:0x40033a0f4b00 size:288 presentcount:0+1 line:-1 name:_mbj_16
host:0x9f446c0 device:0x40033a0f5200 size:624 presentcount:0+1 line:-1 name:_mlr_optic_16
host:0x3f504e60 device:0x4005e3dbf000 size:1000 presentcount:0+4 line:519 name:var%lpctz(:)
host:0x3f507e30 device:0x4005e41ea800 size:260 presentcount:0+1 line:499 name:var%ptri(:)
host:0x3f508120 device:0x4005e41ea200 size:260 presentcount:0+1 line:499 name:var%n(:)
host:0x3fc494b0 device:0x4004943fd000 size:528 presentcount:0+1 line:480 name:var
host:0x3fc49b70 device:0x4005e41ea400 size:260 presentcount:0+1 line:499 name:var%ptr(:)
host:0x43d06720 device:0x4005471ffe00 size:400 presentcount:0+2 line:464 name:var
host:0x43d068b0 device:0x40033e3fc800 size:400 presentcount:0+2 line:464 name:var
host:0x4839e610 device:0x40033e3ff800 size:8 presentcount:0+4 line:405 name:var%nityp(:)
host:0x48d1b440 device:0x4005e41ee600 size:28464 presentcount:0+1 line:853 name:var(:)
host:0x48d263c0 device:0x4005e41f5600 size:40000 presentcount:0+1 line:857 name:var%psp(:,:)
host:0x48d30030 device:0x4005e43e8a00 size:8000 presentcount:0+1 line:857 name:var%pspcor(:)
host:0x48d31fa0 device:0x4005e43eaa00 size:8000 presentcount:0+1 line:857 name:var%psprho(:)
host:0x48d35230 device:0x4005e3fec000 size:24000 presentcount:0+2 line:466 name:var%psprnl(:,:,:)
host:0x48d52120 device:0x4005e43eca00 size:40000 presentcount:0+1 line:857 name:var%psp(:,:)
host:0x48d5bd90 device:0x4005e43f6800 size:8000 presentcount:0+1 line:857 name:var%psprho(:)
host:0x48d5f020 device:0x4005e3ff1e00 size:24000 presentcount:0+2 line:466 name:var%psprnl(:,:,:)
host:0x48d8ea00 device:0x4005e3fe9c00 size:4320 presentcount:0+4 line:405 name:var%ityp(:)
host:0x48d8fb10 device:0x4005e3df7a00 size:25920 presentcount:0+4 line:405 name:var%posion(:,:)
host:0x48dfdd20 device:0x40033e3fc600 size:24 presentcount:0+3 line:466 name:var%lps(:)
host:0x48dfddd0 device:0x40033e3fca00 size:24 presentcount:0+3 line:466 name:var%lps(:)
host:0x4949cb60 device:0x4005e3dff400 size:8 presentcount:0+2 line:616 name:var%wtkpt(:)
host:0x4949cb90 device:0x4005e3dfee00 size:8 presentcount:0+3 line:616 name:var%nityp(:)
host:0x49643a90 device:0x4005e3dff200 size:24 presentcount:0+3 line:616 name:var%vkpt(:,:)
host:0x49668d40 device:0x4005e3dbd000 size:16 presentcount:0+2 line:430 name:var%psrmax(:)
host:0x49669300 device:0x4005e3fe8a00 size:4320 presentcount:0+3 line:616 name:var%ityp(:)
host:0x4966a410 device:0x4005e3dfec00 size:8 presentcount:0+3 line:616 name:var%lmmax(:)
host:0x4966a440 device:0x4005e3dff000 size:8 presentcount:0+3 line:616 name:var%nt_global(:)
host:0x4966a470 device:0x4005e3df6800 size:4320 presentcount:0+3 line:616 name:var%npro_pos(:)
host:0x4966b580 device:0x4005e3df5400 size:4324 presentcount:0+3 line:616 name:var%lmbase(:)
host:0x4966c690 device:0x4005e3dff800 size:4 presentcount:0+2 line:616 name:var%nplwkp(:)
host:0x4966c6c0 device:0x4005e3dffa00 size:4 presentcount:0+2 line:616 name:var%nplwkp_tot(:)
host:0x4966c6f0 device:0x4005e3dffc00 size:4 presentcount:0+2 line:616 name:var%ngvector_pos(:)
host:0x4966c720 device:0x4005e3dff600 size:4 presentcount:0+2 line:616 name:var%ngvector(:)
host:0x4966c750 device:0x4005e3dbe600 size:1280 presentcount:0+4 line:519 name:var%lpctx(:)
host:0x4966cc80 device:0x4005e3dbec00 size:720 presentcount:0+4 line:519 name:var%lpcty(:)
host:0x4966cf80 device:0x4005e3dbf400 size:1280 presentcount:0+4 line:519 name:var%lpctx_(:)
host:0x4966d4b0 device:0x4005e3dbfa00 size:720 presentcount:0+4 line:519 name:var%lpcty_(:)
host:0x4966d7b0 device:0x4005e3dbfe00 size:1000 presentcount:0+4 line:519 name:var%lpctz_(:)
host:0x4966dbc0 device:0x4004943fb400 size:1280 presentcount:0+1 line:519 name:var%lpctx(:)
host:0x4966e0f0 device:0x4004943fba00 size:720 presentcount:0+1 line:519 name:var%lpcty(:)
host:0x4966e3f0 device:0x4004943fbe00 size:1000 presentcount:0+1 line:519 name:var%lpctz(:)
host:0x4966e800 device:0x4004943fc200 size:1280 presentcount:0+1 line:519 name:var%lpctx_(:)
host:0x4966ed30 device:0x4004943fc800 size:720 presentcount:0+1 line:519 name:var%lpcty_(:)
host:0x4966f030 device:0x4004943fcc00 size:1000 presentcount:0+1 line:519 name:var%lpctz_(:)
host:0x4966f440 device:0x4005e3ff7c00 size:2560 presentcount:0+1 line:519 name:var%lpctx(:)
host:0x4966fe70 device:0x4005e3ffaa00 size:1440 presentcount:0+1 line:519 name:var%lpcty(:)
host:0x49670440 device:0x4005e3ff8800 size:2000 presentcount:0+1 line:519 name:var%lpctz(:)
host:0x49670c40 device:0x4005e3ffb000 size:2560 presentcount:0+1 line:519 name:var%lpctx_(:)
host:0x49671670 device:0x4005e3ffba00 size:1440 presentcount:0+1 line:519 name:var%lpcty_(:)
host:0x49671c40 device:0x4005e3ffc000 size:2000 presentcount:0+1 line:519 name:var%lpctz_(:)
host:0x497652a0 device:0x4005e3ffc800 size:5644 presentcount:0+1 line:482 name:var%i2(:)
host:0x497668e0 device:0x4005e3ffe000 size:5644 presentcount:0+1 line:482 name:var%i3(:)
host:0x49767f20 device:0x4004943f4c00 size:10040 presentcount:0+1 line:482 name:var%i2(:)
host:0x4976a680 device:0x4004943f7400 size:10040 presentcount:0+1 line:482 name:var%i3(:)
host:0x4976cde0 device:0x4004943ed800 size:14400 presentcount:0+2 line:482 name:var%i2(:)
host:0x49770650 device:0x4004943f1200 size:14400 presentcount:0+2 line:482 name:var%i3(:)
host:0x497742e0 device:0x40065b85fa00 size:921600 presentcount:0+2 line:482 name:var%index(:,:)
host:0x49855310 device:0x4005e41ec400 size:2560 presentcount:0+1 line:569 name:var%ind1(:)
host:0x49855d40 device:0x4005e41ece00 size:5644 presentcount:0+1 line:569 name:var%indcol(:)
host:0x49857380 device:0x4004943fd400 size:5644 presentcount:0+1 line:482 name:var%i2(:)
host:0x498589c0 device:0x4005e41e8a00 size:5644 presentcount:0+1 line:482 name:var%i3(:)
host:0x4985a000 device:0x4004943fec00 size:2520 presentcount:0+1 line:482 name:var%i2(:)
host:0x4985aa00 device:0x4004943ff600 size:2520 presentcount:0+1 line:482 name:var%i3(:)
host:0x4985b400 device:0x40033e3fcc00 size:4320 presentcount:0+2 line:430 name:var%nlimax(:)
host:0x4985c510 device:0x40033e3fe000 size:4324 presentcount:0+2 line:430 name:var%lmbase(:)
host:0x4985d620 device:0x400494390600 size:4324 presentcount:0+2 line:430 name:var%nlibase(:)
host:0x4985e730 device:0x4005e3dc0200 size:17132 presentcount:0+4 line:519 name:var%nindpwconjg(:)
host:0x49862a50 device:0x4005e3dc4600 size:17132 presentcount:0+4 line:519 name:var%ind_in_sphere(:)
host:0x498683b0 device:0x4005e3fffa00 size:260 presentcount:0+1 line:499 name:var%ptri(:)
host:0x498684e0 device:0x4005e3fff800 size:260 presentcount:0+1 line:499 name:var%ni(:)
host:0x49868610 device:0x4005e3fffe00 size:260 presentcount:0+1 line:499 name:var%ptr(:)
host:0x49868740 device:0x4005e3fffc00 size:260 presentcount:0+1 line:499 name:var%n(:)
host:0x49868870 device:0x4004943f9e00 size:260 presentcount:0+1 line:499 name:var%ptri(:)
host:0x498689a0 device:0x4004943f9c00 size:260 presentcount:0+1 line:499 name:var%ni(:)
host:0x49868d30 device:0x4005e41ea600 size:260 presentcount:0+1 line:499 name:var%ni(:)
host:0x49868e60 device:0x4005e41eac00 size:260 presentcount:0+1 line:499 name:var%ptr(:)
host:0x49868f90 device:0x4005e41eaa00 size:260 presentcount:0+1 line:499 name:var%n(:)
host:0x498690c0 device:0x4005e41eb200 size:4 presentcount:0+1 line:499 name:var%tbli(:)
host:0x498690f0 device:0x4005e41eb000 size:260 presentcount:0+1 line:499 name:var%ptri(:)
host:0x49869220 device:0x4005e41eae00 size:260 presentcount:0+1 line:499 name:var%ni(:)
host:0x49879ef0 device:0x40033e3ff200 size:260 presentcount:0+1 line:499 name:var%ptr(:)
host:0x4987a020 device:0x40033e3fde00 size:260 presentcount:0+1 line:499 name:var%n(:)
host:0x498954b0 device:0x4005e41eb600 size:1280 presentcount:0+1 line:569 name:var%ind1(:)
host:0x498959e0 device:0x4005e41ebc00 size:1384 presentcount:0+1 line:569 name:var%indcol(:)
host:0x49895f70 device:0x400494338600 size:180000 presentcount:0+4 line:482 name:var%i2(:)
host:0x498c1ec0 device:0x400494364600 size:180000 presentcount:0+4 line:482 name:var%i3(:)
host:0x498ede10 device:0x4005e3dc8a00 size:180000 presentcount:0+8 line:482 name:var%index(:,:)
host:0x49919d60 device:0x4005e43bca00 size:180000 presentcount:0+8 line:482 name:var%i2(:)
host:0x49945cb0 device:0x400494391800 size:180000 presentcount:0+8 line:482 name:var%i3(:)
host:0x49972230 device:0x4005e3e00000 size:1821184 presentcount:0+3 line:616 name:var%nindpw(:,:)
host:0x49b2ec60 device:0x4005e3df5200 size:8 presentcount:0+2 line:616 name:var%nb_totk(:,:)
host:0x49b2ec90 device:0x4005e3dffe00 size:4 presentcount:0+2 line:616 name:var%luseinv(:)
host:0x49b2ecc0 device:0x4005e3dbcc00 size:4 presentcount:0+2 line:616 name:var%at_gamma(:)
host:0x49b2ecf0 device:0x4005e3fbca00 size:180000 presentcount:0+3 line:616 name:var%pl_index(:,:)
host:0x49b5ac40 device:0x4005e41bca00 size:180000 presentcount:0+3 line:616 name:var%pl_col(:,:)
host:0x49b873d0 device:0x4005e4c00000 size:7284736 presentcount:0+3 line:616 name:var%datake(:,:,:)
host:0x4a27a650 device:0x4005e4000000 size:1821184 presentcount:0+3 line:616 name:var%igx(:,:)
host:0x4a437ce0 device:0x4005e3c00000 size:1821184 presentcount:0+3 line:616 name:var%igy(:,:)
host:0x4a5f5580 device:0x4005e4200000 size:1821184 presentcount:0+3 line:616 name:var%igz(:,:)
host:0x4a7b1fb0 device:0x4005e3ff9400 size:8 presentcount:0+2 line:405 name:var%lmmax(:)
host:0x4a7b1fe0 device:0x40033e3ffe00 size:8 presentcount:0+2 line:430 name:var%lmax(:)
host:0x4a7b2010 device:0x4005e3feae00 size:4324 presentcount:0+2 line:405 name:var%lmbase(:)
host:0x4a7b3120 device:0x4005e3dbca00 size:8 presentcount:0+2 line:430 name:var%lmmax(:)
host:0x4a7b3150 device:0x4005e3dbce00 size:8 presentcount:0+2 line:430 name:var%channels(:)
host:0x4a7b3180 device:0x4005471ffc00 size:16 presentcount:0+2 line:430 name:var%rsmooth(:)
host:0x4a7b4660 device:0x4005fcc00000 size:7284272 presentcount:0+4 line:519 name:var%fftsca(:,:)
host:0x4af17520 device:0x40065b940a00 size:442880 presentcount:0+1 line:499 name:var%tbl(:)
host:0x4afef980 device:0x400ec4400000 size:453600 presentcount:0+1 line:499 name:var%tbli(:)
host:0x4b05e590 device:0x400ec446ec00 size:453600 presentcount:0+1 line:499 name:var%tbl(:)
host:0x4b1cf470 device:0x400ec3400000 size:3612160 presentcount:0+1 line:499 name:var%tbl(:)
host:0x4b8b6460 device:0x400ec3800000 size:3614400 presentcount:0+1 line:499 name:var%tbli(:)
host:0x4bc2a830 device:0x400ec3c00000 size:3614400 presentcount:0+1 line:499 name:var%tbl(:)
host:0x4c313600 device:0x400ec4000000 size:3614400 presentcount:0+1 line:499 name:var%tbli(:)
host:0x4c8c2420 device:0x40049431a000 size:41472 presentcount:0+2 line:746 name:var%fertot(:,:,:)
host:0x4c8e2420 device:0x40033e3f1000 size:41472 presentcount:0+1 line:746 name:var%auxtot(:,:,:)
host:0x4c8f0030 device:0x400494324200 size:82944 presentcount:0+2 line:746 name:var%celtot(:,:,:)
host:0x4d7d2300 device:0x40065ba00000 size:2799360 presentcount:0+2 line:194 name:cdij(:,:,:,:)
host:0x4da81a20 device:0x400ec4600000 size:2799360 presentcount:0+2 line:194 name:cqij(:,:,:,:)
host:0x4dfe16d0 device:0x40065be00000 size:7962624 presentcount:0+5 line:746 name:var%gproj(:,:,:,:)
host:0x4e99dde0 device:0x4004943d5800 size:98304 presentcount:0+1 line:1101 name:w1%gproj(:)
host:0x4ea1c550 device:0x4005e43fb800 size:2048 presentcount:0+1 line:179 name:wtmp(:)
host:0x4eba43d0 device:0x400ec459d800 size:393216 presentcount:0+2 line:1226 name:wa%gproj(:,:)
host:0x4ec04400 device:0x400fc6c00000 size:393216 presentcount:0+2 line:1226 name:wa%gproj(:,:)
host:0x4ec64430 device:0x4004943bd800 size:98304 presentcount:0+1 line:1101 name:w1%gproj(:)
host:0x4ec7c460 device:0x40065b9c6a00 size:98304 presentcount:0+1 line:1101 name:w1%gproj(:)
host:0x4ec94490 device:0x40065b9dea00 size:98304 presentcount:0+1 line:1101 name:w1%gproj(:)
host:0x57622cd0 device:0x400fd4e00000 size:3145728 presentcount:0+2 line:1226 name:wa%gproj(:,:)
host:0x5c72f720 device:0x400ec45fd800 size:2048 presentcount:0+1 line:179 name:w1(:)
host:0x5c74ebe0 device:0x400fd5200000 size:14569472 presentcount:0+1 line:202 name:precon(:,:)
host:0x5d53b3b0 device:0x4005e4400000 size:7284736 presentcount:0+1 line:1101 name:w1%cptwfp(:)
host:0x5dc359b0 device:0x4005e3400000 size:7284736 presentcount:0+1 line:1101 name:w1%cptwfp(:)
host:0x5e3305e0 device:0x400e8ce00000 size:7284736 presentcount:0+1 line:1101 name:w1%cptwfp(:)
host:0x5ea23230 device:0x400e8f800000 size:7284736 presentcount:0+1 line:1101 name:w1%cptwfp(:)
host:0x40038d4610a0 device:0x4005e5400000 size:45593280 presentcount:0+2 line:430 name:var%nli(:,:)
host:0x40039dba35c0 device:0x400ec4a00000 size:14400000 presentcount:0+1 line:195 name:dencor(:)
host:0x4003e80031a0 device:0x400640000000 size:230400000 presentcount:0+2 line:194 name:sv(:,:)
host:0x4003f5bc39e0 device:0x400ec5800000 size:28915200 presentcount:0+1 line:195 name:cstrf(:,:)
host:0x4003fbd46f80 device:0x400fc3400000 size:29138944 presentcount:0+2 line:1226 name:wa%cptwfp(:,:)
host:0x4004a00012b0 device:0x400600000000 size:807411968 presentcount:0+2 line:430 name:var%rproj(:)
host:0x4004d0217190 device:0x400fc5000000 size:29138944 presentcount:0+2 line:1226 name:wa%cptwfp(:,:)
host:0x400580004a60 device:0x4005c0000000 size:590063616 presentcount:0+5 line:746 name:var%cptwfp(:,:,:,:)
host:0x4005a32c79d0 device:0x400e92200000 size:230400000 presentcount:0+1 line:1101 name:w1%cr(:)
host:0x4006600073a0 device:0x400fc6e00000 size:233111552 presentcount:0+2 line:1226 name:wa%cptwfp(:,:)
host:0x40066de67be0 device:0x400630400000 size:230400000 presentcount:0+1 line:1236 name:w1%cr(:)
host:0x40067ba38000 device:0x40064dc00000 size:230400000 presentcount:0+1 line:1101 name:w1%cr(:)
host:0x400689608210 device:0x4005e8000000 size:230400000 presentcount:0+1 line:1236 name:w1%cr(:)
host:0x4006c32c0020 device:0x400f83400000 size:230400000 presentcount:0+1 line:1101 name:w1%cr(:)
host:0x4006d0e80230 device:0x400f91000000 size:230400000 presentcount:0+1 line:1236 name:w1%cr(:)
host:0x400c20000650 device:0x400f43400000 size:230400000 presentcount:0+1 line:1101 name:w1%cr(:)
host:0x400c2dbc0860 device:0x400f51000000 size:230400000 presentcount:0+1 line:1236 name:w1%cr(:)
host:0xffffcf7f8810 device:0x4005e43fc400 size:3024 presentcount:0+12 line:682 name:var
host:0xffffcf7f93e0 device:0x4005071ff800 size:1480 presentcount:0+1 line:174 name:w_ini
host:0xffffcf7f99b0 device:0x4005e43fae00 size:1480 presentcount:0+1 line:174 name:wopt
host:0xffffcf7f9f80 device:0x4005471ff400 size:1480 presentcount:0+1 line:174 name:wtmpa
allocated block device:0x40033e3f0600 size:2560 thread:1
allocated block device:0x40033e3f1000 size:41472 thread:1
allocated block device:0x40033e3fb200 size:5120 thread:1
allocated block device:0x40033e3fc600 size:512 thread:1
allocated block device:0x40033e3fc800 size:512 thread:1
allocated block device:0x40033e3fca00 size:512 thread:1
allocated block device:0x40033e3fcc00 size:4608 thread:1
allocated block device:0x40033e3fde00 size:512 thread:1
allocated block device:0x40033e3fe000 size:4608 thread:1
allocated block device:0x40033e3ff200 size:512 thread:1
allocated block device:0x40033e3ff400 size:512 thread:1
allocated block device:0x40033e3ff600 size:512 thread:1
allocated block device:0x40033e3ff800 size:512 thread:1
allocated block device:0x40033e3ffa00 size:512 thread:1
allocated block device:0x40033e3ffc00 size:512 thread:1
allocated block device:0x40033e3ffe00 size:512 thread:1
allocated block device:0x40049431a000 size:41472 thread:1
allocated block device:0x400494324200 size:82944 thread:1
allocated block device:0x400494338600 size:180224 thread:1
allocated block device:0x400494364600 size:180224 thread:1
allocated block device:0x400494390600 size:4608 thread:1
allocated block device:0x400494391800 size:180224 thread:1
allocated block device:0x4004943bd800 size:98304 thread:1
allocated block device:0x4004943d5800 size:98304 thread:1
allocated block device:0x4004943ed800 size:14848 thread:1
allocated block device:0x4004943f1200 size:14848 thread:1
allocated block device:0x4004943f4c00 size:10240 thread:1
allocated block device:0x4004943f7400 size:10240 thread:1
allocated block device:0x4004943f9c00 size:512 thread:1
allocated block device:0x4004943f9e00 size:512 thread:1
allocated block device:0x4004943fa000 size:5120 thread:1
allocated block device:0x4004943fb400 size:1536 thread:1
allocated block device:0x4004943fba00 size:1024 thread:1
allocated block device:0x4004943fbe00 size:1024 thread:1
allocated block device:0x4004943fc200 size:1536 thread:1
allocated block device:0x4004943fc800 size:1024 thread:1
allocated block device:0x4004943fcc00 size:1024 thread:1
allocated block device:0x4004943fd000 size:1024 thread:1
allocated block device:0x4004943fd400 size:6144 thread:1
allocated block device:0x4004943fec00 size:2560 thread:1
allocated block device:0x4004943ff600 size:2560 thread:1
allocated block device:0x4005071ff400 size:1024 thread:1
allocated block device:0x4005071ff800 size:1536 thread:1
allocated block device:0x4005471ff400 size:2048 thread:1
allocated block device:0x4005471ffc00 size:512 thread:1
allocated block device:0x4005471ffe00 size:512 thread:1
allocated block device:0x4005c0000000 size:590063616 thread:1
allocated block device:0x4005e3400000 size:7962624 thread:1
allocated block device:0x4005e3c00000 size:1821184 thread:1
allocated block device:0x4005e3dbca00 size:512 thread:1
allocated block device:0x4005e3dbcc00 size:512 thread:1
allocated block device:0x4005e3dbce00 size:512 thread:1
allocated block device:0x4005e3dbd000 size:512 thread:1
allocated block device:0x4005e3dbd200 size:5120 thread:1
allocated block device:0x4005e3dbe600 size:1536 thread:1
allocated block device:0x4005e3dbec00 size:1024 thread:1
allocated block device:0x4005e3dbf000 size:1024 thread:1
allocated block device:0x4005e3dbf400 size:1536 thread:1
allocated block device:0x4005e3dbfa00 size:1024 thread:1
allocated block device:0x4005e3dbfe00 size:1024 thread:1
allocated block device:0x4005e3dc0200 size:17408 thread:1
allocated block device:0x4005e3dc4600 size:17408 thread:1
allocated block device:0x4005e3dc8a00 size:180224 thread:1
allocated block device:0x4005e3df4a00 size:2048 thread:1
allocated block device:0x4005e3df5200 size:512 thread:1
allocated block device:0x4005e3df5400 size:4608 thread:1
allocated block device:0x4005e3df6600 size:512 thread:1
allocated block device:0x4005e3df6800 size:4608 thread:1
allocated block device:0x4005e3df7a00 size:26112 thread:1
allocated block device:0x4005e3dfe000 size:3072 thread:1
allocated block device:0x4005e3dfec00 size:512 thread:1
allocated block device:0x4005e3dfee00 size:512 thread:1
allocated block device:0x4005e3dff000 size:512 thread:1
allocated block device:0x4005e3dff200 size:512 thread:1
allocated block device:0x4005e3dff400 size:512 thread:1
allocated block device:0x4005e3dff600 size:512 thread:1
allocated block device:0x4005e3dff800 size:512 thread:1
allocated block device:0x4005e3dffa00 size:512 thread:1
allocated block device:0x4005e3dffc00 size:512 thread:1
allocated block device:0x4005e3dffe00 size:512 thread:1
allocated block device:0x4005e3e00000 size:1821184 thread:1
allocated block device:0x4005e3fbca00 size:180224 thread:1
allocated block device:0x4005e3fe8a00 size:4608 thread:1
allocated block device:0x4005e3fe9c00 size:4608 thread:1
allocated block device:0x4005e3feae00 size:4608 thread:1
allocated block device:0x4005e3fec000 size:24064 thread:1
allocated block device:0x4005e3ff1e00 size:24064 thread:1
allocated block device:0x4005e3ff7c00 size:3072 thread:1
allocated block device:0x4005e3ff8800 size:3072 thread:1
allocated block device:0x4005e3ff9400 size:512 thread:1
allocated block device:0x4005e3ff9600 size:5120 thread:1
allocated block device:0x4005e3ffaa00 size:1536 thread:1
allocated block device:0x4005e3ffb000 size:2560 thread:1
allocated block device:0x4005e3ffba00 size:1536 thread:1
allocated block device:0x4005e3ffc000 size:2048 thread:1
allocated block device:0x4005e3ffc800 size:6144 thread:1
allocated block device:0x4005e3ffe000 size:6144 thread:1
allocated block device:0x4005e3fff800 size:512 thread:1
allocated block device:0x4005e3fffa00 size:512 thread:1
allocated block device:0x4005e3fffc00 size:512 thread:1
allocated block device:0x4005e3fffe00 size:512 thread:1
allocated block device:0x4005e4000000 size:1821184 thread:1
allocated block device:0x4005e41bca00 size:180224 thread:1
allocated block device:0x4005e41e8a00 size:6144 thread:1
allocated block device:0x4005e41ea200 size:512 thread:1
allocated block device:0x4005e41ea400 size:512 thread:1
allocated block device:0x4005e41ea600 size:512 thread:1
allocated block device:0x4005e41ea800 size:512 thread:1
allocated block device:0x4005e41eaa00 size:512 thread:1
allocated block device:0x4005e41eac00 size:512 thread:1
allocated block device:0x4005e41eae00 size:512 thread:1
allocated block device:0x4005e41eb000 size:512 thread:1
allocated block device:0x4005e41eb200 size:512 thread:1
allocated block device:0x4005e41eb400 size:512 thread:1
allocated block device:0x4005e41eb600 size:1536 thread:1
allocated block device:0x4005e41ebc00 size:1536 thread:1
allocated block device:0x4005e41ec200 size:512 thread:1
allocated block device:0x4005e41ec400 size:2560 thread:1
allocated block device:0x4005e41ece00 size:6144 thread:1
allocated block device:0x4005e41ee600 size:28672 thread:1
allocated block device:0x4005e41f5600 size:40448 thread:1
allocated block device:0x4005e41ff400 size:512 thread:1
allocated block device:0x4005e4200000 size:1821184 thread:1
allocated block device:0x4005e43bca00 size:180224 thread:1
allocated block device:0x4005e43e8a00 size:8192 thread:1
allocated block device:0x4005e43eaa00 size:8192 thread:1
allocated block device:0x4005e43eca00 size:40448 thread:1
allocated block device:0x4005e43f6800 size:8192 thread:1
allocated block device:0x4005e43fae00 size:2560 thread:1
allocated block device:0x4005e43fb800 size:3072 thread:1
allocated block device:0x4005e43fc400 size:3072 thread:1
allocated block device:0x4005e4400000 size:7284736 thread:1
allocated block device:0x4005e4c00000 size:7284736 thread:1
allocated block device:0x4005e5400000 size:45593600 thread:1
allocated block device:0x4005e8000000 size:230400000 thread:1
allocated block device:0x4005fcc00000 size:7284736 thread:1
allocated block device:0x400600000000 size:807412224 thread:1
allocated block device:0x400630400000 size:230400000 thread:1
allocated block device:0x400640000000 size:230400000 thread:1
allocated block device:0x40064dc00000 size:230400000 thread:1
allocated block device:0x40065b85fa00 size:921600 thread:1
allocated block device:0x40065b940a00 size:442880 thread:1
allocated block device:0x40065b9c6a00 size:98304 thread:1
allocated block device:0x40065b9dea00 size:98304 thread:1
allocated block device:0x40065ba00000 size:2799616 thread:1
allocated block device:0x40065be00000 size:7962624 thread:1
allocated block device:0x400e8ce00000 size:14400000 thread:1
allocated block device:0x400e8f800000 size:14400000 thread:1
allocated block device:0x400e92200000 size:230400000 thread:1
allocated block device:0x400ec3400000 size:3612160 thread:1
allocated block device:0x400ec3800000 size:3614720 thread:1
allocated block device:0x400ec3c00000 size:3614720 thread:1
allocated block device:0x400ec4000000 size:3614720 thread:1
allocated block device:0x400ec4400000 size:453632 thread:1
allocated block device:0x400ec446ec00 size:453632 thread:1
allocated block device:0x400ec459d800 size:393216 thread:1
allocated block device:0x400ec45fd800 size:2048 thread:1
allocated block device:0x400ec4600000 size:2799616 thread:1
allocated block device:0x400ec4a00000 size:14400000 thread:1
allocated block device:0x400ec5800000 size:28915200 thread:1
allocated block device:0x400f43400000 size:230400000 thread:1
allocated block device:0x400f51000000 size:230400000 thread:1
allocated block device:0x400f83400000 size:230400000 thread:1
allocated block device:0x400f91000000 size:230400000 thread:1
allocated block device:0x400fc3400000 size:29138944 thread:1
allocated block device:0x400fc5000000 size:29138944 thread:1
allocated block device:0x400fc6c00000 size:393216 thread:1
allocated block device:0x400fc6e00000 size:233111552 thread:1
allocated block device:0x400fd4e00000 size:3145728 thread:1
allocated block device:0x400fd5200000 size:14569472 thread:1
Accelerator Fatal Error: call to cuMemAlloc returned error 2 (CUDA_ERROR_OUT_OF_MEMORY): Out of memory
 File: /lus/lfs1aip2/projects/u6cb/software/VASP/vasp.6.5.1/build/gam/hamil.f90
 Function: hamiltmu:978
 Line: 1005

Out of memory allocating 921600000 bytes of device memory
Failing in Thread:1
total/free CUDA memory: 102005473280/630980608
Present table dump for device[1]: NVIDIA Tesla GPU 0, compute capability 9.0, threadid=1
Hint: specify 0x800 bit in NV_ACC_DEBUG for verbose info.
host:0x2557280 device:0x4006a3df6c00 size:32 presentcount:0+3 line:643 name:var%comm
host:0x25572a0 device:0x4006a3dbca00 size:32 presentcount:0+4 line:652 name:var%comm_kinter
host:0x25572c0 device:0x4006a3dbcc00 size:32 presentcount:0+6 line:655 name:var%comm_kin
host:0x25572e0 device:0x40041e3ffa00 size:32 presentcount:0+3 line:646 name:var%comm_inter
host:0x2557300 device:0x40041e3ffc00 size:32 presentcount:0+7 line:649 name:var%comm_inb
host:0x256be80 device:0x40041a0ecd00 size:8 presentcount:0+1 line:-1 name:_setexm_struct_def_21
host:0x2576f40 device:0x40041a0ece00 size:28 presentcount:0+1 line:-1 name:_ml_ff_constant_21
host:0x2577c80 device:0x40041a0ecf00 size:30437 presentcount:0+1 line:-1 name:_ml_ff_taglist_21
host:0x25afc80 device:0x40041a0f4600 size:8 presentcount:0+1 line:-1 name:_mopenacc_tutor_21
host:0x25c2740 device:0x40041a0f4a00 size:32 presentcount:0+1 line:-1 name:_mbj_21
host:0x25cd640 device:0x40041a0f4d00 size:8 presentcount:0+1 line:-1 name:_sym_prec_21
host:0x26030c0 device:0x40041a0f4e00 size:344 presentcount:0+1 line:-1 name:_tet_21
host:0x261c840 device:0x40041a0f5000 size:392 presentcount:0+1 line:-1 name:_mymath_21
host:0x2817368 device:0x4006a3dbd800 size:4800 presentcount:0+2 line:614 name:var
host:0x2818628 device:0x4006a3df5000 size:1984 presentcount:0+2 line:403 name:var
host:0x281a910 device:0x4005e71ff600 size:864 presentcount:0+4 line:2639 name:hamiltonian
host:0x286ac80 device:0x4006a3dfe600 size:2712 presentcount:0+2 line:428 name:var
host:0x286b718 device:0x4006271fea00 size:2248 presentcount:0+1 line:742 name:var
host:0x286eb50 device:0x4006a41ffa00 size:288 presentcount:0+1 line:195 name:latt_cur
host:0x2871658 device:0x40041e3fc000 size:5088 presentcount:0+28 line:517 name:var
host:0x2872a38 device:0x40054e3fa600 size:5088 presentcount:0+6 line:517 name:var
host:0x2873e18 device:0x4006a3ff9c00 size:5088 presentcount:0+7 line:517 name:var
host:0x287a2a8 device:0x4006a41eba00 size:304 presentcount:0+1 line:567 name:var
host:0x287a3d8 device:0x4006a41ec800 size:304 presentcount:0+1 line:567 name:var
host:0x2e48ec0 device:0x40041a002600 size:960024 presentcount:0+1 line:-1 name:_setexm_struct_def_16
host:0x2f8f080 device:0x40041a0f4700 size:580 presentcount:0+1 line:-1 name:_wpbe_16
host:0x2f8f900 device:0x40041a0f4b00 size:288 presentcount:0+1 line:-1 name:_mbj_16
host:0x9f446c0 device:0x40041a0f5200 size:624 presentcount:0+1 line:-1 name:_mlr_optic_16
host:0x43e197a0 device:0x4006a3dffa00 size:8 presentcount:0+2 line:616 name:var%wtkpt(:)
host:0x43e197d0 device:0x4006a3dff400 size:8 presentcount:0+3 line:616 name:var%nityp(:)
host:0x43ff4e60 device:0x4006a3dbf600 size:1000 presentcount:0+4 line:519 name:var%lpctz(:)
host:0x43ff7e30 device:0x4006a41eac00 size:260 presentcount:0+1 line:499 name:var%ni(:)
host:0x43ff8120 device:0x4006a41eae00 size:260 presentcount:0+1 line:499 name:var%ptri(:)
host:0x440dcd60 device:0x4006a3dbd600 size:16 presentcount:0+2 line:430 name:var%psrmax(:)
host:0x440dcda0 device:0x4006a3dff200 size:8 presentcount:0+3 line:616 name:var%lmmax(:)
host:0x440dcdd0 device:0x4006a3dff600 size:8 presentcount:0+3 line:616 name:var%nt_global(:)
host:0x44739470 device:0x40054e3fd600 size:528 presentcount:0+1 line:480 name:var
host:0x44739d90 device:0x40054e3ffc00 size:260 presentcount:0+1 line:499 name:var%n(:)
host:0x487f67b0 device:0x4006271ff600 size:400 presentcount:0+2 line:464 name:var
host:0x487f6940 device:0x4006271ffa00 size:400 presentcount:0+2 line:464 name:var
host:0x4ce8e340 device:0x40041e3ffe00 size:8 presentcount:0+4 line:405 name:var%nityp(:)
host:0x4d350350 device:0x40054e3ffe00 size:260 presentcount:0+1 line:499 name:var%ptr(:)
host:0x4d80b230 device:0x4006a41eec00 size:28464 presentcount:0+1 line:853 name:var(:)
host:0x4d8161b0 device:0x4006a41f5c00 size:40000 presentcount:0+1 line:857 name:var%psp(:,:)
host:0x4d81fe20 device:0x4006a43e8a00 size:8000 presentcount:0+1 line:857 name:var%pspcor(:)
host:0x4d821d90 device:0x4006a43eaa00 size:8000 presentcount:0+1 line:857 name:var%psprho(:)
host:0x4d825020 device:0x4006a3fec000 size:24000 presentcount:0+2 line:466 name:var%psprnl(:,:,:)
host:0x4d841f10 device:0x4006a43eca00 size:40000 presentcount:0+1 line:857 name:var%psp(:,:)
host:0x4d84bb80 device:0x4006a43f6800 size:8000 presentcount:0+1 line:857 name:var%psprho(:)
host:0x4d84ee10 device:0x4006a3ff2000 size:24000 presentcount:0+2 line:466 name:var%psprnl(:,:,:)
host:0x4d87e7f0 device:0x4006a3fe9c00 size:4320 presentcount:0+4 line:405 name:var%ityp(:)
host:0x4d87f900 device:0x4006a3df8000 size:25920 presentcount:0+4 line:405 name:var%posion(:,:)
host:0x4d8edb10 device:0x4006271ff800 size:24 presentcount:0+3 line:466 name:var%lps(:)
host:0x4d8edbc0 device:0x4006271ffc00 size:24 presentcount:0+3 line:466 name:var%lps(:)
host:0x4da68750 device:0x4006a3dff800 size:24 presentcount:0+3 line:616 name:var%vkpt(:,:)
host:0x4da8ddf0 device:0x4006a3fe8a00 size:4320 presentcount:0+3 line:616 name:var%ityp(:)
host:0x4da8ef00 device:0x4006a3df6e00 size:4320 presentcount:0+3 line:616 name:var%npro_pos(:)
host:0x4da90010 device:0x4006a3df5a00 size:4324 presentcount:0+3 line:616 name:var%lmbase(:)
host:0x4da91120 device:0x4006a3dffe00 size:4 presentcount:0+2 line:616 name:var%nplwkp(:)
host:0x4da91150 device:0x4006a3ff1e00 size:4 presentcount:0+2 line:616 name:var%nplwkp_tot(:)
host:0x4da91180 device:0x4006a3ff7e00 size:4 presentcount:0+2 line:616 name:var%ngvector_pos(:)
host:0x4da911b0 device:0x4006a3dffc00 size:4 presentcount:0+2 line:616 name:var%ngvector(:)
host:0x4da911e0 device:0x4006a3dbec00 size:1280 presentcount:0+4 line:519 name:var%lpctx(:)
host:0x4da91710 device:0x4006a3dbf200 size:720 presentcount:0+4 line:519 name:var%lpcty(:)
host:0x4da91a10 device:0x4006a3dbfa00 size:1280 presentcount:0+4 line:519 name:var%lpctx_(:)
host:0x4da91f40 device:0x4006a3dc0000 size:720 presentcount:0+4 line:519 name:var%lpcty_(:)
host:0x4da92240 device:0x4006a3dc0400 size:1000 presentcount:0+4 line:519 name:var%lpctz_(:)
host:0x4da92650 device:0x40054e3fba00 size:1280 presentcount:0+1 line:519 name:var%lpctx(:)
host:0x4da92b80 device:0x40054e3fc000 size:720 presentcount:0+1 line:519 name:var%lpcty(:)
host:0x4da92e80 device:0x40054e3fc400 size:1000 presentcount:0+1 line:519 name:var%lpctz(:)
host:0x4da93290 device:0x40054e3fc800 size:1280 presentcount:0+1 line:519 name:var%lpctx_(:)
host:0x4da937c0 device:0x40054e3fce00 size:720 presentcount:0+1 line:519 name:var%lpcty_(:)
host:0x4da93ac0 device:0x40054e3fd200 size:1000 presentcount:0+1 line:519 name:var%lpctz_(:)
host:0x4da93ed0 device:0x4006a3ff8200 size:2560 presentcount:0+1 line:519 name:var%lpctx(:)
host:0x4da94900 device:0x4006a3ffb000 size:1440 presentcount:0+1 line:519 name:var%lpcty(:)
host:0x4da94ed0 device:0x4006a3ff8e00 size:2000 presentcount:0+1 line:519 name:var%lpctz(:)
host:0x4da956d0 device:0x4006a3ffb600 size:2560 presentcount:0+1 line:519 name:var%lpctx_(:)
host:0x4da96100 device:0x4006a3ffc000 size:1440 presentcount:0+1 line:519 name:var%lpcty_(:)
host:0x4da966d0 device:0x4006a3ffc600 size:2000 presentcount:0+1 line:519 name:var%lpctz_(:)
host:0x4db89d30 device:0x4006a3ffce00 size:5648 presentcount:0+1 line:482 name:var%i2(:)
host:0x4db8b370 device:0x4006a3ffe600 size:5648 presentcount:0+1 line:482 name:var%i3(:)
host:0x4db8c9b0 device:0x40054e3f4c00 size:10040 presentcount:0+1 line:482 name:var%i2(:)
host:0x4db8f110 device:0x40054e3f7400 size:10040 presentcount:0+1 line:482 name:var%i3(:)
host:0x4db91870 device:0x40054e3ed800 size:14400 presentcount:0+2 line:482 name:var%i2(:)
host:0x4db950e0 device:0x40054e3f1200 size:14400 presentcount:0+2 line:482 name:var%i3(:)
host:0x4db98d70 device:0x40073b85fa00 size:921600 presentcount:0+2 line:482 name:var%index(:,:)
host:0x4dc79da0 device:0x4006a41eca00 size:2560 presentcount:0+1 line:569 name:var%ind1(:)
host:0x4dc7a7d0 device:0x4006a41ed400 size:5648 presentcount:0+1 line:569 name:var%indcol(:)
host:0x4dc7be10 device:0x40054e3fda00 size:5648 presentcount:0+1 line:482 name:var%i2(:)
host:0x4dc7d450 device:0x4006a41e8a00 size:5648 presentcount:0+1 line:482 name:var%i3(:)
host:0x4dc7ea90 device:0x40054e3ff200 size:2520 presentcount:0+1 line:482 name:var%i2(:)
host:0x4dc7f490 device:0x4006a41ea200 size:2520 presentcount:0+1 line:482 name:var%i3(:)
host:0x4dc7fe90 device:0x40054e390600 size:4324 presentcount:0+2 line:430 name:var%nlibase(:)
host:0x4dc80fa0 device:0x4006a3dc0800 size:17132 presentcount:0+4 line:519 name:var%nindpwconjg(:)
host:0x4dc852c0 device:0x4006a3dc4c00 size:17132 presentcount:0+4 line:519 name:var%ind_in_sphere(:)
host:0x4dc9b600 device:0x40041e3ff800 size:260 presentcount:0+1 line:499 name:var%ptr(:)
host:0x4dc9b730 device:0x4006271ffe00 size:260 presentcount:0+1 line:499 name:var%n(:)
host:0x4dcb9f40 device:0x4006a41ebc00 size:1280 presentcount:0+1 line:569 name:var%ind1(:)
host:0x4dcba470 device:0x4006a41ec200 size:1444 presentcount:0+1 line:569 name:var%indcol(:)
host:0x4dcbaa40 device:0x40054e338600 size:180000 presentcount:0+4 line:482 name:var%i2(:)
host:0x4dce6990 device:0x40054e364600 size:180000 presentcount:0+4 line:482 name:var%i3(:)
host:0x4dd128e0 device:0x4006a3dc9000 size:180000 presentcount:0+8 line:482 name:var%index(:,:)
host:0x4dd3e830 device:0x4006a43bca00 size:180000 presentcount:0+8 line:482 name:var%i2(:)
host:0x4dd6a780 device:0x40054e391800 size:180000 presentcount:0+8 line:482 name:var%i3(:)
host:0x4dd96d00 device:0x4006a3e00000 size:1821184 presentcount:0+3 line:616 name:var%nindpw(:,:)
host:0x4df53730 device:0x4006a3df5800 size:8 presentcount:0+2 line:616 name:var%nb_totk(:,:)
host:0x4df53760 device:0x4006a3ff8000 size:4 presentcount:0+2 line:616 name:var%luseinv(:)
host:0x4df53790 device:0x4006a3dbd200 size:4 presentcount:0+2 line:616 name:var%at_gamma(:)
host:0x4df537c0 device:0x4006a3fbca00 size:180000 presentcount:0+3 line:616 name:var%pl_index(:,:)
host:0x4df7f710 device:0x4006a41bca00 size:180000 presentcount:0+3 line:616 name:var%pl_col(:,:)
host:0x4dfab660 device:0x4006a3ff9a00 size:8 presentcount:0+2 line:405 name:var%lmmax(:)
host:0x4dfab690 device:0x4006a3dbce00 size:8 presentcount:0+2 line:430 name:var%lmax(:)
host:0x4dfab6c0 device:0x4006a3feae00 size:4324 presentcount:0+2 line:405 name:var%lmbase(:)
host:0x4dfac7d0 device:0x4006a3dbd000 size:8 presentcount:0+2 line:430 name:var%lmmax(:)
host:0x4dfac800 device:0x4006a3dbd400 size:8 presentcount:0+2 line:430 name:var%channels(:)
host:0x4dfac830 device:0x4006271ff400 size:16 presentcount:0+2 line:430 name:var%rsmooth(:)
host:0x4dfac870 device:0x40041e3fd400 size:4320 presentcount:0+2 line:430 name:var%nlimax(:)
host:0x4dfad980 device:0x40041e3fe600 size:4324 presentcount:0+2 line:430 name:var%lmbase(:)
host:0x4dfaea90 device:0x40054e3f9c00 size:260 presentcount:0+1 line:499 name:var%ptri(:)
host:0x4dfaebc0 device:0x4006a3fffe00 size:260 presentcount:0+1 line:499 name:var%ni(:)
host:0x4dfaecf0 device:0x40054e3fa000 size:260 presentcount:0+1 line:499 name:var%ptr(:)
host:0x4dfaee20 device:0x40054e3f9e00 size:260 presentcount:0+1 line:499 name:var%n(:)
host:0x4dfaef50 device:0x40054e3fa400 size:260 presentcount:0+1 line:499 name:var%ptri(:)
host:0x4dfaf080 device:0x40054e3fa200 size:260 presentcount:0+1 line:499 name:var%ni(:)
host:0x4dfaf650 device:0x4006a41eb200 size:260 presentcount:0+1 line:499 name:var%ptr(:)
host:0x4dfaf780 device:0x4006a41eb000 size:260 presentcount:0+1 line:499 name:var%n(:)
host:0x4dfaf8b0 device:0x4006a41eb800 size:4 presentcount:0+1 line:499 name:var%tbli(:)
host:0x4dfaf8e0 device:0x4006a41eb600 size:260 presentcount:0+1 line:499 name:var%ptri(:)
host:0x4dfafa10 device:0x4006a41eb400 size:260 presentcount:0+1 line:499 name:var%ni(:)
host:0x4e0f5bd0 device:0x4006a4c00000 size:7284736 presentcount:0+3 line:616 name:var%datake(:,:,:)
host:0x4e7e8e50 device:0x4006a4000000 size:1821184 presentcount:0+3 line:616 name:var%igx(:,:)
host:0x4e9a64e0 device:0x4006a3c00000 size:1821184 presentcount:0+3 line:616 name:var%igy(:,:)
host:0x4eb63d80 device:0x4006a4200000 size:1821184 presentcount:0+3 line:616 name:var%igz(:,:)
host:0x4ed21c50 device:0x4006bcc00000 size:7284272 presentcount:0+4 line:519 name:var%fftsca(:,:)
host:0x4f484b10 device:0x40073b940a00 size:462080 presentcount:0+1 line:499 name:var%tbl(:)
host:0x4f566570 device:0x400f64400000 size:453600 presentcount:0+1 line:499 name:var%tbli(:)
host:0x4f5d5180 device:0x400f6446ec00 size:453600 presentcount:0+1 line:499 name:var%tbl(:)
host:0x4f746060 device:0x400f63400000 size:3614720 presentcount:0+1 line:499 name:var%tbl(:)
host:0x4fe2e450 device:0x400f63800000 size:3614400 presentcount:0+1 line:499 name:var%tbli(:)
host:0x501a2820 device:0x400f63c00000 size:3614400 presentcount:0+1 line:499 name:var%tbl(:)
host:0x5088b5f0 device:0x400f64000000 size:3614400 presentcount:0+1 line:499 name:var%tbli(:)
host:0x519d51a0 device:0x40073ba00000 size:2799360 presentcount:0+2 line:194 name:cdij(:,:,:,:)
host:0x51cb2420 device:0x40041e3f1e00 size:41472 presentcount:0+1 line:746 name:var%auxtot(:,:,:)
host:0x51cf2420 device:0x40054e31a000 size:41472 presentcount:0+2 line:746 name:var%fertot(:,:,:)
host:0x51d00030 device:0x40054e324200 size:82944 presentcount:0+2 line:746 name:var%celtot(:,:,:)
host:0x520bfa40 device:0x400f64600000 size:2799360 presentcount:0+2 line:194 name:cqij(:,:,:,:)
host:0x5261f6f0 device:0x40073be00000 size:7962624 presentcount:0+5 line:746 name:var%gproj(:,:,:,:)
host:0x52fda390 device:0x40054e3d5800 size:98304 presentcount:0+1 line:1101 name:w1%gproj(:)
host:0x53058b00 device:0x400f645fd800 size:2048 presentcount:0+1 line:179 name:w1(:)
host:0x53059320 device:0x4006a43fbe00 size:2048 presentcount:0+1 line:179 name:wtmp(:)
host:0x531e0750 device:0x400f6459d800 size:393216 presentcount:0+2 line:1226 name:wa%gproj(:,:)
host:0x53240780 device:0x401126c00000 size:393216 presentcount:0+2 line:1226 name:wa%gproj(:,:)
host:0x532a07b0 device:0x40054e3bd800 size:98304 presentcount:0+1 line:1101 name:w1%gproj(:)
host:0x532b87e0 device:0x40073b9cb600 size:98304 presentcount:0+1 line:1101 name:w1%gproj(:)
host:0x532d0810 device:0x40073b9e3600 size:98304 presentcount:0+1 line:1101 name:w1%gproj(:)
host:0x5bb9b1c0 device:0x401134e00000 size:3145728 presentcount:0+2 line:1226 name:wa%gproj(:,:)
host:0x60cc6680 device:0x401135200000 size:14569472 presentcount:0+1 line:202 name:precon(:,:)
host:0x61ab2a30 device:0x4006a4400000 size:7284736 presentcount:0+1 line:1101 name:w1%cptwfp(:)
host:0x621acc10 device:0x4006a3400000 size:7284736 presentcount:0+1 line:1101 name:w1%cptwfp(:)
host:0x628a7420 device:0x400eace00000 size:7284736 presentcount:0+1 line:1101 name:w1%cptwfp(:)
host:0x62f99c50 device:0x400eaf800000 size:7284736 presentcount:0+1 line:1101 name:w1%cptwfp(:)
host:0x4005600010a0 device:0x4006a5400000 size:45593280 presentcount:0+2 line:430 name:var%nli(:,:)
host:0x400562b812b0 device:0x4006c0000000 size:807411968 presentcount:0+2 line:430 name:var%rproj(:)
host:0x4005949335c0 device:0x400f64a00000 size:14400000 presentcount:0+1 line:195 name:dencor(:)
host:0x4005964c39e0 device:0x400f65800000 size:28917760 presentcount:0+1 line:195 name:cstrf(:,:)
host:0x4006400031a0 device:0x400720000000 size:230400000 presentcount:0+2 line:194 name:sv(:,:)
host:0x40064dbc4a60 device:0x400680000000 size:590063616 presentcount:0+5 line:746 name:var%cptwfp(:,:,:,:)
host:0x400670e86b60 device:0x401123400000 size:29138944 presentcount:0+2 line:1226 name:wa%cptwfp(:,:)
host:0x400672a66d70 device:0x401125000000 size:29138944 presentcount:0+2 line:1226 name:wa%cptwfp(:,:)
host:0x400700006f80 device:0x401126e00000 size:233111552 presentcount:0+2 line:1226 name:wa%cptwfp(:,:)
host:0x4007632c75b0 device:0x400eb2200000 size:230400000 presentcount:0+1 line:1101 name:w1%cr(:)
host:0x400770e977c0 device:0x4006f0400000 size:230400000 presentcount:0+1 line:1236 name:w1%cr(:)
host:0x4007c0007be0 device:0x40072dc00000 size:230400000 presentcount:0+1 line:1101 name:w1%cr(:)
host:0x4007cdbd7df0 device:0x4006a8000000 size:230400000 presentcount:0+1 line:1236 name:w1%cr(:)
host:0x4007db7a8210 device:0x4010e3400000 size:230400000 presentcount:0+1 line:1101 name:w1%cr(:)
host:0x4007e9378420 device:0x4010f1000000 size:230400000 presentcount:0+1 line:1236 name:w1%cr(:)
host:0x400cc0000230 device:0x4010a3400000 size:230400000 presentcount:0+1 line:1101 name:w1%cr(:)
host:0x400ccdbc0440 device:0x4010b1000000 size:230400000 presentcount:0+1 line:1236 name:w1%cr(:)
host:0xffffc3d6e850 device:0x4006a43fca00 size:3024 presentcount:0+12 line:682 name:var
host:0xffffc3d6f420 device:0x4005e71ffa00 size:1480 presentcount:0+1 line:174 name:w_ini
host:0xffffc3d6f9f0 device:0x4006a43fb400 size:1480 presentcount:0+1 line:174 name:wopt
host:0xffffc3d6ffc0 device:0x4005c71ff600 size:1480 presentcount:0+1 line:174 name:wtmpa
allocated block device:0x40041e3f1e00 size:41472 thread:1
allocated block device:0x40041e3fc000 size:5120 thread:1
allocated block device:0x40041e3fd400 size:4608 thread:1
allocated block device:0x40041e3fe600 size:4608 thread:1
allocated block device:0x40041e3ff800 size:512 thread:1
allocated block device:0x40041e3ffa00 size:512 thread:1
allocated block device:0x40041e3ffc00 size:512 thread:1
allocated block device:0x40041e3ffe00 size:512 thread:1
allocated block device:0x40054e31a000 size:41472 thread:1
allocated block device:0x40054e324200 size:82944 thread:1
allocated block device:0x40054e338600 size:180224 thread:1
allocated block device:0x40054e364600 size:180224 thread:1
allocated block device:0x40054e390600 size:4608 thread:1
allocated block device:0x40054e391800 size:180224 thread:1
allocated block device:0x40054e3bd800 size:98304 thread:1
allocated block device:0x40054e3d5800 size:98304 thread:1
allocated block device:0x40054e3ed800 size:14848 thread:1
allocated block device:0x40054e3f1200 size:14848 thread:1
allocated block device:0x40054e3f4c00 size:10240 thread:1
allocated block device:0x40054e3f7400 size:10240 thread:1
allocated block device:0x40054e3f9c00 size:512 thread:1
allocated block device:0x40054e3f9e00 size:512 thread:1
allocated block device:0x40054e3fa000 size:512 thread:1
allocated block device:0x40054e3fa200 size:512 thread:1
allocated block device:0x40054e3fa400 size:512 thread:1
allocated block device:0x40054e3fa600 size:5120 thread:1
allocated block device:0x40054e3fba00 size:1536 thread:1
allocated block device:0x40054e3fc000 size:1024 thread:1
allocated block device:0x40054e3fc400 size:1024 thread:1
allocated block device:0x40054e3fc800 size:1536 thread:1
allocated block device:0x40054e3fce00 size:1024 thread:1
allocated block device:0x40054e3fd200 size:1024 thread:1
allocated block device:0x40054e3fd600 size:1024 thread:1
allocated block device:0x40054e3fda00 size:6144 thread:1
allocated block device:0x40054e3ff200 size:2560 thread:1
allocated block device:0x40054e3ffc00 size:512 thread:1
allocated block device:0x40054e3ffe00 size:512 thread:1
allocated block device:0x4005c71ff600 size:2048 thread:1
allocated block device:0x4005e71ff600 size:1024 thread:1
allocated block device:0x4005e71ffa00 size:1536 thread:1
allocated block device:0x4006271fea00 size:2560 thread:1
allocated block device:0x4006271ff400 size:512 thread:1
allocated block device:0x4006271ff600 size:512 thread:1
allocated block device:0x4006271ff800 size:512 thread:1
allocated block device:0x4006271ffa00 size:512 thread:1
allocated block device:0x4006271ffc00 size:512 thread:1
allocated block device:0x4006271ffe00 size:512 thread:1
allocated block device:0x400680000000 size:590063616 thread:1
allocated block device:0x4006a3400000 size:7962624 thread:1
allocated block device:0x4006a3c00000 size:1821184 thread:1
allocated block device:0x4006a3dbca00 size:512 thread:1
allocated block device:0x4006a3dbcc00 size:512 thread:1
allocated block device:0x4006a3dbce00 size:512 thread:1
allocated block device:0x4006a3dbd000 size:512 thread:1
allocated block device:0x4006a3dbd200 size:512 thread:1
allocated block device:0x4006a3dbd400 size:512 thread:1
allocated block device:0x4006a3dbd600 size:512 thread:1
allocated block device:0x4006a3dbd800 size:5120 thread:1
allocated block device:0x4006a3dbec00 size:1536 thread:1
allocated block device:0x4006a3dbf200 size:1024 thread:1
allocated block device:0x4006a3dbf600 size:1024 thread:1
allocated block device:0x4006a3dbfa00 size:1536 thread:1
allocated block device:0x4006a3dc0000 size:1024 thread:1
allocated block device:0x4006a3dc0400 size:1024 thread:1
allocated block device:0x4006a3dc0800 size:17408 thread:1
allocated block device:0x4006a3dc4c00 size:17408 thread:1
allocated block device:0x4006a3dc9000 size:180224 thread:1
allocated block device:0x4006a3df5000 size:2048 thread:1
allocated block device:0x4006a3df5800 size:512 thread:1
allocated block device:0x4006a3df5a00 size:4608 thread:1
allocated block device:0x4006a3df6c00 size:512 thread:1
allocated block device:0x4006a3df6e00 size:4608 thread:1
allocated block device:0x4006a3df8000 size:26112 thread:1
allocated block device:0x4006a3dfe600 size:3072 thread:1
allocated block device:0x4006a3dff200 size:512 thread:1
allocated block device:0x4006a3dff400 size:512 thread:1
allocated block device:0x4006a3dff600 size:512 thread:1
allocated block device:0x4006a3dff800 size:512 thread:1
allocated block device:0x4006a3dffa00 size:512 thread:1
allocated block device:0x4006a3dffc00 size:512 thread:1
allocated block device:0x4006a3dffe00 size:512 thread:1
allocated block device:0x4006a3e00000 size:1821184 thread:1
allocated block device:0x4006a3fbca00 size:180224 thread:1
allocated block device:0x4006a3fe8a00 size:4608 thread:1
allocated block device:0x4006a3fe9c00 size:4608 thread:1
allocated block device:0x4006a3feae00 size:4608 thread:1
allocated block device:0x4006a3fec000 size:24064 thread:1
allocated block device:0x4006a3ff1e00 size:512 thread:1
allocated block device:0x4006a3ff2000 size:24064 thread:1
allocated block device:0x4006a3ff7e00 size:512 thread:1
allocated block device:0x4006a3ff8000 size:512 thread:1
allocated block device:0x4006a3ff8200 size:3072 thread:1
allocated block device:0x4006a3ff8e00 size:3072 thread:1
allocated block device:0x4006a3ff9a00 size:512 thread:1
allocated block device:0x4006a3ff9c00 size:5120 thread:1
allocated block device:0x4006a3ffb000 size:1536 thread:1
allocated block device:0x4006a3ffb600 size:2560 thread:1
allocated block device:0x4006a3ffc000 size:1536 thread:1
allocated block device:0x4006a3ffc600 size:2048 thread:1
allocated block device:0x4006a3ffce00 size:6144 thread:1
allocated block device:0x4006a3ffe600 size:6144 thread:1
allocated block device:0x4006a3fffe00 size:512 thread:1
allocated block device:0x4006a4000000 size:1821184 thread:1
allocated block device:0x4006a41bca00 size:180224 thread:1
allocated block device:0x4006a41e8a00 size:6144 thread:1
allocated block device:0x4006a41ea200 size:2560 thread:1
allocated block device:0x4006a41eac00 size:512 thread:1
allocated block device:0x4006a41eae00 size:512 thread:1
allocated block device:0x4006a41eb000 size:512 thread:1
allocated block device:0x4006a41eb200 size:512 thread:1
allocated block device:0x4006a41eb400 size:512 thread:1
allocated block device:0x4006a41eb600 size:512 thread:1
allocated block device:0x4006a41eb800 size:512 thread:1
allocated block device:0x4006a41eba00 size:512 thread:1
allocated block device:0x4006a41ebc00 size:1536 thread:1
allocated block device:0x4006a41ec200 size:1536 thread:1
allocated block device:0x4006a41ec800 size:512 thread:1
allocated block device:0x4006a41eca00 size:2560 thread:1
allocated block device:0x4006a41ed400 size:6144 thread:1
allocated block device:0x4006a41eec00 size:28672 thread:1
allocated block device:0x4006a41f5c00 size:40448 thread:1
allocated block device:0x4006a41ffa00 size:512 thread:1
allocated block device:0x4006a4200000 size:1821184 thread:1
allocated block device:0x4006a43bca00 size:180224 thread:1
allocated block device:0x4006a43e8a00 size:8192 thread:1
allocated block device:0x4006a43eaa00 size:8192 thread:1
allocated block device:0x4006a43eca00 size:40448 thread:1
allocated block device:0x4006a43f6800 size:8192 thread:1
allocated block device:0x4006a43fb400 size:2560 thread:1
allocated block device:0x4006a43fbe00 size:3072 thread:1
allocated block device:0x4006a43fca00 size:3072 thread:1
allocated block device:0x4006a4400000 size:7284736 thread:1
allocated block device:0x4006a4c00000 size:7284736 thread:1
allocated block device:0x4006a5400000 size:45593600 thread:1
allocated block device:0x4006a8000000 size:230400000 thread:1
allocated block device:0x4006bcc00000 size:7284736 thread:1
allocated block device:0x4006c0000000 size:807412224 thread:1
allocated block device:0x4006f0400000 size:230400000 thread:1
allocated block device:0x400720000000 size:230400000 thread:1
allocated block device:0x40072dc00000 size:230400000 thread:1
allocated block device:0x40073b85fa00 size:921600 thread:1
allocated block device:0x40073b940a00 size:462336 thread:1
allocated block device:0x40073b9cb600 size:98304 thread:1
allocated block device:0x40073b9e3600 size:98304 thread:1
allocated block device:0x40073ba00000 size:2799616 thread:1
allocated block device:0x40073be00000 size:7962624 thread:1
allocated block device:0x400eace00000 size:14400000 thread:1
allocated block device:0x400eaf800000 size:14400000 thread:1
allocated block device:0x400eb2200000 size:230400000 thread:1
allocated block device:0x400f63400000 size:3614720 thread:1
allocated block device:0x400f63800000 size:3614720 thread:1
allocated block device:0x400f63c00000 size:3614720 thread:1
allocated block device:0x400f64000000 size:3614720 thread:1
allocated block device:0x400f64400000 size:453632 thread:1
allocated block device:0x400f6446ec00 size:453632 thread:1
allocated block device:0x400f6459d800 size:393216 thread:1
allocated block device:0x400f645fd800 size:2048 thread:1
allocated block device:0x400f64600000 size:2799616 thread:1
allocated block device:0x400f64a00000 size:14400000 thread:1
allocated block device:0x400f65800000 size:28917760 thread:1
allocated block device:0x4010a3400000 size:230400000 thread:1
allocated block device:0x4010b1000000 size:230400000 thread:1
allocated block device:0x4010e3400000 size:230400000 thread:1
allocated block device:0x4010f1000000 size:230400000 thread:1
allocated block device:0x401123400000 size:29138944 thread:1
allocated block device:0x401125000000 size:29138944 thread:1
allocated block device:0x401126c00000 size:393216 thread:1
allocated block device:0x401126e00000 size:233111552 thread:1
allocated block device:0x401134e00000 size:3145728 thread:1
allocated block device:0x401135200000 size:14569472 thread:1
Accelerator Fatal Error: call to cuMemAlloc returned error 2 (CUDA_ERROR_OUT_OF_MEMORY): Out of memory
 File: /lus/lfs1aip2/projects/u6cb/software/VASP/vasp.6.5.1/build/gam/hamil.f90
 Function: hamiltmu:978
 Line: 1005

Out of memory allocating 921600000 bytes of device memory
Failing in Thread:1
total/free CUDA memory: 102005473280/630128640
Present table dump for device[1]: NVIDIA Tesla GPU 0, compute capability 9.0, threadid=1
Hint: specify 0x800 bit in NV_ACC_DEBUG for verbose info.
host:0x2557280 device:0x400603df6600 size:32 presentcount:0+3 line:643 name:var%comm
host:0x25572a0 device:0x40037e3ffa00 size:32 presentcount:0+4 line:652 name:var%comm_kinter
host:0x25572c0 device:0x40037e3ffc00 size:32 presentcount:0+6 line:655 name:var%comm_kin
host:0x25572e0 device:0x40037e3ff400 size:32 presentcount:0+3 line:646 name:var%comm_inter
host:0x2557300 device:0x40037e3ff600 size:32 presentcount:0+7 line:649 name:var%comm_inb
host:0x256be80 device:0x40037a0ecd00 size:8 presentcount:0+1 line:-1 name:_setexm_struct_def_21
host:0x2576f40 device:0x40037a0ece00 size:28 presentcount:0+1 line:-1 name:_ml_ff_constant_21
host:0x2577c80 device:0x40037a0ecf00 size:30437 presentcount:0+1 line:-1 name:_ml_ff_taglist_21
host:0x25afc80 device:0x40037a0f4600 size:8 presentcount:0+1 line:-1 name:_mopenacc_tutor_21
host:0x25c2740 device:0x40037a0f4a00 size:32 presentcount:0+1 line:-1 name:_mbj_21
host:0x25cd640 device:0x40037a0f4d00 size:8 presentcount:0+1 line:-1 name:_sym_prec_21
host:0x26030c0 device:0x40037a0f4e00 size:344 presentcount:0+1 line:-1 name:_tet_21
host:0x261c840 device:0x40037a0f5000 size:392 presentcount:0+1 line:-1 name:_mymath_21
host:0x2817368 device:0x400603dbd200 size:4800 presentcount:0+2 line:614 name:var
host:0x2818628 device:0x400603df4a00 size:1984 presentcount:0+2 line:403 name:var
host:0x281a910 device:0x40051c5ff400 size:864 presentcount:0+4 line:2639 name:hamiltonian
host:0x286ac80 device:0x400603dfe000 size:2712 presentcount:0+2 line:428 name:var
host:0x286b718 device:0x40037e3f0600 size:2248 presentcount:0+1 line:742 name:var
host:0x286eb50 device:0x4006041ff400 size:288 presentcount:0+1 line:195 name:latt_cur
host:0x2871658 device:0x40037e3fb200 size:5088 presentcount:0+28 line:517 name:var
host:0x2872a38 device:0x4004a63fa000 size:5088 presentcount:0+6 line:517 name:var
host:0x2873e18 device:0x400603ff9600 size:5088 presentcount:0+7 line:517 name:var
host:0x287a2a8 device:0x4006041eb400 size:304 presentcount:0+1 line:567 name:var
host:0x287a3d8 device:0x4006041ec200 size:304 presentcount:0+1 line:567 name:var
host:0x2e48ec0 device:0x40037a002600 size:960024 presentcount:0+1 line:-1 name:_setexm_struct_def_16
host:0x2f8f080 device:0x40037a0f4700 size:580 presentcount:0+1 line:-1 name:_wpbe_16
host:0x2f8f900 device:0x40037a0f4b00 size:288 presentcount:0+1 line:-1 name:_mbj_16
host:0x9f446c0 device:0x40037a0f5200 size:624 presentcount:0+1 line:-1 name:_mlr_optic_16
host:0x257a4e60 device:0x400603dbf000 size:1000 presentcount:0+4 line:519 name:var%lpctz(:)
host:0x257a7e70 device:0x4006041ea600 size:260 presentcount:0+1 line:499 name:var%ni(:)
host:0x257a8160 device:0x4006041ea800 size:260 presentcount:0+1 line:499 name:var%ptri(:)
host:0x2584f260 device:0x400603dff200 size:24 presentcount:0+3 line:616 name:var%vkpt(:,:)
host:0x2584f2a0 device:0x400603dff400 size:8 presentcount:0+2 line:616 name:var%wtkpt(:)
host:0x2584f2d0 device:0x400603dfee00 size:8 presentcount:0+3 line:616 name:var%nityp(:)
host:0x2584f490 device:0x400603dbd000 size:16 presentcount:0+2 line:430 name:var%psrmax(:)
host:0x2584f4d0 device:0x400603dfec00 size:8 presentcount:0+3 line:616 name:var%lmmax(:)
host:0x2584f500 device:0x400603dff000 size:8 presentcount:0+3 line:616 name:var%nt_global(:)
host:0x2584f530 device:0x400603dff800 size:4 presentcount:0+2 line:616 name:var%nplwkp(:)
host:0x2584f560 device:0x400603dffa00 size:4 presentcount:0+2 line:616 name:var%nplwkp_tot(:)
host:0x2584f590 device:0x400603dffc00 size:4 presentcount:0+2 line:616 name:var%ngvector_pos(:)
host:0x2584f5c0 device:0x400603dff600 size:4 presentcount:0+2 line:616 name:var%ngvector(:)
host:0x2584f5f0 device:0x400603df5200 size:8 presentcount:0+2 line:616 name:var%nb_totk(:,:)
host:0x2584f620 device:0x400603dffe00 size:4 presentcount:0+2 line:616 name:var%luseinv(:)
host:0x2584f650 device:0x400603dbcc00 size:4 presentcount:0+2 line:616 name:var%at_gamma(:)
host:0x2584f680 device:0x400603ff9400 size:8 presentcount:0+2 line:405 name:var%lmmax(:)
host:0x2584f6b0 device:0x40037e3ffe00 size:8 presentcount:0+2 line:430 name:var%lmax(:)
host:0x2584f6e0 device:0x400603dbca00 size:8 presentcount:0+2 line:430 name:var%lmmax(:)
host:0x2584f710 device:0x400603dbce00 size:8 presentcount:0+2 line:430 name:var%channels(:)
host:0x2584f740 device:0x4006041eb200 size:4 presentcount:0+1 line:499 name:var%tbli(:)
host:0x25f239b0 device:0x4004a63fd000 size:528 presentcount:0+1 line:480 name:var
host:0x25f24250 device:0x4006041ea200 size:260 presentcount:0+1 line:499 name:var%n(:)
host:0x29f70210 device:0x40055c3ffe00 size:400 presentcount:0+2 line:464 name:var
host:0x29f703a0 device:0x40037e3fc800 size:400 presentcount:0+2 line:464 name:var
host:0x2e63de80 device:0x40037e3ff800 size:8 presentcount:0+4 line:405 name:var%nityp(:)
host:0x2eaffe90 device:0x4006041ea400 size:260 presentcount:0+1 line:499 name:var%ptr(:)
host:0x2efbacb0 device:0x4006041ee600 size:28464 presentcount:0+1 line:853 name:var(:)
host:0x2efcd410 device:0x4006043eca00 size:40000 presentcount:0+1 line:857 name:var%psp(:,:)
host:0x2efd7080 device:0x4006043f6800 size:8000 presentcount:0+1 line:857 name:var%psprho(:)
host:0x2efda310 device:0x400603ff1e00 size:24000 presentcount:0+2 line:466 name:var%psprnl(:,:,:)
host:0x2f009cf0 device:0x400603fe9c00 size:4320 presentcount:0+4 line:405 name:var%ityp(:)
host:0x2f00ae00 device:0x400603df7a00 size:25920 presentcount:0+4 line:405 name:var%posion(:,:)
host:0x2f04dfd0 device:0x4006043e8a00 size:8000 presentcount:0+1 line:857 name:var%pspcor(:)
host:0x2f04ff40 device:0x4006043eaa00 size:8000 presentcount:0+1 line:857 name:var%psprho(:)
host:0x2f053ab0 device:0x4006041f5600 size:40000 presentcount:0+1 line:857 name:var%psp(:,:)
host:0x2f05d720 device:0x400603fec000 size:24000 presentcount:0+2 line:466 name:var%psprnl(:,:,:)
host:0x2f09d7d0 device:0x40037e3fc600 size:24 presentcount:0+3 line:466 name:var%lps(:)
host:0x2f09d880 device:0x40037e3fca00 size:24 presentcount:0+3 line:466 name:var%lps(:)
host:0x2f22fef0 device:0x400603fe8a00 size:4320 presentcount:0+3 line:616 name:var%ityp(:)
host:0x2f231000 device:0x400603df6800 size:4320 presentcount:0+3 line:616 name:var%npro_pos(:)
host:0x2f232110 device:0x400603df5400 size:4324 presentcount:0+3 line:616 name:var%lmbase(:)
host:0x2f233220 device:0x400603dbe600 size:1280 presentcount:0+4 line:519 name:var%lpctx(:)
host:0x2f233750 device:0x400603dbec00 size:720 presentcount:0+4 line:519 name:var%lpcty(:)
host:0x2f233a50 device:0x400603dbf400 size:1280 presentcount:0+4 line:519 name:var%lpctx_(:)
host:0x2f233f80 device:0x400603dbfa00 size:720 presentcount:0+4 line:519 name:var%lpcty_(:)
host:0x2f234280 device:0x400603dbfe00 size:1000 presentcount:0+4 line:519 name:var%lpctz_(:)
host:0x2f234690 device:0x4004a63fb400 size:1280 presentcount:0+1 line:519 name:var%lpctx(:)
host:0x2f234bc0 device:0x4004a63fba00 size:720 presentcount:0+1 line:519 name:var%lpcty(:)
host:0x2f234ec0 device:0x4004a63fbe00 size:1000 presentcount:0+1 line:519 name:var%lpctz(:)
host:0x2f2352d0 device:0x4004a63fc200 size:1280 presentcount:0+1 line:519 name:var%lpctx_(:)
host:0x2f235800 device:0x4004a63fc800 size:720 presentcount:0+1 line:519 name:var%lpcty_(:)
host:0x2f235b00 device:0x4004a63fcc00 size:1000 presentcount:0+1 line:519 name:var%lpctz_(:)
host:0x2f235f10 device:0x400603ff7c00 size:2560 presentcount:0+1 line:519 name:var%lpctx(:)
host:0x2f236940 device:0x400603ffaa00 size:1440 presentcount:0+1 line:519 name:var%lpcty(:)
host:0x2f236f10 device:0x400603ff8800 size:2000 presentcount:0+1 line:519 name:var%lpctz(:)
host:0x2f237710 device:0x400603ffb000 size:2560 presentcount:0+1 line:519 name:var%lpctx_(:)
host:0x2f238140 device:0x400603ffba00 size:1440 presentcount:0+1 line:519 name:var%lpcty_(:)
host:0x2f238710 device:0x400603ffc000 size:2000 presentcount:0+1 line:519 name:var%lpctz_(:)
host:0x2f32bd70 device:0x400603ffc800 size:5648 presentcount:0+1 line:482 name:var%i2(:)
host:0x2f32d3b0 device:0x400603ffe000 size:5648 presentcount:0+1 line:482 name:var%i3(:)
host:0x2f32e9f0 device:0x4004a63f4c00 size:10040 presentcount:0+1 line:482 name:var%i2(:)
host:0x2f331150 device:0x4004a63f7400 size:10040 presentcount:0+1 line:482 name:var%i3(:)
host:0x2f3338b0 device:0x4004a63ed800 size:14400 presentcount:0+2 line:482 name:var%i2(:)
host:0x2f337120 device:0x4004a63f1200 size:14400 presentcount:0+2 line:482 name:var%i3(:)
host:0x2f33adb0 device:0x40069b85fa00 size:921600 presentcount:0+2 line:482 name:var%index(:,:)
host:0x2f41bde0 device:0x4006041ec400 size:2560 presentcount:0+1 line:569 name:var%ind1(:)
host:0x2f41c810 device:0x4006041ece00 size:5648 presentcount:0+1 line:569 name:var%indcol(:)
host:0x2f41de50 device:0x4004a63fd400 size:5648 presentcount:0+1 line:482 name:var%i2(:)
host:0x2f41f490 device:0x4006041e8a00 size:5648 presentcount:0+1 line:482 name:var%i3(:)
host:0x2f420ad0 device:0x4004a63fec00 size:2520 presentcount:0+1 line:482 name:var%i2(:)
host:0x2f4214d0 device:0x4004a63ff600 size:2520 presentcount:0+1 line:482 name:var%i3(:)
host:0x2f45a300 device:0x4006041eac00 size:260 presentcount:0+1 line:499 name:var%ptr(:)
host:0x2f45a430 device:0x4006041eaa00 size:260 presentcount:0+1 line:499 name:var%n(:)
host:0x2f45a560 device:0x4006041eb000 size:260 presentcount:0+1 line:499 name:var%ptri(:)
host:0x2f45a690 device:0x4006041eae00 size:260 presentcount:0+1 line:499 name:var%ni(:)
host:0x2f45b4b0 device:0x40037e3fde00 size:260 presentcount:0+1 line:499 name:var%n(:)
host:0x2f45b6b0 device:0x400603fffa00 size:260 presentcount:0+1 line:499 name:var%ptri(:)
host:0x2f45b7e0 device:0x400603fff800 size:260 presentcount:0+1 line:499 name:var%ni(:)
host:0x2f45b910 device:0x400603fffe00 size:260 presentcount:0+1 line:499 name:var%ptr(:)
host:0x2f45ba40 device:0x400603fffc00 size:260 presentcount:0+1 line:499 name:var%n(:)
host:0x2f45bb70 device:0x4004a63f9e00 size:260 presentcount:0+1 line:499 name:var%ptri(:)
host:0x2f45bca0 device:0x4004a63f9c00 size:260 presentcount:0+1 line:499 name:var%ni(:)
host:0x2f45bf80 device:0x4006041eb600 size:1280 presentcount:0+1 line:569 name:var%ind1(:)
host:0x2f45c4b0 device:0x4006041ebc00 size:1388 presentcount:0+1 line:569 name:var%indcol(:)
host:0x2f45ca50 device:0x4004a6338600 size:180000 presentcount:0+4 line:482 name:var%i2(:)
host:0x2f4889a0 device:0x4004a6364600 size:180000 presentcount:0+4 line:482 name:var%i3(:)
host:0x2f4b48f0 device:0x400603dc8a00 size:180000 presentcount:0+8 line:482 name:var%index(:,:)
host:0x2f4e0840 device:0x4006043bca00 size:180000 presentcount:0+8 line:482 name:var%i2(:)
host:0x2f50c790 device:0x4004a6391800 size:180000 presentcount:0+8 line:482 name:var%i3(:)
host:0x2f538d10 device:0x400603e00000 size:1821184 presentcount:0+3 line:616 name:var%nindpw(:,:)
host:0x2f6f5740 device:0x400603fbca00 size:180000 presentcount:0+3 line:616 name:var%pl_index(:,:)
host:0x2f721690 device:0x4006041bca00 size:180000 presentcount:0+3 line:616 name:var%pl_col(:,:)
host:0x2f74d5e0 device:0x400603feae00 size:4324 presentcount:0+2 line:405 name:var%lmbase(:)
host:0x2f74e6f0 device:0x40055c3ffc00 size:16 presentcount:0+2 line:430 name:var%rsmooth(:)
host:0x2f74e730 device:0x40037e3fcc00 size:4320 presentcount:0+2 line:430 name:var%nlimax(:)
host:0x2f74f840 device:0x40037e3fe000 size:4324 presentcount:0+2 line:430 name:var%lmbase(:)
host:0x2f750950 device:0x4004a6390600 size:4324 presentcount:0+2 line:430 name:var%nlibase(:)
host:0x2f751a60 device:0x400603dc0200 size:17132 presentcount:0+4 line:519 name:var%nindpwconjg(:)
host:0x2f755d80 device:0x400603dc4600 size:17132 presentcount:0+4 line:519 name:var%ind_in_sphere(:)
host:0x2f75f480 device:0x40037e3ff200 size:260 presentcount:0+1 line:499 name:var%ptr(:)
host:0x2f8a5650 device:0x400604c00000 size:7284736 presentcount:0+3 line:616 name:var%datake(:,:,:)
host:0x2ff988d0 device:0x400604000000 size:1821184 presentcount:0+3 line:616 name:var%igx(:,:)
host:0x30155f60 device:0x400603c00000 size:1821184 presentcount:0+3 line:616 name:var%igy(:,:)
host:0x30313800 device:0x400604200000 size:1821184 presentcount:0+3 line:616 name:var%igz(:,:)
host:0x304d16d0 device:0x40061cc00000 size:7284272 presentcount:0+4 line:519 name:var%fftsca(:,:)
host:0x30bfc160 device:0x40069b940a00 size:444160 presentcount:0+1 line:499 name:var%tbl(:)
host:0x30cd4fc0 device:0x400f04400000 size:453600 presentcount:0+1 line:499 name:var%tbli(:)
host:0x30d43bd0 device:0x400f0446ec00 size:453600 presentcount:0+1 line:499 name:var%tbl(:)
host:0x30ec4ac0 device:0x400f03400000 size:3614720 presentcount:0+1 line:499 name:var%tbl(:)
host:0x3123b2e0 device:0x400f04600000 size:2799360 presentcount:0+2 line:194 name:cqij(:,:,:,:)
host:0x315aceb0 device:0x400f03800000 size:3614400 presentcount:0+1 line:499 name:var%tbli(:)
host:0x31921280 device:0x400f03c00000 size:3614400 presentcount:0+1 line:499 name:var%tbl(:)
host:0x31e524f0 device:0x4004a631a000 size:41472 presentcount:0+2 line:746 name:var%fertot(:,:,:)
host:0x31e72420 device:0x40037e3f1000 size:41472 presentcount:0+1 line:746 name:var%auxtot(:,:,:)
host:0x31e80030 device:0x4004a6324200 size:82944 presentcount:0+2 line:746 name:var%celtot(:,:,:)
host:0x3200a050 device:0x400f04000000 size:3614400 presentcount:0+1 line:499 name:var%tbli(:)
host:0x33153c00 device:0x40069ba00000 size:2799360 presentcount:0+2 line:194 name:cdij(:,:,:,:)
host:0x33aeea30 device:0x40069be00000 size:7962624 presentcount:0+5 line:746 name:var%gproj(:,:,:,:)
host:0x34562ec0 device:0x4004a63d5800 size:98304 presentcount:0+1 line:1101 name:w1%gproj(:)
host:0x345e1630 device:0x400f045fd800 size:2048 presentcount:0+1 line:179 name:w1(:)
host:0x345e1e50 device:0x4006043fb800 size:2048 presentcount:0+1 line:179 name:wtmp(:)
host:0x34769280 device:0x400f0459d800 size:393216 presentcount:0+2 line:1226 name:wa%gproj(:,:)
host:0x347c92b0 device:0x401046c00000 size:393216 presentcount:0+2 line:1226 name:wa%gproj(:,:)
host:0x348292e0 device:0x4004a63bd800 size:98304 presentcount:0+1 line:1101 name:w1%gproj(:)
host:0x34841310 device:0x40069b9c7000 size:98304 presentcount:0+1 line:1101 name:w1%gproj(:)
host:0x34859340 device:0x40069b9df000 size:98304 presentcount:0+1 line:1101 name:w1%gproj(:)
host:0x3d344750 device:0x401054e00000 size:3145728 presentcount:0+2 line:1226 name:wa%gproj(:,:)
host:0x42470fe0 device:0x401055a00000 size:14569472 presentcount:0+1 line:202 name:precon(:,:)
host:0x4325d5a0 device:0x400604400000 size:7284736 presentcount:0+1 line:1101 name:w1%cptwfp(:)
host:0x43957990 device:0x400603400000 size:7284736 presentcount:0+1 line:1101 name:w1%cptwfp(:)
host:0x440523b0 device:0x400ecce00000 size:7284736 presentcount:0+1 line:1101 name:w1%cptwfp(:)
host:0x44744df0 device:0x401055200000 size:7284736 presentcount:0+1 line:1101 name:w1%cptwfp(:)
host:0x4003bc0010a0 device:0x400605400000 size:45593280 presentcount:0+2 line:430 name:var%nli(:,:)
host:0x4004170e35c0 device:0x400f04a00000 size:14400000 presentcount:0+1 line:195 name:dencor(:)
host:0x400418c739e0 device:0x400f05800000 size:28917760 presentcount:0+1 line:195 name:cstrf(:,:)
host:0x4004c00012b0 device:0x400620000000 size:807411968 presentcount:0+2 line:430 name:var%rproj(:)
host:0x4004f02131a0 device:0x400680000000 size:230400000 presentcount:0+2 line:194 name:sv(:,:)
host:0x4005a0004a60 device:0x4005e0000000 size:590063616 presentcount:0+5 line:746 name:var%cptwfp(:,:,:,:)
host:0x4005c32c6d70 device:0x401043400000 size:29138944 presentcount:0+2 line:1226 name:wa%cptwfp(:,:)
host:0x4005c4ea6f80 device:0x401045000000 size:29138944 presentcount:0+2 line:1226 name:wa%cptwfp(:,:)
host:0x400660007190 device:0x401046e00000 size:233111552 presentcount:0+2 line:1226 name:wa%cptwfp(:,:)
host:0x40066de677c0 device:0x400ee5e00000 size:230400000 presentcount:0+1 line:1101 name:w1%cr(:)
host:0x4006a00079d0 device:0x400650400000 size:230400000 presentcount:0+1 line:1236 name:w1%cr(:)
host:0x4006adbd7df0 device:0x40068dc00000 size:230400000 presentcount:0+1 line:1101 name:w1%cr(:)
host:0x4006bb7a8000 device:0x400608000000 size:230400000 presentcount:0+1 line:1236 name:w1%cr(:)
host:0x4006c9378420 device:0x401003400000 size:230400000 presentcount:0+1 line:1101 name:w1%cr(:)
host:0x4007032c0020 device:0x401011000000 size:230400000 presentcount:0+1 line:1236 name:w1%cr(:)
host:0x400710e80440 device:0x400fc3400000 size:230400000 presentcount:0+1 line:1101 name:w1%cr(:)
host:0x400c60000650 device:0x400fd1000000 size:230400000 presentcount:0+1 line:1236 name:w1%cr(:)
host:0xfffffde924e0 device:0x4006043fc400 size:3024 presentcount:0+12 line:682 name:var
host:0xfffffde930b0 device:0x40051c5ff800 size:1480 presentcount:0+1 line:174 name:w_ini
host:0xfffffde93680 device:0x4006043fae00 size:1480 presentcount:0+1 line:174 name:wopt
host:0xfffffde93c50 device:0x40055c3ff400 size:1480 presentcount:0+1 line:174 name:wtmpa
allocated block device:0x40037e3f0600 size:2560 thread:1
allocated block device:0x40037e3f1000 size:41472 thread:1
allocated block device:0x40037e3fb200 size:5120 thread:1
allocated block device:0x40037e3fc600 size:512 thread:1
allocated block device:0x40037e3fc800 size:512 thread:1
allocated block device:0x40037e3fca00 size:512 thread:1
allocated block device:0x40037e3fcc00 size:4608 thread:1
allocated block device:0x40037e3fde00 size:512 thread:1
allocated block device:0x40037e3fe000 size:4608 thread:1
allocated block device:0x40037e3ff200 size:512 thread:1
allocated block device:0x40037e3ff400 size:512 thread:1
allocated block device:0x40037e3ff600 size:512 thread:1
allocated block device:0x40037e3ff800 size:512 thread:1
allocated block device:0x40037e3ffa00 size:512 thread:1
allocated block device:0x40037e3ffc00 size:512 thread:1
allocated block device:0x40037e3ffe00 size:512 thread:1
allocated block device:0x4004a631a000 size:41472 thread:1
allocated block device:0x4004a6324200 size:82944 thread:1
allocated block device:0x4004a6338600 size:180224 thread:1
allocated block device:0x4004a6364600 size:180224 thread:1
allocated block device:0x4004a6390600 size:4608 thread:1
allocated block device:0x4004a6391800 size:180224 thread:1
allocated block device:0x4004a63bd800 size:98304 thread:1
allocated block device:0x4004a63d5800 size:98304 thread:1
allocated block device:0x4004a63ed800 size:14848 thread:1
allocated block device:0x4004a63f1200 size:14848 thread:1
allocated block device:0x4004a63f4c00 size:10240 thread:1
allocated block device:0x4004a63f7400 size:10240 thread:1
allocated block device:0x4004a63f9c00 size:512 thread:1
allocated block device:0x4004a63f9e00 size:512 thread:1
allocated block device:0x4004a63fa000 size:5120 thread:1
allocated block device:0x4004a63fb400 size:1536 thread:1
allocated block device:0x4004a63fba00 size:1024 thread:1
allocated block device:0x4004a63fbe00 size:1024 thread:1
allocated block device:0x4004a63fc200 size:1536 thread:1
allocated block device:0x4004a63fc800 size:1024 thread:1
allocated block device:0x4004a63fcc00 size:1024 thread:1
allocated block device:0x4004a63fd000 size:1024 thread:1
allocated block device:0x4004a63fd400 size:6144 thread:1
allocated block device:0x4004a63fec00 size:2560 thread:1
allocated block device:0x4004a63ff600 size:2560 thread:1
allocated block device:0x40051c5ff400 size:1024 thread:1
allocated block device:0x40051c5ff800 size:1536 thread:1
allocated block device:0x40055c3ff400 size:2048 thread:1
allocated block device:0x40055c3ffc00 size:512 thread:1
allocated block device:0x40055c3ffe00 size:512 thread:1
allocated block device:0x4005e0000000 size:590063616 thread:1
allocated block device:0x400603400000 size:7962624 thread:1
allocated block device:0x400603c00000 size:1821184 thread:1
allocated block device:0x400603dbca00 size:512 thread:1
allocated block device:0x400603dbcc00 size:512 thread:1
allocated block device:0x400603dbce00 size:512 thread:1
allocated block device:0x400603dbd000 size:512 thread:1
allocated block device:0x400603dbd200 size:5120 thread:1
allocated block device:0x400603dbe600 size:1536 thread:1
allocated block device:0x400603dbec00 size:1024 thread:1
allocated block device:0x400603dbf000 size:1024 thread:1
allocated block device:0x400603dbf400 size:1536 thread:1
allocated block device:0x400603dbfa00 size:1024 thread:1
allocated block device:0x400603dbfe00 size:1024 thread:1
allocated block device:0x400603dc0200 size:17408 thread:1
allocated block device:0x400603dc4600 size:17408 thread:1
allocated block device:0x400603dc8a00 size:180224 thread:1
allocated block device:0x400603df4a00 size:2048 thread:1
allocated block device:0x400603df5200 size:512 thread:1
allocated block device:0x400603df5400 size:4608 thread:1
allocated block device:0x400603df6600 size:512 thread:1
allocated block device:0x400603df6800 size:4608 thread:1
allocated block device:0x400603df7a00 size:26112 thread:1
allocated block device:0x400603dfe000 size:3072 thread:1
allocated block device:0x400603dfec00 size:512 thread:1
allocated block device:0x400603dfee00 size:512 thread:1
allocated block device:0x400603dff000 size:512 thread:1
allocated block device:0x400603dff200 size:512 thread:1
allocated block device:0x400603dff400 size:512 thread:1
allocated block device:0x400603dff600 size:512 thread:1
allocated block device:0x400603dff800 size:512 thread:1
allocated block device:0x400603dffa00 size:512 thread:1
allocated block device:0x400603dffc00 size:512 thread:1
allocated block device:0x400603dffe00 size:512 thread:1
allocated block device:0x400603e00000 size:1821184 thread:1
allocated block device:0x400603fbca00 size:180224 thread:1
allocated block device:0x400603fe8a00 size:4608 thread:1
allocated block device:0x400603fe9c00 size:4608 thread:1
allocated block device:0x400603feae00 size:4608 thread:1
allocated block device:0x400603fec000 size:24064 thread:1
allocated block device:0x400603ff1e00 size:24064 thread:1
allocated block device:0x400603ff7c00 size:3072 thread:1
allocated block device:0x400603ff8800 size:3072 thread:1
allocated block device:0x400603ff9400 size:512 thread:1
allocated block device:0x400603ff9600 size:5120 thread:1
allocated block device:0x400603ffaa00 size:1536 thread:1
allocated block device:0x400603ffb000 size:2560 thread:1
allocated block device:0x400603ffba00 size:1536 thread:1
allocated block device:0x400603ffc000 size:2048 thread:1
allocated block device:0x400603ffc800 size:6144 thread:1
allocated block device:0x400603ffe000 size:6144 thread:1
allocated block device:0x400603fff800 size:512 thread:1
allocated block device:0x400603fffa00 size:512 thread:1
allocated block device:0x400603fffc00 size:512 thread:1
allocated block device:0x400603fffe00 size:512 thread:1
allocated block device:0x400604000000 size:1821184 thread:1
allocated block device:0x4006041bca00 size:180224 thread:1
allocated block device:0x4006041e8a00 size:6144 thread:1
allocated block device:0x4006041ea200 size:512 thread:1
allocated block device:0x4006041ea400 size:512 thread:1
allocated block device:0x4006041ea600 size:512 thread:1
allocated block device:0x4006041ea800 size:512 thread:1
allocated block device:0x4006041eaa00 size:512 thread:1
allocated block device:0x4006041eac00 size:512 thread:1
allocated block device:0x4006041eae00 size:512 thread:1
allocated block device:0x4006041eb000 size:512 thread:1
allocated block device:0x4006041eb200 size:512 thread:1
allocated block device:0x4006041eb400 size:512 thread:1
allocated block device:0x4006041eb600 size:1536 thread:1
allocated block device:0x4006041ebc00 size:1536 thread:1
allocated block device:0x4006041ec200 size:512 thread:1
allocated block device:0x4006041ec400 size:2560 thread:1
allocated block device:0x4006041ece00 size:6144 thread:1
allocated block device:0x4006041ee600 size:28672 thread:1
allocated block device:0x4006041f5600 size:40448 thread:1
allocated block device:0x4006041ff400 size:512 thread:1
allocated block device:0x400604200000 size:1821184 thread:1
allocated block device:0x4006043bca00 size:180224 thread:1
allocated block device:0x4006043e8a00 size:8192 thread:1
allocated block device:0x4006043eaa00 size:8192 thread:1
allocated block device:0x4006043eca00 size:40448 thread:1
allocated block device:0x4006043f6800 size:8192 thread:1
allocated block device:0x4006043fae00 size:2560 thread:1
allocated block device:0x4006043fb800 size:3072 thread:1
allocated block device:0x4006043fc400 size:3072 thread:1
allocated block device:0x400604400000 size:7284736 thread:1
allocated block device:0x400604c00000 size:7284736 thread:1
allocated block device:0x400605400000 size:45593600 thread:1
allocated block device:0x400608000000 size:230400000 thread:1
allocated block device:0x40061cc00000 size:7284736 thread:1
allocated block device:0x400620000000 size:807412224 thread:1
allocated block device:0x400650400000 size:230400000 thread:1
allocated block device:0x400680000000 size:230400000 thread:1
allocated block device:0x40068dc00000 size:230400000 thread:1
allocated block device:0x40069b85fa00 size:921600 thread:1
allocated block device:0x40069b940a00 size:444416 thread:1
allocated block device:0x40069b9c7000 size:98304 thread:1
allocated block device:0x40069b9df000 size:98304 thread:1
allocated block device:0x40069ba00000 size:2799616 thread:1
allocated block device:0x40069be00000 size:7962624 thread:1
allocated block device:0x400ecce00000 size:14400000 thread:1
allocated block device:0x400ee5e00000 size:230400000 thread:1
allocated block device:0x400f03400000 size:3614720 thread:1
allocated block device:0x400f03800000 size:3614720 thread:1
allocated block device:0x400f03c00000 size:3614720 thread:1
allocated block device:0x400f04000000 size:3614720 thread:1
allocated block device:0x400f04400000 size:453632 thread:1
allocated block device:0x400f0446ec00 size:453632 thread:1
allocated block device:0x400f0459d800 size:393216 thread:1
allocated block device:0x400f045fd800 size:2048 thread:1
allocated block device:0x400f04600000 size:2799616 thread:1
allocated block device:0x400f04a00000 size:14400000 thread:1
allocated block device:0x400f05800000 size:28917760 thread:1
allocated block device:0x400fc3400000 size:230400000 thread:1
allocated block device:0x400fd1000000 size:230400000 thread:1
allocated block device:0x401003400000 size:230400000 thread:1
allocated block device:0x401011000000 size:230400000 thread:1
allocated block device:0x401043400000 size:29138944 thread:1
allocated block device:0x401045000000 size:29138944 thread:1
allocated block device:0x401046c00000 size:393216 thread:1
allocated block device:0x401046e00000 size:233111552 thread:1
allocated block device:0x401054e00000 size:3145728 thread:1
allocated block device:0x401055200000 size:7284736 thread:1
allocated block device:0x401055a00000 size:14569472 thread:1
Accelerator Fatal Error: call to cuMemAlloc returned error 2 (CUDA_ERROR_OUT_OF_MEMORY): Out of memory
 File: /lus/lfs1aip2/projects/u6cb/software/VASP/vasp.6.5.1/build/gam/hamil.f90
 Function: hamiltmu:978
 Line: 1005

Out of memory allocating 921600000 bytes of device memory
Failing in Thread:1
total/free CUDA memory: 102005473280/635174912
Present table dump for device[1]: NVIDIA Tesla GPU 0, compute capability 9.0, threadid=1
Hint: specify 0x800 bit in NV_ACC_DEBUG for verbose info.
host:0x2557280 device:0x400743df6600 size:32 presentcount:0+3 line:643 name:var%comm
host:0x25572a0 device:0x4004be5ffa00 size:32 presentcount:0+4 line:652 name:var%comm_kinter
host:0x25572c0 device:0x4004be5ffc00 size:32 presentcount:0+6 line:655 name:var%comm_kin
host:0x25572e0 device:0x4004be5ff400 size:32 presentcount:0+3 line:646 name:var%comm_inter
host:0x2557300 device:0x4004be5ff600 size:32 presentcount:0+7 line:649 name:var%comm_inb
host:0x256be80 device:0x4004ba0ecd00 size:8 presentcount:0+1 line:-1 name:_setexm_struct_def_21
host:0x2576f40 device:0x4004ba0ece00 size:28 presentcount:0+1 line:-1 name:_ml_ff_constant_21
host:0x2577c80 device:0x4004ba0ecf00 size:30437 presentcount:0+1 line:-1 name:_ml_ff_taglist_21
host:0x25afc80 device:0x4004ba0f4600 size:8 presentcount:0+1 line:-1 name:_mopenacc_tutor_21
host:0x25c2740 device:0x4004ba0f4a00 size:32 presentcount:0+1 line:-1 name:_mbj_21
host:0x25cd640 device:0x4004ba0f4d00 size:8 presentcount:0+1 line:-1 name:_sym_prec_21
host:0x26030c0 device:0x4004ba0f4e00 size:344 presentcount:0+1 line:-1 name:_tet_21
host:0x261c840 device:0x4004ba0f5000 size:392 presentcount:0+1 line:-1 name:_mymath_21
host:0x2817368 device:0x400743dbd200 size:4800 presentcount:0+2 line:614 name:var
host:0x2818628 device:0x400743df4a00 size:1984 presentcount:0+2 line:403 name:var
host:0x281a910 device:0x40065c3ff400 size:864 presentcount:0+4 line:2639 name:hamiltonian
host:0x286ac80 device:0x400743dfe000 size:2712 presentcount:0+2 line:428 name:var
host:0x286b718 device:0x4004be5f0600 size:2248 presentcount:0+1 line:742 name:var
host:0x286eb50 device:0x4007441ff400 size:288 presentcount:0+1 line:195 name:latt_cur
host:0x2871658 device:0x4004be5fb200 size:5088 presentcount:0+28 line:517 name:var
host:0x2872a38 device:0x4005ea1fa000 size:5088 presentcount:0+6 line:517 name:var
host:0x2873e18 device:0x400743ff9600 size:5088 presentcount:0+7 line:517 name:var
host:0x287a2a8 device:0x4007441eb400 size:304 presentcount:0+1 line:567 name:var
host:0x287a3d8 device:0x4007441ec200 size:304 presentcount:0+1 line:567 name:var
host:0x2e48ec0 device:0x4004ba002600 size:960024 presentcount:0+1 line:-1 name:_setexm_struct_def_16
host:0x2f8f080 device:0x4004ba0f4700 size:580 presentcount:0+1 line:-1 name:_wpbe_16
host:0x2f8f900 device:0x4004ba0f4b00 size:288 presentcount:0+1 line:-1 name:_mbj_16
host:0x9f446c0 device:0x4004ba0f5200 size:624 presentcount:0+1 line:-1 name:_mlr_optic_16
host:0x46904e60 device:0x400743dbf000 size:1000 presentcount:0+4 line:519 name:var%lpctz(:)
host:0x46907e30 device:0x4007441ea800 size:260 presentcount:0+1 line:499 name:var%ptri(:)
host:0x46908120 device:0x4007441ea200 size:260 presentcount:0+1 line:499 name:var%n(:)
host:0x469ec940 device:0x400743dff200 size:24 presentcount:0+3 line:616 name:var%vkpt(:,:)
host:0x469eca10 device:0x400743dff400 size:8 presentcount:0+2 line:616 name:var%wtkpt(:)
host:0x469eca40 device:0x400743dfee00 size:8 presentcount:0+3 line:616 name:var%nityp(:)
host:0x469ecb90 device:0x400743dbd000 size:16 presentcount:0+2 line:430 name:var%psrmax(:)
host:0x469ecbd0 device:0x400743dfec00 size:8 presentcount:0+3 line:616 name:var%lmmax(:)
host:0x469ecc00 device:0x400743dff000 size:8 presentcount:0+3 line:616 name:var%nt_global(:)
host:0x469ecc30 device:0x400743dff800 size:4 presentcount:0+2 line:616 name:var%nplwkp(:)
host:0x469ecc60 device:0x400743dffa00 size:4 presentcount:0+2 line:616 name:var%nplwkp_tot(:)
host:0x469ecc90 device:0x400743dffc00 size:4 presentcount:0+2 line:616 name:var%ngvector_pos(:)
host:0x469eccc0 device:0x400743dff600 size:4 presentcount:0+2 line:616 name:var%ngvector(:)
host:0x469eccf0 device:0x400743df5200 size:8 presentcount:0+2 line:616 name:var%nb_totk(:,:)
host:0x469ecd20 device:0x400743dffe00 size:4 presentcount:0+2 line:616 name:var%luseinv(:)
host:0x469ecd50 device:0x400743dbcc00 size:4 presentcount:0+2 line:616 name:var%at_gamma(:)
host:0x469ecd80 device:0x400743ff9400 size:8 presentcount:0+2 line:405 name:var%lmmax(:)
host:0x469ecdb0 device:0x4004be5ffe00 size:8 presentcount:0+2 line:430 name:var%lmax(:)
host:0x47acb330 device:0x4005ea1fd000 size:528 presentcount:0+1 line:480 name:var
host:0x4bd1bfc0 device:0x4004be5ff800 size:8 presentcount:0+4 line:405 name:var%nityp(:)
host:0x4c1ddfd0 device:0x4007441ea400 size:260 presentcount:0+1 line:499 name:var%ptr(:)
host:0x4c698cc0 device:0x4007441ee600 size:28464 presentcount:0+1 line:853 name:var(:)
host:0x4c6b2500 device:0x4007443eca00 size:40000 presentcount:0+1 line:857 name:var%psp(:,:)
host:0x4c6bc170 device:0x4007443f6800 size:8000 presentcount:0+1 line:857 name:var%psprho(:)
host:0x4c6bf550 device:0x400743ff1e00 size:24000 presentcount:0+2 line:466 name:var%psprnl(:,:,:)
host:0x4c6ef080 device:0x400743fe9c00 size:4320 presentcount:0+4 line:405 name:var%ityp(:)
host:0x4c6f0190 device:0x400743df7a00 size:25920 presentcount:0+4 line:405 name:var%posion(:,:)
host:0x4c733a20 device:0x4007441f5600 size:40000 presentcount:0+1 line:857 name:var%psp(:,:)
host:0x4c73d690 device:0x4007443e8a00 size:8000 presentcount:0+1 line:857 name:var%pspcor(:)
host:0x4c73f600 device:0x4007443eaa00 size:8000 presentcount:0+1 line:857 name:var%psprho(:)
host:0x4c742890 device:0x400743fec000 size:24000 presentcount:0+2 line:466 name:var%psprnl(:,:,:)
host:0x4c787db0 device:0x4004be5fc600 size:24 presentcount:0+3 line:466 name:var%lps(:)
host:0x4c787e60 device:0x4004be5fca00 size:24 presentcount:0+3 line:466 name:var%lps(:)
host:0x4c884350 device:0x400743fe8a00 size:4320 presentcount:0+3 line:616 name:var%ityp(:)
host:0x4c885460 device:0x400743df6800 size:4320 presentcount:0+3 line:616 name:var%npro_pos(:)
host:0x4c886570 device:0x400743df5400 size:4324 presentcount:0+3 line:616 name:var%lmbase(:)
host:0x4c887680 device:0x400743dbe600 size:1280 presentcount:0+4 line:519 name:var%lpctx(:)
host:0x4c887bb0 device:0x400743dbec00 size:720 presentcount:0+4 line:519 name:var%lpcty(:)
host:0x4c887eb0 device:0x400743dbf400 size:1280 presentcount:0+4 line:519 name:var%lpctx_(:)
host:0x4c8883e0 device:0x400743dbfa00 size:720 presentcount:0+4 line:519 name:var%lpcty_(:)
host:0x4c8886e0 device:0x400743dbfe00 size:1000 presentcount:0+4 line:519 name:var%lpctz_(:)
host:0x4c888af0 device:0x4005ea1fb400 size:1280 presentcount:0+1 line:519 name:var%lpctx(:)
host:0x4c889020 device:0x4005ea1fba00 size:720 presentcount:0+1 line:519 name:var%lpcty(:)
host:0x4c889320 device:0x4005ea1fbe00 size:1000 presentcount:0+1 line:519 name:var%lpctz(:)
host:0x4c889730 device:0x4005ea1fc200 size:1280 presentcount:0+1 line:519 name:var%lpctx_(:)
host:0x4c889c60 device:0x4005ea1fc800 size:720 presentcount:0+1 line:519 name:var%lpcty_(:)
host:0x4c889f60 device:0x4005ea1fcc00 size:1000 presentcount:0+1 line:519 name:var%lpctz_(:)
host:0x4c88a370 device:0x400743ff7c00 size:2560 presentcount:0+1 line:519 name:var%lpctx(:)
host:0x4c88ada0 device:0x400743ffaa00 size:1440 presentcount:0+1 line:519 name:var%lpcty(:)
host:0x4c88b370 device:0x400743ff8800 size:2000 presentcount:0+1 line:519 name:var%lpctz(:)
host:0x4c88bb70 device:0x400743ffb000 size:2560 presentcount:0+1 line:519 name:var%lpctx_(:)
host:0x4c88c5a0 device:0x400743ffba00 size:1440 presentcount:0+1 line:519 name:var%lpcty_(:)
host:0x4c88cb70 device:0x400743ffc000 size:2000 presentcount:0+1 line:519 name:var%lpctz_(:)
host:0x4c9801d0 device:0x400743ffc800 size:5648 presentcount:0+1 line:482 name:var%i2(:)
host:0x4c981810 device:0x400743ffe000 size:5648 presentcount:0+1 line:482 name:var%i3(:)
host:0x4c982e50 device:0x4005ea1f4c00 size:10040 presentcount:0+1 line:482 name:var%i2(:)
host:0x4c9855b0 device:0x4005ea1f7400 size:10040 presentcount:0+1 line:482 name:var%i3(:)
host:0x4c987d10 device:0x4005ea1ed800 size:14400 presentcount:0+2 line:482 name:var%i2(:)
host:0x4c98b580 device:0x4005ea1f1200 size:14400 presentcount:0+2 line:482 name:var%i3(:)
host:0x4c98f210 device:0x4007db85fa00 size:921600 presentcount:0+2 line:482 name:var%index(:,:)
host:0x4ca70240 device:0x4007441ec400 size:2560 presentcount:0+1 line:569 name:var%ind1(:)
host:0x4ca70c70 device:0x4007441ece00 size:5648 presentcount:0+1 line:569 name:var%indcol(:)
host:0x4ca722b0 device:0x4005ea1fd400 size:5648 presentcount:0+1 line:482 name:var%i2(:)
host:0x4ca738f0 device:0x4007441e8a00 size:5648 presentcount:0+1 line:482 name:var%i3(:)
host:0x4ca74f30 device:0x4005ea1fec00 size:2520 presentcount:0+1 line:482 name:var%i2(:)
host:0x4ca75930 device:0x4005ea1ff600 size:2520 presentcount:0+1 line:482 name:var%i3(:)
host:0x4ca76330 device:0x4004be5fcc00 size:4320 presentcount:0+2 line:430 name:var%nlimax(:)
host:0x4ca77440 device:0x4004be5fe000 size:4324 presentcount:0+2 line:430 name:var%lmbase(:)
host:0x4ca78550 device:0x4005ea190600 size:4324 presentcount:0+2 line:430 name:var%nlibase(:)
host:0x4ca79660 device:0x400743dc0200 size:17132 presentcount:0+4 line:519 name:var%nindpwconjg(:)
host:0x4ca7d980 device:0x400743dc4600 size:17132 presentcount:0+4 line:519 name:var%ind_in_sphere(:)
host:0x4cab03e0 device:0x4007441eb600 size:1280 presentcount:0+1 line:569 name:var%ind1(:)
host:0x4cab0910 device:0x4007441ebc00 size:1384 presentcount:0+1 line:569 name:var%indcol(:)
host:0x4cab0ea0 device:0x4005ea138600 size:180000 presentcount:0+4 line:482 name:var%i2(:)
host:0x4cadcdf0 device:0x4005ea164600 size:180000 presentcount:0+4 line:482 name:var%i3(:)
host:0x4cb08d40 device:0x400743dc8a00 size:180000 presentcount:0+8 line:482 name:var%index(:,:)
host:0x4cb34c90 device:0x4007443bca00 size:180000 presentcount:0+8 line:482 name:var%i2(:)
host:0x4cb60be0 device:0x4005ea191800 size:180000 presentcount:0+8 line:482 name:var%i3(:)
host:0x4cb8d160 device:0x400743e00000 size:1821184 presentcount:0+3 line:616 name:var%nindpw(:,:)
host:0x4cd49b90 device:0x400743fbca00 size:180000 presentcount:0+3 line:616 name:var%pl_index(:,:)
host:0x4cd75ae0 device:0x4007441bca00 size:180000 presentcount:0+3 line:616 name:var%pl_col(:,:)
host:0x4cda1a30 device:0x400743feae00 size:4324 presentcount:0+2 line:405 name:var%lmbase(:)
host:0x4cda2b40 device:0x400743dbca00 size:8 presentcount:0+2 line:430 name:var%lmmax(:)
host:0x4cda2b70 device:0x400743dbce00 size:8 presentcount:0+2 line:430 name:var%channels(:)
host:0x4cda2ba0 device:0x40069c1ffc00 size:16 presentcount:0+2 line:430 name:var%rsmooth(:)
host:0x4cda2be0 device:0x40069c1ffe00 size:400 presentcount:0+2 line:464 name:var
host:0x4cda2d70 device:0x4004be5fc800 size:400 presentcount:0+2 line:464 name:var
host:0x4ce13790 device:0x4007441ea600 size:260 presentcount:0+1 line:499 name:var%ni(:)
host:0x4ce138c0 device:0x4007441eac00 size:260 presentcount:0+1 line:499 name:var%ptr(:)
host:0x4ce139f0 device:0x4007441eaa00 size:260 presentcount:0+1 line:499 name:var%n(:)
host:0x4ce13b20 device:0x4007441eb200 size:4 presentcount:0+1 line:499 name:var%tbli(:)
host:0x4ce13b50 device:0x4007441eb000 size:260 presentcount:0+1 line:499 name:var%ptri(:)
host:0x4ce13c80 device:0x4007441eae00 size:260 presentcount:0+1 line:499 name:var%ni(:)
host:0x4ce247a0 device:0x4004be5ff200 size:260 presentcount:0+1 line:499 name:var%ptr(:)
host:0x4ce37700 device:0x4004be5fde00 size:260 presentcount:0+1 line:499 name:var%n(:)
host:0x4ce37830 device:0x400743fffa00 size:260 presentcount:0+1 line:499 name:var%ptri(:)
host:0x4ce37960 device:0x400743fff800 size:260 presentcount:0+1 line:499 name:var%ni(:)
host:0x4ce37a90 device:0x400743fffe00 size:260 presentcount:0+1 line:499 name:var%ptr(:)
host:0x4ce37bc0 device:0x400743fffc00 size:260 presentcount:0+1 line:499 name:var%n(:)
host:0x4ce37cf0 device:0x4005ea1f9e00 size:260 presentcount:0+1 line:499 name:var%ptri(:)
host:0x4ce37e20 device:0x4005ea1f9c00 size:260 presentcount:0+1 line:499 name:var%ni(:)
host:0x4cf83660 device:0x400744c00000 size:7284736 presentcount:0+3 line:616 name:var%datake(:,:,:)
host:0x4d6768e0 device:0x400744000000 size:1821184 presentcount:0+3 line:616 name:var%igx(:,:)
host:0x4d833f70 device:0x400743c00000 size:1821184 presentcount:0+3 line:616 name:var%igy(:,:)
host:0x4d9f1810 device:0x400744200000 size:1821184 presentcount:0+3 line:616 name:var%igz(:,:)
host:0x4dbaf6e0 device:0x40075cc00000 size:7284272 presentcount:0+4 line:519 name:var%fftsca(:,:)
host:0x4e2a1d40 device:0x4007db940a00 size:442880 presentcount:0+1 line:499 name:var%tbl(:)
host:0x4e37a1a0 device:0x401004400000 size:453600 presentcount:0+1 line:499 name:var%tbli(:)
host:0x4e3e8db0 device:0x40100446ec00 size:453600 presentcount:0+1 line:499 name:var%tbl(:)
host:0x4e559c90 device:0x401003400000 size:3614720 presentcount:0+1 line:499 name:var%tbl(:)
host:0x4ec42080 device:0x401003800000 size:3614400 presentcount:0+1 line:499 name:var%tbli(:)
host:0x4efb6450 device:0x401003c00000 size:3614400 presentcount:0+1 line:499 name:var%tbl(:)
host:0x4f69f220 device:0x401004000000 size:3614400 presentcount:0+1 line:499 name:var%tbli(:)
host:0x4fd8a230 device:0x4007dba00000 size:2799360 presentcount:0+2 line:194 name:cdij(:,:,:,:)
host:0x50062420 device:0x4005ea11a000 size:41472 presentcount:0+2 line:746 name:var%fertot(:,:,:)
host:0x50070030 device:0x4005ea124200 size:82944 presentcount:0+2 line:746 name:var%celtot(:,:,:)
host:0x500e2420 device:0x4004be5f1000 size:41472 presentcount:0+1 line:746 name:var%auxtot(:,:,:)
host:0x507e8fe0 device:0x401004600000 size:2799360 presentcount:0+2 line:194 name:cqij(:,:,:,:)
host:0x51183c00 device:0x4007dbe00000 size:7962624 presentcount:0+5 line:746 name:var%gproj(:,:,:,:)
host:0x51b3f400 device:0x4005ea1d5800 size:98304 presentcount:0+1 line:1101 name:w1%gproj(:)
host:0x51bbdb70 device:0x4010045fd800 size:2048 presentcount:0+1 line:179 name:w1(:)
host:0x51bbe390 device:0x4007443fb800 size:2048 presentcount:0+1 line:179 name:wtmp(:)
host:0x51d457c0 device:0x40100459d800 size:393216 presentcount:0+2 line:1226 name:wa%gproj(:,:)
host:0x51da57f0 device:0x4011c6c00000 size:393216 presentcount:0+2 line:1226 name:wa%gproj(:,:)
host:0x51e05820 device:0x4005ea1bd800 size:98304 presentcount:0+1 line:1101 name:w1%gproj(:)
host:0x51e1d850 device:0x4007db9c6a00 size:98304 presentcount:0+1 line:1101 name:w1%gproj(:)
host:0x51e35880 device:0x4007db9dea00 size:98304 presentcount:0+1 line:1101 name:w1%gproj(:)
host:0x5a988910 device:0x4011d4e00000 size:3145728 presentcount:0+2 line:1226 name:wa%gproj(:,:)
host:0x5fab58a0 device:0x4011d5a00000 size:14569472 presentcount:0+1 line:202 name:precon(:,:)
host:0x608a1e60 device:0x400744400000 size:7284736 presentcount:0+1 line:1101 name:w1%cptwfp(:)
host:0x60f9c250 device:0x400743400000 size:7284736 presentcount:0+1 line:1101 name:w1%cptwfp(:)
host:0x61696c70 device:0x400f4ce00000 size:7284736 presentcount:0+1 line:1101 name:w1%cptwfp(:)
host:0x61d896b0 device:0x4011d5200000 size:7284736 presentcount:0+1 line:1101 name:w1%cptwfp(:)
host:0x4004fc6210a0 device:0x400745400000 size:45593280 presentcount:0+2 line:430 name:var%nli(:,:)
host:0x4005500031a0 device:0x4007c0000000 size:230400000 presentcount:0+2 line:194 name:sv(:,:)
host:0x40055e9935c0 device:0x401004a00000 size:14400000 presentcount:0+1 line:195 name:dencor(:)
host:0x4006000012b0 device:0x400760000000 size:807411968 presentcount:0+2 line:430 name:var%rproj(:)
host:0x400630fe39e0 device:0x401005800000 size:28917760 presentcount:0+1 line:195 name:cstrf(:,:)
host:0x4006362c6d70 device:0x4011c3400000 size:29138944 presentcount:0+2 line:1226 name:wa%cptwfp(:,:)
host:0x4006e0004a60 device:0x400720000000 size:590063616 presentcount:0+5 line:746 name:var%cptwfp(:,:,:,:)
host:0x400703a66f80 device:0x4011c5000000 size:29138944 presentcount:0+2 line:1226 name:wa%cptwfp(:,:)
host:0x400705647190 device:0x4011c6e00000 size:233111552 presentcount:0+2 line:1226 name:wa%cptwfp(:,:)
host:0x4007a6e977c0 device:0x400f52200000 size:230400000 presentcount:0+1 line:1101 name:w1%cr(:)
host:0x4008032c79d0 device:0x400790400000 size:230400000 presentcount:0+1 line:1236 name:w1%cr(:)
host:0x400810e97df0 device:0x4007cdc00000 size:230400000 presentcount:0+1 line:1101 name:w1%cr(:)
host:0x400860008000 device:0x400748000000 size:230400000 presentcount:0+1 line:1236 name:w1%cr(:)
host:0x40086dbd8420 device:0x401183400000 size:230400000 presentcount:0+1 line:1101 name:w1%cr(:)
host:0x40087b7a0020 device:0x401191000000 size:230400000 presentcount:0+1 line:1236 name:w1%cr(:)
host:0x400889360440 device:0x401143400000 size:230400000 presentcount:0+1 line:1101 name:w1%cr(:)
host:0x400d60000650 device:0x401151000000 size:230400000 presentcount:0+1 line:1236 name:w1%cr(:)
host:0xffffd521c7c0 device:0x4007443fc400 size:3024 presentcount:0+12 line:682 name:var
host:0xffffd521d390 device:0x40065c3ff800 size:1480 presentcount:0+1 line:174 name:w_ini
host:0xffffd521d960 device:0x4007443fae00 size:1480 presentcount:0+1 line:174 name:wopt
host:0xffffd521df30 device:0x40069c1ff400 size:1480 presentcount:0+1 line:174 name:wtmpa
allocated block device:0x4004be5f0600 size:2560 thread:1
allocated block device:0x4004be5f1000 size:41472 thread:1
allocated block device:0x4004be5fb200 size:5120 thread:1
allocated block device:0x4004be5fc600 size:512 thread:1
allocated block device:0x4004be5fc800 size:512 thread:1
allocated block device:0x4004be5fca00 size:512 thread:1
allocated block device:0x4004be5fcc00 size:4608 thread:1
allocated block device:0x4004be5fde00 size:512 thread:1
allocated block device:0x4004be5fe000 size:4608 thread:1
allocated block device:0x4004be5ff200 size:512 thread:1
allocated block device:0x4004be5ff400 size:512 thread:1
allocated block device:0x4004be5ff600 size:512 thread:1
allocated block device:0x4004be5ff800 size:512 thread:1
allocated block device:0x4004be5ffa00 size:512 thread:1
allocated block device:0x4004be5ffc00 size:512 thread:1
allocated block device:0x4004be5ffe00 size:512 thread:1
allocated block device:0x4005ea11a000 size:41472 thread:1
allocated block device:0x4005ea124200 size:82944 thread:1
allocated block device:0x4005ea138600 size:180224 thread:1
allocated block device:0x4005ea164600 size:180224 thread:1
allocated block device:0x4005ea190600 size:4608 thread:1
allocated block device:0x4005ea191800 size:180224 thread:1
allocated block device:0x4005ea1bd800 size:98304 thread:1
allocated block device:0x4005ea1d5800 size:98304 thread:1
allocated block device:0x4005ea1ed800 size:14848 thread:1
allocated block device:0x4005ea1f1200 size:14848 thread:1
allocated block device:0x4005ea1f4c00 size:10240 thread:1
allocated block device:0x4005ea1f7400 size:10240 thread:1
allocated block device:0x4005ea1f9c00 size:512 thread:1
allocated block device:0x4005ea1f9e00 size:512 thread:1
allocated block device:0x4005ea1fa000 size:5120 thread:1
allocated block device:0x4005ea1fb400 size:1536 thread:1
allocated block device:0x4005ea1fba00 size:1024 thread:1
allocated block device:0x4005ea1fbe00 size:1024 thread:1
allocated block device:0x4005ea1fc200 size:1536 thread:1
allocated block device:0x4005ea1fc800 size:1024 thread:1
allocated block device:0x4005ea1fcc00 size:1024 thread:1
allocated block device:0x4005ea1fd000 size:1024 thread:1
allocated block device:0x4005ea1fd400 size:6144 thread:1
allocated block device:0x4005ea1fec00 size:2560 thread:1
allocated block device:0x4005ea1ff600 size:2560 thread:1
allocated block device:0x40065c3ff400 size:1024 thread:1
allocated block device:0x40065c3ff800 size:1536 thread:1
allocated block device:0x40069c1ff400 size:2048 thread:1
allocated block device:0x40069c1ffc00 size:512 thread:1
allocated block device:0x40069c1ffe00 size:512 thread:1
allocated block device:0x400720000000 size:590063616 thread:1
allocated block device:0x400743400000 size:7962624 thread:1
allocated block device:0x400743c00000 size:1821184 thread:1
allocated block device:0x400743dbca00 size:512 thread:1
allocated block device:0x400743dbcc00 size:512 thread:1
allocated block device:0x400743dbce00 size:512 thread:1
allocated block device:0x400743dbd000 size:512 thread:1
allocated block device:0x400743dbd200 size:5120 thread:1
allocated block device:0x400743dbe600 size:1536 thread:1
allocated block device:0x400743dbec00 size:1024 thread:1
allocated block device:0x400743dbf000 size:1024 thread:1
allocated block device:0x400743dbf400 size:1536 thread:1
allocated block device:0x400743dbfa00 size:1024 thread:1
allocated block device:0x400743dbfe00 size:1024 thread:1
allocated block device:0x400743dc0200 size:17408 thread:1
allocated block device:0x400743dc4600 size:17408 thread:1
allocated block device:0x400743dc8a00 size:180224 thread:1
allocated block device:0x400743df4a00 size:2048 thread:1
allocated block device:0x400743df5200 size:512 thread:1
allocated block device:0x400743df5400 size:4608 thread:1
allocated block device:0x400743df6600 size:512 thread:1
allocated block device:0x400743df6800 size:4608 thread:1
allocated block device:0x400743df7a00 size:26112 thread:1
allocated block device:0x400743dfe000 size:3072 thread:1
allocated block device:0x400743dfec00 size:512 thread:1
allocated block device:0x400743dfee00 size:512 thread:1
allocated block device:0x400743dff000 size:512 thread:1
allocated block device:0x400743dff200 size:512 thread:1
allocated block device:0x400743dff400 size:512 thread:1
allocated block device:0x400743dff600 size:512 thread:1
allocated block device:0x400743dff800 size:512 thread:1
allocated block device:0x400743dffa00 size:512 thread:1
allocated block device:0x400743dffc00 size:512 thread:1
allocated block device:0x400743dffe00 size:512 thread:1
allocated block device:0x400743e00000 size:1821184 thread:1
allocated block device:0x400743fbca00 size:180224 thread:1
allocated block device:0x400743fe8a00 size:4608 thread:1
allocated block device:0x400743fe9c00 size:4608 thread:1
allocated block device:0x400743feae00 size:4608 thread:1
allocated block device:0x400743fec000 size:24064 thread:1
allocated block device:0x400743ff1e00 size:24064 thread:1
allocated block device:0x400743ff7c00 size:3072 thread:1
allocated block device:0x400743ff8800 size:3072 thread:1
allocated block device:0x400743ff9400 size:512 thread:1
allocated block device:0x400743ff9600 size:5120 thread:1
allocated block device:0x400743ffaa00 size:1536 thread:1
allocated block device:0x400743ffb000 size:2560 thread:1
allocated block device:0x400743ffba00 size:1536 thread:1
allocated block device:0x400743ffc000 size:2048 thread:1
allocated block device:0x400743ffc800 size:6144 thread:1
allocated block device:0x400743ffe000 size:6144 thread:1
allocated block device:0x400743fff800 size:512 thread:1
allocated block device:0x400743fffa00 size:512 thread:1
allocated block device:0x400743fffc00 size:512 thread:1
allocated block device:0x400743fffe00 size:512 thread:1
allocated block device:0x400744000000 size:1821184 thread:1
allocated block device:0x4007441bca00 size:180224 thread:1
allocated block device:0x4007441e8a00 size:6144 thread:1
allocated block device:0x4007441ea200 size:512 thread:1
allocated block device:0x4007441ea400 size:512 thread:1
allocated block device:0x4007441ea600 size:512 thread:1
allocated block device:0x4007441ea800 size:512 thread:1
allocated block device:0x4007441eaa00 size:512 thread:1
allocated block device:0x4007441eac00 size:512 thread:1
allocated block device:0x4007441eae00 size:512 thread:1
allocated block device:0x4007441eb000 size:512 thread:1
allocated block device:0x4007441eb200 size:512 thread:1
allocated block device:0x4007441eb400 size:512 thread:1
allocated block device:0x4007441eb600 size:1536 thread:1
allocated block device:0x4007441ebc00 size:1536 thread:1
allocated block device:0x4007441ec200 size:512 thread:1
allocated block device:0x4007441ec400 size:2560 thread:1
allocated block device:0x4007441ece00 size:6144 thread:1
allocated block device:0x4007441ee600 size:28672 thread:1
allocated block device:0x4007441f5600 size:40448 thread:1
allocated block device:0x4007441ff400 size:512 thread:1
allocated block device:0x400744200000 size:1821184 thread:1
allocated block device:0x4007443bca00 size:180224 thread:1
allocated block device:0x4007443e8a00 size:8192 thread:1
allocated block device:0x4007443eaa00 size:8192 thread:1
allocated block device:0x4007443eca00 size:40448 thread:1
allocated block device:0x4007443f6800 size:8192 thread:1
allocated block device:0x4007443fae00 size:2560 thread:1
allocated block device:0x4007443fb800 size:3072 thread:1
allocated block device:0x4007443fc400 size:3072 thread:1
allocated block device:0x400744400000 size:7284736 thread:1
allocated block device:0x400744c00000 size:7284736 thread:1
allocated block device:0x400745400000 size:45593600 thread:1
allocated block device:0x400748000000 size:230400000 thread:1
allocated block device:0x40075cc00000 size:7284736 thread:1
allocated block device:0x400760000000 size:807412224 thread:1
allocated block device:0x400790400000 size:230400000 thread:1
allocated block device:0x4007c0000000 size:230400000 thread:1
allocated block device:0x4007cdc00000 size:230400000 thread:1
allocated block device:0x4007db85fa00 size:921600 thread:1
allocated block device:0x4007db940a00 size:442880 thread:1
allocated block device:0x4007db9c6a00 size:98304 thread:1
allocated block device:0x4007db9dea00 size:98304 thread:1
allocated block device:0x4007dba00000 size:2799616 thread:1
allocated block device:0x4007dbe00000 size:7962624 thread:1
allocated block device:0x400f4ce00000 size:14400000 thread:1
allocated block device:0x400f52200000 size:230400000 thread:1
allocated block device:0x401003400000 size:3614720 thread:1
allocated block device:0x401003800000 size:3614720 thread:1
allocated block device:0x401003c00000 size:3614720 thread:1
allocated block device:0x401004000000 size:3614720 thread:1
allocated block device:0x401004400000 size:453632 thread:1
allocated block device:0x40100446ec00 size:453632 thread:1
allocated block device:0x40100459d800 size:393216 thread:1
allocated block device:0x4010045fd800 size:2048 thread:1
allocated block device:0x401004600000 size:2799616 thread:1
allocated block device:0x401004a00000 size:14400000 thread:1
allocated block device:0x401005800000 size:28917760 thread:1
allocated block device:0x401143400000 size:230400000 thread:1
allocated block device:0x401151000000 size:230400000 thread:1
allocated block device:0x401183400000 size:230400000 thread:1
allocated block device:0x401191000000 size:230400000 thread:1
allocated block device:0x4011c3400000 size:29138944 thread:1
allocated block device:0x4011c5000000 size:29138944 thread:1
allocated block device:0x4011c6c00000 size:393216 thread:1
allocated block device:0x4011c6e00000 size:233111552 thread:1
allocated block device:0x4011d4e00000 size:3145728 thread:1
allocated block device:0x4011d5200000 size:7284736 thread:1
allocated block device:0x4011d5a00000 size:14569472 thread:1
Accelerator Fatal Error: call to cuMemAlloc returned error 2 (CUDA_ERROR_OUT_OF_MEMORY): Out of memory
 File: /lus/lfs1aip2/projects/u6cb/software/VASP/vasp.6.5.1/build/gam/hamil.f90
 Function: hamiltmu:978
 Line: 1005

srun: error: nid010767: task 63: Exited with exit code 1
srun: Terminating StepId=3252482.0
slurmstepd: error: *** STEP 3252482.0 ON nid010721 CANCELLED AT 2026-03-21T08:23:58 ***
srun: error: nid010767: tasks 32-62: Terminated
srun: error: nid010721: tasks 0-31: Terminated
srun: Force Terminated StepId=3252482.0
