rm: cannot remove 'WAVECAR': No such file or directory
 running  128 mpi-ranks, with    8 threads/rank, on    4 nodes
 distrk:  each k-point on  128 cores,    1 groups
 distr:  one band on    1 cores,  128 groups
 Offloading initialized ...   16 GPUs detected
 WARNING: INIT_OFFLOAD: several MPI-ranks need to share a GPU, which is not
     supported by NCCL. The use of NCCL will be switched off. To avoid this,
     reduce the number of MPI-ranks: #-of-ranks <= #-of-GPUs (on every node!).

Out of memory allocating 921600000 bytes of device memory
Failing in Thread:1
total/free CUDA memory: 102005473280/206635008
Present table dump for device[1]: NVIDIA Tesla GPU 0, compute capability 9.0, threadid=1
Hint: specify 0x800 bit in NV_ACC_DEBUG for verbose info.
host:0x2557280 device:0x4003de5fd800 size:32 presentcount:0+3 line:643 name:var%comm
host:0x25572a0 device:0x4003de5ef600 size:32 presentcount:0+4 line:652 name:var%comm_kinter
host:0x25572c0 device:0x4003de5ef800 size:32 presentcount:0+6 line:655 name:var%comm_kin
host:0x25572e0 device:0x4005bc1ffa00 size:32 presentcount:0+3 line:646 name:var%comm_inter
host:0x2557300 device:0x4005bc1ffc00 size:32 presentcount:0+7 line:649 name:var%comm_inb
host:0x256be80 device:0x4003da0ecd00 size:8 presentcount:0+1 line:-1 name:_setexm_struct_def_21
host:0x2576f40 device:0x4003da0ece00 size:28 presentcount:0+1 line:-1 name:_ml_ff_constant_21
host:0x2577c80 device:0x4003da0ecf00 size:30437 presentcount:0+1 line:-1 name:_ml_ff_taglist_21
host:0x25afc80 device:0x4003da0f4600 size:8 presentcount:0+1 line:-1 name:_mopenacc_tutor_21
host:0x25c2740 device:0x4003da0f4a00 size:32 presentcount:0+1 line:-1 name:_mbj_21
host:0x25cd640 device:0x4003da0f4d00 size:8 presentcount:0+1 line:-1 name:_sym_prec_21
host:0x26030c0 device:0x4003da0f4e00 size:344 presentcount:0+1 line:-1 name:_tet_21
host:0x261c840 device:0x4003da0f5000 size:392 presentcount:0+1 line:-1 name:_mymath_21
host:0x2817368 device:0x4003de5f0400 size:4800 presentcount:0+2 line:614 name:var
host:0x2818628 device:0x4003de5fbc00 size:1984 presentcount:0+2 line:403 name:var
host:0x281a910 device:0x40059c3ffa00 size:864 presentcount:0+4 line:2639 name:hamiltonian
host:0x286ac80 device:0x4003de5fec00 size:2712 presentcount:0+2 line:428 name:var
host:0x286b718 device:0x4005bc1fc600 size:2248 presentcount:0+1 line:742 name:var
host:0x286eb50 device:0x400ab21ffc00 size:288 presentcount:0+1 line:195 name:latt_cur
host:0x2871658 device:0x4005dc3fe400 size:5088 presentcount:0+28 line:517 name:var
host:0x2872a38 device:0x4006325f6000 size:5088 presentcount:0+6 line:517 name:var
host:0x2873e18 device:0x4006325e9600 size:5088 presentcount:0+7 line:517 name:var
host:0x287a2a8 device:0x4005bc1ff800 size:304 presentcount:0+1 line:567 name:var
host:0x287a3d8 device:0x4006325fe200 size:304 presentcount:0+1 line:567 name:var
host:0x2e48ec0 device:0x4003da002600 size:960024 presentcount:0+1 line:-1 name:_setexm_struct_def_16
host:0x2f8f080 device:0x4003da0f4700 size:580 presentcount:0+1 line:-1 name:_wpbe_16
host:0x2f8f900 device:0x4003da0f4b00 size:288 presentcount:0+1 line:-1 name:_mbj_16
host:0x9f446c0 device:0x4003da0f5200 size:624 presentcount:0+1 line:-1 name:_mlr_optic_16
host:0x4421fb20 device:0x4006323ef000 size:8 presentcount:0+2 line:616 name:var%wtkpt(:)
host:0x4421fb50 device:0x4003de5ffa00 size:8 presentcount:0+3 line:616 name:var%nityp(:)
host:0x453dcc80 device:0x4006325f9000 size:528 presentcount:0+1 line:480 name:var
host:0x4962d890 device:0x4005bc1ffe00 size:8 presentcount:0+4 line:405 name:var%nityp(:)
host:0x49b2c0a0 device:0x4003de5f2200 size:1000 presentcount:0+4 line:519 name:var%lpctz(:)
host:0x49faf1a0 device:0x4006327e8a00 size:28464 presentcount:0+1 line:853 name:var(:)
host:0x49fc1920 device:0x4006329e8a00 size:40000 presentcount:0+1 line:857 name:var%psp(:,:)
host:0x49fcb590 device:0x400ab23fbc00 size:8000 presentcount:0+1 line:857 name:var%psprho(:)
host:0x49fce820 device:0x4006323f8c00 size:24000 presentcount:0+2 line:466 name:var%psprnl(:,:,:)
host:0x49ffe200 device:0x4006323f0400 size:4320 presentcount:0+4 line:405 name:var%ityp(:)
host:0x49fff310 device:0x4006323e8a00 size:25920 presentcount:0+4 line:405 name:var%posion(:,:)
host:0x4a042670 device:0x4006327efa00 size:40000 presentcount:0+1 line:857 name:var%psp(:,:)
host:0x4a04c2e0 device:0x400ab21fbc00 size:8000 presentcount:0+1 line:857 name:var%pspcor(:)
host:0x4a04e250 device:0x400ab21fdc00 size:8000 presentcount:0+1 line:857 name:var%psprho(:)
host:0x4a0514e0 device:0x4006323f2a00 size:24000 presentcount:0+2 line:466 name:var%psprnl(:,:,:)
host:0x4a09e4a0 device:0x4005dc3ffc00 size:24 presentcount:0+3 line:466 name:var%lps(:)
host:0x4a09e550 device:0x4005bc1fd000 size:24 presentcount:0+3 line:466 name:var%lps(:)
host:0x4a186bd0 device:0x4003de5ffe00 size:24 presentcount:0+3 line:616 name:var%vkpt(:,:)
host:0x4a1abe80 device:0x4003de5f0200 size:16 presentcount:0+2 line:430 name:var%psrmax(:)
host:0x4a1ac440 device:0x4006323ef200 size:4320 presentcount:0+3 line:616 name:var%ityp(:)
host:0x4a1ad550 device:0x4003de5ff800 size:8 presentcount:0+3 line:616 name:var%lmmax(:)
host:0x4a1ad580 device:0x4003de5ffc00 size:8 presentcount:0+3 line:616 name:var%nt_global(:)
host:0x4a1ad5b0 device:0x4003de5fda00 size:4320 presentcount:0+3 line:616 name:var%npro_pos(:)
host:0x4a1ae6c0 device:0x4003de5fc600 size:4324 presentcount:0+3 line:616 name:var%lmbase(:)
host:0x4a1af7d0 device:0x4006323f8800 size:4 presentcount:0+2 line:616 name:var%nplwkp(:)
host:0x4a1af800 device:0x4006323f8a00 size:4 presentcount:0+2 line:616 name:var%nplwkp_tot(:)
host:0x4a1af830 device:0x4006323fea00 size:4 presentcount:0+2 line:616 name:var%ngvector_pos(:)
host:0x4a1af860 device:0x4006323f2800 size:4 presentcount:0+2 line:616 name:var%ngvector(:)
host:0x4a1af890 device:0x4003de5f1800 size:1280 presentcount:0+4 line:519 name:var%lpctx(:)
host:0x4a1afdc0 device:0x4003de5f1e00 size:720 presentcount:0+4 line:519 name:var%lpcty(:)
host:0x4a1b00c0 device:0x4003de5f2600 size:1280 presentcount:0+4 line:519 name:var%lpctx_(:)
host:0x4a1b05f0 device:0x4003de5f2c00 size:720 presentcount:0+4 line:519 name:var%lpcty_(:)
host:0x4a1b08f0 device:0x4003de5f3000 size:1000 presentcount:0+4 line:519 name:var%lpctz_(:)
host:0x4a1b0d00 device:0x4006325f7400 size:1280 presentcount:0+1 line:519 name:var%lpctx(:)
host:0x4a1b1230 device:0x4006325f7a00 size:720 presentcount:0+1 line:519 name:var%lpcty(:)
host:0x4a1b1530 device:0x4006325f7e00 size:1000 presentcount:0+1 line:519 name:var%lpctz(:)
host:0x4a1b1940 device:0x4006325f8200 size:1280 presentcount:0+1 line:519 name:var%lpctx_(:)
host:0x4a1b1e70 device:0x4006325f8800 size:720 presentcount:0+1 line:519 name:var%lpcty_(:)
host:0x4a1b2170 device:0x4006325f8c00 size:1000 presentcount:0+1 line:519 name:var%lpctz_(:)
host:0x4a1b2580 device:0x4006323fee00 size:2560 presentcount:0+1 line:519 name:var%lpctx(:)
host:0x4a1b2fb0 device:0x4006325eaa00 size:1440 presentcount:0+1 line:519 name:var%lpcty(:)
host:0x4a1b3580 device:0x4006325e8a00 size:2000 presentcount:0+1 line:519 name:var%lpctz(:)
host:0x4a1b3d80 device:0x4006325eb000 size:2560 presentcount:0+1 line:519 name:var%lpctx_(:)
host:0x4a1b47b0 device:0x4006325eba00 size:1440 presentcount:0+1 line:519 name:var%lpcty_(:)
host:0x4a1b4d80 device:0x4006325ec000 size:2000 presentcount:0+1 line:519 name:var%lpctz_(:)
host:0x4a2a0e60 device:0x4006325f0400 size:2824 presentcount:0+1 line:482 name:var%i2(:)
host:0x4a2a1990 device:0x4006325f1000 size:2824 presentcount:0+1 line:482 name:var%i3(:)
host:0x4a2a24c0 device:0x4006325f1c00 size:5020 presentcount:0+1 line:482 name:var%i2(:)
host:0x4a2a3890 device:0x4006325f3000 size:5020 presentcount:0+1 line:482 name:var%i3(:)
host:0x4a2a4c60 device:0x4006325ec800 size:7200 presentcount:0+2 line:482 name:var%i2(:)
host:0x4a2a68b0 device:0x4006325ee600 size:7200 presentcount:0+2 line:482 name:var%i3(:)
host:0x4a2a8920 device:0x4006d4c5fa00 size:921600 presentcount:0+2 line:482 name:var%index(:,:)
host:0x4a389950 device:0x4006325fe400 size:2560 presentcount:0+1 line:569 name:var%ind1(:)
host:0x4a38a380 device:0x4006325fee00 size:2824 presentcount:0+1 line:569 name:var%indcol(:)
host:0x4a38aeb0 device:0x4006325f9400 size:2824 presentcount:0+1 line:482 name:var%i2(:)
host:0x4a38b9e0 device:0x4006325fa000 size:2824 presentcount:0+1 line:482 name:var%i3(:)
host:0x4a38c510 device:0x4006325fac00 size:1512 presentcount:0+1 line:482 name:var%i2(:)
host:0x4a38cb20 device:0x4006325fb200 size:1512 presentcount:0+1 line:482 name:var%i3(:)
host:0x4a38d130 device:0x4005bc1fd200 size:4320 presentcount:0+2 line:430 name:var%nlimax(:)
host:0x4a38e240 device:0x4005bc1fe600 size:4324 presentcount:0+2 line:430 name:var%lmbase(:)
host:0x4a38f350 device:0x4003de5ee400 size:4324 presentcount:0+2 line:430 name:var%nlibase(:)
host:0x4a390460 device:0x4003de5f3400 size:17132 presentcount:0+4 line:519 name:var%nindpwconjg(:)
host:0x4a394780 device:0x4003de5f7800 size:17132 presentcount:0+4 line:519 name:var%ind_in_sphere(:)
host:0x4a3c66a0 device:0x4006325fd800 size:1280 presentcount:0+1 line:569 name:var%ind1(:)
host:0x4a3c6bd0 device:0x4006325fde00 size:700 presentcount:0+1 line:569 name:var%indcol(:)
host:0x4a3c6ec0 device:0x40051012e800 size:180000 presentcount:0+4 line:482 name:var%i2(:)
host:0x4a3f2e10 device:0x40051015a800 size:180000 presentcount:0+4 line:482 name:var%i3(:)
host:0x4a41ed60 device:0x4006323bca00 size:180000 presentcount:0+8 line:482 name:var%index(:,:)
host:0x4a44acb0 device:0x4006329bca00 size:180000 presentcount:0+8 line:482 name:var%i2(:)
host:0x4a476c00 device:0x400510186800 size:180000 presentcount:0+8 line:482 name:var%i3(:)
host:0x4a4a3180 device:0x400632400000 size:1821184 presentcount:0+3 line:616 name:var%nindpw(:,:)
host:0x4a65fbb0 device:0x4003de5fc400 size:8 presentcount:0+2 line:616 name:var%nb_totk(:,:)
host:0x4a65fbe0 device:0x4006323fec00 size:4 presentcount:0+2 line:616 name:var%luseinv(:)
host:0x4a65fc10 device:0x4003de5efe00 size:4 presentcount:0+2 line:616 name:var%at_gamma(:)
host:0x4a65fc40 device:0x4006325bca00 size:180000 presentcount:0+3 line:616 name:var%pl_index(:,:)
host:0x4a68bb90 device:0x4006327bca00 size:180000 presentcount:0+3 line:616 name:var%pl_col(:,:)
host:0x4a6b7ae0 device:0x4006323ffa00 size:8 presentcount:0+2 line:405 name:var%lmmax(:)
host:0x4a6b7b10 device:0x4003de5efa00 size:8 presentcount:0+2 line:430 name:var%lmax(:)
host:0x4a6b7b40 device:0x4006323f1600 size:4324 presentcount:0+2 line:405 name:var%lmbase(:)
host:0x4a6b8c50 device:0x4003de5efc00 size:8 presentcount:0+2 line:430 name:var%lmmax(:)
host:0x4a6b8c80 device:0x4003de5f0000 size:8 presentcount:0+2 line:430 name:var%channels(:)
host:0x4a6b8cb0 device:0x4005dc3ff800 size:16 presentcount:0+2 line:430 name:var%rsmooth(:)
host:0x4a6b8cf0 device:0x4005dc3ffa00 size:400 presentcount:0+2 line:464 name:var
host:0x4a6b8e80 device:0x4005dc3ffe00 size:400 presentcount:0+2 line:464 name:var
host:0x4a7298a0 device:0x4006325fbc00 size:516 presentcount:0+1 line:499 name:var%ptr(:)
host:0x4a729ad0 device:0x4006325fb800 size:516 presentcount:0+1 line:499 name:var%n(:)
host:0x4a729d00 device:0x4006325fc400 size:516 presentcount:0+1 line:499 name:var%ptri(:)
host:0x4a729f30 device:0x4006325fc000 size:516 presentcount:0+1 line:499 name:var%ni(:)
host:0x4a72a160 device:0x4006325fcc00 size:516 presentcount:0+1 line:499 name:var%ptr(:)
host:0x4a72a390 device:0x4006325fc800 size:516 presentcount:0+1 line:499 name:var%n(:)
host:0x4a72a5c0 device:0x4005bc1fe400 size:4 presentcount:0+1 line:499 name:var%tbli(:)
host:0x4a72a5f0 device:0x4006325fd400 size:516 presentcount:0+1 line:499 name:var%ptri(:)
host:0x4a72a820 device:0x4006325fd000 size:516 presentcount:0+1 line:499 name:var%ni(:)
host:0x4a744240 device:0x4006325f4400 size:516 presentcount:0+1 line:499 name:var%ptr(:)
host:0x4a744470 device:0x4006323ffc00 size:516 presentcount:0+1 line:499 name:var%n(:)
host:0x4a7446a0 device:0x4006325f4c00 size:516 presentcount:0+1 line:499 name:var%ptri(:)
host:0x4a7448d0 device:0x4006325f4800 size:516 presentcount:0+1 line:499 name:var%ni(:)
host:0x4a744b00 device:0x4006325f5400 size:516 presentcount:0+1 line:499 name:var%ptr(:)
host:0x4a744d30 device:0x4006325f5000 size:516 presentcount:0+1 line:499 name:var%n(:)
host:0x4a744f60 device:0x4006325f5c00 size:516 presentcount:0+1 line:499 name:var%ptri(:)
host:0x4a745190 device:0x4006325f5800 size:516 presentcount:0+1 line:499 name:var%ni(:)
host:0x4a899b40 device:0x4006d5600000 size:7284736 presentcount:0+3 line:616 name:var%datake(:,:,:)
host:0x4af8cdc0 device:0x400632600000 size:1821184 presentcount:0+3 line:616 name:var%igx(:,:)
host:0x4b14a450 device:0x400632200000 size:1821184 presentcount:0+3 line:616 name:var%igy(:,:)
host:0x4b307cf0 device:0x400632800000 size:1821184 presentcount:0+3 line:616 name:var%igz(:,:)
host:0x4b4c5bc0 device:0x400633200000 size:7284272 presentcount:0+4 line:519 name:var%fftsca(:,:)
host:0x4bbb8220 device:0x4006d4c00000 size:224000 presentcount:0+1 line:499 name:var%tbl(:)
host:0x4bc25880 device:0x400ab21b9400 size:272160 presentcount:0+1 line:499 name:var%tbli(:)
host:0x4bc67fd0 device:0x400ab23b9400 size:272160 presentcount:0+1 line:499 name:var%tbl(:)
host:0x4bd80530 device:0x4006d4e00000 size:1807360 presentcount:0+1 line:499 name:var%tbl(:)
host:0x4c0f6120 device:0x400ab2000000 size:1807200 presentcount:0+1 line:499 name:var%tbli(:)
host:0x4c2b1190 device:0x400ab2200000 size:1807200 presentcount:0+1 line:499 name:var%tbl(:)
host:0x4c6278a0 device:0x400ab2400000 size:1807200 presentcount:0+1 line:499 name:var%tbli(:)
host:0x4d252420 device:0x4005dc3f4000 size:41984 presentcount:0+1 line:746 name:var%auxtot(:,:,:)
host:0x4d272420 device:0x4003de5e4000 size:41984 presentcount:0+2 line:746 name:var%fertot(:,:,:)
host:0x4d280030 device:0x40051011a000 size:83968 presentcount:0+2 line:746 name:var%celtot(:,:,:)
host:0x4e282280 device:0x400632a00000 size:7200000 presentcount:0+1 line:195 name:dencor(:)
host:0x4f04c570 device:0x400631e00000 size:2799360 presentcount:0+2 line:194 name:cdij(:,:,:,:)
host:0x4f2fbc90 device:0x400ab2600000 size:2799360 presentcount:0+2 line:194 name:cqij(:,:,:,:)
host:0x4f85b940 device:0x4006d5200000 size:4030464 presentcount:0+5 line:746 name:var%gproj(:,:,:,:)
host:0x4fee96d0 device:0x4005101ca800 size:98304 presentcount:0+1 line:1101 name:w1%gproj(:)
host:0x56dfd3c0 device:0x4006d4d40a00 size:393216 presentcount:0+2 line:1226 name:wa%gproj(:,:)
host:0x56e5d3f0 device:0x400aa30c0000 size:393216 presentcount:0+2 line:1226 name:wa%gproj(:,:)
host:0x56ec49b0 device:0x400c75600000 size:3145728 presentcount:0+2 line:1226 name:wa%gproj(:,:)
host:0x5b0dc4e0 device:0x4006329fcc00 size:2048 presentcount:0+1 line:179 name:w1(:)
host:0x5b0dcd00 device:0x4006327fa600 size:2048 presentcount:0+1 line:179 name:wtmp(:)
host:0x5b112ad0 device:0x400b31e00000 size:7284736 presentcount:0+1 line:1101 name:w1%cptwfp(:)
host:0x5b805300 device:0x4005101b2800 size:98304 presentcount:0+1 line:1101 name:w1%gproj(:)
host:0x5b81d330 device:0x400ab25b9400 size:98304 presentcount:0+1 line:1101 name:w1%gproj(:)
host:0x5b835360 device:0x400ab25d1400 size:98304 presentcount:0+1 line:1101 name:w1%gproj(:)
host:0x5ba5b8b0 device:0x400c76a00000 size:14569472 presentcount:0+1 line:202 name:precon(:,:)
host:0x5c8486b0 device:0x400aafa00000 size:7284736 presentcount:0+1 line:1101 name:w1%cptwfp(:)
host:0x5cf432e0 device:0x400c75a00000 size:7284736 presentcount:0+1 line:1101 name:w1%cptwfp(:)
host:0x5d635f30 device:0x400c76200000 size:7284736 presentcount:0+1 line:1101 name:w1%cptwfp(:)
host:0x400404e410a0 device:0x400633a00000 size:45593280 presentcount:0+2 line:430 name:var%nli(:,:)
host:0x40040e3139e0 device:0x400ab2a00000 size:14458880 presentcount:0+1 line:195 name:cstrf(:,:)
host:0x40046c0031a0 device:0x40068dc00000 size:230400000 presentcount:0+2 line:194 name:sv(:,:)
host:0x40047c3a6f80 device:0x400c71e00000 size:29138944 presentcount:0+2 line:1226 name:wa%cptwfp(:,:)
host:0x40047df87190 device:0x400c73a00000 size:29138944 presentcount:0+2 line:1226 name:wa%cptwfp(:,:)
host:0x4005200012b0 device:0x400640000000 size:807411968 presentcount:0+2 line:430 name:var%rproj(:)
host:0x400600004a60 device:0x400620000000 size:298674176 presentcount:0+5 line:746 name:var%cptwfp(:,:,:,:)
host:0x400611ce73a0 device:0x400b20000000 size:233111552 presentcount:0+2 line:1226 name:wa%cptwfp(:,:)
host:0x4007600079d0 device:0x400a80000000 size:230400000 presentcount:0+1 line:1101 name:w1%cr(:)
host:0x40076dbd7be0 device:0x400670400000 size:230400000 presentcount:0+1 line:1236 name:w1%cr(:)
host:0x400880008000 device:0x4006c0000000 size:230400000 presentcount:0+1 line:1101 name:w1%cr(:)
host:0x40088dbd8210 device:0x400680000000 size:230400000 presentcount:0+1 line:1236 name:w1%cr(:)
host:0x4009e0000020 device:0x400420000000 size:230400000 presentcount:0+1 line:1101 name:w1%cr(:)
host:0x4009edbc0230 device:0x400c51e00000 size:230400000 presentcount:0+1 line:1236 name:w1%cr(:)
host:0x400a60000650 device:0x400c31e00000 size:230400000 presentcount:0+1 line:1101 name:w1%cr(:)
host:0x400a6dbc0860 device:0x400c11e00000 size:230400000 presentcount:0+1 line:1236 name:w1%cr(:)
host:0xffffec4d6d10 device:0x4006327fb200 size:3024 presentcount:0+12 line:682 name:var
host:0xffffec4d78e0 device:0x40057c3ff800 size:1480 presentcount:0+1 line:174 name:w_ini
host:0xffffec4d7eb0 device:0x4006327f9c00 size:1480 presentcount:0+1 line:174 name:wopt
host:0xffffec4d8480 device:0x4005bc1fbc00 size:1480 presentcount:0+1 line:174 name:wtmpa
allocated block device:0x4003de5e4000 size:41984 thread:1
allocated block device:0x4003de5ee400 size:4608 thread:1
allocated block device:0x4003de5ef600 size:512 thread:1
allocated block device:0x4003de5ef800 size:512 thread:1
allocated block device:0x4003de5efa00 size:512 thread:1
allocated block device:0x4003de5efc00 size:512 thread:1
allocated block device:0x4003de5efe00 size:512 thread:1
allocated block device:0x4003de5f0000 size:512 thread:1
allocated block device:0x4003de5f0200 size:512 thread:1
allocated block device:0x4003de5f0400 size:5120 thread:1
allocated block device:0x4003de5f1800 size:1536 thread:1
allocated block device:0x4003de5f1e00 size:1024 thread:1
allocated block device:0x4003de5f2200 size:1024 thread:1
allocated block device:0x4003de5f2600 size:1536 thread:1
allocated block device:0x4003de5f2c00 size:1024 thread:1
allocated block device:0x4003de5f3000 size:1024 thread:1
allocated block device:0x4003de5f3400 size:17408 thread:1
allocated block device:0x4003de5f7800 size:17408 thread:1
allocated block device:0x4003de5fbc00 size:2048 thread:1
allocated block device:0x4003de5fc400 size:512 thread:1
allocated block device:0x4003de5fc600 size:4608 thread:1
allocated block device:0x4003de5fd800 size:512 thread:1
allocated block device:0x4003de5fda00 size:4608 thread:1
allocated block device:0x4003de5fec00 size:3072 thread:1
allocated block device:0x4003de5ff800 size:512 thread:1
allocated block device:0x4003de5ffa00 size:512 thread:1
allocated block device:0x4003de5ffc00 size:512 thread:1
allocated block device:0x4003de5ffe00 size:512 thread:1
allocated block device:0x400420000000 size:298674176 thread:1
allocated block device:0x40051011a000 size:83968 thread:1
allocated block device:0x40051012e800 size:180224 thread:1
allocated block device:0x40051015a800 size:180224 thread:1
allocated block device:0x400510186800 size:180224 thread:1
allocated block device:0x4005101b2800 size:98304 thread:1
allocated block device:0x4005101ca800 size:98304 thread:1
allocated block device:0x40057c3ff800 size:1536 thread:1
allocated block device:0x40059c3ffa00 size:1024 thread:1
allocated block device:0x4005bc1fbc00 size:2048 thread:1
allocated block device:0x4005bc1fc600 size:2560 thread:1
allocated block device:0x4005bc1fd000 size:512 thread:1
allocated block device:0x4005bc1fd200 size:4608 thread:1
allocated block device:0x4005bc1fe400 size:512 thread:1
allocated block device:0x4005bc1fe600 size:4608 thread:1
allocated block device:0x4005bc1ff800 size:512 thread:1
allocated block device:0x4005bc1ffa00 size:512 thread:1
allocated block device:0x4005bc1ffc00 size:512 thread:1
allocated block device:0x4005bc1ffe00 size:512 thread:1
allocated block device:0x4005dc3f4000 size:41984 thread:1
allocated block device:0x4005dc3fe400 size:5120 thread:1
allocated block device:0x4005dc3ff800 size:512 thread:1
allocated block device:0x4005dc3ffa00 size:512 thread:1
allocated block device:0x4005dc3ffc00 size:512 thread:1
allocated block device:0x4005dc3ffe00 size:512 thread:1
allocated block device:0x400620000000 size:298674176 thread:1
allocated block device:0x400631e00000 size:4030464 thread:1
allocated block device:0x400632200000 size:1821184 thread:1
allocated block device:0x4006323bca00 size:180224 thread:1
allocated block device:0x4006323e8a00 size:26112 thread:1
allocated block device:0x4006323ef000 size:512 thread:1
allocated block device:0x4006323ef200 size:4608 thread:1
allocated block device:0x4006323f0400 size:4608 thread:1
allocated block device:0x4006323f1600 size:4608 thread:1
allocated block device:0x4006323f2800 size:512 thread:1
allocated block device:0x4006323f2a00 size:24064 thread:1
allocated block device:0x4006323f8800 size:512 thread:1
allocated block device:0x4006323f8a00 size:512 thread:1
allocated block device:0x4006323f8c00 size:24064 thread:1
allocated block device:0x4006323fea00 size:512 thread:1
allocated block device:0x4006323fec00 size:512 thread:1
allocated block device:0x4006323fee00 size:3072 thread:1
allocated block device:0x4006323ffa00 size:512 thread:1
allocated block device:0x4006323ffc00 size:1024 thread:1
allocated block device:0x400632400000 size:1821184 thread:1
allocated block device:0x4006325bca00 size:180224 thread:1
allocated block device:0x4006325e8a00 size:3072 thread:1
allocated block device:0x4006325e9600 size:5120 thread:1
allocated block device:0x4006325eaa00 size:1536 thread:1
allocated block device:0x4006325eb000 size:2560 thread:1
allocated block device:0x4006325eba00 size:1536 thread:1
allocated block device:0x4006325ec000 size:2048 thread:1
allocated block device:0x4006325ec800 size:7680 thread:1
allocated block device:0x4006325ee600 size:7680 thread:1
allocated block device:0x4006325f0400 size:3072 thread:1
allocated block device:0x4006325f1000 size:3072 thread:1
allocated block device:0x4006325f1c00 size:5120 thread:1
allocated block device:0x4006325f3000 size:5120 thread:1
allocated block device:0x4006325f4400 size:1024 thread:1
allocated block device:0x4006325f4800 size:1024 thread:1
allocated block device:0x4006325f4c00 size:1024 thread:1
allocated block device:0x4006325f5000 size:1024 thread:1
allocated block device:0x4006325f5400 size:1024 thread:1
allocated block device:0x4006325f5800 size:1024 thread:1
allocated block device:0x4006325f5c00 size:1024 thread:1
allocated block device:0x4006325f6000 size:5120 thread:1
allocated block device:0x4006325f7400 size:1536 thread:1
allocated block device:0x4006325f7a00 size:1024 thread:1
allocated block device:0x4006325f7e00 size:1024 thread:1
allocated block device:0x4006325f8200 size:1536 thread:1
allocated block device:0x4006325f8800 size:1024 thread:1
allocated block device:0x4006325f8c00 size:1024 thread:1
allocated block device:0x4006325f9000 size:1024 thread:1
allocated block device:0x4006325f9400 size:3072 thread:1
allocated block device:0x4006325fa000 size:3072 thread:1
allocated block device:0x4006325fac00 size:1536 thread:1
allocated block device:0x4006325fb200 size:1536 thread:1
allocated block device:0x4006325fb800 size:1024 thread:1
allocated block device:0x4006325fbc00 size:1024 thread:1
allocated block device:0x4006325fc000 size:1024 thread:1
allocated block device:0x4006325fc400 size:1024 thread:1
allocated block device:0x4006325fc800 size:1024 thread:1
allocated block device:0x4006325fcc00 size:1024 thread:1
allocated block device:0x4006325fd000 size:1024 thread:1
allocated block device:0x4006325fd400 size:1024 thread:1
allocated block device:0x4006325fd800 size:1536 thread:1
allocated block device:0x4006325fde00 size:1024 thread:1
allocated block device:0x4006325fe200 size:512 thread:1
allocated block device:0x4006325fe400 size:2560 thread:1
allocated block device:0x4006325fee00 size:3072 thread:1
allocated block device:0x400632600000 size:1821184 thread:1
allocated block device:0x4006327bca00 size:180224 thread:1
allocated block device:0x4006327e8a00 size:28672 thread:1
allocated block device:0x4006327efa00 size:40448 thread:1
allocated block device:0x4006327f9c00 size:2560 thread:1
allocated block device:0x4006327fa600 size:3072 thread:1
allocated block device:0x4006327fb200 size:3072 thread:1
allocated block device:0x400632800000 size:1821184 thread:1
allocated block device:0x4006329bca00 size:180224 thread:1
allocated block device:0x4006329e8a00 size:40448 thread:1
allocated block device:0x4006329fcc00 size:2048 thread:1
allocated block device:0x400632a00000 size:7284736 thread:1
allocated block device:0x400633200000 size:7284736 thread:1
allocated block device:0x400633a00000 size:45593600 thread:1
allocated block device:0x400640000000 size:807412224 thread:1
allocated block device:0x400670400000 size:230400000 thread:1
allocated block device:0x400680000000 size:230400000 thread:1
allocated block device:0x40068dc00000 size:230400000 thread:1
allocated block device:0x4006c0000000 size:230400000 thread:1
allocated block device:0x4006d4c00000 size:391680 thread:1
allocated block device:0x4006d4c5fa00 size:921600 thread:1
allocated block device:0x4006d4d40a00 size:393216 thread:1
allocated block device:0x4006d4e00000 size:2799616 thread:1
allocated block device:0x4006d5200000 size:4030464 thread:1
allocated block device:0x4006d5600000 size:7284736 thread:1
allocated block device:0x400a80000000 size:230400000 thread:1
allocated block device:0x400aa30c0000 size:393216 thread:1
allocated block device:0x400aafa00000 size:7284736 thread:1
allocated block device:0x400ab2000000 size:1807360 thread:1
allocated block device:0x400ab21b9400 size:272384 thread:1
allocated block device:0x400ab21fbc00 size:8192 thread:1
allocated block device:0x400ab21fdc00 size:8192 thread:1
allocated block device:0x400ab21ffc00 size:512 thread:1
allocated block device:0x400ab2200000 size:1807360 thread:1
allocated block device:0x400ab23b9400 size:272384 thread:1
allocated block device:0x400ab23fbc00 size:8192 thread:1
allocated block device:0x400ab2400000 size:1807360 thread:1
allocated block device:0x400ab25b9400 size:98304 thread:1
allocated block device:0x400ab25d1400 size:98304 thread:1
allocated block device:0x400ab2600000 size:2799616 thread:1
allocated block device:0x400ab2a00000 size:14458880 thread:1
allocated block device:0x400b20000000 size:298674176 thread:1
allocated block device:0x400b31e00000 size:7284736 thread:1
allocated block device:0x400c11e00000 size:230400000 thread:1
allocated block device:0x400c31e00000 size:230400000 thread:1
allocated block device:0x400c51e00000 size:230400000 thread:1
allocated block device:0x400c71e00000 size:29138944 thread:1
allocated block device:0x400c73a00000 size:29138944 thread:1
allocated block device:0x400c75600000 size:3145728 thread:1
allocated block device:0x400c75a00000 size:7284736 thread:1
allocated block device:0x400c76200000 size:7284736 thread:1
allocated block device:0x400c76a00000 size:14569472 thread:1
Accelerator Fatal Error: call to cuMemAlloc returned error 2 (CUDA_ERROR_OUT_OF_MEMORY): Out of memory
 File: /lus/lfs1aip2/projects/u6cb/software/VASP/vasp.6.5.1/build/gam/hamil.f90
 Function: hamiltmu:978
 Line: 1005

Out of memory allocating 230400000 bytes of device memory
Failing in Thread:1
total/free CUDA memory: 102005473280/84410368
Present table dump for device[1]: NVIDIA Tesla GPU 0, compute capability 9.0, threadid=1
Hint: specify 0x800 bit in NV_ACC_DEBUG for verbose info.
host:0x2557280 device:0x4006de5fc000 size:32 presentcount:0+3 line:643 name:var%comm
host:0x25572a0 device:0x4008bc1ffa00 size:32 presentcount:0+4 line:652 name:var%comm_kinter
host:0x25572c0 device:0x4008bc1ffc00 size:32 presentcount:0+6 line:655 name:var%comm_kin
host:0x25572e0 device:0x4008bc1ff400 size:32 presentcount:0+3 line:646 name:var%comm_inter
host:0x2557300 device:0x4008bc1ff600 size:32 presentcount:0+7 line:649 name:var%comm_inb
host:0x256be80 device:0x4006da0ecd00 size:8 presentcount:0+1 line:-1 name:_setexm_struct_def_21
host:0x2576f40 device:0x4006da0ece00 size:28 presentcount:0+1 line:-1 name:_ml_ff_constant_21
host:0x2577c80 device:0x4006da0ecf00 size:30437 presentcount:0+1 line:-1 name:_ml_ff_taglist_21
host:0x25afc80 device:0x4006da0f4600 size:8 presentcount:0+1 line:-1 name:_mopenacc_tutor_21
host:0x25c2740 device:0x4006da0f4a00 size:32 presentcount:0+1 line:-1 name:_mbj_21
host:0x25cd640 device:0x4006da0f4d00 size:8 presentcount:0+1 line:-1 name:_sym_prec_21
host:0x26030c0 device:0x4006da0f4e00 size:344 presentcount:0+1 line:-1 name:_tet_21
host:0x261c840 device:0x4006da0f5000 size:392 presentcount:0+1 line:-1 name:_mymath_21
host:0x2817368 device:0x4006de5eec00 size:4800 presentcount:0+2 line:614 name:var
host:0x2818628 device:0x4006de5fa400 size:1984 presentcount:0+2 line:403 name:var
host:0x281a910 device:0x40087c3ff800 size:864 presentcount:0+4 line:2639 name:hamiltonian
host:0x286ac80 device:0x4006de5fd400 size:2712 presentcount:0+2 line:428 name:var
host:0x286b718 device:0x4008bc1fae00 size:2248 presentcount:0+1 line:742 name:var
host:0x286eb50 device:0x4009327ff800 size:288 presentcount:0+1 line:195 name:latt_cur
host:0x2871658 device:0x4008dc3fe400 size:5088 presentcount:0+28 line:517 name:var
host:0x2872a38 device:0x4009325f4800 size:5088 presentcount:0+6 line:517 name:var
host:0x2873e18 device:0x4009325e8a00 size:5088 presentcount:0+7 line:517 name:var
host:0x287a2a8 device:0x4008bc1fe000 size:304 presentcount:0+1 line:567 name:var
host:0x287a3d8 device:0x4009325fca00 size:304 presentcount:0+1 line:567 name:var
host:0x2e48ec0 device:0x4006da002600 size:960024 presentcount:0+1 line:-1 name:_setexm_struct_def_16
host:0x2f8f080 device:0x4006da0f4700 size:580 presentcount:0+1 line:-1 name:_wpbe_16
host:0x2f8f900 device:0x4006da0f4b00 size:288 presentcount:0+1 line:-1 name:_mbj_16
host:0x9f446c0 device:0x4006da0f5200 size:624 presentcount:0+1 line:-1 name:_mlr_optic_16
host:0x3b4ecc20 device:0x4009325f7800 size:528 presentcount:0+1 line:480 name:var
host:0x3f73d830 device:0x4008bc1ff800 size:8 presentcount:0+4 line:405 name:var%nityp(:)
host:0x3fc3c040 device:0x4006de5f0a00 size:1000 presentcount:0+4 line:519 name:var%lpctz(:)
host:0x400b22b0 device:0x4006de5fe800 size:8 presentcount:0+2 line:616 name:var%wtkpt(:)
host:0x400bf140 device:0x4009327e8a00 size:28464 presentcount:0+1 line:853 name:var(:)
host:0x400d18c0 device:0x4009329e8a00 size:40000 presentcount:0+1 line:857 name:var%psp(:,:)
host:0x400db530 device:0x4009327fd800 size:8000 presentcount:0+1 line:857 name:var%psprho(:)
host:0x400de7c0 device:0x4009323f7400 size:24000 presentcount:0+2 line:466 name:var%psprnl(:,:,:)
host:0x4010e1a0 device:0x4009323ef000 size:4320 presentcount:0+4 line:405 name:var%ityp(:)
host:0x4010f2b0 device:0x4009323e8a00 size:25920 presentcount:0+4 line:405 name:var%posion(:,:)
host:0x40152610 device:0x4009327efa00 size:40000 presentcount:0+1 line:857 name:var%psp(:,:)
host:0x4015c280 device:0x4009327f9800 size:8000 presentcount:0+1 line:857 name:var%pspcor(:)
host:0x4015e1f0 device:0x4009327fb800 size:8000 presentcount:0+1 line:857 name:var%psprho(:)
host:0x40161480 device:0x4009323f1400 size:24000 presentcount:0+2 line:466 name:var%psprnl(:,:,:)
host:0x401ae440 device:0x4008dc3ffc00 size:24 presentcount:0+3 line:466 name:var%lps(:)
host:0x401ae4f0 device:0x4008bc1fb800 size:24 presentcount:0+3 line:466 name:var%lps(:)
host:0x401fb270 device:0x4006de5fe600 size:24 presentcount:0+3 line:616 name:var%vkpt(:,:)
host:0x40220390 device:0x4006de5fe200 size:8 presentcount:0+3 line:616 name:var%nityp(:)
host:0x40220550 device:0x4006de5eea00 size:16 presentcount:0+2 line:430 name:var%psrmax(:)
host:0x40220b10 device:0x4006de5fea00 size:4320 presentcount:0+3 line:616 name:var%ityp(:)
host:0x40221c20 device:0x4006de5fe000 size:8 presentcount:0+3 line:616 name:var%lmmax(:)
host:0x40221c50 device:0x4006de5fe400 size:8 presentcount:0+3 line:616 name:var%nt_global(:)
host:0x40221c80 device:0x4006de5fc200 size:4320 presentcount:0+3 line:616 name:var%npro_pos(:)
host:0x40222d90 device:0x4006de5fae00 size:4324 presentcount:0+3 line:616 name:var%lmbase(:)
host:0x40223ea0 device:0x4006de5ffe00 size:4 presentcount:0+2 line:616 name:var%nplwkp(:)
host:0x40223ed0 device:0x4009323f7200 size:4 presentcount:0+2 line:616 name:var%nplwkp_tot(:)
host:0x40223f00 device:0x4009323fd200 size:4 presentcount:0+2 line:616 name:var%ngvector_pos(:)
host:0x40223f30 device:0x4006de5ffc00 size:4 presentcount:0+2 line:616 name:var%ngvector(:)
host:0x40223f60 device:0x4006de5f0000 size:1280 presentcount:0+4 line:519 name:var%lpctx(:)
host:0x40224490 device:0x4006de5f0600 size:720 presentcount:0+4 line:519 name:var%lpcty(:)
host:0x40224790 device:0x4006de5f0e00 size:1280 presentcount:0+4 line:519 name:var%lpctx_(:)
host:0x40224cc0 device:0x4006de5f1400 size:720 presentcount:0+4 line:519 name:var%lpcty_(:)
host:0x40224fc0 device:0x4006de5f1800 size:1000 presentcount:0+4 line:519 name:var%lpctz_(:)
host:0x402253d0 device:0x4009325f5c00 size:1280 presentcount:0+1 line:519 name:var%lpctx(:)
host:0x40225900 device:0x4009325f6200 size:720 presentcount:0+1 line:519 name:var%lpcty(:)
host:0x40225c00 device:0x4009325f6600 size:1000 presentcount:0+1 line:519 name:var%lpctz(:)
host:0x40226010 device:0x4009325f6a00 size:1280 presentcount:0+1 line:519 name:var%lpctx_(:)
host:0x40226540 device:0x4009325f7000 size:720 presentcount:0+1 line:519 name:var%lpcty_(:)
host:0x40226840 device:0x4009325f7400 size:1000 presentcount:0+1 line:519 name:var%lpctz_(:)
host:0x40226c50 device:0x4009323fd600 size:2560 presentcount:0+1 line:519 name:var%lpctx(:)
host:0x40227680 device:0x4009323ff000 size:1440 presentcount:0+1 line:519 name:var%lpcty(:)
host:0x40227c50 device:0x4009323fe200 size:2000 presentcount:0+1 line:519 name:var%lpctz(:)
host:0x40228450 device:0x4009323ff600 size:2560 presentcount:0+1 line:519 name:var%lpctx_(:)
host:0x40228e80 device:0x4009325e9e00 size:1440 presentcount:0+1 line:519 name:var%lpcty_(:)
host:0x40229450 device:0x4009325ea400 size:2000 presentcount:0+1 line:519 name:var%lpctz_(:)
host:0x40315530 device:0x4009325ee800 size:2824 presentcount:0+1 line:482 name:var%i2(:)
host:0x40316060 device:0x4009325ef400 size:2824 presentcount:0+1 line:482 name:var%i3(:)
host:0x40316b90 device:0x4009325f0000 size:5020 presentcount:0+1 line:482 name:var%i2(:)
host:0x40317f60 device:0x4009325f1400 size:5020 presentcount:0+1 line:482 name:var%i3(:)
host:0x40319330 device:0x4009325eac00 size:7200 presentcount:0+2 line:482 name:var%i2(:)
host:0x4031af80 device:0x4009325eca00 size:7200 presentcount:0+2 line:482 name:var%i3(:)
host:0x4031cff0 device:0x4009f4c5fa00 size:921600 presentcount:0+2 line:482 name:var%index(:,:)
host:0x403fe020 device:0x4009325fcc00 size:2560 presentcount:0+1 line:569 name:var%ind1(:)
host:0x403fea50 device:0x4009325fd600 size:2824 presentcount:0+1 line:569 name:var%indcol(:)
host:0x403ff580 device:0x4009325f7c00 size:2824 presentcount:0+1 line:482 name:var%i2(:)
host:0x404000b0 device:0x4009325f8800 size:2824 presentcount:0+1 line:482 name:var%i3(:)
host:0x40400be0 device:0x4009325f9400 size:1512 presentcount:0+1 line:482 name:var%i2(:)
host:0x404011f0 device:0x4009325f9a00 size:1512 presentcount:0+1 line:482 name:var%i3(:)
host:0x40401800 device:0x4008bc1fba00 size:4320 presentcount:0+2 line:430 name:var%nlimax(:)
host:0x40402910 device:0x4008bc1fce00 size:4324 presentcount:0+2 line:430 name:var%lmbase(:)
host:0x40403a20 device:0x4008bc1fe200 size:4324 presentcount:0+2 line:430 name:var%nlibase(:)
host:0x40404b30 device:0x4006de5f1c00 size:17132 presentcount:0+4 line:519 name:var%nindpwconjg(:)
host:0x40408e50 device:0x4006de5f6000 size:17132 presentcount:0+4 line:519 name:var%ind_in_sphere(:)
host:0x4040e0a0 device:0x4009325fa400 size:516 presentcount:0+1 line:499 name:var%ptr(:)
host:0x4040e2d0 device:0x4009325fa000 size:516 presentcount:0+1 line:499 name:var%n(:)
host:0x4040e500 device:0x400dd21b9400 size:181440 presentcount:0+1 line:499 name:var%tbli(:)
host:0x4043a9f0 device:0x4009325fac00 size:516 presentcount:0+1 line:499 name:var%ptri(:)
host:0x4043ac20 device:0x4008bc1fcc00 size:4 presentcount:0+1 line:499 name:var%tbli(:)
host:0x4043ad70 device:0x4009325fc000 size:1280 presentcount:0+1 line:569 name:var%ind1(:)
host:0x4043b2a0 device:0x4009325fc600 size:688 presentcount:0+1 line:569 name:var%indcol(:)
host:0x4043b580 device:0x40080e12e800 size:180000 presentcount:0+4 line:482 name:var%i2(:)
host:0x404674d0 device:0x40080e15a800 size:180000 presentcount:0+4 line:482 name:var%i3(:)
host:0x40493420 device:0x4009323bca00 size:180000 presentcount:0+8 line:482 name:var%index(:,:)
host:0x404bf370 device:0x4009329bca00 size:180000 presentcount:0+8 line:482 name:var%i2(:)
host:0x404eb2c0 device:0x40080e186800 size:180000 presentcount:0+8 line:482 name:var%i3(:)
host:0x40517840 device:0x400932400000 size:1821184 presentcount:0+3 line:616 name:var%nindpw(:,:)
host:0x406d4270 device:0x4006de5fac00 size:8 presentcount:0+2 line:616 name:var%nb_totk(:,:)
host:0x406d42a0 device:0x4009323fd400 size:4 presentcount:0+2 line:616 name:var%luseinv(:)
host:0x406d42d0 device:0x4006de5ee600 size:4 presentcount:0+2 line:616 name:var%at_gamma(:)
host:0x406d4300 device:0x4009325bca00 size:180000 presentcount:0+3 line:616 name:var%pl_index(:,:)
host:0x40700250 device:0x4009327bca00 size:180000 presentcount:0+3 line:616 name:var%pl_col(:,:)
host:0x4072c1a0 device:0x4009323fee00 size:8 presentcount:0+2 line:405 name:var%lmmax(:)
host:0x4072c1d0 device:0x4008bc1ffe00 size:8 presentcount:0+2 line:430 name:var%lmax(:)
host:0x4072c200 device:0x4009323f0200 size:4324 presentcount:0+2 line:405 name:var%lmbase(:)
host:0x4072d310 device:0x4006de5ee400 size:8 presentcount:0+2 line:430 name:var%lmmax(:)
host:0x4072d340 device:0x4006de5ee800 size:8 presentcount:0+2 line:430 name:var%channels(:)
host:0x4072d370 device:0x4008dc3ff800 size:16 presentcount:0+2 line:430 name:var%rsmooth(:)
host:0x4072d3b0 device:0x4008dc3ffa00 size:400 presentcount:0+2 line:464 name:var
host:0x4072d540 device:0x4008dc3ffe00 size:400 presentcount:0+2 line:464 name:var
host:0x4079df60 device:0x4009f4c00000 size:220160 presentcount:0+1 line:499 name:var%tbl(:)
host:0x408097c0 device:0x4009325fa800 size:516 presentcount:0+1 line:499 name:var%ni(:)
host:0x408099f0 device:0x400dd23b9400 size:181440 presentcount:0+1 line:499 name:var%tbl(:)
host:0x40835ee0 device:0x4009325fb400 size:516 presentcount:0+1 line:499 name:var%ptr(:)
host:0x40836110 device:0x4009325fb000 size:516 presentcount:0+1 line:499 name:var%n(:)
host:0x4083ceb0 device:0x4009325f2c00 size:516 presentcount:0+1 line:499 name:var%ptr(:)
host:0x4083d0e0 device:0x4009325f2800 size:516 presentcount:0+1 line:499 name:var%n(:)
host:0x4083d310 device:0x4009325f3400 size:516 presentcount:0+1 line:499 name:var%ptri(:)
host:0x4083d540 device:0x4009325f3000 size:516 presentcount:0+1 line:499 name:var%ni(:)
host:0x4083d770 device:0x4009325f3c00 size:516 presentcount:0+1 line:499 name:var%ptr(:)
host:0x4083d9a0 device:0x4009325f3800 size:516 presentcount:0+1 line:499 name:var%n(:)
host:0x4083dbd0 device:0x4009325f4400 size:516 presentcount:0+1 line:499 name:var%ptri(:)
host:0x4083de00 device:0x4009325f4000 size:516 presentcount:0+1 line:499 name:var%ni(:)
host:0x40862830 device:0x4009325fbc00 size:516 presentcount:0+1 line:499 name:var%ptri(:)
host:0x40862a60 device:0x4009325fb800 size:516 presentcount:0+1 line:499 name:var%ni(:)
host:0x409a9ae0 device:0x4009f5600000 size:7284736 presentcount:0+3 line:616 name:var%datake(:,:,:)
host:0x4109cd60 device:0x400932600000 size:1821184 presentcount:0+3 line:616 name:var%igx(:,:)
host:0x4125a3f0 device:0x400932200000 size:1821184 presentcount:0+3 line:616 name:var%igy(:,:)
host:0x41417c90 device:0x400932800000 size:1821184 presentcount:0+3 line:616 name:var%igz(:,:)
host:0x415d5b60 device:0x400933200000 size:7284272 presentcount:0+4 line:519 name:var%fftsca(:,:)
host:0x41d70340 device:0x4009f4e00000 size:1807360 presentcount:0+1 line:499 name:var%tbl(:)
host:0x420e5f30 device:0x400dd2000000 size:1807200 presentcount:0+1 line:499 name:var%tbli(:)
host:0x422a0fa0 device:0x400dd2200000 size:1807200 presentcount:0+1 line:499 name:var%tbl(:)
host:0x426176b0 device:0x400dd2400000 size:1807200 presentcount:0+1 line:499 name:var%tbli(:)
host:0x43372420 device:0x4008dc3f4000 size:41984 presentcount:0+1 line:746 name:var%auxtot(:,:,:)
host:0x433b2420 device:0x4006de5e4000 size:41984 presentcount:0+2 line:746 name:var%fertot(:,:,:)
host:0x433c0030 device:0x40080e11a000 size:83968 presentcount:0+2 line:746 name:var%celtot(:,:,:)
host:0x442cdc20 device:0x400932a00000 size:7200000 presentcount:0+1 line:195 name:dencor(:)
host:0x45097f10 device:0x400931e00000 size:2799360 presentcount:0+2 line:194 name:cdij(:,:,:,:)
host:0x45347630 device:0x400dd2600000 size:2799360 presentcount:0+2 line:194 name:cqij(:,:,:,:)
host:0x458a72e0 device:0x4009f5200000 size:4030464 presentcount:0+5 line:746 name:var%gproj(:,:,:,:)
host:0x45f34840 device:0x40080e1ca800 size:98304 presentcount:0+1 line:1101 name:w1%gproj(:)
host:0x4ce03050 device:0x4009f4d40a00 size:393216 presentcount:0+2 line:1226 name:wa%gproj(:,:)
host:0x4ce63080 device:0x400dc38c0000 size:393216 presentcount:0+2 line:1226 name:wa%gproj(:,:)
host:0x4ceca010 device:0x400f55600000 size:3145728 presentcount:0+2 line:1226 name:wa%gproj(:,:)
host:0x510e4440 device:0x400dd21f5600 size:2048 presentcount:0+1 line:179 name:wtmp(:)
host:0x51110510 device:0x4009329fe200 size:2048 presentcount:0+1 line:179 name:w1(:)
host:0x51118580 device:0x400e31e00000 size:7284736 presentcount:0+1 line:1101 name:w1%cptwfp(:)
host:0x5180adb0 device:0x40080e1b2800 size:98304 presentcount:0+1 line:1101 name:w1%gproj(:)
host:0x51822de0 device:0x400dd23e5a00 size:98304 presentcount:0+1 line:1101 name:w1%gproj(:)
host:0x5183ae10 device:0x40080e1e2800 size:98304 presentcount:0+1 line:1101 name:w1%gproj(:)
host:0x51a5e1b0 device:0x400f56a00000 size:14569472 presentcount:0+1 line:202 name:precon(:,:)
host:0x5284a980 device:0x400dcfa00000 size:7284736 presentcount:0+1 line:1101 name:w1%cptwfp(:)
host:0x52f44f80 device:0x400f55a00000 size:7284736 presentcount:0+1 line:1101 name:w1%cptwfp(:)
host:0x5363fbb0 device:0x400f56200000 size:7284736 presentcount:0+1 line:1101 name:w1%cptwfp(:)
host:0x4006bee539e0 device:0x400dd2a00000 size:14458880 presentcount:0+1 line:195 name:cstrf(:,:)
host:0x4007140010a0 device:0x400933a00000 size:45593280 presentcount:0+2 line:430 name:var%nli(:,:)
host:0x400778406950 device:0x400f51e00000 size:29138944 presentcount:0+2 line:1226 name:wa%cptwfp(:,:)
host:0x40077d086b60 device:0x400f53a00000 size:29138944 presentcount:0+2 line:1226 name:wa%cptwfp(:,:)
host:0x4008200012b0 device:0x400940000000 size:807411968 presentcount:0+2 line:430 name:var%rproj(:)
host:0x4008502131a0 device:0x4009adc00000 size:230400000 presentcount:0+2 line:194 name:sv(:,:)
host:0x400900004a60 device:0x400920000000 size:298674176 presentcount:0+5 line:746 name:var%cptwfp(:,:,:,:)
host:0x400911ce6d70 device:0x400e20000000 size:233111552 presentcount:0+2 line:1226 name:wa%cptwfp(:,:)
host:0x400991ce73a0 device:0x400720000000 size:230400000 presentcount:0+1 line:1101 name:w1%cr(:)
host:0x4009c6e975b0 device:0x400970400000 size:230400000 presentcount:0+1 line:1236 name:w1%cr(:)
host:0x400a600079d0 device:0x4009e0000000 size:230400000 presentcount:0+1 line:1101 name:w1%cr(:)
host:0x400a6dbd7be0 device:0x4009a0000000 size:230400000 presentcount:0+1 line:1236 name:w1%cr(:)
host:0x400c80008000 device:0x400da0000000 size:230400000 presentcount:0+1 line:1101 name:w1%cr(:)
host:0x400c8dbd8210 device:0x400f31e00000 size:230400000 presentcount:0+1 line:1236 name:w1%cr(:)
host:0x400d80000020 device:0x400f11e00000 size:230400000 presentcount:0+1 line:1101 name:w1%cr(:)
host:0x400d8dbc0230 device:0x400ef1e00000 size:230400000 presentcount:0+1 line:1236 name:w1%cr(:)
host:0x400f60005ae0 device:0x400fa0000000 size:921600000 presentcount:0+1 line:1005 name:cwork1(:,:)
host:0xffffd09ab470 device:0x400dd21f6200 size:3024 presentcount:0+12 line:682 name:var
host:0xffffd09ac040 device:0x40089c3ff600 size:1480 presentcount:0+1 line:174 name:w_ini
host:0xffffd09ac610 device:0x4009325ff600 size:1480 presentcount:0+1 line:174 name:wopt
host:0xffffd09acbe0 device:0x4008bc1fa400 size:1480 presentcount:0+1 line:174 name:wtmpa
allocated block device:0x4006de5e4000 size:41984 thread:1
allocated block device:0x4006de5ee400 size:512 thread:1
allocated block device:0x4006de5ee600 size:512 thread:1
allocated block device:0x4006de5ee800 size:512 thread:1
allocated block device:0x4006de5eea00 size:512 thread:1
allocated block device:0x4006de5eec00 size:5120 thread:1
allocated block device:0x4006de5f0000 size:1536 thread:1
allocated block device:0x4006de5f0600 size:1024 thread:1
allocated block device:0x4006de5f0a00 size:1024 thread:1
allocated block device:0x4006de5f0e00 size:1536 thread:1
allocated block device:0x4006de5f1400 size:1024 thread:1
allocated block device:0x4006de5f1800 size:1024 thread:1
allocated block device:0x4006de5f1c00 size:17408 thread:1
allocated block device:0x4006de5f6000 size:17408 thread:1
allocated block device:0x4006de5fa400 size:2048 thread:1
allocated block device:0x4006de5fac00 size:512 thread:1
allocated block device:0x4006de5fae00 size:4608 thread:1
allocated block device:0x4006de5fc000 size:512 thread:1
allocated block device:0x4006de5fc200 size:4608 thread:1
allocated block device:0x4006de5fd400 size:3072 thread:1
allocated block device:0x4006de5fe000 size:512 thread:1
allocated block device:0x4006de5fe200 size:512 thread:1
allocated block device:0x4006de5fe400 size:512 thread:1
allocated block device:0x4006de5fe600 size:512 thread:1
allocated block device:0x4006de5fe800 size:512 thread:1
allocated block device:0x4006de5fea00 size:4608 thread:1
allocated block device:0x4006de5ffc00 size:512 thread:1
allocated block device:0x4006de5ffe00 size:512 thread:1
allocated block device:0x400720000000 size:230400000 thread:1
allocated block device:0x40080e11a000 size:83968 thread:1
allocated block device:0x40080e12e800 size:180224 thread:1
allocated block device:0x40080e15a800 size:180224 thread:1
allocated block device:0x40080e186800 size:180224 thread:1
allocated block device:0x40080e1b2800 size:98304 thread:1
allocated block device:0x40080e1ca800 size:98304 thread:1
allocated block device:0x40080e1e2800 size:98304 thread:1
allocated block device:0x40087c3ff800 size:1024 thread:1
allocated block device:0x40089c3ff600 size:1536 thread:1
allocated block device:0x4008bc1fa400 size:2048 thread:1
allocated block device:0x4008bc1fae00 size:2560 thread:1
allocated block device:0x4008bc1fb800 size:512 thread:1
allocated block device:0x4008bc1fba00 size:4608 thread:1
allocated block device:0x4008bc1fcc00 size:512 thread:1
allocated block device:0x4008bc1fce00 size:4608 thread:1
allocated block device:0x4008bc1fe000 size:512 thread:1
allocated block device:0x4008bc1fe200 size:4608 thread:1
allocated block device:0x4008bc1ff400 size:512 thread:1
allocated block device:0x4008bc1ff600 size:512 thread:1
allocated block device:0x4008bc1ff800 size:512 thread:1
allocated block device:0x4008bc1ffa00 size:512 thread:1
allocated block device:0x4008bc1ffc00 size:512 thread:1
allocated block device:0x4008bc1ffe00 size:512 thread:1
allocated block device:0x4008dc3f4000 size:41984 thread:1
allocated block device:0x4008dc3fe400 size:5120 thread:1
allocated block device:0x4008dc3ff800 size:512 thread:1
allocated block device:0x4008dc3ffa00 size:512 thread:1
allocated block device:0x4008dc3ffc00 size:512 thread:1
allocated block device:0x4008dc3ffe00 size:512 thread:1
allocated block device:0x400920000000 size:298674176 thread:1
allocated block device:0x400931e00000 size:4030464 thread:1
allocated block device:0x400932200000 size:1821184 thread:1
allocated block device:0x4009323bca00 size:180224 thread:1
allocated block device:0x4009323e8a00 size:26112 thread:1
allocated block device:0x4009323ef000 size:4608 thread:1
allocated block device:0x4009323f0200 size:4608 thread:1
allocated block device:0x4009323f1400 size:24064 thread:1
allocated block device:0x4009323f7200 size:512 thread:1
allocated block device:0x4009323f7400 size:24064 thread:1
allocated block device:0x4009323fd200 size:512 thread:1
allocated block device:0x4009323fd400 size:512 thread:1
allocated block device:0x4009323fd600 size:3072 thread:1
allocated block device:0x4009323fe200 size:3072 thread:1
allocated block device:0x4009323fee00 size:512 thread:1
allocated block device:0x4009323ff000 size:1536 thread:1
allocated block device:0x4009323ff600 size:2560 thread:1
allocated block device:0x400932400000 size:1821184 thread:1
allocated block device:0x4009325bca00 size:180224 thread:1
allocated block device:0x4009325e8a00 size:5120 thread:1
allocated block device:0x4009325e9e00 size:1536 thread:1
allocated block device:0x4009325ea400 size:2048 thread:1
allocated block device:0x4009325eac00 size:7680 thread:1
allocated block device:0x4009325eca00 size:7680 thread:1
allocated block device:0x4009325ee800 size:3072 thread:1
allocated block device:0x4009325ef400 size:3072 thread:1
allocated block device:0x4009325f0000 size:5120 thread:1
allocated block device:0x4009325f1400 size:5120 thread:1
allocated block device:0x4009325f2800 size:1024 thread:1
allocated block device:0x4009325f2c00 size:1024 thread:1
allocated block device:0x4009325f3000 size:1024 thread:1
allocated block device:0x4009325f3400 size:1024 thread:1
allocated block device:0x4009325f3800 size:1024 thread:1
allocated block device:0x4009325f3c00 size:1024 thread:1
allocated block device:0x4009325f4000 size:1024 thread:1
allocated block device:0x4009325f4400 size:1024 thread:1
allocated block device:0x4009325f4800 size:5120 thread:1
allocated block device:0x4009325f5c00 size:1536 thread:1
allocated block device:0x4009325f6200 size:1024 thread:1
allocated block device:0x4009325f6600 size:1024 thread:1
allocated block device:0x4009325f6a00 size:1536 thread:1
allocated block device:0x4009325f7000 size:1024 thread:1
allocated block device:0x4009325f7400 size:1024 thread:1
allocated block device:0x4009325f7800 size:1024 thread:1
allocated block device:0x4009325f7c00 size:3072 thread:1
allocated block device:0x4009325f8800 size:3072 thread:1
allocated block device:0x4009325f9400 size:1536 thread:1
allocated block device:0x4009325f9a00 size:1536 thread:1
allocated block device:0x4009325fa000 size:1024 thread:1
allocated block device:0x4009325fa400 size:1024 thread:1
allocated block device:0x4009325fa800 size:1024 thread:1
allocated block device:0x4009325fac00 size:1024 thread:1
allocated block device:0x4009325fb000 size:1024 thread:1
allocated block device:0x4009325fb400 size:1024 thread:1
allocated block device:0x4009325fb800 size:1024 thread:1
allocated block device:0x4009325fbc00 size:1024 thread:1
allocated block device:0x4009325fc000 size:1536 thread:1
allocated block device:0x4009325fc600 size:1024 thread:1
allocated block device:0x4009325fca00 size:512 thread:1
allocated block device:0x4009325fcc00 size:2560 thread:1
allocated block device:0x4009325fd600 size:3072 thread:1
allocated block device:0x4009325ff600 size:2560 thread:1
allocated block device:0x400932600000 size:1821184 thread:1
allocated block device:0x4009327bca00 size:180224 thread:1
allocated block device:0x4009327e8a00 size:28672 thread:1
allocated block device:0x4009327efa00 size:40448 thread:1
allocated block device:0x4009327f9800 size:8192 thread:1
allocated block device:0x4009327fb800 size:8192 thread:1
allocated block device:0x4009327fd800 size:8192 thread:1
allocated block device:0x4009327ff800 size:512 thread:1
allocated block device:0x400932800000 size:1821184 thread:1
allocated block device:0x4009329bca00 size:180224 thread:1
allocated block device:0x4009329e8a00 size:40448 thread:1
allocated block device:0x4009329fe200 size:2048 thread:1
allocated block device:0x400932a00000 size:7284736 thread:1
allocated block device:0x400933200000 size:7284736 thread:1
allocated block device:0x400933a00000 size:45593600 thread:1
allocated block device:0x400940000000 size:807412224 thread:1
allocated block device:0x400970400000 size:230400000 thread:1
allocated block device:0x4009a0000000 size:230400000 thread:1
allocated block device:0x4009adc00000 size:230400000 thread:1
allocated block device:0x4009e0000000 size:230400000 thread:1
allocated block device:0x4009f4c00000 size:391680 thread:1
allocated block device:0x4009f4c5fa00 size:921600 thread:1
allocated block device:0x4009f4d40a00 size:393216 thread:1
allocated block device:0x4009f4e00000 size:2799616 thread:1
allocated block device:0x4009f5200000 size:4030464 thread:1
allocated block device:0x4009f5600000 size:7284736 thread:1
allocated block device:0x400da0000000 size:298674176 thread:1
allocated block device:0x400dc38c0000 size:393216 thread:1
allocated block device:0x400dcfa00000 size:7284736 thread:1
allocated block device:0x400dd2000000 size:1807360 thread:1
allocated block device:0x400dd21b9400 size:181760 thread:1
allocated block device:0x400dd21f5600 size:3072 thread:1
allocated block device:0x400dd21f6200 size:3072 thread:1
allocated block device:0x400dd2200000 size:1807360 thread:1
allocated block device:0x400dd23b9400 size:181760 thread:1
allocated block device:0x400dd23e5a00 size:98304 thread:1
allocated block device:0x400dd2400000 size:1807360 thread:1
allocated block device:0x400dd2600000 size:2799616 thread:1
allocated block device:0x400dd2a00000 size:14458880 thread:1
allocated block device:0x400e20000000 size:298674176 thread:1
allocated block device:0x400e31e00000 size:7284736 thread:1
allocated block device:0x400ef1e00000 size:230400000 thread:1
allocated block device:0x400f11e00000 size:230400000 thread:1
allocated block device:0x400f31e00000 size:230400000 thread:1
allocated block device:0x400f51e00000 size:29138944 thread:1
allocated block device:0x400f53a00000 size:29138944 thread:1
allocated block device:0x400f55600000 size:3145728 thread:1
allocated block device:0x400f55a00000 size:7284736 thread:1
allocated block device:0x400f56200000 size:7284736 thread:1
allocated block device:0x400f56a00000 size:14569472 thread:1
allocated block device:0x400fa0000000 size:921600000 thread:1
Accelerator Fatal Error: call to cuMemAlloc returned error 2 (CUDA_ERROR_OUT_OF_MEMORY): Out of memory
 File: /lus/lfs1aip2/projects/u6cb/software/VASP/vasp.6.5.1/build/gam/fft_base.f90
 Function: restride_r2q_cmplx:945
 Line: 964

Out of memory allocating 921600000 bytes of device memory
Failing in Thread:1
total/free CUDA memory: 102005473280/319946752
Present table dump for device[1]: NVIDIA Tesla GPU 0, compute capability 9.0, threadid=1
Hint: specify 0x800 bit in NV_ACC_DEBUG for verbose info.
host:0x2557280 device:0x40061e5fc000 size:32 presentcount:0+3 line:643 name:var%comm
host:0x25572a0 device:0x4007f51ffa00 size:32 presentcount:0+4 line:652 name:var%comm_kinter
host:0x25572c0 device:0x4007f51ffc00 size:32 presentcount:0+6 line:655 name:var%comm_kin
host:0x25572e0 device:0x4007f51ff400 size:32 presentcount:0+3 line:646 name:var%comm_inter
host:0x2557300 device:0x4007f51ff600 size:32 presentcount:0+7 line:649 name:var%comm_inb
host:0x256be80 device:0x40061a0ecd00 size:8 presentcount:0+1 line:-1 name:_setexm_struct_def_21
host:0x2576f40 device:0x40061a0ece00 size:28 presentcount:0+1 line:-1 name:_ml_ff_constant_21
host:0x2577c80 device:0x40061a0ecf00 size:30437 presentcount:0+1 line:-1 name:_ml_ff_taglist_21
host:0x25afc80 device:0x40061a0f4600 size:8 presentcount:0+1 line:-1 name:_mopenacc_tutor_21
host:0x25c2740 device:0x40061a0f4a00 size:32 presentcount:0+1 line:-1 name:_mbj_21
host:0x25cd640 device:0x40061a0f4d00 size:8 presentcount:0+1 line:-1 name:_sym_prec_21
host:0x26030c0 device:0x40061a0f4e00 size:344 presentcount:0+1 line:-1 name:_tet_21
host:0x261c840 device:0x40061a0f5000 size:392 presentcount:0+1 line:-1 name:_mymath_21
host:0x2817368 device:0x40061e5eec00 size:4800 presentcount:0+2 line:614 name:var
host:0x2818628 device:0x40061e5fa400 size:1984 presentcount:0+2 line:403 name:var
host:0x281a910 device:0x4007b53ff800 size:864 presentcount:0+4 line:2639 name:hamiltonian
host:0x286ac80 device:0x40061e5fd400 size:2712 presentcount:0+2 line:428 name:var
host:0x286b718 device:0x4007f51fae00 size:2248 presentcount:0+1 line:742 name:var
host:0x286eb50 device:0x4008727ff800 size:288 presentcount:0+1 line:195 name:latt_cur
host:0x2871658 device:0x4008153fe400 size:5088 presentcount:0+28 line:517 name:var
host:0x2872a38 device:0x4008725f4800 size:5088 presentcount:0+6 line:517 name:var
host:0x2873e18 device:0x4008725e8a00 size:5088 presentcount:0+7 line:517 name:var
host:0x287a2a8 device:0x4007f51fe000 size:304 presentcount:0+1 line:567 name:var
host:0x287a3d8 device:0x4008725fca00 size:304 presentcount:0+1 line:567 name:var
host:0x2e48ec0 device:0x40061a002600 size:960024 presentcount:0+1 line:-1 name:_setexm_struct_def_16
host:0x2f8f080 device:0x40061a0f4700 size:580 presentcount:0+1 line:-1 name:_wpbe_16
host:0x2f8f900 device:0x40061a0f4b00 size:288 presentcount:0+1 line:-1 name:_mbj_16
host:0x9f446c0 device:0x40061a0f5200 size:624 presentcount:0+1 line:-1 name:_mlr_optic_16
host:0x44beab90 device:0x4008725f7800 size:528 presentcount:0+1 line:480 name:var
host:0x44bebe00 device:0x4008153ffa00 size:400 presentcount:0+2 line:464 name:var
host:0x44bebf90 device:0x4008153ffe00 size:400 presentcount:0+2 line:464 name:var
host:0x44bf4e70 device:0x40061e5fe800 size:8 presentcount:0+2 line:616 name:var%wtkpt(:)
host:0x44bf4ea0 device:0x40061e5fe200 size:8 presentcount:0+3 line:616 name:var%nityp(:)
host:0x44bf4ed0 device:0x40061e5eea00 size:16 presentcount:0+2 line:430 name:var%psrmax(:)
host:0x44bf53a0 device:0x40061e5fe600 size:24 presentcount:0+3 line:616 name:var%vkpt(:,:)
host:0x48ed0050 device:0x4007f51ff800 size:8 presentcount:0+4 line:405 name:var%nityp(:)
host:0x494473f0 device:0x40061e5f0a00 size:1000 presentcount:0+4 line:519 name:var%lpctz(:)
host:0x498ca2c0 device:0x4008727e8a00 size:28464 presentcount:0+1 line:853 name:var(:)
host:0x498dca40 device:0x4008729e8a00 size:40000 presentcount:0+1 line:857 name:var%psp(:,:)
host:0x498e66b0 device:0x4008727fd800 size:8000 presentcount:0+1 line:857 name:var%psprho(:)
host:0x498e9940 device:0x4008723f7400 size:24000 presentcount:0+2 line:466 name:var%psprnl(:,:,:)
host:0x49919320 device:0x4008723ef000 size:4320 presentcount:0+4 line:405 name:var%ityp(:)
host:0x4991a430 device:0x4008723e8a00 size:25920 presentcount:0+4 line:405 name:var%posion(:,:)
host:0x4995d790 device:0x4008727f9800 size:8000 presentcount:0+1 line:857 name:var%pspcor(:)
host:0x4995f700 device:0x4008727fb800 size:8000 presentcount:0+1 line:857 name:var%psprho(:)
host:0x49963270 device:0x4008727efa00 size:40000 presentcount:0+1 line:857 name:var%psp(:,:)
host:0x4996cee0 device:0x4008723f1400 size:24000 presentcount:0+2 line:466 name:var%psprnl(:,:,:)
host:0x499b9620 device:0x4008153ffc00 size:24 presentcount:0+3 line:466 name:var%lps(:)
host:0x499b96d0 device:0x4007f51fb800 size:24 presentcount:0+3 line:466 name:var%lps(:)
host:0x49ad7dc0 device:0x40061e5fea00 size:4320 presentcount:0+3 line:616 name:var%ityp(:)
host:0x49ad8ed0 device:0x40061e5fe000 size:8 presentcount:0+3 line:616 name:var%lmmax(:)
host:0x49ad8f00 device:0x40061e5fe400 size:8 presentcount:0+3 line:616 name:var%nt_global(:)
host:0x49ad8f30 device:0x40061e5fc200 size:4320 presentcount:0+3 line:616 name:var%npro_pos(:)
host:0x49ada040 device:0x40061e5fae00 size:4324 presentcount:0+3 line:616 name:var%lmbase(:)
host:0x49adb150 device:0x40061e5ffe00 size:4 presentcount:0+2 line:616 name:var%nplwkp(:)
host:0x49adb180 device:0x4008723f7200 size:4 presentcount:0+2 line:616 name:var%nplwkp_tot(:)
host:0x49adb1b0 device:0x4008723fd200 size:4 presentcount:0+2 line:616 name:var%ngvector_pos(:)
host:0x49adb1e0 device:0x40061e5ffc00 size:4 presentcount:0+2 line:616 name:var%ngvector(:)
host:0x49adb210 device:0x40061e5f0000 size:1280 presentcount:0+4 line:519 name:var%lpctx(:)
host:0x49adb740 device:0x40061e5f0600 size:720 presentcount:0+4 line:519 name:var%lpcty(:)
host:0x49adba40 device:0x40061e5f0e00 size:1280 presentcount:0+4 line:519 name:var%lpctx_(:)
host:0x49adbf70 device:0x40061e5f1400 size:720 presentcount:0+4 line:519 name:var%lpcty_(:)
host:0x49adc270 device:0x40061e5f1800 size:1000 presentcount:0+4 line:519 name:var%lpctz_(:)
host:0x49adc680 device:0x4008725f5c00 size:1280 presentcount:0+1 line:519 name:var%lpctx(:)
host:0x49adcbb0 device:0x4008725f6200 size:720 presentcount:0+1 line:519 name:var%lpcty(:)
host:0x49adceb0 device:0x4008725f6600 size:1000 presentcount:0+1 line:519 name:var%lpctz(:)
host:0x49add2c0 device:0x4008725f6a00 size:1280 presentcount:0+1 line:519 name:var%lpctx_(:)
host:0x49add7f0 device:0x4008725f7000 size:720 presentcount:0+1 line:519 name:var%lpcty_(:)
host:0x49addaf0 device:0x4008725f7400 size:1000 presentcount:0+1 line:519 name:var%lpctz_(:)
host:0x49addf00 device:0x4008723fd600 size:2560 presentcount:0+1 line:519 name:var%lpctx(:)
host:0x49ade930 device:0x4008723ff000 size:1440 presentcount:0+1 line:519 name:var%lpcty(:)
host:0x49adef00 device:0x4008723fe200 size:2000 presentcount:0+1 line:519 name:var%lpctz(:)
host:0x49adf700 device:0x4008723ff600 size:2560 presentcount:0+1 line:519 name:var%lpctx_(:)
host:0x49ae0130 device:0x4008725e9e00 size:1440 presentcount:0+1 line:519 name:var%lpcty_(:)
host:0x49ae0700 device:0x4008725ea400 size:2000 presentcount:0+1 line:519 name:var%lpctz_(:)
host:0x49bcc7e0 device:0x4008725ee800 size:2824 presentcount:0+1 line:482 name:var%i2(:)
host:0x49bcd310 device:0x4008725ef400 size:2824 presentcount:0+1 line:482 name:var%i3(:)
host:0x49bcde40 device:0x4008725f0000 size:5020 presentcount:0+1 line:482 name:var%i2(:)
host:0x49bcf210 device:0x4008725f1400 size:5020 presentcount:0+1 line:482 name:var%i3(:)
host:0x49bd05e0 device:0x4008725eac00 size:7200 presentcount:0+2 line:482 name:var%i2(:)
host:0x49bd2230 device:0x4008725eca00 size:7200 presentcount:0+2 line:482 name:var%i3(:)
host:0x49bd42a0 device:0x4008fb85fa00 size:921600 presentcount:0+2 line:482 name:var%index(:,:)
host:0x49cb52d0 device:0x4008725fcc00 size:2560 presentcount:0+1 line:569 name:var%ind1(:)
host:0x49cb5d00 device:0x4008725fd600 size:2824 presentcount:0+1 line:569 name:var%indcol(:)
host:0x49cb6830 device:0x4008725f7c00 size:2824 presentcount:0+1 line:482 name:var%i2(:)
host:0x49cb7360 device:0x4008725f8800 size:2824 presentcount:0+1 line:482 name:var%i3(:)
host:0x49cb7e90 device:0x4008725f9400 size:1512 presentcount:0+1 line:482 name:var%i2(:)
host:0x49cb84a0 device:0x4008725f9a00 size:1512 presentcount:0+1 line:482 name:var%i3(:)
host:0x49cb8ab0 device:0x4007f51fba00 size:4320 presentcount:0+2 line:430 name:var%nlimax(:)
host:0x49cb9bc0 device:0x4007f51fce00 size:4324 presentcount:0+2 line:430 name:var%lmbase(:)
host:0x49cbacd0 device:0x4007f51fe200 size:4324 presentcount:0+2 line:430 name:var%nlibase(:)
host:0x49cbbde0 device:0x40061e5f1c00 size:17132 presentcount:0+4 line:519 name:var%nindpwconjg(:)
host:0x49cc0100 device:0x40061e5f6000 size:17132 presentcount:0+4 line:519 name:var%ind_in_sphere(:)
host:0x49cc54d0 device:0x400cd21b9400 size:181440 presentcount:0+1 line:499 name:var%tbli(:)
host:0x49cf19c0 device:0x4008725fac00 size:516 presentcount:0+1 line:499 name:var%ptri(:)
host:0x49cf1bf0 device:0x4008725fa800 size:516 presentcount:0+1 line:499 name:var%ni(:)
host:0x49cf1e20 device:0x4007f51fcc00 size:4 presentcount:0+1 line:499 name:var%tbli(:)
host:0x49cf2020 device:0x4008725fc000 size:1280 presentcount:0+1 line:569 name:var%ind1(:)
host:0x49cf2550 device:0x4008725fc600 size:720 presentcount:0+1 line:569 name:var%indcol(:)
host:0x49cf2850 device:0x40074812e800 size:180000 presentcount:0+4 line:482 name:var%i2(:)
host:0x49d1e7a0 device:0x40074815a800 size:180000 presentcount:0+4 line:482 name:var%i3(:)
host:0x49d4a6f0 device:0x4008723bca00 size:180000 presentcount:0+8 line:482 name:var%index(:,:)
host:0x49d76640 device:0x4008729bca00 size:180000 presentcount:0+8 line:482 name:var%i2(:)
host:0x49da2590 device:0x400748186800 size:180000 presentcount:0+8 line:482 name:var%i3(:)
host:0x49dceb10 device:0x400872400000 size:1821184 presentcount:0+3 line:616 name:var%nindpw(:,:)
host:0x49f8b540 device:0x40061e5fac00 size:8 presentcount:0+2 line:616 name:var%nb_totk(:,:)
host:0x49f8b570 device:0x4008723fd400 size:4 presentcount:0+2 line:616 name:var%luseinv(:)
host:0x49f8b5a0 device:0x40061e5ee600 size:4 presentcount:0+2 line:616 name:var%at_gamma(:)
host:0x49f8b5d0 device:0x4008725bca00 size:180000 presentcount:0+3 line:616 name:var%pl_index(:,:)
host:0x49fb7520 device:0x4008727bca00 size:180000 presentcount:0+3 line:616 name:var%pl_col(:,:)
host:0x49fe3690 device:0x4008723fee00 size:8 presentcount:0+2 line:405 name:var%lmmax(:)
host:0x49fe36c0 device:0x4008723f0200 size:4324 presentcount:0+2 line:405 name:var%lmbase(:)
host:0x49fe47d0 device:0x4007f51ffe00 size:8 presentcount:0+2 line:430 name:var%lmax(:)
host:0x49fe4800 device:0x40061e5ee400 size:8 presentcount:0+2 line:430 name:var%lmmax(:)
host:0x49fe4830 device:0x40061e5ee800 size:8 presentcount:0+2 line:430 name:var%channels(:)
host:0x49fe4860 device:0x4008153ff800 size:16 presentcount:0+2 line:430 name:var%rsmooth(:)
host:0x4a055100 device:0x4008725fa400 size:516 presentcount:0+1 line:499 name:var%ptr(:)
host:0x4a055330 device:0x4008725fa000 size:516 presentcount:0+1 line:499 name:var%n(:)
host:0x4a055560 device:0x4008725fb400 size:516 presentcount:0+1 line:499 name:var%ptr(:)
host:0x4a055790 device:0x4008725fb000 size:516 presentcount:0+1 line:499 name:var%n(:)
host:0x4a0559c0 device:0x4008725fbc00 size:516 presentcount:0+1 line:499 name:var%ptri(:)
host:0x4a055bf0 device:0x4008725fb800 size:516 presentcount:0+1 line:499 name:var%ni(:)
host:0x4a061a50 device:0x4008725f2c00 size:516 presentcount:0+1 line:499 name:var%ptr(:)
host:0x4a061c80 device:0x4008725f2800 size:516 presentcount:0+1 line:499 name:var%n(:)
host:0x4a061eb0 device:0x4008725f3400 size:516 presentcount:0+1 line:499 name:var%ptri(:)
host:0x4a0620e0 device:0x4008725f3000 size:516 presentcount:0+1 line:499 name:var%ni(:)
host:0x4a062310 device:0x4008725f3c00 size:516 presentcount:0+1 line:499 name:var%ptr(:)
host:0x4a062540 device:0x4008725f3800 size:516 presentcount:0+1 line:499 name:var%n(:)
host:0x4a062770 device:0x4008725f4400 size:516 presentcount:0+1 line:499 name:var%ptri(:)
host:0x4a0629a0 device:0x4008725f4000 size:516 presentcount:0+1 line:499 name:var%ni(:)
host:0x4a1b4c60 device:0x4008fc200000 size:7284736 presentcount:0+3 line:616 name:var%datake(:,:,:)
host:0x4a8a7ee0 device:0x400872600000 size:1821184 presentcount:0+3 line:616 name:var%igx(:,:)
host:0x4aa65570 device:0x400872200000 size:1821184 presentcount:0+3 line:616 name:var%igy(:,:)
host:0x4ac22e10 device:0x400872800000 size:1821184 presentcount:0+3 line:616 name:var%igz(:,:)
host:0x4ade0ce0 device:0x400873200000 size:7284272 presentcount:0+4 line:519 name:var%fftsca(:,:)
host:0x4b4d3340 device:0x4008fb800000 size:230400 presentcount:0+1 line:499 name:var%tbl(:)
host:0x4b543ba0 device:0x400cd23b9400 size:181440 presentcount:0+1 line:499 name:var%tbl(:)
host:0x4b571740 device:0x4008fba00000 size:1807360 presentcount:0+1 line:499 name:var%tbl(:)
host:0x4b8e7330 device:0x400cd2000000 size:1807200 presentcount:0+1 line:499 name:var%tbli(:)
host:0x4baa23a0 device:0x400cd2200000 size:1807200 presentcount:0+1 line:499 name:var%tbl(:)
host:0x4bde0030 device:0x4008153f4000 size:41984 presentcount:0+1 line:746 name:var%auxtot(:,:,:)
host:0x4bdf2420 device:0x40061e5e4000 size:41984 presentcount:0+2 line:746 name:var%fertot(:,:,:)
host:0x4be18ab0 device:0x400cd2400000 size:1807200 presentcount:0+1 line:499 name:var%tbli(:)
host:0x4ca38630 device:0x40074811a000 size:83968 presentcount:0+2 line:746 name:var%celtot(:,:,:)
host:0x4cd10890 device:0x400871e00000 size:2799360 presentcount:0+2 line:194 name:cdij(:,:,:,:)
host:0x4e106af0 device:0x400872a00000 size:7200000 presentcount:0+1 line:195 name:dencor(:)
host:0x4eed0ff0 device:0x400cd2600000 size:2799360 presentcount:0+2 line:194 name:cqij(:,:,:,:)
host:0x4f430ca0 device:0x4008fbe00000 size:4030464 presentcount:0+5 line:746 name:var%gproj(:,:,:,:)
host:0x4fa42ba0 device:0x4007481ca800 size:98304 presentcount:0+1 line:1101 name:w1%gproj(:)
host:0x566286d0 device:0x400eb5600000 size:3145728 presentcount:0+2 line:1226 name:wa%gproj(:,:)
host:0x5a917810 device:0x4008729fe200 size:2048 presentcount:0+1 line:179 name:w1(:)
host:0x5a918030 device:0x400cd21f5600 size:2048 presentcount:0+1 line:179 name:wtmp(:)
host:0x5a91b880 device:0x400eb6200000 size:7284736 presentcount:0+1 line:1101 name:w1%cptwfp(:)
host:0x5b017ee0 device:0x4008fb940a00 size:393216 presentcount:0+2 line:1226 name:wa%gproj(:,:)
host:0x5b077f10 device:0x400cc30c0000 size:393216 presentcount:0+2 line:1226 name:wa%gproj(:,:)
host:0x5b0d7f40 device:0x4007481b2800 size:98304 presentcount:0+1 line:1101 name:w1%gproj(:)
host:0x5b0eff70 device:0x400cd23e5a00 size:98304 presentcount:0+1 line:1101 name:w1%gproj(:)
host:0x5b107fa0 device:0x4007481e2800 size:98304 presentcount:0+1 line:1101 name:w1%gproj(:)
host:0x5b27f630 device:0x400eb6a00000 size:14569472 presentcount:0+1 line:202 name:precon(:,:)
host:0x5c06be00 device:0x400d71e00000 size:7284736 presentcount:0+1 line:1101 name:w1%cptwfp(:)
host:0x5c766400 device:0x400cd0200000 size:7284736 presentcount:0+1 line:1101 name:w1%cptwfp(:)
host:0x5ce61030 device:0x400eb5a00000 size:7284736 presentcount:0+1 line:1101 name:w1%cptwfp(:)
host:0x40064c0010a0 device:0x400873a00000 size:45593280 presentcount:0+2 line:430 name:var%nli(:,:)
host:0x40064eb839e0 device:0x400cd2a00000 size:14458880 presentcount:0+1 line:195 name:cstrf(:,:)
host:0x4006b23131a0 device:0x4008e0000000 size:230400000 presentcount:0+2 line:194 name:sv(:,:)
host:0x4007600012b0 device:0x400880000000 size:807411968 presentcount:0+2 line:430 name:var%rproj(:)
host:0x400791dd6f80 device:0x400eb1e00000 size:29138944 presentcount:0+2 line:1226 name:wa%cptwfp(:,:)
host:0x400796a57190 device:0x400eb3a00000 size:29138944 presentcount:0+2 line:1226 name:wa%cptwfp(:,:)
host:0x400840004a60 device:0x400860000000 size:298674176 presentcount:0+5 line:746 name:var%cptwfp(:,:,:,:)
host:0x4008d1ce73a0 device:0x400d60000000 size:233111552 presentcount:0+2 line:1226 name:wa%cptwfp(:,:)
host:0x400940000020 device:0x400660000000 size:230400000 presentcount:0+1 line:1101 name:w1%cr(:)
host:0x4009a00079d0 device:0x400ca0000000 size:230400000 presentcount:0+1 line:1101 name:w1%cr(:)
host:0x4009adbd7be0 device:0x4008b0400000 size:230400000 presentcount:0+1 line:1236 name:w1%cr(:)
host:0x400ac0008000 device:0x4008edc00000 size:230400000 presentcount:0+1 line:1101 name:w1%cr(:)
host:0x400acdbd8210 device:0x400831000000 size:230400000 presentcount:0+1 line:1236 name:w1%cr(:)
host:0x400c20000230 device:0x400e91e00000 size:230400000 presentcount:0+1 line:1236 name:w1%cr(:)
host:0x400c2dbc0650 device:0x400e71e00000 size:230400000 presentcount:0+1 line:1101 name:w1%cr(:)
host:0x400c80000860 device:0x400e51e00000 size:230400000 presentcount:0+1 line:1236 name:w1%cr(:)
host:0xfffff60f9000 device:0x400cd21f6200 size:3024 presentcount:0+12 line:682 name:var
host:0xfffff60f9bd0 device:0x4007d53ff600 size:1480 presentcount:0+1 line:174 name:w_ini
host:0xfffff60fa1a0 device:0x4008725ff600 size:1480 presentcount:0+1 line:174 name:wopt
host:0xfffff60fa770 device:0x4007f51fa400 size:1480 presentcount:0+1 line:174 name:wtmpa
allocated block device:0x40061e5e4000 size:41984 thread:1
allocated block device:0x40061e5ee400 size:512 thread:1
allocated block device:0x40061e5ee600 size:512 thread:1
allocated block device:0x40061e5ee800 size:512 thread:1
allocated block device:0x40061e5eea00 size:512 thread:1
allocated block device:0x40061e5eec00 size:5120 thread:1
allocated block device:0x40061e5f0000 size:1536 thread:1
allocated block device:0x40061e5f0600 size:1024 thread:1
allocated block device:0x40061e5f0a00 size:1024 thread:1
allocated block device:0x40061e5f0e00 size:1536 thread:1
allocated block device:0x40061e5f1400 size:1024 thread:1
allocated block device:0x40061e5f1800 size:1024 thread:1
allocated block device:0x40061e5f1c00 size:17408 thread:1
allocated block device:0x40061e5f6000 size:17408 thread:1
allocated block device:0x40061e5fa400 size:2048 thread:1
allocated block device:0x40061e5fac00 size:512 thread:1
allocated block device:0x40061e5fae00 size:4608 thread:1
allocated block device:0x40061e5fc000 size:512 thread:1
allocated block device:0x40061e5fc200 size:4608 thread:1
allocated block device:0x40061e5fd400 size:3072 thread:1
allocated block device:0x40061e5fe000 size:512 thread:1
allocated block device:0x40061e5fe200 size:512 thread:1
allocated block device:0x40061e5fe400 size:512 thread:1
allocated block device:0x40061e5fe600 size:512 thread:1
allocated block device:0x40061e5fe800 size:512 thread:1
allocated block device:0x40061e5fea00 size:4608 thread:1
allocated block device:0x40061e5ffc00 size:512 thread:1
allocated block device:0x40061e5ffe00 size:512 thread:1
allocated block device:0x400660000000 size:298674176 thread:1
allocated block device:0x40074811a000 size:83968 thread:1
allocated block device:0x40074812e800 size:180224 thread:1
allocated block device:0x40074815a800 size:180224 thread:1
allocated block device:0x400748186800 size:180224 thread:1
allocated block device:0x4007481b2800 size:98304 thread:1
allocated block device:0x4007481ca800 size:98304 thread:1
allocated block device:0x4007481e2800 size:98304 thread:1
allocated block device:0x4007b53ff800 size:1024 thread:1
allocated block device:0x4007d53ff600 size:1536 thread:1
allocated block device:0x4007f51fa400 size:2048 thread:1
allocated block device:0x4007f51fae00 size:2560 thread:1
allocated block device:0x4007f51fb800 size:512 thread:1
allocated block device:0x4007f51fba00 size:4608 thread:1
allocated block device:0x4007f51fcc00 size:512 thread:1
allocated block device:0x4007f51fce00 size:4608 thread:1
allocated block device:0x4007f51fe000 size:512 thread:1
allocated block device:0x4007f51fe200 size:4608 thread:1
allocated block device:0x4007f51ff400 size:512 thread:1
allocated block device:0x4007f51ff600 size:512 thread:1
allocated block device:0x4007f51ff800 size:512 thread:1
allocated block device:0x4007f51ffa00 size:512 thread:1
allocated block device:0x4007f51ffc00 size:512 thread:1
allocated block device:0x4007f51ffe00 size:512 thread:1
allocated block device:0x4008153f4000 size:41984 thread:1
allocated block device:0x4008153fe400 size:5120 thread:1
allocated block device:0x4008153ff800 size:512 thread:1
allocated block device:0x4008153ffa00 size:512 thread:1
allocated block device:0x4008153ffc00 size:512 thread:1
allocated block device:0x4008153ffe00 size:512 thread:1
allocated block device:0x400831000000 size:230400000 thread:1
allocated block device:0x400860000000 size:298674176 thread:1
allocated block device:0x400871e00000 size:4030464 thread:1
allocated block device:0x400872200000 size:1821184 thread:1
allocated block device:0x4008723bca00 size:180224 thread:1
allocated block device:0x4008723e8a00 size:26112 thread:1
allocated block device:0x4008723ef000 size:4608 thread:1
allocated block device:0x4008723f0200 size:4608 thread:1
allocated block device:0x4008723f1400 size:24064 thread:1
allocated block device:0x4008723f7200 size:512 thread:1
allocated block device:0x4008723f7400 size:24064 thread:1
allocated block device:0x4008723fd200 size:512 thread:1
allocated block device:0x4008723fd400 size:512 thread:1
allocated block device:0x4008723fd600 size:3072 thread:1
allocated block device:0x4008723fe200 size:3072 thread:1
allocated block device:0x4008723fee00 size:512 thread:1
allocated block device:0x4008723ff000 size:1536 thread:1
allocated block device:0x4008723ff600 size:2560 thread:1
allocated block device:0x400872400000 size:1821184 thread:1
allocated block device:0x4008725bca00 size:180224 thread:1
allocated block device:0x4008725e8a00 size:5120 thread:1
allocated block device:0x4008725e9e00 size:1536 thread:1
allocated block device:0x4008725ea400 size:2048 thread:1
allocated block device:0x4008725eac00 size:7680 thread:1
allocated block device:0x4008725eca00 size:7680 thread:1
allocated block device:0x4008725ee800 size:3072 thread:1
allocated block device:0x4008725ef400 size:3072 thread:1
allocated block device:0x4008725f0000 size:5120 thread:1
allocated block device:0x4008725f1400 size:5120 thread:1
allocated block device:0x4008725f2800 size:1024 thread:1
allocated block device:0x4008725f2c00 size:1024 thread:1
allocated block device:0x4008725f3000 size:1024 thread:1
allocated block device:0x4008725f3400 size:1024 thread:1
allocated block device:0x4008725f3800 size:1024 thread:1
allocated block device:0x4008725f3c00 size:1024 thread:1
allocated block device:0x4008725f4000 size:1024 thread:1
allocated block device:0x4008725f4400 size:1024 thread:1
allocated block device:0x4008725f4800 size:5120 thread:1
allocated block device:0x4008725f5c00 size:1536 thread:1
allocated block device:0x4008725f6200 size:1024 thread:1
allocated block device:0x4008725f6600 size:1024 thread:1
allocated block device:0x4008725f6a00 size:1536 thread:1
allocated block device:0x4008725f7000 size:1024 thread:1
allocated block device:0x4008725f7400 size:1024 thread:1
allocated block device:0x4008725f7800 size:1024 thread:1
allocated block device:0x4008725f7c00 size:3072 thread:1
allocated block device:0x4008725f8800 size:3072 thread:1
allocated block device:0x4008725f9400 size:1536 thread:1
allocated block device:0x4008725f9a00 size:1536 thread:1
allocated block device:0x4008725fa000 size:1024 thread:1
allocated block device:0x4008725fa400 size:1024 thread:1
allocated block device:0x4008725fa800 size:1024 thread:1
allocated block device:0x4008725fac00 size:1024 thread:1
allocated block device:0x4008725fb000 size:1024 thread:1
allocated block device:0x4008725fb400 size:1024 thread:1
allocated block device:0x4008725fb800 size:1024 thread:1
allocated block device:0x4008725fbc00 size:1024 thread:1
allocated block device:0x4008725fc000 size:1536 thread:1
allocated block device:0x4008725fc600 size:1024 thread:1
allocated block device:0x4008725fca00 size:512 thread:1
allocated block device:0x4008725fcc00 size:2560 thread:1
allocated block device:0x4008725fd600 size:3072 thread:1
allocated block device:0x4008725ff600 size:2560 thread:1
allocated block device:0x400872600000 size:1821184 thread:1
allocated block device:0x4008727bca00 size:180224 thread:1
allocated block device:0x4008727e8a00 size:28672 thread:1
allocated block device:0x4008727efa00 size:40448 thread:1
allocated block device:0x4008727f9800 size:8192 thread:1
allocated block device:0x4008727fb800 size:8192 thread:1
allocated block device:0x4008727fd800 size:8192 thread:1
allocated block device:0x4008727ff800 size:512 thread:1
allocated block device:0x400872800000 size:1821184 thread:1
allocated block device:0x4008729bca00 size:180224 thread:1
allocated block device:0x4008729e8a00 size:40448 thread:1
allocated block device:0x4008729fe200 size:2048 thread:1
allocated block device:0x400872a00000 size:7284736 thread:1
allocated block device:0x400873200000 size:7284736 thread:1
allocated block device:0x400873a00000 size:45593600 thread:1
allocated block device:0x400880000000 size:807412224 thread:1
allocated block device:0x4008b0400000 size:230400000 thread:1
allocated block device:0x4008e0000000 size:230400000 thread:1
allocated block device:0x4008edc00000 size:230400000 thread:1
allocated block device:0x4008fb800000 size:391680 thread:1
allocated block device:0x4008fb85fa00 size:921600 thread:1
allocated block device:0x4008fb940a00 size:393216 thread:1
allocated block device:0x4008fba00000 size:2799616 thread:1
allocated block device:0x4008fbe00000 size:4030464 thread:1
allocated block device:0x4008fc200000 size:7284736 thread:1
allocated block device:0x400ca0000000 size:230400000 thread:1
allocated block device:0x400cc30c0000 size:393216 thread:1
allocated block device:0x400cd0200000 size:7284736 thread:1
allocated block device:0x400cd2000000 size:1807360 thread:1
allocated block device:0x400cd21b9400 size:181760 thread:1
allocated block device:0x400cd21f5600 size:3072 thread:1
allocated block device:0x400cd21f6200 size:3072 thread:1
allocated block device:0x400cd2200000 size:1807360 thread:1
allocated block device:0x400cd23b9400 size:181760 thread:1
allocated block device:0x400cd23e5a00 size:98304 thread:1
allocated block device:0x400cd2400000 size:1807360 thread:1
allocated block device:0x400cd2600000 size:2799616 thread:1
allocated block device:0x400cd2a00000 size:14458880 thread:1
allocated block device:0x400d60000000 size:298674176 thread:1
allocated block device:0x400d71e00000 size:7284736 thread:1
allocated block device:0x400e51e00000 size:230400000 thread:1
allocated block device:0x400e71e00000 size:230400000 thread:1
allocated block device:0x400e91e00000 size:230400000 thread:1
allocated block device:0x400eb1e00000 size:29138944 thread:1
allocated block device:0x400eb3a00000 size:29138944 thread:1
allocated block device:0x400eb5600000 size:3145728 thread:1
allocated block device:0x400eb5a00000 size:7284736 thread:1
allocated block device:0x400eb6200000 size:7284736 thread:1
allocated block device:0x400eb6a00000 size:14569472 thread:1
Accelerator Fatal Error: call to cuMemAlloc returned error 2 (CUDA_ERROR_OUT_OF_MEMORY): Out of memory
 File: /lus/lfs1aip2/projects/u6cb/software/VASP/vasp.6.5.1/build/gam/hamil.f90
 Function: hamiltmu:978
 Line: 1005

Out of memory allocating 921600000 bytes of device memory
Failing in Thread:1
total/free CUDA memory: 102005473280/314179584
Present table dump for device[1]: NVIDIA Tesla GPU 0, compute capability 9.0, threadid=1
Hint: specify 0x800 bit in NV_ACC_DEBUG for verbose info.
host:0x2557280 device:0x4004be5fc000 size:32 presentcount:0+3 line:643 name:var%comm
host:0x25572a0 device:0x40069c1ffa00 size:32 presentcount:0+4 line:652 name:var%comm_kinter
Out of memory allocating 921600000 bytes of device memory
Failing in Thread:1
total/free CUDA memory: 102005473280/316604416
Present table dump for device[1]: NVIDIA Tesla GPU 0, compute capability 9.0, threadid=1
Hint: specify 0x800 bit in NV_ACC_DEBUG for verbose info.
host:0x2557280 device:0x40043e3fd800 size:32 presentcount:0+3 line:643 name:var%comm
host:0x25572a0 device:0x40043e3ef600 size:32 presentcount:0+4 line:652 name:var%comm_kinter
host:0x25572c0 device:0x40043e3ef800 size:32 presentcount:0+6 line:655 name:var%comm_kin
host:0x25572e0 device:0x40061c3ffa00 size:32 presentcount:0+3 line:646 name:var%comm_inter
host:0x2557300 device:0x40061c3ffc00 size:32 presentcount:0+7 line:649 name:var%comm_inb
host:0x256be80 device:0x40043a0ecd00 size:8 presentcount:0+1 line:-1 name:_setexm_struct_def_21
host:0x2576f40 device:0x40043a0ece00 size:28 presentcount:0+1 line:-1 name:_ml_ff_constant_21
host:0x2577c80 device:0x40043a0ecf00 size:30437 presentcount:0+1 line:-1 name:_ml_ff_taglist_21
host:0x25afc80 device:0x40043a0f4600 size:8 presentcount:0+1 line:-1 name:_mopenacc_tutor_21
host:0x25c2740 device:0x40043a0f4a00 size:32 presentcount:0+1 line:-1 name:_mbj_21
host:0x25cd640 device:0x40043a0f4d00 size:8 presentcount:0+1 line:-1 name:_sym_prec_21
host:0x26030c0 device:0x40043a0f4e00 size:344 presentcount:0+1 line:-1 name:_tet_21
host:0x261c840 device:0x40043a0f5000 size:392 presentcount:0+1 line:-1 name:_mymath_21
host:0x2817368 device:0x40043e3f0400 size:4800 presentcount:0+2 line:614 name:var
host:0x2818628 device:0x40043e3fbc00 size:1984 presentcount:0+2 line:403 name:var
host:0x281a910 device:0x4005fc1ffa00 size:864 presentcount:0+4 line:2639 name:hamiltonian
host:0x286ac80 device:0x40043e3fec00 size:2712 presentcount:0+2 line:428 name:var
host:0x286b718 device:0x40061c3fc600 size:2248 presentcount:0+1 line:742 name:var
host:0x286eb50 device:0x400b121ffc00 size:288 presentcount:0+1 line:195 name:latt_cur
host:0x2871658 device:0x40063c1fe400 size:5088 presentcount:0+28 line:517 name:var
host:0x2872a38 device:0x4006925f6000 size:5088 presentcount:0+6 line:517 name:var
host:0x2873e18 device:0x4006925e9600 size:5088 presentcount:0+7 line:517 name:var
host:0x287a2a8 device:0x40061c3ff800 size:304 presentcount:0+1 line:567 name:var
host:0x287a3d8 device:0x4006925fe200 size:304 presentcount:0+1 line:567 name:var
host:0x2e48ec0 device:0x40043a002600 size:960024 presentcount:0+1 line:-1 name:_setexm_struct_def_16
host:0x2f8f080 device:0x40043a0f4700 size:580 presentcount:0+1 line:-1 name:_wpbe_16
host:0x2f8f900 device:0x40043a0f4b00 size:288 presentcount:0+1 line:-1 name:_mbj_16
host:0x9f446c0 device:0x40043a0f5200 size:624 presentcount:0+1 line:-1 name:_mlr_optic_16
host:0x12948370 device:0x40063c1ffa00 size:400 presentcount:0+2 line:464 name:var
host:0x12948500 device:0x40063c1ffe00 size:400 presentcount:0+2 line:464 name:var
host:0x12d8f080 device:0x4006925f9000 size:528 presentcount:0+1 line:480 name:var
host:0x16fdffd0 device:0x40061c3ffe00 size:8 presentcount:0+4 line:405 name:var%nityp(:)
host:0x174de7e0 device:0x40043e3f2200 size:1000 presentcount:0+4 line:519 name:var%lpctz(:)
host:0x17961ba0 device:0x4006927e8a00 size:28464 presentcount:0+1 line:853 name:var(:)
host:0x17974320 device:0x4006929e8a00 size:40000 presentcount:0+1 line:857 name:var%psp(:,:)
host:0x1797df90 device:0x400b123fbc00 size:8000 presentcount:0+1 line:857 name:var%psprho(:)
host:0x17981220 device:0x4006923f8c00 size:24000 presentcount:0+2 line:466 name:var%psprnl(:,:,:)
host:0x179b0c00 device:0x4006923f0400 size:4320 presentcount:0+4 line:405 name:var%ityp(:)
host:0x179b1d10 device:0x4006923e8a00 size:25920 presentcount:0+4 line:405 name:var%posion(:,:)
host:0x179f4f70 device:0x400b121fbc00 size:8000 presentcount:0+1 line:857 name:var%pspcor(:)
host:0x179f6ee0 device:0x400b121fdc00 size:8000 presentcount:0+1 line:857 name:var%psprho(:)
host:0x179faa50 device:0x4006927efa00 size:40000 presentcount:0+1 line:857 name:var%psp(:,:)
host:0x17a046c0 device:0x4006923f2a00 size:24000 presentcount:0+2 line:466 name:var%psprnl(:,:,:)
host:0x17a176c0 device:0x4006923ef000 size:8 presentcount:0+2 line:616 name:var%wtkpt(:)
host:0x17a178f0 device:0x4006925fbc00 size:516 presentcount:0+1 line:499 name:var%ptr(:)
host:0x17a44740 device:0x40063c1ffc00 size:24 presentcount:0+3 line:466 name:var%lps(:)
host:0x17a447f0 device:0x40061c3fd000 size:24 presentcount:0+3 line:466 name:var%lps(:)
host:0x17a9fa10 device:0x40043e3ffe00 size:24 presentcount:0+3 line:616 name:var%vkpt(:,:)
host:0x17ac4b30 device:0x40043e3ffa00 size:8 presentcount:0+3 line:616 name:var%nityp(:)
host:0x17ac4cf0 device:0x40043e3f0200 size:16 presentcount:0+2 line:430 name:var%psrmax(:)
host:0x17ac52b0 device:0x4006923ef200 size:4320 presentcount:0+3 line:616 name:var%ityp(:)
host:0x17ac63c0 device:0x40043e3ff800 size:8 presentcount:0+3 line:616 name:var%lmmax(:)
host:0x17ac63f0 device:0x40043e3ffc00 size:8 presentcount:0+3 line:616 name:var%nt_global(:)
host:0x17ac6420 device:0x40043e3fda00 size:4320 presentcount:0+3 line:616 name:var%npro_pos(:)
host:0x17ac7530 device:0x40043e3fc600 size:4324 presentcount:0+3 line:616 name:var%lmbase(:)
host:0x17ac8640 device:0x4006923f8800 size:4 presentcount:0+2 line:616 name:var%nplwkp(:)
host:0x17ac8670 device:0x4006923f8a00 size:4 presentcount:0+2 line:616 name:var%nplwkp_tot(:)
host:0x17ac86a0 device:0x4006923fea00 size:4 presentcount:0+2 line:616 name:var%ngvector_pos(:)
host:0x17ac86d0 device:0x4006923f2800 size:4 presentcount:0+2 line:616 name:var%ngvector(:)
host:0x17ac8700 device:0x40043e3f1800 size:1280 presentcount:0+4 line:519 name:var%lpctx(:)
host:0x17ac8c30 device:0x40043e3f1e00 size:720 presentcount:0+4 line:519 name:var%lpcty(:)
host:0x17ac8f30 device:0x40043e3f2600 size:1280 presentcount:0+4 line:519 name:var%lpctx_(:)
host:0x17ac9460 device:0x40043e3f2c00 size:720 presentcount:0+4 line:519 name:var%lpcty_(:)
host:0x17ac9760 device:0x40043e3f3000 size:1000 presentcount:0+4 line:519 name:var%lpctz_(:)
host:0x17ac9b70 device:0x4006925f7400 size:1280 presentcount:0+1 line:519 name:var%lpctx(:)
host:0x17aca0a0 device:0x4006925f7a00 size:720 presentcount:0+1 line:519 name:var%lpcty(:)
host:0x17aca3a0 device:0x4006925f7e00 size:1000 presentcount:0+1 line:519 name:var%lpctz(:)
host:0x17aca7b0 device:0x4006925f8200 size:1280 presentcount:0+1 line:519 name:var%lpctx_(:)
host:0x17acace0 device:0x4006925f8800 size:720 presentcount:0+1 line:519 name:var%lpcty_(:)
host:0x17acafe0 device:0x4006925f8c00 size:1000 presentcount:0+1 line:519 name:var%lpctz_(:)
host:0x17acb3f0 device:0x4006923fee00 size:2560 presentcount:0+1 line:519 name:var%lpctx(:)
host:0x17acbe20 device:0x4006925eaa00 size:1440 presentcount:0+1 line:519 name:var%lpcty(:)
host:0x17acc3f0 device:0x4006925e8a00 size:2000 presentcount:0+1 line:519 name:var%lpctz(:)
host:0x17accbf0 device:0x4006925eb000 size:2560 presentcount:0+1 line:519 name:var%lpctx_(:)
host:0x17acd620 device:0x4006925eba00 size:1440 presentcount:0+1 line:519 name:var%lpcty_(:)
host:0x17acdbf0 device:0x4006925ec000 size:2000 presentcount:0+1 line:519 name:var%lpctz_(:)
host:0x17bb9cd0 device:0x4006925f0400 size:2824 presentcount:0+1 line:482 name:var%i2(:)
host:0x17bba800 device:0x4006925f1000 size:2824 presentcount:0+1 line:482 name:var%i3(:)
host:0x17bbb330 device:0x4006925f1c00 size:5020 presentcount:0+1 line:482 name:var%i2(:)
host:0x17bbc700 device:0x4006925f3000 size:5020 presentcount:0+1 line:482 name:var%i3(:)
host:0x17bbdad0 device:0x4006925ec800 size:7200 presentcount:0+2 line:482 name:var%i2(:)
host:0x17bbf720 device:0x4006925ee600 size:7200 presentcount:0+2 line:482 name:var%i3(:)
host:0x17bc1790 device:0x400734c5fa00 size:921600 presentcount:0+2 line:482 name:var%index(:,:)
host:0x17ca27c0 device:0x4006925fe400 size:2560 presentcount:0+1 line:569 name:var%ind1(:)
host:0x17ca31f0 device:0x4006925fee00 size:2824 presentcount:0+1 line:569 name:var%indcol(:)
host:0x17ca3d20 device:0x4006925f9400 size:2824 presentcount:0+1 line:482 name:var%i2(:)
host:0x17ca4850 device:0x4006925fa000 size:2824 presentcount:0+1 line:482 name:var%i3(:)
host:0x17ca5380 device:0x4006925fac00 size:1512 presentcount:0+1 line:482 name:var%i2(:)
host:0x17ca5990 device:0x4006925fb200 size:1512 presentcount:0+1 line:482 name:var%i3(:)
host:0x17ca5fa0 device:0x40061c3fd200 size:4320 presentcount:0+2 line:430 name:var%nlimax(:)
host:0x17ca70b0 device:0x40061c3fe600 size:4324 presentcount:0+2 line:430 name:var%lmbase(:)
host:0x17ca81c0 device:0x40043e3ee400 size:4324 presentcount:0+2 line:430 name:var%nlibase(:)
host:0x17ca92d0 device:0x40043e3f3400 size:17132 presentcount:0+4 line:519 name:var%nindpwconjg(:)
host:0x17cad5f0 device:0x40043e3f7800 size:17132 presentcount:0+4 line:519 name:var%ind_in_sphere(:)
host:0x17cb2530 device:0x4006925fb800 size:516 presentcount:0+1 line:499 name:var%n(:)
host:0x17cdf510 device:0x4006925fd800 size:1280 presentcount:0+1 line:569 name:var%ind1(:)
host:0x17cdfa40 device:0x4006925fde00 size:724 presentcount:0+1 line:569 name:var%indcol(:)
host:0x17cdfd40 device:0x40056e32e800 size:180000 presentcount:0+4 line:482 name:var%i2(:)
host:0x17d0bc90 device:0x40056e35a800 size:180000 presentcount:0+4 line:482 name:var%i3(:)
host:0x17d37be0 device:0x4006923bca00 size:180000 presentcount:0+8 line:482 name:var%index(:,:)
host:0x17d63b30 device:0x4006929bca00 size:180000 presentcount:0+8 line:482 name:var%i2(:)
host:0x17d8fa80 device:0x40056e386800 size:180000 presentcount:0+8 line:482 name:var%i3(:)
host:0x17dbc000 device:0x400692400000 size:1821184 presentcount:0+3 line:616 name:var%nindpw(:,:)
host:0x17f78a30 device:0x40043e3fc400 size:8 presentcount:0+2 line:616 name:var%nb_totk(:,:)
host:0x17f78a60 device:0x4006923fec00 size:4 presentcount:0+2 line:616 name:var%luseinv(:)
host:0x17f78a90 device:0x40043e3efe00 size:4 presentcount:0+2 line:616 name:var%at_gamma(:)
host:0x17f78ac0 device:0x4006925bca00 size:180000 presentcount:0+3 line:616 name:var%pl_index(:,:)
host:0x17fa4a10 device:0x4006927bca00 size:180000 presentcount:0+3 line:616 name:var%pl_col(:,:)
host:0x17fd0960 device:0x4006923ffa00 size:8 presentcount:0+2 line:405 name:var%lmmax(:)
host:0x17fd0990 device:0x40043e3efa00 size:8 presentcount:0+2 line:430 name:var%lmax(:)
host:0x17fd09c0 device:0x4006923f1600 size:4324 presentcount:0+2 line:405 name:var%lmbase(:)
host:0x17fd1ad0 device:0x40043e3efc00 size:8 presentcount:0+2 line:430 name:var%lmmax(:)
host:0x17fd1b00 device:0x40043e3f0000 size:8 presentcount:0+2 line:430 name:var%channels(:)
host:0x17fd1b30 device:0x40063c1ff800 size:16 presentcount:0+2 line:430 name:var%rsmooth(:)
host:0x180423d0 device:0x400734c00000 size:231680 presentcount:0+1 line:499 name:var%tbl(:)
host:0x180b3630 device:0x400b121b9400 size:272160 presentcount:0+1 line:499 name:var%tbli(:)
host:0x180f5d80 device:0x4006925fc400 size:516 presentcount:0+1 line:499 name:var%ptri(:)
host:0x180f5fb0 device:0x4006925fc000 size:516 presentcount:0+1 line:499 name:var%ni(:)
host:0x180f61e0 device:0x4006925fcc00 size:516 presentcount:0+1 line:499 name:var%ptr(:)
host:0x180f6410 device:0x4006925fc800 size:516 presentcount:0+1 line:499 name:var%n(:)
host:0x180f6640 device:0x40061c3fe400 size:4 presentcount:0+1 line:499 name:var%tbli(:)
host:0x180f6670 device:0x4006925fd400 size:516 presentcount:0+1 line:499 name:var%ptri(:)
host:0x180f68a0 device:0x4006925fd000 size:516 presentcount:0+1 line:499 name:var%ni(:)
host:0x180f8c80 device:0x4006925f4400 size:516 presentcount:0+1 line:499 name:var%ptr(:)
host:0x18103bd0 device:0x4006923ffc00 size:516 presentcount:0+1 line:499 name:var%n(:)
host:0x18103e00 device:0x4006925f4c00 size:516 presentcount:0+1 line:499 name:var%ptri(:)
host:0x18104030 device:0x4006925f4800 size:516 presentcount:0+1 line:499 name:var%ni(:)
host:0x18104260 device:0x4006925f5400 size:516 presentcount:0+1 line:499 name:var%ptr(:)
host:0x18104490 device:0x4006925f5000 size:516 presentcount:0+1 line:499 name:var%n(:)
host:0x181046c0 device:0x4006925f5c00 size:516 presentcount:0+1 line:499 name:var%ptri(:)
host:0x181048f0 device:0x4006925f5800 size:516 presentcount:0+1 line:499 name:var%ni(:)
host:0x1824c690 device:0x400735600000 size:7284736 presentcount:0+3 line:616 name:var%datake(:,:,:)
host:0x1893f910 device:0x400692600000 size:1821184 presentcount:0+3 line:616 name:var%igx(:,:)
host:0x18afcfa0 device:0x400692200000 size:1821184 presentcount:0+3 line:616 name:var%igy(:,:)
host:0x18cba840 device:0x400692800000 size:1821184 presentcount:0+3 line:616 name:var%igz(:,:)
host:0x18e78710 device:0x400693200000 size:7284272 presentcount:0+4 line:519 name:var%fftsca(:,:)
host:0x1956ad70 device:0x400b123b9400 size:272160 presentcount:0+1 line:499 name:var%tbl(:)
host:0x196832d0 device:0x400734e00000 size:1807360 presentcount:0+1 line:499 name:var%tbl(:)
host:0x199f8ec0 device:0x400b12000000 size:1807200 presentcount:0+1 line:499 name:var%tbli(:)
host:0x19bb3f30 device:0x400b12200000 size:1807200 presentcount:0+1 line:499 name:var%tbl(:)
host:0x19f2a640 device:0x400b12400000 size:1807200 presentcount:0+1 line:499 name:var%tbli(:)
host:0x1ab62420 device:0x40063c1f4000 size:41984 presentcount:0+1 line:746 name:var%auxtot(:,:,:)
host:0x1ab92420 device:0x40043e3e4000 size:41984 presentcount:0+2 line:746 name:var%fertot(:,:,:)
host:0x1aba0030 device:0x40056e31a000 size:83968 presentcount:0+2 line:746 name:var%celtot(:,:,:)
host:0x1adcd760 device:0x400691e00000 size:2799360 presentcount:0+2 line:194 name:cdij(:,:,:,:)
host:0x1c1d1070 device:0x400692a00000 size:7200000 presentcount:0+1 line:195 name:dencor(:)
host:0x1cf9b570 device:0x400b12600000 size:2799360 presentcount:0+2 line:194 name:cqij(:,:,:,:)
host:0x1d4fb220 device:0x400735200000 size:4030464 presentcount:0+5 line:746 name:var%gproj(:,:,:,:)
host:0x1db8a070 device:0x40056e3b2800 size:98304 presentcount:0+1 line:1101 name:w1%gproj(:)
host:0x24713c00 device:0x400734d40a00 size:393216 presentcount:0+2 line:1226 name:wa%gproj(:,:)
host:0x24773c30 device:0x400b038c0000 size:393216 presentcount:0+2 line:1226 name:wa%gproj(:,:)
host:0x247dafe0 device:0x400c95600000 size:3145728 presentcount:0+2 line:1226 name:wa%gproj(:,:)
host:0x289f1bb0 device:0x40056e3ca800 size:98304 presentcount:0+1 line:1101 name:w1%gproj(:)
host:0x28a1b050 device:0x4006929fcc00 size:2048 presentcount:0+1 line:179 name:w1(:)
host:0x28a1e9a0 device:0x4006927fa600 size:2048 presentcount:0+1 line:179 name:wtmp(:)
host:0x28a29230 device:0x400b71e00000 size:7284736 presentcount:0+1 line:1101 name:w1%cptwfp(:)
host:0x2911ba60 device:0x400b125b9400 size:98304 presentcount:0+1 line:1101 name:w1%gproj(:)
host:0x29133a90 device:0x400b125d1400 size:98304 presentcount:0+1 line:1101 name:w1%gproj(:)
host:0x29371ee0 device:0x400c96a00000 size:14569472 presentcount:0+1 line:202 name:precon(:,:)
host:0x2a15ead0 device:0x400b0fa00000 size:7284736 presentcount:0+1 line:1101 name:w1%cptwfp(:)
host:0x2a8594f0 device:0x400c95a00000 size:7284736 presentcount:0+1 line:1101 name:w1%cptwfp(:)
host:0x2af4bf30 device:0x400c96200000 size:7284736 presentcount:0+1 line:1101 name:w1%cptwfp(:)
host:0x40047c0010a0 device:0x400693a00000 size:45593280 presentcount:0+2 line:430 name:var%nli(:,:)
host:0x40047eb839e0 device:0x400b12a00000 size:14458880 presentcount:0+1 line:195 name:cstrf(:,:)
host:0x4004ca3131a0 device:0x4006edc00000 size:230400000 presentcount:0+2 line:194 name:sv(:,:)
host:0x4004dadb6d70 device:0x400c91e00000 size:29138944 presentcount:0+2 line:1226 name:wa%cptwfp(:,:)
host:0x4005800012b0 device:0x4006a0000000 size:807411968 presentcount:0+2 line:430 name:var%rproj(:)
host:0x4005b0216f80 device:0x400c93a00000 size:29138944 presentcount:0+2 line:1226 name:wa%cptwfp(:,:)
host:0x4005b1df7190 device:0x400b60000000 size:233111552 presentcount:0+2 line:1226 name:wa%cptwfp(:,:)
host:0x400660004a60 device:0x400680000000 size:298674176 presentcount:0+5 line:746 name:var%cptwfp(:,:,:,:)
host:0x400671ce77c0 device:0x400480000000 size:230400000 presentcount:0+1 line:1101 name:w1%cr(:)
host:0x4007a00079d0 device:0x4006d0400000 size:230400000 presentcount:0+1 line:1236 name:w1%cr(:)
host:0x4007adbd7df0 device:0x400720000000 size:230400000 presentcount:0+1 line:1101 name:w1%cr(:)
host:0x4009c0008000 device:0x4006e0000000 size:230400000 presentcount:0+1 line:1236 name:w1%cr(:)
host:0x4009cdbd8420 device:0x400ae0000000 size:230400000 presentcount:0+1 line:1101 name:w1%cr(:)
host:0x400ac0000020 device:0x400c71e00000 size:230400000 presentcount:0+1 line:1236 name:w1%cr(:)
host:0x400acdbc0440 device:0x400c51e00000 size:230400000 presentcount:0+1 line:1101 name:w1%cr(:)
host:0x400b40000650 device:0x400c31e00000 size:230400000 presentcount:0+1 line:1236 name:w1%cr(:)
host:0xffffc571b490 device:0x4006927fb200 size:3024 presentcount:0+12 line:682 name:var
host:0xffffc571c060 device:0x4005dc5ff800 size:1480 presentcount:0+1 line:174 name:w_ini
host:0xffffc571c630 device:0x4006927f9c00 size:1480 presentcount:0+1 line:174 name:wopt
host:0xffffc571cc00 device:0x40061c3fbc00 size:1480 presentcount:0+1 line:174 name:wtmpa
allocated block device:0x40043e3e4000 size:41984 thread:1
allocated block device:0x40043e3ee400 size:4608 thread:1
allocated block device:0x40043e3ef600 size:512 thread:1
allocated block device:0x40043e3ef800 size:512 thread:1
allocated block device:0x40043e3efa00 size:512 thread:1
allocated block device:0x40043e3efc00 size:512 thread:1
allocated block device:0x40043e3efe00 size:512 thread:1
allocated block device:0x40043e3f0000 size:512 thread:1
allocated block device:0x40043e3f0200 size:512 thread:1
allocated block device:0x40043e3f0400 size:5120 thread:1
allocated block device:0x40043e3f1800 size:1536 thread:1
allocated block device:0x40043e3f1e00 size:1024 thread:1
allocated block device:0x40043e3f2200 size:1024 thread:1
allocated block device:0x40043e3f2600 size:1536 thread:1
allocated block device:0x40043e3f2c00 size:1024 thread:1
allocated block device:0x40043e3f3000 size:1024 thread:1
allocated block device:0x40043e3f3400 size:17408 thread:1
allocated block device:0x40043e3f7800 size:17408 thread:1
allocated block device:0x40043e3fbc00 size:2048 thread:1
allocated block device:0x40043e3fc400 size:512 thread:1
allocated block device:0x40043e3fc600 size:4608 thread:1
allocated block device:0x40043e3fd800 size:512 thread:1
allocated block device:0x40043e3fda00 size:4608 thread:1
allocated block device:0x40043e3fec00 size:3072 thread:1
allocated block device:0x40043e3ff800 size:512 thread:1
allocated block device:0x40043e3ffa00 size:512 thread:1
allocated block device:0x40043e3ffc00 size:512 thread:1
allocated block device:0x40043e3ffe00 size:512 thread:1
allocated block device:0x400480000000 size:230400000 thread:1
allocated block device:0x40056e31a000 size:83968 thread:1
allocated block device:0x40056e32e800 size:180224 thread:1
allocated block device:0x40056e35a800 size:180224 thread:1
allocated block device:0x40056e386800 size:180224 thread:1
allocated block device:0x40056e3b2800 size:98304 thread:1
allocated block device:0x40056e3ca800 size:98304 thread:1
allocated block device:0x4005dc5ff800 size:1536 thread:1
allocated block device:0x4005fc1ffa00 size:1024 thread:1
allocated block device:0x40061c3fbc00 size:2048 thread:1
allocated block device:0x40061c3fc600 size:2560 thread:1
allocated block device:0x40061c3fd000 size:512 thread:1
allocated block device:0x40061c3fd200 size:4608 thread:1
allocated block device:0x40061c3fe400 size:512 thread:1
allocated block device:0x40061c3fe600 size:4608 thread:1
allocated block device:0x40061c3ff800 size:512 thread:1
allocated block device:0x40061c3ffa00 size:512 thread:1
allocated block device:0x40061c3ffc00 size:512 thread:1
allocated block device:0x40061c3ffe00 size:512 thread:1
allocated block device:0x40063c1f4000 size:41984 thread:1
allocated block device:0x40063c1fe400 size:5120 thread:1
allocated block device:0x40063c1ff800 size:512 thread:1
allocated block device:0x40063c1ffa00 size:512 thread:1
allocated block device:0x40063c1ffc00 size:512 thread:1
allocated block device:0x40063c1ffe00 size:512 thread:1
allocated block device:0x400680000000 size:298674176 thread:1
allocated block device:0x400691e00000 size:4030464 thread:1
allocated block device:0x400692200000 size:1821184 thread:1
allocated block device:0x4006923bca00 size:180224 thread:1
allocated block device:0x4006923e8a00 size:26112 thread:1
allocated block device:0x4006923ef000 size:512 thread:1
allocated block device:0x4006923ef200 size:4608 thread:1
allocated block device:0x4006923f0400 size:4608 thread:1
allocated block device:0x4006923f1600 size:4608 thread:1
allocated block device:0x4006923f2800 size:512 thread:1
allocated block device:0x4006923f2a00 size:24064 thread:1
allocated block device:0x4006923f8800 size:512 thread:1
allocated block device:0x4006923f8a00 size:512 thread:1
allocated block device:0x4006923f8c00 size:24064 thread:1
allocated block device:0x4006923fea00 size:512 thread:1
allocated block device:0x4006923fec00 size:512 thread:1
allocated block device:0x4006923fee00 size:3072 thread:1
allocated block device:0x4006923ffa00 size:512 thread:1
allocated block device:0x4006923ffc00 size:1024 thread:1
allocated block device:0x400692400000 size:1821184 thread:1
allocated block device:0x4006925bca00 size:180224 thread:1
allocated block device:0x4006925e8a00 size:3072 thread:1
allocated block device:0x4006925e9600 size:5120 thread:1
allocated block device:0x4006925eaa00 size:1536 thread:1
allocated block device:0x4006925eb000 size:2560 thread:1
allocated block device:0x4006925eba00 size:1536 thread:1
allocated block device:0x4006925ec000 size:2048 thread:1
allocated block device:0x4006925ec800 size:7680 thread:1
allocated block device:0x4006925ee600 size:7680 thread:1
allocated block device:0x4006925f0400 size:3072 thread:1
allocated block device:0x4006925f1000 size:3072 thread:1
allocated block device:0x4006925f1c00 size:5120 thread:1
allocated block device:0x4006925f3000 size:5120 thread:1
allocated block device:0x4006925f4400 size:1024 thread:1
allocated block device:0x4006925f4800 size:1024 thread:1
allocated block device:0x4006925f4c00 size:1024 thread:1
allocated block device:0x4006925f5000 size:1024 thread:1
allocated block device:0x4006925f5400 size:1024 thread:1
allocated block device:0x4006925f5800 size:1024 thread:1
allocated block device:0x4006925f5c00 size:1024 thread:1
allocated block device:0x4006925f6000 size:5120 thread:1
allocated block device:0x4006925f7400 size:1536 thread:1
allocated block device:0x4006925f7a00 size:1024 thread:1
allocated block device:0x4006925f7e00 size:1024 thread:1
allocated block device:0x4006925f8200 size:1536 thread:1
allocated block device:0x4006925f8800 size:1024 thread:1
allocated block device:0x4006925f8c00 size:1024 thread:1
allocated block device:0x4006925f9000 size:1024 thread:1
allocated block device:0x4006925f9400 size:3072 thread:1
allocated block device:0x4006925fa000 size:3072 thread:1
allocated block device:0x4006925fac00 size:1536 thread:1
allocated block device:0x4006925fb200 size:1536 thread:1
allocated block device:0x4006925fb800 size:1024 thread:1
allocated block device:0x4006925fbc00 size:1024 thread:1
allocated block device:0x4006925fc000 size:1024 thread:1
allocated block device:0x4006925fc400 size:1024 thread:1
allocated block device:0x4006925fc800 size:1024 thread:1
allocated block device:0x4006925fcc00 size:1024 thread:1
allocated block device:0x4006925fd000 size:1024 thread:1
allocated block device:0x4006925fd400 size:1024 thread:1
allocated block device:0x4006925fd800 size:1536 thread:1
allocated block device:0x4006925fde00 size:1024 thread:1
allocated block device:0x4006925fe200 size:512 thread:1
allocated block device:0x4006925fe400 size:2560 thread:1
allocated block device:0x4006925fee00 size:3072 thread:1
allocated block device:0x400692600000 size:1821184 thread:1
allocated block device:0x4006927bca00 size:180224 thread:1
allocated block device:0x4006927e8a00 size:28672 thread:1
allocated block device:0x4006927efa00 size:40448 thread:1
allocated block device:0x4006927f9c00 size:2560 thread:1
allocated block device:0x4006927fa600 size:3072 thread:1
allocated block device:0x4006927fb200 size:3072 thread:1
allocated block device:0x400692800000 size:1821184 thread:1
allocated block device:0x4006929bca00 size:180224 thread:1
allocated block device:0x4006929e8a00 size:40448 thread:1
allocated block device:0x4006929fcc00 size:2048 thread:1
allocated block device:0x400692a00000 size:7284736 thread:1
allocated block device:0x400693200000 size:7284736 thread:1
allocated block device:0x400693a00000 size:45593600 thread:1
allocated block device:0x4006a0000000 size:807412224 thread:1
allocated block device:0x4006d0400000 size:230400000 thread:1
host:0x25572c0 device:0x40069c1ffc00 size:32 presentcount:0+6 line:655 name:var%comm_kin
host:0x25572e0 device:0x40069c1ff400 size:32 presentcount:0+3 line:646 name:var%comm_inter
host:0x2557300 device:0x40069c1ff600 size:32 presentcount:0+7 line:649 name:var%comm_inb
host:0x256be80 device:0x4004ba0ecd00 size:8 presentcount:0+1 line:-1 name:_setexm_struct_def_21
host:0x2576f40 device:0x4004ba0ece00 size:28 presentcount:0+1 line:-1 name:_ml_ff_constant_21
host:0x2577c80 device:0x4004ba0ecf00 size:30437 presentcount:0+1 line:-1 name:_ml_ff_taglist_21
allocated block device:0x4006e0000000 size:230400000 thread:1
allocated block device:0x4006edc00000 size:230400000 thread:1
allocated block device:0x400720000000 size:230400000 thread:1
allocated block device:0x400734c00000 size:391680 thread:1
allocated block device:0x400734c5fa00 size:921600 thread:1
allocated block device:0x400734d40a00 size:393216 thread:1
allocated block device:0x400734e00000 size:2799616 thread:1
allocated block device:0x400735200000 size:4030464 thread:1
allocated block device:0x400735600000 size:7284736 thread:1
allocated block device:0x400ae0000000 size:298674176 thread:1
allocated block device:0x400b038c0000 size:393216 thread:1
allocated block device:0x400b0fa00000 size:7284736 thread:1
allocated block device:0x400b12000000 size:1807360 thread:1
allocated block device:0x400b121b9400 size:272384 thread:1
allocated block device:0x400b121fbc00 size:8192 thread:1
allocated block device:0x400b121fdc00 size:8192 thread:1
allocated block device:0x400b121ffc00 size:512 thread:1
host:0x25afc80 device:0x4004ba0f4600 size:8 presentcount:0+1 line:-1 name:_mopenacc_tutor_21
host:0x25c2740 device:0x4004ba0f4a00 size:32 presentcount:0+1 line:-1 name:_mbj_21
host:0x25cd640 device:0x4004ba0f4d00 size:8 presentcount:0+1 line:-1 name:_sym_prec_21
host:0x26030c0 device:0x4004ba0f4e00 size:344 presentcount:0+1 line:-1 name:_tet_21
host:0x261c840 device:0x4004ba0f5000 size:392 presentcount:0+1 line:-1 name:_mymath_21
host:0x2817368 device:0x4004be5eec00 size:4800 presentcount:0+2 line:614 name:var
host:0x2818628 device:0x4004be5fa400 size:1984 presentcount:0+2 line:403 name:var
host:0x281a910 device:0x40065c3ff800 size:864 presentcount:0+4 line:2639 name:hamiltonian
host:0x286ac80 device:0x4004be5fd400 size:2712 presentcount:0+2 line:428 name:var
host:0x286b718 device:0x40069c1fae00 size:2248 presentcount:0+1 line:742 name:var
host:0x286eb50 device:0x4007127ff800 size:288 presentcount:0+1 line:195 name:latt_cur
allocated block device:0x400b12200000 size:1807360 thread:1
allocated block device:0x400b123b9400 size:272384 thread:1
allocated block device:0x400b123fbc00 size:8192 thread:1
allocated block device:0x400b12400000 size:1807360 thread:1
allocated block device:0x400b125b9400 size:98304 thread:1
host:0x2871658 device:0x4006bc3fe400 size:5088 presentcount:0+28 line:517 name:var
host:0x2872a38 device:0x4007125f4800 size:5088 presentcount:0+6 line:517 name:var
host:0x2873e18 device:0x4007125e8a00 size:5088 presentcount:0+7 line:517 name:var
host:0x287a2a8 device:0x40069c1fe000 size:304 presentcount:0+1 line:567 name:var
host:0x287a3d8 device:0x4007125fca00 size:304 presentcount:0+1 line:567 name:var
host:0x2e48ec0 device:0x4004ba002600 size:960024 presentcount:0+1 line:-1 name:_setexm_struct_def_16
host:0x2f8f080 device:0x4004ba0f4700 size:580 presentcount:0+1 line:-1 name:_wpbe_16
allocated block device:0x400b125d1400 size:98304 thread:1
allocated block device:0x400b12600000 size:2799616 thread:1
allocated block device:0x400b12a00000 size:14458880 thread:1
allocated block device:0x400b60000000 size:298674176 thread:1
allocated block device:0x400b71e00000 size:7284736 thread:1
allocated block device:0x400c31e00000 size:230400000 thread:1
allocated block device:0x400c51e00000 size:230400000 thread:1
allocated block device:0x400c71e00000 size:230400000 thread:1
allocated block device:0x400c91e00000 size:29138944 thread:1
allocated block device:0x400c93a00000 size:29138944 thread:1
allocated block device:0x400c95600000 size:3145728 thread:1
allocated block device:0x400c95a00000 size:7284736 thread:1
allocated block device:0x400c96200000 size:7284736 thread:1
allocated block device:0x400c96a00000 size:14569472 thread:1
host:0x2f8f900 device:0x4004ba0f4b00 size:288 presentcount:0+1 line:-1 name:_mbj_16
host:0x9f446c0 device:0x4004ba0f5200 size:624 presentcount:0+1 line:-1 name:_mlr_optic_16
host:0x29bcdcf0 device:0x4004be5fe600 size:24 presentcount:0+3 line:616 name:var%vkpt(:,:)
host:0x29bcddc0 device:0x4004be5fe800 size:8 presentcount:0+2 line:616 name:var%wtkpt(:)
host:0x29bcddf0 device:0x4004be5fe200 size:8 presentcount:0+3 line:616 name:var%nityp(:)
Accelerator Fatal Error: call to cuMemAlloc returned error 2 (CUDA_ERROR_OUT_OF_MEMORY): Out of memory
 File: /lus/lfs1aip2/projects/u6cb/software/VASP/vasp.6.5.1/build/gam/hamil.f90
 Function: hamiltmu:978
 Line: 1005

host:0x29bcdf70 device:0x4004be5eea00 size:16 presentcount:0+2 line:430 name:var%psrmax(:)
host:0x29bcdfb0 device:0x4004be5fe000 size:8 presentcount:0+3 line:616 name:var%lmmax(:)
host:0x29bcdfe0 device:0x4004be5fe400 size:8 presentcount:0+3 line:616 name:var%nt_global(:)
host:0x29bce010 device:0x4004be5ffe00 size:4 presentcount:0+2 line:616 name:var%nplwkp(:)
host:0x29bce040 device:0x4007123f7200 size:4 presentcount:0+2 line:616 name:var%nplwkp_tot(:)
host:0x29bce070 device:0x4007123fd200 size:4 presentcount:0+2 line:616 name:var%ngvector_pos(:)
host:0x29bce0a0 device:0x4004be5ffc00 size:4 presentcount:0+2 line:616 name:var%ngvector(:)
host:0x29bce0d0 device:0x4004be5fac00 size:8 presentcount:0+2 line:616 name:var%nb_totk(:,:)
host:0x29bce100 device:0x4007123fd400 size:4 presentcount:0+2 line:616 name:var%luseinv(:)
host:0x29bce130 device:0x4004be5ee600 size:4 presentcount:0+2 line:616 name:var%at_gamma(:)
host:0x29bce160 device:0x4007123fee00 size:8 presentcount:0+2 line:405 name:var%lmmax(:)
host:0x29bce190 device:0x40069c1ffe00 size:8 presentcount:0+2 line:430 name:var%lmax(:)
host:0x29bce1c0 device:0x4004be5ee400 size:8 presentcount:0+2 line:430 name:var%lmmax(:)
host:0x2ad8cdb0 device:0x4007125f7800 size:528 presentcount:0+1 line:480 name:var
host:0x2efdd980 device:0x40069c1ff800 size:8 presentcount:0+4 line:405 name:var%nityp(:)
host:0x2f4dc190 device:0x4004be5f0a00 size:1000 presentcount:0+4 line:519 name:var%lpctz(:)
host:0x2f95f290 device:0x4007127e8a00 size:28464 presentcount:0+1 line:853 name:var(:)
host:0x2f971a10 device:0x4007129e8a00 size:40000 presentcount:0+1 line:857 name:var%psp(:,:)
host:0x2f97b680 device:0x4007127fd800 size:8000 presentcount:0+1 line:857 name:var%psprho(:)
host:0x2f97e910 device:0x4007123f7400 size:24000 presentcount:0+2 line:466 name:var%psprnl(:,:,:)
host:0x2f9ae2f0 device:0x4007123ef000 size:4320 presentcount:0+4 line:405 name:var%ityp(:)
host:0x2f9af400 device:0x4007123e8a00 size:25920 presentcount:0+4 line:405 name:var%posion(:,:)
host:0x2f9f2760 device:0x4007127efa00 size:40000 presentcount:0+1 line:857 name:var%psp(:,:)
host:0x2f9fc3d0 device:0x4007127f9800 size:8000 presentcount:0+1 line:857 name:var%pspcor(:)
host:0x2f9fe340 device:0x4007127fb800 size:8000 presentcount:0+1 line:857 name:var%psprho(:)
host:0x2fa015d0 device:0x4007123f1400 size:24000 presentcount:0+2 line:466 name:var%psprnl(:,:,:)
host:0x2fa4e590 device:0x4006bc3ffc00 size:24 presentcount:0+3 line:466 name:var%lps(:)
host:0x2fa4e640 device:0x40069c1fb800 size:24 presentcount:0+3 line:466 name:var%lps(:)
host:0x2fb4d830 device:0x4004be5fea00 size:4320 presentcount:0+3 line:616 name:var%ityp(:)
host:0x2fb4e940 device:0x4004be5fc200 size:4320 presentcount:0+3 line:616 name:var%npro_pos(:)
host:0x2fb4fa50 device:0x4004be5fae00 size:4324 presentcount:0+3 line:616 name:var%lmbase(:)
host:0x2fb50b60 device:0x4004be5f0000 size:1280 presentcount:0+4 line:519 name:var%lpctx(:)
host:0x2fb51090 device:0x4004be5f0600 size:720 presentcount:0+4 line:519 name:var%lpcty(:)
host:0x2fb51390 device:0x4004be5f0e00 size:1280 presentcount:0+4 line:519 name:var%lpctx_(:)
host:0x2fb518c0 device:0x4004be5f1400 size:720 presentcount:0+4 line:519 name:var%lpcty_(:)
host:0x2fb51bc0 device:0x4004be5f1800 size:1000 presentcount:0+4 line:519 name:var%lpctz_(:)
host:0x2fb51fd0 device:0x4007125f5c00 size:1280 presentcount:0+1 line:519 name:var%lpctx(:)
host:0x2fb52500 device:0x4007125f6200 size:720 presentcount:0+1 line:519 name:var%lpcty(:)
host:0x2fb52800 device:0x4007125f6600 size:1000 presentcount:0+1 line:519 name:var%lpctz(:)
host:0x2fb52c10 device:0x4007125f6a00 size:1280 presentcount:0+1 line:519 name:var%lpctx_(:)
host:0x2fb53140 device:0x4007125f7000 size:720 presentcount:0+1 line:519 name:var%lpcty_(:)
host:0x2fb53440 device:0x4007125f7400 size:1000 presentcount:0+1 line:519 name:var%lpctz_(:)
host:0x2fb53850 device:0x4007123fd600 size:2560 presentcount:0+1 line:519 name:var%lpctx(:)
host:0x2fb54280 device:0x4007123ff000 size:1440 presentcount:0+1 line:519 name:var%lpcty(:)
host:0x2fb54850 device:0x4007123fe200 size:2000 presentcount:0+1 line:519 name:var%lpctz(:)
host:0x2fb55050 device:0x4007123ff600 size:2560 presentcount:0+1 line:519 name:var%lpctx_(:)
host:0x2fb55a80 device:0x4007125e9e00 size:1440 presentcount:0+1 line:519 name:var%lpcty_(:)
host:0x2fb56050 device:0x4007125ea400 size:2000 presentcount:0+1 line:519 name:var%lpctz_(:)
host:0x2fc42130 device:0x4007125ee800 size:2824 presentcount:0+1 line:482 name:var%i2(:)
host:0x2fc42c60 device:0x4007125ef400 size:2824 presentcount:0+1 line:482 name:var%i3(:)
host:0x2fc43790 device:0x4007125f0000 size:5020 presentcount:0+1 line:482 name:var%i2(:)
host:0x2fc44b60 device:0x4007125f1400 size:5020 presentcount:0+1 line:482 name:var%i3(:)
host:0x2fc45f30 device:0x4007125eac00 size:7200 presentcount:0+2 line:482 name:var%i2(:)
host:0x2fc47b80 device:0x4007125eca00 size:7200 presentcount:0+2 line:482 name:var%i3(:)
host:0x2fc49bf0 device:0x4007b4c5fa00 size:921600 presentcount:0+2 line:482 name:var%index(:,:)
host:0x2fd2ac20 device:0x4007125fcc00 size:2560 presentcount:0+1 line:569 name:var%ind1(:)
host:0x2fd2b650 device:0x4007125fd600 size:2824 presentcount:0+1 line:569 name:var%indcol(:)
host:0x2fd2c180 device:0x4007125f7c00 size:2824 presentcount:0+1 line:482 name:var%i2(:)
host:0x2fd2ccb0 device:0x4007125f8800 size:2824 presentcount:0+1 line:482 name:var%i3(:)
host:0x2fd2d7e0 device:0x4007125f9400 size:1512 presentcount:0+1 line:482 name:var%i2(:)
host:0x2fd2ddf0 device:0x4007125f9a00 size:1512 presentcount:0+1 line:482 name:var%i3(:)
host:0x2fd2e400 device:0x40069c1fba00 size:4320 presentcount:0+2 line:430 name:var%nlimax(:)
host:0x2fd2f510 device:0x40069c1fce00 size:4324 presentcount:0+2 line:430 name:var%lmbase(:)
host:0x2fd30620 device:0x40069c1fe200 size:4324 presentcount:0+2 line:430 name:var%nlibase(:)
host:0x2fd31730 device:0x4004be5f1c00 size:17132 presentcount:0+4 line:519 name:var%nindpwconjg(:)
host:0x2fd35a50 device:0x4004be5f6000 size:17132 presentcount:0+4 line:519 name:var%ind_in_sphere(:)
host:0x2fd3aca0 device:0x400b921b9400 size:181440 presentcount:0+1 line:499 name:var%tbli(:)
host:0x2fd67190 device:0x4007125fac00 size:516 presentcount:0+1 line:499 name:var%ptri(:)
host:0x2fd673c0 device:0x4007125fa800 size:516 presentcount:0+1 line:499 name:var%ni(:)
host:0x2fd675f0 device:0x4007125fb400 size:516 presentcount:0+1 line:499 name:var%ptr(:)
host:0x2fd67820 device:0x40069c1fcc00 size:4 presentcount:0+1 line:499 name:var%tbli(:)
host:0x2fd67970 device:0x4007125fc000 size:1280 presentcount:0+1 line:569 name:var%ind1(:)
host:0x2fd67ea0 device:0x4007125fc600 size:688 presentcount:0+1 line:569 name:var%indcol(:)
host:0x2fd68180 device:0x4005f012e800 size:180000 presentcount:0+4 line:482 name:var%i2(:)
host:0x2fd940d0 device:0x4005f015a800 size:180000 presentcount:0+4 line:482 name:var%i3(:)
host:0x2fdc0020 device:0x4007123bca00 size:180000 presentcount:0+8 line:482 name:var%index(:,:)
host:0x2fdebf70 device:0x4007129bca00 size:180000 presentcount:0+8 line:482 name:var%i2(:)
host:0x2fe17ec0 device:0x4005f0186800 size:180000 presentcount:0+8 line:482 name:var%i3(:)
host:0x2fe44440 device:0x400712400000 size:1821184 presentcount:0+3 line:616 name:var%nindpw(:,:)
host:0x30000e70 device:0x4007125bca00 size:180000 presentcount:0+3 line:616 name:var%pl_index(:,:)
host:0x3002cdc0 device:0x4007127bca00 size:180000 presentcount:0+3 line:616 name:var%pl_col(:,:)
host:0x30058d10 device:0x4007123f0200 size:4324 presentcount:0+2 line:405 name:var%lmbase(:)
host:0x30059e20 device:0x4004be5ee800 size:8 presentcount:0+2 line:430 name:var%channels(:)
host:0x30059e50 device:0x4006bc3ff800 size:16 presentcount:0+2 line:430 name:var%rsmooth(:)
host:0x30059e90 device:0x4006bc3ffa00 size:400 presentcount:0+2 line:464 name:var
host:0x3005a020 device:0x4006bc3ffe00 size:400 presentcount:0+2 line:464 name:var
host:0x300caa40 device:0x4007b4c00000 size:220160 presentcount:0+1 line:499 name:var%tbl(:)
host:0x30100670 device:0x4007125fa400 size:516 presentcount:0+1 line:499 name:var%ptr(:)
host:0x301008a0 device:0x4007125fa000 size:516 presentcount:0+1 line:499 name:var%n(:)
host:0x30100ad0 device:0x4007125fb000 size:516 presentcount:0+1 line:499 name:var%n(:)
host:0x30100d00 device:0x4007125fbc00 size:516 presentcount:0+1 line:499 name:var%ptri(:)
host:0x30100f30 device:0x4007125fb800 size:516 presentcount:0+1 line:499 name:var%ni(:)
host:0x30103260 device:0x4007125f2c00 size:516 presentcount:0+1 line:499 name:var%ptr(:)
host:0x30103690 device:0x4007125f2800 size:516 presentcount:0+1 line:499 name:var%n(:)
host:0x301038c0 device:0x4007125f3400 size:516 presentcount:0+1 line:499 name:var%ptri(:)
host:0x30249c30 device:0x4007b5600000 size:7284736 presentcount:0+3 line:616 name:var%datake(:,:,:)
host:0x3093ceb0 device:0x400712600000 size:1821184 presentcount:0+3 line:616 name:var%igx(:,:)
host:0x30afa540 device:0x400712200000 size:1821184 presentcount:0+3 line:616 name:var%igy(:,:)
host:0x30cb7de0 device:0x400712800000 size:1821184 presentcount:0+3 line:616 name:var%igz(:,:)
host:0x30e75cb0 device:0x400713200000 size:7284272 presentcount:0+4 line:519 name:var%fftsca(:,:)
host:0x3159df40 device:0x400b923b9400 size:181440 presentcount:0+1 line:499 name:var%tbl(:)
host:0x315d0fa0 device:0x4007125f3000 size:516 presentcount:0+1 line:499 name:var%ni(:)
host:0x315d11d0 device:0x4007125f3c00 size:516 presentcount:0+1 line:499 name:var%ptr(:)
host:0x315d1400 device:0x4007125f3800 size:516 presentcount:0+1 line:499 name:var%n(:)
host:0x315d1630 device:0x4007125f4400 size:516 presentcount:0+1 line:499 name:var%ptri(:)
host:0x315d1860 device:0x4007125f4000 size:516 presentcount:0+1 line:499 name:var%ni(:)
host:0x3169e000 device:0x4007b4e00000 size:1807360 presentcount:0+1 line:499 name:var%tbl(:)
host:0x31a13bf0 device:0x400b92000000 size:1807200 presentcount:0+1 line:499 name:var%tbli(:)
host:0x31bcec60 device:0x400b92200000 size:1807200 presentcount:0+1 line:499 name:var%tbl(:)
host:0x31f45370 device:0x400b92400000 size:1807200 presentcount:0+1 line:499 name:var%tbli(:)
host:0x323d2420 device:0x4006bc3f4000 size:41984 presentcount:0+1 line:746 name:var%auxtot(:,:,:)
host:0x323e2420 device:0x4004be5e4000 size:41984 presentcount:0+2 line:746 name:var%fertot(:,:,:)
host:0x323f0030 device:0x4005f011a000 size:83968 presentcount:0+2 line:746 name:var%celtot(:,:,:)
host:0x33f2bf60 device:0x400712a00000 size:7200000 presentcount:0+1 line:195 name:dencor(:)
host:0x34cf6250 device:0x400711e00000 size:2799360 presentcount:0+2 line:194 name:cdij(:,:,:,:)
host:0x34fa5970 device:0x400b92600000 size:2799360 presentcount:0+2 line:194 name:cqij(:,:,:,:)
host:0x35505620 device:0x4007b5200000 size:4030464 presentcount:0+5 line:746 name:var%gproj(:,:,:,:)
host:0x35b926e0 device:0x4005f01ca800 size:98304 presentcount:0+1 line:1101 name:w1%gproj(:)
host:0x3c8f2dd0 device:0x4007b4d40a00 size:393216 presentcount:0+2 line:1226 name:wa%gproj(:,:)
host:0x3c952e00 device:0x400b838c0000 size:393216 presentcount:0+2 line:1226 name:wa%gproj(:,:)
host:0x3c9ba1b0 device:0x400d15600000 size:3145728 presentcount:0+2 line:1226 name:wa%gproj(:,:)
host:0x40beb830 device:0x4007129fe200 size:2048 presentcount:0+1 line:179 name:w1(:)
host:0x40bec050 device:0x400b921f5600 size:2048 presentcount:0+1 line:179 name:wtmp(:)
host:0x40bf5400 device:0x400bf1e00000 size:7284736 presentcount:0+1 line:1101 name:w1%cptwfp(:)
host:0x412e7c30 device:0x4005f01b2800 size:98304 presentcount:0+1 line:1101 name:w1%gproj(:)
host:0x412ffc60 device:0x400b923e5a00 size:98304 presentcount:0+1 line:1101 name:w1%gproj(:)
host:0x41317c90 device:0x4005f01e2800 size:98304 presentcount:0+1 line:1101 name:w1%gproj(:)
host:0x415510b0 device:0x400d16a00000 size:14569472 presentcount:0+1 line:202 name:precon(:,:)
host:0x4233dca0 device:0x400b8fa00000 size:7284736 presentcount:0+1 line:1101 name:w1%cptwfp(:)
host:0x42a386c0 device:0x400d15a00000 size:7284736 presentcount:0+1 line:1101 name:w1%cptwfp(:)
host:0x4312b100 device:0x400d16200000 size:7284736 presentcount:0+1 line:1101 name:w1%cptwfp(:)
host:0x4004e40010a0 device:0x400713a00000 size:45593280 presentcount:0+2 line:430 name:var%nli(:,:)
host:0x4004e6b839e0 device:0x400b92a00000 size:14458880 presentcount:0+1 line:195 name:cstrf(:,:)
host:0x4005500031a0 device:0x40076dc00000 size:230400000 presentcount:0+2 line:194 name:sv(:,:)
host:0x4006000012b0 device:0x400720000000 size:807411968 presentcount:0+2 line:430 name:var%rproj(:)
host:0x400630216d70 device:0x400d11e00000 size:29138944 presentcount:0+2 line:1226 name:wa%cptwfp(:,:)
host:0x400631df6f80 device:0x400d13a00000 size:29138944 presentcount:0+2 line:1226 name:wa%cptwfp(:,:)
host:0x4006e0004a60 device:0x400700000000 size:298674176 presentcount:0+5 line:746 name:var%cptwfp(:,:,:,:)
host:0x400791ce7190 device:0x400be0000000 size:233111552 presentcount:0+2 line:1226 name:wa%cptwfp(:,:)
host:0x4008200077c0 device:0x400500000000 size:230400000 presentcount:0+1 line:1101 name:w1%cr(:)
host:0x40082dbd79d0 device:0x400750400000 size:230400000 presentcount:0+1 line:1236 name:w1%cr(:)
host:0x400a40007df0 device:0x4007a0000000 size:230400000 presentcount:0+1 line:1101 name:w1%cr(:)
host:0x400a4dbd8000 device:0x400760000000 size:230400000 presentcount:0+1 line:1236 name:w1%cr(:)
host:0x400b40008420 device:0x400b60000000 size:230400000 presentcount:0+1 line:1101 name:w1%cr(:)
host:0x400b4dbd0020 device:0x400cf1e00000 size:230400000 presentcount:0+1 line:1236 name:w1%cr(:)
host:0x400bc0000440 device:0x400cd1e00000 size:230400000 presentcount:0+1 line:1101 name:w1%cr(:)
host:0x400bcdbc0650 device:0x400cb1e00000 size:230400000 presentcount:0+1 line:1236 name:w1%cr(:)
host:0xffffc5ce5580 device:0x400b921f6200 size:3024 presentcount:0+12 line:682 name:var
host:0xffffc5ce6150 device:0x40067c3ff600 size:1480 presentcount:0+1 line:174 name:w_ini
host:0xffffc5ce6720 device:0x4007125ff600 size:1480 presentcount:0+1 line:174 name:wopt
host:0xffffc5ce6cf0 device:0x40069c1fa400 size:1480 presentcount:0+1 line:174 name:wtmpa
allocated block device:0x4004be5e4000 size:41984 thread:1
allocated block device:0x4004be5ee400 size:512 thread:1
allocated block device:0x4004be5ee600 size:512 thread:1
allocated block device:0x4004be5ee800 size:512 thread:1
allocated block device:0x4004be5eea00 size:512 thread:1
allocated block device:0x4004be5eec00 size:5120 thread:1
allocated block device:0x4004be5f0000 size:1536 thread:1
allocated block device:0x4004be5f0600 size:1024 thread:1
allocated block device:0x4004be5f0a00 size:1024 thread:1
allocated block device:0x4004be5f0e00 size:1536 thread:1
allocated block device:0x4004be5f1400 size:1024 thread:1
allocated block device:0x4004be5f1800 size:1024 thread:1
allocated block device:0x4004be5f1c00 size:17408 thread:1
allocated block device:0x4004be5f6000 size:17408 thread:1
allocated block device:0x4004be5fa400 size:2048 thread:1
allocated block device:0x4004be5fac00 size:512 thread:1
allocated block device:0x4004be5fae00 size:4608 thread:1
allocated block device:0x4004be5fc000 size:512 thread:1
allocated block device:0x4004be5fc200 size:4608 thread:1
allocated block device:0x4004be5fd400 size:3072 thread:1
allocated block device:0x4004be5fe000 size:512 thread:1
allocated block device:0x4004be5fe200 size:512 thread:1
allocated block device:0x4004be5fe400 size:512 thread:1
allocated block device:0x4004be5fe600 size:512 thread:1
allocated block device:0x4004be5fe800 size:512 thread:1
allocated block device:0x4004be5fea00 size:4608 thread:1
allocated block device:0x4004be5ffc00 size:512 thread:1
allocated block device:0x4004be5ffe00 size:512 thread:1
allocated block device:0x400500000000 size:230400000 thread:1
allocated block device:0x4005f011a000 size:83968 thread:1
allocated block device:0x4005f012e800 size:180224 thread:1
allocated block device:0x4005f015a800 size:180224 thread:1
allocated block device:0x4005f0186800 size:180224 thread:1
allocated block device:0x4005f01b2800 size:98304 thread:1
allocated block device:0x4005f01ca800 size:98304 thread:1
allocated block device:0x4005f01e2800 size:98304 thread:1
allocated block device:0x40065c3ff800 size:1024 thread:1
allocated block device:0x40067c3ff600 size:1536 thread:1
allocated block device:0x40069c1fa400 size:2048 thread:1
allocated block device:0x40069c1fae00 size:2560 thread:1
allocated block device:0x40069c1fb800 size:512 thread:1
allocated block device:0x40069c1fba00 size:4608 thread:1
allocated block device:0x40069c1fcc00 size:512 thread:1
allocated block device:0x40069c1fce00 size:4608 thread:1
allocated block device:0x40069c1fe000 size:512 thread:1
allocated block device:0x40069c1fe200 size:4608 thread:1
allocated block device:0x40069c1ff400 size:512 thread:1
allocated block device:0x40069c1ff600 size:512 thread:1
allocated block device:0x40069c1ff800 size:512 thread:1
allocated block device:0x40069c1ffa00 size:512 thread:1
allocated block device:0x40069c1ffc00 size:512 thread:1
allocated block device:0x40069c1ffe00 size:512 thread:1
allocated block device:0x4006bc3f4000 size:41984 thread:1
allocated block device:0x4006bc3fe400 size:5120 thread:1
allocated block device:0x4006bc3ff800 size:512 thread:1
allocated block device:0x4006bc3ffa00 size:512 thread:1
allocated block device:0x4006bc3ffc00 size:512 thread:1
allocated block device:0x4006bc3ffe00 size:512 thread:1
allocated block device:0x400700000000 size:298674176 thread:1
allocated block device:0x400711e00000 size:4030464 thread:1
allocated block device:0x400712200000 size:1821184 thread:1
allocated block device:0x4007123bca00 size:180224 thread:1
allocated block device:0x4007123e8a00 size:26112 thread:1
allocated block device:0x4007123ef000 size:4608 thread:1
allocated block device:0x4007123f0200 size:4608 thread:1
allocated block device:0x4007123f1400 size:24064 thread:1
allocated block device:0x4007123f7200 size:512 thread:1
allocated block device:0x4007123f7400 size:24064 thread:1
allocated block device:0x4007123fd200 size:512 thread:1
allocated block device:0x4007123fd400 size:512 thread:1
allocated block device:0x4007123fd600 size:3072 thread:1
allocated block device:0x4007123fe200 size:3072 thread:1
allocated block device:0x4007123fee00 size:512 thread:1
allocated block device:0x4007123ff000 size:1536 thread:1
allocated block device:0x4007123ff600 size:2560 thread:1
allocated block device:0x400712400000 size:1821184 thread:1
allocated block device:0x4007125bca00 size:180224 thread:1
allocated block device:0x4007125e8a00 size:5120 thread:1
allocated block device:0x4007125e9e00 size:1536 thread:1
allocated block device:0x4007125ea400 size:2048 thread:1
allocated block device:0x4007125eac00 size:7680 thread:1
allocated block device:0x4007125eca00 size:7680 thread:1
allocated block device:0x4007125ee800 size:3072 thread:1
allocated block device:0x4007125ef400 size:3072 thread:1
allocated block device:0x4007125f0000 size:5120 thread:1
allocated block device:0x4007125f1400 size:5120 thread:1
allocated block device:0x4007125f2800 size:1024 thread:1
allocated block device:0x4007125f2c00 size:1024 thread:1
allocated block device:0x4007125f3000 size:1024 thread:1
allocated block device:0x4007125f3400 size:1024 thread:1
allocated block device:0x4007125f3800 size:1024 thread:1
allocated block device:0x4007125f3c00 size:1024 thread:1
allocated block device:0x4007125f4000 size:1024 thread:1
allocated block device:0x4007125f4400 size:1024 thread:1
allocated block device:0x4007125f4800 size:5120 thread:1
allocated block device:0x4007125f5c00 size:1536 thread:1
allocated block device:0x4007125f6200 size:1024 thread:1
allocated block device:0x4007125f6600 size:1024 thread:1
allocated block device:0x4007125f6a00 size:1536 thread:1
allocated block device:0x4007125f7000 size:1024 thread:1
allocated block device:0x4007125f7400 size:1024 thread:1
allocated block device:0x4007125f7800 size:1024 thread:1
allocated block device:0x4007125f7c00 size:3072 thread:1
allocated block device:0x4007125f8800 size:3072 thread:1
allocated block device:0x4007125f9400 size:1536 thread:1
allocated block device:0x4007125f9a00 size:1536 thread:1
allocated block device:0x4007125fa000 size:1024 thread:1
allocated block device:0x4007125fa400 size:1024 thread:1
allocated block device:0x4007125fa800 size:1024 thread:1
allocated block device:0x4007125fac00 size:1024 thread:1
allocated block device:0x4007125fb000 size:1024 thread:1
allocated block device:0x4007125fb400 size:1024 thread:1
allocated block device:0x4007125fb800 size:1024 thread:1
allocated block device:0x4007125fbc00 size:1024 thread:1
allocated block device:0x4007125fc000 size:1536 thread:1
allocated block device:0x4007125fc600 size:1024 thread:1
allocated block device:0x4007125fca00 size:512 thread:1
allocated block device:0x4007125fcc00 size:2560 thread:1
allocated block device:0x4007125fd600 size:3072 thread:1
allocated block device:0x4007125ff600 size:2560 thread:1
allocated block device:0x400712600000 size:1821184 thread:1
allocated block device:0x4007127bca00 size:180224 thread:1
allocated block device:0x4007127e8a00 size:28672 thread:1
allocated block device:0x4007127efa00 size:40448 thread:1
allocated block device:0x4007127f9800 size:8192 thread:1
allocated block device:0x4007127fb800 size:8192 thread:1
allocated block device:0x4007127fd800 size:8192 thread:1
allocated block device:0x4007127ff800 size:512 thread:1
allocated block device:0x400712800000 size:1821184 thread:1
allocated block device:0x4007129bca00 size:180224 thread:1
allocated block device:0x4007129e8a00 size:40448 thread:1
allocated block device:0x4007129fe200 size:2048 thread:1
allocated block device:0x400712a00000 size:7284736 thread:1
allocated block device:0x400713200000 size:7284736 thread:1
allocated block device:0x400713a00000 size:45593600 thread:1
allocated block device:0x400720000000 size:807412224 thread:1
allocated block device:0x400750400000 size:230400000 thread:1
allocated block device:0x400760000000 size:230400000 thread:1
allocated block device:0x40076dc00000 size:230400000 thread:1
allocated block device:0x4007a0000000 size:230400000 thread:1
allocated block device:0x4007b4c00000 size:391680 thread:1
allocated block device:0x4007b4c5fa00 size:921600 thread:1
allocated block device:0x4007b4d40a00 size:393216 thread:1
allocated block device:0x4007b4e00000 size:2799616 thread:1
allocated block device:0x4007b5200000 size:4030464 thread:1
allocated block device:0x4007b5600000 size:7284736 thread:1
allocated block device:0x400b60000000 size:298674176 thread:1
allocated block device:0x400b838c0000 size:393216 thread:1
allocated block device:0x400b8fa00000 size:7284736 thread:1
allocated block device:0x400b92000000 size:1807360 thread:1
allocated block device:0x400b921b9400 size:181760 thread:1
allocated block device:0x400b921f5600 size:3072 thread:1
allocated block device:0x400b921f6200 size:3072 thread:1
allocated block device:0x400b92200000 size:1807360 thread:1
allocated block device:0x400b923b9400 size:181760 thread:1
allocated block device:0x400b923e5a00 size:98304 thread:1
allocated block device:0x400b92400000 size:1807360 thread:1
allocated block device:0x400b92600000 size:2799616 thread:1
allocated block device:0x400b92a00000 size:14458880 thread:1
allocated block device:0x400be0000000 size:298674176 thread:1
allocated block device:0x400bf1e00000 size:7284736 thread:1
allocated block device:0x400cb1e00000 size:230400000 thread:1
allocated block device:0x400cd1e00000 size:230400000 thread:1
allocated block device:0x400cf1e00000 size:230400000 thread:1
allocated block device:0x400d11e00000 size:29138944 thread:1
allocated block device:0x400d13a00000 size:29138944 thread:1
allocated block device:0x400d15600000 size:3145728 thread:1
allocated block device:0x400d15a00000 size:7284736 thread:1
allocated block device:0x400d16200000 size:7284736 thread:1
allocated block device:0x400d16a00000 size:14569472 thread:1
Accelerator Fatal Error: call to cuMemAlloc returned error 2 (CUDA_ERROR_OUT_OF_MEMORY): Out of memory
 File: /lus/lfs1aip2/projects/u6cb/software/VASP/vasp.6.5.1/build/gam/hamil.f90
 Function: hamiltmu:978
 Line: 1005

Out of memory allocating 921600000 bytes of device memory
Failing in Thread:1
total/free CUDA memory: 102005473280/318308352
Present table dump for device[1]: NVIDIA Tesla GPU 0, compute capability 9.0, threadid=1
Hint: specify 0x800 bit in NV_ACC_DEBUG for verbose info.
host:0x2557280 device:0x40053e3fc000 size:32 presentcount:0+3 line:643 name:var%comm
host:0x25572a0 device:0x40071c3ffa00 size:32 presentcount:0+4 line:652 name:var%comm_kinter
host:0x25572c0 device:0x40071c3ffc00 size:32 presentcount:0+6 line:655 name:var%comm_kin
host:0x25572e0 device:0x40071c3ff400 size:32 presentcount:0+3 line:646 name:var%comm_inter
host:0x2557300 device:0x40071c3ff600 size:32 presentcount:0+7 line:649 name:var%comm_inb
host:0x256be80 device:0x40053a0ecd00 size:8 presentcount:0+1 line:-1 name:_setexm_struct_def_21
host:0x2576f40 device:0x40053a0ece00 size:28 presentcount:0+1 line:-1 name:_ml_ff_constant_21
host:0x2577c80 device:0x40053a0ecf00 size:30437 presentcount:0+1 line:-1 name:_ml_ff_taglist_21
host:0x25afc80 device:0x40053a0f4600 size:8 presentcount:0+1 line:-1 name:_mopenacc_tutor_21
host:0x25c2740 device:0x40053a0f4a00 size:32 presentcount:0+1 line:-1 name:_mbj_21
host:0x25cd640 device:0x40053a0f4d00 size:8 presentcount:0+1 line:-1 name:_sym_prec_21
host:0x26030c0 device:0x40053a0f4e00 size:344 presentcount:0+1 line:-1 name:_tet_21
host:0x261c840 device:0x40053a0f5000 size:392 presentcount:0+1 line:-1 name:_mymath_21
host:0x2817368 device:0x40053e3eec00 size:4800 presentcount:0+2 line:614 name:var
host:0x2818628 device:0x40053e3fa400 size:1984 presentcount:0+2 line:403 name:var
host:0x281a910 device:0x4006dc5ff800 size:864 presentcount:0+4 line:2639 name:hamiltonian
host:0x286ac80 device:0x40053e3fd400 size:2712 presentcount:0+2 line:428 name:var
host:0x286b718 device:0x40071c3fae00 size:2248 presentcount:0+1 line:742 name:var
host:0x286eb50 device:0x4007927ff800 size:288 presentcount:0+1 line:195 name:latt_cur
host:0x2871658 device:0x40073c1fe400 size:5088 presentcount:0+28 line:517 name:var
host:0x2872a38 device:0x4007925f4800 size:5088 presentcount:0+6 line:517 name:var
host:0x2873e18 device:0x4007925e8a00 size:5088 presentcount:0+7 line:517 name:var
host:0x287a2a8 device:0x40071c3fe000 size:304 presentcount:0+1 line:567 name:var
host:0x287a3d8 device:0x4007925fca00 size:304 presentcount:0+1 line:567 name:var
host:0x2e48ec0 device:0x40053a002600 size:960024 presentcount:0+1 line:-1 name:_setexm_struct_def_16
host:0x2f8f080 device:0x40053a0f4700 size:580 presentcount:0+1 line:-1 name:_wpbe_16
host:0x2f8f900 device:0x40053a0f4b00 size:288 presentcount:0+1 line:-1 name:_mbj_16
host:0x9f446c0 device:0x40053a0f5200 size:624 presentcount:0+1 line:-1 name:_mlr_optic_16
host:0x459edcf0 device:0x40053e3fe600 size:24 presentcount:0+3 line:616 name:var%vkpt(:,:)
host:0x459edec0 device:0x40053e3eea00 size:16 presentcount:0+2 line:430 name:var%psrmax(:)
host:0x459edf00 device:0x40053e3fe000 size:8 presentcount:0+3 line:616 name:var%lmmax(:)
host:0x459edf30 device:0x40053e3fe400 size:8 presentcount:0+3 line:616 name:var%nt_global(:)
host:0x459edf60 device:0x40053e3ffe00 size:4 presentcount:0+2 line:616 name:var%nplwkp(:)
host:0x459edf90 device:0x4007923f7200 size:4 presentcount:0+2 line:616 name:var%nplwkp_tot(:)
host:0x459edfc0 device:0x4007923fd200 size:4 presentcount:0+2 line:616 name:var%ngvector_pos(:)
host:0x459edff0 device:0x40053e3ffc00 size:4 presentcount:0+2 line:616 name:var%ngvector(:)
host:0x459ee020 device:0x40053e3fac00 size:8 presentcount:0+2 line:616 name:var%nb_totk(:,:)
host:0x459ee050 device:0x4007923fd400 size:4 presentcount:0+2 line:616 name:var%luseinv(:)
host:0x459ee080 device:0x40053e3ee600 size:4 presentcount:0+2 line:616 name:var%at_gamma(:)
host:0x459ee0b0 device:0x4007923fee00 size:8 presentcount:0+2 line:405 name:var%lmmax(:)
host:0x459ee0e0 device:0x40071c3ffe00 size:8 presentcount:0+2 line:430 name:var%lmax(:)
host:0x459ee110 device:0x40053e3ee400 size:8 presentcount:0+2 line:430 name:var%lmmax(:)
host:0x459ee140 device:0x40053e3ee800 size:8 presentcount:0+2 line:430 name:var%channels(:)
host:0x459ee170 device:0x40073c1ff800 size:16 presentcount:0+2 line:430 name:var%rsmooth(:)
host:0x459ee1b0 device:0x40071c3fcc00 size:4 presentcount:0+1 line:499 name:var%tbli(:)
host:0x46129670 device:0x4007925f7800 size:528 presentcount:0+1 line:480 name:var
host:0x4a1e82b0 device:0x40073c1ffa00 size:400 presentcount:0+2 line:464 name:var
host:0x4a1e8440 device:0x40073c1ffe00 size:400 presentcount:0+2 line:464 name:var
host:0x4e87ff10 device:0x40071c3ff800 size:8 presentcount:0+4 line:405 name:var%nityp(:)
host:0x4ed7e720 device:0x40053e3f0a00 size:1000 presentcount:0+4 line:519 name:var%lpctz(:)
host:0x4f201920 device:0x4007927e8a00 size:28464 presentcount:0+1 line:853 name:var(:)
host:0x4f214080 device:0x4007929e8a00 size:40000 presentcount:0+1 line:857 name:var%psp(:,:)
host:0x4f21dcf0 device:0x4007927fd800 size:8000 presentcount:0+1 line:857 name:var%psprho(:)
host:0x4f220f80 device:0x4007923f7400 size:24000 presentcount:0+2 line:466 name:var%psprnl(:,:,:)
host:0x4f250960 device:0x4007923ef000 size:4320 presentcount:0+4 line:405 name:var%ityp(:)
host:0x4f251a70 device:0x4007923e8a00 size:25920 presentcount:0+4 line:405 name:var%posion(:,:)
host:0x4f292b50 device:0x40053e3fe200 size:8 presentcount:0+3 line:616 name:var%nityp(:)
host:0x4f294c40 device:0x4007927f9800 size:8000 presentcount:0+1 line:857 name:var%pspcor(:)
host:0x4f296bb0 device:0x4007927fb800 size:8000 presentcount:0+1 line:857 name:var%psprho(:)
host:0x4f29a720 device:0x4007927efa00 size:40000 presentcount:0+1 line:857 name:var%psp(:,:)
host:0x4f2a4390 device:0x4007923f1400 size:24000 presentcount:0+2 line:466 name:var%psprnl(:,:,:)
host:0x4f2b7390 device:0x40053e3fe800 size:8 presentcount:0+2 line:616 name:var%wtkpt(:)
host:0x4f2e4440 device:0x40073c1ffc00 size:24 presentcount:0+3 line:466 name:var%lps(:)
host:0x4f2e44f0 device:0x40071c3fb800 size:24 presentcount:0+3 line:466 name:var%lps(:)
host:0x4f353a80 device:0x40053e3fea00 size:4320 presentcount:0+3 line:616 name:var%ityp(:)
host:0x4f354b90 device:0x40053e3fc200 size:4320 presentcount:0+3 line:616 name:var%npro_pos(:)
host:0x4f355ca0 device:0x40053e3fae00 size:4324 presentcount:0+3 line:616 name:var%lmbase(:)
host:0x4f356db0 device:0x40053e3f0000 size:1280 presentcount:0+4 line:519 name:var%lpctx(:)
host:0x4f3572e0 device:0x40053e3f0600 size:720 presentcount:0+4 line:519 name:var%lpcty(:)
host:0x4f3575e0 device:0x40053e3f0e00 size:1280 presentcount:0+4 line:519 name:var%lpctx_(:)
host:0x4f357b10 device:0x40053e3f1400 size:720 presentcount:0+4 line:519 name:var%lpcty_(:)
host:0x4f357e10 device:0x40053e3f1800 size:1000 presentcount:0+4 line:519 name:var%lpctz_(:)
host:0x4f358220 device:0x4007925f5c00 size:1280 presentcount:0+1 line:519 name:var%lpctx(:)
host:0x4f358750 device:0x4007925f6200 size:720 presentcount:0+1 line:519 name:var%lpcty(:)
host:0x4f358a50 device:0x4007925f6600 size:1000 presentcount:0+1 line:519 name:var%lpctz(:)
host:0x4f358e60 device:0x4007925f6a00 size:1280 presentcount:0+1 line:519 name:var%lpctx_(:)
host:0x4f359390 device:0x4007925f7000 size:720 presentcount:0+1 line:519 name:var%lpcty_(:)
host:0x4f359690 device:0x4007925f7400 size:1000 presentcount:0+1 line:519 name:var%lpctz_(:)
host:0x4f359aa0 device:0x4007923fd600 size:2560 presentcount:0+1 line:519 name:var%lpctx(:)
host:0x4f35a4d0 device:0x4007923ff000 size:1440 presentcount:0+1 line:519 name:var%lpcty(:)
host:0x4f35aaa0 device:0x4007923fe200 size:2000 presentcount:0+1 line:519 name:var%lpctz(:)
host:0x4f35b2a0 device:0x4007923ff600 size:2560 presentcount:0+1 line:519 name:var%lpctx_(:)
host:0x4f35bcd0 device:0x4007925e9e00 size:1440 presentcount:0+1 line:519 name:var%lpcty_(:)
host:0x4f35c2a0 device:0x4007925ea400 size:2000 presentcount:0+1 line:519 name:var%lpctz_(:)
host:0x4f448380 device:0x4007925ee800 size:2824 presentcount:0+1 line:482 name:var%i2(:)
host:0x4f448eb0 device:0x4007925ef400 size:2824 presentcount:0+1 line:482 name:var%i3(:)
host:0x4f4499e0 device:0x4007925f0000 size:5020 presentcount:0+1 line:482 name:var%i2(:)
host:0x4f44adb0 device:0x4007925f1400 size:5020 presentcount:0+1 line:482 name:var%i3(:)
host:0x4f44c180 device:0x4007925eac00 size:7200 presentcount:0+2 line:482 name:var%i2(:)
host:0x4f44ddd0 device:0x4007925eca00 size:7200 presentcount:0+2 line:482 name:var%i3(:)
host:0x4f44fe40 device:0x400854c5fa00 size:921600 presentcount:0+2 line:482 name:var%index(:,:)
host:0x4f530e70 device:0x4007925fcc00 size:2560 presentcount:0+1 line:569 name:var%ind1(:)
host:0x4f5318a0 device:0x4007925fd600 size:2824 presentcount:0+1 line:569 name:var%indcol(:)
host:0x4f5323d0 device:0x4007925f7c00 size:2824 presentcount:0+1 line:482 name:var%i2(:)
host:0x4f532f00 device:0x4007925f8800 size:2824 presentcount:0+1 line:482 name:var%i3(:)
host:0x4f533a30 device:0x4007925f9400 size:1512 presentcount:0+1 line:482 name:var%i2(:)
host:0x4f534040 device:0x4007925f9a00 size:1512 presentcount:0+1 line:482 name:var%i3(:)
host:0x4f534650 device:0x40071c3fba00 size:4320 presentcount:0+2 line:430 name:var%nlimax(:)
host:0x4f535760 device:0x40071c3fce00 size:4324 presentcount:0+2 line:430 name:var%lmbase(:)
host:0x4f536870 device:0x40071c3fe200 size:4324 presentcount:0+2 line:430 name:var%nlibase(:)
host:0x4f537980 device:0x40053e3f1c00 size:17132 presentcount:0+4 line:519 name:var%nindpwconjg(:)
host:0x4f53bca0 device:0x40053e3f6000 size:17132 presentcount:0+4 line:519 name:var%ind_in_sphere(:)
host:0x4f540be0 device:0x4007925fa400 size:516 presentcount:0+1 line:499 name:var%ptr(:)
host:0x4f540e10 device:0x4007925fa000 size:516 presentcount:0+1 line:499 name:var%n(:)
host:0x4f541040 device:0x400c321b9400 size:181440 presentcount:0+1 line:499 name:var%tbli(:)
host:0x4f56d530 device:0x4007925fac00 size:516 presentcount:0+1 line:499 name:var%ptri(:)
host:0x4f56d760 device:0x4007925fa800 size:516 presentcount:0+1 line:499 name:var%ni(:)
host:0x4f56d990 device:0x4007925fb400 size:516 presentcount:0+1 line:499 name:var%ptr(:)
host:0x4f56dbc0 device:0x4007925fc000 size:1280 presentcount:0+1 line:569 name:var%ind1(:)
host:0x4f56e0f0 device:0x4007925fc600 size:720 presentcount:0+1 line:569 name:var%indcol(:)
host:0x4f56e3f0 device:0x40066a32e800 size:180000 presentcount:0+4 line:482 name:var%i2(:)
host:0x4f59a340 device:0x40066a35a800 size:180000 presentcount:0+4 line:482 name:var%i3(:)
host:0x4f5c6290 device:0x4007923bca00 size:180000 presentcount:0+8 line:482 name:var%index(:,:)
host:0x4f5f21e0 device:0x4007929bca00 size:180000 presentcount:0+8 line:482 name:var%i2(:)
host:0x4f61e130 device:0x40066a386800 size:180000 presentcount:0+8 line:482 name:var%i3(:)
host:0x4f64a6b0 device:0x400792400000 size:1821184 presentcount:0+3 line:616 name:var%nindpw(:,:)
host:0x4f8070e0 device:0x4007925bca00 size:180000 presentcount:0+3 line:616 name:var%pl_index(:,:)
host:0x4f833030 device:0x4007927bca00 size:180000 presentcount:0+3 line:616 name:var%pl_col(:,:)
host:0x4f85ef80 device:0x4007923f0200 size:4324 presentcount:0+2 line:405 name:var%lmbase(:)
host:0x4f8d08f0 device:0x400854c00000 size:230400 presentcount:0+1 line:499 name:var%tbl(:)
host:0x4f941150 device:0x400c323b9400 size:181440 presentcount:0+1 line:499 name:var%tbl(:)
host:0x4f96d640 device:0x4007925fb000 size:516 presentcount:0+1 line:499 name:var%n(:)
host:0x4f999d60 device:0x4007925fbc00 size:516 presentcount:0+1 line:499 name:var%ptri(:)
host:0x4f999f90 device:0x4007925fb800 size:516 presentcount:0+1 line:499 name:var%ni(:)
host:0x4f9a4810 device:0x4007925f2c00 size:516 presentcount:0+1 line:499 name:var%ptr(:)
host:0x4f9a4a40 device:0x4007925f2800 size:516 presentcount:0+1 line:499 name:var%n(:)
host:0x4f9a4c70 device:0x4007925f3400 size:516 presentcount:0+1 line:499 name:var%ptri(:)
host:0x4f9a4ea0 device:0x4007925f3000 size:516 presentcount:0+1 line:499 name:var%ni(:)
host:0x4f9a50d0 device:0x4007925f3c00 size:516 presentcount:0+1 line:499 name:var%ptr(:)
host:0x4f9a5300 device:0x4007925f3800 size:516 presentcount:0+1 line:499 name:var%n(:)
host:0x4f9a5530 device:0x4007925f4400 size:516 presentcount:0+1 line:499 name:var%ptri(:)
host:0x4f9a5760 device:0x4007925f4000 size:516 presentcount:0+1 line:499 name:var%ni(:)
host:0x4faec2c0 device:0x400855600000 size:7284736 presentcount:0+3 line:616 name:var%datake(:,:,:)
host:0x501df540 device:0x400792600000 size:1821184 presentcount:0+3 line:616 name:var%igx(:,:)
host:0x5039cbd0 device:0x400792200000 size:1821184 presentcount:0+3 line:616 name:var%igy(:,:)
host:0x5055a470 device:0x400792800000 size:1821184 presentcount:0+3 line:616 name:var%igz(:,:)
host:0x50718340 device:0x400793200000 size:7284272 presentcount:0+4 line:519 name:var%fftsca(:,:)
host:0x50eae070 device:0x400854e00000 size:1807360 presentcount:0+1 line:499 name:var%tbl(:)
host:0x51223c60 device:0x400c32000000 size:1807200 presentcount:0+1 line:499 name:var%tbli(:)
host:0x513decd0 device:0x400c32200000 size:1807200 presentcount:0+1 line:499 name:var%tbl(:)
host:0x517553e0 device:0x400c32400000 size:1807200 presentcount:0+1 line:499 name:var%tbli(:)
host:0x51bc2420 device:0x40073c1f4000 size:41984 presentcount:0+1 line:746 name:var%auxtot(:,:,:)
host:0x51c02420 device:0x40053e3e4000 size:41984 presentcount:0+2 line:746 name:var%fertot(:,:,:)
host:0x51c10030 device:0x40066a31a000 size:83968 presentcount:0+2 line:746 name:var%celtot(:,:,:)
host:0x533ffd20 device:0x400792a00000 size:7200000 presentcount:0+1 line:195 name:dencor(:)
host:0x541ca010 device:0x400791e00000 size:2799360 presentcount:0+2 line:194 name:cdij(:,:,:,:)
host:0x54479730 device:0x400c32600000 size:2799360 presentcount:0+2 line:194 name:cqij(:,:,:,:)
host:0x549d93e0 device:0x400855200000 size:4030464 presentcount:0+5 line:746 name:var%gproj(:,:,:,:)
host:0x550674e0 device:0x40066a3ca800 size:98304 presentcount:0+1 line:1101 name:w1%gproj(:)
host:0x5bf536d0 device:0x400db5600000 size:3145728 presentcount:0+2 line:1226 name:wa%gproj(:,:)
host:0x6023f3d0 device:0x4007929fe200 size:2048 presentcount:0+1 line:179 name:w1(:)
host:0x6023fbf0 device:0x400c321f5600 size:2048 presentcount:0+1 line:179 name:wtmp(:)
host:0x602461c0 device:0x400db6200000 size:7284736 presentcount:0+1 line:1101 name:w1%cptwfp(:)
host:0x60940460 device:0x400854d40a00 size:393216 presentcount:0+2 line:1226 name:wa%gproj(:,:)
host:0x609a0490 device:0x400c238c0000 size:393216 presentcount:0+2 line:1226 name:wa%gproj(:,:)
host:0x60a004c0 device:0x40066a3b2800 size:98304 presentcount:0+1 line:1101 name:w1%gproj(:)
host:0x60a184f0 device:0x400c323e5a00 size:98304 presentcount:0+1 line:1101 name:w1%gproj(:)
host:0x60a30520 device:0x40066a3e2800 size:98304 presentcount:0+1 line:1101 name:w1%gproj(:)
host:0x60ba8f80 device:0x400db6a00000 size:14569472 presentcount:0+1 line:202 name:precon(:,:)
host:0x61995330 device:0x400c91e00000 size:7284736 presentcount:0+1 line:1101 name:w1%cptwfp(:)
host:0x6208f510 device:0x400c2fa00000 size:7284736 presentcount:0+1 line:1101 name:w1%cptwfp(:)
host:0x62789d20 device:0x400db5a00000 size:7284736 presentcount:0+1 line:1101 name:w1%cptwfp(:)
host:0x4005d80010a0 device:0x400793a00000 size:45593280 presentcount:0+2 line:430 name:var%nli(:,:)
host:0x4005dce939e0 device:0x400c32a00000 size:14458880 presentcount:0+1 line:195 name:cstrf(:,:)
host:0x4006800012b0 device:0x4007a0000000 size:807411968 presentcount:0+2 line:430 name:var%rproj(:)
host:0x4006b02131a0 device:0x40080dc00000 size:230400000 presentcount:0+2 line:194 name:sv(:,:)
host:0x400760004a60 device:0x400780000000 size:298674176 presentcount:0+5 line:746 name:var%cptwfp(:,:,:,:)
host:0x400771ce6b60 device:0x400db1e00000 size:29138944 presentcount:0+2 line:1226 name:wa%cptwfp(:,:)
host:0x4007738c6d70 device:0x400db3a00000 size:29138944 presentcount:0+2 line:1226 name:wa%cptwfp(:,:)
host:0x400820006f80 device:0x400c80000000 size:233111552 presentcount:0+2 line:1226 name:wa%cptwfp(:,:)
host:0x40082de675b0 device:0x400580000000 size:230400000 presentcount:0+1 line:1101 name:w1%cr(:)
host:0x4008c00077c0 device:0x4007d0400000 size:230400000 presentcount:0+1 line:1236 name:w1%cr(:)
host:0x4008cdbd7be0 device:0x400840000000 size:230400000 presentcount:0+1 line:1101 name:w1%cr(:)
host:0x400ae0007df0 device:0x400800000000 size:230400000 presentcount:0+1 line:1236 name:w1%cr(:)
host:0x400aedbd8210 device:0x400c00000000 size:230400000 presentcount:0+1 line:1101 name:w1%cr(:)
host:0x400be0008420 device:0x400d91e00000 size:230400000 presentcount:0+1 line:1236 name:w1%cr(:)
host:0x400bedbd0230 device:0x400d71e00000 size:230400000 presentcount:0+1 line:1101 name:w1%cr(:)
host:0x400c60000440 device:0x400d51e00000 size:230400000 presentcount:0+1 line:1236 name:w1%cr(:)
host:0xffffc9e83750 device:0x400c321f6200 size:3024 presentcount:0+12 line:682 name:var
host:0xffffc9e84320 device:0x4006fc1ff600 size:1480 presentcount:0+1 line:174 name:w_ini
host:0xffffc9e848f0 device:0x4007925ff600 size:1480 presentcount:0+1 line:174 name:wopt
host:0xffffc9e84ec0 device:0x40071c3fa400 size:1480 presentcount:0+1 line:174 name:wtmpa
allocated block device:0x40053e3e4000 size:41984 thread:1
allocated block device:0x40053e3ee400 size:512 thread:1
allocated block device:0x40053e3ee600 size:512 thread:1
allocated block device:0x40053e3ee800 size:512 thread:1
allocated block device:0x40053e3eea00 size:512 thread:1
allocated block device:0x40053e3eec00 size:5120 thread:1
allocated block device:0x40053e3f0000 size:1536 thread:1
allocated block device:0x40053e3f0600 size:1024 thread:1
allocated block device:0x40053e3f0a00 size:1024 thread:1
allocated block device:0x40053e3f0e00 size:1536 thread:1
allocated block device:0x40053e3f1400 size:1024 thread:1
allocated block device:0x40053e3f1800 size:1024 thread:1
allocated block device:0x40053e3f1c00 size:17408 thread:1
allocated block device:0x40053e3f6000 size:17408 thread:1
allocated block device:0x40053e3fa400 size:2048 thread:1
allocated block device:0x40053e3fac00 size:512 thread:1
allocated block device:0x40053e3fae00 size:4608 thread:1
allocated block device:0x40053e3fc000 size:512 thread:1
allocated block device:0x40053e3fc200 size:4608 thread:1
allocated block device:0x40053e3fd400 size:3072 thread:1
allocated block device:0x40053e3fe000 size:512 thread:1
allocated block device:0x40053e3fe200 size:512 thread:1
allocated block device:0x40053e3fe400 size:512 thread:1
allocated block device:0x40053e3fe600 size:512 thread:1
allocated block device:0x40053e3fe800 size:512 thread:1
allocated block device:0x40053e3fea00 size:4608 thread:1
allocated block device:0x40053e3ffc00 size:512 thread:1
allocated block device:0x40053e3ffe00 size:512 thread:1
allocated block device:0x400580000000 size:230400000 thread:1
allocated block device:0x40066a31a000 size:83968 thread:1
allocated block device:0x40066a32e800 size:180224 thread:1
allocated block device:0x40066a35a800 size:180224 thread:1
allocated block device:0x40066a386800 size:180224 thread:1
allocated block device:0x40066a3b2800 size:98304 thread:1
allocated block device:0x40066a3ca800 size:98304 thread:1
allocated block device:0x40066a3e2800 size:98304 thread:1
allocated block device:0x4006dc5ff800 size:1024 thread:1
allocated block device:0x4006fc1ff600 size:1536 thread:1
allocated block device:0x40071c3fa400 size:2048 thread:1
allocated block device:0x40071c3fae00 size:2560 thread:1
allocated block device:0x40071c3fb800 size:512 thread:1
allocated block device:0x40071c3fba00 size:4608 thread:1
allocated block device:0x40071c3fcc00 size:512 thread:1
allocated block device:0x40071c3fce00 size:4608 thread:1
allocated block device:0x40071c3fe000 size:512 thread:1
allocated block device:0x40071c3fe200 size:4608 thread:1
allocated block device:0x40071c3ff400 size:512 thread:1
allocated block device:0x40071c3ff600 size:512 thread:1
allocated block device:0x40071c3ff800 size:512 thread:1
allocated block device:0x40071c3ffa00 size:512 thread:1
allocated block device:0x40071c3ffc00 size:512 thread:1
allocated block device:0x40071c3ffe00 size:512 thread:1
allocated block device:0x40073c1f4000 size:41984 thread:1
allocated block device:0x40073c1fe400 size:5120 thread:1
allocated block device:0x40073c1ff800 size:512 thread:1
allocated block device:0x40073c1ffa00 size:512 thread:1
allocated block device:0x40073c1ffc00 size:512 thread:1
allocated block device:0x40073c1ffe00 size:512 thread:1
allocated block device:0x400780000000 size:298674176 thread:1
allocated block device:0x400791e00000 size:4030464 thread:1
allocated block device:0x400792200000 size:1821184 thread:1
allocated block device:0x4007923bca00 size:180224 thread:1
allocated block device:0x4007923e8a00 size:26112 thread:1
allocated block device:0x4007923ef000 size:4608 thread:1
allocated block device:0x4007923f0200 size:4608 thread:1
allocated block device:0x4007923f1400 size:24064 thread:1
allocated block device:0x4007923f7200 size:512 thread:1
allocated block device:0x4007923f7400 size:24064 thread:1
allocated block device:0x4007923fd200 size:512 thread:1
allocated block device:0x4007923fd400 size:512 thread:1
allocated block device:0x4007923fd600 size:3072 thread:1
allocated block device:0x4007923fe200 size:3072 thread:1
allocated block device:0x4007923fee00 size:512 thread:1
allocated block device:0x4007923ff000 size:1536 thread:1
allocated block device:0x4007923ff600 size:2560 thread:1
allocated block device:0x400792400000 size:1821184 thread:1
allocated block device:0x4007925bca00 size:180224 thread:1
allocated block device:0x4007925e8a00 size:5120 thread:1
allocated block device:0x4007925e9e00 size:1536 thread:1
allocated block device:0x4007925ea400 size:2048 thread:1
allocated block device:0x4007925eac00 size:7680 thread:1
allocated block device:0x4007925eca00 size:7680 thread:1
allocated block device:0x4007925ee800 size:3072 thread:1
allocated block device:0x4007925ef400 size:3072 thread:1
allocated block device:0x4007925f0000 size:5120 thread:1
allocated block device:0x4007925f1400 size:5120 thread:1
allocated block device:0x4007925f2800 size:1024 thread:1
allocated block device:0x4007925f2c00 size:1024 thread:1
allocated block device:0x4007925f3000 size:1024 thread:1
allocated block device:0x4007925f3400 size:1024 thread:1
allocated block device:0x4007925f3800 size:1024 thread:1
allocated block device:0x4007925f3c00 size:1024 thread:1
allocated block device:0x4007925f4000 size:1024 thread:1
allocated block device:0x4007925f4400 size:1024 thread:1
allocated block device:0x4007925f4800 size:5120 thread:1
allocated block device:0x4007925f5c00 size:1536 thread:1
allocated block device:0x4007925f6200 size:1024 thread:1
allocated block device:0x4007925f6600 size:1024 thread:1
allocated block device:0x4007925f6a00 size:1536 thread:1
allocated block device:0x4007925f7000 size:1024 thread:1
allocated block device:0x4007925f7400 size:1024 thread:1
allocated block device:0x4007925f7800 size:1024 thread:1
allocated block device:0x4007925f7c00 size:3072 thread:1
allocated block device:0x4007925f8800 size:3072 thread:1
allocated block device:0x4007925f9400 size:1536 thread:1
allocated block device:0x4007925f9a00 size:1536 thread:1
allocated block device:0x4007925fa000 size:1024 thread:1
allocated block device:0x4007925fa400 size:1024 thread:1
allocated block device:0x4007925fa800 size:1024 thread:1
allocated block device:0x4007925fac00 size:1024 thread:1
allocated block device:0x4007925fb000 size:1024 thread:1
allocated block device:0x4007925fb400 size:1024 thread:1
allocated block device:0x4007925fb800 size:1024 thread:1
allocated block device:0x4007925fbc00 size:1024 thread:1
allocated block device:0x4007925fc000 size:1536 thread:1
allocated block device:0x4007925fc600 size:1024 thread:1
allocated block device:0x4007925fca00 size:512 thread:1
allocated block device:0x4007925fcc00 size:2560 thread:1
allocated block device:0x4007925fd600 size:3072 thread:1
allocated block device:0x4007925ff600 size:2560 thread:1
allocated block device:0x400792600000 size:1821184 thread:1
allocated block device:0x4007927bca00 size:180224 thread:1
allocated block device:0x4007927e8a00 size:28672 thread:1
allocated block device:0x4007927efa00 size:40448 thread:1
allocated block device:0x4007927f9800 size:8192 thread:1
allocated block device:0x4007927fb800 size:8192 thread:1
allocated block device:0x4007927fd800 size:8192 thread:1
allocated block device:0x4007927ff800 size:512 thread:1
allocated block device:0x400792800000 size:1821184 thread:1
allocated block device:0x4007929bca00 size:180224 thread:1
allocated block device:0x4007929e8a00 size:40448 thread:1
allocated block device:0x4007929fe200 size:2048 thread:1
allocated block device:0x400792a00000 size:7284736 thread:1
allocated block device:0x400793200000 size:7284736 thread:1
allocated block device:0x400793a00000 size:45593600 thread:1
allocated block device:0x4007a0000000 size:807412224 thread:1
allocated block device:0x4007d0400000 size:230400000 thread:1
allocated block device:0x400800000000 size:230400000 thread:1
allocated block device:0x40080dc00000 size:230400000 thread:1
allocated block device:0x400840000000 size:230400000 thread:1
allocated block device:0x400854c00000 size:391680 thread:1
allocated block device:0x400854c5fa00 size:921600 thread:1
allocated block device:0x400854d40a00 size:393216 thread:1
allocated block device:0x400854e00000 size:2799616 thread:1
allocated block device:0x400855200000 size:4030464 thread:1
allocated block device:0x400855600000 size:7284736 thread:1
allocated block device:0x400c00000000 size:298674176 thread:1
allocated block device:0x400c238c0000 size:393216 thread:1
allocated block device:0x400c2fa00000 size:7284736 thread:1
allocated block device:0x400c32000000 size:1807360 thread:1
allocated block device:0x400c321b9400 size:181760 thread:1
allocated block device:0x400c321f5600 size:3072 thread:1
allocated block device:0x400c321f6200 size:3072 thread:1
allocated block device:0x400c32200000 size:1807360 thread:1
allocated block device:0x400c323b9400 size:181760 thread:1
allocated block device:0x400c323e5a00 size:98304 thread:1
allocated block device:0x400c32400000 size:1807360 thread:1
allocated block device:0x400c32600000 size:2799616 thread:1
allocated block device:0x400c32a00000 size:14458880 thread:1
allocated block device:0x400c80000000 size:298674176 thread:1
allocated block device:0x400c91e00000 size:7284736 thread:1
allocated block device:0x400d51e00000 size:230400000 thread:1
allocated block device:0x400d71e00000 size:230400000 thread:1
allocated block device:0x400d91e00000 size:230400000 thread:1
allocated block device:0x400db1e00000 size:29138944 thread:1
allocated block device:0x400db3a00000 size:29138944 thread:1
allocated block device:0x400db5600000 size:3145728 thread:1
allocated block device:0x400db5a00000 size:7284736 thread:1
allocated block device:0x400db6200000 size:7284736 thread:1
allocated block device:0x400db6a00000 size:14569472 thread:1
Accelerator Fatal Error: call to cuMemAlloc returned error 2 (CUDA_ERROR_OUT_OF_MEMORY): Out of memory
 File: /lus/lfs1aip2/projects/u6cb/software/VASP/vasp.6.5.1/build/gam/hamil.f90
 Function: hamiltmu:978
 Line: 1005

Out of memory allocating 230400000 bytes of device memory
Failing in Thread:1
total/free CUDA memory: 102005473280/589824000
Present table dump for device[1]: NVIDIA Tesla GPU 0, compute capability 9.0, threadid=1
Hint: specify 0x800 bit in NV_ACC_DEBUG for verbose info.
host:0x2557280 device:0x4005d63fc000 size:32 presentcount:0+3 line:643 name:var%comm
host:0x25572a0 device:0x4006e71ffa00 size:32 presentcount:0+4 line:652 name:var%comm_kinter
host:0x25572c0 device:0x4006e71ffc00 size:32 presentcount:0+6 line:655 name:var%comm_kin
host:0x25572e0 device:0x4006e71ff400 size:32 presentcount:0+3 line:646 name:var%comm_inter
host:0x2557300 device:0x4006e71ff600 size:32 presentcount:0+7 line:649 name:var%comm_inb
host:0x256be80 device:0x4004fa0ecd00 size:8 presentcount:0+1 line:-1 name:_setexm_struct_def_21
host:0x2576f40 device:0x4004fa0ece00 size:28 presentcount:0+1 line:-1 name:_ml_ff_constant_21
host:0x2577c80 device:0x4004fa0ecf00 size:30437 presentcount:0+1 line:-1 name:_ml_ff_taglist_21
host:0x25afc80 device:0x4004fa0f4600 size:8 presentcount:0+1 line:-1 name:_mopenacc_tutor_21
host:0x25c2740 device:0x4004fa0f4a00 size:32 presentcount:0+1 line:-1 name:_mbj_21
host:0x25cd640 device:0x4004fa0f4d00 size:8 presentcount:0+1 line:-1 name:_sym_prec_21
host:0x26030c0 device:0x4004fa0f4e00 size:344 presentcount:0+1 line:-1 name:_tet_21
host:0x261c840 device:0x4004fa0f5000 size:392 presentcount:0+1 line:-1 name:_mymath_21
host:0x2817368 device:0x4005d63eec00 size:4800 presentcount:0+2 line:614 name:var
host:0x2818628 device:0x4005d63fa400 size:1984 presentcount:0+2 line:403 name:var
host:0x281a910 device:0x4006a71ff800 size:864 presentcount:0+4 line:2639 name:hamiltonian
host:0x286ac80 device:0x4005d63fd400 size:2712 presentcount:0+2 line:428 name:var
host:0x286b718 device:0x4006e71fae00 size:2248 presentcount:0+1 line:742 name:var
host:0x286eb50 device:0x4007527ff800 size:288 presentcount:0+1 line:195 name:latt_cur
host:0x2871658 device:0x4007071fe400 size:5088 presentcount:0+28 line:517 name:var
host:0x2872a38 device:0x4007525f4800 size:5088 presentcount:0+6 line:517 name:var
host:0x2873e18 device:0x4007525e8a00 size:5088 presentcount:0+7 line:517 name:var
host:0x287a2a8 device:0x4006e71fe000 size:304 presentcount:0+1 line:567 name:var
host:0x287a3d8 device:0x4007525fca00 size:304 presentcount:0+1 line:567 name:var
host:0x2e48ec0 device:0x4004fa002600 size:960024 presentcount:0+1 line:-1 name:_setexm_struct_def_16
host:0x2f8f080 device:0x4004fa0f4700 size:580 presentcount:0+1 line:-1 name:_wpbe_16
host:0x2f8f900 device:0x4004fa0f4b00 size:288 presentcount:0+1 line:-1 name:_mbj_16
host:0x9f446c0 device:0x4004fa0f5200 size:624 presentcount:0+1 line:-1 name:_mlr_optic_16
host:0x29aa94b0 device:0x4007525f7800 size:528 presentcount:0+1 line:480 name:var
host:0x2db68190 device:0x4007071ffa00 size:400 presentcount:0+2 line:464 name:var
host:0x2db68320 device:0x4007071ffe00 size:400 presentcount:0+2 line:464 name:var
host:0x321ffe00 device:0x4006e71ff800 size:8 presentcount:0+4 line:405 name:var%nityp(:)
host:0x326fe610 device:0x4005d63f0a00 size:1000 presentcount:0+4 line:519 name:var%lpctz(:)
host:0x32b81810 device:0x4007527e8a00 size:28464 presentcount:0+1 line:853 name:var(:)
host:0x32b93f70 device:0x4007529e8a00 size:40000 presentcount:0+1 line:857 name:var%psp(:,:)
host:0x32b9dbe0 device:0x4007527fd800 size:8000 presentcount:0+1 line:857 name:var%psprho(:)
host:0x32ba0e70 device:0x4007523f7400 size:24000 presentcount:0+2 line:466 name:var%psprnl(:,:,:)
host:0x32bd0850 device:0x4007523ef000 size:4320 presentcount:0+4 line:405 name:var%ityp(:)
host:0x32bd1960 device:0x4007523e8a00 size:25920 presentcount:0+4 line:405 name:var%posion(:,:)
host:0x32c14b30 device:0x4007527f9800 size:8000 presentcount:0+1 line:857 name:var%pspcor(:)
host:0x32c16aa0 device:0x4007527fb800 size:8000 presentcount:0+1 line:857 name:var%psprho(:)
host:0x32c1a610 device:0x4007527efa00 size:40000 presentcount:0+1 line:857 name:var%psp(:,:)
host:0x32c24280 device:0x4007523f1400 size:24000 presentcount:0+2 line:466 name:var%psprnl(:,:,:)
host:0x32c374b0 device:0x4007525fa400 size:516 presentcount:0+1 line:499 name:var%ptr(:)
host:0x32c64330 device:0x4007071ffc00 size:24 presentcount:0+3 line:466 name:var%lps(:)
host:0x32c643e0 device:0x4006e71fb800 size:24 presentcount:0+3 line:466 name:var%lps(:)
host:0x32dcf940 device:0x4005d63fe600 size:24 presentcount:0+3 line:616 name:var%vkpt(:,:)
host:0x32df4ac0 device:0x4005d63fe800 size:8 presentcount:0+2 line:616 name:var%wtkpt(:)
host:0x32df4af0 device:0x4005d63fe200 size:8 presentcount:0+3 line:616 name:var%nityp(:)
host:0x32df4cb0 device:0x4005d63eea00 size:16 presentcount:0+2 line:430 name:var%psrmax(:)
host:0x32df5270 device:0x4005d63fea00 size:4320 presentcount:0+3 line:616 name:var%ityp(:)
host:0x32df6380 device:0x4005d63fe000 size:8 presentcount:0+3 line:616 name:var%lmmax(:)
host:0x32df63b0 device:0x4005d63fe400 size:8 presentcount:0+3 line:616 name:var%nt_global(:)
host:0x32df63e0 device:0x4005d63fc200 size:4320 presentcount:0+3 line:616 name:var%npro_pos(:)
host:0x32df74f0 device:0x4005d63fae00 size:4324 presentcount:0+3 line:616 name:var%lmbase(:)
host:0x32df8600 device:0x4005d63ffe00 size:4 presentcount:0+2 line:616 name:var%nplwkp(:)
host:0x32df8630 device:0x4007523f7200 size:4 presentcount:0+2 line:616 name:var%nplwkp_tot(:)
host:0x32df8660 device:0x4007523fd200 size:4 presentcount:0+2 line:616 name:var%ngvector_pos(:)
host:0x32df8690 device:0x4005d63ffc00 size:4 presentcount:0+2 line:616 name:var%ngvector(:)
host:0x32df86c0 device:0x4005d63f0000 size:1280 presentcount:0+4 line:519 name:var%lpctx(:)
host:0x32df8bf0 device:0x4005d63f0600 size:720 presentcount:0+4 line:519 name:var%lpcty(:)
host:0x32df8ef0 device:0x4005d63f0e00 size:1280 presentcount:0+4 line:519 name:var%lpctx_(:)
host:0x32df9420 device:0x4005d63f1400 size:720 presentcount:0+4 line:519 name:var%lpcty_(:)
host:0x32df9720 device:0x4005d63f1800 size:1000 presentcount:0+4 line:519 name:var%lpctz_(:)
host:0x32df9b30 device:0x4007525f5c00 size:1280 presentcount:0+1 line:519 name:var%lpctx(:)
host:0x32dfa060 device:0x4007525f6200 size:720 presentcount:0+1 line:519 name:var%lpcty(:)
host:0x32dfa360 device:0x4007525f6600 size:1000 presentcount:0+1 line:519 name:var%lpctz(:)
host:0x32dfa770 device:0x4007525f6a00 size:1280 presentcount:0+1 line:519 name:var%lpctx_(:)
host:0x32dfaca0 device:0x4007525f7000 size:720 presentcount:0+1 line:519 name:var%lpcty_(:)
host:0x32dfafa0 device:0x4007525f7400 size:1000 presentcount:0+1 line:519 name:var%lpctz_(:)
host:0x32dfb3b0 device:0x4007523fd600 size:2560 presentcount:0+1 line:519 name:var%lpctx(:)
host:0x32dfbde0 device:0x4007523ff000 size:1440 presentcount:0+1 line:519 name:var%lpcty(:)
host:0x32dfc3b0 device:0x4007523fe200 size:2000 presentcount:0+1 line:519 name:var%lpctz(:)
host:0x32dfcbb0 device:0x4007523ff600 size:2560 presentcount:0+1 line:519 name:var%lpctx_(:)
host:0x32dfd5e0 device:0x4007525e9e00 size:1440 presentcount:0+1 line:519 name:var%lpcty_(:)
host:0x32dfdbb0 device:0x4007525ea400 size:2000 presentcount:0+1 line:519 name:var%lpctz_(:)
host:0x32ee9c90 device:0x4007525ee800 size:2824 presentcount:0+1 line:482 name:var%i2(:)
host:0x32eea7c0 device:0x4007525ef400 size:2824 presentcount:0+1 line:482 name:var%i3(:)
host:0x32eeb2f0 device:0x4007525f0000 size:5020 presentcount:0+1 line:482 name:var%i2(:)
host:0x32eec6c0 device:0x4007525f1400 size:5020 presentcount:0+1 line:482 name:var%i3(:)
host:0x32eeda90 device:0x4007525eac00 size:7200 presentcount:0+2 line:482 name:var%i2(:)
host:0x32eef6e0 device:0x4007525eca00 size:7200 presentcount:0+2 line:482 name:var%i3(:)
host:0x32ef1330 device:0x4007525fcc00 size:2560 presentcount:0+1 line:569 name:var%ind1(:)
host:0x32ef1d60 device:0x4007525fd600 size:2824 presentcount:0+1 line:569 name:var%indcol(:)
host:0x32ef2890 device:0x4007525f7c00 size:2824 presentcount:0+1 line:482 name:var%i2(:)
host:0x32ef33c0 device:0x4007525f8800 size:2824 presentcount:0+1 line:482 name:var%i3(:)
host:0x32ef3ef0 device:0x4007525f9400 size:1512 presentcount:0+1 line:482 name:var%i2(:)
host:0x32ef4500 device:0x4007525f9a00 size:1512 presentcount:0+1 line:482 name:var%i3(:)
host:0x32ef4b10 device:0x4006e71fba00 size:4320 presentcount:0+2 line:430 name:var%nlimax(:)
host:0x32ef5c20 device:0x4006e71fcc00 size:4 presentcount:0+1 line:499 name:var%tbli(:)
host:0x32ef5c50 device:0x4007525fc000 size:1280 presentcount:0+1 line:569 name:var%ind1(:)
host:0x32ef6180 device:0x4007525fc600 size:720 presentcount:0+1 line:569 name:var%indcol(:)
host:0x32ef6480 device:0x4005d63fac00 size:8 presentcount:0+2 line:616 name:var%nb_totk(:,:)
host:0x32ef64b0 device:0x4007523fd400 size:4 presentcount:0+2 line:616 name:var%luseinv(:)
host:0x32ef64e0 device:0x4005d63ee600 size:4 presentcount:0+2 line:616 name:var%at_gamma(:)
host:0x32f0bef0 device:0x4007525f2c00 size:516 presentcount:0+1 line:499 name:var%ptr(:)
host:0x32f0c120 device:0x4007525f2800 size:516 presentcount:0+1 line:499 name:var%n(:)
host:0x32f0c350 device:0x4007525f3400 size:516 presentcount:0+1 line:499 name:var%ptri(:)
host:0x32f0c580 device:0x4007525f3000 size:516 presentcount:0+1 line:499 name:var%ni(:)
host:0x32f0c7b0 device:0x4007525f3c00 size:516 presentcount:0+1 line:499 name:var%ptr(:)
host:0x32f0c9e0 device:0x4007525f3800 size:516 presentcount:0+1 line:499 name:var%n(:)
host:0x32f0cc10 device:0x4007525f4400 size:516 presentcount:0+1 line:499 name:var%ptri(:)
host:0x32f0ce40 device:0x4007525f4000 size:516 presentcount:0+1 line:499 name:var%ni(:)
host:0x32f0d590 device:0x400814c5fa00 size:921600 presentcount:0+2 line:482 name:var%index(:,:)
host:0x330269f0 device:0x40063432e800 size:180000 presentcount:0+4 line:482 name:var%i2(:)
host:0x33052940 device:0x40063435a800 size:180000 presentcount:0+4 line:482 name:var%i3(:)
host:0x3307e890 device:0x4007523bca00 size:180000 presentcount:0+8 line:482 name:var%index(:,:)
host:0x330aa7e0 device:0x4007529bca00 size:180000 presentcount:0+8 line:482 name:var%i2(:)
host:0x330d6730 device:0x400634386800 size:180000 presentcount:0+8 line:482 name:var%i3(:)
host:0x33102cb0 device:0x400752400000 size:1821184 presentcount:0+3 line:616 name:var%nindpw(:,:)
host:0x332bf6e0 device:0x4007525bca00 size:180000 presentcount:0+3 line:616 name:var%pl_index(:,:)
host:0x332eb630 device:0x4007527bca00 size:180000 presentcount:0+3 line:616 name:var%pl_col(:,:)
host:0x33317580 device:0x4007523fee00 size:8 presentcount:0+2 line:405 name:var%lmmax(:)
host:0x333175b0 device:0x4006e71ffe00 size:8 presentcount:0+2 line:430 name:var%lmax(:)
host:0x333175e0 device:0x4007523f0200 size:4324 presentcount:0+2 line:405 name:var%lmbase(:)
host:0x333186f0 device:0x4005d63ee400 size:8 presentcount:0+2 line:430 name:var%lmmax(:)
host:0x33318720 device:0x4005d63ee800 size:8 presentcount:0+2 line:430 name:var%channels(:)
host:0x33318750 device:0x4007071ff800 size:16 presentcount:0+2 line:430 name:var%rsmooth(:)
host:0x33318790 device:0x4006e71fce00 size:4324 presentcount:0+2 line:430 name:var%lmbase(:)
host:0x333198a0 device:0x4006e71fe200 size:4324 presentcount:0+2 line:430 name:var%nlibase(:)
host:0x3331a9b0 device:0x4005d63f1c00 size:17132 presentcount:0+4 line:519 name:var%nindpwconjg(:)
host:0x3331ecd0 device:0x4005d63f6000 size:17132 presentcount:0+4 line:519 name:var%ind_in_sphere(:)
host:0x33323c10 device:0x4007525fa000 size:516 presentcount:0+1 line:499 name:var%n(:)
host:0x33323e40 device:0x4007525fac00 size:516 presentcount:0+1 line:499 name:var%ptri(:)
host:0x33324070 device:0x4007525fa800 size:516 presentcount:0+1 line:499 name:var%ni(:)
host:0x333242a0 device:0x4007525fb400 size:516 presentcount:0+1 line:499 name:var%ptr(:)
host:0x333244d0 device:0x4007525fb000 size:516 presentcount:0+1 line:499 name:var%n(:)
host:0x33324700 device:0x4007525fbc00 size:516 presentcount:0+1 line:499 name:var%ptri(:)
host:0x33324930 device:0x4007525fb800 size:516 presentcount:0+1 line:499 name:var%ni(:)
host:0x3346c1b0 device:0x400815600000 size:7284736 presentcount:0+3 line:616 name:var%datake(:,:,:)
host:0x33b5f430 device:0x400752600000 size:1821184 presentcount:0+3 line:616 name:var%igx(:,:)
host:0x33d1cac0 device:0x400752200000 size:1821184 presentcount:0+3 line:616 name:var%igy(:,:)
host:0x33eda360 device:0x400752800000 size:1821184 presentcount:0+3 line:616 name:var%igz(:,:)
host:0x34098230 device:0x400753200000 size:7284272 presentcount:0+4 line:519 name:var%fftsca(:,:)
host:0x347c2cc0 device:0x400814c00000 size:230400 presentcount:0+1 line:499 name:var%tbl(:)
host:0x34833520 device:0x400bf21b9400 size:181440 presentcount:0+1 line:499 name:var%tbli(:)
host:0x3485fa10 device:0x400bf23b9400 size:181440 presentcount:0+1 line:499 name:var%tbl(:)
host:0x3494bab0 device:0x400814e00000 size:1807360 presentcount:0+1 line:499 name:var%tbl(:)
host:0x34c32420 device:0x4007071f4000 size:41984 presentcount:0+1 line:746 name:var%auxtot(:,:,:)
host:0x34c72420 device:0x4005d63e4000 size:41984 presentcount:0+2 line:746 name:var%fertot(:,:,:)
host:0x34c80030 device:0x40063431a000 size:83968 presentcount:0+2 line:746 name:var%celtot(:,:,:)
host:0x34cc16a0 device:0x400bf2000000 size:1807200 presentcount:0+1 line:499 name:var%tbli(:)
host:0x34e7c710 device:0x400bf2200000 size:1807200 presentcount:0+1 line:499 name:var%tbl(:)
host:0x351f2e20 device:0x400bf2400000 size:1807200 presentcount:0+1 line:499 name:var%tbli(:)
host:0x36e9df20 device:0x400752a00000 size:7200000 presentcount:0+1 line:195 name:dencor(:)
host:0x37c68210 device:0x400751e00000 size:2799360 presentcount:0+2 line:194 name:cdij(:,:,:,:)
host:0x37f17930 device:0x400bf2600000 size:2799360 presentcount:0+2 line:194 name:cqij(:,:,:,:)
host:0x384775e0 device:0x400815200000 size:4030464 presentcount:0+5 line:746 name:var%gproj(:,:,:,:)
host:0x38af7f90 device:0x4007529fe200 size:2048 presentcount:0+1 line:179 name:w1(:)
host:0x38af87b0 device:0x400bf21f5600 size:2048 presentcount:0+1 line:179 name:wtmp(:)
host:0x38b05050 device:0x4006343ca800 size:98304 presentcount:0+1 line:1101 name:w1%gproj(:)
host:0x3f9ed150 device:0x400814d40a00 size:393216 presentcount:0+2 line:1226 name:wa%gproj(:,:)
host:0x3fa4d180 device:0x400be38c0000 size:393216 presentcount:0+2 line:1226 name:wa%gproj(:,:)
host:0x3fab4530 device:0x400d75600000 size:3145728 presentcount:0+2 line:1226 name:wa%gproj(:,:)
host:0x43d02c50 device:0x400c51e00000 size:7284736 presentcount:0+1 line:1101 name:w1%cptwfp(:)
host:0x443f5480 device:0x4006343b2800 size:98304 presentcount:0+1 line:1101 name:w1%gproj(:)
host:0x4440d4b0 device:0x400bf23e5a00 size:98304 presentcount:0+1 line:1101 name:w1%gproj(:)
host:0x444254e0 device:0x4006343e2800 size:98304 presentcount:0+1 line:1101 name:w1%gproj(:)
host:0x44649d80 device:0x400d76a00000 size:14569472 presentcount:0+1 line:202 name:precon(:,:)
host:0x45436970 device:0x400befa00000 size:7284736 presentcount:0+1 line:1101 name:w1%cptwfp(:)
host:0x45b31390 device:0x400d75a00000 size:7284736 presentcount:0+1 line:1101 name:w1%cptwfp(:)
host:0x46223dd0 device:0x400d76200000 size:7284736 presentcount:0+1 line:1101 name:w1%cptwfp(:)
host:0x4006400010a0 device:0x400753a00000 size:45593280 presentcount:0+2 line:430 name:var%nli(:,:)
host:0x400642b812b0 device:0x400760000000 size:807411968 presentcount:0+2 line:430 name:var%rproj(:)
host:0x400672d939e0 device:0x400bf2a00000 size:14458880 presentcount:0+1 line:195 name:cstrf(:,:)
host:0x400677206d70 device:0x400d71e00000 size:29138944 presentcount:0+2 line:1226 name:wa%cptwfp(:,:)
host:0x40067be86f80 device:0x400d73a00000 size:29138944 presentcount:0+2 line:1226 name:wa%cptwfp(:,:)
host:0x4007200031a0 device:0x4007cdc00000 size:230400000 presentcount:0+2 line:194 name:sv(:,:)
host:0x40072dbc4a60 device:0x400740000000 size:298674176 presentcount:0+5 line:746 name:var%cptwfp(:,:,:,:)
host:0x4007e0000020 device:0x400d51e00000 size:230400000 presentcount:0+1 line:1236 name:w1%cr(:)
host:0x400880007190 device:0x400c40000000 size:233111552 presentcount:0+2 line:1226 name:wa%cptwfp(:,:)
host:0x40088de677c0 device:0x400540000000 size:230400000 presentcount:0+1 line:1101 name:w1%cr(:)
host:0x400aa00079d0 device:0x400790400000 size:230400000 presentcount:0+1 line:1236 name:w1%cr(:)
host:0x400aadbd7df0 device:0x400800000000 size:230400000 presentcount:0+1 line:1101 name:w1%cr(:)
host:0x400ba0008000 device:0x4007c0000000 size:230400000 presentcount:0+1 line:1236 name:w1%cr(:)
host:0x400badbd8420 device:0x400bc0000000 size:230400000 presentcount:0+1 line:1101 name:w1%cr(:)
host:0x400c20000440 device:0x400d31e00000 size:230400000 presentcount:0+1 line:1101 name:w1%cr(:)
host:0x400c2dbc0650 device:0x400d11e00000 size:230400000 presentcount:0+1 line:1236 name:w1%cr(:)
host:0x400d80005ae0 device:0x400dc0000000 size:921600000 presentcount:0+1 line:1005 name:cwork1(:,:)
host:0xffffe4bc0c10 device:0x400bf21f6200 size:3024 presentcount:0+12 line:682 name:var
host:0xffffe4bc17e0 device:0x4006c71ff600 size:1480 presentcount:0+1 line:174 name:w_ini
host:0xffffe4bc1db0 device:0x4007525ff600 size:1480 presentcount:0+1 line:174 name:wopt
host:0xffffe4bc2380 device:0x4006e71fa400 size:1480 presentcount:0+1 line:174 name:wtmpa
allocated block device:0x400540000000 size:230400000 thread:1
allocated block device:0x4005d63e4000 size:41984 thread:1
allocated block device:0x4005d63ee400 size:512 thread:1
allocated block device:0x4005d63ee600 size:512 thread:1
allocated block device:0x4005d63ee800 size:512 thread:1
allocated block device:0x4005d63eea00 size:512 thread:1
allocated block device:0x4005d63eec00 size:5120 thread:1
allocated block device:0x4005d63f0000 size:1536 thread:1
allocated block device:0x4005d63f0600 size:1024 thread:1
allocated block device:0x4005d63f0a00 size:1024 thread:1
allocated block device:0x4005d63f0e00 size:1536 thread:1
allocated block device:0x4005d63f1400 size:1024 thread:1
allocated block device:0x4005d63f1800 size:1024 thread:1
allocated block device:0x4005d63f1c00 size:17408 thread:1
allocated block device:0x4005d63f6000 size:17408 thread:1
allocated block device:0x4005d63fa400 size:2048 thread:1
allocated block device:0x4005d63fac00 size:512 thread:1
allocated block device:0x4005d63fae00 size:4608 thread:1
allocated block device:0x4005d63fc000 size:512 thread:1
allocated block device:0x4005d63fc200 size:4608 thread:1
allocated block device:0x4005d63fd400 size:3072 thread:1
allocated block device:0x4005d63fe000 size:512 thread:1
allocated block device:0x4005d63fe200 size:512 thread:1
allocated block device:0x4005d63fe400 size:512 thread:1
allocated block device:0x4005d63fe600 size:512 thread:1
allocated block device:0x4005d63fe800 size:512 thread:1
allocated block device:0x4005d63fea00 size:4608 thread:1
allocated block device:0x4005d63ffc00 size:512 thread:1
allocated block device:0x4005d63ffe00 size:512 thread:1
allocated block device:0x40063431a000 size:83968 thread:1
allocated block device:0x40063432e800 size:180224 thread:1
allocated block device:0x40063435a800 size:180224 thread:1
allocated block device:0x400634386800 size:180224 thread:1
allocated block device:0x4006343b2800 size:98304 thread:1
allocated block device:0x4006343ca800 size:98304 thread:1
allocated block device:0x4006343e2800 size:98304 thread:1
allocated block device:0x4006a71ff800 size:1024 thread:1
allocated block device:0x4006c71ff600 size:1536 thread:1
allocated block device:0x4006e71fa400 size:2048 thread:1
allocated block device:0x4006e71fae00 size:2560 thread:1
allocated block device:0x4006e71fb800 size:512 thread:1
allocated block device:0x4006e71fba00 size:4608 thread:1
allocated block device:0x4006e71fcc00 size:512 thread:1
allocated block device:0x4006e71fce00 size:4608 thread:1
allocated block device:0x4006e71fe000 size:512 thread:1
allocated block device:0x4006e71fe200 size:4608 thread:1
allocated block device:0x4006e71ff400 size:512 thread:1
allocated block device:0x4006e71ff600 size:512 thread:1
allocated block device:0x4006e71ff800 size:512 thread:1
allocated block device:0x4006e71ffa00 size:512 thread:1
allocated block device:0x4006e71ffc00 size:512 thread:1
allocated block device:0x4006e71ffe00 size:512 thread:1
allocated block device:0x4007071f4000 size:41984 thread:1
allocated block device:0x4007071fe400 size:5120 thread:1
allocated block device:0x4007071ff800 size:512 thread:1
allocated block device:0x4007071ffa00 size:512 thread:1
allocated block device:0x4007071ffc00 size:512 thread:1
allocated block device:0x4007071ffe00 size:512 thread:1
allocated block device:0x400740000000 size:298674176 thread:1
allocated block device:0x400751e00000 size:4030464 thread:1
allocated block device:0x400752200000 size:1821184 thread:1
allocated block device:0x4007523bca00 size:180224 thread:1
allocated block device:0x4007523e8a00 size:26112 thread:1
allocated block device:0x4007523ef000 size:4608 thread:1
allocated block device:0x4007523f0200 size:4608 thread:1
allocated block device:0x4007523f1400 size:24064 thread:1
allocated block device:0x4007523f7200 size:512 thread:1
allocated block device:0x4007523f7400 size:24064 thread:1
allocated block device:0x4007523fd200 size:512 thread:1
allocated block device:0x4007523fd400 size:512 thread:1
allocated block device:0x4007523fd600 size:3072 thread:1
allocated block device:0x4007523fe200 size:3072 thread:1
allocated block device:0x4007523fee00 size:512 thread:1
allocated block device:0x4007523ff000 size:1536 thread:1
allocated block device:0x4007523ff600 size:2560 thread:1
allocated block device:0x400752400000 size:1821184 thread:1
allocated block device:0x4007525bca00 size:180224 thread:1
allocated block device:0x4007525e8a00 size:5120 thread:1
allocated block device:0x4007525e9e00 size:1536 thread:1
allocated block device:0x4007525ea400 size:2048 thread:1
allocated block device:0x4007525eac00 size:7680 thread:1
allocated block device:0x4007525eca00 size:7680 thread:1
allocated block device:0x4007525ee800 size:3072 thread:1
allocated block device:0x4007525ef400 size:3072 thread:1
allocated block device:0x4007525f0000 size:5120 thread:1
allocated block device:0x4007525f1400 size:5120 thread:1
allocated block device:0x4007525f2800 size:1024 thread:1
allocated block device:0x4007525f2c00 size:1024 thread:1
allocated block device:0x4007525f3000 size:1024 thread:1
allocated block device:0x4007525f3400 size:1024 thread:1
allocated block device:0x4007525f3800 size:1024 thread:1
allocated block device:0x4007525f3c00 size:1024 thread:1
allocated block device:0x4007525f4000 size:1024 thread:1
allocated block device:0x4007525f4400 size:1024 thread:1
allocated block device:0x4007525f4800 size:5120 thread:1
allocated block device:0x4007525f5c00 size:1536 thread:1
allocated block device:0x4007525f6200 size:1024 thread:1
allocated block device:0x4007525f6600 size:1024 thread:1
allocated block device:0x4007525f6a00 size:1536 thread:1
allocated block device:0x4007525f7000 size:1024 thread:1
allocated block device:0x4007525f7400 size:1024 thread:1
allocated block device:0x4007525f7800 size:1024 thread:1
allocated block device:0x4007525f7c00 size:3072 thread:1
allocated block device:0x4007525f8800 size:3072 thread:1
allocated block device:0x4007525f9400 size:1536 thread:1
allocated block device:0x4007525f9a00 size:1536 thread:1
allocated block device:0x4007525fa000 size:1024 thread:1
allocated block device:0x4007525fa400 size:1024 thread:1
allocated block device:0x4007525fa800 size:1024 thread:1
allocated block device:0x4007525fac00 size:1024 thread:1
allocated block device:0x4007525fb000 size:1024 thread:1
allocated block device:0x4007525fb400 size:1024 thread:1
allocated block device:0x4007525fb800 size:1024 thread:1
allocated block device:0x4007525fbc00 size:1024 thread:1
allocated block device:0x4007525fc000 size:1536 thread:1
allocated block device:0x4007525fc600 size:1024 thread:1
allocated block device:0x4007525fca00 size:512 thread:1
allocated block device:0x4007525fcc00 size:2560 thread:1
allocated block device:0x4007525fd600 size:3072 thread:1
allocated block device:0x4007525ff600 size:2560 thread:1
allocated block device:0x400752600000 size:1821184 thread:1
allocated block device:0x4007527bca00 size:180224 thread:1
allocated block device:0x4007527e8a00 size:28672 thread:1
allocated block device:0x4007527efa00 size:40448 thread:1
allocated block device:0x4007527f9800 size:8192 thread:1
allocated block device:0x4007527fb800 size:8192 thread:1
allocated block device:0x4007527fd800 size:8192 thread:1
allocated block device:0x4007527ff800 size:512 thread:1
allocated block device:0x400752800000 size:1821184 thread:1
allocated block device:0x4007529bca00 size:180224 thread:1
allocated block device:0x4007529e8a00 size:40448 thread:1
allocated block device:0x4007529fe200 size:2048 thread:1
allocated block device:0x400752a00000 size:7284736 thread:1
allocated block device:0x400753200000 size:7284736 thread:1
allocated block device:0x400753a00000 size:45593600 thread:1
allocated block device:0x400760000000 size:807412224 thread:1
allocated block device:0x400790400000 size:230400000 thread:1
allocated block device:0x4007c0000000 size:230400000 thread:1
allocated block device:0x4007cdc00000 size:230400000 thread:1
allocated block device:0x400800000000 size:230400000 thread:1
allocated block device:0x400814c00000 size:391680 thread:1
allocated block device:0x400814c5fa00 size:921600 thread:1
allocated block device:0x400814d40a00 size:393216 thread:1
allocated block device:0x400814e00000 size:2799616 thread:1
allocated block device:0x400815200000 size:4030464 thread:1
allocated block device:0x400815600000 size:7284736 thread:1
allocated block device:0x400bc0000000 size:298674176 thread:1
allocated block device:0x400be38c0000 size:393216 thread:1
allocated block device:0x400befa00000 size:7284736 thread:1
allocated block device:0x400bf2000000 size:1807360 thread:1
allocated block device:0x400bf21b9400 size:181760 thread:1
allocated block device:0x400bf21f5600 size:3072 thread:1
allocated block device:0x400bf21f6200 size:3072 thread:1
allocated block device:0x400bf2200000 size:1807360 thread:1
allocated block device:0x400bf23b9400 size:181760 thread:1
allocated block device:0x400bf23e5a00 size:98304 thread:1
allocated block device:0x400bf2400000 size:1807360 thread:1
allocated block device:0x400bf2600000 size:2799616 thread:1
allocated block device:0x400bf2a00000 size:14458880 thread:1
allocated block device:0x400c40000000 size:298674176 thread:1
allocated block device:0x400c51e00000 size:7284736 thread:1
allocated block device:0x400d11e00000 size:230400000 thread:1
allocated block device:0x400d31e00000 size:230400000 thread:1
allocated block device:0x400d51e00000 size:230400000 thread:1
allocated block device:0x400d71e00000 size:29138944 thread:1
allocated block device:0x400d73a00000 size:29138944 thread:1
allocated block device:0x400d75600000 size:3145728 thread:1
allocated block device:0x400d75a00000 size:7284736 thread:1
allocated block device:0x400d76200000 size:7284736 thread:1
allocated block device:0x400d76a00000 size:14569472 thread:1
allocated block device:0x400dc0000000 size:921600000 thread:1
Accelerator Fatal Error: call to cuMemAlloc returned error 2 (CUDA_ERROR_OUT_OF_MEMORY): Out of memory
 File: /lus/lfs1aip2/projects/u6cb/software/VASP/vasp.6.5.1/build/gam/fft_base.f90
 Function: restride_r2q_cmplx:945
 Line: 964

Out of memory allocating 230400000 bytes of device memory
Failing in Thread:1
total/free CUDA memory: 102005473280/88670208
Present table dump for device[1]: NVIDIA Tesla GPU 0, compute capability 9.0, threadid=1
Hint: specify 0x800 bit in NV_ACC_DEBUG for verbose info.
host:0x2557280 device:0x40031e5fd800 size:32 presentcount:0+3 line:643 name:var%comm
host:0x25572a0 device:0x40031e5ef600 size:32 presentcount:0+4 line:652 name:var%comm_kinter
host:0x25572c0 device:0x40031e5ef800 size:32 presentcount:0+6 line:655 name:var%comm_kin
host:0x25572e0 device:0x4004f51ffa00 size:32 presentcount:0+3 line:646 name:var%comm_inter
host:0x2557300 device:0x4004f51ffc00 size:32 presentcount:0+7 line:649 name:var%comm_inb
host:0x256be80 device:0x40031a0ecd00 size:8 presentcount:0+1 line:-1 name:_setexm_struct_def_21
host:0x2576f40 device:0x40031a0ece00 size:28 presentcount:0+1 line:-1 name:_ml_ff_constant_21
host:0x2577c80 device:0x40031a0ecf00 size:30437 presentcount:0+1 line:-1 name:_ml_ff_taglist_21
host:0x25afc80 device:0x40031a0f4600 size:8 presentcount:0+1 line:-1 name:_mopenacc_tutor_21
host:0x25c2740 device:0x40031a0f4a00 size:32 presentcount:0+1 line:-1 name:_mbj_21
host:0x25cd640 device:0x40031a0f4d00 size:8 presentcount:0+1 line:-1 name:_sym_prec_21
host:0x26030c0 device:0x40031a0f4e00 size:344 presentcount:0+1 line:-1 name:_tet_21
host:0x261c840 device:0x40031a0f5000 size:392 presentcount:0+1 line:-1 name:_mymath_21
host:0x2817368 device:0x40031e5f0400 size:4800 presentcount:0+2 line:614 name:var
host:0x2818628 device:0x40031e5fbc00 size:1984 presentcount:0+2 line:403 name:var
host:0x281a910 device:0x4004d53ffa00 size:864 presentcount:0+4 line:2639 name:hamiltonian
host:0x286ac80 device:0x40031e5fec00 size:2712 presentcount:0+2 line:428 name:var
host:0x286b718 device:0x4004f51fc600 size:2248 presentcount:0+1 line:742 name:var
host:0x286eb50 device:0x4009d21ffc00 size:288 presentcount:0+1 line:195 name:latt_cur
host:0x2871658 device:0x4005153fe400 size:5088 presentcount:0+28 line:517 name:var
host:0x2872a38 device:0x4005725f6000 size:5088 presentcount:0+6 line:517 name:var
host:0x2873e18 device:0x4005725e9600 size:5088 presentcount:0+7 line:517 name:var
host:0x287a2a8 device:0x4004f51ff800 size:304 presentcount:0+1 line:567 name:var
host:0x287a3d8 device:0x4005725fe200 size:304 presentcount:0+1 line:567 name:var
host:0x2e48ec0 device:0x40031a002600 size:960024 presentcount:0+1 line:-1 name:_setexm_struct_def_16
host:0x2f8f080 device:0x40031a0f4700 size:580 presentcount:0+1 line:-1 name:_wpbe_16
host:0x2f8f900 device:0x40031a0f4b00 size:288 presentcount:0+1 line:-1 name:_mbj_16
host:0x9f446c0 device:0x40031a0f5200 size:624 presentcount:0+1 line:-1 name:_mlr_optic_16
host:0x484bcc00 device:0x4005725f9000 size:528 presentcount:0+1 line:480 name:var
host:0x4c70d790 device:0x4004f51ffe00 size:8 presentcount:0+4 line:405 name:var%nityp(:)
host:0x4cc0bfa0 device:0x40031e5f2200 size:1000 presentcount:0+4 line:519 name:var%lpctz(:)
host:0x4d08f0a0 device:0x4005727e8a00 size:28464 presentcount:0+1 line:853 name:var(:)
host:0x4d0a1820 device:0x4005729e8a00 size:40000 presentcount:0+1 line:857 name:var%psp(:,:)
host:0x4d0ab490 device:0x4009d23fbc00 size:8000 presentcount:0+1 line:857 name:var%psprho(:)
host:0x4d0ae720 device:0x4005723f8c00 size:24000 presentcount:0+2 line:466 name:var%psprnl(:,:,:)
host:0x4d0de100 device:0x4005723f0400 size:4320 presentcount:0+4 line:405 name:var%ityp(:)
host:0x4d0df210 device:0x4005723e8a00 size:25920 presentcount:0+4 line:405 name:var%posion(:,:)
host:0x4d122570 device:0x4005727efa00 size:40000 presentcount:0+1 line:857 name:var%psp(:,:)
host:0x4d12c1e0 device:0x4009d21fbc00 size:8000 presentcount:0+1 line:857 name:var%pspcor(:)
host:0x4d12e150 device:0x4009d21fdc00 size:8000 presentcount:0+1 line:857 name:var%psprho(:)
host:0x4d1313e0 device:0x4005723f2a00 size:24000 presentcount:0+2 line:466 name:var%psprnl(:,:,:)
host:0x4d17e3a0 device:0x4005153ffc00 size:24 presentcount:0+3 line:466 name:var%lps(:)
host:0x4d17e450 device:0x4004f51fd000 size:24 presentcount:0+3 line:466 name:var%lps(:)
host:0x4d803080 device:0x4005725fbc00 size:516 presentcount:0+1 line:499 name:var%ptr(:)
host:0x4d81d860 device:0x4005723ef000 size:8 presentcount:0+2 line:616 name:var%wtkpt(:)
host:0x4d81d890 device:0x40031e5ffa00 size:8 presentcount:0+3 line:616 name:var%nityp(:)
host:0x4d9c09c0 device:0x40031e5ffe00 size:24 presentcount:0+3 line:616 name:var%vkpt(:,:)
host:0x4d9e5c70 device:0x40031e5f0200 size:16 presentcount:0+2 line:430 name:var%psrmax(:)
host:0x4d9e6230 device:0x4005723ef200 size:4320 presentcount:0+3 line:616 name:var%ityp(:)
host:0x4d9e7340 device:0x40031e5ff800 size:8 presentcount:0+3 line:616 name:var%lmmax(:)
host:0x4d9e7370 device:0x40031e5ffc00 size:8 presentcount:0+3 line:616 name:var%nt_global(:)
host:0x4d9e73a0 device:0x40031e5fda00 size:4320 presentcount:0+3 line:616 name:var%npro_pos(:)
host:0x4d9e84b0 device:0x40031e5fc600 size:4324 presentcount:0+3 line:616 name:var%lmbase(:)
host:0x4d9e95c0 device:0x4005723f8800 size:4 presentcount:0+2 line:616 name:var%nplwkp(:)
host:0x4d9e95f0 device:0x4005723f8a00 size:4 presentcount:0+2 line:616 name:var%nplwkp_tot(:)
host:0x4d9e9620 device:0x4005723fea00 size:4 presentcount:0+2 line:616 name:var%ngvector_pos(:)
host:0x4d9e9650 device:0x4005723f2800 size:4 presentcount:0+2 line:616 name:var%ngvector(:)
host:0x4d9e9680 device:0x40031e5f1800 size:1280 presentcount:0+4 line:519 name:var%lpctx(:)
host:0x4d9e9bb0 device:0x40031e5f1e00 size:720 presentcount:0+4 line:519 name:var%lpcty(:)
host:0x4d9e9eb0 device:0x40031e5f2600 size:1280 presentcount:0+4 line:519 name:var%lpctx_(:)
host:0x4d9ea3e0 device:0x40031e5f2c00 size:720 presentcount:0+4 line:519 name:var%lpcty_(:)
host:0x4d9ea6e0 device:0x40031e5f3000 size:1000 presentcount:0+4 line:519 name:var%lpctz_(:)
host:0x4d9eaaf0 device:0x4005725f7400 size:1280 presentcount:0+1 line:519 name:var%lpctx(:)
host:0x4d9eb020 device:0x4005725f7a00 size:720 presentcount:0+1 line:519 name:var%lpcty(:)
host:0x4d9eb320 device:0x4005725f7e00 size:1000 presentcount:0+1 line:519 name:var%lpctz(:)
host:0x4d9eb730 device:0x4005725f8200 size:1280 presentcount:0+1 line:519 name:var%lpctx_(:)
host:0x4d9ebc60 device:0x4005725f8800 size:720 presentcount:0+1 line:519 name:var%lpcty_(:)
host:0x4d9ebf60 device:0x4005725f8c00 size:1000 presentcount:0+1 line:519 name:var%lpctz_(:)
host:0x4d9ec370 device:0x4005723fee00 size:2560 presentcount:0+1 line:519 name:var%lpctx(:)
host:0x4d9ecda0 device:0x4005725eaa00 size:1440 presentcount:0+1 line:519 name:var%lpcty(:)
host:0x4d9ed370 device:0x4005725e8a00 size:2000 presentcount:0+1 line:519 name:var%lpctz(:)
host:0x4d9edb70 device:0x4005725eb000 size:2560 presentcount:0+1 line:519 name:var%lpctx_(:)
host:0x4d9ee5a0 device:0x4005725eba00 size:1440 presentcount:0+1 line:519 name:var%lpcty_(:)
host:0x4d9eeb70 device:0x4005725ec000 size:2000 presentcount:0+1 line:519 name:var%lpctz_(:)
host:0x4dadac50 device:0x4005725f0400 size:2824 presentcount:0+1 line:482 name:var%i2(:)
host:0x4dadb780 device:0x4005725f1000 size:2824 presentcount:0+1 line:482 name:var%i3(:)
host:0x4dadc2b0 device:0x4005725f1c00 size:5020 presentcount:0+1 line:482 name:var%i2(:)
host:0x4dadd680 device:0x4005725f3000 size:5020 presentcount:0+1 line:482 name:var%i3(:)
host:0x4dadea50 device:0x4005725ec800 size:7200 presentcount:0+2 line:482 name:var%i2(:)
host:0x4dae06a0 device:0x4005725ee600 size:7200 presentcount:0+2 line:482 name:var%i3(:)
host:0x4dae2710 device:0x4005fb85fa00 size:921600 presentcount:0+2 line:482 name:var%index(:,:)
host:0x4dbc3740 device:0x4005725fe400 size:2560 presentcount:0+1 line:569 name:var%ind1(:)
host:0x4dbc4170 device:0x4005725fee00 size:2824 presentcount:0+1 line:569 name:var%indcol(:)
host:0x4dbc4ca0 device:0x4005725f9400 size:2824 presentcount:0+1 line:482 name:var%i2(:)
host:0x4dbc57d0 device:0x4005725fa000 size:2824 presentcount:0+1 line:482 name:var%i3(:)
host:0x4dbc6300 device:0x4005725fac00 size:1512 presentcount:0+1 line:482 name:var%i2(:)
host:0x4dbc6910 device:0x4005725fb200 size:1512 presentcount:0+1 line:482 name:var%i3(:)
host:0x4dbc6f20 device:0x4004f51fd200 size:4320 presentcount:0+2 line:430 name:var%nlimax(:)
host:0x4dbc8030 device:0x4004f51fe600 size:4324 presentcount:0+2 line:430 name:var%lmbase(:)
host:0x4dbc9140 device:0x40031e5ee400 size:4324 presentcount:0+2 line:430 name:var%nlibase(:)
host:0x4dbca250 device:0x40031e5f3400 size:17132 presentcount:0+4 line:519 name:var%nindpwconjg(:)
host:0x4dbce570 device:0x40031e5f7800 size:17132 presentcount:0+4 line:519 name:var%ind_in_sphere(:)
host:0x4dbd37c0 device:0x4005725fb800 size:516 presentcount:0+1 line:499 name:var%n(:)
host:0x4dbd39f0 device:0x4005725fc400 size:516 presentcount:0+1 line:499 name:var%ptri(:)
host:0x4dbd3c20 device:0x4005725fc000 size:516 presentcount:0+1 line:499 name:var%ni(:)
host:0x4dbd3e50 device:0x4005725fcc00 size:516 presentcount:0+1 line:499 name:var%ptr(:)
host:0x4dbd4080 device:0x4005725fc800 size:516 presentcount:0+1 line:499 name:var%n(:)
host:0x4dbd42b0 device:0x4004f51fe400 size:4 presentcount:0+1 line:499 name:var%tbli(:)
host:0x4dbd42e0 device:0x4005725fd400 size:516 presentcount:0+1 line:499 name:var%ptri(:)
host:0x4dbd4510 device:0x4005725fd000 size:516 presentcount:0+1 line:499 name:var%ni(:)
host:0x4dbf10a0 device:0x4005725f4400 size:516 presentcount:0+1 line:499 name:var%ptr(:)
host:0x4dbf12d0 device:0x4005723ffc00 size:516 presentcount:0+1 line:499 name:var%n(:)
host:0x4dbf1500 device:0x4005725f4c00 size:516 presentcount:0+1 line:499 name:var%ptri(:)
host:0x4dbf1730 device:0x4005725f4800 size:516 presentcount:0+1 line:499 name:var%ni(:)
host:0x4dbf1960 device:0x4005725f5400 size:516 presentcount:0+1 line:499 name:var%ptr(:)
host:0x4dbf1b90 device:0x4005725f5000 size:516 presentcount:0+1 line:499 name:var%n(:)
host:0x4dbf1dc0 device:0x4005725f5c00 size:516 presentcount:0+1 line:499 name:var%ptri(:)
host:0x4dbf1ff0 device:0x4005725f5800 size:516 presentcount:0+1 line:499 name:var%ni(:)
host:0x4dc00490 device:0x4005725fd800 size:1280 presentcount:0+1 line:569 name:var%ind1(:)
host:0x4dc009c0 device:0x4005725fde00 size:692 presentcount:0+1 line:569 name:var%indcol(:)
host:0x4dc00ca0 device:0x40044a12e800 size:180000 presentcount:0+4 line:482 name:var%i2(:)
host:0x4dc2cbf0 device:0x40044a15a800 size:180000 presentcount:0+4 line:482 name:var%i3(:)
host:0x4dc58b40 device:0x4005723bca00 size:180000 presentcount:0+8 line:482 name:var%index(:,:)
host:0x4dc84a90 device:0x4005729bca00 size:180000 presentcount:0+8 line:482 name:var%i2(:)
host:0x4dcb09e0 device:0x40044a186800 size:180000 presentcount:0+8 line:482 name:var%i3(:)
host:0x4dcdcf60 device:0x400572400000 size:1821184 presentcount:0+3 line:616 name:var%nindpw(:,:)
host:0x4de99990 device:0x40031e5fc400 size:8 presentcount:0+2 line:616 name:var%nb_totk(:,:)
host:0x4de999c0 device:0x4005723fec00 size:4 presentcount:0+2 line:616 name:var%luseinv(:)
host:0x4de999f0 device:0x40031e5efe00 size:4 presentcount:0+2 line:616 name:var%at_gamma(:)
host:0x4de99a20 device:0x4005725bca00 size:180000 presentcount:0+3 line:616 name:var%pl_index(:,:)
host:0x4dec5970 device:0x4005727bca00 size:180000 presentcount:0+3 line:616 name:var%pl_col(:,:)
host:0x4def2100 device:0x4005fc200000 size:7284736 presentcount:0+3 line:616 name:var%datake(:,:,:)
host:0x4e5e5380 device:0x400572600000 size:1821184 presentcount:0+3 line:616 name:var%igx(:,:)
host:0x4e7a2a10 device:0x400572200000 size:1821184 presentcount:0+3 line:616 name:var%igy(:,:)
host:0x4e9602b0 device:0x400572800000 size:1821184 presentcount:0+3 line:616 name:var%igz(:,:)
host:0x4eb1cce0 device:0x4005723ffa00 size:8 presentcount:0+2 line:405 name:var%lmmax(:)
host:0x4eb1cd10 device:0x40031e5efa00 size:8 presentcount:0+2 line:430 name:var%lmax(:)
host:0x4eb1cd40 device:0x4005723f1600 size:4324 presentcount:0+2 line:405 name:var%lmbase(:)
host:0x4eb1de50 device:0x40031e5efc00 size:8 presentcount:0+2 line:430 name:var%lmmax(:)
host:0x4eb1de80 device:0x40031e5f0000 size:8 presentcount:0+2 line:430 name:var%channels(:)
host:0x4eb1deb0 device:0x4005153ff800 size:16 presentcount:0+2 line:430 name:var%rsmooth(:)
host:0x4eb1def0 device:0x4005153ffa00 size:400 presentcount:0+2 line:464 name:var
host:0x4eb1e080 device:0x4005153ffe00 size:400 presentcount:0+2 line:464 name:var
host:0x4eb1f6e0 device:0x400573200000 size:7284272 presentcount:0+4 line:519 name:var%fftsca(:,:)
host:0x4f2825a0 device:0x4005fb800000 size:221440 presentcount:0+1 line:499 name:var%tbl(:)
host:0x4f2ee800 device:0x4009d21b9400 size:272160 presentcount:0+1 line:499 name:var%tbli(:)
host:0x4f330f50 device:0x4009d23b9400 size:272160 presentcount:0+1 line:499 name:var%tbl(:)
host:0x4f4494b0 device:0x4005fba00000 size:1807360 presentcount:0+1 line:499 name:var%tbl(:)
host:0x4f7bf0a0 device:0x4009d2000000 size:1807200 presentcount:0+1 line:499 name:var%tbli(:)
host:0x4f97a110 device:0x4009d2200000 size:1807200 presentcount:0+1 line:499 name:var%tbl(:)
host:0x4fc42d30 device:0x4005153f4000 size:41984 presentcount:0+1 line:746 name:var%auxtot(:,:,:)
host:0x4fc60030 device:0x40044a11a000 size:83968 presentcount:0+2 line:746 name:var%celtot(:,:,:)
host:0x4fcf0820 device:0x4009d2400000 size:1807200 presentcount:0+1 line:499 name:var%tbli(:)
host:0x50133240 device:0x40031e5e4000 size:41984 presentcount:0+2 line:746 name:var%fertot(:,:,:)
host:0x519c82c0 device:0x400572a00000 size:7200000 presentcount:0+1 line:195 name:dencor(:)
host:0x527925b0 device:0x400571e00000 size:2799360 presentcount:0+2 line:194 name:cdij(:,:,:,:)
host:0x52a41cd0 device:0x4009d2600000 size:2799360 presentcount:0+2 line:194 name:cqij(:,:,:,:)
host:0x52fa1980 device:0x4005fbe00000 size:4030464 presentcount:0+5 line:746 name:var%gproj(:,:,:,:)
host:0x536421a0 device:0x40044a1ca800 size:98304 presentcount:0+1 line:1101 name:w1%gproj(:)
host:0x5a4d0880 device:0x4005fb940a00 size:393216 presentcount:0+2 line:1226 name:wa%gproj(:,:)
host:0x5a5308b0 device:0x4009c38c0000 size:393216 presentcount:0+2 line:1226 name:wa%gproj(:,:)
host:0x5a597630 device:0x400b75600000 size:3145728 presentcount:0+2 line:1226 name:wa%gproj(:,:)
host:0x5e792450 device:0x4005729fcc00 size:2048 presentcount:0+1 line:179 name:w1(:)
host:0x5e792c70 device:0x4005727fa600 size:2048 presentcount:0+1 line:179 name:wtmp(:)
host:0x5e7c5b30 device:0x400a51e00000 size:7284736 presentcount:0+1 line:1101 name:w1%cptwfp(:)
host:0x5eeb8360 device:0x40044a1b2800 size:98304 presentcount:0+1 line:1101 name:w1%gproj(:)
host:0x5eed0390 device:0x4009d25b9400 size:98304 presentcount:0+1 line:1101 name:w1%gproj(:)
host:0x5eee83c0 device:0x4009d25d1400 size:98304 presentcount:0+1 line:1101 name:w1%gproj(:)
host:0x5f15cd80 device:0x400b76a00000 size:14569472 presentcount:0+1 line:202 name:precon(:,:)
host:0x5ff49340 device:0x4009cfa00000 size:7284736 presentcount:0+1 line:1101 name:w1%cptwfp(:)
host:0x60643730 device:0x400b75a00000 size:7284736 presentcount:0+1 line:1101 name:w1%cptwfp(:)
host:0x60d3e150 device:0x400b76200000 size:7284736 presentcount:0+1 line:1101 name:w1%cptwfp(:)
host:0x40035b2d10a0 device:0x400573a00000 size:45593280 presentcount:0+2 line:430 name:var%nli(:,:)
host:0x40035de539e0 device:0x4009d2a00000 size:14458880 presentcount:0+1 line:195 name:cstrf(:,:)
host:0x4003bdfd6740 device:0x400b71e00000 size:29138944 presentcount:0+2 line:1226 name:wa%cptwfp(:,:)
host:0x4004600012b0 device:0x400580000000 size:807411968 presentcount:0+2 line:430 name:var%rproj(:)
host:0x4004902131a0 device:0x4005e0000000 size:230400000 presentcount:0+2 line:194 name:sv(:,:)
host:0x40049ddd6950 device:0x400b73a00000 size:29138944 presentcount:0+2 line:1226 name:wa%cptwfp(:,:)
host:0x400540004a60 device:0x400560000000 size:298674176 presentcount:0+5 line:746 name:var%cptwfp(:,:,:,:)
host:0x400551ce6b60 device:0x400a40000000 size:233111552 presentcount:0+2 line:1226 name:wa%cptwfp(:,:)
host:0x400640007190 device:0x400360000000 size:230400000 presentcount:0+1 line:1101 name:w1%cr(:)
host:0x40064dbd73a0 device:0x4005b0400000 size:230400000 presentcount:0+1 line:1236 name:w1%cr(:)
host:0x4006800077c0 device:0x4005edc00000 size:230400000 presentcount:0+1 line:1101 name:w1%cr(:)
host:0x40068dbd79d0 device:0x400531000000 size:230400000 presentcount:0+1 line:1236 name:w1%cr(:)
host:0x4008a0007df0 device:0x4009a0000000 size:230400000 presentcount:0+1 line:1101 name:w1%cr(:)
host:0x4008adbd8000 device:0x400b51e00000 size:230400000 presentcount:0+1 line:1236 name:w1%cr(:)
host:0x400980008420 device:0x400b31e00000 size:230400000 presentcount:0+1 line:1101 name:w1%cr(:)
host:0x40098dbd0020 device:0x400b11e00000 size:230400000 presentcount:0+1 line:1236 name:w1%cr(:)
host:0x400b80005ae0 device:0x400bc0000000 size:921600000 presentcount:0+1 line:1005 name:cwork1(:,:)
host:0xffffde3fc310 device:0x4005727fb200 size:3024 presentcount:0+12 line:682 name:var
host:0xffffde3fcee0 device:0x4004b53ff800 size:1480 presentcount:0+1 line:174 name:w_ini
host:0xffffde3fd4b0 device:0x4005727f9c00 size:1480 presentcount:0+1 line:174 name:wopt
host:0xffffde3fda80 device:0x4004f51fbc00 size:1480 presentcount:0+1 line:174 name:wtmpa
allocated block device:0x40031e5e4000 size:41984 thread:1
allocated block device:0x40031e5ee400 size:4608 thread:1
allocated block device:0x40031e5ef600 size:512 thread:1
allocated block device:0x40031e5ef800 size:512 thread:1
allocated block device:0x40031e5efa00 size:512 thread:1
allocated block device:0x40031e5efc00 size:512 thread:1
allocated block device:0x40031e5efe00 size:512 thread:1
allocated block device:0x40031e5f0000 size:512 thread:1
allocated block device:0x40031e5f0200 size:512 thread:1
allocated block device:0x40031e5f0400 size:5120 thread:1
allocated block device:0x40031e5f1800 size:1536 thread:1
allocated block device:0x40031e5f1e00 size:1024 thread:1
allocated block device:0x40031e5f2200 size:1024 thread:1
allocated block device:0x40031e5f2600 size:1536 thread:1
allocated block device:0x40031e5f2c00 size:1024 thread:1
allocated block device:0x40031e5f3000 size:1024 thread:1
allocated block device:0x40031e5f3400 size:17408 thread:1
allocated block device:0x40031e5f7800 size:17408 thread:1
allocated block device:0x40031e5fbc00 size:2048 thread:1
allocated block device:0x40031e5fc400 size:512 thread:1
allocated block device:0x40031e5fc600 size:4608 thread:1
allocated block device:0x40031e5fd800 size:512 thread:1
allocated block device:0x40031e5fda00 size:4608 thread:1
allocated block device:0x40031e5fec00 size:3072 thread:1
allocated block device:0x40031e5ff800 size:512 thread:1
allocated block device:0x40031e5ffa00 size:512 thread:1
allocated block device:0x40031e5ffc00 size:512 thread:1
allocated block device:0x40031e5ffe00 size:512 thread:1
allocated block device:0x400360000000 size:230400000 thread:1
allocated block device:0x40044a11a000 size:83968 thread:1
allocated block device:0x40044a12e800 size:180224 thread:1
allocated block device:0x40044a15a800 size:180224 thread:1
allocated block device:0x40044a186800 size:180224 thread:1
allocated block device:0x40044a1b2800 size:98304 thread:1
allocated block device:0x40044a1ca800 size:98304 thread:1
allocated block device:0x4004b53ff800 size:1536 thread:1
allocated block device:0x4004d53ffa00 size:1024 thread:1
allocated block device:0x4004f51fbc00 size:2048 thread:1
allocated block device:0x4004f51fc600 size:2560 thread:1
allocated block device:0x4004f51fd000 size:512 thread:1
allocated block device:0x4004f51fd200 size:4608 thread:1
allocated block device:0x4004f51fe400 size:512 thread:1
allocated block device:0x4004f51fe600 size:4608 thread:1
allocated block device:0x4004f51ff800 size:512 thread:1
allocated block device:0x4004f51ffa00 size:512 thread:1
allocated block device:0x4004f51ffc00 size:512 thread:1
allocated block device:0x4004f51ffe00 size:512 thread:1
allocated block device:0x4005153f4000 size:41984 thread:1
allocated block device:0x4005153fe400 size:5120 thread:1
allocated block device:0x4005153ff800 size:512 thread:1
allocated block device:0x4005153ffa00 size:512 thread:1
allocated block device:0x4005153ffc00 size:512 thread:1
allocated block device:0x4005153ffe00 size:512 thread:1
allocated block device:0x400531000000 size:230400000 thread:1
allocated block device:0x400560000000 size:298674176 thread:1
allocated block device:0x400571e00000 size:4030464 thread:1
allocated block device:0x400572200000 size:1821184 thread:1
allocated block device:0x4005723bca00 size:180224 thread:1
allocated block device:0x4005723e8a00 size:26112 thread:1
allocated block device:0x4005723ef000 size:512 thread:1
allocated block device:0x4005723ef200 size:4608 thread:1
allocated block device:0x4005723f0400 size:4608 thread:1
allocated block device:0x4005723f1600 size:4608 thread:1
allocated block device:0x4005723f2800 size:512 thread:1
allocated block device:0x4005723f2a00 size:24064 thread:1
allocated block device:0x4005723f8800 size:512 thread:1
allocated block device:0x4005723f8a00 size:512 thread:1
allocated block device:0x4005723f8c00 size:24064 thread:1
allocated block device:0x4005723fea00 size:512 thread:1
allocated block device:0x4005723fec00 size:512 thread:1
allocated block device:0x4005723fee00 size:3072 thread:1
allocated block device:0x4005723ffa00 size:512 thread:1
allocated block device:0x4005723ffc00 size:1024 thread:1
allocated block device:0x400572400000 size:1821184 thread:1
allocated block device:0x4005725bca00 size:180224 thread:1
allocated block device:0x4005725e8a00 size:3072 thread:1
allocated block device:0x4005725e9600 size:5120 thread:1
allocated block device:0x4005725eaa00 size:1536 thread:1
allocated block device:0x4005725eb000 size:2560 thread:1
allocated block device:0x4005725eba00 size:1536 thread:1
allocated block device:0x4005725ec000 size:2048 thread:1
allocated block device:0x4005725ec800 size:7680 thread:1
allocated block device:0x4005725ee600 size:7680 thread:1
allocated block device:0x4005725f0400 size:3072 thread:1
allocated block device:0x4005725f1000 size:3072 thread:1
allocated block device:0x4005725f1c00 size:5120 thread:1
allocated block device:0x4005725f3000 size:5120 thread:1
allocated block device:0x4005725f4400 size:1024 thread:1
allocated block device:0x4005725f4800 size:1024 thread:1
allocated block device:0x4005725f4c00 size:1024 thread:1
allocated block device:0x4005725f5000 size:1024 thread:1
allocated block device:0x4005725f5400 size:1024 thread:1
allocated block device:0x4005725f5800 size:1024 thread:1
allocated block device:0x4005725f5c00 size:1024 thread:1
allocated block device:0x4005725f6000 size:5120 thread:1
allocated block device:0x4005725f7400 size:1536 thread:1
allocated block device:0x4005725f7a00 size:1024 thread:1
allocated block device:0x4005725f7e00 size:1024 thread:1
allocated block device:0x4005725f8200 size:1536 thread:1
allocated block device:0x4005725f8800 size:1024 thread:1
allocated block device:0x4005725f8c00 size:1024 thread:1
allocated block device:0x4005725f9000 size:1024 thread:1
allocated block device:0x4005725f9400 size:3072 thread:1
allocated block device:0x4005725fa000 size:3072 thread:1
allocated block device:0x4005725fac00 size:1536 thread:1
allocated block device:0x4005725fb200 size:1536 thread:1
allocated block device:0x4005725fb800 size:1024 thread:1
allocated block device:0x4005725fbc00 size:1024 thread:1
allocated block device:0x4005725fc000 size:1024 thread:1
allocated block device:0x4005725fc400 size:1024 thread:1
allocated block device:0x4005725fc800 size:1024 thread:1
allocated block device:0x4005725fcc00 size:1024 thread:1
allocated block device:0x4005725fd000 size:1024 thread:1
allocated block device:0x4005725fd400 size:1024 thread:1
allocated block device:0x4005725fd800 size:1536 thread:1
allocated block device:0x4005725fde00 size:1024 thread:1
allocated block device:0x4005725fe200 size:512 thread:1
allocated block device:0x4005725fe400 size:2560 thread:1
allocated block device:0x4005725fee00 size:3072 thread:1
allocated block device:0x400572600000 size:1821184 thread:1
allocated block device:0x4005727bca00 size:180224 thread:1
allocated block device:0x4005727e8a00 size:28672 thread:1
allocated block device:0x4005727efa00 size:40448 thread:1
allocated block device:0x4005727f9c00 size:2560 thread:1
allocated block device:0x4005727fa600 size:3072 thread:1
allocated block device:0x4005727fb200 size:3072 thread:1
allocated block device:0x400572800000 size:1821184 thread:1
allocated block device:0x4005729bca00 size:180224 thread:1
allocated block device:0x4005729e8a00 size:40448 thread:1
allocated block device:0x4005729fcc00 size:2048 thread:1
allocated block device:0x400572a00000 size:7284736 thread:1
allocated block device:0x400573200000 size:7284736 thread:1
allocated block device:0x400573a00000 size:45593600 thread:1
allocated block device:0x400580000000 size:807412224 thread:1
allocated block device:0x4005b0400000 size:230400000 thread:1
allocated block device:0x4005e0000000 size:230400000 thread:1
allocated block device:0x4005edc00000 size:230400000 thread:1
allocated block device:0x4005fb800000 size:391680 thread:1
allocated block device:0x4005fb85fa00 size:921600 thread:1
allocated block device:0x4005fb940a00 size:393216 thread:1
allocated block device:0x4005fba00000 size:2799616 thread:1
allocated block device:0x4005fbe00000 size:4030464 thread:1
allocated block device:0x4005fc200000 size:7284736 thread:1
allocated block device:0x4009a0000000 size:298674176 thread:1
allocated block device:0x4009c38c0000 size:393216 thread:1
allocated block device:0x4009cfa00000 size:7284736 thread:1
allocated block device:0x4009d2000000 size:1807360 thread:1
allocated block device:0x4009d21b9400 size:272384 thread:1
allocated block device:0x4009d21fbc00 size:8192 thread:1
allocated block device:0x4009d21fdc00 size:8192 thread:1
allocated block device:0x4009d21ffc00 size:512 thread:1
allocated block device:0x4009d2200000 size:1807360 thread:1
allocated block device:0x4009d23b9400 size:272384 thread:1
allocated block device:0x4009d23fbc00 size:8192 thread:1
allocated block device:0x4009d2400000 size:1807360 thread:1
allocated block device:0x4009d25b9400 size:98304 thread:1
allocated block device:0x4009d25d1400 size:98304 thread:1
allocated block device:0x4009d2600000 size:2799616 thread:1
allocated block device:0x4009d2a00000 size:14458880 thread:1
allocated block device:0x400a40000000 size:298674176 thread:1
allocated block device:0x400a51e00000 size:7284736 thread:1
allocated block device:0x400b11e00000 size:230400000 thread:1
allocated block device:0x400b31e00000 size:230400000 thread:1
allocated block device:0x400b51e00000 size:230400000 thread:1
allocated block device:0x400b71e00000 size:29138944 thread:1
allocated block device:0x400b73a00000 size:29138944 thread:1
allocated block device:0x400b75600000 size:3145728 thread:1
allocated block device:0x400b75a00000 size:7284736 thread:1
allocated block device:0x400b76200000 size:7284736 thread:1
allocated block device:0x400b76a00000 size:14569472 thread:1
allocated block device:0x400bc0000000 size:921600000 thread:1
Accelerator Fatal Error: call to cuMemAlloc returned error 2 (CUDA_ERROR_OUT_OF_MEMORY): Out of memory
 File: /lus/lfs1aip2/projects/u6cb/software/VASP/vasp.6.5.1/build/gam/fft_base.f90
 Function: restride_r2q_cmplx:945
 Line: 964

Out of memory allocating 921600000 bytes of device memory
Failing in Thread:1
total/free CUDA memory: 102005473280/316997632
Present table dump for device[1]: NVIDIA Tesla GPU 0, compute capability 9.0, threadid=1
Hint: specify 0x800 bit in NV_ACC_DEBUG for verbose info.
host:0x2557280 device:0x4006543fc000 size:32 presentcount:0+3 line:643 name:var%comm
host:0x25572a0 device:0x4007551ffa00 size:32 presentcount:0+4 line:652 name:var%comm_kinter
host:0x25572c0 device:0x4007551ffc00 size:32 presentcount:0+6 line:655 name:var%comm_kin
host:0x25572e0 device:0x4007551ff400 size:32 presentcount:0+3 line:646 name:var%comm_inter
host:0x2557300 device:0x4007551ff600 size:32 presentcount:0+7 line:649 name:var%comm_inb
host:0x256be80 device:0x40057a0ecd00 size:8 presentcount:0+1 line:-1 name:_setexm_struct_def_21
host:0x2576f40 device:0x40057a0ece00 size:28 presentcount:0+1 line:-1 name:_ml_ff_constant_21
host:0x2577c80 device:0x40057a0ecf00 size:30437 presentcount:0+1 line:-1 name:_ml_ff_taglist_21
host:0x25afc80 device:0x40057a0f4600 size:8 presentcount:0+1 line:-1 name:_mopenacc_tutor_21
host:0x25c2740 device:0x40057a0f4a00 size:32 presentcount:0+1 line:-1 name:_mbj_21
host:0x25cd640 device:0x40057a0f4d00 size:8 presentcount:0+1 line:-1 name:_sym_prec_21
host:0x26030c0 device:0x40057a0f4e00 size:344 presentcount:0+1 line:-1 name:_tet_21
host:0x261c840 device:0x40057a0f5000 size:392 presentcount:0+1 line:-1 name:_mymath_21
host:0x2817368 device:0x4006543eec00 size:4800 presentcount:0+2 line:614 name:var
host:0x2818628 device:0x4006543fa400 size:1984 presentcount:0+2 line:403 name:var
host:0x281a910 device:0x4007153ff800 size:864 presentcount:0+4 line:2639 name:hamiltonian
host:0x286ac80 device:0x4006543fd400 size:2712 presentcount:0+2 line:428 name:var
host:0x286b718 device:0x4007551fae00 size:2248 presentcount:0+1 line:742 name:var
host:0x286eb50 device:0x4007d27ff800 size:288 presentcount:0+1 line:195 name:latt_cur
host:0x2871658 device:0x4007753fe400 size:5088 presentcount:0+28 line:517 name:var
host:0x2872a38 device:0x4007d25f4800 size:5088 presentcount:0+6 line:517 name:var
host:0x2873e18 device:0x4007d25e8a00 size:5088 presentcount:0+7 line:517 name:var
host:0x287a2a8 device:0x4007551fe000 size:304 presentcount:0+1 line:567 name:var
host:0x287a3d8 device:0x4007d25fca00 size:304 presentcount:0+1 line:567 name:var
host:0x2e48ec0 device:0x40057a002600 size:960024 presentcount:0+1 line:-1 name:_setexm_struct_def_16
host:0x2f8f080 device:0x40057a0f4700 size:580 presentcount:0+1 line:-1 name:_wpbe_16
host:0x2f8f900 device:0x40057a0f4b00 size:288 presentcount:0+1 line:-1 name:_mbj_16
host:0x9f446c0 device:0x40057a0f5200 size:624 presentcount:0+1 line:-1 name:_mlr_optic_16
host:0x3685cc30 device:0x4007d25f7800 size:528 presentcount:0+1 line:480 name:var
host:0x3aaad840 device:0x4007551ff800 size:8 presentcount:0+4 line:405 name:var%nityp(:)
host:0x3afac050 device:0x4006543f0a00 size:1000 presentcount:0+4 line:519 name:var%lpctz(:)
host:0x3b4222c0 device:0x4006543fe400 size:8 presentcount:0+3 line:616 name:var%nt_global(:)
host:0x3b4223b0 device:0x4006543fe000 size:8 presentcount:0+3 line:616 name:var%lmmax(:)
host:0x3b4223e0 device:0x4006543fe800 size:8 presentcount:0+2 line:616 name:var%wtkpt(:)
host:0x3b422410 device:0x4006543fe200 size:8 presentcount:0+3 line:616 name:var%nityp(:)
host:0x3b42f150 device:0x4007d27e8a00 size:28464 presentcount:0+1 line:853 name:var(:)
host:0x3b4418d0 device:0x4007d29e8a00 size:40000 presentcount:0+1 line:857 name:var%psp(:,:)
host:0x3b44b540 device:0x4007d27fd800 size:8000 presentcount:0+1 line:857 name:var%psprho(:)
host:0x3b44e7d0 device:0x4007d23f7400 size:24000 presentcount:0+2 line:466 name:var%psprnl(:,:,:)
host:0x3b47e1b0 device:0x4007d23ef000 size:4320 presentcount:0+4 line:405 name:var%ityp(:)
host:0x3b47f2c0 device:0x4007d23e8a00 size:25920 presentcount:0+4 line:405 name:var%posion(:,:)
host:0x3b4c2620 device:0x4007d27efa00 size:40000 presentcount:0+1 line:857 name:var%psp(:,:)
host:0x3b4cc290 device:0x4007d27f9800 size:8000 presentcount:0+1 line:857 name:var%pspcor(:)
host:0x3b4ce200 device:0x4007d27fb800 size:8000 presentcount:0+1 line:857 name:var%psprho(:)
host:0x3b4d1490 device:0x4007d23f1400 size:24000 presentcount:0+2 line:466 name:var%psprnl(:,:,:)
host:0x3b51e450 device:0x4007753ffc00 size:24 presentcount:0+3 line:466 name:var%lps(:)
host:0x3b51e500 device:0x4007551fb800 size:24 presentcount:0+3 line:466 name:var%lps(:)
host:0x3b579df0 device:0x4006543fe600 size:24 presentcount:0+3 line:616 name:var%vkpt(:,:)
host:0x3b59f0a0 device:0x4006543eea00 size:16 presentcount:0+2 line:430 name:var%psrmax(:)
host:0x3b59f660 device:0x4006543fea00 size:4320 presentcount:0+3 line:616 name:var%ityp(:)
host:0x3b5a0770 device:0x4006543fc200 size:4320 presentcount:0+3 line:616 name:var%npro_pos(:)
host:0x3b5a1880 device:0x4006543fae00 size:4324 presentcount:0+3 line:616 name:var%lmbase(:)
host:0x3b5a2990 device:0x4006543ffe00 size:4 presentcount:0+2 line:616 name:var%nplwkp(:)
host:0x3b5a29c0 device:0x4007d23f7200 size:4 presentcount:0+2 line:616 name:var%nplwkp_tot(:)
host:0x3b5a29f0 device:0x4007d23fd200 size:4 presentcount:0+2 line:616 name:var%ngvector_pos(:)
host:0x3b5a2a20 device:0x4006543ffc00 size:4 presentcount:0+2 line:616 name:var%ngvector(:)
host:0x3b5a2a50 device:0x4006543f0000 size:1280 presentcount:0+4 line:519 name:var%lpctx(:)
host:0x3b5a2f80 device:0x4006543f0600 size:720 presentcount:0+4 line:519 name:var%lpcty(:)
host:0x3b5a3280 device:0x4006543f0e00 size:1280 presentcount:0+4 line:519 name:var%lpctx_(:)
host:0x3b5a37b0 device:0x4006543f1400 size:720 presentcount:0+4 line:519 name:var%lpcty_(:)
host:0x3b5a3ab0 device:0x4006543f1800 size:1000 presentcount:0+4 line:519 name:var%lpctz_(:)
host:0x3b5a3ec0 device:0x4007d25f5c00 size:1280 presentcount:0+1 line:519 name:var%lpctx(:)
host:0x3b5a43f0 device:0x4007d25f6200 size:720 presentcount:0+1 line:519 name:var%lpcty(:)
host:0x3b5a46f0 device:0x4007d25f6600 size:1000 presentcount:0+1 line:519 name:var%lpctz(:)
host:0x3b5a4b00 device:0x4007d25f6a00 size:1280 presentcount:0+1 line:519 name:var%lpctx_(:)
host:0x3b5a5030 device:0x4007d25f7000 size:720 presentcount:0+1 line:519 name:var%lpcty_(:)
host:0x3b5a5330 device:0x4007d25f7400 size:1000 presentcount:0+1 line:519 name:var%lpctz_(:)
host:0x3b5a5740 device:0x4007d23fd600 size:2560 presentcount:0+1 line:519 name:var%lpctx(:)
host:0x3b5a6170 device:0x4007d23ff000 size:1440 presentcount:0+1 line:519 name:var%lpcty(:)
host:0x3b5a6740 device:0x4007d23fe200 size:2000 presentcount:0+1 line:519 name:var%lpctz(:)
host:0x3b5a6f40 device:0x4007d23ff600 size:2560 presentcount:0+1 line:519 name:var%lpctx_(:)
host:0x3b5a7970 device:0x4007d25e9e00 size:1440 presentcount:0+1 line:519 name:var%lpcty_(:)
host:0x3b5a7f40 device:0x4007d25ea400 size:2000 presentcount:0+1 line:519 name:var%lpctz_(:)
host:0x3b694020 device:0x4007d25ee800 size:2824 presentcount:0+1 line:482 name:var%i2(:)
host:0x3b694b50 device:0x4007d25ef400 size:2824 presentcount:0+1 line:482 name:var%i3(:)
host:0x3b695680 device:0x4007d25f0000 size:5020 presentcount:0+1 line:482 name:var%i2(:)
host:0x3b696a50 device:0x4007d25f1400 size:5020 presentcount:0+1 line:482 name:var%i3(:)
host:0x3b697e20 device:0x4007d25eac00 size:7200 presentcount:0+2 line:482 name:var%i2(:)
host:0x3b699a70 device:0x4007d25eca00 size:7200 presentcount:0+2 line:482 name:var%i3(:)
host:0x3b69bae0 device:0x40085b85fa00 size:921600 presentcount:0+2 line:482 name:var%index(:,:)
host:0x3b77cb10 device:0x4007d25fcc00 size:2560 presentcount:0+1 line:569 name:var%ind1(:)
host:0x3b77d540 device:0x4007d25fd600 size:2824 presentcount:0+1 line:569 name:var%indcol(:)
host:0x3b77e070 device:0x4007d25f7c00 size:2824 presentcount:0+1 line:482 name:var%i2(:)
host:0x3b77eba0 device:0x4007d25f8800 size:2824 presentcount:0+1 line:482 name:var%i3(:)
host:0x3b77f6d0 device:0x4007d25f9400 size:1512 presentcount:0+1 line:482 name:var%i2(:)
host:0x3b77fce0 device:0x4007d25f9a00 size:1512 presentcount:0+1 line:482 name:var%i3(:)
host:0x3b7802f0 device:0x4007551fba00 size:4320 presentcount:0+2 line:430 name:var%nlimax(:)
host:0x3b781400 device:0x4007551fce00 size:4324 presentcount:0+2 line:430 name:var%lmbase(:)
host:0x3b782510 device:0x4007551fe200 size:4324 presentcount:0+2 line:430 name:var%nlibase(:)
host:0x3b783620 device:0x4006543f1c00 size:17132 presentcount:0+4 line:519 name:var%nindpwconjg(:)
host:0x3b787940 device:0x4006543f6000 size:17132 presentcount:0+4 line:519 name:var%ind_in_sphere(:)
host:0x3b78cb90 device:0x4007d25fa400 size:516 presentcount:0+1 line:499 name:var%ptr(:)
host:0x3b78cdc0 device:0x4007d25fa000 size:516 presentcount:0+1 line:499 name:var%n(:)
host:0x3b78cff0 device:0x400c321b9400 size:181440 presentcount:0+1 line:499 name:var%tbli(:)
host:0x3b7b94e0 device:0x4007d25fac00 size:516 presentcount:0+1 line:499 name:var%ptri(:)
host:0x3b7b9710 device:0x4007551fcc00 size:4 presentcount:0+1 line:499 name:var%tbli(:)
host:0x3b7b9860 device:0x4007d25fc000 size:1280 presentcount:0+1 line:569 name:var%ind1(:)
host:0x3b7b9d90 device:0x4007d25fc600 size:688 presentcount:0+1 line:569 name:var%indcol(:)
host:0x3b7ba070 device:0x4006aa12e800 size:180000 presentcount:0+4 line:482 name:var%i2(:)
host:0x3b7e5fc0 device:0x4006aa15a800 size:180000 presentcount:0+4 line:482 name:var%i3(:)
host:0x3b811f10 device:0x4007d23bca00 size:180000 presentcount:0+8 line:482 name:var%index(:,:)
host:0x3b83de60 device:0x4007d29bca00 size:180000 presentcount:0+8 line:482 name:var%i2(:)
host:0x3b869db0 device:0x4006aa186800 size:180000 presentcount:0+8 line:482 name:var%i3(:)
host:0x3b896330 device:0x4007d2400000 size:1821184 presentcount:0+3 line:616 name:var%nindpw(:,:)
host:0x3ba52d60 device:0x4006543fac00 size:8 presentcount:0+2 line:616 name:var%nb_totk(:,:)
host:0x3ba52d90 device:0x4007d23fd400 size:4 presentcount:0+2 line:616 name:var%luseinv(:)
host:0x3ba52dc0 device:0x4006543ee600 size:4 presentcount:0+2 line:616 name:var%at_gamma(:)
host:0x3ba52df0 device:0x4007d25bca00 size:180000 presentcount:0+3 line:616 name:var%pl_index(:,:)
host:0x3ba7ed40 device:0x4007d27bca00 size:180000 presentcount:0+3 line:616 name:var%pl_col(:,:)
host:0x3baaac90 device:0x4007d23fee00 size:8 presentcount:0+2 line:405 name:var%lmmax(:)
host:0x3baaacc0 device:0x4007551ffe00 size:8 presentcount:0+2 line:430 name:var%lmax(:)
host:0x3baaacf0 device:0x4007d23f0200 size:4324 presentcount:0+2 line:405 name:var%lmbase(:)
host:0x3baabe00 device:0x4006543ee400 size:8 presentcount:0+2 line:430 name:var%lmmax(:)
host:0x3baabe30 device:0x4006543ee800 size:8 presentcount:0+2 line:430 name:var%channels(:)
host:0x3baabe60 device:0x4007753ff800 size:16 presentcount:0+2 line:430 name:var%rsmooth(:)
host:0x3baabea0 device:0x4007753ffa00 size:400 presentcount:0+2 line:464 name:var
host:0x3baac030 device:0x4007753ffe00 size:400 presentcount:0+2 line:464 name:var
host:0x3bb1ca50 device:0x40085b800000 size:220160 presentcount:0+1 line:499 name:var%tbl(:)
host:0x3bb882b0 device:0x4007d25fa800 size:516 presentcount:0+1 line:499 name:var%ni(:)
host:0x3bb884e0 device:0x400c323b9400 size:181440 presentcount:0+1 line:499 name:var%tbl(:)
host:0x3bbb49d0 device:0x4007d25fb400 size:516 presentcount:0+1 line:499 name:var%ptr(:)
host:0x3bbb4c00 device:0x4007d25fb000 size:516 presentcount:0+1 line:499 name:var%n(:)
host:0x3bbb4e30 device:0x4007d25fbc00 size:516 presentcount:0+1 line:499 name:var%ptri(:)
host:0x3bbb5060 device:0x4007d25fb800 size:516 presentcount:0+1 line:499 name:var%ni(:)
host:0x3bbb6830 device:0x4007d25f2c00 size:516 presentcount:0+1 line:499 name:var%ptr(:)
host:0x3bbd1a00 device:0x4007d25f2800 size:516 presentcount:0+1 line:499 name:var%n(:)
host:0x3bbd1c30 device:0x4007d25f3400 size:516 presentcount:0+1 line:499 name:var%ptri(:)
host:0x3bbd1e60 device:0x4007d25f3000 size:516 presentcount:0+1 line:499 name:var%ni(:)
host:0x3bbd2090 device:0x4007d25f3c00 size:516 presentcount:0+1 line:499 name:var%ptr(:)
host:0x3bbd22c0 device:0x4007d25f3800 size:516 presentcount:0+1 line:499 name:var%n(:)
host:0x3bbd24f0 device:0x4007d25f4400 size:516 presentcount:0+1 line:499 name:var%ptri(:)
host:0x3bbd2720 device:0x4007d25f4000 size:516 presentcount:0+1 line:499 name:var%ni(:)
host:0x3bd19af0 device:0x40085c200000 size:7284736 presentcount:0+3 line:616 name:var%datake(:,:,:)
host:0x3c40cd70 device:0x4007d2600000 size:1821184 presentcount:0+3 line:616 name:var%igx(:,:)
host:0x3c5ca400 device:0x4007d2200000 size:1821184 presentcount:0+3 line:616 name:var%igy(:,:)
host:0x3c787ca0 device:0x4007d2800000 size:1821184 presentcount:0+3 line:616 name:var%igz(:,:)
host:0x3c945b70 device:0x4007d3200000 size:7284272 presentcount:0+4 line:519 name:var%fftsca(:,:)
host:0x3d0f7d80 device:0x40085ba00000 size:1807360 presentcount:0+1 line:499 name:var%tbl(:)
host:0x3d46d970 device:0x400c32000000 size:1807200 presentcount:0+1 line:499 name:var%tbli(:)
host:0x3d6289e0 device:0x400c32200000 size:1807200 presentcount:0+1 line:499 name:var%tbl(:)
host:0x3d832420 device:0x4006aa11a000 size:83968 presentcount:0+2 line:746 name:var%celtot(:,:,:)
host:0x3d8b2420 device:0x4006543e4000 size:41984 presentcount:0+2 line:746 name:var%fertot(:,:,:)
host:0x3d8c0030 device:0x4007753f4000 size:41984 presentcount:0+1 line:746 name:var%auxtot(:,:,:)
host:0x3d99f0f0 device:0x400c32400000 size:1807200 presentcount:0+1 line:499 name:var%tbli(:)
host:0x3fa5ab70 device:0x4007d2a00000 size:7200000 presentcount:0+1 line:195 name:dencor(:)
host:0x40824e60 device:0x4007d1e00000 size:2799360 presentcount:0+2 line:194 name:cdij(:,:,:,:)
host:0x40ad4580 device:0x400c32600000 size:2799360 presentcount:0+2 line:194 name:cqij(:,:,:,:)
host:0x41034230 device:0x40085be00000 size:4030464 presentcount:0+5 line:746 name:var%gproj(:,:,:,:)
host:0x416c29b0 device:0x4006aa1ca800 size:98304 presentcount:0+1 line:1101 name:w1%gproj(:)
host:0x48334130 device:0x40085b940a00 size:393216 presentcount:0+2 line:1226 name:wa%gproj(:,:)
host:0x48394160 device:0x400c238c0000 size:393216 presentcount:0+2 line:1226 name:wa%gproj(:,:)
host:0x483faee0 device:0x400dd5600000 size:3145728 presentcount:0+2 line:1226 name:wa%gproj(:,:)
host:0x4c616970 device:0x4007d29fe200 size:2048 presentcount:0+1 line:179 name:w1(:)
host:0x4c617190 device:0x400c321f5600 size:2048 presentcount:0+1 line:179 name:wtmp(:)
host:0x4c6492f0 device:0x400cb1e00000 size:7284736 presentcount:0+1 line:1101 name:w1%cptwfp(:)
host:0x4cd3bb20 device:0x4006aa1b2800 size:98304 presentcount:0+1 line:1101 name:w1%gproj(:)
host:0x4cd53b50 device:0x400c323e5a00 size:98304 presentcount:0+1 line:1101 name:w1%gproj(:)
host:0x4cd6bb80 device:0x4006aa1e2800 size:98304 presentcount:0+1 line:1101 name:w1%gproj(:)
host:0x4cf90730 device:0x400dd6a00000 size:14569472 presentcount:0+1 line:202 name:precon(:,:)
host:0x4dd7ccf0 device:0x400c2fa00000 size:7284736 presentcount:0+1 line:1101 name:w1%cptwfp(:)
host:0x4e4770e0 device:0x400dd5a00000 size:7284736 presentcount:0+1 line:1101 name:w1%cptwfp(:)
host:0x4eb71b00 device:0x400dd6200000 size:7284736 presentcount:0+1 line:1101 name:w1%cptwfp(:)
host:0x4005bb8810a0 device:0x4007d3a00000 size:45593280 presentcount:0+2 line:430 name:var%nli(:,:)
host:0x4005be4039e0 device:0x400c32a00000 size:14458880 presentcount:0+1 line:195 name:cstrf(:,:)
host:0x4006c00012b0 device:0x4007e0000000 size:807411968 presentcount:0+2 line:430 name:var%rproj(:)
host:0x4006f02131a0 device:0x400840000000 size:230400000 presentcount:0+2 line:194 name:sv(:,:)
host:0x4006fddd6740 device:0x400dd1e00000 size:29138944 presentcount:0+2 line:1226 name:wa%cptwfp(:,:)
host:0x4007a0004a60 device:0x4007c0000000 size:298674176 presentcount:0+5 line:746 name:var%cptwfp(:,:,:,:)
host:0x4007b1ce6950 device:0x400dd3a00000 size:29138944 presentcount:0+2 line:1226 name:wa%cptwfp(:,:)
host:0x4008a0006b60 device:0x400ca0000000 size:233111552 presentcount:0+2 line:1226 name:wa%cptwfp(:,:)
host:0x4008ade67190 device:0x4005c0000000 size:230400000 presentcount:0+1 line:1101 name:w1%cr(:)
host:0x4008e00073a0 device:0x400810400000 size:230400000 presentcount:0+1 line:1236 name:w1%cr(:)
host:0x4008edbd77c0 device:0x40084dc00000 size:230400000 presentcount:0+1 line:1101 name:w1%cr(:)
host:0x400b000079d0 device:0x400791000000 size:230400000 presentcount:0+1 line:1236 name:w1%cr(:)
host:0x400b0dbd7df0 device:0x400c00000000 size:230400000 presentcount:0+1 line:1101 name:w1%cr(:)
host:0x400be0008000 device:0x400db1e00000 size:230400000 presentcount:0+1 line:1236 name:w1%cr(:)
host:0x400bedbd8420 device:0x400d91e00000 size:230400000 presentcount:0+1 line:1101 name:w1%cr(:)
host:0x400c80000020 device:0x400d71e00000 size:230400000 presentcount:0+1 line:1236 name:w1%cr(:)
host:0xffffee3943b0 device:0x400c321f6200 size:3024 presentcount:0+12 line:682 name:var
host:0xffffee394f80 device:0x4007353ff600 size:1480 presentcount:0+1 line:174 name:w_ini
host:0xffffee395550 device:0x4007d25ff600 size:1480 presentcount:0+1 line:174 name:wopt
host:0xffffee395b20 device:0x4007551fa400 size:1480 presentcount:0+1 line:174 name:wtmpa
allocated block device:0x4005c0000000 size:230400000 thread:1
allocated block device:0x4006543e4000 size:41984 thread:1
allocated block device:0x4006543ee400 size:512 thread:1
allocated block device:0x4006543ee600 size:512 thread:1
allocated block device:0x4006543ee800 size:512 thread:1
allocated block device:0x4006543eea00 size:512 thread:1
allocated block device:0x4006543eec00 size:5120 thread:1
allocated block device:0x4006543f0000 size:1536 thread:1
allocated block device:0x4006543f0600 size:1024 thread:1
allocated block device:0x4006543f0a00 size:1024 thread:1
allocated block device:0x4006543f0e00 size:1536 thread:1
allocated block device:0x4006543f1400 size:1024 thread:1
allocated block device:0x4006543f1800 size:1024 thread:1
allocated block device:0x4006543f1c00 size:17408 thread:1
allocated block device:0x4006543f6000 size:17408 thread:1
allocated block device:0x4006543fa400 size:2048 thread:1
allocated block device:0x4006543fac00 size:512 thread:1
allocated block device:0x4006543fae00 size:4608 thread:1
allocated block device:0x4006543fc000 size:512 thread:1
allocated block device:0x4006543fc200 size:4608 thread:1
allocated block device:0x4006543fd400 size:3072 thread:1
allocated block device:0x4006543fe000 size:512 thread:1
allocated block device:0x4006543fe200 size:512 thread:1
allocated block device:0x4006543fe400 size:512 thread:1
allocated block device:0x4006543fe600 size:512 thread:1
allocated block device:0x4006543fe800 size:512 thread:1
allocated block device:0x4006543fea00 size:4608 thread:1
allocated block device:0x4006543ffc00 size:512 thread:1
allocated block device:0x4006543ffe00 size:512 thread:1
allocated block device:0x4006aa11a000 size:83968 thread:1
allocated block device:0x4006aa12e800 size:180224 thread:1
allocated block device:0x4006aa15a800 size:180224 thread:1
allocated block device:0x4006aa186800 size:180224 thread:1
allocated block device:0x4006aa1b2800 size:98304 thread:1
allocated block device:0x4006aa1ca800 size:98304 thread:1
allocated block device:0x4006aa1e2800 size:98304 thread:1
allocated block device:0x4007153ff800 size:1024 thread:1
allocated block device:0x4007353ff600 size:1536 thread:1
allocated block device:0x4007551fa400 size:2048 thread:1
allocated block device:0x4007551fae00 size:2560 thread:1
allocated block device:0x4007551fb800 size:512 thread:1
allocated block device:0x4007551fba00 size:4608 thread:1
allocated block device:0x4007551fcc00 size:512 thread:1
allocated block device:0x4007551fce00 size:4608 thread:1
allocated block device:0x4007551fe000 size:512 thread:1
allocated block device:0x4007551fe200 size:4608 thread:1
allocated block device:0x4007551ff400 size:512 thread:1
allocated block device:0x4007551ff600 size:512 thread:1
allocated block device:0x4007551ff800 size:512 thread:1
allocated block device:0x4007551ffa00 size:512 thread:1
allocated block device:0x4007551ffc00 size:512 thread:1
allocated block device:0x4007551ffe00 size:512 thread:1
allocated block device:0x4007753f4000 size:41984 thread:1
allocated block device:0x4007753fe400 size:5120 thread:1
allocated block device:0x4007753ff800 size:512 thread:1
allocated block device:0x4007753ffa00 size:512 thread:1
allocated block device:0x4007753ffc00 size:512 thread:1
allocated block device:0x4007753ffe00 size:512 thread:1
allocated block device:0x400791000000 size:230400000 thread:1
allocated block device:0x4007c0000000 size:298674176 thread:1
allocated block device:0x4007d1e00000 size:4030464 thread:1
allocated block device:0x4007d2200000 size:1821184 thread:1
allocated block device:0x4007d23bca00 size:180224 thread:1
allocated block device:0x4007d23e8a00 size:26112 thread:1
allocated block device:0x4007d23ef000 size:4608 thread:1
allocated block device:0x4007d23f0200 size:4608 thread:1
allocated block device:0x4007d23f1400 size:24064 thread:1
allocated block device:0x4007d23f7200 size:512 thread:1
allocated block device:0x4007d23f7400 size:24064 thread:1
allocated block device:0x4007d23fd200 size:512 thread:1
allocated block device:0x4007d23fd400 size:512 thread:1
allocated block device:0x4007d23fd600 size:3072 thread:1
allocated block device:0x4007d23fe200 size:3072 thread:1
allocated block device:0x4007d23fee00 size:512 thread:1
allocated block device:0x4007d23ff000 size:1536 thread:1
allocated block device:0x4007d23ff600 size:2560 thread:1
allocated block device:0x4007d2400000 size:1821184 thread:1
allocated block device:0x4007d25bca00 size:180224 thread:1
allocated block device:0x4007d25e8a00 size:5120 thread:1
allocated block device:0x4007d25e9e00 size:1536 thread:1
allocated block device:0x4007d25ea400 size:2048 thread:1
allocated block device:0x4007d25eac00 size:7680 thread:1
allocated block device:0x4007d25eca00 size:7680 thread:1
allocated block device:0x4007d25ee800 size:3072 thread:1
allocated block device:0x4007d25ef400 size:3072 thread:1
allocated block device:0x4007d25f0000 size:5120 thread:1
allocated block device:0x4007d25f1400 size:5120 thread:1
allocated block device:0x4007d25f2800 size:1024 thread:1
allocated block device:0x4007d25f2c00 size:1024 thread:1
allocated block device:0x4007d25f3000 size:1024 thread:1
allocated block device:0x4007d25f3400 size:1024 thread:1
allocated block device:0x4007d25f3800 size:1024 thread:1
allocated block device:0x4007d25f3c00 size:1024 thread:1
allocated block device:0x4007d25f4000 size:1024 thread:1
allocated block device:0x4007d25f4400 size:1024 thread:1
allocated block device:0x4007d25f4800 size:5120 thread:1
allocated block device:0x4007d25f5c00 size:1536 thread:1
allocated block device:0x4007d25f6200 size:1024 thread:1
allocated block device:0x4007d25f6600 size:1024 thread:1
allocated block device:0x4007d25f6a00 size:1536 thread:1
allocated block device:0x4007d25f7000 size:1024 thread:1
allocated block device:0x4007d25f7400 size:1024 thread:1
allocated block device:0x4007d25f7800 size:1024 thread:1
allocated block device:0x4007d25f7c00 size:3072 thread:1
allocated block device:0x4007d25f8800 size:3072 thread:1
allocated block device:0x4007d25f9400 size:1536 thread:1
allocated block device:0x4007d25f9a00 size:1536 thread:1
allocated block device:0x4007d25fa000 size:1024 thread:1
allocated block device:0x4007d25fa400 size:1024 thread:1
allocated block device:0x4007d25fa800 size:1024 thread:1
allocated block device:0x4007d25fac00 size:1024 thread:1
allocated block device:0x4007d25fb000 size:1024 thread:1
allocated block device:0x4007d25fb400 size:1024 thread:1
allocated block device:0x4007d25fb800 size:1024 thread:1
allocated block device:0x4007d25fbc00 size:1024 thread:1
allocated block device:0x4007d25fc000 size:1536 thread:1
allocated block device:0x4007d25fc600 size:1024 thread:1
allocated block device:0x4007d25fca00 size:512 thread:1
allocated block device:0x4007d25fcc00 size:2560 thread:1
allocated block device:0x4007d25fd600 size:3072 thread:1
allocated block device:0x4007d25ff600 size:2560 thread:1
allocated block device:0x4007d2600000 size:1821184 thread:1
allocated block device:0x4007d27bca00 size:180224 thread:1
allocated block device:0x4007d27e8a00 size:28672 thread:1
allocated block device:0x4007d27efa00 size:40448 thread:1
allocated block device:0x4007d27f9800 size:8192 thread:1
allocated block device:0x4007d27fb800 size:8192 thread:1
allocated block device:0x4007d27fd800 size:8192 thread:1
allocated block device:0x4007d27ff800 size:512 thread:1
allocated block device:0x4007d2800000 size:1821184 thread:1
allocated block device:0x4007d29bca00 size:180224 thread:1
allocated block device:0x4007d29e8a00 size:40448 thread:1
allocated block device:0x4007d29fe200 size:2048 thread:1
allocated block device:0x4007d2a00000 size:7284736 thread:1
allocated block device:0x4007d3200000 size:7284736 thread:1
allocated block device:0x4007d3a00000 size:45593600 thread:1
allocated block device:0x4007e0000000 size:807412224 thread:1
allocated block device:0x400810400000 size:230400000 thread:1
allocated block device:0x400840000000 size:230400000 thread:1
allocated block device:0x40084dc00000 size:230400000 thread:1
allocated block device:0x40085b800000 size:391680 thread:1
allocated block device:0x40085b85fa00 size:921600 thread:1
allocated block device:0x40085b940a00 size:393216 thread:1
allocated block device:0x40085ba00000 size:2799616 thread:1
allocated block device:0x40085be00000 size:4030464 thread:1
allocated block device:0x40085c200000 size:7284736 thread:1
allocated block device:0x400c00000000 size:298674176 thread:1
allocated block device:0x400c238c0000 size:393216 thread:1
allocated block device:0x400c2fa00000 size:7284736 thread:1
allocated block device:0x400c32000000 size:1807360 thread:1
allocated block device:0x400c321b9400 size:181760 thread:1
allocated block device:0x400c321f5600 size:3072 thread:1
allocated block device:0x400c321f6200 size:3072 thread:1
allocated block device:0x400c32200000 size:1807360 thread:1
allocated block device:0x400c323b9400 size:181760 thread:1
allocated block device:0x400c323e5a00 size:98304 thread:1
allocated block device:0x400c32400000 size:1807360 thread:1
allocated block device:0x400c32600000 size:2799616 thread:1
allocated block device:0x400c32a00000 size:14458880 thread:1
allocated block device:0x400ca0000000 size:298674176 thread:1
allocated block device:0x400cb1e00000 size:7284736 thread:1
allocated block device:0x400d71e00000 size:230400000 thread:1
allocated block device:0x400d91e00000 size:230400000 thread:1
allocated block device:0x400db1e00000 size:230400000 thread:1
allocated block device:0x400dd1e00000 size:29138944 thread:1
allocated block device:0x400dd3a00000 size:29138944 thread:1
allocated block device:0x400dd5600000 size:3145728 thread:1
allocated block device:0x400dd5a00000 size:7284736 thread:1
allocated block device:0x400dd6200000 size:7284736 thread:1
allocated block device:0x400dd6a00000 size:14569472 thread:1
Accelerator Fatal Error: call to cuMemAlloc returned error 2 (CUDA_ERROR_OUT_OF_MEMORY): Out of memory
 File: /lus/lfs1aip2/projects/u6cb/software/VASP/vasp.6.5.1/build/gam/hamil.f90
 Function: hamiltmu:978
 Line: 1005

Out of memory allocating 921600000 bytes of device memory
Failing in Thread:1
total/free CUDA memory: 102005473280/316866560
Present table dump for device[1]: NVIDIA Tesla GPU 0, compute capability 9.0, threadid=1
Hint: specify 0x800 bit in NV_ACC_DEBUG for verbose info.
host:0x2557280 device:0x40047e3fc000 size:32 presentcount:0+3 line:643 name:var%comm
host:0x25572a0 device:0x4006671ffa00 size:32 presentcount:0+4 line:652 name:var%comm_kinter
host:0x25572c0 device:0x4006671ffc00 size:32 presentcount:0+6 line:655 name:var%comm_kin
host:0x25572e0 device:0x4006671ff400 size:32 presentcount:0+3 line:646 name:var%comm_inter
host:0x2557300 device:0x4006671ff600 size:32 presentcount:0+7 line:649 name:var%comm_inb
host:0x256be80 device:0x40047a0ecd00 size:8 presentcount:0+1 line:-1 name:_setexm_struct_def_21
host:0x2576f40 device:0x40047a0ece00 size:28 presentcount:0+1 line:-1 name:_ml_ff_constant_21
host:0x2577c80 device:0x40047a0ecf00 size:30437 presentcount:0+1 line:-1 name:_ml_ff_taglist_21
host:0x25afc80 device:0x40047a0f4600 size:8 presentcount:0+1 line:-1 name:_mopenacc_tutor_21
host:0x25c2740 device:0x40047a0f4a00 size:32 presentcount:0+1 line:-1 name:_mbj_21
host:0x25cd640 device:0x40047a0f4d00 size:8 presentcount:0+1 line:-1 name:_sym_prec_21
host:0x26030c0 device:0x40047a0f4e00 size:344 presentcount:0+1 line:-1 name:_tet_21
host:0x261c840 device:0x40047a0f5000 size:392 presentcount:0+1 line:-1 name:_mymath_21
host:0x2817368 device:0x40047e3eec00 size:4800 presentcount:0+2 line:614 name:var
host:0x2818628 device:0x40047e3fa400 size:1984 presentcount:0+2 line:403 name:var
host:0x281a910 device:0x4006271ff800 size:864 presentcount:0+4 line:2639 name:hamiltonian
host:0x286ac80 device:0x40047e3fd400 size:2712 presentcount:0+2 line:428 name:var
host:0x286b718 device:0x4006671fae00 size:2248 presentcount:0+1 line:742 name:var
host:0x286eb50 device:0x4006d27ff800 size:288 presentcount:0+1 line:195 name:latt_cur
host:0x2871658 device:0x4006871fe400 size:5088 presentcount:0+28 line:517 name:var
host:0x2872a38 device:0x4006d25f4800 size:5088 presentcount:0+6 line:517 name:var
host:0x2873e18 device:0x4006d25e8a00 size:5088 presentcount:0+7 line:517 name:var
host:0x287a2a8 device:0x4006671fe000 size:304 presentcount:0+1 line:567 name:var
host:0x287a3d8 device:0x4006d25fca00 size:304 presentcount:0+1 line:567 name:var
host:0x2e48ec0 device:0x40047a002600 size:960024 presentcount:0+1 line:-1 name:_setexm_struct_def_16
host:0x2f8f080 device:0x40047a0f4700 size:580 presentcount:0+1 line:-1 name:_wpbe_16
host:0x2f8f900 device:0x40047a0f4b00 size:288 presentcount:0+1 line:-1 name:_mbj_16
host:0x9f446c0 device:0x40047a0f5200 size:624 presentcount:0+1 line:-1 name:_mlr_optic_16
host:0x2f1095e0 device:0x40047e3fe800 size:8 presentcount:0+2 line:616 name:var%wtkpt(:)
host:0x2f109610 device:0x40047e3fe200 size:8 presentcount:0+3 line:616 name:var%nityp(:)
host:0x2fa29470 device:0x4006d25f7800 size:528 presentcount:0+1 line:480 name:var
host:0x33ae84a0 device:0x4006871ffa00 size:400 presentcount:0+2 line:464 name:var
host:0x33ae8630 device:0x4006871ffe00 size:400 presentcount:0+2 line:464 name:var
host:0x38180120 device:0x4006671ff800 size:8 presentcount:0+4 line:405 name:var%nityp(:)
host:0x3867e930 device:0x40047e3f0a00 size:1000 presentcount:0+4 line:519 name:var%lpctz(:)
host:0x38b01b30 device:0x4006d27e8a00 size:28464 presentcount:0+1 line:853 name:var(:)
host:0x38b14290 device:0x4006d29e8a00 size:40000 presentcount:0+1 line:857 name:var%psp(:,:)
host:0x38b1df00 device:0x4006d27fd800 size:8000 presentcount:0+1 line:857 name:var%psprho(:)
host:0x38b21190 device:0x4006d23f7400 size:24000 presentcount:0+2 line:466 name:var%psprnl(:,:,:)
host:0x38b50b70 device:0x4006d23ef000 size:4320 presentcount:0+4 line:405 name:var%ityp(:)
host:0x38b51c80 device:0x4006d23e8a00 size:25920 presentcount:0+4 line:405 name:var%posion(:,:)
host:0x38b94e50 device:0x4006d27f9800 size:8000 presentcount:0+1 line:857 name:var%pspcor(:)
host:0x38b96dc0 device:0x4006d27fb800 size:8000 presentcount:0+1 line:857 name:var%psprho(:)
host:0x38b9a930 device:0x4006d27efa00 size:40000 presentcount:0+1 line:857 name:var%psp(:,:)
host:0x38ba45a0 device:0x4006d23f1400 size:24000 presentcount:0+2 line:466 name:var%psprnl(:,:,:)
host:0x38bb77d0 device:0x4006d25fa400 size:516 presentcount:0+1 line:499 name:var%ptr(:)
host:0x38be4650 device:0x4006871ffc00 size:24 presentcount:0+3 line:466 name:var%lps(:)
host:0x38be4700 device:0x4006671fb800 size:24 presentcount:0+3 line:466 name:var%lps(:)
host:0x38d52c30 device:0x40047e3fe600 size:24 presentcount:0+3 line:616 name:var%vkpt(:,:)
host:0x38d77f50 device:0x40047e3eea00 size:16 presentcount:0+2 line:430 name:var%psrmax(:)
host:0x38d78510 device:0x40047e3fea00 size:4320 presentcount:0+3 line:616 name:var%ityp(:)
host:0x38d79620 device:0x40047e3fe000 size:8 presentcount:0+3 line:616 name:var%lmmax(:)
host:0x38d79650 device:0x40047e3fe400 size:8 presentcount:0+3 line:616 name:var%nt_global(:)
host:0x38d79680 device:0x40047e3fc200 size:4320 presentcount:0+3 line:616 name:var%npro_pos(:)
host:0x38d7a790 device:0x40047e3fae00 size:4324 presentcount:0+3 line:616 name:var%lmbase(:)
host:0x38d7b8a0 device:0x40047e3ffe00 size:4 presentcount:0+2 line:616 name:var%nplwkp(:)
host:0x38d7b8d0 device:0x4006d23f7200 size:4 presentcount:0+2 line:616 name:var%nplwkp_tot(:)
host:0x38d7b900 device:0x4006d23fd200 size:4 presentcount:0+2 line:616 name:var%ngvector_pos(:)
host:0x38d7b930 device:0x40047e3ffc00 size:4 presentcount:0+2 line:616 name:var%ngvector(:)
host:0x38d7b960 device:0x40047e3f0000 size:1280 presentcount:0+4 line:519 name:var%lpctx(:)
host:0x38d7be90 device:0x40047e3f0600 size:720 presentcount:0+4 line:519 name:var%lpcty(:)
host:0x38d7c190 device:0x40047e3f0e00 size:1280 presentcount:0+4 line:519 name:var%lpctx_(:)
host:0x38d7c6c0 device:0x40047e3f1400 size:720 presentcount:0+4 line:519 name:var%lpcty_(:)
host:0x38d7c9c0 device:0x40047e3f1800 size:1000 presentcount:0+4 line:519 name:var%lpctz_(:)
host:0x38d7cdd0 device:0x4006d25f5c00 size:1280 presentcount:0+1 line:519 name:var%lpctx(:)
host:0x38d7d300 device:0x4006d25f6200 size:720 presentcount:0+1 line:519 name:var%lpcty(:)
host:0x38d7d600 device:0x4006d25f6600 size:1000 presentcount:0+1 line:519 name:var%lpctz(:)
host:0x38d7da10 device:0x4006d25f6a00 size:1280 presentcount:0+1 line:519 name:var%lpctx_(:)
host:0x38d7df40 device:0x4006d25f7000 size:720 presentcount:0+1 line:519 name:var%lpcty_(:)
host:0x38d7e240 device:0x4006d25f7400 size:1000 presentcount:0+1 line:519 name:var%lpctz_(:)
host:0x38d7e650 device:0x4006d23fd600 size:2560 presentcount:0+1 line:519 name:var%lpctx(:)
host:0x38d7f080 device:0x4006d23ff000 size:1440 presentcount:0+1 line:519 name:var%lpcty(:)
host:0x38d7f650 device:0x4006d23fe200 size:2000 presentcount:0+1 line:519 name:var%lpctz(:)
host:0x38d7fe50 device:0x4006d23ff600 size:2560 presentcount:0+1 line:519 name:var%lpctx_(:)
host:0x38d80880 device:0x4006d25e9e00 size:1440 presentcount:0+1 line:519 name:var%lpcty_(:)
host:0x38d80e50 device:0x4006d25ea400 size:2000 presentcount:0+1 line:519 name:var%lpctz_(:)
host:0x38e6cf30 device:0x4006d25ee800 size:2824 presentcount:0+1 line:482 name:var%i2(:)
host:0x38e6da60 device:0x4006d25ef400 size:2824 presentcount:0+1 line:482 name:var%i3(:)
host:0x38e6e590 device:0x4006d25f0000 size:5020 presentcount:0+1 line:482 name:var%i2(:)
host:0x38e6f960 device:0x4006d25f1400 size:5020 presentcount:0+1 line:482 name:var%i3(:)
host:0x38e70d30 device:0x4006d25eac00 size:7200 presentcount:0+2 line:482 name:var%i2(:)
host:0x38e72980 device:0x4006d25eca00 size:7200 presentcount:0+2 line:482 name:var%i3(:)
host:0x38e749f0 device:0x400794c5fa00 size:921600 presentcount:0+2 line:482 name:var%index(:,:)
host:0x38f55a20 device:0x4006d25fcc00 size:2560 presentcount:0+1 line:569 name:var%ind1(:)
host:0x38f56450 device:0x4006d25fd600 size:2824 presentcount:0+1 line:569 name:var%indcol(:)
host:0x38f56f80 device:0x4006d25f7c00 size:2824 presentcount:0+1 line:482 name:var%i2(:)
host:0x38f57ab0 device:0x4006d25f8800 size:2824 presentcount:0+1 line:482 name:var%i3(:)
host:0x38f585e0 device:0x4006d25f9400 size:1512 presentcount:0+1 line:482 name:var%i2(:)
host:0x38f58bf0 device:0x4006d25f9a00 size:1512 presentcount:0+1 line:482 name:var%i3(:)
host:0x38f91630 device:0x4006d25fa000 size:516 presentcount:0+1 line:499 name:var%n(:)
host:0x38f91860 device:0x4006d25fac00 size:516 presentcount:0+1 line:499 name:var%ptri(:)
host:0x38f91a90 device:0x4006d25fa800 size:516 presentcount:0+1 line:499 name:var%ni(:)
host:0x38f91cc0 device:0x4006d25fb400 size:516 presentcount:0+1 line:499 name:var%ptr(:)
host:0x38f91ef0 device:0x4006d25fb000 size:516 presentcount:0+1 line:499 name:var%n(:)
host:0x38f92120 device:0x4006671fcc00 size:4 presentcount:0+1 line:499 name:var%tbli(:)
host:0x38f92150 device:0x4006d25fbc00 size:516 presentcount:0+1 line:499 name:var%ptri(:)
host:0x38f92380 device:0x4006d25fb800 size:516 presentcount:0+1 line:499 name:var%ni(:)
host:0x38f92770 device:0x4006d25fc000 size:1280 presentcount:0+1 line:569 name:var%ind1(:)
host:0x38f92ca0 device:0x4006d25fc600 size:720 presentcount:0+1 line:569 name:var%indcol(:)
host:0x38f92fa0 device:0x4005b432e800 size:180000 presentcount:0+4 line:482 name:var%i2(:)
host:0x38fbeef0 device:0x4005b435a800 size:180000 presentcount:0+4 line:482 name:var%i3(:)
host:0x38feae40 device:0x4006d23bca00 size:180000 presentcount:0+8 line:482 name:var%index(:,:)
host:0x39016d90 device:0x4006d29bca00 size:180000 presentcount:0+8 line:482 name:var%i2(:)
host:0x39042ce0 device:0x4005b4386800 size:180000 presentcount:0+8 line:482 name:var%i3(:)
host:0x3906f260 device:0x4006d2400000 size:1821184 presentcount:0+3 line:616 name:var%nindpw(:,:)
host:0x3922bc90 device:0x40047e3fac00 size:8 presentcount:0+2 line:616 name:var%nb_totk(:,:)
host:0x3922bcc0 device:0x4006d23fd400 size:4 presentcount:0+2 line:616 name:var%luseinv(:)
host:0x3922bcf0 device:0x40047e3ee600 size:4 presentcount:0+2 line:616 name:var%at_gamma(:)
host:0x3922bd20 device:0x4006d25bca00 size:180000 presentcount:0+3 line:616 name:var%pl_index(:,:)
host:0x39257c70 device:0x4006d27bca00 size:180000 presentcount:0+3 line:616 name:var%pl_col(:,:)
host:0x39283bc0 device:0x4006d23fee00 size:8 presentcount:0+2 line:405 name:var%lmmax(:)
host:0x39283bf0 device:0x4006671ffe00 size:8 presentcount:0+2 line:430 name:var%lmax(:)
host:0x39283c20 device:0x4006d23f0200 size:4324 presentcount:0+2 line:405 name:var%lmbase(:)
host:0x39284d30 device:0x40047e3ee400 size:8 presentcount:0+2 line:430 name:var%lmmax(:)
host:0x39284d60 device:0x40047e3ee800 size:8 presentcount:0+2 line:430 name:var%channels(:)
host:0x39284d90 device:0x4006871ff800 size:16 presentcount:0+2 line:430 name:var%rsmooth(:)
host:0x39284dd0 device:0x4006671fba00 size:4320 presentcount:0+2 line:430 name:var%nlimax(:)
host:0x39285ee0 device:0x4006671fce00 size:4324 presentcount:0+2 line:430 name:var%lmbase(:)
host:0x39286ff0 device:0x4006671fe200 size:4324 presentcount:0+2 line:430 name:var%nlibase(:)
host:0x39288100 device:0x40047e3f1c00 size:17132 presentcount:0+4 line:519 name:var%nindpwconjg(:)
host:0x3928c420 device:0x40047e3f6000 size:17132 presentcount:0+4 line:519 name:var%ind_in_sphere(:)
host:0x392a5110 device:0x4006d25f2c00 size:516 presentcount:0+1 line:499 name:var%ptr(:)
host:0x392a5340 device:0x4006d25f2800 size:516 presentcount:0+1 line:499 name:var%n(:)
host:0x392a5570 device:0x4006d25f3400 size:516 presentcount:0+1 line:499 name:var%ptri(:)
host:0x392a57a0 device:0x4006d25f3000 size:516 presentcount:0+1 line:499 name:var%ni(:)
host:0x392a59d0 device:0x4006d25f3c00 size:516 presentcount:0+1 line:499 name:var%ptr(:)
host:0x392a5c00 device:0x4006d25f3800 size:516 presentcount:0+1 line:499 name:var%n(:)
host:0x392a5e30 device:0x4006d25f4400 size:516 presentcount:0+1 line:499 name:var%ptri(:)
host:0x392a6060 device:0x4006d25f4000 size:516 presentcount:0+1 line:499 name:var%ni(:)
host:0x393ec4d0 device:0x400795600000 size:7284736 presentcount:0+3 line:616 name:var%datake(:,:,:)
host:0x39adf750 device:0x4006d2600000 size:1821184 presentcount:0+3 line:616 name:var%igx(:,:)
host:0x39c9cde0 device:0x4006d2200000 size:1821184 presentcount:0+3 line:616 name:var%igy(:,:)
host:0x39e5a680 device:0x4006d2800000 size:1821184 presentcount:0+3 line:616 name:var%igz(:,:)
host:0x3a018550 device:0x4006d3200000 size:7284272 presentcount:0+4 line:519 name:var%fftsca(:,:)
host:0x3a742fe0 device:0x400794c00000 size:230400 presentcount:0+1 line:499 name:var%tbl(:)
host:0x3a7b3840 device:0x400b721b9400 size:181440 presentcount:0+1 line:499 name:var%tbli(:)
host:0x3a7dfd30 device:0x400b723b9400 size:181440 presentcount:0+1 line:499 name:var%tbl(:)
host:0x3a8cfde0 device:0x400794e00000 size:1807360 presentcount:0+1 line:499 name:var%tbl(:)
host:0x3ac459d0 device:0x400b72000000 size:1807200 presentcount:0+1 line:499 name:var%tbli(:)
host:0x3ae00a40 device:0x400b72200000 size:1807200 presentcount:0+1 line:499 name:var%tbl(:)
host:0x3b177150 device:0x400b72400000 size:1807200 presentcount:0+1 line:499 name:var%tbli(:)
host:0x3bf02420 device:0x4006871f4000 size:41984 presentcount:0+1 line:746 name:var%auxtot(:,:,:)
host:0x3bf22420 device:0x40047e3e4000 size:41984 presentcount:0+2 line:746 name:var%fertot(:,:,:)
host:0x3bf30030 device:0x4005b431a000 size:83968 presentcount:0+2 line:746 name:var%celtot(:,:,:)
host:0x3cf8dfd0 device:0x4006d2a00000 size:7200000 presentcount:0+1 line:195 name:dencor(:)
host:0x3dd582c0 device:0x4006d1e00000 size:2799360 presentcount:0+2 line:194 name:cdij(:,:,:,:)
host:0x3e0079e0 device:0x400b72600000 size:2799360 presentcount:0+2 line:194 name:cqij(:,:,:,:)
host:0x3e567690 device:0x400795200000 size:4030464 presentcount:0+5 line:746 name:var%gproj(:,:,:,:)
host:0x3ebf5aa0 device:0x4005b43ca800 size:98304 presentcount:0+1 line:1101 name:w1%gproj(:)
host:0x45976e40 device:0x400cf5600000 size:3145728 presentcount:0+2 line:1226 name:wa%gproj(:,:)
host:0x49c66cc0 device:0x4006d29fe200 size:2048 presentcount:0+1 line:179 name:w1(:)
host:0x49c674e0 device:0x400b721f5600 size:2048 presentcount:0+1 line:179 name:wtmp(:)
host:0x49c69880 device:0x400cf6200000 size:7284736 presentcount:0+1 line:1101 name:w1%cptwfp(:)
host:0x4a3633c0 device:0x400794d40a00 size:393216 presentcount:0+2 line:1226 name:wa%gproj(:,:)
host:0x4a3c33f0 device:0x400b638c0000 size:393216 presentcount:0+2 line:1226 name:wa%gproj(:,:)
host:0x4a423420 device:0x4005b43b2800 size:98304 presentcount:0+1 line:1101 name:w1%gproj(:)
host:0x4a43b450 device:0x400b723e5a00 size:98304 presentcount:0+1 line:1101 name:w1%gproj(:)
host:0x4a453480 device:0x4005b43e2800 size:98304 presentcount:0+1 line:1101 name:w1%gproj(:)
host:0x4a5cdda0 device:0x400cf6a00000 size:14569472 presentcount:0+1 line:202 name:precon(:,:)
host:0x4b3ba570 device:0x400bd1e00000 size:7284736 presentcount:0+1 line:1101 name:w1%cptwfp(:)
host:0x4bab4b70 device:0x400b6fa00000 size:7284736 presentcount:0+1 line:1101 name:w1%cptwfp(:)
host:0x4c1af7a0 device:0x400cf5a00000 size:7284736 presentcount:0+1 line:1101 name:w1%cptwfp(:)
host:0x4005180010a0 device:0x4006d3a00000 size:45593280 presentcount:0+2 line:430 name:var%nli(:,:)
host:0x40051ce939e0 device:0x400b72a00000 size:14458880 presentcount:0+1 line:195 name:cstrf(:,:)
host:0x4005c00012b0 device:0x4006e0000000 size:807411968 presentcount:0+2 line:430 name:var%rproj(:)
host:0x4005f02131a0 device:0x40074dc00000 size:230400000 presentcount:0+2 line:194 name:sv(:,:)
host:0x4006a0004a60 device:0x4006c0000000 size:298674176 presentcount:0+5 line:746 name:var%cptwfp(:,:,:,:)
host:0x4006b1ce6f80 device:0x400cf1e00000 size:29138944 presentcount:0+2 line:1226 name:wa%cptwfp(:,:)
host:0x4006b38c7190 device:0x400cf3a00000 size:29138944 presentcount:0+2 line:1226 name:wa%cptwfp(:,:)
host:0x4007600073a0 device:0x400bc0000000 size:233111552 presentcount:0+2 line:1226 name:wa%cptwfp(:,:)
host:0x40076de679d0 device:0x4004c0000000 size:230400000 presentcount:0+1 line:1101 name:w1%cr(:)
host:0x400800007be0 device:0x400710400000 size:230400000 presentcount:0+1 line:1236 name:w1%cr(:)
host:0x40080dbd8000 device:0x400780000000 size:230400000 presentcount:0+1 line:1101 name:w1%cr(:)
host:0x400a20008210 device:0x400740000000 size:230400000 presentcount:0+1 line:1236 name:w1%cr(:)
host:0x400a2dbd0020 device:0x400b40000000 size:230400000 presentcount:0+1 line:1101 name:w1%cr(:)
host:0x400b20000230 device:0x400cd1e00000 size:230400000 presentcount:0+1 line:1236 name:w1%cr(:)
host:0x400b2dbc0650 device:0x400cb1e00000 size:230400000 presentcount:0+1 line:1101 name:w1%cr(:)
host:0x400ba0000860 device:0x400c91e00000 size:230400000 presentcount:0+1 line:1236 name:w1%cr(:)
host:0xffffd9917f70 device:0x400b721f6200 size:3024 presentcount:0+12 line:682 name:var
host:0xffffd9918b40 device:0x4006471ff600 size:1480 presentcount:0+1 line:174 name:w_ini
host:0xffffd9919110 device:0x4006d25ff600 size:1480 presentcount:0+1 line:174 name:wopt
host:0xffffd99196e0 device:0x4006671fa400 size:1480 presentcount:0+1 line:174 name:wtmpa
allocated block device:0x40047e3e4000 size:41984 thread:1
allocated block device:0x40047e3ee400 size:512 thread:1
allocated block device:0x40047e3ee600 size:512 thread:1
allocated block device:0x40047e3ee800 size:512 thread:1
allocated block device:0x40047e3eea00 size:512 thread:1
allocated block device:0x40047e3eec00 size:5120 thread:1
allocated block device:0x40047e3f0000 size:1536 thread:1
allocated block device:0x40047e3f0600 size:1024 thread:1
allocated block device:0x40047e3f0a00 size:1024 thread:1
allocated block device:0x40047e3f0e00 size:1536 thread:1
allocated block device:0x40047e3f1400 size:1024 thread:1
allocated block device:0x40047e3f1800 size:1024 thread:1
allocated block device:0x40047e3f1c00 size:17408 thread:1
allocated block device:0x40047e3f6000 size:17408 thread:1
allocated block device:0x40047e3fa400 size:2048 thread:1
allocated block device:0x40047e3fac00 size:512 thread:1
allocated block device:0x40047e3fae00 size:4608 thread:1
allocated block device:0x40047e3fc000 size:512 thread:1
allocated block device:0x40047e3fc200 size:4608 thread:1
allocated block device:0x40047e3fd400 size:3072 thread:1
allocated block device:0x40047e3fe000 size:512 thread:1
allocated block device:0x40047e3fe200 size:512 thread:1
allocated block device:0x40047e3fe400 size:512 thread:1
allocated block device:0x40047e3fe600 size:512 thread:1
allocated block device:0x40047e3fe800 size:512 thread:1
allocated block device:0x40047e3fea00 size:4608 thread:1
allocated block device:0x40047e3ffc00 size:512 thread:1
allocated block device:0x40047e3ffe00 size:512 thread:1
allocated block device:0x4004c0000000 size:230400000 thread:1
allocated block device:0x4005b431a000 size:83968 thread:1
allocated block device:0x4005b432e800 size:180224 thread:1
allocated block device:0x4005b435a800 size:180224 thread:1
allocated block device:0x4005b4386800 size:180224 thread:1
allocated block device:0x4005b43b2800 size:98304 thread:1
allocated block device:0x4005b43ca800 size:98304 thread:1
allocated block device:0x4005b43e2800 size:98304 thread:1
allocated block device:0x4006271ff800 size:1024 thread:1
allocated block device:0x4006471ff600 size:1536 thread:1
allocated block device:0x4006671fa400 size:2048 thread:1
allocated block device:0x4006671fae00 size:2560 thread:1
allocated block device:0x4006671fb800 size:512 thread:1
allocated block device:0x4006671fba00 size:4608 thread:1
allocated block device:0x4006671fcc00 size:512 thread:1
allocated block device:0x4006671fce00 size:4608 thread:1
allocated block device:0x4006671fe000 size:512 thread:1
allocated block device:0x4006671fe200 size:4608 thread:1
allocated block device:0x4006671ff400 size:512 thread:1
allocated block device:0x4006671ff600 size:512 thread:1
allocated block device:0x4006671ff800 size:512 thread:1
allocated block device:0x4006671ffa00 size:512 thread:1
allocated block device:0x4006671ffc00 size:512 thread:1
allocated block device:0x4006671ffe00 size:512 thread:1
allocated block device:0x4006871f4000 size:41984 thread:1
allocated block device:0x4006871fe400 size:5120 thread:1
allocated block device:0x4006871ff800 size:512 thread:1
allocated block device:0x4006871ffa00 size:512 thread:1
allocated block device:0x4006871ffc00 size:512 thread:1
allocated block device:0x4006871ffe00 size:512 thread:1
allocated block device:0x4006c0000000 size:298674176 thread:1
allocated block device:0x4006d1e00000 size:4030464 thread:1
allocated block device:0x4006d2200000 size:1821184 thread:1
allocated block device:0x4006d23bca00 size:180224 thread:1
allocated block device:0x4006d23e8a00 size:26112 thread:1
allocated block device:0x4006d23ef000 size:4608 thread:1
allocated block device:0x4006d23f0200 size:4608 thread:1
allocated block device:0x4006d23f1400 size:24064 thread:1
allocated block device:0x4006d23f7200 size:512 thread:1
allocated block device:0x4006d23f7400 size:24064 thread:1
allocated block device:0x4006d23fd200 size:512 thread:1
allocated block device:0x4006d23fd400 size:512 thread:1
allocated block device:0x4006d23fd600 size:3072 thread:1
allocated block device:0x4006d23fe200 size:3072 thread:1
allocated block device:0x4006d23fee00 size:512 thread:1
allocated block device:0x4006d23ff000 size:1536 thread:1
allocated block device:0x4006d23ff600 size:2560 thread:1
allocated block device:0x4006d2400000 size:1821184 thread:1
allocated block device:0x4006d25bca00 size:180224 thread:1
allocated block device:0x4006d25e8a00 size:5120 thread:1
allocated block device:0x4006d25e9e00 size:1536 thread:1
allocated block device:0x4006d25ea400 size:2048 thread:1
allocated block device:0x4006d25eac00 size:7680 thread:1
allocated block device:0x4006d25eca00 size:7680 thread:1
allocated block device:0x4006d25ee800 size:3072 thread:1
allocated block device:0x4006d25ef400 size:3072 thread:1
allocated block device:0x4006d25f0000 size:5120 thread:1
allocated block device:0x4006d25f1400 size:5120 thread:1
allocated block device:0x4006d25f2800 size:1024 thread:1
allocated block device:0x4006d25f2c00 size:1024 thread:1
allocated block device:0x4006d25f3000 size:1024 thread:1
allocated block device:0x4006d25f3400 size:1024 thread:1
allocated block device:0x4006d25f3800 size:1024 thread:1
allocated block device:0x4006d25f3c00 size:1024 thread:1
allocated block device:0x4006d25f4000 size:1024 thread:1
allocated block device:0x4006d25f4400 size:1024 thread:1
allocated block device:0x4006d25f4800 size:5120 thread:1
allocated block device:0x4006d25f5c00 size:1536 thread:1
allocated block device:0x4006d25f6200 size:1024 thread:1
allocated block device:0x4006d25f6600 size:1024 thread:1
allocated block device:0x4006d25f6a00 size:1536 thread:1
allocated block device:0x4006d25f7000 size:1024 thread:1
allocated block device:0x4006d25f7400 size:1024 thread:1
allocated block device:0x4006d25f7800 size:1024 thread:1
allocated block device:0x4006d25f7c00 size:3072 thread:1
allocated block device:0x4006d25f8800 size:3072 thread:1
allocated block device:0x4006d25f9400 size:1536 thread:1
allocated block device:0x4006d25f9a00 size:1536 thread:1
allocated block device:0x4006d25fa000 size:1024 thread:1
allocated block device:0x4006d25fa400 size:1024 thread:1
allocated block device:0x4006d25fa800 size:1024 thread:1
allocated block device:0x4006d25fac00 size:1024 thread:1
allocated block device:0x4006d25fb000 size:1024 thread:1
allocated block device:0x4006d25fb400 size:1024 thread:1
allocated block device:0x4006d25fb800 size:1024 thread:1
allocated block device:0x4006d25fbc00 size:1024 thread:1
allocated block device:0x4006d25fc000 size:1536 thread:1
allocated block device:0x4006d25fc600 size:1024 thread:1
allocated block device:0x4006d25fca00 size:512 thread:1
allocated block device:0x4006d25fcc00 size:2560 thread:1
allocated block device:0x4006d25fd600 size:3072 thread:1
allocated block device:0x4006d25ff600 size:2560 thread:1
allocated block device:0x4006d2600000 size:1821184 thread:1
allocated block device:0x4006d27bca00 size:180224 thread:1
allocated block device:0x4006d27e8a00 size:28672 thread:1
allocated block device:0x4006d27efa00 size:40448 thread:1
allocated block device:0x4006d27f9800 size:8192 thread:1
allocated block device:0x4006d27fb800 size:8192 thread:1
allocated block device:0x4006d27fd800 size:8192 thread:1
allocated block device:0x4006d27ff800 size:512 thread:1
allocated block device:0x4006d2800000 size:1821184 thread:1
allocated block device:0x4006d29bca00 size:180224 thread:1
allocated block device:0x4006d29e8a00 size:40448 thread:1
allocated block device:0x4006d29fe200 size:2048 thread:1
allocated block device:0x4006d2a00000 size:7284736 thread:1
allocated block device:0x4006d3200000 size:7284736 thread:1
allocated block device:0x4006d3a00000 size:45593600 thread:1
allocated block device:0x4006e0000000 size:807412224 thread:1
allocated block device:0x400710400000 size:230400000 thread:1
allocated block device:0x400740000000 size:230400000 thread:1
allocated block device:0x40074dc00000 size:230400000 thread:1
allocated block device:0x400780000000 size:230400000 thread:1
allocated block device:0x400794c00000 size:391680 thread:1
allocated block device:0x400794c5fa00 size:921600 thread:1
allocated block device:0x400794d40a00 size:393216 thread:1
allocated block device:0x400794e00000 size:2799616 thread:1
allocated block device:0x400795200000 size:4030464 thread:1
allocated block device:0x400795600000 size:7284736 thread:1
allocated block device:0x400b40000000 size:298674176 thread:1
allocated block device:0x400b638c0000 size:393216 thread:1
allocated block device:0x400b6fa00000 size:7284736 thread:1
allocated block device:0x400b72000000 size:1807360 thread:1
allocated block device:0x400b721b9400 size:181760 thread:1
allocated block device:0x400b721f5600 size:3072 thread:1
allocated block device:0x400b721f6200 size:3072 thread:1
allocated block device:0x400b72200000 size:1807360 thread:1
allocated block device:0x400b723b9400 size:181760 thread:1
allocated block device:0x400b723e5a00 size:98304 thread:1
allocated block device:0x400b72400000 size:1807360 thread:1
allocated block device:0x400b72600000 size:2799616 thread:1
allocated block device:0x400b72a00000 size:14458880 thread:1
allocated block device:0x400bc0000000 size:298674176 thread:1
allocated block device:0x400bd1e00000 size:7284736 thread:1
allocated block device:0x400c91e00000 size:230400000 thread:1
allocated block device:0x400cb1e00000 size:230400000 thread:1
allocated block device:0x400cd1e00000 size:230400000 thread:1
allocated block device:0x400cf1e00000 size:29138944 thread:1
allocated block device:0x400cf3a00000 size:29138944 thread:1
allocated block device:0x400cf5600000 size:3145728 thread:1
allocated block device:0x400cf5a00000 size:7284736 thread:1
allocated block device:0x400cf6200000 size:7284736 thread:1
allocated block device:0x400cf6a00000 size:14569472 thread:1
Accelerator Fatal Error: call to cuMemAlloc returned error 2 (CUDA_ERROR_OUT_OF_MEMORY): Out of memory
 File: /lus/lfs1aip2/projects/u6cb/software/VASP/vasp.6.5.1/build/gam/hamil.f90
 Function: hamiltmu:978
 Line: 1005

Out of memory allocating 230400000 bytes of device memory
Failing in Thread:1
total/free CUDA memory: 102005473280/594083840
Present table dump for device[1]: NVIDIA Tesla GPU 0, compute capability 9.0, threadid=1
Hint: specify 0x800 bit in NV_ACC_DEBUG for verbose info.
host:0x2557280 device:0x40055e5fd800 size:32 presentcount:0+3 line:643 name:var%comm
host:0x25572a0 device:0x40055e5ef600 size:32 presentcount:0+4 line:652 name:var%comm_kinter
host:0x25572c0 device:0x40055e5ef800 size:32 presentcount:0+6 line:655 name:var%comm_kin
host:0x25572e0 device:0x40073c1ffa00 size:32 presentcount:0+3 line:646 name:var%comm_inter
host:0x2557300 device:0x40073c1ffc00 size:32 presentcount:0+7 line:649 name:var%comm_inb
host:0x256be80 device:0x40055a0ecd00 size:8 presentcount:0+1 line:-1 name:_setexm_struct_def_21
host:0x2576f40 device:0x40055a0ece00 size:28 presentcount:0+1 line:-1 name:_ml_ff_constant_21
host:0x2577c80 device:0x40055a0ecf00 size:30437 presentcount:0+1 line:-1 name:_ml_ff_taglist_21
host:0x25afc80 device:0x40055a0f4600 size:8 presentcount:0+1 line:-1 name:_mopenacc_tutor_21
host:0x25c2740 device:0x40055a0f4a00 size:32 presentcount:0+1 line:-1 name:_mbj_21
host:0x25cd640 device:0x40055a0f4d00 size:8 presentcount:0+1 line:-1 name:_sym_prec_21
host:0x26030c0 device:0x40055a0f4e00 size:344 presentcount:0+1 line:-1 name:_tet_21
host:0x261c840 device:0x40055a0f5000 size:392 presentcount:0+1 line:-1 name:_mymath_21
host:0x2817368 device:0x40055e5f0400 size:4800 presentcount:0+2 line:614 name:var
host:0x2818628 device:0x40055e5fbc00 size:1984 presentcount:0+2 line:403 name:var
host:0x281a910 device:0x40071c3ffa00 size:864 presentcount:0+4 line:2639 name:hamiltonian
host:0x286ac80 device:0x40055e5fec00 size:2712 presentcount:0+2 line:428 name:var
host:0x286b718 device:0x40073c1fc600 size:2248 presentcount:0+1 line:742 name:var
host:0x286eb50 device:0x400c521ffc00 size:288 presentcount:0+1 line:195 name:latt_cur
host:0x2871658 device:0x40075c3fe400 size:5088 presentcount:0+28 line:517 name:var
host:0x2872a38 device:0x4007b25f6000 size:5088 presentcount:0+6 line:517 name:var
host:0x2873e18 device:0x4007b25e9600 size:5088 presentcount:0+7 line:517 name:var
host:0x287a2a8 device:0x40073c1ff800 size:304 presentcount:0+1 line:567 name:var
host:0x287a3d8 device:0x4007b25fe200 size:304 presentcount:0+1 line:567 name:var
host:0x2e48ec0 device:0x40055a002600 size:960024 presentcount:0+1 line:-1 name:_setexm_struct_def_16
host:0x2f8f080 device:0x40055a0f4700 size:580 presentcount:0+1 line:-1 name:_wpbe_16
host:0x2f8f900 device:0x40055a0f4b00 size:288 presentcount:0+1 line:-1 name:_mbj_16
host:0x9f446c0 device:0x40055a0f5200 size:624 presentcount:0+1 line:-1 name:_mlr_optic_16
host:0x2d4edd40 device:0x40055e5ffe00 size:24 presentcount:0+3 line:616 name:var%vkpt(:,:)
host:0x2d4edf10 device:0x40055e5f0200 size:16 presentcount:0+2 line:430 name:var%psrmax(:)
host:0x2d4edf50 device:0x40055e5ff800 size:8 presentcount:0+3 line:616 name:var%lmmax(:)
host:0x2d4edf80 device:0x40055e5ffc00 size:8 presentcount:0+3 line:616 name:var%nt_global(:)
host:0x2d4edfb0 device:0x4007b23f8800 size:4 presentcount:0+2 line:616 name:var%nplwkp(:)
host:0x2d4edfe0 device:0x4007b23f8a00 size:4 presentcount:0+2 line:616 name:var%nplwkp_tot(:)
host:0x2d4ee010 device:0x4007b23fea00 size:4 presentcount:0+2 line:616 name:var%ngvector_pos(:)
host:0x2d4ee040 device:0x4007b23f2800 size:4 presentcount:0+2 line:616 name:var%ngvector(:)
host:0x2d4ee070 device:0x40055e5fc400 size:8 presentcount:0+2 line:616 name:var%nb_totk(:,:)
host:0x2d4ee0a0 device:0x4007b23fec00 size:4 presentcount:0+2 line:616 name:var%luseinv(:)
host:0x2d4ee0d0 device:0x40055e5efe00 size:4 presentcount:0+2 line:616 name:var%at_gamma(:)
host:0x2d4ee100 device:0x4007b23ffa00 size:8 presentcount:0+2 line:405 name:var%lmmax(:)
host:0x2d4ee130 device:0x40055e5efa00 size:8 presentcount:0+2 line:430 name:var%lmax(:)
host:0x2d4ee160 device:0x40055e5efc00 size:8 presentcount:0+2 line:430 name:var%lmmax(:)
host:0x2d4ee190 device:0x40055e5f0000 size:8 presentcount:0+2 line:430 name:var%channels(:)
host:0x2d4ee1c0 device:0x40075c3ff800 size:16 presentcount:0+2 line:430 name:var%rsmooth(:)
host:0x2e6acc50 device:0x4007b25f9000 size:528 presentcount:0+1 line:480 name:var
host:0x328fd7e0 device:0x40073c1ffe00 size:8 presentcount:0+4 line:405 name:var%nityp(:)
host:0x32dfbff0 device:0x40055e5f2200 size:1000 presentcount:0+4 line:519 name:var%lpctz(:)
host:0x33272260 device:0x4007b23ef000 size:8 presentcount:0+2 line:616 name:var%wtkpt(:)
host:0x3327f0f0 device:0x4007b27e8a00 size:28464 presentcount:0+1 line:853 name:var(:)
host:0x33291870 device:0x4007b29e8a00 size:40000 presentcount:0+1 line:857 name:var%psp(:,:)
host:0x3329b4e0 device:0x400c523fbc00 size:8000 presentcount:0+1 line:857 name:var%psprho(:)
host:0x3329e770 device:0x4007b23f8c00 size:24000 presentcount:0+2 line:466 name:var%psprnl(:,:,:)
host:0x332ce150 device:0x4007b23f0400 size:4320 presentcount:0+4 line:405 name:var%ityp(:)
host:0x332cf260 device:0x4007b23e8a00 size:25920 presentcount:0+4 line:405 name:var%posion(:,:)
host:0x33310320 device:0x40055e5ffa00 size:8 presentcount:0+3 line:616 name:var%nityp(:)
host:0x333125c0 device:0x4007b27efa00 size:40000 presentcount:0+1 line:857 name:var%psp(:,:)
host:0x3331c230 device:0x400c521fbc00 size:8000 presentcount:0+1 line:857 name:var%pspcor(:)
host:0x3331e1a0 device:0x400c521fdc00 size:8000 presentcount:0+1 line:857 name:var%psprho(:)
host:0x33321430 device:0x4007b23f2a00 size:24000 presentcount:0+2 line:466 name:var%psprnl(:,:,:)
host:0x3336e3f0 device:0x40075c3ffc00 size:24 presentcount:0+3 line:466 name:var%lps(:)
host:0x3336e4a0 device:0x40073c1fd000 size:24 presentcount:0+3 line:466 name:var%lps(:)
host:0x333dd8e0 device:0x4007b23ef200 size:4320 presentcount:0+3 line:616 name:var%ityp(:)
host:0x333de9f0 device:0x40055e5fda00 size:4320 presentcount:0+3 line:616 name:var%npro_pos(:)
host:0x333dfb00 device:0x40055e5fc600 size:4324 presentcount:0+3 line:616 name:var%lmbase(:)
host:0x333e0c10 device:0x40055e5f1800 size:1280 presentcount:0+4 line:519 name:var%lpctx(:)
host:0x333e1140 device:0x40055e5f1e00 size:720 presentcount:0+4 line:519 name:var%lpcty(:)
host:0x333e1440 device:0x40055e5f2600 size:1280 presentcount:0+4 line:519 name:var%lpctx_(:)
host:0x333e1970 device:0x40055e5f2c00 size:720 presentcount:0+4 line:519 name:var%lpcty_(:)
host:0x333e1c70 device:0x40055e5f3000 size:1000 presentcount:0+4 line:519 name:var%lpctz_(:)
host:0x333e2080 device:0x4007b25f7400 size:1280 presentcount:0+1 line:519 name:var%lpctx(:)
host:0x333e25b0 device:0x4007b25f7a00 size:720 presentcount:0+1 line:519 name:var%lpcty(:)
host:0x333e28b0 device:0x4007b25f7e00 size:1000 presentcount:0+1 line:519 name:var%lpctz(:)
host:0x333e2cc0 device:0x4007b25f8200 size:1280 presentcount:0+1 line:519 name:var%lpctx_(:)
host:0x333e31f0 device:0x4007b25f8800 size:720 presentcount:0+1 line:519 name:var%lpcty_(:)
host:0x333e34f0 device:0x4007b25f8c00 size:1000 presentcount:0+1 line:519 name:var%lpctz_(:)
host:0x333e3900 device:0x4007b23fee00 size:2560 presentcount:0+1 line:519 name:var%lpctx(:)
host:0x333e4330 device:0x4007b25eaa00 size:1440 presentcount:0+1 line:519 name:var%lpcty(:)
host:0x333e4900 device:0x4007b25e8a00 size:2000 presentcount:0+1 line:519 name:var%lpctz(:)
host:0x333e5100 device:0x4007b25eb000 size:2560 presentcount:0+1 line:519 name:var%lpctx_(:)
host:0x333e5b30 device:0x4007b25eba00 size:1440 presentcount:0+1 line:519 name:var%lpcty_(:)
host:0x333e6100 device:0x4007b25ec000 size:2000 presentcount:0+1 line:519 name:var%lpctz_(:)
host:0x334d21e0 device:0x4007b25f0400 size:2824 presentcount:0+1 line:482 name:var%i2(:)
host:0x334d2d10 device:0x4007b25f1000 size:2824 presentcount:0+1 line:482 name:var%i3(:)
host:0x334d3840 device:0x4007b25f1c00 size:5020 presentcount:0+1 line:482 name:var%i2(:)
host:0x334d4c10 device:0x4007b25f3000 size:5020 presentcount:0+1 line:482 name:var%i3(:)
host:0x334d5fe0 device:0x4007b25ec800 size:7200 presentcount:0+2 line:482 name:var%i2(:)
host:0x334d7c30 device:0x4007b25ee600 size:7200 presentcount:0+2 line:482 name:var%i3(:)
host:0x334d9ca0 device:0x400874c5fa00 size:921600 presentcount:0+2 line:482 name:var%index(:,:)
host:0x335bacd0 device:0x4007b25fe400 size:2560 presentcount:0+1 line:569 name:var%ind1(:)
host:0x335bb700 device:0x4007b25fee00 size:2824 presentcount:0+1 line:569 name:var%indcol(:)
host:0x335bc230 device:0x4007b25f9400 size:2824 presentcount:0+1 line:482 name:var%i2(:)
host:0x335bcd60 device:0x4007b25fa000 size:2824 presentcount:0+1 line:482 name:var%i3(:)
host:0x335bd890 device:0x4007b25fac00 size:1512 presentcount:0+1 line:482 name:var%i2(:)
host:0x335bdea0 device:0x4007b25fb200 size:1512 presentcount:0+1 line:482 name:var%i3(:)
host:0x335be4b0 device:0x40073c1fd200 size:4320 presentcount:0+2 line:430 name:var%nlimax(:)
host:0x335bf5c0 device:0x40073c1fe600 size:4324 presentcount:0+2 line:430 name:var%lmbase(:)
host:0x335c06d0 device:0x40055e5ee400 size:4324 presentcount:0+2 line:430 name:var%nlibase(:)
host:0x335c17e0 device:0x40055e5f3400 size:17132 presentcount:0+4 line:519 name:var%nindpwconjg(:)
host:0x335c5b00 device:0x40055e5f7800 size:17132 presentcount:0+4 line:519 name:var%ind_in_sphere(:)
host:0x335cad50 device:0x4007b25fbc00 size:516 presentcount:0+1 line:499 name:var%ptr(:)
host:0x335caf80 device:0x4007b25fb800 size:516 presentcount:0+1 line:499 name:var%n(:)
host:0x335d3e30 device:0x4007b25f5800 size:516 presentcount:0+1 line:499 name:var%ni(:)
host:0x335f7a20 device:0x4007b25fd800 size:1280 presentcount:0+1 line:569 name:var%ind1(:)
host:0x335f7f50 device:0x4007b25fde00 size:724 presentcount:0+1 line:569 name:var%indcol(:)
host:0x335f8250 device:0x40068612e800 size:180000 presentcount:0+4 line:482 name:var%i2(:)
host:0x336241a0 device:0x40068615a800 size:180000 presentcount:0+4 line:482 name:var%i3(:)
host:0x336500f0 device:0x4007b23bca00 size:180000 presentcount:0+8 line:482 name:var%index(:,:)
host:0x3367c040 device:0x4007b29bca00 size:180000 presentcount:0+8 line:482 name:var%i2(:)
host:0x336a7f90 device:0x400686186800 size:180000 presentcount:0+8 line:482 name:var%i3(:)
host:0x336d4510 device:0x4007b2400000 size:1821184 presentcount:0+3 line:616 name:var%nindpw(:,:)
host:0x33890f40 device:0x4007b25bca00 size:180000 presentcount:0+3 line:616 name:var%pl_index(:,:)
host:0x338bce90 device:0x4007b27bca00 size:180000 presentcount:0+3 line:616 name:var%pl_col(:,:)
host:0x338e8de0 device:0x4007b23f1600 size:4324 presentcount:0+2 line:405 name:var%lmbase(:)
host:0x338e9ef0 device:0x40075c3ffa00 size:400 presentcount:0+2 line:464 name:var
host:0x338ea080 device:0x40075c3ffe00 size:400 presentcount:0+2 line:464 name:var
host:0x3395aaa0 device:0x400874c00000 size:231680 presentcount:0+1 line:499 name:var%tbl(:)
host:0x339cbd00 device:0x400c521b9400 size:272160 presentcount:0+1 line:499 name:var%tbli(:)
host:0x33a0e450 device:0x4007b25fc400 size:516 presentcount:0+1 line:499 name:var%ptri(:)
host:0x33a0e680 device:0x4007b25fc000 size:516 presentcount:0+1 line:499 name:var%ni(:)
host:0x33a0e8b0 device:0x4007b25fcc00 size:516 presentcount:0+1 line:499 name:var%ptr(:)
host:0x33a0eae0 device:0x4007b25fc800 size:516 presentcount:0+1 line:499 name:var%n(:)
host:0x33a0ed10 device:0x40073c1fe400 size:4 presentcount:0+1 line:499 name:var%tbli(:)
host:0x33a0ed40 device:0x4007b25fd400 size:516 presentcount:0+1 line:499 name:var%ptri(:)
host:0x33a0ef70 device:0x4007b25fd000 size:516 presentcount:0+1 line:499 name:var%ni(:)
host:0x33a22aa0 device:0x4007b25f4400 size:516 presentcount:0+1 line:499 name:var%ptr(:)
host:0x33a22cd0 device:0x4007b23ffc00 size:516 presentcount:0+1 line:499 name:var%n(:)
host:0x33a22f00 device:0x4007b25f4c00 size:516 presentcount:0+1 line:499 name:var%ptri(:)
host:0x33a23130 device:0x4007b25f4800 size:516 presentcount:0+1 line:499 name:var%ni(:)
host:0x33a23360 device:0x4007b25f5400 size:516 presentcount:0+1 line:499 name:var%ptr(:)
host:0x33a23590 device:0x4007b25f5000 size:516 presentcount:0+1 line:499 name:var%n(:)
host:0x33a237c0 device:0x4007b25f5c00 size:516 presentcount:0+1 line:499 name:var%ptri(:)
host:0x33b69a90 device:0x400875600000 size:7284736 presentcount:0+3 line:616 name:var%datake(:,:,:)
host:0x3425cd10 device:0x4007b2600000 size:1821184 presentcount:0+3 line:616 name:var%igx(:,:)
host:0x3441a3a0 device:0x4007b2200000 size:1821184 presentcount:0+3 line:616 name:var%igy(:,:)
host:0x345d7c40 device:0x4007b2800000 size:1821184 presentcount:0+3 line:616 name:var%igz(:,:)
host:0x34795b10 device:0x4007b3200000 size:7284272 presentcount:0+4 line:519 name:var%fftsca(:,:)
host:0x34e88170 device:0x400c523b9400 size:272160 presentcount:0+1 line:499 name:var%tbl(:)
host:0x34fa06d0 device:0x400874e00000 size:1807360 presentcount:0+1 line:499 name:var%tbl(:)
host:0x353162c0 device:0x400c52000000 size:1807200 presentcount:0+1 line:499 name:var%tbli(:)
host:0x354d1330 device:0x400c52200000 size:1807200 presentcount:0+1 line:499 name:var%tbl(:)
host:0x35847a40 device:0x400c52400000 size:1807200 presentcount:0+1 line:499 name:var%tbli(:)
host:0x36652420 device:0x40075c3f4000 size:41984 presentcount:0+1 line:746 name:var%auxtot(:,:,:)
host:0x36662420 device:0x40055e5e4000 size:41984 presentcount:0+2 line:746 name:var%fertot(:,:,:)
host:0x36670030 device:0x40068611a000 size:83968 presentcount:0+2 line:746 name:var%celtot(:,:,:)
host:0x378a38d0 device:0x4007b2a00000 size:7200000 presentcount:0+1 line:195 name:dencor(:)
host:0x3866dbc0 device:0x4007b1e00000 size:2799360 presentcount:0+2 line:194 name:cdij(:,:,:,:)
host:0x3891d2e0 device:0x400c52600000 size:2799360 presentcount:0+2 line:194 name:cqij(:,:,:,:)
host:0x38e7cf90 device:0x400875200000 size:4030464 presentcount:0+5 line:746 name:var%gproj(:,:,:,:)
host:0x39509ea0 device:0x4006861b2800 size:98304 presentcount:0+1 line:1101 name:w1%gproj(:)
host:0x401d76a0 device:0x400874d40a00 size:393216 presentcount:0+2 line:1226 name:wa%gproj(:,:)
host:0x402376d0 device:0x400c438c0000 size:393216 presentcount:0+2 line:1226 name:wa%gproj(:,:)
host:0x4029ea80 device:0x400dd5600000 size:3145728 presentcount:0+2 line:1226 name:wa%gproj(:,:)
host:0x444b4e90 device:0x4006861ca800 size:98304 presentcount:0+1 line:1101 name:w1%gproj(:)
host:0x444e1af0 device:0x4007b29fcc00 size:2048 presentcount:0+1 line:179 name:w1(:)
host:0x444e2310 device:0x4007b27fa600 size:2048 presentcount:0+1 line:179 name:wtmp(:)
host:0x444eb470 device:0x400cb1e00000 size:7284736 presentcount:0+1 line:1101 name:w1%cptwfp(:)
host:0x44bddca0 device:0x400c525b9400 size:98304 presentcount:0+1 line:1101 name:w1%gproj(:)
host:0x44bf5cd0 device:0x400c525d1400 size:98304 presentcount:0+1 line:1101 name:w1%gproj(:)
host:0x44e342d0 device:0x400dd6a00000 size:14569472 presentcount:0+1 line:202 name:precon(:,:)
host:0x45c20ec0 device:0x400c4fa00000 size:7284736 presentcount:0+1 line:1101 name:w1%cptwfp(:)
host:0x4631b8e0 device:0x400dd5a00000 size:7284736 presentcount:0+1 line:1101 name:w1%cptwfp(:)
host:0x46a0e320 device:0x400dd6200000 size:7284736 presentcount:0+1 line:1101 name:w1%cptwfp(:)
host:0x4005996710a0 device:0x4007b3a00000 size:45593280 presentcount:0+2 line:430 name:var%nli(:,:)
host:0x40059e5039e0 device:0x400c52a00000 size:14458880 presentcount:0+1 line:195 name:cstrf(:,:)
host:0x4005f6ee6d70 device:0x400dd1e00000 size:29138944 presentcount:0+2 line:1226 name:wa%cptwfp(:,:)
host:0x4005fbb66f80 device:0x400dd3a00000 size:29138944 presentcount:0+2 line:1226 name:wa%cptwfp(:,:)
host:0x4006a00012b0 device:0x4007c0000000 size:807411968 presentcount:0+2 line:430 name:var%rproj(:)
host:0x4006d02131a0 device:0x40082dc00000 size:230400000 presentcount:0+2 line:194 name:sv(:,:)
host:0x400780004a60 device:0x4007a0000000 size:298674176 presentcount:0+5 line:746 name:var%cptwfp(:,:,:,:)
host:0x400791ce7190 device:0x400ca0000000 size:233111552 presentcount:0+2 line:1226 name:wa%cptwfp(:,:)
host:0x400811ce77c0 device:0x4005a0000000 size:230400000 presentcount:0+1 line:1101 name:w1%cr(:)
host:0x400846e979d0 device:0x4007f0400000 size:230400000 presentcount:0+1 line:1236 name:w1%cr(:)
host:0x4008e0007df0 device:0x400860000000 size:230400000 presentcount:0+1 line:1101 name:w1%cr(:)
host:0x4008edbd8000 device:0x400820000000 size:230400000 presentcount:0+1 line:1236 name:w1%cr(:)
host:0x400b00008420 device:0x400c20000000 size:230400000 presentcount:0+1 line:1101 name:w1%cr(:)
host:0x400b0dbd0020 device:0x400db1e00000 size:230400000 presentcount:0+1 line:1236 name:w1%cr(:)
host:0x400c00000440 device:0x400d91e00000 size:230400000 presentcount:0+1 line:1101 name:w1%cr(:)
host:0x400c0dbc0650 device:0x400d71e00000 size:230400000 presentcount:0+1 line:1236 name:w1%cr(:)
host:0x400de0005ae0 device:0x400e20000000 size:921600000 presentcount:0+1 line:1005 name:cwork1(:,:)
host:0xffffcbdb3c30 device:0x4007b27fb200 size:3024 presentcount:0+12 line:682 name:var
host:0xffffcbdb4800 device:0x4006fc3ff800 size:1480 presentcount:0+1 line:174 name:w_ini
host:0xffffcbdb4dd0 device:0x4007b27f9c00 size:1480 presentcount:0+1 line:174 name:wopt
host:0xffffcbdb53a0 device:0x40073c1fbc00 size:1480 presentcount:0+1 line:174 name:wtmpa
allocated block device:0x40055e5e4000 size:41984 thread:1
allocated block device:0x40055e5ee400 size:4608 thread:1
allocated block device:0x40055e5ef600 size:512 thread:1
allocated block device:0x40055e5ef800 size:512 thread:1
allocated block device:0x40055e5efa00 size:512 thread:1
allocated block device:0x40055e5efc00 size:512 thread:1
allocated block device:0x40055e5efe00 size:512 thread:1
allocated block device:0x40055e5f0000 size:512 thread:1
allocated block device:0x40055e5f0200 size:512 thread:1
allocated block device:0x40055e5f0400 size:5120 thread:1
allocated block device:0x40055e5f1800 size:1536 thread:1
allocated block device:0x40055e5f1e00 size:1024 thread:1
allocated block device:0x40055e5f2200 size:1024 thread:1
allocated block device:0x40055e5f2600 size:1536 thread:1
allocated block device:0x40055e5f2c00 size:1024 thread:1
allocated block device:0x40055e5f3000 size:1024 thread:1
allocated block device:0x40055e5f3400 size:17408 thread:1
allocated block device:0x40055e5f7800 size:17408 thread:1
allocated block device:0x40055e5fbc00 size:2048 thread:1
allocated block device:0x40055e5fc400 size:512 thread:1
allocated block device:0x40055e5fc600 size:4608 thread:1
allocated block device:0x40055e5fd800 size:512 thread:1
allocated block device:0x40055e5fda00 size:4608 thread:1
allocated block device:0x40055e5fec00 size:3072 thread:1
allocated block device:0x40055e5ff800 size:512 thread:1
allocated block device:0x40055e5ffa00 size:512 thread:1
allocated block device:0x40055e5ffc00 size:512 thread:1
allocated block device:0x40055e5ffe00 size:512 thread:1
allocated block device:0x4005a0000000 size:230400000 thread:1
allocated block device:0x40068611a000 size:83968 thread:1
allocated block device:0x40068612e800 size:180224 thread:1
allocated block device:0x40068615a800 size:180224 thread:1
allocated block device:0x400686186800 size:180224 thread:1
allocated block device:0x4006861b2800 size:98304 thread:1
allocated block device:0x4006861ca800 size:98304 thread:1
allocated block device:0x4006fc3ff800 size:1536 thread:1
allocated block device:0x40071c3ffa00 size:1024 thread:1
allocated block device:0x40073c1fbc00 size:2048 thread:1
allocated block device:0x40073c1fc600 size:2560 thread:1
allocated block device:0x40073c1fd000 size:512 thread:1
allocated block device:0x40073c1fd200 size:4608 thread:1
allocated block device:0x40073c1fe400 size:512 thread:1
allocated block device:0x40073c1fe600 size:4608 thread:1
allocated block device:0x40073c1ff800 size:512 thread:1
allocated block device:0x40073c1ffa00 size:512 thread:1
allocated block device:0x40073c1ffc00 size:512 thread:1
allocated block device:0x40073c1ffe00 size:512 thread:1
allocated block device:0x40075c3f4000 size:41984 thread:1
allocated block device:0x40075c3fe400 size:5120 thread:1
allocated block device:0x40075c3ff800 size:512 thread:1
allocated block device:0x40075c3ffa00 size:512 thread:1
allocated block device:0x40075c3ffc00 size:512 thread:1
allocated block device:0x40075c3ffe00 size:512 thread:1
allocated block device:0x4007a0000000 size:298674176 thread:1
allocated block device:0x4007b1e00000 size:4030464 thread:1
allocated block device:0x4007b2200000 size:1821184 thread:1
allocated block device:0x4007b23bca00 size:180224 thread:1
allocated block device:0x4007b23e8a00 size:26112 thread:1
allocated block device:0x4007b23ef000 size:512 thread:1
allocated block device:0x4007b23ef200 size:4608 thread:1
allocated block device:0x4007b23f0400 size:4608 thread:1
allocated block device:0x4007b23f1600 size:4608 thread:1
allocated block device:0x4007b23f2800 size:512 thread:1
allocated block device:0x4007b23f2a00 size:24064 thread:1
allocated block device:0x4007b23f8800 size:512 thread:1
allocated block device:0x4007b23f8a00 size:512 thread:1
allocated block device:0x4007b23f8c00 size:24064 thread:1
allocated block device:0x4007b23fea00 size:512 thread:1
allocated block device:0x4007b23fec00 size:512 thread:1
allocated block device:0x4007b23fee00 size:3072 thread:1
allocated block device:0x4007b23ffa00 size:512 thread:1
allocated block device:0x4007b23ffc00 size:1024 thread:1
allocated block device:0x4007b2400000 size:1821184 thread:1
allocated block device:0x4007b25bca00 size:180224 thread:1
allocated block device:0x4007b25e8a00 size:3072 thread:1
allocated block device:0x4007b25e9600 size:5120 thread:1
allocated block device:0x4007b25eaa00 size:1536 thread:1
allocated block device:0x4007b25eb000 size:2560 thread:1
allocated block device:0x4007b25eba00 size:1536 thread:1
allocated block device:0x4007b25ec000 size:2048 thread:1
allocated block device:0x4007b25ec800 size:7680 thread:1
allocated block device:0x4007b25ee600 size:7680 thread:1
allocated block device:0x4007b25f0400 size:3072 thread:1
allocated block device:0x4007b25f1000 size:3072 thread:1
allocated block device:0x4007b25f1c00 size:5120 thread:1
allocated block device:0x4007b25f3000 size:5120 thread:1
allocated block device:0x4007b25f4400 size:1024 thread:1
allocated block device:0x4007b25f4800 size:1024 thread:1
allocated block device:0x4007b25f4c00 size:1024 thread:1
allocated block device:0x4007b25f5000 size:1024 thread:1
allocated block device:0x4007b25f5400 size:1024 thread:1
allocated block device:0x4007b25f5800 size:1024 thread:1
allocated block device:0x4007b25f5c00 size:1024 thread:1
allocated block device:0x4007b25f6000 size:5120 thread:1
allocated block device:0x4007b25f7400 size:1536 thread:1
allocated block device:0x4007b25f7a00 size:1024 thread:1
allocated block device:0x4007b25f7e00 size:1024 thread:1
allocated block device:0x4007b25f8200 size:1536 thread:1
allocated block device:0x4007b25f8800 size:1024 thread:1
allocated block device:0x4007b25f8c00 size:1024 thread:1
allocated block device:0x4007b25f9000 size:1024 thread:1
allocated block device:0x4007b25f9400 size:3072 thread:1
allocated block device:0x4007b25fa000 size:3072 thread:1
allocated block device:0x4007b25fac00 size:1536 thread:1
allocated block device:0x4007b25fb200 size:1536 thread:1
allocated block device:0x4007b25fb800 size:1024 thread:1
allocated block device:0x4007b25fbc00 size:1024 thread:1
allocated block device:0x4007b25fc000 size:1024 thread:1
allocated block device:0x4007b25fc400 size:1024 thread:1
allocated block device:0x4007b25fc800 size:1024 thread:1
allocated block device:0x4007b25fcc00 size:1024 thread:1
allocated block device:0x4007b25fd000 size:1024 thread:1
allocated block device:0x4007b25fd400 size:1024 thread:1
allocated block device:0x4007b25fd800 size:1536 thread:1
allocated block device:0x4007b25fde00 size:1024 thread:1
allocated block device:0x4007b25fe200 size:512 thread:1
allocated block device:0x4007b25fe400 size:2560 thread:1
allocated block device:0x4007b25fee00 size:3072 thread:1
allocated block device:0x4007b2600000 size:1821184 thread:1
allocated block device:0x4007b27bca00 size:180224 thread:1
allocated block device:0x4007b27e8a00 size:28672 thread:1
allocated block device:0x4007b27efa00 size:40448 thread:1
allocated block device:0x4007b27f9c00 size:2560 thread:1
allocated block device:0x4007b27fa600 size:3072 thread:1
allocated block device:0x4007b27fb200 size:3072 thread:1
allocated block device:0x4007b2800000 size:1821184 thread:1
allocated block device:0x4007b29bca00 size:180224 thread:1
allocated block device:0x4007b29e8a00 size:40448 thread:1
allocated block device:0x4007b29fcc00 size:2048 thread:1
allocated block device:0x4007b2a00000 size:7284736 thread:1
allocated block device:0x4007b3200000 size:7284736 thread:1
allocated block device:0x4007b3a00000 size:45593600 thread:1
allocated block device:0x4007c0000000 size:807412224 thread:1
allocated block device:0x4007f0400000 size:230400000 thread:1
allocated block device:0x400820000000 size:230400000 thread:1
allocated block device:0x40082dc00000 size:230400000 thread:1
allocated block device:0x400860000000 size:230400000 thread:1
allocated block device:0x400874c00000 size:391680 thread:1
allocated block device:0x400874c5fa00 size:921600 thread:1
allocated block device:0x400874d40a00 size:393216 thread:1
allocated block device:0x400874e00000 size:2799616 thread:1
allocated block device:0x400875200000 size:4030464 thread:1
allocated block device:0x400875600000 size:7284736 thread:1
allocated block device:0x400c20000000 size:298674176 thread:1
allocated block device:0x400c438c0000 size:393216 thread:1
allocated block device:0x400c4fa00000 size:7284736 thread:1
allocated block device:0x400c52000000 size:1807360 thread:1
allocated block device:0x400c521b9400 size:272384 thread:1
allocated block device:0x400c521fbc00 size:8192 thread:1
allocated block device:0x400c521fdc00 size:8192 thread:1
allocated block device:0x400c521ffc00 size:512 thread:1
allocated block device:0x400c52200000 size:1807360 thread:1
allocated block device:0x400c523b9400 size:272384 thread:1
allocated block device:0x400c523fbc00 size:8192 thread:1
allocated block device:0x400c52400000 size:1807360 thread:1
allocated block device:0x400c525b9400 size:98304 thread:1
allocated block device:0x400c525d1400 size:98304 thread:1
allocated block device:0x400c52600000 size:2799616 thread:1
allocated block device:0x400c52a00000 size:14458880 thread:1
allocated block device:0x400ca0000000 size:298674176 thread:1
allocated block device:0x400cb1e00000 size:7284736 thread:1
allocated block device:0x400d71e00000 size:230400000 thread:1
allocated block device:0x400d91e00000 size:230400000 thread:1
allocated block device:0x400db1e00000 size:230400000 thread:1
allocated block device:0x400dd1e00000 size:29138944 thread:1
allocated block device:0x400dd3a00000 size:29138944 thread:1
allocated block device:0x400dd5600000 size:3145728 thread:1
allocated block device:0x400dd5a00000 size:7284736 thread:1
allocated block device:0x400dd6200000 size:7284736 thread:1
allocated block device:0x400dd6a00000 size:14569472 thread:1
allocated block device:0x400e20000000 size:921600000 thread:1
Accelerator Fatal Error: call to cuMemAlloc returned error 2 (CUDA_ERROR_OUT_OF_MEMORY): Out of memory
 File: /lus/lfs1aip2/projects/u6cb/software/VASP/vasp.6.5.1/build/gam/fft_base.f90
 Function: restride_r2q_cmplx:945
 Line: 964

Out of memory allocating 921600000 bytes of device memory
Failing in Thread:1
Out of memory allocating 921600000 bytes of device memory
Failing in Thread:1
total/free CUDA memory: 102005473280/315621376
Present table dump for device[1]: NVIDIA Tesla GPU 0, compute capability 9.0, threadid=1
Hint: specify 0x800 bit in NV_ACC_DEBUG for verbose info.
host:0x2557280 device:0x40059e3fd800 size:32 presentcount:0+3 line:643 name:var%comm
host:0x25572a0 device:0x40059e3ef600 size:32 presentcount:0+4 line:652 name:var%comm_kinter
host:0x25572c0 device:0x40059e3ef800 size:32 presentcount:0+6 line:655 name:var%comm_kin
host:0x25572e0 device:0x40077c3ffa00 size:32 presentcount:0+3 line:646 name:var%comm_inter
host:0x2557300 device:0x40077c3ffc00 size:32 presentcount:0+7 line:649 name:var%comm_inb
host:0x256be80 device:0x40059a0ecd00 size:8 presentcount:0+1 line:-1 name:_setexm_struct_def_21
host:0x2576f40 device:0x40059a0ece00 size:28 presentcount:0+1 line:-1 name:_ml_ff_constant_21
host:0x2577c80 device:0x40059a0ecf00 size:30437 presentcount:0+1 line:-1 name:_ml_ff_taglist_21
host:0x25afc80 device:0x40059a0f4600 size:8 presentcount:0+1 line:-1 name:_mopenacc_tutor_21
host:0x25c2740 device:0x40059a0f4a00 size:32 presentcount:0+1 line:-1 name:_mbj_21
host:0x25cd640 device:0x40059a0f4d00 size:8 presentcount:0+1 line:-1 name:_sym_prec_21
host:0x26030c0 device:0x40059a0f4e00 size:344 presentcount:0+1 line:-1 name:_tet_21
host:0x261c840 device:0x40059a0f5000 size:392 presentcount:0+1 line:-1 name:_mymath_21
host:0x2817368 device:0x40059e3f0400 size:4800 presentcount:0+2 line:614 name:var
host:0x2818628 device:0x40059e3fbc00 size:1984 presentcount:0+2 line:403 name:var
host:0x281a910 device:0x40075c1ffa00 size:864 presentcount:0+4 line:2639 name:hamiltonian
host:0x286ac80 device:0x40059e3fec00 size:2712 presentcount:0+2 line:428 name:var
host:0x286b718 device:0x40077c3fc600 size:2248 presentcount:0+1 line:742 name:var
host:0x286eb50 device:0x400c921ffc00 size:288 presentcount:0+1 line:195 name:latt_cur
host:0x2871658 device:0x40079c1fe400 size:5088 presentcount:0+28 line:517 name:var
host:0x2872a38 device:0x4007f25f6000 size:5088 presentcount:0+6 line:517 name:var
host:0x2873e18 device:0x4007f25e9600 size:5088 presentcount:0+7 line:517 name:var
host:0x287a2a8 device:0x40077c3ff800 size:304 presentcount:0+1 line:567 name:var
host:0x287a3d8 device:0x4007f25fe200 size:304 presentcount:0+1 line:567 name:var
host:0x2e48ec0 device:0x40059a002600 size:960024 presentcount:0+1 line:-1 name:_setexm_struct_def_16
host:0x2f8f080 device:0x40059a0f4700 size:580 presentcount:0+1 line:-1 name:_wpbe_16
host:0x2f8f900 device:0x40059a0f4b00 size:288 presentcount:0+1 line:-1 name:_mbj_16
host:0x9f446c0 device:0x40059a0f5200 size:624 presentcount:0+1 line:-1 name:_mlr_optic_16
host:0xcd3f690 device:0x40059e3ffe00 size:24 presentcount:0+3 line:616 name:var%vkpt(:,:)
host:0xcd3f6d0 device:0x40059e3ffa00 size:8 presentcount:0+3 line:616 name:var%nityp(:)
host:0xcd3f890 device:0x40059e3f0200 size:16 presentcount:0+2 line:430 name:var%psrmax(:)
host:0xcd3f8d0 device:0x40059e3ff800 size:8 presentcount:0+3 line:616 name:var%lmmax(:)
host:0xcd3f900 device:0x40059e3ffc00 size:8 presentcount:0+3 line:616 name:var%nt_global(:)
host:0xcd3f930 device:0x4007f23f8800 size:4 presentcount:0+2 line:616 name:var%nplwkp(:)
host:0xcd3f960 device:0x4007f23f8a00 size:4 presentcount:0+2 line:616 name:var%nplwkp_tot(:)
host:0xcd3f990 device:0x4007f23fea00 size:4 presentcount:0+2 line:616 name:var%ngvector_pos(:)
host:0xcd3f9c0 device:0x4007f23f2800 size:4 presentcount:0+2 line:616 name:var%ngvector(:)
host:0xcd3f9f0 device:0x40059e3fc400 size:8 presentcount:0+2 line:616 name:var%nb_totk(:,:)
host:0xcd3fa20 device:0x4007f23fec00 size:4 presentcount:0+2 line:616 name:var%luseinv(:)
host:0xcd3fa50 device:0x40059e3efe00 size:4 presentcount:0+2 line:616 name:var%at_gamma(:)
host:0xcd3fa80 device:0x4007f23ffa00 size:8 presentcount:0+2 line:405 name:var%lmmax(:)
host:0xcd3fab0 device:0x40059e3efa00 size:8 presentcount:0+2 line:430 name:var%lmax(:)
host:0xcd3fae0 device:0x40059e3efc00 size:8 presentcount:0+2 line:430 name:var%lmmax(:)
host:0xcd3fb10 device:0x40059e3f0000 size:8 presentcount:0+2 line:430 name:var%channels(:)
host:0xcd3fb40 device:0x40079c1ff800 size:16 presentcount:0+2 line:430 name:var%rsmooth(:)
host:0xd479920 device:0x4007f25f9000 size:528 presentcount:0+1 line:480 name:var
host:0x11538180 device:0x40079c1ffa00 size:400 presentcount:0+2 line:464 name:var
host:0x11538310 device:0x40079c1ffe00 size:400 presentcount:0+2 line:464 name:var
host:0x15bcfde0 device:0x40077c3ffe00 size:8 presentcount:0+4 line:405 name:var%nityp(:)
host:0x160ce5f0 device:0x40059e3f2200 size:1000 presentcount:0+4 line:519 name:var%lpctz(:)
host:0x165517f0 device:0x4007f27e8a00 size:28464 presentcount:0+1 line:853 name:var(:)
host:0x16563f50 device:0x4007f29e8a00 size:40000 presentcount:0+1 line:857 name:var%psp(:,:)
host:0x1656dbc0 device:0x400c923fbc00 size:8000 presentcount:0+1 line:857 name:var%psprho(:)
host:0x16570e50 device:0x4007f23f8c00 size:24000 presentcount:0+2 line:466 name:var%psprnl(:,:,:)
host:0x165a0830 device:0x4007f23f0400 size:4320 presentcount:0+4 line:405 name:var%ityp(:)
host:0x165a1940 device:0x4007f23e8a00 size:25920 presentcount:0+4 line:405 name:var%posion(:,:)
host:0x165e4b10 device:0x400c921fbc00 size:8000 presentcount:0+1 line:857 name:var%pspcor(:)
host:0x165e6a80 device:0x400c921fdc00 size:8000 presentcount:0+1 line:857 name:var%psprho(:)
host:0x165ea5f0 device:0x4007f27efa00 size:40000 presentcount:0+1 line:857 name:var%psp(:,:)
host:0x165f4260 device:0x4007f23f2a00 size:24000 presentcount:0+2 line:466 name:var%psprnl(:,:,:)
host:0x16607260 device:0x4007f23ef000 size:8 presentcount:0+2 line:616 name:var%wtkpt(:)
host:0x16634310 device:0x40079c1ffc00 size:24 presentcount:0+3 line:466 name:var%lps(:)
host:0x166343c0 device:0x40077c3fd000 size:24 presentcount:0+3 line:466 name:var%lps(:)
host:0x166b2940 device:0x4007f23ef200 size:4320 presentcount:0+3 line:616 name:var%ityp(:)
host:0x166b3a50 device:0x40059e3fda00 size:4320 presentcount:0+3 line:616 name:var%npro_pos(:)
host:0x166b4b60 device:0x40059e3fc600 size:4324 presentcount:0+3 line:616 name:var%lmbase(:)
host:0x166b5c70 device:0x40059e3f1800 size:1280 presentcount:0+4 line:519 name:var%lpctx(:)
host:0x166b61a0 device:0x40059e3f1e00 size:720 presentcount:0+4 line:519 name:var%lpcty(:)
host:0x166b64a0 device:0x40059e3f2600 size:1280 presentcount:0+4 line:519 name:var%lpctx_(:)
host:0x166b69d0 device:0x40059e3f2c00 size:720 presentcount:0+4 line:519 name:var%lpcty_(:)
host:0x166b6cd0 device:0x40059e3f3000 size:1000 presentcount:0+4 line:519 name:var%lpctz_(:)
host:0x166b70e0 device:0x4007f25f7400 size:1280 presentcount:0+1 line:519 name:var%lpctx(:)
host:0x166b7610 device:0x4007f25f7a00 size:720 presentcount:0+1 line:519 name:var%lpcty(:)
host:0x166b7910 device:0x4007f25f7e00 size:1000 presentcount:0+1 line:519 name:var%lpctz(:)
host:0x166b7d20 device:0x4007f25f8200 size:1280 presentcount:0+1 line:519 name:var%lpctx_(:)
host:0x166b8250 device:0x4007f25f8800 size:720 presentcount:0+1 line:519 name:var%lpcty_(:)
host:0x166b8550 device:0x4007f25f8c00 size:1000 presentcount:0+1 line:519 name:var%lpctz_(:)
host:0x166b8960 device:0x4007f23fee00 size:2560 presentcount:0+1 line:519 name:var%lpctx(:)
host:0x166b9390 device:0x4007f25eaa00 size:1440 presentcount:0+1 line:519 name:var%lpcty(:)
host:0x166b9960 device:0x4007f25e8a00 size:2000 presentcount:0+1 line:519 name:var%lpctz(:)
host:0x166ba160 device:0x4007f25eb000 size:2560 presentcount:0+1 line:519 name:var%lpctx_(:)
host:0x166bab90 device:0x4007f25eba00 size:1440 presentcount:0+1 line:519 name:var%lpcty_(:)
host:0x166bb160 device:0x4007f25ec000 size:2000 presentcount:0+1 line:519 name:var%lpctz_(:)
host:0x167a7240 device:0x4007f25f0400 size:2824 presentcount:0+1 line:482 name:var%i2(:)
host:0x167a7d70 device:0x4007f25f1000 size:2824 presentcount:0+1 line:482 name:var%i3(:)
host:0x167a88a0 device:0x4007f25f1c00 size:5020 presentcount:0+1 line:482 name:var%i2(:)
host:0x167a9c70 device:0x4007f25f3000 size:5020 presentcount:0+1 line:482 name:var%i3(:)
host:0x167ab040 device:0x4007f25ec800 size:7200 presentcount:0+2 line:482 name:var%i2(:)
host:0x167acc90 device:0x4007f25ee600 size:7200 presentcount:0+2 line:482 name:var%i3(:)
host:0x167aed00 device:0x4008b4c5fa00 size:921600 presentcount:0+2 line:482 name:var%index(:,:)
host:0x1688fd30 device:0x4007f25fe400 size:2560 presentcount:0+1 line:569 name:var%ind1(:)
host:0x16890760 device:0x4007f25fee00 size:2824 presentcount:0+1 line:569 name:var%indcol(:)
host:0x16891290 device:0x4007f25f9400 size:2824 presentcount:0+1 line:482 name:var%i2(:)
host:0x16891dc0 device:0x4007f25fa000 size:2824 presentcount:0+1 line:482 name:var%i3(:)
host:0x168928f0 device:0x4007f25fac00 size:1512 presentcount:0+1 line:482 name:var%i2(:)
host:0x16892f00 device:0x4007f25fb200 size:1512 presentcount:0+1 line:482 name:var%i3(:)
host:0x16893510 device:0x40077c3fd200 size:4320 presentcount:0+2 line:430 name:var%nlimax(:)
host:0x16894620 device:0x40077c3fe600 size:4324 presentcount:0+2 line:430 name:var%lmbase(:)
host:0x16895730 device:0x40059e3ee400 size:4324 presentcount:0+2 line:430 name:var%nlibase(:)
host:0x16896840 device:0x40059e3f3400 size:17132 presentcount:0+4 line:519 name:var%nindpwconjg(:)
host:0x1689ab60 device:0x40059e3f7800 size:17132 presentcount:0+4 line:519 name:var%ind_in_sphere(:)
host:0x1689faa0 device:0x4007f25fbc00 size:516 presentcount:0+1 line:499 name:var%ptr(:)
host:0x1689fcd0 device:0x4007f25fb800 size:516 presentcount:0+1 line:499 name:var%n(:)
host:0x168cca80 device:0x4007f25fd800 size:1280 presentcount:0+1 line:569 name:var%ind1(:)
host:0x168ccfb0 device:0x4007f25fde00 size:700 presentcount:0+1 line:569 name:var%indcol(:)
host:0x168cd2a0 device:0x4006cc32e800 size:180000 presentcount:0+4 line:482 name:var%i2(:)
host:0x168f91f0 device:0x4006cc35a800 size:180000 presentcount:0+4 line:482 name:var%i3(:)
host:0x16925140 device:0x4007f23bca00 size:180000 presentcount:0+8 line:482 name:var%index(:,:)
host:0x16951090 device:0x4007f29bca00 size:180000 presentcount:0+8 line:482 name:var%i2(:)
host:0x1697cfe0 device:0x4006cc386800 size:180000 presentcount:0+8 line:482 name:var%i3(:)
host:0x169a9560 device:0x4007f2400000 size:1821184 presentcount:0+3 line:616 name:var%nindpw(:,:)
host:0x16b65f90 device:0x4007f25bca00 size:180000 presentcount:0+3 line:616 name:var%pl_index(:,:)
host:0x16b91ee0 device:0x4007f27bca00 size:180000 presentcount:0+3 line:616 name:var%pl_col(:,:)
host:0x16bbde30 device:0x4007f23f1600 size:4324 presentcount:0+2 line:405 name:var%lmbase(:)
host:0x16c2f7a0 device:0x4008b4c00000 size:224000 presentcount:0+1 line:499 name:var%tbl(:)
host:0x16c9ce00 device:0x400c921b9400 size:272160 presentcount:0+1 line:499 name:var%tbli(:)
host:0x16cdf550 device:0x4007f25fc400 size:516 presentcount:0+1 line:499 name:var%ptri(:)
host:0x16cdf780 device:0x4007f25fc000 size:516 presentcount:0+1 line:499 name:var%ni(:)
host:0x16cdf9b0 device:0x4007f25fcc00 size:516 presentcount:0+1 line:499 name:var%ptr(:)
host:0x16cdfbe0 device:0x4007f25fc800 size:516 presentcount:0+1 line:499 name:var%n(:)
host:0x16cdfe10 device:0x40077c3fe400 size:4 presentcount:0+1 line:499 name:var%tbli(:)
host:0x16cdfe40 device:0x4007f25fd400 size:516 presentcount:0+1 line:499 name:var%ptri(:)
host:0x16ce0070 device:0x4007f25fd000 size:516 presentcount:0+1 line:499 name:var%ni(:)
host:0x16cf4da0 device:0x4007f25f4400 size:516 presentcount:0+1 line:499 name:var%ptr(:)
host:0x16cf4fd0 device:0x4007f23ffc00 size:516 presentcount:0+1 line:499 name:var%n(:)
host:0x16cf5200 device:0x4007f25f4c00 size:516 presentcount:0+1 line:499 name:var%ptri(:)
host:0x16cf5430 device:0x4007f25f4800 size:516 presentcount:0+1 line:499 name:var%ni(:)
host:0x16cf5660 device:0x4007f25f5400 size:516 presentcount:0+1 line:499 name:var%ptr(:)
host:0x16cf5890 device:0x4007f25f5000 size:516 presentcount:0+1 line:499 name:var%n(:)
host:0x16cf5ac0 device:0x4007f25f5c00 size:516 presentcount:0+1 line:499 name:var%ptri(:)
host:0x16cf5cf0 device:0x4007f25f5800 size:516 presentcount:0+1 line:499 name:var%ni(:)
host:0x16e3c190 device:0x4008b5600000 size:7284736 presentcount:0+3 line:616 name:var%datake(:,:,:)
host:0x1752f410 device:0x4007f2600000 size:1821184 presentcount:0+3 line:616 name:var%igx(:,:)
host:0x176ecaa0 device:0x4007f2200000 size:1821184 presentcount:0+3 line:616 name:var%igy(:,:)
host:0x178aa340 device:0x4007f2800000 size:1821184 presentcount:0+3 line:616 name:var%igz(:,:)
host:0x17a68210 device:0x4007f3200000 size:7284272 presentcount:0+4 line:519 name:var%fftsca(:,:)
host:0x1815a870 device:0x400c923b9400 size:272160 presentcount:0+1 line:499 name:var%tbl(:)
host:0x18272dd0 device:0x4008b4e00000 size:1807360 presentcount:0+1 line:499 name:var%tbl(:)
host:0x185e89c0 device:0x400c92000000 size:1807200 presentcount:0+1 line:499 name:var%tbli(:)
host:0x187a3a30 device:0x400c92200000 size:1807200 presentcount:0+1 line:499 name:var%tbl(:)
host:0x18b1a140 device:0x400c92400000 size:1807200 presentcount:0+1 line:499 name:var%tbli(:)
host:0x193d2420 device:0x40059e3e4000 size:41984 presentcount:0+2 line:746 name:var%fertot(:,:,:)
host:0x193e0030 device:0x4006cc31a000 size:83968 presentcount:0+2 line:746 name:var%celtot(:,:,:)
host:0x19932420 device:0x40079c1f4000 size:41984 presentcount:0+1 line:746 name:var%auxtot(:,:,:)
host:0x1ab0f580 device:0x4007f2a00000 size:7200000 presentcount:0+1 line:195 name:dencor(:)
host:0x1b8d9870 device:0x4007f1e00000 size:2799360 presentcount:0+2 line:194 name:cdij(:,:,:,:)
host:0x1bb88f90 device:0x400c92600000 size:2799360 presentcount:0+2 line:194 name:cqij(:,:,:,:)
host:0x1c0e8c40 device:0x4008b5200000 size:4030464 presentcount:0+5 line:746 name:var%gproj(:,:,:,:)
host:0x1c777ed0 device:0x4006cc3ca800 size:98304 presentcount:0+1 line:1101 name:w1%gproj(:)
host:0x234b1500 device:0x4008b4d40a00 size:393216 presentcount:0+2 line:1226 name:wa%gproj(:,:)
host:0x23511530 device:0x400c830c0000 size:393216 presentcount:0+2 line:1226 name:wa%gproj(:,:)
host:0x235788e0 device:0x400e55600000 size:3145728 presentcount:0+2 line:1226 name:wa%gproj(:,:)
host:0x27790760 device:0x4007f29fcc00 size:2048 presentcount:0+1 line:179 name:w1(:)
host:0x27790f80 device:0x4007f27fa600 size:2048 presentcount:0+1 line:179 name:wtmp(:)
host:0x277c6dc0 device:0x400d11e00000 size:7284736 presentcount:0+1 line:1101 name:w1%cptwfp(:)
host:0x27eb95f0 device:0x4006cc3b2800 size:98304 presentcount:0+1 line:1101 name:w1%gproj(:)
host:0x27ed1620 device:0x400c925b9400 size:98304 presentcount:0+1 line:1101 name:w1%gproj(:)
host:0x27ee9650 device:0x400c925d1400 size:98304 presentcount:0+1 line:1101 name:w1%gproj(:)
host:0x2810e130 device:0x400e56a00000 size:14569472 presentcount:0+1 line:202 name:precon(:,:)
host:0x28efad20 device:0x400c8fa00000 size:7284736 presentcount:0+1 line:1101 name:w1%cptwfp(:)
host:0x295f5740 device:0x400e55a00000 size:7284736 presentcount:0+1 line:1101 name:w1%cptwfp(:)
host:0x29ce8180 device:0x400e56200000 size:7284736 presentcount:0+1 line:1101 name:w1%cptwfp(:)
host:0x40063c0010a0 device:0x4007f3a00000 size:45593280 presentcount:0+2 line:430 name:var%nli(:,:)
host:0x40063eb839e0 device:0x400c92a00000 size:14458880 presentcount:0+1 line:195 name:cstrf(:,:)
host:0x4006e00012b0 device:0x400800000000 size:807411968 presentcount:0+2 line:430 name:var%rproj(:)
host:0x4007140e6d70 device:0x400e51e00000 size:29138944 presentcount:0+2 line:1226 name:wa%cptwfp(:,:)
host:0x4007c00031a0 device:0x40086dc00000 size:230400000 presentcount:0+2 line:194 name:sv(:,:)
host:0x4007cdbc4a60 device:0x4007e0000000 size:298674176 presentcount:0+5 line:746 name:var%cptwfp(:,:,:,:)
host:0x400852906f80 device:0x400e53a00000 size:29138944 presentcount:0+2 line:1226 name:wa%cptwfp(:,:)
host:0x400880007190 device:0x400d00000000 size:233111552 presentcount:0+2 line:1226 name:wa%cptwfp(:,:)
host:0x40088de677c0 device:0x400c60000000 size:230400000 presentcount:0+1 line:1101 name:w1%cr(:)
host:0x4009400079d0 device:0x400830400000 size:230400000 presentcount:0+1 line:1236 name:w1%cr(:)
host:0x40094dbd7df0 device:0x4008a0000000 size:230400000 presentcount:0+1 line:1101 name:w1%cr(:)
host:0x400a60008000 device:0x400860000000 size:230400000 presentcount:0+1 line:1236 name:w1%cr(:)
host:0x400a6dbd8420 device:0x4005e0000000 size:230400000 presentcount:0+1 line:1101 name:w1%cr(:)
host:0x400bc0000020 device:0x400e31e00000 size:230400000 presentcount:0+1 line:1236 name:w1%cr(:)
host:0x400bcdbc0440 device:0x400e11e00000 size:230400000 presentcount:0+1 line:1101 name:w1%cr(:)
host:0x400c40000650 device:0x400df1e00000 size:230400000 presentcount:0+1 line:1236 name:w1%cr(:)
host:0xffffd6077410 device:0x4007f27fb200 size:3024 presentcount:0+12 line:682 name:var
host:0xffffd6077fe0 device:0x40073c5ff800 size:1480 presentcount:0+1 line:174 name:w_ini
host:0xffffd60785b0 device:0x4007f27f9c00 size:1480 presentcount:0+1 line:174 name:wopt
host:0xffffd6078b80 device:0x40077c3fbc00 size:1480 presentcount:0+1 line:174 name:wtmpa
allocated block device:0x40059e3e4000 size:41984 thread:1
allocated block device:0x40059e3ee400 size:4608 thread:1
allocated block device:0x40059e3ef600 size:512 thread:1
allocated block device:0x40059e3ef800 size:512 thread:1
allocated block device:0x40059e3efa00 size:512 thread:1
allocated block device:0x40059e3efc00 size:512 thread:1
allocated block device:0x40059e3efe00 size:512 thread:1
allocated block device:0x40059e3f0000 size:512 thread:1
allocated block device:0x40059e3f0200 size:512 thread:1
allocated block device:0x40059e3f0400 size:5120 thread:1
allocated block device:0x40059e3f1800 size:1536 thread:1
allocated block device:0x40059e3f1e00 size:1024 thread:1
allocated block device:0x40059e3f2200 size:1024 thread:1
allocated block device:0x40059e3f2600 size:1536 thread:1
allocated block device:0x40059e3f2c00 size:1024 thread:1
allocated block device:0x40059e3f3000 size:1024 thread:1
allocated block device:0x40059e3f3400 size:17408 thread:1
allocated block device:0x40059e3f7800 size:17408 thread:1
allocated block device:0x40059e3fbc00 size:2048 thread:1
allocated block device:0x40059e3fc400 size:512 thread:1
allocated block device:0x40059e3fc600 size:4608 thread:1
allocated block device:0x40059e3fd800 size:512 thread:1
allocated block device:0x40059e3fda00 size:4608 thread:1
allocated block device:0x40059e3fec00 size:3072 thread:1
allocated block device:0x40059e3ff800 size:512 thread:1
allocated block device:0x40059e3ffa00 size:512 thread:1
allocated block device:0x40059e3ffc00 size:512 thread:1
allocated block device:0x40059e3ffe00 size:512 thread:1
allocated block device:0x4005e0000000 size:298674176 thread:1
allocated block device:0x4006cc31a000 size:83968 thread:1
allocated block device:0x4006cc32e800 size:180224 thread:1
allocated block device:0x4006cc35a800 size:180224 thread:1
allocated block device:0x4006cc386800 size:180224 thread:1
allocated block device:0x4006cc3b2800 size:98304 thread:1
allocated block device:0x4006cc3ca800 size:98304 thread:1
allocated block device:0x40073c5ff800 size:1536 thread:1
allocated block device:0x40075c1ffa00 size:1024 thread:1
allocated block device:0x40077c3fbc00 size:2048 thread:1
allocated block device:0x40077c3fc600 size:2560 thread:1
allocated block device:0x40077c3fd000 size:512 thread:1
allocated block device:0x40077c3fd200 size:4608 thread:1
allocated block device:0x40077c3fe400 size:512 thread:1
allocated block device:0x40077c3fe600 size:4608 thread:1
allocated block device:0x40077c3ff800 size:512 thread:1
allocated block device:0x40077c3ffa00 size:512 thread:1
allocated block device:0x40077c3ffc00 size:512 thread:1
allocated block device:0x40077c3ffe00 size:512 thread:1
allocated block device:0x40079c1f4000 size:41984 thread:1
allocated block device:0x40079c1fe400 size:5120 thread:1
allocated block device:0x40079c1ff800 size:512 thread:1
allocated block device:0x40079c1ffa00 size:512 thread:1
allocated block device:0x40079c1ffc00 size:512 thread:1
allocated block device:0x40079c1ffe00 size:512 thread:1
allocated block device:0x4007e0000000 size:298674176 thread:1
allocated block device:0x4007f1e00000 size:4030464 thread:1
allocated block device:0x4007f2200000 size:1821184 thread:1
allocated block device:0x4007f23bca00 size:180224 thread:1
allocated block device:0x4007f23e8a00 size:26112 thread:1
allocated block device:0x4007f23ef000 size:512 thread:1
allocated block device:0x4007f23ef200 size:4608 thread:1
allocated block device:0x4007f23f0400 size:4608 thread:1
allocated block device:0x4007f23f1600 size:4608 thread:1
allocated block device:0x4007f23f2800 size:512 thread:1
allocated block device:0x4007f23f2a00 size:24064 thread:1
allocated block device:0x4007f23f8800 size:512 thread:1
allocated block device:0x4007f23f8a00 size:512 thread:1
allocated block device:0x4007f23f8c00 size:24064 thread:1
allocated block device:0x4007f23fea00 size:512 thread:1
allocated block device:0x4007f23fec00 size:512 thread:1
allocated block device:0x4007f23fee00 size:3072 thread:1
allocated block device:0x4007f23ffa00 size:512 thread:1
allocated block device:0x4007f23ffc00 size:1024 thread:1
allocated block device:0x4007f2400000 size:1821184 thread:1
allocated block device:0x4007f25bca00 size:180224 thread:1
allocated block device:0x4007f25e8a00 size:3072 thread:1
allocated block device:0x4007f25e9600 size:5120 thread:1
allocated block device:0x4007f25eaa00 size:1536 thread:1
allocated block device:0x4007f25eb000 size:2560 thread:1
allocated block device:0x4007f25eba00 size:1536 thread:1
allocated block device:0x4007f25ec000 size:2048 thread:1
allocated block device:0x4007f25ec800 size:7680 thread:1
allocated block device:0x4007f25ee600 size:7680 thread:1
allocated block device:0x4007f25f0400 size:3072 thread:1
allocated block device:0x4007f25f1000 size:3072 thread:1
allocated block device:0x4007f25f1c00 size:5120 thread:1
allocated block device:0x4007f25f3000 size:5120 thread:1
allocated block device:0x4007f25f4400 size:1024 thread:1
allocated block device:0x4007f25f4800 size:1024 thread:1
allocated block device:0x4007f25f4c00 size:1024 thread:1
allocated block device:0x4007f25f5000 size:1024 thread:1
allocated block device:0x4007f25f5400 size:1024 thread:1
allocated block device:0x4007f25f5800 size:1024 thread:1
allocated block device:0x4007f25f5c00 size:1024 thread:1
allocated block device:0x4007f25f6000 size:5120 thread:1
allocated block device:0x4007f25f7400 size:1536 thread:1
allocated block device:0x4007f25f7a00 size:1024 thread:1
allocated block device:0x4007f25f7e00 size:1024 thread:1
allocated block device:0x4007f25f8200 size:1536 thread:1
allocated block device:0x4007f25f8800 size:1024 thread:1
allocated block device:0x4007f25f8c00 size:1024 thread:1
allocated block device:0x4007f25f9000 size:1024 thread:1
allocated block device:0x4007f25f9400 size:3072 thread:1
allocated block device:0x4007f25fa000 size:3072 thread:1
allocated block device:0x4007f25fac00 size:1536 thread:1
allocated block device:0x4007f25fb200 size:1536 thread:1
allocated block device:0x4007f25fb800 size:1024 thread:1
allocated block device:0x4007f25fbc00 size:1024 thread:1
allocated block device:0x4007f25fc000 size:1024 thread:1
allocated block device:0x4007f25fc400 size:1024 thread:1
allocated block device:0x4007f25fc800 size:1024 thread:1
allocated block device:0x4007f25fcc00 size:1024 thread:1
allocated block device:0x4007f25fd000 size:1024 thread:1
allocated block device:0x4007f25fd400 size:1024 thread:1
allocated block device:0x4007f25fd800 size:1536 thread:1
allocated block device:0x4007f25fde00 size:1024 thread:1
allocated block device:0x4007f25fe200 size:512 thread:1
allocated block device:0x4007f25fe400 size:2560 thread:1
allocated block device:0x4007f25fee00 size:3072 thread:1
allocated block device:0x4007f2600000 size:1821184 thread:1
allocated block device:0x4007f27bca00 size:180224 thread:1
allocated block device:0x4007f27e8a00 size:28672 thread:1
allocated block device:0x4007f27efa00 size:40448 thread:1
allocated block device:0x4007f27f9c00 size:2560 thread:1
allocated block device:0x4007f27fa600 size:3072 thread:1
allocated block device:0x4007f27fb200 size:3072 thread:1
allocated block device:0x4007f2800000 size:1821184 thread:1
allocated block device:0x4007f29bca00 size:180224 thread:1
allocated block device:0x4007f29e8a00 size:40448 thread:1
allocated block device:0x4007f29fcc00 size:2048 thread:1
allocated block device:0x4007f2a00000 size:7284736 thread:1
allocated block device:0x4007f3200000 size:7284736 thread:1
allocated block device:0x4007f3a00000 size:45593600 thread:1
allocated block device:0x400800000000 size:807412224 thread:1
allocated block device:0x400830400000 size:230400000 thread:1
allocated block device:0x400860000000 size:230400000 thread:1
allocated block device:0x40086dc00000 size:230400000 thread:1
allocated block device:0x4008a0000000 size:230400000 thread:1
allocated block device:0x4008b4c00000 size:391680 thread:1
allocated block device:0x4008b4c5fa00 size:921600 thread:1
allocated block device:0x4008b4d40a00 size:393216 thread:1
allocated block device:0x4008b4e00000 size:2799616 thread:1
allocated block device:0x4008b5200000 size:4030464 thread:1
allocated block device:0x4008b5600000 size:7284736 thread:1
allocated block device:0x400c60000000 size:230400000 thread:1
allocated block device:0x400c830c0000 size:393216 thread:1
allocated block device:0x400c8fa00000 size:7284736 thread:1
allocated block device:0x400c92000000 size:1807360 thread:1
allocated block device:0x400c921b9400 size:272384 thread:1
allocated block device:0x400c921fbc00 size:8192 thread:1
allocated block device:0x400c921fdc00 size:8192 thread:1
allocated block device:0x400c921ffc00 size:512 thread:1
allocated block device:0x400c92200000 size:1807360 thread:1
allocated block device:0x400c923b9400 size:272384 thread:1
allocated block device:0x400c923fbc00 size:8192 thread:1
allocated block device:0x400c92400000 size:1807360 thread:1
allocated block device:0x400c925b9400 size:98304 thread:1
allocated block device:0x400c925d1400 size:98304 thread:1
allocated block device:0x400c92600000 size:2799616 thread:1
allocated block device:0x400c92a00000 size:14458880 thread:1
allocated block device:0x400d00000000 size:298674176 thread:1
allocated block device:0x400d11e00000 size:7284736 thread:1
allocated block device:0x400df1e00000 size:230400000 thread:1
allocated block device:0x400e11e00000 size:230400000 thread:1
allocated block device:0x400e31e00000 size:230400000 thread:1
allocated block device:0x400e51e00000 size:29138944 thread:1
allocated block device:0x400e53a00000 size:29138944 thread:1
allocated block device:0x400e55600000 size:3145728 thread:1
allocated block device:0x400e55a00000 size:7284736 thread:1
allocated block device:0x400e56200000 size:7284736 thread:1
allocated block device:0x400e56a00000 size:14569472 thread:1
Accelerator Fatal Error: call to cuMemAlloc returned error 2 (CUDA_ERROR_OUT_OF_MEMORY): Out of memory
 File: /lus/lfs1aip2/projects/u6cb/software/VASP/vasp.6.5.1/build/gam/hamil.f90
 Function: hamiltmu:978
 Line: 1005

total/free CUDA memory: 102005473280/315490304
Present table dump for device[1]: NVIDIA Tesla GPU 0, compute capability 9.0, threadid=1
Hint: specify 0x800 bit in NV_ACC_DEBUG for verbose info.
host:0x2557280 device:0x40057e3fd800 size:32 presentcount:0+3 line:643 name:var%comm
host:0x25572a0 device:0x40057e3ef600 size:32 presentcount:0+4 line:652 name:var%comm_kinter
host:0x25572c0 device:0x40057e3ef800 size:32 presentcount:0+6 line:655 name:var%comm_kin
host:0x25572e0 device:0x4007671ffa00 size:32 presentcount:0+3 line:646 name:var%comm_inter
host:0x2557300 device:0x4007671ffc00 size:32 presentcount:0+7 line:649 name:var%comm_inb
host:0x256be80 device:0x40057a0ecd00 size:8 presentcount:0+1 line:-1 name:_setexm_struct_def_21
host:0x2576f40 device:0x40057a0ece00 size:28 presentcount:0+1 line:-1 name:_ml_ff_constant_21
host:0x2577c80 device:0x40057a0ecf00 size:30437 presentcount:0+1 line:-1 name:_ml_ff_taglist_21
host:0x25afc80 device:0x40057a0f4600 size:8 presentcount:0+1 line:-1 name:_mopenacc_tutor_21
host:0x25c2740 device:0x40057a0f4a00 size:32 presentcount:0+1 line:-1 name:_mbj_21
host:0x25cd640 device:0x40057a0f4d00 size:8 presentcount:0+1 line:-1 name:_sym_prec_21
host:0x26030c0 device:0x40057a0f4e00 size:344 presentcount:0+1 line:-1 name:_tet_21
host:0x261c840 device:0x40057a0f5000 size:392 presentcount:0+1 line:-1 name:_mymath_21
host:0x2817368 device:0x40057e3f0400 size:4800 presentcount:0+2 line:614 name:var
host:0x2818628 device:0x40057e3fbc00 size:1984 presentcount:0+2 line:403 name:var
host:0x281a910 device:0x4007471ffa00 size:864 presentcount:0+4 line:2639 name:hamiltonian
host:0x286ac80 device:0x40057e3fec00 size:2712 presentcount:0+2 line:428 name:var
host:0x286b718 device:0x4007671fc600 size:2248 presentcount:0+1 line:742 name:var
host:0x286eb50 device:0x400c721ffc00 size:288 presentcount:0+1 line:195 name:latt_cur
host:0x2871658 device:0x4007871fe400 size:5088 presentcount:0+28 line:517 name:var
host:0x2872a38 device:0x4007d25f6000 size:5088 presentcount:0+6 line:517 name:var
host:0x2873e18 device:0x4007d25e9600 size:5088 presentcount:0+7 line:517 name:var
host:0x287a2a8 device:0x4007671ff800 size:304 presentcount:0+1 line:567 name:var
host:0x287a3d8 device:0x4007d25fe200 size:304 presentcount:0+1 line:567 name:var
host:0x2e48ec0 device:0x40057a002600 size:960024 presentcount:0+1 line:-1 name:_setexm_struct_def_16
host:0x2f8f080 device:0x40057a0f4700 size:580 presentcount:0+1 line:-1 name:_wpbe_16
host:0x2f8f900 device:0x40057a0f4b00 size:288 presentcount:0+1 line:-1 name:_mbj_16
host:0x9f446c0 device:0x40057a0f5200 size:624 presentcount:0+1 line:-1 name:_mlr_optic_16
host:0x42859470 device:0x4007d25f9000 size:528 presentcount:0+1 line:480 name:var
host:0x469184c0 device:0x4007871ffa00 size:400 presentcount:0+2 line:464 name:var
host:0x46918650 device:0x4007871ffe00 size:400 presentcount:0+2 line:464 name:var
host:0x4afb0130 device:0x4007671ffe00 size:8 presentcount:0+4 line:405 name:var%nityp(:)
host:0x4b4ae940 device:0x40057e3f2200 size:1000 presentcount:0+4 line:519 name:var%lpctz(:)
host:0x4b931b40 device:0x4007d27e8a00 size:28464 presentcount:0+1 line:853 name:var(:)
host:0x4b9442a0 device:0x4007d29e8a00 size:40000 presentcount:0+1 line:857 name:var%psp(:,:)
host:0x4b94df10 device:0x400c723fbc00 size:8000 presentcount:0+1 line:857 name:var%psprho(:)
host:0x4b9511a0 device:0x4007d23f8c00 size:24000 presentcount:0+2 line:466 name:var%psprnl(:,:,:)
host:0x4b980b80 device:0x4007d23f0400 size:4320 presentcount:0+4 line:405 name:var%ityp(:)
host:0x4b981c90 device:0x4007d23e8a00 size:25920 presentcount:0+4 line:405 name:var%posion(:,:)
host:0x4b9c4e60 device:0x400c721fbc00 size:8000 presentcount:0+1 line:857 name:var%pspcor(:)
host:0x4b9c6dd0 device:0x400c721fdc00 size:8000 presentcount:0+1 line:857 name:var%psprho(:)
host:0x4b9ca940 device:0x4007d27efa00 size:40000 presentcount:0+1 line:857 name:var%psp(:,:)
host:0x4b9d45b0 device:0x4007d23f2a00 size:24000 presentcount:0+2 line:466 name:var%psprnl(:,:,:)
host:0x4b9e77e0 device:0x4007d25fbc00 size:516 presentcount:0+1 line:499 name:var%ptr(:)
host:0x4ba14660 device:0x4007871ffc00 size:24 presentcount:0+3 line:466 name:var%lps(:)
host:0x4ba14710 device:0x4007671fd000 size:24 presentcount:0+3 line:466 name:var%lps(:)
host:0x4bb706e0 device:0x40057e3ffe00 size:24 presentcount:0+3 line:616 name:var%vkpt(:,:)
host:0x4bb95860 device:0x4007d23ef000 size:8 presentcount:0+2 line:616 name:var%wtkpt(:)
host:0x4bb95890 device:0x40057e3ffa00 size:8 presentcount:0+3 line:616 name:var%nityp(:)
host:0x4bb95ac0 device:0x40057e3f0200 size:16 presentcount:0+2 line:430 name:var%psrmax(:)
host:0x4bb96080 device:0x4007d23ef200 size:4320 presentcount:0+3 line:616 name:var%ityp(:)
host:0x4bb97190 device:0x40057e3ff800 size:8 presentcount:0+3 line:616 name:var%lmmax(:)
host:0x4bb971c0 device:0x40057e3ffc00 size:8 presentcount:0+3 line:616 name:var%nt_global(:)
host:0x4bb971f0 device:0x40057e3fda00 size:4320 presentcount:0+3 line:616 name:var%npro_pos(:)
host:0x4bb98300 device:0x40057e3fc600 size:4324 presentcount:0+3 line:616 name:var%lmbase(:)
host:0x4bb99410 device:0x4007d23f8800 size:4 presentcount:0+2 line:616 name:var%nplwkp(:)
host:0x4bb99440 device:0x4007d23f8a00 size:4 presentcount:0+2 line:616 name:var%nplwkp_tot(:)
host:0x4bb99470 device:0x4007d23fea00 size:4 presentcount:0+2 line:616 name:var%ngvector_pos(:)
host:0x4bb994a0 device:0x4007d23f2800 size:4 presentcount:0+2 line:616 name:var%ngvector(:)
host:0x4bb994d0 device:0x40057e3f1800 size:1280 presentcount:0+4 line:519 name:var%lpctx(:)
host:0x4bb99a00 device:0x40057e3f1e00 size:720 presentcount:0+4 line:519 name:var%lpcty(:)
host:0x4bb99d00 device:0x40057e3f2600 size:1280 presentcount:0+4 line:519 name:var%lpctx_(:)
host:0x4bb9a230 device:0x40057e3f2c00 size:720 presentcount:0+4 line:519 name:var%lpcty_(:)
host:0x4bb9a530 device:0x40057e3f3000 size:1000 presentcount:0+4 line:519 name:var%lpctz_(:)
host:0x4bb9a940 device:0x4007d25f7400 size:1280 presentcount:0+1 line:519 name:var%lpctx(:)
host:0x4bb9ae70 device:0x4007d25f7a00 size:720 presentcount:0+1 line:519 name:var%lpcty(:)
host:0x4bb9b170 device:0x4007d25f7e00 size:1000 presentcount:0+1 line:519 name:var%lpctz(:)
host:0x4bb9b580 device:0x4007d25f8200 size:1280 presentcount:0+1 line:519 name:var%lpctx_(:)
host:0x4bb9bab0 device:0x4007d25f8800 size:720 presentcount:0+1 line:519 name:var%lpcty_(:)
host:0x4bb9bdb0 device:0x4007d25f8c00 size:1000 presentcount:0+1 line:519 name:var%lpctz_(:)
host:0x4bb9c1c0 device:0x4007d23fee00 size:2560 presentcount:0+1 line:519 name:var%lpctx(:)
host:0x4bb9cbf0 device:0x4007d25eaa00 size:1440 presentcount:0+1 line:519 name:var%lpcty(:)
host:0x4bb9d1c0 device:0x4007d25e8a00 size:2000 presentcount:0+1 line:519 name:var%lpctz(:)
host:0x4bb9d9c0 device:0x4007d25eb000 size:2560 presentcount:0+1 line:519 name:var%lpctx_(:)
host:0x4bb9e3f0 device:0x4007d25eba00 size:1440 presentcount:0+1 line:519 name:var%lpcty_(:)
host:0x4bb9e9c0 device:0x4007d25ec000 size:2000 presentcount:0+1 line:519 name:var%lpctz_(:)
host:0x4bc8aaa0 device:0x4007d25f0400 size:2824 presentcount:0+1 line:482 name:var%i2(:)
host:0x4bc8b5d0 device:0x4007d25f1000 size:2824 presentcount:0+1 line:482 name:var%i3(:)
host:0x4bc8c100 device:0x4007d25f1c00 size:5020 presentcount:0+1 line:482 name:var%i2(:)
host:0x4bc8d4d0 device:0x4007d25f3000 size:5020 presentcount:0+1 line:482 name:var%i3(:)
host:0x4bc8e8a0 device:0x4007d25ec800 size:7200 presentcount:0+2 line:482 name:var%i2(:)
host:0x4bc904f0 device:0x4007d25ee600 size:7200 presentcount:0+2 line:482 name:var%i3(:)
host:0x4bc92140 device:0x4007d25fe400 size:2560 presentcount:0+1 line:569 name:var%ind1(:)
host:0x4bc92b70 device:0x4007d25fee00 size:2824 presentcount:0+1 line:569 name:var%indcol(:)
host:0x4bc936a0 device:0x4007d25f9400 size:2824 presentcount:0+1 line:482 name:var%i2(:)
host:0x4bc941d0 device:0x4007d25fa000 size:2824 presentcount:0+1 line:482 name:var%i3(:)
host:0x4bc94d00 device:0x4007d25fac00 size:1512 presentcount:0+1 line:482 name:var%i2(:)
host:0x4bc95310 device:0x4007d25fb200 size:1512 presentcount:0+1 line:482 name:var%i3(:)
host:0x4bc95920 device:0x4007671fd200 size:4320 presentcount:0+2 line:430 name:var%nlimax(:)
host:0x4bc96a30 device:0x4007671fe400 size:4 presentcount:0+1 line:499 name:var%tbli(:)
host:0x4bc96a60 device:0x4007d25fd800 size:1280 presentcount:0+1 line:569 name:var%ind1(:)
host:0x4bc96f90 device:0x4007d25fde00 size:696 presentcount:0+1 line:569 name:var%indcol(:)
host:0x4bc97270 device:0x40057e3fc400 size:8 presentcount:0+2 line:616 name:var%nb_totk(:,:)
host:0x4bc972a0 device:0x4007d23fec00 size:4 presentcount:0+2 line:616 name:var%luseinv(:)
host:0x4bc972d0 device:0x40057e3efe00 size:4 presentcount:0+2 line:616 name:var%at_gamma(:)
host:0x4bc97300 device:0x4007d23ffa00 size:8 presentcount:0+2 line:405 name:var%lmmax(:)
host:0x4bc97330 device:0x40057e3efa00 size:8 presentcount:0+2 line:430 name:var%lmax(:)
host:0x4bc97360 device:0x4007d23f1600 size:4324 presentcount:0+2 line:405 name:var%lmbase(:)
host:0x4bc98470 device:0x40057e3efc00 size:8 presentcount:0+2 line:430 name:var%lmmax(:)
host:0x4bc984a0 device:0x40057e3f0000 size:8 presentcount:0+2 line:430 name:var%channels(:)
host:0x4bc984d0 device:0x4007871ff800 size:16 presentcount:0+2 line:430 name:var%rsmooth(:)
host:0x4bc98510 device:0x4007671fe600 size:4324 presentcount:0+2 line:430 name:var%lmbase(:)
host:0x4bc99620 device:0x40057e3ee400 size:4324 presentcount:0+2 line:430 name:var%nlibase(:)
host:0x4bc9a730 device:0x40057e3f3400 size:17132 presentcount:0+4 line:519 name:var%nindpwconjg(:)
host:0x4bc9ea50 device:0x40057e3f7800 size:17132 presentcount:0+4 line:519 name:var%ind_in_sphere(:)
host:0x4bca3990 device:0x4007d25fb800 size:516 presentcount:0+1 line:499 name:var%n(:)
host:0x4bca3bc0 device:0x4007d25fc400 size:516 presentcount:0+1 line:499 name:var%ptri(:)
host:0x4bca3df0 device:0x4007d25fc000 size:516 presentcount:0+1 line:499 name:var%ni(:)
host:0x4bca4020 device:0x4007d25fcc00 size:516 presentcount:0+1 line:499 name:var%ptr(:)
host:0x4bca4250 device:0x4007d25fc800 size:516 presentcount:0+1 line:499 name:var%n(:)
host:0x4bca4480 device:0x4007d25fd400 size:516 presentcount:0+1 line:499 name:var%ptri(:)
host:0x4bca46b0 device:0x4007d25fd000 size:516 presentcount:0+1 line:499 name:var%ni(:)
host:0x4bcad6d0 device:0x4007d25f4400 size:516 presentcount:0+1 line:499 name:var%ptr(:)
host:0x4bcad900 device:0x4007d23ffc00 size:516 presentcount:0+1 line:499 name:var%n(:)
host:0x4bcadb30 device:0x4007d25f4c00 size:516 presentcount:0+1 line:499 name:var%ptri(:)
host:0x4bcae330 device:0x400894c5fa00 size:921600 presentcount:0+2 line:482 name:var%index(:,:)
host:0x4bdc7790 device:0x4006b232e800 size:180000 presentcount:0+4 line:482 name:var%i2(:)
host:0x4bdf36e0 device:0x4006b235a800 size:180000 presentcount:0+4 line:482 name:var%i3(:)
host:0x4be1f630 device:0x4007d23bca00 size:180000 presentcount:0+8 line:482 name:var%index(:,:)
host:0x4be4b580 device:0x4007d29bca00 size:180000 presentcount:0+8 line:482 name:var%i2(:)
host:0x4be774d0 device:0x4006b2386800 size:180000 presentcount:0+8 line:482 name:var%i3(:)
host:0x4bea3a50 device:0x4007d2400000 size:1821184 presentcount:0+3 line:616 name:var%nindpw(:,:)
host:0x4c060480 device:0x4007d25bca00 size:180000 presentcount:0+3 line:616 name:var%pl_index(:,:)
host:0x4c08c3d0 device:0x4007d27bca00 size:180000 presentcount:0+3 line:616 name:var%pl_col(:,:)
host:0x4c0cbbd0 device:0x4007d25f4800 size:516 presentcount:0+1 line:499 name:var%ni(:)
host:0x4c0cbe00 device:0x4007d25f5400 size:516 presentcount:0+1 line:499 name:var%ptr(:)
host:0x4c0cc030 device:0x4007d25f5000 size:516 presentcount:0+1 line:499 name:var%n(:)
host:0x4c0cc260 device:0x4007d25f5c00 size:516 presentcount:0+1 line:499 name:var%ptri(:)
host:0x4c0cc490 device:0x4007d25f5800 size:516 presentcount:0+1 line:499 name:var%ni(:)
host:0x4c21c4e0 device:0x400895600000 size:7284736 presentcount:0+3 line:616 name:var%datake(:,:,:)
host:0x4c90f760 device:0x4007d2600000 size:1821184 presentcount:0+3 line:616 name:var%igx(:,:)
host:0x4caccdf0 device:0x4007d2200000 size:1821184 presentcount:0+3 line:616 name:var%igy(:,:)
host:0x4cc8a690 device:0x4007d2800000 size:1821184 presentcount:0+3 line:616 name:var%igz(:,:)
host:0x4ce48560 device:0x4007d3200000 size:7284272 presentcount:0+4 line:519 name:var%fftsca(:,:)
host:0x4d572ff0 device:0x400894c00000 size:222720 presentcount:0+1 line:499 name:var%tbl(:)
host:0x4d5dfc50 device:0x400c721b9400 size:272160 presentcount:0+1 line:499 name:var%tbli(:)
host:0x4d6223a0 device:0x400c723b9400 size:272160 presentcount:0+1 line:499 name:var%tbl(:)
host:0x4d73a900 device:0x400894e00000 size:1807360 presentcount:0+1 line:499 name:var%tbl(:)
host:0x4dab04f0 device:0x400c72000000 size:1807200 presentcount:0+1 line:499 name:var%tbli(:)
host:0x4dc6b560 device:0x400c72200000 size:1807200 presentcount:0+1 line:499 name:var%tbl(:)
host:0x4de50030 device:0x4006b231a000 size:83968 presentcount:0+2 line:746 name:var%celtot(:,:,:)
host:0x4dfe1c70 device:0x400c72400000 size:1807200 presentcount:0+1 line:499 name:var%tbli(:)
host:0x4e4532d0 device:0x40057e3e4000 size:41984 presentcount:0+2 line:746 name:var%fertot(:,:,:)
host:0x4f272420 device:0x4007871f4000 size:41984 presentcount:0+1 line:746 name:var%auxtot(:,:,:)
host:0x5029a210 device:0x4007d2a00000 size:7200000 presentcount:0+1 line:195 name:dencor(:)
host:0x51064500 device:0x4007d1e00000 size:2799360 presentcount:0+2 line:194 name:cdij(:,:,:,:)
host:0x51313c20 device:0x400c72600000 size:2799360 presentcount:0+2 line:194 name:cqij(:,:,:,:)
host:0x518738d0 device:0x400895200000 size:4030464 presentcount:0+5 line:746 name:var%gproj(:,:,:,:)
host:0x51f022c0 device:0x4006b23ca800 size:98304 presentcount:0+1 line:1101 name:w1%gproj(:)
host:0x587e0750 device:0x400894d40a00 size:393216 presentcount:0+2 line:1226 name:wa%gproj(:,:)
host:0x58840780 device:0x400c638c0000 size:393216 presentcount:0+2 line:1226 name:wa%gproj(:,:)
host:0x588a70e0 device:0x400df5600000 size:3145728 presentcount:0+2 line:1226 name:wa%gproj(:,:)
host:0x5cae6ce0 device:0x4007d29fcc00 size:2048 presentcount:0+1 line:179 name:w1(:)
host:0x5cae7500 device:0x4007d27fa600 size:2048 presentcount:0+1 line:179 name:wtmp(:)
host:0x5caf2850 device:0x400cd1e00000 size:7284736 presentcount:0+1 line:1101 name:w1%cptwfp(:)
host:0x5d1e5080 device:0x4006b23b2800 size:98304 presentcount:0+1 line:1101 name:w1%gproj(:)
host:0x5d1fd0b0 device:0x400c725b9400 size:98304 presentcount:0+1 line:1101 name:w1%gproj(:)
host:0x5d2150e0 device:0x400c725d1400 size:98304 presentcount:0+1 line:1101 name:w1%gproj(:)
host:0x5d439bd0 device:0x400df6a00000 size:14569472 presentcount:0+1 line:202 name:precon(:,:)
host:0x5e225d70 device:0x400c6fa00000 size:7284736 presentcount:0+1 line:1101 name:w1%cptwfp(:)
host:0x5e91fd40 device:0x400df5a00000 size:7284736 presentcount:0+1 line:1101 name:w1%cptwfp(:)
host:0x5f01a340 device:0x400df6200000 size:7284736 presentcount:0+1 line:1101 name:w1%cptwfp(:)
host:0x40061c0010a0 device:0x4007d3a00000 size:45593280 presentcount:0+2 line:430 name:var%nli(:,:)
host:0x40061eb839e0 device:0x400c72a00000 size:14458880 presentcount:0+1 line:195 name:cstrf(:,:)
host:0x4006c00012b0 device:0x4007e0000000 size:807411968 presentcount:0+2 line:430 name:var%rproj(:)
host:0x4006f40e6320 device:0x400df1e00000 size:29138944 presentcount:0+2 line:1226 name:wa%cptwfp(:,:)
host:0x4007a00031a0 device:0x40084dc00000 size:230400000 presentcount:0+2 line:194 name:sv(:,:)
host:0x4007adbc4a60 device:0x4007c0000000 size:298674176 presentcount:0+5 line:746 name:var%cptwfp(:,:,:,:)
host:0x400832906530 device:0x400df3a00000 size:29138944 presentcount:0+2 line:1226 name:wa%cptwfp(:,:)
host:0x400860006740 device:0x400cc0000000 size:233111552 presentcount:0+2 line:1226 name:wa%cptwfp(:,:)
host:0x40086de66d70 device:0x4005c0000000 size:230400000 presentcount:0+1 line:1101 name:w1%cr(:)
host:0x400900006f80 device:0x400810400000 size:230400000 presentcount:0+1 line:1236 name:w1%cr(:)
host:0x40090dbd73a0 device:0x400880000000 size:230400000 presentcount:0+1 line:1101 name:w1%cr(:)
host:0x400b200075b0 device:0x400840000000 size:230400000 presentcount:0+1 line:1236 name:w1%cr(:)
host:0x400b2dbd79d0 device:0x400c40000000 size:230400000 presentcount:0+1 line:1101 name:w1%cr(:)
host:0x400c20007be0 device:0x400dd1e00000 size:230400000 presentcount:0+1 line:1236 name:w1%cr(:)
host:0x400c2dbd8000 device:0x400db1e00000 size:230400000 presentcount:0+1 line:1101 name:w1%cr(:)
host:0x400ca0008210 device:0x400d91e00000 size:230400000 presentcount:0+1 line:1236 name:w1%cr(:)
host:0xffffd9b5ed50 device:0x4007d27fb200 size:3024 presentcount:0+12 line:682 name:var
host:0xffffd9b5f920 device:0x4007271ff800 size:1480 presentcount:0+1 line:174 name:w_ini
host:0xffffd9b5fef0 device:0x4007d27f9c00 size:1480 presentcount:0+1 line:174 name:wopt
host:0xffffd9b604c0 device:0x4007671fbc00 size:1480 presentcount:0+1 line:174 name:wtmpa
allocated block device:0x40057e3e4000 size:41984 thread:1
allocated block device:0x40057e3ee400 size:4608 thread:1
allocated block device:0x40057e3ef600 size:512 thread:1
allocated block device:0x40057e3ef800 size:512 thread:1
allocated block device:0x40057e3efa00 size:512 thread:1
allocated block device:0x40057e3efc00 size:512 thread:1
allocated block device:0x40057e3efe00 size:512 thread:1
allocated block device:0x40057e3f0000 size:512 thread:1
allocated block device:0x40057e3f0200 size:512 thread:1
allocated block device:0x40057e3f0400 size:5120 thread:1
allocated block device:0x40057e3f1800 size:1536 thread:1
allocated block device:0x40057e3f1e00 size:1024 thread:1
allocated block device:0x40057e3f2200 size:1024 thread:1
allocated block device:0x40057e3f2600 size:1536 thread:1
allocated block device:0x40057e3f2c00 size:1024 thread:1
allocated block device:0x40057e3f3000 size:1024 thread:1
allocated block device:0x40057e3f3400 size:17408 thread:1
allocated block device:0x40057e3f7800 size:17408 thread:1
allocated block device:0x40057e3fbc00 size:2048 thread:1
allocated block device:0x40057e3fc400 size:512 thread:1
allocated block device:0x40057e3fc600 size:4608 thread:1
allocated block device:0x40057e3fd800 size:512 thread:1
allocated block device:0x40057e3fda00 size:4608 thread:1
allocated block device:0x40057e3fec00 size:3072 thread:1
allocated block device:0x40057e3ff800 size:512 thread:1
allocated block device:0x40057e3ffa00 size:512 thread:1
allocated block device:0x40057e3ffc00 size:512 thread:1
allocated block device:0x40057e3ffe00 size:512 thread:1
allocated block device:0x4005c0000000 size:230400000 thread:1
allocated block device:0x4006b231a000 size:83968 thread:1
allocated block device:0x4006b232e800 size:180224 thread:1
allocated block device:0x4006b235a800 size:180224 thread:1
allocated block device:0x4006b2386800 size:180224 thread:1
allocated block device:0x4006b23b2800 size:98304 thread:1
allocated block device:0x4006b23ca800 size:98304 thread:1
allocated block device:0x4007271ff800 size:1536 thread:1
allocated block device:0x4007471ffa00 size:1024 thread:1
allocated block device:0x4007671fbc00 size:2048 thread:1
allocated block device:0x4007671fc600 size:2560 thread:1
allocated block device:0x4007671fd000 size:512 thread:1
allocated block device:0x4007671fd200 size:4608 thread:1
allocated block device:0x4007671fe400 size:512 thread:1
allocated block device:0x4007671fe600 size:4608 thread:1
allocated block device:0x4007671ff800 size:512 thread:1
allocated block device:0x4007671ffa00 size:512 thread:1
allocated block device:0x4007671ffc00 size:512 thread:1
allocated block device:0x4007671ffe00 size:512 thread:1
allocated block device:0x4007871f4000 size:41984 thread:1
allocated block device:0x4007871fe400 size:5120 thread:1
allocated block device:0x4007871ff800 size:512 thread:1
allocated block device:0x4007871ffa00 size:512 thread:1
allocated block device:0x4007871ffc00 size:512 thread:1
allocated block device:0x4007871ffe00 size:512 thread:1
allocated block device:0x4007c0000000 size:298674176 thread:1
allocated block device:0x4007d1e00000 size:4030464 thread:1
allocated block device:0x4007d2200000 size:1821184 thread:1
allocated block device:0x4007d23bca00 size:180224 thread:1
allocated block device:0x4007d23e8a00 size:26112 thread:1
allocated block device:0x4007d23ef000 size:512 thread:1
allocated block device:0x4007d23ef200 size:4608 thread:1
allocated block device:0x4007d23f0400 size:4608 thread:1
allocated block device:0x4007d23f1600 size:4608 thread:1
allocated block device:0x4007d23f2800 size:512 thread:1
allocated block device:0x4007d23f2a00 size:24064 thread:1
allocated block device:0x4007d23f8800 size:512 thread:1
allocated block device:0x4007d23f8a00 size:512 thread:1
allocated block device:0x4007d23f8c00 size:24064 thread:1
allocated block device:0x4007d23fea00 size:512 thread:1
allocated block device:0x4007d23fec00 size:512 thread:1
allocated block device:0x4007d23fee00 size:3072 thread:1
allocated block device:0x4007d23ffa00 size:512 thread:1
allocated block device:0x4007d23ffc00 size:1024 thread:1
allocated block device:0x4007d2400000 size:1821184 thread:1
allocated block device:0x4007d25bca00 size:180224 thread:1
allocated block device:0x4007d25e8a00 size:3072 thread:1
allocated block device:0x4007d25e9600 size:5120 thread:1
allocated block device:0x4007d25eaa00 size:1536 thread:1
allocated block device:0x4007d25eb000 size:2560 thread:1
allocated block device:0x4007d25eba00 size:1536 thread:1
allocated block device:0x4007d25ec000 size:2048 thread:1
allocated block device:0x4007d25ec800 size:7680 thread:1
allocated block device:0x4007d25ee600 size:7680 thread:1
allocated block device:0x4007d25f0400 size:3072 thread:1
allocated block device:0x4007d25f1000 size:3072 thread:1
allocated block device:0x4007d25f1c00 size:5120 thread:1
allocated block device:0x4007d25f3000 size:5120 thread:1
allocated block device:0x4007d25f4400 size:1024 thread:1
allocated block device:0x4007d25f4800 size:1024 thread:1
allocated block device:0x4007d25f4c00 size:1024 thread:1
allocated block device:0x4007d25f5000 size:1024 thread:1
allocated block device:0x4007d25f5400 size:1024 thread:1
allocated block device:0x4007d25f5800 size:1024 thread:1
allocated block device:0x4007d25f5c00 size:1024 thread:1
allocated block device:0x4007d25f6000 size:5120 thread:1
allocated block device:0x4007d25f7400 size:1536 thread:1
allocated block device:0x4007d25f7a00 size:1024 thread:1
allocated block device:0x4007d25f7e00 size:1024 thread:1
allocated block device:0x4007d25f8200 size:1536 thread:1
allocated block device:0x4007d25f8800 size:1024 thread:1
allocated block device:0x4007d25f8c00 size:1024 thread:1
allocated block device:0x4007d25f9000 size:1024 thread:1
allocated block device:0x4007d25f9400 size:3072 thread:1
allocated block device:0x4007d25fa000 size:3072 thread:1
allocated block device:0x4007d25fac00 size:1536 thread:1
allocated block device:0x4007d25fb200 size:1536 thread:1
allocated block device:0x4007d25fb800 size:1024 thread:1
allocated block device:0x4007d25fbc00 size:1024 thread:1
allocated block device:0x4007d25fc000 size:1024 thread:1
allocated block device:0x4007d25fc400 size:1024 thread:1
allocated block device:0x4007d25fc800 size:1024 thread:1
allocated block device:0x4007d25fcc00 size:1024 thread:1
allocated block device:0x4007d25fd000 size:1024 thread:1
allocated block device:0x4007d25fd400 size:1024 thread:1
allocated block device:0x4007d25fd800 size:1536 thread:1
allocated block device:0x4007d25fde00 size:1024 thread:1
allocated block device:0x4007d25fe200 size:512 thread:1
allocated block device:0x4007d25fe400 size:2560 thread:1
allocated block device:0x4007d25fee00 size:3072 thread:1
allocated block device:0x4007d2600000 size:1821184 thread:1
allocated block device:0x4007d27bca00 size:180224 thread:1
allocated block device:0x4007d27e8a00 size:28672 thread:1
allocated block device:0x4007d27efa00 size:40448 thread:1
allocated block device:0x4007d27f9c00 size:2560 thread:1
allocated block device:0x4007d27fa600 size:3072 thread:1
allocated block device:0x4007d27fb200 size:3072 thread:1
allocated block device:0x4007d2800000 size:1821184 thread:1
allocated block device:0x4007d29bca00 size:180224 thread:1
allocated block device:0x4007d29e8a00 size:40448 thread:1
allocated block device:0x4007d29fcc00 size:2048 thread:1
allocated block device:0x4007d2a00000 size:7284736 thread:1
allocated block device:0x4007d3200000 size:7284736 thread:1
allocated block device:0x4007d3a00000 size:45593600 thread:1
allocated block device:0x4007e0000000 size:807412224 thread:1
allocated block device:0x400810400000 size:230400000 thread:1
allocated block device:0x400840000000 size:230400000 thread:1
allocated block device:0x40084dc00000 size:230400000 thread:1
allocated block device:0x400880000000 size:230400000 thread:1
allocated block device:0x400894c00000 size:391680 thread:1
allocated block device:0x400894c5fa00 size:921600 thread:1
allocated block device:0x400894d40a00 size:393216 thread:1
allocated block device:0x400894e00000 size:2799616 thread:1
allocated block device:0x400895200000 size:4030464 thread:1
allocated block device:0x400895600000 size:7284736 thread:1
allocated block device:0x400c40000000 size:298674176 thread:1
allocated block device:0x400c638c0000 size:393216 thread:1
allocated block device:0x400c6fa00000 size:7284736 thread:1
allocated block device:0x400c72000000 size:1807360 thread:1
allocated block device:0x400c721b9400 size:272384 thread:1
allocated block device:0x400c721fbc00 size:8192 thread:1
allocated block device:0x400c721fdc00 size:8192 thread:1
allocated block device:0x400c721ffc00 size:512 thread:1
allocated block device:0x400c72200000 size:1807360 thread:1
allocated block device:0x400c723b9400 size:272384 thread:1
allocated block device:0x400c723fbc00 size:8192 thread:1
allocated block device:0x400c72400000 size:1807360 thread:1
allocated block device:0x400c725b9400 size:98304 thread:1
allocated block device:0x400c725d1400 size:98304 thread:1
allocated block device:0x400c72600000 size:2799616 thread:1
allocated block device:0x400c72a00000 size:14458880 thread:1
allocated block device:0x400cc0000000 size:298674176 thread:1
allocated block device:0x400cd1e00000 size:7284736 thread:1
allocated block device:0x400d91e00000 size:230400000 thread:1
allocated block device:0x400db1e00000 size:230400000 thread:1
allocated block device:0x400dd1e00000 size:230400000 thread:1
allocated block device:0x400df1e00000 size:29138944 thread:1
allocated block device:0x400df3a00000 size:29138944 thread:1
allocated block device:0x400df5600000 size:3145728 thread:1
allocated block device:0x400df5a00000 size:7284736 thread:1
allocated block device:0x400df6200000 size:7284736 thread:1
allocated block device:0x400df6a00000 size:14569472 thread:1
Accelerator Fatal Error: call to cuMemAlloc returned error 2 (CUDA_ERROR_OUT_OF_MEMORY): Out of memory
 File: /lus/lfs1aip2/projects/u6cb/software/VASP/vasp.6.5.1/build/gam/hamil.f90
 Function: hamiltmu:978
 Line: 1005

Out of memory allocating 921600000 bytes of device memory
Failing in Thread:1
total/free CUDA memory: 102005473280/314769408
Present table dump for device[1]: NVIDIA Tesla GPU 0, compute capability 9.0, threadid=1
Hint: specify 0x800 bit in NV_ACC_DEBUG for verbose info.
host:0x2557280 device:0x40057e5fd800 size:32 presentcount:0+3 line:643 name:var%comm
host:0x25572a0 device:0x40057e5ef600 size:32 presentcount:0+4 line:652 name:var%comm_kinter
host:0x25572c0 device:0x40057e5ef800 size:32 presentcount:0+6 line:655 name:var%comm_kin
host:0x25572e0 device:0x40075c1ffa00 size:32 presentcount:0+3 line:646 name:var%comm_inter
host:0x2557300 device:0x40075c1ffc00 size:32 presentcount:0+7 line:649 name:var%comm_inb
host:0x256be80 device:0x40057a0ecd00 size:8 presentcount:0+1 line:-1 name:_setexm_struct_def_21
host:0x2576f40 device:0x40057a0ece00 size:28 presentcount:0+1 line:-1 name:_ml_ff_constant_21
host:0x2577c80 device:0x40057a0ecf00 size:30437 presentcount:0+1 line:-1 name:_ml_ff_taglist_21
host:0x25afc80 device:0x40057a0f4600 size:8 presentcount:0+1 line:-1 name:_mopenacc_tutor_21
host:0x25c2740 device:0x40057a0f4a00 size:32 presentcount:0+1 line:-1 name:_mbj_21
host:0x25cd640 device:0x40057a0f4d00 size:8 presentcount:0+1 line:-1 name:_sym_prec_21
host:0x26030c0 device:0x40057a0f4e00 size:344 presentcount:0+1 line:-1 name:_tet_21
host:0x261c840 device:0x40057a0f5000 size:392 presentcount:0+1 line:-1 name:_mymath_21
host:0x2817368 device:0x40057e5f0400 size:4800 presentcount:0+2 line:614 name:var
host:0x2818628 device:0x40057e5fbc00 size:1984 presentcount:0+2 line:403 name:var
host:0x281a910 device:0x40073c3ffa00 size:864 presentcount:0+4 line:2639 name:hamiltonian
host:0x286ac80 device:0x40057e5fec00 size:2712 presentcount:0+2 line:428 name:var
host:0x286b718 device:0x40075c1fc600 size:2248 presentcount:0+1 line:742 name:var
host:0x286eb50 device:0x400c521ffc00 size:288 presentcount:0+1 line:195 name:latt_cur
host:0x2871658 device:0x40077c3fe400 size:5088 presentcount:0+28 line:517 name:var
host:0x2872a38 device:0x4007d25f6000 size:5088 presentcount:0+6 line:517 name:var
host:0x2873e18 device:0x4007d25e9600 size:5088 presentcount:0+7 line:517 name:var
host:0x287a2a8 device:0x40075c1ff800 size:304 presentcount:0+1 line:567 name:var
host:0x287a3d8 device:0x4007d25fe200 size:304 presentcount:0+1 line:567 name:var
host:0x2e48ec0 device:0x40057a002600 size:960024 presentcount:0+1 line:-1 name:_setexm_struct_def_16
host:0x2f8f080 device:0x40057a0f4700 size:580 presentcount:0+1 line:-1 name:_wpbe_16
host:0x2f8f900 device:0x40057a0f4b00 size:288 presentcount:0+1 line:-1 name:_mbj_16
host:0x9f446c0 device:0x40057a0f5200 size:624 presentcount:0+1 line:-1 name:_mlr_optic_16
host:0x2463caa0 device:0x4007d25f9000 size:528 presentcount:0+1 line:480 name:var
host:0x2888d630 device:0x40075c1ffe00 size:8 presentcount:0+4 line:405 name:var%nityp(:)
host:0x28d8be40 device:0x40057e5f2200 size:1000 presentcount:0+4 line:519 name:var%lpctz(:)
host:0x2920ef40 device:0x4007d27e8a00 size:28464 presentcount:0+1 line:853 name:var(:)
host:0x292216c0 device:0x4007d29e8a00 size:40000 presentcount:0+1 line:857 name:var%psp(:,:)
host:0x2922b330 device:0x400c523fbc00 size:8000 presentcount:0+1 line:857 name:var%psprho(:)
host:0x2922e5c0 device:0x4007d23f8c00 size:24000 presentcount:0+2 line:466 name:var%psprnl(:,:,:)
host:0x2925dfa0 device:0x4007d23f0400 size:4320 presentcount:0+4 line:405 name:var%ityp(:)
host:0x2925f0b0 device:0x4007d23e8a00 size:25920 presentcount:0+4 line:405 name:var%posion(:,:)
host:0x292a2410 device:0x4007d27efa00 size:40000 presentcount:0+1 line:857 name:var%psp(:,:)
host:0x292ac080 device:0x400c521fbc00 size:8000 presentcount:0+1 line:857 name:var%pspcor(:)
host:0x292adff0 device:0x400c521fdc00 size:8000 presentcount:0+1 line:857 name:var%psprho(:)
host:0x292b1280 device:0x4007d23f2a00 size:24000 presentcount:0+2 line:466 name:var%psprnl(:,:,:)
host:0x292fe240 device:0x40077c3ffc00 size:24 presentcount:0+3 line:466 name:var%lps(:)
host:0x292fe2f0 device:0x40075c1fd000 size:24 presentcount:0+3 line:466 name:var%lps(:)
host:0x293f2d80 device:0x40057e5ffe00 size:24 presentcount:0+3 line:616 name:var%vkpt(:,:)
host:0x29417f30 device:0x4007d23ef000 size:8 presentcount:0+2 line:616 name:var%wtkpt(:)
host:0x29417f60 device:0x40057e5ffa00 size:8 presentcount:0+3 line:616 name:var%nityp(:)
host:0x29418070 device:0x40057e5f0200 size:16 presentcount:0+2 line:430 name:var%psrmax(:)
host:0x29418630 device:0x4007d23ef200 size:4320 presentcount:0+3 line:616 name:var%ityp(:)
host:0x29419740 device:0x40057e5ff800 size:8 presentcount:0+3 line:616 name:var%lmmax(:)
host:0x29419770 device:0x40057e5ffc00 size:8 presentcount:0+3 line:616 name:var%nt_global(:)
host:0x294197a0 device:0x40057e5fda00 size:4320 presentcount:0+3 line:616 name:var%npro_pos(:)
host:0x2941a8b0 device:0x40057e5fc600 size:4324 presentcount:0+3 line:616 name:var%lmbase(:)
host:0x2941b9c0 device:0x4007d23f8800 size:4 presentcount:0+2 line:616 name:var%nplwkp(:)
host:0x2941b9f0 device:0x4007d23f8a00 size:4 presentcount:0+2 line:616 name:var%nplwkp_tot(:)
host:0x2941ba20 device:0x4007d23fea00 size:4 presentcount:0+2 line:616 name:var%ngvector_pos(:)
host:0x2941ba50 device:0x4007d23f2800 size:4 presentcount:0+2 line:616 name:var%ngvector(:)
host:0x2941ba80 device:0x40057e5f1800 size:1280 presentcount:0+4 line:519 name:var%lpctx(:)
host:0x2941bfb0 device:0x40057e5f1e00 size:720 presentcount:0+4 line:519 name:var%lpcty(:)
host:0x2941c2b0 device:0x40057e5f2600 size:1280 presentcount:0+4 line:519 name:var%lpctx_(:)
host:0x2941c7e0 device:0x40057e5f2c00 size:720 presentcount:0+4 line:519 name:var%lpcty_(:)
host:0x2941cae0 device:0x40057e5f3000 size:1000 presentcount:0+4 line:519 name:var%lpctz_(:)
host:0x2941cef0 device:0x4007d25f7400 size:1280 presentcount:0+1 line:519 name:var%lpctx(:)
host:0x2941d420 device:0x4007d25f7a00 size:720 presentcount:0+1 line:519 name:var%lpcty(:)
host:0x2941d720 device:0x4007d25f7e00 size:1000 presentcount:0+1 line:519 name:var%lpctz(:)
host:0x2941db30 device:0x4007d25f8200 size:1280 presentcount:0+1 line:519 name:var%lpctx_(:)
host:0x2941e060 device:0x4007d25f8800 size:720 presentcount:0+1 line:519 name:var%lpcty_(:)
host:0x2941e360 device:0x4007d25f8c00 size:1000 presentcount:0+1 line:519 name:var%lpctz_(:)
host:0x2941e770 device:0x4007d23fee00 size:2560 presentcount:0+1 line:519 name:var%lpctx(:)
host:0x2941f1a0 device:0x4007d25eaa00 size:1440 presentcount:0+1 line:519 name:var%lpcty(:)
host:0x2941f770 device:0x4007d25e8a00 size:2000 presentcount:0+1 line:519 name:var%lpctz(:)
host:0x2941ff70 device:0x4007d25eb000 size:2560 presentcount:0+1 line:519 name:var%lpctx_(:)
host:0x294209a0 device:0x4007d25eba00 size:1440 presentcount:0+1 line:519 name:var%lpcty_(:)
host:0x29420f70 device:0x4007d25ec000 size:2000 presentcount:0+1 line:519 name:var%lpctz_(:)
host:0x2950d050 device:0x4007d25f0400 size:2824 presentcount:0+1 line:482 name:var%i2(:)
host:0x2950db80 device:0x4007d25f1000 size:2824 presentcount:0+1 line:482 name:var%i3(:)
host:0x2950e6b0 device:0x4007d25f1c00 size:5020 presentcount:0+1 line:482 name:var%i2(:)
host:0x2950fa80 device:0x4007d25f3000 size:5020 presentcount:0+1 line:482 name:var%i3(:)
host:0x29510e50 device:0x4007d25ec800 size:7200 presentcount:0+2 line:482 name:var%i2(:)
host:0x29512aa0 device:0x4007d25ee600 size:7200 presentcount:0+2 line:482 name:var%i3(:)
host:0x29514b10 device:0x400874c5fa00 size:921600 presentcount:0+2 line:482 name:var%index(:,:)
host:0x295f5b40 device:0x4007d25fe400 size:2560 presentcount:0+1 line:569 name:var%ind1(:)
host:0x295f6570 device:0x4007d25fee00 size:2824 presentcount:0+1 line:569 name:var%indcol(:)
host:0x295f70a0 device:0x4007d25f9400 size:2824 presentcount:0+1 line:482 name:var%i2(:)
host:0x295f7bd0 device:0x4007d25fa000 size:2824 presentcount:0+1 line:482 name:var%i3(:)
host:0x295f8700 device:0x4007d25fac00 size:1512 presentcount:0+1 line:482 name:var%i2(:)
host:0x295f8d10 device:0x4007d25fb200 size:1512 presentcount:0+1 line:482 name:var%i3(:)
host:0x295f9320 device:0x40075c1fd200 size:4320 presentcount:0+2 line:430 name:var%nlimax(:)
host:0x295fa430 device:0x40075c1fe600 size:4324 presentcount:0+2 line:430 name:var%lmbase(:)
host:0x295fb540 device:0x40057e5ee400 size:4324 presentcount:0+2 line:430 name:var%nlibase(:)
host:0x295fc650 device:0x40057e5f3400 size:17132 presentcount:0+4 line:519 name:var%nindpwconjg(:)
host:0x29600970 device:0x40057e5f7800 size:17132 presentcount:0+4 line:519 name:var%ind_in_sphere(:)
host:0x29632890 device:0x4007d25fd800 size:1280 presentcount:0+1 line:569 name:var%ind1(:)
host:0x29632dc0 device:0x4007d25fde00 size:700 presentcount:0+1 line:569 name:var%indcol(:)
host:0x296330b0 device:0x4006b032e800 size:180000 presentcount:0+4 line:482 name:var%i2(:)
host:0x2965f000 device:0x4006b035a800 size:180000 presentcount:0+4 line:482 name:var%i3(:)
host:0x2968af50 device:0x4007d23bca00 size:180000 presentcount:0+8 line:482 name:var%index(:,:)
host:0x296b6ea0 device:0x4007d29bca00 size:180000 presentcount:0+8 line:482 name:var%i2(:)
host:0x296e2df0 device:0x4006b0386800 size:180000 presentcount:0+8 line:482 name:var%i3(:)
host:0x2970f370 device:0x4007d2400000 size:1821184 presentcount:0+3 line:616 name:var%nindpw(:,:)
host:0x298cbda0 device:0x40057e5fc400 size:8 presentcount:0+2 line:616 name:var%nb_totk(:,:)
host:0x298cbdd0 device:0x4007d23fec00 size:4 presentcount:0+2 line:616 name:var%luseinv(:)
host:0x298cbe00 device:0x40057e5efe00 size:4 presentcount:0+2 line:616 name:var%at_gamma(:)
host:0x298cbe30 device:0x4007d25bca00 size:180000 presentcount:0+3 line:616 name:var%pl_index(:,:)
host:0x298f7d80 device:0x4007d27bca00 size:180000 presentcount:0+3 line:616 name:var%pl_col(:,:)
host:0x29923cd0 device:0x4007d23ffa00 size:8 presentcount:0+2 line:405 name:var%lmmax(:)
host:0x29923d00 device:0x40057e5efa00 size:8 presentcount:0+2 line:430 name:var%lmax(:)
host:0x29923d30 device:0x4007d23f1600 size:4324 presentcount:0+2 line:405 name:var%lmbase(:)
host:0x29924e40 device:0x40057e5efc00 size:8 presentcount:0+2 line:430 name:var%lmmax(:)
host:0x29924e70 device:0x40057e5f0000 size:8 presentcount:0+2 line:430 name:var%channels(:)
host:0x29924ea0 device:0x40077c3ff800 size:16 presentcount:0+2 line:430 name:var%rsmooth(:)
host:0x29924ee0 device:0x40077c3ffa00 size:400 presentcount:0+2 line:464 name:var
host:0x29925070 device:0x40077c3ffe00 size:400 presentcount:0+2 line:464 name:var
host:0x29995a90 device:0x4007d25fbc00 size:516 presentcount:0+1 line:499 name:var%ptr(:)
host:0x29995cc0 device:0x4007d25fb800 size:516 presentcount:0+1 line:499 name:var%n(:)
host:0x29995ef0 device:0x4007d25fc400 size:516 presentcount:0+1 line:499 name:var%ptri(:)
host:0x29996120 device:0x4007d25fc000 size:516 presentcount:0+1 line:499 name:var%ni(:)
host:0x29996350 device:0x4007d25fcc00 size:516 presentcount:0+1 line:499 name:var%ptr(:)
host:0x29996580 device:0x4007d25fc800 size:516 presentcount:0+1 line:499 name:var%n(:)
host:0x299967b0 device:0x40075c1fe400 size:4 presentcount:0+1 line:499 name:var%tbli(:)
host:0x299967e0 device:0x4007d25fd400 size:516 presentcount:0+1 line:499 name:var%ptri(:)
host:0x29996a10 device:0x4007d25fd000 size:516 presentcount:0+1 line:499 name:var%ni(:)
host:0x299b02c0 device:0x4007d25f4400 size:516 presentcount:0+1 line:499 name:var%ptr(:)
host:0x299b04f0 device:0x4007d23ffc00 size:516 presentcount:0+1 line:499 name:var%n(:)
host:0x299b0720 device:0x4007d25f4c00 size:516 presentcount:0+1 line:499 name:var%ptri(:)
host:0x299b0950 device:0x4007d25f4800 size:516 presentcount:0+1 line:499 name:var%ni(:)
host:0x299b0b80 device:0x4007d25f5400 size:516 presentcount:0+1 line:499 name:var%ptr(:)
host:0x299b0db0 device:0x4007d25f5000 size:516 presentcount:0+1 line:499 name:var%n(:)
host:0x299b0fe0 device:0x4007d25f5c00 size:516 presentcount:0+1 line:499 name:var%ptri(:)
host:0x299b1210 device:0x4007d25f5800 size:516 presentcount:0+1 line:499 name:var%ni(:)
host:0x29af98e0 device:0x400875600000 size:7284736 presentcount:0+3 line:616 name:var%datake(:,:,:)
host:0x2a1ecb60 device:0x4007d2600000 size:1821184 presentcount:0+3 line:616 name:var%igx(:,:)
host:0x2a3aa1f0 device:0x4007d2200000 size:1821184 presentcount:0+3 line:616 name:var%igy(:,:)
host:0x2a567a90 device:0x4007d2800000 size:1821184 presentcount:0+3 line:616 name:var%igz(:,:)
host:0x2a725960 device:0x4007d3200000 size:7284272 presentcount:0+4 line:519 name:var%fftsca(:,:)
host:0x2ae17fc0 device:0x400874c00000 size:224000 presentcount:0+1 line:499 name:var%tbl(:)
host:0x2ae85620 device:0x400c521b9400 size:272160 presentcount:0+1 line:499 name:var%tbli(:)
host:0x2aec7d70 device:0x400c523b9400 size:272160 presentcount:0+1 line:499 name:var%tbl(:)
host:0x2afe02d0 device:0x400874e00000 size:1807360 presentcount:0+1 line:499 name:var%tbl(:)
host:0x2b355ec0 device:0x400c52000000 size:1807200 presentcount:0+1 line:499 name:var%tbli(:)
host:0x2b510f30 device:0x400c52200000 size:1807200 presentcount:0+1 line:499 name:var%tbl(:)
host:0x2b887640 device:0x400c52400000 size:1807200 presentcount:0+1 line:499 name:var%tbli(:)
host:0x2c4b2420 device:0x40077c3f4000 size:41984 presentcount:0+1 line:746 name:var%auxtot(:,:,:)
host:0x2c4d2420 device:0x40057e5e4000 size:41984 presentcount:0+2 line:746 name:var%fertot(:,:,:)
host:0x2c4e0030 device:0x4006b031a000 size:83968 presentcount:0+2 line:746 name:var%celtot(:,:,:)
host:0x2d4ec500 device:0x4007d2a00000 size:7200000 presentcount:0+1 line:195 name:dencor(:)
host:0x2e2b67f0 device:0x4007d1e00000 size:2799360 presentcount:0+2 line:194 name:cdij(:,:,:,:)
host:0x2e565f10 device:0x400c52600000 size:2799360 presentcount:0+2 line:194 name:cqij(:,:,:,:)
host:0x2eac5bc0 device:0x400875200000 size:4030464 presentcount:0+5 line:746 name:var%gproj(:,:,:,:)
host:0x2f1464c0 device:0x4007d29fcc00 size:2048 presentcount:0+1 line:179 name:w1(:)
host:0x2f146ce0 device:0x4007d27fa600 size:2048 presentcount:0+1 line:179 name:wtmp(:)
host:0x2f153200 device:0x4006b03b2800 size:98304 presentcount:0+1 line:1101 name:w1%gproj(:)
host:0x360693a0 device:0x400874d40a00 size:393216 presentcount:0+2 line:1226 name:wa%gproj(:,:)
host:0x360c93d0 device:0x400c430c0000 size:393216 presentcount:0+2 line:1226 name:wa%gproj(:,:)
host:0x36130780 device:0x400e15600000 size:3145728 presentcount:0+2 line:1226 name:wa%gproj(:,:)
host:0x3a347ad0 device:0x4006b03ca800 size:98304 presentcount:0+1 line:1101 name:w1%gproj(:)
host:0x3a37e5b0 device:0x400cd1e00000 size:7284736 presentcount:0+1 line:1101 name:w1%cptwfp(:)
host:0x3aa70de0 device:0x400c525b9400 size:98304 presentcount:0+1 line:1101 name:w1%gproj(:)
host:0x3aa88e10 device:0x400c525d1400 size:98304 presentcount:0+1 line:1101 name:w1%gproj(:)
host:0x3acc7680 device:0x400e16a00000 size:14569472 presentcount:0+1 line:202 name:precon(:,:)
host:0x3bab4270 device:0x400c4f200000 size:7284736 presentcount:0+1 line:1101 name:w1%cptwfp(:)
host:0x3c1aec90 device:0x400e15a00000 size:7284736 presentcount:0+1 line:1101 name:w1%cptwfp(:)
host:0x3c8a16d0 device:0x400e16200000 size:7284736 presentcount:0+1 line:1101 name:w1%cptwfp(:)
host:0x4006080010a0 device:0x4007d3a00000 size:45593280 presentcount:0+2 line:430 name:var%nli(:,:)
host:0x40060ce931a0 device:0x40082dc00000 size:230400000 presentcount:0+2 line:194 name:sv(:,:)
host:0x40061aa539e0 device:0x400c52a00000 size:14458880 presentcount:0+1 line:195 name:cstrf(:,:)
host:0x4006c00012b0 device:0x4007e0000000 size:807411968 presentcount:0+2 line:430 name:var%rproj(:)
host:0x4006f0216d70 device:0x400e11e00000 size:29138944 presentcount:0+2 line:1226 name:wa%cptwfp(:,:)
host:0x4006f1df6f80 device:0x400e13a00000 size:29138944 presentcount:0+2 line:1226 name:wa%cptwfp(:,:)
host:0x4007a0004a60 device:0x4007c0000000 size:298674176 presentcount:0+5 line:746 name:var%cptwfp(:,:,:,:)
host:0x400851ce7190 device:0x400cc0000000 size:233111552 presentcount:0+2 line:1226 name:wa%cptwfp(:,:)
host:0x4009000077c0 device:0x4005cdc00000 size:230400000 presentcount:0+1 line:1101 name:w1%cr(:)
host:0x40090dbd79d0 device:0x400810400000 size:230400000 presentcount:0+1 line:1236 name:w1%cr(:)
host:0x400a20007df0 device:0x400860000000 size:230400000 presentcount:0+1 line:1101 name:w1%cr(:)
host:0x400a2dbd8000 device:0x400820000000 size:230400000 presentcount:0+1 line:1236 name:w1%cr(:)
host:0x400b80008420 device:0x400c20000000 size:230400000 presentcount:0+1 line:1101 name:w1%cr(:)
host:0x400b8dbd0020 device:0x400df1e00000 size:230400000 presentcount:0+1 line:1236 name:w1%cr(:)
host:0x400c00000440 device:0x400dd1e00000 size:230400000 presentcount:0+1 line:1101 name:w1%cr(:)
host:0x400c0dbc0650 device:0x400db1e00000 size:230400000 presentcount:0+1 line:1236 name:w1%cr(:)
host:0xffffd52be140 device:0x4007d27fb200 size:3024 presentcount:0+12 line:682 name:var
host:0xffffd52bed10 device:0x40071c3ff800 size:1480 presentcount:0+1 line:174 name:w_ini
host:0xffffd52bf2e0 device:0x4007d27f9c00 size:1480 presentcount:0+1 line:174 name:wopt
host:0xffffd52bf8b0 device:0x40075c1fbc00 size:1480 presentcount:0+1 line:174 name:wtmpa
allocated block device:0x40057e5e4000 size:41984 thread:1
allocated block device:0x40057e5ee400 size:4608 thread:1
allocated block device:0x40057e5ef600 size:512 thread:1
allocated block device:0x40057e5ef800 size:512 thread:1
allocated block device:0x40057e5efa00 size:512 thread:1
allocated block device:0x40057e5efc00 size:512 thread:1
allocated block device:0x40057e5efe00 size:512 thread:1
allocated block device:0x40057e5f0000 size:512 thread:1
allocated block device:0x40057e5f0200 size:512 thread:1
allocated block device:0x40057e5f0400 size:5120 thread:1
allocated block device:0x40057e5f1800 size:1536 thread:1
allocated block device:0x40057e5f1e00 size:1024 thread:1
allocated block device:0x40057e5f2200 size:1024 thread:1
allocated block device:0x40057e5f2600 size:1536 thread:1
allocated block device:0x40057e5f2c00 size:1024 thread:1
allocated block device:0x40057e5f3000 size:1024 thread:1
allocated block device:0x40057e5f3400 size:17408 thread:1
allocated block device:0x40057e5f7800 size:17408 thread:1
allocated block device:0x40057e5fbc00 size:2048 thread:1
allocated block device:0x40057e5fc400 size:512 thread:1
allocated block device:0x40057e5fc600 size:4608 thread:1
allocated block device:0x40057e5fd800 size:512 thread:1
allocated block device:0x40057e5fda00 size:4608 thread:1
allocated block device:0x40057e5fec00 size:3072 thread:1
allocated block device:0x40057e5ff800 size:512 thread:1
allocated block device:0x40057e5ffa00 size:512 thread:1
allocated block device:0x40057e5ffc00 size:512 thread:1
allocated block device:0x40057e5ffe00 size:512 thread:1
allocated block device:0x4005cdc00000 size:230400000 thread:1
allocated block device:0x4006b031a000 size:83968 thread:1
allocated block device:0x4006b032e800 size:180224 thread:1
allocated block device:0x4006b035a800 size:180224 thread:1
allocated block device:0x4006b0386800 size:180224 thread:1
allocated block device:0x4006b03b2800 size:98304 thread:1
allocated block device:0x4006b03ca800 size:98304 thread:1
allocated block device:0x40071c3ff800 size:1536 thread:1
allocated block device:0x40073c3ffa00 size:1024 thread:1
allocated block device:0x40075c1fbc00 size:2048 thread:1
allocated block device:0x40075c1fc600 size:2560 thread:1
allocated block device:0x40075c1fd000 size:512 thread:1
allocated block device:0x40075c1fd200 size:4608 thread:1
allocated block device:0x40075c1fe400 size:512 thread:1
allocated block device:0x40075c1fe600 size:4608 thread:1
allocated block device:0x40075c1ff800 size:512 thread:1
allocated block device:0x40075c1ffa00 size:512 thread:1
allocated block device:0x40075c1ffc00 size:512 thread:1
allocated block device:0x40075c1ffe00 size:512 thread:1
allocated block device:0x40077c3f4000 size:41984 thread:1
allocated block device:0x40077c3fe400 size:5120 thread:1
allocated block device:0x40077c3ff800 size:512 thread:1
allocated block device:0x40077c3ffa00 size:512 thread:1
allocated block device:0x40077c3ffc00 size:512 thread:1
allocated block device:0x40077c3ffe00 size:512 thread:1
allocated block device:0x4007c0000000 size:298674176 thread:1
allocated block device:0x4007d1e00000 size:4030464 thread:1
allocated block device:0x4007d2200000 size:1821184 thread:1
allocated block device:0x4007d23bca00 size:180224 thread:1
allocated block device:0x4007d23e8a00 size:26112 thread:1
allocated block device:0x4007d23ef000 size:512 thread:1
allocated block device:0x4007d23ef200 size:4608 thread:1
allocated block device:0x4007d23f0400 size:4608 thread:1
allocated block device:0x4007d23f1600 size:4608 thread:1
allocated block device:0x4007d23f2800 size:512 thread:1
allocated block device:0x4007d23f2a00 size:24064 thread:1
allocated block device:0x4007d23f8800 size:512 thread:1
allocated block device:0x4007d23f8a00 size:512 thread:1
allocated block device:0x4007d23f8c00 size:24064 thread:1
allocated block device:0x4007d23fea00 size:512 thread:1
allocated block device:0x4007d23fec00 size:512 thread:1
allocated block device:0x4007d23fee00 size:3072 thread:1
allocated block device:0x4007d23ffa00 size:512 thread:1
allocated block device:0x4007d23ffc00 size:1024 thread:1
allocated block device:0x4007d2400000 size:1821184 thread:1
allocated block device:0x4007d25bca00 size:180224 thread:1
allocated block device:0x4007d25e8a00 size:3072 thread:1
allocated block device:0x4007d25e9600 size:5120 thread:1
allocated block device:0x4007d25eaa00 size:1536 thread:1
allocated block device:0x4007d25eb000 size:2560 thread:1
allocated block device:0x4007d25eba00 size:1536 thread:1
allocated block device:0x4007d25ec000 size:2048 thread:1
allocated block device:0x4007d25ec800 size:7680 thread:1
allocated block device:0x4007d25ee600 size:7680 thread:1
allocated block device:0x4007d25f0400 size:3072 thread:1
allocated block device:0x4007d25f1000 size:3072 thread:1
allocated block device:0x4007d25f1c00 size:5120 thread:1
allocated block device:0x4007d25f3000 size:5120 thread:1
allocated block device:0x4007d25f4400 size:1024 thread:1
allocated block device:0x4007d25f4800 size:1024 thread:1
allocated block device:0x4007d25f4c00 size:1024 thread:1
allocated block device:0x4007d25f5000 size:1024 thread:1
allocated block device:0x4007d25f5400 size:1024 thread:1
allocated block device:0x4007d25f5800 size:1024 thread:1
allocated block device:0x4007d25f5c00 size:1024 thread:1
allocated block device:0x4007d25f6000 size:5120 thread:1
allocated block device:0x4007d25f7400 size:1536 thread:1
allocated block device:0x4007d25f7a00 size:1024 thread:1
allocated block device:0x4007d25f7e00 size:1024 thread:1
allocated block device:0x4007d25f8200 size:1536 thread:1
allocated block device:0x4007d25f8800 size:1024 thread:1
allocated block device:0x4007d25f8c00 size:1024 thread:1
allocated block device:0x4007d25f9000 size:1024 thread:1
allocated block device:0x4007d25f9400 size:3072 thread:1
allocated block device:0x4007d25fa000 size:3072 thread:1
allocated block device:0x4007d25fac00 size:1536 thread:1
allocated block device:0x4007d25fb200 size:1536 thread:1
allocated block device:0x4007d25fb800 size:1024 thread:1
allocated block device:0x4007d25fbc00 size:1024 thread:1
allocated block device:0x4007d25fc000 size:1024 thread:1
allocated block device:0x4007d25fc400 size:1024 thread:1
allocated block device:0x4007d25fc800 size:1024 thread:1
allocated block device:0x4007d25fcc00 size:1024 thread:1
allocated block device:0x4007d25fd000 size:1024 thread:1
allocated block device:0x4007d25fd400 size:1024 thread:1
allocated block device:0x4007d25fd800 size:1536 thread:1
allocated block device:0x4007d25fde00 size:1024 thread:1
allocated block device:0x4007d25fe200 size:512 thread:1
allocated block device:0x4007d25fe400 size:2560 thread:1
allocated block device:0x4007d25fee00 size:3072 thread:1
allocated block device:0x4007d2600000 size:1821184 thread:1
allocated block device:0x4007d27bca00 size:180224 thread:1
allocated block device:0x4007d27e8a00 size:28672 thread:1
allocated block device:0x4007d27efa00 size:40448 thread:1
allocated block device:0x4007d27f9c00 size:2560 thread:1
allocated block device:0x4007d27fa600 size:3072 thread:1
allocated block device:0x4007d27fb200 size:3072 thread:1
allocated block device:0x4007d2800000 size:1821184 thread:1
allocated block device:0x4007d29bca00 size:180224 thread:1
allocated block device:0x4007d29e8a00 size:40448 thread:1
allocated block device:0x4007d29fcc00 size:2048 thread:1
allocated block device:0x4007d2a00000 size:7284736 thread:1
allocated block device:0x4007d3200000 size:7284736 thread:1
allocated block device:0x4007d3a00000 size:45593600 thread:1
allocated block device:0x4007e0000000 size:807412224 thread:1
allocated block device:0x400810400000 size:230400000 thread:1
allocated block device:0x400820000000 size:230400000 thread:1
allocated block device:0x40082dc00000 size:230400000 thread:1
allocated block device:0x400860000000 size:230400000 thread:1
allocated block device:0x400874c00000 size:391680 thread:1
allocated block device:0x400874c5fa00 size:921600 thread:1
allocated block device:0x400874d40a00 size:393216 thread:1
allocated block device:0x400874e00000 size:2799616 thread:1
allocated block device:0x400875200000 size:4030464 thread:1
allocated block device:0x400875600000 size:7284736 thread:1
allocated block device:0x400c20000000 size:298674176 thread:1
allocated block device:0x400c430c0000 size:393216 thread:1
allocated block device:0x400c4f200000 size:7284736 thread:1
allocated block device:0x400c52000000 size:1807360 thread:1
allocated block device:0x400c521b9400 size:272384 thread:1
allocated block device:0x400c521fbc00 size:8192 thread:1
allocated block device:0x400c521fdc00 size:8192 thread:1
allocated block device:0x400c521ffc00 size:512 thread:1
allocated block device:0x400c52200000 size:1807360 thread:1
allocated block device:0x400c523b9400 size:272384 thread:1
allocated block device:0x400c523fbc00 size:8192 thread:1
allocated block device:0x400c52400000 size:1807360 thread:1
allocated block device:0x400c525b9400 size:98304 thread:1
allocated block device:0x400c525d1400 size:98304 thread:1
allocated block device:0x400c52600000 size:2799616 thread:1
allocated block device:0x400c52a00000 size:14458880 thread:1
allocated block device:0x400cc0000000 size:298674176 thread:1
allocated block device:0x400cd1e00000 size:7284736 thread:1
allocated block device:0x400db1e00000 size:230400000 thread:1
allocated block device:0x400dd1e00000 size:230400000 thread:1
allocated block device:0x400df1e00000 size:230400000 thread:1
allocated block device:0x400e11e00000 size:29138944 thread:1
allocated block device:0x400e13a00000 size:29138944 thread:1
allocated block device:0x400e15600000 size:3145728 thread:1
allocated block device:0x400e15a00000 size:7284736 thread:1
allocated block device:0x400e16200000 size:7284736 thread:1
allocated block device:0x400e16a00000 size:14569472 thread:1
Accelerator Fatal Error: call to cuMemAlloc returned error 2 (CUDA_ERROR_OUT_OF_MEMORY): Out of memory
 File: /lus/lfs1aip2/projects/u6cb/software/VASP/vasp.6.5.1/build/gam/hamil.f90
 Function: hamiltmu:978
 Line: 1005

Out of memory allocating 921600000 bytes of device memory
Failing in Thread:1
total/free CUDA memory: 102005473280/323944448
Present table dump for device[1]: NVIDIA Tesla GPU 0, compute capability 9.0, threadid=1
Hint: specify 0x800 bit in NV_ACC_DEBUG for verbose info.
host:0x2557280 device:0x40031e5fc000 size:32 presentcount:0+3 line:643 name:var%comm
host:0x25572a0 device:0x4004fc1ffa00 size:32 presentcount:0+4 line:652 name:var%comm_kinter
host:0x25572c0 device:0x4004fc1ffc00 size:32 presentcount:0+6 line:655 name:var%comm_kin
host:0x25572e0 device:0x4004fc1ff400 size:32 presentcount:0+3 line:646 name:var%comm_inter
host:0x2557300 device:0x4004fc1ff600 size:32 presentcount:0+7 line:649 name:var%comm_inb
host:0x256be80 device:0x40031a0ecd00 size:8 presentcount:0+1 line:-1 name:_setexm_struct_def_21
host:0x2576f40 device:0x40031a0ece00 size:28 presentcount:0+1 line:-1 name:_ml_ff_constant_21
host:0x2577c80 device:0x40031a0ecf00 size:30437 presentcount:0+1 line:-1 name:_ml_ff_taglist_21
host:0x25afc80 device:0x40031a0f4600 size:8 presentcount:0+1 line:-1 name:_mopenacc_tutor_21
host:0x25c2740 device:0x40031a0f4a00 size:32 presentcount:0+1 line:-1 name:_mbj_21
host:0x25cd640 device:0x40031a0f4d00 size:8 presentcount:0+1 line:-1 name:_sym_prec_21
host:0x26030c0 device:0x40031a0f4e00 size:344 presentcount:0+1 line:-1 name:_tet_21
host:0x261c840 device:0x40031a0f5000 size:392 presentcount:0+1 line:-1 name:_mymath_21
host:0x2817368 device:0x40031e5eec00 size:4800 presentcount:0+2 line:614 name:var
host:0x2818628 device:0x40031e5fa400 size:1984 presentcount:0+2 line:403 name:var
host:0x281a910 device:0x4004bc3ff800 size:864 presentcount:0+4 line:2639 name:hamiltonian
host:0x286ac80 device:0x40031e5fd400 size:2712 presentcount:0+2 line:428 name:var
host:0x286b718 device:0x4004fc1fae00 size:2248 presentcount:0+1 line:742 name:var
host:0x286eb50 device:0x4005727ff800 size:288 presentcount:0+1 line:195 name:latt_cur
host:0x2871658 device:0x40051c3fe400 size:5088 presentcount:0+28 line:517 name:var
host:0x2872a38 device:0x4005725f4800 size:5088 presentcount:0+6 line:517 name:var
host:0x2873e18 device:0x4005725e8a00 size:5088 presentcount:0+7 line:517 name:var
host:0x287a2a8 device:0x4004fc1fe000 size:304 presentcount:0+1 line:567 name:var
host:0x287a3d8 device:0x4005725fca00 size:304 presentcount:0+1 line:567 name:var
host:0x2e48ec0 device:0x40031a002600 size:960024 presentcount:0+1 line:-1 name:_setexm_struct_def_16
host:0x2f8f080 device:0x40031a0f4700 size:580 presentcount:0+1 line:-1 name:_wpbe_16
host:0x2f8f900 device:0x40031a0f4b00 size:288 presentcount:0+1 line:-1 name:_mbj_16
host:0x9f446c0 device:0x40031a0f5200 size:624 presentcount:0+1 line:-1 name:_mlr_optic_16
host:0x3a19d8b0 device:0x40031e5fe600 size:24 presentcount:0+3 line:616 name:var%vkpt(:,:)
host:0x3a19d8f0 device:0x40031e5ffe00 size:4 presentcount:0+2 line:616 name:var%nplwkp(:)
host:0x3a1fde80 device:0x40031e5eea00 size:16 presentcount:0+2 line:430 name:var%psrmax(:)
host:0x3a1fdec0 device:0x4005723f7200 size:4 presentcount:0+2 line:616 name:var%nplwkp_tot(:)
host:0x3a1fdef0 device:0x4005723fd200 size:4 presentcount:0+2 line:616 name:var%ngvector_pos(:)
host:0x3a1fdf20 device:0x40031e5ffc00 size:4 presentcount:0+2 line:616 name:var%ngvector(:)
host:0x3a1fdf50 device:0x40031e5fac00 size:8 presentcount:0+2 line:616 name:var%nb_totk(:,:)
host:0x3a1fdf80 device:0x4005723fd400 size:4 presentcount:0+2 line:616 name:var%luseinv(:)
host:0x3a1fdfb0 device:0x40031e5ee600 size:4 presentcount:0+2 line:616 name:var%at_gamma(:)
host:0x3a1fdfe0 device:0x4005723fee00 size:8 presentcount:0+2 line:405 name:var%lmmax(:)
host:0x3a1fe010 device:0x4004fc1ffe00 size:8 presentcount:0+2 line:430 name:var%lmax(:)
host:0x3a1fe040 device:0x40031e5ee400 size:8 presentcount:0+2 line:430 name:var%lmmax(:)
host:0x3a1fe070 device:0x40031e5ee800 size:8 presentcount:0+2 line:430 name:var%channels(:)
host:0x3a1fe0a0 device:0x40051c3ff800 size:16 presentcount:0+2 line:430 name:var%rsmooth(:)
host:0x3a1fe0e0 device:0x4004fc1fcc00 size:4 presentcount:0+1 line:499 name:var%tbli(:)
host:0x3b3bcc40 device:0x4005725f7800 size:528 presentcount:0+1 line:480 name:var
host:0x3f60d7d0 device:0x4004fc1ff800 size:8 presentcount:0+4 line:405 name:var%nityp(:)
host:0x3fb0bfe0 device:0x40031e5f0a00 size:1000 presentcount:0+4 line:519 name:var%lpctz(:)
host:0x3ff82250 device:0x40031e5fe400 size:8 presentcount:0+3 line:616 name:var%nt_global(:)
host:0x3ff82340 device:0x40031e5fe000 size:8 presentcount:0+3 line:616 name:var%lmmax(:)
host:0x3ff82370 device:0x40031e5fe800 size:8 presentcount:0+2 line:616 name:var%wtkpt(:)
host:0x3ff823a0 device:0x40031e5fe200 size:8 presentcount:0+3 line:616 name:var%nityp(:)
host:0x3ff8f0e0 device:0x4005727e8a00 size:28464 presentcount:0+1 line:853 name:var(:)
host:0x3ffa1860 device:0x4005729e8a00 size:40000 presentcount:0+1 line:857 name:var%psp(:,:)
host:0x3ffab4d0 device:0x4005727fd800 size:8000 presentcount:0+1 line:857 name:var%psprho(:)
host:0x3ffae760 device:0x4005723f7400 size:24000 presentcount:0+2 line:466 name:var%psprnl(:,:,:)
host:0x3ffde140 device:0x4005723ef000 size:4320 presentcount:0+4 line:405 name:var%ityp(:)
host:0x3ffdf250 device:0x4005723e8a00 size:25920 presentcount:0+4 line:405 name:var%posion(:,:)
host:0x400225b0 device:0x4005727efa00 size:40000 presentcount:0+1 line:857 name:var%psp(:,:)
host:0x4002c220 device:0x4005727f9800 size:8000 presentcount:0+1 line:857 name:var%pspcor(:)
host:0x4002e190 device:0x4005727fb800 size:8000 presentcount:0+1 line:857 name:var%psprho(:)
host:0x40031420 device:0x4005723f1400 size:24000 presentcount:0+2 line:466 name:var%psprnl(:,:,:)
host:0x4007e3e0 device:0x40051c3ffc00 size:24 presentcount:0+3 line:466 name:var%lps(:)
host:0x4007e490 device:0x4004fc1fb800 size:24 presentcount:0+3 line:466 name:var%lps(:)
host:0x401025a0 device:0x40031e5fea00 size:4320 presentcount:0+3 line:616 name:var%ityp(:)
host:0x401036b0 device:0x40031e5fc200 size:4320 presentcount:0+3 line:616 name:var%npro_pos(:)
host:0x401047c0 device:0x40031e5fae00 size:4324 presentcount:0+3 line:616 name:var%lmbase(:)
host:0x401058d0 device:0x40031e5f0000 size:1280 presentcount:0+4 line:519 name:var%lpctx(:)
host:0x40105e00 device:0x40031e5f0600 size:720 presentcount:0+4 line:519 name:var%lpcty(:)
host:0x40106100 device:0x40031e5f0e00 size:1280 presentcount:0+4 line:519 name:var%lpctx_(:)
host:0x40106630 device:0x40031e5f1400 size:720 presentcount:0+4 line:519 name:var%lpcty_(:)
host:0x40106930 device:0x40031e5f1800 size:1000 presentcount:0+4 line:519 name:var%lpctz_(:)
host:0x40106d40 device:0x4005725f5c00 size:1280 presentcount:0+1 line:519 name:var%lpctx(:)
host:0x40107270 device:0x4005725f6200 size:720 presentcount:0+1 line:519 name:var%lpcty(:)
host:0x40107570 device:0x4005725f6600 size:1000 presentcount:0+1 line:519 name:var%lpctz(:)
host:0x40107980 device:0x4005725f6a00 size:1280 presentcount:0+1 line:519 name:var%lpctx_(:)
host:0x40107eb0 device:0x4005725f7000 size:720 presentcount:0+1 line:519 name:var%lpcty_(:)
host:0x401081b0 device:0x4005725f7400 size:1000 presentcount:0+1 line:519 name:var%lpctz_(:)
host:0x401085c0 device:0x4005723fd600 size:2560 presentcount:0+1 line:519 name:var%lpctx(:)
host:0x40108ff0 device:0x4005723ff000 size:1440 presentcount:0+1 line:519 name:var%lpcty(:)
host:0x401095c0 device:0x4005723fe200 size:2000 presentcount:0+1 line:519 name:var%lpctz(:)
host:0x40109dc0 device:0x4005723ff600 size:2560 presentcount:0+1 line:519 name:var%lpctx_(:)
host:0x4010a7f0 device:0x4005725e9e00 size:1440 presentcount:0+1 line:519 name:var%lpcty_(:)
host:0x4010adc0 device:0x4005725ea400 size:2000 presentcount:0+1 line:519 name:var%lpctz_(:)
host:0x401f6ea0 device:0x4005725ee800 size:2824 presentcount:0+1 line:482 name:var%i2(:)
host:0x401f79d0 device:0x4005725ef400 size:2824 presentcount:0+1 line:482 name:var%i3(:)
host:0x401f8500 device:0x4005725f0000 size:5020 presentcount:0+1 line:482 name:var%i2(:)
host:0x401f98d0 device:0x4005725f1400 size:5020 presentcount:0+1 line:482 name:var%i3(:)
host:0x401faca0 device:0x4005725eac00 size:7200 presentcount:0+2 line:482 name:var%i2(:)
host:0x401fc8f0 device:0x4005725eca00 size:7200 presentcount:0+2 line:482 name:var%i3(:)
host:0x401fe960 device:0x400634c5fa00 size:921600 presentcount:0+2 line:482 name:var%index(:,:)
host:0x402df990 device:0x4005725fcc00 size:2560 presentcount:0+1 line:569 name:var%ind1(:)
host:0x402e03c0 device:0x4005725fd600 size:2824 presentcount:0+1 line:569 name:var%indcol(:)
host:0x402e0ef0 device:0x4005725f7c00 size:2824 presentcount:0+1 line:482 name:var%i2(:)
host:0x402e1a20 device:0x4005725f8800 size:2824 presentcount:0+1 line:482 name:var%i3(:)
host:0x402e2550 device:0x4005725f9400 size:1512 presentcount:0+1 line:482 name:var%i2(:)
host:0x402e2b60 device:0x4005725f9a00 size:1512 presentcount:0+1 line:482 name:var%i3(:)
host:0x402e3170 device:0x4004fc1fba00 size:4320 presentcount:0+2 line:430 name:var%nlimax(:)
host:0x402e4280 device:0x4004fc1fce00 size:4324 presentcount:0+2 line:430 name:var%lmbase(:)
host:0x402e5390 device:0x4004fc1fe200 size:4324 presentcount:0+2 line:430 name:var%nlibase(:)
host:0x402e64a0 device:0x40031e5f1c00 size:17132 presentcount:0+4 line:519 name:var%nindpwconjg(:)
host:0x402ea7c0 device:0x40031e5f6000 size:17132 presentcount:0+4 line:519 name:var%ind_in_sphere(:)
host:0x402efa10 device:0x4005725fa400 size:516 presentcount:0+1 line:499 name:var%ptr(:)
host:0x402efc40 device:0x4005725fa000 size:516 presentcount:0+1 line:499 name:var%n(:)
host:0x402efe70 device:0x400a121b9400 size:181440 presentcount:0+1 line:499 name:var%tbli(:)
host:0x4031c360 device:0x4005725fac00 size:516 presentcount:0+1 line:499 name:var%ptri(:)
host:0x4031c6e0 device:0x4005725fc000 size:1280 presentcount:0+1 line:569 name:var%ind1(:)
host:0x4031cc10 device:0x4005725fc600 size:688 presentcount:0+1 line:569 name:var%indcol(:)
host:0x4031cef0 device:0x40044c32e800 size:180000 presentcount:0+4 line:482 name:var%i2(:)
host:0x40348e40 device:0x40044c35a800 size:180000 presentcount:0+4 line:482 name:var%i3(:)
host:0x40374d90 device:0x4005723bca00 size:180000 presentcount:0+8 line:482 name:var%index(:,:)
host:0x403a0ce0 device:0x4005729bca00 size:180000 presentcount:0+8 line:482 name:var%i2(:)
host:0x403ccc30 device:0x40044c386800 size:180000 presentcount:0+8 line:482 name:var%i3(:)
host:0x403f91b0 device:0x400572400000 size:1821184 presentcount:0+3 line:616 name:var%nindpw(:,:)
host:0x405b5be0 device:0x4005725bca00 size:180000 presentcount:0+3 line:616 name:var%pl_index(:,:)
host:0x405e1b30 device:0x4005727bca00 size:180000 presentcount:0+3 line:616 name:var%pl_col(:,:)
host:0x4060da80 device:0x4005723f0200 size:4324 presentcount:0+2 line:405 name:var%lmbase(:)
host:0x4060eb90 device:0x40051c3ffa00 size:400 presentcount:0+2 line:464 name:var
host:0x4060ed20 device:0x40051c3ffe00 size:400 presentcount:0+2 line:464 name:var
host:0x4067f740 device:0x400634c00000 size:220160 presentcount:0+1 line:499 name:var%tbl(:)
host:0x406eafa0 device:0x4005725fa800 size:516 presentcount:0+1 line:499 name:var%ni(:)
host:0x406eb1d0 device:0x400a123b9400 size:181440 presentcount:0+1 line:499 name:var%tbl(:)
host:0x407176c0 device:0x4005725fb400 size:516 presentcount:0+1 line:499 name:var%ptr(:)
host:0x407178f0 device:0x4005725fb000 size:516 presentcount:0+1 line:499 name:var%n(:)
host:0x40717b20 device:0x4005725fbc00 size:516 presentcount:0+1 line:499 name:var%ptri(:)
host:0x40717d50 device:0x4005725fb800 size:516 presentcount:0+1 line:499 name:var%ni(:)
host:0x4071a060 device:0x4005725f2800 size:516 presentcount:0+1 line:499 name:var%n(:)
host:0x4072a800 device:0x4005725f2c00 size:516 presentcount:0+1 line:499 name:var%ptr(:)
host:0x40879a80 device:0x400635600000 size:7284736 presentcount:0+3 line:616 name:var%datake(:,:,:)
host:0x40f6cd00 device:0x400572600000 size:1821184 presentcount:0+3 line:616 name:var%igx(:,:)
host:0x4112a390 device:0x400572200000 size:1821184 presentcount:0+3 line:616 name:var%igy(:,:)
host:0x412e7c30 device:0x400572800000 size:1821184 presentcount:0+3 line:616 name:var%igz(:,:)
host:0x414a5b00 device:0x400573200000 size:7284272 presentcount:0+4 line:519 name:var%fftsca(:,:)
host:0x41b99db0 device:0x4005725f3400 size:516 presentcount:0+1 line:499 name:var%ptri(:)
host:0x41b99fe0 device:0x4005725f3000 size:516 presentcount:0+1 line:499 name:var%ni(:)
host:0x41b9a210 device:0x4005725f3c00 size:516 presentcount:0+1 line:499 name:var%ptr(:)
host:0x41b9a440 device:0x4005725f3800 size:516 presentcount:0+1 line:499 name:var%n(:)
host:0x41b9a670 device:0x4005725f4400 size:516 presentcount:0+1 line:499 name:var%ptri(:)
host:0x41b9a8a0 device:0x4005725f4000 size:516 presentcount:0+1 line:499 name:var%ni(:)
host:0x41c57d10 device:0x400634e00000 size:1807360 presentcount:0+1 line:499 name:var%tbl(:)
host:0x41fcd900 device:0x400a12000000 size:1807200 presentcount:0+1 line:499 name:var%tbli(:)
host:0x42188970 device:0x400a12200000 size:1807200 presentcount:0+1 line:499 name:var%tbl(:)
host:0x42452420 device:0x40051c3f4000 size:41984 presentcount:0+1 line:746 name:var%auxtot(:,:,:)
host:0x42492420 device:0x40031e5e4000 size:41984 presentcount:0+2 line:746 name:var%fertot(:,:,:)
host:0x424a0030 device:0x40044c31a000 size:83968 presentcount:0+2 line:746 name:var%celtot(:,:,:)
host:0x424ff080 device:0x400a12400000 size:1807200 presentcount:0+1 line:499 name:var%tbli(:)
host:0x441ac190 device:0x400572a00000 size:7200000 presentcount:0+1 line:195 name:dencor(:)
host:0x44f76480 device:0x400571e00000 size:2799360 presentcount:0+2 line:194 name:cdij(:,:,:,:)
host:0x45225ba0 device:0x400a12600000 size:2799360 presentcount:0+2 line:194 name:cqij(:,:,:,:)
host:0x45785850 device:0x400635200000 size:4030464 presentcount:0+5 line:746 name:var%gproj(:,:,:,:)
host:0x45e06050 device:0x400a121f5600 size:2048 presentcount:0+1 line:179 name:wtmp(:)
host:0x45e13290 device:0x40044c3ca800 size:98304 presentcount:0+1 line:1101 name:w1%gproj(:)
host:0x4cce4a80 device:0x400634d40a00 size:393216 presentcount:0+2 line:1226 name:wa%gproj(:,:)
host:0x4cd44ab0 device:0x400a038c0000 size:393216 presentcount:0+2 line:1226 name:wa%gproj(:,:)
host:0x4cdac070 device:0x400b95600000 size:3145728 presentcount:0+2 line:1226 name:wa%gproj(:,:)
host:0x50fc3560 device:0x4005729fe200 size:2048 presentcount:0+1 line:179 name:w1(:)
host:0x50ffb7d0 device:0x400a71e00000 size:7284736 presentcount:0+1 line:1101 name:w1%cptwfp(:)
host:0x516ee000 device:0x40044c3b2800 size:98304 presentcount:0+1 line:1101 name:w1%gproj(:)
host:0x51706030 device:0x400a123e5a00 size:98304 presentcount:0+1 line:1101 name:w1%gproj(:)
host:0x5171e060 device:0x40044c3e2800 size:98304 presentcount:0+1 line:1101 name:w1%gproj(:)
host:0x51942f70 device:0x400b96a00000 size:14569472 presentcount:0+1 line:202 name:precon(:,:)
host:0x5272fd70 device:0x400a0fa00000 size:7284736 presentcount:0+1 line:1101 name:w1%cptwfp(:)
host:0x52e2a9a0 device:0x400b95a00000 size:7284736 presentcount:0+1 line:1101 name:w1%cptwfp(:)
host:0x5351d5f0 device:0x400b96200000 size:7284736 presentcount:0+1 line:1101 name:w1%cptwfp(:)
host:0x4004600010a0 device:0x400573a00000 size:45593280 presentcount:0+2 line:430 name:var%nli(:,:)
host:0x400462b812b0 device:0x400580000000 size:807411968 presentcount:0+2 line:430 name:var%rproj(:)
host:0x400492d939e0 device:0x400a12a00000 size:14458880 presentcount:0+1 line:195 name:cstrf(:,:)
host:0x400497206f80 device:0x400b91e00000 size:29138944 presentcount:0+2 line:1226 name:wa%cptwfp(:,:)
host:0x40049be87190 device:0x400b93a00000 size:29138944 presentcount:0+2 line:1226 name:wa%cptwfp(:,:)
host:0x4005400031a0 device:0x4005edc00000 size:230400000 presentcount:0+2 line:194 name:sv(:,:)
host:0x40054dbc4a60 device:0x400560000000 size:298674176 presentcount:0+5 line:746 name:var%cptwfp(:,:,:,:)
host:0x400600000020 device:0x4009e0000000 size:230400000 presentcount:0+1 line:1101 name:w1%cr(:)
host:0x4006a00073a0 device:0x400a60000000 size:233111552 presentcount:0+2 line:1226 name:wa%cptwfp(:,:)
host:0x4006ade679d0 device:0x400360000000 size:230400000 presentcount:0+1 line:1101 name:w1%cr(:)
host:0x4008c0007be0 device:0x4005b0400000 size:230400000 presentcount:0+1 line:1236 name:w1%cr(:)
host:0x4008cdbd8000 device:0x400620000000 size:230400000 presentcount:0+1 line:1101 name:w1%cr(:)
host:0x4009c0008210 device:0x4005e0000000 size:230400000 presentcount:0+1 line:1236 name:w1%cr(:)
host:0x4009cdbd0230 device:0x400b71e00000 size:230400000 presentcount:0+1 line:1236 name:w1%cr(:)
host:0x400a40000650 device:0x400b51e00000 size:230400000 presentcount:0+1 line:1101 name:w1%cr(:)
host:0x400a4dbc0860 device:0x400b31e00000 size:230400000 presentcount:0+1 line:1236 name:w1%cr(:)
host:0xffffc7294140 device:0x400a121f6200 size:3024 presentcount:0+12 line:682 name:var
host:0xffffc7294d10 device:0x4004dc3ff600 size:1480 presentcount:0+1 line:174 name:w_ini
host:0xffffc72952e0 device:0x4005725ff600 size:1480 presentcount:0+1 line:174 name:wopt
host:0xffffc72958b0 device:0x4004fc1fa400 size:1480 presentcount:0+1 line:174 name:wtmpa
allocated block device:0x40031e5e4000 size:41984 thread:1
allocated block device:0x40031e5ee400 size:512 thread:1
allocated block device:0x40031e5ee600 size:512 thread:1
allocated block device:0x40031e5ee800 size:512 thread:1
allocated block device:0x40031e5eea00 size:512 thread:1
allocated block device:0x40031e5eec00 size:5120 thread:1
allocated block device:0x40031e5f0000 size:1536 thread:1
allocated block device:0x40031e5f0600 size:1024 thread:1
allocated block device:0x40031e5f0a00 size:1024 thread:1
allocated block device:0x40031e5f0e00 size:1536 thread:1
allocated block device:0x40031e5f1400 size:1024 thread:1
allocated block device:0x40031e5f1800 size:1024 thread:1
allocated block device:0x40031e5f1c00 size:17408 thread:1
allocated block device:0x40031e5f6000 size:17408 thread:1
allocated block device:0x40031e5fa400 size:2048 thread:1
allocated block device:0x40031e5fac00 size:512 thread:1
allocated block device:0x40031e5fae00 size:4608 thread:1
allocated block device:0x40031e5fc000 size:512 thread:1
allocated block device:0x40031e5fc200 size:4608 thread:1
allocated block device:0x40031e5fd400 size:3072 thread:1
allocated block device:0x40031e5fe000 size:512 thread:1
allocated block device:0x40031e5fe200 size:512 thread:1
allocated block device:0x40031e5fe400 size:512 thread:1
allocated block device:0x40031e5fe600 size:512 thread:1
allocated block device:0x40031e5fe800 size:512 thread:1
allocated block device:0x40031e5fea00 size:4608 thread:1
allocated block device:0x40031e5ffc00 size:512 thread:1
allocated block device:0x40031e5ffe00 size:512 thread:1
allocated block device:0x400360000000 size:230400000 thread:1
allocated block device:0x40044c31a000 size:83968 thread:1
allocated block device:0x40044c32e800 size:180224 thread:1
allocated block device:0x40044c35a800 size:180224 thread:1
allocated block device:0x40044c386800 size:180224 thread:1
allocated block device:0x40044c3b2800 size:98304 thread:1
allocated block device:0x40044c3ca800 size:98304 thread:1
allocated block device:0x40044c3e2800 size:98304 thread:1
allocated block device:0x4004bc3ff800 size:1024 thread:1
allocated block device:0x4004dc3ff600 size:1536 thread:1
allocated block device:0x4004fc1fa400 size:2048 thread:1
allocated block device:0x4004fc1fae00 size:2560 thread:1
allocated block device:0x4004fc1fb800 size:512 thread:1
allocated block device:0x4004fc1fba00 size:4608 thread:1
allocated block device:0x4004fc1fcc00 size:512 thread:1
allocated block device:0x4004fc1fce00 size:4608 thread:1
allocated block device:0x4004fc1fe000 size:512 thread:1
allocated block device:0x4004fc1fe200 size:4608 thread:1
allocated block device:0x4004fc1ff400 size:512 thread:1
allocated block device:0x4004fc1ff600 size:512 thread:1
allocated block device:0x4004fc1ff800 size:512 thread:1
allocated block device:0x4004fc1ffa00 size:512 thread:1
allocated block device:0x4004fc1ffc00 size:512 thread:1
allocated block device:0x4004fc1ffe00 size:512 thread:1
allocated block device:0x40051c3f4000 size:41984 thread:1
allocated block device:0x40051c3fe400 size:5120 thread:1
allocated block device:0x40051c3ff800 size:512 thread:1
allocated block device:0x40051c3ffa00 size:512 thread:1
allocated block device:0x40051c3ffc00 size:512 thread:1
allocated block device:0x40051c3ffe00 size:512 thread:1
allocated block device:0x400560000000 size:298674176 thread:1
allocated block device:0x400571e00000 size:4030464 thread:1
allocated block device:0x400572200000 size:1821184 thread:1
allocated block device:0x4005723bca00 size:180224 thread:1
allocated block device:0x4005723e8a00 size:26112 thread:1
allocated block device:0x4005723ef000 size:4608 thread:1
allocated block device:0x4005723f0200 size:4608 thread:1
allocated block device:0x4005723f1400 size:24064 thread:1
allocated block device:0x4005723f7200 size:512 thread:1
allocated block device:0x4005723f7400 size:24064 thread:1
allocated block device:0x4005723fd200 size:512 thread:1
allocated block device:0x4005723fd400 size:512 thread:1
allocated block device:0x4005723fd600 size:3072 thread:1
allocated block device:0x4005723fe200 size:3072 thread:1
allocated block device:0x4005723fee00 size:512 thread:1
allocated block device:0x4005723ff000 size:1536 thread:1
allocated block device:0x4005723ff600 size:2560 thread:1
allocated block device:0x400572400000 size:1821184 thread:1
allocated block device:0x4005725bca00 size:180224 thread:1
allocated block device:0x4005725e8a00 size:5120 thread:1
allocated block device:0x4005725e9e00 size:1536 thread:1
allocated block device:0x4005725ea400 size:2048 thread:1
allocated block device:0x4005725eac00 size:7680 thread:1
allocated block device:0x4005725eca00 size:7680 thread:1
allocated block device:0x4005725ee800 size:3072 thread:1
allocated block device:0x4005725ef400 size:3072 thread:1
allocated block device:0x4005725f0000 size:5120 thread:1
allocated block device:0x4005725f1400 size:5120 thread:1
allocated block device:0x4005725f2800 size:1024 thread:1
allocated block device:0x4005725f2c00 size:1024 thread:1
allocated block device:0x4005725f3000 size:1024 thread:1
allocated block device:0x4005725f3400 size:1024 thread:1
allocated block device:0x4005725f3800 size:1024 thread:1
allocated block device:0x4005725f3c00 size:1024 thread:1
allocated block device:0x4005725f4000 size:1024 thread:1
allocated block device:0x4005725f4400 size:1024 thread:1
allocated block device:0x4005725f4800 size:5120 thread:1
allocated block device:0x4005725f5c00 size:1536 thread:1
allocated block device:0x4005725f6200 size:1024 thread:1
allocated block device:0x4005725f6600 size:1024 thread:1
allocated block device:0x4005725f6a00 size:1536 thread:1
allocated block device:0x4005725f7000 size:1024 thread:1
allocated block device:0x4005725f7400 size:1024 thread:1
allocated block device:0x4005725f7800 size:1024 thread:1
allocated block device:0x4005725f7c00 size:3072 thread:1
allocated block device:0x4005725f8800 size:3072 thread:1
allocated block device:0x4005725f9400 size:1536 thread:1
allocated block device:0x4005725f9a00 size:1536 thread:1
allocated block device:0x4005725fa000 size:1024 thread:1
allocated block device:0x4005725fa400 size:1024 thread:1
allocated block device:0x4005725fa800 size:1024 thread:1
allocated block device:0x4005725fac00 size:1024 thread:1
allocated block device:0x4005725fb000 size:1024 thread:1
allocated block device:0x4005725fb400 size:1024 thread:1
allocated block device:0x4005725fb800 size:1024 thread:1
allocated block device:0x4005725fbc00 size:1024 thread:1
allocated block device:0x4005725fc000 size:1536 thread:1
allocated block device:0x4005725fc600 size:1024 thread:1
allocated block device:0x4005725fca00 size:512 thread:1
allocated block device:0x4005725fcc00 size:2560 thread:1
allocated block device:0x4005725fd600 size:3072 thread:1
allocated block device:0x4005725ff600 size:2560 thread:1
allocated block device:0x400572600000 size:1821184 thread:1
allocated block device:0x4005727bca00 size:180224 thread:1
allocated block device:0x4005727e8a00 size:28672 thread:1
allocated block device:0x4005727efa00 size:40448 thread:1
allocated block device:0x4005727f9800 size:8192 thread:1
allocated block device:0x4005727fb800 size:8192 thread:1
allocated block device:0x4005727fd800 size:8192 thread:1
allocated block device:0x4005727ff800 size:512 thread:1
allocated block device:0x400572800000 size:1821184 thread:1
allocated block device:0x4005729bca00 size:180224 thread:1
allocated block device:0x4005729e8a00 size:40448 thread:1
allocated block device:0x4005729fe200 size:2048 thread:1
allocated block device:0x400572a00000 size:7284736 thread:1
allocated block device:0x400573200000 size:7284736 thread:1
allocated block device:0x400573a00000 size:45593600 thread:1
allocated block device:0x400580000000 size:807412224 thread:1
allocated block device:0x4005b0400000 size:230400000 thread:1
allocated block device:0x4005e0000000 size:230400000 thread:1
allocated block device:0x4005edc00000 size:230400000 thread:1
allocated block device:0x400620000000 size:230400000 thread:1
allocated block device:0x400634c00000 size:391680 thread:1
allocated block device:0x400634c5fa00 size:921600 thread:1
allocated block device:0x400634d40a00 size:393216 thread:1
allocated block device:0x400634e00000 size:2799616 thread:1
allocated block device:0x400635200000 size:4030464 thread:1
allocated block device:0x400635600000 size:7284736 thread:1
allocated block device:0x4009e0000000 size:298674176 thread:1
allocated block device:0x400a038c0000 size:393216 thread:1
allocated block device:0x400a0fa00000 size:7284736 thread:1
allocated block device:0x400a12000000 size:1807360 thread:1
allocated block device:0x400a121b9400 size:181760 thread:1
allocated block device:0x400a121f5600 size:3072 thread:1
allocated block device:0x400a121f6200 size:3072 thread:1
allocated block device:0x400a12200000 size:1807360 thread:1
allocated block device:0x400a123b9400 size:181760 thread:1
allocated block device:0x400a123e5a00 size:98304 thread:1
allocated block device:0x400a12400000 size:1807360 thread:1
allocated block device:0x400a12600000 size:2799616 thread:1
allocated block device:0x400a12a00000 size:14458880 thread:1
allocated block device:0x400a60000000 size:298674176 thread:1
allocated block device:0x400a71e00000 size:7284736 thread:1
allocated block device:0x400b31e00000 size:230400000 thread:1
allocated block device:0x400b51e00000 size:230400000 thread:1
allocated block device:0x400b71e00000 size:230400000 thread:1
allocated block device:0x400b91e00000 size:29138944 thread:1
allocated block device:0x400b93a00000 size:29138944 thread:1
allocated block device:0x400b95600000 size:3145728 thread:1
allocated block device:0x400b95a00000 size:7284736 thread:1
allocated block device:0x400b96200000 size:7284736 thread:1
allocated block device:0x400b96a00000 size:14569472 thread:1
Accelerator Fatal Error: call to cuMemAlloc returned error 2 (CUDA_ERROR_OUT_OF_MEMORY): Out of memory
 File: /lus/lfs1aip2/projects/u6cb/software/VASP/vasp.6.5.1/build/gam/hamil.f90
 Function: hamiltmu:978
 Line: 1005

srun: error: nid011316: tasks 105,110: Exited with exit code 1
srun: Terminating StepId=3298631.0
slurmstepd: error: *** STEP 3298631.0 ON nid011308 CANCELLED AT 2026-03-23T22:31:59 ***
srun: error: nid011308: task 14: Exited with exit code 1
srun: error: nid011310: tasks 64,66-68,70-83,85-95: Terminated
srun: error: nid011310: tasks 65,69,84: Exited with exit code 1
srun: error: nid011309: tasks 32-44,46-54,56-58,60-63: Terminated
srun: error: nid011309: tasks 45,55,59: Exited with exit code 1
srun: error: nid011316: tasks 96-104,106-109,111-127: Terminated
srun: error: nid011308: tasks 0-13,15-31: Terminated
srun: Force Terminated StepId=3298631.0
