rm: cannot remove 'WAVECAR': No such file or directory
 running   64 mpi-ranks, with    8 threads/rank, on    2 nodes
 distrk:  each k-point on   64 cores,    1 groups
 distr:  one band on    1 cores,   64 groups
 Offloading initialized ...    8 GPUs detected
 WARNING: INIT_OFFLOAD: several MPI-ranks need to share a GPU, which is not
     supported by NCCL. The use of NCCL will be switched off. To avoid this,
     reduce the number of MPI-ranks: #-of-ranks <= #-of-GPUs (on every node!).

Out of memory allocating 921600000 bytes of device memory
Failing in Thread:1
total/free CUDA memory: 102005473280/1006370816
Present table dump for device[1]: NVIDIA Tesla GPU 0, compute capability 9.0, threadid=1
Hint: specify 0x800 bit in NV_ACC_DEBUG for verbose info.
host:0x2557280 device:0x4005e3df6c00 size:32 presentcount:0+3 line:643 name:var%comm
host:0x25572a0 device:0x4005e3dbca00 size:32 presentcount:0+4 line:652 name:var%comm_kinter
host:0x25572c0 device:0x4005e3dbcc00 size:32 presentcount:0+6 line:655 name:var%comm_kin
host:0x25572e0 device:0x40031e3ffa00 size:32 presentcount:0+3 line:646 name:var%comm_inter
host:0x2557300 device:0x40031e3ffc00 size:32 presentcount:0+7 line:649 name:var%comm_inb
host:0x256be80 device:0x40031a0ecd00 size:8 presentcount:0+1 line:-1 name:_setexm_struct_def_21
host:0x2576f40 device:0x40031a0ece00 size:28 presentcount:0+1 line:-1 name:_ml_ff_constant_21
host:0x2577c80 device:0x40031a0ecf00 size:30437 presentcount:0+1 line:-1 name:_ml_ff_taglist_21
host:0x25afc80 device:0x40031a0f4600 size:8 presentcount:0+1 line:-1 name:_mopenacc_tutor_21
host:0x25c2740 device:0x40031a0f4a00 size:32 presentcount:0+1 line:-1 name:_mbj_21
host:0x25cd640 device:0x40031a0f4d00 size:8 presentcount:0+1 line:-1 name:_sym_prec_21
host:0x26030c0 device:0x40031a0f4e00 size:344 presentcount:0+1 line:-1 name:_tet_21
host:0x261c840 device:0x40031a0f5000 size:392 presentcount:0+1 line:-1 name:_mymath_21
host:0x2817368 device:0x4005e3dbd800 size:4800 presentcount:0+2 line:614 name:var
host:0x2818628 device:0x4005e3df5000 size:1984 presentcount:0+2 line:403 name:var
host:0x281a910 device:0x4004dc1ff600 size:864 presentcount:0+4 line:2639 name:hamiltonian
host:0x286ac80 device:0x4005e3dfe600 size:2712 presentcount:0+2 line:428 name:var
host:0x286b718 device:0x40051c1fea00 size:2248 presentcount:0+1 line:742 name:var
host:0x286eb50 device:0x4005e41ff800 size:288 presentcount:0+1 line:195 name:latt_cur
host:0x2871658 device:0x40031e3fc000 size:5088 presentcount:0+28 line:517 name:var
host:0x2872a38 device:0x4004503fa600 size:5088 presentcount:0+6 line:517 name:var
host:0x2873e18 device:0x4005e3ff9c00 size:5088 presentcount:0+7 line:517 name:var
host:0x287a2a8 device:0x4005e41eb800 size:304 presentcount:0+1 line:567 name:var
host:0x287a3d8 device:0x4005e41ec600 size:304 presentcount:0+1 line:567 name:var
host:0x2e48ec0 device:0x40031a002600 size:960024 presentcount:0+1 line:-1 name:_setexm_struct_def_16
host:0x2f8f080 device:0x40031a0f4700 size:580 presentcount:0+1 line:-1 name:_wpbe_16
host:0x2f8f900 device:0x40031a0f4b00 size:288 presentcount:0+1 line:-1 name:_mbj_16
host:0x9f446c0 device:0x40031a0f5200 size:624 presentcount:0+1 line:-1 name:_mlr_optic_16
host:0x3dbfce70 device:0x4005e3dffa00 size:8 presentcount:0+2 line:616 name:var%wtkpt(:)
host:0x3dbfcea0 device:0x4005e3dff400 size:8 presentcount:0+3 line:616 name:var%nityp(:)
host:0x3dbfd090 device:0x4005e3dbd600 size:16 presentcount:0+2 line:430 name:var%psrmax(:)
host:0x3dbfd0d0 device:0x4005e3dff200 size:8 presentcount:0+3 line:616 name:var%lmmax(:)
host:0x3dbfd100 device:0x4005e3dff600 size:8 presentcount:0+3 line:616 name:var%nt_global(:)
host:0x3dbfd130 device:0x4005e3dffe00 size:4 presentcount:0+2 line:616 name:var%nplwkp(:)
host:0x3dcd8170 device:0x4005e41eae00 size:260 presentcount:0+1 line:499 name:var%ptri(:)
host:0x3dcd8460 device:0x4004503ffc00 size:260 presentcount:0+1 line:499 name:var%n(:)
host:0x3ecb9f80 device:0x4004503fd600 size:528 presentcount:0+1 line:480 name:var
host:0x3ecc4280 device:0x4005e3dff800 size:24 presentcount:0+3 line:616 name:var%vkpt(:,:)
host:0x413e3ec0 device:0x40051c1ff600 size:400 presentcount:0+2 line:464 name:var
host:0x413e4050 device:0x40051c1ffa00 size:400 presentcount:0+2 line:464 name:var
host:0x46f5d640 device:0x4004503ffe00 size:260 presentcount:0+1 line:499 name:var%ptr(:)
host:0x46f99e40 device:0x4005e3dbf600 size:1000 presentcount:0+4 line:519 name:var%lpctz(:)
host:0x473654f0 device:0x40031e3ffe00 size:8 presentcount:0+4 line:405 name:var%nityp(:)
host:0x47406880 device:0x40051c1ff800 size:24 presentcount:0+3 line:466 name:var%lps(:)
host:0x4741efa0 device:0x4005e41eea00 size:28464 presentcount:0+1 line:853 name:var(:)
host:0x47428390 device:0x40051c1ffc00 size:24 presentcount:0+3 line:466 name:var%lps(:)
host:0x47428410 device:0x4005e41f5a00 size:40000 presentcount:0+1 line:857 name:var%psp(:,:)
host:0x4743da10 device:0x4005e43eca00 size:40000 presentcount:0+1 line:857 name:var%psp(:,:)
host:0x47447680 device:0x4005e43f6800 size:8000 presentcount:0+1 line:857 name:var%psprho(:)
host:0x4744a910 device:0x4005e3ff2000 size:24000 presentcount:0+2 line:466 name:var%psprnl(:,:,:)
host:0x4747a2f0 device:0x4005e3fe9c00 size:4320 presentcount:0+4 line:405 name:var%ityp(:)
host:0x4747b400 device:0x4005e3df8000 size:25920 presentcount:0+4 line:405 name:var%posion(:,:)
host:0x474c3770 device:0x4005e43e8a00 size:8000 presentcount:0+1 line:857 name:var%pspcor(:)
host:0x474c56e0 device:0x4005e43eaa00 size:8000 presentcount:0+1 line:857 name:var%psprho(:)
host:0x474c8970 device:0x4005e3fec000 size:24000 presentcount:0+2 line:466 name:var%psprnl(:,:,:)
host:0x47e93070 device:0x4005e3fe8a00 size:4320 presentcount:0+3 line:616 name:var%ityp(:)
host:0x47e94180 device:0x4005e3df6e00 size:4320 presentcount:0+3 line:616 name:var%npro_pos(:)
host:0x47e95290 device:0x4005e3df5a00 size:4324 presentcount:0+3 line:616 name:var%lmbase(:)
host:0x47e963a0 device:0x4005e3ff1e00 size:4 presentcount:0+2 line:616 name:var%nplwkp_tot(:)
host:0x47e963d0 device:0x4005e3ff7e00 size:4 presentcount:0+2 line:616 name:var%ngvector_pos(:)
host:0x47e96400 device:0x4005e3dffc00 size:4 presentcount:0+2 line:616 name:var%ngvector(:)
host:0x47e96430 device:0x4005e3dbf200 size:720 presentcount:0+4 line:519 name:var%lpcty(:)
host:0x47e96730 device:0x4005e3df5800 size:8 presentcount:0+2 line:616 name:var%nb_totk(:,:)
host:0x47e96760 device:0x4005e3ff8000 size:4 presentcount:0+2 line:616 name:var%luseinv(:)
host:0x47e96790 device:0x4005e3dbd200 size:4 presentcount:0+2 line:616 name:var%at_gamma(:)
host:0x47e968c0 device:0x4005e3ff9a00 size:8 presentcount:0+2 line:405 name:var%lmmax(:)
host:0x47e9e930 device:0x4005e3dbec00 size:1280 presentcount:0+4 line:519 name:var%lpctx(:)
host:0x47e9ee60 device:0x4005e3dbfa00 size:1280 presentcount:0+4 line:519 name:var%lpctx_(:)
host:0x47e9f390 device:0x4005e3dc0000 size:720 presentcount:0+4 line:519 name:var%lpcty_(:)
host:0x47e9f690 device:0x4005e3dc0400 size:1000 presentcount:0+4 line:519 name:var%lpctz_(:)
host:0x47e9faa0 device:0x4004503fba00 size:1280 presentcount:0+1 line:519 name:var%lpctx(:)
host:0x47e9ffd0 device:0x4004503fc000 size:720 presentcount:0+1 line:519 name:var%lpcty(:)
host:0x47ea02d0 device:0x4004503fc400 size:1000 presentcount:0+1 line:519 name:var%lpctz(:)
host:0x47ea06e0 device:0x4004503fc800 size:1280 presentcount:0+1 line:519 name:var%lpctx_(:)
host:0x47ea0c10 device:0x4004503fce00 size:720 presentcount:0+1 line:519 name:var%lpcty_(:)
host:0x47ea0f10 device:0x4004503fd200 size:1000 presentcount:0+1 line:519 name:var%lpctz_(:)
host:0x47ea1320 device:0x4005e3ff8200 size:2560 presentcount:0+1 line:519 name:var%lpctx(:)
host:0x47ea1d50 device:0x4005e3ffb000 size:1440 presentcount:0+1 line:519 name:var%lpcty(:)
host:0x47ea2320 device:0x4005e3ff8e00 size:2000 presentcount:0+1 line:519 name:var%lpctz(:)
host:0x47ea2b20 device:0x4005e3ffb600 size:2560 presentcount:0+1 line:519 name:var%lpctx_(:)
host:0x47ea3550 device:0x4005e3ffc000 size:1440 presentcount:0+1 line:519 name:var%lpcty_(:)
host:0x47ea3b20 device:0x4005e3ffc600 size:2000 presentcount:0+1 line:519 name:var%lpctz_(:)
host:0x47f975a0 device:0x4005e3ffce00 size:5648 presentcount:0+1 line:482 name:var%i2(:)
host:0x47f98be0 device:0x4005e3ffe600 size:5648 presentcount:0+1 line:482 name:var%i3(:)
host:0x47f9a220 device:0x4004503f4c00 size:10040 presentcount:0+1 line:482 name:var%i2(:)
host:0x47f9c980 device:0x4004503f7400 size:10040 presentcount:0+1 line:482 name:var%i3(:)
host:0x47f9f0e0 device:0x4004503ed800 size:14400 presentcount:0+2 line:482 name:var%i2(:)
host:0x47fa2950 device:0x4004503f1200 size:14400 presentcount:0+2 line:482 name:var%i3(:)
host:0x47fa6a00 device:0x400674c5fa00 size:921600 presentcount:0+2 line:482 name:var%index(:,:)
host:0x48087a30 device:0x4005e41ec800 size:2560 presentcount:0+1 line:569 name:var%ind1(:)
host:0x48088460 device:0x4005e41ed200 size:5648 presentcount:0+1 line:569 name:var%indcol(:)
host:0x48089aa0 device:0x4004503fda00 size:5648 presentcount:0+1 line:482 name:var%i2(:)
host:0x4808b0e0 device:0x4005e41e8a00 size:5648 presentcount:0+1 line:482 name:var%i3(:)
host:0x4808c720 device:0x4004503ff200 size:2520 presentcount:0+1 line:482 name:var%i2(:)
host:0x4808d120 device:0x4005e41ea200 size:2520 presentcount:0+1 line:482 name:var%i3(:)
host:0x4808db20 device:0x400674c00000 size:230400 presentcount:0+1 line:482 name:var%i2(:)
host:0x480c5f50 device:0x40031e3fd400 size:4320 presentcount:0+2 line:430 name:var%nlimax(:)
host:0x480c70e0 device:0x40051c1ffe00 size:260 presentcount:0+1 line:499 name:var%n(:)
host:0x480c7210 device:0x4004503f9c00 size:260 presentcount:0+1 line:499 name:var%ptri(:)
host:0x480c7340 device:0x4005e3fffe00 size:260 presentcount:0+1 line:499 name:var%ni(:)
host:0x480c7470 device:0x4004503fa000 size:260 presentcount:0+1 line:499 name:var%ptr(:)
host:0x480c76c0 device:0x4005e41eac00 size:260 presentcount:0+1 line:499 name:var%ni(:)
host:0x480c77f0 device:0x4005e41eb200 size:260 presentcount:0+1 line:499 name:var%ptr(:)
host:0x480c7920 device:0x4005e41eb000 size:260 presentcount:0+1 line:499 name:var%n(:)
host:0x480c7a50 device:0x4005e41eb600 size:260 presentcount:0+1 line:499 name:var%ptri(:)
host:0x480c7bd0 device:0x4005e41eba00 size:1280 presentcount:0+1 line:569 name:var%ind1(:)
host:0x480c8100 device:0x4005e41ec000 size:1448 presentcount:0+1 line:569 name:var%indcol(:)
host:0x480c86d0 device:0x400450338600 size:180000 presentcount:0+4 line:482 name:var%i2(:)
host:0x480f4620 device:0x400450364600 size:180000 presentcount:0+4 line:482 name:var%i3(:)
host:0x48120570 device:0x4005e3dc9000 size:180000 presentcount:0+9 line:482 name:var%index(:,:)
host:0x4814c4c0 device:0x4005e43bca00 size:180000 presentcount:0+9 line:482 name:var%i2(:)
host:0x48178410 device:0x400450391800 size:180000 presentcount:0+9 line:482 name:var%i3(:)
host:0x481a4db0 device:0x4005e3e00000 size:1821184 presentcount:0+3 line:616 name:var%nindpw(:,:)
host:0x483617e0 device:0x4005e3fbca00 size:180000 presentcount:0+3 line:616 name:var%pl_index(:,:)
host:0x4838d730 device:0x4005e41bca00 size:180000 presentcount:0+3 line:616 name:var%pl_col(:,:)
host:0x483ba2e0 device:0x4005e4c00000 size:7284736 presentcount:0+3 line:616 name:var%datake(:,:,:)
host:0x48aad980 device:0x4005e4000000 size:1821184 presentcount:0+3 line:616 name:var%igx(:,:)
host:0x48c6b430 device:0x4005e3c00000 size:1821184 presentcount:0+3 line:616 name:var%igy(:,:)
host:0x48e290f0 device:0x4005e4200000 size:1821184 presentcount:0+3 line:616 name:var%igz(:,:)
host:0x48fe5bc0 device:0x4005e3feae00 size:4324 presentcount:0+2 line:405 name:var%lmbase(:)
host:0x48fe6cd0 device:0x4005e3dbce00 size:8 presentcount:0+2 line:430 name:var%lmax(:)
host:0x48fe6d00 device:0x4005e3dbd000 size:8 presentcount:0+2 line:430 name:var%lmmax(:)
host:0x48fe6d30 device:0x4005e3dbd400 size:8 presentcount:0+2 line:430 name:var%channels(:)
host:0x48fe6d60 device:0x40051c1ff400 size:16 presentcount:0+2 line:430 name:var%rsmooth(:)
host:0x48fe6da0 device:0x400674d40a00 size:230400 presentcount:0+1 line:482 name:var%i3(:)
host:0x4901f1d0 device:0x400674d78e00 size:230400 presentcount:0+1 line:482 name:var%index(:,:)
host:0x49057600 device:0x40031e3fe600 size:4324 presentcount:0+2 line:430 name:var%lmbase(:)
host:0x49058710 device:0x400450390600 size:4324 presentcount:0+2 line:430 name:var%nlibase(:)
host:0x4905b0e0 device:0x40067b200000 size:7284272 presentcount:0+4 line:519 name:var%fftsca(:,:)
host:0x4974d740 device:0x4005e3dc0800 size:17132 presentcount:0+4 line:519 name:var%nindpwconjg(:)
host:0x49751a60 device:0x4005e3dc4c00 size:17132 presentcount:0+4 line:519 name:var%ind_in_sphere(:)
host:0x497c7fc0 device:0x400ea4400000 size:463360 presentcount:0+1 line:499 name:var%tbl(:)
host:0x498aa420 device:0x400ea4471200 size:453600 presentcount:0+1 line:499 name:var%tbli(:)
host:0x49919030 device:0x400ea44dfe00 size:453600 presentcount:0+1 line:499 name:var%tbl(:)
host:0x499f6850 device:0x4005e41eb400 size:260 presentcount:0+1 line:499 name:var%ni(:)
host:0x499f70a0 device:0x40031e3ff800 size:260 presentcount:0+1 line:499 name:var%ptr(:)
host:0x499f73f0 device:0x4004503f9e00 size:260 presentcount:0+1 line:499 name:var%n(:)
host:0x499f7520 device:0x4004503fa400 size:260 presentcount:0+1 line:499 name:var%ptri(:)
host:0x499f7650 device:0x4004503fa200 size:260 presentcount:0+1 line:499 name:var%ni(:)
host:0x499fad80 device:0x400ea3400000 size:3614720 presentcount:0+1 line:499 name:var%tbl(:)
host:0x4a0e3dd0 device:0x400ea3800000 size:3614400 presentcount:0+1 line:499 name:var%tbli(:)
host:0x4a4587d0 device:0x400ea3c00000 size:3614400 presentcount:0+1 line:499 name:var%tbl(:)
host:0x4a7cf2d0 device:0x400674e00000 size:2799360 presentcount:0+2 line:194 name:cdij(:,:,:,:)
host:0x4aac2420 device:0x40045031a000 size:41472 presentcount:0+2 line:746 name:var%fertot(:,:,:)
host:0x4aae2420 device:0x40031e3f1e00 size:41472 presentcount:0+1 line:746 name:var%auxtot(:,:,:)
host:0x4ab42200 device:0x400ea4000000 size:3614400 presentcount:0+1 line:499 name:var%tbli(:)
host:0x4bc918a0 device:0x400450324200 size:82944 presentcount:0+2 line:746 name:var%celtot(:,:,:)
host:0x4c55afe0 device:0x400ea6200000 size:2799360 presentcount:0+2 line:194 name:cqij(:,:,:,:)
host:0x4cabb8f0 device:0x400675200000 size:7962624 presentcount:0+5 line:746 name:var%gproj(:,:,:,:)
host:0x4d4eecc0 device:0x4005e43fd400 size:2048 presentcount:0+1 line:179 name:w1(:)
host:0x4d4ef4e0 device:0x4005e43fbc00 size:2048 presentcount:0+1 line:179 name:wtmp(:)
host:0x4d4fe0e0 device:0x4004503bd800 size:98304 presentcount:0+1 line:1101 name:w1%gproj(:)
host:0x4d685d30 device:0x400ea454ea00 size:393216 presentcount:0+2 line:1226 name:wa%gproj(:,:)
host:0x4d6e5d60 device:0x4006ff8c0000 size:393216 presentcount:0+2 line:1226 name:wa%gproj(:,:)
host:0x4d745d90 device:0x4004503d5800 size:98304 presentcount:0+1 line:1101 name:w1%gproj(:)
host:0x4d75ddc0 device:0x400674dcb000 size:98304 presentcount:0+1 line:1101 name:w1%gproj(:)
host:0x4d775df0 device:0x400674de3000 size:98304 presentcount:0+1 line:1101 name:w1%gproj(:)
host:0x55d3ccf0 device:0x4010f4c00000 size:3145728 presentcount:0+2 line:1226 name:wa%gproj(:,:)
host:0x592cb040 device:0x4010f5000000 size:14569472 presentcount:0+1 line:202 name:precon(:,:)
host:0x5a0b8470 device:0x4005e4400000 size:7284736 presentcount:0+1 line:1101 name:w1%cptwfp(:)
host:0x5a7ab0c0 device:0x4005e3400000 size:7284736 presentcount:0+1 line:1101 name:w1%cptwfp(:)
host:0x5ae9e340 device:0x400dec000000 size:7284736 presentcount:0+1 line:1101 name:w1%cptwfp(:)
host:0x5b591bf0 device:0x400dece00000 size:7284736 presentcount:0+1 line:1101 name:w1%cptwfp(:)
host:0x4003440014c0 device:0x4005e5400000 size:45593280 presentcount:0+2 line:430 name:var%nli(:,:)
host:0x4003a8001af0 device:0x400ea4600000 size:29030400 presentcount:0+1 line:499 name:var%tbli(:)
host:0x4003abed37d0 device:0x40056e000000 size:230400000 presentcount:0+2 line:194 name:sv(:,:)
host:0x4003b9a93bf0 device:0x400ea6600000 size:14400000 presentcount:0+1 line:195 name:dencor(:)
host:0x4003bb624010 device:0x400ea7400000 size:28917760 presentcount:0+1 line:195 name:cstrf(:,:)
host:0x4004600016d0 device:0x400600000000 size:807411968 presentcount:0+2 line:430 name:var%rproj(:)
host:0x4004970e7be0 device:0x4010e3400000 size:29138944 presentcount:0+2 line:1226 name:wa%cptwfp(:,:)
host:0x400580005090 device:0x4005c0000000 size:590063616 presentcount:0+5 line:746 name:var%cptwfp(:,:,:,:)
host:0x40065d307df0 device:0x4010e5000000 size:29138944 presentcount:0+2 line:1226 name:wa%cptwfp(:,:)
host:0x4006a32c8000 device:0x4010e6c00000 size:233111552 presentcount:0+2 line:1226 name:wa%cptwfp(:,:)
host:0x4006b1120020 device:0x400660000000 size:230400000 presentcount:0+1 line:1101 name:w1%cr(:)
host:0x400700000230 device:0x400630400000 size:230400000 presentcount:0+1 line:1236 name:w1%cr(:)
host:0x40070dbc0650 device:0x4005e8000000 size:230400000 presentcount:0+1 line:1101 name:w1%cr(:)
host:0x40071b780860 device:0x400e87e00000 size:230400000 presentcount:0+1 line:1236 name:w1%cr(:)
host:0x400729340c80 device:0x4010a3400000 size:230400000 presentcount:0+1 line:1101 name:w1%cr(:)
host:0x400c00000e90 device:0x4010b1000000 size:230400000 presentcount:0+1 line:1236 name:w1%cr(:)
host:0x400c0dbc12b0 device:0x401063400000 size:230400000 presentcount:0+1 line:1101 name:w1%cr(:)
host:0x400c1b7814c0 device:0x401071000000 size:230400000 presentcount:0+1 line:1236 name:w1%cr(:)
host:0xffffeb12c180 device:0x4005e43fc800 size:3024 presentcount:0+12 line:682 name:var
host:0xffffeb12cd50 device:0x4004dc1ffa00 size:1480 presentcount:0+1 line:174 name:w_ini
host:0xffffeb12d320 device:0x4005e43fb200 size:1480 presentcount:0+1 line:174 name:wopt
host:0xffffeb12d8f0 device:0x4004bc5ff600 size:1480 presentcount:0+1 line:174 name:wtmpa
allocated block device:0x40031e3f1e00 size:41472 thread:1
allocated block device:0x40031e3fc000 size:5120 thread:1
allocated block device:0x40031e3fd400 size:4608 thread:1
allocated block device:0x40031e3fe600 size:4608 thread:1
allocated block device:0x40031e3ff800 size:512 thread:1
allocated block device:0x40031e3ffa00 size:512 thread:1
allocated block device:0x40031e3ffc00 size:512 thread:1
allocated block device:0x40031e3ffe00 size:512 thread:1
allocated block device:0x40045031a000 size:41472 thread:1
allocated block device:0x400450324200 size:82944 thread:1
allocated block device:0x400450338600 size:180224 thread:1
allocated block device:0x400450364600 size:180224 thread:1
allocated block device:0x400450390600 size:4608 thread:1
allocated block device:0x400450391800 size:180224 thread:1
allocated block device:0x4004503bd800 size:98304 thread:1
allocated block device:0x4004503d5800 size:98304 thread:1
allocated block device:0x4004503ed800 size:14848 thread:1
allocated block device:0x4004503f1200 size:14848 thread:1
allocated block device:0x4004503f4c00 size:10240 thread:1
allocated block device:0x4004503f7400 size:10240 thread:1
allocated block device:0x4004503f9c00 size:512 thread:1
allocated block device:0x4004503f9e00 size:512 thread:1
allocated block device:0x4004503fa000 size:512 thread:1
allocated block device:0x4004503fa200 size:512 thread:1
allocated block device:0x4004503fa400 size:512 thread:1
allocated block device:0x4004503fa600 size:5120 thread:1
allocated block device:0x4004503fba00 size:1536 thread:1
allocated block device:0x4004503fc000 size:1024 thread:1
allocated block device:0x4004503fc400 size:1024 thread:1
allocated block device:0x4004503fc800 size:1536 thread:1
allocated block device:0x4004503fce00 size:1024 thread:1
allocated block device:0x4004503fd200 size:1024 thread:1
allocated block device:0x4004503fd600 size:1024 thread:1
allocated block device:0x4004503fda00 size:6144 thread:1
allocated block device:0x4004503ff200 size:2560 thread:1
allocated block device:0x4004503ffc00 size:512 thread:1
allocated block device:0x4004503ffe00 size:512 thread:1
allocated block device:0x4004bc5ff600 size:2048 thread:1
allocated block device:0x4004dc1ff600 size:1024 thread:1
allocated block device:0x4004dc1ffa00 size:1536 thread:1
allocated block device:0x40051c1fea00 size:2560 thread:1
allocated block device:0x40051c1ff400 size:512 thread:1
allocated block device:0x40051c1ff600 size:512 thread:1
allocated block device:0x40051c1ff800 size:512 thread:1
allocated block device:0x40051c1ffa00 size:512 thread:1
allocated block device:0x40051c1ffc00 size:512 thread:1
allocated block device:0x40051c1ffe00 size:512 thread:1
allocated block device:0x40056e000000 size:230400000 thread:1
allocated block device:0x4005c0000000 size:590063616 thread:1
allocated block device:0x4005e3400000 size:7962624 thread:1
allocated block device:0x4005e3c00000 size:1821184 thread:1
allocated block device:0x4005e3dbca00 size:512 thread:1
allocated block device:0x4005e3dbcc00 size:512 thread:1
allocated block device:0x4005e3dbce00 size:512 thread:1
allocated block device:0x4005e3dbd000 size:512 thread:1
allocated block device:0x4005e3dbd200 size:512 thread:1
allocated block device:0x4005e3dbd400 size:512 thread:1
allocated block device:0x4005e3dbd600 size:512 thread:1
allocated block device:0x4005e3dbd800 size:5120 thread:1
allocated block device:0x4005e3dbec00 size:1536 thread:1
allocated block device:0x4005e3dbf200 size:1024 thread:1
allocated block device:0x4005e3dbf600 size:1024 thread:1
allocated block device:0x4005e3dbfa00 size:1536 thread:1
allocated block device:0x4005e3dc0000 size:1024 thread:1
allocated block device:0x4005e3dc0400 size:1024 thread:1
allocated block device:0x4005e3dc0800 size:17408 thread:1
allocated block device:0x4005e3dc4c00 size:17408 thread:1
allocated block device:0x4005e3dc9000 size:180224 thread:1
allocated block device:0x4005e3df5000 size:2048 thread:1
allocated block device:0x4005e3df5800 size:512 thread:1
allocated block device:0x4005e3df5a00 size:4608 thread:1
allocated block device:0x4005e3df6c00 size:512 thread:1
allocated block device:0x4005e3df6e00 size:4608 thread:1
allocated block device:0x4005e3df8000 size:26112 thread:1
allocated block device:0x4005e3dfe600 size:3072 thread:1
allocated block device:0x4005e3dff200 size:512 thread:1
allocated block device:0x4005e3dff400 size:512 thread:1
allocated block device:0x4005e3dff600 size:512 thread:1
allocated block device:0x4005e3dff800 size:512 thread:1
allocated block device:0x4005e3dffa00 size:512 thread:1
allocated block device:0x4005e3dffc00 size:512 thread:1
allocated block device:0x4005e3dffe00 size:512 thread:1
allocated block device:0x4005e3e00000 size:1821184 thread:1
allocated block device:0x4005e3fbca00 size:180224 thread:1
allocated block device:0x4005e3fe8a00 size:4608 thread:1
allocated block device:0x4005e3fe9c00 size:4608 thread:1
allocated block device:0x4005e3feae00 size:4608 thread:1
allocated block device:0x4005e3fec000 size:24064 thread:1
allocated block device:0x4005e3ff1e00 size:512 thread:1
allocated block device:0x4005e3ff2000 size:24064 thread:1
allocated block device:0x4005e3ff7e00 size:512 thread:1
allocated block device:0x4005e3ff8000 size:512 thread:1
allocated block device:0x4005e3ff8200 size:3072 thread:1
allocated block device:0x4005e3ff8e00 size:3072 thread:1
allocated block device:0x4005e3ff9a00 size:512 thread:1
allocated block device:0x4005e3ff9c00 size:5120 thread:1
allocated block device:0x4005e3ffb000 size:1536 thread:1
allocated block device:0x4005e3ffb600 size:2560 thread:1
allocated block device:0x4005e3ffc000 size:1536 thread:1
allocated block device:0x4005e3ffc600 size:2048 thread:1
allocated block device:0x4005e3ffce00 size:6144 thread:1
allocated block device:0x4005e3ffe600 size:6144 thread:1
allocated block device:0x4005e3fffe00 size:512 thread:1
allocated block device:0x4005e4000000 size:1821184 thread:1
allocated block device:0x4005e41bca00 size:180224 thread:1
allocated block device:0x4005e41e8a00 size:6144 thread:1
allocated block device:0x4005e41ea200 size:2560 thread:1
allocated block device:0x4005e41eac00 size:512 thread:1
allocated block device:0x4005e41eae00 size:512 thread:1
allocated block device:0x4005e41eb000 size:512 thread:1
allocated block device:0x4005e41eb200 size:512 thread:1
allocated block device:0x4005e41eb400 size:512 thread:1
allocated block device:0x4005e41eb600 size:512 thread:1
allocated block device:0x4005e41eb800 size:512 thread:1
allocated block device:0x4005e41eba00 size:1536 thread:1
allocated block device:0x4005e41ec000 size:1536 thread:1
allocated block device:0x4005e41ec600 size:512 thread:1
allocated block device:0x4005e41ec800 size:2560 thread:1
allocated block device:0x4005e41ed200 size:6144 thread:1
allocated block device:0x4005e41eea00 size:28672 thread:1
allocated block device:0x4005e41f5a00 size:40448 thread:1
allocated block device:0x4005e41ff800 size:512 thread:1
allocated block device:0x4005e4200000 size:1821184 thread:1
allocated block device:0x4005e43bca00 size:180224 thread:1
allocated block device:0x4005e43e8a00 size:8192 thread:1
allocated block device:0x4005e43eaa00 size:8192 thread:1
allocated block device:0x4005e43eca00 size:40448 thread:1
allocated block device:0x4005e43f6800 size:8192 thread:1
allocated block device:0x4005e43fb200 size:2560 thread:1
allocated block device:0x4005e43fbc00 size:3072 thread:1
allocated block device:0x4005e43fc800 size:3072 thread:1
allocated block device:0x4005e43fd400 size:2048 thread:1
allocated block device:0x4005e4400000 size:7284736 thread:1
allocated block device:0x4005e4c00000 size:7284736 thread:1
allocated block device:0x4005e5400000 size:45593600 thread:1
allocated block device:0x4005e8000000 size:230400000 thread:1
allocated block device:0x400600000000 size:807412224 thread:1
allocated block device:0x400630400000 size:230400000 thread:1
allocated block device:0x400660000000 size:230400000 thread:1
allocated block device:0x400674c00000 size:391680 thread:1
allocated block device:0x400674c5fa00 size:921600 thread:1
allocated block device:0x400674d40a00 size:230400 thread:1
allocated block device:0x400674d78e00 size:230400 thread:1
allocated block device:0x400674dcb000 size:98304 thread:1
allocated block device:0x400674de3000 size:98304 thread:1
allocated block device:0x400674e00000 size:2799616 thread:1
allocated block device:0x400675200000 size:7962624 thread:1
allocated block device:0x40067b200000 size:7284736 thread:1
allocated block device:0x4006ff8c0000 size:393216 thread:1
allocated block device:0x400dec000000 size:14400000 thread:1
allocated block device:0x400dece00000 size:14400000 thread:1
allocated block device:0x400e87e00000 size:230400000 thread:1
allocated block device:0x400ea3400000 size:3614720 thread:1
allocated block device:0x400ea3800000 size:3614720 thread:1
allocated block device:0x400ea3c00000 size:3614720 thread:1
allocated block device:0x400ea4000000 size:3614720 thread:1
allocated block device:0x400ea4400000 size:463360 thread:1
allocated block device:0x400ea4471200 size:453632 thread:1
allocated block device:0x400ea44dfe00 size:453632 thread:1
allocated block device:0x400ea454ea00 size:393216 thread:1
allocated block device:0x400ea4600000 size:29030400 thread:1
allocated block device:0x400ea6200000 size:2799616 thread:1
allocated block device:0x400ea6600000 size:14400000 thread:1
allocated block device:0x400ea7400000 size:28917760 thread:1
allocated block device:0x401063400000 size:230400000 thread:1
allocated block device:0x401071000000 size:230400000 thread:1
allocated block device:0x4010a3400000 size:230400000 thread:1
allocated block device:0x4010b1000000 size:230400000 thread:1
allocated block device:0x4010e3400000 size:29138944 thread:1
allocated block device:0x4010e5000000 size:29138944 thread:1
allocated block device:0x4010e6c00000 size:233111552 thread:1
allocated block device:0x4010f4c00000 size:3145728 thread:1
allocated block device:0x4010f5000000 size:14569472 thread:1
Accelerator Fatal Error: call to cuMemAlloc returned error 2 (CUDA_ERROR_OUT_OF_MEMORY): Out of memory
 File: /lus/lfs1aip2/projects/u6cb/software/VASP/vasp.6.5.1/build/gam/hamil.f90
 Function: hamiltmu:978
 Line: 1005

 vasp.6.5.1 10Mar25 (build Mar 18 2026 11:13:34) gamma-only                      
 POSCAR found :  2 types and    1080 ions
 scaLAPACK will be used selectively (only on CPU)
 LDA part: xc-table for (Slater(with rela. corr.)+CA(PZ))
 , standard interpolation
 POSCAR, INCAR and KPOINTS ok, starting setup
 FFT: planning ... GRIDC
 FFT: planning ... GRID_SOFT
 FFT: planning ... GRID
 WAVECAR not read
 entering main loop
       N       E                     dE             d eps       ncg     rms          rms(c)
Out of memory allocating 921600000 bytes of device memory
Failing in Thread:1
total/free CUDA memory: 102005473280/891027456
Present table dump for device[1]: NVIDIA Tesla GPU 0, compute capability 9.0, threadid=1
Hint: specify 0x800 bit in NV_ACC_DEBUG for verbose info.
host:0x2557280 device:0x4006e3df6c00 size:32 presentcount:0+3 line:643 name:var%comm
host:0x25572a0 device:0x4006e3dbca00 size:32 presentcount:0+4 line:652 name:var%comm_kinter
host:0x25572c0 device:0x4006e3dbcc00 size:32 presentcount:0+6 line:655 name:var%comm_kin
host:0x25572e0 device:0x40043e3ffa00 size:32 presentcount:0+3 line:646 name:var%comm_inter
host:0x2557300 device:0x40043e3ffc00 size:32 presentcount:0+7 line:649 name:var%comm_inb
host:0x256be80 device:0x40043a0ecd00 size:8 presentcount:0+1 line:-1 name:_setexm_struct_def_21
host:0x2576f40 device:0x40043a0ece00 size:28 presentcount:0+1 line:-1 name:_ml_ff_constant_21
host:0x2577c80 device:0x40043a0ecf00 size:30437 presentcount:0+1 line:-1 name:_ml_ff_taglist_21
host:0x25afc80 device:0x40043a0f4600 size:8 presentcount:0+1 line:-1 name:_mopenacc_tutor_21
host:0x25c2740 device:0x40043a0f4a00 size:32 presentcount:0+1 line:-1 name:_mbj_21
host:0x25cd640 device:0x40043a0f4d00 size:8 presentcount:0+1 line:-1 name:_sym_prec_21
host:0x26030c0 device:0x40043a0f4e00 size:344 presentcount:0+1 line:-1 name:_tet_21
host:0x261c840 device:0x40043a0f5000 size:392 presentcount:0+1 line:-1 name:_mymath_21
host:0x2817368 device:0x4006e3dbd800 size:4800 presentcount:0+2 line:614 name:var
host:0x2818628 device:0x4006e3df5000 size:1984 presentcount:0+2 line:403 name:var
host:0x281a910 device:0x40061c1ff600 size:864 presentcount:0+4 line:2639 name:hamiltonian
host:0x286ac80 device:0x4006e3dfe600 size:2712 presentcount:0+2 line:428 name:var
host:0x286b718 device:0x40065c1fea00 size:2248 presentcount:0+1 line:742 name:var
host:0x286eb50 device:0x4006e41ffa00 size:288 presentcount:0+1 line:195 name:latt_cur
host:0x2871658 device:0x40043e3fc000 size:5088 presentcount:0+28 line:517 name:var
host:0x2872a38 device:0x4005903fa600 size:5088 presentcount:0+6 line:517 name:var
host:0x2873e18 device:0x4006e3ff9c00 size:5088 presentcount:0+7 line:517 name:var
host:0x287a2a8 device:0x4006e41eba00 size:304 presentcount:0+1 line:567 name:var
host:0x287a3d8 device:0x4006e41ec800 size:304 presentcount:0+1 line:567 name:var
host:0x2e48ec0 device:0x40043a002600 size:960024 presentcount:0+1 line:-1 name:_setexm_struct_def_16
host:0x2f8f080 device:0x40043a0f4700 size:580 presentcount:0+1 line:-1 name:_wpbe_16
host:0x2f8f900 device:0x40043a0f4b00 size:288 presentcount:0+1 line:-1 name:_mbj_16
host:0x9f446c0 device:0x40043a0f5200 size:624 presentcount:0+1 line:-1 name:_mlr_optic_16
host:0x403a4e60 device:0x4006e3dbf600 size:1000 presentcount:0+4 line:519 name:var%lpctz(:)
host:0x403a7e70 device:0x4006e41eac00 size:260 presentcount:0+1 line:499 name:var%ni(:)
host:0x403a8160 device:0x4006e41eae00 size:260 presentcount:0+1 line:499 name:var%ptri(:)
host:0x4044f2b0 device:0x4006e3dff800 size:24 presentcount:0+3 line:616 name:var%vkpt(:,:)
host:0x4044f2f0 device:0x4006e3dff400 size:8 presentcount:0+3 line:616 name:var%nityp(:)
host:0x4044f4b0 device:0x4006e3dbd600 size:16 presentcount:0+2 line:430 name:var%psrmax(:)
host:0x4044f4f0 device:0x4006e3dff200 size:8 presentcount:0+3 line:616 name:var%lmmax(:)
host:0x4044f520 device:0x4006e3dff600 size:8 presentcount:0+3 line:616 name:var%nt_global(:)
host:0x4044f550 device:0x4006e3dffe00 size:4 presentcount:0+2 line:616 name:var%nplwkp(:)
host:0x4044f580 device:0x4006e3ff1e00 size:4 presentcount:0+2 line:616 name:var%nplwkp_tot(:)
host:0x4044f5b0 device:0x4006e3ff7e00 size:4 presentcount:0+2 line:616 name:var%ngvector_pos(:)
host:0x4044f5e0 device:0x4006e3dffc00 size:4 presentcount:0+2 line:616 name:var%ngvector(:)
host:0x4044f610 device:0x4006e3df5800 size:8 presentcount:0+2 line:616 name:var%nb_totk(:,:)
host:0x4044f640 device:0x4006e3ff8000 size:4 presentcount:0+2 line:616 name:var%luseinv(:)
host:0x4044f670 device:0x4006e3dbd200 size:4 presentcount:0+2 line:616 name:var%at_gamma(:)
host:0x4044f6a0 device:0x4006e3ff9a00 size:8 presentcount:0+2 line:405 name:var%lmmax(:)
host:0x4044f6d0 device:0x4006e3dbce00 size:8 presentcount:0+2 line:430 name:var%lmax(:)
host:0x4044f700 device:0x4006e3dbd000 size:8 presentcount:0+2 line:430 name:var%lmmax(:)
host:0x4044f730 device:0x4006e3dbd400 size:8 presentcount:0+2 line:430 name:var%channels(:)
host:0x40b23a20 device:0x4005903fd600 size:528 presentcount:0+1 line:480 name:var
host:0x40b242c0 device:0x4005903ffc00 size:260 presentcount:0+1 line:499 name:var%n(:)
host:0x442d00a0 device:0x40065c1ff600 size:400 presentcount:0+2 line:464 name:var
host:0x442d0230 device:0x40065c1ffa00 size:400 presentcount:0+2 line:464 name:var
host:0x4923e730 device:0x40043e3ffe00 size:8 presentcount:0+4 line:405 name:var%nityp(:)
host:0x49700740 device:0x4005903ffe00 size:260 presentcount:0+1 line:499 name:var%ptr(:)
host:0x49bbb560 device:0x4006e41eec00 size:28464 presentcount:0+1 line:853 name:var(:)
host:0x49bcdcc0 device:0x4006e43eca00 size:40000 presentcount:0+1 line:857 name:var%psp(:,:)
host:0x49bd7930 device:0x4006e43f6800 size:8000 presentcount:0+1 line:857 name:var%psprho(:)
host:0x49bdabc0 device:0x4006e3ff2000 size:24000 presentcount:0+2 line:466 name:var%psprnl(:,:,:)
host:0x49c0a5a0 device:0x4006e3fe9c00 size:4320 presentcount:0+4 line:405 name:var%ityp(:)
host:0x49c0b6b0 device:0x4006e3df8000 size:25920 presentcount:0+4 line:405 name:var%posion(:,:)
host:0x49c4e880 device:0x4006e43e8a00 size:8000 presentcount:0+1 line:857 name:var%pspcor(:)
host:0x49c507f0 device:0x4006e43eaa00 size:8000 presentcount:0+1 line:857 name:var%psprho(:)
host:0x49c54360 device:0x4006e41f5c00 size:40000 presentcount:0+1 line:857 name:var%psp(:,:)
host:0x49c5dfd0 device:0x4006e3fec000 size:24000 presentcount:0+2 line:466 name:var%psprnl(:,:,:)
host:0x49c70fd0 device:0x4006e3dffa00 size:8 presentcount:0+2 line:616 name:var%wtkpt(:)
host:0x49c9e080 device:0x40065c1ff800 size:24 presentcount:0+3 line:466 name:var%lps(:)
host:0x49c9e130 device:0x40065c1ffc00 size:24 presentcount:0+3 line:466 name:var%lps(:)
host:0x49d2ba40 device:0x4006e3fe8a00 size:4320 presentcount:0+3 line:616 name:var%ityp(:)
host:0x49d2cb50 device:0x4006e3df6e00 size:4320 presentcount:0+3 line:616 name:var%npro_pos(:)
host:0x49d2dc60 device:0x4006e3df5a00 size:4324 presentcount:0+3 line:616 name:var%lmbase(:)
host:0x49d2ed70 device:0x4006e3dbec00 size:1280 presentcount:0+4 line:519 name:var%lpctx(:)
host:0x49d2f2a0 device:0x4006e3dbf200 size:720 presentcount:0+4 line:519 name:var%lpcty(:)
host:0x49d2f5a0 device:0x4006e3dbfa00 size:1280 presentcount:0+4 line:519 name:var%lpctx_(:)
host:0x49d2fad0 device:0x4006e3dc0000 size:720 presentcount:0+4 line:519 name:var%lpcty_(:)
host:0x49d2fdd0 device:0x4006e3dc0400 size:1000 presentcount:0+4 line:519 name:var%lpctz_(:)
host:0x49d301e0 device:0x4005903fba00 size:1280 presentcount:0+1 line:519 name:var%lpctx(:)
host:0x49d30710 device:0x4005903fc000 size:720 presentcount:0+1 line:519 name:var%lpcty(:)
host:0x49d30a10 device:0x4005903fc400 size:1000 presentcount:0+1 line:519 name:var%lpctz(:)
host:0x49d30e20 device:0x4005903fc800 size:1280 presentcount:0+1 line:519 name:var%lpctx_(:)
host:0x49d31350 device:0x4005903fce00 size:720 presentcount:0+1 line:519 name:var%lpcty_(:)
host:0x49d31650 device:0x4005903fd200 size:1000 presentcount:0+1 line:519 name:var%lpctz_(:)
host:0x49d31a60 device:0x4006e3ff8200 size:2560 presentcount:0+1 line:519 name:var%lpctx(:)
host:0x49d32490 device:0x4006e3ffb000 size:1440 presentcount:0+1 line:519 name:var%lpcty(:)
host:0x49d32a60 device:0x4006e3ff8e00 size:2000 presentcount:0+1 line:519 name:var%lpctz(:)
host:0x49d33260 device:0x4006e3ffb600 size:2560 presentcount:0+1 line:519 name:var%lpctx_(:)
host:0x49d33c90 device:0x4006e3ffc000 size:1440 presentcount:0+1 line:519 name:var%lpcty_(:)
host:0x49d34260 device:0x4006e3ffc600 size:2000 presentcount:0+1 line:519 name:var%lpctz_(:)
host:0x49e278c0 device:0x4006e3ffce00 size:5648 presentcount:0+1 line:482 name:var%i2(:)
host:0x49e28f00 device:0x4006e3ffe600 size:5648 presentcount:0+1 line:482 name:var%i3(:)
host:0x49e2a540 device:0x4005903f4c00 size:10040 presentcount:0+1 line:482 name:var%i2(:)
host:0x49e2cca0 device:0x4005903f7400 size:10040 presentcount:0+1 line:482 name:var%i3(:)
host:0x49e2f400 device:0x4005903ed800 size:14400 presentcount:0+2 line:482 name:var%i2(:)
host:0x49e32c70 device:0x4005903f1200 size:14400 presentcount:0+2 line:482 name:var%i3(:)
host:0x49e36900 device:0x40075b85fa00 size:921600 presentcount:0+2 line:482 name:var%index(:,:)
host:0x49f17930 device:0x4006e41eca00 size:2560 presentcount:0+1 line:569 name:var%ind1(:)
host:0x49f18360 device:0x4006e41ed400 size:5648 presentcount:0+1 line:569 name:var%indcol(:)
host:0x49f199a0 device:0x4005903fda00 size:5648 presentcount:0+1 line:482 name:var%i2(:)
host:0x49f1afe0 device:0x4006e41e8a00 size:5648 presentcount:0+1 line:482 name:var%i3(:)
host:0x49f1c620 device:0x4005903ff200 size:2520 presentcount:0+1 line:482 name:var%i2(:)
host:0x49f1d020 device:0x4006e41ea200 size:2520 presentcount:0+1 line:482 name:var%i3(:)
host:0x49f1da20 device:0x40043e3fd400 size:4320 presentcount:0+2 line:430 name:var%nlimax(:)
host:0x49f1eb30 device:0x40043e3fe600 size:4324 presentcount:0+2 line:430 name:var%lmbase(:)
host:0x49f1fc40 device:0x400590390600 size:4324 presentcount:0+2 line:430 name:var%nlibase(:)
host:0x49f20d50 device:0x4006e3dc0800 size:17132 presentcount:0+4 line:519 name:var%nindpwconjg(:)
host:0x49f25070 device:0x4006e3dc4c00 size:17132 presentcount:0+4 line:519 name:var%ind_in_sphere(:)
host:0x49f2a9d0 device:0x40065c1ffe00 size:260 presentcount:0+1 line:499 name:var%n(:)
host:0x49f2ab00 device:0x4005903f9c00 size:260 presentcount:0+1 line:499 name:var%ptri(:)
host:0x49f2ac30 device:0x4006e3fffe00 size:260 presentcount:0+1 line:499 name:var%ni(:)
host:0x49f2ad60 device:0x4005903fa000 size:260 presentcount:0+1 line:499 name:var%ptr(:)
host:0x49f2ae90 device:0x4005903f9e00 size:260 presentcount:0+1 line:499 name:var%n(:)
host:0x49f2afc0 device:0x4005903fa400 size:260 presentcount:0+1 line:499 name:var%ptri(:)
host:0x49f2b0f0 device:0x4005903fa200 size:260 presentcount:0+1 line:499 name:var%ni(:)
host:0x49f2b350 device:0x4006e41eb200 size:260 presentcount:0+1 line:499 name:var%ptr(:)
host:0x49f2b480 device:0x4006e41eb000 size:260 presentcount:0+1 line:499 name:var%n(:)
host:0x49f2b5b0 device:0x4006e41eb800 size:4 presentcount:0+1 line:499 name:var%tbli(:)
host:0x49f2b5e0 device:0x4006e41eb600 size:260 presentcount:0+1 line:499 name:var%ptri(:)
host:0x49f2b710 device:0x4006e41eb400 size:260 presentcount:0+1 line:499 name:var%ni(:)
host:0x49f3c2d0 device:0x40043e3ff800 size:260 presentcount:0+1 line:499 name:var%ptr(:)
host:0x49f57ad0 device:0x4006e41ebc00 size:1280 presentcount:0+1 line:569 name:var%ind1(:)
host:0x49f58000 device:0x4006e41ec200 size:1452 presentcount:0+1 line:569 name:var%indcol(:)
host:0x49f585e0 device:0x400590338600 size:180000 presentcount:0+4 line:482 name:var%i2(:)
host:0x49f84530 device:0x400590364600 size:180000 presentcount:0+4 line:482 name:var%i3(:)
host:0x49fb0480 device:0x4006e3dc9000 size:180000 presentcount:0+8 line:482 name:var%index(:,:)
host:0x49fdc3d0 device:0x4006e43bca00 size:180000 presentcount:0+8 line:482 name:var%i2(:)
host:0x4a008320 device:0x400590391800 size:180000 presentcount:0+8 line:482 name:var%i3(:)
host:0x4a0348a0 device:0x4006e3e00000 size:1821184 presentcount:0+3 line:616 name:var%nindpw(:,:)
host:0x4a1f12d0 device:0x4006e3fbca00 size:180000 presentcount:0+3 line:616 name:var%pl_index(:,:)
host:0x4a21d220 device:0x4006e41bca00 size:180000 presentcount:0+3 line:616 name:var%pl_col(:,:)
host:0x4a249170 device:0x4006e3feae00 size:4324 presentcount:0+2 line:405 name:var%lmbase(:)
host:0x4a24a280 device:0x40065c1ff400 size:16 presentcount:0+2 line:430 name:var%rsmooth(:)
host:0x4a2bab20 device:0x40075b940a00 size:464640 presentcount:0+1 line:499 name:var%tbl(:)
host:0x4a4a5f00 device:0x4006e4c00000 size:7284736 presentcount:0+3 line:616 name:var%datake(:,:,:)
host:0x4ab99180 device:0x4006e4000000 size:1821184 presentcount:0+3 line:616 name:var%igx(:,:)
host:0x4ad56810 device:0x4006e3c00000 size:1821184 presentcount:0+3 line:616 name:var%igy(:,:)
host:0x4af140b0 device:0x4006e4200000 size:1821184 presentcount:0+3 line:616 name:var%igz(:,:)
host:0x4b0d1f80 device:0x4006fcc00000 size:7284272 presentcount:0+4 line:519 name:var%fftsca(:,:)
host:0x4b835d10 device:0x400f84400000 size:453600 presentcount:0+1 line:499 name:var%tbli(:)
host:0x4b8a4920 device:0x400f8446ec00 size:453600 presentcount:0+1 line:499 name:var%tbl(:)
host:0x4ba15800 device:0x400f83400000 size:3614720 presentcount:0+1 line:499 name:var%tbl(:)
host:0x4c0fdbf0 device:0x400f83800000 size:3614400 presentcount:0+1 line:499 name:var%tbli(:)
host:0x4c471fc0 device:0x400f83c00000 size:3614400 presentcount:0+1 line:499 name:var%tbl(:)
host:0x4c9c2420 device:0x40059031a000 size:41472 presentcount:0+2 line:746 name:var%fertot(:,:,:)
host:0x4cb5ad90 device:0x400f84000000 size:3614400 presentcount:0+1 line:499 name:var%tbli(:)
host:0x4dca4940 device:0x40075ba00000 size:2799360 presentcount:0+2 line:194 name:cdij(:,:,:,:)
host:0x4df50070 device:0x40043e3f1e00 size:41472 presentcount:0+1 line:746 name:var%auxtot(:,:,:)
host:0x4df60030 device:0x400590324200 size:82944 presentcount:0+2 line:746 name:var%celtot(:,:,:)
host:0x4e38f1e0 device:0x400f84600000 size:2799360 presentcount:0+2 line:194 name:cqij(:,:,:,:)
host:0x4e8eee90 device:0x40075be00000 size:7962624 presentcount:0+5 line:746 name:var%gproj(:,:,:,:)
host:0x4f2a9e10 device:0x4005903d5800 size:98304 presentcount:0+1 line:1101 name:w1%gproj(:)
host:0x4f328580 device:0x400f845fd800 size:2048 presentcount:0+1 line:179 name:w1(:)
host:0x4f328da0 device:0x4006e43fbe00 size:2048 presentcount:0+1 line:179 name:wtmp(:)
host:0x4f4b01d0 device:0x400f8459d800 size:393216 presentcount:0+2 line:1226 name:wa%gproj(:,:)
host:0x4f510200 device:0x401186c00000 size:393216 presentcount:0+2 line:1226 name:wa%gproj(:,:)
host:0x4f570230 device:0x4005903bd800 size:98304 presentcount:0+1 line:1101 name:w1%gproj(:)
host:0x4f588260 device:0x40075b9cc000 size:98304 presentcount:0+1 line:1101 name:w1%gproj(:)
host:0x4f5a0290 device:0x40075b9e4000 size:98304 presentcount:0+1 line:1101 name:w1%gproj(:)
host:0x57e4fc10 device:0x401194e00000 size:3145728 presentcount:0+2 line:1226 name:wa%gproj(:,:)
host:0x5cf7c710 device:0x401195200000 size:14569472 presentcount:0+1 line:202 name:precon(:,:)
host:0x5dd68ee0 device:0x4006e4400000 size:7284736 presentcount:0+1 line:1101 name:w1%cptwfp(:)
host:0x5e4634e0 device:0x4006e3400000 size:7284736 presentcount:0+1 line:1101 name:w1%cptwfp(:)
host:0x5eb5e110 device:0x400ecce00000 size:7284736 presentcount:0+1 line:1101 name:w1%cptwfp(:)
host:0x5f250d60 device:0x400ecf800000 size:7284736 presentcount:0+1 line:1101 name:w1%cptwfp(:)
host:0x4004d44110a0 device:0x4006e5400000 size:45593280 presentcount:0+2 line:430 name:var%nli(:,:)
host:0x4004e63131a0 device:0x400740000000 size:230400000 presentcount:0+2 line:194 name:sv(:,:)
host:0x4004f4ca35c0 device:0x400f84a00000 size:14400000 presentcount:0+1 line:195 name:dencor(:)
host:0x4004f68339e0 device:0x400f85800000 size:28917760 presentcount:0+1 line:195 name:cstrf(:,:)
host:0x4005a00012b0 device:0x400700000000 size:807411968 presentcount:0+2 line:430 name:var%rproj(:)
host:0x4005d0216f80 device:0x401183400000 size:29138944 presentcount:0+2 line:1226 name:wa%cptwfp(:,:)
host:0x4005d1df7190 device:0x401185000000 size:29138944 presentcount:0+2 line:1226 name:wa%cptwfp(:,:)
host:0x400680004a60 device:0x4006c0000000 size:590063616 presentcount:0+5 line:746 name:var%cptwfp(:,:,:,:)
host:0x4006a32c73a0 device:0x401186e00000 size:233111552 presentcount:0+2 line:1226 name:wa%cptwfp(:,:)
host:0x4007832c79d0 device:0x400f65e00000 size:230400000 presentcount:0+1 line:1101 name:w1%cr(:)
host:0x400790e97be0 device:0x400730400000 size:230400000 presentcount:0+1 line:1236 name:w1%cr(:)
host:0x4007e0008000 device:0x40074dc00000 size:230400000 presentcount:0+1 line:1101 name:w1%cr(:)
host:0x4007edbd8210 device:0x4006e8000000 size:230400000 presentcount:0+1 line:1236 name:w1%cr(:)
host:0x4007fb7a0020 device:0x401143400000 size:230400000 presentcount:0+1 line:1101 name:w1%cr(:)
host:0x400809360230 device:0x401151000000 size:230400000 presentcount:0+1 line:1236 name:w1%cr(:)
host:0x400ce0000650 device:0x401103400000 size:230400000 presentcount:0+1 line:1101 name:w1%cr(:)
host:0x400cedbc0860 device:0x401111000000 size:230400000 presentcount:0+1 line:1236 name:w1%cr(:)
host:0xffffc31352a0 device:0x4006e43fca00 size:3024 presentcount:0+12 line:682 name:var
host:0xffffc3135e70 device:0x40061c1ffa00 size:1480 presentcount:0+1 line:174 name:w_ini
host:0xffffc3136440 device:0x4006e43fb400 size:1480 presentcount:0+1 line:174 name:wopt
host:0xffffc3136a10 device:0x4005fc5ff600 size:1480 presentcount:0+1 line:174 name:wtmpa
allocated block device:0x40043e3f1e00 size:41472 thread:1
allocated block device:0x40043e3fc000 size:5120 thread:1
allocated block device:0x40043e3fd400 size:4608 thread:1
allocated block device:0x40043e3fe600 size:4608 thread:1
allocated block device:0x40043e3ff800 size:512 thread:1
allocated block device:0x40043e3ffa00 size:512 thread:1
allocated block device:0x40043e3ffc00 size:512 thread:1
allocated block device:0x40043e3ffe00 size:512 thread:1
allocated block device:0x40059031a000 size:41472 thread:1
allocated block device:0x400590324200 size:82944 thread:1
allocated block device:0x400590338600 size:180224 thread:1
allocated block device:0x400590364600 size:180224 thread:1
allocated block device:0x400590390600 size:4608 thread:1
allocated block device:0x400590391800 size:180224 thread:1
allocated block device:0x4005903bd800 size:98304 thread:1
allocated block device:0x4005903d5800 size:98304 thread:1
allocated block device:0x4005903ed800 size:14848 thread:1
allocated block device:0x4005903f1200 size:14848 thread:1
allocated block device:0x4005903f4c00 size:10240 thread:1
allocated block device:0x4005903f7400 size:10240 thread:1
allocated block device:0x4005903f9c00 size:512 thread:1
allocated block device:0x4005903f9e00 size:512 thread:1
allocated block device:0x4005903fa000 size:512 thread:1
allocated block device:0x4005903fa200 size:512 thread:1
allocated block device:0x4005903fa400 size:512 thread:1
allocated block device:0x4005903fa600 size:5120 thread:1
allocated block device:0x4005903fba00 size:1536 thread:1
allocated block device:0x4005903fc000 size:1024 thread:1
allocated block device:0x4005903fc400 size:1024 thread:1
allocated block device:0x4005903fc800 size:1536 thread:1
allocated block device:0x4005903fce00 size:1024 thread:1
allocated block device:0x4005903fd200 size:1024 thread:1
allocated block device:0x4005903fd600 size:1024 thread:1
allocated block device:0x4005903fda00 size:6144 thread:1
allocated block device:0x4005903ff200 size:2560 thread:1
allocated block device:0x4005903ffc00 size:512 thread:1
allocated block device:0x4005903ffe00 size:512 thread:1
allocated block device:0x4005fc5ff600 size:2048 thread:1
allocated block device:0x40061c1ff600 size:1024 thread:1
allocated block device:0x40061c1ffa00 size:1536 thread:1
allocated block device:0x40065c1fea00 size:2560 thread:1
allocated block device:0x40065c1ff400 size:512 thread:1
allocated block device:0x40065c1ff600 size:512 thread:1
allocated block device:0x40065c1ff800 size:512 thread:1
allocated block device:0x40065c1ffa00 size:512 thread:1
allocated block device:0x40065c1ffc00 size:512 thread:1
allocated block device:0x40065c1ffe00 size:512 thread:1
allocated block device:0x4006c0000000 size:590063616 thread:1
allocated block device:0x4006e3400000 size:7962624 thread:1
allocated block device:0x4006e3c00000 size:1821184 thread:1
allocated block device:0x4006e3dbca00 size:512 thread:1
allocated block device:0x4006e3dbcc00 size:512 thread:1
allocated block device:0x4006e3dbce00 size:512 thread:1
allocated block device:0x4006e3dbd000 size:512 thread:1
allocated block device:0x4006e3dbd200 size:512 thread:1
allocated block device:0x4006e3dbd400 size:512 thread:1
allocated block device:0x4006e3dbd600 size:512 thread:1
allocated block device:0x4006e3dbd800 size:5120 thread:1
allocated block device:0x4006e3dbec00 size:1536 thread:1
allocated block device:0x4006e3dbf200 size:1024 thread:1
allocated block device:0x4006e3dbf600 size:1024 thread:1
allocated block device:0x4006e3dbfa00 size:1536 thread:1
allocated block device:0x4006e3dc0000 size:1024 thread:1
allocated block device:0x4006e3dc0400 size:1024 thread:1
allocated block device:0x4006e3dc0800 size:17408 thread:1
allocated block device:0x4006e3dc4c00 size:17408 thread:1
allocated block device:0x4006e3dc9000 size:180224 thread:1
allocated block device:0x4006e3df5000 size:2048 thread:1
allocated block device:0x4006e3df5800 size:512 thread:1
allocated block device:0x4006e3df5a00 size:4608 thread:1
allocated block device:0x4006e3df6c00 size:512 thread:1
allocated block device:0x4006e3df6e00 size:4608 thread:1
allocated block device:0x4006e3df8000 size:26112 thread:1
allocated block device:0x4006e3dfe600 size:3072 thread:1
allocated block device:0x4006e3dff200 size:512 thread:1
allocated block device:0x4006e3dff400 size:512 thread:1
allocated block device:0x4006e3dff600 size:512 thread:1
allocated block device:0x4006e3dff800 size:512 thread:1
allocated block device:0x4006e3dffa00 size:512 thread:1
allocated block device:0x4006e3dffc00 size:512 thread:1
allocated block device:0x4006e3dffe00 size:512 thread:1
allocated block device:0x4006e3e00000 size:1821184 thread:1
allocated block device:0x4006e3fbca00 size:180224 thread:1
allocated block device:0x4006e3fe8a00 size:4608 thread:1
allocated block device:0x4006e3fe9c00 size:4608 thread:1
allocated block device:0x4006e3feae00 size:4608 thread:1
allocated block device:0x4006e3fec000 size:24064 thread:1
allocated block device:0x4006e3ff1e00 size:512 thread:1
allocated block device:0x4006e3ff2000 size:24064 thread:1
allocated block device:0x4006e3ff7e00 size:512 thread:1
allocated block device:0x4006e3ff8000 size:512 thread:1
allocated block device:0x4006e3ff8200 size:3072 thread:1
allocated block device:0x4006e3ff8e00 size:3072 thread:1
allocated block device:0x4006e3ff9a00 size:512 thread:1
allocated block device:0x4006e3ff9c00 size:5120 thread:1
allocated block device:0x4006e3ffb000 size:1536 thread:1
allocated block device:0x4006e3ffb600 size:2560 thread:1
allocated block device:0x4006e3ffc000 size:1536 thread:1
allocated block device:0x4006e3ffc600 size:2048 thread:1
allocated block device:0x4006e3ffce00 size:6144 thread:1
allocated block device:0x4006e3ffe600 size:6144 thread:1
allocated block device:0x4006e3fffe00 size:512 thread:1
allocated block device:0x4006e4000000 size:1821184 thread:1
allocated block device:0x4006e41bca00 size:180224 thread:1
allocated block device:0x4006e41e8a00 size:6144 thread:1
allocated block device:0x4006e41ea200 size:2560 thread:1
allocated block device:0x4006e41eac00 size:512 thread:1
allocated block device:0x4006e41eae00 size:512 thread:1
allocated block device:0x4006e41eb000 size:512 thread:1
allocated block device:0x4006e41eb200 size:512 thread:1
allocated block device:0x4006e41eb400 size:512 thread:1
allocated block device:0x4006e41eb600 size:512 thread:1
allocated block device:0x4006e41eb800 size:512 thread:1
allocated block device:0x4006e41eba00 size:512 thread:1
allocated block device:0x4006e41ebc00 size:1536 thread:1
allocated block device:0x4006e41ec200 size:1536 thread:1
allocated block device:0x4006e41ec800 size:512 thread:1
allocated block device:0x4006e41eca00 size:2560 thread:1
allocated block device:0x4006e41ed400 size:6144 thread:1
allocated block device:0x4006e41eec00 size:28672 thread:1
allocated block device:0x4006e41f5c00 size:40448 thread:1
allocated block device:0x4006e41ffa00 size:512 thread:1
allocated block device:0x4006e4200000 size:1821184 thread:1
allocated block device:0x4006e43bca00 size:180224 thread:1
allocated block device:0x4006e43e8a00 size:8192 thread:1
allocated block device:0x4006e43eaa00 size:8192 thread:1
allocated block device:0x4006e43eca00 size:40448 thread:1
allocated block device:0x4006e43f6800 size:8192 thread:1
allocated block device:0x4006e43fb400 size:2560 thread:1
allocated block device:0x4006e43fbe00 size:3072 thread:1
allocated block device:0x4006e43fca00 size:3072 thread:1
allocated block device:0x4006e4400000 size:7284736 thread:1
allocated block device:0x4006e4c00000 size:7284736 thread:1
allocated block device:0x4006e5400000 size:45593600 thread:1
allocated block device:0x4006e8000000 size:230400000 thread:1
allocated block device:0x4006fcc00000 size:7284736 thread:1
allocated block device:0x400700000000 size:807412224 thread:1
allocated block device:0x400730400000 size:230400000 thread:1
allocated block device:0x400740000000 size:230400000 thread:1
allocated block device:0x40074dc00000 size:230400000 thread:1
allocated block device:0x40075b85fa00 size:921600 thread:1
allocated block device:0x40075b940a00 size:464896 thread:1
allocated block device:0x40075b9cc000 size:98304 thread:1
allocated block device:0x40075b9e4000 size:98304 thread:1
allocated block device:0x40075ba00000 size:2799616 thread:1
allocated block device:0x40075be00000 size:7962624 thread:1
allocated block device:0x400ecce00000 size:14400000 thread:1
allocated block device:0x400ecf800000 size:14400000 thread:1
allocated block device:0x400f65e00000 size:230400000 thread:1
allocated block device:0x400f83400000 size:3614720 thread:1
allocated block device:0x400f83800000 size:3614720 thread:1
allocated block device:0x400f83c00000 size:3614720 thread:1
allocated block device:0x400f84000000 size:3614720 thread:1
allocated block device:0x400f84400000 size:453632 thread:1
allocated block device:0x400f8446ec00 size:453632 thread:1
allocated block device:0x400f8459d800 size:393216 thread:1
allocated block device:0x400f845fd800 size:2048 thread:1
allocated block device:0x400f84600000 size:2799616 thread:1
allocated block device:0x400f84a00000 size:14400000 thread:1
allocated block device:0x400f85800000 size:28917760 thread:1
allocated block device:0x401103400000 size:230400000 thread:1
allocated block device:0x401111000000 size:230400000 thread:1
allocated block device:0x401143400000 size:230400000 thread:1
allocated block device:0x401151000000 size:230400000 thread:1
allocated block device:0x401183400000 size:29138944 thread:1
allocated block device:0x401185000000 size:29138944 thread:1
allocated block device:0x401186c00000 size:393216 thread:1
allocated block device:0x401186e00000 size:233111552 thread:1
allocated block device:0x401194e00000 size:3145728 thread:1
allocated block device:0x401195200000 size:14569472 thread:1
Accelerator Fatal Error: call to cuMemAlloc returned error 2 (CUDA_ERROR_OUT_OF_MEMORY): Out of memory
 File: /lus/lfs1aip2/projects/u6cb/software/VASP/vasp.6.5.1/build/gam/hamil.f90
 Function: hamiltmu:978
 Line: 1005

Out of memory allocating 921600000 bytes of device memory
Failing in Thread:1
total/free CUDA memory: 102005473280/106692608
Present table dump for device[1]: NVIDIA Tesla GPU 0, compute capability 9.0, threadid=1
Hint: specify 0x800 bit in NV_ACC_DEBUG for verbose info.
host:0x2557280 device:0x400843df6c00 size:32 presentcount:0+3 line:643 name:var%comm
host:0x25572a0 device:0x400843dbca00 size:32 presentcount:0+4 line:652 name:var%comm_kinter
host:0x25572c0 device:0x400843dbcc00 size:32 presentcount:0+6 line:655 name:var%comm_kin
host:0x25572e0 device:0x4005be5ffa00 size:32 presentcount:0+3 line:646 name:var%comm_inter
host:0x2557300 device:0x4005be5ffc00 size:32 presentcount:0+7 line:649 name:var%comm_inb
host:0x256be80 device:0x4005ba0ecd00 size:8 presentcount:0+1 line:-1 name:_setexm_struct_def_21
host:0x2576f40 device:0x4005ba0ece00 size:28 presentcount:0+1 line:-1 name:_ml_ff_constant_21
host:0x2577c80 device:0x4005ba0ecf00 size:30437 presentcount:0+1 line:-1 name:_ml_ff_taglist_21
host:0x25afc80 device:0x4005ba0f4600 size:8 presentcount:0+1 line:-1 name:_mopenacc_tutor_21
host:0x25c2740 device:0x4005ba0f4a00 size:32 presentcount:0+1 line:-1 name:_mbj_21
host:0x25cd640 device:0x4005ba0f4d00 size:8 presentcount:0+1 line:-1 name:_sym_prec_21
host:0x26030c0 device:0x4005ba0f4e00 size:344 presentcount:0+1 line:-1 name:_tet_21
host:0x261c840 device:0x4005ba0f5000 size:392 presentcount:0+1 line:-1 name:_mymath_21
host:0x2817368 device:0x400843dbd800 size:4800 presentcount:0+2 line:614 name:var
host:0x2818628 device:0x400843df5000 size:1984 presentcount:0+2 line:403 name:var
host:0x281a910 device:0x40077c3ff600 size:864 presentcount:0+4 line:2639 name:hamiltonian
host:0x286ac80 device:0x400843dfe600 size:2712 presentcount:0+2 line:428 name:var
host:0x286b718 device:0x4007bc3fea00 size:2248 presentcount:0+1 line:742 name:var
host:0x286eb50 device:0x4008441ffa00 size:288 presentcount:0+1 line:195 name:latt_cur
host:0x2871658 device:0x4005be5fc000 size:5088 presentcount:0+28 line:517 name:var
host:0x2872a38 device:0x4006f01fa600 size:5088 presentcount:0+6 line:517 name:var
host:0x2873e18 device:0x400843ff9c00 size:5088 presentcount:0+7 line:517 name:var
host:0x287a2a8 device:0x4008441eba00 size:304 presentcount:0+1 line:567 name:var
host:0x287a3d8 device:0x4008441ec800 size:304 presentcount:0+1 line:567 name:var
host:0x2e48ec0 device:0x4005ba002600 size:960024 presentcount:0+1 line:-1 name:_setexm_struct_def_16
host:0x2f8f080 device:0x4005ba0f4700 size:580 presentcount:0+1 line:-1 name:_wpbe_16
host:0x2f8f900 device:0x4005ba0f4b00 size:288 presentcount:0+1 line:-1 name:_mbj_16
host:0x9f446c0 device:0x4005ba0f5200 size:624 presentcount:0+1 line:-1 name:_mlr_optic_16
host:0x45fb4e60 device:0x400843dbf600 size:1000 presentcount:0+4 line:519 name:var%lpctz(:)
host:0x45fb7e70 device:0x4008441eae00 size:260 presentcount:0+1 line:499 name:var%ptri(:)
host:0x45fb8160 device:0x4006f01ffc00 size:260 presentcount:0+1 line:499 name:var%n(:)
host:0x4717b320 device:0x4006f01fd600 size:528 presentcount:0+1 line:480 name:var
host:0x4b3cbf70 device:0x4005be5ffe00 size:8 presentcount:0+4 line:405 name:var%nityp(:)
host:0x4b88df80 device:0x4006f01ffe00 size:260 presentcount:0+1 line:499 name:var%ptr(:)
host:0x4bd3bde0 device:0x400843dff400 size:8 presentcount:0+3 line:616 name:var%nityp(:)
host:0x4bd3bed0 device:0x400843dffa00 size:8 presentcount:0+2 line:616 name:var%wtkpt(:)
host:0x4bd48c70 device:0x4008441eec00 size:28464 presentcount:0+1 line:853 name:var(:)
host:0x4bd5b3d0 device:0x4008443eca00 size:40000 presentcount:0+1 line:857 name:var%psp(:,:)
host:0x4bd65040 device:0x4008443f6800 size:8000 presentcount:0+1 line:857 name:var%psprho(:)
host:0x4bd682d0 device:0x400843ff2000 size:24000 presentcount:0+2 line:466 name:var%psprnl(:,:,:)
host:0x4bd97cb0 device:0x400843fe9c00 size:4320 presentcount:0+4 line:405 name:var%ityp(:)
host:0x4bd98dc0 device:0x400843df8000 size:25920 presentcount:0+4 line:405 name:var%posion(:,:)
host:0x4bddc140 device:0x4008441f5c00 size:40000 presentcount:0+1 line:857 name:var%psp(:,:)
host:0x4bde5db0 device:0x4008443e8a00 size:8000 presentcount:0+1 line:857 name:var%pspcor(:)
host:0x4bde7d20 device:0x4008443eaa00 size:8000 presentcount:0+1 line:857 name:var%psprho(:)
host:0x4bdeafb0 device:0x400843fec000 size:24000 presentcount:0+2 line:466 name:var%psprnl(:,:,:)
host:0x4be37f70 device:0x4007bc3ff800 size:24 presentcount:0+3 line:466 name:var%lps(:)
host:0x4be38020 device:0x4007bc3ffc00 size:24 presentcount:0+3 line:466 name:var%lps(:)
host:0x4be84ab0 device:0x400843dff800 size:24 presentcount:0+3 line:616 name:var%vkpt(:,:)
host:0x4bea9d60 device:0x400843dbd600 size:16 presentcount:0+2 line:430 name:var%psrmax(:)
host:0x4beaa320 device:0x400843fe8a00 size:4320 presentcount:0+3 line:616 name:var%ityp(:)
host:0x4beab430 device:0x400843dff200 size:8 presentcount:0+3 line:616 name:var%lmmax(:)
host:0x4beab460 device:0x400843dff600 size:8 presentcount:0+3 line:616 name:var%nt_global(:)
host:0x4beab490 device:0x400843df6e00 size:4320 presentcount:0+3 line:616 name:var%npro_pos(:)
host:0x4beac5a0 device:0x400843df5a00 size:4324 presentcount:0+3 line:616 name:var%lmbase(:)
host:0x4bead6b0 device:0x400843dffe00 size:4 presentcount:0+2 line:616 name:var%nplwkp(:)
host:0x4bead6e0 device:0x400843ff1e00 size:4 presentcount:0+2 line:616 name:var%nplwkp_tot(:)
host:0x4bead710 device:0x400843ff7e00 size:4 presentcount:0+2 line:616 name:var%ngvector_pos(:)
host:0x4bead740 device:0x400843dffc00 size:4 presentcount:0+2 line:616 name:var%ngvector(:)
host:0x4bead770 device:0x400843dbec00 size:1280 presentcount:0+4 line:519 name:var%lpctx(:)
host:0x4beadca0 device:0x400843dbf200 size:720 presentcount:0+4 line:519 name:var%lpcty(:)
host:0x4beadfa0 device:0x400843dbfa00 size:1280 presentcount:0+4 line:519 name:var%lpctx_(:)
host:0x4beae4d0 device:0x400843dc0000 size:720 presentcount:0+4 line:519 name:var%lpcty_(:)
host:0x4beae7d0 device:0x400843dc0400 size:1000 presentcount:0+4 line:519 name:var%lpctz_(:)
host:0x4beaebe0 device:0x4006f01fba00 size:1280 presentcount:0+1 line:519 name:var%lpctx(:)
host:0x4beaf110 device:0x4006f01fc000 size:720 presentcount:0+1 line:519 name:var%lpcty(:)
host:0x4beaf410 device:0x4006f01fc400 size:1000 presentcount:0+1 line:519 name:var%lpctz(:)
host:0x4beaf820 device:0x4006f01fc800 size:1280 presentcount:0+1 line:519 name:var%lpctx_(:)
host:0x4beafd50 device:0x4006f01fce00 size:720 presentcount:0+1 line:519 name:var%lpcty_(:)
host:0x4beb0050 device:0x4006f01fd200 size:1000 presentcount:0+1 line:519 name:var%lpctz_(:)
host:0x4beb0460 device:0x400843ff8200 size:2560 presentcount:0+1 line:519 name:var%lpctx(:)
host:0x4beb0e90 device:0x400843ffb000 size:1440 presentcount:0+1 line:519 name:var%lpcty(:)
host:0x4beb1460 device:0x400843ff8e00 size:2000 presentcount:0+1 line:519 name:var%lpctz(:)
host:0x4beb1c60 device:0x400843ffb600 size:2560 presentcount:0+1 line:519 name:var%lpctx_(:)
host:0x4beb2690 device:0x400843ffc000 size:1440 presentcount:0+1 line:519 name:var%lpcty_(:)
host:0x4beb2c60 device:0x400843ffc600 size:2000 presentcount:0+1 line:519 name:var%lpctz_(:)
host:0x4bfa62c0 device:0x400843ffce00 size:5648 presentcount:0+1 line:482 name:var%i2(:)
host:0x4bfa7900 device:0x400843ffe600 size:5648 presentcount:0+1 line:482 name:var%i3(:)
host:0x4bfa8f40 device:0x4006f01f4c00 size:10040 presentcount:0+1 line:482 name:var%i2(:)
host:0x4bfab6a0 device:0x4006f01f7400 size:10040 presentcount:0+1 line:482 name:var%i3(:)
host:0x4bfade00 device:0x4006f01ed800 size:14400 presentcount:0+2 line:482 name:var%i2(:)
host:0x4bfb1670 device:0x4006f01f1200 size:14400 presentcount:0+2 line:482 name:var%i3(:)
host:0x4bfb5300 device:0x4008db85fa00 size:921600 presentcount:0+2 line:482 name:var%index(:,:)
host:0x4c096330 device:0x4008441eca00 size:2560 presentcount:0+1 line:569 name:var%ind1(:)
host:0x4c096d60 device:0x4008441ed400 size:5648 presentcount:0+1 line:569 name:var%indcol(:)
host:0x4c0983a0 device:0x4006f01fda00 size:5648 presentcount:0+1 line:482 name:var%i2(:)
host:0x4c0999e0 device:0x4008441e8a00 size:5648 presentcount:0+1 line:482 name:var%i3(:)
host:0x4c09b020 device:0x4006f01ff200 size:2520 presentcount:0+1 line:482 name:var%i2(:)
host:0x4c09ba20 device:0x4008441ea200 size:2520 presentcount:0+1 line:482 name:var%i3(:)
host:0x4c09c420 device:0x4005be5fd400 size:4320 presentcount:0+2 line:430 name:var%nlimax(:)
host:0x4c09d530 device:0x4005be5fe600 size:4324 presentcount:0+2 line:430 name:var%lmbase(:)
host:0x4c09e640 device:0x4006f0190600 size:4324 presentcount:0+2 line:430 name:var%nlibase(:)
host:0x4c09f750 device:0x400843dc0800 size:17132 presentcount:0+4 line:519 name:var%nindpwconjg(:)
host:0x4c0a3a70 device:0x400843dc4c00 size:17132 presentcount:0+4 line:519 name:var%ind_in_sphere(:)
host:0x4c0a93d0 device:0x4005be5ff800 size:260 presentcount:0+1 line:499 name:var%ptr(:)
host:0x4c0a9500 device:0x4007bc3ffe00 size:260 presentcount:0+1 line:499 name:var%n(:)
host:0x4c0a9630 device:0x4006f01f9c00 size:260 presentcount:0+1 line:499 name:var%ptri(:)
host:0x4c0a9760 device:0x400843fffe00 size:260 presentcount:0+1 line:499 name:var%ni(:)
host:0x4c0a9890 device:0x4006f01fa000 size:260 presentcount:0+1 line:499 name:var%ptr(:)
host:0x4c0a99c0 device:0x4006f01f9e00 size:260 presentcount:0+1 line:499 name:var%n(:)
host:0x4c0a9af0 device:0x4006f01fa400 size:260 presentcount:0+1 line:499 name:var%ptri(:)
host:0x4c0a9c20 device:0x4006f01fa200 size:260 presentcount:0+1 line:499 name:var%ni(:)
host:0x4c0a9d50 device:0x4008441eac00 size:260 presentcount:0+1 line:499 name:var%ni(:)
host:0x4c0a9e80 device:0x4008441eb200 size:260 presentcount:0+1 line:499 name:var%ptr(:)
host:0x4c0a9fb0 device:0x4008441eb000 size:260 presentcount:0+1 line:499 name:var%n(:)
host:0x4c0aa0e0 device:0x4008441eb800 size:4 presentcount:0+1 line:499 name:var%tbli(:)
host:0x4c0aa110 device:0x4008441eb600 size:260 presentcount:0+1 line:499 name:var%ptri(:)
host:0x4c0aa240 device:0x4008441eb400 size:260 presentcount:0+1 line:499 name:var%ni(:)
host:0x4c0d64d0 device:0x4008441ebc00 size:1280 presentcount:0+1 line:569 name:var%ind1(:)
host:0x4c0d6a00 device:0x4008441ec200 size:1448 presentcount:0+1 line:569 name:var%indcol(:)
host:0x4c0d6fd0 device:0x4006f0138600 size:180000 presentcount:0+4 line:482 name:var%i2(:)
host:0x4c102f20 device:0x4006f0164600 size:180000 presentcount:0+4 line:482 name:var%i3(:)
host:0x4c12ee70 device:0x400843dc9000 size:180000 presentcount:0+8 line:482 name:var%index(:,:)
host:0x4c15adc0 device:0x4008443bca00 size:180000 presentcount:0+8 line:482 name:var%i2(:)
host:0x4c186d10 device:0x4006f0191800 size:180000 presentcount:0+8 line:482 name:var%i3(:)
host:0x4c1b3290 device:0x400843e00000 size:1821184 presentcount:0+3 line:616 name:var%nindpw(:,:)
host:0x4c36fcc0 device:0x400843df5800 size:8 presentcount:0+2 line:616 name:var%nb_totk(:,:)
host:0x4c36fcf0 device:0x400843ff8000 size:4 presentcount:0+2 line:616 name:var%luseinv(:)
host:0x4c36fd20 device:0x400843dbd200 size:4 presentcount:0+2 line:616 name:var%at_gamma(:)
host:0x4c36fd50 device:0x400843fbca00 size:180000 presentcount:0+3 line:616 name:var%pl_index(:,:)
host:0x4c39bca0 device:0x4008441bca00 size:180000 presentcount:0+3 line:616 name:var%pl_col(:,:)
host:0x4c3c7bf0 device:0x400843ff9a00 size:8 presentcount:0+2 line:405 name:var%lmmax(:)
host:0x4c3c7c20 device:0x400843dbce00 size:8 presentcount:0+2 line:430 name:var%lmax(:)
host:0x4c3c7c50 device:0x400843feae00 size:4324 presentcount:0+2 line:405 name:var%lmbase(:)
host:0x4c3c8d60 device:0x400843dbd000 size:8 presentcount:0+2 line:430 name:var%lmmax(:)
host:0x4c3c8d90 device:0x400843dbd400 size:8 presentcount:0+2 line:430 name:var%channels(:)
host:0x4c3c8dc0 device:0x4007bc3ff400 size:16 presentcount:0+2 line:430 name:var%rsmooth(:)
host:0x4c3c8e00 device:0x4007bc3ff600 size:400 presentcount:0+2 line:464 name:var
host:0x4c3c8f90 device:0x4007bc3ffa00 size:400 presentcount:0+2 line:464 name:var
host:0x4c4399b0 device:0x4008db940a00 size:463360 presentcount:0+1 line:499 name:var%tbl(:)
host:0x4c633610 device:0x400844c00000 size:7284736 presentcount:0+3 line:616 name:var%datake(:,:,:)
host:0x4cd26890 device:0x400844000000 size:1821184 presentcount:0+3 line:616 name:var%igx(:,:)
host:0x4cee3f20 device:0x400843c00000 size:1821184 presentcount:0+3 line:616 name:var%igy(:,:)
host:0x4d0a17c0 device:0x400844200000 size:1821184 presentcount:0+3 line:616 name:var%igz(:,:)
host:0x4d25f690 device:0x40085cc00000 size:7284272 presentcount:0+4 line:519 name:var%fftsca(:,:)
host:0x4d9c2f20 device:0x401104400000 size:453600 presentcount:0+1 line:499 name:var%tbli(:)
host:0x4da31b30 device:0x40110446ec00 size:453600 presentcount:0+1 line:499 name:var%tbl(:)
host:0x4dba2a10 device:0x401103400000 size:3614720 presentcount:0+1 line:499 name:var%tbl(:)
host:0x4e28ae00 device:0x401103800000 size:3614400 presentcount:0+1 line:499 name:var%tbli(:)
host:0x4e5ff1d0 device:0x401103c00000 size:3614400 presentcount:0+1 line:499 name:var%tbl(:)
host:0x4eb22420 device:0x4006f011a000 size:41472 presentcount:0+2 line:746 name:var%fertot(:,:,:)
host:0x4eb30030 device:0x4006f0124200 size:82944 presentcount:0+2 line:746 name:var%celtot(:,:,:)
host:0x4ece7fa0 device:0x401104000000 size:3614400 presentcount:0+1 line:499 name:var%tbli(:)
host:0x4fe31b50 device:0x4008dba00000 size:2799360 presentcount:0+2 line:194 name:cdij(:,:,:,:)
host:0x50172420 device:0x4005be5f1e00 size:41472 presentcount:0+1 line:746 name:var%auxtot(:,:,:)
host:0x5051c3f0 device:0x401104600000 size:2799360 presentcount:0+2 line:194 name:cqij(:,:,:,:)
host:0x50a7c0a0 device:0x4008dbe00000 size:7962624 presentcount:0+5 line:746 name:var%gproj(:,:,:,:)
host:0x51437260 device:0x4006f01d5800 size:98304 presentcount:0+1 line:1101 name:w1%gproj(:)
host:0x514b59d0 device:0x4011045fd800 size:2048 presentcount:0+1 line:179 name:w1(:)
host:0x514b61f0 device:0x4008443fbe00 size:2048 presentcount:0+1 line:179 name:wtmp(:)
host:0x5163d620 device:0x40110459d800 size:393216 presentcount:0+2 line:1226 name:wa%gproj(:,:)
host:0x5169d650 device:0x401306c00000 size:393216 presentcount:0+2 line:1226 name:wa%gproj(:,:)
host:0x516fd680 device:0x4006f01bd800 size:98304 presentcount:0+1 line:1101 name:w1%gproj(:)
host:0x517156b0 device:0x4008db9cba00 size:98304 presentcount:0+1 line:1101 name:w1%gproj(:)
host:0x5172d6e0 device:0x4008db9e3a00 size:98304 presentcount:0+1 line:1101 name:w1%gproj(:)
host:0x59fc2a80 device:0x401314e00000 size:3145728 presentcount:0+2 line:1226 name:wa%gproj(:,:)
host:0x5f0f0b80 device:0x401315200000 size:14569472 presentcount:0+1 line:202 name:precon(:,:)
host:0x5fedd350 device:0x400844400000 size:7284736 presentcount:0+1 line:1101 name:w1%cptwfp(:)
host:0x605d7950 device:0x400843400000 size:7284736 presentcount:0+1 line:1101 name:w1%cptwfp(:)
host:0x60cd2580 device:0x40104ce00000 size:7284736 presentcount:0+1 line:1101 name:w1%cptwfp(:)
host:0x613c51d0 device:0x40104f800000 size:7284736 presentcount:0+1 line:1101 name:w1%cptwfp(:)
host:0x4006500010a0 device:0x400845400000 size:45593280 presentcount:0+2 line:430 name:var%nli(:,:)
host:0x400655c635c0 device:0x401104a00000 size:14400000 presentcount:0+1 line:195 name:dencor(:)
host:0x4006577f39e0 device:0x401105800000 size:28917760 presentcount:0+1 line:195 name:cstrf(:,:)
host:0x4007000012b0 device:0x400860000000 size:807411968 presentcount:0+2 line:430 name:var%rproj(:)
host:0x4007302131a0 device:0x4008c0000000 size:230400000 presentcount:0+2 line:194 name:sv(:,:)
host:0x4007e0004a60 device:0x400820000000 size:590063616 presentcount:0+5 line:746 name:var%cptwfp(:,:,:,:)
host:0x4008032c6f80 device:0x401303400000 size:29138944 presentcount:0+2 line:1226 name:wa%cptwfp(:,:)
host:0x400804ea7190 device:0x401305000000 size:29138944 presentcount:0+2 line:1226 name:wa%cptwfp(:,:)
host:0x4008a00073a0 device:0x401306e00000 size:233111552 presentcount:0+2 line:1226 name:wa%cptwfp(:,:)
host:0x4008ade679d0 device:0x4010e5600000 size:230400000 presentcount:0+1 line:1101 name:w1%cr(:)
host:0x4009032c7be0 device:0x400890400000 size:230400000 presentcount:0+1 line:1236 name:w1%cr(:)
host:0x400910e98000 device:0x4008cdc00000 size:230400000 presentcount:0+1 line:1101 name:w1%cr(:)
host:0x400960008210 device:0x400848000000 size:230400000 presentcount:0+1 line:1236 name:w1%cr(:)
host:0x40096dbd0020 device:0x4012c3400000 size:230400000 presentcount:0+1 line:1101 name:w1%cr(:)
host:0x40097b790230 device:0x4012d1000000 size:230400000 presentcount:0+1 line:1236 name:w1%cr(:)
host:0x400989350650 device:0x401283400000 size:230400000 presentcount:0+1 line:1101 name:w1%cr(:)
host:0x400e60000860 device:0x401291000000 size:230400000 presentcount:0+1 line:1236 name:w1%cr(:)
host:0xffffedf661b0 device:0x4008443fca00 size:3024 presentcount:0+12 line:682 name:var
host:0xffffedf66d80 device:0x40077c3ffa00 size:1480 presentcount:0+1 line:174 name:w_ini
host:0xffffedf67350 device:0x4008443fb400 size:1480 presentcount:0+1 line:174 name:wopt
host:0xffffedf67920 device:0x40075c3ff600 size:1480 presentcount:0+1 line:174 name:wtmpa
allocated block device:0x4005be5f1e00 size:41472 thread:1
allocated block device:0x4005be5fc000 size:5120 thread:1
allocated block device:0x4005be5fd400 size:4608 thread:1
allocated block device:0x4005be5fe600 size:4608 thread:1
allocated block device:0x4005be5ff800 size:512 thread:1
allocated block device:0x4005be5ffa00 size:512 thread:1
allocated block device:0x4005be5ffc00 size:512 thread:1
allocated block device:0x4005be5ffe00 size:512 thread:1
allocated block device:0x4006f011a000 size:41472 thread:1
allocated block device:0x4006f0124200 size:82944 thread:1
allocated block device:0x4006f0138600 size:180224 thread:1
allocated block device:0x4006f0164600 size:180224 thread:1
allocated block device:0x4006f0190600 size:4608 thread:1
allocated block device:0x4006f0191800 size:180224 thread:1
allocated block device:0x4006f01bd800 size:98304 thread:1
allocated block device:0x4006f01d5800 size:98304 thread:1
allocated block device:0x4006f01ed800 size:14848 thread:1
allocated block device:0x4006f01f1200 size:14848 thread:1
allocated block device:0x4006f01f4c00 size:10240 thread:1
allocated block device:0x4006f01f7400 size:10240 thread:1
allocated block device:0x4006f01f9c00 size:512 thread:1
allocated block device:0x4006f01f9e00 size:512 thread:1
allocated block device:0x4006f01fa000 size:512 thread:1
allocated block device:0x4006f01fa200 size:512 thread:1
allocated block device:0x4006f01fa400 size:512 thread:1
allocated block device:0x4006f01fa600 size:5120 thread:1
allocated block device:0x4006f01fba00 size:1536 thread:1
allocated block device:0x4006f01fc000 size:1024 thread:1
allocated block device:0x4006f01fc400 size:1024 thread:1
allocated block device:0x4006f01fc800 size:1536 thread:1
allocated block device:0x4006f01fce00 size:1024 thread:1
allocated block device:0x4006f01fd200 size:1024 thread:1
allocated block device:0x4006f01fd600 size:1024 thread:1
allocated block device:0x4006f01fda00 size:6144 thread:1
allocated block device:0x4006f01ff200 size:2560 thread:1
allocated block device:0x4006f01ffc00 size:512 thread:1
allocated block device:0x4006f01ffe00 size:512 thread:1
allocated block device:0x40075c3ff600 size:2048 thread:1
allocated block device:0x40077c3ff600 size:1024 thread:1
allocated block device:0x40077c3ffa00 size:1536 thread:1
allocated block device:0x4007bc3fea00 size:2560 thread:1
allocated block device:0x4007bc3ff400 size:512 thread:1
allocated block device:0x4007bc3ff600 size:512 thread:1
allocated block device:0x4007bc3ff800 size:512 thread:1
allocated block device:0x4007bc3ffa00 size:512 thread:1
allocated block device:0x4007bc3ffc00 size:512 thread:1
allocated block device:0x4007bc3ffe00 size:512 thread:1
allocated block device:0x400820000000 size:590063616 thread:1
allocated block device:0x400843400000 size:7962624 thread:1
allocated block device:0x400843c00000 size:1821184 thread:1
allocated block device:0x400843dbca00 size:512 thread:1
allocated block device:0x400843dbcc00 size:512 thread:1
allocated block device:0x400843dbce00 size:512 thread:1
allocated block device:0x400843dbd000 size:512 thread:1
allocated block device:0x400843dbd200 size:512 thread:1
allocated block device:0x400843dbd400 size:512 thread:1
allocated block device:0x400843dbd600 size:512 thread:1
allocated block device:0x400843dbd800 size:5120 thread:1
allocated block device:0x400843dbec00 size:1536 thread:1
allocated block device:0x400843dbf200 size:1024 thread:1
allocated block device:0x400843dbf600 size:1024 thread:1
allocated block device:0x400843dbfa00 size:1536 thread:1
allocated block device:0x400843dc0000 size:1024 thread:1
allocated block device:0x400843dc0400 size:1024 thread:1
allocated block device:0x400843dc0800 size:17408 thread:1
allocated block device:0x400843dc4c00 size:17408 thread:1
allocated block device:0x400843dc9000 size:180224 thread:1
allocated block device:0x400843df5000 size:2048 thread:1
allocated block device:0x400843df5800 size:512 thread:1
allocated block device:0x400843df5a00 size:4608 thread:1
allocated block device:0x400843df6c00 size:512 thread:1
allocated block device:0x400843df6e00 size:4608 thread:1
allocated block device:0x400843df8000 size:26112 thread:1
allocated block device:0x400843dfe600 size:3072 thread:1
allocated block device:0x400843dff200 size:512 thread:1
allocated block device:0x400843dff400 size:512 thread:1
allocated block device:0x400843dff600 size:512 thread:1
allocated block device:0x400843dff800 size:512 thread:1
allocated block device:0x400843dffa00 size:512 thread:1
allocated block device:0x400843dffc00 size:512 thread:1
allocated block device:0x400843dffe00 size:512 thread:1
allocated block device:0x400843e00000 size:1821184 thread:1
allocated block device:0x400843fbca00 size:180224 thread:1
allocated block device:0x400843fe8a00 size:4608 thread:1
allocated block device:0x400843fe9c00 size:4608 thread:1
allocated block device:0x400843feae00 size:4608 thread:1
allocated block device:0x400843fec000 size:24064 thread:1
allocated block device:0x400843ff1e00 size:512 thread:1
allocated block device:0x400843ff2000 size:24064 thread:1
allocated block device:0x400843ff7e00 size:512 thread:1
allocated block device:0x400843ff8000 size:512 thread:1
allocated block device:0x400843ff8200 size:3072 thread:1
allocated block device:0x400843ff8e00 size:3072 thread:1
allocated block device:0x400843ff9a00 size:512 thread:1
allocated block device:0x400843ff9c00 size:5120 thread:1
allocated block device:0x400843ffb000 size:1536 thread:1
allocated block device:0x400843ffb600 size:2560 thread:1
allocated block device:0x400843ffc000 size:1536 thread:1
allocated block device:0x400843ffc600 size:2048 thread:1
allocated block device:0x400843ffce00 size:6144 thread:1
allocated block device:0x400843ffe600 size:6144 thread:1
allocated block device:0x400843fffe00 size:512 thread:1
allocated block device:0x400844000000 size:1821184 thread:1
allocated block device:0x4008441bca00 size:180224 thread:1
allocated block device:0x4008441e8a00 size:6144 thread:1
allocated block device:0x4008441ea200 size:2560 thread:1
allocated block device:0x4008441eac00 size:512 thread:1
allocated block device:0x4008441eae00 size:512 thread:1
allocated block device:0x4008441eb000 size:512 thread:1
allocated block device:0x4008441eb200 size:512 thread:1
allocated block device:0x4008441eb400 size:512 thread:1
allocated block device:0x4008441eb600 size:512 thread:1
allocated block device:0x4008441eb800 size:512 thread:1
allocated block device:0x4008441eba00 size:512 thread:1
allocated block device:0x4008441ebc00 size:1536 thread:1
allocated block device:0x4008441ec200 size:1536 thread:1
allocated block device:0x4008441ec800 size:512 thread:1
allocated block device:0x4008441eca00 size:2560 thread:1
allocated block device:0x4008441ed400 size:6144 thread:1
allocated block device:0x4008441eec00 size:28672 thread:1
allocated block device:0x4008441f5c00 size:40448 thread:1
allocated block device:0x4008441ffa00 size:512 thread:1
allocated block device:0x400844200000 size:1821184 thread:1
allocated block device:0x4008443bca00 size:180224 thread:1
allocated block device:0x4008443e8a00 size:8192 thread:1
allocated block device:0x4008443eaa00 size:8192 thread:1
allocated block device:0x4008443eca00 size:40448 thread:1
allocated block device:0x4008443f6800 size:8192 thread:1
allocated block device:0x4008443fb400 size:2560 thread:1
allocated block device:0x4008443fbe00 size:3072 thread:1
allocated block device:0x4008443fca00 size:3072 thread:1
allocated block device:0x400844400000 size:7284736 thread:1
allocated block device:0x400844c00000 size:7284736 thread:1
allocated block device:0x400845400000 size:45593600 thread:1
allocated block device:0x400848000000 size:230400000 thread:1
allocated block device:0x40085cc00000 size:7284736 thread:1
allocated block device:0x400860000000 size:807412224 thread:1
allocated block device:0x400890400000 size:230400000 thread:1
allocated block device:0x4008c0000000 size:230400000 thread:1
allocated block device:0x4008cdc00000 size:230400000 thread:1
allocated block device:0x4008db85fa00 size:921600 thread:1
allocated block device:0x4008db940a00 size:463360 thread:1
allocated block device:0x4008db9cba00 size:98304 thread:1
allocated block device:0x4008db9e3a00 size:98304 thread:1
allocated block device:0x4008dba00000 size:2799616 thread:1
allocated block device:0x4008dbe00000 size:7962624 thread:1
allocated block device:0x40104ce00000 size:14400000 thread:1
allocated block device:0x40104f800000 size:14400000 thread:1
allocated block device:0x4010e5600000 size:230400000 thread:1
allocated block device:0x401103400000 size:3614720 thread:1
allocated block device:0x401103800000 size:3614720 thread:1
allocated block device:0x401103c00000 size:3614720 thread:1
allocated block device:0x401104000000 size:3614720 thread:1
allocated block device:0x401104400000 size:453632 thread:1
allocated block device:0x40110446ec00 size:453632 thread:1
allocated block device:0x40110459d800 size:393216 thread:1
allocated block device:0x4011045fd800 size:2048 thread:1
allocated block device:0x401104600000 size:2799616 thread:1
allocated block device:0x401104a00000 size:14400000 thread:1
allocated block device:0x401105800000 size:28917760 thread:1
allocated block device:0x401283400000 size:230400000 thread:1
allocated block device:0x401291000000 size:230400000 thread:1
allocated block device:0x4012c3400000 size:230400000 thread:1
allocated block device:0x4012d1000000 size:230400000 thread:1
allocated block device:0x401303400000 size:29138944 thread:1
allocated block device:0x401305000000 size:29138944 thread:1
allocated block device:0x401306c00000 size:393216 thread:1
allocated block device:0x401306e00000 size:233111552 thread:1
allocated block device:0x401314e00000 size:3145728 thread:1
allocated block device:0x401315200000 size:14569472 thread:1
Accelerator Fatal Error: call to cuMemAlloc returned error 2 (CUDA_ERROR_OUT_OF_MEMORY): Out of memory
 File: /lus/lfs1aip2/projects/u6cb/software/VASP/vasp.6.5.1/build/gam/hamil.f90
 Function: hamiltmu:978
 Line: 1005

Out of memory allocating 230400000 bytes of device memory
Failing in Thread:1
total/free CUDA memory: 102005473280/155385856
Present table dump for device[1]: NVIDIA Tesla GPU 0, compute capability 9.0, threadid=1
Hint: specify 0x800 bit in NV_ACC_DEBUG for verbose info.
host:0x2557280 device:0x400583df6600 size:32 presentcount:0+3 line:643 name:var%comm
host:0x25572a0 device:0x4002fe3ffa00 size:32 presentcount:0+4 line:652 name:var%comm_kinter
host:0x25572c0 device:0x4002fe3ffc00 size:32 presentcount:0+6 line:655 name:var%comm_kin
host:0x25572e0 device:0x4002fe3ff400 size:32 presentcount:0+3 line:646 name:var%comm_inter
host:0x2557300 device:0x4002fe3ff600 size:32 presentcount:0+6 line:649 name:var%comm_inb
host:0x256be80 device:0x4002fa0ecd00 size:8 presentcount:0+1 line:-1 name:_setexm_struct_def_21
host:0x2576f40 device:0x4002fa0ece00 size:28 presentcount:0+1 line:-1 name:_ml_ff_constant_21
host:0x2577c80 device:0x4002fa0ecf00 size:30437 presentcount:0+1 line:-1 name:_ml_ff_taglist_21
host:0x25afc80 device:0x4002fa0f4600 size:8 presentcount:0+1 line:-1 name:_mopenacc_tutor_21
host:0x25c2740 device:0x4002fa0f4a00 size:32 presentcount:0+1 line:-1 name:_mbj_21
host:0x25cd640 device:0x4002fa0f4d00 size:8 presentcount:0+1 line:-1 name:_sym_prec_21
host:0x26030c0 device:0x4002fa0f4e00 size:344 presentcount:0+1 line:-1 name:_tet_21
host:0x261c840 device:0x4002fa0f5000 size:392 presentcount:0+1 line:-1 name:_mymath_21
host:0x2817368 device:0x400583dbd200 size:4800 presentcount:0+2 line:614 name:var
host:0x2818628 device:0x400583df4a00 size:1984 presentcount:0+1 line:403 name:var
host:0x281a910 device:0x40049c5ff400 size:864 presentcount:0+4 line:2639 name:hamiltonian
host:0x286ac80 device:0x400583dfe000 size:2712 presentcount:0+1 line:428 name:var
host:0x286b718 device:0x4002fe3f0600 size:2248 presentcount:0+1 line:742 name:var
host:0x286eb50 device:0x4005841ff400 size:288 presentcount:0+1 line:195 name:latt_cur
host:0x2871658 device:0x4002fe3fb200 size:5088 presentcount:0+21 line:517 name:var
host:0x2872a38 device:0x40042a3fa000 size:5088 presentcount:0+6 line:517 name:var
host:0x2873e18 device:0x400583ff9600 size:5088 presentcount:0+7 line:517 name:var
host:0x287a2a8 device:0x4005841eb400 size:304 presentcount:0+1 line:567 name:var
host:0x287a3d8 device:0x4005841ec200 size:304 presentcount:0+1 line:567 name:var
host:0x2e48ec0 device:0x4002fa002600 size:960024 presentcount:0+1 line:-1 name:_setexm_struct_def_16
host:0x2f8f080 device:0x4002fa0f4700 size:580 presentcount:0+1 line:-1 name:_wpbe_16
host:0x2f8f900 device:0x4002fa0f4b00 size:288 presentcount:0+1 line:-1 name:_mbj_16
host:0x9f446c0 device:0x4002fa0f5200 size:624 presentcount:0+1 line:-1 name:_mlr_optic_16
host:0x13954e60 device:0x400583dbf000 size:1000 presentcount:0+3 line:519 name:var%lpctz(:)
host:0x13957e30 device:0x4005841ea600 size:260 presentcount:0+1 line:499 name:var%ni(:)
host:0x13958120 device:0x4005841ea800 size:260 presentcount:0+1 line:499 name:var%ptri(:)
host:0x13a3c940 device:0x400583dff200 size:24 presentcount:0+2 line:616 name:var%vkpt(:,:)
host:0x13a3c9e0 device:0x400583dff400 size:8 presentcount:0+2 line:616 name:var%wtkpt(:)
host:0x13a3ca10 device:0x400583dfee00 size:8 presentcount:0+3 line:616 name:var%nityp(:)
host:0x13a3cbd0 device:0x4004dc3ffc00 size:16 presentcount:0+1 line:430 name:var%rsmooth(:)
host:0x13a3cc10 device:0x400583dfec00 size:8 presentcount:0+3 line:616 name:var%lmmax(:)
host:0x13a3cc40 device:0x400583dff000 size:8 presentcount:0+3 line:616 name:var%nt_global(:)
host:0x13a3cc70 device:0x400583dff800 size:4 presentcount:0+2 line:616 name:var%nplwkp(:)
host:0x13a3cca0 device:0x400583dffa00 size:4 presentcount:0+2 line:616 name:var%nplwkp_tot(:)
host:0x13a3ccd0 device:0x400583dffc00 size:4 presentcount:0+2 line:616 name:var%ngvector_pos(:)
host:0x13a3cd00 device:0x400583dff600 size:4 presentcount:0+2 line:616 name:var%ngvector(:)
host:0x13a3cd30 device:0x400583df5200 size:8 presentcount:0+2 line:616 name:var%nb_totk(:,:)
host:0x13a3cd60 device:0x400583dffe00 size:4 presentcount:0+2 line:616 name:var%luseinv(:)
host:0x13a3cd90 device:0x400583dbcc00 size:4 presentcount:0+2 line:616 name:var%at_gamma(:)
host:0x13a3cdc0 device:0x400583dbd000 size:16 presentcount:0+1 line:430 name:var%psrmax(:)
host:0x140994b0 device:0x40042a3fd000 size:528 presentcount:0+1 line:480 name:var
host:0x14099b70 device:0x4005841ea200 size:260 presentcount:0+1 line:499 name:var%n(:)
host:0x181566f0 device:0x4004dc3ffe00 size:400 presentcount:0+1 line:464 name:var
host:0x18156880 device:0x4002fe3fc800 size:400 presentcount:0+1 line:464 name:var
host:0x1c7ee5e0 device:0x4002fe3ff800 size:8 presentcount:0+2 line:405 name:var%nityp(:)
host:0x1ccb05f0 device:0x4005841ea400 size:260 presentcount:0+1 line:499 name:var%ptr(:)
host:0x1d16b410 device:0x4005841ee600 size:28464 presentcount:0+1 line:853 name:var(:)
host:0x1d176390 device:0x4005841f5600 size:40000 presentcount:0+1 line:857 name:var%psp(:,:)
host:0x1d180000 device:0x4005843e8a00 size:8000 presentcount:0+1 line:857 name:var%pspcor(:)
host:0x1d181f70 device:0x4005843eaa00 size:8000 presentcount:0+1 line:857 name:var%psprho(:)
host:0x1d185200 device:0x400583fec000 size:24000 presentcount:0+1 line:466 name:var%psprnl(:,:,:)
host:0x1d1a20f0 device:0x4005843eca00 size:40000 presentcount:0+1 line:857 name:var%psp(:,:)
host:0x1d1abd60 device:0x4005843f6800 size:8000 presentcount:0+1 line:857 name:var%psprho(:)
host:0x1d1aeff0 device:0x400583ff1e00 size:24000 presentcount:0+1 line:466 name:var%psprnl(:,:,:)
host:0x1d1de9d0 device:0x400583fe9c00 size:4320 presentcount:0+2 line:405 name:var%ityp(:)
host:0x1d1dfae0 device:0x400583df7a00 size:25920 presentcount:0+2 line:405 name:var%posion(:,:)
host:0x1d24dcf0 device:0x4002fe3fc600 size:24 presentcount:0+2 line:466 name:var%lps(:)
host:0x1d24dda0 device:0x4002fe3fca00 size:24 presentcount:0+2 line:466 name:var%lps(:)
host:0x1d3db450 device:0x400583fe8a00 size:4320 presentcount:0+3 line:616 name:var%ityp(:)
host:0x1d3dc560 device:0x400583df6800 size:4320 presentcount:0+3 line:616 name:var%npro_pos(:)
host:0x1d3dd670 device:0x400583df5400 size:4324 presentcount:0+3 line:616 name:var%lmbase(:)
host:0x1d3de780 device:0x400583dbe600 size:1280 presentcount:0+3 line:519 name:var%lpctx(:)
host:0x1d3decb0 device:0x400583dbec00 size:720 presentcount:0+3 line:519 name:var%lpcty(:)
host:0x1d3defb0 device:0x400583dbf400 size:1280 presentcount:0+3 line:519 name:var%lpctx_(:)
host:0x1d3df4e0 device:0x400583dbfa00 size:720 presentcount:0+3 line:519 name:var%lpcty_(:)
host:0x1d3df7e0 device:0x400583dbfe00 size:1000 presentcount:0+3 line:519 name:var%lpctz_(:)
host:0x1d3dfbf0 device:0x40042a3fb400 size:1280 presentcount:0+1 line:519 name:var%lpctx(:)
host:0x1d3e0120 device:0x40042a3fba00 size:720 presentcount:0+1 line:519 name:var%lpcty(:)
host:0x1d3e0420 device:0x40042a3fbe00 size:1000 presentcount:0+1 line:519 name:var%lpctz(:)
host:0x1d3e0830 device:0x40042a3fc200 size:1280 presentcount:0+1 line:519 name:var%lpctx_(:)
host:0x1d3e0d60 device:0x40042a3fc800 size:720 presentcount:0+1 line:519 name:var%lpcty_(:)
host:0x1d3e1060 device:0x40042a3fcc00 size:1000 presentcount:0+1 line:519 name:var%lpctz_(:)
host:0x1d3e1470 device:0x400583ff7c00 size:2560 presentcount:0+1 line:519 name:var%lpctx(:)
host:0x1d3e1ea0 device:0x400583ffaa00 size:1440 presentcount:0+1 line:519 name:var%lpcty(:)
host:0x1d3e2470 device:0x400583ff8800 size:2000 presentcount:0+1 line:519 name:var%lpctz(:)
host:0x1d3e2c70 device:0x400583ffb000 size:2560 presentcount:0+1 line:519 name:var%lpctx_(:)
host:0x1d3e36a0 device:0x400583ffba00 size:1440 presentcount:0+1 line:519 name:var%lpcty_(:)
host:0x1d3e3c70 device:0x400583ffc000 size:2000 presentcount:0+1 line:519 name:var%lpctz_(:)
host:0x1d4d72d0 device:0x400583ffc800 size:5644 presentcount:0+1 line:482 name:var%i2(:)
host:0x1d4d8910 device:0x400583ffe000 size:5644 presentcount:0+1 line:482 name:var%i3(:)
host:0x1d4d9f50 device:0x40042a3f4c00 size:10040 presentcount:0+1 line:482 name:var%i2(:)
host:0x1d4dc6b0 device:0x40042a3f7400 size:10040 presentcount:0+1 line:482 name:var%i3(:)
host:0x1d4dee10 device:0x40042a3ed800 size:14400 presentcount:0+2 line:482 name:var%i2(:)
host:0x1d4e2680 device:0x40042a3f1200 size:14400 presentcount:0+2 line:482 name:var%i3(:)
host:0x1d4e6310 device:0x40061b85fa00 size:921600 presentcount:0+2 line:482 name:var%index(:,:)
host:0x1d5c7340 device:0x4005841ec400 size:2560 presentcount:0+1 line:569 name:var%ind1(:)
host:0x1d5c7d70 device:0x4005841ece00 size:5644 presentcount:0+1 line:569 name:var%indcol(:)
host:0x1d5c93b0 device:0x40042a3fd400 size:5644 presentcount:0+1 line:482 name:var%i2(:)
host:0x1d5ca9f0 device:0x4005841e8a00 size:5644 presentcount:0+1 line:482 name:var%i3(:)
host:0x1d5cc030 device:0x40042a3fec00 size:2520 presentcount:0+1 line:482 name:var%i2(:)
host:0x1d5cca30 device:0x40042a3ff600 size:2520 presentcount:0+1 line:482 name:var%i3(:)
host:0x1d605860 device:0x4005841eac00 size:260 presentcount:0+1 line:499 name:var%ptr(:)
host:0x1d605990 device:0x4005841eaa00 size:260 presentcount:0+1 line:499 name:var%n(:)
host:0x1d605ac0 device:0x4005841eb200 size:4 presentcount:0+1 line:499 name:var%tbli(:)
host:0x1d605af0 device:0x4005841eb000 size:260 presentcount:0+1 line:499 name:var%ptri(:)
host:0x1d605c20 device:0x4005841eae00 size:260 presentcount:0+1 line:499 name:var%ni(:)
host:0x1d606730 device:0x4002fe3ff200 size:260 presentcount:0+1 line:499 name:var%ptr(:)
host:0x1d6074e0 device:0x4005841eb600 size:1280 presentcount:0+1 line:569 name:var%ind1(:)
host:0x1d607a10 device:0x4005841ebc00 size:1384 presentcount:0+1 line:569 name:var%indcol(:)
host:0x1d607fa0 device:0x40042a338600 size:180000 presentcount:0+3 line:482 name:var%i2(:)
host:0x1d633ef0 device:0x40042a364600 size:180000 presentcount:0+3 line:482 name:var%i3(:)
host:0x1d65fe40 device:0x400583dc8a00 size:180000 presentcount:0+6 line:482 name:var%index(:,:)
host:0x1d68bd90 device:0x4005843bca00 size:180000 presentcount:0+6 line:482 name:var%i2(:)
host:0x1d6b7ce0 device:0x40042a391800 size:180000 presentcount:0+6 line:482 name:var%i3(:)
host:0x1d6e4260 device:0x400583e00000 size:1821184 presentcount:0+2 line:616 name:var%nindpw(:,:)
host:0x1d8a0c90 device:0x400583fbca00 size:180000 presentcount:0+2 line:616 name:var%pl_index(:,:)
host:0x1d8ccbe0 device:0x4005841bca00 size:180000 presentcount:0+2 line:616 name:var%pl_col(:,:)
host:0x1d8f8b30 device:0x400583ff9400 size:8 presentcount:0+1 line:405 name:var%lmmax(:)
host:0x1d8f8b60 device:0x400583feae00 size:4324 presentcount:0+1 line:405 name:var%lmbase(:)
host:0x1d8f9c70 device:0x4002fe3ffe00 size:8 presentcount:0+1 line:430 name:var%lmax(:)
host:0x1d8f9ca0 device:0x400583dbca00 size:8 presentcount:0+1 line:430 name:var%lmmax(:)
host:0x1d8f9cd0 device:0x400583dbce00 size:8 presentcount:0+1 line:430 name:var%channels(:)
host:0x1d8f9d00 device:0x4002fe3fcc00 size:4320 presentcount:0+1 line:430 name:var%nlimax(:)
host:0x1d8fae10 device:0x4002fe3fe000 size:4324 presentcount:0+1 line:430 name:var%lmbase(:)
host:0x1d8fbf20 device:0x40042a390600 size:4324 presentcount:0+1 line:430 name:var%nlibase(:)
host:0x1d8fd030 device:0x400583dc0200 size:17132 presentcount:0+3 line:519 name:var%nindpwconjg(:)
host:0x1d901350 device:0x400583dc4600 size:17132 presentcount:0+3 line:519 name:var%ind_in_sphere(:)
host:0x1d90f3e0 device:0x4002fe3fde00 size:260 presentcount:0+1 line:499 name:var%n(:)
host:0x1d90f510 device:0x400583fffa00 size:260 presentcount:0+1 line:499 name:var%ptri(:)
host:0x1d90f640 device:0x400583fff800 size:260 presentcount:0+1 line:499 name:var%ni(:)
host:0x1d90f770 device:0x400583fffe00 size:260 presentcount:0+1 line:499 name:var%ptr(:)
host:0x1d90f8a0 device:0x400583fffc00 size:260 presentcount:0+1 line:499 name:var%n(:)
host:0x1d90f9d0 device:0x40042a3f9e00 size:260 presentcount:0+1 line:499 name:var%ptri(:)
host:0x1d90fb00 device:0x40042a3f9c00 size:260 presentcount:0+1 line:499 name:var%ni(:)
host:0x1da55db0 device:0x400584c00000 size:7284736 presentcount:0+2 line:616 name:var%datake(:,:,:)
host:0x1e149030 device:0x400584000000 size:1821184 presentcount:0+2 line:616 name:var%igx(:,:)
host:0x1e3066c0 device:0x400583c00000 size:1821184 presentcount:0+2 line:616 name:var%igy(:,:)
host:0x1e4c3f60 device:0x400584200000 size:1821184 presentcount:0+2 line:616 name:var%igz(:,:)
host:0x1e681e30 device:0x40059cc00000 size:7284272 presentcount:0+3 line:519 name:var%fftsca(:,:)
host:0x1edac8c0 device:0x40061b940a00 size:442880 presentcount:0+1 line:499 name:var%tbl(:)
host:0x1ee84d20 device:0x400e84400000 size:453600 presentcount:0+1 line:499 name:var%tbli(:)
host:0x1eef3930 device:0x400e8446ec00 size:453600 presentcount:0+1 line:499 name:var%tbl(:)
host:0x1f074820 device:0x400e83400000 size:3612160 presentcount:0+1 line:499 name:var%tbl(:)
host:0x1f5d2420 device:0x40042a31a000 size:41472 presentcount:0+2 line:746 name:var%fertot(:,:,:)
host:0x1f5f2420 device:0x4002fe3f1000 size:41472 presentcount:0+1 line:746 name:var%auxtot(:,:,:)
host:0x1f600030 device:0x40042a324200 size:82944 presentcount:0+2 line:746 name:var%celtot(:,:,:)
host:0x1f75b810 device:0x400e83800000 size:3614400 presentcount:0+1 line:499 name:var%tbli(:)
host:0x1facfbe0 device:0x400e83c00000 size:3614400 presentcount:0+1 line:499 name:var%tbl(:)
host:0x201b89b0 device:0x400e84000000 size:3614400 presentcount:0+1 line:499 name:var%tbli(:)
host:0x216776b0 device:0x40061ba00000 size:2799360 presentcount:0+1 line:194 name:cdij(:,:,:,:)
host:0x21926dd0 device:0x400e84600000 size:2799360 presentcount:0+1 line:194 name:cqij(:,:,:,:)
host:0x21e86a80 device:0x40061be00000 size:7962624 presentcount:0+1 line:746 name:var%gproj(:,:,:,:)
host:0x22841ce0 device:0x40042a3bd800 size:98304 presentcount:0+1 line:1101 name:w1%gproj(:)
host:0x228c0450 device:0x4004bc1ff400 size:2048 presentcount:0+1 line:179 name:w1(:)
host:0x228c0c70 device:0x4005841ff600 size:2048 presentcount:0+1 line:179 name:wtmp(:)
host:0x22a482d0 device:0x400e8459d800 size:393216 presentcount:0+2 line:1226 name:wa%gproj(:,:)
host:0x22aa8300 device:0x400f86c00000 size:393216 presentcount:0+2 line:1226 name:wa%gproj(:,:)
host:0x22b08330 device:0x40042a3d5800 size:98304 presentcount:0+1 line:1101 name:w1%gproj(:)
host:0x22b20360 device:0x40061b9bc800 size:98304 presentcount:0+1 line:1101 name:w1%gproj(:)
host:0x2b4ecdc0 device:0x400f94e00000 size:3145728 presentcount:0+2 line:1226 name:wa%gproj(:,:)
host:0x314057b0 device:0x400f95200000 size:7284736 presentcount:0+1 line:1101 name:w1%cptwfp(:)
host:0x31affdb0 device:0x400f95a00000 size:7284736 presentcount:0+1 line:1101 name:w1%cptwfp(:)
host:0x321fa9e0 device:0x400f96200000 size:7284736 presentcount:0+1 line:1101 name:w1%cptwfp(:)
host:0x40038c8210a0 device:0x400585400000 size:45593280 presentcount:0+1 line:430 name:var%nli(:,:)
host:0x4004400012b0 device:0x4005a0000000 size:807411968 presentcount:0+1 line:430 name:var%rproj(:)
host:0x4004702131a0 device:0x400600000000 size:230400000 presentcount:0+1 line:194 name:sv(:,:)
host:0x40047ddd35c0 device:0x400e84a00000 size:14400000 presentcount:0+1 line:195 name:dencor(:)
host:0x4005200039e0 device:0x400e85800000 size:28915200 presentcount:0+1 line:195 name:cstrf(:,:)
host:0x400521ba4a60 device:0x400560000000 size:590063616 presentcount:0+1 line:746 name:var%cptwfp(:,:,:,:)
host:0x4005485a6f80 device:0x400f83400000 size:29138944 presentcount:0+2 line:1226 name:wa%cptwfp(:,:)
host:0x400552a17190 device:0x400f85000000 size:29138944 presentcount:0+2 line:1226 name:wa%cptwfp(:,:)
host:0x4005e00079d0 device:0x400f43400000 size:230400000 presentcount:0+1 line:1101 name:w1%cr(:)
host:0x4006200073a0 device:0x400f86e00000 size:233111552 presentcount:0+2 line:1226 name:wa%cptwfp(:,:)
host:0x40062de67be0 device:0x400f51000000 size:230400000 presentcount:0+1 line:1236 name:w1%cr(:)
host:0x40063ba38000 device:0x400f03400000 size:230400000 presentcount:0+1 line:1101 name:w1%cr(:)
host:0x400649608210 device:0x400f11000000 size:230400000 presentcount:0+1 line:1236 name:w1%cr(:)
host:0x4006832c0020 device:0x400d83400000 size:230400000 presentcount:0+1 line:1101 name:w1%cr(:)
host:0xffffc0904120 device:0x4005843fc400 size:3024 presentcount:0+9 line:682 name:var
host:0xffffc0904cf0 device:0x40049c5ff800 size:1480 presentcount:0+1 line:174 name:w_ini
host:0xffffc09052c0 device:0x4005843fae00 size:1480 presentcount:0+1 line:174 name:wopt
host:0xffffc0905890 device:0x4004dc3ff400 size:1480 presentcount:0+1 line:174 name:wtmpa
allocated block device:0x4002fe3f0600 size:2560 thread:1
allocated block device:0x4002fe3f1000 size:41472 thread:1
allocated block device:0x4002fe3fb200 size:5120 thread:1
allocated block device:0x4002fe3fc600 size:512 thread:1
allocated block device:0x4002fe3fc800 size:512 thread:1
allocated block device:0x4002fe3fca00 size:512 thread:1
allocated block device:0x4002fe3fcc00 size:4608 thread:1
allocated block device:0x4002fe3fde00 size:512 thread:1
allocated block device:0x4002fe3fe000 size:4608 thread:1
allocated block device:0x4002fe3ff200 size:512 thread:1
allocated block device:0x4002fe3ff400 size:512 thread:1
allocated block device:0x4002fe3ff600 size:512 thread:1
allocated block device:0x4002fe3ff800 size:512 thread:1
allocated block device:0x4002fe3ffa00 size:512 thread:1
allocated block device:0x4002fe3ffc00 size:512 thread:1
allocated block device:0x4002fe3ffe00 size:512 thread:1
allocated block device:0x40042a31a000 size:41472 thread:1
allocated block device:0x40042a324200 size:82944 thread:1
allocated block device:0x40042a338600 size:180224 thread:1
allocated block device:0x40042a364600 size:180224 thread:1
allocated block device:0x40042a390600 size:4608 thread:1
allocated block device:0x40042a391800 size:180224 thread:1
allocated block device:0x40042a3bd800 size:98304 thread:1
allocated block device:0x40042a3d5800 size:98304 thread:1
allocated block device:0x40042a3ed800 size:14848 thread:1
allocated block device:0x40042a3f1200 size:14848 thread:1
allocated block device:0x40042a3f4c00 size:10240 thread:1
allocated block device:0x40042a3f7400 size:10240 thread:1
allocated block device:0x40042a3f9c00 size:512 thread:1
allocated block device:0x40042a3f9e00 size:512 thread:1
allocated block device:0x40042a3fa000 size:5120 thread:1
allocated block device:0x40042a3fb400 size:1536 thread:1
allocated block device:0x40042a3fba00 size:1024 thread:1
allocated block device:0x40042a3fbe00 size:1024 thread:1
allocated block device:0x40042a3fc200 size:1536 thread:1
allocated block device:0x40042a3fc800 size:1024 thread:1
allocated block device:0x40042a3fcc00 size:1024 thread:1
allocated block device:0x40042a3fd000 size:1024 thread:1
allocated block device:0x40042a3fd400 size:6144 thread:1
allocated block device:0x40042a3fec00 size:2560 thread:1
allocated block device:0x40042a3ff600 size:2560 thread:1
allocated block device:0x40049c5ff400 size:1024 thread:1
allocated block device:0x40049c5ff800 size:1536 thread:1
allocated block device:0x4004bc1ff400 size:2048 thread:1
allocated block device:0x4004dc3ff400 size:2048 thread:1
allocated block device:0x4004dc3ffc00 size:512 thread:1
allocated block device:0x4004dc3ffe00 size:512 thread:1
allocated block device:0x400560000000 size:590063616 thread:1
allocated block device:0x400583c00000 size:1821184 thread:1
allocated block device:0x400583dbca00 size:512 thread:1
allocated block device:0x400583dbcc00 size:512 thread:1
allocated block device:0x400583dbce00 size:512 thread:1
allocated block device:0x400583dbd000 size:512 thread:1
allocated block device:0x400583dbd200 size:5120 thread:1
allocated block device:0x400583dbe600 size:1536 thread:1
allocated block device:0x400583dbec00 size:1024 thread:1
allocated block device:0x400583dbf000 size:1024 thread:1
allocated block device:0x400583dbf400 size:1536 thread:1
allocated block device:0x400583dbfa00 size:1024 thread:1
allocated block device:0x400583dbfe00 size:1024 thread:1
allocated block device:0x400583dc0200 size:17408 thread:1
allocated block device:0x400583dc4600 size:17408 thread:1
allocated block device:0x400583dc8a00 size:180224 thread:1
allocated block device:0x400583df4a00 size:2048 thread:1
allocated block device:0x400583df5200 size:512 thread:1
allocated block device:0x400583df5400 size:4608 thread:1
allocated block device:0x400583df6600 size:512 thread:1
allocated block device:0x400583df6800 size:4608 thread:1
allocated block device:0x400583df7a00 size:26112 thread:1
allocated block device:0x400583dfe000 size:3072 thread:1
allocated block device:0x400583dfec00 size:512 thread:1
allocated block device:0x400583dfee00 size:512 thread:1
allocated block device:0x400583dff000 size:512 thread:1
allocated block device:0x400583dff200 size:512 thread:1
allocated block device:0x400583dff400 size:512 thread:1
allocated block device:0x400583dff600 size:512 thread:1
allocated block device:0x400583dff800 size:512 thread:1
allocated block device:0x400583dffa00 size:512 thread:1
allocated block device:0x400583dffc00 size:512 thread:1
allocated block device:0x400583dffe00 size:512 thread:1
allocated block device:0x400583e00000 size:1821184 thread:1
allocated block device:0x400583fbca00 size:180224 thread:1
allocated block device:0x400583fe8a00 size:4608 thread:1
allocated block device:0x400583fe9c00 size:4608 thread:1
allocated block device:0x400583feae00 size:4608 thread:1
allocated block device:0x400583fec000 size:24064 thread:1
allocated block device:0x400583ff1e00 size:24064 thread:1
allocated block device:0x400583ff7c00 size:3072 thread:1
allocated block device:0x400583ff8800 size:3072 thread:1
allocated block device:0x400583ff9400 size:512 thread:1
allocated block device:0x400583ff9600 size:5120 thread:1
allocated block device:0x400583ffaa00 size:1536 thread:1
allocated block device:0x400583ffb000 size:2560 thread:1
allocated block device:0x400583ffba00 size:1536 thread:1
allocated block device:0x400583ffc000 size:2048 thread:1
allocated block device:0x400583ffc800 size:6144 thread:1
allocated block device:0x400583ffe000 size:6144 thread:1
allocated block device:0x400583fff800 size:512 thread:1
allocated block device:0x400583fffa00 size:512 thread:1
allocated block device:0x400583fffc00 size:512 thread:1
allocated block device:0x400583fffe00 size:512 thread:1
allocated block device:0x400584000000 size:1821184 thread:1
allocated block device:0x4005841bca00 size:180224 thread:1
allocated block device:0x4005841e8a00 size:6144 thread:1
allocated block device:0x4005841ea200 size:512 thread:1
allocated block device:0x4005841ea400 size:512 thread:1
allocated block device:0x4005841ea600 size:512 thread:1
allocated block device:0x4005841ea800 size:512 thread:1
allocated block device:0x4005841eaa00 size:512 thread:1
allocated block device:0x4005841eac00 size:512 thread:1
allocated block device:0x4005841eae00 size:512 thread:1
allocated block device:0x4005841eb000 size:512 thread:1
allocated block device:0x4005841eb200 size:512 thread:1
allocated block device:0x4005841eb400 size:512 thread:1
allocated block device:0x4005841eb600 size:1536 thread:1
allocated block device:0x4005841ebc00 size:1536 thread:1
allocated block device:0x4005841ec200 size:512 thread:1
allocated block device:0x4005841ec400 size:2560 thread:1
allocated block device:0x4005841ece00 size:6144 thread:1
allocated block device:0x4005841ee600 size:28672 thread:1
allocated block device:0x4005841f5600 size:40448 thread:1
allocated block device:0x4005841ff400 size:512 thread:1
allocated block device:0x4005841ff600 size:2048 thread:1
allocated block device:0x400584200000 size:1821184 thread:1
allocated block device:0x4005843bca00 size:180224 thread:1
allocated block device:0x4005843e8a00 size:8192 thread:1
allocated block device:0x4005843eaa00 size:8192 thread:1
allocated block device:0x4005843eca00 size:40448 thread:1
allocated block device:0x4005843f6800 size:8192 thread:1
allocated block device:0x4005843fae00 size:2560 thread:1
allocated block device:0x4005843fc400 size:3072 thread:1
allocated block device:0x400584c00000 size:7284736 thread:1
allocated block device:0x400585400000 size:45593600 thread:1
allocated block device:0x40059cc00000 size:7284736 thread:1
allocated block device:0x4005a0000000 size:807412224 thread:1
allocated block device:0x400600000000 size:230400000 thread:1
allocated block device:0x40061b85fa00 size:921600 thread:1
allocated block device:0x40061b940a00 size:442880 thread:1
allocated block device:0x40061b9bc800 size:98304 thread:1
allocated block device:0x40061ba00000 size:2799616 thread:1
allocated block device:0x40061be00000 size:7962624 thread:1
allocated block device:0x400d83400000 size:230400000 thread:1
allocated block device:0x400e83400000 size:3612160 thread:1
allocated block device:0x400e83800000 size:3614720 thread:1
allocated block device:0x400e83c00000 size:3614720 thread:1
allocated block device:0x400e84000000 size:3614720 thread:1
allocated block device:0x400e84400000 size:453632 thread:1
allocated block device:0x400e8446ec00 size:453632 thread:1
allocated block device:0x400e8459d800 size:393216 thread:1
allocated block device:0x400e84600000 size:2799616 thread:1
allocated block device:0x400e84a00000 size:14400000 thread:1
allocated block device:0x400e85800000 size:28915200 thread:1
allocated block device:0x400f03400000 size:230400000 thread:1
allocated block device:0x400f11000000 size:230400000 thread:1
allocated block device:0x400f43400000 size:230400000 thread:1
allocated block device:0x400f51000000 size:230400000 thread:1
allocated block device:0x400f83400000 size:29138944 thread:1
allocated block device:0x400f85000000 size:29138944 thread:1
allocated block device:0x400f86c00000 size:393216 thread:1
allocated block device:0x400f86e00000 size:233111552 thread:1
allocated block device:0x400f94e00000 size:3145728 thread:1
allocated block device:0x400f95200000 size:7284736 thread:1
allocated block device:0x400f95a00000 size:7284736 thread:1
allocated block device:0x400f96200000 size:7284736 thread:1
Accelerator Fatal Error: call to cuMemAlloc returned error 2 (CUDA_ERROR_OUT_OF_MEMORY): Out of memory
 File: /lus/lfs1aip2/projects/u6cb/software/VASP/vasp.6.5.1/build/gam/wave.f90
 Function: newwav_r:1223
 Line: 1236

Out of memory allocating 921600000 bytes of device memory
Failing in Thread:1
total/free CUDA memory: 102005473280/748421120
Present table dump for device[1]: NVIDIA Tesla GPU 0, compute capability 9.0, threadid=1
Hint: specify 0x800 bit in NV_ACC_DEBUG for verbose info.
host:0x2557280 device:0x400963df6600 size:32 presentcount:0+3 line:643 name:var%comm
host:0x25572a0 device:0x4006de3ffa00 size:32 presentcount:0+4 line:652 name:var%comm_kinter
host:0x25572c0 device:0x4006de3ffc00 size:32 presentcount:0+6 line:655 name:var%comm_kin
host:0x25572e0 device:0x4006de3ff400 size:32 presentcount:0+3 line:646 name:var%comm_inter
host:0x2557300 device:0x4006de3ff600 size:32 presentcount:0+7 line:649 name:var%comm_inb
host:0x256be80 device:0x4006da0ecd00 size:8 presentcount:0+1 line:-1 name:_setexm_struct_def_21
host:0x2576f40 device:0x4006da0ece00 size:28 presentcount:0+1 line:-1 name:_ml_ff_constant_21
host:0x2577c80 device:0x4006da0ecf00 size:30437 presentcount:0+1 line:-1 name:_ml_ff_taglist_21
host:0x25afc80 device:0x4006da0f4600 size:8 presentcount:0+1 line:-1 name:_mopenacc_tutor_21
host:0x25c2740 device:0x4006da0f4a00 size:32 presentcount:0+1 line:-1 name:_mbj_21
host:0x25cd640 device:0x4006da0f4d00 size:8 presentcount:0+1 line:-1 name:_sym_prec_21
host:0x26030c0 device:0x4006da0f4e00 size:344 presentcount:0+1 line:-1 name:_tet_21
host:0x261c840 device:0x4006da0f5000 size:392 presentcount:0+1 line:-1 name:_mymath_21
host:0x2817368 device:0x400963dbd200 size:4800 presentcount:0+2 line:614 name:var
host:0x2818628 device:0x400963df4a00 size:1984 presentcount:0+2 line:403 name:var
host:0x281a910 device:0x40087c5ff400 size:864 presentcount:0+4 line:2639 name:hamiltonian
host:0x286ac80 device:0x400963dfe000 size:2712 presentcount:0+2 line:428 name:var
host:0x286b718 device:0x4006de3f0600 size:2248 presentcount:0+1 line:742 name:var
host:0x286eb50 device:0x4009641ff400 size:288 presentcount:0+1 line:195 name:latt_cur
host:0x2871658 device:0x4006de3fb200 size:5088 presentcount:0+28 line:517 name:var
host:0x2872a38 device:0x4007fe3fa000 size:5088 presentcount:0+6 line:517 name:var
host:0x2873e18 device:0x400963ff9600 size:5088 presentcount:0+7 line:517 name:var
host:0x287a2a8 device:0x4009641eb400 size:304 presentcount:0+1 line:567 name:var
host:0x287a3d8 device:0x4009641ec200 size:304 presentcount:0+1 line:567 name:var
host:0x2e48ec0 device:0x4006da002600 size:960024 presentcount:0+1 line:-1 name:_setexm_struct_def_16
host:0x2f8f080 device:0x4006da0f4700 size:580 presentcount:0+1 line:-1 name:_wpbe_16
host:0x2f8f900 device:0x4006da0f4b00 size:288 presentcount:0+1 line:-1 name:_mbj_16
host:0x9f446c0 device:0x4006da0f5200 size:624 presentcount:0+1 line:-1 name:_mlr_optic_16
host:0x2fcda3e0 device:0x400963dff400 size:8 presentcount:0+2 line:616 name:var%wtkpt(:)
host:0x2ffb4e60 device:0x400963dbf000 size:1000 presentcount:0+4 line:519 name:var%lpctz(:)
host:0x2ffb7e30 device:0x4009641ea600 size:260 presentcount:0+1 line:499 name:var%ni(:)
host:0x2ffb8120 device:0x4009641ea800 size:260 presentcount:0+1 line:499 name:var%ptri(:)
host:0x3009cdd0 device:0x400963dff000 size:8 presentcount:0+3 line:616 name:var%nt_global(:)
host:0x306f9540 device:0x4007fe3fd000 size:528 presentcount:0+1 line:480 name:var
host:0x306f9de0 device:0x4009641ea200 size:260 presentcount:0+1 line:499 name:var%n(:)
host:0x33f40280 device:0x4008bc3ffe00 size:400 presentcount:0+2 line:464 name:var
host:0x33f40410 device:0x4006de3fc800 size:400 presentcount:0+2 line:464 name:var
host:0x38e4ea60 device:0x4006de3ff800 size:8 presentcount:0+4 line:405 name:var%nityp(:)
host:0x39310a70 device:0x4009641ea400 size:260 presentcount:0+1 line:499 name:var%ptr(:)
host:0x397cb890 device:0x4009641ee600 size:28464 presentcount:0+1 line:853 name:var(:)
host:0x397d6810 device:0x4009641f5600 size:40000 presentcount:0+1 line:857 name:var%psp(:,:)
host:0x397e0480 device:0x4009643e8a00 size:8000 presentcount:0+1 line:857 name:var%pspcor(:)
host:0x397e23f0 device:0x4009643eaa00 size:8000 presentcount:0+1 line:857 name:var%psprho(:)
host:0x397e5680 device:0x400963fec000 size:24000 presentcount:0+2 line:466 name:var%psprnl(:,:,:)
host:0x39802570 device:0x4009643eca00 size:40000 presentcount:0+1 line:857 name:var%psp(:,:)
host:0x3980c1e0 device:0x4009643f6800 size:8000 presentcount:0+1 line:857 name:var%psprho(:)
host:0x3980f470 device:0x400963ff1e00 size:24000 presentcount:0+2 line:466 name:var%psprnl(:,:,:)
host:0x3983ee50 device:0x400963fe9c00 size:4320 presentcount:0+4 line:405 name:var%ityp(:)
host:0x3983ff60 device:0x400963df7a00 size:25920 presentcount:0+4 line:405 name:var%posion(:,:)
host:0x3987c450 device:0x400963dfee00 size:8 presentcount:0+3 line:616 name:var%nityp(:)
host:0x3987c480 device:0x400963dfec00 size:8 presentcount:0+3 line:616 name:var%lmmax(:)
host:0x398ae170 device:0x4006de3fc600 size:24 presentcount:0+3 line:466 name:var%lps(:)
host:0x398ae220 device:0x4006de3fca00 size:24 presentcount:0+3 line:466 name:var%lps(:)
host:0x39a2ccb0 device:0x400963dff200 size:24 presentcount:0+3 line:616 name:var%vkpt(:,:)
host:0x39a51e80 device:0x400963dbd000 size:16 presentcount:0+2 line:430 name:var%psrmax(:)
host:0x39a52440 device:0x400963fe8a00 size:4320 presentcount:0+3 line:616 name:var%ityp(:)
host:0x39a53550 device:0x400963df6800 size:4320 presentcount:0+3 line:616 name:var%npro_pos(:)
host:0x39a54660 device:0x400963df5400 size:4324 presentcount:0+3 line:616 name:var%lmbase(:)
host:0x39a55770 device:0x400963dff800 size:4 presentcount:0+2 line:616 name:var%nplwkp(:)
host:0x39a557a0 device:0x400963dffa00 size:4 presentcount:0+2 line:616 name:var%nplwkp_tot(:)
host:0x39a557d0 device:0x400963dffc00 size:4 presentcount:0+2 line:616 name:var%ngvector_pos(:)
host:0x39a55800 device:0x400963dff600 size:4 presentcount:0+2 line:616 name:var%ngvector(:)
host:0x39a55830 device:0x400963dbe600 size:1280 presentcount:0+4 line:519 name:var%lpctx(:)
host:0x39a55d60 device:0x400963dbec00 size:720 presentcount:0+4 line:519 name:var%lpcty(:)
host:0x39a56060 device:0x400963dbf400 size:1280 presentcount:0+4 line:519 name:var%lpctx_(:)
host:0x39a56590 device:0x400963dbfa00 size:720 presentcount:0+4 line:519 name:var%lpcty_(:)
host:0x39a56890 device:0x400963dbfe00 size:1000 presentcount:0+4 line:519 name:var%lpctz_(:)
host:0x39a56ca0 device:0x4007fe3fb400 size:1280 presentcount:0+1 line:519 name:var%lpctx(:)
host:0x39a571d0 device:0x4007fe3fba00 size:720 presentcount:0+1 line:519 name:var%lpcty(:)
host:0x39a574d0 device:0x4007fe3fbe00 size:1000 presentcount:0+1 line:519 name:var%lpctz(:)
host:0x39a578e0 device:0x4007fe3fc200 size:1280 presentcount:0+1 line:519 name:var%lpctx_(:)
host:0x39a57e10 device:0x4007fe3fc800 size:720 presentcount:0+1 line:519 name:var%lpcty_(:)
host:0x39a58110 device:0x4007fe3fcc00 size:1000 presentcount:0+1 line:519 name:var%lpctz_(:)
host:0x39a58520 device:0x400963ff7c00 size:2560 presentcount:0+1 line:519 name:var%lpctx(:)
host:0x39a58f50 device:0x400963ffaa00 size:1440 presentcount:0+1 line:519 name:var%lpcty(:)
host:0x39a59520 device:0x400963ff8800 size:2000 presentcount:0+1 line:519 name:var%lpctz(:)
host:0x39a59d20 device:0x400963ffb000 size:2560 presentcount:0+1 line:519 name:var%lpctx_(:)
host:0x39a5a750 device:0x400963ffba00 size:1440 presentcount:0+1 line:519 name:var%lpcty_(:)
host:0x39a5ad20 device:0x400963ffc000 size:2000 presentcount:0+1 line:519 name:var%lpctz_(:)
host:0x39b4e380 device:0x400963ffc800 size:5648 presentcount:0+1 line:482 name:var%i2(:)
host:0x39b4f9c0 device:0x400963ffe000 size:5648 presentcount:0+1 line:482 name:var%i3(:)
host:0x39b51000 device:0x4007fe3f4c00 size:10040 presentcount:0+1 line:482 name:var%i2(:)
host:0x39b53760 device:0x4007fe3f7400 size:10040 presentcount:0+1 line:482 name:var%i3(:)
host:0x39b55ec0 device:0x4007fe3ed800 size:14400 presentcount:0+2 line:482 name:var%i2(:)
host:0x39b59730 device:0x4007fe3f1200 size:14400 presentcount:0+2 line:482 name:var%i3(:)
host:0x39b5d3c0 device:0x4009db85fa00 size:921600 presentcount:0+2 line:482 name:var%index(:,:)
host:0x39c3e3f0 device:0x4009641ec400 size:2560 presentcount:0+1 line:569 name:var%ind1(:)
host:0x39c3ee20 device:0x4009641ece00 size:5648 presentcount:0+1 line:569 name:var%indcol(:)
host:0x39c40460 device:0x4007fe3fd400 size:5648 presentcount:0+1 line:482 name:var%i2(:)
host:0x39c41aa0 device:0x4009641e8a00 size:5648 presentcount:0+1 line:482 name:var%i3(:)
host:0x39c430e0 device:0x4007fe3fec00 size:2520 presentcount:0+1 line:482 name:var%i2(:)
host:0x39c43ae0 device:0x4007fe3ff600 size:2520 presentcount:0+1 line:482 name:var%i3(:)
host:0x39c444e0 device:0x4006de3fcc00 size:4320 presentcount:0+2 line:430 name:var%nlimax(:)
host:0x39c455f0 device:0x4006de3fe000 size:4324 presentcount:0+2 line:430 name:var%lmbase(:)
host:0x39c46700 device:0x4007fe390600 size:4324 presentcount:0+2 line:430 name:var%nlibase(:)
host:0x39c47810 device:0x400963dc0200 size:17132 presentcount:0+4 line:519 name:var%nindpwconjg(:)
host:0x39c4bb30 device:0x400963dc4600 size:17132 presentcount:0+4 line:519 name:var%ind_in_sphere(:)
host:0x39c51490 device:0x4006de3ff200 size:260 presentcount:0+1 line:499 name:var%ptr(:)
host:0x39c515c0 device:0x4006de3fde00 size:260 presentcount:0+1 line:499 name:var%n(:)
host:0x39c516f0 device:0x400963fffa00 size:260 presentcount:0+1 line:499 name:var%ptri(:)
host:0x39c51820 device:0x400963fff800 size:260 presentcount:0+1 line:499 name:var%ni(:)
host:0x39c51950 device:0x400963fffe00 size:260 presentcount:0+1 line:499 name:var%ptr(:)
host:0x39c51a80 device:0x400963fffc00 size:260 presentcount:0+1 line:499 name:var%n(:)
host:0x39c51bb0 device:0x4007fe3f9e00 size:260 presentcount:0+1 line:499 name:var%ptri(:)
host:0x39c51ce0 device:0x4007fe3f9c00 size:260 presentcount:0+1 line:499 name:var%ni(:)
host:0x39c51e10 device:0x4009641eae00 size:260 presentcount:0+1 line:499 name:var%ni(:)
host:0x39c7e590 device:0x4009641eb600 size:1280 presentcount:0+1 line:569 name:var%ind1(:)
host:0x39c7eac0 device:0x4009641ebc00 size:1384 presentcount:0+1 line:569 name:var%indcol(:)
host:0x39c7f050 device:0x4007fe338600 size:180000 presentcount:0+4 line:482 name:var%i2(:)
host:0x39caafa0 device:0x4007fe364600 size:180000 presentcount:0+4 line:482 name:var%i3(:)
host:0x39cd6ef0 device:0x400963dc8a00 size:180000 presentcount:0+8 line:482 name:var%index(:,:)
host:0x39d02e40 device:0x4009643bca00 size:180000 presentcount:0+8 line:482 name:var%i2(:)
host:0x39d2ed90 device:0x4007fe391800 size:180000 presentcount:0+8 line:482 name:var%i3(:)
host:0x39d5b310 device:0x400963e00000 size:1821184 presentcount:0+3 line:616 name:var%nindpw(:,:)
host:0x39f17d40 device:0x400963df5200 size:8 presentcount:0+2 line:616 name:var%nb_totk(:,:)
host:0x39f17d70 device:0x400963dffe00 size:4 presentcount:0+2 line:616 name:var%luseinv(:)
host:0x39f17da0 device:0x400963dbcc00 size:4 presentcount:0+2 line:616 name:var%at_gamma(:)
host:0x39f17dd0 device:0x400963fbca00 size:180000 presentcount:0+3 line:616 name:var%pl_index(:,:)
host:0x39f43d20 device:0x4009641bca00 size:180000 presentcount:0+3 line:616 name:var%pl_col(:,:)
host:0x39f6fc70 device:0x400963ff9400 size:8 presentcount:0+2 line:405 name:var%lmmax(:)
host:0x39f6fca0 device:0x4006de3ffe00 size:8 presentcount:0+2 line:430 name:var%lmax(:)
host:0x39f6fcd0 device:0x400963dbca00 size:8 presentcount:0+2 line:430 name:var%lmmax(:)
host:0x39f6fd00 device:0x400963dbce00 size:8 presentcount:0+2 line:430 name:var%channels(:)
host:0x39f6fd30 device:0x4008bc3ffc00 size:16 presentcount:0+2 line:430 name:var%rsmooth(:)
host:0x39f6fd70 device:0x4009641eac00 size:260 presentcount:0+1 line:499 name:var%ptr(:)
host:0x39f6fea0 device:0x4009641eaa00 size:260 presentcount:0+1 line:499 name:var%n(:)
host:0x39f6ffd0 device:0x4009641eb200 size:4 presentcount:0+1 line:499 name:var%tbli(:)
host:0x39f70000 device:0x4009641eb000 size:260 presentcount:0+1 line:499 name:var%ptri(:)
host:0x3a0b6230 device:0x400964c00000 size:7284736 presentcount:0+3 line:616 name:var%datake(:,:,:)
host:0x3a7a94b0 device:0x400964000000 size:1821184 presentcount:0+3 line:616 name:var%igx(:,:)
host:0x3a966b40 device:0x400963c00000 size:1821184 presentcount:0+3 line:616 name:var%igy(:,:)
host:0x3ab243e0 device:0x400964200000 size:1821184 presentcount:0+3 line:616 name:var%igz(:,:)
host:0x3ace0e10 device:0x400963feae00 size:4324 presentcount:0+2 line:405 name:var%lmbase(:)
host:0x3ace33c0 device:0x40097cc00000 size:7284272 presentcount:0+4 line:519 name:var%fftsca(:,:)
host:0x3b446280 device:0x4009db940a00 size:442880 presentcount:0+1 line:499 name:var%tbl(:)
host:0x3b51e6e0 device:0x401204400000 size:453600 presentcount:0+1 line:499 name:var%tbli(:)
host:0x3b58d2f0 device:0x40120446ec00 size:453600 presentcount:0+1 line:499 name:var%tbl(:)
host:0x3b6fe1d0 device:0x401203400000 size:3614720 presentcount:0+1 line:499 name:var%tbl(:)
host:0x3bde65c0 device:0x401203800000 size:3614400 presentcount:0+1 line:499 name:var%tbli(:)
host:0x3c15a990 device:0x401203c00000 size:3614400 presentcount:0+1 line:499 name:var%tbl(:)
host:0x3c4d0e60 device:0x4009dba00000 size:2799360 presentcount:0+2 line:194 name:cdij(:,:,:,:)
host:0x3c7a2420 device:0x4006de3f1000 size:41472 presentcount:0+1 line:746 name:var%auxtot(:,:,:)
host:0x3c7c2420 device:0x4007fe31a000 size:41472 presentcount:0+2 line:746 name:var%fertot(:,:,:)
host:0x3c7d0030 device:0x4007fe324200 size:82944 presentcount:0+2 line:746 name:var%celtot(:,:,:)
host:0x3c843760 device:0x401204000000 size:3614400 presentcount:0+1 line:499 name:var%tbli(:)
host:0x3e077bb0 device:0x401204600000 size:2799360 presentcount:0+2 line:194 name:cqij(:,:,:,:)
host:0x3e5d7860 device:0x4009dbe00000 size:7962624 presentcount:0+5 line:746 name:var%gproj(:,:,:,:)
host:0x3ef92ba0 device:0x4007fe3bd800 size:98304 presentcount:0+1 line:1101 name:w1%gproj(:)
host:0x3f011310 device:0x40089c1ff400 size:2048 presentcount:0+1 line:179 name:w1(:)
host:0x3f011b30 device:0x4009641ff600 size:2048 presentcount:0+1 line:179 name:wtmp(:)
host:0x3f199190 device:0x40120459d800 size:393216 presentcount:0+2 line:1226 name:wa%gproj(:,:)
host:0x3f1f91c0 device:0x4013c6c00000 size:393216 presentcount:0+2 line:1226 name:wa%gproj(:,:)
host:0x3f2591f0 device:0x4007fe3d5800 size:98304 presentcount:0+1 line:1101 name:w1%gproj(:)
host:0x3f271220 device:0x4009db9bc800 size:98304 presentcount:0+1 line:1101 name:w1%gproj(:)
host:0x3f289250 device:0x4009db9d4800 size:98304 presentcount:0+1 line:1101 name:w1%gproj(:)
host:0x47b66d40 device:0x4013d4e00000 size:3145728 presentcount:0+2 line:1226 name:wa%gproj(:,:)
host:0x4cc92520 device:0x4013d7200000 size:14569472 presentcount:0+1 line:202 name:precon(:,:)
host:0x4da7ecf0 device:0x4013d5200000 size:7284736 presentcount:0+1 line:1101 name:w1%cptwfp(:)
host:0x4e1792f0 device:0x4013d5a00000 size:7284736 presentcount:0+1 line:1101 name:w1%cptwfp(:)
host:0x4e873f20 device:0x4013d6200000 size:7284736 presentcount:0+1 line:1101 name:w1%cptwfp(:)
host:0x4ef66b70 device:0x4013d6a00000 size:7284736 presentcount:0+1 line:1101 name:w1%cptwfp(:)
host:0x40076c0010a0 device:0x400965400000 size:45593280 presentcount:0+2 line:430 name:var%nli(:,:)
host:0x40076f9531a0 device:0x4009c0000000 size:230400000 presentcount:0+2 line:194 name:sv(:,:)
host:0x40077e2e35c0 device:0x401204a00000 size:14400000 presentcount:0+1 line:195 name:dencor(:)
host:0x4008200012b0 device:0x400980000000 size:807411968 presentcount:0+2 line:430 name:var%rproj(:)
host:0x4008502139e0 device:0x401205800000 size:28917760 presentcount:0+1 line:195 name:cstrf(:,:)
host:0x4008554f6f80 device:0x4013c3400000 size:29138944 presentcount:0+2 line:1226 name:wa%cptwfp(:,:)
host:0x400900004a60 device:0x400940000000 size:590063616 presentcount:0+5 line:746 name:var%cptwfp(:,:,:,:)
host:0x4009239c7190 device:0x4013c5000000 size:29138944 presentcount:0+2 line:1226 name:wa%cptwfp(:,:)
host:0x4009255a73a0 device:0x4013c6e00000 size:233111552 presentcount:0+2 line:1226 name:wa%cptwfp(:,:)
host:0x400a0a1579d0 device:0x401383400000 size:230400000 presentcount:0+1 line:1101 name:w1%cr(:)
host:0x400a60007be0 device:0x401391000000 size:230400000 presentcount:0+1 line:1236 name:w1%cr(:)
host:0x400a6dbd8000 device:0x401343400000 size:230400000 presentcount:0+1 line:1101 name:w1%cr(:)
host:0x400a7b7a8210 device:0x401351000000 size:230400000 presentcount:0+1 line:1236 name:w1%cr(:)
host:0x400a89370020 device:0x401303400000 size:230400000 presentcount:0+1 line:1101 name:w1%cr(:)
host:0x400f60000230 device:0x401311000000 size:230400000 presentcount:0+1 line:1236 name:w1%cr(:)
host:0x400f6dbc0650 device:0x4012c3400000 size:230400000 presentcount:0+1 line:1101 name:w1%cr(:)
host:0x400f7b780860 device:0x4012d1000000 size:230400000 presentcount:0+1 line:1236 name:w1%cr(:)
host:0xffffff666bc0 device:0x4009643fc400 size:3024 presentcount:0+12 line:682 name:var
host:0xffffff667790 device:0x40087c5ff800 size:1480 presentcount:0+1 line:174 name:w_ini
host:0xffffff667d60 device:0x4009643fae00 size:1480 presentcount:0+1 line:174 name:wopt
host:0xffffff668330 device:0x4008bc3ff400 size:1480 presentcount:0+1 line:174 name:wtmpa
allocated block device:0x4006de3f0600 size:2560 thread:1
allocated block device:0x4006de3f1000 size:41472 thread:1
allocated block device:0x4006de3fb200 size:5120 thread:1
allocated block device:0x4006de3fc600 size:512 thread:1
allocated block device:0x4006de3fc800 size:512 thread:1
allocated block device:0x4006de3fca00 size:512 thread:1
allocated block device:0x4006de3fcc00 size:4608 thread:1
allocated block device:0x4006de3fde00 size:512 thread:1
allocated block device:0x4006de3fe000 size:4608 thread:1
allocated block device:0x4006de3ff200 size:512 thread:1
allocated block device:0x4006de3ff400 size:512 thread:1
allocated block device:0x4006de3ff600 size:512 thread:1
allocated block device:0x4006de3ff800 size:512 thread:1
allocated block device:0x4006de3ffa00 size:512 thread:1
allocated block device:0x4006de3ffc00 size:512 thread:1
allocated block device:0x4006de3ffe00 size:512 thread:1
allocated block device:0x4007fe31a000 size:41472 thread:1
allocated block device:0x4007fe324200 size:82944 thread:1
allocated block device:0x4007fe338600 size:180224 thread:1
allocated block device:0x4007fe364600 size:180224 thread:1
allocated block device:0x4007fe390600 size:4608 thread:1
allocated block device:0x4007fe391800 size:180224 thread:1
allocated block device:0x4007fe3bd800 size:98304 thread:1
allocated block device:0x4007fe3d5800 size:98304 thread:1
allocated block device:0x4007fe3ed800 size:14848 thread:1
allocated block device:0x4007fe3f1200 size:14848 thread:1
allocated block device:0x4007fe3f4c00 size:10240 thread:1
allocated block device:0x4007fe3f7400 size:10240 thread:1
allocated block device:0x4007fe3f9c00 size:512 thread:1
allocated block device:0x4007fe3f9e00 size:512 thread:1
allocated block device:0x4007fe3fa000 size:5120 thread:1
allocated block device:0x4007fe3fb400 size:1536 thread:1
allocated block device:0x4007fe3fba00 size:1024 thread:1
allocated block device:0x4007fe3fbe00 size:1024 thread:1
allocated block device:0x4007fe3fc200 size:1536 thread:1
allocated block device:0x4007fe3fc800 size:1024 thread:1
allocated block device:0x4007fe3fcc00 size:1024 thread:1
allocated block device:0x4007fe3fd000 size:1024 thread:1
allocated block device:0x4007fe3fd400 size:6144 thread:1
allocated block device:0x4007fe3fec00 size:2560 thread:1
allocated block device:0x4007fe3ff600 size:2560 thread:1
allocated block device:0x40087c5ff400 size:1024 thread:1
allocated block device:0x40087c5ff800 size:1536 thread:1
allocated block device:0x40089c1ff400 size:2048 thread:1
allocated block device:0x4008bc3ff400 size:2048 thread:1
allocated block device:0x4008bc3ffc00 size:512 thread:1
allocated block device:0x4008bc3ffe00 size:512 thread:1
allocated block device:0x400940000000 size:590063616 thread:1
allocated block device:0x400963c00000 size:1821184 thread:1
allocated block device:0x400963dbca00 size:512 thread:1
allocated block device:0x400963dbcc00 size:512 thread:1
allocated block device:0x400963dbce00 size:512 thread:1
allocated block device:0x400963dbd000 size:512 thread:1
allocated block device:0x400963dbd200 size:5120 thread:1
allocated block device:0x400963dbe600 size:1536 thread:1
allocated block device:0x400963dbec00 size:1024 thread:1
allocated block device:0x400963dbf000 size:1024 thread:1
allocated block device:0x400963dbf400 size:1536 thread:1
allocated block device:0x400963dbfa00 size:1024 thread:1
allocated block device:0x400963dbfe00 size:1024 thread:1
allocated block device:0x400963dc0200 size:17408 thread:1
allocated block device:0x400963dc4600 size:17408 thread:1
allocated block device:0x400963dc8a00 size:180224 thread:1
allocated block device:0x400963df4a00 size:2048 thread:1
allocated block device:0x400963df5200 size:512 thread:1
allocated block device:0x400963df5400 size:4608 thread:1
allocated block device:0x400963df6600 size:512 thread:1
allocated block device:0x400963df6800 size:4608 thread:1
allocated block device:0x400963df7a00 size:26112 thread:1
allocated block device:0x400963dfe000 size:3072 thread:1
allocated block device:0x400963dfec00 size:512 thread:1
allocated block device:0x400963dfee00 size:512 thread:1
allocated block device:0x400963dff000 size:512 thread:1
allocated block device:0x400963dff200 size:512 thread:1
allocated block device:0x400963dff400 size:512 thread:1
allocated block device:0x400963dff600 size:512 thread:1
allocated block device:0x400963dff800 size:512 thread:1
allocated block device:0x400963dffa00 size:512 thread:1
allocated block device:0x400963dffc00 size:512 thread:1
allocated block device:0x400963dffe00 size:512 thread:1
allocated block device:0x400963e00000 size:1821184 thread:1
allocated block device:0x400963fbca00 size:180224 thread:1
allocated block device:0x400963fe8a00 size:4608 thread:1
allocated block device:0x400963fe9c00 size:4608 thread:1
allocated block device:0x400963feae00 size:4608 thread:1
allocated block device:0x400963fec000 size:24064 thread:1
allocated block device:0x400963ff1e00 size:24064 thread:1
allocated block device:0x400963ff7c00 size:3072 thread:1
allocated block device:0x400963ff8800 size:3072 thread:1
allocated block device:0x400963ff9400 size:512 thread:1
allocated block device:0x400963ff9600 size:5120 thread:1
allocated block device:0x400963ffaa00 size:1536 thread:1
allocated block device:0x400963ffb000 size:2560 thread:1
allocated block device:0x400963ffba00 size:1536 thread:1
allocated block device:0x400963ffc000 size:2048 thread:1
allocated block device:0x400963ffc800 size:6144 thread:1
allocated block device:0x400963ffe000 size:6144 thread:1
allocated block device:0x400963fff800 size:512 thread:1
allocated block device:0x400963fffa00 size:512 thread:1
allocated block device:0x400963fffc00 size:512 thread:1
allocated block device:0x400963fffe00 size:512 thread:1
allocated block device:0x400964000000 size:1821184 thread:1
allocated block device:0x4009641bca00 size:180224 thread:1
allocated block device:0x4009641e8a00 size:6144 thread:1
allocated block device:0x4009641ea200 size:512 thread:1
allocated block device:0x4009641ea400 size:512 thread:1
allocated block device:0x4009641ea600 size:512 thread:1
allocated block device:0x4009641ea800 size:512 thread:1
allocated block device:0x4009641eaa00 size:512 thread:1
allocated block device:0x4009641eac00 size:512 thread:1
allocated block device:0x4009641eae00 size:512 thread:1
allocated block device:0x4009641eb000 size:512 thread:1
allocated block device:0x4009641eb200 size:512 thread:1
allocated block device:0x4009641eb400 size:512 thread:1
allocated block device:0x4009641eb600 size:1536 thread:1
allocated block device:0x4009641ebc00 size:1536 thread:1
allocated block device:0x4009641ec200 size:512 thread:1
allocated block device:0x4009641ec400 size:2560 thread:1
allocated block device:0x4009641ece00 size:6144 thread:1
allocated block device:0x4009641ee600 size:28672 thread:1
allocated block device:0x4009641f5600 size:40448 thread:1
allocated block device:0x4009641ff400 size:512 thread:1
allocated block device:0x4009641ff600 size:2048 thread:1
allocated block device:0x400964200000 size:1821184 thread:1
allocated block device:0x4009643bca00 size:180224 thread:1
allocated block device:0x4009643e8a00 size:8192 thread:1
allocated block device:0x4009643eaa00 size:8192 thread:1
allocated block device:0x4009643eca00 size:40448 thread:1
allocated block device:0x4009643f6800 size:8192 thread:1
allocated block device:0x4009643fae00 size:2560 thread:1
allocated block device:0x4009643fc400 size:3072 thread:1
allocated block device:0x400964c00000 size:7284736 thread:1
allocated block device:0x400965400000 size:45593600 thread:1
allocated block device:0x40097cc00000 size:7284736 thread:1
allocated block device:0x400980000000 size:807412224 thread:1
allocated block device:0x4009c0000000 size:230400000 thread:1
allocated block device:0x4009db85fa00 size:921600 thread:1
allocated block device:0x4009db940a00 size:442880 thread:1
allocated block device:0x4009db9bc800 size:98304 thread:1
allocated block device:0x4009db9d4800 size:98304 thread:1
allocated block device:0x4009dba00000 size:2799616 thread:1
allocated block device:0x4009dbe00000 size:7962624 thread:1
allocated block device:0x401203400000 size:3614720 thread:1
allocated block device:0x401203800000 size:3614720 thread:1
allocated block device:0x401203c00000 size:3614720 thread:1
allocated block device:0x401204000000 size:3614720 thread:1
allocated block device:0x401204400000 size:453632 thread:1
allocated block device:0x40120446ec00 size:453632 thread:1
allocated block device:0x40120459d800 size:393216 thread:1
allocated block device:0x401204600000 size:2799616 thread:1
allocated block device:0x401204a00000 size:14400000 thread:1
allocated block device:0x401205800000 size:28917760 thread:1
allocated block device:0x4012c3400000 size:230400000 thread:1
allocated block device:0x4012d1000000 size:230400000 thread:1
allocated block device:0x401303400000 size:230400000 thread:1
allocated block device:0x401311000000 size:230400000 thread:1
allocated block device:0x401343400000 size:230400000 thread:1
allocated block device:0x401351000000 size:230400000 thread:1
allocated block device:0x401383400000 size:230400000 thread:1
allocated block device:0x401391000000 size:230400000 thread:1
allocated block device:0x4013c3400000 size:29138944 thread:1
allocated block device:0x4013c5000000 size:29138944 thread:1
allocated block device:0x4013c6c00000 size:393216 thread:1
allocated block device:0x4013c6e00000 size:233111552 thread:1
allocated block device:0x4013d4e00000 size:3145728 thread:1
allocated block device:0x4013d5200000 size:7284736 thread:1
allocated block device:0x4013d5a00000 size:7284736 thread:1
allocated block device:0x4013d6200000 size:7284736 thread:1
allocated block device:0x4013d6a00000 size:7284736 thread:1
allocated block device:0x4013d7200000 size:14569472 thread:1
Accelerator Fatal Error: call to cuMemAlloc returned error 2 (CUDA_ERROR_OUT_OF_MEMORY): Out of memory
 File: /lus/lfs1aip2/projects/u6cb/software/VASP/vasp.6.5.1/build/gam/hamil.f90
 Function: hamiltmu:978
 Line: 1005

Out of memory allocating 230400000 bytes of device memory
Failing in Thread:1
total/free CUDA memory: 102005473280/110886912
Present table dump for device[1]: NVIDIA Tesla GPU 0, compute capability 9.0, threadid=1
Hint: specify 0x800 bit in NV_ACC_DEBUG for verbose info.
host:0x2557280 device:0x400983df6600 size:32 presentcount:0+3 line:643 name:var%comm
host:0x25572a0 device:0x4006de3ffa00 size:32 presentcount:0+4 line:652 name:var%comm_kinter
host:0x25572c0 device:0x4006de3ffc00 size:32 presentcount:0+6 line:655 name:var%comm_kin
host:0x25572e0 device:0x4006de3ff400 size:32 presentcount:0+3 line:646 name:var%comm_inter
host:0x2557300 device:0x4006de3ff600 size:32 presentcount:0+6 line:649 name:var%comm_inb
host:0x256be80 device:0x4006da0ecd00 size:8 presentcount:0+1 line:-1 name:_setexm_struct_def_21
host:0x2576f40 device:0x4006da0ece00 size:28 presentcount:0+1 line:-1 name:_ml_ff_constant_21
host:0x2577c80 device:0x4006da0ecf00 size:30437 presentcount:0+1 line:-1 name:_ml_ff_taglist_21
host:0x25afc80 device:0x4006da0f4600 size:8 presentcount:0+1 line:-1 name:_mopenacc_tutor_21
host:0x25c2740 device:0x4006da0f4a00 size:32 presentcount:0+1 line:-1 name:_mbj_21
host:0x25cd640 device:0x4006da0f4d00 size:8 presentcount:0+1 line:-1 name:_sym_prec_21
host:0x26030c0 device:0x4006da0f4e00 size:344 presentcount:0+1 line:-1 name:_tet_21
host:0x261c840 device:0x4006da0f5000 size:392 presentcount:0+1 line:-1 name:_mymath_21
host:0x2817368 device:0x400983dbd200 size:4800 presentcount:0+2 line:614 name:var
host:0x2818628 device:0x400983df4a00 size:1984 presentcount:0+1 line:403 name:var
host:0x281a910 device:0x40089c5ff400 size:864 presentcount:0+4 line:2639 name:hamiltonian
host:0x286ac80 device:0x400983dfe000 size:2712 presentcount:0+1 line:428 name:var
host:0x286b718 device:0x4006de3f0600 size:2248 presentcount:0+1 line:742 name:var
host:0x286eb50 device:0x4009841ff400 size:288 presentcount:0+1 line:195 name:latt_cur
host:0x2871658 device:0x4006de3fb200 size:5088 presentcount:0+21 line:517 name:var
host:0x2872a38 device:0x4008303fa000 size:5088 presentcount:0+6 line:517 name:var
host:0x2873e18 device:0x400983ff9600 size:5088 presentcount:0+7 line:517 name:var
host:0x287a2a8 device:0x4009841eb400 size:304 presentcount:0+1 line:567 name:var
host:0x287a3d8 device:0x4009841ec200 size:304 presentcount:0+1 line:567 name:var
host:0x2e48ec0 device:0x4006da002600 size:960024 presentcount:0+1 line:-1 name:_setexm_struct_def_16
host:0x2f8f080 device:0x4006da0f4700 size:580 presentcount:0+1 line:-1 name:_wpbe_16
host:0x2f8f900 device:0x4006da0f4b00 size:288 presentcount:0+1 line:-1 name:_mbj_16
host:0x9f446c0 device:0x4006da0f5200 size:624 presentcount:0+1 line:-1 name:_mlr_optic_16
host:0x2ee24e60 device:0x400983dbf000 size:1000 presentcount:0+3 line:519 name:var%lpctz(:)
host:0x2ee27e70 device:0x4009841ea600 size:260 presentcount:0+1 line:499 name:var%ni(:)
host:0x2ee28160 device:0x4009841ea800 size:260 presentcount:0+1 line:499 name:var%ptri(:)
host:0x2f569230 device:0x4008303fd000 size:528 presentcount:0+1 line:480 name:var
host:0x2f569a30 device:0x4009841ea200 size:260 presentcount:0+1 line:499 name:var%n(:)
host:0x33626810 device:0x4008dc3ffe00 size:400 presentcount:0+1 line:464 name:var
host:0x336269a0 device:0x4006de3fc800 size:400 presentcount:0+1 line:464 name:var
host:0x37cbe460 device:0x4006de3ff800 size:8 presentcount:0+2 line:405 name:var%nityp(:)
host:0x38180470 device:0x4009841ea400 size:260 presentcount:0+1 line:499 name:var%ptr(:)
host:0x3863b290 device:0x4009841ee600 size:28464 presentcount:0+1 line:853 name:var(:)
host:0x3864d9f0 device:0x4009843eca00 size:40000 presentcount:0+1 line:857 name:var%psp(:,:)
host:0x38657660 device:0x4009843f6800 size:8000 presentcount:0+1 line:857 name:var%psprho(:)
host:0x3865a8f0 device:0x400983ff1e00 size:24000 presentcount:0+1 line:466 name:var%psprnl(:,:,:)
host:0x3868a2d0 device:0x400983fe9c00 size:4320 presentcount:0+2 line:405 name:var%ityp(:)
host:0x3868b3e0 device:0x400983df7a00 size:25920 presentcount:0+2 line:405 name:var%posion(:,:)
host:0x386cc470 device:0x400983dfee00 size:8 presentcount:0+3 line:616 name:var%nityp(:)
host:0x386cc4a0 device:0x400983dfec00 size:8 presentcount:0+3 line:616 name:var%lmmax(:)
host:0x386ce5b0 device:0x4009843e8a00 size:8000 presentcount:0+1 line:857 name:var%pspcor(:)
host:0x386d0520 device:0x4009843eaa00 size:8000 presentcount:0+1 line:857 name:var%psprho(:)
host:0x386d4090 device:0x4009841f5600 size:40000 presentcount:0+1 line:857 name:var%psp(:,:)
host:0x386ddd00 device:0x400983fec000 size:24000 presentcount:0+1 line:466 name:var%psprnl(:,:,:)
host:0x386f0d00 device:0x400983dff400 size:8 presentcount:0+2 line:616 name:var%wtkpt(:)
host:0x3871ddb0 device:0x4006de3fc600 size:24 presentcount:0+2 line:466 name:var%lps(:)
host:0x3871de60 device:0x4006de3fca00 size:24 presentcount:0+2 line:466 name:var%lps(:)
host:0x38767ea0 device:0x400983dff200 size:24 presentcount:0+2 line:616 name:var%vkpt(:,:)
host:0x3878d1c0 device:0x400983dbd000 size:16 presentcount:0+1 line:430 name:var%psrmax(:)
host:0x3878d780 device:0x400983fe8a00 size:4320 presentcount:0+3 line:616 name:var%ityp(:)
host:0x3878e890 device:0x400983dff000 size:8 presentcount:0+3 line:616 name:var%nt_global(:)
host:0x3878e8c0 device:0x400983df6800 size:4320 presentcount:0+3 line:616 name:var%npro_pos(:)
host:0x3878f9d0 device:0x400983df5400 size:4324 presentcount:0+3 line:616 name:var%lmbase(:)
host:0x38790ae0 device:0x400983dff800 size:4 presentcount:0+2 line:616 name:var%nplwkp(:)
host:0x38790b10 device:0x400983dffa00 size:4 presentcount:0+2 line:616 name:var%nplwkp_tot(:)
host:0x38790b40 device:0x400983dffc00 size:4 presentcount:0+2 line:616 name:var%ngvector_pos(:)
host:0x38790b70 device:0x400983dff600 size:4 presentcount:0+2 line:616 name:var%ngvector(:)
host:0x38790ba0 device:0x400983dbe600 size:1280 presentcount:0+3 line:519 name:var%lpctx(:)
host:0x387910d0 device:0x400983dbec00 size:720 presentcount:0+3 line:519 name:var%lpcty(:)
host:0x387913d0 device:0x400983dbf400 size:1280 presentcount:0+3 line:519 name:var%lpctx_(:)
host:0x38791900 device:0x400983dbfa00 size:720 presentcount:0+3 line:519 name:var%lpcty_(:)
host:0x38791c00 device:0x400983dbfe00 size:1000 presentcount:0+3 line:519 name:var%lpctz_(:)
host:0x38792010 device:0x4008303fb400 size:1280 presentcount:0+1 line:519 name:var%lpctx(:)
host:0x38792540 device:0x4008303fba00 size:720 presentcount:0+1 line:519 name:var%lpcty(:)
host:0x38792840 device:0x4008303fbe00 size:1000 presentcount:0+1 line:519 name:var%lpctz(:)
host:0x38792c50 device:0x4008303fc200 size:1280 presentcount:0+1 line:519 name:var%lpctx_(:)
host:0x38793180 device:0x4008303fc800 size:720 presentcount:0+1 line:519 name:var%lpcty_(:)
host:0x38793480 device:0x4008303fcc00 size:1000 presentcount:0+1 line:519 name:var%lpctz_(:)
host:0x38793890 device:0x400983ff7c00 size:2560 presentcount:0+1 line:519 name:var%lpctx(:)
host:0x387942c0 device:0x400983ffaa00 size:1440 presentcount:0+1 line:519 name:var%lpcty(:)
host:0x38794890 device:0x400983ff8800 size:2000 presentcount:0+1 line:519 name:var%lpctz(:)
host:0x38795090 device:0x400983ffb000 size:2560 presentcount:0+1 line:519 name:var%lpctx_(:)
host:0x38795ac0 device:0x400983ffba00 size:1440 presentcount:0+1 line:519 name:var%lpcty_(:)
host:0x38796090 device:0x400983ffc000 size:2000 presentcount:0+1 line:519 name:var%lpctz_(:)
host:0x388896f0 device:0x400983ffc800 size:5648 presentcount:0+1 line:482 name:var%i2(:)
host:0x3888ad30 device:0x400983ffe000 size:5648 presentcount:0+1 line:482 name:var%i3(:)
host:0x3888c370 device:0x4008303f4c00 size:10040 presentcount:0+1 line:482 name:var%i2(:)
host:0x3888ead0 device:0x4008303f7400 size:10040 presentcount:0+1 line:482 name:var%i3(:)
host:0x38891230 device:0x4008303ed800 size:14400 presentcount:0+2 line:482 name:var%i2(:)
host:0x38894aa0 device:0x4008303f1200 size:14400 presentcount:0+2 line:482 name:var%i3(:)
host:0x38898730 device:0x4009fb85fa00 size:921600 presentcount:0+2 line:482 name:var%index(:,:)
host:0x38979760 device:0x4009841ec400 size:2560 presentcount:0+1 line:569 name:var%ind1(:)
host:0x3897a190 device:0x4009841ece00 size:5648 presentcount:0+1 line:569 name:var%indcol(:)
host:0x3897b7d0 device:0x4008303fd400 size:5648 presentcount:0+1 line:482 name:var%i2(:)
host:0x3897ce10 device:0x4009841e8a00 size:5648 presentcount:0+1 line:482 name:var%i3(:)
host:0x3897e450 device:0x4008303fec00 size:2520 presentcount:0+1 line:482 name:var%i2(:)
host:0x3897ee50 device:0x4008303ff600 size:2520 presentcount:0+1 line:482 name:var%i3(:)
host:0x3897f850 device:0x4006de3fcc00 size:4320 presentcount:0+1 line:430 name:var%nlimax(:)
host:0x38980960 device:0x4006de3fe000 size:4324 presentcount:0+1 line:430 name:var%lmbase(:)
host:0x38981a70 device:0x400830390600 size:4324 presentcount:0+1 line:430 name:var%nlibase(:)
host:0x38982b80 device:0x400983dc0200 size:17132 presentcount:0+3 line:519 name:var%nindpwconjg(:)
host:0x38986ea0 device:0x400983dc4600 size:17132 presentcount:0+3 line:519 name:var%ind_in_sphere(:)
host:0x3898c800 device:0x4006de3fde00 size:260 presentcount:0+1 line:499 name:var%n(:)
host:0x3898c930 device:0x400983fffa00 size:260 presentcount:0+1 line:499 name:var%ptri(:)
host:0x3898ca60 device:0x400983fff800 size:260 presentcount:0+1 line:499 name:var%ni(:)
host:0x3898cb90 device:0x400983fffe00 size:260 presentcount:0+1 line:499 name:var%ptr(:)
host:0x3898ccc0 device:0x400983fffc00 size:260 presentcount:0+1 line:499 name:var%n(:)
host:0x3898cdf0 device:0x4008303f9e00 size:260 presentcount:0+1 line:499 name:var%ptri(:)
host:0x3898cf20 device:0x4008303f9c00 size:260 presentcount:0+1 line:499 name:var%ni(:)
host:0x3898d180 device:0x4009841eac00 size:260 presentcount:0+1 line:499 name:var%ptr(:)
host:0x3898d2b0 device:0x4009841eaa00 size:260 presentcount:0+1 line:499 name:var%n(:)
host:0x3898d3e0 device:0x4009841eb200 size:4 presentcount:0+1 line:499 name:var%tbli(:)
host:0x3898d410 device:0x4009841eb000 size:260 presentcount:0+1 line:499 name:var%ptri(:)
host:0x3898d540 device:0x4009841eae00 size:260 presentcount:0+1 line:499 name:var%ni(:)
host:0x3899e030 device:0x4006de3ff200 size:260 presentcount:0+1 line:499 name:var%ptr(:)
host:0x389b9900 device:0x4009841eb600 size:1280 presentcount:0+1 line:569 name:var%ind1(:)
host:0x389b9e30 device:0x4009841ebc00 size:1388 presentcount:0+1 line:569 name:var%indcol(:)
host:0x389ba3d0 device:0x400830338600 size:180000 presentcount:0+3 line:482 name:var%i2(:)
host:0x389e6320 device:0x400830364600 size:180000 presentcount:0+3 line:482 name:var%i3(:)
host:0x38a12270 device:0x400983dc8a00 size:180000 presentcount:0+6 line:482 name:var%index(:,:)
host:0x38a3e1c0 device:0x4009843bca00 size:180000 presentcount:0+6 line:482 name:var%i2(:)
host:0x38a6a110 device:0x400830391800 size:180000 presentcount:0+6 line:482 name:var%i3(:)
host:0x38a96690 device:0x400983e00000 size:1821184 presentcount:0+2 line:616 name:var%nindpw(:,:)
host:0x38c530c0 device:0x400983df5200 size:8 presentcount:0+2 line:616 name:var%nb_totk(:,:)
host:0x38c530f0 device:0x400983dffe00 size:4 presentcount:0+2 line:616 name:var%luseinv(:)
host:0x38c53120 device:0x400983dbcc00 size:4 presentcount:0+2 line:616 name:var%at_gamma(:)
host:0x38c53150 device:0x400983fbca00 size:180000 presentcount:0+2 line:616 name:var%pl_index(:,:)
host:0x38c7f0a0 device:0x4009841bca00 size:180000 presentcount:0+2 line:616 name:var%pl_col(:,:)
host:0x38caaff0 device:0x400983ff9400 size:8 presentcount:0+1 line:405 name:var%lmmax(:)
host:0x38cab020 device:0x4006de3ffe00 size:8 presentcount:0+1 line:430 name:var%lmax(:)
host:0x38cab050 device:0x400983feae00 size:4324 presentcount:0+1 line:405 name:var%lmbase(:)
host:0x38cac160 device:0x400983dbca00 size:8 presentcount:0+1 line:430 name:var%lmmax(:)
host:0x38cac190 device:0x400983dbce00 size:8 presentcount:0+1 line:430 name:var%channels(:)
host:0x38cac1c0 device:0x4008dc3ffc00 size:16 presentcount:0+1 line:430 name:var%rsmooth(:)
host:0x38d1ca60 device:0x4009fb940a00 size:444160 presentcount:0+1 line:499 name:var%tbl(:)
host:0x38f25c30 device:0x400984c00000 size:7284736 presentcount:0+2 line:616 name:var%datake(:,:,:)
host:0x39618eb0 device:0x400984000000 size:1821184 presentcount:0+2 line:616 name:var%igx(:,:)
host:0x397d6540 device:0x400983c00000 size:1821184 presentcount:0+2 line:616 name:var%igy(:,:)
host:0x39993de0 device:0x400984200000 size:1821184 presentcount:0+2 line:616 name:var%igz(:,:)
host:0x39b51cb0 device:0x40099cc00000 size:7284272 presentcount:0+3 line:519 name:var%fftsca(:,:)
host:0x3a2b0a40 device:0x401224400000 size:453600 presentcount:0+1 line:499 name:var%tbli(:)
host:0x3a31f650 device:0x40122446ec00 size:453600 presentcount:0+1 line:499 name:var%tbl(:)
host:0x3a490530 device:0x401223400000 size:3614720 presentcount:0+1 line:499 name:var%tbl(:)
host:0x3ab78920 device:0x401223800000 size:3614400 presentcount:0+1 line:499 name:var%tbli(:)
host:0x3aeeccf0 device:0x401223c00000 size:3614400 presentcount:0+1 line:499 name:var%tbl(:)
host:0x3b5d5ac0 device:0x401224000000 size:3614400 presentcount:0+1 line:499 name:var%tbli(:)
host:0x3c71f670 device:0x4009fba00000 size:2799360 presentcount:0+1 line:194 name:cdij(:,:,:,:)
host:0x3c9f2420 device:0x4006de3f1000 size:41472 presentcount:0+1 line:746 name:var%auxtot(:,:,:)
host:0x3ca12420 device:0x40083031a000 size:41472 presentcount:0+2 line:746 name:var%fertot(:,:,:)
host:0x3ca20030 device:0x400830324200 size:82944 presentcount:0+2 line:746 name:var%celtot(:,:,:)
host:0x3ce09f10 device:0x401224600000 size:2799360 presentcount:0+1 line:194 name:cqij(:,:,:,:)
host:0x3d369bc0 device:0x4009fbe00000 size:7962624 presentcount:0+1 line:746 name:var%gproj(:,:,:,:)
host:0x3dd25000 device:0x4008303d5800 size:98304 presentcount:0+1 line:1101 name:w1%gproj(:)
host:0x3dda3770 device:0x4012245fd800 size:2048 presentcount:0+1 line:179 name:w1(:)
host:0x3dda3f90 device:0x4009843fb800 size:2048 presentcount:0+1 line:179 name:wtmp(:)
host:0x3df2b5f0 device:0x40122459d800 size:393216 presentcount:0+2 line:1226 name:wa%gproj(:,:)
host:0x3df8b620 device:0x401426c00000 size:393216 presentcount:0+2 line:1226 name:wa%gproj(:,:)
host:0x3dfeb650 device:0x4008303bd800 size:98304 presentcount:0+1 line:1101 name:w1%gproj(:)
host:0x3e003680 device:0x4009fb9c7000 size:98304 presentcount:0+1 line:1101 name:w1%gproj(:)
host:0x3e01b6b0 device:0x4009fb9df000 size:98304 presentcount:0+1 line:1101 name:w1%gproj(:)
host:0x468a2ab0 device:0x401434e00000 size:3145728 presentcount:0+2 line:1226 name:wa%gproj(:,:)
host:0x4c7bbc00 device:0x400984400000 size:7284736 presentcount:0+1 line:1101 name:w1%cptwfp(:)
host:0x4ceb6200 device:0x400983400000 size:7284736 presentcount:0+1 line:1101 name:w1%cptwfp(:)
host:0x4d5b0e30 device:0x40116ce00000 size:7284736 presentcount:0+1 line:1101 name:w1%cptwfp(:)
host:0x4dca3a80 device:0x401435200000 size:7284736 presentcount:0+1 line:1101 name:w1%cptwfp(:)
host:0x400714a310a0 device:0x400985400000 size:45593280 presentcount:0+1 line:430 name:var%nli(:,:)
host:0x4007240035c0 device:0x401224a00000 size:14400000 presentcount:0+1 line:195 name:dencor(:)
host:0x400725b939e0 device:0x401225800000 size:28917760 presentcount:0+1 line:195 name:cstrf(:,:)
host:0x4007880031a0 device:0x4009e0000000 size:230400000 presentcount:0+1 line:194 name:sv(:,:)
host:0x400795bc6f80 device:0x401423400000 size:29138944 presentcount:0+2 line:1226 name:wa%cptwfp(:,:)
host:0x4008400012b0 device:0x4009a0000000 size:807411968 presentcount:0+1 line:430 name:var%rproj(:)
host:0x400870217190 device:0x401425000000 size:29138944 presentcount:0+2 line:1226 name:wa%cptwfp(:,:)
host:0x400871df73a0 device:0x401426e00000 size:233111552 presentcount:0+2 line:1226 name:wa%cptwfp(:,:)
host:0x400920004a60 device:0x400960000000 size:590063616 presentcount:0+1 line:746 name:var%cptwfp(:,:,:,:)
host:0x4009432c79d0 device:0x401206800000 size:230400000 presentcount:0+1 line:1101 name:w1%cr(:)
host:0x400a232c7be0 device:0x4009d0400000 size:230400000 presentcount:0+1 line:1236 name:w1%cr(:)
host:0x400a30e98000 device:0x4009edc00000 size:230400000 presentcount:0+1 line:1101 name:w1%cr(:)
host:0x400a80008210 device:0x400988000000 size:230400000 presentcount:0+1 line:1236 name:w1%cr(:)
host:0x400a8dbd0020 device:0x4013e3400000 size:230400000 presentcount:0+1 line:1101 name:w1%cr(:)
host:0x400a9b790230 device:0x4013f1000000 size:230400000 presentcount:0+1 line:1236 name:w1%cr(:)
host:0x400aa9350650 device:0x4013a3400000 size:230400000 presentcount:0+1 line:1101 name:w1%cr(:)
host:0xffffc50df910 device:0x4009843fc400 size:3024 presentcount:0+11 line:682 name:var
host:0xffffc50e04e0 device:0x40089c5ff800 size:1480 presentcount:0+1 line:174 name:w_ini
host:0xffffc50e0ab0 device:0x4009843fae00 size:1480 presentcount:0+1 line:174 name:wopt
host:0xffffc50e1080 device:0x4008dc3ff400 size:1480 presentcount:0+1 line:174 name:wtmpa
allocated block device:0x4006de3f0600 size:2560 thread:1
allocated block device:0x4006de3f1000 size:41472 thread:1
allocated block device:0x4006de3fb200 size:5120 thread:1
allocated block device:0x4006de3fc600 size:512 thread:1
allocated block device:0x4006de3fc800 size:512 thread:1
allocated block device:0x4006de3fca00 size:512 thread:1
allocated block device:0x4006de3fcc00 size:4608 thread:1
allocated block device:0x4006de3fde00 size:512 thread:1
allocated block device:0x4006de3fe000 size:4608 thread:1
allocated block device:0x4006de3ff200 size:512 thread:1
allocated block device:0x4006de3ff400 size:512 thread:1
allocated block device:0x4006de3ff600 size:512 thread:1
allocated block device:0x4006de3ff800 size:512 thread:1
allocated block device:0x4006de3ffa00 size:512 thread:1
allocated block device:0x4006de3ffc00 size:512 thread:1
allocated block device:0x4006de3ffe00 size:512 thread:1
allocated block device:0x40083031a000 size:41472 thread:1
allocated block device:0x400830324200 size:82944 thread:1
allocated block device:0x400830338600 size:180224 thread:1
allocated block device:0x400830364600 size:180224 thread:1
allocated block device:0x400830390600 size:4608 thread:1
allocated block device:0x400830391800 size:180224 thread:1
allocated block device:0x4008303bd800 size:98304 thread:1
allocated block device:0x4008303d5800 size:98304 thread:1
allocated block device:0x4008303ed800 size:14848 thread:1
allocated block device:0x4008303f1200 size:14848 thread:1
allocated block device:0x4008303f4c00 size:10240 thread:1
allocated block device:0x4008303f7400 size:10240 thread:1
allocated block device:0x4008303f9c00 size:512 thread:1
allocated block device:0x4008303f9e00 size:512 thread:1
allocated block device:0x4008303fa000 size:5120 thread:1
allocated block device:0x4008303fb400 size:1536 thread:1
allocated block device:0x4008303fba00 size:1024 thread:1
allocated block device:0x4008303fbe00 size:1024 thread:1
allocated block device:0x4008303fc200 size:1536 thread:1
allocated block device:0x4008303fc800 size:1024 thread:1
allocated block device:0x4008303fcc00 size:1024 thread:1
allocated block device:0x4008303fd000 size:1024 thread:1
allocated block device:0x4008303fd400 size:6144 thread:1
allocated block device:0x4008303fec00 size:2560 thread:1
allocated block device:0x4008303ff600 size:2560 thread:1
allocated block device:0x40089c5ff400 size:1024 thread:1
allocated block device:0x40089c5ff800 size:1536 thread:1
allocated block device:0x4008dc3ff400 size:2048 thread:1
allocated block device:0x4008dc3ffc00 size:512 thread:1
allocated block device:0x4008dc3ffe00 size:512 thread:1
allocated block device:0x400960000000 size:590063616 thread:1
allocated block device:0x400983400000 size:7962624 thread:1
allocated block device:0x400983c00000 size:1821184 thread:1
allocated block device:0x400983dbca00 size:512 thread:1
allocated block device:0x400983dbcc00 size:512 thread:1
allocated block device:0x400983dbce00 size:512 thread:1
allocated block device:0x400983dbd000 size:512 thread:1
allocated block device:0x400983dbd200 size:5120 thread:1
allocated block device:0x400983dbe600 size:1536 thread:1
allocated block device:0x400983dbec00 size:1024 thread:1
allocated block device:0x400983dbf000 size:1024 thread:1
allocated block device:0x400983dbf400 size:1536 thread:1
allocated block device:0x400983dbfa00 size:1024 thread:1
allocated block device:0x400983dbfe00 size:1024 thread:1
allocated block device:0x400983dc0200 size:17408 thread:1
allocated block device:0x400983dc4600 size:17408 thread:1
allocated block device:0x400983dc8a00 size:180224 thread:1
allocated block device:0x400983df4a00 size:2048 thread:1
allocated block device:0x400983df5200 size:512 thread:1
allocated block device:0x400983df5400 size:4608 thread:1
allocated block device:0x400983df6600 size:512 thread:1
allocated block device:0x400983df6800 size:4608 thread:1
allocated block device:0x400983df7a00 size:26112 thread:1
allocated block device:0x400983dfe000 size:3072 thread:1
allocated block device:0x400983dfec00 size:512 thread:1
allocated block device:0x400983dfee00 size:512 thread:1
allocated block device:0x400983dff000 size:512 thread:1
allocated block device:0x400983dff200 size:512 thread:1
allocated block device:0x400983dff400 size:512 thread:1
allocated block device:0x400983dff600 size:512 thread:1
allocated block device:0x400983dff800 size:512 thread:1
allocated block device:0x400983dffa00 size:512 thread:1
allocated block device:0x400983dffc00 size:512 thread:1
allocated block device:0x400983dffe00 size:512 thread:1
allocated block device:0x400983e00000 size:1821184 thread:1
allocated block device:0x400983fbca00 size:180224 thread:1
allocated block device:0x400983fe8a00 size:4608 thread:1
allocated block device:0x400983fe9c00 size:4608 thread:1
allocated block device:0x400983feae00 size:4608 thread:1
allocated block device:0x400983fec000 size:24064 thread:1
allocated block device:0x400983ff1e00 size:24064 thread:1
allocated block device:0x400983ff7c00 size:3072 thread:1
allocated block device:0x400983ff8800 size:3072 thread:1
allocated block device:0x400983ff9400 size:512 thread:1
allocated block device:0x400983ff9600 size:5120 thread:1
allocated block device:0x400983ffaa00 size:1536 thread:1
allocated block device:0x400983ffb000 size:2560 thread:1
allocated block device:0x400983ffba00 size:1536 thread:1
allocated block device:0x400983ffc000 size:2048 thread:1
allocated block device:0x400983ffc800 size:6144 thread:1
allocated block device:0x400983ffe000 size:6144 thread:1
allocated block device:0x400983fff800 size:512 thread:1
allocated block device:0x400983fffa00 size:512 thread:1
allocated block device:0x400983fffc00 size:512 thread:1
allocated block device:0x400983fffe00 size:512 thread:1
allocated block device:0x400984000000 size:1821184 thread:1
allocated block device:0x4009841bca00 size:180224 thread:1
allocated block device:0x4009841e8a00 size:6144 thread:1
allocated block device:0x4009841ea200 size:512 thread:1
allocated block device:0x4009841ea400 size:512 thread:1
allocated block device:0x4009841ea600 size:512 thread:1
allocated block device:0x4009841ea800 size:512 thread:1
allocated block device:0x4009841eaa00 size:512 thread:1
allocated block device:0x4009841eac00 size:512 thread:1
allocated block device:0x4009841eae00 size:512 thread:1
allocated block device:0x4009841eb000 size:512 thread:1
allocated block device:0x4009841eb200 size:512 thread:1
allocated block device:0x4009841eb400 size:512 thread:1
allocated block device:0x4009841eb600 size:1536 thread:1
allocated block device:0x4009841ebc00 size:1536 thread:1
allocated block device:0x4009841ec200 size:512 thread:1
allocated block device:0x4009841ec400 size:2560 thread:1
allocated block device:0x4009841ece00 size:6144 thread:1
allocated block device:0x4009841ee600 size:28672 thread:1
allocated block device:0x4009841f5600 size:40448 thread:1
allocated block device:0x4009841ff400 size:512 thread:1
allocated block device:0x400984200000 size:1821184 thread:1
allocated block device:0x4009843bca00 size:180224 thread:1
allocated block device:0x4009843e8a00 size:8192 thread:1
allocated block device:0x4009843eaa00 size:8192 thread:1
allocated block device:0x4009843eca00 size:40448 thread:1
allocated block device:0x4009843f6800 size:8192 thread:1
allocated block device:0x4009843fae00 size:2560 thread:1
allocated block device:0x4009843fb800 size:3072 thread:1
allocated block device:0x4009843fc400 size:3072 thread:1
allocated block device:0x400984400000 size:7284736 thread:1
allocated block device:0x400984c00000 size:7284736 thread:1
allocated block device:0x400985400000 size:45593600 thread:1
allocated block device:0x400988000000 size:230400000 thread:1
allocated block device:0x40099cc00000 size:7284736 thread:1
allocated block device:0x4009a0000000 size:807412224 thread:1
allocated block device:0x4009d0400000 size:230400000 thread:1
allocated block device:0x4009e0000000 size:230400000 thread:1
allocated block device:0x4009edc00000 size:230400000 thread:1
allocated block device:0x4009fb85fa00 size:921600 thread:1
allocated block device:0x4009fb940a00 size:444416 thread:1
allocated block device:0x4009fb9c7000 size:98304 thread:1
allocated block device:0x4009fb9df000 size:98304 thread:1
allocated block device:0x4009fba00000 size:2799616 thread:1
allocated block device:0x4009fbe00000 size:7962624 thread:1
allocated block device:0x40116ce00000 size:14400000 thread:1
allocated block device:0x401206800000 size:230400000 thread:1
allocated block device:0x401223400000 size:3614720 thread:1
allocated block device:0x401223800000 size:3614720 thread:1
allocated block device:0x401223c00000 size:3614720 thread:1
allocated block device:0x401224000000 size:3614720 thread:1
allocated block device:0x401224400000 size:453632 thread:1
allocated block device:0x40122446ec00 size:453632 thread:1
allocated block device:0x40122459d800 size:393216 thread:1
allocated block device:0x4012245fd800 size:2048 thread:1
allocated block device:0x401224600000 size:2799616 thread:1
allocated block device:0x401224a00000 size:14400000 thread:1
allocated block device:0x401225800000 size:28917760 thread:1
allocated block device:0x4013a3400000 size:230400000 thread:1
allocated block device:0x4013e3400000 size:230400000 thread:1
allocated block device:0x4013f1000000 size:230400000 thread:1
allocated block device:0x401423400000 size:29138944 thread:1
allocated block device:0x401425000000 size:29138944 thread:1
allocated block device:0x401426c00000 size:393216 thread:1
allocated block device:0x401426e00000 size:233111552 thread:1
allocated block device:0x401434e00000 size:3145728 thread:1
allocated block device:0x401435200000 size:7284736 thread:1
Accelerator Fatal Error: call to cuMemAlloc returned error 2 (CUDA_ERROR_OUT_OF_MEMORY): Out of memory
 File: /lus/lfs1aip2/projects/u6cb/software/VASP/vasp.6.5.1/build/gam/wave.f90
 Function: newwav_r:1223
 Line: 1236

Out of memory allocating 921600000 bytes of device memory
Failing in Thread:1
total/free CUDA memory: 102005473280/752615424
Present table dump for device[1]: NVIDIA Tesla GPU 0, compute capability 9.0, threadid=1
Hint: specify 0x800 bit in NV_ACC_DEBUG for verbose info.
host:0x2557280 device:0x4007c3df6c00 size:32 presentcount:0+3 line:643 name:var%comm
host:0x25572a0 device:0x4007c3dbca00 size:32 presentcount:0+4 line:652 name:var%comm_kinter
host:0x25572c0 device:0x4007c3dbcc00 size:32 presentcount:0+6 line:655 name:var%comm_kin
host:0x25572e0 device:0x40053e3ffa00 size:32 presentcount:0+3 line:646 name:var%comm_inter
host:0x2557300 device:0x40053e3ffc00 size:32 presentcount:0+7 line:649 name:var%comm_inb
host:0x256be80 device:0x40053a0ecd00 size:8 presentcount:0+1 line:-1 name:_setexm_struct_def_21
host:0x2576f40 device:0x40053a0ece00 size:28 presentcount:0+1 line:-1 name:_ml_ff_constant_21
host:0x2577c80 device:0x40053a0ecf00 size:30437 presentcount:0+1 line:-1 name:_ml_ff_taglist_21
host:0x25afc80 device:0x40053a0f4600 size:8 presentcount:0+1 line:-1 name:_mopenacc_tutor_21
host:0x25c2740 device:0x40053a0f4a00 size:32 presentcount:0+1 line:-1 name:_mbj_21
host:0x25cd640 device:0x40053a0f4d00 size:8 presentcount:0+1 line:-1 name:_sym_prec_21
host:0x26030c0 device:0x40053a0f4e00 size:344 presentcount:0+1 line:-1 name:_tet_21
host:0x261c840 device:0x40053a0f5000 size:392 presentcount:0+1 line:-1 name:_mymath_21
host:0x2817368 device:0x4007c3dbd800 size:4800 presentcount:0+2 line:614 name:var
host:0x2818628 device:0x4007c3df5000 size:1984 presentcount:0+2 line:403 name:var
host:0x281a910 device:0x4006fc1ff600 size:864 presentcount:0+4 line:2639 name:hamiltonian
host:0x286ac80 device:0x4007c3dfe600 size:2712 presentcount:0+2 line:428 name:var
host:0x286b718 device:0x40073c1fea00 size:2248 presentcount:0+1 line:742 name:var
host:0x286eb50 device:0x4007c41ffa00 size:288 presentcount:0+1 line:195 name:latt_cur
host:0x2871658 device:0x40053e3fc000 size:5088 presentcount:0+28 line:517 name:var
host:0x2872a38 device:0x4006723fa600 size:5088 presentcount:0+6 line:517 name:var
host:0x2873e18 device:0x4007c3ff9c00 size:5088 presentcount:0+7 line:517 name:var
host:0x287a2a8 device:0x4007c41eba00 size:304 presentcount:0+1 line:567 name:var
host:0x287a3d8 device:0x4007c41ec800 size:304 presentcount:0+1 line:567 name:var
host:0x2e48ec0 device:0x40053a002600 size:960024 presentcount:0+1 line:-1 name:_setexm_struct_def_16
host:0x2f8f080 device:0x40053a0f4700 size:580 presentcount:0+1 line:-1 name:_wpbe_16
host:0x2f8f900 device:0x40053a0f4b00 size:288 presentcount:0+1 line:-1 name:_mbj_16
host:0x9f446c0 device:0x40053a0f5200 size:624 presentcount:0+1 line:-1 name:_mlr_optic_16
host:0x1d154e60 device:0x4007c3dbf600 size:1000 presentcount:0+4 line:519 name:var%lpctz(:)
host:0x1d157e30 device:0x4007c41eae00 size:260 presentcount:0+1 line:499 name:var%ptri(:)
host:0x1d158120 device:0x4006723ffc00 size:260 presentcount:0+1 line:499 name:var%n(:)
host:0x1d23cd50 device:0x4007c3dffa00 size:8 presentcount:0+2 line:616 name:var%wtkpt(:)
host:0x1d23cd80 device:0x4007c3dff400 size:8 presentcount:0+3 line:616 name:var%nityp(:)
host:0x1d23cdb0 device:0x4007c3dff200 size:8 presentcount:0+3 line:616 name:var%lmmax(:)
host:0x1d899580 device:0x4006723fd600 size:528 presentcount:0+1 line:480 name:var
host:0x1d899e20 device:0x4006723ffe00 size:260 presentcount:0+1 line:499 name:var%ptr(:)
host:0x210e02c0 device:0x40073c1ff600 size:400 presentcount:0+2 line:464 name:var
host:0x210e0450 device:0x40073c1ffa00 size:400 presentcount:0+2 line:464 name:var
host:0x25feeed0 device:0x40053e3ffe00 size:8 presentcount:0+4 line:405 name:var%nityp(:)
host:0x2696bd00 device:0x4007c41eec00 size:28464 presentcount:0+1 line:853 name:var(:)
host:0x26976c80 device:0x4007c41f5c00 size:40000 presentcount:0+1 line:857 name:var%psp(:,:)
host:0x269808f0 device:0x4007c43e8a00 size:8000 presentcount:0+1 line:857 name:var%pspcor(:)
host:0x26982860 device:0x4007c43eaa00 size:8000 presentcount:0+1 line:857 name:var%psprho(:)
host:0x26985af0 device:0x4007c3fec000 size:24000 presentcount:0+2 line:466 name:var%psprnl(:,:,:)
host:0x269a29e0 device:0x4007c43eca00 size:40000 presentcount:0+1 line:857 name:var%psp(:,:)
host:0x269ac650 device:0x4007c43f6800 size:8000 presentcount:0+1 line:857 name:var%psprho(:)
host:0x269af8e0 device:0x4007c3ff2000 size:24000 presentcount:0+2 line:466 name:var%psprnl(:,:,:)
host:0x269df2c0 device:0x4007c3fe9c00 size:4320 presentcount:0+4 line:405 name:var%ityp(:)
host:0x269e03d0 device:0x4007c3df8000 size:25920 presentcount:0+4 line:405 name:var%posion(:,:)
host:0x26a4e5e0 device:0x40073c1ff800 size:24 presentcount:0+3 line:466 name:var%lps(:)
host:0x26a4e690 device:0x40073c1ffc00 size:24 presentcount:0+3 line:466 name:var%lps(:)
host:0x271105d0 device:0x4007c3dff800 size:24 presentcount:0+3 line:616 name:var%vkpt(:,:)
host:0x27297a00 device:0x4007c3dbd600 size:16 presentcount:0+2 line:430 name:var%psrmax(:)
host:0x27297fc0 device:0x4007c3fe8a00 size:4320 presentcount:0+3 line:616 name:var%ityp(:)
host:0x272990d0 device:0x4007c3dff600 size:8 presentcount:0+3 line:616 name:var%nt_global(:)
host:0x27299100 device:0x4007c3df6e00 size:4320 presentcount:0+3 line:616 name:var%npro_pos(:)
host:0x2729a210 device:0x4007c3df5a00 size:4324 presentcount:0+3 line:616 name:var%lmbase(:)
host:0x2729b320 device:0x4007c3dffe00 size:4 presentcount:0+2 line:616 name:var%nplwkp(:)
host:0x2729b350 device:0x4007c3ff1e00 size:4 presentcount:0+2 line:616 name:var%nplwkp_tot(:)
host:0x2729b380 device:0x4007c3ff7e00 size:4 presentcount:0+2 line:616 name:var%ngvector_pos(:)
host:0x2729b3b0 device:0x4007c3dffc00 size:4 presentcount:0+2 line:616 name:var%ngvector(:)
host:0x2729b3e0 device:0x4007c3dbec00 size:1280 presentcount:0+4 line:519 name:var%lpctx(:)
host:0x2729b910 device:0x4007c3dbf200 size:720 presentcount:0+4 line:519 name:var%lpcty(:)
host:0x2729bc10 device:0x4007c3dbfa00 size:1280 presentcount:0+4 line:519 name:var%lpctx_(:)
host:0x2729c140 device:0x4007c3dc0000 size:720 presentcount:0+4 line:519 name:var%lpcty_(:)
host:0x2729c440 device:0x4007c3dc0400 size:1000 presentcount:0+4 line:519 name:var%lpctz_(:)
host:0x2729c850 device:0x4006723fba00 size:1280 presentcount:0+1 line:519 name:var%lpctx(:)
host:0x2729cd80 device:0x4006723fc000 size:720 presentcount:0+1 line:519 name:var%lpcty(:)
host:0x2729d080 device:0x4006723fc400 size:1000 presentcount:0+1 line:519 name:var%lpctz(:)
host:0x2729d490 device:0x4006723fc800 size:1280 presentcount:0+1 line:519 name:var%lpctx_(:)
host:0x2729d9c0 device:0x4006723fce00 size:720 presentcount:0+1 line:519 name:var%lpcty_(:)
host:0x2729dcc0 device:0x4006723fd200 size:1000 presentcount:0+1 line:519 name:var%lpctz_(:)
host:0x2729e0d0 device:0x4007c3ff8200 size:2560 presentcount:0+1 line:519 name:var%lpctx(:)
host:0x2729eb00 device:0x4007c3ffb000 size:1440 presentcount:0+1 line:519 name:var%lpcty(:)
host:0x2729f0d0 device:0x4007c3ff8e00 size:2000 presentcount:0+1 line:519 name:var%lpctz(:)
host:0x2729f8d0 device:0x4007c3ffb600 size:2560 presentcount:0+1 line:519 name:var%lpctx_(:)
host:0x272a0300 device:0x4007c3ffc000 size:1440 presentcount:0+1 line:519 name:var%lpcty_(:)
host:0x272a08d0 device:0x4007c3ffc600 size:2000 presentcount:0+1 line:519 name:var%lpctz_(:)
host:0x27393f30 device:0x4007c3ffce00 size:5648 presentcount:0+1 line:482 name:var%i2(:)
host:0x27395570 device:0x4007c3ffe600 size:5648 presentcount:0+1 line:482 name:var%i3(:)
host:0x27396bb0 device:0x4006723f4c00 size:10040 presentcount:0+1 line:482 name:var%i2(:)
host:0x27399310 device:0x4006723f7400 size:10040 presentcount:0+1 line:482 name:var%i3(:)
host:0x2739ba70 device:0x4006723ed800 size:14400 presentcount:0+2 line:482 name:var%i2(:)
host:0x2739f2e0 device:0x4006723f1200 size:14400 presentcount:0+2 line:482 name:var%i3(:)
host:0x273a2f70 device:0x40085b85fa00 size:921600 presentcount:0+2 line:482 name:var%index(:,:)
host:0x27483fa0 device:0x4007c41eca00 size:2560 presentcount:0+1 line:569 name:var%ind1(:)
host:0x274849d0 device:0x4007c41ed400 size:5648 presentcount:0+1 line:569 name:var%indcol(:)
host:0x27486010 device:0x4006723fda00 size:5648 presentcount:0+1 line:482 name:var%i2(:)
host:0x27487650 device:0x4007c41e8a00 size:5648 presentcount:0+1 line:482 name:var%i3(:)
host:0x27488c90 device:0x4006723ff200 size:2520 presentcount:0+1 line:482 name:var%i2(:)
host:0x27489690 device:0x4007c41ea200 size:2520 presentcount:0+1 line:482 name:var%i3(:)
host:0x2748a090 device:0x40053e3fd400 size:4320 presentcount:0+2 line:430 name:var%nlimax(:)
host:0x2748b1a0 device:0x40053e3fe600 size:4324 presentcount:0+2 line:430 name:var%lmbase(:)
host:0x2748c2b0 device:0x400672390600 size:4324 presentcount:0+2 line:430 name:var%nlibase(:)
host:0x2748d3c0 device:0x4007c3dc0800 size:17132 presentcount:0+4 line:519 name:var%nindpwconjg(:)
host:0x274916e0 device:0x4007c3dc4c00 size:17132 presentcount:0+4 line:519 name:var%ind_in_sphere(:)
host:0x27497040 device:0x4007c3fffe00 size:260 presentcount:0+1 line:499 name:var%ni(:)
host:0x27497170 device:0x4006723fa000 size:260 presentcount:0+1 line:499 name:var%ptr(:)
host:0x274972a0 device:0x4006723f9e00 size:260 presentcount:0+1 line:499 name:var%n(:)
host:0x274973d0 device:0x4006723fa400 size:260 presentcount:0+1 line:499 name:var%ptri(:)
host:0x27497500 device:0x4006723fa200 size:260 presentcount:0+1 line:499 name:var%ni(:)
host:0x274979c0 device:0x4007c41eac00 size:260 presentcount:0+1 line:499 name:var%ni(:)
host:0x27497af0 device:0x4007c41eb200 size:260 presentcount:0+1 line:499 name:var%ptr(:)
host:0x27497c20 device:0x4007c41eb000 size:260 presentcount:0+1 line:499 name:var%n(:)
host:0x27497d50 device:0x4007c41eb800 size:4 presentcount:0+1 line:499 name:var%tbli(:)
host:0x27497d80 device:0x4007c41eb600 size:260 presentcount:0+1 line:499 name:var%ptri(:)
host:0x27497eb0 device:0x4007c41eb400 size:260 presentcount:0+1 line:499 name:var%ni(:)
host:0x274985f0 device:0x40053e3ff800 size:260 presentcount:0+1 line:499 name:var%ptr(:)
host:0x27498720 device:0x40073c1ffe00 size:260 presentcount:0+1 line:499 name:var%n(:)
host:0x27498850 device:0x4006723f9c00 size:260 presentcount:0+1 line:499 name:var%ptri(:)
host:0x274c4140 device:0x4007c41ebc00 size:1280 presentcount:0+1 line:569 name:var%ind1(:)
host:0x274c4670 device:0x4007c41ec200 size:1448 presentcount:0+1 line:569 name:var%indcol(:)
host:0x274c4c40 device:0x400672338600 size:180000 presentcount:0+4 line:482 name:var%i2(:)
host:0x274f0b90 device:0x400672364600 size:180000 presentcount:0+4 line:482 name:var%i3(:)
host:0x2751cae0 device:0x4007c3dc9000 size:180000 presentcount:0+8 line:482 name:var%index(:,:)
host:0x27548a30 device:0x4007c43bca00 size:180000 presentcount:0+8 line:482 name:var%i2(:)
host:0x27574980 device:0x400672391800 size:180000 presentcount:0+8 line:482 name:var%i3(:)
host:0x275a0f00 device:0x4007c3e00000 size:1821184 presentcount:0+3 line:616 name:var%nindpw(:,:)
host:0x2775d930 device:0x4007c3df5800 size:8 presentcount:0+2 line:616 name:var%nb_totk(:,:)
host:0x2775d960 device:0x4007c3ff8000 size:4 presentcount:0+2 line:616 name:var%luseinv(:)
host:0x2775d990 device:0x4007c3dbd200 size:4 presentcount:0+2 line:616 name:var%at_gamma(:)
host:0x2775d9c0 device:0x4007c3fbca00 size:180000 presentcount:0+3 line:616 name:var%pl_index(:,:)
host:0x27789910 device:0x4007c41bca00 size:180000 presentcount:0+3 line:616 name:var%pl_col(:,:)
host:0x277b60a0 device:0x4007c4c00000 size:7284736 presentcount:0+3 line:616 name:var%datake(:,:,:)
host:0x27ea9320 device:0x4007c4000000 size:1821184 presentcount:0+3 line:616 name:var%igx(:,:)
host:0x280669b0 device:0x4007c3c00000 size:1821184 presentcount:0+3 line:616 name:var%igy(:,:)
host:0x28224250 device:0x4007c4200000 size:1821184 presentcount:0+3 line:616 name:var%igz(:,:)
host:0x283e0c80 device:0x4007c3ff9a00 size:8 presentcount:0+2 line:405 name:var%lmmax(:)
host:0x283e0cb0 device:0x4007c3dbce00 size:8 presentcount:0+2 line:430 name:var%lmax(:)
host:0x283e0ce0 device:0x4007c3feae00 size:4324 presentcount:0+2 line:405 name:var%lmbase(:)
host:0x283e1df0 device:0x4007c3dbd000 size:8 presentcount:0+2 line:430 name:var%lmmax(:)
host:0x283e1e20 device:0x4007c3dbd400 size:8 presentcount:0+2 line:430 name:var%channels(:)
host:0x283e1e50 device:0x40073c1ff400 size:16 presentcount:0+2 line:430 name:var%rsmooth(:)
host:0x283e3330 device:0x4007dcc00000 size:7284272 presentcount:0+4 line:519 name:var%fftsca(:,:)
host:0x28b461f0 device:0x40085b940a00 size:463360 presentcount:0+1 line:499 name:var%tbl(:)
host:0x28c28650 device:0x401084400000 size:453600 presentcount:0+1 line:499 name:var%tbli(:)
host:0x28c97260 device:0x40108446ec00 size:453600 presentcount:0+1 line:499 name:var%tbl(:)
host:0x28e08140 device:0x401083400000 size:3614720 presentcount:0+1 line:499 name:var%tbl(:)
host:0x294f0530 device:0x401083800000 size:3614400 presentcount:0+1 line:499 name:var%tbli(:)
host:0x29864900 device:0x401083c00000 size:3614400 presentcount:0+1 line:499 name:var%tbl(:)
host:0x29bdadd0 device:0x40085ba00000 size:2799360 presentcount:0+2 line:194 name:cdij(:,:,:,:)
host:0x29ef2420 device:0x40053e3f1e00 size:41472 presentcount:0+1 line:746 name:var%auxtot(:,:,:)
host:0x29f00030 device:0x400672324200 size:82944 presentcount:0+2 line:746 name:var%celtot(:,:,:)
host:0x29f14460 device:0x40067231a000 size:41472 presentcount:0+2 line:746 name:var%fertot(:,:,:)
host:0x29f4d6d0 device:0x401084000000 size:3614400 presentcount:0+1 line:499 name:var%tbli(:)
host:0x2b781b20 device:0x401084600000 size:2799360 presentcount:0+2 line:194 name:cqij(:,:,:,:)
host:0x2bce17d0 device:0x40085be00000 size:7962624 presentcount:0+5 line:746 name:var%gproj(:,:,:,:)
host:0x2c69d940 device:0x4006723d5800 size:98304 presentcount:0+1 line:1101 name:w1%gproj(:)
host:0x2c71c0b0 device:0x4010845fd800 size:2048 presentcount:0+1 line:179 name:w1(:)
host:0x2c71c8d0 device:0x4007c43fbe00 size:2048 presentcount:0+1 line:179 name:wtmp(:)
host:0x2c8a3d00 device:0x40108459d800 size:393216 presentcount:0+2 line:1226 name:wa%gproj(:,:)
host:0x2c903d30 device:0x401246c00000 size:393216 presentcount:0+2 line:1226 name:wa%gproj(:,:)
host:0x2c963d60 device:0x4006723bd800 size:98304 presentcount:0+1 line:1101 name:w1%gproj(:)
host:0x2c97bd90 device:0x40085b9cba00 size:98304 presentcount:0+1 line:1101 name:w1%gproj(:)
host:0x2c993dc0 device:0x40085b9e3a00 size:98304 presentcount:0+1 line:1101 name:w1%gproj(:)
host:0x352755a0 device:0x401254e00000 size:3145728 presentcount:0+2 line:1226 name:wa%gproj(:,:)
host:0x3a3a23e0 device:0x401255200000 size:14569472 presentcount:0+1 line:202 name:precon(:,:)
host:0x3b18ebb0 device:0x4007c4400000 size:7284736 presentcount:0+1 line:1101 name:w1%cptwfp(:)
host:0x3b8891b0 device:0x4007c3400000 size:7284736 presentcount:0+1 line:1101 name:w1%cptwfp(:)
host:0x3bf83de0 device:0x400fcce00000 size:7284736 presentcount:0+1 line:1101 name:w1%cptwfp(:)
host:0x3c676a30 device:0x400fcf800000 size:7284736 presentcount:0+1 line:1101 name:w1%cptwfp(:)
host:0x4005d80010a0 device:0x4007c5400000 size:45593280 presentcount:0+2 line:430 name:var%nli(:,:)
host:0x4005dea335c0 device:0x401084a00000 size:14400000 presentcount:0+1 line:195 name:dencor(:)
host:0x4006800012b0 device:0x4007e0000000 size:807411968 presentcount:0+2 line:430 name:var%rproj(:)
host:0x4006b02131a0 device:0x400840000000 size:230400000 presentcount:0+2 line:194 name:sv(:,:)
host:0x4007600039e0 device:0x401085800000 size:28917760 presentcount:0+1 line:195 name:cstrf(:,:)
host:0x400761ba4a60 device:0x4007a0000000 size:590063616 presentcount:0+5 line:746 name:var%cptwfp(:,:,:,:)
host:0x4007885a6f80 device:0x401243400000 size:29138944 presentcount:0+2 line:1226 name:wa%cptwfp(:,:)
host:0x40078a187190 device:0x401245000000 size:29138944 presentcount:0+2 line:1226 name:wa%cptwfp(:,:)
host:0x4008200079d0 device:0x400fd2200000 size:230400000 presentcount:0+1 line:1101 name:w1%cr(:)
host:0x4008832c73a0 device:0x401246e00000 size:233111552 presentcount:0+2 line:1226 name:wa%cptwfp(:,:)
host:0x400891127be0 device:0x400810400000 size:230400000 presentcount:0+1 line:1236 name:w1%cr(:)
host:0x4008e0008000 device:0x40084dc00000 size:230400000 presentcount:0+1 line:1101 name:w1%cr(:)
host:0x4008edbd8210 device:0x4007c8000000 size:230400000 presentcount:0+1 line:1236 name:w1%cr(:)
host:0x4008fb7a0020 device:0x401203400000 size:230400000 presentcount:0+1 line:1101 name:w1%cr(:)
host:0x400909360230 device:0x401211000000 size:230400000 presentcount:0+1 line:1236 name:w1%cr(:)
host:0x400de0000650 device:0x4011c3400000 size:230400000 presentcount:0+1 line:1101 name:w1%cr(:)
host:0x400dedbc0860 device:0x4011d1000000 size:230400000 presentcount:0+1 line:1236 name:w1%cr(:)
host:0xffffedf87880 device:0x4007c43fca00 size:3024 presentcount:0+12 line:682 name:var
host:0xffffedf88450 device:0x4006fc1ffa00 size:1480 presentcount:0+1 line:174 name:w_ini
host:0xffffedf88a20 device:0x4007c43fb400 size:1480 presentcount:0+1 line:174 name:wopt
host:0xffffedf88ff0 device:0x4006dc5ff600 size:1480 presentcount:0+1 line:174 name:wtmpa
allocated block device:0x40053e3f1e00 size:41472 thread:1
allocated block device:0x40053e3fc000 size:5120 thread:1
allocated block device:0x40053e3fd400 size:4608 thread:1
allocated block device:0x40053e3fe600 size:4608 thread:1
allocated block device:0x40053e3ff800 size:512 thread:1
allocated block device:0x40053e3ffa00 size:512 thread:1
allocated block device:0x40053e3ffc00 size:512 thread:1
allocated block device:0x40053e3ffe00 size:512 thread:1
allocated block device:0x40067231a000 size:41472 thread:1
allocated block device:0x400672324200 size:82944 thread:1
allocated block device:0x400672338600 size:180224 thread:1
allocated block device:0x400672364600 size:180224 thread:1
allocated block device:0x400672390600 size:4608 thread:1
allocated block device:0x400672391800 size:180224 thread:1
allocated block device:0x4006723bd800 size:98304 thread:1
allocated block device:0x4006723d5800 size:98304 thread:1
allocated block device:0x4006723ed800 size:14848 thread:1
allocated block device:0x4006723f1200 size:14848 thread:1
allocated block device:0x4006723f4c00 size:10240 thread:1
allocated block device:0x4006723f7400 size:10240 thread:1
allocated block device:0x4006723f9c00 size:512 thread:1
allocated block device:0x4006723f9e00 size:512 thread:1
allocated block device:0x4006723fa000 size:512 thread:1
allocated block device:0x4006723fa200 size:512 thread:1
allocated block device:0x4006723fa400 size:512 thread:1
allocated block device:0x4006723fa600 size:5120 thread:1
allocated block device:0x4006723fba00 size:1536 thread:1
allocated block device:0x4006723fc000 size:1024 thread:1
allocated block device:0x4006723fc400 size:1024 thread:1
allocated block device:0x4006723fc800 size:1536 thread:1
allocated block device:0x4006723fce00 size:1024 thread:1
allocated block device:0x4006723fd200 size:1024 thread:1
allocated block device:0x4006723fd600 size:1024 thread:1
allocated block device:0x4006723fda00 size:6144 thread:1
allocated block device:0x4006723ff200 size:2560 thread:1
allocated block device:0x4006723ffc00 size:512 thread:1
allocated block device:0x4006723ffe00 size:512 thread:1
allocated block device:0x4006dc5ff600 size:2048 thread:1
allocated block device:0x4006fc1ff600 size:1024 thread:1
allocated block device:0x4006fc1ffa00 size:1536 thread:1
allocated block device:0x40073c1fea00 size:2560 thread:1
allocated block device:0x40073c1ff400 size:512 thread:1
allocated block device:0x40073c1ff600 size:512 thread:1
allocated block device:0x40073c1ff800 size:512 thread:1
allocated block device:0x40073c1ffa00 size:512 thread:1
allocated block device:0x40073c1ffc00 size:512 thread:1
allocated block device:0x40073c1ffe00 size:512 thread:1
allocated block device:0x4007a0000000 size:590063616 thread:1
allocated block device:0x4007c3400000 size:7962624 thread:1
allocated block device:0x4007c3c00000 size:1821184 thread:1
allocated block device:0x4007c3dbca00 size:512 thread:1
allocated block device:0x4007c3dbcc00 size:512 thread:1
allocated block device:0x4007c3dbce00 size:512 thread:1
allocated block device:0x4007c3dbd000 size:512 thread:1
allocated block device:0x4007c3dbd200 size:512 thread:1
allocated block device:0x4007c3dbd400 size:512 thread:1
allocated block device:0x4007c3dbd600 size:512 thread:1
allocated block device:0x4007c3dbd800 size:5120 thread:1
allocated block device:0x4007c3dbec00 size:1536 thread:1
allocated block device:0x4007c3dbf200 size:1024 thread:1
allocated block device:0x4007c3dbf600 size:1024 thread:1
allocated block device:0x4007c3dbfa00 size:1536 thread:1
allocated block device:0x4007c3dc0000 size:1024 thread:1
allocated block device:0x4007c3dc0400 size:1024 thread:1
allocated block device:0x4007c3dc0800 size:17408 thread:1
allocated block device:0x4007c3dc4c00 size:17408 thread:1
allocated block device:0x4007c3dc9000 size:180224 thread:1
allocated block device:0x4007c3df5000 size:2048 thread:1
allocated block device:0x4007c3df5800 size:512 thread:1
allocated block device:0x4007c3df5a00 size:4608 thread:1
allocated block device:0x4007c3df6c00 size:512 thread:1
allocated block device:0x4007c3df6e00 size:4608 thread:1
allocated block device:0x4007c3df8000 size:26112 thread:1
allocated block device:0x4007c3dfe600 size:3072 thread:1
allocated block device:0x4007c3dff200 size:512 thread:1
allocated block device:0x4007c3dff400 size:512 thread:1
allocated block device:0x4007c3dff600 size:512 thread:1
allocated block device:0x4007c3dff800 size:512 thread:1
allocated block device:0x4007c3dffa00 size:512 thread:1
allocated block device:0x4007c3dffc00 size:512 thread:1
allocated block device:0x4007c3dffe00 size:512 thread:1
allocated block device:0x4007c3e00000 size:1821184 thread:1
allocated block device:0x4007c3fbca00 size:180224 thread:1
allocated block device:0x4007c3fe8a00 size:4608 thread:1
allocated block device:0x4007c3fe9c00 size:4608 thread:1
allocated block device:0x4007c3feae00 size:4608 thread:1
allocated block device:0x4007c3fec000 size:24064 thread:1
allocated block device:0x4007c3ff1e00 size:512 thread:1
allocated block device:0x4007c3ff2000 size:24064 thread:1
allocated block device:0x4007c3ff7e00 size:512 thread:1
allocated block device:0x4007c3ff8000 size:512 thread:1
allocated block device:0x4007c3ff8200 size:3072 thread:1
allocated block device:0x4007c3ff8e00 size:3072 thread:1
allocated block device:0x4007c3ff9a00 size:512 thread:1
allocated block device:0x4007c3ff9c00 size:5120 thread:1
allocated block device:0x4007c3ffb000 size:1536 thread:1
allocated block device:0x4007c3ffb600 size:2560 thread:1
allocated block device:0x4007c3ffc000 size:1536 thread:1
allocated block device:0x4007c3ffc600 size:2048 thread:1
allocated block device:0x4007c3ffce00 size:6144 thread:1
allocated block device:0x4007c3ffe600 size:6144 thread:1
allocated block device:0x4007c3fffe00 size:512 thread:1
allocated block device:0x4007c4000000 size:1821184 thread:1
allocated block device:0x4007c41bca00 size:180224 thread:1
allocated block device:0x4007c41e8a00 size:6144 thread:1
allocated block device:0x4007c41ea200 size:2560 thread:1
allocated block device:0x4007c41eac00 size:512 thread:1
allocated block device:0x4007c41eae00 size:512 thread:1
allocated block device:0x4007c41eb000 size:512 thread:1
allocated block device:0x4007c41eb200 size:512 thread:1
allocated block device:0x4007c41eb400 size:512 thread:1
allocated block device:0x4007c41eb600 size:512 thread:1
allocated block device:0x4007c41eb800 size:512 thread:1
allocated block device:0x4007c41eba00 size:512 thread:1
allocated block device:0x4007c41ebc00 size:1536 thread:1
allocated block device:0x4007c41ec200 size:1536 thread:1
allocated block device:0x4007c41ec800 size:512 thread:1
allocated block device:0x4007c41eca00 size:2560 thread:1
allocated block device:0x4007c41ed400 size:6144 thread:1
allocated block device:0x4007c41eec00 size:28672 thread:1
allocated block device:0x4007c41f5c00 size:40448 thread:1
allocated block device:0x4007c41ffa00 size:512 thread:1
allocated block device:0x4007c4200000 size:1821184 thread:1
allocated block device:0x4007c43bca00 size:180224 thread:1
allocated block device:0x4007c43e8a00 size:8192 thread:1
allocated block device:0x4007c43eaa00 size:8192 thread:1
allocated block device:0x4007c43eca00 size:40448 thread:1
allocated block device:0x4007c43f6800 size:8192 thread:1
allocated block device:0x4007c43fb400 size:2560 thread:1
allocated block device:0x4007c43fbe00 size:3072 thread:1
allocated block device:0x4007c43fca00 size:3072 thread:1
allocated block device:0x4007c4400000 size:7284736 thread:1
allocated block device:0x4007c4c00000 size:7284736 thread:1
allocated block device:0x4007c5400000 size:45593600 thread:1
allocated block device:0x4007c8000000 size:230400000 thread:1
allocated block device:0x4007dcc00000 size:7284736 thread:1
allocated block device:0x4007e0000000 size:807412224 thread:1
allocated block device:0x400810400000 size:230400000 thread:1
allocated block device:0x400840000000 size:230400000 thread:1
allocated block device:0x40084dc00000 size:230400000 thread:1
allocated block device:0x40085b85fa00 size:921600 thread:1
allocated block device:0x40085b940a00 size:463360 thread:1
allocated block device:0x40085b9cba00 size:98304 thread:1
allocated block device:0x40085b9e3a00 size:98304 thread:1
allocated block device:0x40085ba00000 size:2799616 thread:1
allocated block device:0x40085be00000 size:7962624 thread:1
allocated block device:0x400fcce00000 size:14400000 thread:1
allocated block device:0x400fcf800000 size:14400000 thread:1
allocated block device:0x400fd2200000 size:230400000 thread:1
allocated block device:0x401083400000 size:3614720 thread:1
allocated block device:0x401083800000 size:3614720 thread:1
allocated block device:0x401083c00000 size:3614720 thread:1
allocated block device:0x401084000000 size:3614720 thread:1
allocated block device:0x401084400000 size:453632 thread:1
allocated block device:0x40108446ec00 size:453632 thread:1
allocated block device:0x40108459d800 size:393216 thread:1
allocated block device:0x4010845fd800 size:2048 thread:1
allocated block device:0x401084600000 size:2799616 thread:1
allocated block device:0x401084a00000 size:14400000 thread:1
allocated block device:0x401085800000 size:28917760 thread:1
allocated block device:0x4011c3400000 size:230400000 thread:1
allocated block device:0x4011d1000000 size:230400000 thread:1
allocated block device:0x401203400000 size:230400000 thread:1
allocated block device:0x401211000000 size:230400000 thread:1
allocated block device:0x401243400000 size:29138944 thread:1
allocated block device:0x401245000000 size:29138944 thread:1
allocated block device:0x401246c00000 size:393216 thread:1
allocated block device:0x401246e00000 size:233111552 thread:1
allocated block device:0x401254e00000 size:3145728 thread:1
allocated block device:0x401255200000 size:14569472 thread:1
Accelerator Fatal Error: call to cuMemAlloc returned error 2 (CUDA_ERROR_OUT_OF_MEMORY): Out of memory
 File: /lus/lfs1aip2/projects/u6cb/software/VASP/vasp.6.5.1/build/gam/hamil.f90
 Function: hamiltmu:978
 Line: 1005

Out of memory allocating 230400000 bytes of device memory
Failing in Thread:1
total/free CUDA memory: 102005473280/110886912
Present table dump for device[1]: NVIDIA Tesla GPU 0, compute capability 9.0, threadid=1
Hint: specify 0x800 bit in NV_ACC_DEBUG for verbose info.
host:0x2557280 device:0x4006c3df6c00 size:32 presentcount:0+3 line:643 name:var%comm
host:0x25572a0 device:0x4006c3dbca00 size:32 presentcount:0+4 line:652 name:var%comm_kinter
host:0x25572c0 device:0x4006c3dbcc00 size:32 presentcount:0+6 line:655 name:var%comm_kin
host:0x25572e0 device:0x40051c3ffa00 size:32 presentcount:0+3 line:646 name:var%comm_inter
host:0x2557300 device:0x40051c3ffc00 size:32 presentcount:0+7 line:649 name:var%comm_inb
host:0x256be80 device:0x40043a0ecd00 size:8 presentcount:0+1 line:-1 name:_setexm_struct_def_21
host:0x2576f40 device:0x40043a0ece00 size:28 presentcount:0+1 line:-1 name:_ml_ff_constant_21
host:0x2577c80 device:0x40043a0ecf00 size:30437 presentcount:0+1 line:-1 name:_ml_ff_taglist_21
host:0x25afc80 device:0x40043a0f4600 size:8 presentcount:0+1 line:-1 name:_mopenacc_tutor_21
host:0x25c2740 device:0x40043a0f4a00 size:32 presentcount:0+1 line:-1 name:_mbj_21
host:0x25cd640 device:0x40043a0f4d00 size:8 presentcount:0+1 line:-1 name:_sym_prec_21
host:0x26030c0 device:0x40043a0f4e00 size:344 presentcount:0+1 line:-1 name:_tet_21
host:0x261c840 device:0x40043a0f5000 size:392 presentcount:0+1 line:-1 name:_mymath_21
host:0x2817368 device:0x4006c3dbd800 size:4800 presentcount:0+2 line:614 name:var
host:0x2818628 device:0x4006c3df5000 size:1984 presentcount:0+2 line:403 name:var
host:0x281a910 device:0x4005fc1ff600 size:864 presentcount:0+4 line:2639 name:hamiltonian
host:0x286ac80 device:0x4006c3dfe600 size:2712 presentcount:0+2 line:428 name:var
host:0x286b718 device:0x40063c1fea00 size:2248 presentcount:0+1 line:742 name:var
host:0x286eb50 device:0x4006c41ffa00 size:288 presentcount:0+1 line:195 name:latt_cur
host:0x2871658 device:0x40051c3fc000 size:5088 presentcount:0+28 line:517 name:var
host:0x2872a38 device:0x40056c3fa600 size:5088 presentcount:0+6 line:517 name:var
host:0x2873e18 device:0x4006c3ff9c00 size:5088 presentcount:0+7 line:517 name:var
host:0x287a2a8 device:0x4006c41eba00 size:304 presentcount:0+1 line:567 name:var
host:0x287a3d8 device:0x4006c41ec800 size:304 presentcount:0+1 line:567 name:var
host:0x2e48ec0 device:0x40043a002600 size:960024 presentcount:0+1 line:-1 name:_setexm_struct_def_16
host:0x2f8f080 device:0x40043a0f4700 size:580 presentcount:0+1 line:-1 name:_wpbe_16
host:0x2f8f900 device:0x40043a0f4b00 size:288 presentcount:0+1 line:-1 name:_mbj_16
host:0x9f446c0 device:0x40043a0f5200 size:624 presentcount:0+1 line:-1 name:_mlr_optic_16
host:0x406e4e60 device:0x4006c3dbf600 size:1000 presentcount:0+4 line:519 name:var%lpctz(:)
host:0x406e7e70 device:0x4006c41eac00 size:260 presentcount:0+1 line:499 name:var%ni(:)
host:0x406e8160 device:0x4006c41eae00 size:260 presentcount:0+1 line:499 name:var%ptri(:)
host:0x40e29170 device:0x40056c3fd600 size:528 presentcount:0+1 line:480 name:var
host:0x40e29970 device:0x40056c3ffc00 size:260 presentcount:0+1 line:499 name:var%n(:)
host:0x44ee6700 device:0x40063c1ff600 size:400 presentcount:0+2 line:464 name:var
host:0x44ee6890 device:0x40063c1ffa00 size:400 presentcount:0+2 line:464 name:var
host:0x4957e600 device:0x40051c3ffe00 size:8 presentcount:0+4 line:405 name:var%nityp(:)
host:0x49a40610 device:0x40056c3ffe00 size:260 presentcount:0+1 line:499 name:var%ptr(:)
host:0x49efb430 device:0x4006c41eec00 size:28464 presentcount:0+1 line:853 name:var(:)
host:0x49f0db90 device:0x4006c43eca00 size:40000 presentcount:0+1 line:857 name:var%psp(:,:)
host:0x49f17800 device:0x4006c43f6800 size:8000 presentcount:0+1 line:857 name:var%psprho(:)
host:0x49f1aa90 device:0x4006c3ff2000 size:24000 presentcount:0+2 line:466 name:var%psprnl(:,:,:)
host:0x49f4a470 device:0x4006c3fe9c00 size:4320 presentcount:0+4 line:405 name:var%ityp(:)
host:0x49f4b580 device:0x4006c3df8000 size:25920 presentcount:0+4 line:405 name:var%posion(:,:)
host:0x49f8e750 device:0x4006c43e8a00 size:8000 presentcount:0+1 line:857 name:var%pspcor(:)
host:0x49f906c0 device:0x4006c43eaa00 size:8000 presentcount:0+1 line:857 name:var%psprho(:)
host:0x49f94230 device:0x4006c41f5c00 size:40000 presentcount:0+1 line:857 name:var%psp(:,:)
host:0x49f9dea0 device:0x4006c3fec000 size:24000 presentcount:0+2 line:466 name:var%psprnl(:,:,:)
host:0x49fddf50 device:0x40063c1ff800 size:24 presentcount:0+3 line:466 name:var%lps(:)
host:0x49fde000 device:0x40063c1ffc00 size:24 presentcount:0+3 line:466 name:var%lps(:)
host:0x4a14b540 device:0x4006c3dff800 size:24 presentcount:0+3 line:616 name:var%vkpt(:,:)
host:0x4a170660 device:0x4006c3dffa00 size:8 presentcount:0+2 line:616 name:var%wtkpt(:)
host:0x4a170690 device:0x4006c3dff400 size:8 presentcount:0+3 line:616 name:var%nityp(:)
host:0x4a1708c0 device:0x4006c3dbd600 size:16 presentcount:0+2 line:430 name:var%psrmax(:)
host:0x4a170e80 device:0x4006c3fe8a00 size:4320 presentcount:0+3 line:616 name:var%ityp(:)
host:0x4a171f90 device:0x4006c3dff200 size:8 presentcount:0+3 line:616 name:var%lmmax(:)
host:0x4a171fc0 device:0x4006c3dff600 size:8 presentcount:0+3 line:616 name:var%nt_global(:)
host:0x4a171ff0 device:0x4006c3df6e00 size:4320 presentcount:0+3 line:616 name:var%npro_pos(:)
host:0x4a173100 device:0x4006c3df5a00 size:4324 presentcount:0+3 line:616 name:var%lmbase(:)
host:0x4a174210 device:0x4006c3dffe00 size:4 presentcount:0+2 line:616 name:var%nplwkp(:)
host:0x4a174240 device:0x4006c3ff1e00 size:4 presentcount:0+2 line:616 name:var%nplwkp_tot(:)
host:0x4a174270 device:0x4006c3ff7e00 size:4 presentcount:0+2 line:616 name:var%ngvector_pos(:)
host:0x4a1742a0 device:0x4006c3dffc00 size:4 presentcount:0+2 line:616 name:var%ngvector(:)
host:0x4a1742d0 device:0x4006c3dbec00 size:1280 presentcount:0+4 line:519 name:var%lpctx(:)
host:0x4a174800 device:0x4006c3dbf200 size:720 presentcount:0+4 line:519 name:var%lpcty(:)
host:0x4a174b00 device:0x4006c3dbfa00 size:1280 presentcount:0+4 line:519 name:var%lpctx_(:)
host:0x4a175030 device:0x4006c3dc0000 size:720 presentcount:0+4 line:519 name:var%lpcty_(:)
host:0x4a175330 device:0x4006c3dc0400 size:1000 presentcount:0+4 line:519 name:var%lpctz_(:)
host:0x4a175740 device:0x40056c3fba00 size:1280 presentcount:0+1 line:519 name:var%lpctx(:)
host:0x4a175c70 device:0x40056c3fc000 size:720 presentcount:0+1 line:519 name:var%lpcty(:)
host:0x4a175f70 device:0x40056c3fc400 size:1000 presentcount:0+1 line:519 name:var%lpctz(:)
host:0x4a176380 device:0x40056c3fc800 size:1280 presentcount:0+1 line:519 name:var%lpctx_(:)
host:0x4a1768b0 device:0x40056c3fce00 size:720 presentcount:0+1 line:519 name:var%lpcty_(:)
host:0x4a176bb0 device:0x40056c3fd200 size:1000 presentcount:0+1 line:519 name:var%lpctz_(:)
host:0x4a176fc0 device:0x4006c3ff8200 size:2560 presentcount:0+1 line:519 name:var%lpctx(:)
host:0x4a1779f0 device:0x4006c3ffb000 size:1440 presentcount:0+1 line:519 name:var%lpcty(:)
host:0x4a177fc0 device:0x4006c3ff8e00 size:2000 presentcount:0+1 line:519 name:var%lpctz(:)
host:0x4a1787c0 device:0x4006c3ffb600 size:2560 presentcount:0+1 line:519 name:var%lpctx_(:)
host:0x4a1791f0 device:0x4006c3ffc000 size:1440 presentcount:0+1 line:519 name:var%lpcty_(:)
host:0x4a1797c0 device:0x4006c3ffc600 size:2000 presentcount:0+1 line:519 name:var%lpctz_(:)
host:0x4a26ce20 device:0x4006c3ffce00 size:5648 presentcount:0+1 line:482 name:var%i2(:)
host:0x4a26e460 device:0x4006c3ffe600 size:5648 presentcount:0+1 line:482 name:var%i3(:)
host:0x4a26faa0 device:0x40056c3f4c00 size:10040 presentcount:0+1 line:482 name:var%i2(:)
host:0x4a272200 device:0x40056c3f7400 size:10040 presentcount:0+1 line:482 name:var%i3(:)
host:0x4a274960 device:0x40056c3ed800 size:14400 presentcount:0+2 line:482 name:var%i2(:)
host:0x4a2781d0 device:0x40056c3f1200 size:14400 presentcount:0+2 line:482 name:var%i3(:)
host:0x4a27be60 device:0x40075b85fa00 size:921600 presentcount:0+2 line:482 name:var%index(:,:)
host:0x4a35ce90 device:0x4006c41eca00 size:2560 presentcount:0+1 line:569 name:var%ind1(:)
host:0x4a35d8c0 device:0x4006c41ed400 size:5648 presentcount:0+1 line:569 name:var%indcol(:)
host:0x4a35ef00 device:0x40056c3fda00 size:5648 presentcount:0+1 line:482 name:var%i2(:)
host:0x4a360540 device:0x4006c41e8a00 size:5648 presentcount:0+1 line:482 name:var%i3(:)
host:0x4a361b80 device:0x40056c3ff200 size:2520 presentcount:0+1 line:482 name:var%i2(:)
host:0x4a362580 device:0x4006c41ea200 size:2520 presentcount:0+1 line:482 name:var%i3(:)
host:0x4a39b3b0 device:0x4006c41eb200 size:260 presentcount:0+1 line:499 name:var%ptr(:)
host:0x4a39b4e0 device:0x4006c41eb000 size:260 presentcount:0+1 line:499 name:var%n(:)
host:0x4a39b610 device:0x4006c41eb800 size:4 presentcount:0+1 line:499 name:var%tbli(:)
host:0x4a39b640 device:0x4006c41eb600 size:260 presentcount:0+1 line:499 name:var%ptri(:)
host:0x4a39b770 device:0x4006c41eb400 size:260 presentcount:0+1 line:499 name:var%ni(:)
host:0x4a39c560 device:0x40051c3ff800 size:260 presentcount:0+1 line:499 name:var%ptr(:)
host:0x4a39c690 device:0x40063c1ffe00 size:260 presentcount:0+1 line:499 name:var%n(:)
host:0x4a39c7c0 device:0x40056c3f9c00 size:260 presentcount:0+1 line:499 name:var%ptri(:)
host:0x4a39c8f0 device:0x4006c3fffe00 size:260 presentcount:0+1 line:499 name:var%ni(:)
host:0x4a39ca20 device:0x40056c3fa000 size:260 presentcount:0+1 line:499 name:var%ptr(:)
host:0x4a39cb50 device:0x40056c3f9e00 size:260 presentcount:0+1 line:499 name:var%n(:)
host:0x4a39cc80 device:0x40056c3fa400 size:260 presentcount:0+1 line:499 name:var%ptri(:)
host:0x4a39cdb0 device:0x40056c3fa200 size:260 presentcount:0+1 line:499 name:var%ni(:)
host:0x4a39d030 device:0x4006c41ebc00 size:1280 presentcount:0+1 line:569 name:var%ind1(:)
host:0x4a39d560 device:0x4006c41ec200 size:1448 presentcount:0+1 line:569 name:var%indcol(:)
host:0x4a39db30 device:0x40056c338600 size:180000 presentcount:0+4 line:482 name:var%i2(:)
host:0x4a3c9a80 device:0x40056c364600 size:180000 presentcount:0+4 line:482 name:var%i3(:)
host:0x4a3f59d0 device:0x4006c3dc9000 size:180000 presentcount:0+8 line:482 name:var%index(:,:)
host:0x4a421920 device:0x4006c43bca00 size:180000 presentcount:0+8 line:482 name:var%i2(:)
host:0x4a44d870 device:0x40056c391800 size:180000 presentcount:0+8 line:482 name:var%i3(:)
host:0x4a479df0 device:0x4006c3e00000 size:1821184 presentcount:0+3 line:616 name:var%nindpw(:,:)
host:0x4a636820 device:0x4006c3df5800 size:8 presentcount:0+2 line:616 name:var%nb_totk(:,:)
host:0x4a636850 device:0x4006c3ff8000 size:4 presentcount:0+2 line:616 name:var%luseinv(:)
host:0x4a636880 device:0x4006c3dbd200 size:4 presentcount:0+2 line:616 name:var%at_gamma(:)
host:0x4a6368b0 device:0x4006c3fbca00 size:180000 presentcount:0+3 line:616 name:var%pl_index(:,:)
host:0x4a662800 device:0x4006c41bca00 size:180000 presentcount:0+3 line:616 name:var%pl_col(:,:)
host:0x4a68e750 device:0x4006c3ff9a00 size:8 presentcount:0+2 line:405 name:var%lmmax(:)
host:0x4a68e780 device:0x4006c3dbce00 size:8 presentcount:0+2 line:430 name:var%lmax(:)
host:0x4a68e7b0 device:0x4006c3feae00 size:4324 presentcount:0+2 line:405 name:var%lmbase(:)
host:0x4a68f8c0 device:0x4006c3dbd000 size:8 presentcount:0+2 line:430 name:var%lmmax(:)
host:0x4a68f8f0 device:0x4006c3dbd400 size:8 presentcount:0+2 line:430 name:var%channels(:)
host:0x4a68f920 device:0x40063c1ff400 size:16 presentcount:0+2 line:430 name:var%rsmooth(:)
host:0x4a68f960 device:0x40051c3fd400 size:4320 presentcount:0+2 line:430 name:var%nlimax(:)
host:0x4a690a70 device:0x40051c3fe600 size:4324 presentcount:0+2 line:430 name:var%lmbase(:)
host:0x4a691b80 device:0x40056c390600 size:4324 presentcount:0+2 line:430 name:var%nlibase(:)
host:0x4a692c90 device:0x4006c3dc0800 size:17132 presentcount:0+4 line:519 name:var%nindpwconjg(:)
host:0x4a696fb0 device:0x4006c3dc4c00 size:17132 presentcount:0+4 line:519 name:var%ind_in_sphere(:)
host:0x4a7e5dd0 device:0x4006c4c00000 size:7284736 presentcount:0+3 line:616 name:var%datake(:,:,:)
host:0x4aed9050 device:0x4006c4000000 size:1821184 presentcount:0+3 line:616 name:var%igx(:,:)
host:0x4b0966e0 device:0x4006c3c00000 size:1821184 presentcount:0+3 line:616 name:var%igy(:,:)
host:0x4b253f80 device:0x4006c4200000 size:1821184 presentcount:0+3 line:616 name:var%igz(:,:)
host:0x4b411e50 device:0x4006dcc00000 size:7284272 presentcount:0+4 line:519 name:var%fftsca(:,:)
host:0x4bb3c8e0 device:0x40075b940a00 size:463360 presentcount:0+1 line:499 name:var%tbl(:)
host:0x4bc1ed40 device:0x400f84400000 size:453600 presentcount:0+1 line:499 name:var%tbli(:)
host:0x4bc8d950 device:0x400f8446ec00 size:453600 presentcount:0+1 line:499 name:var%tbl(:)
host:0x4be0e840 device:0x400f83400000 size:3614720 presentcount:0+1 line:499 name:var%tbl(:)
host:0x4c4f6c30 device:0x400f83800000 size:3614400 presentcount:0+1 line:499 name:var%tbli(:)
host:0x4c86b000 device:0x400f83c00000 size:3614400 presentcount:0+1 line:499 name:var%tbl(:)
host:0x4cbe14d0 device:0x40075ba00000 size:2799360 presentcount:0+2 line:194 name:cdij(:,:,:,:)
host:0x4ceb2420 device:0x40051c3f1e00 size:41472 presentcount:0+1 line:746 name:var%auxtot(:,:,:)
host:0x4cf53dd0 device:0x400f84000000 size:3614400 presentcount:0+1 line:499 name:var%tbli(:)
host:0x4d812420 device:0x40056c31a000 size:41472 presentcount:0+2 line:746 name:var%fertot(:,:,:)
host:0x4d820030 device:0x40056c324200 size:82944 presentcount:0+2 line:746 name:var%celtot(:,:,:)
host:0x4e09db90 device:0x400f84600000 size:2799360 presentcount:0+2 line:194 name:cqij(:,:,:,:)
host:0x4ea387b0 device:0x40075be00000 size:7962624 presentcount:0+5 line:746 name:var%gproj(:,:,:,:)
host:0x4f4b2530 device:0x40056c3d5800 size:98304 presentcount:0+1 line:1101 name:w1%gproj(:)
host:0x4f530ca0 device:0x4006c43fbe00 size:2048 presentcount:0+1 line:179 name:wtmp(:)
host:0x4f6b8b20 device:0x400f8459d800 size:393216 presentcount:0+2 line:1226 name:wa%gproj(:,:)
host:0x4f718b50 device:0x401186c00000 size:393216 presentcount:0+2 line:1226 name:wa%gproj(:,:)
host:0x4f778b80 device:0x40056c3bd800 size:98304 presentcount:0+1 line:1101 name:w1%gproj(:)
host:0x4f790bb0 device:0x40075b9cba00 size:98304 presentcount:0+1 line:1101 name:w1%gproj(:)
host:0x4f7a8be0 device:0x40075b9e3a00 size:98304 presentcount:0+1 line:1101 name:w1%gproj(:)
host:0x582929c0 device:0x401194e00000 size:3145728 presentcount:0+2 line:1226 name:wa%gproj(:,:)
host:0x5d3b6af0 device:0x400f845fd800 size:2048 presentcount:0+1 line:179 name:w1(:)
host:0x5d3be4d0 device:0x401195200000 size:14569472 presentcount:0+1 line:202 name:precon(:,:)
host:0x5e1aa880 device:0x4006c4400000 size:7284736 presentcount:0+1 line:1101 name:w1%cptwfp(:)
host:0x5e8a4a60 device:0x4006c3400000 size:7284736 presentcount:0+1 line:1101 name:w1%cptwfp(:)
host:0x5ef9f270 device:0x400ecce00000 size:7284736 presentcount:0+1 line:1101 name:w1%cptwfp(:)
host:0x5f691aa0 device:0x400ecf800000 size:7284736 presentcount:0+1 line:1101 name:w1%cptwfp(:)
host:0x4004dc0010a0 device:0x4006c5400000 size:45593280 presentcount:0+2 line:430 name:var%nli(:,:)
host:0x4005800012b0 device:0x4006e0000000 size:807411968 presentcount:0+2 line:430 name:var%rproj(:)
host:0x4005b02131a0 device:0x400740000000 size:230400000 presentcount:0+2 line:194 name:sv(:,:)
host:0x4005beba35c0 device:0x400f84a00000 size:14400000 presentcount:0+1 line:195 name:dencor(:)
host:0x400660dd39e0 device:0x400f85800000 size:28917760 presentcount:0+1 line:195 name:cstrf(:,:)
host:0x400662974a60 device:0x4006a0000000 size:590063616 presentcount:0+5 line:746 name:var%cptwfp(:,:,:,:)
host:0x400689376b60 device:0x401183400000 size:29138944 presentcount:0+2 line:1226 name:wa%cptwfp(:,:)
host:0x40069ae16d70 device:0x401185000000 size:29138944 presentcount:0+2 line:1226 name:wa%cptwfp(:,:)
host:0x400720006f80 device:0x401186e00000 size:233111552 presentcount:0+2 line:1226 name:wa%cptwfp(:,:)
host:0x40072de675b0 device:0x400f66800000 size:230400000 presentcount:0+1 line:1101 name:w1%cr(:)
host:0x4007832c77c0 device:0x400710400000 size:230400000 presentcount:0+1 line:1236 name:w1%cr(:)
host:0x400790e97be0 device:0x40074dc00000 size:230400000 presentcount:0+1 line:1101 name:w1%cr(:)
host:0x4007e0007df0 device:0x4006c8000000 size:230400000 presentcount:0+1 line:1236 name:w1%cr(:)
host:0x4007edbd8210 device:0x401143400000 size:230400000 presentcount:0+1 line:1101 name:w1%cr(:)
host:0x4007fb7a8420 device:0x401151000000 size:230400000 presentcount:0+1 line:1236 name:w1%cr(:)
host:0x400809370230 device:0x401103400000 size:230400000 presentcount:0+1 line:1101 name:w1%cr(:)
host:0x400ce0000440 device:0x401111000000 size:230400000 presentcount:0+1 line:1236 name:w1%cr(:)
host:0x400e60002750 device:0x4011a0000000 size:921600000 presentcount:0+1 line:1005 name:cwork1(:,:)
host:0xffffca0029d0 device:0x4006c43fca00 size:3024 presentcount:0+12 line:682 name:var
host:0xffffca0035a0 device:0x4005fc1ffa00 size:1480 presentcount:0+1 line:174 name:w_ini
host:0xffffca003b70 device:0x4006c43fb400 size:1480 presentcount:0+1 line:174 name:wopt
host:0xffffca004140 device:0x4005dc5ff600 size:1480 presentcount:0+1 line:174 name:wtmpa
allocated block device:0x40051c3f1e00 size:41472 thread:1
allocated block device:0x40051c3fc000 size:5120 thread:1
allocated block device:0x40051c3fd400 size:4608 thread:1
allocated block device:0x40051c3fe600 size:4608 thread:1
allocated block device:0x40051c3ff800 size:512 thread:1
allocated block device:0x40051c3ffa00 size:512 thread:1
allocated block device:0x40051c3ffc00 size:512 thread:1
allocated block device:0x40051c3ffe00 size:512 thread:1
allocated block device:0x40056c31a000 size:41472 thread:1
allocated block device:0x40056c324200 size:82944 thread:1
allocated block device:0x40056c338600 size:180224 thread:1
allocated block device:0x40056c364600 size:180224 thread:1
allocated block device:0x40056c390600 size:4608 thread:1
allocated block device:0x40056c391800 size:180224 thread:1
allocated block device:0x40056c3bd800 size:98304 thread:1
allocated block device:0x40056c3d5800 size:98304 thread:1
allocated block device:0x40056c3ed800 size:14848 thread:1
allocated block device:0x40056c3f1200 size:14848 thread:1
allocated block device:0x40056c3f4c00 size:10240 thread:1
allocated block device:0x40056c3f7400 size:10240 thread:1
allocated block device:0x40056c3f9c00 size:512 thread:1
allocated block device:0x40056c3f9e00 size:512 thread:1
allocated block device:0x40056c3fa000 size:512 thread:1
allocated block device:0x40056c3fa200 size:512 thread:1
allocated block device:0x40056c3fa400 size:512 thread:1
allocated block device:0x40056c3fa600 size:5120 thread:1
allocated block device:0x40056c3fba00 size:1536 thread:1
allocated block device:0x40056c3fc000 size:1024 thread:1
allocated block device:0x40056c3fc400 size:1024 thread:1
allocated block device:0x40056c3fc800 size:1536 thread:1
allocated block device:0x40056c3fce00 size:1024 thread:1
allocated block device:0x40056c3fd200 size:1024 thread:1
allocated block device:0x40056c3fd600 size:1024 thread:1
allocated block device:0x40056c3fda00 size:6144 thread:1
allocated block device:0x40056c3ff200 size:2560 thread:1
allocated block device:0x40056c3ffc00 size:512 thread:1
allocated block device:0x40056c3ffe00 size:512 thread:1
allocated block device:0x4005dc5ff600 size:2048 thread:1
allocated block device:0x4005fc1ff600 size:1024 thread:1
allocated block device:0x4005fc1ffa00 size:1536 thread:1
allocated block device:0x40063c1fea00 size:2560 thread:1
allocated block device:0x40063c1ff400 size:512 thread:1
allocated block device:0x40063c1ff600 size:512 thread:1
allocated block device:0x40063c1ff800 size:512 thread:1
allocated block device:0x40063c1ffa00 size:512 thread:1
allocated block device:0x40063c1ffc00 size:512 thread:1
allocated block device:0x40063c1ffe00 size:512 thread:1
allocated block device:0x4006a0000000 size:590063616 thread:1
allocated block device:0x4006c3400000 size:7962624 thread:1
allocated block device:0x4006c3c00000 size:1821184 thread:1
allocated block device:0x4006c3dbca00 size:512 thread:1
allocated block device:0x4006c3dbcc00 size:512 thread:1
allocated block device:0x4006c3dbce00 size:512 thread:1
allocated block device:0x4006c3dbd000 size:512 thread:1
allocated block device:0x4006c3dbd200 size:512 thread:1
allocated block device:0x4006c3dbd400 size:512 thread:1
allocated block device:0x4006c3dbd600 size:512 thread:1
allocated block device:0x4006c3dbd800 size:5120 thread:1
allocated block device:0x4006c3dbec00 size:1536 thread:1
allocated block device:0x4006c3dbf200 size:1024 thread:1
allocated block device:0x4006c3dbf600 size:1024 thread:1
allocated block device:0x4006c3dbfa00 size:1536 thread:1
allocated block device:0x4006c3dc0000 size:1024 thread:1
allocated block device:0x4006c3dc0400 size:1024 thread:1
allocated block device:0x4006c3dc0800 size:17408 thread:1
allocated block device:0x4006c3dc4c00 size:17408 thread:1
allocated block device:0x4006c3dc9000 size:180224 thread:1
allocated block device:0x4006c3df5000 size:2048 thread:1
allocated block device:0x4006c3df5800 size:512 thread:1
allocated block device:0x4006c3df5a00 size:4608 thread:1
allocated block device:0x4006c3df6c00 size:512 thread:1
allocated block device:0x4006c3df6e00 size:4608 thread:1
allocated block device:0x4006c3df8000 size:26112 thread:1
allocated block device:0x4006c3dfe600 size:3072 thread:1
allocated block device:0x4006c3dff200 size:512 thread:1
allocated block device:0x4006c3dff400 size:512 thread:1
allocated block device:0x4006c3dff600 size:512 thread:1
allocated block device:0x4006c3dff800 size:512 thread:1
allocated block device:0x4006c3dffa00 size:512 thread:1
allocated block device:0x4006c3dffc00 size:512 thread:1
allocated block device:0x4006c3dffe00 size:512 thread:1
allocated block device:0x4006c3e00000 size:1821184 thread:1
allocated block device:0x4006c3fbca00 size:180224 thread:1
allocated block device:0x4006c3fe8a00 size:4608 thread:1
allocated block device:0x4006c3fe9c00 size:4608 thread:1
allocated block device:0x4006c3feae00 size:4608 thread:1
allocated block device:0x4006c3fec000 size:24064 thread:1
allocated block device:0x4006c3ff1e00 size:512 thread:1
allocated block device:0x4006c3ff2000 size:24064 thread:1
allocated block device:0x4006c3ff7e00 size:512 thread:1
allocated block device:0x4006c3ff8000 size:512 thread:1
allocated block device:0x4006c3ff8200 size:3072 thread:1
allocated block device:0x4006c3ff8e00 size:3072 thread:1
allocated block device:0x4006c3ff9a00 size:512 thread:1
allocated block device:0x4006c3ff9c00 size:5120 thread:1
allocated block device:0x4006c3ffb000 size:1536 thread:1
allocated block device:0x4006c3ffb600 size:2560 thread:1
allocated block device:0x4006c3ffc000 size:1536 thread:1
allocated block device:0x4006c3ffc600 size:2048 thread:1
allocated block device:0x4006c3ffce00 size:6144 thread:1
allocated block device:0x4006c3ffe600 size:6144 thread:1
allocated block device:0x4006c3fffe00 size:512 thread:1
allocated block device:0x4006c4000000 size:1821184 thread:1
allocated block device:0x4006c41bca00 size:180224 thread:1
allocated block device:0x4006c41e8a00 size:6144 thread:1
allocated block device:0x4006c41ea200 size:2560 thread:1
allocated block device:0x4006c41eac00 size:512 thread:1
allocated block device:0x4006c41eae00 size:512 thread:1
allocated block device:0x4006c41eb000 size:512 thread:1
allocated block device:0x4006c41eb200 size:512 thread:1
allocated block device:0x4006c41eb400 size:512 thread:1
allocated block device:0x4006c41eb600 size:512 thread:1
allocated block device:0x4006c41eb800 size:512 thread:1
allocated block device:0x4006c41eba00 size:512 thread:1
allocated block device:0x4006c41ebc00 size:1536 thread:1
allocated block device:0x4006c41ec200 size:1536 thread:1
allocated block device:0x4006c41ec800 size:512 thread:1
allocated block device:0x4006c41eca00 size:2560 thread:1
allocated block device:0x4006c41ed400 size:6144 thread:1
allocated block device:0x4006c41eec00 size:28672 thread:1
allocated block device:0x4006c41f5c00 size:40448 thread:1
allocated block device:0x4006c41ffa00 size:512 thread:1
allocated block device:0x4006c4200000 size:1821184 thread:1
allocated block device:0x4006c43bca00 size:180224 thread:1
allocated block device:0x4006c43e8a00 size:8192 thread:1
allocated block device:0x4006c43eaa00 size:8192 thread:1
allocated block device:0x4006c43eca00 size:40448 thread:1
allocated block device:0x4006c43f6800 size:8192 thread:1
allocated block device:0x4006c43fb400 size:2560 thread:1
allocated block device:0x4006c43fbe00 size:3072 thread:1
allocated block device:0x4006c43fca00 size:3072 thread:1
allocated block device:0x4006c4400000 size:7284736 thread:1
allocated block device:0x4006c4c00000 size:7284736 thread:1
allocated block device:0x4006c5400000 size:45593600 thread:1
allocated block device:0x4006c8000000 size:230400000 thread:1
allocated block device:0x4006dcc00000 size:7284736 thread:1
allocated block device:0x4006e0000000 size:807412224 thread:1
allocated block device:0x400710400000 size:230400000 thread:1
allocated block device:0x400740000000 size:230400000 thread:1
allocated block device:0x40074dc00000 size:230400000 thread:1
allocated block device:0x40075b85fa00 size:921600 thread:1
allocated block device:0x40075b940a00 size:463360 thread:1
allocated block device:0x40075b9cba00 size:98304 thread:1
allocated block device:0x40075b9e3a00 size:98304 thread:1
allocated block device:0x40075ba00000 size:2799616 thread:1
allocated block device:0x40075be00000 size:7962624 thread:1
allocated block device:0x400ecce00000 size:14400000 thread:1
allocated block device:0x400ecf800000 size:14400000 thread:1
allocated block device:0x400f66800000 size:230400000 thread:1
allocated block device:0x400f83400000 size:3614720 thread:1
allocated block device:0x400f83800000 size:3614720 thread:1
allocated block device:0x400f83c00000 size:3614720 thread:1
allocated block device:0x400f84000000 size:3614720 thread:1
allocated block device:0x400f84400000 size:453632 thread:1
allocated block device:0x400f8446ec00 size:453632 thread:1
allocated block device:0x400f8459d800 size:393216 thread:1
allocated block device:0x400f845fd800 size:2048 thread:1
allocated block device:0x400f84600000 size:2799616 thread:1
allocated block device:0x400f84a00000 size:14400000 thread:1
allocated block device:0x400f85800000 size:28917760 thread:1
allocated block device:0x401103400000 size:230400000 thread:1
allocated block device:0x401111000000 size:230400000 thread:1
allocated block device:0x401143400000 size:230400000 thread:1
allocated block device:0x401151000000 size:230400000 thread:1
allocated block device:0x401183400000 size:29138944 thread:1
allocated block device:0x401185000000 size:29138944 thread:1
allocated block device:0x401186c00000 size:393216 thread:1
allocated block device:0x401186e00000 size:233111552 thread:1
allocated block device:0x401194e00000 size:3145728 thread:1
allocated block device:0x401195200000 size:14569472 thread:1
allocated block device:0x4011a0000000 size:921600000 thread:1
Accelerator Fatal Error: call to cuMemAlloc returned error 2 (CUDA_ERROR_OUT_OF_MEMORY): Out of memory
 File: /lus/lfs1aip2/projects/u6cb/software/VASP/vasp.6.5.1/build/gam/fft_base.f90
 Function: restride_r2q_cmplx:945
 Line: 964

Out of memory allocating 921600000 bytes of device memory
Failing in Thread:1
total/free CUDA memory: 102005473280/32309248
Present table dump for device[1]: NVIDIA Tesla GPU 0, compute capability 9.0, threadid=1
Hint: specify 0x800 bit in NV_ACC_DEBUG for verbose info.
host:0x2557280 device:0x400763df6600 size:32 presentcount:0+3 line:643 name:var%comm
host:0x25572a0 device:0x4004de3ffa00 size:32 presentcount:0+4 line:652 name:var%comm_kinter
host:0x25572c0 device:0x4004de3ffc00 size:32 presentcount:0+6 line:655 name:var%comm_kin
host:0x25572e0 device:0x4004de3ff400 size:32 presentcount:0+3 line:646 name:var%comm_inter
host:0x2557300 device:0x4004de3ff600 size:32 presentcount:0+7 line:649 name:var%comm_inb
host:0x256be80 device:0x4004da0ecd00 size:8 presentcount:0+1 line:-1 name:_setexm_struct_def_21
host:0x2576f40 device:0x4004da0ece00 size:28 presentcount:0+1 line:-1 name:_ml_ff_constant_21
host:0x2577c80 device:0x4004da0ecf00 size:30437 presentcount:0+1 line:-1 name:_ml_ff_taglist_21
host:0x25afc80 device:0x4004da0f4600 size:8 presentcount:0+1 line:-1 name:_mopenacc_tutor_21
host:0x25c2740 device:0x4004da0f4a00 size:32 presentcount:0+1 line:-1 name:_mbj_21
host:0x25cd640 device:0x4004da0f4d00 size:8 presentcount:0+1 line:-1 name:_sym_prec_21
host:0x26030c0 device:0x4004da0f4e00 size:344 presentcount:0+1 line:-1 name:_tet_21
host:0x261c840 device:0x4004da0f5000 size:392 presentcount:0+1 line:-1 name:_mymath_21
host:0x2817368 device:0x400763dbd200 size:4800 presentcount:0+2 line:614 name:var
host:0x2818628 device:0x400763df4a00 size:1984 presentcount:0+2 line:403 name:var
host:0x281a910 device:0x4006871ff400 size:864 presentcount:0+4 line:2639 name:hamiltonian
host:0x286ac80 device:0x400763dfe000 size:2712 presentcount:0+2 line:428 name:var
host:0x286b718 device:0x4004de3f0600 size:2248 presentcount:0+1 line:742 name:var
host:0x286eb50 device:0x4007641ff400 size:288 presentcount:0+1 line:195 name:latt_cur
host:0x2871658 device:0x4004de3fb200 size:5088 presentcount:0+28 line:517 name:var
host:0x2872a38 device:0x4006143fa000 size:5088 presentcount:0+6 line:517 name:var
host:0x2873e18 device:0x400763ff9600 size:5088 presentcount:0+7 line:517 name:var
host:0x287a2a8 device:0x4007641eb400 size:304 presentcount:0+1 line:567 name:var
host:0x287a3d8 device:0x4007641ec200 size:304 presentcount:0+1 line:567 name:var
host:0x2e48ec0 device:0x4004da002600 size:960024 presentcount:0+1 line:-1 name:_setexm_struct_def_16
host:0x2f8f080 device:0x4004da0f4700 size:580 presentcount:0+1 line:-1 name:_wpbe_16
host:0x2f8f900 device:0x4004da0f4b00 size:288 presentcount:0+1 line:-1 name:_mbj_16
host:0x9f446c0 device:0x4004da0f5200 size:624 presentcount:0+1 line:-1 name:_mlr_optic_16
host:0x3eca4e60 device:0x400763dbf000 size:1000 presentcount:0+4 line:519 name:var%lpctz(:)
host:0x3eca7e30 device:0x4007641ea600 size:260 presentcount:0+1 line:499 name:var%ni(:)
host:0x3eca8120 device:0x4007641ea800 size:260 presentcount:0+1 line:499 name:var%ptri(:)
host:0x3ed8c8f0 device:0x400763dff200 size:24 presentcount:0+3 line:616 name:var%vkpt(:,:)
host:0x3ed8c930 device:0x400763dfee00 size:8 presentcount:0+3 line:616 name:var%nityp(:)
host:0x3ed8caf0 device:0x400763dbd000 size:16 presentcount:0+2 line:430 name:var%psrmax(:)
host:0x3ed8cb30 device:0x400763dfec00 size:8 presentcount:0+3 line:616 name:var%lmmax(:)
host:0x3ed8cb60 device:0x400763dff000 size:8 presentcount:0+3 line:616 name:var%nt_global(:)
host:0x3ed8cb90 device:0x400763dff800 size:4 presentcount:0+2 line:616 name:var%nplwkp(:)
host:0x3ed8cbc0 device:0x400763dffa00 size:4 presentcount:0+2 line:616 name:var%nplwkp_tot(:)
host:0x3ed8cbf0 device:0x400763dffc00 size:4 presentcount:0+2 line:616 name:var%ngvector_pos(:)
host:0x3ed8cc20 device:0x400763dff600 size:4 presentcount:0+2 line:616 name:var%ngvector(:)
host:0x3ed8cc50 device:0x400763df5200 size:8 presentcount:0+2 line:616 name:var%nb_totk(:,:)
host:0x3ed8cc80 device:0x400763dffe00 size:4 presentcount:0+2 line:616 name:var%luseinv(:)
host:0x3ed8ccb0 device:0x400763dbcc00 size:4 presentcount:0+2 line:616 name:var%at_gamma(:)
host:0x3ed8cce0 device:0x400763ff9400 size:8 presentcount:0+2 line:405 name:var%lmmax(:)
host:0x3ed8cd10 device:0x4004de3ffe00 size:8 presentcount:0+2 line:430 name:var%lmax(:)
host:0x3ed8cd40 device:0x400763dbca00 size:8 presentcount:0+2 line:430 name:var%lmmax(:)
host:0x3ed8cd70 device:0x400763dbce00 size:8 presentcount:0+2 line:430 name:var%channels(:)
host:0x3ed8cda0 device:0x4006c71ffc00 size:16 presentcount:0+2 line:430 name:var%rsmooth(:)
host:0x3f423db0 device:0x4006143fd000 size:528 presentcount:0+1 line:480 name:var
host:0x3f424650 device:0x4007641ea200 size:260 presentcount:0+1 line:499 name:var%n(:)
host:0x434a67e0 device:0x4006c71ffe00 size:400 presentcount:0+2 line:464 name:var
host:0x434a6970 device:0x4004de3fc800 size:400 presentcount:0+2 line:464 name:var
host:0x47b3e440 device:0x4004de3ff800 size:8 presentcount:0+4 line:405 name:var%nityp(:)
host:0x48000450 device:0x4007641ea400 size:260 presentcount:0+1 line:499 name:var%ptr(:)
host:0x484bb270 device:0x4007641ee600 size:28464 presentcount:0+1 line:853 name:var(:)
host:0x484c57b0 device:0x400763dff400 size:8 presentcount:0+2 line:616 name:var%wtkpt(:)
host:0x484c61f0 device:0x4007641f5600 size:40000 presentcount:0+1 line:857 name:var%psp(:,:)
host:0x484cfe60 device:0x4007643e8a00 size:8000 presentcount:0+1 line:857 name:var%pspcor(:)
host:0x484d1dd0 device:0x4007643eaa00 size:8000 presentcount:0+1 line:857 name:var%psprho(:)
host:0x484d5060 device:0x400763fec000 size:24000 presentcount:0+2 line:466 name:var%psprnl(:,:,:)
host:0x484f1f50 device:0x4007643eca00 size:40000 presentcount:0+1 line:857 name:var%psp(:,:)
host:0x484fbbc0 device:0x4007643f6800 size:8000 presentcount:0+1 line:857 name:var%psprho(:)
host:0x484fee50 device:0x400763ff1e00 size:24000 presentcount:0+2 line:466 name:var%psprnl(:,:,:)
host:0x4852e830 device:0x400763fe9c00 size:4320 presentcount:0+4 line:405 name:var%ityp(:)
host:0x4852f940 device:0x400763df7a00 size:25920 presentcount:0+4 line:405 name:var%posion(:,:)
host:0x4859db50 device:0x4004de3fc600 size:24 presentcount:0+3 line:466 name:var%lps(:)
host:0x4859dc00 device:0x4004de3fca00 size:24 presentcount:0+3 line:466 name:var%lps(:)
host:0x4861ed00 device:0x400763fe8a00 size:4320 presentcount:0+3 line:616 name:var%ityp(:)
host:0x4861fe10 device:0x400763df6800 size:4320 presentcount:0+3 line:616 name:var%npro_pos(:)
host:0x48620f20 device:0x400763df5400 size:4324 presentcount:0+3 line:616 name:var%lmbase(:)
host:0x48622030 device:0x400763dbe600 size:1280 presentcount:0+4 line:519 name:var%lpctx(:)
host:0x48622560 device:0x400763dbec00 size:720 presentcount:0+4 line:519 name:var%lpcty(:)
host:0x48622860 device:0x400763dbf400 size:1280 presentcount:0+4 line:519 name:var%lpctx_(:)
host:0x48622d90 device:0x400763dbfa00 size:720 presentcount:0+4 line:519 name:var%lpcty_(:)
host:0x48623090 device:0x400763dbfe00 size:1000 presentcount:0+4 line:519 name:var%lpctz_(:)
host:0x486234a0 device:0x4006143fb400 size:1280 presentcount:0+1 line:519 name:var%lpctx(:)
host:0x486239d0 device:0x4006143fba00 size:720 presentcount:0+1 line:519 name:var%lpcty(:)
host:0x48623cd0 device:0x4006143fbe00 size:1000 presentcount:0+1 line:519 name:var%lpctz(:)
host:0x486240e0 device:0x4006143fc200 size:1280 presentcount:0+1 line:519 name:var%lpctx_(:)
host:0x48624610 device:0x4006143fc800 size:720 presentcount:0+1 line:519 name:var%lpcty_(:)
host:0x48624910 device:0x4006143fcc00 size:1000 presentcount:0+1 line:519 name:var%lpctz_(:)
host:0x48624d20 device:0x400763ff7c00 size:2560 presentcount:0+1 line:519 name:var%lpctx(:)
host:0x48625750 device:0x400763ffaa00 size:1440 presentcount:0+1 line:519 name:var%lpcty(:)
host:0x48625d20 device:0x400763ff8800 size:2000 presentcount:0+1 line:519 name:var%lpctz(:)
host:0x48626520 device:0x400763ffb000 size:2560 presentcount:0+1 line:519 name:var%lpctx_(:)
host:0x48626f50 device:0x400763ffba00 size:1440 presentcount:0+1 line:519 name:var%lpcty_(:)
host:0x48627520 device:0x400763ffc000 size:2000 presentcount:0+1 line:519 name:var%lpctz_(:)
host:0x4871ab80 device:0x400763ffc800 size:5648 presentcount:0+1 line:482 name:var%i2(:)
host:0x4871c1c0 device:0x400763ffe000 size:5648 presentcount:0+1 line:482 name:var%i3(:)
host:0x4871d800 device:0x4006143f4c00 size:10040 presentcount:0+1 line:482 name:var%i2(:)
host:0x4871ff60 device:0x4006143f7400 size:10040 presentcount:0+1 line:482 name:var%i3(:)
host:0x487226c0 device:0x4006143ed800 size:14400 presentcount:0+2 line:482 name:var%i2(:)
host:0x48725f30 device:0x4006143f1200 size:14400 presentcount:0+2 line:482 name:var%i3(:)
host:0x48729bc0 device:0x4007db85fa00 size:921600 presentcount:0+2 line:482 name:var%index(:,:)
host:0x4880abf0 device:0x4007641ec400 size:2560 presentcount:0+1 line:569 name:var%ind1(:)
host:0x4880b620 device:0x4007641ece00 size:5648 presentcount:0+1 line:569 name:var%indcol(:)
host:0x4880cc60 device:0x4006143fd400 size:5648 presentcount:0+1 line:482 name:var%i2(:)
host:0x4880e2a0 device:0x4007641e8a00 size:5648 presentcount:0+1 line:482 name:var%i3(:)
host:0x4880f8e0 device:0x4006143fec00 size:2520 presentcount:0+1 line:482 name:var%i2(:)
host:0x488102e0 device:0x4006143ff600 size:2520 presentcount:0+1 line:482 name:var%i3(:)
host:0x48810ce0 device:0x4004de3fcc00 size:4320 presentcount:0+2 line:430 name:var%nlimax(:)
host:0x48811df0 device:0x4004de3fe000 size:4324 presentcount:0+2 line:430 name:var%lmbase(:)
host:0x48812f00 device:0x400614390600 size:4324 presentcount:0+2 line:430 name:var%nlibase(:)
host:0x48814010 device:0x400763dc0200 size:17132 presentcount:0+4 line:519 name:var%nindpwconjg(:)
host:0x48818330 device:0x400763dc4600 size:17132 presentcount:0+4 line:519 name:var%ind_in_sphere(:)
host:0x4881dc90 device:0x4004de3ff200 size:260 presentcount:0+1 line:499 name:var%ptr(:)
host:0x4881ddc0 device:0x4004de3fde00 size:260 presentcount:0+1 line:499 name:var%n(:)
host:0x4881def0 device:0x400763fffa00 size:260 presentcount:0+1 line:499 name:var%ptri(:)
host:0x4881e020 device:0x400763fff800 size:260 presentcount:0+1 line:499 name:var%ni(:)
host:0x4881e150 device:0x400763fffe00 size:260 presentcount:0+1 line:499 name:var%ptr(:)
host:0x4881e280 device:0x400763fffc00 size:260 presentcount:0+1 line:499 name:var%n(:)
host:0x4881e3b0 device:0x4006143f9e00 size:260 presentcount:0+1 line:499 name:var%ptri(:)
host:0x4881e4e0 device:0x4006143f9c00 size:260 presentcount:0+1 line:499 name:var%ni(:)
host:0x4881e610 device:0x4007641eac00 size:260 presentcount:0+1 line:499 name:var%ptr(:)
host:0x4881e740 device:0x4007641eaa00 size:260 presentcount:0+1 line:499 name:var%n(:)
host:0x4881e870 device:0x4007641eb200 size:4 presentcount:0+1 line:499 name:var%tbli(:)
host:0x4881e8a0 device:0x4007641eb000 size:260 presentcount:0+1 line:499 name:var%ptri(:)
host:0x4881e9d0 device:0x4007641eae00 size:260 presentcount:0+1 line:499 name:var%ni(:)
host:0x4884ad90 device:0x4007641eb600 size:1280 presentcount:0+1 line:569 name:var%ind1(:)
host:0x4884b2c0 device:0x4007641ebc00 size:1384 presentcount:0+1 line:569 name:var%indcol(:)
host:0x4884b850 device:0x400614338600 size:180000 presentcount:0+4 line:482 name:var%i2(:)
host:0x488777a0 device:0x400614364600 size:180000 presentcount:0+4 line:482 name:var%i3(:)
host:0x488a36f0 device:0x400763dc8a00 size:180000 presentcount:0+8 line:482 name:var%index(:,:)
host:0x488cf640 device:0x4007643bca00 size:180000 presentcount:0+8 line:482 name:var%i2(:)
host:0x488fb590 device:0x400614391800 size:180000 presentcount:0+8 line:482 name:var%i3(:)
host:0x48927b10 device:0x400763e00000 size:1821184 presentcount:0+3 line:616 name:var%nindpw(:,:)
host:0x48ae4540 device:0x400763fbca00 size:180000 presentcount:0+3 line:616 name:var%pl_index(:,:)
host:0x48b10490 device:0x4007641bca00 size:180000 presentcount:0+3 line:616 name:var%pl_col(:,:)
host:0x48b3c3e0 device:0x400763feae00 size:4324 presentcount:0+2 line:405 name:var%lmbase(:)
host:0x48badd50 device:0x4007db940a00 size:442880 presentcount:0+1 line:499 name:var%tbl(:)
host:0x48da5c10 device:0x400764c00000 size:7284736 presentcount:0+3 line:616 name:var%datake(:,:,:)
host:0x49498e90 device:0x400764000000 size:1821184 presentcount:0+3 line:616 name:var%igx(:,:)
host:0x49656520 device:0x400763c00000 size:1821184 presentcount:0+3 line:616 name:var%igy(:,:)
host:0x49813dc0 device:0x400764200000 size:1821184 presentcount:0+3 line:616 name:var%igz(:,:)
host:0x499d1c90 device:0x40077cc00000 size:7284272 presentcount:0+4 line:519 name:var%fftsca(:,:)
host:0x4a130520 device:0x401004400000 size:453600 presentcount:0+1 line:499 name:var%tbli(:)
host:0x4a19f130 device:0x40100446ec00 size:453600 presentcount:0+1 line:499 name:var%tbl(:)
host:0x4a310010 device:0x401003400000 size:3614720 presentcount:0+1 line:499 name:var%tbl(:)
host:0x4a9f8400 device:0x401003800000 size:3614400 presentcount:0+1 line:499 name:var%tbli(:)
host:0x4ad6c7d0 device:0x401003c00000 size:3614400 presentcount:0+1 line:499 name:var%tbl(:)
host:0x4b4555a0 device:0x401004000000 size:3614400 presentcount:0+1 line:499 name:var%tbli(:)
host:0x4c59f150 device:0x4007dba00000 size:2799360 presentcount:0+2 line:194 name:cdij(:,:,:,:)
host:0x4c852420 device:0x4004de3f1000 size:41472 presentcount:0+1 line:746 name:var%auxtot(:,:,:)
host:0x4c872420 device:0x40061431a000 size:41472 presentcount:0+2 line:746 name:var%fertot(:,:,:)
host:0x4c8a0030 device:0x400614324200 size:82944 presentcount:0+2 line:746 name:var%celtot(:,:,:)
host:0x4cc899f0 device:0x401004600000 size:2799360 presentcount:0+2 line:194 name:cqij(:,:,:,:)
host:0x4d1e96a0 device:0x4007dbe00000 size:7962624 presentcount:0+5 line:746 name:var%gproj(:,:,:,:)
host:0x4dba54a0 device:0x4006143bd800 size:98304 presentcount:0+1 line:1101 name:w1%gproj(:)
host:0x4dc23c10 device:0x4006a71ff400 size:2048 presentcount:0+1 line:179 name:w1(:)
host:0x4dc24430 device:0x4007641ff600 size:2048 presentcount:0+1 line:179 name:wtmp(:)
host:0x4ddab860 device:0x40100459d800 size:393216 presentcount:0+2 line:1226 name:wa%gproj(:,:)
host:0x4de0b890 device:0x401206c00000 size:393216 presentcount:0+2 line:1226 name:wa%gproj(:,:)
host:0x4de6b8c0 device:0x4006143d5800 size:98304 presentcount:0+1 line:1101 name:w1%gproj(:)
host:0x4de838f0 device:0x4007db9bc800 size:98304 presentcount:0+1 line:1101 name:w1%gproj(:)
host:0x4de9b920 device:0x4007db9d4800 size:98304 presentcount:0+1 line:1101 name:w1%gproj(:)
host:0x567311a0 device:0x401214e00000 size:3145728 presentcount:0+2 line:1226 name:wa%gproj(:,:)
host:0x5b85da30 device:0x401217200000 size:14569472 presentcount:0+1 line:202 name:precon(:,:)
host:0x5c649ff0 device:0x401215200000 size:7284736 presentcount:0+1 line:1101 name:w1%cptwfp(:)
host:0x5cd443e0 device:0x401215a00000 size:7284736 presentcount:0+1 line:1101 name:w1%cptwfp(:)
host:0x5d43ee00 device:0x401216200000 size:7284736 presentcount:0+1 line:1101 name:w1%cptwfp(:)
host:0x5db31840 device:0x401216a00000 size:7284736 presentcount:0+1 line:1101 name:w1%cptwfp(:)
host:0x4004bd2c10a0 device:0x400765400000 size:45593280 presentcount:0+2 line:430 name:var%nli(:,:)
host:0x40050c0035c0 device:0x401004a00000 size:14400000 presentcount:0+1 line:195 name:dencor(:)
host:0x40050db939e0 device:0x401005800000 size:28917760 presentcount:0+1 line:195 name:cstrf(:,:)
host:0x4005700031a0 device:0x4007c0000000 size:230400000 presentcount:0+2 line:194 name:sv(:,:)
host:0x4006200012b0 device:0x400780000000 size:807411968 presentcount:0+2 line:430 name:var%rproj(:)
host:0x400652b86d70 device:0x401203400000 size:29138944 presentcount:0+2 line:1226 name:wa%cptwfp(:,:)
host:0x400654766f80 device:0x401205000000 size:29138944 presentcount:0+2 line:1226 name:wa%cptwfp(:,:)
host:0x400700004a60 device:0x400740000000 size:590063616 presentcount:0+5 line:746 name:var%cptwfp(:,:,:,:)
host:0x4007232c7190 device:0x401206e00000 size:233111552 presentcount:0+2 line:1226 name:wa%cptwfp(:,:)
host:0x4008040877c0 device:0x4011c3400000 size:230400000 presentcount:0+1 line:1101 name:w1%cr(:)
host:0x400811c579d0 device:0x4011d1000000 size:230400000 presentcount:0+1 line:1236 name:w1%cr(:)
host:0x400860007df0 device:0x401183400000 size:230400000 presentcount:0+1 line:1101 name:w1%cr(:)
host:0x40086dbd8000 device:0x401191000000 size:230400000 presentcount:0+1 line:1236 name:w1%cr(:)
host:0x40087b7a8420 device:0x401143400000 size:230400000 presentcount:0+1 line:1101 name:w1%cr(:)
host:0x400889370020 device:0x401151000000 size:230400000 presentcount:0+1 line:1236 name:w1%cr(:)
host:0x400d60000440 device:0x401103400000 size:230400000 presentcount:0+1 line:1101 name:w1%cr(:)
host:0x400d6dbc0650 device:0x401111000000 size:230400000 presentcount:0+1 line:1236 name:w1%cr(:)
host:0xffffe90d0a40 device:0x4007643fc400 size:3024 presentcount:0+12 line:682 name:var
host:0xffffe90d1610 device:0x4006871ff800 size:1480 presentcount:0+1 line:174 name:w_ini
host:0xffffe90d1be0 device:0x4007643fae00 size:1480 presentcount:0+1 line:174 name:wopt
host:0xffffe90d21b0 device:0x4006c71ff400 size:1480 presentcount:0+1 line:174 name:wtmpa
allocated block device:0x4004de3f0600 size:2560 thread:1
allocated block device:0x4004de3f1000 size:41472 thread:1
allocated block device:0x4004de3fb200 size:5120 thread:1
allocated block device:0x4004de3fc600 size:512 thread:1
allocated block device:0x4004de3fc800 size:512 thread:1
allocated block device:0x4004de3fca00 size:512 thread:1
allocated block device:0x4004de3fcc00 size:4608 thread:1
allocated block device:0x4004de3fde00 size:512 thread:1
allocated block device:0x4004de3fe000 size:4608 thread:1
allocated block device:0x4004de3ff200 size:512 thread:1
allocated block device:0x4004de3ff400 size:512 thread:1
allocated block device:0x4004de3ff600 size:512 thread:1
allocated block device:0x4004de3ff800 size:512 thread:1
allocated block device:0x4004de3ffa00 size:512 thread:1
allocated block device:0x4004de3ffc00 size:512 thread:1
allocated block device:0x4004de3ffe00 size:512 thread:1
allocated block device:0x40061431a000 size:41472 thread:1
allocated block device:0x400614324200 size:82944 thread:1
allocated block device:0x400614338600 size:180224 thread:1
allocated block device:0x400614364600 size:180224 thread:1
allocated block device:0x400614390600 size:4608 thread:1
allocated block device:0x400614391800 size:180224 thread:1
allocated block device:0x4006143bd800 size:98304 thread:1
allocated block device:0x4006143d5800 size:98304 thread:1
allocated block device:0x4006143ed800 size:14848 thread:1
allocated block device:0x4006143f1200 size:14848 thread:1
allocated block device:0x4006143f4c00 size:10240 thread:1
allocated block device:0x4006143f7400 size:10240 thread:1
allocated block device:0x4006143f9c00 size:512 thread:1
allocated block device:0x4006143f9e00 size:512 thread:1
allocated block device:0x4006143fa000 size:5120 thread:1
allocated block device:0x4006143fb400 size:1536 thread:1
allocated block device:0x4006143fba00 size:1024 thread:1
allocated block device:0x4006143fbe00 size:1024 thread:1
allocated block device:0x4006143fc200 size:1536 thread:1
allocated block device:0x4006143fc800 size:1024 thread:1
allocated block device:0x4006143fcc00 size:1024 thread:1
allocated block device:0x4006143fd000 size:1024 thread:1
allocated block device:0x4006143fd400 size:6144 thread:1
allocated block device:0x4006143fec00 size:2560 thread:1
allocated block device:0x4006143ff600 size:2560 thread:1
allocated block device:0x4006871ff400 size:1024 thread:1
allocated block device:0x4006871ff800 size:1536 thread:1
allocated block device:0x4006a71ff400 size:2048 thread:1
allocated block device:0x4006c71ff400 size:2048 thread:1
allocated block device:0x4006c71ffc00 size:512 thread:1
allocated block device:0x4006c71ffe00 size:512 thread:1
allocated block device:0x400740000000 size:590063616 thread:1
allocated block device:0x400763c00000 size:1821184 thread:1
allocated block device:0x400763dbca00 size:512 thread:1
allocated block device:0x400763dbcc00 size:512 thread:1
allocated block device:0x400763dbce00 size:512 thread:1
allocated block device:0x400763dbd000 size:512 thread:1
allocated block device:0x400763dbd200 size:5120 thread:1
allocated block device:0x400763dbe600 size:1536 thread:1
allocated block device:0x400763dbec00 size:1024 thread:1
allocated block device:0x400763dbf000 size:1024 thread:1
allocated block device:0x400763dbf400 size:1536 thread:1
allocated block device:0x400763dbfa00 size:1024 thread:1
allocated block device:0x400763dbfe00 size:1024 thread:1
allocated block device:0x400763dc0200 size:17408 thread:1
allocated block device:0x400763dc4600 size:17408 thread:1
allocated block device:0x400763dc8a00 size:180224 thread:1
allocated block device:0x400763df4a00 size:2048 thread:1
allocated block device:0x400763df5200 size:512 thread:1
allocated block device:0x400763df5400 size:4608 thread:1
allocated block device:0x400763df6600 size:512 thread:1
allocated block device:0x400763df6800 size:4608 thread:1
allocated block device:0x400763df7a00 size:26112 thread:1
allocated block device:0x400763dfe000 size:3072 thread:1
allocated block device:0x400763dfec00 size:512 thread:1
allocated block device:0x400763dfee00 size:512 thread:1
allocated block device:0x400763dff000 size:512 thread:1
allocated block device:0x400763dff200 size:512 thread:1
allocated block device:0x400763dff400 size:512 thread:1
allocated block device:0x400763dff600 size:512 thread:1
allocated block device:0x400763dff800 size:512 thread:1
allocated block device:0x400763dffa00 size:512 thread:1
allocated block device:0x400763dffc00 size:512 thread:1
allocated block device:0x400763dffe00 size:512 thread:1
allocated block device:0x400763e00000 size:1821184 thread:1
allocated block device:0x400763fbca00 size:180224 thread:1
allocated block device:0x400763fe8a00 size:4608 thread:1
allocated block device:0x400763fe9c00 size:4608 thread:1
allocated block device:0x400763feae00 size:4608 thread:1
allocated block device:0x400763fec000 size:24064 thread:1
allocated block device:0x400763ff1e00 size:24064 thread:1
allocated block device:0x400763ff7c00 size:3072 thread:1
allocated block device:0x400763ff8800 size:3072 thread:1
allocated block device:0x400763ff9400 size:512 thread:1
allocated block device:0x400763ff9600 size:5120 thread:1
allocated block device:0x400763ffaa00 size:1536 thread:1
allocated block device:0x400763ffb000 size:2560 thread:1
allocated block device:0x400763ffba00 size:1536 thread:1
allocated block device:0x400763ffc000 size:2048 thread:1
allocated block device:0x400763ffc800 size:6144 thread:1
allocated block device:0x400763ffe000 size:6144 thread:1
allocated block device:0x400763fff800 size:512 thread:1
allocated block device:0x400763fffa00 size:512 thread:1
allocated block device:0x400763fffc00 size:512 thread:1
allocated block device:0x400763fffe00 size:512 thread:1
allocated block device:0x400764000000 size:1821184 thread:1
allocated block device:0x4007641bca00 size:180224 thread:1
allocated block device:0x4007641e8a00 size:6144 thread:1
allocated block device:0x4007641ea200 size:512 thread:1
allocated block device:0x4007641ea400 size:512 thread:1
allocated block device:0x4007641ea600 size:512 thread:1
allocated block device:0x4007641ea800 size:512 thread:1
allocated block device:0x4007641eaa00 size:512 thread:1
allocated block device:0x4007641eac00 size:512 thread:1
allocated block device:0x4007641eae00 size:512 thread:1
allocated block device:0x4007641eb000 size:512 thread:1
allocated block device:0x4007641eb200 size:512 thread:1
allocated block device:0x4007641eb400 size:512 thread:1
allocated block device:0x4007641eb600 size:1536 thread:1
allocated block device:0x4007641ebc00 size:1536 thread:1
allocated block device:0x4007641ec200 size:512 thread:1
allocated block device:0x4007641ec400 size:2560 thread:1
allocated block device:0x4007641ece00 size:6144 thread:1
allocated block device:0x4007641ee600 size:28672 thread:1
allocated block device:0x4007641f5600 size:40448 thread:1
allocated block device:0x4007641ff400 size:512 thread:1
allocated block device:0x4007641ff600 size:2048 thread:1
allocated block device:0x400764200000 size:1821184 thread:1
allocated block device:0x4007643bca00 size:180224 thread:1
allocated block device:0x4007643e8a00 size:8192 thread:1
allocated block device:0x4007643eaa00 size:8192 thread:1
allocated block device:0x4007643eca00 size:40448 thread:1
allocated block device:0x4007643f6800 size:8192 thread:1
allocated block device:0x4007643fae00 size:2560 thread:1
allocated block device:0x4007643fc400 size:3072 thread:1
allocated block device:0x400764c00000 size:7284736 thread:1
allocated block device:0x400765400000 size:45593600 thread:1
allocated block device:0x40077cc00000 size:7284736 thread:1
allocated block device:0x400780000000 size:807412224 thread:1
allocated block device:0x4007c0000000 size:230400000 thread:1
allocated block device:0x4007db85fa00 size:921600 thread:1
allocated block device:0x4007db940a00 size:442880 thread:1
allocated block device:0x4007db9bc800 size:98304 thread:1
allocated block device:0x4007db9d4800 size:98304 thread:1
allocated block device:0x4007dba00000 size:2799616 thread:1
allocated block device:0x4007dbe00000 size:7962624 thread:1
allocated block device:0x401003400000 size:3614720 thread:1
allocated block device:0x401003800000 size:3614720 thread:1
allocated block device:0x401003c00000 size:3614720 thread:1
allocated block device:0x401004000000 size:3614720 thread:1
allocated block device:0x401004400000 size:453632 thread:1
allocated block device:0x40100446ec00 size:453632 thread:1
allocated block device:0x40100459d800 size:393216 thread:1
allocated block device:0x401004600000 size:2799616 thread:1
allocated block device:0x401004a00000 size:14400000 thread:1
allocated block device:0x401005800000 size:28917760 thread:1
allocated block device:0x401103400000 size:230400000 thread:1
allocated block device:0x401111000000 size:230400000 thread:1
allocated block device:0x401143400000 size:230400000 thread:1
allocated block device:0x401151000000 size:230400000 thread:1
allocated block device:0x401183400000 size:230400000 thread:1
allocated block device:0x401191000000 size:230400000 thread:1
allocated block device:0x4011c3400000 size:230400000 thread:1
allocated block device:0x4011d1000000 size:230400000 thread:1
allocated block device:0x401203400000 size:29138944 thread:1
allocated block device:0x401205000000 size:29138944 thread:1
allocated block device:0x401206c00000 size:393216 thread:1
allocated block device:0x401206e00000 size:233111552 thread:1
allocated block device:0x401214e00000 size:3145728 thread:1
allocated block device:0x401215200000 size:7284736 thread:1
allocated block device:0x401215a00000 size:7284736 thread:1
allocated block device:0x401216200000 size:7284736 thread:1
allocated block device:0x401216a00000 size:7284736 thread:1
allocated block device:0x401217200000 size:14569472 thread:1
Accelerator Fatal Error: call to cuMemAlloc returned error 2 (CUDA_ERROR_OUT_OF_MEMORY): Out of memory
 File: /lus/lfs1aip2/projects/u6cb/software/VASP/vasp.6.5.1/build/gam/hamil.f90
 Function: hamiltmu:978
 Line: 1005

Out of memory allocating 230400000 bytes of device memory
Failing in Thread:1
total/free CUDA memory: 102005473280/337379328
Present table dump for device[1]: NVIDIA Tesla GPU 0, compute capability 9.0, threadid=1
Hint: specify 0x800 bit in NV_ACC_DEBUG for verbose info.
host:0x2557280 device:0x400923df6600 size:32 presentcount:0+3 line:643 name:var%comm
host:0x25572a0 device:0x40069e3ffa00 size:32 presentcount:0+4 line:652 name:var%comm_kinter
host:0x25572c0 device:0x40069e3ffc00 size:32 presentcount:0+6 line:655 name:var%comm_kin
host:0x25572e0 device:0x40069e3ff400 size:32 presentcount:0+3 line:646 name:var%comm_inter
host:0x2557300 device:0x40069e3ff600 size:32 presentcount:0+7 line:649 name:var%comm_inb
host:0x256be80 device:0x40069a0ecd00 size:8 presentcount:0+1 line:-1 name:_setexm_struct_def_21
host:0x2576f40 device:0x40069a0ece00 size:28 presentcount:0+1 line:-1 name:_ml_ff_constant_21
host:0x2577c80 device:0x40069a0ecf00 size:30437 presentcount:0+1 line:-1 name:_ml_ff_taglist_21
host:0x25afc80 device:0x40069a0f4600 size:8 presentcount:0+1 line:-1 name:_mopenacc_tutor_21
host:0x25c2740 device:0x40069a0f4a00 size:32 presentcount:0+1 line:-1 name:_mbj_21
host:0x25cd640 device:0x40069a0f4d00 size:8 presentcount:0+1 line:-1 name:_sym_prec_21
host:0x26030c0 device:0x40069a0f4e00 size:344 presentcount:0+1 line:-1 name:_tet_21
host:0x261c840 device:0x40069a0f5000 size:392 presentcount:0+1 line:-1 name:_mymath_21
host:0x2817368 device:0x400923dbd200 size:4800 presentcount:0+2 line:614 name:var
host:0x2818628 device:0x400923df4a00 size:1984 presentcount:0+2 line:403 name:var
host:0x281a910 device:0x40083c5ff400 size:864 presentcount:0+4 line:2639 name:hamiltonian
host:0x286ac80 device:0x400923dfe000 size:2712 presentcount:0+2 line:428 name:var
host:0x286b718 device:0x40069e3f0600 size:2248 presentcount:0+1 line:742 name:var
host:0x286eb50 device:0x4009241ff400 size:288 presentcount:0+1 line:195 name:latt_cur
host:0x2871658 device:0x40069e3fb200 size:5088 presentcount:0+28 line:517 name:var
host:0x2872a38 device:0x4007c83fa000 size:5088 presentcount:0+6 line:517 name:var
host:0x2873e18 device:0x400923ff9600 size:5088 presentcount:0+7 line:517 name:var
host:0x287a2a8 device:0x4009241eb400 size:304 presentcount:0+1 line:567 name:var
host:0x287a3d8 device:0x4009241ec200 size:304 presentcount:0+1 line:567 name:var
host:0x2e48ec0 device:0x40069a002600 size:960024 presentcount:0+1 line:-1 name:_setexm_struct_def_16
host:0x2f8f080 device:0x40069a0f4700 size:580 presentcount:0+1 line:-1 name:_wpbe_16
host:0x2f8f900 device:0x40069a0f4b00 size:288 presentcount:0+1 line:-1 name:_mbj_16
host:0x9f446c0 device:0x40069a0f5200 size:624 presentcount:0+1 line:-1 name:_mlr_optic_16
host:0x1ede4e60 device:0x400923dbf000 size:1000 presentcount:0+4 line:519 name:var%lpctz(:)
host:0x1ede7e70 device:0x4009241ea600 size:260 presentcount:0+1 line:499 name:var%ni(:)
host:0x1ede8160 device:0x4009241ea800 size:260 presentcount:0+1 line:499 name:var%ptri(:)
host:0x1f5639b0 device:0x4007c83fd000 size:528 presentcount:0+1 line:480 name:var
host:0x1f564250 device:0x4009241ea200 size:260 presentcount:0+1 line:499 name:var%n(:)
host:0x1fead8b0 device:0x400923dff200 size:24 presentcount:0+3 line:616 name:var%vkpt(:,:)
host:0x235e6820 device:0x40087c3ffe00 size:400 presentcount:0+2 line:464 name:var
host:0x235e69b0 device:0x40069e3fc800 size:400 presentcount:0+2 line:464 name:var
host:0x27c7e490 device:0x40069e3ff800 size:8 presentcount:0+4 line:405 name:var%nityp(:)
host:0x281404a0 device:0x4009241ea400 size:260 presentcount:0+1 line:499 name:var%ptr(:)
host:0x285fb2c0 device:0x4009241ee600 size:28464 presentcount:0+1 line:853 name:var(:)
host:0x2860da20 device:0x4009243eca00 size:40000 presentcount:0+1 line:857 name:var%psp(:,:)
host:0x28617690 device:0x4009243f6800 size:8000 presentcount:0+1 line:857 name:var%psprho(:)
host:0x2861a920 device:0x400923ff1e00 size:24000 presentcount:0+2 line:466 name:var%psprnl(:,:,:)
host:0x2864a300 device:0x400923fe9c00 size:4320 presentcount:0+4 line:405 name:var%ityp(:)
host:0x2864b410 device:0x400923df7a00 size:25920 presentcount:0+4 line:405 name:var%posion(:,:)
host:0x2868e5e0 device:0x4009243e8a00 size:8000 presentcount:0+1 line:857 name:var%pspcor(:)
host:0x28690550 device:0x4009243eaa00 size:8000 presentcount:0+1 line:857 name:var%psprho(:)
host:0x286940c0 device:0x4009241f5600 size:40000 presentcount:0+1 line:857 name:var%psp(:,:)
host:0x2869dd30 device:0x400923fec000 size:24000 presentcount:0+2 line:466 name:var%psprnl(:,:,:)
host:0x286ddde0 device:0x40069e3fc600 size:24 presentcount:0+3 line:466 name:var%lps(:)
host:0x286dde90 device:0x40069e3fca00 size:24 presentcount:0+3 line:466 name:var%lps(:)
host:0x28873e50 device:0x400923dff400 size:8 presentcount:0+2 line:616 name:var%wtkpt(:)
host:0x28873e80 device:0x400923dfee00 size:8 presentcount:0+3 line:616 name:var%nityp(:)
host:0x28874070 device:0x400923dbd000 size:16 presentcount:0+2 line:430 name:var%psrmax(:)
host:0x28874630 device:0x400923fe8a00 size:4320 presentcount:0+3 line:616 name:var%ityp(:)
host:0x28875740 device:0x400923dfec00 size:8 presentcount:0+3 line:616 name:var%lmmax(:)
host:0x28875770 device:0x400923dff000 size:8 presentcount:0+3 line:616 name:var%nt_global(:)
host:0x288757a0 device:0x400923df6800 size:4320 presentcount:0+3 line:616 name:var%npro_pos(:)
host:0x288768b0 device:0x400923df5400 size:4324 presentcount:0+3 line:616 name:var%lmbase(:)
host:0x288779c0 device:0x400923dff800 size:4 presentcount:0+2 line:616 name:var%nplwkp(:)
host:0x288779f0 device:0x400923dffa00 size:4 presentcount:0+2 line:616 name:var%nplwkp_tot(:)
host:0x28877a20 device:0x400923dffc00 size:4 presentcount:0+2 line:616 name:var%ngvector_pos(:)
host:0x28877a50 device:0x400923dff600 size:4 presentcount:0+2 line:616 name:var%ngvector(:)
host:0x28877a80 device:0x400923dbe600 size:1280 presentcount:0+4 line:519 name:var%lpctx(:)
host:0x28877fb0 device:0x400923dbec00 size:720 presentcount:0+4 line:519 name:var%lpcty(:)
host:0x288782b0 device:0x400923dbf400 size:1280 presentcount:0+4 line:519 name:var%lpctx_(:)
host:0x288787e0 device:0x400923dbfa00 size:720 presentcount:0+4 line:519 name:var%lpcty_(:)
host:0x28878ae0 device:0x400923dbfe00 size:1000 presentcount:0+4 line:519 name:var%lpctz_(:)
host:0x28878ef0 device:0x4007c83fb400 size:1280 presentcount:0+1 line:519 name:var%lpctx(:)
host:0x28879420 device:0x4007c83fba00 size:720 presentcount:0+1 line:519 name:var%lpcty(:)
host:0x28879720 device:0x4007c83fbe00 size:1000 presentcount:0+1 line:519 name:var%lpctz(:)
host:0x28879b30 device:0x4007c83fc200 size:1280 presentcount:0+1 line:519 name:var%lpctx_(:)
host:0x2887a060 device:0x4007c83fc800 size:720 presentcount:0+1 line:519 name:var%lpcty_(:)
host:0x2887a360 device:0x4007c83fcc00 size:1000 presentcount:0+1 line:519 name:var%lpctz_(:)
host:0x2887a770 device:0x400923ff7c00 size:2560 presentcount:0+1 line:519 name:var%lpctx(:)
host:0x2887b1a0 device:0x400923ffaa00 size:1440 presentcount:0+1 line:519 name:var%lpcty(:)
host:0x2887b770 device:0x400923ff8800 size:2000 presentcount:0+1 line:519 name:var%lpctz(:)
host:0x2887bf70 device:0x400923ffb000 size:2560 presentcount:0+1 line:519 name:var%lpctx_(:)
host:0x2887c9a0 device:0x400923ffba00 size:1440 presentcount:0+1 line:519 name:var%lpcty_(:)
host:0x2887cf70 device:0x400923ffc000 size:2000 presentcount:0+1 line:519 name:var%lpctz_(:)
host:0x289705d0 device:0x400923ffc800 size:5648 presentcount:0+1 line:482 name:var%i2(:)
host:0x28971c10 device:0x400923ffe000 size:5648 presentcount:0+1 line:482 name:var%i3(:)
host:0x28973250 device:0x4007c83f4c00 size:10040 presentcount:0+1 line:482 name:var%i2(:)
host:0x289759b0 device:0x4007c83f7400 size:10040 presentcount:0+1 line:482 name:var%i3(:)
host:0x28978110 device:0x4007c83ed800 size:14400 presentcount:0+2 line:482 name:var%i2(:)
host:0x2897b980 device:0x4007c83f1200 size:14400 presentcount:0+2 line:482 name:var%i3(:)
host:0x2897f610 device:0x4009bb85fa00 size:921600 presentcount:0+2 line:482 name:var%index(:,:)
host:0x28a60640 device:0x4009241ec400 size:2560 presentcount:0+1 line:569 name:var%ind1(:)
host:0x28a61070 device:0x4009241ece00 size:5648 presentcount:0+1 line:569 name:var%indcol(:)
host:0x28a626b0 device:0x4007c83fd400 size:5648 presentcount:0+1 line:482 name:var%i2(:)
host:0x28a63cf0 device:0x4009241e8a00 size:5648 presentcount:0+1 line:482 name:var%i3(:)
host:0x28a65330 device:0x4007c83fec00 size:2520 presentcount:0+1 line:482 name:var%i2(:)
host:0x28a65d30 device:0x4007c83ff600 size:2520 presentcount:0+1 line:482 name:var%i3(:)
host:0x28aa07e0 device:0x4009241eb600 size:1280 presentcount:0+1 line:569 name:var%ind1(:)
host:0x28aa0d10 device:0x4009241ebc00 size:1388 presentcount:0+1 line:569 name:var%indcol(:)
host:0x28aa12b0 device:0x4007c8338600 size:180000 presentcount:0+4 line:482 name:var%i2(:)
host:0x28acd200 device:0x4007c8364600 size:180000 presentcount:0+4 line:482 name:var%i3(:)
host:0x28af9150 device:0x400923dc8a00 size:180000 presentcount:0+8 line:482 name:var%index(:,:)
host:0x28b250a0 device:0x4009243bca00 size:180000 presentcount:0+8 line:482 name:var%i2(:)
host:0x28b50ff0 device:0x4007c8391800 size:180000 presentcount:0+8 line:482 name:var%i3(:)
host:0x28b7d570 device:0x400923e00000 size:1821184 presentcount:0+3 line:616 name:var%nindpw(:,:)
host:0x28d39fa0 device:0x400923df5200 size:8 presentcount:0+2 line:616 name:var%nb_totk(:,:)
host:0x28d39fd0 device:0x400923dffe00 size:4 presentcount:0+2 line:616 name:var%luseinv(:)
host:0x28d3a000 device:0x400923dbcc00 size:4 presentcount:0+2 line:616 name:var%at_gamma(:)
host:0x28d3a030 device:0x400923fbca00 size:180000 presentcount:0+3 line:616 name:var%pl_index(:,:)
host:0x28d65f80 device:0x4009241bca00 size:180000 presentcount:0+3 line:616 name:var%pl_col(:,:)
host:0x28d91ed0 device:0x400923ff9400 size:8 presentcount:0+2 line:405 name:var%lmmax(:)
host:0x28d91f00 device:0x40069e3ffe00 size:8 presentcount:0+2 line:430 name:var%lmax(:)
host:0x28d91f30 device:0x400923feae00 size:4324 presentcount:0+2 line:405 name:var%lmbase(:)
host:0x28d93040 device:0x400923dbca00 size:8 presentcount:0+2 line:430 name:var%lmmax(:)
host:0x28d93070 device:0x400923dbce00 size:8 presentcount:0+2 line:430 name:var%channels(:)
host:0x28d930a0 device:0x40087c3ffc00 size:16 presentcount:0+2 line:430 name:var%rsmooth(:)
host:0x28d930e0 device:0x40069e3fcc00 size:4320 presentcount:0+2 line:430 name:var%nlimax(:)
host:0x28d941f0 device:0x40069e3fe000 size:4324 presentcount:0+2 line:430 name:var%lmbase(:)
host:0x28d95300 device:0x4007c8390600 size:4324 presentcount:0+2 line:430 name:var%nlibase(:)
host:0x28d96410 device:0x400923dc0200 size:17132 presentcount:0+4 line:519 name:var%nindpwconjg(:)
host:0x28d9a730 device:0x400923dc4600 size:17132 presentcount:0+4 line:519 name:var%ind_in_sphere(:)
host:0x28d9ea50 device:0x40069e3ff200 size:260 presentcount:0+1 line:499 name:var%ptr(:)
host:0x28d9eb80 device:0x40069e3fde00 size:260 presentcount:0+1 line:499 name:var%n(:)
host:0x28d9ecb0 device:0x400923fffa00 size:260 presentcount:0+1 line:499 name:var%ptri(:)
host:0x28d9ede0 device:0x400923fff800 size:260 presentcount:0+1 line:499 name:var%ni(:)
host:0x28d9ef10 device:0x400923fffe00 size:260 presentcount:0+1 line:499 name:var%ptr(:)
host:0x28d9f040 device:0x400923fffc00 size:260 presentcount:0+1 line:499 name:var%n(:)
host:0x28d9f170 device:0x4007c83f9e00 size:260 presentcount:0+1 line:499 name:var%ptri(:)
host:0x28d9f2a0 device:0x4007c83f9c00 size:260 presentcount:0+1 line:499 name:var%ni(:)
host:0x28d9f610 device:0x4009241eac00 size:260 presentcount:0+1 line:499 name:var%ptr(:)
host:0x28d9f740 device:0x4009241eaa00 size:260 presentcount:0+1 line:499 name:var%n(:)
host:0x28d9f870 device:0x4009241eb200 size:4 presentcount:0+1 line:499 name:var%tbli(:)
host:0x28d9f8a0 device:0x4009241eb000 size:260 presentcount:0+1 line:499 name:var%ptri(:)
host:0x28d9f9d0 device:0x4009241eae00 size:260 presentcount:0+1 line:499 name:var%ni(:)
host:0x28ee5c60 device:0x400924c00000 size:7284736 presentcount:0+3 line:616 name:var%datake(:,:,:)
host:0x295d8ee0 device:0x400924000000 size:1821184 presentcount:0+3 line:616 name:var%igx(:,:)
host:0x29796570 device:0x400923c00000 size:1821184 presentcount:0+3 line:616 name:var%igy(:,:)
host:0x29953e10 device:0x400924200000 size:1821184 presentcount:0+3 line:616 name:var%igz(:,:)
host:0x29b11ce0 device:0x40093cc00000 size:7284272 presentcount:0+4 line:519 name:var%fftsca(:,:)
host:0x2a23c770 device:0x4009bb940a00 size:444160 presentcount:0+1 line:499 name:var%tbl(:)
host:0x2a3155d0 device:0x4011e4400000 size:453600 presentcount:0+1 line:499 name:var%tbli(:)
host:0x2a3841e0 device:0x4011e446ec00 size:453600 presentcount:0+1 line:499 name:var%tbl(:)
host:0x2a505280 device:0x4011e3400000 size:3614720 presentcount:0+1 line:499 name:var%tbl(:)
host:0x2abed670 device:0x4011e3800000 size:3614400 presentcount:0+1 line:499 name:var%tbli(:)
host:0x2af61a40 device:0x4011e3c00000 size:3614400 presentcount:0+1 line:499 name:var%tbl(:)
host:0x2b64a810 device:0x4011e4000000 size:3614400 presentcount:0+1 line:499 name:var%tbli(:)
host:0x2bf02420 device:0x40069e3f1000 size:41472 presentcount:0+1 line:746 name:var%auxtot(:,:,:)
host:0x2bf42420 device:0x4007c831a000 size:41472 presentcount:0+2 line:746 name:var%fertot(:,:,:)
host:0x2bf50030 device:0x4007c8324200 size:82944 presentcount:0+2 line:746 name:var%celtot(:,:,:)
host:0x2ce7ea50 device:0x4009bba00000 size:2799360 presentcount:0+2 line:194 name:cdij(:,:,:,:)
host:0x2d12e170 device:0x4011e4600000 size:2799360 presentcount:0+2 line:194 name:cqij(:,:,:,:)
host:0x2d68de20 device:0x4009bbe00000 size:7962624 presentcount:0+5 line:746 name:var%gproj(:,:,:,:)
host:0x2e049240 device:0x4007c83d5800 size:98304 presentcount:0+1 line:1101 name:w1%gproj(:)
host:0x2e0c79b0 device:0x4009243fb800 size:2048 presentcount:0+1 line:179 name:wtmp(:)
host:0x2e24f600 device:0x4011e459d800 size:393216 presentcount:0+2 line:1226 name:wa%gproj(:,:)
host:0x2e2af630 device:0x4013e6c00000 size:393216 presentcount:0+2 line:1226 name:wa%gproj(:,:)
host:0x2e30f660 device:0x4007c83bd800 size:98304 presentcount:0+1 line:1101 name:w1%gproj(:)
host:0x2e327690 device:0x4009bb9c7000 size:98304 presentcount:0+1 line:1101 name:w1%gproj(:)
host:0x2e33f6c0 device:0x4009bb9df000 size:98304 presentcount:0+1 line:1101 name:w1%gproj(:)
host:0x36b3d580 device:0x4013f4e00000 size:3145728 presentcount:0+2 line:1226 name:wa%gproj(:,:)
host:0x3bc625e0 device:0x4011e45fd800 size:2048 presentcount:0+1 line:179 name:w1(:)
host:0x3bc6a140 device:0x4013f5200000 size:14569472 presentcount:0+1 line:202 name:precon(:,:)
host:0x3ca56700 device:0x400924400000 size:7284736 presentcount:0+1 line:1101 name:w1%cptwfp(:)
host:0x3d150af0 device:0x400923400000 size:7284736 presentcount:0+1 line:1101 name:w1%cptwfp(:)
host:0x3d84b510 device:0x40112ce00000 size:7284736 presentcount:0+1 line:1101 name:w1%cptwfp(:)
host:0x3df3df50 device:0x40112f800000 size:7284736 presentcount:0+1 line:1101 name:w1%cptwfp(:)
host:0x40072c0010a0 device:0x400925400000 size:45593280 presentcount:0+2 line:430 name:var%nli(:,:)
host:0x400731c631a0 device:0x4009a0000000 size:230400000 presentcount:0+2 line:194 name:sv(:,:)
host:0x4007e00012b0 device:0x400940000000 size:807411968 presentcount:0+2 line:430 name:var%rproj(:)
host:0x400810fe35c0 device:0x4011e4a00000 size:14400000 presentcount:0+1 line:195 name:dencor(:)
host:0x400812b739e0 device:0x4011e5800000 size:28917760 presentcount:0+1 line:195 name:cstrf(:,:)
host:0x400818556d70 device:0x4013e3400000 size:29138944 presentcount:0+2 line:1226 name:wa%cptwfp(:,:)
host:0x4008c0004a60 device:0x400900000000 size:590063616 presentcount:0+5 line:746 name:var%cptwfp(:,:,:,:)
host:0x4008e32c6f80 device:0x4013e5000000 size:29138944 presentcount:0+2 line:1226 name:wa%cptwfp(:,:)
host:0x4008e4ea7190 device:0x4013e6e00000 size:233111552 presentcount:0+2 line:1226 name:wa%cptwfp(:,:)
host:0x400986e977c0 device:0x4011c5e00000 size:230400000 presentcount:0+1 line:1101 name:w1%cr(:)
host:0x4009e32c79d0 device:0x400970400000 size:230400000 presentcount:0+1 line:1236 name:w1%cr(:)
host:0x4009f0e97df0 device:0x4009adc00000 size:230400000 presentcount:0+1 line:1101 name:w1%cr(:)
host:0x400a40008000 device:0x400928000000 size:230400000 presentcount:0+1 line:1236 name:w1%cr(:)
host:0x400a4dbd8420 device:0x4013a3400000 size:230400000 presentcount:0+1 line:1101 name:w1%cr(:)
host:0x400a5b7a0020 device:0x4013b1000000 size:230400000 presentcount:0+1 line:1236 name:w1%cr(:)
host:0x400a69360440 device:0x401363400000 size:230400000 presentcount:0+1 line:1101 name:w1%cr(:)
host:0x400f40000650 device:0x401371000000 size:230400000 presentcount:0+1 line:1236 name:w1%cr(:)
host:0x4010c0002750 device:0x401400000000 size:921600000 presentcount:0+1 line:1005 name:cwork1(:,:)
host:0xfffff6788f70 device:0x4009243fc400 size:3024 presentcount:0+12 line:682 name:var
host:0xfffff6789b40 device:0x40083c5ff800 size:1480 presentcount:0+1 line:174 name:w_ini
host:0xfffff678a110 device:0x4009243fae00 size:1480 presentcount:0+1 line:174 name:wopt
host:0xfffff678a6e0 device:0x40087c3ff400 size:1480 presentcount:0+1 line:174 name:wtmpa
allocated block device:0x40069e3f0600 size:2560 thread:1
allocated block device:0x40069e3f1000 size:41472 thread:1
allocated block device:0x40069e3fb200 size:5120 thread:1
allocated block device:0x40069e3fc600 size:512 thread:1
allocated block device:0x40069e3fc800 size:512 thread:1
allocated block device:0x40069e3fca00 size:512 thread:1
allocated block device:0x40069e3fcc00 size:4608 thread:1
allocated block device:0x40069e3fde00 size:512 thread:1
allocated block device:0x40069e3fe000 size:4608 thread:1
allocated block device:0x40069e3ff200 size:512 thread:1
allocated block device:0x40069e3ff400 size:512 thread:1
allocated block device:0x40069e3ff600 size:512 thread:1
allocated block device:0x40069e3ff800 size:512 thread:1
allocated block device:0x40069e3ffa00 size:512 thread:1
allocated block device:0x40069e3ffc00 size:512 thread:1
allocated block device:0x40069e3ffe00 size:512 thread:1
allocated block device:0x4007c831a000 size:41472 thread:1
allocated block device:0x4007c8324200 size:82944 thread:1
allocated block device:0x4007c8338600 size:180224 thread:1
allocated block device:0x4007c8364600 size:180224 thread:1
allocated block device:0x4007c8390600 size:4608 thread:1
allocated block device:0x4007c8391800 size:180224 thread:1
allocated block device:0x4007c83bd800 size:98304 thread:1
allocated block device:0x4007c83d5800 size:98304 thread:1
allocated block device:0x4007c83ed800 size:14848 thread:1
allocated block device:0x4007c83f1200 size:14848 thread:1
allocated block device:0x4007c83f4c00 size:10240 thread:1
allocated block device:0x4007c83f7400 size:10240 thread:1
allocated block device:0x4007c83f9c00 size:512 thread:1
allocated block device:0x4007c83f9e00 size:512 thread:1
allocated block device:0x4007c83fa000 size:5120 thread:1
allocated block device:0x4007c83fb400 size:1536 thread:1
allocated block device:0x4007c83fba00 size:1024 thread:1
allocated block device:0x4007c83fbe00 size:1024 thread:1
allocated block device:0x4007c83fc200 size:1536 thread:1
allocated block device:0x4007c83fc800 size:1024 thread:1
allocated block device:0x4007c83fcc00 size:1024 thread:1
allocated block device:0x4007c83fd000 size:1024 thread:1
allocated block device:0x4007c83fd400 size:6144 thread:1
allocated block device:0x4007c83fec00 size:2560 thread:1
allocated block device:0x4007c83ff600 size:2560 thread:1
allocated block device:0x40083c5ff400 size:1024 thread:1
allocated block device:0x40083c5ff800 size:1536 thread:1
allocated block device:0x40087c3ff400 size:2048 thread:1
allocated block device:0x40087c3ffc00 size:512 thread:1
allocated block device:0x40087c3ffe00 size:512 thread:1
allocated block device:0x400900000000 size:590063616 thread:1
allocated block device:0x400923400000 size:7962624 thread:1
allocated block device:0x400923c00000 size:1821184 thread:1
allocated block device:0x400923dbca00 size:512 thread:1
allocated block device:0x400923dbcc00 size:512 thread:1
allocated block device:0x400923dbce00 size:512 thread:1
allocated block device:0x400923dbd000 size:512 thread:1
allocated block device:0x400923dbd200 size:5120 thread:1
allocated block device:0x400923dbe600 size:1536 thread:1
allocated block device:0x400923dbec00 size:1024 thread:1
allocated block device:0x400923dbf000 size:1024 thread:1
allocated block device:0x400923dbf400 size:1536 thread:1
allocated block device:0x400923dbfa00 size:1024 thread:1
allocated block device:0x400923dbfe00 size:1024 thread:1
allocated block device:0x400923dc0200 size:17408 thread:1
allocated block device:0x400923dc4600 size:17408 thread:1
allocated block device:0x400923dc8a00 size:180224 thread:1
allocated block device:0x400923df4a00 size:2048 thread:1
allocated block device:0x400923df5200 size:512 thread:1
allocated block device:0x400923df5400 size:4608 thread:1
allocated block device:0x400923df6600 size:512 thread:1
allocated block device:0x400923df6800 size:4608 thread:1
allocated block device:0x400923df7a00 size:26112 thread:1
allocated block device:0x400923dfe000 size:3072 thread:1
allocated block device:0x400923dfec00 size:512 thread:1
allocated block device:0x400923dfee00 size:512 thread:1
allocated block device:0x400923dff000 size:512 thread:1
allocated block device:0x400923dff200 size:512 thread:1
allocated block device:0x400923dff400 size:512 thread:1
allocated block device:0x400923dff600 size:512 thread:1
allocated block device:0x400923dff800 size:512 thread:1
allocated block device:0x400923dffa00 size:512 thread:1
allocated block device:0x400923dffc00 size:512 thread:1
allocated block device:0x400923dffe00 size:512 thread:1
allocated block device:0x400923e00000 size:1821184 thread:1
allocated block device:0x400923fbca00 size:180224 thread:1
allocated block device:0x400923fe8a00 size:4608 thread:1
allocated block device:0x400923fe9c00 size:4608 thread:1
allocated block device:0x400923feae00 size:4608 thread:1
allocated block device:0x400923fec000 size:24064 thread:1
allocated block device:0x400923ff1e00 size:24064 thread:1
allocated block device:0x400923ff7c00 size:3072 thread:1
allocated block device:0x400923ff8800 size:3072 thread:1
allocated block device:0x400923ff9400 size:512 thread:1
allocated block device:0x400923ff9600 size:5120 thread:1
allocated block device:0x400923ffaa00 size:1536 thread:1
allocated block device:0x400923ffb000 size:2560 thread:1
allocated block device:0x400923ffba00 size:1536 thread:1
allocated block device:0x400923ffc000 size:2048 thread:1
allocated block device:0x400923ffc800 size:6144 thread:1
allocated block device:0x400923ffe000 size:6144 thread:1
allocated block device:0x400923fff800 size:512 thread:1
allocated block device:0x400923fffa00 size:512 thread:1
allocated block device:0x400923fffc00 size:512 thread:1
allocated block device:0x400923fffe00 size:512 thread:1
allocated block device:0x400924000000 size:1821184 thread:1
allocated block device:0x4009241bca00 size:180224 thread:1
allocated block device:0x4009241e8a00 size:6144 thread:1
allocated block device:0x4009241ea200 size:512 thread:1
allocated block device:0x4009241ea400 size:512 thread:1
allocated block device:0x4009241ea600 size:512 thread:1
allocated block device:0x4009241ea800 size:512 thread:1
allocated block device:0x4009241eaa00 size:512 thread:1
allocated block device:0x4009241eac00 size:512 thread:1
allocated block device:0x4009241eae00 size:512 thread:1
allocated block device:0x4009241eb000 size:512 thread:1
allocated block device:0x4009241eb200 size:512 thread:1
allocated block device:0x4009241eb400 size:512 thread:1
allocated block device:0x4009241eb600 size:1536 thread:1
allocated block device:0x4009241ebc00 size:1536 thread:1
allocated block device:0x4009241ec200 size:512 thread:1
allocated block device:0x4009241ec400 size:2560 thread:1
allocated block device:0x4009241ece00 size:6144 thread:1
allocated block device:0x4009241ee600 size:28672 thread:1
allocated block device:0x4009241f5600 size:40448 thread:1
allocated block device:0x4009241ff400 size:512 thread:1
allocated block device:0x400924200000 size:1821184 thread:1
allocated block device:0x4009243bca00 size:180224 thread:1
allocated block device:0x4009243e8a00 size:8192 thread:1
allocated block device:0x4009243eaa00 size:8192 thread:1
allocated block device:0x4009243eca00 size:40448 thread:1
allocated block device:0x4009243f6800 size:8192 thread:1
allocated block device:0x4009243fae00 size:2560 thread:1
allocated block device:0x4009243fb800 size:3072 thread:1
allocated block device:0x4009243fc400 size:3072 thread:1
allocated block device:0x400924400000 size:7284736 thread:1
allocated block device:0x400924c00000 size:7284736 thread:1
allocated block device:0x400925400000 size:45593600 thread:1
allocated block device:0x400928000000 size:230400000 thread:1
allocated block device:0x40093cc00000 size:7284736 thread:1
allocated block device:0x400940000000 size:807412224 thread:1
allocated block device:0x400970400000 size:230400000 thread:1
allocated block device:0x4009a0000000 size:230400000 thread:1
allocated block device:0x4009adc00000 size:230400000 thread:1
allocated block device:0x4009bb85fa00 size:921600 thread:1
allocated block device:0x4009bb940a00 size:444416 thread:1
allocated block device:0x4009bb9c7000 size:98304 thread:1
allocated block device:0x4009bb9df000 size:98304 thread:1
allocated block device:0x4009bba00000 size:2799616 thread:1
allocated block device:0x4009bbe00000 size:7962624 thread:1
allocated block device:0x40112ce00000 size:14400000 thread:1
allocated block device:0x40112f800000 size:14400000 thread:1
allocated block device:0x4011c5e00000 size:230400000 thread:1
allocated block device:0x4011e3400000 size:3614720 thread:1
allocated block device:0x4011e3800000 size:3614720 thread:1
allocated block device:0x4011e3c00000 size:3614720 thread:1
allocated block device:0x4011e4000000 size:3614720 thread:1
allocated block device:0x4011e4400000 size:453632 thread:1
allocated block device:0x4011e446ec00 size:453632 thread:1
allocated block device:0x4011e459d800 size:393216 thread:1
allocated block device:0x4011e45fd800 size:2048 thread:1
allocated block device:0x4011e4600000 size:2799616 thread:1
allocated block device:0x4011e4a00000 size:14400000 thread:1
allocated block device:0x4011e5800000 size:28917760 thread:1
allocated block device:0x401363400000 size:230400000 thread:1
allocated block device:0x401371000000 size:230400000 thread:1
allocated block device:0x4013a3400000 size:230400000 thread:1
allocated block device:0x4013b1000000 size:230400000 thread:1
allocated block device:0x4013e3400000 size:29138944 thread:1
allocated block device:0x4013e5000000 size:29138944 thread:1
allocated block device:0x4013e6c00000 size:393216 thread:1
allocated block device:0x4013e6e00000 size:233111552 thread:1
allocated block device:0x4013f4e00000 size:3145728 thread:1
allocated block device:0x4013f5200000 size:14569472 thread:1
allocated block device:0x401400000000 size:921600000 thread:1
Accelerator Fatal Error: call to cuMemAlloc returned error 2 (CUDA_ERROR_OUT_OF_MEMORY): Out of memory
 File: /lus/lfs1aip2/projects/u6cb/software/VASP/vasp.6.5.1/build/gam/fft_base.f90
 Function: restride_r2q_cmplx:945
 Line: 964

Out of memory allocating 921600000 bytes of device memory
Failing in Thread:1
total/free CUDA memory: 102005473280/10990911488
Present table dump for device[1]: NVIDIA Tesla GPU 0, compute capability 9.0, threadid=1
Hint: specify 0x800 bit in NV_ACC_DEBUG for verbose info.
host:0x2557280 device:0x4005c3df6c00 size:32 presentcount:0+3 line:643 name:var%comm
host:0x25572a0 device:0x4005c3dbca00 size:32 presentcount:0+4 line:652 name:var%comm_kinter
host:0x25572c0 device:0x4005c3dbcc00 size:32 presentcount:0+6 line:655 name:var%comm_kin
host:0x25572e0 device:0x40033e5ffa00 size:32 presentcount:0+3 line:646 name:var%comm_inter
host:0x2557300 device:0x40033e5ffc00 size:32 presentcount:0+7 line:649 name:var%comm_inb
host:0x256be80 device:0x40033a0ecd00 size:8 presentcount:0+1 line:-1 name:_setexm_struct_def_21
host:0x2576f40 device:0x40033a0ece00 size:28 presentcount:0+1 line:-1 name:_ml_ff_constant_21
host:0x2577c80 device:0x40033a0ecf00 size:30437 presentcount:0+1 line:-1 name:_ml_ff_taglist_21
host:0x25afc80 device:0x40033a0f4600 size:8 presentcount:0+1 line:-1 name:_mopenacc_tutor_21
host:0x25c2740 device:0x40033a0f4a00 size:32 presentcount:0+1 line:-1 name:_mbj_21
host:0x25cd640 device:0x40033a0f4d00 size:8 presentcount:0+1 line:-1 name:_sym_prec_21
host:0x26030c0 device:0x40033a0f4e00 size:344 presentcount:0+1 line:-1 name:_tet_21
host:0x261c840 device:0x40033a0f5000 size:392 presentcount:0+1 line:-1 name:_mymath_21
host:0x2817368 device:0x4005c3dbd800 size:4800 presentcount:0+2 line:614 name:var
host:0x2818628 device:0x4005c3df5000 size:1984 presentcount:0+2 line:403 name:var
host:0x281a910 device:0x4004fc3ff600 size:864 presentcount:0+4 line:2639 name:hamiltonian
host:0x286ac80 device:0x4005c3dfe600 size:2712 presentcount:0+2 line:428 name:var
host:0x286b718 device:0x40053c3fea00 size:2248 presentcount:0+1 line:742 name:var
host:0x286eb50 device:0x4005c41ffa00 size:288 presentcount:0+1 line:195 name:latt_cur
host:0x2871658 device:0x40033e5fc000 size:5088 presentcount:0+28 line:517 name:var
host:0x2872a38 device:0x4004701fa600 size:5088 presentcount:0+6 line:517 name:var
host:0x2873e18 device:0x4005c3ff9c00 size:5088 presentcount:0+7 line:517 name:var
host:0x287a2a8 device:0x4005c41eba00 size:304 presentcount:0+1 line:567 name:var
host:0x287a3d8 device:0x4005c41ec800 size:304 presentcount:0+1 line:567 name:var
host:0x2e48ec0 device:0x40033a002600 size:960024 presentcount:0+1 line:-1 name:_setexm_struct_def_16
host:0x2f8f080 device:0x40033a0f4700 size:580 presentcount:0+1 line:-1 name:_wpbe_16
host:0x2f8f900 device:0x40033a0f4b00 size:288 presentcount:0+1 line:-1 name:_mbj_16
host:0x9f446c0 device:0x40033a0f5200 size:624 presentcount:0+1 line:-1 name:_mlr_optic_16
host:0x4a38d8d0 device:0x4005c3dff600 size:8 presentcount:0+3 line:616 name:var%nt_global(:)
host:0x4a3e4e60 device:0x4005c3dbf600 size:1000 presentcount:0+4 line:519 name:var%lpctz(:)
host:0x4a3e7e70 device:0x4005c41eae00 size:260 presentcount:0+1 line:499 name:var%ptri(:)
host:0x4a3e8160 device:0x4004701ffc00 size:260 presentcount:0+1 line:499 name:var%n(:)
host:0x4b5ab6d0 device:0x4004701fd600 size:528 presentcount:0+1 line:480 name:var
host:0x4f7fc320 device:0x40033e5ffe00 size:8 presentcount:0+4 line:405 name:var%nityp(:)
host:0x4fcbe330 device:0x4004701ffe00 size:260 presentcount:0+1 line:499 name:var%ptr(:)
host:0x5016c190 device:0x4005c3dff200 size:8 presentcount:0+3 line:616 name:var%lmmax(:)
host:0x5016c280 device:0x4005c3dff400 size:8 presentcount:0+3 line:616 name:var%nityp(:)
host:0x5016c2e0 device:0x4005c3dffa00 size:8 presentcount:0+2 line:616 name:var%wtkpt(:)
host:0x50179020 device:0x4005c41eec00 size:28464 presentcount:0+1 line:853 name:var(:)
host:0x5018b780 device:0x4005c43eca00 size:40000 presentcount:0+1 line:857 name:var%psp(:,:)
host:0x501953f0 device:0x4005c43f6800 size:8000 presentcount:0+1 line:857 name:var%psprho(:)
host:0x50198680 device:0x4005c3ff2000 size:24000 presentcount:0+2 line:466 name:var%psprnl(:,:,:)
host:0x501c8060 device:0x4005c3fe9c00 size:4320 presentcount:0+4 line:405 name:var%ityp(:)
host:0x501c9170 device:0x4005c3df8000 size:25920 presentcount:0+4 line:405 name:var%posion(:,:)
host:0x5020c4f0 device:0x4005c41f5c00 size:40000 presentcount:0+1 line:857 name:var%psp(:,:)
host:0x50216160 device:0x4005c43e8a00 size:8000 presentcount:0+1 line:857 name:var%pspcor(:)
host:0x502180d0 device:0x4005c43eaa00 size:8000 presentcount:0+1 line:857 name:var%psprho(:)
host:0x5021b360 device:0x4005c3fec000 size:24000 presentcount:0+2 line:466 name:var%psprnl(:,:,:)
host:0x50268320 device:0x40053c3ff800 size:24 presentcount:0+3 line:466 name:var%lps(:)
host:0x502683d0 device:0x40053c3ffc00 size:24 presentcount:0+3 line:466 name:var%lps(:)
host:0x502c3ec0 device:0x4005c3dff800 size:24 presentcount:0+3 line:616 name:var%vkpt(:,:)
host:0x502e9100 device:0x4005c3dbd600 size:16 presentcount:0+2 line:430 name:var%psrmax(:)
host:0x502e96c0 device:0x4005c3fe8a00 size:4320 presentcount:0+3 line:616 name:var%ityp(:)
host:0x502ea7d0 device:0x4005c3df6e00 size:4320 presentcount:0+3 line:616 name:var%npro_pos(:)
host:0x502eb8e0 device:0x4005c3df5a00 size:4324 presentcount:0+3 line:616 name:var%lmbase(:)
host:0x502ec9f0 device:0x4005c3dffe00 size:4 presentcount:0+2 line:616 name:var%nplwkp(:)
host:0x502eca20 device:0x4005c3ff1e00 size:4 presentcount:0+2 line:616 name:var%nplwkp_tot(:)
host:0x502eca50 device:0x4005c3ff7e00 size:4 presentcount:0+2 line:616 name:var%ngvector_pos(:)
host:0x502eca80 device:0x4005c3dffc00 size:4 presentcount:0+2 line:616 name:var%ngvector(:)
host:0x502ecab0 device:0x4005c3dbec00 size:1280 presentcount:0+4 line:519 name:var%lpctx(:)
host:0x502ecfe0 device:0x4005c3dbf200 size:720 presentcount:0+4 line:519 name:var%lpcty(:)
host:0x502ed2e0 device:0x4005c3dbfa00 size:1280 presentcount:0+4 line:519 name:var%lpctx_(:)
host:0x502ed810 device:0x4005c3dc0000 size:720 presentcount:0+4 line:519 name:var%lpcty_(:)
host:0x502edb10 device:0x4005c3dc0400 size:1000 presentcount:0+4 line:519 name:var%lpctz_(:)
host:0x502edf20 device:0x4004701fba00 size:1280 presentcount:0+1 line:519 name:var%lpctx(:)
host:0x502ee450 device:0x4004701fc000 size:720 presentcount:0+1 line:519 name:var%lpcty(:)
host:0x502ee750 device:0x4004701fc400 size:1000 presentcount:0+1 line:519 name:var%lpctz(:)
host:0x502eeb60 device:0x4004701fc800 size:1280 presentcount:0+1 line:519 name:var%lpctx_(:)
host:0x502ef090 device:0x4004701fce00 size:720 presentcount:0+1 line:519 name:var%lpcty_(:)
host:0x502ef390 device:0x4004701fd200 size:1000 presentcount:0+1 line:519 name:var%lpctz_(:)
host:0x502ef7a0 device:0x4005c3ff8200 size:2560 presentcount:0+1 line:519 name:var%lpctx(:)
host:0x502f01d0 device:0x4005c3ffb000 size:1440 presentcount:0+1 line:519 name:var%lpcty(:)
host:0x502f07a0 device:0x4005c3ff8e00 size:2000 presentcount:0+1 line:519 name:var%lpctz(:)
host:0x502f0fa0 device:0x4005c3ffb600 size:2560 presentcount:0+1 line:519 name:var%lpctx_(:)
host:0x502f19d0 device:0x4005c3ffc000 size:1440 presentcount:0+1 line:519 name:var%lpcty_(:)
host:0x502f1fa0 device:0x4005c3ffc600 size:2000 presentcount:0+1 line:519 name:var%lpctz_(:)
host:0x503e5600 device:0x4005c3ffce00 size:5648 presentcount:0+1 line:482 name:var%i2(:)
host:0x503e6c40 device:0x4005c3ffe600 size:5648 presentcount:0+1 line:482 name:var%i3(:)
host:0x503e8280 device:0x4004701f4c00 size:10040 presentcount:0+1 line:482 name:var%i2(:)
host:0x503ea9e0 device:0x4004701f7400 size:10040 presentcount:0+1 line:482 name:var%i3(:)
host:0x503ed140 device:0x4004701ed800 size:14400 presentcount:0+2 line:482 name:var%i2(:)
host:0x503f09b0 device:0x4004701f1200 size:14400 presentcount:0+2 line:482 name:var%i3(:)
host:0x503f4640 device:0x40065b85fa00 size:921600 presentcount:0+2 line:482 name:var%index(:,:)
host:0x504d5670 device:0x4005c41eca00 size:2560 presentcount:0+1 line:569 name:var%ind1(:)
host:0x504d60a0 device:0x4005c41ed400 size:5648 presentcount:0+1 line:569 name:var%indcol(:)
host:0x504d76e0 device:0x4004701fda00 size:5648 presentcount:0+1 line:482 name:var%i2(:)
host:0x504d8d20 device:0x4005c41e8a00 size:5648 presentcount:0+1 line:482 name:var%i3(:)
host:0x504da360 device:0x4004701ff200 size:2520 presentcount:0+1 line:482 name:var%i2(:)
host:0x504dad60 device:0x4005c41ea200 size:2520 presentcount:0+1 line:482 name:var%i3(:)
host:0x504db760 device:0x40033e5fd400 size:4320 presentcount:0+2 line:430 name:var%nlimax(:)
host:0x504dc870 device:0x40033e5fe600 size:4324 presentcount:0+2 line:430 name:var%lmbase(:)
host:0x504dd980 device:0x400470190600 size:4324 presentcount:0+2 line:430 name:var%nlibase(:)
host:0x504dea90 device:0x4005c3dc0800 size:17132 presentcount:0+4 line:519 name:var%nindpwconjg(:)
host:0x504e2db0 device:0x4005c3dc4c00 size:17132 presentcount:0+4 line:519 name:var%ind_in_sphere(:)
host:0x504e8710 device:0x40033e5ff800 size:260 presentcount:0+1 line:499 name:var%ptr(:)
host:0x504e8840 device:0x40053c3ffe00 size:260 presentcount:0+1 line:499 name:var%n(:)
host:0x504e8970 device:0x4004701f9c00 size:260 presentcount:0+1 line:499 name:var%ptri(:)
host:0x504e8aa0 device:0x4005c3fffe00 size:260 presentcount:0+1 line:499 name:var%ni(:)
host:0x504e8bd0 device:0x4004701fa000 size:260 presentcount:0+1 line:499 name:var%ptr(:)
host:0x504e8d00 device:0x4004701f9e00 size:260 presentcount:0+1 line:499 name:var%n(:)
host:0x504e8e30 device:0x4004701fa400 size:260 presentcount:0+1 line:499 name:var%ptri(:)
host:0x504e8f60 device:0x4004701fa200 size:260 presentcount:0+1 line:499 name:var%ni(:)
host:0x504e9090 device:0x4005c41eac00 size:260 presentcount:0+1 line:499 name:var%ni(:)
host:0x504e91c0 device:0x4005c41eb200 size:260 presentcount:0+1 line:499 name:var%ptr(:)
host:0x504e92f0 device:0x4005c41eb000 size:260 presentcount:0+1 line:499 name:var%n(:)
host:0x504e9420 device:0x4005c41eb800 size:4 presentcount:0+1 line:499 name:var%tbli(:)
host:0x504e9450 device:0x4005c41eb600 size:260 presentcount:0+1 line:499 name:var%ptri(:)
host:0x504e9580 device:0x4005c41eb400 size:260 presentcount:0+1 line:499 name:var%ni(:)
host:0x50515810 device:0x4005c41ebc00 size:1280 presentcount:0+1 line:569 name:var%ind1(:)
host:0x50515d40 device:0x4005c41ec200 size:1448 presentcount:0+1 line:569 name:var%indcol(:)
host:0x50516310 device:0x400470138600 size:180000 presentcount:0+4 line:482 name:var%i2(:)
host:0x50542260 device:0x400470164600 size:180000 presentcount:0+4 line:482 name:var%i3(:)
host:0x5056e1b0 device:0x4005c3dc9000 size:180000 presentcount:0+8 line:482 name:var%index(:,:)
host:0x5059a100 device:0x4005c43bca00 size:180000 presentcount:0+8 line:482 name:var%i2(:)
host:0x505c6050 device:0x400470191800 size:180000 presentcount:0+8 line:482 name:var%i3(:)
host:0x505f25d0 device:0x4005c3e00000 size:1821184 presentcount:0+3 line:616 name:var%nindpw(:,:)
host:0x507af000 device:0x4005c3df5800 size:8 presentcount:0+2 line:616 name:var%nb_totk(:,:)
host:0x507af030 device:0x4005c3ff8000 size:4 presentcount:0+2 line:616 name:var%luseinv(:)
host:0x507af060 device:0x4005c3dbd200 size:4 presentcount:0+2 line:616 name:var%at_gamma(:)
host:0x507af090 device:0x4005c3fbca00 size:180000 presentcount:0+3 line:616 name:var%pl_index(:,:)
host:0x507dafe0 device:0x4005c41bca00 size:180000 presentcount:0+3 line:616 name:var%pl_col(:,:)
host:0x50806f30 device:0x4005c3ff9a00 size:8 presentcount:0+2 line:405 name:var%lmmax(:)
host:0x50806f60 device:0x4005c3dbce00 size:8 presentcount:0+2 line:430 name:var%lmax(:)
host:0x50806f90 device:0x4005c3feae00 size:4324 presentcount:0+2 line:405 name:var%lmbase(:)
host:0x508080a0 device:0x4005c3dbd000 size:8 presentcount:0+2 line:430 name:var%lmmax(:)
host:0x508080d0 device:0x4005c3dbd400 size:8 presentcount:0+2 line:430 name:var%channels(:)
host:0x50808100 device:0x40053c3ff400 size:16 presentcount:0+2 line:430 name:var%rsmooth(:)
host:0x50808140 device:0x40053c3ff600 size:400 presentcount:0+2 line:464 name:var
host:0x508082d0 device:0x40053c3ffa00 size:400 presentcount:0+2 line:464 name:var
host:0x50878cf0 device:0x40065b940a00 size:463360 presentcount:0+1 line:499 name:var%tbl(:)
host:0x50a639c0 device:0x4005c4c00000 size:7284736 presentcount:0+3 line:616 name:var%datake(:,:,:)
host:0x51156c40 device:0x4005c4000000 size:1821184 presentcount:0+3 line:616 name:var%igx(:,:)
host:0x513142d0 device:0x4005c3c00000 size:1821184 presentcount:0+3 line:616 name:var%igy(:,:)
host:0x514d1b70 device:0x4005c4200000 size:1821184 presentcount:0+3 line:616 name:var%igz(:,:)
host:0x5168fa40 device:0x4005dcc00000 size:7284272 presentcount:0+4 line:519 name:var%fftsca(:,:)
host:0x51df32d0 device:0x400e84400000 size:453600 presentcount:0+1 line:499 name:var%tbli(:)
host:0x51e61ee0 device:0x400e8446ec00 size:453600 presentcount:0+1 line:499 name:var%tbl(:)
host:0x51fd2dc0 device:0x400e83400000 size:3614720 presentcount:0+1 line:499 name:var%tbl(:)
host:0x523c2420 device:0x40033e5f1e00 size:41472 presentcount:0+1 line:746 name:var%auxtot(:,:,:)
host:0x526bb1b0 device:0x400e83800000 size:3614400 presentcount:0+1 line:499 name:var%tbli(:)
host:0x52a2f580 device:0x400e83c00000 size:3614400 presentcount:0+1 line:499 name:var%tbl(:)
host:0x52f92420 device:0x40047011a000 size:41472 presentcount:0+2 line:746 name:var%fertot(:,:,:)
host:0x52fa0030 device:0x400470124200 size:82944 presentcount:0+2 line:746 name:var%celtot(:,:,:)
host:0x53118350 device:0x400e84000000 size:3614400 presentcount:0+1 line:499 name:var%tbli(:)
host:0x5494c590 device:0x40065ba00000 size:2799360 presentcount:0+2 line:194 name:cdij(:,:,:,:)
host:0x54bfbcb0 device:0x400e84600000 size:2799360 presentcount:0+2 line:194 name:cqij(:,:,:,:)
host:0x5515b960 device:0x40065be00000 size:7962624 presentcount:0+5 line:746 name:var%gproj(:,:,:,:)
host:0x55b17530 device:0x4004701bd800 size:98304 presentcount:0+1 line:1101 name:w1%gproj(:)
host:0x55b95ca0 device:0x4005c43f8800 size:2048 presentcount:0+1 line:179 name:w1(:)
host:0x55b964c0 device:0x40051c1ff600 size:2048 presentcount:0+1 line:179 name:wtmp(:)
host:0x55d1db20 device:0x400e8459d800 size:393216 presentcount:0+2 line:1226 name:wa%gproj(:,:)
host:0x55d7db50 device:0x401086c00000 size:393216 presentcount:0+2 line:1226 name:wa%gproj(:,:)
host:0x55dddb80 device:0x4004701d5800 size:98304 presentcount:0+1 line:1101 name:w1%gproj(:)
host:0x55df5bb0 device:0x40065b9c1800 size:98304 presentcount:0+1 line:1101 name:w1%gproj(:)
host:0x55e0dbe0 device:0x40065b9d9800 size:98304 presentcount:0+1 line:1101 name:w1%gproj(:)
host:0x5e5b57d0 device:0x401094e00000 size:3145728 presentcount:0+2 line:1226 name:wa%gproj(:,:)
host:0x636e3410 device:0x401097200000 size:14569472 presentcount:0+1 line:202 name:precon(:,:)
host:0x644cfbe0 device:0x401095200000 size:7284736 presentcount:0+1 line:1101 name:w1%cptwfp(:)
host:0x64bca1e0 device:0x401095a00000 size:7284736 presentcount:0+1 line:1101 name:w1%cptwfp(:)
host:0x652c4e10 device:0x401096200000 size:7284736 presentcount:0+1 line:1101 name:w1%cptwfp(:)
host:0x659b7a60 device:0x401096a00000 size:7284736 presentcount:0+1 line:1101 name:w1%cptwfp(:)
host:0x4003cc0010a0 device:0x4005c5400000 size:45593280 presentcount:0+2 line:430 name:var%nli(:,:)
host:0x4003d1c631a0 device:0x400640000000 size:230400000 presentcount:0+2 line:194 name:sv(:,:)
host:0x4004800012b0 device:0x4005e0000000 size:807411968 presentcount:0+2 line:430 name:var%rproj(:)
host:0x4004b0fe35c0 device:0x400e84a00000 size:14400000 presentcount:0+1 line:195 name:dencor(:)
host:0x4004b2b739e0 device:0x400e85800000 size:28917760 presentcount:0+1 line:195 name:cstrf(:,:)
host:0x4004b8cf6f80 device:0x401083400000 size:29138944 presentcount:0+2 line:1226 name:wa%cptwfp(:,:)
host:0x400560004a60 device:0x4005a0000000 size:590063616 presentcount:0+5 line:746 name:var%cptwfp(:,:,:,:)
host:0x4005832c7190 device:0x401085000000 size:29138944 presentcount:0+2 line:1226 name:wa%cptwfp(:,:)
host:0x400584ea73a0 device:0x401086e00000 size:233111552 presentcount:0+2 line:1226 name:wa%cptwfp(:,:)
host:0x400627c579d0 device:0x401043400000 size:230400000 presentcount:0+1 line:1101 name:w1%cr(:)
host:0x4006832c7be0 device:0x401051000000 size:230400000 presentcount:0+1 line:1236 name:w1%cr(:)
host:0x400690e98000 device:0x401003400000 size:230400000 presentcount:0+1 line:1101 name:w1%cr(:)
host:0x4006e0008210 device:0x401011000000 size:230400000 presentcount:0+1 line:1236 name:w1%cr(:)
host:0x4006edbd0020 device:0x400fc3400000 size:230400000 presentcount:0+1 line:1101 name:w1%cr(:)
host:0x4006fb790230 device:0x400fd1000000 size:230400000 presentcount:0+1 line:1236 name:w1%cr(:)
host:0x400709350650 device:0x400f83400000 size:230400000 presentcount:0+1 line:1101 name:w1%cr(:)
host:0x400be0000860 device:0x400f91000000 size:230400000 presentcount:0+1 line:1236 name:w1%cr(:)
host:0xfffff5ba3e10 device:0x4005c43fca00 size:3024 presentcount:0+12 line:682 name:var
host:0xfffff5ba49e0 device:0x4004fc3ffa00 size:1480 presentcount:0+1 line:174 name:w_ini
host:0xfffff5ba4fb0 device:0x4005c43fb400 size:1480 presentcount:0+1 line:174 name:wopt
host:0xfffff5ba5580 device:0x4004dc3ff600 size:1480 presentcount:0+1 line:174 name:wtmpa
allocated block device:0x40033e5f1e00 size:41472 thread:1
allocated block device:0x40033e5fc000 size:5120 thread:1
allocated block device:0x40033e5fd400 size:4608 thread:1
allocated block device:0x40033e5fe600 size:4608 thread:1
allocated block device:0x40033e5ff800 size:512 thread:1
allocated block device:0x40033e5ffa00 size:512 thread:1
allocated block device:0x40033e5ffc00 size:512 thread:1
allocated block device:0x40033e5ffe00 size:512 thread:1
allocated block device:0x40047011a000 size:41472 thread:1
allocated block device:0x400470124200 size:82944 thread:1
allocated block device:0x400470138600 size:180224 thread:1
allocated block device:0x400470164600 size:180224 thread:1
allocated block device:0x400470190600 size:4608 thread:1
allocated block device:0x400470191800 size:180224 thread:1
allocated block device:0x4004701bd800 size:98304 thread:1
allocated block device:0x4004701d5800 size:98304 thread:1
allocated block device:0x4004701ed800 size:14848 thread:1
allocated block device:0x4004701f1200 size:14848 thread:1
allocated block device:0x4004701f4c00 size:10240 thread:1
allocated block device:0x4004701f7400 size:10240 thread:1
allocated block device:0x4004701f9c00 size:512 thread:1
allocated block device:0x4004701f9e00 size:512 thread:1
allocated block device:0x4004701fa000 size:512 thread:1
allocated block device:0x4004701fa200 size:512 thread:1
allocated block device:0x4004701fa400 size:512 thread:1
allocated block device:0x4004701fa600 size:5120 thread:1
allocated block device:0x4004701fba00 size:1536 thread:1
allocated block device:0x4004701fc000 size:1024 thread:1
allocated block device:0x4004701fc400 size:1024 thread:1
allocated block device:0x4004701fc800 size:1536 thread:1
allocated block device:0x4004701fce00 size:1024 thread:1
allocated block device:0x4004701fd200 size:1024 thread:1
allocated block device:0x4004701fd600 size:1024 thread:1
allocated block device:0x4004701fda00 size:6144 thread:1
allocated block device:0x4004701ff200 size:2560 thread:1
allocated block device:0x4004701ffc00 size:512 thread:1
allocated block device:0x4004701ffe00 size:512 thread:1
allocated block device:0x4004dc3ff600 size:2048 thread:1
allocated block device:0x4004fc3ff600 size:1024 thread:1
allocated block device:0x4004fc3ffa00 size:1536 thread:1
allocated block device:0x40051c1ff600 size:2048 thread:1
allocated block device:0x40053c3fea00 size:2560 thread:1
allocated block device:0x40053c3ff400 size:512 thread:1
allocated block device:0x40053c3ff600 size:512 thread:1
allocated block device:0x40053c3ff800 size:512 thread:1
allocated block device:0x40053c3ffa00 size:512 thread:1
allocated block device:0x40053c3ffc00 size:512 thread:1
allocated block device:0x40053c3ffe00 size:512 thread:1
allocated block device:0x4005a0000000 size:590063616 thread:1
allocated block device:0x4005c3c00000 size:1821184 thread:1
allocated block device:0x4005c3dbca00 size:512 thread:1
allocated block device:0x4005c3dbcc00 size:512 thread:1
allocated block device:0x4005c3dbce00 size:512 thread:1
allocated block device:0x4005c3dbd000 size:512 thread:1
allocated block device:0x4005c3dbd200 size:512 thread:1
allocated block device:0x4005c3dbd400 size:512 thread:1
allocated block device:0x4005c3dbd600 size:512 thread:1
allocated block device:0x4005c3dbd800 size:5120 thread:1
allocated block device:0x4005c3dbec00 size:1536 thread:1
allocated block device:0x4005c3dbf200 size:1024 thread:1
allocated block device:0x4005c3dbf600 size:1024 thread:1
allocated block device:0x4005c3dbfa00 size:1536 thread:1
allocated block device:0x4005c3dc0000 size:1024 thread:1
allocated block device:0x4005c3dc0400 size:1024 thread:1
allocated block device:0x4005c3dc0800 size:17408 thread:1
allocated block device:0x4005c3dc4c00 size:17408 thread:1
allocated block device:0x4005c3dc9000 size:180224 thread:1
allocated block device:0x4005c3df5000 size:2048 thread:1
allocated block device:0x4005c3df5800 size:512 thread:1
allocated block device:0x4005c3df5a00 size:4608 thread:1
allocated block device:0x4005c3df6c00 size:512 thread:1
allocated block device:0x4005c3df6e00 size:4608 thread:1
allocated block device:0x4005c3df8000 size:26112 thread:1
allocated block device:0x4005c3dfe600 size:3072 thread:1
allocated block device:0x4005c3dff200 size:512 thread:1
allocated block device:0x4005c3dff400 size:512 thread:1
allocated block device:0x4005c3dff600 size:512 thread:1
allocated block device:0x4005c3dff800 size:512 thread:1
allocated block device:0x4005c3dffa00 size:512 thread:1
allocated block device:0x4005c3dffc00 size:512 thread:1
allocated block device:0x4005c3dffe00 size:512 thread:1
allocated block device:0x4005c3e00000 size:1821184 thread:1
allocated block device:0x4005c3fbca00 size:180224 thread:1
allocated block device:0x4005c3fe8a00 size:4608 thread:1
allocated block device:0x4005c3fe9c00 size:4608 thread:1
allocated block device:0x4005c3feae00 size:4608 thread:1
allocated block device:0x4005c3fec000 size:24064 thread:1
allocated block device:0x4005c3ff1e00 size:512 thread:1
allocated block device:0x4005c3ff2000 size:24064 thread:1
allocated block device:0x4005c3ff7e00 size:512 thread:1
allocated block device:0x4005c3ff8000 size:512 thread:1
allocated block device:0x4005c3ff8200 size:3072 thread:1
allocated block device:0x4005c3ff8e00 size:3072 thread:1
allocated block device:0x4005c3ff9a00 size:512 thread:1
allocated block device:0x4005c3ff9c00 size:5120 thread:1
allocated block device:0x4005c3ffb000 size:1536 thread:1
allocated block device:0x4005c3ffb600 size:2560 thread:1
allocated block device:0x4005c3ffc000 size:1536 thread:1
allocated block device:0x4005c3ffc600 size:2048 thread:1
allocated block device:0x4005c3ffce00 size:6144 thread:1
allocated block device:0x4005c3ffe600 size:6144 thread:1
allocated block device:0x4005c3fffe00 size:512 thread:1
allocated block device:0x4005c4000000 size:1821184 thread:1
allocated block device:0x4005c41bca00 size:180224 thread:1
allocated block device:0x4005c41e8a00 size:6144 thread:1
allocated block device:0x4005c41ea200 size:2560 thread:1
allocated block device:0x4005c41eac00 size:512 thread:1
allocated block device:0x4005c41eae00 size:512 thread:1
allocated block device:0x4005c41eb000 size:512 thread:1
allocated block device:0x4005c41eb200 size:512 thread:1
allocated block device:0x4005c41eb400 size:512 thread:1
allocated block device:0x4005c41eb600 size:512 thread:1
allocated block device:0x4005c41eb800 size:512 thread:1
allocated block device:0x4005c41eba00 size:512 thread:1
allocated block device:0x4005c41ebc00 size:1536 thread:1
allocated block device:0x4005c41ec200 size:1536 thread:1
allocated block device:0x4005c41ec800 size:512 thread:1
allocated block device:0x4005c41eca00 size:2560 thread:1
allocated block device:0x4005c41ed400 size:6144 thread:1
allocated block device:0x4005c41eec00 size:28672 thread:1
allocated block device:0x4005c41f5c00 size:40448 thread:1
allocated block device:0x4005c41ffa00 size:512 thread:1
allocated block device:0x4005c4200000 size:1821184 thread:1
allocated block device:0x4005c43bca00 size:180224 thread:1
allocated block device:0x4005c43e8a00 size:8192 thread:1
allocated block device:0x4005c43eaa00 size:8192 thread:1
allocated block device:0x4005c43eca00 size:40448 thread:1
allocated block device:0x4005c43f6800 size:8192 thread:1
allocated block device:0x4005c43f8800 size:2048 thread:1
allocated block device:0x4005c43fb400 size:2560 thread:1
allocated block device:0x4005c43fca00 size:3072 thread:1
allocated block device:0x4005c4c00000 size:7284736 thread:1
allocated block device:0x4005c5400000 size:45593600 thread:1
allocated block device:0x4005dcc00000 size:7284736 thread:1
allocated block device:0x4005e0000000 size:807412224 thread:1
allocated block device:0x400640000000 size:230400000 thread:1
allocated block device:0x40065b85fa00 size:921600 thread:1
allocated block device:0x40065b940a00 size:463360 thread:1
allocated block device:0x40065b9c1800 size:98304 thread:1
allocated block device:0x40065b9d9800 size:98304 thread:1
allocated block device:0x40065ba00000 size:2799616 thread:1
allocated block device:0x40065be00000 size:7962624 thread:1
allocated block device:0x400e83400000 size:3614720 thread:1
allocated block device:0x400e83800000 size:3614720 thread:1
allocated block device:0x400e83c00000 size:3614720 thread:1
allocated block device:0x400e84000000 size:3614720 thread:1
allocated block device:0x400e84400000 size:453632 thread:1
allocated block device:0x400e8446ec00 size:453632 thread:1
allocated block device:0x400e8459d800 size:393216 thread:1
allocated block device:0x400e84600000 size:2799616 thread:1
allocated block device:0x400e84a00000 size:14400000 thread:1
allocated block device:0x400e85800000 size:28917760 thread:1
allocated block device:0x400f83400000 size:230400000 thread:1
allocated block device:0x400f91000000 size:230400000 thread:1
allocated block device:0x400fc3400000 size:230400000 thread:1
allocated block device:0x400fd1000000 size:230400000 thread:1
allocated block device:0x401003400000 size:230400000 thread:1
allocated block device:0x401011000000 size:230400000 thread:1
allocated block device:0x401043400000 size:230400000 thread:1
allocated block device:0x401051000000 size:230400000 thread:1
allocated block device:0x401083400000 size:29138944 thread:1
allocated block device:0x401085000000 size:29138944 thread:1
allocated block device:0x401086c00000 size:393216 thread:1
allocated block device:0x401086e00000 size:233111552 thread:1
allocated block device:0x401094e00000 size:3145728 thread:1
allocated block device:0x401095200000 size:7284736 thread:1
allocated block device:0x401095a00000 size:7284736 thread:1
allocated block device:0x401096200000 size:7284736 thread:1
allocated block device:0x401096a00000 size:7284736 thread:1
allocated block device:0x401097200000 size:14569472 thread:1
Accelerator Fatal Error: call to cuMemAlloc returned error 2 (CUDA_ERROR_OUT_OF_MEMORY): Out of memory
 File: /lus/lfs1aip2/projects/u6cb/software/VASP/vasp.6.5.1/build/gam/hamil.f90
 Function: hamiltmu:978
 Line: 1005

Out of memory allocating 230400000 bytes of device memory
Failing in Thread:1
total/free CUDA memory: 102005473280/177995776
Present table dump for device[1]: NVIDIA Tesla GPU 0, compute capability 9.0, threadid=1
Hint: specify 0x800 bit in NV_ACC_DEBUG for verbose info.
host:0x2557280 device:0x400863df6c00 size:32 presentcount:0+3 line:643 name:var%comm
host:0x25572a0 device:0x400863dbca00 size:32 presentcount:0+4 line:652 name:var%comm_kinter
host:0x25572c0 device:0x400863dbcc00 size:32 presentcount:0+6 line:655 name:var%comm_kin
host:0x25572e0 device:0x4005de3ffa00 size:32 presentcount:0+3 line:646 name:var%comm_inter
host:0x2557300 device:0x4005de3ffc00 size:32 presentcount:0+7 line:649 name:var%comm_inb
host:0x256be80 device:0x4005da0ecd00 size:8 presentcount:0+1 line:-1 name:_setexm_struct_def_21
host:0x2576f40 device:0x4005da0ece00 size:28 presentcount:0+1 line:-1 name:_ml_ff_constant_21
host:0x2577c80 device:0x4005da0ecf00 size:30437 presentcount:0+1 line:-1 name:_ml_ff_taglist_21
host:0x25afc80 device:0x4005da0f4600 size:8 presentcount:0+1 line:-1 name:_mopenacc_tutor_21
host:0x25c2740 device:0x4005da0f4a00 size:32 presentcount:0+1 line:-1 name:_mbj_21
host:0x25cd640 device:0x4005da0f4d00 size:8 presentcount:0+1 line:-1 name:_sym_prec_21
host:0x26030c0 device:0x4005da0f4e00 size:344 presentcount:0+1 line:-1 name:_tet_21
host:0x261c840 device:0x4005da0f5000 size:392 presentcount:0+1 line:-1 name:_mymath_21
host:0x2817368 device:0x400863dbd800 size:4800 presentcount:0+2 line:614 name:var
host:0x2818628 device:0x400863df5000 size:1984 presentcount:0+2 line:403 name:var
host:0x281a910 device:0x40079c1ff600 size:864 presentcount:0+4 line:2639 name:hamiltonian
host:0x286ac80 device:0x400863dfe600 size:2712 presentcount:0+2 line:428 name:var
host:0x286b718 device:0x4007dc1fea00 size:2248 presentcount:0+1 line:742 name:var
host:0x286eb50 device:0x4008641ffa00 size:288 presentcount:0+1 line:195 name:latt_cur
host:0x2871658 device:0x4005de3fc000 size:5088 presentcount:0+28 line:517 name:var
host:0x2872a38 device:0x40070c3fa600 size:5088 presentcount:0+6 line:517 name:var
host:0x2873e18 device:0x400863ff9c00 size:5088 presentcount:0+7 line:517 name:var
host:0x287a2a8 device:0x4008641eba00 size:304 presentcount:0+1 line:567 name:var
host:0x287a3d8 device:0x4008641ec800 size:304 presentcount:0+1 line:567 name:var
host:0x2e48ec0 device:0x4005da002600 size:960024 presentcount:0+1 line:-1 name:_setexm_struct_def_16
host:0x2f8f080 device:0x4005da0f4700 size:580 presentcount:0+1 line:-1 name:_wpbe_16
host:0x2f8f900 device:0x4005da0f4b00 size:288 presentcount:0+1 line:-1 name:_mbj_16
host:0x9f446c0 device:0x4005da0f5200 size:624 presentcount:0+1 line:-1 name:_mlr_optic_16
host:0x1ad2a3e0 device:0x400863dffa00 size:8 presentcount:0+2 line:616 name:var%wtkpt(:)
host:0x1b004e60 device:0x400863dbf600 size:1000 presentcount:0+4 line:519 name:var%lpctz(:)
host:0x1b007e70 device:0x4008641eac00 size:260 presentcount:0+1 line:499 name:var%ni(:)
host:0x1b008160 device:0x4008641eae00 size:260 presentcount:0+1 line:499 name:var%ptri(:)
host:0x1b783d60 device:0x40070c3fd600 size:528 presentcount:0+1 line:480 name:var
host:0x1b784600 device:0x40070c3ffc00 size:260 presentcount:0+1 line:499 name:var%n(:)
host:0x1ef90230 device:0x4007dc1ff600 size:400 presentcount:0+2 line:464 name:var
host:0x1ef903c0 device:0x4007dc1ffa00 size:400 presentcount:0+2 line:464 name:var
host:0x23e9ef20 device:0x4005de3ffe00 size:8 presentcount:0+4 line:405 name:var%nityp(:)
host:0x24360f30 device:0x40070c3ffe00 size:260 presentcount:0+1 line:499 name:var%ptr(:)
host:0x2481bd50 device:0x4008641eec00 size:28464 presentcount:0+1 line:853 name:var(:)
host:0x2482e4b0 device:0x4008643eca00 size:40000 presentcount:0+1 line:857 name:var%psp(:,:)
host:0x24838120 device:0x4008643f6800 size:8000 presentcount:0+1 line:857 name:var%psprho(:)
host:0x2483b3b0 device:0x400863ff2000 size:24000 presentcount:0+2 line:466 name:var%psprnl(:,:,:)
host:0x2486ad90 device:0x400863fe9c00 size:4320 presentcount:0+4 line:405 name:var%ityp(:)
host:0x2486bea0 device:0x400863df8000 size:25920 presentcount:0+4 line:405 name:var%posion(:,:)
host:0x248a8290 device:0x400863dff400 size:8 presentcount:0+3 line:616 name:var%nityp(:)
host:0x248a82c0 device:0x400863dff200 size:8 presentcount:0+3 line:616 name:var%lmmax(:)
host:0x248af070 device:0x4008643e8a00 size:8000 presentcount:0+1 line:857 name:var%pspcor(:)
host:0x248b0fe0 device:0x4008643eaa00 size:8000 presentcount:0+1 line:857 name:var%psprho(:)
host:0x248b4b50 device:0x4008641f5c00 size:40000 presentcount:0+1 line:857 name:var%psp(:,:)
host:0x248be7c0 device:0x400863fec000 size:24000 presentcount:0+2 line:466 name:var%psprnl(:,:,:)
host:0x248fe870 device:0x4007dc1ff800 size:24 presentcount:0+3 line:466 name:var%lps(:)
host:0x248fe920 device:0x4007dc1ffc00 size:24 presentcount:0+3 line:466 name:var%lps(:)
host:0x24a801a0 device:0x400863dff800 size:24 presentcount:0+3 line:616 name:var%vkpt(:,:)
host:0x24aa53e0 device:0x400863dbd600 size:16 presentcount:0+2 line:430 name:var%psrmax(:)
host:0x24aa59a0 device:0x400863fe8a00 size:4320 presentcount:0+3 line:616 name:var%ityp(:)
host:0x24aa6ab0 device:0x400863dff600 size:8 presentcount:0+3 line:616 name:var%nt_global(:)
host:0x24aa6ae0 device:0x400863df6e00 size:4320 presentcount:0+3 line:616 name:var%npro_pos(:)
host:0x24aa7bf0 device:0x400863df5a00 size:4324 presentcount:0+3 line:616 name:var%lmbase(:)
host:0x24aa8d00 device:0x400863dffe00 size:4 presentcount:0+2 line:616 name:var%nplwkp(:)
host:0x24aa8d30 device:0x400863ff1e00 size:4 presentcount:0+2 line:616 name:var%nplwkp_tot(:)
host:0x24aa8d60 device:0x400863ff7e00 size:4 presentcount:0+2 line:616 name:var%ngvector_pos(:)
host:0x24aa8d90 device:0x400863dffc00 size:4 presentcount:0+2 line:616 name:var%ngvector(:)
host:0x24aa8dc0 device:0x400863dbec00 size:1280 presentcount:0+4 line:519 name:var%lpctx(:)
host:0x24aa92f0 device:0x400863dbf200 size:720 presentcount:0+4 line:519 name:var%lpcty(:)
host:0x24aa95f0 device:0x400863dbfa00 size:1280 presentcount:0+4 line:519 name:var%lpctx_(:)
host:0x24aa9b20 device:0x400863dc0000 size:720 presentcount:0+4 line:519 name:var%lpcty_(:)
host:0x24aa9e20 device:0x400863dc0400 size:1000 presentcount:0+4 line:519 name:var%lpctz_(:)
host:0x24aaa230 device:0x40070c3fba00 size:1280 presentcount:0+1 line:519 name:var%lpctx(:)
host:0x24aaa760 device:0x40070c3fc000 size:720 presentcount:0+1 line:519 name:var%lpcty(:)
host:0x24aaaa60 device:0x40070c3fc400 size:1000 presentcount:0+1 line:519 name:var%lpctz(:)
host:0x24aaae70 device:0x40070c3fc800 size:1280 presentcount:0+1 line:519 name:var%lpctx_(:)
host:0x24aab3a0 device:0x40070c3fce00 size:720 presentcount:0+1 line:519 name:var%lpcty_(:)
host:0x24aab6a0 device:0x40070c3fd200 size:1000 presentcount:0+1 line:519 name:var%lpctz_(:)
host:0x24aabab0 device:0x400863ff8200 size:2560 presentcount:0+1 line:519 name:var%lpctx(:)
host:0x24aac4e0 device:0x400863ffb000 size:1440 presentcount:0+1 line:519 name:var%lpcty(:)
host:0x24aacab0 device:0x400863ff8e00 size:2000 presentcount:0+1 line:519 name:var%lpctz(:)
host:0x24aad2b0 device:0x400863ffb600 size:2560 presentcount:0+1 line:519 name:var%lpctx_(:)
host:0x24aadce0 device:0x400863ffc000 size:1440 presentcount:0+1 line:519 name:var%lpcty_(:)
host:0x24aae2b0 device:0x400863ffc600 size:2000 presentcount:0+1 line:519 name:var%lpctz_(:)
host:0x24ba1910 device:0x400863ffce00 size:5648 presentcount:0+1 line:482 name:var%i2(:)
host:0x24ba2f50 device:0x400863ffe600 size:5648 presentcount:0+1 line:482 name:var%i3(:)
host:0x24ba4590 device:0x40070c3f4c00 size:10040 presentcount:0+1 line:482 name:var%i2(:)
host:0x24ba6cf0 device:0x40070c3f7400 size:10040 presentcount:0+1 line:482 name:var%i3(:)
host:0x24ba9450 device:0x40070c3ed800 size:14400 presentcount:0+2 line:482 name:var%i2(:)
host:0x24baccc0 device:0x40070c3f1200 size:14400 presentcount:0+2 line:482 name:var%i3(:)
host:0x24bb0950 device:0x4008fb85fa00 size:921600 presentcount:0+2 line:482 name:var%index(:,:)
host:0x24c91980 device:0x4008641eca00 size:2560 presentcount:0+1 line:569 name:var%ind1(:)
host:0x24c923b0 device:0x4008641ed400 size:5648 presentcount:0+1 line:569 name:var%indcol(:)
host:0x24c939f0 device:0x40070c3fda00 size:5648 presentcount:0+1 line:482 name:var%i2(:)
host:0x24c95030 device:0x4008641e8a00 size:5648 presentcount:0+1 line:482 name:var%i3(:)
host:0x24c96670 device:0x40070c3ff200 size:2520 presentcount:0+1 line:482 name:var%i2(:)
host:0x24c97070 device:0x4008641ea200 size:2520 presentcount:0+1 line:482 name:var%i3(:)
host:0x24ccfea0 device:0x4008641eb200 size:260 presentcount:0+1 line:499 name:var%ptr(:)
host:0x24ccffd0 device:0x4008641eb000 size:260 presentcount:0+1 line:499 name:var%n(:)
host:0x24cd0100 device:0x4008641eb800 size:4 presentcount:0+1 line:499 name:var%tbli(:)
host:0x24cd0130 device:0x4008641eb600 size:260 presentcount:0+1 line:499 name:var%ptri(:)
host:0x24cd0260 device:0x4008641eb400 size:260 presentcount:0+1 line:499 name:var%ni(:)
host:0x24cd0fb0 device:0x4005de3ff800 size:260 presentcount:0+1 line:499 name:var%ptr(:)
host:0x24cd1200 device:0x4007dc1ffe00 size:260 presentcount:0+1 line:499 name:var%n(:)
host:0x24cd1330 device:0x40070c3f9c00 size:260 presentcount:0+1 line:499 name:var%ptri(:)
host:0x24cd1460 device:0x400863fffe00 size:260 presentcount:0+1 line:499 name:var%ni(:)
host:0x24cd1590 device:0x40070c3fa000 size:260 presentcount:0+1 line:499 name:var%ptr(:)
host:0x24cd16c0 device:0x40070c3f9e00 size:260 presentcount:0+1 line:499 name:var%n(:)
host:0x24cd17f0 device:0x40070c3fa400 size:260 presentcount:0+1 line:499 name:var%ptri(:)
host:0x24cd1920 device:0x40070c3fa200 size:260 presentcount:0+1 line:499 name:var%ni(:)
host:0x24cd1b20 device:0x4008641ebc00 size:1280 presentcount:0+1 line:569 name:var%ind1(:)
host:0x24cd2050 device:0x4008641ec200 size:1452 presentcount:0+1 line:569 name:var%indcol(:)
host:0x24cd2630 device:0x40070c338600 size:180000 presentcount:0+4 line:482 name:var%i2(:)
host:0x24cfe580 device:0x40070c364600 size:180000 presentcount:0+4 line:482 name:var%i3(:)
host:0x24d2a4d0 device:0x400863dc9000 size:180000 presentcount:0+8 line:482 name:var%index(:,:)
host:0x24d56420 device:0x4008643bca00 size:180000 presentcount:0+8 line:482 name:var%i2(:)
host:0x24d82370 device:0x40070c391800 size:180000 presentcount:0+8 line:482 name:var%i3(:)
host:0x24dae8f0 device:0x400863e00000 size:1821184 presentcount:0+3 line:616 name:var%nindpw(:,:)
host:0x24f6b320 device:0x400863df5800 size:8 presentcount:0+2 line:616 name:var%nb_totk(:,:)
host:0x24f6b350 device:0x400863ff8000 size:4 presentcount:0+2 line:616 name:var%luseinv(:)
host:0x24f6b380 device:0x400863dbd200 size:4 presentcount:0+2 line:616 name:var%at_gamma(:)
host:0x24f6b3b0 device:0x400863fbca00 size:180000 presentcount:0+3 line:616 name:var%pl_index(:,:)
host:0x24f97300 device:0x400863ff9a00 size:8 presentcount:0+2 line:405 name:var%lmmax(:)
host:0x24f97330 device:0x400863dbce00 size:8 presentcount:0+2 line:430 name:var%lmax(:)
host:0x24f97360 device:0x400863feae00 size:4324 presentcount:0+2 line:405 name:var%lmbase(:)
host:0x24f98470 device:0x400863dbd000 size:8 presentcount:0+2 line:430 name:var%lmmax(:)
host:0x24f984a0 device:0x400863dbd400 size:8 presentcount:0+2 line:430 name:var%channels(:)
host:0x24f984d0 device:0x4007dc1ff400 size:16 presentcount:0+2 line:430 name:var%rsmooth(:)
host:0x24f98510 device:0x4005de3fd400 size:4320 presentcount:0+2 line:430 name:var%nlimax(:)
host:0x24f99620 device:0x4005de3fe600 size:4324 presentcount:0+2 line:430 name:var%lmbase(:)
host:0x24f9a730 device:0x40070c390600 size:4324 presentcount:0+2 line:430 name:var%nlibase(:)
host:0x24f9b840 device:0x400863dc0800 size:17132 presentcount:0+4 line:519 name:var%nindpwconjg(:)
host:0x24f9fb60 device:0x400863dc4c00 size:17132 presentcount:0+4 line:519 name:var%ind_in_sphere(:)
host:0x25105eb0 device:0x4008641bca00 size:180000 presentcount:0+3 line:616 name:var%pl_col(:,:)
host:0x25132640 device:0x400864c00000 size:7284736 presentcount:0+3 line:616 name:var%datake(:,:,:)
host:0x258258c0 device:0x400864000000 size:1821184 presentcount:0+3 line:616 name:var%igx(:,:)
host:0x259e2f50 device:0x400863c00000 size:1821184 presentcount:0+3 line:616 name:var%igy(:,:)
host:0x25ba07f0 device:0x400864200000 size:1821184 presentcount:0+3 line:616 name:var%igz(:,:)
host:0x25d5e6c0 device:0x40087cc00000 size:7284272 presentcount:0+4 line:519 name:var%fftsca(:,:)
host:0x26489150 device:0x4008fb940a00 size:464640 presentcount:0+1 line:499 name:var%tbl(:)
host:0x2656bfb0 device:0x401124400000 size:453600 presentcount:0+1 line:499 name:var%tbli(:)
host:0x265dabc0 device:0x40112446ec00 size:453600 presentcount:0+1 line:499 name:var%tbl(:)
host:0x2674baa0 device:0x401123400000 size:3614720 presentcount:0+1 line:499 name:var%tbl(:)
host:0x26d82420 device:0x4005de3f1e00 size:41472 presentcount:0+1 line:746 name:var%auxtot(:,:,:)
host:0x26da2420 device:0x40070c31a000 size:41472 presentcount:0+2 line:746 name:var%fertot(:,:,:)
host:0x26e33e90 device:0x401123800000 size:3614400 presentcount:0+1 line:499 name:var%tbli(:)
host:0x271a8260 device:0x401123c00000 size:3614400 presentcount:0+1 line:499 name:var%tbl(:)
host:0x277c0030 device:0x40070c324200 size:82944 presentcount:0+2 line:746 name:var%celtot(:,:,:)
host:0x27891030 device:0x401124000000 size:3614400 presentcount:0+1 line:499 name:var%tbli(:)
host:0x290c5270 device:0x4008fba00000 size:2799360 presentcount:0+2 line:194 name:cdij(:,:,:,:)
host:0x29374990 device:0x401124600000 size:2799360 presentcount:0+2 line:194 name:cqij(:,:,:,:)
host:0x298d4640 device:0x4008fbe00000 size:7962624 presentcount:0+5 line:746 name:var%gproj(:,:,:,:)
host:0x2a290440 device:0x40070c3bd800 size:98304 presentcount:0+1 line:1101 name:w1%gproj(:)
host:0x2a30ebb0 device:0x4007bc3ff600 size:2048 presentcount:0+1 line:179 name:wtmp(:)
host:0x2a496800 device:0x40112459d800 size:393216 presentcount:0+2 line:1226 name:wa%gproj(:,:)
host:0x2a4f6830 device:0x401326c00000 size:393216 presentcount:0+2 line:1226 name:wa%gproj(:,:)
host:0x2a556860 device:0x40070c3d5800 size:98304 presentcount:0+1 line:1101 name:w1%gproj(:)
host:0x2a56e890 device:0x4008fb9c1e00 size:98304 presentcount:0+1 line:1101 name:w1%gproj(:)
host:0x2a5868c0 device:0x4008fb9d9e00 size:98304 presentcount:0+1 line:1101 name:w1%gproj(:)
host:0x32d7d0d0 device:0x401334e00000 size:3145728 presentcount:0+2 line:1226 name:wa%gproj(:,:)
host:0x37ea1ef0 device:0x4008643f8800 size:2048 presentcount:0+1 line:179 name:w1(:)
host:0x37ea9950 device:0x401337200000 size:14569472 presentcount:0+1 line:202 name:precon(:,:)
host:0x38c95af0 device:0x401335200000 size:7284736 presentcount:0+1 line:1101 name:w1%cptwfp(:)
host:0x3938fac0 device:0x401335a00000 size:7284736 presentcount:0+1 line:1101 name:w1%cptwfp(:)
host:0x39a8a0c0 device:0x401336200000 size:7284736 presentcount:0+1 line:1101 name:w1%cptwfp(:)
host:0x3a184cf0 device:0x401336a00000 size:7284736 presentcount:0+1 line:1101 name:w1%cptwfp(:)
host:0x40061c0010a0 device:0x400865400000 size:45593280 presentcount:0+2 line:430 name:var%nli(:,:)
host:0x400674dd35c0 device:0x401124a00000 size:14400000 presentcount:0+1 line:195 name:dencor(:)
host:0x4006769639e0 device:0x401125800000 size:28917760 presentcount:0+1 line:195 name:cstrf(:,:)
host:0x4007200012b0 device:0x400880000000 size:807411968 presentcount:0+2 line:430 name:var%rproj(:)
host:0x4007502131a0 device:0x4008e0000000 size:230400000 presentcount:0+2 line:194 name:sv(:,:)
host:0x400800004a60 device:0x400840000000 size:590063616 presentcount:0+5 line:746 name:var%cptwfp(:,:,:,:)
host:0x4008232c6950 device:0x401323400000 size:29138944 presentcount:0+2 line:1226 name:wa%cptwfp(:,:)
host:0x400824ea6b60 device:0x401325000000 size:29138944 presentcount:0+2 line:1226 name:wa%cptwfp(:,:)
host:0x4008c0006d70 device:0x401326e00000 size:233111552 presentcount:0+2 line:1226 name:wa%cptwfp(:,:)
host:0x4008cde673a0 device:0x4012e3400000 size:230400000 presentcount:0+1 line:1101 name:w1%cr(:)
host:0x4009232c75b0 device:0x4012f1000000 size:230400000 presentcount:0+1 line:1236 name:w1%cr(:)
host:0x400930e979d0 device:0x4012a3400000 size:230400000 presentcount:0+1 line:1101 name:w1%cr(:)
host:0x400980007be0 device:0x4012b1000000 size:230400000 presentcount:0+1 line:1236 name:w1%cr(:)
host:0x40098dbd8000 device:0x401263400000 size:230400000 presentcount:0+1 line:1101 name:w1%cr(:)
host:0x40099b7a8210 device:0x401271000000 size:230400000 presentcount:0+1 line:1236 name:w1%cr(:)
host:0x4009a9370020 device:0x401223400000 size:230400000 presentcount:0+1 line:1101 name:w1%cr(:)
host:0x400e80000230 device:0x401231000000 size:230400000 presentcount:0+1 line:1236 name:w1%cr(:)
host:0x401000002750 device:0x401040000000 size:921600000 presentcount:0+1 line:1005 name:cwork1(:,:)
host:0xffffd4aa57b0 device:0x4008643fca00 size:3024 presentcount:0+12 line:682 name:var
host:0xffffd4aa6380 device:0x40079c1ffa00 size:1480 presentcount:0+1 line:174 name:w_ini
host:0xffffd4aa6950 device:0x4008643fb400 size:1480 presentcount:0+1 line:174 name:wopt
host:0xffffd4aa6f20 device:0x40077c5ff600 size:1480 presentcount:0+1 line:174 name:wtmpa
allocated block device:0x4005de3f1e00 size:41472 thread:1
allocated block device:0x4005de3fc000 size:5120 thread:1
allocated block device:0x4005de3fd400 size:4608 thread:1
allocated block device:0x4005de3fe600 size:4608 thread:1
allocated block device:0x4005de3ff800 size:512 thread:1
allocated block device:0x4005de3ffa00 size:512 thread:1
allocated block device:0x4005de3ffc00 size:512 thread:1
allocated block device:0x4005de3ffe00 size:512 thread:1
allocated block device:0x40070c31a000 size:41472 thread:1
allocated block device:0x40070c324200 size:82944 thread:1
allocated block device:0x40070c338600 size:180224 thread:1
allocated block device:0x40070c364600 size:180224 thread:1
allocated block device:0x40070c390600 size:4608 thread:1
allocated block device:0x40070c391800 size:180224 thread:1
allocated block device:0x40070c3bd800 size:98304 thread:1
allocated block device:0x40070c3d5800 size:98304 thread:1
allocated block device:0x40070c3ed800 size:14848 thread:1
allocated block device:0x40070c3f1200 size:14848 thread:1
allocated block device:0x40070c3f4c00 size:10240 thread:1
allocated block device:0x40070c3f7400 size:10240 thread:1
allocated block device:0x40070c3f9c00 size:512 thread:1
allocated block device:0x40070c3f9e00 size:512 thread:1
allocated block device:0x40070c3fa000 size:512 thread:1
allocated block device:0x40070c3fa200 size:512 thread:1
allocated block device:0x40070c3fa400 size:512 thread:1
allocated block device:0x40070c3fa600 size:5120 thread:1
allocated block device:0x40070c3fba00 size:1536 thread:1
allocated block device:0x40070c3fc000 size:1024 thread:1
allocated block device:0x40070c3fc400 size:1024 thread:1
allocated block device:0x40070c3fc800 size:1536 thread:1
allocated block device:0x40070c3fce00 size:1024 thread:1
allocated block device:0x40070c3fd200 size:1024 thread:1
allocated block device:0x40070c3fd600 size:1024 thread:1
allocated block device:0x40070c3fda00 size:6144 thread:1
allocated block device:0x40070c3ff200 size:2560 thread:1
allocated block device:0x40070c3ffc00 size:512 thread:1
allocated block device:0x40070c3ffe00 size:512 thread:1
allocated block device:0x40077c5ff600 size:2048 thread:1
allocated block device:0x40079c1ff600 size:1024 thread:1
allocated block device:0x40079c1ffa00 size:1536 thread:1
allocated block device:0x4007bc3ff600 size:2048 thread:1
allocated block device:0x4007dc1fea00 size:2560 thread:1
allocated block device:0x4007dc1ff400 size:512 thread:1
allocated block device:0x4007dc1ff600 size:512 thread:1
allocated block device:0x4007dc1ff800 size:512 thread:1
allocated block device:0x4007dc1ffa00 size:512 thread:1
allocated block device:0x4007dc1ffc00 size:512 thread:1
allocated block device:0x4007dc1ffe00 size:512 thread:1
allocated block device:0x400840000000 size:590063616 thread:1
allocated block device:0x400863c00000 size:1821184 thread:1
allocated block device:0x400863dbca00 size:512 thread:1
allocated block device:0x400863dbcc00 size:512 thread:1
allocated block device:0x400863dbce00 size:512 thread:1
allocated block device:0x400863dbd000 size:512 thread:1
allocated block device:0x400863dbd200 size:512 thread:1
allocated block device:0x400863dbd400 size:512 thread:1
allocated block device:0x400863dbd600 size:512 thread:1
allocated block device:0x400863dbd800 size:5120 thread:1
allocated block device:0x400863dbec00 size:1536 thread:1
allocated block device:0x400863dbf200 size:1024 thread:1
allocated block device:0x400863dbf600 size:1024 thread:1
allocated block device:0x400863dbfa00 size:1536 thread:1
allocated block device:0x400863dc0000 size:1024 thread:1
allocated block device:0x400863dc0400 size:1024 thread:1
allocated block device:0x400863dc0800 size:17408 thread:1
allocated block device:0x400863dc4c00 size:17408 thread:1
allocated block device:0x400863dc9000 size:180224 thread:1
allocated block device:0x400863df5000 size:2048 thread:1
allocated block device:0x400863df5800 size:512 thread:1
allocated block device:0x400863df5a00 size:4608 thread:1
allocated block device:0x400863df6c00 size:512 thread:1
allocated block device:0x400863df6e00 size:4608 thread:1
allocated block device:0x400863df8000 size:26112 thread:1
allocated block device:0x400863dfe600 size:3072 thread:1
allocated block device:0x400863dff200 size:512 thread:1
allocated block device:0x400863dff400 size:512 thread:1
allocated block device:0x400863dff600 size:512 thread:1
allocated block device:0x400863dff800 size:512 thread:1
allocated block device:0x400863dffa00 size:512 thread:1
allocated block device:0x400863dffc00 size:512 thread:1
allocated block device:0x400863dffe00 size:512 thread:1
allocated block device:0x400863e00000 size:1821184 thread:1
allocated block device:0x400863fbca00 size:180224 thread:1
allocated block device:0x400863fe8a00 size:4608 thread:1
allocated block device:0x400863fe9c00 size:4608 thread:1
allocated block device:0x400863feae00 size:4608 thread:1
allocated block device:0x400863fec000 size:24064 thread:1
allocated block device:0x400863ff1e00 size:512 thread:1
allocated block device:0x400863ff2000 size:24064 thread:1
allocated block device:0x400863ff7e00 size:512 thread:1
allocated block device:0x400863ff8000 size:512 thread:1
allocated block device:0x400863ff8200 size:3072 thread:1
allocated block device:0x400863ff8e00 size:3072 thread:1
allocated block device:0x400863ff9a00 size:512 thread:1
allocated block device:0x400863ff9c00 size:5120 thread:1
allocated block device:0x400863ffb000 size:1536 thread:1
allocated block device:0x400863ffb600 size:2560 thread:1
allocated block device:0x400863ffc000 size:1536 thread:1
allocated block device:0x400863ffc600 size:2048 thread:1
allocated block device:0x400863ffce00 size:6144 thread:1
allocated block device:0x400863ffe600 size:6144 thread:1
allocated block device:0x400863fffe00 size:512 thread:1
allocated block device:0x400864000000 size:1821184 thread:1
allocated block device:0x4008641bca00 size:180224 thread:1
allocated block device:0x4008641e8a00 size:6144 thread:1
allocated block device:0x4008641ea200 size:2560 thread:1
allocated block device:0x4008641eac00 size:512 thread:1
allocated block device:0x4008641eae00 size:512 thread:1
allocated block device:0x4008641eb000 size:512 thread:1
allocated block device:0x4008641eb200 size:512 thread:1
allocated block device:0x4008641eb400 size:512 thread:1
allocated block device:0x4008641eb600 size:512 thread:1
allocated block device:0x4008641eb800 size:512 thread:1
allocated block device:0x4008641eba00 size:512 thread:1
allocated block device:0x4008641ebc00 size:1536 thread:1
allocated block device:0x4008641ec200 size:1536 thread:1
allocated block device:0x4008641ec800 size:512 thread:1
allocated block device:0x4008641eca00 size:2560 thread:1
allocated block device:0x4008641ed400 size:6144 thread:1
allocated block device:0x4008641eec00 size:28672 thread:1
allocated block device:0x4008641f5c00 size:40448 thread:1
allocated block device:0x4008641ffa00 size:512 thread:1
allocated block device:0x400864200000 size:1821184 thread:1
allocated block device:0x4008643bca00 size:180224 thread:1
allocated block device:0x4008643e8a00 size:8192 thread:1
allocated block device:0x4008643eaa00 size:8192 thread:1
allocated block device:0x4008643eca00 size:40448 thread:1
allocated block device:0x4008643f6800 size:8192 thread:1
allocated block device:0x4008643f8800 size:2048 thread:1
allocated block device:0x4008643fb400 size:2560 thread:1
allocated block device:0x4008643fca00 size:3072 thread:1
allocated block device:0x400864c00000 size:7284736 thread:1
allocated block device:0x400865400000 size:45593600 thread:1
allocated block device:0x40087cc00000 size:7284736 thread:1
allocated block device:0x400880000000 size:807412224 thread:1
allocated block device:0x4008e0000000 size:230400000 thread:1
allocated block device:0x4008fb85fa00 size:921600 thread:1
allocated block device:0x4008fb940a00 size:464896 thread:1
allocated block device:0x4008fb9c1e00 size:98304 thread:1
allocated block device:0x4008fb9d9e00 size:98304 thread:1
allocated block device:0x4008fba00000 size:2799616 thread:1
allocated block device:0x4008fbe00000 size:7962624 thread:1
allocated block device:0x401040000000 size:921600000 thread:1
allocated block device:0x401123400000 size:3614720 thread:1
allocated block device:0x401123800000 size:3614720 thread:1
allocated block device:0x401123c00000 size:3614720 thread:1
allocated block device:0x401124000000 size:3614720 thread:1
allocated block device:0x401124400000 size:453632 thread:1
allocated block device:0x40112446ec00 size:453632 thread:1
allocated block device:0x40112459d800 size:393216 thread:1
allocated block device:0x401124600000 size:2799616 thread:1
allocated block device:0x401124a00000 size:14400000 thread:1
allocated block device:0x401125800000 size:28917760 thread:1
allocated block device:0x401223400000 size:230400000 thread:1
allocated block device:0x401231000000 size:230400000 thread:1
allocated block device:0x401263400000 size:230400000 thread:1
allocated block device:0x401271000000 size:230400000 thread:1
allocated block device:0x4012a3400000 size:230400000 thread:1
allocated block device:0x4012b1000000 size:230400000 thread:1
allocated block device:0x4012e3400000 size:230400000 thread:1
allocated block device:0x4012f1000000 size:230400000 thread:1
allocated block device:0x401323400000 size:29138944 thread:1
allocated block device:0x401325000000 size:29138944 thread:1
allocated block device:0x401326c00000 size:393216 thread:1
allocated block device:0x401326e00000 size:233111552 thread:1
allocated block device:0x401334e00000 size:3145728 thread:1
allocated block device:0x401335200000 size:7284736 thread:1
allocated block device:0x401335a00000 size:7284736 thread:1
allocated block device:0x401336200000 size:7284736 thread:1
allocated block device:0x401336a00000 size:7284736 thread:1
allocated block device:0x401337200000 size:14569472 thread:1
Accelerator Fatal Error: call to cuMemAlloc returned error 2 (CUDA_ERROR_OUT_OF_MEMORY): Out of memory
 File: /lus/lfs1aip2/projects/u6cb/software/VASP/vasp.6.5.1/build/gam/fft_base.f90
 Function: restride_r2q_cmplx:945
 Line: 964

srun: error: nid011099: tasks 51,61: Exited with exit code 1
srun: Terminating StepId=3245022.0
slurmstepd: error: *** STEP 3245022.0 ON nid011097 CANCELLED AT 2026-03-20T15:54:19 ***
srun: error: nid011099: tasks 32-50,52-60,62-63: Terminated
srun: error: nid011097: tasks 0-31: Terminated
srun: Force Terminated StepId=3245022.0
