rm: cannot remove 'WAVECAR': No such file or directory
 running   32 mpi-ranks, with    8 threads/rank, on    1 nodes
 distrk:  each k-point on   32 cores,    1 groups
 distr:  one band on    1 cores,   32 groups
 Offloading initialized ...    4 GPUs detected
 WARNING: INIT_OFFLOAD: several MPI-ranks need to share a GPU, which is not
     supported by NCCL. The use of NCCL will be switched off. To avoid this,
     reduce the number of MPI-ranks: #-of-ranks <= #-of-GPUs (on every node!).

Out of memory allocating 230400000 bytes of device memory
Failing in Thread:1
total/free CUDA memory: 102005473280/198967296
Present table dump for device[1]: NVIDIA Tesla GPU 0, compute capability 9.0, threadid=1
Hint: specify 0x800 bit in NV_ACC_DEBUG for verbose info.
host:0x2557280 device:0x4009077ea600 size:32 presentcount:0+3 line:643 name:var%comm
host:0x25572a0 device:0x4007701cae00 size:32 presentcount:0+4 line:652 name:var%comm_kinter
host:0x25572c0 device:0x4007701cb000 size:32 presentcount:0+6 line:655 name:var%comm_kin
host:0x25572e0 device:0x4007701ca800 size:32 presentcount:0+3 line:646 name:var%comm_inter
host:0x2557300 device:0x4007701caa00 size:32 presentcount:0+7 line:649 name:var%comm_inb
host:0x256be80 device:0x40065a0ecd00 size:8 presentcount:0+1 line:-1 name:_setexm_struct_def_21
host:0x2576f40 device:0x40065a0ece00 size:28 presentcount:0+1 line:-1 name:_ml_ff_constant_21
host:0x2577c80 device:0x40065a0ecf00 size:30437 presentcount:0+1 line:-1 name:_ml_ff_taglist_21
host:0x25afc80 device:0x40065a0f4600 size:8 presentcount:0+1 line:-1 name:_mopenacc_tutor_21
host:0x25c2740 device:0x40065a0f4a00 size:32 presentcount:0+1 line:-1 name:_mbj_21
host:0x25cd640 device:0x40065a0f4d00 size:8 presentcount:0+1 line:-1 name:_sym_prec_21
host:0x26030c0 device:0x40065a0f4e00 size:344 presentcount:0+1 line:-1 name:_tet_21
host:0x261c840 device:0x40065a0f5000 size:392 presentcount:0+1 line:-1 name:_mymath_21
host:0x2817368 device:0x4007701cbc00 size:4800 presentcount:0+2 line:614 name:var
host:0x2818628 device:0x4009077e8a00 size:1984 presentcount:0+2 line:403 name:var
host:0x281a910 device:0x40065e5ff800 size:864 presentcount:0+4 line:2639 name:hamiltonian
host:0x286ac80 device:0x4009077f2000 size:2712 presentcount:0+2 line:428 name:var
host:0x286b718 device:0x40081c1ff200 size:2248 presentcount:0+1 line:742 name:var
host:0x286eb50 device:0x400907bffa00 size:288 presentcount:0+1 line:195 name:latt_cur
host:0x2871658 device:0x40083c3fec00 size:5088 presentcount:0+28 line:517 name:var
host:0x2872a38 device:0x4009079fe800 size:5088 presentcount:0+6 line:517 name:var
host:0x2873e18 device:0x4007701ef400 size:5088 presentcount:0+7 line:517 name:var
host:0x287a2a8 device:0x400907bf3c00 size:304 presentcount:0+1 line:567 name:var
host:0x287a3d8 device:0x400907bf5000 size:304 presentcount:0+1 line:567 name:var
host:0x2e48ec0 device:0x40065a002600 size:960024 presentcount:0+1 line:-1 name:_setexm_struct_def_16
host:0x2f8f080 device:0x40065a0f4700 size:580 presentcount:0+1 line:-1 name:_wpbe_16
host:0x2f8f900 device:0x40065a0f4b00 size:288 presentcount:0+1 line:-1 name:_mbj_16
host:0x9f446c0 device:0x40065a0f5200 size:624 presentcount:0+1 line:-1 name:_mlr_optic_16
host:0x2aaba3e0 device:0x4009077f3400 size:8 presentcount:0+2 line:616 name:var%wtkpt(:)
host:0x2ad94430 device:0x4007701ce800 size:1000 presentcount:0+4 line:519 name:var%lpctz_(:)
host:0x2ae26be0 device:0x4009077f3200 size:24 presentcount:0+3 line:616 name:var%vkpt(:,:)
host:0x2ae26e20 device:0x4007701cba00 size:16 presentcount:0+2 line:430 name:var%psrmax(:)
host:0x2ae26e60 device:0x4009077f3000 size:8 presentcount:0+3 line:616 name:var%nt_global(:)
host:0x2ae26e90 device:0x4009077fcc00 size:4 presentcount:0+2 line:616 name:var%nplwkp(:)
host:0x2ae26ec0 device:0x4009077fce00 size:4 presentcount:0+2 line:616 name:var%nplwkp_tot(:)
host:0x2ae26ef0 device:0x4009077fd000 size:4 presentcount:0+2 line:616 name:var%ngvector_pos(:)
host:0x2ae26f20 device:0x4009077f6c00 size:4 presentcount:0+2 line:616 name:var%ngvector(:)
host:0x2ae26f50 device:0x4009077e9200 size:8 presentcount:0+2 line:616 name:var%nb_totk(:,:)
host:0x2ae26f80 device:0x4009077fd200 size:4 presentcount:0+2 line:616 name:var%luseinv(:)
host:0x2ae26fb0 device:0x4007701cb600 size:4 presentcount:0+2 line:616 name:var%at_gamma(:)
host:0x2ae26fe0 device:0x4009077fec00 size:8 presentcount:0+2 line:405 name:var%lmmax(:)
host:0x2ae27010 device:0x4007701cb200 size:8 presentcount:0+2 line:430 name:var%lmax(:)
host:0x2ae27040 device:0x4007701cb400 size:8 presentcount:0+2 line:430 name:var%lmmax(:)
host:0x2ae27070 device:0x4007701cb800 size:8 presentcount:0+2 line:430 name:var%channels(:)
host:0x2ae39120 device:0x4007701cda00 size:1000 presentcount:0+4 line:519 name:var%lpctz(:)
host:0x2fcf7820 device:0x4007701cac00 size:8 presentcount:0+4 line:405 name:var%nityp(:)
host:0x30661c10 device:0x400907bf8a00 size:28464 presentcount:0+1 line:853 name:var(:)
host:0x30674390 device:0x4015c7fbfc00 size:40000 presentcount:0+1 line:857 name:var%psp(:,:)
host:0x3067e000 device:0x400907df6800 size:8000 presentcount:0+1 line:857 name:var%psprho(:)
host:0x30681290 device:0x4009079e8a00 size:24000 presentcount:0+2 line:466 name:var%psprnl(:,:,:)
host:0x306b0c70 device:0x4009077f4800 size:4320 presentcount:0+4 line:405 name:var%ityp(:)
host:0x306b1d80 device:0x4009077eba00 size:25920 presentcount:0+4 line:405 name:var%posion(:,:)
host:0x306ede10 device:0x4009077f2e00 size:8 presentcount:0+3 line:616 name:var%nityp(:)
host:0x306ede40 device:0x4009077f2c00 size:8 presentcount:0+3 line:616 name:var%lmmax(:)
host:0x306f3020 device:0x400907bf2c00 size:132 presentcount:0+1 line:499 name:var%ptr(:)
host:0x306f50e0 device:0x400907df2800 size:8000 presentcount:0+1 line:857 name:var%pspcor(:)
host:0x306f7050 device:0x400907df4800 size:8000 presentcount:0+1 line:857 name:var%psprho(:)
host:0x306fab10 device:0x400907bf2a00 size:132 presentcount:0+1 line:499 name:var%n(:)
host:0x306fabc0 device:0x400907de8a00 size:40000 presentcount:0+1 line:857 name:var%psp(:,:)
host:0x30704830 device:0x4009077f6e00 size:24000 presentcount:0+2 line:466 name:var%psprnl(:,:,:)
host:0x30750fc0 device:0x40081c1ffc00 size:24 presentcount:0+3 line:466 name:var%lps(:)
host:0x30751070 device:0x40077016ec00 size:24 presentcount:0+3 line:466 name:var%lps(:)
host:0x3078e570 device:0x400907bea200 size:528 presentcount:0+1 line:480 name:var
host:0x308f7490 device:0x4009077f3600 size:4320 presentcount:0+3 line:616 name:var%ityp(:)
host:0x308f85a0 device:0x4009077ea800 size:4320 presentcount:0+3 line:616 name:var%npro_pos(:)
host:0x308f96b0 device:0x4009077e9400 size:4324 presentcount:0+3 line:616 name:var%lmbase(:)
host:0x308fa7c0 device:0x4007701cd000 size:1280 presentcount:0+4 line:519 name:var%lpctx(:)
host:0x308facf0 device:0x4007701cd600 size:720 presentcount:0+4 line:519 name:var%lpcty(:)
host:0x308faff0 device:0x4007701cde00 size:1280 presentcount:0+4 line:519 name:var%lpctx_(:)
host:0x308fb520 device:0x4007701ce400 size:720 presentcount:0+4 line:519 name:var%lpcty_(:)
host:0x308fb820 device:0x400907be8a00 size:1280 presentcount:0+1 line:519 name:var%lpctx(:)
host:0x308fbd50 device:0x4009079ffc00 size:720 presentcount:0+1 line:519 name:var%lpcty(:)
host:0x308fc050 device:0x400907be9000 size:1000 presentcount:0+1 line:519 name:var%lpctz(:)
host:0x308fc460 device:0x400907be9400 size:1280 presentcount:0+1 line:519 name:var%lpctx_(:)
host:0x308fc990 device:0x400907be9a00 size:720 presentcount:0+1 line:519 name:var%lpcty_(:)
host:0x308fcc90 device:0x400907be9e00 size:1000 presentcount:0+1 line:519 name:var%lpctz_(:)
host:0x308fd0a0 device:0x4009077fd400 size:2560 presentcount:0+1 line:519 name:var%lpctx(:)
host:0x308fdad0 device:0x4009077fee00 size:1440 presentcount:0+1 line:519 name:var%lpcty(:)
host:0x308fe0a0 device:0x4009077fe000 size:2000 presentcount:0+1 line:519 name:var%lpctz(:)
host:0x308fe8a0 device:0x4009077ff400 size:2560 presentcount:0+1 line:519 name:var%lpctx_(:)
host:0x308ff2d0 device:0x4007701f0800 size:1440 presentcount:0+1 line:519 name:var%lpcty_(:)
host:0x308ff8a0 device:0x4007701f0e00 size:2000 presentcount:0+1 line:519 name:var%lpctz_(:)
host:0x30a01a20 device:0x4009079ee800 size:11296 presentcount:0+1 line:482 name:var%i2(:)
host:0x30a04670 device:0x4009079f1600 size:11296 presentcount:0+1 line:482 name:var%i3(:)
host:0x30a072c0 device:0x4009079f4400 size:20080 presentcount:0+1 line:482 name:var%i2(:)
host:0x30a0c160 device:0x4009079f9400 size:20080 presentcount:0+1 line:482 name:var%i3(:)
host:0x30a11000 device:0x4007701f1600 size:28800 presentcount:0+2 line:482 name:var%i2(:)
host:0x30a180b0 device:0x4007701f8800 size:28800 presentcount:0+2 line:482 name:var%i3(:)
host:0x30a1f580 device:0x400908ed3800 size:921600 presentcount:0+2 line:482 name:var%index(:,:)
host:0x30b005b0 device:0x400907bf5200 size:2560 presentcount:0+1 line:569 name:var%ind1(:)
host:0x30b00fe0 device:0x400907bf5c00 size:11296 presentcount:0+1 line:569 name:var%indcol(:)
host:0x30b03c30 device:0x400907bea600 size:11296 presentcount:0+1 line:482 name:var%i2(:)
host:0x30b06880 device:0x400907bed400 size:11296 presentcount:0+1 line:482 name:var%i3(:)
host:0x30b094d0 device:0x400907bf0200 size:5040 presentcount:0+1 line:482 name:var%i2(:)
host:0x30b0a8b0 device:0x400907bf1600 size:5040 presentcount:0+1 line:482 name:var%i3(:)
host:0x30b440c0 device:0x400907bf3000 size:132 presentcount:0+1 line:499 name:var%ptri(:)
host:0x30b44170 device:0x400907bf2e00 size:132 presentcount:0+1 line:499 name:var%ni(:)
host:0x30b44220 device:0x400907bf3400 size:132 presentcount:0+1 line:499 name:var%ptr(:)
host:0x30b442d0 device:0x400907bf3200 size:132 presentcount:0+1 line:499 name:var%n(:)
host:0x30b44380 device:0x400907bf3a00 size:4 presentcount:0+1 line:499 name:var%tbli(:)
host:0x30b443b0 device:0x400907bf3800 size:132 presentcount:0+1 line:499 name:var%ptri(:)
host:0x30b44460 device:0x400907bf3600 size:132 presentcount:0+1 line:499 name:var%ni(:)
host:0x30b47260 device:0x4007701c9400 size:132 presentcount:0+1 line:499 name:var%ptr(:)
host:0x30b47310 device:0x4007701c8000 size:132 presentcount:0+1 line:499 name:var%n(:)
host:0x30b473c0 device:0x4007701ffa00 size:132 presentcount:0+1 line:499 name:var%ptri(:)
host:0x30b47470 device:0x4009077ffe00 size:132 presentcount:0+1 line:499 name:var%ni(:)
host:0x30b47520 device:0x4007701ffe00 size:132 presentcount:0+1 line:499 name:var%ptr(:)
host:0x30b475d0 device:0x4007701ffc00 size:132 presentcount:0+1 line:499 name:var%n(:)
host:0x30b47680 device:0x4009079fe600 size:132 presentcount:0+1 line:499 name:var%ptri(:)
host:0x30b47730 device:0x4009079fe400 size:132 presentcount:0+1 line:499 name:var%ni(:)
host:0x30b47960 device:0x400907bf3e00 size:1280 presentcount:0+1 line:569 name:var%ind1(:)
host:0x30b47e90 device:0x400907bf4400 size:2896 presentcount:0+1 line:569 name:var%indcol(:)
host:0x30b48a10 device:0x40077016ee00 size:180000 presentcount:0+4 line:482 name:var%i2(:)
host:0x30b74960 device:0x40077019ae00 size:180000 presentcount:0+4 line:482 name:var%i3(:)
host:0x30ba08b0 device:0x4009077bca00 size:180000 presentcount:0+8 line:482 name:var%index(:,:)
host:0x30bcc800 device:0x400907dbca00 size:180000 presentcount:0+8 line:482 name:var%i2(:)
host:0x30bf8750 device:0x400908e00000 size:180000 presentcount:0+8 line:482 name:var%i3(:)
host:0x30c24cd0 device:0x400907800000 size:1821184 presentcount:0+3 line:616 name:var%nindpw(:,:)
host:0x30de1700 device:0x4009077f5a00 size:4324 presentcount:0+2 line:405 name:var%lmbase(:)
host:0x30de2810 device:0x4007fc3ffc00 size:16 presentcount:0+2 line:430 name:var%rsmooth(:)
host:0x30de2850 device:0x4007fc3ffe00 size:400 presentcount:0+2 line:464 name:var
host:0x30de29e0 device:0x40081c1ffe00 size:400 presentcount:0+2 line:464 name:var
host:0x30de2ba0 device:0x4007701c6e00 size:4320 presentcount:0+2 line:430 name:var%nlimax(:)
host:0x30de3cb0 device:0x4007701c8200 size:4324 presentcount:0+2 line:430 name:var%lmbase(:)
host:0x30de4dc0 device:0x4007701c9600 size:4324 presentcount:0+2 line:430 name:var%nlibase(:)
host:0x30de5ed0 device:0x4007701cec00 size:17132 presentcount:0+4 line:519 name:var%nindpwconjg(:)
host:0x30dea1f0 device:0x4007701d3000 size:17132 presentcount:0+4 line:519 name:var%ind_in_sphere(:)
host:0x30f4bbf0 device:0x4009079bca00 size:180000 presentcount:0+3 line:616 name:var%pl_index(:,:)
host:0x30f77b40 device:0x400907bbca00 size:180000 presentcount:0+3 line:616 name:var%pl_col(:,:)
host:0x30fa42d0 device:0x400908600000 size:7284736 presentcount:0+3 line:616 name:var%datake(:,:,:)
host:0x31697550 device:0x400907a00000 size:1821184 presentcount:0+3 line:616 name:var%igx(:,:)
host:0x31854be0 device:0x400907600000 size:1821184 presentcount:0+3 line:616 name:var%igy(:,:)
host:0x31a12480 device:0x400907c00000 size:1821184 presentcount:0+3 line:616 name:var%igz(:,:)
host:0x31bd0350 device:0x4009df400000 size:7284272 presentcount:0+4 line:519 name:var%fftsca(:,:)
host:0x322fc490 device:0x4015c7e00000 size:926720 presentcount:0+1 line:499 name:var%tbl(:)
host:0x324c4080 device:0x4015c7ee2400 size:907200 presentcount:0+1 line:499 name:var%tbli(:)
host:0x325a3550 device:0x4015c8000000 size:907200 presentcount:0+1 line:499 name:var%tbl(:)
host:0x327f4530 device:0x400907e00000 size:7229440 presentcount:0+1 line:499 name:var%tbl(:)
host:0x335c2dc0 device:0x4015c6600000 size:7228800 presentcount:0+1 line:499 name:var%tbli(:)
host:0x33caa2a0 device:0x4015c6e00000 size:7228800 presentcount:0+1 line:499 name:var%tbl(:)
host:0x343b0290 device:0x400907dfca00 size:2048 presentcount:0+1 line:179 name:wtmp(:)
host:0x34932470 device:0x400770146400 size:41472 presentcount:0+1 line:746 name:var%auxtot(:,:,:)
host:0x34944050 device:0x400770150600 size:41472 presentcount:0+2 line:746 name:var%fertot(:,:,:)
host:0x34960030 device:0x40077015a800 size:82944 presentcount:0+2 line:746 name:var%celtot(:,:,:)
host:0x34a79290 device:0x4015c7600000 size:7228800 presentcount:0+1 line:499 name:var%tbli(:)
host:0x358dcc70 device:0x4009c7000000 size:2799360 presentcount:0+2 line:194 name:cdij(:,:,:,:)
host:0x35b8cde0 device:0x4015c8200000 size:2799360 presentcount:0+2 line:194 name:cqij(:,:,:,:)
host:0x37ad3d30 device:0x4009c7400000 size:15883776 presentcount:0+5 line:746 name:var%gproj(:,:,:,:)
host:0x38a7a340 device:0x4007dc3ff800 size:2048 presentcount:0+1 line:179 name:w1(:)
host:0x38cb0450 device:0x4007701d7400 size:98048 presentcount:0+1 line:1101 name:w1%gproj(:)
host:0x427ada60 device:0x400906600000 size:14569472 presentcount:0+1 line:202 name:precon(:,:)
host:0x43592a90 device:0x4015c819d000 size:392192 presentcount:0+2 line:1226 name:wa%gproj(:,:)
host:0x435f26c0 device:0x400908e2c000 size:392192 presentcount:0+2 line:1226 name:wa%gproj(:,:)
host:0x436522f0 device:0x400908e8bc00 size:98048 presentcount:0+1 line:1101 name:w1%gproj(:)
host:0x4366a220 device:0x400908ea3c00 size:98048 presentcount:0+1 line:1101 name:w1%gproj(:)
host:0x43682150 device:0x400908fb4800 size:98048 presentcount:0+1 line:1101 name:w1%gproj(:)
host:0x49615280 device:0x401817e00000 size:3137536 presentcount:0+2 line:1226 name:wa%gproj(:,:)
host:0x499132b0 device:0x4017bf800000 size:7284736 presentcount:0+1 line:1101 name:w1%cptwfp(:)
host:0x4a006110 device:0x401818200000 size:7284736 presentcount:0+1 line:1101 name:w1%cptwfp(:)
host:0x4a6f95a0 device:0x401818a00000 size:7284736 presentcount:0+1 line:1101 name:w1%cptwfp(:)
host:0x4aded060 device:0x401819200000 size:7284736 presentcount:0+1 line:1101 name:w1%cptwfp(:)
host:0x40063c0010a0 device:0x400909000000 size:45593280 presentcount:0+2 line:430 name:var%nli(:,:)
host:0x4006ce313bf0 device:0x400980000000 size:230400000 presentcount:0+2 line:194 name:sv(:,:)
host:0x4006dda74010 device:0x4015c8600000 size:28800000 presentcount:0+1 line:195 name:dencor(:)
host:0x4007800012b0 device:0x400920000000 size:807411968 presentcount:0+2 line:430 name:var%rproj(:)
host:0x4007b1db4430 device:0x4015ca200000 size:57835520 presentcount:0+1 line:195 name:cstrf(:,:)
host:0x4007b54e7df0 device:0x401806600000 size:29138944 presentcount:0+2 line:1226 name:wa%cptwfp(:,:)
host:0x4007b70c8000 device:0x401808200000 size:29138944 presentcount:0+2 line:1226 name:wa%cptwfp(:,:)
host:0x4008600054b0 device:0x4008c0000000 size:1180127232 presentcount:0+5 line:746 name:var%cptwfp(:,:,:,:)
host:0x4008a6588210 device:0x401809e00000 size:233111552 presentcount:0+2 line:1226 name:wa%cptwfp(:,:)
host:0x400960000230 device:0x40090bc00000 size:230400000 presentcount:0+1 line:1101 name:w1%cr(:)
host:0x40096dbc0440 device:0x40098dc00000 size:230400000 presentcount:0+1 line:1236 name:w1%cr(:)
host:0x4009a0000860 device:0x4016e6600000 size:230400000 presentcount:0+1 line:1101 name:w1%cr(:)
host:0x4009adbc0a70 device:0x401686600000 size:230400000 presentcount:0+1 line:1236 name:w1%cr(:)
host:0x400f80000e90 device:0x401386600000 size:230400000 presentcount:0+1 line:1101 name:w1%cr(:)
host:0x400f8dbc10a0 device:0x401326600000 size:230400000 presentcount:0+1 line:1236 name:w1%cr(:)
host:0x400f9b7814c0 device:0x400f66600000 size:230400000 presentcount:0+1 line:1101 name:w1%cr(:)
host:0x400fa93416d0 device:0x400f06600000 size:230400000 presentcount:0+1 line:1236 name:w1%cr(:)
host:0x401220004850 device:0x401580000000 size:921600000 presentcount:0+1 line:1005 name:cwork1(:,:)
host:0xffffd1260090 device:0x400907dfae00 size:3024 presentcount:0+12 line:682 name:var
host:0xffffd1260c60 device:0x4007dc3ff200 size:1480 presentcount:0+1 line:174 name:w_ini
host:0xffffd1261230 device:0x400907df8e00 size:1480 presentcount:0+1 line:174 name:wopt
host:0xffffd1261800 device:0x4007fc3ff200 size:1480 presentcount:0+1 line:174 name:wtmpa
allocated block device:0x40065e5ff800 size:1024 thread:1
allocated block device:0x400770146400 size:41472 thread:1
allocated block device:0x400770150600 size:41472 thread:1
allocated block device:0x40077015a800 size:82944 thread:1
allocated block device:0x40077016ec00 size:512 thread:1
allocated block device:0x40077016ee00 size:180224 thread:1
allocated block device:0x40077019ae00 size:180224 thread:1
allocated block device:0x4007701c6e00 size:4608 thread:1
allocated block device:0x4007701c8000 size:512 thread:1
allocated block device:0x4007701c8200 size:4608 thread:1
allocated block device:0x4007701c9400 size:512 thread:1
allocated block device:0x4007701c9600 size:4608 thread:1
allocated block device:0x4007701ca800 size:512 thread:1
allocated block device:0x4007701caa00 size:512 thread:1
allocated block device:0x4007701cac00 size:512 thread:1
allocated block device:0x4007701cae00 size:512 thread:1
allocated block device:0x4007701cb000 size:512 thread:1
allocated block device:0x4007701cb200 size:512 thread:1
allocated block device:0x4007701cb400 size:512 thread:1
allocated block device:0x4007701cb600 size:512 thread:1
allocated block device:0x4007701cb800 size:512 thread:1
allocated block device:0x4007701cba00 size:512 thread:1
allocated block device:0x4007701cbc00 size:5120 thread:1
allocated block device:0x4007701cd000 size:1536 thread:1
allocated block device:0x4007701cd600 size:1024 thread:1
allocated block device:0x4007701cda00 size:1024 thread:1
allocated block device:0x4007701cde00 size:1536 thread:1
allocated block device:0x4007701ce400 size:1024 thread:1
allocated block device:0x4007701ce800 size:1024 thread:1
allocated block device:0x4007701cec00 size:17408 thread:1
allocated block device:0x4007701d3000 size:17408 thread:1
allocated block device:0x4007701d7400 size:98304 thread:1
allocated block device:0x4007701ef400 size:5120 thread:1
allocated block device:0x4007701f0800 size:1536 thread:1
allocated block device:0x4007701f0e00 size:2048 thread:1
allocated block device:0x4007701f1600 size:29184 thread:1
allocated block device:0x4007701f8800 size:29184 thread:1
allocated block device:0x4007701ffa00 size:512 thread:1
allocated block device:0x4007701ffc00 size:512 thread:1
allocated block device:0x4007701ffe00 size:512 thread:1
allocated block device:0x4007dc3ff200 size:1536 thread:1
allocated block device:0x4007dc3ff800 size:2048 thread:1
allocated block device:0x4007fc3ff200 size:2048 thread:1
allocated block device:0x4007fc3ffc00 size:512 thread:1
allocated block device:0x4007fc3ffe00 size:512 thread:1
allocated block device:0x40081c1ff200 size:2560 thread:1
allocated block device:0x40081c1ffc00 size:512 thread:1
allocated block device:0x40081c1ffe00 size:512 thread:1
allocated block device:0x40083c3fec00 size:5120 thread:1
allocated block device:0x4008c0000000 size:1180127232 thread:1
allocated block device:0x400906600000 size:15883776 thread:1
allocated block device:0x400907600000 size:1821184 thread:1
allocated block device:0x4009077bca00 size:180224 thread:1
allocated block device:0x4009077e8a00 size:2048 thread:1
allocated block device:0x4009077e9200 size:512 thread:1
allocated block device:0x4009077e9400 size:4608 thread:1
allocated block device:0x4009077ea600 size:512 thread:1
allocated block device:0x4009077ea800 size:4608 thread:1
allocated block device:0x4009077eba00 size:26112 thread:1
allocated block device:0x4009077f2000 size:3072 thread:1
allocated block device:0x4009077f2c00 size:512 thread:1
allocated block device:0x4009077f2e00 size:512 thread:1
allocated block device:0x4009077f3000 size:512 thread:1
allocated block device:0x4009077f3200 size:512 thread:1
allocated block device:0x4009077f3400 size:512 thread:1
allocated block device:0x4009077f3600 size:4608 thread:1
allocated block device:0x4009077f4800 size:4608 thread:1
allocated block device:0x4009077f5a00 size:4608 thread:1
allocated block device:0x4009077f6c00 size:512 thread:1
allocated block device:0x4009077f6e00 size:24064 thread:1
allocated block device:0x4009077fcc00 size:512 thread:1
allocated block device:0x4009077fce00 size:512 thread:1
allocated block device:0x4009077fd000 size:512 thread:1
allocated block device:0x4009077fd200 size:512 thread:1
allocated block device:0x4009077fd400 size:3072 thread:1
allocated block device:0x4009077fe000 size:3072 thread:1
allocated block device:0x4009077fec00 size:512 thread:1
allocated block device:0x4009077fee00 size:1536 thread:1
allocated block device:0x4009077ff400 size:2560 thread:1
allocated block device:0x4009077ffe00 size:512 thread:1
allocated block device:0x400907800000 size:1821184 thread:1
allocated block device:0x4009079bca00 size:180224 thread:1
allocated block device:0x4009079e8a00 size:24064 thread:1
allocated block device:0x4009079ee800 size:11776 thread:1
allocated block device:0x4009079f1600 size:11776 thread:1
allocated block device:0x4009079f4400 size:20480 thread:1
allocated block device:0x4009079f9400 size:20480 thread:1
allocated block device:0x4009079fe400 size:512 thread:1
allocated block device:0x4009079fe600 size:512 thread:1
allocated block device:0x4009079fe800 size:5120 thread:1
allocated block device:0x4009079ffc00 size:1024 thread:1
allocated block device:0x400907a00000 size:1821184 thread:1
allocated block device:0x400907bbca00 size:180224 thread:1
allocated block device:0x400907be8a00 size:1536 thread:1
allocated block device:0x400907be9000 size:1024 thread:1
allocated block device:0x400907be9400 size:1536 thread:1
allocated block device:0x400907be9a00 size:1024 thread:1
allocated block device:0x400907be9e00 size:1024 thread:1
allocated block device:0x400907bea200 size:1024 thread:1
allocated block device:0x400907bea600 size:11776 thread:1
allocated block device:0x400907bed400 size:11776 thread:1
allocated block device:0x400907bf0200 size:5120 thread:1
allocated block device:0x400907bf1600 size:5120 thread:1
allocated block device:0x400907bf2a00 size:512 thread:1
allocated block device:0x400907bf2c00 size:512 thread:1
allocated block device:0x400907bf2e00 size:512 thread:1
allocated block device:0x400907bf3000 size:512 thread:1
allocated block device:0x400907bf3200 size:512 thread:1
allocated block device:0x400907bf3400 size:512 thread:1
allocated block device:0x400907bf3600 size:512 thread:1
allocated block device:0x400907bf3800 size:512 thread:1
allocated block device:0x400907bf3a00 size:512 thread:1
allocated block device:0x400907bf3c00 size:512 thread:1
allocated block device:0x400907bf3e00 size:1536 thread:1
allocated block device:0x400907bf4400 size:3072 thread:1
allocated block device:0x400907bf5000 size:512 thread:1
allocated block device:0x400907bf5200 size:2560 thread:1
allocated block device:0x400907bf5c00 size:11776 thread:1
allocated block device:0x400907bf8a00 size:28672 thread:1
allocated block device:0x400907bffa00 size:512 thread:1
allocated block device:0x400907c00000 size:1821184 thread:1
allocated block device:0x400907dbca00 size:180224 thread:1
allocated block device:0x400907de8a00 size:40448 thread:1
allocated block device:0x400907df2800 size:8192 thread:1
allocated block device:0x400907df4800 size:8192 thread:1
allocated block device:0x400907df6800 size:8192 thread:1
allocated block device:0x400907df8e00 size:1536 thread:1
allocated block device:0x400907dfae00 size:3072 thread:1
allocated block device:0x400907dfca00 size:3072 thread:1
allocated block device:0x400907e00000 size:7284736 thread:1
allocated block device:0x400908600000 size:7284736 thread:1
allocated block device:0x400908e00000 size:180224 thread:1
allocated block device:0x400908e2c000 size:392192 thread:1
allocated block device:0x400908e8bc00 size:98304 thread:1
allocated block device:0x400908ea3c00 size:98304 thread:1
allocated block device:0x400908ed3800 size:921600 thread:1
allocated block device:0x400908fb4800 size:98304 thread:1
allocated block device:0x400909000000 size:45593600 thread:1
allocated block device:0x40090bc00000 size:230400000 thread:1
allocated block device:0x400920000000 size:807412224 thread:1
allocated block device:0x400980000000 size:230400000 thread:1
allocated block device:0x40098dc00000 size:230400000 thread:1
allocated block device:0x4009c7000000 size:2799616 thread:1
allocated block device:0x4009c7400000 size:15883776 thread:1
allocated block device:0x4009df400000 size:7284736 thread:1
allocated block device:0x400f06600000 size:230400000 thread:1
allocated block device:0x400f66600000 size:230400000 thread:1
allocated block device:0x401326600000 size:230400000 thread:1
allocated block device:0x401386600000 size:230400000 thread:1
allocated block device:0x401580000000 size:1180127232 thread:1
allocated block device:0x4015c6600000 size:7228928 thread:1
allocated block device:0x4015c6e00000 size:7228928 thread:1
allocated block device:0x4015c7600000 size:7228928 thread:1
allocated block device:0x4015c7e00000 size:926720 thread:1
allocated block device:0x4015c7ee2400 size:907264 thread:1
allocated block device:0x4015c7fbfc00 size:40448 thread:1
allocated block device:0x4015c8000000 size:907264 thread:1
allocated block device:0x4015c819d000 size:392192 thread:1
allocated block device:0x4015c8200000 size:2799616 thread:1
allocated block device:0x4015c8600000 size:28800000 thread:1
allocated block device:0x4015ca200000 size:57835520 thread:1
allocated block device:0x401686600000 size:230400000 thread:1
allocated block device:0x4016e6600000 size:230400000 thread:1
allocated block device:0x4017bf800000 size:7284736 thread:1
allocated block device:0x401806600000 size:29138944 thread:1
allocated block device:0x401808200000 size:29138944 thread:1
allocated block device:0x401809e00000 size:233111552 thread:1
allocated block device:0x401817e00000 size:3137536 thread:1
allocated block device:0x401818200000 size:7284736 thread:1
allocated block device:0x401818a00000 size:7284736 thread:1
allocated block device:0x401819200000 size:7284736 thread:1
Accelerator Fatal Error: call to cuMemAlloc returned error 2 (CUDA_ERROR_OUT_OF_MEMORY): Out of memory
 File: /lus/lfs1aip2/projects/u6cb/software/VASP/vasp.6.5.1/build/gam/fft_base.f90
 Function: restride_r2q_cmplx:945
 Line: 964

Out of memory allocating 921600000 bytes of device memory
Failing in Thread:1
total/free CUDA memory: 102005473280/144441344
Present table dump for device[1]: NVIDIA Tesla GPU 0, compute capability 9.0, threadid=1
Hint: specify 0x800 bit in NV_ACC_DEBUG for verbose info.
host:0x2557280 device:0x4007c77ea600 size:32 presentcount:0+3 line:643 name:var%comm
host:0x25572a0 device:0x4006303ca800 size:32 presentcount:0+4 line:652 name:var%comm_kinter
host:0x25572c0 device:0x4006303caa00 size:32 presentcount:0+6 line:655 name:var%comm_kin
host:0x25572e0 device:0x4006303ca200 size:32 presentcount:0+3 line:646 name:var%comm_inter
host:0x2557300 device:0x4006303ca400 size:32 presentcount:0+7 line:649 name:var%comm_inb
host:0x256be80 device:0x40051a0ecd00 size:8 presentcount:0+1 line:-1 name:_setexm_struct_def_21
host:0x2576f40 device:0x40051a0ece00 size:28 presentcount:0+1 line:-1 name:_ml_ff_constant_21
host:0x2577c80 device:0x40051a0ecf00 size:30437 presentcount:0+1 line:-1 name:_ml_ff_taglist_21
host:0x25afc80 device:0x40051a0f4600 size:8 presentcount:0+1 line:-1 name:_mopenacc_tutor_21
host:0x25c2740 device:0x40051a0f4a00 size:32 presentcount:0+1 line:-1 name:_mbj_21
host:0x25cd640 device:0x40051a0f4d00 size:8 presentcount:0+1 line:-1 name:_sym_prec_21
host:0x26030c0 device:0x40051a0f4e00 size:344 presentcount:0+1 line:-1 name:_tet_21
host:0x261c840 device:0x40051a0f5000 size:392 presentcount:0+1 line:-1 name:_mymath_21
host:0x2817368 device:0x4006303cb600 size:4800 presentcount:0+2 line:614 name:var
host:0x2818628 device:0x4007c77e8a00 size:1984 presentcount:0+2 line:403 name:var
host:0x281a910 device:0x40051e5ff600 size:864 presentcount:0+4 line:2639 name:hamiltonian
host:0x286ac80 device:0x4007c77f2000 size:2712 presentcount:0+2 line:428 name:var
host:0x286b718 device:0x4006dc1ff200 size:2248 presentcount:0+1 line:742 name:var
host:0x286eb50 device:0x4007c7bff400 size:288 presentcount:0+1 line:195 name:latt_cur
host:0x2871658 device:0x4006fc3fe800 size:5088 presentcount:0+28 line:517 name:var
host:0x2872a38 device:0x4007c79fe400 size:5088 presentcount:0+6 line:517 name:var
host:0x2873e18 device:0x4006303eee00 size:5088 presentcount:0+7 line:517 name:var
host:0x287a2a8 device:0x4007c7bf3600 size:304 presentcount:0+1 line:567 name:var
host:0x287a3d8 device:0x4007c7bf4a00 size:304 presentcount:0+1 line:567 name:var
host:0x2e48ec0 device:0x40051a002600 size:960024 presentcount:0+1 line:-1 name:_setexm_struct_def_16
host:0x2f8f080 device:0x40051a0f4700 size:580 presentcount:0+1 line:-1 name:_wpbe_16
host:0x2f8f900 device:0x40051a0f4b00 size:288 presentcount:0+1 line:-1 name:_mbj_16
host:0x9f446c0 device:0x40051a0f5200 size:624 presentcount:0+1 line:-1 name:_mlr_optic_16
host:0x188f4430 device:0x4006303ce200 size:1000 presentcount:0+4 line:519 name:var%lpctz_(:)
host:0x18985e80 device:0x4007c77f2e00 size:8 presentcount:0+3 line:616 name:var%nityp(:)
host:0x18985eb0 device:0x4007c77f2c00 size:8 presentcount:0+3 line:616 name:var%lmmax(:)
host:0x18999120 device:0x4006303cd400 size:1000 presentcount:0+4 line:519 name:var%lpctz(:)
host:0x189d5090 device:0x4007c77f3200 size:24 presentcount:0+3 line:616 name:var%vkpt(:,:)
host:0x1d8576f0 device:0x4006303ca600 size:8 presentcount:0+4 line:405 name:var%nityp(:)
host:0x1dd969c0 device:0x4007c7bea000 size:528 presentcount:0+1 line:480 name:var
host:0x1e057320 device:0x4007c79ffe00 size:132 presentcount:0+1 line:499 name:var%ptr(:)
host:0x1e1b4e60 device:0x4007c77f3400 size:8 presentcount:0+2 line:616 name:var%wtkpt(:)
host:0x1e1c1ae0 device:0x4007c7bf8400 size:28464 presentcount:0+1 line:853 name:var(:)
host:0x1e1d4260 device:0x401487fb6200 size:40000 presentcount:0+1 line:857 name:var%psp(:,:)
host:0x1e1dded0 device:0x4007c7df6800 size:8000 presentcount:0+1 line:857 name:var%psprho(:)
host:0x1e1e1160 device:0x4007c79e8a00 size:24000 presentcount:0+2 line:466 name:var%psprnl(:,:,:)
host:0x1e210b40 device:0x4007c77f4800 size:4320 presentcount:0+4 line:405 name:var%ityp(:)
host:0x1e211c50 device:0x4007c77eba00 size:25920 presentcount:0+4 line:405 name:var%posion(:,:)
host:0x1e254f00 device:0x4007c7df2800 size:8000 presentcount:0+1 line:857 name:var%pspcor(:)
host:0x1e256e70 device:0x4007c7df4800 size:8000 presentcount:0+1 line:857 name:var%psprho(:)
host:0x1e25a930 device:0x4006303ffe00 size:132 presentcount:0+1 line:499 name:var%n(:)
host:0x1e25a9e0 device:0x4007c7de8a00 size:40000 presentcount:0+1 line:857 name:var%psp(:,:)
host:0x1e264650 device:0x4007c77f6e00 size:24000 presentcount:0+2 line:466 name:var%psprnl(:,:,:)
host:0x1e2b0de0 device:0x4006fc3ffc00 size:24 presentcount:0+3 line:466 name:var%lps(:)
host:0x1e2b0e90 device:0x4006bc3ffa00 size:24 presentcount:0+3 line:466 name:var%lps(:)
host:0x1e32c960 device:0x4006303cb400 size:16 presentcount:0+2 line:430 name:var%psrmax(:)
host:0x1e32cf20 device:0x4007c77f3600 size:4320 presentcount:0+3 line:616 name:var%ityp(:)
host:0x1e32e030 device:0x4007c77f3000 size:8 presentcount:0+3 line:616 name:var%nt_global(:)
host:0x1e32e060 device:0x4007c77ea800 size:4320 presentcount:0+3 line:616 name:var%npro_pos(:)
host:0x1e32f170 device:0x4007c77e9400 size:4324 presentcount:0+3 line:616 name:var%lmbase(:)
host:0x1e330280 device:0x4007c77fcc00 size:4 presentcount:0+2 line:616 name:var%nplwkp(:)
host:0x1e3302b0 device:0x4007c77fce00 size:4 presentcount:0+2 line:616 name:var%nplwkp_tot(:)
host:0x1e3302e0 device:0x4007c77fd000 size:4 presentcount:0+2 line:616 name:var%ngvector_pos(:)
host:0x1e330310 device:0x4007c77f6c00 size:4 presentcount:0+2 line:616 name:var%ngvector(:)
host:0x1e330340 device:0x4006303cca00 size:1280 presentcount:0+4 line:519 name:var%lpctx(:)
host:0x1e330870 device:0x4006303cd000 size:720 presentcount:0+4 line:519 name:var%lpcty(:)
host:0x1e330b70 device:0x4006303cd800 size:1280 presentcount:0+4 line:519 name:var%lpctx_(:)
host:0x1e3310a0 device:0x4006303cde00 size:720 presentcount:0+4 line:519 name:var%lpcty_(:)
host:0x1e3313a0 device:0x4007c79ff800 size:1280 presentcount:0+1 line:519 name:var%lpctx(:)
host:0x1e3318d0 device:0x4007c7be8a00 size:720 presentcount:0+1 line:519 name:var%lpcty(:)
host:0x1e331bd0 device:0x4007c7be8e00 size:1000 presentcount:0+1 line:519 name:var%lpctz(:)
host:0x1e331fe0 device:0x4007c7be9200 size:1280 presentcount:0+1 line:519 name:var%lpctx_(:)
host:0x1e332510 device:0x4007c7be9800 size:720 presentcount:0+1 line:519 name:var%lpcty_(:)
host:0x1e332810 device:0x4007c7be9c00 size:1000 presentcount:0+1 line:519 name:var%lpctz_(:)
host:0x1e332c20 device:0x4007c77fd400 size:2560 presentcount:0+1 line:519 name:var%lpctx(:)
host:0x1e333650 device:0x4007c77fee00 size:1440 presentcount:0+1 line:519 name:var%lpcty(:)
host:0x1e333c20 device:0x4007c77fe000 size:2000 presentcount:0+1 line:519 name:var%lpctz(:)
host:0x1e334420 device:0x4007c77ff400 size:2560 presentcount:0+1 line:519 name:var%lpctx_(:)
host:0x1e334e50 device:0x4006303f0200 size:1440 presentcount:0+1 line:519 name:var%lpcty_(:)
host:0x1e335420 device:0x4006303f0800 size:2000 presentcount:0+1 line:519 name:var%lpctz_(:)
host:0x1e4375a0 device:0x4007c79ee800 size:11296 presentcount:0+1 line:482 name:var%i2(:)
host:0x1e43a1f0 device:0x4007c79f1600 size:11296 presentcount:0+1 line:482 name:var%i3(:)
host:0x1e43ce40 device:0x4007c79f4400 size:20080 presentcount:0+1 line:482 name:var%i2(:)
host:0x1e441ce0 device:0x4007c79f9400 size:20080 presentcount:0+1 line:482 name:var%i3(:)
host:0x1e446b80 device:0x4006303f1000 size:28800 presentcount:0+2 line:482 name:var%i2(:)
host:0x1e44dc30 device:0x4006303f8200 size:28800 presentcount:0+2 line:482 name:var%i3(:)
host:0x1e455100 device:0x4007c8ed3800 size:921600 presentcount:0+2 line:482 name:var%index(:,:)
host:0x1e536130 device:0x4007c7bf4c00 size:2560 presentcount:0+1 line:569 name:var%ind1(:)
host:0x1e536b60 device:0x4007c7bf5600 size:11296 presentcount:0+1 line:569 name:var%indcol(:)
host:0x1e5397b0 device:0x4007c7bea400 size:11296 presentcount:0+1 line:482 name:var%i2(:)
host:0x1e53c400 device:0x4007c7bed200 size:11296 presentcount:0+1 line:482 name:var%i3(:)
host:0x1e53f050 device:0x4007c7bf0000 size:5040 presentcount:0+1 line:482 name:var%i2(:)
host:0x1e540430 device:0x4007c7bf1400 size:5040 presentcount:0+1 line:482 name:var%i3(:)
host:0x1e541810 device:0x4006303c6c00 size:4320 presentcount:0+2 line:430 name:var%nlimax(:)
host:0x1e542920 device:0x4006303c7e00 size:4324 presentcount:0+2 line:430 name:var%lmbase(:)
host:0x1e543a30 device:0x4006303c9000 size:4324 presentcount:0+2 line:430 name:var%nlibase(:)
host:0x1e544b40 device:0x4006303ce600 size:17132 presentcount:0+4 line:519 name:var%nindpwconjg(:)
host:0x1e548e60 device:0x4006303d2a00 size:17132 presentcount:0+4 line:519 name:var%ind_in_sphere(:)
host:0x1e54fdd0 device:0x4006bc3ffe00 size:132 presentcount:0+1 line:499 name:var%ptr(:)
host:0x1e54fe80 device:0x4006bc3ffc00 size:132 presentcount:0+1 line:499 name:var%n(:)
host:0x1e54ff30 device:0x4006303ff400 size:132 presentcount:0+1 line:499 name:var%ptri(:)
host:0x1e54ffe0 device:0x4007c77ffe00 size:132 presentcount:0+1 line:499 name:var%ni(:)
host:0x1e550090 device:0x4006303ff800 size:132 presentcount:0+1 line:499 name:var%ptr(:)
host:0x1e550140 device:0x4006303ff600 size:132 presentcount:0+1 line:499 name:var%n(:)
host:0x1e5501f0 device:0x4006303ffc00 size:132 presentcount:0+1 line:499 name:var%ptri(:)
host:0x1e5502a0 device:0x4006303ffa00 size:132 presentcount:0+1 line:499 name:var%ni(:)
host:0x1e551040 device:0x4007c7bf2a00 size:132 presentcount:0+1 line:499 name:var%ptri(:)
host:0x1e5510f0 device:0x4007c7bf2800 size:132 presentcount:0+1 line:499 name:var%ni(:)
host:0x1e5511a0 device:0x4007c7bf2e00 size:132 presentcount:0+1 line:499 name:var%ptr(:)
host:0x1e551250 device:0x4007c7bf2c00 size:132 presentcount:0+1 line:499 name:var%n(:)
host:0x1e551300 device:0x4007c7bf3400 size:4 presentcount:0+1 line:499 name:var%tbli(:)
host:0x1e551330 device:0x4007c7bf3200 size:132 presentcount:0+1 line:499 name:var%ptri(:)
host:0x1e5513e0 device:0x4007c7bf3000 size:132 presentcount:0+1 line:499 name:var%ni(:)
host:0x1e57d4e0 device:0x4007c7bf3800 size:1280 presentcount:0+1 line:569 name:var%ind1(:)
host:0x1e57da10 device:0x4007c7bf3e00 size:2772 presentcount:0+1 line:569 name:var%indcol(:)
host:0x1e57e510 device:0x40063036ec00 size:180000 presentcount:0+4 line:482 name:var%i2(:)
host:0x1e5aa460 device:0x40063039ac00 size:180000 presentcount:0+4 line:482 name:var%i3(:)
host:0x1e5d63b0 device:0x4007c77bca00 size:180000 presentcount:0+8 line:482 name:var%index(:,:)
host:0x1e602300 device:0x4007c7dbca00 size:180000 presentcount:0+8 line:482 name:var%i2(:)
host:0x1e62e250 device:0x4007c8e00000 size:180000 presentcount:0+8 line:482 name:var%i3(:)
host:0x1e65a7d0 device:0x4007c7800000 size:1821184 presentcount:0+3 line:616 name:var%nindpw(:,:)
host:0x1e817200 device:0x4007c77e9200 size:8 presentcount:0+2 line:616 name:var%nb_totk(:,:)
host:0x1e817230 device:0x4007c77fd200 size:4 presentcount:0+2 line:616 name:var%luseinv(:)
host:0x1e817260 device:0x4006303cb000 size:4 presentcount:0+2 line:616 name:var%at_gamma(:)
host:0x1e817290 device:0x4007c79bca00 size:180000 presentcount:0+3 line:616 name:var%pl_index(:,:)
host:0x1e8431e0 device:0x4007c7bbca00 size:180000 presentcount:0+3 line:616 name:var%pl_col(:,:)
host:0x1e86f130 device:0x4007c77fec00 size:8 presentcount:0+2 line:405 name:var%lmmax(:)
host:0x1e86f160 device:0x4006303cac00 size:8 presentcount:0+2 line:430 name:var%lmax(:)
host:0x1e86f190 device:0x4007c77f5a00 size:4324 presentcount:0+2 line:405 name:var%lmbase(:)
host:0x1e8702a0 device:0x4006303cae00 size:8 presentcount:0+2 line:430 name:var%lmmax(:)
host:0x1e8702d0 device:0x4006303cb200 size:8 presentcount:0+2 line:430 name:var%channels(:)
host:0x1e870300 device:0x4006dc1ffc00 size:16 presentcount:0+2 line:430 name:var%rsmooth(:)
host:0x1e870340 device:0x4006dc1ffe00 size:400 presentcount:0+2 line:464 name:var
host:0x1e8704d0 device:0x4006fc3ffe00 size:400 presentcount:0+2 line:464 name:var
host:0x1eaac300 device:0x4007c8600000 size:7284736 presentcount:0+3 line:616 name:var%datake(:,:,:)
host:0x1f19f580 device:0x4007c7a00000 size:1821184 presentcount:0+3 line:616 name:var%igx(:,:)
host:0x1f35cc10 device:0x4007c7600000 size:1821184 presentcount:0+3 line:616 name:var%igy(:,:)
host:0x1f51a4b0 device:0x4007c7c00000 size:1821184 presentcount:0+3 line:616 name:var%igz(:,:)
host:0x1f6d8380 device:0x40089f400000 size:7284272 presentcount:0+4 line:519 name:var%fftsca(:,:)
host:0x1fdcc090 device:0x401487e00000 size:887040 presentcount:0+1 line:499 name:var%tbl(:)
host:0x1fec41a0 device:0x4007c7dfc400 size:2048 presentcount:0+1 line:179 name:wtmp(:)
host:0x1ff80680 device:0x401487ed8a00 size:907200 presentcount:0+1 line:499 name:var%tbli(:)
host:0x2005fb50 device:0x401488000000 size:907200 presentcount:0+1 line:499 name:var%tbl(:)
host:0x202b0b30 device:0x4007c7e00000 size:7229440 presentcount:0+1 line:499 name:var%tbl(:)
host:0x20b55f70 device:0x40063035a800 size:82944 presentcount:0+2 line:746 name:var%celtot(:,:,:)
host:0x20c52420 device:0x400630346400 size:41472 presentcount:0+1 line:746 name:var%auxtot(:,:,:)
host:0x20c72420 device:0x400630350600 size:41472 presentcount:0+2 line:746 name:var%fertot(:,:,:)
host:0x20da8890 device:0x400887000000 size:2799360 presentcount:0+2 line:194 name:cdij(:,:,:,:)
host:0x2107f3c0 device:0x401486600000 size:7228800 presentcount:0+1 line:499 name:var%tbli(:)
host:0x217668a0 device:0x401486e00000 size:7228800 presentcount:0+1 line:499 name:var%tbl(:)
host:0x22535890 device:0x401487600000 size:7228800 presentcount:0+1 line:499 name:var%tbli(:)
host:0x23306e10 device:0x401488200000 size:2799360 presentcount:0+2 line:194 name:cqij(:,:,:,:)
host:0x25590330 device:0x400887400000 size:15883776 presentcount:0+5 line:746 name:var%gproj(:,:,:,:)
host:0x26536f70 device:0x4007c7bff600 size:2048 presentcount:0+1 line:179 name:w1(:)
host:0x2676dce0 device:0x4006303d6e00 size:98048 presentcount:0+1 line:1101 name:w1%gproj(:)
host:0x301c7000 device:0x4016d9a00000 size:14569472 presentcount:0+1 line:202 name:precon(:,:)
host:0x30fac030 device:0x40148819d000 size:392192 presentcount:0+2 line:1226 name:wa%gproj(:,:)
host:0x3100bc60 device:0x4007c8e2c000 size:392192 presentcount:0+2 line:1226 name:wa%gproj(:,:)
host:0x3106b890 device:0x4007c8e8bc00 size:98048 presentcount:0+1 line:1101 name:w1%gproj(:)
host:0x310837c0 device:0x4007c8ea3c00 size:98048 presentcount:0+1 line:1101 name:w1%gproj(:)
host:0x3109b6f0 device:0x4007c8fb4800 size:98048 presentcount:0+1 line:1101 name:w1%gproj(:)
host:0x3702e820 device:0x4016d7e00000 size:3137536 presentcount:0+2 line:1226 name:wa%gproj(:,:)
host:0x3732c850 device:0x40167f800000 size:7284736 presentcount:0+1 line:1101 name:w1%cptwfp(:)
host:0x37a1f6b0 device:0x4016d8200000 size:7284736 presentcount:0+1 line:1101 name:w1%cptwfp(:)
host:0x38112b40 device:0x4016d8a00000 size:7284736 presentcount:0+1 line:1101 name:w1%cptwfp(:)
host:0x38806600 device:0x4016d9200000 size:7284736 presentcount:0+1 line:1101 name:w1%cptwfp(:)
host:0x4004fc2410a0 device:0x4007c9000000 size:45593280 presentcount:0+2 line:430 name:var%nli(:,:)
host:0x40059da54010 device:0x401488600000 size:28800000 presentcount:0+1 line:195 name:dencor(:)
host:0x4006400012b0 device:0x4007e0000000 size:807411968 presentcount:0+2 line:430 name:var%rproj(:)
host:0x400670213bf0 device:0x400840000000 size:230400000 presentcount:0+2 line:194 name:sv(:,:)
host:0x400720004430 device:0x40148a200000 size:57835520 presentcount:0+1 line:195 name:cstrf(:,:)
host:0x4007237354b0 device:0x400780000000 size:1180127232 presentcount:0+5 line:746 name:var%cptwfp(:,:,:,:)
host:0x400769cb7df0 device:0x4016c6600000 size:29138944 presentcount:0+2 line:1226 name:wa%cptwfp(:,:)
host:0x40076b898000 device:0x4016c8200000 size:29138944 presentcount:0+2 line:1226 name:wa%cptwfp(:,:)
host:0x40076d478210 device:0x4016c9e00000 size:233111552 presentcount:0+2 line:1226 name:wa%cptwfp(:,:)
host:0x400820000230 device:0x4007cbc00000 size:230400000 presentcount:0+1 line:1101 name:w1%cr(:)
host:0x40082dbc0440 device:0x40084dc00000 size:230400000 presentcount:0+1 line:1236 name:w1%cr(:)
host:0x400860000860 device:0x4015a6600000 size:230400000 presentcount:0+1 line:1101 name:w1%cr(:)
host:0x40086dbc0a70 device:0x401546600000 size:230400000 presentcount:0+1 line:1236 name:w1%cr(:)
host:0x400e40000e90 device:0x401246600000 size:230400000 presentcount:0+1 line:1101 name:w1%cr(:)
host:0x400e4dbc10a0 device:0x4011e6600000 size:230400000 presentcount:0+1 line:1236 name:w1%cr(:)
host:0x400e5b7814c0 device:0x400e26600000 size:230400000 presentcount:0+1 line:1101 name:w1%cr(:)
host:0x400e693416d0 device:0x400dc6600000 size:230400000 presentcount:0+1 line:1236 name:w1%cr(:)
host:0xffffe246e040 device:0x40069c3ff200 size:3024 presentcount:0+12 line:682 name:var
host:0xffffe246ec10 device:0x40051e5ffa00 size:1480 presentcount:0+1 line:174 name:w_ini
host:0xffffe246f1e0 device:0x4007c7df8800 size:1480 presentcount:0+1 line:174 name:wopt
host:0xffffe246f7b0 device:0x4006bc3ff200 size:1480 presentcount:0+1 line:174 name:wtmpa
allocated block device:0x40051e5ff600 size:1024 thread:1
allocated block device:0x40051e5ffa00 size:1536 thread:1
allocated block device:0x400630346400 size:41472 thread:1
allocated block device:0x400630350600 size:41472 thread:1
allocated block device:0x40063035a800 size:82944 thread:1
allocated block device:0x40063036ec00 size:180224 thread:1
allocated block device:0x40063039ac00 size:180224 thread:1
allocated block device:0x4006303c6c00 size:4608 thread:1
allocated block device:0x4006303c7e00 size:4608 thread:1
allocated block device:0x4006303c9000 size:4608 thread:1
allocated block device:0x4006303ca200 size:512 thread:1
allocated block device:0x4006303ca400 size:512 thread:1
allocated block device:0x4006303ca600 size:512 thread:1
allocated block device:0x4006303ca800 size:512 thread:1
allocated block device:0x4006303caa00 size:512 thread:1
allocated block device:0x4006303cac00 size:512 thread:1
allocated block device:0x4006303cae00 size:512 thread:1
allocated block device:0x4006303cb000 size:512 thread:1
allocated block device:0x4006303cb200 size:512 thread:1
allocated block device:0x4006303cb400 size:512 thread:1
allocated block device:0x4006303cb600 size:5120 thread:1
allocated block device:0x4006303cca00 size:1536 thread:1
allocated block device:0x4006303cd000 size:1024 thread:1
allocated block device:0x4006303cd400 size:1024 thread:1
allocated block device:0x4006303cd800 size:1536 thread:1
allocated block device:0x4006303cde00 size:1024 thread:1
allocated block device:0x4006303ce200 size:1024 thread:1
allocated block device:0x4006303ce600 size:17408 thread:1
allocated block device:0x4006303d2a00 size:17408 thread:1
allocated block device:0x4006303d6e00 size:98304 thread:1
allocated block device:0x4006303eee00 size:5120 thread:1
allocated block device:0x4006303f0200 size:1536 thread:1
allocated block device:0x4006303f0800 size:2048 thread:1
allocated block device:0x4006303f1000 size:29184 thread:1
allocated block device:0x4006303f8200 size:29184 thread:1
allocated block device:0x4006303ff400 size:512 thread:1
allocated block device:0x4006303ff600 size:512 thread:1
allocated block device:0x4006303ff800 size:512 thread:1
allocated block device:0x4006303ffa00 size:512 thread:1
allocated block device:0x4006303ffc00 size:512 thread:1
allocated block device:0x4006303ffe00 size:512 thread:1
allocated block device:0x40069c3ff200 size:3072 thread:1
allocated block device:0x4006bc3ff200 size:2048 thread:1
allocated block device:0x4006bc3ffa00 size:512 thread:1
allocated block device:0x4006bc3ffc00 size:512 thread:1
allocated block device:0x4006bc3ffe00 size:512 thread:1
allocated block device:0x4006dc1ff200 size:2560 thread:1
allocated block device:0x4006dc1ffc00 size:512 thread:1
allocated block device:0x4006dc1ffe00 size:512 thread:1
allocated block device:0x4006fc3fe800 size:5120 thread:1
allocated block device:0x4006fc3ffc00 size:512 thread:1
allocated block device:0x4006fc3ffe00 size:512 thread:1
allocated block device:0x400780000000 size:1180127232 thread:1
allocated block device:0x4007c7600000 size:1821184 thread:1
allocated block device:0x4007c77bca00 size:180224 thread:1
allocated block device:0x4007c77e8a00 size:2048 thread:1
allocated block device:0x4007c77e9200 size:512 thread:1
allocated block device:0x4007c77e9400 size:4608 thread:1
allocated block device:0x4007c77ea600 size:512 thread:1
allocated block device:0x4007c77ea800 size:4608 thread:1
allocated block device:0x4007c77eba00 size:26112 thread:1
allocated block device:0x4007c77f2000 size:3072 thread:1
allocated block device:0x4007c77f2c00 size:512 thread:1
allocated block device:0x4007c77f2e00 size:512 thread:1
allocated block device:0x4007c77f3000 size:512 thread:1
allocated block device:0x4007c77f3200 size:512 thread:1
allocated block device:0x4007c77f3400 size:512 thread:1
allocated block device:0x4007c77f3600 size:4608 thread:1
allocated block device:0x4007c77f4800 size:4608 thread:1
allocated block device:0x4007c77f5a00 size:4608 thread:1
allocated block device:0x4007c77f6c00 size:512 thread:1
allocated block device:0x4007c77f6e00 size:24064 thread:1
allocated block device:0x4007c77fcc00 size:512 thread:1
allocated block device:0x4007c77fce00 size:512 thread:1
allocated block device:0x4007c77fd000 size:512 thread:1
allocated block device:0x4007c77fd200 size:512 thread:1
allocated block device:0x4007c77fd400 size:3072 thread:1
allocated block device:0x4007c77fe000 size:3072 thread:1
allocated block device:0x4007c77fec00 size:512 thread:1
allocated block device:0x4007c77fee00 size:1536 thread:1
allocated block device:0x4007c77ff400 size:2560 thread:1
allocated block device:0x4007c77ffe00 size:512 thread:1
allocated block device:0x4007c7800000 size:1821184 thread:1
allocated block device:0x4007c79bca00 size:180224 thread:1
allocated block device:0x4007c79e8a00 size:24064 thread:1
allocated block device:0x4007c79ee800 size:11776 thread:1
allocated block device:0x4007c79f1600 size:11776 thread:1
allocated block device:0x4007c79f4400 size:20480 thread:1
allocated block device:0x4007c79f9400 size:20480 thread:1
allocated block device:0x4007c79fe400 size:5120 thread:1
allocated block device:0x4007c79ff800 size:1536 thread:1
allocated block device:0x4007c79ffe00 size:512 thread:1
allocated block device:0x4007c7a00000 size:1821184 thread:1
allocated block device:0x4007c7bbca00 size:180224 thread:1
allocated block device:0x4007c7be8a00 size:1024 thread:1
allocated block device:0x4007c7be8e00 size:1024 thread:1
allocated block device:0x4007c7be9200 size:1536 thread:1
allocated block device:0x4007c7be9800 size:1024 thread:1
allocated block device:0x4007c7be9c00 size:1024 thread:1
allocated block device:0x4007c7bea000 size:1024 thread:1
allocated block device:0x4007c7bea400 size:11776 thread:1
allocated block device:0x4007c7bed200 size:11776 thread:1
allocated block device:0x4007c7bf0000 size:5120 thread:1
allocated block device:0x4007c7bf1400 size:5120 thread:1
allocated block device:0x4007c7bf2800 size:512 thread:1
allocated block device:0x4007c7bf2a00 size:512 thread:1
allocated block device:0x4007c7bf2c00 size:512 thread:1
allocated block device:0x4007c7bf2e00 size:512 thread:1
allocated block device:0x4007c7bf3000 size:512 thread:1
allocated block device:0x4007c7bf3200 size:512 thread:1
allocated block device:0x4007c7bf3400 size:512 thread:1
allocated block device:0x4007c7bf3600 size:512 thread:1
allocated block device:0x4007c7bf3800 size:1536 thread:1
allocated block device:0x4007c7bf3e00 size:3072 thread:1
allocated block device:0x4007c7bf4a00 size:512 thread:1
allocated block device:0x4007c7bf4c00 size:2560 thread:1
allocated block device:0x4007c7bf5600 size:11776 thread:1
allocated block device:0x4007c7bf8400 size:28672 thread:1
allocated block device:0x4007c7bff400 size:512 thread:1
allocated block device:0x4007c7bff600 size:2048 thread:1
allocated block device:0x4007c7c00000 size:1821184 thread:1
allocated block device:0x4007c7dbca00 size:180224 thread:1
allocated block device:0x4007c7de8a00 size:40448 thread:1
allocated block device:0x4007c7df2800 size:8192 thread:1
allocated block device:0x4007c7df4800 size:8192 thread:1
allocated block device:0x4007c7df6800 size:8192 thread:1
allocated block device:0x4007c7df8800 size:1536 thread:1
allocated block device:0x4007c7dfc400 size:3072 thread:1
allocated block device:0x4007c7e00000 size:7284736 thread:1
allocated block device:0x4007c8600000 size:7284736 thread:1
allocated block device:0x4007c8e00000 size:180224 thread:1
allocated block device:0x4007c8e2c000 size:392192 thread:1
allocated block device:0x4007c8e8bc00 size:98304 thread:1
allocated block device:0x4007c8ea3c00 size:98304 thread:1
allocated block device:0x4007c8ed3800 size:921600 thread:1
allocated block device:0x4007c8fb4800 size:98304 thread:1
allocated block device:0x4007c9000000 size:45593600 thread:1
allocated block device:0x4007cbc00000 size:230400000 thread:1
allocated block device:0x4007e0000000 size:807412224 thread:1
allocated block device:0x400840000000 size:230400000 thread:1
allocated block device:0x40084dc00000 size:230400000 thread:1
allocated block device:0x400887000000 size:2799616 thread:1
allocated block device:0x400887400000 size:15883776 thread:1
allocated block device:0x40089f400000 size:7284736 thread:1
allocated block device:0x400dc6600000 size:230400000 thread:1
allocated block device:0x400e26600000 size:230400000 thread:1
allocated block device:0x4011e6600000 size:230400000 thread:1
allocated block device:0x401246600000 size:230400000 thread:1
allocated block device:0x401486600000 size:7228928 thread:1
allocated block device:0x401486e00000 size:7228928 thread:1
allocated block device:0x401487600000 size:7228928 thread:1
allocated block device:0x401487e00000 size:887296 thread:1
allocated block device:0x401487ed8a00 size:907264 thread:1
allocated block device:0x401487fb6200 size:40448 thread:1
allocated block device:0x401488000000 size:907264 thread:1
allocated block device:0x40148819d000 size:392192 thread:1
allocated block device:0x401488200000 size:2799616 thread:1
allocated block device:0x401488600000 size:28800000 thread:1
allocated block device:0x40148a200000 size:57835520 thread:1
allocated block device:0x401546600000 size:230400000 thread:1
allocated block device:0x4015a6600000 size:230400000 thread:1
allocated block device:0x40167f800000 size:7284736 thread:1
allocated block device:0x4016c6600000 size:29138944 thread:1
allocated block device:0x4016c8200000 size:29138944 thread:1
allocated block device:0x4016c9e00000 size:233111552 thread:1
allocated block device:0x4016d7e00000 size:3137536 thread:1
allocated block device:0x4016d8200000 size:7284736 thread:1
allocated block device:0x4016d8a00000 size:7284736 thread:1
allocated block device:0x4016d9200000 size:7284736 thread:1
allocated block device:0x4016d9a00000 size:14569472 thread:1
Accelerator Fatal Error: call to cuMemAlloc returned error 2 (CUDA_ERROR_OUT_OF_MEMORY): Out of memory
 File: /lus/lfs1aip2/projects/u6cb/software/VASP/vasp.6.5.1/build/gam/hamil.f90
 Function: hamiltmu:978
 Line: 1005

Out of memory allocating 921600000 bytes of device memory
Failing in Thread:1
total/free CUDA memory: 102005473280/29097984
Present table dump for device[1]: NVIDIA Tesla GPU 0, compute capability 9.0, threadid=1
Hint: specify 0x800 bit in NV_ACC_DEBUG for verbose info.
host:0x2557280 device:0x4006a77ea600 size:32 presentcount:0+3 line:643 name:var%comm
host:0x25572a0 device:0x40050c1cae00 size:32 presentcount:0+4 line:652 name:var%comm_kinter
host:0x25572c0 device:0x40050c1cb000 size:32 presentcount:0+6 line:655 name:var%comm_kin
host:0x25572e0 device:0x40050c1ca800 size:32 presentcount:0+3 line:646 name:var%comm_inter
host:0x2557300 device:0x40050c1caa00 size:32 presentcount:0+7 line:649 name:var%comm_inb
host:0x256be80 device:0x40041a0ecd00 size:8 presentcount:0+1 line:-1 name:_setexm_struct_def_21
host:0x2576f40 device:0x40041a0ece00 size:28 presentcount:0+1 line:-1 name:_ml_ff_constant_21
host:0x2577c80 device:0x40041a0ecf00 size:30437 presentcount:0+1 line:-1 name:_ml_ff_taglist_21
host:0x25afc80 device:0x40041a0f4600 size:8 presentcount:0+1 line:-1 name:_mopenacc_tutor_21
host:0x25c2740 device:0x40041a0f4a00 size:32 presentcount:0+1 line:-1 name:_mbj_21
host:0x25cd640 device:0x40041a0f4d00 size:8 presentcount:0+1 line:-1 name:_sym_prec_21
host:0x26030c0 device:0x40041a0f4e00 size:344 presentcount:0+1 line:-1 name:_tet_21
host:0x261c840 device:0x40041a0f5000 size:392 presentcount:0+1 line:-1 name:_mymath_21
host:0x2817368 device:0x40050c1cbc00 size:4800 presentcount:0+2 line:614 name:var
host:0x2818628 device:0x4006a77e8a00 size:1984 presentcount:0+2 line:403 name:var
host:0x281a910 device:0x40041e5ff800 size:864 presentcount:0+4 line:2639 name:hamiltonian
host:0x286ac80 device:0x4006a77f2000 size:2712 presentcount:0+2 line:428 name:var
host:0x286b718 device:0x4005bc1ff200 size:2248 presentcount:0+1 line:742 name:var
host:0x286eb50 device:0x4006a7bffa00 size:288 presentcount:0+1 line:195 name:latt_cur
host:0x2871658 device:0x4005dc3fec00 size:5088 presentcount:0+28 line:517 name:var
host:0x2872a38 device:0x4006a79fe800 size:5088 presentcount:0+6 line:517 name:var
host:0x2873e18 device:0x40050c1ef400 size:5088 presentcount:0+7 line:517 name:var
host:0x287a2a8 device:0x4006a7bf3c00 size:304 presentcount:0+1 line:567 name:var
host:0x287a3d8 device:0x4006a7bf5000 size:304 presentcount:0+1 line:567 name:var
host:0x2e48ec0 device:0x40041a002600 size:960024 presentcount:0+1 line:-1 name:_setexm_struct_def_16
host:0x2f8f080 device:0x40041a0f4700 size:580 presentcount:0+1 line:-1 name:_wpbe_16
host:0x2f8f900 device:0x40041a0f4b00 size:288 presentcount:0+1 line:-1 name:_mbj_16
host:0x9f446c0 device:0x40041a0f5200 size:624 presentcount:0+1 line:-1 name:_mlr_optic_16
host:0x257dee00 device:0x4006a77f3200 size:24 presentcount:0+3 line:616 name:var%vkpt(:,:)
host:0x257deed0 device:0x4006a77f3400 size:8 presentcount:0+2 line:616 name:var%wtkpt(:)
host:0x257def00 device:0x4006a77f2e00 size:8 presentcount:0+3 line:616 name:var%nityp(:)
host:0x257df130 device:0x40050c1cba00 size:16 presentcount:0+2 line:430 name:var%psrmax(:)
host:0x257df170 device:0x4006a77f2c00 size:8 presentcount:0+3 line:616 name:var%lmmax(:)
host:0x257df1a0 device:0x4006a77f3000 size:8 presentcount:0+3 line:616 name:var%nt_global(:)
host:0x257df1d0 device:0x4006a77fcc00 size:4 presentcount:0+2 line:616 name:var%nplwkp(:)
host:0x257df200 device:0x4006a77fce00 size:4 presentcount:0+2 line:616 name:var%nplwkp_tot(:)
host:0x257df230 device:0x4006a77fd000 size:4 presentcount:0+2 line:616 name:var%ngvector_pos(:)
host:0x257df260 device:0x4006a77f6c00 size:4 presentcount:0+2 line:616 name:var%ngvector(:)
host:0x257df290 device:0x4006a77e9200 size:8 presentcount:0+2 line:616 name:var%nb_totk(:,:)
host:0x257e4430 device:0x40050c1ce800 size:1000 presentcount:0+4 line:519 name:var%lpctz_(:)
host:0x258891a0 device:0x40050c1cda00 size:1000 presentcount:0+4 line:519 name:var%lpctz(:)
host:0x258e6010 device:0x4006a7bea200 size:528 presentcount:0+1 line:480 name:var
host:0x29bc0920 device:0x40050c1cac00 size:8 presentcount:0+4 line:405 name:var%nityp(:)
host:0x2a4e7ce0 device:0x4006a7bf8a00 size:28464 presentcount:0+1 line:853 name:var(:)
host:0x2a4fa460 device:0x401367fbfc00 size:40000 presentcount:0+1 line:857 name:var%psp(:,:)
host:0x2a5040d0 device:0x4006a7df6800 size:8000 presentcount:0+1 line:857 name:var%psprho(:)
host:0x2a507360 device:0x4006a79e8a00 size:24000 presentcount:0+2 line:466 name:var%psprnl(:,:,:)
host:0x2a536d40 device:0x4006a77f4800 size:4320 presentcount:0+4 line:405 name:var%ityp(:)
host:0x2a537e50 device:0x4006a77eba00 size:25920 presentcount:0+4 line:405 name:var%posion(:,:)
host:0x2a5791a0 device:0x4006a7bf2c00 size:132 presentcount:0+1 line:499 name:var%ptr(:)
host:0x2a57b260 device:0x4006a7df2800 size:8000 presentcount:0+1 line:857 name:var%pspcor(:)
host:0x2a57d1d0 device:0x4006a7df4800 size:8000 presentcount:0+1 line:857 name:var%psprho(:)
host:0x2a580c90 device:0x4006a7bf2a00 size:132 presentcount:0+1 line:499 name:var%n(:)
host:0x2a580d40 device:0x4006a7de8a00 size:40000 presentcount:0+1 line:857 name:var%psp(:,:)
host:0x2a58a9b0 device:0x4006a77f6e00 size:24000 presentcount:0+2 line:466 name:var%psprnl(:,:,:)
host:0x2a5d7130 device:0x4005bc1ffc00 size:24 presentcount:0+3 line:466 name:var%lps(:)
host:0x2a5d71e0 device:0x40050c16ec00 size:24 presentcount:0+3 line:466 name:var%lps(:)
host:0x2abc5b70 device:0x4006a77f3600 size:4320 presentcount:0+3 line:616 name:var%ityp(:)
host:0x2abc6c80 device:0x4006a77ea800 size:4320 presentcount:0+3 line:616 name:var%npro_pos(:)
host:0x2abc7d90 device:0x4006a77e9400 size:4324 presentcount:0+3 line:616 name:var%lmbase(:)
host:0x2abc8ea0 device:0x40050c1cd000 size:1280 presentcount:0+4 line:519 name:var%lpctx(:)
host:0x2abc93d0 device:0x40050c1cd600 size:720 presentcount:0+4 line:519 name:var%lpcty(:)
host:0x2abc96d0 device:0x40050c1cde00 size:1280 presentcount:0+4 line:519 name:var%lpctx_(:)
host:0x2abc9c00 device:0x40050c1ce400 size:720 presentcount:0+4 line:519 name:var%lpcty_(:)
host:0x2abc9f00 device:0x4006a7be8a00 size:1280 presentcount:0+1 line:519 name:var%lpctx(:)
host:0x2abca430 device:0x4006a79ffc00 size:720 presentcount:0+1 line:519 name:var%lpcty(:)
host:0x2abca730 device:0x4006a7be9000 size:1000 presentcount:0+1 line:519 name:var%lpctz(:)
host:0x2abcab40 device:0x4006a7be9400 size:1280 presentcount:0+1 line:519 name:var%lpctx_(:)
host:0x2abcb070 device:0x4006a7be9a00 size:720 presentcount:0+1 line:519 name:var%lpcty_(:)
host:0x2abcb370 device:0x4006a7be9e00 size:1000 presentcount:0+1 line:519 name:var%lpctz_(:)
host:0x2abcb780 device:0x4006a77fd400 size:2560 presentcount:0+1 line:519 name:var%lpctx(:)
host:0x2abcc1b0 device:0x4006a77fee00 size:1440 presentcount:0+1 line:519 name:var%lpcty(:)
host:0x2abcc780 device:0x4006a77fe000 size:2000 presentcount:0+1 line:519 name:var%lpctz(:)
host:0x2abccf80 device:0x4006a77ff400 size:2560 presentcount:0+1 line:519 name:var%lpctx_(:)
host:0x2abcd9b0 device:0x40050c1f0800 size:1440 presentcount:0+1 line:519 name:var%lpcty_(:)
host:0x2abcdf80 device:0x40050c1f0e00 size:2000 presentcount:0+1 line:519 name:var%lpctz_(:)
host:0x2abeeec0 device:0x4006a79ee800 size:11296 presentcount:0+1 line:482 name:var%i2(:)
host:0x2abf1b10 device:0x4006a79f1600 size:11296 presentcount:0+1 line:482 name:var%i3(:)
host:0x2abf4760 device:0x4006a79f4400 size:20080 presentcount:0+1 line:482 name:var%i2(:)
host:0x2abf9600 device:0x4006a79f9400 size:20080 presentcount:0+1 line:482 name:var%i3(:)
host:0x2abfe4a0 device:0x40050c1f1600 size:28800 presentcount:0+2 line:482 name:var%i2(:)
host:0x2ac05550 device:0x40050c1f8800 size:28800 presentcount:0+2 line:482 name:var%i3(:)
host:0x2ac0c600 device:0x4006a7bf5200 size:2560 presentcount:0+1 line:569 name:var%ind1(:)
host:0x2ac0d030 device:0x4006a7bf5c00 size:11296 presentcount:0+1 line:569 name:var%indcol(:)
host:0x2ac0fc80 device:0x4006a7bea600 size:11296 presentcount:0+1 line:482 name:var%i2(:)
host:0x2ac128d0 device:0x4006a7bed400 size:11296 presentcount:0+1 line:482 name:var%i3(:)
host:0x2ac15520 device:0x4006a7bf0200 size:5040 presentcount:0+1 line:482 name:var%i2(:)
host:0x2ac16900 device:0x4006a7bf1600 size:5040 presentcount:0+1 line:482 name:var%i3(:)
host:0x2ac17ce0 device:0x40050c1d3000 size:17132 presentcount:0+4 line:519 name:var%ind_in_sphere(:)
host:0x2ac1c000 device:0x40050c1c9400 size:132 presentcount:0+1 line:499 name:var%ptr(:)
host:0x2ac1c0b0 device:0x40050c1c8000 size:132 presentcount:0+1 line:499 name:var%n(:)
host:0x2ac1c160 device:0x40050c1ffa00 size:132 presentcount:0+1 line:499 name:var%ptri(:)
host:0x2ac1c210 device:0x4006a77ffe00 size:132 presentcount:0+1 line:499 name:var%ni(:)
host:0x2ac1c2c0 device:0x40050c1ffe00 size:132 presentcount:0+1 line:499 name:var%ptr(:)
host:0x2ac1c370 device:0x40050c1ffc00 size:132 presentcount:0+1 line:499 name:var%n(:)
host:0x2ac1c420 device:0x4006a79fe600 size:132 presentcount:0+1 line:499 name:var%ptri(:)
host:0x2ac1c4d0 device:0x4006a79fe400 size:132 presentcount:0+1 line:499 name:var%ni(:)
host:0x2ac539b0 device:0x4006a7bf3e00 size:1280 presentcount:0+1 line:569 name:var%ind1(:)
host:0x2ac53ee0 device:0x4006a7bf4400 size:2896 presentcount:0+1 line:569 name:var%indcol(:)
host:0x2ac54a60 device:0x40050c16ee00 size:180000 presentcount:0+4 line:482 name:var%i2(:)
host:0x2ac809b0 device:0x4006a77fd200 size:4 presentcount:0+2 line:616 name:var%luseinv(:)
host:0x2ac809e0 device:0x40050c1cb600 size:4 presentcount:0+2 line:616 name:var%at_gamma(:)
host:0x2ac80a10 device:0x4006a77fec00 size:8 presentcount:0+2 line:405 name:var%lmmax(:)
host:0x2ac80a40 device:0x40050c1cb200 size:8 presentcount:0+2 line:430 name:var%lmax(:)
host:0x2ac80a70 device:0x4006a77f5a00 size:4324 presentcount:0+2 line:405 name:var%lmbase(:)
host:0x2ac81b80 device:0x40050c1cb400 size:8 presentcount:0+2 line:430 name:var%lmmax(:)
host:0x2ac81bb0 device:0x40050c1cb800 size:8 presentcount:0+2 line:430 name:var%channels(:)
host:0x2ac81be0 device:0x40059c3ffc00 size:16 presentcount:0+2 line:430 name:var%rsmooth(:)
host:0x2ac81c20 device:0x40059c3ffe00 size:400 presentcount:0+2 line:464 name:var
host:0x2ac81db0 device:0x4005bc1ffe00 size:400 presentcount:0+2 line:464 name:var
host:0x2ac81f70 device:0x40050c1c6e00 size:4320 presentcount:0+2 line:430 name:var%nlimax(:)
host:0x2ac83080 device:0x40050c1c8200 size:4324 presentcount:0+2 line:430 name:var%lmbase(:)
host:0x2ac84190 device:0x40050c1c9600 size:4324 presentcount:0+2 line:430 name:var%nlibase(:)
host:0x2ac852a0 device:0x40050c1cec00 size:17132 presentcount:0+4 line:519 name:var%nindpwconjg(:)
host:0x2ac8c0a0 device:0x4006a7bf3000 size:132 presentcount:0+1 line:499 name:var%ptri(:)
host:0x2ac8c150 device:0x4006a7bf2e00 size:132 presentcount:0+1 line:499 name:var%ni(:)
host:0x2ac8c200 device:0x4006a7bf3400 size:132 presentcount:0+1 line:499 name:var%ptr(:)
host:0x2ac8c2b0 device:0x4006a7bf3200 size:132 presentcount:0+1 line:499 name:var%n(:)
host:0x2ac8c360 device:0x4006a7bf3a00 size:4 presentcount:0+1 line:499 name:var%tbli(:)
host:0x2ac8c390 device:0x4006a7bf3800 size:132 presentcount:0+1 line:499 name:var%ptri(:)
host:0x2ac8c440 device:0x4006a7bf3600 size:132 presentcount:0+1 line:499 name:var%ni(:)
host:0x2aeb3620 device:0x4006a8ed3800 size:921600 presentcount:0+2 line:482 name:var%index(:,:)
host:0x2af94650 device:0x40050c19ae00 size:180000 presentcount:0+4 line:482 name:var%i3(:)
host:0x2afc05a0 device:0x4006a77bca00 size:180000 presentcount:0+8 line:482 name:var%index(:,:)
host:0x2afec4f0 device:0x4006a7dbca00 size:180000 presentcount:0+8 line:482 name:var%i2(:)
host:0x2b018440 device:0x4006a8e00000 size:180000 presentcount:0+8 line:482 name:var%i3(:)
host:0x2b0449c0 device:0x4006a7800000 size:1821184 presentcount:0+3 line:616 name:var%nindpw(:,:)
host:0x2b2013f0 device:0x4006a79bca00 size:180000 presentcount:0+3 line:616 name:var%pl_index(:,:)
host:0x2b22d340 device:0x4006a7bbca00 size:180000 presentcount:0+3 line:616 name:var%pl_col(:,:)
host:0x2b259ad0 device:0x4006a8600000 size:7284736 presentcount:0+3 line:616 name:var%datake(:,:,:)
host:0x2b94cd50 device:0x4006a7a00000 size:1821184 presentcount:0+3 line:616 name:var%igx(:,:)
host:0x2bb0a3e0 device:0x4006a7600000 size:1821184 presentcount:0+3 line:616 name:var%igy(:,:)
host:0x2bcc7c80 device:0x4006a7c00000 size:1821184 presentcount:0+3 line:616 name:var%igz(:,:)
host:0x2be85b50 device:0x40077f400000 size:7284272 presentcount:0+4 line:519 name:var%fftsca(:,:)
host:0x2c5ea0c0 device:0x401367e00000 size:926720 presentcount:0+1 line:499 name:var%tbl(:)
host:0x2c7b1cb0 device:0x401367ee2400 size:907200 presentcount:0+1 line:499 name:var%tbli(:)
host:0x2c891180 device:0x401368000000 size:907200 presentcount:0+1 line:499 name:var%tbl(:)
host:0x2cae2160 device:0x4006a7e00000 size:7229440 presentcount:0+1 line:499 name:var%tbl(:)
host:0x2d212420 device:0x40050c146400 size:41472 presentcount:0+1 line:746 name:var%auxtot(:,:,:)
host:0x2d2a2420 device:0x40050c150600 size:41472 presentcount:0+2 line:746 name:var%fertot(:,:,:)
host:0x2d2b0030 device:0x40050c15a800 size:82944 presentcount:0+2 line:746 name:var%celtot(:,:,:)
host:0x2d490ab0 device:0x4013681fcc00 size:2048 presentcount:0+1 line:179 name:w1(:)
host:0x2d540a30 device:0x401368200000 size:2799360 presentcount:0+2 line:194 name:cqij(:,:,:,:)
host:0x2d8b09f0 device:0x401366600000 size:7228800 presentcount:0+1 line:499 name:var%tbli(:)
host:0x2df97ed0 device:0x401366e00000 size:7228800 presentcount:0+1 line:499 name:var%tbl(:)
host:0x2ed66ec0 device:0x401367600000 size:7228800 presentcount:0+1 line:499 name:var%tbli(:)
host:0x2fec5880 device:0x400767000000 size:2799360 presentcount:0+2 line:194 name:cdij(:,:,:,:)
host:0x31dc1960 device:0x400767400000 size:15883776 presentcount:0+5 line:746 name:var%gproj(:,:,:,:)
host:0x32d67ac0 device:0x40057c3ff800 size:2048 presentcount:0+1 line:179 name:wtmp(:)
host:0x32f9de50 device:0x40050c1d7400 size:98048 presentcount:0+1 line:1101 name:w1%gproj(:)
host:0x3cc312a0 device:0x4015ba200000 size:14569472 presentcount:0+1 line:202 name:precon(:,:)
host:0x3da162d0 device:0x40136819d000 size:392192 presentcount:0+2 line:1226 name:wa%gproj(:,:)
host:0x3da75f00 device:0x4006a8e2c000 size:392192 presentcount:0+2 line:1226 name:wa%gproj(:,:)
host:0x3dad5b30 device:0x4006a8e8bc00 size:98048 presentcount:0+1 line:1101 name:w1%gproj(:)
host:0x3daeda60 device:0x4006a8ea3c00 size:98048 presentcount:0+1 line:1101 name:w1%gproj(:)
host:0x3db05990 device:0x4006a8fb4800 size:98048 presentcount:0+1 line:1101 name:w1%gproj(:)
host:0x43a98b40 device:0x4015b7e00000 size:3137536 presentcount:0+2 line:1226 name:wa%gproj(:,:)
host:0x43d96b70 device:0x4015b8200000 size:7284736 presentcount:0+1 line:1101 name:w1%cptwfp(:)
host:0x444899d0 device:0x4015b8a00000 size:7284736 presentcount:0+1 line:1101 name:w1%cptwfp(:)
host:0x44b7ce60 device:0x4015b9200000 size:7284736 presentcount:0+1 line:1101 name:w1%cptwfp(:)
host:0x45270920 device:0x4015b9a00000 size:7284736 presentcount:0+1 line:1101 name:w1%cptwfp(:)
host:0x4003fc0010a0 device:0x4006a9000000 size:45593280 presentcount:0+2 line:430 name:var%nli(:,:)
host:0x4005200012b0 device:0x4006c0000000 size:807411968 presentcount:0+2 line:430 name:var%rproj(:)
host:0x400550213bf0 device:0x400720000000 size:230400000 presentcount:0+2 line:194 name:sv(:,:)
host:0x400600004010 device:0x401368600000 size:28800000 presentcount:0+1 line:195 name:dencor(:)
host:0x400603724430 device:0x40136a200000 size:57835520 presentcount:0+1 line:195 name:cstrf(:,:)
host:0x400606e554b0 device:0x400660000000 size:1180127232 presentcount:0+5 line:746 name:var%cptwfp(:,:,:,:)
host:0x40064d3d7df0 device:0x4015a6600000 size:29138944 presentcount:0+2 line:1226 name:wa%cptwfp(:,:)
host:0x40064efb8000 device:0x4015a8200000 size:29138944 presentcount:0+2 line:1226 name:wa%cptwfp(:,:)
host:0x400650b98210 device:0x4015a9e00000 size:233111552 presentcount:0+2 line:1226 name:wa%cptwfp(:,:)
host:0x400700000230 device:0x401486600000 size:230400000 presentcount:0+1 line:1101 name:w1%cr(:)
host:0x40070dbc0440 device:0x401426600000 size:230400000 presentcount:0+1 line:1236 name:w1%cr(:)
host:0x400740000860 device:0x401126600000 size:230400000 presentcount:0+1 line:1101 name:w1%cr(:)
host:0x40074dbc0a70 device:0x4010c6600000 size:230400000 presentcount:0+1 line:1236 name:w1%cr(:)
host:0x400d20000e90 device:0x400d06600000 size:230400000 presentcount:0+1 line:1101 name:w1%cr(:)
host:0x400d2dbc10a0 device:0x400ca6600000 size:230400000 presentcount:0+1 line:1236 name:w1%cr(:)
host:0x400d3b7814c0 device:0x400c46600000 size:230400000 presentcount:0+1 line:1101 name:w1%cr(:)
host:0x400d493416d0 device:0x400be6600000 size:230400000 presentcount:0+1 line:1236 name:w1%cr(:)
host:0xffffc24825e0 device:0x4006a7dfae00 size:3024 presentcount:0+12 line:682 name:var
host:0xffffc24831b0 device:0x40057c3ff200 size:1480 presentcount:0+1 line:174 name:w_ini
host:0xffffc2483780 device:0x4006a7df8e00 size:1480 presentcount:0+1 line:174 name:wopt
host:0xffffc2483d50 device:0x40059c3ff200 size:1480 presentcount:0+1 line:174 name:wtmpa
allocated block device:0x40041e5ff800 size:1024 thread:1
allocated block device:0x40050c146400 size:41472 thread:1
allocated block device:0x40050c150600 size:41472 thread:1
allocated block device:0x40050c15a800 size:82944 thread:1
allocated block device:0x40050c16ec00 size:512 thread:1
allocated block device:0x40050c16ee00 size:180224 thread:1
allocated block device:0x40050c19ae00 size:180224 thread:1
allocated block device:0x40050c1c6e00 size:4608 thread:1
allocated block device:0x40050c1c8000 size:512 thread:1
allocated block device:0x40050c1c8200 size:4608 thread:1
allocated block device:0x40050c1c9400 size:512 thread:1
allocated block device:0x40050c1c9600 size:4608 thread:1
allocated block device:0x40050c1ca800 size:512 thread:1
allocated block device:0x40050c1caa00 size:512 thread:1
allocated block device:0x40050c1cac00 size:512 thread:1
allocated block device:0x40050c1cae00 size:512 thread:1
allocated block device:0x40050c1cb000 size:512 thread:1
allocated block device:0x40050c1cb200 size:512 thread:1
allocated block device:0x40050c1cb400 size:512 thread:1
allocated block device:0x40050c1cb600 size:512 thread:1
allocated block device:0x40050c1cb800 size:512 thread:1
allocated block device:0x40050c1cba00 size:512 thread:1
allocated block device:0x40050c1cbc00 size:5120 thread:1
allocated block device:0x40050c1cd000 size:1536 thread:1
allocated block device:0x40050c1cd600 size:1024 thread:1
allocated block device:0x40050c1cda00 size:1024 thread:1
allocated block device:0x40050c1cde00 size:1536 thread:1
allocated block device:0x40050c1ce400 size:1024 thread:1
allocated block device:0x40050c1ce800 size:1024 thread:1
allocated block device:0x40050c1cec00 size:17408 thread:1
allocated block device:0x40050c1d3000 size:17408 thread:1
allocated block device:0x40050c1d7400 size:98304 thread:1
allocated block device:0x40050c1ef400 size:5120 thread:1
allocated block device:0x40050c1f0800 size:1536 thread:1
allocated block device:0x40050c1f0e00 size:2048 thread:1
allocated block device:0x40050c1f1600 size:29184 thread:1
allocated block device:0x40050c1f8800 size:29184 thread:1
allocated block device:0x40050c1ffa00 size:512 thread:1
allocated block device:0x40050c1ffc00 size:512 thread:1
allocated block device:0x40050c1ffe00 size:512 thread:1
allocated block device:0x40057c3ff200 size:1536 thread:1
allocated block device:0x40057c3ff800 size:2048 thread:1
allocated block device:0x40059c3ff200 size:2048 thread:1
allocated block device:0x40059c3ffc00 size:512 thread:1
allocated block device:0x40059c3ffe00 size:512 thread:1
allocated block device:0x4005bc1ff200 size:2560 thread:1
allocated block device:0x4005bc1ffc00 size:512 thread:1
allocated block device:0x4005bc1ffe00 size:512 thread:1
allocated block device:0x4005dc3fec00 size:5120 thread:1
allocated block device:0x400660000000 size:1180127232 thread:1
allocated block device:0x4006a7600000 size:1821184 thread:1
allocated block device:0x4006a77bca00 size:180224 thread:1
allocated block device:0x4006a77e8a00 size:2048 thread:1
allocated block device:0x4006a77e9200 size:512 thread:1
allocated block device:0x4006a77e9400 size:4608 thread:1
allocated block device:0x4006a77ea600 size:512 thread:1
allocated block device:0x4006a77ea800 size:4608 thread:1
allocated block device:0x4006a77eba00 size:26112 thread:1
allocated block device:0x4006a77f2000 size:3072 thread:1
allocated block device:0x4006a77f2c00 size:512 thread:1
allocated block device:0x4006a77f2e00 size:512 thread:1
allocated block device:0x4006a77f3000 size:512 thread:1
allocated block device:0x4006a77f3200 size:512 thread:1
allocated block device:0x4006a77f3400 size:512 thread:1
allocated block device:0x4006a77f3600 size:4608 thread:1
allocated block device:0x4006a77f4800 size:4608 thread:1
allocated block device:0x4006a77f5a00 size:4608 thread:1
allocated block device:0x4006a77f6c00 size:512 thread:1
allocated block device:0x4006a77f6e00 size:24064 thread:1
allocated block device:0x4006a77fcc00 size:512 thread:1
allocated block device:0x4006a77fce00 size:512 thread:1
allocated block device:0x4006a77fd000 size:512 thread:1
allocated block device:0x4006a77fd200 size:512 thread:1
allocated block device:0x4006a77fd400 size:3072 thread:1
allocated block device:0x4006a77fe000 size:3072 thread:1
allocated block device:0x4006a77fec00 size:512 thread:1
allocated block device:0x4006a77fee00 size:1536 thread:1
allocated block device:0x4006a77ff400 size:2560 thread:1
allocated block device:0x4006a77ffe00 size:512 thread:1
allocated block device:0x4006a7800000 size:1821184 thread:1
allocated block device:0x4006a79bca00 size:180224 thread:1
allocated block device:0x4006a79e8a00 size:24064 thread:1
allocated block device:0x4006a79ee800 size:11776 thread:1
allocated block device:0x4006a79f1600 size:11776 thread:1
allocated block device:0x4006a79f4400 size:20480 thread:1
allocated block device:0x4006a79f9400 size:20480 thread:1
allocated block device:0x4006a79fe400 size:512 thread:1
allocated block device:0x4006a79fe600 size:512 thread:1
allocated block device:0x4006a79fe800 size:5120 thread:1
allocated block device:0x4006a79ffc00 size:1024 thread:1
allocated block device:0x4006a7a00000 size:1821184 thread:1
allocated block device:0x4006a7bbca00 size:180224 thread:1
allocated block device:0x4006a7be8a00 size:1536 thread:1
allocated block device:0x4006a7be9000 size:1024 thread:1
allocated block device:0x4006a7be9400 size:1536 thread:1
allocated block device:0x4006a7be9a00 size:1024 thread:1
allocated block device:0x4006a7be9e00 size:1024 thread:1
allocated block device:0x4006a7bea200 size:1024 thread:1
allocated block device:0x4006a7bea600 size:11776 thread:1
allocated block device:0x4006a7bed400 size:11776 thread:1
allocated block device:0x4006a7bf0200 size:5120 thread:1
allocated block device:0x4006a7bf1600 size:5120 thread:1
allocated block device:0x4006a7bf2a00 size:512 thread:1
allocated block device:0x4006a7bf2c00 size:512 thread:1
allocated block device:0x4006a7bf2e00 size:512 thread:1
allocated block device:0x4006a7bf3000 size:512 thread:1
allocated block device:0x4006a7bf3200 size:512 thread:1
allocated block device:0x4006a7bf3400 size:512 thread:1
allocated block device:0x4006a7bf3600 size:512 thread:1
allocated block device:0x4006a7bf3800 size:512 thread:1
allocated block device:0x4006a7bf3a00 size:512 thread:1
allocated block device:0x4006a7bf3c00 size:512 thread:1
allocated block device:0x4006a7bf3e00 size:1536 thread:1
allocated block device:0x4006a7bf4400 size:3072 thread:1
allocated block device:0x4006a7bf5000 size:512 thread:1
allocated block device:0x4006a7bf5200 size:2560 thread:1
allocated block device:0x4006a7bf5c00 size:11776 thread:1
allocated block device:0x4006a7bf8a00 size:28672 thread:1
allocated block device:0x4006a7bffa00 size:512 thread:1
allocated block device:0x4006a7c00000 size:1821184 thread:1
allocated block device:0x4006a7dbca00 size:180224 thread:1
allocated block device:0x4006a7de8a00 size:40448 thread:1
allocated block device:0x4006a7df2800 size:8192 thread:1
allocated block device:0x4006a7df4800 size:8192 thread:1
allocated block device:0x4006a7df6800 size:8192 thread:1
allocated block device:0x4006a7df8e00 size:1536 thread:1
allocated block device:0x4006a7dfae00 size:3072 thread:1
allocated block device:0x4006a7e00000 size:7284736 thread:1
allocated block device:0x4006a8600000 size:7284736 thread:1
allocated block device:0x4006a8e00000 size:180224 thread:1
allocated block device:0x4006a8e2c000 size:392192 thread:1
allocated block device:0x4006a8e8bc00 size:98304 thread:1
allocated block device:0x4006a8ea3c00 size:98304 thread:1
allocated block device:0x4006a8ed3800 size:921600 thread:1
allocated block device:0x4006a8fb4800 size:98304 thread:1
allocated block device:0x4006a9000000 size:45593600 thread:1
allocated block device:0x4006c0000000 size:807412224 thread:1
allocated block device:0x400720000000 size:230400000 thread:1
allocated block device:0x400767000000 size:2799616 thread:1
allocated block device:0x400767400000 size:15883776 thread:1
allocated block device:0x40077f400000 size:7284736 thread:1
allocated block device:0x400be6600000 size:230400000 thread:1
allocated block device:0x400c46600000 size:230400000 thread:1
allocated block device:0x400ca6600000 size:230400000 thread:1
allocated block device:0x400d06600000 size:230400000 thread:1
allocated block device:0x4010c6600000 size:230400000 thread:1
allocated block device:0x401126600000 size:230400000 thread:1
allocated block device:0x401366600000 size:7228928 thread:1
allocated block device:0x401366e00000 size:7228928 thread:1
allocated block device:0x401367600000 size:7228928 thread:1
allocated block device:0x401367e00000 size:926720 thread:1
allocated block device:0x401367ee2400 size:907264 thread:1
allocated block device:0x401367fbfc00 size:40448 thread:1
allocated block device:0x401368000000 size:907264 thread:1
allocated block device:0x40136819d000 size:392192 thread:1
allocated block device:0x4013681fcc00 size:2048 thread:1
allocated block device:0x401368200000 size:2799616 thread:1
allocated block device:0x401368600000 size:28800000 thread:1
allocated block device:0x40136a200000 size:57835520 thread:1
allocated block device:0x401426600000 size:230400000 thread:1
allocated block device:0x401486600000 size:230400000 thread:1
allocated block device:0x4015a6600000 size:29138944 thread:1
allocated block device:0x4015a8200000 size:29138944 thread:1
allocated block device:0x4015a9e00000 size:233111552 thread:1
allocated block device:0x4015b7e00000 size:3137536 thread:1
allocated block device:0x4015b8200000 size:7284736 thread:1
allocated block device:0x4015b8a00000 size:7284736 thread:1
allocated block device:0x4015b9200000 size:7284736 thread:1
allocated block device:0x4015b9a00000 size:7284736 thread:1
allocated block device:0x4015ba200000 size:14569472 thread:1
Accelerator Fatal Error: call to cuMemAlloc returned error 2 (CUDA_ERROR_OUT_OF_MEMORY): Out of memory
 File: /lus/lfs1aip2/projects/u6cb/software/VASP/vasp.6.5.1/build/gam/hamil.f90
 Function: hamiltmu:978
 Line: 1005

Out of memory allocating 921600000 bytes of device memory
Failing in Thread:1
total/free CUDA memory: 102005473280/11278221312
Present table dump for device[1]: NVIDIA Tesla GPU 0, compute capability 9.0, threadid=1
Hint: specify 0x800 bit in NV_ACC_DEBUG for verbose info.
host:0x2557280 device:0x4006c77ea600 size:32 presentcount:0+3 line:643 name:var%comm
host:0x25572a0 device:0x40052c3ca800 size:32 presentcount:0+4 line:652 name:var%comm_kinter
host:0x25572c0 device:0x40052c3caa00 size:32 presentcount:0+6 line:655 name:var%comm_kin
host:0x25572e0 device:0x40052c3ca200 size:32 presentcount:0+3 line:646 name:var%comm_inter
host:0x2557300 device:0x40052c3ca400 size:32 presentcount:0+7 line:649 name:var%comm_inb
host:0x256be80 device:0x40041a0ecd00 size:8 presentcount:0+1 line:-1 name:_setexm_struct_def_21
host:0x2576f40 device:0x40041a0ece00 size:28 presentcount:0+1 line:-1 name:_ml_ff_constant_21
host:0x2577c80 device:0x40041a0ecf00 size:30437 presentcount:0+1 line:-1 name:_ml_ff_taglist_21
host:0x25afc80 device:0x40041a0f4600 size:8 presentcount:0+1 line:-1 name:_mopenacc_tutor_21
host:0x25c2740 device:0x40041a0f4a00 size:32 presentcount:0+1 line:-1 name:_mbj_21
host:0x25cd640 device:0x40041a0f4d00 size:8 presentcount:0+1 line:-1 name:_sym_prec_21
host:0x26030c0 device:0x40041a0f4e00 size:344 presentcount:0+1 line:-1 name:_tet_21
host:0x261c840 device:0x40041a0f5000 size:392 presentcount:0+1 line:-1 name:_mymath_21
host:0x2817368 device:0x40052c3cb600 size:4800 presentcount:0+2 line:614 name:var
host:0x2818628 device:0x4006c77e8a00 size:1984 presentcount:0+2 line:403 name:var
host:0x281a910 device:0x40041e5ff600 size:864 presentcount:0+4 line:2639 name:hamiltonian
host:0x286ac80 device:0x4006c77f2000 size:2712 presentcount:0+2 line:428 name:var
host:0x286b718 device:0x4005dc1ff200 size:2248 presentcount:0+1 line:742 name:var
host:0x286eb50 device:0x4006c7bff400 size:288 presentcount:0+1 line:195 name:latt_cur
host:0x2871658 device:0x4005fc3fe800 size:5088 presentcount:0+28 line:517 name:var
host:0x2872a38 device:0x4006c79fe400 size:5088 presentcount:0+6 line:517 name:var
host:0x2873e18 device:0x40052c3eee00 size:5088 presentcount:0+7 line:517 name:var
host:0x287a2a8 device:0x4006c7bf3600 size:304 presentcount:0+1 line:567 name:var
host:0x287a3d8 device:0x4006c7bf4a00 size:304 presentcount:0+1 line:567 name:var
host:0x2e48ec0 device:0x40041a002600 size:960024 presentcount:0+1 line:-1 name:_setexm_struct_def_16
host:0x2f8f080 device:0x40041a0f4700 size:580 presentcount:0+1 line:-1 name:_wpbe_16
host:0x2f8f900 device:0x40041a0f4b00 size:288 presentcount:0+1 line:-1 name:_mbj_16
host:0x9f446c0 device:0x40041a0f5200 size:624 presentcount:0+1 line:-1 name:_mlr_optic_16
host:0x29aa4430 device:0x40052c3ce200 size:1000 presentcount:0+4 line:519 name:var%lpctz_(:)
host:0x29b49120 device:0x40052c3cd400 size:1000 presentcount:0+4 line:519 name:var%lpctz(:)
host:0x2ea07940 device:0x40052c3ca600 size:8 presentcount:0+4 line:405 name:var%nityp(:)
host:0x2ef46c10 device:0x4006c7bea000 size:528 presentcount:0+1 line:480 name:var
host:0x2f207570 device:0x4006c79ffe00 size:132 presentcount:0+1 line:499 name:var%ptr(:)
host:0x2f371d30 device:0x4006c7bf8400 size:28464 presentcount:0+1 line:853 name:var(:)
host:0x2f3844b0 device:0x401387fb6200 size:40000 presentcount:0+1 line:857 name:var%psp(:,:)
host:0x2f38e120 device:0x4006c7df6800 size:8000 presentcount:0+1 line:857 name:var%psprho(:)
host:0x2f3913b0 device:0x4006c79e8a00 size:24000 presentcount:0+2 line:466 name:var%psprnl(:,:,:)
host:0x2f3c0d90 device:0x4006c77f4800 size:4320 presentcount:0+4 line:405 name:var%ityp(:)
host:0x2f3c1ea0 device:0x4006c77eba00 size:25920 presentcount:0+4 line:405 name:var%posion(:,:)
host:0x2f405150 device:0x4006c7df2800 size:8000 presentcount:0+1 line:857 name:var%pspcor(:)
host:0x2f4070c0 device:0x4006c7df4800 size:8000 presentcount:0+1 line:857 name:var%psprho(:)
host:0x2f40ab80 device:0x40052c3ffe00 size:132 presentcount:0+1 line:499 name:var%n(:)
host:0x2f40ac30 device:0x4006c7de8a00 size:40000 presentcount:0+1 line:857 name:var%psp(:,:)
host:0x2f4148a0 device:0x4006c77f6e00 size:24000 presentcount:0+2 line:466 name:var%psprnl(:,:,:)
host:0x2f4278a0 device:0x4006c77f3400 size:8 presentcount:0+2 line:616 name:var%wtkpt(:)
host:0x2f461030 device:0x4005fc3ffc00 size:24 presentcount:0+3 line:466 name:var%lps(:)
host:0x2f4610e0 device:0x4005bc3ffa00 size:24 presentcount:0+3 line:466 name:var%lps(:)
host:0x2f4aadc0 device:0x4006c77f3200 size:24 presentcount:0+3 line:616 name:var%vkpt(:,:)
host:0x2f4cfee0 device:0x4006c77f2e00 size:8 presentcount:0+3 line:616 name:var%nityp(:)
host:0x2f4d00a0 device:0x40052c3cb400 size:16 presentcount:0+2 line:430 name:var%psrmax(:)
host:0x2f4d0660 device:0x4006c77f3600 size:4320 presentcount:0+3 line:616 name:var%ityp(:)
host:0x2f4d1770 device:0x4006c77f2c00 size:8 presentcount:0+3 line:616 name:var%lmmax(:)
host:0x2f4d17a0 device:0x4006c77f3000 size:8 presentcount:0+3 line:616 name:var%nt_global(:)
host:0x2f4d17d0 device:0x4006c77ea800 size:4320 presentcount:0+3 line:616 name:var%npro_pos(:)
host:0x2f4d28e0 device:0x4006c77e9400 size:4324 presentcount:0+3 line:616 name:var%lmbase(:)
host:0x2f4d39f0 device:0x4006c77fcc00 size:4 presentcount:0+2 line:616 name:var%nplwkp(:)
host:0x2f4d3a20 device:0x4006c77fce00 size:4 presentcount:0+2 line:616 name:var%nplwkp_tot(:)
host:0x2f4d3a50 device:0x4006c77fd000 size:4 presentcount:0+2 line:616 name:var%ngvector_pos(:)
host:0x2f4d3a80 device:0x4006c77f6c00 size:4 presentcount:0+2 line:616 name:var%ngvector(:)
host:0x2f4d3ab0 device:0x40052c3cca00 size:1280 presentcount:0+4 line:519 name:var%lpctx(:)
host:0x2f4d3fe0 device:0x40052c3cd000 size:720 presentcount:0+4 line:519 name:var%lpcty(:)
host:0x2f4d42e0 device:0x40052c3cd800 size:1280 presentcount:0+4 line:519 name:var%lpctx_(:)
host:0x2f4d4810 device:0x40052c3cde00 size:720 presentcount:0+4 line:519 name:var%lpcty_(:)
host:0x2f4d4b10 device:0x4006c79ff800 size:1280 presentcount:0+1 line:519 name:var%lpctx(:)
host:0x2f4d5040 device:0x4006c7be8a00 size:720 presentcount:0+1 line:519 name:var%lpcty(:)
host:0x2f4d5340 device:0x4006c7be8e00 size:1000 presentcount:0+1 line:519 name:var%lpctz(:)
host:0x2f4d5750 device:0x4006c7be9200 size:1280 presentcount:0+1 line:519 name:var%lpctx_(:)
host:0x2f4d5c80 device:0x4006c7be9800 size:720 presentcount:0+1 line:519 name:var%lpcty_(:)
host:0x2f4d5f80 device:0x4006c7be9c00 size:1000 presentcount:0+1 line:519 name:var%lpctz_(:)
host:0x2f4d6390 device:0x4006c77fd400 size:2560 presentcount:0+1 line:519 name:var%lpctx(:)
host:0x2f4d6dc0 device:0x4006c77fee00 size:1440 presentcount:0+1 line:519 name:var%lpcty(:)
host:0x2f4d7390 device:0x4006c77fe000 size:2000 presentcount:0+1 line:519 name:var%lpctz(:)
host:0x2f4d7b90 device:0x4006c77ff400 size:2560 presentcount:0+1 line:519 name:var%lpctx_(:)
host:0x2f4d85c0 device:0x40052c3f0200 size:1440 presentcount:0+1 line:519 name:var%lpcty_(:)
host:0x2f4d8b90 device:0x40052c3f0800 size:2000 presentcount:0+1 line:519 name:var%lpctz_(:)
host:0x2f5dad10 device:0x4006c79ee800 size:11292 presentcount:0+1 line:482 name:var%i2(:)
host:0x2f5dd960 device:0x4006c79f1600 size:11292 presentcount:0+1 line:482 name:var%i3(:)
host:0x2f5e05b0 device:0x4006c79f4400 size:20080 presentcount:0+1 line:482 name:var%i2(:)
host:0x2f5e5450 device:0x4006c79f9400 size:20080 presentcount:0+1 line:482 name:var%i3(:)
host:0x2f5ea2f0 device:0x40052c3f1000 size:28800 presentcount:0+2 line:482 name:var%i2(:)
host:0x2f5f13a0 device:0x40052c3f8200 size:28800 presentcount:0+2 line:482 name:var%i3(:)
host:0x2f5f8870 device:0x4006c8ed3800 size:921600 presentcount:0+2 line:482 name:var%index(:,:)
host:0x2f6d98a0 device:0x4006c7bf4c00 size:2560 presentcount:0+1 line:569 name:var%ind1(:)
host:0x2f6da2d0 device:0x4006c7bf5600 size:11292 presentcount:0+1 line:569 name:var%indcol(:)
host:0x2f6dcf20 device:0x4006c7bea400 size:11292 presentcount:0+1 line:482 name:var%i2(:)
host:0x2f6dfb70 device:0x4006c7bed200 size:11292 presentcount:0+1 line:482 name:var%i3(:)
host:0x2f6e27c0 device:0x4006c7bf0000 size:5040 presentcount:0+1 line:482 name:var%i2(:)
host:0x2f6e3ba0 device:0x4006c7bf1400 size:5040 presentcount:0+1 line:482 name:var%i3(:)
host:0x2f6e4f80 device:0x40052c3c6c00 size:4320 presentcount:0+2 line:430 name:var%nlimax(:)
host:0x2f6e6090 device:0x40052c3c7e00 size:4324 presentcount:0+2 line:430 name:var%lmbase(:)
host:0x2f6e71a0 device:0x40052c3c9000 size:4324 presentcount:0+2 line:430 name:var%nlibase(:)
host:0x2f6e82b0 device:0x40052c3ce600 size:17132 presentcount:0+4 line:519 name:var%nindpwconjg(:)
host:0x2f6ec5d0 device:0x40052c3d2a00 size:17132 presentcount:0+4 line:519 name:var%ind_in_sphere(:)
host:0x2f6f3540 device:0x4005bc3ffe00 size:132 presentcount:0+1 line:499 name:var%ptr(:)
host:0x2f6f35f0 device:0x4005bc3ffc00 size:132 presentcount:0+1 line:499 name:var%n(:)
host:0x2f6f36a0 device:0x40052c3ff400 size:132 presentcount:0+1 line:499 name:var%ptri(:)
host:0x2f6f3750 device:0x4006c77ffe00 size:132 presentcount:0+1 line:499 name:var%ni(:)
host:0x2f6f3800 device:0x40052c3ff800 size:132 presentcount:0+1 line:499 name:var%ptr(:)
host:0x2f6f38b0 device:0x40052c3ff600 size:132 presentcount:0+1 line:499 name:var%n(:)
host:0x2f6f3960 device:0x40052c3ffc00 size:132 presentcount:0+1 line:499 name:var%ptri(:)
host:0x2f6f3a10 device:0x40052c3ffa00 size:132 presentcount:0+1 line:499 name:var%ni(:)
host:0x2f6f47b0 device:0x4006c7bf2a00 size:132 presentcount:0+1 line:499 name:var%ptri(:)
host:0x2f6f4860 device:0x4006c7bf2800 size:132 presentcount:0+1 line:499 name:var%ni(:)
host:0x2f6f4910 device:0x4006c7bf2e00 size:132 presentcount:0+1 line:499 name:var%ptr(:)
host:0x2f6f49c0 device:0x4006c7bf2c00 size:132 presentcount:0+1 line:499 name:var%n(:)
host:0x2f6f4a70 device:0x4006c7bf3400 size:4 presentcount:0+1 line:499 name:var%tbli(:)
host:0x2f6f4aa0 device:0x4006c7bf3200 size:132 presentcount:0+1 line:499 name:var%ptri(:)
host:0x2f6f4b50 device:0x4006c7bf3000 size:132 presentcount:0+1 line:499 name:var%ni(:)
host:0x2f720c50 device:0x4006c7bf3800 size:1280 presentcount:0+1 line:569 name:var%ind1(:)
host:0x2f721180 device:0x4006c7bf3e00 size:2772 presentcount:0+1 line:569 name:var%indcol(:)
host:0x2f721c80 device:0x40052c36ec00 size:180000 presentcount:0+4 line:482 name:var%i2(:)
host:0x2f74dbd0 device:0x40052c39ac00 size:180000 presentcount:0+4 line:482 name:var%i3(:)
host:0x2f779b20 device:0x4006c77bca00 size:180000 presentcount:0+8 line:482 name:var%index(:,:)
host:0x2f7a5a70 device:0x4006c7dbca00 size:180000 presentcount:0+8 line:482 name:var%i2(:)
host:0x2f7d19c0 device:0x4006c8e00000 size:180000 presentcount:0+8 line:482 name:var%i3(:)
host:0x2f7fdf40 device:0x4006c7800000 size:1821184 presentcount:0+3 line:616 name:var%nindpw(:,:)
host:0x2f9ba970 device:0x4006c77e9200 size:8 presentcount:0+2 line:616 name:var%nb_totk(:,:)
host:0x2f9ba9a0 device:0x4006c77fd200 size:4 presentcount:0+2 line:616 name:var%luseinv(:)
host:0x2f9ba9d0 device:0x40052c3cb000 size:4 presentcount:0+2 line:616 name:var%at_gamma(:)
host:0x2f9baa00 device:0x4006c79bca00 size:180000 presentcount:0+3 line:616 name:var%pl_index(:,:)
host:0x2f9e6950 device:0x4006c7bbca00 size:180000 presentcount:0+3 line:616 name:var%pl_col(:,:)
host:0x2fa128a0 device:0x4006c77fec00 size:8 presentcount:0+2 line:405 name:var%lmmax(:)
host:0x2fa128d0 device:0x40052c3cac00 size:8 presentcount:0+2 line:430 name:var%lmax(:)
host:0x2fa12900 device:0x4006c77f5a00 size:4324 presentcount:0+2 line:405 name:var%lmbase(:)
host:0x2fa13a10 device:0x40052c3cae00 size:8 presentcount:0+2 line:430 name:var%lmmax(:)
host:0x2fa13a40 device:0x40052c3cb200 size:8 presentcount:0+2 line:430 name:var%channels(:)
host:0x2fa13a70 device:0x4005dc1ffc00 size:16 presentcount:0+2 line:430 name:var%rsmooth(:)
host:0x2fa13ab0 device:0x4005dc1ffe00 size:400 presentcount:0+2 line:464 name:var
host:0x2fa13c40 device:0x4005fc3ffe00 size:400 presentcount:0+2 line:464 name:var
host:0x2fc5c550 device:0x4006c8600000 size:7284736 presentcount:0+3 line:616 name:var%datake(:,:,:)
host:0x3034f7d0 device:0x4006c7a00000 size:1821184 presentcount:0+3 line:616 name:var%igx(:,:)
host:0x3050ce60 device:0x4006c7600000 size:1821184 presentcount:0+3 line:616 name:var%igy(:,:)
host:0x306ca700 device:0x4006c7c00000 size:1821184 presentcount:0+3 line:616 name:var%igz(:,:)
host:0x308885d0 device:0x40079f400000 size:7284272 presentcount:0+4 line:519 name:var%fftsca(:,:)
host:0x30f7c2e0 device:0x401387e00000 size:887040 presentcount:0+1 line:499 name:var%tbl(:)
host:0x311308d0 device:0x401387ed8a00 size:907200 presentcount:0+1 line:499 name:var%tbli(:)
host:0x3120fda0 device:0x401388000000 size:907200 presentcount:0+1 line:499 name:var%tbl(:)
host:0x31460d80 device:0x4006c7e00000 size:7226880 presentcount:0+1 line:499 name:var%tbl(:)
host:0x31d129c0 device:0x40052c350600 size:41472 presentcount:0+2 line:746 name:var%fertot(:,:,:)
host:0x31d32420 device:0x40052c346400 size:41472 presentcount:0+1 line:746 name:var%auxtot(:,:,:)
host:0x31d60030 device:0x40052c35a800 size:82944 presentcount:0+2 line:746 name:var%celtot(:,:,:)
host:0x31f41930 device:0x400787000000 size:2799360 presentcount:0+2 line:194 name:cdij(:,:,:,:)
host:0x3222e210 device:0x401386600000 size:7228800 presentcount:0+1 line:499 name:var%tbli(:)
host:0x329156f0 device:0x401386e00000 size:7228800 presentcount:0+1 line:499 name:var%tbl(:)
host:0x336e46e0 device:0x401387600000 size:7228800 presentcount:0+1 line:499 name:var%tbli(:)
host:0x352854e0 device:0x401388200000 size:2799360 presentcount:0+2 line:194 name:cqij(:,:,:,:)
host:0x360569f0 device:0x400787400000 size:15883776 presentcount:0+5 line:746 name:var%gproj(:,:,:,:)
host:0x36ffd430 device:0x4013881fcc00 size:2048 presentcount:0+1 line:179 name:w1(:)
host:0x370277e0 device:0x4006c7bff600 size:2048 presentcount:0+1 line:179 name:wtmp(:)
host:0x37233800 device:0x40052c3d6e00 size:98048 presentcount:0+1 line:1101 name:w1%gproj(:)
host:0x41366580 device:0x4015da200000 size:14569472 presentcount:0+1 line:202 name:precon(:,:)
host:0x4214b5b0 device:0x40138819d000 size:392192 presentcount:0+2 line:1226 name:wa%gproj(:,:)
host:0x421ab1e0 device:0x4006c8e2c000 size:392192 presentcount:0+2 line:1226 name:wa%gproj(:,:)
host:0x4220ae10 device:0x4006c8e8bc00 size:98048 presentcount:0+1 line:1101 name:w1%gproj(:)
host:0x42222d40 device:0x4006c8ea3c00 size:98048 presentcount:0+1 line:1101 name:w1%gproj(:)
host:0x4223ac70 device:0x4006c8fb4800 size:98048 presentcount:0+1 line:1101 name:w1%gproj(:)
host:0x481ca520 device:0x4015d7e00000 size:3137536 presentcount:0+2 line:1226 name:wa%gproj(:,:)
host:0x484d0530 device:0x4015d8200000 size:7284736 presentcount:0+1 line:1101 name:w1%cptwfp(:)
host:0x48bc2d60 device:0x4015d8a00000 size:7284736 presentcount:0+1 line:1101 name:w1%cptwfp(:)
host:0x492b5bc0 device:0x4015d9200000 size:7284736 presentcount:0+1 line:1101 name:w1%cptwfp(:)
host:0x499a9050 device:0x4015d9a00000 size:7284736 presentcount:0+1 line:1101 name:w1%cptwfp(:)
host:0x40048c0010a0 device:0x4006c9000000 size:45593280 presentcount:0+2 line:430 name:var%nli(:,:)
host:0x400490e93bf0 device:0x400740000000 size:230400000 presentcount:0+2 line:194 name:sv(:,:)
host:0x4005400012b0 device:0x4006e0000000 size:807411968 presentcount:0+2 line:430 name:var%rproj(:)
host:0x400571db4010 device:0x401388600000 size:28800000 presentcount:0+1 line:195 name:dencor(:)
host:0x4005754d4430 device:0x40138a200000 size:57830400 presentcount:0+1 line:195 name:cstrf(:,:)
host:0x400578c077c0 device:0x4015c6600000 size:29138944 presentcount:0+2 line:1226 name:wa%cptwfp(:,:)
host:0x40057a7e79d0 device:0x4015c8200000 size:29138944 presentcount:0+2 line:1226 name:wa%cptwfp(:,:)
host:0x4006200054b0 device:0x400680000000 size:1180127232 presentcount:0+5 line:746 name:var%cptwfp(:,:,:,:)
host:0x400666587be0 device:0x4015c9e00000 size:233111552 presentcount:0+2 line:1226 name:wa%cptwfp(:,:)
host:0x400720008210 device:0x4014a6600000 size:230400000 presentcount:0+1 line:1101 name:w1%cr(:)
host:0x40072dbd8420 device:0x401446600000 size:230400000 presentcount:0+1 line:1236 name:w1%cr(:)
host:0x400760000230 device:0x401146600000 size:230400000 presentcount:0+1 line:1101 name:w1%cr(:)
host:0x40076dbc0440 device:0x4010e6600000 size:230400000 presentcount:0+1 line:1236 name:w1%cr(:)
host:0x400d40000860 device:0x400d26600000 size:230400000 presentcount:0+1 line:1101 name:w1%cr(:)
host:0x400d4dbc0a70 device:0x400cc6600000 size:230400000 presentcount:0+1 line:1236 name:w1%cr(:)
host:0x400d5b780e90 device:0x400c66600000 size:230400000 presentcount:0+1 line:1101 name:w1%cr(:)
host:0x400d693410a0 device:0x400c06600000 size:230400000 presentcount:0+1 line:1236 name:w1%cr(:)
host:0xfffffadfb660 device:0x40059c3ff200 size:3024 presentcount:0+12 line:682 name:var
host:0xfffffadfc230 device:0x40041e5ffa00 size:1480 presentcount:0+1 line:174 name:w_ini
host:0xfffffadfc800 device:0x4006c7df8800 size:1480 presentcount:0+1 line:174 name:wopt
host:0xfffffadfcdd0 device:0x4005bc3ff200 size:1480 presentcount:0+1 line:174 name:wtmpa
allocated block device:0x40041e5ff600 size:1024 thread:1
allocated block device:0x40041e5ffa00 size:1536 thread:1
allocated block device:0x40052c346400 size:41472 thread:1
allocated block device:0x40052c350600 size:41472 thread:1
allocated block device:0x40052c35a800 size:82944 thread:1
allocated block device:0x40052c36ec00 size:180224 thread:1
allocated block device:0x40052c39ac00 size:180224 thread:1
allocated block device:0x40052c3c6c00 size:4608 thread:1
allocated block device:0x40052c3c7e00 size:4608 thread:1
allocated block device:0x40052c3c9000 size:4608 thread:1
allocated block device:0x40052c3ca200 size:512 thread:1
allocated block device:0x40052c3ca400 size:512 thread:1
allocated block device:0x40052c3ca600 size:512 thread:1
allocated block device:0x40052c3ca800 size:512 thread:1
allocated block device:0x40052c3caa00 size:512 thread:1
allocated block device:0x40052c3cac00 size:512 thread:1
allocated block device:0x40052c3cae00 size:512 thread:1
allocated block device:0x40052c3cb000 size:512 thread:1
allocated block device:0x40052c3cb200 size:512 thread:1
allocated block device:0x40052c3cb400 size:512 thread:1
allocated block device:0x40052c3cb600 size:5120 thread:1
allocated block device:0x40052c3cca00 size:1536 thread:1
allocated block device:0x40052c3cd000 size:1024 thread:1
allocated block device:0x40052c3cd400 size:1024 thread:1
allocated block device:0x40052c3cd800 size:1536 thread:1
allocated block device:0x40052c3cde00 size:1024 thread:1
allocated block device:0x40052c3ce200 size:1024 thread:1
allocated block device:0x40052c3ce600 size:17408 thread:1
allocated block device:0x40052c3d2a00 size:17408 thread:1
allocated block device:0x40052c3d6e00 size:98304 thread:1
allocated block device:0x40052c3eee00 size:5120 thread:1
allocated block device:0x40052c3f0200 size:1536 thread:1
allocated block device:0x40052c3f0800 size:2048 thread:1
allocated block device:0x40052c3f1000 size:29184 thread:1
allocated block device:0x40052c3f8200 size:29184 thread:1
allocated block device:0x40052c3ff400 size:512 thread:1
allocated block device:0x40052c3ff600 size:512 thread:1
allocated block device:0x40052c3ff800 size:512 thread:1
allocated block device:0x40052c3ffa00 size:512 thread:1
allocated block device:0x40052c3ffc00 size:512 thread:1
allocated block device:0x40052c3ffe00 size:512 thread:1
allocated block device:0x40059c3ff200 size:3072 thread:1
allocated block device:0x4005bc3ff200 size:2048 thread:1
allocated block device:0x4005bc3ffa00 size:512 thread:1
allocated block device:0x4005bc3ffc00 size:512 thread:1
allocated block device:0x4005bc3ffe00 size:512 thread:1
allocated block device:0x4005dc1ff200 size:2560 thread:1
allocated block device:0x4005dc1ffc00 size:512 thread:1
allocated block device:0x4005dc1ffe00 size:512 thread:1
allocated block device:0x4005fc3fe800 size:5120 thread:1
allocated block device:0x4005fc3ffc00 size:512 thread:1
allocated block device:0x4005fc3ffe00 size:512 thread:1
allocated block device:0x400680000000 size:1180127232 thread:1
allocated block device:0x4006c7600000 size:1821184 thread:1
allocated block device:0x4006c77bca00 size:180224 thread:1
allocated block device:0x4006c77e8a00 size:2048 thread:1
allocated block device:0x4006c77e9200 size:512 thread:1
allocated block device:0x4006c77e9400 size:4608 thread:1
allocated block device:0x4006c77ea600 size:512 thread:1
allocated block device:0x4006c77ea800 size:4608 thread:1
allocated block device:0x4006c77eba00 size:26112 thread:1
allocated block device:0x4006c77f2000 size:3072 thread:1
allocated block device:0x4006c77f2c00 size:512 thread:1
allocated block device:0x4006c77f2e00 size:512 thread:1
allocated block device:0x4006c77f3000 size:512 thread:1
allocated block device:0x4006c77f3200 size:512 thread:1
allocated block device:0x4006c77f3400 size:512 thread:1
allocated block device:0x4006c77f3600 size:4608 thread:1
allocated block device:0x4006c77f4800 size:4608 thread:1
allocated block device:0x4006c77f5a00 size:4608 thread:1
allocated block device:0x4006c77f6c00 size:512 thread:1
allocated block device:0x4006c77f6e00 size:24064 thread:1
allocated block device:0x4006c77fcc00 size:512 thread:1
allocated block device:0x4006c77fce00 size:512 thread:1
allocated block device:0x4006c77fd000 size:512 thread:1
allocated block device:0x4006c77fd200 size:512 thread:1
allocated block device:0x4006c77fd400 size:3072 thread:1
allocated block device:0x4006c77fe000 size:3072 thread:1
allocated block device:0x4006c77fec00 size:512 thread:1
allocated block device:0x4006c77fee00 size:1536 thread:1
allocated block device:0x4006c77ff400 size:2560 thread:1
allocated block device:0x4006c77ffe00 size:512 thread:1
allocated block device:0x4006c7800000 size:1821184 thread:1
allocated block device:0x4006c79bca00 size:180224 thread:1
allocated block device:0x4006c79e8a00 size:24064 thread:1
allocated block device:0x4006c79ee800 size:11776 thread:1
allocated block device:0x4006c79f1600 size:11776 thread:1
allocated block device:0x4006c79f4400 size:20480 thread:1
allocated block device:0x4006c79f9400 size:20480 thread:1
allocated block device:0x4006c79fe400 size:5120 thread:1
allocated block device:0x4006c79ff800 size:1536 thread:1
allocated block device:0x4006c79ffe00 size:512 thread:1
allocated block device:0x4006c7a00000 size:1821184 thread:1
allocated block device:0x4006c7bbca00 size:180224 thread:1
allocated block device:0x4006c7be8a00 size:1024 thread:1
allocated block device:0x4006c7be8e00 size:1024 thread:1
allocated block device:0x4006c7be9200 size:1536 thread:1
allocated block device:0x4006c7be9800 size:1024 thread:1
allocated block device:0x4006c7be9c00 size:1024 thread:1
allocated block device:0x4006c7bea000 size:1024 thread:1
allocated block device:0x4006c7bea400 size:11776 thread:1
allocated block device:0x4006c7bed200 size:11776 thread:1
allocated block device:0x4006c7bf0000 size:5120 thread:1
allocated block device:0x4006c7bf1400 size:5120 thread:1
allocated block device:0x4006c7bf2800 size:512 thread:1
allocated block device:0x4006c7bf2a00 size:512 thread:1
allocated block device:0x4006c7bf2c00 size:512 thread:1
allocated block device:0x4006c7bf2e00 size:512 thread:1
allocated block device:0x4006c7bf3000 size:512 thread:1
allocated block device:0x4006c7bf3200 size:512 thread:1
allocated block device:0x4006c7bf3400 size:512 thread:1
allocated block device:0x4006c7bf3600 size:512 thread:1
allocated block device:0x4006c7bf3800 size:1536 thread:1
allocated block device:0x4006c7bf3e00 size:3072 thread:1
allocated block device:0x4006c7bf4a00 size:512 thread:1
allocated block device:0x4006c7bf4c00 size:2560 thread:1
allocated block device:0x4006c7bf5600 size:11776 thread:1
allocated block device:0x4006c7bf8400 size:28672 thread:1
allocated block device:0x4006c7bff400 size:512 thread:1
allocated block device:0x4006c7bff600 size:2048 thread:1
allocated block device:0x4006c7c00000 size:1821184 thread:1
allocated block device:0x4006c7dbca00 size:180224 thread:1
allocated block device:0x4006c7de8a00 size:40448 thread:1
allocated block device:0x4006c7df2800 size:8192 thread:1
allocated block device:0x4006c7df4800 size:8192 thread:1
allocated block device:0x4006c7df6800 size:8192 thread:1
allocated block device:0x4006c7df8800 size:1536 thread:1
allocated block device:0x4006c7e00000 size:7284736 thread:1
allocated block device:0x4006c8600000 size:7284736 thread:1
allocated block device:0x4006c8e00000 size:180224 thread:1
allocated block device:0x4006c8e2c000 size:392192 thread:1
allocated block device:0x4006c8e8bc00 size:98304 thread:1
allocated block device:0x4006c8ea3c00 size:98304 thread:1
allocated block device:0x4006c8ed3800 size:921600 thread:1
allocated block device:0x4006c8fb4800 size:98304 thread:1
allocated block device:0x4006c9000000 size:45593600 thread:1
allocated block device:0x4006e0000000 size:807412224 thread:1
allocated block device:0x400740000000 size:230400000 thread:1
allocated block device:0x400787000000 size:2799616 thread:1
allocated block device:0x400787400000 size:15883776 thread:1
allocated block device:0x40079f400000 size:7284736 thread:1
allocated block device:0x400c06600000 size:230400000 thread:1
allocated block device:0x400c66600000 size:230400000 thread:1
allocated block device:0x400cc6600000 size:230400000 thread:1
allocated block device:0x400d26600000 size:230400000 thread:1
allocated block device:0x4010e6600000 size:230400000 thread:1
allocated block device:0x401146600000 size:230400000 thread:1
allocated block device:0x401386600000 size:7228928 thread:1
allocated block device:0x401386e00000 size:7228928 thread:1
allocated block device:0x401387600000 size:7228928 thread:1
allocated block device:0x401387e00000 size:887296 thread:1
allocated block device:0x401387ed8a00 size:907264 thread:1
allocated block device:0x401387fb6200 size:40448 thread:1
allocated block device:0x401388000000 size:907264 thread:1
allocated block device:0x40138819d000 size:392192 thread:1
allocated block device:0x4013881fcc00 size:2048 thread:1
allocated block device:0x401388200000 size:2799616 thread:1
allocated block device:0x401388600000 size:28800000 thread:1
allocated block device:0x40138a200000 size:57830400 thread:1
allocated block device:0x401446600000 size:230400000 thread:1
allocated block device:0x4014a6600000 size:230400000 thread:1
allocated block device:0x4015c6600000 size:29138944 thread:1
allocated block device:0x4015c8200000 size:29138944 thread:1
allocated block device:0x4015c9e00000 size:233111552 thread:1
allocated block device:0x4015d7e00000 size:3137536 thread:1
allocated block device:0x4015d8200000 size:7284736 thread:1
allocated block device:0x4015d8a00000 size:7284736 thread:1
allocated block device:0x4015d9200000 size:7284736 thread:1
allocated block device:0x4015d9a00000 size:7284736 thread:1
allocated block device:0x4015da200000 size:14569472 thread:1
Accelerator Fatal Error: call to cuMemAlloc returned error 2 (CUDA_ERROR_OUT_OF_MEMORY): Out of memory
 File: /lus/lfs1aip2/projects/u6cb/software/VASP/vasp.6.5.1/build/gam/hamil.f90
 Function: hamiltmu:978
 Line: 1005

srun: error: nid010406: task 10: Exited with exit code 1
srun: Terminating StepId=3298605.0
Out of memory allocating 230400000 bytes of device memory
Failing in Thread:1
Out of memory allocating 230400000 bytes of device memory
Failing in Thread:1
total/free CUDA memory: 102005473280/284950528
Present table dump for device[1]: NVIDIA Tesla GPU 0, compute capability 9.0, threadid=1
Hint: specify 0x800 bit in NV_ACC_DEBUG for verbose info.
host:0x2557280 device:0x4009677ea600 size:32 presentcount:0+3 line:643 name:var%comm
host:0x25572a0 device:0x4007d03ca800 size:32 presentcount:0+4 line:652 name:var%comm_kinter
host:0x25572c0 device:0x4007d03caa00 size:32 presentcount:0+6 line:655 name:var%comm_kin
host:0x25572e0 device:0x4007d03ca200 size:32 presentcount:0+3 line:646 name:var%comm_inter
host:0x2557300 device:0x4007d03ca400 size:32 presentcount:0+7 line:649 name:var%comm_inb
host:0x256be80 device:0x4006ba0ecd00 size:8 presentcount:0+1 line:-1 name:_setexm_struct_def_21
host:0x2576f40 device:0x4006ba0ece00 size:28 presentcount:0+1 line:-1 name:_ml_ff_constant_21
host:0x2577c80 device:0x4006ba0ecf00 size:30437 presentcount:0+1 line:-1 name:_ml_ff_taglist_21
host:0x25afc80 device:0x4006ba0f4600 size:8 presentcount:0+1 line:-1 name:_mopenacc_tutor_21
host:0x25c2740 device:0x4006ba0f4a00 size:32 presentcount:0+1 line:-1 name:_mbj_21
host:0x25cd640 device:0x4006ba0f4d00 size:8 presentcount:0+1 line:-1 name:_sym_prec_21
host:0x26030c0 device:0x4006ba0f4e00 size:344 presentcount:0+1 line:-1 name:_tet_21
host:0x261c840 device:0x4006ba0f5000 size:392 presentcount:0+1 line:-1 name:_mymath_21
host:0x2817368 device:0x4007d03cb600 size:4800 presentcount:0+2 line:614 name:var
host:0x2818628 device:0x4009677e8a00 size:1984 presentcount:0+2 line:403 name:var
host:0x281a910 device:0x4006be5ff600 size:864 presentcount:0+4 line:2639 name:hamiltonian
host:0x286ac80 device:0x4009677f2000 size:2712 presentcount:0+2 line:428 name:var
host:0x286b718 device:0x40087c1ff200 size:2248 presentcount:0+1 line:742 name:var
host:0x286eb50 device:0x400967bff400 size:288 presentcount:0+1 line:195 name:latt_cur
host:0x2871658 device:0x40089c3fe800 size:5088 presentcount:0+28 line:517 name:var
host:0x2872a38 device:0x4009679fe400 size:5088 presentcount:0+6 line:517 name:var
host:0x2873e18 device:0x4007d03eee00 size:5088 presentcount:0+7 line:517 name:var
host:0x287a2a8 device:0x400967bf3600 size:304 presentcount:0+1 line:567 name:var
host:0x287a3d8 device:0x400967bf4a00 size:304 presentcount:0+1 line:567 name:var
host:0x2e48ec0 device:0x4006ba002600 size:960024 presentcount:0+1 line:-1 name:_setexm_struct_def_16
host:0x2f8f080 device:0x4006ba0f4700 size:580 presentcount:0+1 line:-1 name:_wpbe_16
host:0x2f8f900 device:0x4006ba0f4b00 size:288 presentcount:0+1 line:-1 name:_mbj_16
host:0x9f446c0 device:0x4006ba0f5200 size:624 presentcount:0+1 line:-1 name:_mlr_optic_16
host:0x44d54430 device:0x4007d03ce200 size:1000 presentcount:0+4 line:519 name:var%lpctz_(:)
host:0x44de4dd0 device:0x4009677f3200 size:24 presentcount:0+3 line:616 name:var%vkpt(:,:)
host:0x44de4e10 device:0x4009677f2e00 size:8 presentcount:0+3 line:616 name:var%nityp(:)
host:0x44de4fd0 device:0x4007d03cb400 size:16 presentcount:0+2 line:430 name:var%psrmax(:)
host:0x44de5010 device:0x4009677f2c00 size:8 presentcount:0+3 line:616 name:var%lmmax(:)
host:0x44de5040 device:0x4009677f3000 size:8 presentcount:0+3 line:616 name:var%nt_global(:)
host:0x44de5070 device:0x4009677fcc00 size:4 presentcount:0+2 line:616 name:var%nplwkp(:)
host:0x44de50a0 device:0x4009677fce00 size:4 presentcount:0+2 line:616 name:var%nplwkp_tot(:)
host:0x44de50d0 device:0x4009677fd000 size:4 presentcount:0+2 line:616 name:var%ngvector_pos(:)
host:0x44de5100 device:0x4009677f6c00 size:4 presentcount:0+2 line:616 name:var%ngvector(:)
host:0x44de5130 device:0x4009677e9200 size:8 presentcount:0+2 line:616 name:var%nb_totk(:,:)
host:0x44de5160 device:0x4009677fd200 size:4 presentcount:0+2 line:616 name:var%luseinv(:)
host:0x44de5190 device:0x4007d03cb000 size:4 presentcount:0+2 line:616 name:var%at_gamma(:)
host:0x44de51c0 device:0x4009677fec00 size:8 presentcount:0+2 line:405 name:var%lmmax(:)
host:0x44de51f0 device:0x4007d03cac00 size:8 presentcount:0+2 line:430 name:var%lmax(:)
host:0x44de5220 device:0x4007d03cae00 size:8 presentcount:0+2 line:430 name:var%lmmax(:)
host:0x44de5250 device:0x4007d03cb200 size:8 presentcount:0+2 line:430 name:var%channels(:)
host:0x44df9120 device:0x4007d03cd400 size:1000 presentcount:0+4 line:519 name:var%lpctz(:)
host:0x49cb7630 device:0x4007d03ca600 size:8 presentcount:0+4 line:405 name:var%nityp(:)
host:0x4a1f6900 device:0x400967bea000 size:528 presentcount:0+1 line:480 name:var
host:0x4a4b7260 device:0x4009679ffe00 size:132 presentcount:0+1 line:499 name:var%ptr(:)
host:0x4a621a20 device:0x400967bf8400 size:28464 presentcount:0+1 line:853 name:var(:)
host:0x4a6341a0 device:0x401627fb6200 size:40000 presentcount:0+1 line:857 name:var%psp(:,:)
host:0x4a63de10 device:0x400967df6800 size:8000 presentcount:0+1 line:857 name:var%psprho(:)
host:0x4a6410a0 device:0x4009679e8a00 size:24000 presentcount:0+2 line:466 name:var%psprnl(:,:,:)
host:0x4a670a80 device:0x4009677f4800 size:4320 presentcount:0+4 line:405 name:var%ityp(:)
host:0x4a671b90 device:0x4009677eba00 size:25920 presentcount:0+4 line:405 name:var%posion(:,:)
host:0x4a6b4e40 device:0x400967df2800 size:8000 presentcount:0+1 line:857 name:var%pspcor(:)
host:0x4a6b6db0 device:0x400967df4800 size:8000 presentcount:0+1 line:857 name:var%psprho(:)
host:0x4a6ba870 device:0x4007d03ffe00 size:132 presentcount:0+1 line:499 name:var%n(:)
host:0x4a6ba920 device:0x400967de8a00 size:40000 presentcount:0+1 line:857 name:var%psp(:,:)
host:0x4a6c4590 device:0x4009677f6e00 size:24000 presentcount:0+2 line:466 name:var%psprnl(:,:,:)
host:0x4a6d7590 device:0x4009677f3400 size:8 presentcount:0+2 line:616 name:var%wtkpt(:)
host:0x4a710d20 device:0x40089c3ffc00 size:24 presentcount:0+3 line:466 name:var%lps(:)
host:0x4a710dd0 device:0x40085c3ffa00 size:24 presentcount:0+3 line:466 name:var%lps(:)
host:0x4a794ad0 device:0x4009677f3600 size:4320 presentcount:0+3 line:616 name:var%ityp(:)
host:0x4a795be0 device:0x4009677ea800 size:4320 presentcount:0+3 line:616 name:var%npro_pos(:)
host:0x4a796cf0 device:0x4009677e9400 size:4324 presentcount:0+3 line:616 name:var%lmbase(:)
host:0x4a797e00 device:0x4007d03cca00 size:1280 presentcount:0+4 line:519 name:var%lpctx(:)
host:0x4a798330 device:0x4007d03cd000 size:720 presentcount:0+4 line:519 name:var%lpcty(:)
host:0x4a798630 device:0x4007d03cd800 size:1280 presentcount:0+4 line:519 name:var%lpctx_(:)
host:0x4a798b60 device:0x4007d03cde00 size:720 presentcount:0+4 line:519 name:var%lpcty_(:)
host:0x4a798e60 device:0x4009679ff800 size:1280 presentcount:0+1 line:519 name:var%lpctx(:)
host:0x4a799390 device:0x400967be8a00 size:720 presentcount:0+1 line:519 name:var%lpcty(:)
host:0x4a799690 device:0x400967be8e00 size:1000 presentcount:0+1 line:519 name:var%lpctz(:)
host:0x4a799aa0 device:0x400967be9200 size:1280 presentcount:0+1 line:519 name:var%lpctx_(:)
host:0x4a799fd0 device:0x400967be9800 size:720 presentcount:0+1 line:519 name:var%lpcty_(:)
host:0x4a79a2d0 device:0x400967be9c00 size:1000 presentcount:0+1 line:519 name:var%lpctz_(:)
host:0x4a79a6e0 device:0x4009677fd400 size:2560 presentcount:0+1 line:519 name:var%lpctx(:)
host:0x4a79b110 device:0x4009677fee00 size:1440 presentcount:0+1 line:519 name:var%lpcty(:)
host:0x4a79b6e0 device:0x4009677fe000 size:2000 presentcount:0+1 line:519 name:var%lpctz(:)
host:0x4a79bee0 device:0x4009677ff400 size:2560 presentcount:0+1 line:519 name:var%lpctx_(:)
host:0x4a79c910 device:0x4007d03f0200 size:1440 presentcount:0+1 line:519 name:var%lpcty_(:)
host:0x4a79cee0 device:0x4007d03f0800 size:2000 presentcount:0+1 line:519 name:var%lpctz_(:)
host:0x4a89f060 device:0x4009679ee800 size:11296 presentcount:0+1 line:482 name:var%i2(:)
host:0x4a8a1cb0 device:0x4009679f1600 size:11296 presentcount:0+1 line:482 name:var%i3(:)
host:0x4a8a4900 device:0x4009679f4400 size:20080 presentcount:0+1 line:482 name:var%i2(:)
host:0x4a8a97a0 device:0x4009679f9400 size:20080 presentcount:0+1 line:482 name:var%i3(:)
host:0x4a8ae640 device:0x4007d03f1000 size:28800 presentcount:0+2 line:482 name:var%i2(:)
host:0x4a8b56f0 device:0x4007d03f8200 size:28800 presentcount:0+2 line:482 name:var%i3(:)
host:0x4a8bcbc0 device:0x400968ed3800 size:921600 presentcount:0+2 line:482 name:var%index(:,:)
host:0x4a99dbf0 device:0x400967bf4c00 size:2560 presentcount:0+1 line:569 name:var%ind1(:)
host:0x4a99e620 device:0x400967bf5600 size:11296 presentcount:0+1 line:569 name:var%indcol(:)
host:0x4a9a1270 device:0x400967bea400 size:11296 presentcount:0+1 line:482 name:var%i2(:)
host:0x4a9a3ec0 device:0x400967bed200 size:11296 presentcount:0+1 line:482 name:var%i3(:)
host:0x4a9a6b10 device:0x400967bf0000 size:5040 presentcount:0+1 line:482 name:var%i2(:)
host:0x4a9a7ef0 device:0x400967bf1400 size:5040 presentcount:0+1 line:482 name:var%i3(:)
host:0x4a9a92d0 device:0x4007d03c6c00 size:4320 presentcount:0+2 line:430 name:var%nlimax(:)
host:0x4a9aa3e0 device:0x4007d03c7e00 size:4324 presentcount:0+2 line:430 name:var%lmbase(:)
host:0x4a9ab4f0 device:0x4007d03c9000 size:4324 presentcount:0+2 line:430 name:var%nlibase(:)
host:0x4a9ac600 device:0x4007d03ce600 size:17132 presentcount:0+4 line:519 name:var%nindpwconjg(:)
host:0x4a9b0920 device:0x4007d03d2a00 size:17132 presentcount:0+4 line:519 name:var%ind_in_sphere(:)
host:0x4a9b7890 device:0x40085c3ffe00 size:132 presentcount:0+1 line:499 name:var%ptr(:)
host:0x4a9b7940 device:0x40085c3ffc00 size:132 presentcount:0+1 line:499 name:var%n(:)
host:0x4a9b79f0 device:0x4007d03ff400 size:132 presentcount:0+1 line:499 name:var%ptri(:)
host:0x4a9b7aa0 device:0x4009677ffe00 size:132 presentcount:0+1 line:499 name:var%ni(:)
host:0x4a9b7b50 device:0x4007d03ff800 size:132 presentcount:0+1 line:499 name:var%ptr(:)
host:0x4a9b7c00 device:0x4007d03ff600 size:132 presentcount:0+1 line:499 name:var%n(:)
host:0x4a9b7cb0 device:0x4007d03ffc00 size:132 presentcount:0+1 line:499 name:var%ptri(:)
host:0x4a9b7d60 device:0x4007d03ffa00 size:132 presentcount:0+1 line:499 name:var%ni(:)
host:0x4a9b8b00 device:0x400967bf2a00 size:132 presentcount:0+1 line:499 name:var%ptri(:)
host:0x4a9b8bb0 device:0x400967bf2800 size:132 presentcount:0+1 line:499 name:var%ni(:)
host:0x4a9b8c60 device:0x400967bf2e00 size:132 presentcount:0+1 line:499 name:var%ptr(:)
host:0x4a9b8d10 device:0x400967bf2c00 size:132 presentcount:0+1 line:499 name:var%n(:)
host:0x4a9b8dc0 device:0x400967bf3400 size:4 presentcount:0+1 line:499 name:var%tbli(:)
host:0x4a9b8df0 device:0x400967bf3200 size:132 presentcount:0+1 line:499 name:var%ptri(:)
host:0x4a9b8ea0 device:0x400967bf3000 size:132 presentcount:0+1 line:499 name:var%ni(:)
host:0x4a9e4fa0 device:0x400967bf3800 size:1280 presentcount:0+1 line:569 name:var%ind1(:)
host:0x4a9e54d0 device:0x400967bf3e00 size:2772 presentcount:0+1 line:569 name:var%indcol(:)
host:0x4a9e5fd0 device:0x4007d036ec00 size:180000 presentcount:0+4 line:482 name:var%i2(:)
host:0x4aa11f20 device:0x4007d039ac00 size:180000 presentcount:0+4 line:482 name:var%i3(:)
host:0x4aa3de70 device:0x4009677bca00 size:180000 presentcount:0+8 line:482 name:var%index(:,:)
host:0x4aa69dc0 device:0x400967dbca00 size:180000 presentcount:0+8 line:482 name:var%i2(:)
host:0x4aa95d10 device:0x400968e00000 size:180000 presentcount:0+8 line:482 name:var%i3(:)
host:0x4aac2290 device:0x400967800000 size:1821184 presentcount:0+3 line:616 name:var%nindpw(:,:)
host:0x4ac7ecc0 device:0x4009679bca00 size:180000 presentcount:0+3 line:616 name:var%pl_index(:,:)
host:0x4acaac10 device:0x400967bbca00 size:180000 presentcount:0+3 line:616 name:var%pl_col(:,:)
host:0x4acd6b60 device:0x4009677f5a00 size:4324 presentcount:0+2 line:405 name:var%lmbase(:)
host:0x4acd7c70 device:0x40087c1ffc00 size:16 presentcount:0+2 line:430 name:var%rsmooth(:)
host:0x4acd7cb0 device:0x40087c1ffe00 size:400 presentcount:0+2 line:464 name:var
host:0x4acd7e40 device:0x40089c3ffe00 size:400 presentcount:0+2 line:464 name:var
host:0x4af0c240 device:0x400968600000 size:7284736 presentcount:0+3 line:616 name:var%datake(:,:,:)
host:0x4b5ff4c0 device:0x400967a00000 size:1821184 presentcount:0+3 line:616 name:var%igx(:,:)
host:0x4b7bcb50 device:0x400967600000 size:1821184 presentcount:0+3 line:616 name:var%igy(:,:)
host:0x4b97a3f0 device:0x400967c00000 size:1821184 presentcount:0+3 line:616 name:var%igz(:,:)
host:0x4bb382c0 device:0x400a3f400000 size:7284272 presentcount:0+4 line:519 name:var%fftsca(:,:)
host:0x4c22bfd0 device:0x401627e00000 size:887040 presentcount:0+1 line:499 name:var%tbl(:)
host:0x4c3e05c0 device:0x401627ed8a00 size:907200 presentcount:0+1 line:499 name:var%tbli(:)
host:0x4c4bfa90 device:0x401628000000 size:907200 presentcount:0+1 line:499 name:var%tbl(:)
host:0x4c710a70 device:0x400967e00000 size:7229440 presentcount:0+1 line:499 name:var%tbl(:)
host:0x4d062420 device:0x4007d0350600 size:41472 presentcount:0+2 line:746 name:var%fertot(:,:,:)
host:0x4d070030 device:0x4007d035a800 size:82944 presentcount:0+2 line:746 name:var%celtot(:,:,:)
host:0x4d100060 device:0x400a27000000 size:2799360 presentcount:0+2 line:194 name:cdij(:,:,:,:)
host:0x4d412420 device:0x4007d0346400 size:41472 presentcount:0+1 line:746 name:var%auxtot(:,:,:)
host:0x4d4df300 device:0x401626600000 size:7228800 presentcount:0+1 line:499 name:var%tbli(:)
host:0x4dbc67e0 device:0x401626e00000 size:7228800 presentcount:0+1 line:499 name:var%tbl(:)
host:0x4e9957d0 device:0x401627600000 size:7228800 presentcount:0+1 line:499 name:var%tbli(:)
host:0x4f766d50 device:0x401628200000 size:2799360 presentcount:0+2 line:194 name:cqij(:,:,:,:)
host:0x519f0270 device:0x400a27400000 size:15883776 presentcount:0+5 line:746 name:var%gproj(:,:,:,:)
host:0x529968d0 device:0x4016281fcc00 size:2048 presentcount:0+1 line:179 name:w1(:)
host:0x529c1e80 device:0x400967bff600 size:2048 presentcount:0+1 line:179 name:wtmp(:)
host:0x52bcd050 device:0x4007d03d6e00 size:98048 presentcount:0+1 line:1101 name:w1%gproj(:)
host:0x5c62e170 device:0x4018da200000 size:14569472 presentcount:0+1 line:202 name:precon(:,:)
host:0x5d4131a0 device:0x40162819d000 size:392192 presentcount:0+2 line:1226 name:wa%gproj(:,:)
host:0x5d472dd0 device:0x400968e2c000 size:392192 presentcount:0+2 line:1226 name:wa%gproj(:,:)
host:0x5d4d2a00 device:0x400968e8bc00 size:98048 presentcount:0+1 line:1101 name:w1%gproj(:)
host:0x5d4ea930 device:0x400968ea3c00 size:98048 presentcount:0+1 line:1101 name:w1%gproj(:)
host:0x5d502860 device:0x400968fb4800 size:98048 presentcount:0+1 line:1101 name:w1%gproj(:)
host:0x6348dbc0 device:0x4018d7e00000 size:3137536 presentcount:0+2 line:1226 name:wa%gproj(:,:)
host:0x6378be00 device:0x4018d8200000 size:7284736 presentcount:0+1 line:1101 name:w1%cptwfp(:)
host:0x63e7ee70 device:0x4018d8a00000 size:7284736 presentcount:0+1 line:1101 name:w1%cptwfp(:)
host:0x64572510 device:0x4018d9200000 size:7284736 presentcount:0+1 line:1101 name:w1%cptwfp(:)
host:0x64c661e0 device:0x4018d9a00000 size:7284736 presentcount:0+1 line:1101 name:w1%cptwfp(:)
host:0x40072c0010a0 device:0x400969000000 size:45593280 presentcount:0+2 line:430 name:var%nli(:,:)
host:0x400730e93bf0 device:0x4009e0000000 size:230400000 presentcount:0+2 line:194 name:sv(:,:)
host:0x4007e00012b0 device:0x400980000000 size:807411968 presentcount:0+2 line:430 name:var%rproj(:)
host:0x400811db4010 device:0x401628600000 size:28800000 presentcount:0+1 line:195 name:dencor(:)
host:0x4008154d4430 device:0x40162a200000 size:57835520 presentcount:0+1 line:195 name:cstrf(:,:)
host:0x400818c08000 device:0x4018c6600000 size:29138944 presentcount:0+2 line:1226 name:wa%cptwfp(:,:)
host:0x40081a7e8210 device:0x4018c8200000 size:29138944 presentcount:0+2 line:1226 name:wa%cptwfp(:,:)
host:0x4008c00054b0 device:0x400920000000 size:1180127232 presentcount:0+5 line:746 name:var%cptwfp(:,:,:,:)
host:0x400906588420 device:0x4018c9e00000 size:233111552 presentcount:0+2 line:1226 name:wa%cptwfp(:,:)
host:0x4009c0000440 device:0x401866600000 size:230400000 presentcount:0+1 line:1101 name:w1%cr(:)
host:0x4009cdbc0650 device:0x401746600000 size:230400000 presentcount:0+1 line:1236 name:w1%cr(:)
host:0x400a00000a70 device:0x4016e6600000 size:230400000 presentcount:0+1 line:1101 name:w1%cr(:)
host:0x400a0dbc0c80 device:0x4013e6600000 size:230400000 presentcount:0+1 line:1236 name:w1%cr(:)
host:0x400fe00010a0 device:0x401386600000 size:230400000 presentcount:0+1 line:1101 name:w1%cr(:)
host:0x400fedbc12b0 device:0x400fc6600000 size:230400000 presentcount:0+1 line:1236 name:w1%cr(:)
host:0x400ffb7816d0 device:0x400f66600000 size:230400000 presentcount:0+1 line:1101 name:w1%cr(:)
host:0x4010093418e0 device:0x400f06600000 size:230400000 presentcount:0+1 line:1236 name:w1%cr(:)
host:0x401280004850 device:0x4015e0000000 size:921600000 presentcount:0+1 line:1005 name:cwork1(:,:)
host:0xffffe189e860 device:0x40083c3ff200 size:3024 presentcount:0+12 line:682 name:var
host:0xffffe189f430 device:0x4006be5ffa00 size:1480 presentcount:0+1 line:174 name:w_ini
host:0xffffe189fa00 device:0x400967df8800 size:1480 presentcount:0+1 line:174 name:wopt
host:0xffffe189ffd0 device:0x40085c3ff200 size:1480 presentcount:0+1 line:174 name:wtmpa
allocated block device:0x4006be5ff600 size:1024 thread:1
allocated block device:0x4006be5ffa00 size:1536 thread:1
allocated block device:0x4007d0346400 size:41472 thread:1
allocated block device:0x4007d0350600 size:41472 thread:1
allocated block device:0x4007d035a800 size:82944 thread:1
allocated block device:0x4007d036ec00 size:180224 thread:1
allocated block device:0x4007d039ac00 size:180224 thread:1
allocated block device:0x4007d03c6c00 size:4608 thread:1
allocated block device:0x4007d03c7e00 size:4608 thread:1
allocated block device:0x4007d03c9000 size:4608 thread:1
allocated block device:0x4007d03ca200 size:512 thread:1
allocated block device:0x4007d03ca400 size:512 thread:1
allocated block device:0x4007d03ca600 size:512 thread:1
allocated block device:0x4007d03ca800 size:512 thread:1
allocated block device:0x4007d03caa00 size:512 thread:1
allocated block device:0x4007d03cac00 size:512 thread:1
allocated block device:0x4007d03cae00 size:512 thread:1
allocated block device:0x4007d03cb000 size:512 thread:1
allocated block device:0x4007d03cb200 size:512 thread:1
allocated block device:0x4007d03cb400 size:512 thread:1
allocated block device:0x4007d03cb600 size:5120 thread:1
allocated block device:0x4007d03cca00 size:1536 thread:1
allocated block device:0x4007d03cd000 size:1024 thread:1
allocated block device:0x4007d03cd400 size:1024 thread:1
allocated block device:0x4007d03cd800 size:1536 thread:1
allocated block device:0x4007d03cde00 size:1024 thread:1
allocated block device:0x4007d03ce200 size:1024 thread:1
allocated block device:0x4007d03ce600 size:17408 thread:1
allocated block device:0x4007d03d2a00 size:17408 thread:1
allocated block device:0x4007d03d6e00 size:98304 thread:1
allocated block device:0x4007d03eee00 size:5120 thread:1
allocated block device:0x4007d03f0200 size:1536 thread:1
allocated block device:0x4007d03f0800 size:2048 thread:1
allocated block device:0x4007d03f1000 size:29184 thread:1
allocated block device:0x4007d03f8200 size:29184 thread:1
allocated block device:0x4007d03ff400 size:512 thread:1
allocated block device:0x4007d03ff600 size:512 thread:1
allocated block device:0x4007d03ff800 size:512 thread:1
allocated block device:0x4007d03ffa00 size:512 thread:1
allocated block device:0x4007d03ffc00 size:512 thread:1
allocated block device:0x4007d03ffe00 size:512 thread:1
allocated block device:0x40083c3ff200 size:3072 thread:1
allocated block device:0x40085c3ff200 size:2048 thread:1
allocated block device:0x40085c3ffa00 size:512 thread:1
allocated block device:0x40085c3ffc00 size:512 thread:1
allocated block device:0x40085c3ffe00 size:512 thread:1
allocated block device:0x40087c1ff200 size:2560 thread:1
allocated block device:0x40087c1ffc00 size:512 thread:1
allocated block device:0x40087c1ffe00 size:512 thread:1
allocated block device:0x40089c3fe800 size:5120 thread:1
allocated block device:0x40089c3ffc00 size:512 thread:1
allocated block device:0x40089c3ffe00 size:512 thread:1
allocated block device:0x400920000000 size:1180127232 thread:1
allocated block device:0x400967600000 size:1821184 thread:1
allocated block device:0x4009677bca00 size:180224 thread:1
allocated block device:0x4009677e8a00 size:2048 thread:1
allocated block device:0x4009677e9200 size:512 thread:1
allocated block device:0x4009677e9400 size:4608 thread:1
allocated block device:0x4009677ea600 size:512 thread:1
allocated block device:0x4009677ea800 size:4608 thread:1
allocated block device:0x4009677eba00 size:26112 thread:1
allocated block device:0x4009677f2000 size:3072 thread:1
allocated block device:0x4009677f2c00 size:512 thread:1
allocated block device:0x4009677f2e00 size:512 thread:1
allocated block device:0x4009677f3000 size:512 thread:1
allocated block device:0x4009677f3200 size:512 thread:1
allocated block device:0x4009677f3400 size:512 thread:1
allocated block device:0x4009677f3600 size:4608 thread:1
allocated block device:0x4009677f4800 size:4608 thread:1
allocated block device:0x4009677f5a00 size:4608 thread:1
allocated block device:0x4009677f6c00 size:512 thread:1
allocated block device:0x4009677f6e00 size:24064 thread:1
allocated block device:0x4009677fcc00 size:512 thread:1
allocated block device:0x4009677fce00 size:512 thread:1
allocated block device:0x4009677fd000 size:512 thread:1
allocated block device:0x4009677fd200 size:512 thread:1
allocated block device:0x4009677fd400 size:3072 thread:1
allocated block device:0x4009677fe000 size:3072 thread:1
allocated block device:0x4009677fec00 size:512 thread:1
allocated block device:0x4009677fee00 size:1536 thread:1
allocated block device:0x4009677ff400 size:2560 thread:1
allocated block device:0x4009677ffe00 size:512 thread:1
allocated block device:0x400967800000 size:1821184 thread:1
allocated block device:0x4009679bca00 size:180224 thread:1
allocated block device:0x4009679e8a00 size:24064 thread:1
allocated block device:0x4009679ee800 size:11776 thread:1
allocated block device:0x4009679f1600 size:11776 thread:1
allocated block device:0x4009679f4400 size:20480 thread:1
allocated block device:0x4009679f9400 size:20480 thread:1
allocated block device:0x4009679fe400 size:5120 thread:1
allocated block device:0x4009679ff800 size:1536 thread:1
allocated block device:0x4009679ffe00 size:512 thread:1
allocated block device:0x400967a00000 size:1821184 thread:1
allocated block device:0x400967bbca00 size:180224 thread:1
allocated block device:0x400967be8a00 size:1024 thread:1
allocated block device:0x400967be8e00 size:1024 thread:1
allocated block device:0x400967be9200 size:1536 thread:1
allocated block device:0x400967be9800 size:1024 thread:1
allocated block device:0x400967be9c00 size:1024 thread:1
allocated block device:0x400967bea000 size:1024 thread:1
allocated block device:0x400967bea400 size:11776 thread:1
allocated block device:0x400967bed200 size:11776 thread:1
allocated block device:0x400967bf0000 size:5120 thread:1
allocated block device:0x400967bf1400 size:5120 thread:1
allocated block device:0x400967bf2800 size:512 thread:1
allocated block device:0x400967bf2a00 size:512 thread:1
allocated block device:0x400967bf2c00 size:512 thread:1
allocated block device:0x400967bf2e00 size:512 thread:1
allocated block device:0x400967bf3000 size:512 thread:1
allocated block device:0x400967bf3200 size:512 thread:1
allocated block device:0x400967bf3400 size:512 thread:1
allocated block device:0x400967bf3600 size:512 thread:1
allocated block device:0x400967bf3800 size:1536 thread:1
allocated block device:0x400967bf3e00 size:3072 thread:1
allocated block device:0x400967bf4a00 size:512 thread:1
allocated block device:0x400967bf4c00 size:2560 thread:1
allocated block device:0x400967bf5600 size:11776 thread:1
allocated block device:0x400967bf8400 size:28672 thread:1
allocated block device:0x400967bff400 size:512 thread:1
allocated block device:0x400967bff600 size:2048 thread:1
allocated block device:0x400967c00000 size:1821184 thread:1
allocated block device:0x400967dbca00 size:180224 thread:1
allocated block device:0x400967de8a00 size:40448 thread:1
allocated block device:0x400967df2800 size:8192 thread:1
allocated block device:0x400967df4800 size:8192 thread:1
allocated block device:0x400967df6800 size:8192 thread:1
allocated block device:0x400967df8800 size:1536 thread:1
allocated block device:0x400967e00000 size:7284736 thread:1
allocated block device:0x400968600000 size:7284736 thread:1
allocated block device:0x400968e00000 size:180224 thread:1
allocated block device:0x400968e2c000 size:392192 thread:1
allocated block device:0x400968e8bc00 size:98304 thread:1
allocated block device:0x400968ea3c00 size:98304 thread:1
allocated block device:0x400968ed3800 size:921600 thread:1
allocated block device:0x400968fb4800 size:98304 thread:1
allocated block device:0x400969000000 size:45593600 thread:1
allocated block device:0x400980000000 size:807412224 thread:1
allocated block device:0x4009e0000000 size:230400000 thread:1
allocated block device:0x400a27000000 size:2799616 thread:1
allocated block device:0x400a27400000 size:15883776 thread:1
allocated block device:0x400a3f400000 size:7284736 thread:1
allocated block device:0x400f06600000 size:230400000 thread:1
allocated block device:0x400f66600000 size:230400000 thread:1
allocated block device:0x400fc6600000 size:230400000 thread:1
allocated block device:0x401386600000 size:230400000 thread:1
allocated block device:0x4013e6600000 size:230400000 thread:1
allocated block device:0x4015e0000000 size:921600000 thread:1
allocated block device:0x401626600000 size:7228928 thread:1
allocated block device:0x401626e00000 size:7228928 thread:1
allocated block device:0x401627600000 size:7228928 thread:1
allocated block device:0x401627e00000 size:887296 thread:1
allocated block device:0x401627ed8a00 size:907264 thread:1
allocated block device:0x401627fb6200 size:40448 thread:1
allocated block device:0x401628000000 size:907264 thread:1
allocated block device:0x40162819d000 size:392192 thread:1
allocated block device:0x4016281fcc00 size:2048 thread:1
allocated block device:0x401628200000 size:2799616 thread:1
allocated block device:0x401628600000 size:28800000 thread:1
allocated block device:0x40162a200000 size:57835520 thread:1
allocated block device:0x4016e6600000 size:230400000 thread:1
allocated block device:0x401746600000 size:230400000 thread:1
allocated block device:0x401866600000 size:230400000 thread:1
allocated block device:0x4018c6600000 size:29138944 thread:1
allocated block device:0x4018c8200000 size:29138944 thread:1
allocated block device:0x4018c9e00000 size:233111552 thread:1
allocated block device:0x4018d7e00000 size:3137536 thread:1
allocated block device:0x4018d8200000 size:7284736 thread:1
allocated block device:0x4018d8a00000 size:7284736 thread:1
allocated block device:0x4018d9200000 size:7284736 thread:1
allocated block device:0x4018d9a00000 size:7284736 thread:1
allocated block device:0x4018da200000 size:14569472 thread:1
Accelerator Fatal Error: call to cuMemAlloc returned error 2 (CUDA_ERROR_OUT_OF_MEMORY): Out of memory
 File: /lus/lfs1aip2/projects/u6cb/software/VASP/vasp.6.5.1/build/gam/fft_base.f90
 Function: restride_r2q_cmplx:945
 Line: 964

total/free CUDA memory: 102005473280/284950528
Present table dump for device[1]: NVIDIA Tesla GPU 0, compute capability 9.0, threadid=1
Hint: specify 0x800 bit in NV_ACC_DEBUG for verbose info.
host:0x2557280 device:0x4009077ea600 size:32 presentcount:0+3 line:643 name:var%comm
host:0x25572a0 device:0x4007701ca800 size:32 presentcount:0+4 line:652 name:var%comm_kinter
host:0x25572c0 device:0x4007701caa00 size:32 presentcount:0+6 line:655 name:var%comm_kin
host:0x25572e0 device:0x4007701ca200 size:32 presentcount:0+3 line:646 name:var%comm_inter
host:0x2557300 device:0x4007701ca400 size:32 presentcount:0+6 line:649 name:var%comm_inb
host:0x256be80 device:0x40065a0ecd00 size:8 presentcount:0+1 line:-1 name:_setexm_struct_def_21
host:0x2576f40 device:0x40065a0ece00 size:28 presentcount:0+1 line:-1 name:_ml_ff_constant_21
host:0x2577c80 device:0x40065a0ecf00 size:30437 presentcount:0+1 line:-1 name:_ml_ff_taglist_21
host:0x25afc80 device:0x40065a0f4600 size:8 presentcount:0+1 line:-1 name:_mopenacc_tutor_21
host:0x25c2740 device:0x40065a0f4a00 size:32 presentcount:0+1 line:-1 name:_mbj_21
host:0x25cd640 device:0x40065a0f4d00 size:8 presentcount:0+1 line:-1 name:_sym_prec_21
host:0x26030c0 device:0x40065a0f4e00 size:344 presentcount:0+1 line:-1 name:_tet_21
host:0x261c840 device:0x40065a0f5000 size:392 presentcount:0+1 line:-1 name:_mymath_21
host:0x2817368 device:0x4007701cb600 size:4800 presentcount:0+2 line:614 name:var
host:0x2818628 device:0x4009077e8a00 size:1984 presentcount:0+1 line:403 name:var
host:0x281a910 device:0x40065e5ff600 size:864 presentcount:0+4 line:2639 name:hamiltonian
host:0x286ac80 device:0x4009077f2000 size:2712 presentcount:0+1 line:428 name:var
host:0x286b718 device:0x40081c1ff200 size:2248 presentcount:0+1 line:742 name:var
host:0x286eb50 device:0x400907bff400 size:288 presentcount:0+1 line:195 name:latt_cur
host:0x2871658 device:0x40083c3fe800 size:5088 presentcount:0+21 line:517 name:var
host:0x2872a38 device:0x4009079fe400 size:5088 presentcount:0+6 line:517 name:var
host:0x2873e18 device:0x4007701eee00 size:5088 presentcount:0+7 line:517 name:var
host:0x287a2a8 device:0x400907bf3600 size:304 presentcount:0+1 line:567 name:var
host:0x287a3d8 device:0x400907bf4a00 size:304 presentcount:0+1 line:567 name:var
host:0x2e48ec0 device:0x40065a002600 size:960024 presentcount:0+1 line:-1 name:_setexm_struct_def_16
host:0x2f8f080 device:0x40065a0f4700 size:580 presentcount:0+1 line:-1 name:_wpbe_16
host:0x2f8f900 device:0x40065a0f4b00 size:288 presentcount:0+1 line:-1 name:_mbj_16
host:0x9f446c0 device:0x40065a0f5200 size:624 presentcount:0+1 line:-1 name:_mlr_optic_16
host:0x448ca3e0 device:0x4009077f3400 size:8 presentcount:0+2 line:616 name:var%wtkpt(:)
host:0x44ba4430 device:0x4007701ce200 size:1000 presentcount:0+3 line:519 name:var%lpctz_(:)
host:0x44c49120 device:0x4007701cd400 size:1000 presentcount:0+3 line:519 name:var%lpctz(:)
host:0x49b076d0 device:0x4007701ca600 size:8 presentcount:0+2 line:405 name:var%nityp(:)
host:0x4a307300 device:0x4009079ffe00 size:132 presentcount:0+1 line:499 name:var%ptr(:)
host:0x4a471ac0 device:0x400907bf8400 size:28464 presentcount:0+1 line:853 name:var(:)
host:0x4a484240 device:0x4015c7fb6200 size:40000 presentcount:0+1 line:857 name:var%psp(:,:)
host:0x4a48deb0 device:0x400907df6800 size:8000 presentcount:0+1 line:857 name:var%psprho(:)
host:0x4a491140 device:0x4009079e8a00 size:24000 presentcount:0+1 line:466 name:var%psprnl(:,:,:)
host:0x4a4c0b20 device:0x4009077f4800 size:4320 presentcount:0+2 line:405 name:var%ityp(:)
host:0x4a4c1c30 device:0x4009077eba00 size:25920 presentcount:0+2 line:405 name:var%posion(:,:)
host:0x4a4fdcc0 device:0x4009077f2e00 size:8 presentcount:0+3 line:616 name:var%nityp(:)
host:0x4a4fdcf0 device:0x4009077f2c00 size:8 presentcount:0+3 line:616 name:var%lmmax(:)
host:0x4a504ee0 device:0x400907df2800 size:8000 presentcount:0+1 line:857 name:var%pspcor(:)
host:0x4a506e50 device:0x400907df4800 size:8000 presentcount:0+1 line:857 name:var%psprho(:)
host:0x4a50a910 device:0x4007701ffe00 size:132 presentcount:0+1 line:499 name:var%n(:)
host:0x4a50a9c0 device:0x400907de8a00 size:40000 presentcount:0+1 line:857 name:var%psp(:,:)
host:0x4a514630 device:0x4009077f6e00 size:24000 presentcount:0+1 line:466 name:var%psprnl(:,:,:)
host:0x4a560dc0 device:0x40083c3ffc00 size:24 presentcount:0+2 line:466 name:var%lps(:)
host:0x4a560e70 device:0x4007fc3ffa00 size:24 presentcount:0+2 line:466 name:var%lps(:)
host:0x4a584000 device:0x400907bea000 size:528 presentcount:0+1 line:480 name:var
host:0x4a6e3b90 device:0x4009077f3200 size:24 presentcount:0+2 line:616 name:var%vkpt(:,:)
host:0x4a708e40 device:0x4007701cb400 size:16 presentcount:0+1 line:430 name:var%psrmax(:)
host:0x4a709400 device:0x4009077f3600 size:4320 presentcount:0+3 line:616 name:var%ityp(:)
host:0x4a70a510 device:0x4009077f3000 size:8 presentcount:0+3 line:616 name:var%nt_global(:)
host:0x4a70a540 device:0x4009077ea800 size:4320 presentcount:0+3 line:616 name:var%npro_pos(:)
host:0x4a70b650 device:0x4009077e9400 size:4324 presentcount:0+3 line:616 name:var%lmbase(:)
host:0x4a70c760 device:0x4009077fcc00 size:4 presentcount:0+2 line:616 name:var%nplwkp(:)
host:0x4a70c790 device:0x4009077fce00 size:4 presentcount:0+2 line:616 name:var%nplwkp_tot(:)
host:0x4a70c7c0 device:0x4009077fd000 size:4 presentcount:0+2 line:616 name:var%ngvector_pos(:)
host:0x4a70c7f0 device:0x4009077f6c00 size:4 presentcount:0+2 line:616 name:var%ngvector(:)
host:0x4a70c820 device:0x4007701cca00 size:1280 presentcount:0+3 line:519 name:var%lpctx(:)
host:0x4a70cd50 device:0x4007701cd000 size:720 presentcount:0+3 line:519 name:var%lpcty(:)
host:0x4a70d050 device:0x4007701cd800 size:1280 presentcount:0+3 line:519 name:var%lpctx_(:)
host:0x4a70d580 device:0x4007701cde00 size:720 presentcount:0+3 line:519 name:var%lpcty_(:)
host:0x4a70d880 device:0x4009079ff800 size:1280 presentcount:0+1 line:519 name:var%lpctx(:)
host:0x4a70ddb0 device:0x400907be8a00 size:720 presentcount:0+1 line:519 name:var%lpcty(:)
host:0x4a70e0b0 device:0x400907be8e00 size:1000 presentcount:0+1 line:519 name:var%lpctz(:)
host:0x4a70e4c0 device:0x400907be9200 size:1280 presentcount:0+1 line:519 name:var%lpctx_(:)
host:0x4a70e9f0 device:0x400907be9800 size:720 presentcount:0+1 line:519 name:var%lpcty_(:)
host:0x4a70ecf0 device:0x400907be9c00 size:1000 presentcount:0+1 line:519 name:var%lpctz_(:)
host:0x4a70f100 device:0x4009077fd400 size:2560 presentcount:0+1 line:519 name:var%lpctx(:)
host:0x4a70fb30 device:0x4009077fee00 size:1440 presentcount:0+1 line:519 name:var%lpcty(:)
host:0x4a710100 device:0x4009077fe000 size:2000 presentcount:0+1 line:519 name:var%lpctz(:)
host:0x4a710900 device:0x4009077ff400 size:2560 presentcount:0+1 line:519 name:var%lpctx_(:)
host:0x4a711330 device:0x4007701f0200 size:1440 presentcount:0+1 line:519 name:var%lpcty_(:)
host:0x4a711900 device:0x4007701f0800 size:2000 presentcount:0+1 line:519 name:var%lpctz_(:)
host:0x4a813a80 device:0x4009079ee800 size:11296 presentcount:0+1 line:482 name:var%i2(:)
host:0x4a8166d0 device:0x4009079f1600 size:11296 presentcount:0+1 line:482 name:var%i3(:)
host:0x4a819320 device:0x4009079f4400 size:20080 presentcount:0+1 line:482 name:var%i2(:)
host:0x4a81e1c0 device:0x4009079f9400 size:20080 presentcount:0+1 line:482 name:var%i3(:)
host:0x4a823060 device:0x4007701f1000 size:28800 presentcount:0+2 line:482 name:var%i2(:)
host:0x4a82a110 device:0x4007701f8200 size:28800 presentcount:0+2 line:482 name:var%i3(:)
host:0x4a8315e0 device:0x400908ed3800 size:921600 presentcount:0+2 line:482 name:var%index(:,:)
host:0x4a912610 device:0x400907bf4c00 size:2560 presentcount:0+1 line:569 name:var%ind1(:)
host:0x4a913040 device:0x400907bf5600 size:11296 presentcount:0+1 line:569 name:var%indcol(:)
host:0x4a915c90 device:0x400907bea400 size:11296 presentcount:0+1 line:482 name:var%i2(:)
host:0x4a9188e0 device:0x400907bed200 size:11296 presentcount:0+1 line:482 name:var%i3(:)
host:0x4a91b530 device:0x400907bf0000 size:5040 presentcount:0+1 line:482 name:var%i2(:)
host:0x4a91c910 device:0x400907bf1400 size:5040 presentcount:0+1 line:482 name:var%i3(:)
host:0x4a956120 device:0x400907bf2a00 size:132 presentcount:0+1 line:499 name:var%ptri(:)
host:0x4a9561d0 device:0x400907bf2800 size:132 presentcount:0+1 line:499 name:var%ni(:)
host:0x4a956280 device:0x400907bf2e00 size:132 presentcount:0+1 line:499 name:var%ptr(:)
host:0x4a956330 device:0x400907bf2c00 size:132 presentcount:0+1 line:499 name:var%n(:)
host:0x4a9563e0 device:0x400907bf3400 size:4 presentcount:0+1 line:499 name:var%tbli(:)
host:0x4a956410 device:0x400907bf3200 size:132 presentcount:0+1 line:499 name:var%ptri(:)
host:0x4a9564c0 device:0x400907bf3000 size:132 presentcount:0+1 line:499 name:var%ni(:)
host:0x4a959390 device:0x4007fc3ffe00 size:132 presentcount:0+1 line:499 name:var%ptr(:)
host:0x4a959440 device:0x4007fc3ffc00 size:132 presentcount:0+1 line:499 name:var%n(:)
host:0x4a9594f0 device:0x4007701ff400 size:132 presentcount:0+1 line:499 name:var%ptri(:)
host:0x4a9595a0 device:0x4009077ffe00 size:132 presentcount:0+1 line:499 name:var%ni(:)
host:0x4a959650 device:0x4007701ff800 size:132 presentcount:0+1 line:499 name:var%ptr(:)
host:0x4a959700 device:0x4007701ff600 size:132 presentcount:0+1 line:499 name:var%n(:)
host:0x4a9597b0 device:0x4007701ffc00 size:132 presentcount:0+1 line:499 name:var%ptri(:)
host:0x4a959860 device:0x4007701ffa00 size:132 presentcount:0+1 line:499 name:var%ni(:)
host:0x4a9599c0 device:0x400907bf3800 size:1280 presentcount:0+1 line:569 name:var%ind1(:)
host:0x4a959ef0 device:0x400907bf3e00 size:2772 presentcount:0+1 line:569 name:var%indcol(:)
host:0x4a95a9f0 device:0x40077016ec00 size:180000 presentcount:0+3 line:482 name:var%i2(:)
host:0x4a986940 device:0x40077019ac00 size:180000 presentcount:0+3 line:482 name:var%i3(:)
host:0x4a9b2890 device:0x4009077bca00 size:180000 presentcount:0+6 line:482 name:var%index(:,:)
host:0x4a9de7e0 device:0x400907dbca00 size:180000 presentcount:0+6 line:482 name:var%i2(:)
host:0x4aa0a730 device:0x400908e00000 size:180000 presentcount:0+6 line:482 name:var%i3(:)
host:0x4aa36cb0 device:0x400907800000 size:1821184 presentcount:0+2 line:616 name:var%nindpw(:,:)
host:0x4abf36e0 device:0x4009077e9200 size:8 presentcount:0+2 line:616 name:var%nb_totk(:,:)
host:0x4abf3710 device:0x4009077fd200 size:4 presentcount:0+2 line:616 name:var%luseinv(:)
host:0x4abf3740 device:0x4007701cb000 size:4 presentcount:0+2 line:616 name:var%at_gamma(:)
host:0x4abf3770 device:0x4009077fec00 size:8 presentcount:0+1 line:405 name:var%lmmax(:)
host:0x4abf37a0 device:0x4007701cac00 size:8 presentcount:0+1 line:430 name:var%lmax(:)
host:0x4abf37d0 device:0x4009077f5a00 size:4324 presentcount:0+1 line:405 name:var%lmbase(:)
host:0x4abf48e0 device:0x4007701cae00 size:8 presentcount:0+1 line:430 name:var%lmmax(:)
host:0x4abf4910 device:0x4007701cb200 size:8 presentcount:0+1 line:430 name:var%channels(:)
host:0x4abf4940 device:0x40081c1ffc00 size:16 presentcount:0+1 line:430 name:var%rsmooth(:)
host:0x4abf4980 device:0x40081c1ffe00 size:400 presentcount:0+1 line:464 name:var
host:0x4abf4b10 device:0x40083c3ffe00 size:400 presentcount:0+1 line:464 name:var
host:0x4abf4cd0 device:0x4007701c6c00 size:4320 presentcount:0+1 line:430 name:var%nlimax(:)
host:0x4abf5de0 device:0x4007701c7e00 size:4324 presentcount:0+1 line:430 name:var%lmbase(:)
host:0x4abf6ef0 device:0x4007701c9000 size:4324 presentcount:0+1 line:430 name:var%nlibase(:)
host:0x4abf8000 device:0x4007701ce600 size:17132 presentcount:0+3 line:519 name:var%nindpwconjg(:)
host:0x4abfc320 device:0x4007701d2a00 size:17132 presentcount:0+3 line:519 name:var%ind_in_sphere(:)
host:0x4ad5baa0 device:0x4009079bca00 size:180000 presentcount:0+2 line:616 name:var%pl_index(:,:)
host:0x4ad879f0 device:0x400907bbca00 size:180000 presentcount:0+2 line:616 name:var%pl_col(:,:)
host:0x4adb4180 device:0x400908600000 size:7284736 presentcount:0+2 line:616 name:var%datake(:,:,:)
host:0x4b4a7400 device:0x400907a00000 size:1821184 presentcount:0+2 line:616 name:var%igx(:,:)
host:0x4b664a90 device:0x400907600000 size:1821184 presentcount:0+2 line:616 name:var%igy(:,:)
host:0x4b822330 device:0x400907c00000 size:1821184 presentcount:0+2 line:616 name:var%igz(:,:)
host:0x4b9e0200 device:0x4009df400000 size:7284272 presentcount:0+3 line:519 name:var%fftsca(:,:)
host:0x4c10c340 device:0x4015c7e00000 size:887040 presentcount:0+1 line:499 name:var%tbl(:)
host:0x4c2c0930 device:0x4015c7ed8a00 size:907200 presentcount:0+1 line:499 name:var%tbli(:)
host:0x4c39fe00 device:0x4015c8000000 size:907200 presentcount:0+1 line:499 name:var%tbl(:)
host:0x4c5f0de0 device:0x400907e00000 size:7229440 presentcount:0+1 line:499 name:var%tbl(:)
host:0x4d3bf670 device:0x4015c6600000 size:7228800 presentcount:0+1 line:499 name:var%tbli(:)
host:0x4daa6b50 device:0x4015c6e00000 size:7228800 presentcount:0+1 line:499 name:var%tbl(:)
host:0x4e875b40 device:0x4015c7600000 size:7228800 presentcount:0+1 line:499 name:var%tbli(:)
host:0x4f652420 device:0x400770146400 size:41472 presentcount:0+1 line:746 name:var%auxtot(:,:,:)
host:0x4f672420 device:0x400770150600 size:41472 presentcount:0+2 line:746 name:var%fertot(:,:,:)
host:0x4f680030 device:0x40077015a800 size:82944 presentcount:0+2 line:746 name:var%celtot(:,:,:)
host:0x4f6e1a60 device:0x4009c7000000 size:2799360 presentcount:0+1 line:194 name:cdij(:,:,:,:)
host:0x4f991bd0 device:0x4015c8200000 size:2799360 presentcount:0+1 line:194 name:cqij(:,:,:,:)
host:0x518d05e0 device:0x4009c7400000 size:15883776 presentcount:0+1 line:746 name:var%gproj(:,:,:,:)
host:0x528a1250 device:0x400907dfa800 size:2048 presentcount:0+1 line:179 name:w1(:)
host:0x528a2070 device:0x400907bff600 size:2048 presentcount:0+1 line:179 name:wtmp(:)
host:0x52aad2f0 device:0x4007701d6e00 size:98048 presentcount:0+1 line:1101 name:w1%gproj(:)
host:0x5d3877c0 device:0x400908e2c000 size:392192 presentcount:0+2 line:1226 name:wa%gproj(:,:)
host:0x5d3e73f0 device:0x4015c80dd800 size:392192 presentcount:0+2 line:1226 name:wa%gproj(:,:)
host:0x5d447020 device:0x400908e8bc00 size:98048 presentcount:0+1 line:1101 name:w1%gproj(:)
host:0x5d45ef50 device:0x400908ea3c00 size:98048 presentcount:0+1 line:1101 name:w1%gproj(:)
host:0x5d476e80 device:0x400908fb4800 size:98048 presentcount:0+1 line:1101 name:w1%gproj(:)
host:0x634021e0 device:0x401817e00000 size:3137536 presentcount:0+2 line:1226 name:wa%gproj(:,:)
host:0x63700420 device:0x401818200000 size:7284736 presentcount:0+1 line:1101 name:w1%cptwfp(:)
host:0x63df3490 device:0x401818a00000 size:7284736 presentcount:0+1 line:1101 name:w1%cptwfp(:)
host:0x644e6b30 device:0x401819200000 size:7284736 presentcount:0+1 line:1101 name:w1%cptwfp(:)
host:0x64bda800 device:0x401819a00000 size:7284736 presentcount:0+1 line:1101 name:w1%cptwfp(:)
host:0x4006dc0010a0 device:0x400909000000 size:45593280 presentcount:0+1 line:430 name:var%nli(:,:)
host:0x4007800012b0 device:0x400920000000 size:807411968 presentcount:0+1 line:430 name:var%rproj(:)
host:0x4007b5c64010 device:0x4015c8600000 size:28800000 presentcount:0+1 line:195 name:dencor(:)
host:0x4007b9384430 device:0x4015ca200000 size:57835520 presentcount:0+1 line:195 name:cstrf(:,:)
host:0x4007bcab8000 device:0x401806600000 size:29138944 presentcount:0+2 line:1226 name:wa%cptwfp(:,:)
host:0x400860003bf0 device:0x4009a0000000 size:230400000 presentcount:0+1 line:194 name:sv(:,:)
host:0x40086dbc54b0 device:0x4008c0000000 size:1180127232 presentcount:0+1 line:746 name:var%cptwfp(:,:,:,:)
host:0x4008b4148210 device:0x401808200000 size:29138944 presentcount:0+2 line:1226 name:wa%cptwfp(:,:)
host:0x400960008420 device:0x401809e00000 size:233111552 presentcount:0+2 line:1226 name:wa%cptwfp(:,:)
host:0x40096de60440 device:0x4016e6600000 size:230400000 presentcount:0+1 line:1101 name:w1%cr(:)
host:0x40097ba20650 device:0x401686600000 size:230400000 presentcount:0+1 line:1236 name:w1%cr(:)
host:0x4009895e0a70 device:0x401386600000 size:230400000 presentcount:0+1 line:1101 name:w1%cr(:)
host:0x400f80000c80 device:0x401326600000 size:230400000 presentcount:0+1 line:1236 name:w1%cr(:)
host:0x400f8dbc10a0 device:0x400f66600000 size:230400000 presentcount:0+1 line:1101 name:w1%cr(:)
host:0x400f9b7812b0 device:0x400f06600000 size:230400000 presentcount:0+1 line:1236 name:w1%cr(:)
host:0xffffcceea400 device:0x4007dc3ff200 size:3024 presentcount:0+10 line:682 name:var
host:0xffffcceeafd0 device:0x40065e5ffa00 size:1480 presentcount:0+1 line:174 name:w_ini
host:0xffffcceeb5a0 device:0x400907df8800 size:1480 presentcount:0+1 line:174 name:wopt
host:0xffffcceebb70 device:0x4007fc3ff200 size:1480 presentcount:0+1 line:174 name:wtmpa
allocated block device:0x40065e5ff600 size:1024 thread:1
allocated block device:0x40065e5ffa00 size:1536 thread:1
allocated block device:0x400770146400 size:41472 thread:1
allocated block device:0x400770150600 size:41472 thread:1
allocated block device:0x40077015a800 size:82944 thread:1
allocated block device:0x40077016ec00 size:180224 thread:1
allocated block device:0x40077019ac00 size:180224 thread:1
allocated block device:0x4007701c6c00 size:4608 thread:1
allocated block device:0x4007701c7e00 size:4608 thread:1
allocated block device:0x4007701c9000 size:4608 thread:1
allocated block device:0x4007701ca200 size:512 thread:1
allocated block device:0x4007701ca400 size:512 thread:1
allocated block device:0x4007701ca600 size:512 thread:1
allocated block device:0x4007701ca800 size:512 thread:1
allocated block device:0x4007701caa00 size:512 thread:1
allocated block device:0x4007701cac00 size:512 thread:1
allocated block device:0x4007701cae00 size:512 thread:1
allocated block device:0x4007701cb000 size:512 thread:1
allocated block device:0x4007701cb200 size:512 thread:1
allocated block device:0x4007701cb400 size:512 thread:1
allocated block device:0x4007701cb600 size:5120 thread:1
allocated block device:0x4007701cca00 size:1536 thread:1
allocated block device:0x4007701cd000 size:1024 thread:1
allocated block device:0x4007701cd400 size:1024 thread:1
allocated block device:0x4007701cd800 size:1536 thread:1
allocated block device:0x4007701cde00 size:1024 thread:1
allocated block device:0x4007701ce200 size:1024 thread:1
allocated block device:0x4007701ce600 size:17408 thread:1
allocated block device:0x4007701d2a00 size:17408 thread:1
allocated block device:0x4007701d6e00 size:98304 thread:1
allocated block device:0x4007701eee00 size:5120 thread:1
allocated block device:0x4007701f0200 size:1536 thread:1
allocated block device:0x4007701f0800 size:2048 thread:1
allocated block device:0x4007701f1000 size:29184 thread:1
allocated block device:0x4007701f8200 size:29184 thread:1
allocated block device:0x4007701ff400 size:512 thread:1
allocated block device:0x4007701ff600 size:512 thread:1
allocated block device:0x4007701ff800 size:512 thread:1
allocated block device:0x4007701ffa00 size:512 thread:1
allocated block device:0x4007701ffc00 size:512 thread:1
allocated block device:0x4007701ffe00 size:512 thread:1
allocated block device:0x4007dc3ff200 size:3072 thread:1
allocated block device:0x4007fc3ff200 size:2048 thread:1
allocated block device:0x4007fc3ffa00 size:512 thread:1
allocated block device:0x4007fc3ffc00 size:512 thread:1
allocated block device:0x4007fc3ffe00 size:512 thread:1
allocated block device:0x40081c1ff200 size:2560 thread:1
allocated block device:0x40081c1ffc00 size:512 thread:1
allocated block device:0x40081c1ffe00 size:512 thread:1
allocated block device:0x40083c3fe800 size:5120 thread:1
allocated block device:0x40083c3ffc00 size:512 thread:1
allocated block device:0x40083c3ffe00 size:512 thread:1
allocated block device:0x4008c0000000 size:1180127232 thread:1
allocated block device:0x400907600000 size:1821184 thread:1
allocated block device:0x4009077bca00 size:180224 thread:1
allocated block device:0x4009077e8a00 size:2048 thread:1
allocated block device:0x4009077e9200 size:512 thread:1
allocated block device:0x4009077e9400 size:4608 thread:1
allocated block device:0x4009077ea600 size:512 thread:1
allocated block device:0x4009077ea800 size:4608 thread:1
allocated block device:0x4009077eba00 size:26112 thread:1
allocated block device:0x4009077f2000 size:3072 thread:1
allocated block device:0x4009077f2c00 size:512 thread:1
allocated block device:0x4009077f2e00 size:512 thread:1
allocated block device:0x4009077f3000 size:512 thread:1
allocated block device:0x4009077f3200 size:512 thread:1
allocated block device:0x4009077f3400 size:512 thread:1
allocated block device:0x4009077f3600 size:4608 thread:1
allocated block device:0x4009077f4800 size:4608 thread:1
allocated block device:0x4009077f5a00 size:4608 thread:1
allocated block device:0x4009077f6c00 size:512 thread:1
allocated block device:0x4009077f6e00 size:24064 thread:1
allocated block device:0x4009077fcc00 size:512 thread:1
allocated block device:0x4009077fce00 size:512 thread:1
allocated block device:0x4009077fd000 size:512 thread:1
allocated block device:0x4009077fd200 size:512 thread:1
allocated block device:0x4009077fd400 size:3072 thread:1
allocated block device:0x4009077fe000 size:3072 thread:1
allocated block device:0x4009077fec00 size:512 thread:1
allocated block device:0x4009077fee00 size:1536 thread:1
allocated block device:0x4009077ff400 size:2560 thread:1
allocated block device:0x4009077ffe00 size:512 thread:1
allocated block device:0x400907800000 size:1821184 thread:1
allocated block device:0x4009079bca00 size:180224 thread:1
allocated block device:0x4009079e8a00 size:24064 thread:1
allocated block device:0x4009079ee800 size:11776 thread:1
allocated block device:0x4009079f1600 size:11776 thread:1
allocated block device:0x4009079f4400 size:20480 thread:1
allocated block device:0x4009079f9400 size:20480 thread:1
allocated block device:0x4009079fe400 size:5120 thread:1
allocated block device:0x4009079ff800 size:1536 thread:1
allocated block device:0x4009079ffe00 size:512 thread:1
allocated block device:0x400907a00000 size:1821184 thread:1
allocated block device:0x400907bbca00 size:180224 thread:1
allocated block device:0x400907be8a00 size:1024 thread:1
allocated block device:0x400907be8e00 size:1024 thread:1
allocated block device:0x400907be9200 size:1536 thread:1
allocated block device:0x400907be9800 size:1024 thread:1
allocated block device:0x400907be9c00 size:1024 thread:1
allocated block device:0x400907bea000 size:1024 thread:1
allocated block device:0x400907bea400 size:11776 thread:1
allocated block device:0x400907bed200 size:11776 thread:1
allocated block device:0x400907bf0000 size:5120 thread:1
allocated block device:0x400907bf1400 size:5120 thread:1
allocated block device:0x400907bf2800 size:512 thread:1
allocated block device:0x400907bf2a00 size:512 thread:1
allocated block device:0x400907bf2c00 size:512 thread:1
allocated block device:0x400907bf2e00 size:512 thread:1
allocated block device:0x400907bf3000 size:512 thread:1
allocated block device:0x400907bf3200 size:512 thread:1
allocated block device:0x400907bf3400 size:512 thread:1
allocated block device:0x400907bf3600 size:512 thread:1
allocated block device:0x400907bf3800 size:1536 thread:1
allocated block device:0x400907bf3e00 size:3072 thread:1
allocated block device:0x400907bf4a00 size:512 thread:1
allocated block device:0x400907bf4c00 size:2560 thread:1
allocated block device:0x400907bf5600 size:11776 thread:1
allocated block device:0x400907bf8400 size:28672 thread:1
allocated block device:0x400907bff400 size:512 thread:1
allocated block device:0x400907bff600 size:2048 thread:1
allocated block device:0x400907c00000 size:1821184 thread:1
allocated block device:0x400907dbca00 size:180224 thread:1
allocated block device:0x400907de8a00 size:40448 thread:1
allocated block device:0x400907df2800 size:8192 thread:1
allocated block device:0x400907df4800 size:8192 thread:1
allocated block device:0x400907df6800 size:8192 thread:1
allocated block device:0x400907df8800 size:1536 thread:1
allocated block device:0x400907dfa800 size:2048 thread:1
allocated block device:0x400907e00000 size:7284736 thread:1
allocated block device:0x400908600000 size:7284736 thread:1
allocated block device:0x400908e00000 size:180224 thread:1
allocated block device:0x400908e2c000 size:392192 thread:1
allocated block device:0x400908e8bc00 size:98304 thread:1
allocated block device:0x400908ea3c00 size:98304 thread:1
allocated block device:0x400908ed3800 size:921600 thread:1
allocated block device:0x400908fb4800 size:98304 thread:1
allocated block device:0x400909000000 size:45593600 thread:1
allocated block device:0x400920000000 size:807412224 thread:1
allocated block device:0x4009a0000000 size:230400000 thread:1
allocated block device:0x4009c7000000 size:2799616 thread:1
allocated block device:0x4009c7400000 size:15883776 thread:1
allocated block device:0x4009df400000 size:7284736 thread:1
allocated block device:0x400f06600000 size:230400000 thread:1
allocated block device:0x400f66600000 size:230400000 thread:1
allocated block device:0x401326600000 size:230400000 thread:1
allocated block device:0x401386600000 size:230400000 thread:1
allocated block device:0x4015c6600000 size:7228928 thread:1
allocated block device:0x4015c6e00000 size:7228928 thread:1
allocated block device:0x4015c7600000 size:7228928 thread:1
allocated block device:0x4015c7e00000 size:887296 thread:1
allocated block device:0x4015c7ed8a00 size:907264 thread:1
allocated block device:0x4015c7fb6200 size:40448 thread:1
allocated block device:0x4015c8000000 size:907264 thread:1
allocated block device:0x4015c80dd800 size:392192 thread:1
allocated block device:0x4015c8200000 size:2799616 thread:1
allocated block device:0x4015c8600000 size:28800000 thread:1
allocated block device:0x4015ca200000 size:57835520 thread:1
allocated block device:0x401686600000 size:230400000 thread:1
allocated block device:0x4016e6600000 size:230400000 thread:1
allocated block device:0x401806600000 size:29138944 thread:1
allocated block device:0x401808200000 size:29138944 thread:1
allocated block device:0x401809e00000 size:233111552 thread:1
allocated block device:0x401817e00000 size:3137536 thread:1
allocated block device:0x401818200000 size:7284736 thread:1
allocated block device:0x401818a00000 size:7284736 thread:1
allocated block device:0x401819200000 size:7284736 thread:1
allocated block device:0x401819a00000 size:7284736 thread:1
Accelerator Fatal Error: call to cuMemAlloc returned error 2 (CUDA_ERROR_OUT_OF_MEMORY): Out of memory
 File: /lus/lfs1aip2/projects/u6cb/software/VASP/vasp.6.5.1/build/gam/wave.f90
 Function: newwav:1073
 Line: 1101

Out of memory allocating 230400000 bytes of device memory
Failing in Thread:1
Out of memory allocating 921600000 bytes of device memory
Failing in Thread:1
total/free CUDA memory: 102005473280/60358656
Present table dump for device[1]: NVIDIA Tesla GPU 0, compute capability 9.0, threadid=1
Hint: specify 0x800 bit in NV_ACC_DEBUG for verbose info.
host:0x2557280 device:0x4006277ea600 size:32 presentcount:0+3 line:643 name:var%comm
host:0x25572a0 device:0x40048c1cae00 size:32 presentcount:0+4 line:652 name:var%comm_kinter
host:0x25572c0 device:0x40048c1cb000 size:32 presentcount:0+6 line:655 name:var%comm_kin
host:0x25572e0 device:0x40048c1ca800 size:32 presentcount:0+3 line:646 name:var%comm_inter
host:0x2557300 device:0x40048c1caa00 size:32 presentcount:0+6 line:649 name:var%comm_inb
host:0x256be80 device:0x40037a0ecd00 size:8 presentcount:0+1 line:-1 name:_setexm_struct_def_21
host:0x2576f40 device:0x40037a0ece00 size:28 presentcount:0+1 line:-1 name:_ml_ff_constant_21
host:0x2577c80 device:0x40037a0ecf00 size:30437 presentcount:0+1 line:-1 name:_ml_ff_taglist_21
host:0x25afc80 device:0x40037a0f4600 size:8 presentcount:0+1 line:-1 name:_mopenacc_tutor_21
host:0x25c2740 device:0x40037a0f4a00 size:32 presentcount:0+1 line:-1 name:_mbj_21
host:0x25cd640 device:0x40037a0f4d00 size:8 presentcount:0+1 line:-1 name:_sym_prec_21
host:0x26030c0 device:0x40037a0f4e00 size:344 presentcount:0+1 line:-1 name:_tet_21
host:0x261c840 device:0x40037a0f5000 size:392 presentcount:0+1 line:-1 name:_mymath_21
host:0x2817368 device:0x40048c1cbc00 size:4800 presentcount:0+2 line:614 name:var
host:0x2818628 device:0x4006277e8a00 size:1984 presentcount:0+1 line:403 name:var
host:0x281a910 device:0x4004283ff800 size:864 presentcount:0+4 line:2639 name:hamiltonian
host:0x286ac80 device:0x4006277f2000 size:2712 presentcount:0+1 line:428 name:var
host:0x286b718 device:0x40053c1ff200 size:2248 presentcount:0+1 line:742 name:var
host:0x286eb50 device:0x400627bffa00 size:288 presentcount:0+1 line:195 name:latt_cur
host:0x2871658 device:0x40055c3fec00 size:5088 presentcount:0+21 line:517 name:var
host:0x2872a38 device:0x4006279fe800 size:5088 presentcount:0+6 line:517 name:var
host:0x2873e18 device:0x40048c1ef400 size:5088 presentcount:0+7 line:517 name:var
host:0x287a2a8 device:0x400627bf3c00 size:304 presentcount:0+1 line:567 name:var
host:0x287a3d8 device:0x400627bf5000 size:304 presentcount:0+1 line:567 name:var
host:0x2e48ec0 device:0x40037a002600 size:960024 presentcount:0+1 line:-1 name:_setexm_struct_def_16
host:0x2f8f080 device:0x40037a0f4700 size:580 presentcount:0+1 line:-1 name:_wpbe_16
host:0x2f8f900 device:0x40037a0f4b00 size:288 presentcount:0+1 line:-1 name:_mbj_16
host:0x9f446c0 device:0x40037a0f5200 size:624 presentcount:0+1 line:-1 name:_mlr_optic_16
host:0x1b524430 device:0x40048c1ce800 size:1000 presentcount:0+3 line:519 name:var%lpctz_(:)
host:0x1b5c9120 device:0x40048c1cda00 size:1000 presentcount:0+3 line:519 name:var%lpctz(:)
host:0x204876b0 device:0x40048c1cac00 size:8 presentcount:0+2 line:405 name:var%nityp(:)
host:0x20c872e0 device:0x400627bf2c00 size:132 presentcount:0+1 line:499 name:var%ptr(:)
host:0x20df1aa0 device:0x400627bf8a00 size:28464 presentcount:0+1 line:853 name:var(:)
host:0x20e04220 device:0x4012e7fc0200 size:40000 presentcount:0+1 line:857 name:var%psp(:,:)
host:0x20e0de90 device:0x400627df6800 size:8000 presentcount:0+1 line:857 name:var%psprho(:)
host:0x20e11120 device:0x4006279e8a00 size:24000 presentcount:0+1 line:466 name:var%psprnl(:,:,:)
host:0x20e40b00 device:0x4006277f4800 size:4320 presentcount:0+2 line:405 name:var%ityp(:)
host:0x20e41c10 device:0x4006277eba00 size:25920 presentcount:0+2 line:405 name:var%posion(:,:)
host:0x20e84ec0 device:0x400627df2800 size:8000 presentcount:0+1 line:857 name:var%pspcor(:)
host:0x20e86e30 device:0x400627df4800 size:8000 presentcount:0+1 line:857 name:var%psprho(:)
host:0x20e8a8f0 device:0x400627bf2a00 size:132 presentcount:0+1 line:499 name:var%n(:)
host:0x20e8a9a0 device:0x400627de8a00 size:40000 presentcount:0+1 line:857 name:var%psp(:,:)
host:0x20e94610 device:0x4006277f6e00 size:24000 presentcount:0+1 line:466 name:var%psprnl(:,:,:)
host:0x20ee0da0 device:0x40053c1ffc00 size:24 presentcount:0+2 line:466 name:var%lps(:)
host:0x20ee0e50 device:0x40048c16ec00 size:24 presentcount:0+2 line:466 name:var%lps(:)
host:0x20f0b610 device:0x400627bea200 size:528 presentcount:0+1 line:480 name:var
host:0x21057b90 device:0x4006277f3200 size:24 presentcount:0+2 line:616 name:var%vkpt(:,:)
host:0x2107ccb0 device:0x4006277f3400 size:8 presentcount:0+2 line:616 name:var%wtkpt(:)
host:0x2107cce0 device:0x4006277f2e00 size:8 presentcount:0+3 line:616 name:var%nityp(:)
host:0x2107cea0 device:0x40048c1cba00 size:16 presentcount:0+1 line:430 name:var%psrmax(:)
host:0x2107d460 device:0x4006277f3600 size:4320 presentcount:0+3 line:616 name:var%ityp(:)
host:0x2107e570 device:0x4006277f2c00 size:8 presentcount:0+3 line:616 name:var%lmmax(:)
host:0x2107e5a0 device:0x4006277f3000 size:8 presentcount:0+3 line:616 name:var%nt_global(:)
host:0x2107e5d0 device:0x4006277ea800 size:4320 presentcount:0+3 line:616 name:var%npro_pos(:)
host:0x2107f6e0 device:0x4006277e9400 size:4324 presentcount:0+3 line:616 name:var%lmbase(:)
host:0x210807f0 device:0x4006277fcc00 size:4 presentcount:0+2 line:616 name:var%nplwkp(:)
host:0x21080820 device:0x4006277fce00 size:4 presentcount:0+2 line:616 name:var%nplwkp_tot(:)
host:0x21080850 device:0x4006277fd000 size:4 presentcount:0+2 line:616 name:var%ngvector_pos(:)
host:0x21080880 device:0x4006277f6c00 size:4 presentcount:0+2 line:616 name:var%ngvector(:)
host:0x210808b0 device:0x40048c1cd000 size:1280 presentcount:0+3 line:519 name:var%lpctx(:)
host:0x21080de0 device:0x40048c1cd600 size:720 presentcount:0+3 line:519 name:var%lpcty(:)
host:0x210810e0 device:0x40048c1cde00 size:1280 presentcount:0+3 line:519 name:var%lpctx_(:)
host:0x21081610 device:0x40048c1ce400 size:720 presentcount:0+3 line:519 name:var%lpcty_(:)
host:0x21081910 device:0x400627be8a00 size:1280 presentcount:0+1 line:519 name:var%lpctx(:)
host:0x21081e40 device:0x4006279ffc00 size:720 presentcount:0+1 line:519 name:var%lpcty(:)
host:0x21082140 device:0x400627be9000 size:1000 presentcount:0+1 line:519 name:var%lpctz(:)
host:0x21082550 device:0x400627be9400 size:1280 presentcount:0+1 line:519 name:var%lpctx_(:)
host:0x21082a80 device:0x400627be9a00 size:720 presentcount:0+1 line:519 name:var%lpcty_(:)
host:0x21082d80 device:0x400627be9e00 size:1000 presentcount:0+1 line:519 name:var%lpctz_(:)
host:0x21083190 device:0x4006277fd400 size:2560 presentcount:0+1 line:519 name:var%lpctx(:)
host:0x21083bc0 device:0x4006277fee00 size:1440 presentcount:0+1 line:519 name:var%lpcty(:)
host:0x21084190 device:0x4006277fe000 size:2000 presentcount:0+1 line:519 name:var%lpctz(:)
host:0x21084990 device:0x4006277ff400 size:2560 presentcount:0+1 line:519 name:var%lpctx_(:)
host:0x210853c0 device:0x40048c1f0800 size:1440 presentcount:0+1 line:519 name:var%lpcty_(:)
host:0x21085990 device:0x40048c1f0e00 size:2000 presentcount:0+1 line:519 name:var%lpctz_(:)
host:0x21187b10 device:0x4006279ee800 size:11296 presentcount:0+1 line:482 name:var%i2(:)
host:0x2118a760 device:0x4006279f1600 size:11296 presentcount:0+1 line:482 name:var%i3(:)
host:0x2118d3b0 device:0x4006279f4400 size:20080 presentcount:0+1 line:482 name:var%i2(:)
host:0x21192250 device:0x4006279f9400 size:20080 presentcount:0+1 line:482 name:var%i3(:)
host:0x211970f0 device:0x40048c1f1600 size:28800 presentcount:0+2 line:482 name:var%i2(:)
host:0x2119e1a0 device:0x40048c1f8800 size:28800 presentcount:0+2 line:482 name:var%i3(:)
host:0x211a5670 device:0x400628ed3800 size:921600 presentcount:0+2 line:482 name:var%index(:,:)
host:0x212866a0 device:0x400627bf5200 size:2560 presentcount:0+1 line:569 name:var%ind1(:)
host:0x212870d0 device:0x400627bf5c00 size:11296 presentcount:0+1 line:569 name:var%indcol(:)
host:0x21289d20 device:0x400627bea600 size:11296 presentcount:0+1 line:482 name:var%i2(:)
host:0x2128c970 device:0x400627bed400 size:11296 presentcount:0+1 line:482 name:var%i3(:)
host:0x2128f5c0 device:0x400627bf0200 size:5040 presentcount:0+1 line:482 name:var%i2(:)
host:0x212909a0 device:0x400627bf1600 size:5040 presentcount:0+1 line:482 name:var%i3(:)
host:0x21291d80 device:0x40048c1c8200 size:4324 presentcount:0+1 line:430 name:var%lmbase(:)
host:0x21292e90 device:0x40048c1c9600 size:4324 presentcount:0+1 line:430 name:var%nlibase(:)
host:0x21293fa0 device:0x40048c1cec00 size:17132 presentcount:0+3 line:519 name:var%nindpwconjg(:)
host:0x212982c0 device:0x40048c1d3000 size:17132 presentcount:0+3 line:519 name:var%ind_in_sphere(:)
host:0x2129f230 device:0x40048c1c9400 size:132 presentcount:0+1 line:499 name:var%ptr(:)
host:0x2129f2e0 device:0x40048c1c8000 size:132 presentcount:0+1 line:499 name:var%n(:)
host:0x2129f390 device:0x40048c1ffa00 size:132 presentcount:0+1 line:499 name:var%ptri(:)
host:0x2129f440 device:0x4006277ffe00 size:132 presentcount:0+1 line:499 name:var%ni(:)
host:0x2129f4f0 device:0x40048c1ffe00 size:132 presentcount:0+1 line:499 name:var%ptr(:)
host:0x2129f5a0 device:0x40048c1ffc00 size:132 presentcount:0+1 line:499 name:var%n(:)
host:0x2129f650 device:0x4006279fe600 size:132 presentcount:0+1 line:499 name:var%ptri(:)
host:0x2129f700 device:0x4006279fe400 size:132 presentcount:0+1 line:499 name:var%ni(:)
host:0x212a04a0 device:0x400627bf3600 size:132 presentcount:0+1 line:499 name:var%ni(:)
host:0x212cda50 device:0x400627bf3e00 size:1280 presentcount:0+1 line:569 name:var%ind1(:)
host:0x212cdf80 device:0x400627bf4400 size:2900 presentcount:0+1 line:569 name:var%indcol(:)
host:0x212ceb00 device:0x40048c16ee00 size:180000 presentcount:0+3 line:482 name:var%i2(:)
host:0x212faa50 device:0x40048c19ae00 size:180000 presentcount:0+3 line:482 name:var%i3(:)
host:0x213269a0 device:0x4006277bca00 size:180000 presentcount:0+6 line:482 name:var%index(:,:)
host:0x213528f0 device:0x400627dbca00 size:180000 presentcount:0+6 line:482 name:var%i2(:)
host:0x2137e840 device:0x400628e00000 size:180000 presentcount:0+6 line:482 name:var%i3(:)
host:0x213aadc0 device:0x400627800000 size:1821184 presentcount:0+2 line:616 name:var%nindpw(:,:)
host:0x215677f0 device:0x4006277e9200 size:8 presentcount:0+2 line:616 name:var%nb_totk(:,:)
host:0x21567820 device:0x4006277fd200 size:4 presentcount:0+2 line:616 name:var%luseinv(:)
host:0x21567850 device:0x40048c1cb600 size:4 presentcount:0+2 line:616 name:var%at_gamma(:)
host:0x21567880 device:0x4006279bca00 size:180000 presentcount:0+2 line:616 name:var%pl_index(:,:)
host:0x215937d0 device:0x4006277fec00 size:8 presentcount:0+1 line:405 name:var%lmmax(:)
host:0x21593800 device:0x40048c1cb200 size:8 presentcount:0+1 line:430 name:var%lmax(:)
host:0x21593830 device:0x4006277f5a00 size:4324 presentcount:0+1 line:405 name:var%lmbase(:)
host:0x21594940 device:0x40048c1cb400 size:8 presentcount:0+1 line:430 name:var%lmmax(:)
host:0x21594970 device:0x40048c1cb800 size:8 presentcount:0+1 line:430 name:var%channels(:)
host:0x215949a0 device:0x40051c3ffc00 size:16 presentcount:0+1 line:430 name:var%rsmooth(:)
host:0x215949e0 device:0x40051c3ffe00 size:400 presentcount:0+1 line:464 name:var
host:0x21594b70 device:0x40053c1ffe00 size:400 presentcount:0+1 line:464 name:var
host:0x21594d30 device:0x40048c1c6e00 size:4320 presentcount:0+1 line:430 name:var%nlimax(:)
host:0x21595e40 device:0x400627bf3000 size:132 presentcount:0+1 line:499 name:var%ptri(:)
host:0x21595ef0 device:0x400627bf2e00 size:132 presentcount:0+1 line:499 name:var%ni(:)
host:0x21595fa0 device:0x400627bf3400 size:132 presentcount:0+1 line:499 name:var%ptr(:)
host:0x21596050 device:0x400627bf3200 size:132 presentcount:0+1 line:499 name:var%n(:)
host:0x21596100 device:0x400627bf3a00 size:4 presentcount:0+1 line:499 name:var%tbli(:)
host:0x21596130 device:0x400627bf3800 size:132 presentcount:0+1 line:499 name:var%ptri(:)
host:0x216dba80 device:0x400627bbca00 size:180000 presentcount:0+2 line:616 name:var%pl_col(:,:)
host:0x21708210 device:0x400628600000 size:7284736 presentcount:0+2 line:616 name:var%datake(:,:,:)
host:0x21dfb490 device:0x400627a00000 size:1821184 presentcount:0+2 line:616 name:var%igx(:,:)
host:0x21fb8b20 device:0x400627600000 size:1821184 presentcount:0+2 line:616 name:var%igy(:,:)
host:0x221763c0 device:0x400627c00000 size:1821184 presentcount:0+2 line:616 name:var%igz(:,:)
host:0x22334290 device:0x4006ff400000 size:7284272 presentcount:0+3 line:519 name:var%fftsca(:,:)
host:0x22a98800 device:0x4012e7e00000 size:928000 presentcount:0+1 line:499 name:var%tbl(:)
host:0x22c60df0 device:0x4012e7ee2a00 size:907200 presentcount:0+1 line:499 name:var%tbli(:)
host:0x22d402c0 device:0x4012e8000000 size:907200 presentcount:0+1 line:499 name:var%tbl(:)
host:0x22f912a0 device:0x400627e00000 size:7229440 presentcount:0+1 line:499 name:var%tbl(:)
host:0x23762420 device:0x40048c146400 size:41472 presentcount:0+1 line:746 name:var%auxtot(:,:,:)
host:0x23790030 device:0x4004fc3ff800 size:2048 presentcount:0+1 line:179 name:wtmp(:)
host:0x237f9510 device:0x4012e81fcc00 size:2048 presentcount:0+1 line:179 name:w1(:)
host:0x23d5fb30 device:0x4012e6600000 size:7228800 presentcount:0+1 line:499 name:var%tbli(:)
host:0x24447010 device:0x4012e6e00000 size:7228800 presentcount:0+1 line:499 name:var%tbl(:)
host:0x25216000 device:0x4012e7600000 size:7228800 presentcount:0+1 line:499 name:var%tbli(:)
host:0x26375dc0 device:0x4006e7000000 size:2799360 presentcount:0+1 line:194 name:cdij(:,:,:,:)
host:0x26632420 device:0x40048c150600 size:41472 presentcount:0+2 line:746 name:var%fertot(:,:,:)
host:0x26640030 device:0x40048c15a800 size:82944 presentcount:0+2 line:746 name:var%celtot(:,:,:)
host:0x2749f590 device:0x4012e8200000 size:2799360 presentcount:0+1 line:194 name:cqij(:,:,:,:)
host:0x28270aa0 device:0x4006e7400000 size:15883776 presentcount:0+1 line:746 name:var%gproj(:,:,:,:)
host:0x2944ce60 device:0x40048c1d7400 size:98048 presentcount:0+1 line:1101 name:w1%gproj(:)
host:0x33ecc970 device:0x4012e819d000 size:392192 presentcount:0+2 line:1226 name:wa%gproj(:,:)
host:0x33f2c5a0 device:0x400628e2c000 size:392192 presentcount:0+2 line:1226 name:wa%gproj(:,:)
host:0x33f8c1d0 device:0x400628e8bc00 size:98048 presentcount:0+1 line:1101 name:w1%gproj(:)
host:0x33fa4100 device:0x400628ea3c00 size:98048 presentcount:0+1 line:1101 name:w1%gproj(:)
host:0x33fbc030 device:0x400628fb4800 size:98048 presentcount:0+1 line:1101 name:w1%gproj(:)
host:0x39f4f160 device:0x401597e00000 size:3137536 presentcount:0+2 line:1226 name:wa%gproj(:,:)
host:0x3a255380 device:0x401598200000 size:7284736 presentcount:0+1 line:1101 name:w1%cptwfp(:)
host:0x3a947dc0 device:0x401598a00000 size:7284736 presentcount:0+1 line:1101 name:w1%cptwfp(:)
host:0x3b03ae30 device:0x401599200000 size:7284736 presentcount:0+1 line:1101 name:w1%cptwfp(:)
host:0x3b72e4d0 device:0x401599a00000 size:7284736 presentcount:0+1 line:1101 name:w1%cptwfp(:)
host:0x4003fc0010a0 device:0x400629000000 size:45593280 presentcount:0+1 line:430 name:var%nli(:,:)
host:0x4004a00012b0 device:0x400640000000 size:807411968 presentcount:0+1 line:430 name:var%rproj(:)
host:0x4004d5c64010 device:0x4012e8600000 size:28800000 presentcount:0+1 line:195 name:dencor(:)
host:0x4004d9384430 device:0x4012ea200000 size:57835520 presentcount:0+1 line:195 name:cstrf(:,:)
host:0x4004dcab79d0 device:0x401586600000 size:29138944 presentcount:0+2 line:1226 name:wa%cptwfp(:,:)
host:0x400580003bf0 device:0x4006c0000000 size:230400000 presentcount:0+1 line:194 name:sv(:,:)
host:0x40058dbc54b0 device:0x4005e0000000 size:1180127232 presentcount:0+1 line:746 name:var%cptwfp(:,:,:,:)
host:0x4005d4147be0 device:0x401588200000 size:29138944 presentcount:0+2 line:1226 name:wa%cptwfp(:,:)
host:0x400680007df0 device:0x401589e00000 size:233111552 presentcount:0+2 line:1226 name:wa%cptwfp(:,:)
host:0x40068de68420 device:0x401526600000 size:230400000 presentcount:0+1 line:1101 name:w1%cr(:)
host:0x40069ba30020 device:0x401406600000 size:230400000 presentcount:0+1 line:1236 name:w1%cr(:)
host:0x4006a95f0440 device:0x4013a6600000 size:230400000 presentcount:0+1 line:1101 name:w1%cr(:)
host:0x400ca0000650 device:0x4010a6600000 size:230400000 presentcount:0+1 line:1236 name:w1%cr(:)
host:0x400cadbc0a70 device:0x401046600000 size:230400000 presentcount:0+1 line:1101 name:w1%cr(:)
host:0x400cbb780c80 device:0x400c86600000 size:230400000 presentcount:0+1 line:1236 name:w1%cr(:)
host:0x400cc93410a0 device:0x400c26600000 size:230400000 presentcount:0+1 line:1101 name:w1%cr(:)
host:0xfffff7353250 device:0x400627dfae00 size:3024 presentcount:0+11 line:682 name:var
host:0xfffff7353e20 device:0x4004fc3ff200 size:1480 presentcount:0+1 line:174 name:w_ini
host:0xfffff73543f0 device:0x400627df8e00 size:1480 presentcount:0+1 line:174 name:wopt
host:0xfffff73549c0 device:0x40051c3ff200 size:1480 presentcount:0+1 line:174 name:wtmpa
allocated block device:0x4004283ff800 size:1024 thread:1
allocated block device:0x40048c146400 size:41472 thread:1
allocated block device:0x40048c150600 size:41472 thread:1
allocated block device:0x40048c15a800 size:82944 thread:1
allocated block device:0x40048c16ec00 size:512 thread:1
allocated block device:0x40048c16ee00 size:180224 thread:1
allocated block device:0x40048c19ae00 size:180224 thread:1
allocated block device:0x40048c1c6e00 size:4608 thread:1
allocated block device:0x40048c1c8000 size:512 thread:1
allocated block device:0x40048c1c8200 size:4608 thread:1
allocated block device:0x40048c1c9400 size:512 thread:1
allocated block device:0x40048c1c9600 size:4608 thread:1
allocated block device:0x40048c1ca800 size:512 thread:1
allocated block device:0x40048c1caa00 size:512 thread:1
allocated block device:0x40048c1cac00 size:512 thread:1
allocated block device:0x40048c1cae00 size:512 thread:1
allocated block device:0x40048c1cb000 size:512 thread:1
allocated block device:0x40048c1cb200 size:512 thread:1
allocated block device:0x40048c1cb400 size:512 thread:1
allocated block device:0x40048c1cb600 size:512 thread:1
allocated block device:0x40048c1cb800 size:512 thread:1
allocated block device:0x40048c1cba00 size:512 thread:1
allocated block device:0x40048c1cbc00 size:5120 thread:1
allocated block device:0x40048c1cd000 size:1536 thread:1
allocated block device:0x40048c1cd600 size:1024 thread:1
allocated block device:0x40048c1cda00 size:1024 thread:1
allocated block device:0x40048c1cde00 size:1536 thread:1
allocated block device:0x40048c1ce400 size:1024 thread:1
allocated block device:0x40048c1ce800 size:1024 thread:1
allocated block device:0x40048c1cec00 size:17408 thread:1
allocated block device:0x40048c1d3000 size:17408 thread:1
allocated block device:0x40048c1d7400 size:98304 thread:1
allocated block device:0x40048c1ef400 size:5120 thread:1
allocated block device:0x40048c1f0800 size:1536 thread:1
allocated block device:0x40048c1f0e00 size:2048 thread:1
allocated block device:0x40048c1f1600 size:29184 thread:1
allocated block device:0x40048c1f8800 size:29184 thread:1
allocated block device:0x40048c1ffa00 size:512 thread:1
allocated block device:0x40048c1ffc00 size:512 thread:1
allocated block device:0x40048c1ffe00 size:512 thread:1
allocated block device:0x4004fc3ff200 size:1536 thread:1
allocated block device:0x4004fc3ff800 size:2048 thread:1
allocated block device:0x40051c3ff200 size:2048 thread:1
allocated block device:0x40051c3ffc00 size:512 thread:1
allocated block device:0x40051c3ffe00 size:512 thread:1
allocated block device:0x40053c1ff200 size:2560 thread:1
allocated block device:0x40053c1ffc00 size:512 thread:1
allocated block device:0x40053c1ffe00 size:512 thread:1
allocated block device:0x40055c3fec00 size:5120 thread:1
allocated block device:0x4005e0000000 size:1180127232 thread:1
allocated block device:0x400627600000 size:1821184 thread:1
allocated block device:0x4006277bca00 size:180224 thread:1
allocated block device:0x4006277e8a00 size:2048 thread:1
allocated block device:0x4006277e9200 size:512 thread:1
allocated block device:0x4006277e9400 size:4608 thread:1
allocated block device:0x4006277ea600 size:512 thread:1
allocated block device:0x4006277ea800 size:4608 thread:1
allocated block device:0x4006277eba00 size:26112 thread:1
allocated block device:0x4006277f2000 size:3072 thread:1
allocated block device:0x4006277f2c00 size:512 thread:1
allocated block device:0x4006277f2e00 size:512 thread:1
allocated block device:0x4006277f3000 size:512 thread:1
allocated block device:0x4006277f3200 size:512 thread:1
allocated block device:0x4006277f3400 size:512 thread:1
allocated block device:0x4006277f3600 size:4608 thread:1
allocated block device:0x4006277f4800 size:4608 thread:1
allocated block device:0x4006277f5a00 size:4608 thread:1
allocated block device:0x4006277f6c00 size:512 thread:1
allocated block device:0x4006277f6e00 size:24064 thread:1
allocated block device:0x4006277fcc00 size:512 thread:1
allocated block device:0x4006277fce00 size:512 thread:1
allocated block device:0x4006277fd000 size:512 thread:1
allocated block device:0x4006277fd200 size:512 thread:1
allocated block device:0x4006277fd400 size:3072 thread:1
allocated block device:0x4006277fe000 size:3072 thread:1
allocated block device:0x4006277fec00 size:512 thread:1
allocated block device:0x4006277fee00 size:1536 thread:1
allocated block device:0x4006277ff400 size:2560 thread:1
allocated block device:0x4006277ffe00 size:512 thread:1
allocated block device:0x400627800000 size:1821184 thread:1
allocated block device:0x4006279bca00 size:180224 thread:1
allocated block device:0x4006279e8a00 size:24064 thread:1
allocated block device:0x4006279ee800 size:11776 thread:1
allocated block device:0x4006279f1600 size:11776 thread:1
allocated block device:0x4006279f4400 size:20480 thread:1
allocated block device:0x4006279f9400 size:20480 thread:1
allocated block device:0x4006279fe400 size:512 thread:1
allocated block device:0x4006279fe600 size:512 thread:1
allocated block device:0x4006279fe800 size:5120 thread:1
allocated block device:0x4006279ffc00 size:1024 thread:1
allocated block device:0x400627a00000 size:1821184 thread:1
allocated block device:0x400627bbca00 size:180224 thread:1
allocated block device:0x400627be8a00 size:1536 thread:1
allocated block device:0x400627be9000 size:1024 thread:1
allocated block device:0x400627be9400 size:1536 thread:1
allocated block device:0x400627be9a00 size:1024 thread:1
allocated block device:0x400627be9e00 size:1024 thread:1
allocated block device:0x400627bea200 size:1024 thread:1
allocated block device:0x400627bea600 size:11776 thread:1
allocated block device:0x400627bed400 size:11776 thread:1
allocated block device:0x400627bf0200 size:5120 thread:1
allocated block device:0x400627bf1600 size:5120 thread:1
allocated block device:0x400627bf2a00 size:512 thread:1
allocated block device:0x400627bf2c00 size:512 thread:1
allocated block device:0x400627bf2e00 size:512 thread:1
allocated block device:0x400627bf3000 size:512 thread:1
allocated block device:0x400627bf3200 size:512 thread:1
allocated block device:0x400627bf3400 size:512 thread:1
allocated block device:0x400627bf3600 size:512 thread:1
allocated block device:0x400627bf3800 size:512 thread:1
allocated block device:0x400627bf3a00 size:512 thread:1
allocated block device:0x400627bf3c00 size:512 thread:1
allocated block device:0x400627bf3e00 size:1536 thread:1
allocated block device:0x400627bf4400 size:3072 thread:1
allocated block device:0x400627bf5000 size:512 thread:1
allocated block device:0x400627bf5200 size:2560 thread:1
allocated block device:0x400627bf5c00 size:11776 thread:1
allocated block device:0x400627bf8a00 size:28672 thread:1
allocated block device:0x400627bffa00 size:512 thread:1
allocated block device:0x400627c00000 size:1821184 thread:1
allocated block device:0x400627dbca00 size:180224 thread:1
allocated block device:0x400627de8a00 size:40448 thread:1
allocated block device:0x400627df2800 size:8192 thread:1
allocated block device:0x400627df4800 size:8192 thread:1
allocated block device:0x400627df6800 size:8192 thread:1
allocated block device:0x400627df8e00 size:1536 thread:1
allocated block device:0x400627dfae00 size:3072 thread:1
allocated block device:0x400627e00000 size:7284736 thread:1
allocated block device:0x400628600000 size:7284736 thread:1
allocated block device:0x400628e00000 size:180224 thread:1
allocated block device:0x400628e2c000 size:392192 thread:1
allocated block device:0x400628e8bc00 size:98304 thread:1
allocated block device:0x400628ea3c00 size:98304 thread:1
allocated block device:0x400628ed3800 size:921600 thread:1
allocated block device:0x400628fb4800 size:98304 thread:1
allocated block device:0x400629000000 size:45593600 thread:1
allocated block device:0x400640000000 size:807412224 thread:1
allocated block device:0x4006c0000000 size:230400000 thread:1
allocated block device:0x4006e7000000 size:2799616 thread:1
allocated block device:0x4006e7400000 size:15883776 thread:1
allocated block device:0x4006ff400000 size:7284736 thread:1
allocated block device:0x400c26600000 size:230400000 thread:1
allocated block device:0x400c86600000 size:230400000 thread:1
allocated block device:0x401046600000 size:230400000 thread:1
allocated block device:0x4010a6600000 size:230400000 thread:1
allocated block device:0x4012e6600000 size:7228928 thread:1
allocated block device:0x4012e6e00000 size:7228928 thread:1
allocated block device:0x4012e7600000 size:7228928 thread:1
allocated block device:0x4012e7e00000 size:928256 thread:1
allocated block device:0x4012e7ee2a00 size:907264 thread:1
allocated block device:0x4012e7fc0200 size:40448 thread:1
allocated block device:0x4012e8000000 size:907264 thread:1
allocated block device:0x4012e819d000 size:392192 thread:1
allocated block device:0x4012e81fcc00 size:2048 thread:1
allocated block device:0x4012e8200000 size:2799616 thread:1
allocated block device:0x4012e8600000 size:28800000 thread:1
allocated block device:0x4012ea200000 size:57835520 thread:1
allocated block device:0x4013a6600000 size:230400000 thread:1
allocated block device:0x401406600000 size:230400000 thread:1
allocated block device:0x401526600000 size:230400000 thread:1
allocated block device:0x401586600000 size:29138944 thread:1
allocated block device:0x401588200000 size:29138944 thread:1
allocated block device:0x401589e00000 size:233111552 thread:1
allocated block device:0x401597e00000 size:3137536 thread:1
allocated block device:0x401598200000 size:7284736 thread:1
allocated block device:0x401598a00000 size:7284736 thread:1
allocated block device:0x401599200000 size:7284736 thread:1
allocated block device:0x401599a00000 size:7284736 thread:1
Accelerator Fatal Error: call to cuMemAlloc returned error 2 (CUDA_ERROR_OUT_OF_MEMORY): Out of memory
 File: /lus/lfs1aip2/projects/u6cb/software/VASP/vasp.6.5.1/build/gam/wave.f90
 Function: newwav_r:1223
 Line: 1236

total/free CUDA memory: 102005473280/60358656
Present table dump for device[1]: NVIDIA Tesla GPU 0, compute capability 9.0, threadid=1
Hint: specify 0x800 bit in NV_ACC_DEBUG for verbose info.
host:0x2557280 device:0x4005c77ea600 size:32 presentcount:0+3 line:643 name:var%comm
host:0x25572a0 device:0x40042a1ca800 size:32 presentcount:0+4 line:652 name:var%comm_kinter
host:0x25572c0 device:0x40042a1caa00 size:32 presentcount:0+6 line:655 name:var%comm_kin
host:0x25572e0 device:0x40042a1ca200 size:32 presentcount:0+3 line:646 name:var%comm_inter
host:0x2557300 device:0x40042a1ca400 size:32 presentcount:0+7 line:649 name:var%comm_inb
host:0x256be80 device:0x40031a0ecd00 size:8 presentcount:0+1 line:-1 name:_setexm_struct_def_21
host:0x2576f40 device:0x40031a0ece00 size:28 presentcount:0+1 line:-1 name:_ml_ff_constant_21
host:0x2577c80 device:0x40031a0ecf00 size:30437 presentcount:0+1 line:-1 name:_ml_ff_taglist_21
host:0x25afc80 device:0x40031a0f4600 size:8 presentcount:0+1 line:-1 name:_mopenacc_tutor_21
host:0x25c2740 device:0x40031a0f4a00 size:32 presentcount:0+1 line:-1 name:_mbj_21
host:0x25cd640 device:0x40031a0f4d00 size:8 presentcount:0+1 line:-1 name:_sym_prec_21
host:0x26030c0 device:0x40031a0f4e00 size:344 presentcount:0+1 line:-1 name:_tet_21
host:0x261c840 device:0x40031a0f5000 size:392 presentcount:0+1 line:-1 name:_mymath_21
host:0x2817368 device:0x40042a1cb600 size:4800 presentcount:0+2 line:614 name:var
host:0x2818628 device:0x4005c77e8a00 size:1984 presentcount:0+2 line:403 name:var
host:0x281a910 device:0x40031e5ff600 size:864 presentcount:0+4 line:2639 name:hamiltonian
host:0x286ac80 device:0x4005c77f2000 size:2712 presentcount:0+2 line:428 name:var
host:0x286b718 device:0x4004d51ff200 size:2248 presentcount:0+1 line:742 name:var
host:0x286eb50 device:0x4005c7bff400 size:288 presentcount:0+1 line:195 name:latt_cur
host:0x2871658 device:0x4004f53fe800 size:5088 presentcount:0+28 line:517 name:var
host:0x2872a38 device:0x4005c79fe400 size:5088 presentcount:0+6 line:517 name:var
host:0x2873e18 device:0x40042a1eee00 size:5088 presentcount:0+7 line:517 name:var
host:0x287a2a8 device:0x4005c7bf3600 size:304 presentcount:0+1 line:567 name:var
host:0x287a3d8 device:0x4005c7bf4a00 size:304 presentcount:0+1 line:567 name:var
host:0x2e48ec0 device:0x40031a002600 size:960024 presentcount:0+1 line:-1 name:_setexm_struct_def_16
host:0x2f8f080 device:0x40031a0f4700 size:580 presentcount:0+1 line:-1 name:_wpbe_16
host:0x2f8f900 device:0x40031a0f4b00 size:288 presentcount:0+1 line:-1 name:_mbj_16
host:0x9f446c0 device:0x40031a0f5200 size:624 presentcount:0+1 line:-1 name:_mlr_optic_16
host:0x479f4430 device:0x40042a1ce200 size:1000 presentcount:0+4 line:519 name:var%lpctz_(:)
host:0x47a84d80 device:0x4005c77f3200 size:24 presentcount:0+3 line:616 name:var%vkpt(:,:)
host:0x47a84dc0 device:0x4005c77f2e00 size:8 presentcount:0+3 line:616 name:var%nityp(:)
host:0x47a84f80 device:0x40042a1cb400 size:16 presentcount:0+2 line:430 name:var%psrmax(:)
host:0x47a84fc0 device:0x4005c77f2c00 size:8 presentcount:0+3 line:616 name:var%lmmax(:)
host:0x47a84ff0 device:0x4005c77f3000 size:8 presentcount:0+3 line:616 name:var%nt_global(:)
host:0x47a85020 device:0x4005c77fcc00 size:4 presentcount:0+2 line:616 name:var%nplwkp(:)
host:0x47a85050 device:0x4005c77fce00 size:4 presentcount:0+2 line:616 name:var%nplwkp_tot(:)
host:0x47a85080 device:0x4005c77fd000 size:4 presentcount:0+2 line:616 name:var%ngvector_pos(:)
host:0x47a850b0 device:0x4005c77f6c00 size:4 presentcount:0+2 line:616 name:var%ngvector(:)
host:0x47a850e0 device:0x4005c77e9200 size:8 presentcount:0+2 line:616 name:var%nb_totk(:,:)
host:0x47a85110 device:0x4005c77fd200 size:4 presentcount:0+2 line:616 name:var%luseinv(:)
host:0x47a85140 device:0x40042a1cb000 size:4 presentcount:0+2 line:616 name:var%at_gamma(:)
host:0x47a85170 device:0x4005c77fec00 size:8 presentcount:0+2 line:405 name:var%lmmax(:)
host:0x47a851a0 device:0x40042a1cac00 size:8 presentcount:0+2 line:430 name:var%lmax(:)
host:0x47a851d0 device:0x40042a1cae00 size:8 presentcount:0+2 line:430 name:var%lmmax(:)
host:0x47a85200 device:0x40042a1cb200 size:8 presentcount:0+2 line:430 name:var%channels(:)
host:0x47a85230 device:0x4004d51ffc00 size:16 presentcount:0+2 line:430 name:var%rsmooth(:)
host:0x47a99120 device:0x40042a1cd400 size:1000 presentcount:0+4 line:519 name:var%lpctz(:)
host:0x47af35b0 device:0x4005c7bea000 size:528 presentcount:0+1 line:480 name:var
host:0x4bdd0af0 device:0x40042a1ca600 size:8 presentcount:0+4 line:405 name:var%nityp(:)
host:0x4c6f7eb0 device:0x4005c7bf8400 size:28464 presentcount:0+1 line:853 name:var(:)
host:0x4c70a630 device:0x401267fb6200 size:40000 presentcount:0+1 line:857 name:var%psp(:,:)
host:0x4c7142a0 device:0x4005c7df6800 size:8000 presentcount:0+1 line:857 name:var%psprho(:)
host:0x4c717530 device:0x4005c79e8a00 size:24000 presentcount:0+2 line:466 name:var%psprnl(:,:,:)
host:0x4c746f10 device:0x4005c77f4800 size:4320 presentcount:0+4 line:405 name:var%ityp(:)
host:0x4c748020 device:0x4005c77eba00 size:25920 presentcount:0+4 line:405 name:var%posion(:,:)
host:0x4c789370 device:0x4005c79ffe00 size:132 presentcount:0+1 line:499 name:var%ptr(:)
host:0x4c78b430 device:0x4005c7df2800 size:8000 presentcount:0+1 line:857 name:var%pspcor(:)
host:0x4c78d3a0 device:0x4005c7df4800 size:8000 presentcount:0+1 line:857 name:var%psprho(:)
host:0x4c790e60 device:0x40042a1ffe00 size:132 presentcount:0+1 line:499 name:var%n(:)
host:0x4c790f10 device:0x4005c7de8a00 size:40000 presentcount:0+1 line:857 name:var%psp(:,:)
host:0x4c79ab80 device:0x4005c77f6e00 size:24000 presentcount:0+2 line:466 name:var%psprnl(:,:,:)
host:0x4c7add90 device:0x4005c77f3400 size:8 presentcount:0+2 line:616 name:var%wtkpt(:)
host:0x4c7e7300 device:0x4004f53ffc00 size:24 presentcount:0+3 line:466 name:var%lps(:)
host:0x4c7e73b0 device:0x4004b53ffa00 size:24 presentcount:0+3 line:466 name:var%lps(:)
host:0x4c856be0 device:0x4005c77f3600 size:4320 presentcount:0+3 line:616 name:var%ityp(:)
host:0x4c857cf0 device:0x4005c77ea800 size:4320 presentcount:0+3 line:616 name:var%npro_pos(:)
host:0x4c858e00 device:0x4005c77e9400 size:4324 presentcount:0+3 line:616 name:var%lmbase(:)
host:0x4c859f10 device:0x40042a1cca00 size:1280 presentcount:0+4 line:519 name:var%lpctx(:)
host:0x4c85a440 device:0x40042a1cd000 size:720 presentcount:0+4 line:519 name:var%lpcty(:)
host:0x4c85a740 device:0x40042a1cd800 size:1280 presentcount:0+4 line:519 name:var%lpctx_(:)
host:0x4c85ac70 device:0x40042a1cde00 size:720 presentcount:0+4 line:519 name:var%lpcty_(:)
host:0x4c85af70 device:0x4005c79ff800 size:1280 presentcount:0+1 line:519 name:var%lpctx(:)
host:0x4c85b4a0 device:0x4005c7be8a00 size:720 presentcount:0+1 line:519 name:var%lpcty(:)
host:0x4c85b7a0 device:0x4005c7be8e00 size:1000 presentcount:0+1 line:519 name:var%lpctz(:)
host:0x4c85bbb0 device:0x4005c7be9200 size:1280 presentcount:0+1 line:519 name:var%lpctx_(:)
host:0x4c85c0e0 device:0x4005c7be9800 size:720 presentcount:0+1 line:519 name:var%lpcty_(:)
host:0x4c85c3e0 device:0x4005c7be9c00 size:1000 presentcount:0+1 line:519 name:var%lpctz_(:)
host:0x4c85c7f0 device:0x4005c77fd400 size:2560 presentcount:0+1 line:519 name:var%lpctx(:)
host:0x4c85d220 device:0x4005c77fee00 size:1440 presentcount:0+1 line:519 name:var%lpcty(:)
host:0x4c85d7f0 device:0x4005c77fe000 size:2000 presentcount:0+1 line:519 name:var%lpctz(:)
host:0x4c85dff0 device:0x4005c77ff400 size:2560 presentcount:0+1 line:519 name:var%lpctx_(:)
host:0x4c85ea20 device:0x40042a1f0200 size:1440 presentcount:0+1 line:519 name:var%lpcty_(:)
host:0x4c85eff0 device:0x40042a1f0800 size:2000 presentcount:0+1 line:519 name:var%lpctz_(:)
host:0x4c961170 device:0x4005c79ee800 size:11292 presentcount:0+1 line:482 name:var%i2(:)
host:0x4c963dc0 device:0x4005c79f1600 size:11292 presentcount:0+1 line:482 name:var%i3(:)
host:0x4c966a10 device:0x4005c79f4400 size:20080 presentcount:0+1 line:482 name:var%i2(:)
host:0x4c96b8b0 device:0x4005c79f9400 size:20080 presentcount:0+1 line:482 name:var%i3(:)
host:0x4c970750 device:0x40042a1f1000 size:28800 presentcount:0+2 line:482 name:var%i2(:)
host:0x4c977800 device:0x40042a1f8200 size:28800 presentcount:0+2 line:482 name:var%i3(:)
host:0x4c97ecd0 device:0x4005c8ed3800 size:921600 presentcount:0+2 line:482 name:var%index(:,:)
host:0x4ca5fd00 device:0x4005c7bf4c00 size:2560 presentcount:0+1 line:569 name:var%ind1(:)
host:0x4ca60730 device:0x4005c7bf5600 size:11292 presentcount:0+1 line:569 name:var%indcol(:)
host:0x4ca63380 device:0x4005c7bea400 size:11292 presentcount:0+1 line:482 name:var%i2(:)
host:0x4ca65fd0 device:0x4005c7bed200 size:11292 presentcount:0+1 line:482 name:var%i3(:)
host:0x4ca68c20 device:0x4005c7bf0000 size:5040 presentcount:0+1 line:482 name:var%i2(:)
host:0x4ca6a000 device:0x4005c7bf1400 size:5040 presentcount:0+1 line:482 name:var%i3(:)
host:0x4ca6b3e0 device:0x40042a1c6c00 size:4320 presentcount:0+2 line:430 name:var%nlimax(:)
host:0x4ca6c4f0 device:0x40042a1c7e00 size:4324 presentcount:0+2 line:430 name:var%lmbase(:)
host:0x4ca6d600 device:0x40042a1c9000 size:4324 presentcount:0+2 line:430 name:var%nlibase(:)
host:0x4ca6e710 device:0x40042a1ce600 size:17132 presentcount:0+4 line:519 name:var%nindpwconjg(:)
host:0x4ca72a30 device:0x40042a1d2a00 size:17132 presentcount:0+4 line:519 name:var%ind_in_sphere(:)
host:0x4ca799a0 device:0x4004b53ffe00 size:132 presentcount:0+1 line:499 name:var%ptr(:)
host:0x4ca79a50 device:0x4004b53ffc00 size:132 presentcount:0+1 line:499 name:var%n(:)
host:0x4ca79b00 device:0x40042a1ff400 size:132 presentcount:0+1 line:499 name:var%ptri(:)
host:0x4ca79bb0 device:0x4005c77ffe00 size:132 presentcount:0+1 line:499 name:var%ni(:)
host:0x4ca79c60 device:0x40042a1ff800 size:132 presentcount:0+1 line:499 name:var%ptr(:)
host:0x4ca79d10 device:0x40042a1ff600 size:132 presentcount:0+1 line:499 name:var%n(:)
host:0x4ca79dc0 device:0x40042a1ffc00 size:132 presentcount:0+1 line:499 name:var%ptri(:)
host:0x4ca79e70 device:0x40042a1ffa00 size:132 presentcount:0+1 line:499 name:var%ni(:)
host:0x4ca7ac10 device:0x4005c7bf2a00 size:132 presentcount:0+1 line:499 name:var%ptri(:)
host:0x4ca7acc0 device:0x4005c7bf2800 size:132 presentcount:0+1 line:499 name:var%ni(:)
host:0x4ca7ad70 device:0x4005c7bf2e00 size:132 presentcount:0+1 line:499 name:var%ptr(:)
host:0x4ca7ae20 device:0x4005c7bf2c00 size:132 presentcount:0+1 line:499 name:var%n(:)
host:0x4ca7aed0 device:0x4005c7bf3400 size:4 presentcount:0+1 line:499 name:var%tbli(:)
host:0x4ca7af00 device:0x4005c7bf3200 size:132 presentcount:0+1 line:499 name:var%ptri(:)
host:0x4ca7afb0 device:0x4005c7bf3000 size:132 presentcount:0+1 line:499 name:var%ni(:)
host:0x4caa70b0 device:0x4005c7bf3800 size:1280 presentcount:0+1 line:569 name:var%ind1(:)
host:0x4caa75e0 device:0x4005c7bf3e00 size:2772 presentcount:0+1 line:569 name:var%indcol(:)
host:0x4caa80e0 device:0x40042a16ec00 size:180000 presentcount:0+4 line:482 name:var%i2(:)
host:0x4cad4030 device:0x40042a19ac00 size:180000 presentcount:0+4 line:482 name:var%i3(:)
host:0x4cafff80 device:0x4005c77bca00 size:180000 presentcount:0+8 line:482 name:var%index(:,:)
host:0x4cb2bed0 device:0x4005c7dbca00 size:180000 presentcount:0+8 line:482 name:var%i2(:)
host:0x4cb57e20 device:0x4005c8e00000 size:180000 presentcount:0+8 line:482 name:var%i3(:)
host:0x4cb843a0 device:0x4005c7800000 size:1821184 presentcount:0+3 line:616 name:var%nindpw(:,:)
host:0x4cd40dd0 device:0x4005c79bca00 size:180000 presentcount:0+3 line:616 name:var%pl_index(:,:)
host:0x4cd6cd20 device:0x4005c7bbca00 size:180000 presentcount:0+3 line:616 name:var%pl_col(:,:)
host:0x4cd98c70 device:0x4005c77f5a00 size:4324 presentcount:0+2 line:405 name:var%lmbase(:)
host:0x4cd99d80 device:0x4004d51ffe00 size:400 presentcount:0+2 line:464 name:var
host:0x4cd99f10 device:0x4004f53ffe00 size:400 presentcount:0+2 line:464 name:var
host:0x4cfe29d0 device:0x4005c8600000 size:7284736 presentcount:0+3 line:616 name:var%datake(:,:,:)
host:0x4d6d5c50 device:0x4005c7a00000 size:1821184 presentcount:0+3 line:616 name:var%igx(:,:)
host:0x4d8932e0 device:0x4005c7600000 size:1821184 presentcount:0+3 line:616 name:var%igy(:,:)
host:0x4da50b80 device:0x4005c7c00000 size:1821184 presentcount:0+3 line:616 name:var%igz(:,:)
host:0x4dc0ea50 device:0x40067f000000 size:7284272 presentcount:0+4 line:519 name:var%fftsca(:,:)
host:0x4e302760 device:0x401267e00000 size:887040 presentcount:0+1 line:499 name:var%tbl(:)
host:0x4e4b6d50 device:0x401267ed8a00 size:907200 presentcount:0+1 line:499 name:var%tbli(:)
host:0x4e596220 device:0x401268000000 size:907200 presentcount:0+1 line:499 name:var%tbl(:)
host:0x4e675b10 device:0x4005c7e00000 size:7226880 presentcount:0+1 line:499 name:var%tbl(:)
host:0x4f102420 device:0x40042a146400 size:41472 presentcount:0+1 line:746 name:var%auxtot(:,:,:)
host:0x4f132420 device:0x40042a150600 size:41472 presentcount:0+2 line:746 name:var%fertot(:,:,:)
host:0x4f140030 device:0x40042a15a800 size:82944 presentcount:0+2 line:746 name:var%celtot(:,:,:)
host:0x4f442fa0 device:0x401266600000 size:7228800 presentcount:0+1 line:499 name:var%tbli(:)
host:0x4fb2a480 device:0x401266e00000 size:7228800 presentcount:0+1 line:499 name:var%tbl(:)
host:0x508f9470 device:0x401267600000 size:7228800 presentcount:0+1 line:499 name:var%tbli(:)
host:0x51250960 device:0x40065b800000 size:2799360 presentcount:0+2 line:194 name:cdij(:,:,:,:)
host:0x528147c0 device:0x401268200000 size:2799360 presentcount:0+2 line:194 name:cqij(:,:,:,:)
host:0x5351bb00 device:0x40065bc00000 size:15883776 presentcount:0+5 line:746 name:var%gproj(:,:,:,:)
host:0x544c1c20 device:0x4012681fcc00 size:2048 presentcount:0+1 line:179 name:w1(:)
host:0x544ecfb0 device:0x4005c7bff600 size:2048 presentcount:0+1 line:179 name:wtmp(:)
host:0x546f81e0 device:0x40042a1d6e00 size:98048 presentcount:0+1 line:1101 name:w1%gproj(:)
host:0x5e8a0090 device:0x40151a200000 size:14569472 presentcount:0+1 line:202 name:precon(:,:)
host:0x5f6850c0 device:0x40126819d000 size:392192 presentcount:0+2 line:1226 name:wa%gproj(:,:)
host:0x5f6e4cf0 device:0x4005c8e2c000 size:392192 presentcount:0+2 line:1226 name:wa%gproj(:,:)
host:0x5f744920 device:0x4005c8e8bc00 size:98048 presentcount:0+1 line:1101 name:w1%gproj(:)
host:0x5f75c850 device:0x4005c8ea3c00 size:98048 presentcount:0+1 line:1101 name:w1%gproj(:)
host:0x5f774780 device:0x4005c8fb4800 size:98048 presentcount:0+1 line:1101 name:w1%gproj(:)
host:0x656fd2e0 device:0x401517e00000 size:3137536 presentcount:0+2 line:1226 name:wa%gproj(:,:)
host:0x659fb520 device:0x401518200000 size:7284736 presentcount:0+1 line:1101 name:w1%cptwfp(:)
host:0x660ee590 device:0x401518a00000 size:7284736 presentcount:0+1 line:1101 name:w1%cptwfp(:)
host:0x667e1c30 device:0x401519200000 size:7284736 presentcount:0+1 line:1101 name:w1%cptwfp(:)
host:0x66ed5900 device:0x401519a00000 size:7284736 presentcount:0+1 line:1101 name:w1%cptwfp(:)
host:0x4002fb7e10a0 device:0x4005c9000000 size:45593280 presentcount:0+2 line:430 name:var%nli(:,:)
host:0x40039beb4010 device:0x401268600000 size:28800000 presentcount:0+1 line:195 name:dencor(:)
host:0x4004400012b0 device:0x4005e0000000 size:807411968 presentcount:0+2 line:430 name:var%rproj(:)
host:0x400470213bf0 device:0x400640000000 size:230400000 presentcount:0+2 line:194 name:sv(:,:)
host:0x40047ddd8000 device:0x401506600000 size:29138944 presentcount:0+2 line:1226 name:wa%cptwfp(:,:)
host:0x400520004430 device:0x40126a200000 size:57830400 presentcount:0+1 line:195 name:cstrf(:,:)
host:0x4005237354b0 device:0x400580000000 size:1180127232 presentcount:0+5 line:746 name:var%cptwfp(:,:,:,:)
host:0x400569cb8210 device:0x401508200000 size:29138944 presentcount:0+2 line:1226 name:wa%cptwfp(:,:)
host:0x40056b898420 device:0x401509e00000 size:233111552 presentcount:0+2 line:1226 name:wa%cptwfp(:,:)
host:0x400620000440 device:0x4014a6600000 size:230400000 presentcount:0+1 line:1101 name:w1%cr(:)
host:0x40062dbc0650 device:0x401386600000 size:230400000 presentcount:0+1 line:1236 name:w1%cr(:)
host:0x400c20000a70 device:0x401326600000 size:230400000 presentcount:0+1 line:1101 name:w1%cr(:)
host:0x400c2dbc0c80 device:0x401026600000 size:230400000 presentcount:0+1 line:1236 name:w1%cr(:)
host:0x400c3b7810a0 device:0x400fc6600000 size:230400000 presentcount:0+1 line:1101 name:w1%cr(:)
host:0x400c493412b0 device:0x400c06600000 size:230400000 presentcount:0+1 line:1236 name:w1%cr(:)
host:0x400c56f016d0 device:0x400ba6600000 size:230400000 presentcount:0+1 line:1101 name:w1%cr(:)
host:0x400c64ac18e0 device:0x400b46600000 size:230400000 presentcount:0+1 line:1236 name:w1%cr(:)
host:0xffffc3302380 device:0x4004953ff200 size:3024 presentcount:0+12 line:682 name:var
host:0xffffc3302f50 device:0x40031e5ffa00 size:1480 presentcount:0+1 line:174 name:w_ini
host:0xffffc3303520 device:0x4005c7df8800 size:1480 presentcount:0+1 line:174 name:wopt
host:0xffffc3303af0 device:0x4004b53ff200 size:1480 presentcount:0+1 line:174 name:wtmpa
allocated block device:0x40031e5ff600 size:1024 thread:1
allocated block device:0x40031e5ffa00 size:1536 thread:1
allocated block device:0x40042a146400 size:41472 thread:1
allocated block device:0x40042a150600 size:41472 thread:1
allocated block device:0x40042a15a800 size:82944 thread:1
allocated block device:0x40042a16ec00 size:180224 thread:1
allocated block device:0x40042a19ac00 size:180224 thread:1
allocated block device:0x40042a1c6c00 size:4608 thread:1
allocated block device:0x40042a1c7e00 size:4608 thread:1
allocated block device:0x40042a1c9000 size:4608 thread:1
allocated block device:0x40042a1ca200 size:512 thread:1
allocated block device:0x40042a1ca400 size:512 thread:1
allocated block device:0x40042a1ca600 size:512 thread:1
allocated block device:0x40042a1ca800 size:512 thread:1
allocated block device:0x40042a1caa00 size:512 thread:1
allocated block device:0x40042a1cac00 size:512 thread:1
allocated block device:0x40042a1cae00 size:512 thread:1
allocated block device:0x40042a1cb000 size:512 thread:1
allocated block device:0x40042a1cb200 size:512 thread:1
allocated block device:0x40042a1cb400 size:512 thread:1
allocated block device:0x40042a1cb600 size:5120 thread:1
allocated block device:0x40042a1cca00 size:1536 thread:1
allocated block device:0x40042a1cd000 size:1024 thread:1
allocated block device:0x40042a1cd400 size:1024 thread:1
allocated block device:0x40042a1cd800 size:1536 thread:1
allocated block device:0x40042a1cde00 size:1024 thread:1
allocated block device:0x40042a1ce200 size:1024 thread:1
allocated block device:0x40042a1ce600 size:17408 thread:1
allocated block device:0x40042a1d2a00 size:17408 thread:1
allocated block device:0x40042a1d6e00 size:98304 thread:1
allocated block device:0x40042a1eee00 size:5120 thread:1
allocated block device:0x40042a1f0200 size:1536 thread:1
allocated block device:0x40042a1f0800 size:2048 thread:1
allocated block device:0x40042a1f1000 size:29184 thread:1
allocated block device:0x40042a1f8200 size:29184 thread:1
allocated block device:0x40042a1ff400 size:512 thread:1
allocated block device:0x40042a1ff600 size:512 thread:1
allocated block device:0x40042a1ff800 size:512 thread:1
allocated block device:0x40042a1ffa00 size:512 thread:1
allocated block device:0x40042a1ffc00 size:512 thread:1
allocated block device:0x40042a1ffe00 size:512 thread:1
allocated block device:0x4004953ff200 size:3072 thread:1
allocated block device:0x4004b53ff200 size:2048 thread:1
allocated block device:0x4004b53ffa00 size:512 thread:1
allocated block device:0x4004b53ffc00 size:512 thread:1
allocated block device:0x4004b53ffe00 size:512 thread:1
allocated block device:0x4004d51ff200 size:2560 thread:1
allocated block device:0x4004d51ffc00 size:512 thread:1
allocated block device:0x4004d51ffe00 size:512 thread:1
allocated block device:0x4004f53fe800 size:5120 thread:1
allocated block device:0x4004f53ffc00 size:512 thread:1
allocated block device:0x4004f53ffe00 size:512 thread:1
allocated block device:0x400580000000 size:1180127232 thread:1
allocated block device:0x4005c7600000 size:1821184 thread:1
allocated block device:0x4005c77bca00 size:180224 thread:1
allocated block device:0x4005c77e8a00 size:2048 thread:1
allocated block device:0x4005c77e9200 size:512 thread:1
allocated block device:0x4005c77e9400 size:4608 thread:1
allocated block device:0x4005c77ea600 size:512 thread:1
allocated block device:0x4005c77ea800 size:4608 thread:1
allocated block device:0x4005c77eba00 size:26112 thread:1
allocated block device:0x4005c77f2000 size:3072 thread:1
allocated block device:0x4005c77f2c00 size:512 thread:1
allocated block device:0x4005c77f2e00 size:512 thread:1
allocated block device:0x4005c77f3000 size:512 thread:1
allocated block device:0x4005c77f3200 size:512 thread:1
allocated block device:0x4005c77f3400 size:512 thread:1
allocated block device:0x4005c77f3600 size:4608 thread:1
allocated block device:0x4005c77f4800 size:4608 thread:1
allocated block device:0x4005c77f5a00 size:4608 thread:1
allocated block device:0x4005c77f6c00 size:512 thread:1
allocated block device:0x4005c77f6e00 size:24064 thread:1
allocated block device:0x4005c77fcc00 size:512 thread:1
allocated block device:0x4005c77fce00 size:512 thread:1
allocated block device:0x4005c77fd000 size:512 thread:1
allocated block device:0x4005c77fd200 size:512 thread:1
allocated block device:0x4005c77fd400 size:3072 thread:1
allocated block device:0x4005c77fe000 size:3072 thread:1
allocated block device:0x4005c77fec00 size:512 thread:1
allocated block device:0x4005c77fee00 size:1536 thread:1
allocated block device:0x4005c77ff400 size:2560 thread:1
allocated block device:0x4005c77ffe00 size:512 thread:1
allocated block device:0x4005c7800000 size:1821184 thread:1
allocated block device:0x4005c79bca00 size:180224 thread:1
allocated block device:0x4005c79e8a00 size:24064 thread:1
allocated block device:0x4005c79ee800 size:11776 thread:1
allocated block device:0x4005c79f1600 size:11776 thread:1
allocated block device:0x4005c79f4400 size:20480 thread:1
allocated block device:0x4005c79f9400 size:20480 thread:1
allocated block device:0x4005c79fe400 size:5120 thread:1
allocated block device:0x4005c79ff800 size:1536 thread:1
allocated block device:0x4005c79ffe00 size:512 thread:1
allocated block device:0x4005c7a00000 size:1821184 thread:1
allocated block device:0x4005c7bbca00 size:180224 thread:1
allocated block device:0x4005c7be8a00 size:1024 thread:1
allocated block device:0x4005c7be8e00 size:1024 thread:1
allocated block device:0x4005c7be9200 size:1536 thread:1
allocated block device:0x4005c7be9800 size:1024 thread:1
allocated block device:0x4005c7be9c00 size:1024 thread:1
allocated block device:0x4005c7bea000 size:1024 thread:1
allocated block device:0x4005c7bea400 size:11776 thread:1
allocated block device:0x4005c7bed200 size:11776 thread:1
allocated block device:0x4005c7bf0000 size:5120 thread:1
allocated block device:0x4005c7bf1400 size:5120 thread:1
allocated block device:0x4005c7bf2800 size:512 thread:1
allocated block device:0x4005c7bf2a00 size:512 thread:1
allocated block device:0x4005c7bf2c00 size:512 thread:1
allocated block device:0x4005c7bf2e00 size:512 thread:1
allocated block device:0x4005c7bf3000 size:512 thread:1
allocated block device:0x4005c7bf3200 size:512 thread:1
allocated block device:0x4005c7bf3400 size:512 thread:1
allocated block device:0x4005c7bf3600 size:512 thread:1
allocated block device:0x4005c7bf3800 size:1536 thread:1
allocated block device:0x4005c7bf3e00 size:3072 thread:1
allocated block device:0x4005c7bf4a00 size:512 thread:1
allocated block device:0x4005c7bf4c00 size:2560 thread:1
allocated block device:0x4005c7bf5600 size:11776 thread:1
allocated block device:0x4005c7bf8400 size:28672 thread:1
allocated block device:0x4005c7bff400 size:512 thread:1
allocated block device:0x4005c7bff600 size:2048 thread:1
allocated block device:0x4005c7c00000 size:1821184 thread:1
allocated block device:0x4005c7dbca00 size:180224 thread:1
allocated block device:0x4005c7de8a00 size:40448 thread:1
allocated block device:0x4005c7df2800 size:8192 thread:1
allocated block device:0x4005c7df4800 size:8192 thread:1
allocated block device:0x4005c7df6800 size:8192 thread:1
allocated block device:0x4005c7df8800 size:1536 thread:1
allocated block device:0x4005c7e00000 size:7284736 thread:1
allocated block device:0x4005c8600000 size:7284736 thread:1
allocated block device:0x4005c8e00000 size:180224 thread:1
allocated block device:0x4005c8e2c000 size:392192 thread:1
allocated block device:0x4005c8e8bc00 size:98304 thread:1
allocated block device:0x4005c8ea3c00 size:98304 thread:1
allocated block device:0x4005c8ed3800 size:921600 thread:1
allocated block device:0x4005c8fb4800 size:98304 thread:1
allocated block device:0x4005c9000000 size:45593600 thread:1
allocated block device:0x4005e0000000 size:807412224 thread:1
allocated block device:0x400640000000 size:230400000 thread:1
allocated block device:0x40065b800000 size:2799616 thread:1
allocated block device:0x40065bc00000 size:15883776 thread:1
allocated block device:0x40067f000000 size:7284736 thread:1
allocated block device:0x400b46600000 size:230400000 thread:1
allocated block device:0x400ba6600000 size:230400000 thread:1
allocated block device:0x400c06600000 size:230400000 thread:1
allocated block device:0x400fc6600000 size:230400000 thread:1
allocated block device:0x401026600000 size:230400000 thread:1
allocated block device:0x401266600000 size:7228928 thread:1
allocated block device:0x401266e00000 size:7228928 thread:1
allocated block device:0x401267600000 size:7228928 thread:1
allocated block device:0x401267e00000 size:887296 thread:1
allocated block device:0x401267ed8a00 size:907264 thread:1
allocated block device:0x401267fb6200 size:40448 thread:1
allocated block device:0x401268000000 size:907264 thread:1
allocated block device:0x40126819d000 size:392192 thread:1
allocated block device:0x4012681fcc00 size:2048 thread:1
allocated block device:0x401268200000 size:2799616 thread:1
allocated block device:0x401268600000 size:28800000 thread:1
allocated block device:0x40126a200000 size:57830400 thread:1
allocated block device:0x401326600000 size:230400000 thread:1
allocated block device:0x401386600000 size:230400000 thread:1
allocated block device:0x4014a6600000 size:230400000 thread:1
allocated block device:0x401506600000 size:29138944 thread:1
allocated block device:0x401508200000 size:29138944 thread:1
allocated block device:0x401509e00000 size:233111552 thread:1
allocated block device:0x401517e00000 size:3137536 thread:1
allocated block device:0x401518200000 size:7284736 thread:1
allocated block device:0x401518a00000 size:7284736 thread:1
allocated block device:0x401519200000 size:7284736 thread:1
allocated block device:0x401519a00000 size:7284736 thread:1
allocated block device:0x40151a200000 size:14569472 thread:1
Accelerator Fatal Error: call to cuMemAlloc returned error 2 (CUDA_ERROR_OUT_OF_MEMORY): Out of memory
 File: /lus/lfs1aip2/projects/u6cb/software/VASP/vasp.6.5.1/build/gam/hamil.f90
 Function: hamiltmu:978
 Line: 1005

Out of memory allocating 921600000 bytes of device memory
Failing in Thread:1
total/free CUDA memory: 102005473280/261881856
Present table dump for device[1]: NVIDIA Tesla GPU 0, compute capability 9.0, threadid=1
Hint: specify 0x800 bit in NV_ACC_DEBUG for verbose info.
host:0x2557280 device:0x4006477ea600 size:32 presentcount:0+3 line:643 name:var%comm
host:0x25572a0 device:0x4004aa1ca800 size:32 presentcount:0+4 line:652 name:var%comm_kinter
host:0x25572c0 device:0x4004aa1caa00 size:32 presentcount:0+6 line:655 name:var%comm_kin
host:0x25572e0 device:0x4004aa1ca200 size:32 presentcount:0+3 line:646 name:var%comm_inter
host:0x2557300 device:0x4004aa1ca400 size:32 presentcount:0+7 line:649 name:var%comm_inb
host:0x256be80 device:0x40039a0ecd00 size:8 presentcount:0+1 line:-1 name:_setexm_struct_def_21
host:0x2576f40 device:0x40039a0ece00 size:28 presentcount:0+1 line:-1 name:_ml_ff_constant_21
host:0x2577c80 device:0x40039a0ecf00 size:30437 presentcount:0+1 line:-1 name:_ml_ff_taglist_21
host:0x25afc80 device:0x40039a0f4600 size:8 presentcount:0+1 line:-1 name:_mopenacc_tutor_21
host:0x25c2740 device:0x40039a0f4a00 size:32 presentcount:0+1 line:-1 name:_mbj_21
host:0x25cd640 device:0x40039a0f4d00 size:8 presentcount:0+1 line:-1 name:_sym_prec_21
host:0x26030c0 device:0x40039a0f4e00 size:344 presentcount:0+1 line:-1 name:_tet_21
host:0x261c840 device:0x40039a0f5000 size:392 presentcount:0+1 line:-1 name:_mymath_21
host:0x2817368 device:0x4004aa1cb600 size:4800 presentcount:0+2 line:614 name:var
host:0x2818628 device:0x4006477e8a00 size:1984 presentcount:0+2 line:403 name:var
host:0x281a910 device:0x40039e5ff600 size:864 presentcount:0+4 line:2639 name:hamiltonian
host:0x286ac80 device:0x4006477f2000 size:2712 presentcount:0+2 line:428 name:var
host:0x286b718 device:0x4005551ff200 size:2248 presentcount:0+1 line:742 name:var
host:0x286eb50 device:0x400647bff400 size:288 presentcount:0+1 line:195 name:latt_cur
host:0x2871658 device:0x4005753fe800 size:5088 presentcount:0+28 line:517 name:var
host:0x2872a38 device:0x4006479fe400 size:5088 presentcount:0+6 line:517 name:var
host:0x2873e18 device:0x4004aa1eee00 size:5088 presentcount:0+7 line:517 name:var
host:0x287a2a8 device:0x400647bf3600 size:304 presentcount:0+1 line:567 name:var
host:0x287a3d8 device:0x400647bf4a00 size:304 presentcount:0+1 line:567 name:var
host:0x2e48ec0 device:0x40039a002600 size:960024 presentcount:0+1 line:-1 name:_setexm_struct_def_16
host:0x2f8f080 device:0x40039a0f4700 size:580 presentcount:0+1 line:-1 name:_wpbe_16
host:0x2f8f900 device:0x40039a0f4b00 size:288 presentcount:0+1 line:-1 name:_mbj_16
host:0x9f446c0 device:0x40039a0f5200 size:624 presentcount:0+1 line:-1 name:_mlr_optic_16
host:0xabd4430 device:0x4004aa1ce200 size:1000 presentcount:0+4 line:519 name:var%lpctz_(:)
host:0xac65a30 device:0x4006477f3200 size:24 presentcount:0+3 line:616 name:var%vkpt(:,:)
host:0xac65c00 device:0x4004aa1cb400 size:16 presentcount:0+2 line:430 name:var%psrmax(:)
host:0xac65c40 device:0x4006477fcc00 size:4 presentcount:0+2 line:616 name:var%nplwkp(:)
host:0xac65c70 device:0x4006477fce00 size:4 presentcount:0+2 line:616 name:var%nplwkp_tot(:)
host:0xac65ca0 device:0x4006477fd000 size:4 presentcount:0+2 line:616 name:var%ngvector_pos(:)
host:0xac65cd0 device:0x4006477f6c00 size:4 presentcount:0+2 line:616 name:var%ngvector(:)
host:0xac65d00 device:0x4006477e9200 size:8 presentcount:0+2 line:616 name:var%nb_totk(:,:)
host:0xac65d30 device:0x4006477fd200 size:4 presentcount:0+2 line:616 name:var%luseinv(:)
host:0xac65d60 device:0x4004aa1cb000 size:4 presentcount:0+2 line:616 name:var%at_gamma(:)
host:0xac65d90 device:0x4006477fec00 size:8 presentcount:0+2 line:405 name:var%lmmax(:)
host:0xac65dc0 device:0x4004aa1cac00 size:8 presentcount:0+2 line:430 name:var%lmax(:)
host:0xac65df0 device:0x4004aa1cae00 size:8 presentcount:0+2 line:430 name:var%lmmax(:)
host:0xac65e20 device:0x4004aa1cb200 size:8 presentcount:0+2 line:430 name:var%channels(:)
host:0xac65e50 device:0x4005551ffc00 size:16 presentcount:0+2 line:430 name:var%rsmooth(:)
host:0xac65e90 device:0x400647bf2a00 size:132 presentcount:0+1 line:499 name:var%ptri(:)
host:0xac79120 device:0x4004aa1cd400 size:1000 presentcount:0+4 line:519 name:var%lpctz(:)
host:0xacd3350 device:0x400647bea000 size:528 presentcount:0+1 line:480 name:var
host:0xefb0940 device:0x4004aa1ca600 size:8 presentcount:0+4 line:405 name:var%nityp(:)
host:0xf8cb0a0 device:0x4006477f3000 size:8 presentcount:0+3 line:616 name:var%nt_global(:)
host:0xf8d7c70 device:0x400647bf8400 size:28464 presentcount:0+1 line:853 name:var(:)
host:0xf8ea3f0 device:0x401307fb6200 size:40000 presentcount:0+1 line:857 name:var%psp(:,:)
host:0xf8f4060 device:0x400647df6800 size:8000 presentcount:0+1 line:857 name:var%psprho(:)
host:0xf8f72f0 device:0x4006479e8a00 size:24000 presentcount:0+2 line:466 name:var%psprnl(:,:,:)
host:0xf926cd0 device:0x4006477f4800 size:4320 presentcount:0+4 line:405 name:var%ityp(:)
host:0xf927de0 device:0x4006477eba00 size:25920 presentcount:0+4 line:405 name:var%posion(:,:)
host:0xf969130 device:0x4006479ffe00 size:132 presentcount:0+1 line:499 name:var%ptr(:)
host:0xf96a6d0 device:0x4006477f2c00 size:8 presentcount:0+3 line:616 name:var%lmmax(:)
host:0xf96a700 device:0x4006477f3400 size:8 presentcount:0+2 line:616 name:var%wtkpt(:)
host:0xf96a730 device:0x4006477f2e00 size:8 presentcount:0+3 line:616 name:var%nityp(:)
host:0xf96b1f0 device:0x400647df2800 size:8000 presentcount:0+1 line:857 name:var%pspcor(:)
host:0xf96d160 device:0x400647df4800 size:8000 presentcount:0+1 line:857 name:var%psprho(:)
host:0xf970c20 device:0x4004aa1ffe00 size:132 presentcount:0+1 line:499 name:var%n(:)
host:0xf970cd0 device:0x400647de8a00 size:40000 presentcount:0+1 line:857 name:var%psp(:,:)
host:0xf97a940 device:0x4006477f6e00 size:24000 presentcount:0+2 line:466 name:var%psprnl(:,:,:)
host:0xf9c70c0 device:0x4005753ffc00 size:24 presentcount:0+3 line:466 name:var%lps(:)
host:0xf9c7170 device:0x4005353ffa00 size:24 presentcount:0+3 line:466 name:var%lps(:)
host:0xfa4b270 device:0x4006477f3600 size:4320 presentcount:0+3 line:616 name:var%ityp(:)
host:0xfa4c380 device:0x4006477ea800 size:4320 presentcount:0+3 line:616 name:var%npro_pos(:)
host:0xfa4d490 device:0x4006477e9400 size:4324 presentcount:0+3 line:616 name:var%lmbase(:)
host:0xfa4e5a0 device:0x4004aa1cca00 size:1280 presentcount:0+4 line:519 name:var%lpctx(:)
host:0xfa4ead0 device:0x4004aa1cd000 size:720 presentcount:0+4 line:519 name:var%lpcty(:)
host:0xfa4edd0 device:0x4004aa1cd800 size:1280 presentcount:0+4 line:519 name:var%lpctx_(:)
host:0xfa4f300 device:0x4004aa1cde00 size:720 presentcount:0+4 line:519 name:var%lpcty_(:)
host:0xfa4f600 device:0x4006479ff800 size:1280 presentcount:0+1 line:519 name:var%lpctx(:)
host:0xfa4fb30 device:0x400647be8a00 size:720 presentcount:0+1 line:519 name:var%lpcty(:)
host:0xfa4fe30 device:0x400647be8e00 size:1000 presentcount:0+1 line:519 name:var%lpctz(:)
host:0xfa50240 device:0x400647be9200 size:1280 presentcount:0+1 line:519 name:var%lpctx_(:)
host:0xfa50770 device:0x400647be9800 size:720 presentcount:0+1 line:519 name:var%lpcty_(:)
host:0xfa50a70 device:0x400647be9c00 size:1000 presentcount:0+1 line:519 name:var%lpctz_(:)
host:0xfa50e80 device:0x4006477fd400 size:2560 presentcount:0+1 line:519 name:var%lpctx(:)
host:0xfa518b0 device:0x4006477fee00 size:1440 presentcount:0+1 line:519 name:var%lpcty(:)
host:0xfa51e80 device:0x4006477fe000 size:2000 presentcount:0+1 line:519 name:var%lpctz(:)
host:0xfa52680 device:0x4006477ff400 size:2560 presentcount:0+1 line:519 name:var%lpctx_(:)
host:0xfa530b0 device:0x4004aa1f0200 size:1440 presentcount:0+1 line:519 name:var%lpcty_(:)
host:0xfa53680 device:0x4004aa1f0800 size:2000 presentcount:0+1 line:519 name:var%lpctz_(:)
host:0xfb55800 device:0x4006479ee800 size:11292 presentcount:0+1 line:482 name:var%i2(:)
host:0xfb58450 device:0x4006479f1600 size:11292 presentcount:0+1 line:482 name:var%i3(:)
host:0xfb5b0a0 device:0x4006479f4400 size:20080 presentcount:0+1 line:482 name:var%i2(:)
host:0xfb5ff40 device:0x4006479f9400 size:20080 presentcount:0+1 line:482 name:var%i3(:)
host:0xfb64de0 device:0x4004aa1f1000 size:28800 presentcount:0+2 line:482 name:var%i2(:)
host:0xfb6be90 device:0x4004aa1f8200 size:28800 presentcount:0+2 line:482 name:var%i3(:)
host:0xfb73360 device:0x400648ed3800 size:921600 presentcount:0+2 line:482 name:var%index(:,:)
host:0xfc54390 device:0x400647bf4c00 size:2560 presentcount:0+1 line:569 name:var%ind1(:)
host:0xfc54dc0 device:0x400647bf5600 size:11292 presentcount:0+1 line:569 name:var%indcol(:)
host:0xfc57a10 device:0x400647bea400 size:11292 presentcount:0+1 line:482 name:var%i2(:)
host:0xfc5a660 device:0x400647bed200 size:11292 presentcount:0+1 line:482 name:var%i3(:)
host:0xfc5d2b0 device:0x400647bf0000 size:5040 presentcount:0+1 line:482 name:var%i2(:)
host:0xfc5e690 device:0x400647bf1400 size:5040 presentcount:0+1 line:482 name:var%i3(:)
host:0xfc5fa70 device:0x4004aa1c6c00 size:4320 presentcount:0+2 line:430 name:var%nlimax(:)
host:0xfc60b80 device:0x4004aa1c7e00 size:4324 presentcount:0+2 line:430 name:var%lmbase(:)
host:0xfc61c90 device:0x4004aa1c9000 size:4324 presentcount:0+2 line:430 name:var%nlibase(:)
host:0xfc62da0 device:0x4004aa1ce600 size:17132 presentcount:0+4 line:519 name:var%nindpwconjg(:)
host:0xfc670c0 device:0x4004aa1d2a00 size:17132 presentcount:0+4 line:519 name:var%ind_in_sphere(:)
host:0xfc6e030 device:0x4005353ffe00 size:132 presentcount:0+1 line:499 name:var%ptr(:)
host:0xfc6e0e0 device:0x4005353ffc00 size:132 presentcount:0+1 line:499 name:var%n(:)
host:0xfc6e190 device:0x4004aa1ff400 size:132 presentcount:0+1 line:499 name:var%ptri(:)
host:0xfc6e240 device:0x4006477ffe00 size:132 presentcount:0+1 line:499 name:var%ni(:)
host:0xfc6e2f0 device:0x4004aa1ff800 size:132 presentcount:0+1 line:499 name:var%ptr(:)
host:0xfc6e3a0 device:0x4004aa1ff600 size:132 presentcount:0+1 line:499 name:var%n(:)
host:0xfc6e450 device:0x4004aa1ffc00 size:132 presentcount:0+1 line:499 name:var%ptri(:)
host:0xfc6e500 device:0x4004aa1ffa00 size:132 presentcount:0+1 line:499 name:var%ni(:)
host:0xfc6f2a0 device:0x400647bf2800 size:132 presentcount:0+1 line:499 name:var%ni(:)
host:0xfc6f350 device:0x400647bf2e00 size:132 presentcount:0+1 line:499 name:var%ptr(:)
host:0xfc6f400 device:0x400647bf2c00 size:132 presentcount:0+1 line:499 name:var%n(:)
host:0xfc6f4b0 device:0x400647bf3400 size:4 presentcount:0+1 line:499 name:var%tbli(:)
host:0xfc6f4e0 device:0x400647bf3200 size:132 presentcount:0+1 line:499 name:var%ptri(:)
host:0xfc6f590 device:0x400647bf3000 size:132 presentcount:0+1 line:499 name:var%ni(:)
host:0xfc9b740 device:0x400647bf3800 size:1280 presentcount:0+1 line:569 name:var%ind1(:)
host:0xfc9bc70 device:0x400647bf3e00 size:2772 presentcount:0+1 line:569 name:var%indcol(:)
host:0xfc9c770 device:0x4004aa16ec00 size:180000 presentcount:0+4 line:482 name:var%i2(:)
host:0xfcc86c0 device:0x4004aa19ac00 size:180000 presentcount:0+4 line:482 name:var%i3(:)
host:0xfcf4610 device:0x4006477bca00 size:180000 presentcount:0+8 line:482 name:var%index(:,:)
host:0xfd20560 device:0x400647dbca00 size:180000 presentcount:0+8 line:482 name:var%i2(:)
host:0xfd4c4b0 device:0x400648e00000 size:180000 presentcount:0+8 line:482 name:var%i3(:)
host:0xfd78a30 device:0x400647800000 size:1821184 presentcount:0+3 line:616 name:var%nindpw(:,:)
host:0xff35460 device:0x4006479bca00 size:180000 presentcount:0+3 line:616 name:var%pl_index(:,:)
host:0xff613b0 device:0x400647bbca00 size:180000 presentcount:0+3 line:616 name:var%pl_col(:,:)
host:0xff8d300 device:0x4006477f5a00 size:4324 presentcount:0+2 line:405 name:var%lmbase(:)
host:0xff8e410 device:0x4005551ffe00 size:400 presentcount:0+2 line:464 name:var
host:0xff8e5a0 device:0x4005753ffe00 size:400 presentcount:0+2 line:464 name:var
host:0x101c2790 device:0x400648600000 size:7284736 presentcount:0+3 line:616 name:var%datake(:,:,:)
host:0x108b5a10 device:0x400647a00000 size:1821184 presentcount:0+3 line:616 name:var%igx(:,:)
host:0x10a730a0 device:0x400647600000 size:1821184 presentcount:0+3 line:616 name:var%igy(:,:)
host:0x10c30940 device:0x400647c00000 size:1821184 presentcount:0+3 line:616 name:var%igz(:,:)
host:0x10dee810 device:0x40071f000000 size:7284272 presentcount:0+4 line:519 name:var%fftsca(:,:)
host:0x114e2520 device:0x401307e00000 size:887040 presentcount:0+1 line:499 name:var%tbl(:)
host:0x11696b10 device:0x401307ed8a00 size:907200 presentcount:0+1 line:499 name:var%tbli(:)
host:0x11775fe0 device:0x401308000000 size:907200 presentcount:0+1 line:499 name:var%tbl(:)
host:0x119c6fc0 device:0x400647e00000 size:7226880 presentcount:0+1 line:499 name:var%tbl(:)
host:0x12310030 device:0x4004aa15a800 size:82944 presentcount:0+2 line:746 name:var%celtot(:,:,:)
host:0x123b5bb0 device:0x4006fb800000 size:2799360 presentcount:0+2 line:194 name:cdij(:,:,:,:)
host:0x12692420 device:0x4004aa146400 size:41472 presentcount:0+1 line:746 name:var%auxtot(:,:,:)
host:0x126b2420 device:0x4004aa150600 size:41472 presentcount:0+2 line:746 name:var%fertot(:,:,:)
host:0x12794450 device:0x401306600000 size:7228800 presentcount:0+1 line:499 name:var%tbli(:)
host:0x12e7b930 device:0x401306e00000 size:7228800 presentcount:0+1 line:499 name:var%tbl(:)
host:0x13c4a920 device:0x401307600000 size:7228800 presentcount:0+1 line:499 name:var%tbli(:)
host:0x157eb720 device:0x401308200000 size:2799360 presentcount:0+2 line:194 name:cqij(:,:,:,:)
host:0x165bcc30 device:0x4006fbc00000 size:15883776 presentcount:0+5 line:746 name:var%gproj(:,:,:,:)
host:0x17562d70 device:0x400647bff600 size:2048 presentcount:0+1 line:179 name:w1(:)
host:0x1758d6b0 device:0x400647dfc400 size:2048 presentcount:0+1 line:179 name:wtmp(:)
host:0x177989a0 device:0x4004aa1d6e00 size:98048 presentcount:0+1 line:1101 name:w1%gproj(:)
host:0x218e08f0 device:0x4015b9a00000 size:14569472 presentcount:0+1 line:202 name:precon(:,:)
host:0x226c5920 device:0x40130819d000 size:392192 presentcount:0+2 line:1226 name:wa%gproj(:,:)
host:0x22725550 device:0x400648e2c000 size:392192 presentcount:0+2 line:1226 name:wa%gproj(:,:)
host:0x22785180 device:0x400648e8bc00 size:98048 presentcount:0+1 line:1101 name:w1%gproj(:)
host:0x2279d0b0 device:0x400648ea3c00 size:98048 presentcount:0+1 line:1101 name:w1%gproj(:)
host:0x227b4fe0 device:0x400648fb4800 size:98048 presentcount:0+1 line:1101 name:w1%gproj(:)
host:0x2873db40 device:0x4015b7e00000 size:3137536 presentcount:0+2 line:1226 name:wa%gproj(:,:)
host:0x28a3bd80 device:0x4014ff800000 size:7284736 presentcount:0+1 line:1101 name:w1%cptwfp(:)
host:0x2912edf0 device:0x4015b8200000 size:7284736 presentcount:0+1 line:1101 name:w1%cptwfp(:)
host:0x29822490 device:0x4015b8a00000 size:7284736 presentcount:0+1 line:1101 name:w1%cptwfp(:)
host:0x29f16160 device:0x4015b9200000 size:7284736 presentcount:0+1 line:1101 name:w1%cptwfp(:)
host:0x40041c0010a0 device:0x400649000000 size:45593280 presentcount:0+2 line:430 name:var%nli(:,:)
host:0x4004c00012b0 device:0x400660000000 size:807411968 presentcount:0+2 line:430 name:var%rproj(:)
host:0x4004f2524010 device:0x401308600000 size:28800000 presentcount:0+1 line:195 name:dencor(:)
host:0x4004f5c44430 device:0x40130a200000 size:57830400 presentcount:0+1 line:195 name:cstrf(:,:)
host:0x4004f9378000 device:0x4015a6600000 size:29138944 presentcount:0+2 line:1226 name:wa%cptwfp(:,:)
host:0x4004faf58210 device:0x4015a8200000 size:29138944 presentcount:0+2 line:1226 name:wa%cptwfp(:,:)
host:0x4005a0003bf0 device:0x4006e0000000 size:230400000 presentcount:0+2 line:194 name:sv(:,:)
host:0x4005adbc54b0 device:0x400600000000 size:1180127232 presentcount:0+5 line:746 name:var%cptwfp(:,:,:,:)
host:0x4006a0008420 device:0x4015a9e00000 size:233111552 presentcount:0+2 line:1226 name:wa%cptwfp(:,:)
host:0x4006ade60440 device:0x4006edc00000 size:230400000 presentcount:0+1 line:1101 name:w1%cr(:)
host:0x4006bba20650 device:0x40064bc00000 size:230400000 presentcount:0+1 line:1236 name:w1%cr(:)
host:0x4006c95e0a70 device:0x401546600000 size:230400000 presentcount:0+1 line:1101 name:w1%cr(:)
host:0x400cc0000c80 device:0x401426600000 size:230400000 presentcount:0+1 line:1236 name:w1%cr(:)
host:0x400ccdbc10a0 device:0x4013c6600000 size:230400000 presentcount:0+1 line:1101 name:w1%cr(:)
host:0x400cdb7812b0 device:0x4010c6600000 size:230400000 presentcount:0+1 line:1236 name:w1%cr(:)
host:0x400ce93416d0 device:0x401066600000 size:230400000 presentcount:0+1 line:1101 name:w1%cr(:)
host:0x400cf6f018e0 device:0x400ca6600000 size:230400000 presentcount:0+1 line:1236 name:w1%cr(:)
host:0xffffdc34c5d0 device:0x4005153ff200 size:3024 presentcount:0+12 line:682 name:var
host:0xffffdc34d1a0 device:0x40039e5ffa00 size:1480 presentcount:0+1 line:174 name:w_ini
host:0xffffdc34d770 device:0x400647df8800 size:1480 presentcount:0+1 line:174 name:wopt
host:0xffffdc34dd40 device:0x4005353ff200 size:1480 presentcount:0+1 line:174 name:wtmpa
allocated block device:0x40039e5ff600 size:1024 thread:1
allocated block device:0x40039e5ffa00 size:1536 thread:1
allocated block device:0x4004aa146400 size:41472 thread:1
allocated block device:0x4004aa150600 size:41472 thread:1
allocated block device:0x4004aa15a800 size:82944 thread:1
allocated block device:0x4004aa16ec00 size:180224 thread:1
allocated block device:0x4004aa19ac00 size:180224 thread:1
allocated block device:0x4004aa1c6c00 size:4608 thread:1
allocated block device:0x4004aa1c7e00 size:4608 thread:1
allocated block device:0x4004aa1c9000 size:4608 thread:1
allocated block device:0x4004aa1ca200 size:512 thread:1
allocated block device:0x4004aa1ca400 size:512 thread:1
allocated block device:0x4004aa1ca600 size:512 thread:1
allocated block device:0x4004aa1ca800 size:512 thread:1
allocated block device:0x4004aa1caa00 size:512 thread:1
allocated block device:0x4004aa1cac00 size:512 thread:1
allocated block device:0x4004aa1cae00 size:512 thread:1
allocated block device:0x4004aa1cb000 size:512 thread:1
allocated block device:0x4004aa1cb200 size:512 thread:1
allocated block device:0x4004aa1cb400 size:512 thread:1
allocated block device:0x4004aa1cb600 size:5120 thread:1
allocated block device:0x4004aa1cca00 size:1536 thread:1
allocated block device:0x4004aa1cd000 size:1024 thread:1
allocated block device:0x4004aa1cd400 size:1024 thread:1
allocated block device:0x4004aa1cd800 size:1536 thread:1
allocated block device:0x4004aa1cde00 size:1024 thread:1
allocated block device:0x4004aa1ce200 size:1024 thread:1
allocated block device:0x4004aa1ce600 size:17408 thread:1
allocated block device:0x4004aa1d2a00 size:17408 thread:1
allocated block device:0x4004aa1d6e00 size:98304 thread:1
allocated block device:0x4004aa1eee00 size:5120 thread:1
allocated block device:0x4004aa1f0200 size:1536 thread:1
allocated block device:0x4004aa1f0800 size:2048 thread:1
allocated block device:0x4004aa1f1000 size:29184 thread:1
allocated block device:0x4004aa1f8200 size:29184 thread:1
allocated block device:0x4004aa1ff400 size:512 thread:1
allocated block device:0x4004aa1ff600 size:512 thread:1
allocated block device:0x4004aa1ff800 size:512 thread:1
allocated block device:0x4004aa1ffa00 size:512 thread:1
allocated block device:0x4004aa1ffc00 size:512 thread:1
allocated block device:0x4004aa1ffe00 size:512 thread:1
allocated block device:0x4005153ff200 size:3072 thread:1
allocated block device:0x4005353ff200 size:2048 thread:1
allocated block device:0x4005353ffa00 size:512 thread:1
allocated block device:0x4005353ffc00 size:512 thread:1
allocated block device:0x4005353ffe00 size:512 thread:1
allocated block device:0x4005551ff200 size:2560 thread:1
allocated block device:0x4005551ffc00 size:512 thread:1
allocated block device:0x4005551ffe00 size:512 thread:1
allocated block device:0x4005753fe800 size:5120 thread:1
allocated block device:0x4005753ffc00 size:512 thread:1
allocated block device:0x4005753ffe00 size:512 thread:1
allocated block device:0x400600000000 size:1180127232 thread:1
allocated block device:0x400647600000 size:1821184 thread:1
allocated block device:0x4006477bca00 size:180224 thread:1
allocated block device:0x4006477e8a00 size:2048 thread:1
allocated block device:0x4006477e9200 size:512 thread:1
allocated block device:0x4006477e9400 size:4608 thread:1
allocated block device:0x4006477ea600 size:512 thread:1
allocated block device:0x4006477ea800 size:4608 thread:1
allocated block device:0x4006477eba00 size:26112 thread:1
allocated block device:0x4006477f2000 size:3072 thread:1
allocated block device:0x4006477f2c00 size:512 thread:1
allocated block device:0x4006477f2e00 size:512 thread:1
allocated block device:0x4006477f3000 size:512 thread:1
allocated block device:0x4006477f3200 size:512 thread:1
allocated block device:0x4006477f3400 size:512 thread:1
allocated block device:0x4006477f3600 size:4608 thread:1
allocated block device:0x4006477f4800 size:4608 thread:1
allocated block device:0x4006477f5a00 size:4608 thread:1
allocated block device:0x4006477f6c00 size:512 thread:1
allocated block device:0x4006477f6e00 size:24064 thread:1
allocated block device:0x4006477fcc00 size:512 thread:1
allocated block device:0x4006477fce00 size:512 thread:1
allocated block device:0x4006477fd000 size:512 thread:1
allocated block device:0x4006477fd200 size:512 thread:1
allocated block device:0x4006477fd400 size:3072 thread:1
allocated block device:0x4006477fe000 size:3072 thread:1
allocated block device:0x4006477fec00 size:512 thread:1
allocated block device:0x4006477fee00 size:1536 thread:1
allocated block device:0x4006477ff400 size:2560 thread:1
allocated block device:0x4006477ffe00 size:512 thread:1
allocated block device:0x400647800000 size:1821184 thread:1
allocated block device:0x4006479bca00 size:180224 thread:1
allocated block device:0x4006479e8a00 size:24064 thread:1
allocated block device:0x4006479ee800 size:11776 thread:1
allocated block device:0x4006479f1600 size:11776 thread:1
allocated block device:0x4006479f4400 size:20480 thread:1
allocated block device:0x4006479f9400 size:20480 thread:1
allocated block device:0x4006479fe400 size:5120 thread:1
allocated block device:0x4006479ff800 size:1536 thread:1
allocated block device:0x4006479ffe00 size:512 thread:1
allocated block device:0x400647a00000 size:1821184 thread:1
allocated block device:0x400647bbca00 size:180224 thread:1
allocated block device:0x400647be8a00 size:1024 thread:1
allocated block device:0x400647be8e00 size:1024 thread:1
allocated block device:0x400647be9200 size:1536 thread:1
allocated block device:0x400647be9800 size:1024 thread:1
allocated block device:0x400647be9c00 size:1024 thread:1
allocated block device:0x400647bea000 size:1024 thread:1
allocated block device:0x400647bea400 size:11776 thread:1
allocated block device:0x400647bed200 size:11776 thread:1
allocated block device:0x400647bf0000 size:5120 thread:1
allocated block device:0x400647bf1400 size:5120 thread:1
allocated block device:0x400647bf2800 size:512 thread:1
allocated block device:0x400647bf2a00 size:512 thread:1
allocated block device:0x400647bf2c00 size:512 thread:1
allocated block device:0x400647bf2e00 size:512 thread:1
allocated block device:0x400647bf3000 size:512 thread:1
allocated block device:0x400647bf3200 size:512 thread:1
allocated block device:0x400647bf3400 size:512 thread:1
allocated block device:0x400647bf3600 size:512 thread:1
allocated block device:0x400647bf3800 size:1536 thread:1
allocated block device:0x400647bf3e00 size:3072 thread:1
allocated block device:0x400647bf4a00 size:512 thread:1
allocated block device:0x400647bf4c00 size:2560 thread:1
allocated block device:0x400647bf5600 size:11776 thread:1
allocated block device:0x400647bf8400 size:28672 thread:1
allocated block device:0x400647bff400 size:512 thread:1
allocated block device:0x400647bff600 size:2048 thread:1
allocated block device:0x400647c00000 size:1821184 thread:1
allocated block device:0x400647dbca00 size:180224 thread:1
allocated block device:0x400647de8a00 size:40448 thread:1
allocated block device:0x400647df2800 size:8192 thread:1
allocated block device:0x400647df4800 size:8192 thread:1
allocated block device:0x400647df6800 size:8192 thread:1
allocated block device:0x400647df8800 size:1536 thread:1
allocated block device:0x400647dfc400 size:3072 thread:1
allocated block device:0x400647e00000 size:7284736 thread:1
allocated block device:0x400648600000 size:7284736 thread:1
allocated block device:0x400648e00000 size:180224 thread:1
allocated block device:0x400648e2c000 size:392192 thread:1
allocated block device:0x400648e8bc00 size:98304 thread:1
allocated block device:0x400648ea3c00 size:98304 thread:1
allocated block device:0x400648ed3800 size:921600 thread:1
allocated block device:0x400648fb4800 size:98304 thread:1
allocated block device:0x400649000000 size:45593600 thread:1
allocated block device:0x40064bc00000 size:230400000 thread:1
allocated block device:0x400660000000 size:807412224 thread:1
allocated block device:0x4006e0000000 size:230400000 thread:1
allocated block device:0x4006edc00000 size:230400000 thread:1
allocated block device:0x4006fb800000 size:2799616 thread:1
allocated block device:0x4006fbc00000 size:15883776 thread:1
allocated block device:0x40071f000000 size:7284736 thread:1
allocated block device:0x400ca6600000 size:230400000 thread:1
allocated block device:0x401066600000 size:230400000 thread:1
allocated block device:0x4010c6600000 size:230400000 thread:1
allocated block device:0x401306600000 size:7228928 thread:1
allocated block device:0x401306e00000 size:7228928 thread:1
allocated block device:0x401307600000 size:7228928 thread:1
allocated block device:0x401307e00000 size:887296 thread:1
allocated block device:0x401307ed8a00 size:907264 thread:1
allocated block device:0x401307fb6200 size:40448 thread:1
allocated block device:0x401308000000 size:907264 thread:1
allocated block device:0x40130819d000 size:392192 thread:1
allocated block device:0x401308200000 size:2799616 thread:1
allocated block device:0x401308600000 size:28800000 thread:1
allocated block device:0x40130a200000 size:57830400 thread:1
allocated block device:0x4013c6600000 size:230400000 thread:1
allocated block device:0x401426600000 size:230400000 thread:1
allocated block device:0x4014ff800000 size:7284736 thread:1
allocated block device:0x401546600000 size:230400000 thread:1
allocated block device:0x4015a6600000 size:29138944 thread:1
allocated block device:0x4015a8200000 size:29138944 thread:1
allocated block device:0x4015a9e00000 size:233111552 thread:1
allocated block device:0x4015b7e00000 size:3137536 thread:1
allocated block device:0x4015b8200000 size:7284736 thread:1
allocated block device:0x4015b8a00000 size:7284736 thread:1
allocated block device:0x4015b9200000 size:7284736 thread:1
allocated block device:0x4015b9a00000 size:14569472 thread:1
Accelerator Fatal Error: call to cuMemAlloc returned error 2 (CUDA_ERROR_OUT_OF_MEMORY): Out of memory
 File: /lus/lfs1aip2/projects/u6cb/software/VASP/vasp.6.5.1/build/gam/hamil.f90
 Function: hamiltmu:978
 Line: 1005

Out of memory allocating 921600000 bytes of device memory
Failing in Thread:1
slurmstepd: error: *** STEP 3298605.0 ON nid010406 CANCELLED AT 2026-03-23T23:01:34 ***
total/free CUDA memory: 102005473280/62652416
Present table dump for device[1]: NVIDIA Tesla GPU 0, compute capability 9.0, threadid=1
Hint: specify 0x800 bit in NV_ACC_DEBUG for verbose info.
host:0x2557280 device:0x4008877ea600 size:32 presentcount:0+3 line:643 name:var%comm
host:0x25572a0 device:0x4006f01cae00 size:32 presentcount:0+4 line:652 name:var%comm_kinter
host:0x25572c0 device:0x4006f01cb000 size:32 presentcount:0+6 line:655 name:var%comm_kin
host:0x25572e0 device:0x4006f01ca800 size:32 presentcount:0+3 line:646 name:var%comm_inter
host:0x2557300 device:0x4006f01caa00 size:32 presentcount:0+7 line:649 name:var%comm_inb
host:0x256be80 device:0x4005da0ecd00 size:8 presentcount:0+1 line:-1 name:_setexm_struct_def_21
host:0x2576f40 device:0x4005da0ece00 size:28 presentcount:0+1 line:-1 name:_ml_ff_constant_21
host:0x2577c80 device:0x4005da0ecf00 size:30437 presentcount:0+1 line:-1 name:_ml_ff_taglist_21
host:0x25afc80 device:0x4005da0f4600 size:8 presentcount:0+1 line:-1 name:_mopenacc_tutor_21
host:0x25c2740 device:0x4005da0f4a00 size:32 presentcount:0+1 line:-1 name:_mbj_21
host:0x25cd640 device:0x4005da0f4d00 size:8 presentcount:0+1 line:-1 name:_sym_prec_21
host:0x26030c0 device:0x4005da0f4e00 size:344 presentcount:0+1 line:-1 name:_tet_21
host:0x261c840 device:0x4005da0f5000 size:392 presentcount:0+1 line:-1 name:_mymath_21
host:0x2817368 device:0x4006f01cbc00 size:4800 presentcount:0+2 line:614 name:var
host:0x2818628 device:0x4008877e8a00 size:1984 presentcount:0+2 line:403 name:var
host:0x281a910 device:0x4005de5ff800 size:864 presentcount:0+4 line:2639 name:hamiltonian
host:0x286ac80 device:0x4008877f2000 size:2712 presentcount:0+2 line:428 name:var
host:0x286b718 device:0x40079c1ff200 size:2248 presentcount:0+1 line:742 name:var
host:0x286eb50 device:0x400887bffa00 size:288 presentcount:0+1 line:195 name:latt_cur
host:0x2871658 device:0x4007bc3fec00 size:5088 presentcount:0+28 line:517 name:var
host:0x2872a38 device:0x4008879fe800 size:5088 presentcount:0+6 line:517 name:var
host:0x2873e18 device:0x4006f01ef400 size:5088 presentcount:0+7 line:517 name:var
host:0x287a2a8 device:0x400887bf3c00 size:304 presentcount:0+1 line:567 name:var
host:0x287a3d8 device:0x400887bf5000 size:304 presentcount:0+1 line:567 name:var
host:0x2e48ec0 device:0x4005da002600 size:960024 presentcount:0+1 line:-1 name:_setexm_struct_def_16
host:0x2f8f080 device:0x4005da0f4700 size:580 presentcount:0+1 line:-1 name:_wpbe_16
host:0x2f8f900 device:0x4005da0f4b00 size:288 presentcount:0+1 line:-1 name:_mbj_16
host:0x9f446c0 device:0x4005da0f5200 size:624 presentcount:0+1 line:-1 name:_mlr_optic_16
host:0x215597a0 device:0x4008877f3400 size:8 presentcount:0+2 line:616 name:var%wtkpt(:)
host:0x215597d0 device:0x4008877f2e00 size:8 presentcount:0+3 line:616 name:var%nityp(:)
host:0x21734430 device:0x4006f01ce800 size:1000 presentcount:0+4 line:519 name:var%lpctz_(:)
host:0x217d9120 device:0x4006f01cda00 size:1000 presentcount:0+4 line:519 name:var%lpctz(:)
host:0x266976d0 device:0x4006f01cac00 size:8 presentcount:0+4 line:405 name:var%nityp(:)
host:0x26e97300 device:0x400887bf2c00 size:132 presentcount:0+1 line:499 name:var%ptr(:)
host:0x27001ac0 device:0x400887bf8a00 size:28464 presentcount:0+1 line:853 name:var(:)
host:0x27014240 device:0x401547fbfc00 size:40000 presentcount:0+1 line:857 name:var%psp(:,:)
host:0x2701deb0 device:0x400887df6800 size:8000 presentcount:0+1 line:857 name:var%psprho(:)
host:0x27021140 device:0x4008879e8a00 size:24000 presentcount:0+2 line:466 name:var%psprnl(:,:,:)
host:0x27050b20 device:0x4008877f4800 size:4320 presentcount:0+4 line:405 name:var%ityp(:)
host:0x27051c30 device:0x4008877eba00 size:25920 presentcount:0+4 line:405 name:var%posion(:,:)
host:0x27094ee0 device:0x400887df2800 size:8000 presentcount:0+1 line:857 name:var%pspcor(:)
host:0x27096e50 device:0x400887df4800 size:8000 presentcount:0+1 line:857 name:var%psprho(:)
host:0x2709a910 device:0x400887bf2a00 size:132 presentcount:0+1 line:499 name:var%n(:)
host:0x2709a9c0 device:0x400887de8a00 size:40000 presentcount:0+1 line:857 name:var%psp(:,:)
host:0x270a4630 device:0x4008877f6e00 size:24000 presentcount:0+2 line:466 name:var%psprnl(:,:,:)
host:0x270f0dc0 device:0x40079c1ffc00 size:24 presentcount:0+3 line:466 name:var%lps(:)
host:0x270f0e70 device:0x4006f016ec00 size:24 presentcount:0+3 line:466 name:var%lps(:)
host:0x27121430 device:0x400887bea200 size:528 presentcount:0+1 line:480 name:var
host:0x2726ccd0 device:0x4008877f3200 size:24 presentcount:0+3 line:616 name:var%vkpt(:,:)
host:0x27291f80 device:0x4006f01cba00 size:16 presentcount:0+2 line:430 name:var%psrmax(:)
host:0x27292540 device:0x4008877f3600 size:4320 presentcount:0+3 line:616 name:var%ityp(:)
host:0x27293650 device:0x4008877f2c00 size:8 presentcount:0+3 line:616 name:var%lmmax(:)
host:0x27293680 device:0x4008877f3000 size:8 presentcount:0+3 line:616 name:var%nt_global(:)
host:0x272936b0 device:0x4008877ea800 size:4320 presentcount:0+3 line:616 name:var%npro_pos(:)
host:0x272947c0 device:0x4008877e9400 size:4324 presentcount:0+3 line:616 name:var%lmbase(:)
host:0x272958d0 device:0x4008877fcc00 size:4 presentcount:0+2 line:616 name:var%nplwkp(:)
host:0x27295900 device:0x4008877fce00 size:4 presentcount:0+2 line:616 name:var%nplwkp_tot(:)
host:0x27295930 device:0x4008877fd000 size:4 presentcount:0+2 line:616 name:var%ngvector_pos(:)
host:0x27295960 device:0x4008877f6c00 size:4 presentcount:0+2 line:616 name:var%ngvector(:)
host:0x27295990 device:0x4006f01cd000 size:1280 presentcount:0+4 line:519 name:var%lpctx(:)
host:0x27295ec0 device:0x4006f01cd600 size:720 presentcount:0+4 line:519 name:var%lpcty(:)
host:0x272961c0 device:0x4006f01cde00 size:1280 presentcount:0+4 line:519 name:var%lpctx_(:)
host:0x272966f0 device:0x4006f01ce400 size:720 presentcount:0+4 line:519 name:var%lpcty_(:)
host:0x272969f0 device:0x400887be8a00 size:1280 presentcount:0+1 line:519 name:var%lpctx(:)
host:0x27296f20 device:0x4008879ffc00 size:720 presentcount:0+1 line:519 name:var%lpcty(:)
host:0x27297220 device:0x400887be9000 size:1000 presentcount:0+1 line:519 name:var%lpctz(:)
host:0x27297630 device:0x400887be9400 size:1280 presentcount:0+1 line:519 name:var%lpctx_(:)
host:0x27297b60 device:0x400887be9a00 size:720 presentcount:0+1 line:519 name:var%lpcty_(:)
host:0x27297e60 device:0x400887be9e00 size:1000 presentcount:0+1 line:519 name:var%lpctz_(:)
host:0x27298270 device:0x4008877fd400 size:2560 presentcount:0+1 line:519 name:var%lpctx(:)
host:0x27298ca0 device:0x4008877fee00 size:1440 presentcount:0+1 line:519 name:var%lpcty(:)
host:0x27299270 device:0x4008877fe000 size:2000 presentcount:0+1 line:519 name:var%lpctz(:)
host:0x27299a70 device:0x4008877ff400 size:2560 presentcount:0+1 line:519 name:var%lpctx_(:)
host:0x2729a4a0 device:0x4006f01f0800 size:1440 presentcount:0+1 line:519 name:var%lpcty_(:)
host:0x2729aa70 device:0x4006f01f0e00 size:2000 presentcount:0+1 line:519 name:var%lpctz_(:)
host:0x2739cbf0 device:0x4008879ee800 size:11296 presentcount:0+1 line:482 name:var%i2(:)
host:0x2739f840 device:0x4008879f1600 size:11296 presentcount:0+1 line:482 name:var%i3(:)
host:0x273a2490 device:0x4008879f4400 size:20080 presentcount:0+1 line:482 name:var%i2(:)
host:0x273a7330 device:0x4008879f9400 size:20080 presentcount:0+1 line:482 name:var%i3(:)
host:0x273ac1d0 device:0x4006f01f1600 size:28800 presentcount:0+2 line:482 name:var%i2(:)
host:0x273b3280 device:0x4006f01f8800 size:28800 presentcount:0+2 line:482 name:var%i3(:)
host:0x273ba750 device:0x400888ed3800 size:921600 presentcount:0+2 line:482 name:var%index(:,:)
host:0x2749b780 device:0x400887bf5200 size:2560 presentcount:0+1 line:569 name:var%ind1(:)
host:0x2749c1b0 device:0x400887bf5c00 size:11296 presentcount:0+1 line:569 name:var%indcol(:)
host:0x2749ee00 device:0x400887bea600 size:11296 presentcount:0+1 line:482 name:var%i2(:)
host:0x274a1a50 device:0x400887bed400 size:11296 presentcount:0+1 line:482 name:var%i3(:)
host:0x274a46a0 device:0x400887bf0200 size:5040 presentcount:0+1 line:482 name:var%i2(:)
host:0x274a5a80 device:0x400887bf1600 size:5040 presentcount:0+1 line:482 name:var%i3(:)
host:0x274df290 device:0x400887bf3000 size:132 presentcount:0+1 line:499 name:var%ptri(:)
host:0x274df340 device:0x400887bf2e00 size:132 presentcount:0+1 line:499 name:var%ni(:)
host:0x274df3f0 device:0x400887bf3400 size:132 presentcount:0+1 line:499 name:var%ptr(:)
host:0x274df4a0 device:0x400887bf3200 size:132 presentcount:0+1 line:499 name:var%n(:)
host:0x274df550 device:0x400887bf3a00 size:4 presentcount:0+1 line:499 name:var%tbli(:)
host:0x274df580 device:0x400887bf3800 size:132 presentcount:0+1 line:499 name:var%ptri(:)
host:0x274df630 device:0x400887bf3600 size:132 presentcount:0+1 line:499 name:var%ni(:)
host:0x274e2480 device:0x4006f01c9400 size:132 presentcount:0+1 line:499 name:var%ptr(:)
host:0x274e2530 device:0x4006f01c8000 size:132 presentcount:0+1 line:499 name:var%n(:)
host:0x274e25e0 device:0x4006f01ffa00 size:132 presentcount:0+1 line:499 name:var%ptri(:)
host:0x274e2690 device:0x4008877ffe00 size:132 presentcount:0+1 line:499 name:var%ni(:)
host:0x274e2740 device:0x4006f01ffe00 size:132 presentcount:0+1 line:499 name:var%ptr(:)
host:0x274e27f0 device:0x4006f01ffc00 size:132 presentcount:0+1 line:499 name:var%n(:)
host:0x274e28a0 device:0x4008879fe600 size:132 presentcount:0+1 line:499 name:var%ptri(:)
host:0x274e2950 device:0x4008879fe400 size:132 presentcount:0+1 line:499 name:var%ni(:)
host:0x274e2b30 device:0x400887bf3e00 size:1280 presentcount:0+1 line:569 name:var%ind1(:)
host:0x274e3060 device:0x400887bf4400 size:2896 presentcount:0+1 line:569 name:var%indcol(:)
host:0x274e3be0 device:0x4006f016ee00 size:180000 presentcount:0+4 line:482 name:var%i2(:)
host:0x2750fb30 device:0x4006f019ae00 size:180000 presentcount:0+4 line:482 name:var%i3(:)
host:0x2753ba80 device:0x4008877bca00 size:180000 presentcount:0+8 line:482 name:var%index(:,:)
host:0x275679d0 device:0x400887dbca00 size:180000 presentcount:0+8 line:482 name:var%i2(:)
host:0x27593920 device:0x400888e00000 size:180000 presentcount:0+8 line:482 name:var%i3(:)
host:0x275bfea0 device:0x400887800000 size:1821184 presentcount:0+3 line:616 name:var%nindpw(:,:)
host:0x2777c8d0 device:0x4008877e9200 size:8 presentcount:0+2 line:616 name:var%nb_totk(:,:)
host:0x2777c900 device:0x4008877fd200 size:4 presentcount:0+2 line:616 name:var%luseinv(:)
host:0x2777c930 device:0x4006f01cb600 size:4 presentcount:0+2 line:616 name:var%at_gamma(:)
host:0x2777c960 device:0x4008877fec00 size:8 presentcount:0+2 line:405 name:var%lmmax(:)
host:0x2777c990 device:0x4006f01cb200 size:8 presentcount:0+2 line:430 name:var%lmax(:)
host:0x2777c9c0 device:0x4008877f5a00 size:4324 presentcount:0+2 line:405 name:var%lmbase(:)
host:0x2777dad0 device:0x4006f01cb400 size:8 presentcount:0+2 line:430 name:var%lmmax(:)
host:0x2777db00 device:0x4006f01cb800 size:8 presentcount:0+2 line:430 name:var%channels(:)
host:0x2777db30 device:0x40077c3ffc00 size:16 presentcount:0+2 line:430 name:var%rsmooth(:)
host:0x2777db70 device:0x40077c3ffe00 size:400 presentcount:0+2 line:464 name:var
host:0x2777dd00 device:0x40079c1ffe00 size:400 presentcount:0+2 line:464 name:var
host:0x2777dec0 device:0x4006f01c6e00 size:4320 presentcount:0+2 line:430 name:var%nlimax(:)
host:0x2777efd0 device:0x4006f01c8200 size:4324 presentcount:0+2 line:430 name:var%lmbase(:)
host:0x277800e0 device:0x4006f01c9600 size:4324 presentcount:0+2 line:430 name:var%nlibase(:)
host:0x277811f0 device:0x4006f01cec00 size:17132 presentcount:0+4 line:519 name:var%nindpwconjg(:)
host:0x27785510 device:0x4006f01d3000 size:17132 presentcount:0+4 line:519 name:var%ind_in_sphere(:)
host:0x278ebaa0 device:0x4008879bca00 size:180000 presentcount:0+3 line:616 name:var%pl_index(:,:)
host:0x279179f0 device:0x400887bbca00 size:180000 presentcount:0+3 line:616 name:var%pl_col(:,:)
host:0x27944180 device:0x400888600000 size:7284736 presentcount:0+3 line:616 name:var%datake(:,:,:)
host:0x28037400 device:0x400887a00000 size:1821184 presentcount:0+3 line:616 name:var%igx(:,:)
host:0x281f4a90 device:0x400887600000 size:1821184 presentcount:0+3 line:616 name:var%igy(:,:)
host:0x283b2330 device:0x400887c00000 size:1821184 presentcount:0+3 line:616 name:var%igz(:,:)
host:0x28570200 device:0x40095f400000 size:7284272 presentcount:0+4 line:519 name:var%fftsca(:,:)
host:0x28c9c340 device:0x401547e00000 size:926720 presentcount:0+1 line:499 name:var%tbl(:)
host:0x28e63f30 device:0x401547ee2400 size:907200 presentcount:0+1 line:499 name:var%tbli(:)
host:0x28f43400 device:0x401548000000 size:907200 presentcount:0+1 line:499 name:var%tbl(:)
host:0x291943e0 device:0x400887e00000 size:7229440 presentcount:0+1 line:499 name:var%tbl(:)
host:0x29b52420 device:0x4006f0146400 size:41472 presentcount:0+1 line:746 name:var%auxtot(:,:,:)
host:0x29b72420 device:0x4006f0150600 size:41472 presentcount:0+2 line:746 name:var%fertot(:,:,:)
host:0x29b80030 device:0x4006f015a800 size:82944 presentcount:0+2 line:746 name:var%celtot(:,:,:)
host:0x29c17070 device:0x400947000000 size:2799360 presentcount:0+2 line:194 name:cdij(:,:,:,:)
host:0x29f62c70 device:0x401546600000 size:7228800 presentcount:0+1 line:499 name:var%tbli(:)
host:0x2a64a150 device:0x401546e00000 size:7228800 presentcount:0+1 line:499 name:var%tbl(:)
host:0x2b419140 device:0x401547600000 size:7228800 presentcount:0+1 line:499 name:var%tbli(:)
host:0x2c1ea6c0 device:0x401548200000 size:2799360 presentcount:0+2 line:194 name:cqij(:,:,:,:)
host:0x2e473be0 device:0x400947400000 size:15883776 presentcount:0+5 line:746 name:var%gproj(:,:,:,:)
host:0x2f43c770 device:0x400887dfca00 size:2048 presentcount:0+1 line:179 name:wtmp(:)
host:0x2f444790 device:0x40075c3ff800 size:2048 presentcount:0+1 line:179 name:w1(:)
host:0x2f6508f0 device:0x4006f01d7400 size:98048 presentcount:0+1 line:1101 name:w1%gproj(:)
host:0x39149460 device:0x401799a00000 size:14569472 presentcount:0+1 line:202 name:precon(:,:)
host:0x39f2e490 device:0x40154819d000 size:392192 presentcount:0+2 line:1226 name:wa%gproj(:,:)
host:0x39f8e0c0 device:0x400888e2c000 size:392192 presentcount:0+2 line:1226 name:wa%gproj(:,:)
host:0x39fedcf0 device:0x400888e8bc00 size:98048 presentcount:0+1 line:1101 name:w1%gproj(:)
host:0x3a005c20 device:0x400888ea3c00 size:98048 presentcount:0+1 line:1101 name:w1%gproj(:)
host:0x3a01db50 device:0x400888fb4800 size:98048 presentcount:0+1 line:1101 name:w1%gproj(:)
host:0x3ffa8eb0 device:0x401797e00000 size:3137536 presentcount:0+2 line:1226 name:wa%gproj(:,:)
host:0x402a70f0 device:0x40173f800000 size:7284736 presentcount:0+1 line:1101 name:w1%cptwfp(:)
host:0x4099a160 device:0x401798200000 size:7284736 presentcount:0+1 line:1101 name:w1%cptwfp(:)
host:0x4108d800 device:0x401798a00000 size:7284736 presentcount:0+1 line:1101 name:w1%cptwfp(:)
host:0x417814d0 device:0x401799200000 size:7284736 presentcount:0+1 line:1101 name:w1%cptwfp(:)
host:0x4005ad0210a0 device:0x400889000000 size:45593280 presentcount:0+2 line:430 name:var%nli(:,:)
host:0x40064c003bf0 device:0x400900000000 size:230400000 presentcount:0+2 line:194 name:sv(:,:)
host:0x40065b764010 device:0x401548600000 size:28800000 presentcount:0+1 line:195 name:dencor(:)
host:0x4007000012b0 device:0x4008a0000000 size:807411968 presentcount:0+2 line:430 name:var%rproj(:)
host:0x400730214430 device:0x40154a200000 size:57835520 presentcount:0+1 line:195 name:cstrf(:,:)
host:0x400733948000 device:0x401786600000 size:29138944 presentcount:0+2 line:1226 name:wa%cptwfp(:,:)
host:0x400735528210 device:0x401788200000 size:29138944 presentcount:0+2 line:1226 name:wa%cptwfp(:,:)
host:0x4007e00054b0 device:0x400840000000 size:1180127232 presentcount:0+5 line:746 name:var%cptwfp(:,:,:,:)
host:0x400826588420 device:0x401789e00000 size:233111552 presentcount:0+2 line:1226 name:wa%cptwfp(:,:)
host:0x4008e0000440 device:0x40088bc00000 size:230400000 presentcount:0+1 line:1101 name:w1%cr(:)
host:0x4008edbc0650 device:0x40090dc00000 size:230400000 presentcount:0+1 line:1236 name:w1%cr(:)
host:0x400920000a70 device:0x401666600000 size:230400000 presentcount:0+1 line:1101 name:w1%cr(:)
host:0x40092dbc0c80 device:0x401606600000 size:230400000 presentcount:0+1 line:1236 name:w1%cr(:)
host:0x400f000010a0 device:0x401306600000 size:230400000 presentcount:0+1 line:1101 name:w1%cr(:)
host:0x400f0dbc12b0 device:0x4012a6600000 size:230400000 presentcount:0+1 line:1236 name:w1%cr(:)
host:0x400f1b7816d0 device:0x400ee6600000 size:230400000 presentcount:0+1 line:1101 name:w1%cr(:)
host:0x400f293418e0 device:0x400e86600000 size:230400000 presentcount:0+1 line:1236 name:w1%cr(:)
host:0xffffc8db9200 device:0x400887dfae00 size:3024 presentcount:0+12 line:682 name:var
host:0xffffc8db9dd0 device:0x40075c3ff200 size:1480 presentcount:0+1 line:174 name:w_ini
host:0xffffc8dba3a0 device:0x400887df8e00 size:1480 presentcount:0+1 line:174 name:wopt
host:0xffffc8dba970 device:0x40077c3ff200 size:1480 presentcount:0+1 line:174 name:wtmpa
allocated block device:0x4005de5ff800 size:1024 thread:1
allocated block device:0x4006f0146400 size:41472 thread:1
allocated block device:0x4006f0150600 size:41472 thread:1
allocated block device:0x4006f015a800 size:82944 thread:1
allocated block device:0x4006f016ec00 size:512 thread:1
allocated block device:0x4006f016ee00 size:180224 thread:1
allocated block device:0x4006f019ae00 size:180224 thread:1
allocated block device:0x4006f01c6e00 size:4608 thread:1
allocated block device:0x4006f01c8000 size:512 thread:1
allocated block device:0x4006f01c8200 size:4608 thread:1
allocated block device:0x4006f01c9400 size:512 thread:1
allocated block device:0x4006f01c9600 size:4608 thread:1
allocated block device:0x4006f01ca800 size:512 thread:1
allocated block device:0x4006f01caa00 size:512 thread:1
allocated block device:0x4006f01cac00 size:512 thread:1
allocated block device:0x4006f01cae00 size:512 thread:1
allocated block device:0x4006f01cb000 size:512 thread:1
allocated block device:0x4006f01cb200 size:512 thread:1
allocated block device:0x4006f01cb400 size:512 thread:1
allocated block device:0x4006f01cb600 size:512 thread:1
allocated block device:0x4006f01cb800 size:512 thread:1
allocated block device:0x4006f01cba00 size:512 thread:1
allocated block device:0x4006f01cbc00 size:5120 thread:1
allocated block device:0x4006f01cd000 size:1536 thread:1
allocated block device:0x4006f01cd600 size:1024 thread:1
allocated block device:0x4006f01cda00 size:1024 thread:1
allocated block device:0x4006f01cde00 size:1536 thread:1
allocated block device:0x4006f01ce400 size:1024 thread:1
allocated block device:0x4006f01ce800 size:1024 thread:1
allocated block device:0x4006f01cec00 size:17408 thread:1
allocated block device:0x4006f01d3000 size:17408 thread:1
allocated block device:0x4006f01d7400 size:98304 thread:1
allocated block device:0x4006f01ef400 size:5120 thread:1
allocated block device:0x4006f01f0800 size:1536 thread:1
allocated block device:0x4006f01f0e00 size:2048 thread:1
allocated block device:0x4006f01f1600 size:29184 thread:1
allocated block device:0x4006f01f8800 size:29184 thread:1
allocated block device:0x4006f01ffa00 size:512 thread:1
allocated block device:0x4006f01ffc00 size:512 thread:1
allocated block device:0x4006f01ffe00 size:512 thread:1
allocated block device:0x40075c3ff200 size:1536 thread:1
allocated block device:0x40075c3ff800 size:2048 thread:1
allocated block device:0x40077c3ff200 size:2048 thread:1
allocated block device:0x40077c3ffc00 size:512 thread:1
allocated block device:0x40077c3ffe00 size:512 thread:1
allocated block device:0x40079c1ff200 size:2560 thread:1
allocated block device:0x40079c1ffc00 size:512 thread:1
allocated block device:0x40079c1ffe00 size:512 thread:1
allocated block device:0x4007bc3fec00 size:5120 thread:1
allocated block device:0x400840000000 size:1180127232 thread:1
allocated block device:0x400887600000 size:1821184 thread:1
allocated block device:0x4008877bca00 size:180224 thread:1
allocated block device:0x4008877e8a00 size:2048 thread:1
allocated block device:0x4008877e9200 size:512 thread:1
allocated block device:0x4008877e9400 size:4608 thread:1
allocated block device:0x4008877ea600 size:512 thread:1
allocated block device:0x4008877ea800 size:4608 thread:1
allocated block device:0x4008877eba00 size:26112 thread:1
allocated block device:0x4008877f2000 size:3072 thread:1
allocated block device:0x4008877f2c00 size:512 thread:1
allocated block device:0x4008877f2e00 size:512 thread:1
allocated block device:0x4008877f3000 size:512 thread:1
allocated block device:0x4008877f3200 size:512 thread:1
allocated block device:0x4008877f3400 size:512 thread:1
allocated block device:0x4008877f3600 size:4608 thread:1
allocated block device:0x4008877f4800 size:4608 thread:1
allocated block device:0x4008877f5a00 size:4608 thread:1
allocated block device:0x4008877f6c00 size:512 thread:1
allocated block device:0x4008877f6e00 size:24064 thread:1
allocated block device:0x4008877fcc00 size:512 thread:1
allocated block device:0x4008877fce00 size:512 thread:1
allocated block device:0x4008877fd000 size:512 thread:1
allocated block device:0x4008877fd200 size:512 thread:1
allocated block device:0x4008877fd400 size:3072 thread:1
allocated block device:0x4008877fe000 size:3072 thread:1
allocated block device:0x4008877fec00 size:512 thread:1
allocated block device:0x4008877fee00 size:1536 thread:1
allocated block device:0x4008877ff400 size:2560 thread:1
allocated block device:0x4008877ffe00 size:512 thread:1
allocated block device:0x400887800000 size:1821184 thread:1
allocated block device:0x4008879bca00 size:180224 thread:1
allocated block device:0x4008879e8a00 size:24064 thread:1
allocated block device:0x4008879ee800 size:11776 thread:1
allocated block device:0x4008879f1600 size:11776 thread:1
allocated block device:0x4008879f4400 size:20480 thread:1
allocated block device:0x4008879f9400 size:20480 thread:1
allocated block device:0x4008879fe400 size:512 thread:1
allocated block device:0x4008879fe600 size:512 thread:1
allocated block device:0x4008879fe800 size:5120 thread:1
allocated block device:0x4008879ffc00 size:1024 thread:1
allocated block device:0x400887a00000 size:1821184 thread:1
allocated block device:0x400887bbca00 size:180224 thread:1
allocated block device:0x400887be8a00 size:1536 thread:1
allocated block device:0x400887be9000 size:1024 thread:1
allocated block device:0x400887be9400 size:1536 thread:1
allocated block device:0x400887be9a00 size:1024 thread:1
allocated block device:0x400887be9e00 size:1024 thread:1
allocated block device:0x400887bea200 size:1024 thread:1
allocated block device:0x400887bea600 size:11776 thread:1
allocated block device:0x400887bed400 size:11776 thread:1
allocated block device:0x400887bf0200 size:5120 thread:1
allocated block device:0x400887bf1600 size:5120 thread:1
allocated block device:0x400887bf2a00 size:512 thread:1
allocated block device:0x400887bf2c00 size:512 thread:1
allocated block device:0x400887bf2e00 size:512 thread:1
allocated block device:0x400887bf3000 size:512 thread:1
allocated block device:0x400887bf3200 size:512 thread:1
allocated block device:0x400887bf3400 size:512 thread:1
allocated block device:0x400887bf3600 size:512 thread:1
allocated block device:0x400887bf3800 size:512 thread:1
allocated block device:0x400887bf3a00 size:512 thread:1
allocated block device:0x400887bf3c00 size:512 thread:1
allocated block device:0x400887bf3e00 size:1536 thread:1
allocated block device:0x400887bf4400 size:3072 thread:1
allocated block device:0x400887bf5000 size:512 thread:1
allocated block device:0x400887bf5200 size:2560 thread:1
allocated block device:0x400887bf5c00 size:11776 thread:1
allocated block device:0x400887bf8a00 size:28672 thread:1
allocated block device:0x400887bffa00 size:512 thread:1
allocated block device:0x400887c00000 size:1821184 thread:1
allocated block device:0x400887dbca00 size:180224 thread:1
allocated block device:0x400887de8a00 size:40448 thread:1
allocated block device:0x400887df2800 size:8192 thread:1
allocated block device:0x400887df4800 size:8192 thread:1
allocated block device:0x400887df6800 size:8192 thread:1
allocated block device:0x400887df8e00 size:1536 thread:1
allocated block device:0x400887dfae00 size:3072 thread:1
allocated block device:0x400887dfca00 size:3072 thread:1
allocated block device:0x400887e00000 size:7284736 thread:1
allocated block device:0x400888600000 size:7284736 thread:1
allocated block device:0x400888e00000 size:180224 thread:1
allocated block device:0x400888e2c000 size:392192 thread:1
allocated block device:0x400888e8bc00 size:98304 thread:1
allocated block device:0x400888ea3c00 size:98304 thread:1
allocated block device:0x400888ed3800 size:921600 thread:1
allocated block device:0x400888fb4800 size:98304 thread:1
allocated block device:0x400889000000 size:45593600 thread:1
allocated block device:0x40088bc00000 size:230400000 thread:1
allocated block device:0x4008a0000000 size:807412224 thread:1
allocated block device:0x400900000000 size:230400000 thread:1
allocated block device:0x40090dc00000 size:230400000 thread:1
allocated block device:0x400947000000 size:2799616 thread:1
allocated block device:0x400947400000 size:15883776 thread:1
allocated block device:0x40095f400000 size:7284736 thread:1
allocated block device:0x400e86600000 size:230400000 thread:1
allocated block device:0x400ee6600000 size:230400000 thread:1
allocated block device:0x4012a6600000 size:230400000 thread:1
allocated block device:0x401306600000 size:230400000 thread:1
allocated block device:0x401546600000 size:7228928 thread:1
allocated block device:0x401546e00000 size:7228928 thread:1
allocated block device:0x401547600000 size:7228928 thread:1
allocated block device:0x401547e00000 size:926720 thread:1
allocated block device:0x401547ee2400 size:907264 thread:1
allocated block device:0x401547fbfc00 size:40448 thread:1
allocated block device:0x401548000000 size:907264 thread:1
allocated block device:0x40154819d000 size:392192 thread:1
allocated block device:0x401548200000 size:2799616 thread:1
allocated block device:0x401548600000 size:28800000 thread:1
allocated block device:0x40154a200000 size:57835520 thread:1
allocated block device:0x401606600000 size:230400000 thread:1
allocated block device:0x401666600000 size:230400000 thread:1
allocated block device:0x40173f800000 size:7284736 thread:1
allocated block device:0x401786600000 size:29138944 thread:1
allocated block device:0x401788200000 size:29138944 thread:1
allocated block device:0x401789e00000 size:233111552 thread:1
allocated block device:0x401797e00000 size:3137536 thread:1
allocated block device:0x401798200000 size:7284736 thread:1
allocated block device:0x401798a00000 size:7284736 thread:1
allocated block device:0x401799200000 size:7284736 thread:1
allocated block device:0x401799a00000 size:14569472 thread:1
Accelerator Fatal Error: call to cuMemAlloc returned error 2 (CUDA_ERROR_OUT_OF_MEMORY): Out of memory
 File: /lus/lfs1aip2/projects/u6cb/software/VASP/vasp.6.5.1/build/gam/hamil.f90
 Function: hamiltmu:978
 Line: 1005

srun: error: nid010406: tasks 0-9,11-31: Terminated
srun: Force Terminated StepId=3298605.0
