rm: cannot remove 'WAVECAR': No such file or directory
 running  128 mpi-ranks, with    8 threads/rank, on    4 nodes
 distrk:  each k-point on  128 cores,    1 groups
 distr:  one band on    1 cores,  128 groups
 Offloading initialized ...   16 GPUs detected
 WARNING: INIT_OFFLOAD: several MPI-ranks need to share a GPU, which is not
     supported by NCCL. The use of NCCL will be switched off. To avoid this,
     reduce the number of MPI-ranks: #-of-ranks <= #-of-GPUs (on every node!).

Out of memory allocating 230400000 bytes of device memory
Failing in Thread:1
total/free CUDA memory: 102005473280/41025536
Present table dump for device[1]: NVIDIA Tesla GPU 0, compute capability 9.0, threadid=1
Hint: specify 0x800 bit in NV_ACC_DEBUG for verbose info.
host:0x2557280 device:0x40045e5fc000 size:32 presentcount:0+3 line:643 name:var%comm
host:0x25572a0 device:0x40063c1ffa00 size:32 presentcount:0+4 line:652 name:var%comm_kinter
host:0x25572c0 device:0x40063c1ffc00 size:32 presentcount:0+6 line:655 name:var%comm_kin
host:0x25572e0 device:0x40063c1ff400 size:32 presentcount:0+3 line:646 name:var%comm_inter
host:0x2557300 device:0x40063c1ff600 size:32 presentcount:0+7 line:649 name:var%comm_inb
host:0x256be80 device:0x40045a0ecd00 size:8 presentcount:0+1 line:-1 name:_setexm_struct_def_21
host:0x2576f40 device:0x40045a0ece00 size:28 presentcount:0+1 line:-1 name:_ml_ff_constant_21
host:0x2577c80 device:0x40045a0ecf00 size:30437 presentcount:0+1 line:-1 name:_ml_ff_taglist_21
host:0x25afc80 device:0x40045a0f4600 size:8 presentcount:0+1 line:-1 name:_mopenacc_tutor_21
host:0x25c2740 device:0x40045a0f4a00 size:32 presentcount:0+1 line:-1 name:_mbj_21
host:0x25cd640 device:0x40045a0f4d00 size:8 presentcount:0+1 line:-1 name:_sym_prec_21
host:0x26030c0 device:0x40045a0f4e00 size:344 presentcount:0+1 line:-1 name:_tet_21
host:0x261c840 device:0x40045a0f5000 size:392 presentcount:0+1 line:-1 name:_mymath_21
host:0x2817368 device:0x40045e5eec00 size:4800 presentcount:0+2 line:614 name:var
host:0x2818628 device:0x40045e5fa400 size:1984 presentcount:0+2 line:403 name:var
host:0x281a910 device:0x4005fc3ff800 size:864 presentcount:0+4 line:2639 name:hamiltonian
host:0x286ac80 device:0x40045e5fd400 size:2712 presentcount:0+2 line:428 name:var
host:0x286b718 device:0x40063c1fae00 size:2248 presentcount:0+1 line:742 name:var
host:0x286eb50 device:0x4006b27ff800 size:288 presentcount:0+1 line:195 name:latt_cur
host:0x2871658 device:0x40065c3fe400 size:5088 presentcount:0+28 line:517 name:var
host:0x2872a38 device:0x4006b25f4800 size:5088 presentcount:0+6 line:517 name:var
host:0x2873e18 device:0x4006b25e8a00 size:5088 presentcount:0+7 line:517 name:var
host:0x287a2a8 device:0x40063c1fe000 size:304 presentcount:0+1 line:567 name:var
host:0x287a3d8 device:0x4006b25fca00 size:304 presentcount:0+1 line:567 name:var
host:0x2e48ec0 device:0x40045a002600 size:960024 presentcount:0+1 line:-1 name:_setexm_struct_def_16
host:0x2f8f080 device:0x40045a0f4700 size:580 presentcount:0+1 line:-1 name:_wpbe_16
host:0x2f8f900 device:0x40045a0f4b00 size:288 presentcount:0+1 line:-1 name:_mbj_16
host:0x9f446c0 device:0x40045a0f5200 size:624 presentcount:0+1 line:-1 name:_mlr_optic_16
host:0x4450b3c0 device:0x4006b23f7200 size:4 presentcount:0+2 line:616 name:var%nplwkp_tot(:)
host:0x4456d8f0 device:0x40045e5ffe00 size:4 presentcount:0+2 line:616 name:var%nplwkp(:)
host:0x445cdd40 device:0x40045e5fe600 size:24 presentcount:0+3 line:616 name:var%vkpt(:,:)
host:0x445cded0 device:0x40045e5eea00 size:16 presentcount:0+2 line:430 name:var%psrmax(:)
host:0x445cdf10 device:0x4006b23fd200 size:4 presentcount:0+2 line:616 name:var%ngvector_pos(:)
host:0x445cdf40 device:0x40045e5ffc00 size:4 presentcount:0+2 line:616 name:var%ngvector(:)
host:0x445cdf70 device:0x40045e5fac00 size:8 presentcount:0+2 line:616 name:var%nb_totk(:,:)
host:0x445cdfa0 device:0x4006b23fd400 size:4 presentcount:0+2 line:616 name:var%luseinv(:)
host:0x445cdfd0 device:0x40045e5ee600 size:4 presentcount:0+2 line:616 name:var%at_gamma(:)
host:0x445ce000 device:0x4006b23fee00 size:8 presentcount:0+2 line:405 name:var%lmmax(:)
host:0x445ce030 device:0x40063c1ffe00 size:8 presentcount:0+2 line:430 name:var%lmax(:)
host:0x445ce060 device:0x40045e5ee400 size:8 presentcount:0+2 line:430 name:var%lmmax(:)
host:0x445ce090 device:0x40045e5ee800 size:8 presentcount:0+2 line:430 name:var%channels(:)
host:0x445ce0c0 device:0x40065c3ff800 size:16 presentcount:0+2 line:430 name:var%rsmooth(:)
host:0x445ce100 device:0x40063c1fcc00 size:4 presentcount:0+1 line:499 name:var%tbli(:)
host:0x4578cb50 device:0x4006b25f7800 size:528 presentcount:0+1 line:480 name:var
host:0x499dd7e0 device:0x40063c1ff800 size:8 presentcount:0+4 line:405 name:var%nityp(:)
host:0x49edbff0 device:0x40045e5f0a00 size:1000 presentcount:0+4 line:519 name:var%lpctz(:)
host:0x4a352260 device:0x40045e5fe400 size:8 presentcount:0+3 line:616 name:var%nt_global(:)
host:0x4a352350 device:0x40045e5fe000 size:8 presentcount:0+3 line:616 name:var%lmmax(:)
host:0x4a352380 device:0x40045e5fe800 size:8 presentcount:0+2 line:616 name:var%wtkpt(:)
host:0x4a3523b0 device:0x40045e5fe200 size:8 presentcount:0+3 line:616 name:var%nityp(:)
host:0x4a35f0f0 device:0x4006b27e8a00 size:28464 presentcount:0+1 line:853 name:var(:)
host:0x4a371870 device:0x4006b29e8a00 size:40000 presentcount:0+1 line:857 name:var%psp(:,:)
host:0x4a37b4e0 device:0x4006b27fd800 size:8000 presentcount:0+1 line:857 name:var%psprho(:)
host:0x4a37e770 device:0x4006b23f7400 size:24000 presentcount:0+2 line:466 name:var%psprnl(:,:,:)
host:0x4a3ae150 device:0x4006b23ef000 size:4320 presentcount:0+4 line:405 name:var%ityp(:)
host:0x4a3af260 device:0x4006b23e8a00 size:25920 presentcount:0+4 line:405 name:var%posion(:,:)
host:0x4a3f25c0 device:0x4006b27efa00 size:40000 presentcount:0+1 line:857 name:var%psp(:,:)
host:0x4a3fc230 device:0x4006b27f9800 size:8000 presentcount:0+1 line:857 name:var%pspcor(:)
host:0x4a3fe1a0 device:0x4006b27fb800 size:8000 presentcount:0+1 line:857 name:var%psprho(:)
host:0x4a401430 device:0x4006b23f1400 size:24000 presentcount:0+2 line:466 name:var%psprnl(:,:,:)
host:0x4a44e3f0 device:0x40065c3ffc00 size:24 presentcount:0+3 line:466 name:var%lps(:)
host:0x4a44e4a0 device:0x40063c1fb800 size:24 presentcount:0+3 line:466 name:var%lps(:)
host:0x4a4cfc30 device:0x40045e5fea00 size:4320 presentcount:0+3 line:616 name:var%ityp(:)
host:0x4a4d0d40 device:0x40045e5fc200 size:4320 presentcount:0+3 line:616 name:var%npro_pos(:)
host:0x4a4d1e50 device:0x40045e5fae00 size:4324 presentcount:0+3 line:616 name:var%lmbase(:)
host:0x4a4d2f60 device:0x40045e5f0000 size:1280 presentcount:0+4 line:519 name:var%lpctx(:)
host:0x4a4d3490 device:0x40045e5f0600 size:720 presentcount:0+4 line:519 name:var%lpcty(:)
host:0x4a4d3790 device:0x40045e5f0e00 size:1280 presentcount:0+4 line:519 name:var%lpctx_(:)
host:0x4a4d3cc0 device:0x40045e5f1400 size:720 presentcount:0+4 line:519 name:var%lpcty_(:)
host:0x4a4d3fc0 device:0x40045e5f1800 size:1000 presentcount:0+4 line:519 name:var%lpctz_(:)
host:0x4a4d43d0 device:0x4006b25f5c00 size:1280 presentcount:0+1 line:519 name:var%lpctx(:)
host:0x4a4d4900 device:0x4006b25f6200 size:720 presentcount:0+1 line:519 name:var%lpcty(:)
host:0x4a4d4c00 device:0x4006b25f6600 size:1000 presentcount:0+1 line:519 name:var%lpctz(:)
host:0x4a4d5010 device:0x4006b25f6a00 size:1280 presentcount:0+1 line:519 name:var%lpctx_(:)
host:0x4a4d5540 device:0x4006b25f7000 size:720 presentcount:0+1 line:519 name:var%lpcty_(:)
host:0x4a4d5840 device:0x4006b25f7400 size:1000 presentcount:0+1 line:519 name:var%lpctz_(:)
host:0x4a4d5c50 device:0x4006b23fd600 size:2560 presentcount:0+1 line:519 name:var%lpctx(:)
host:0x4a4d6680 device:0x4006b23ff000 size:1440 presentcount:0+1 line:519 name:var%lpcty(:)
host:0x4a4d6c50 device:0x4006b23fe200 size:2000 presentcount:0+1 line:519 name:var%lpctz(:)
host:0x4a4d7450 device:0x4006b23ff600 size:2560 presentcount:0+1 line:519 name:var%lpctx_(:)
host:0x4a4d7e80 device:0x4006b25e9e00 size:1440 presentcount:0+1 line:519 name:var%lpcty_(:)
host:0x4a4d8450 device:0x4006b25ea400 size:2000 presentcount:0+1 line:519 name:var%lpctz_(:)
host:0x4a5c4530 device:0x4006b25ee800 size:2824 presentcount:0+1 line:482 name:var%i2(:)
host:0x4a5c5060 device:0x4006b25ef400 size:2824 presentcount:0+1 line:482 name:var%i3(:)
host:0x4a5c5b90 device:0x4006b25f0000 size:5020 presentcount:0+1 line:482 name:var%i2(:)
host:0x4a5c6f60 device:0x4006b25f1400 size:5020 presentcount:0+1 line:482 name:var%i3(:)
host:0x4a5c8330 device:0x4006b25eac00 size:7200 presentcount:0+2 line:482 name:var%i2(:)
host:0x4a5c9f80 device:0x4006b25eca00 size:7200 presentcount:0+2 line:482 name:var%i3(:)
host:0x4a5cbff0 device:0x400774c5fa00 size:921600 presentcount:0+2 line:482 name:var%index(:,:)
host:0x4a6ad020 device:0x4006b25fcc00 size:2560 presentcount:0+1 line:569 name:var%ind1(:)
host:0x4a6ada50 device:0x4006b25fd600 size:2824 presentcount:0+1 line:569 name:var%indcol(:)
host:0x4a6ae580 device:0x4006b25f7c00 size:2824 presentcount:0+1 line:482 name:var%i2(:)
host:0x4a6af0b0 device:0x4006b25f8800 size:2824 presentcount:0+1 line:482 name:var%i3(:)
host:0x4a6afbe0 device:0x4006b25f9400 size:1512 presentcount:0+1 line:482 name:var%i2(:)
host:0x4a6b01f0 device:0x4006b25f9a00 size:1512 presentcount:0+1 line:482 name:var%i3(:)
host:0x4a6b0800 device:0x40063c1fba00 size:4320 presentcount:0+2 line:430 name:var%nlimax(:)
host:0x4a6b1910 device:0x40063c1fce00 size:4324 presentcount:0+2 line:430 name:var%lmbase(:)
host:0x4a6b2a20 device:0x40063c1fe200 size:4324 presentcount:0+2 line:430 name:var%nlibase(:)
host:0x4a6b3b30 device:0x40045e5f1c00 size:17132 presentcount:0+4 line:519 name:var%nindpwconjg(:)
host:0x4a6b7e50 device:0x40045e5f6000 size:17132 presentcount:0+4 line:519 name:var%ind_in_sphere(:)
host:0x4a6bd0a0 device:0x4006b25fa400 size:516 presentcount:0+1 line:499 name:var%ptr(:)
host:0x4a6bd2d0 device:0x4006b25fa000 size:516 presentcount:0+1 line:499 name:var%n(:)
host:0x4a6bd500 device:0x400b521b9400 size:181440 presentcount:0+1 line:499 name:var%tbli(:)
host:0x4a6e99f0 device:0x4006b25fac00 size:516 presentcount:0+1 line:499 name:var%ptri(:)
host:0x4a6e9d70 device:0x4006b25fc000 size:1280 presentcount:0+1 line:569 name:var%ind1(:)
host:0x4a6ea2a0 device:0x4006b25fc600 size:688 presentcount:0+1 line:569 name:var%indcol(:)
host:0x4a6ea580 device:0x40058c12e800 size:180000 presentcount:0+4 line:482 name:var%i2(:)
host:0x4a7164d0 device:0x40058c15a800 size:180000 presentcount:0+4 line:482 name:var%i3(:)
host:0x4a742420 device:0x4006b23bca00 size:180000 presentcount:0+8 line:482 name:var%index(:,:)
host:0x4a76e370 device:0x4006b29bca00 size:180000 presentcount:0+8 line:482 name:var%i2(:)
host:0x4a79a2c0 device:0x40058c186800 size:180000 presentcount:0+8 line:482 name:var%i3(:)
host:0x4a7c6840 device:0x4006b2400000 size:1821184 presentcount:0+3 line:616 name:var%nindpw(:,:)
host:0x4a983270 device:0x4006b25bca00 size:180000 presentcount:0+3 line:616 name:var%pl_index(:,:)
host:0x4a9af1c0 device:0x4006b27bca00 size:180000 presentcount:0+3 line:616 name:var%pl_col(:,:)
host:0x4a9db110 device:0x4006b23f0200 size:4324 presentcount:0+2 line:405 name:var%lmbase(:)
host:0x4a9dc220 device:0x40065c3ffa00 size:400 presentcount:0+2 line:464 name:var
host:0x4a9dc3b0 device:0x40065c3ffe00 size:400 presentcount:0+2 line:464 name:var
host:0x4aa4cdd0 device:0x400774c00000 size:220160 presentcount:0+1 line:499 name:var%tbl(:)
host:0x4aab8630 device:0x4006b25fa800 size:516 presentcount:0+1 line:499 name:var%ni(:)
host:0x4aab8860 device:0x400b523b9400 size:181440 presentcount:0+1 line:499 name:var%tbl(:)
host:0x4aae4d50 device:0x4006b25fb400 size:516 presentcount:0+1 line:499 name:var%ptr(:)
host:0x4aae4f80 device:0x4006b25fb000 size:516 presentcount:0+1 line:499 name:var%n(:)
host:0x4aae51b0 device:0x4006b25fbc00 size:516 presentcount:0+1 line:499 name:var%ptri(:)
host:0x4aae53e0 device:0x4006b25fb800 size:516 presentcount:0+1 line:499 name:var%ni(:)
host:0x4ab01b50 device:0x4006b25f2c00 size:516 presentcount:0+1 line:499 name:var%ptr(:)
host:0x4ab01d80 device:0x4006b25f2800 size:516 presentcount:0+1 line:499 name:var%n(:)
host:0x4ab01fb0 device:0x4006b25f3400 size:516 presentcount:0+1 line:499 name:var%ptri(:)
host:0x4ab021e0 device:0x4006b25f3000 size:516 presentcount:0+1 line:499 name:var%ni(:)
host:0x4ab02410 device:0x4006b25f3c00 size:516 presentcount:0+1 line:499 name:var%ptr(:)
host:0x4ab02640 device:0x4006b25f3800 size:516 presentcount:0+1 line:499 name:var%n(:)
host:0x4ab02870 device:0x4006b25f4400 size:516 presentcount:0+1 line:499 name:var%ptri(:)
host:0x4ab02aa0 device:0x4006b25f4000 size:516 presentcount:0+1 line:499 name:var%ni(:)
host:0x4ac49a90 device:0x400775600000 size:7284736 presentcount:0+3 line:616 name:var%datake(:,:,:)
host:0x4b33cd10 device:0x4006b2600000 size:1821184 presentcount:0+3 line:616 name:var%igx(:,:)
host:0x4b4fa3a0 device:0x4006b2200000 size:1821184 presentcount:0+3 line:616 name:var%igy(:,:)
host:0x4b6b7c40 device:0x4006b2800000 size:1821184 presentcount:0+3 line:616 name:var%igz(:,:)
host:0x4b875b10 device:0x4006b3200000 size:7284272 presentcount:0+4 line:519 name:var%fftsca(:,:)
host:0x4c027d20 device:0x400774e00000 size:1807360 presentcount:0+1 line:499 name:var%tbl(:)
host:0x4c39d910 device:0x400b52000000 size:1807200 presentcount:0+1 line:499 name:var%tbli(:)
host:0x4c558980 device:0x400b52200000 size:1807200 presentcount:0+1 line:499 name:var%tbl(:)
host:0x4c7a2420 device:0x40065c3f4000 size:41984 presentcount:0+1 line:746 name:var%auxtot(:,:,:)
host:0x4c7e2420 device:0x40045e5e4000 size:41984 presentcount:0+2 line:746 name:var%fertot(:,:,:)
host:0x4c7f0030 device:0x40058c11a000 size:83968 presentcount:0+2 line:746 name:var%celtot(:,:,:)
host:0x4c8cf090 device:0x400b52400000 size:1807200 presentcount:0+1 line:499 name:var%tbli(:)
host:0x4e5791e0 device:0x4006b2a00000 size:7200000 presentcount:0+1 line:195 name:dencor(:)
host:0x4f3434d0 device:0x4006b1e00000 size:2799360 presentcount:0+2 line:194 name:cdij(:,:,:,:)
host:0x4f5f2bf0 device:0x400b52600000 size:2799360 presentcount:0+2 line:194 name:cqij(:,:,:,:)
host:0x4fb528a0 device:0x400775200000 size:4030464 presentcount:0+5 line:746 name:var%gproj(:,:,:,:)
host:0x501d5dd0 device:0x4006b29fe200 size:2048 presentcount:0+1 line:179 name:w1(:)
host:0x501d65f0 device:0x400b521f5600 size:2048 presentcount:0+1 line:179 name:wtmp(:)
host:0x501e12b0 device:0x40058c1ca800 size:98304 presentcount:0+1 line:1101 name:w1%gproj(:)
host:0x570b7e50 device:0x400cd5600000 size:3145728 presentcount:0+2 line:1226 name:wa%gproj(:,:)
host:0x5b3b1590 device:0x400bb1e00000 size:7284736 presentcount:0+1 line:1101 name:w1%cptwfp(:)
host:0x5baa59f0 device:0x400774d40a00 size:393216 presentcount:0+2 line:1226 name:wa%gproj(:,:)
host:0x5bb05a20 device:0x400b438c0000 size:393216 presentcount:0+2 line:1226 name:wa%gproj(:,:)
host:0x5bb65a50 device:0x40058c1b2800 size:98304 presentcount:0+1 line:1101 name:w1%gproj(:)
host:0x5bb7da80 device:0x400b523e5a00 size:98304 presentcount:0+1 line:1101 name:w1%gproj(:)
host:0x5bb95ab0 device:0x40058c1e2800 size:98304 presentcount:0+1 line:1101 name:w1%gproj(:)
host:0x5bd0edb0 device:0x400cd6a00000 size:14569472 presentcount:0+1 line:202 name:precon(:,:)
host:0x5cafbbb0 device:0x400b4fa00000 size:7284736 presentcount:0+1 line:1101 name:w1%cptwfp(:)
host:0x5d1f67e0 device:0x400cd5a00000 size:7284736 presentcount:0+1 line:1101 name:w1%cptwfp(:)
host:0x5d8e9430 device:0x400cd6200000 size:7284736 presentcount:0+1 line:1101 name:w1%cptwfp(:)
host:0x40048d4610a0 device:0x4006b3a00000 size:45593280 presentcount:0+2 line:430 name:var%nli(:,:)
host:0x4004963139e0 device:0x400b52a00000 size:14458880 presentcount:0+1 line:195 name:cstrf(:,:)
host:0x4004fa7e6f80 device:0x400cd1e00000 size:29138944 presentcount:0+2 line:1226 name:wa%cptwfp(:,:)
host:0x4005a00012b0 device:0x4006c0000000 size:807411968 presentcount:0+2 line:430 name:var%rproj(:)
host:0x4005d02131a0 device:0x40072dc00000 size:230400000 presentcount:0+2 line:194 name:sv(:,:)
host:0x4005dddd7190 device:0x400cd3a00000 size:29138944 presentcount:0+2 line:1226 name:wa%cptwfp(:,:)
host:0x400680004a60 device:0x4006a0000000 size:298674176 presentcount:0+5 line:746 name:var%cptwfp(:,:,:,:)
host:0x400691ce73a0 device:0x400ba0000000 size:233111552 presentcount:0+2 line:1226 name:wa%cptwfp(:,:)
host:0x400711ce79d0 device:0x4004a0000000 size:230400000 presentcount:0+1 line:1101 name:w1%cr(:)
host:0x400746e97be0 device:0x4006f0400000 size:230400000 presentcount:0+1 line:1236 name:w1%cr(:)
host:0x4007e0008000 device:0x400760000000 size:230400000 presentcount:0+1 line:1101 name:w1%cr(:)
host:0x4007edbd8210 device:0x400720000000 size:230400000 presentcount:0+1 line:1236 name:w1%cr(:)
host:0x400a00000020 device:0x400b20000000 size:230400000 presentcount:0+1 line:1101 name:w1%cr(:)
host:0x400a0dbc0230 device:0x400cb1e00000 size:230400000 presentcount:0+1 line:1236 name:w1%cr(:)
host:0x400b00000650 device:0x400c91e00000 size:230400000 presentcount:0+1 line:1101 name:w1%cr(:)
host:0x400b0dbc0860 device:0x400c71e00000 size:230400000 presentcount:0+1 line:1236 name:w1%cr(:)
host:0x400ce0005ae0 device:0x400d20000000 size:921600000 presentcount:0+1 line:1005 name:cwork1(:,:)
host:0xfffff4c58210 device:0x400b521f6200 size:3024 presentcount:0+12 line:682 name:var
host:0xfffff4c58de0 device:0x40061c3ff600 size:1480 presentcount:0+1 line:174 name:w_ini
host:0xfffff4c593b0 device:0x4006b25ff600 size:1480 presentcount:0+1 line:174 name:wopt
host:0xfffff4c59980 device:0x40063c1fa400 size:1480 presentcount:0+1 line:174 name:wtmpa
allocated block device:0x40045e5e4000 size:41984 thread:1
allocated block device:0x40045e5ee400 size:512 thread:1
allocated block device:0x40045e5ee600 size:512 thread:1
allocated block device:0x40045e5ee800 size:512 thread:1
allocated block device:0x40045e5eea00 size:512 thread:1
allocated block device:0x40045e5eec00 size:5120 thread:1
allocated block device:0x40045e5f0000 size:1536 thread:1
allocated block device:0x40045e5f0600 size:1024 thread:1
allocated block device:0x40045e5f0a00 size:1024 thread:1
allocated block device:0x40045e5f0e00 size:1536 thread:1
allocated block device:0x40045e5f1400 size:1024 thread:1
allocated block device:0x40045e5f1800 size:1024 thread:1
allocated block device:0x40045e5f1c00 size:17408 thread:1
allocated block device:0x40045e5f6000 size:17408 thread:1
allocated block device:0x40045e5fa400 size:2048 thread:1
allocated block device:0x40045e5fac00 size:512 thread:1
allocated block device:0x40045e5fae00 size:4608 thread:1
allocated block device:0x40045e5fc000 size:512 thread:1
allocated block device:0x40045e5fc200 size:4608 thread:1
allocated block device:0x40045e5fd400 size:3072 thread:1
allocated block device:0x40045e5fe000 size:512 thread:1
allocated block device:0x40045e5fe200 size:512 thread:1
allocated block device:0x40045e5fe400 size:512 thread:1
allocated block device:0x40045e5fe600 size:512 thread:1
allocated block device:0x40045e5fe800 size:512 thread:1
allocated block device:0x40045e5fea00 size:4608 thread:1
allocated block device:0x40045e5ffc00 size:512 thread:1
allocated block device:0x40045e5ffe00 size:512 thread:1
allocated block device:0x4004a0000000 size:230400000 thread:1
allocated block device:0x40058c11a000 size:83968 thread:1
allocated block device:0x40058c12e800 size:180224 thread:1
allocated block device:0x40058c15a800 size:180224 thread:1
allocated block device:0x40058c186800 size:180224 thread:1
allocated block device:0x40058c1b2800 size:98304 thread:1
allocated block device:0x40058c1ca800 size:98304 thread:1
allocated block device:0x40058c1e2800 size:98304 thread:1
allocated block device:0x4005fc3ff800 size:1024 thread:1
allocated block device:0x40061c3ff600 size:1536 thread:1
allocated block device:0x40063c1fa400 size:2048 thread:1
allocated block device:0x40063c1fae00 size:2560 thread:1
allocated block device:0x40063c1fb800 size:512 thread:1
allocated block device:0x40063c1fba00 size:4608 thread:1
allocated block device:0x40063c1fcc00 size:512 thread:1
allocated block device:0x40063c1fce00 size:4608 thread:1
allocated block device:0x40063c1fe000 size:512 thread:1
allocated block device:0x40063c1fe200 size:4608 thread:1
allocated block device:0x40063c1ff400 size:512 thread:1
allocated block device:0x40063c1ff600 size:512 thread:1
allocated block device:0x40063c1ff800 size:512 thread:1
allocated block device:0x40063c1ffa00 size:512 thread:1
allocated block device:0x40063c1ffc00 size:512 thread:1
allocated block device:0x40063c1ffe00 size:512 thread:1
allocated block device:0x40065c3f4000 size:41984 thread:1
allocated block device:0x40065c3fe400 size:5120 thread:1
allocated block device:0x40065c3ff800 size:512 thread:1
allocated block device:0x40065c3ffa00 size:512 thread:1
allocated block device:0x40065c3ffc00 size:512 thread:1
allocated block device:0x40065c3ffe00 size:512 thread:1
allocated block device:0x4006a0000000 size:298674176 thread:1
allocated block device:0x4006b1e00000 size:4030464 thread:1
allocated block device:0x4006b2200000 size:1821184 thread:1
allocated block device:0x4006b23bca00 size:180224 thread:1
allocated block device:0x4006b23e8a00 size:26112 thread:1
allocated block device:0x4006b23ef000 size:4608 thread:1
allocated block device:0x4006b23f0200 size:4608 thread:1
allocated block device:0x4006b23f1400 size:24064 thread:1
allocated block device:0x4006b23f7200 size:512 thread:1
allocated block device:0x4006b23f7400 size:24064 thread:1
allocated block device:0x4006b23fd200 size:512 thread:1
allocated block device:0x4006b23fd400 size:512 thread:1
allocated block device:0x4006b23fd600 size:3072 thread:1
allocated block device:0x4006b23fe200 size:3072 thread:1
allocated block device:0x4006b23fee00 size:512 thread:1
allocated block device:0x4006b23ff000 size:1536 thread:1
allocated block device:0x4006b23ff600 size:2560 thread:1
allocated block device:0x4006b2400000 size:1821184 thread:1
allocated block device:0x4006b25bca00 size:180224 thread:1
allocated block device:0x4006b25e8a00 size:5120 thread:1
allocated block device:0x4006b25e9e00 size:1536 thread:1
allocated block device:0x4006b25ea400 size:2048 thread:1
allocated block device:0x4006b25eac00 size:7680 thread:1
allocated block device:0x4006b25eca00 size:7680 thread:1
allocated block device:0x4006b25ee800 size:3072 thread:1
allocated block device:0x4006b25ef400 size:3072 thread:1
allocated block device:0x4006b25f0000 size:5120 thread:1
allocated block device:0x4006b25f1400 size:5120 thread:1
allocated block device:0x4006b25f2800 size:1024 thread:1
allocated block device:0x4006b25f2c00 size:1024 thread:1
allocated block device:0x4006b25f3000 size:1024 thread:1
allocated block device:0x4006b25f3400 size:1024 thread:1
allocated block device:0x4006b25f3800 size:1024 thread:1
allocated block device:0x4006b25f3c00 size:1024 thread:1
allocated block device:0x4006b25f4000 size:1024 thread:1
allocated block device:0x4006b25f4400 size:1024 thread:1
allocated block device:0x4006b25f4800 size:5120 thread:1
allocated block device:0x4006b25f5c00 size:1536 thread:1
allocated block device:0x4006b25f6200 size:1024 thread:1
allocated block device:0x4006b25f6600 size:1024 thread:1
allocated block device:0x4006b25f6a00 size:1536 thread:1
allocated block device:0x4006b25f7000 size:1024 thread:1
allocated block device:0x4006b25f7400 size:1024 thread:1
allocated block device:0x4006b25f7800 size:1024 thread:1
allocated block device:0x4006b25f7c00 size:3072 thread:1
allocated block device:0x4006b25f8800 size:3072 thread:1
allocated block device:0x4006b25f9400 size:1536 thread:1
allocated block device:0x4006b25f9a00 size:1536 thread:1
allocated block device:0x4006b25fa000 size:1024 thread:1
allocated block device:0x4006b25fa400 size:1024 thread:1
allocated block device:0x4006b25fa800 size:1024 thread:1
allocated block device:0x4006b25fac00 size:1024 thread:1
allocated block device:0x4006b25fb000 size:1024 thread:1
allocated block device:0x4006b25fb400 size:1024 thread:1
allocated block device:0x4006b25fb800 size:1024 thread:1
allocated block device:0x4006b25fbc00 size:1024 thread:1
allocated block device:0x4006b25fc000 size:1536 thread:1
allocated block device:0x4006b25fc600 size:1024 thread:1
allocated block device:0x4006b25fca00 size:512 thread:1
allocated block device:0x4006b25fcc00 size:2560 thread:1
allocated block device:0x4006b25fd600 size:3072 thread:1
allocated block device:0x4006b25ff600 size:2560 thread:1
allocated block device:0x4006b2600000 size:1821184 thread:1
allocated block device:0x4006b27bca00 size:180224 thread:1
allocated block device:0x4006b27e8a00 size:28672 thread:1
allocated block device:0x4006b27efa00 size:40448 thread:1
allocated block device:0x4006b27f9800 size:8192 thread:1
allocated block device:0x4006b27fb800 size:8192 thread:1
allocated block device:0x4006b27fd800 size:8192 thread:1
allocated block device:0x4006b27ff800 size:512 thread:1
allocated block device:0x4006b2800000 size:1821184 thread:1
allocated block device:0x4006b29bca00 size:180224 thread:1
allocated block device:0x4006b29e8a00 size:40448 thread:1
allocated block device:0x4006b29fe200 size:2048 thread:1
allocated block device:0x4006b2a00000 size:7284736 thread:1
allocated block device:0x4006b3200000 size:7284736 thread:1
allocated block device:0x4006b3a00000 size:45593600 thread:1
allocated block device:0x4006c0000000 size:807412224 thread:1
allocated block device:0x4006f0400000 size:230400000 thread:1
allocated block device:0x400720000000 size:230400000 thread:1
allocated block device:0x40072dc00000 size:230400000 thread:1
allocated block device:0x400760000000 size:230400000 thread:1
allocated block device:0x400774c00000 size:391680 thread:1
allocated block device:0x400774c5fa00 size:921600 thread:1
allocated block device:0x400774d40a00 size:393216 thread:1
allocated block device:0x400774e00000 size:2799616 thread:1
allocated block device:0x400775200000 size:4030464 thread:1
allocated block device:0x400775600000 size:7284736 thread:1
allocated block device:0x400b20000000 size:298674176 thread:1
allocated block device:0x400b438c0000 size:393216 thread:1
allocated block device:0x400b4fa00000 size:7284736 thread:1
allocated block device:0x400b52000000 size:1807360 thread:1
allocated block device:0x400b521b9400 size:181760 thread:1
allocated block device:0x400b521f5600 size:3072 thread:1
allocated block device:0x400b521f6200 size:3072 thread:1
allocated block device:0x400b52200000 size:1807360 thread:1
allocated block device:0x400b523b9400 size:181760 thread:1
allocated block device:0x400b523e5a00 size:98304 thread:1
allocated block device:0x400b52400000 size:1807360 thread:1
allocated block device:0x400b52600000 size:2799616 thread:1
allocated block device:0x400b52a00000 size:14458880 thread:1
allocated block device:0x400ba0000000 size:298674176 thread:1
allocated block device:0x400bb1e00000 size:7284736 thread:1
allocated block device:0x400c71e00000 size:230400000 thread:1
allocated block device:0x400c91e00000 size:230400000 thread:1
allocated block device:0x400cb1e00000 size:230400000 thread:1
allocated block device:0x400cd1e00000 size:29138944 thread:1
allocated block device:0x400cd3a00000 size:29138944 thread:1
allocated block device:0x400cd5600000 size:3145728 thread:1
allocated block device:0x400cd5a00000 size:7284736 thread:1
allocated block device:0x400cd6200000 size:7284736 thread:1
allocated block device:0x400cd6a00000 size:14569472 thread:1
allocated block device:0x400d20000000 size:921600000 thread:1
Accelerator Fatal Error: call to cuMemAlloc returned error 2 (CUDA_ERROR_OUT_OF_MEMORY): Out of memory
 File: /lus/lfs1aip2/projects/u6cb/software/VASP/vasp.6.5.1/build/gam/fft_base.f90
 Function: restride_r2q_cmplx:945
 Line: 964

Out of memory allocating 230400000 bytes of device memory
Failing in Thread:1
total/free CUDA memory: 102005473280/891486208
Present table dump for device[1]: NVIDIA Tesla GPU 0, compute capability 9.0, threadid=1
Hint: specify 0x800 bit in NV_ACC_DEBUG for verbose info.
host:0x2557280 device:0x40057e3fc000 size:32 presentcount:0+3 line:643 name:var%comm
host:0x25572a0 device:0x40075c3ffa00 size:32 presentcount:0+4 line:652 name:var%comm_kinter
host:0x25572c0 device:0x40075c3ffc00 size:32 presentcount:0+6 line:655 name:var%comm_kin
host:0x25572e0 device:0x40075c3ff400 size:32 presentcount:0+3 line:646 name:var%comm_inter
host:0x2557300 device:0x40075c3ff600 size:32 presentcount:0+7 line:649 name:var%comm_inb
host:0x256be80 device:0x40057a0ecd00 size:8 presentcount:0+1 line:-1 name:_setexm_struct_def_21
host:0x2576f40 device:0x40057a0ece00 size:28 presentcount:0+1 line:-1 name:_ml_ff_constant_21
host:0x2577c80 device:0x40057a0ecf00 size:30437 presentcount:0+1 line:-1 name:_ml_ff_taglist_21
host:0x25afc80 device:0x40057a0f4600 size:8 presentcount:0+1 line:-1 name:_mopenacc_tutor_21
host:0x25c2740 device:0x40057a0f4a00 size:32 presentcount:0+1 line:-1 name:_mbj_21
host:0x25cd640 device:0x40057a0f4d00 size:8 presentcount:0+1 line:-1 name:_sym_prec_21
host:0x26030c0 device:0x40057a0f4e00 size:344 presentcount:0+1 line:-1 name:_tet_21
host:0x261c840 device:0x40057a0f5000 size:392 presentcount:0+1 line:-1 name:_mymath_21
host:0x2817368 device:0x40057e3eec00 size:4800 presentcount:0+2 line:614 name:var
host:0x2818628 device:0x40057e3fa400 size:1984 presentcount:0+2 line:403 name:var
host:0x281a910 device:0x40071c5ff800 size:864 presentcount:0+4 line:2639 name:hamiltonian
host:0x286ac80 device:0x40057e3fd400 size:2712 presentcount:0+2 line:428 name:var
host:0x286b718 device:0x40075c3fae00 size:2248 presentcount:0+1 line:742 name:var
host:0x286eb50 device:0x4007d27ff800 size:288 presentcount:0+1 line:195 name:latt_cur
host:0x2871658 device:0x40077c1fe400 size:5088 presentcount:0+28 line:517 name:var
host:0x2872a38 device:0x4007d25f4800 size:5088 presentcount:0+6 line:517 name:var
host:0x2873e18 device:0x4007d25e8a00 size:5088 presentcount:0+7 line:517 name:var
host:0x287a2a8 device:0x40075c3fe000 size:304 presentcount:0+1 line:567 name:var
host:0x287a3d8 device:0x4007d25fca00 size:304 presentcount:0+1 line:567 name:var
host:0x2e48ec0 device:0x40057a002600 size:960024 presentcount:0+1 line:-1 name:_setexm_struct_def_16
host:0x2f8f080 device:0x40057a0f4700 size:580 presentcount:0+1 line:-1 name:_wpbe_16
host:0x2f8f900 device:0x40057a0f4b00 size:288 presentcount:0+1 line:-1 name:_mbj_16
host:0x9f446c0 device:0x40057a0f5200 size:624 presentcount:0+1 line:-1 name:_mlr_optic_16
host:0x277193e0 device:0x4007d25f7800 size:528 presentcount:0+1 line:480 name:var
host:0x2aea00f0 device:0x40077c1ffa00 size:400 presentcount:0+2 line:464 name:var
host:0x2aea0280 device:0x40077c1ffe00 size:400 presentcount:0+2 line:464 name:var
host:0x2fe70640 device:0x40075c3ff800 size:8 presentcount:0+4 line:405 name:var%nityp(:)
host:0x3036ee50 device:0x40057e3f0a00 size:1000 presentcount:0+4 line:519 name:var%lpctz(:)
host:0x307f2050 device:0x4007d27e8a00 size:28464 presentcount:0+1 line:853 name:var(:)
host:0x308047b0 device:0x4007d29e8a00 size:40000 presentcount:0+1 line:857 name:var%psp(:,:)
host:0x3080e420 device:0x4007d27fd800 size:8000 presentcount:0+1 line:857 name:var%psprho(:)
host:0x308116b0 device:0x4007d23f7400 size:24000 presentcount:0+2 line:466 name:var%psprnl(:,:,:)
host:0x30841090 device:0x4007d23ef000 size:4320 presentcount:0+4 line:405 name:var%ityp(:)
host:0x308421a0 device:0x4007d23e8a00 size:25920 presentcount:0+4 line:405 name:var%posion(:,:)
host:0x30885370 device:0x4007d27f9800 size:8000 presentcount:0+1 line:857 name:var%pspcor(:)
host:0x308872e0 device:0x4007d27fb800 size:8000 presentcount:0+1 line:857 name:var%psprho(:)
host:0x3088ae50 device:0x4007d27efa00 size:40000 presentcount:0+1 line:857 name:var%psp(:,:)
host:0x30894ac0 device:0x4007d23f1400 size:24000 presentcount:0+2 line:466 name:var%psprnl(:,:,:)
host:0x308a7ac0 device:0x40057e3fe400 size:8 presentcount:0+3 line:616 name:var%nt_global(:)
host:0x308a7bb0 device:0x40057e3fe000 size:8 presentcount:0+3 line:616 name:var%lmmax(:)
host:0x308a7be0 device:0x40057e3fe800 size:8 presentcount:0+2 line:616 name:var%wtkpt(:)
host:0x308a7c10 device:0x40057e3fe200 size:8 presentcount:0+3 line:616 name:var%nityp(:)
host:0x308d4b70 device:0x40077c1ffc00 size:24 presentcount:0+3 line:466 name:var%lps(:)
host:0x308d4c20 device:0x40075c3fb800 size:24 presentcount:0+3 line:466 name:var%lps(:)
host:0x309337d0 device:0x40057e3fe600 size:24 presentcount:0+3 line:616 name:var%vkpt(:,:)
host:0x30958a40 device:0x40057e3eea00 size:16 presentcount:0+2 line:430 name:var%psrmax(:)
host:0x30959000 device:0x40057e3fea00 size:4320 presentcount:0+3 line:616 name:var%ityp(:)
host:0x3095a110 device:0x40057e3fc200 size:4320 presentcount:0+3 line:616 name:var%npro_pos(:)
host:0x3095b220 device:0x40057e3fae00 size:4324 presentcount:0+3 line:616 name:var%lmbase(:)
host:0x3095c330 device:0x40057e3ffe00 size:4 presentcount:0+2 line:616 name:var%nplwkp(:)
host:0x3095c360 device:0x4007d23f7200 size:4 presentcount:0+2 line:616 name:var%nplwkp_tot(:)
host:0x3095c390 device:0x4007d23fd200 size:4 presentcount:0+2 line:616 name:var%ngvector_pos(:)
host:0x3095c3c0 device:0x40057e3ffc00 size:4 presentcount:0+2 line:616 name:var%ngvector(:)
host:0x3095c3f0 device:0x40057e3f0000 size:1280 presentcount:0+4 line:519 name:var%lpctx(:)
host:0x3095c920 device:0x40057e3f0600 size:720 presentcount:0+4 line:519 name:var%lpcty(:)
host:0x3095cc20 device:0x40057e3f0e00 size:1280 presentcount:0+4 line:519 name:var%lpctx_(:)
host:0x3095d150 device:0x40057e3f1400 size:720 presentcount:0+4 line:519 name:var%lpcty_(:)
host:0x3095d450 device:0x40057e3f1800 size:1000 presentcount:0+4 line:519 name:var%lpctz_(:)
host:0x3095d860 device:0x4007d25f5c00 size:1280 presentcount:0+1 line:519 name:var%lpctx(:)
host:0x3095dd90 device:0x4007d25f6200 size:720 presentcount:0+1 line:519 name:var%lpcty(:)
host:0x3095e090 device:0x4007d25f6600 size:1000 presentcount:0+1 line:519 name:var%lpctz(:)
host:0x3095e4a0 device:0x4007d25f6a00 size:1280 presentcount:0+1 line:519 name:var%lpctx_(:)
host:0x3095e9d0 device:0x4007d25f7000 size:720 presentcount:0+1 line:519 name:var%lpcty_(:)
host:0x3095ecd0 device:0x4007d25f7400 size:1000 presentcount:0+1 line:519 name:var%lpctz_(:)
host:0x3095f0e0 device:0x4007d23fd600 size:2560 presentcount:0+1 line:519 name:var%lpctx(:)
host:0x3095fb10 device:0x4007d23ff000 size:1440 presentcount:0+1 line:519 name:var%lpcty(:)
host:0x309600e0 device:0x4007d23fe200 size:2000 presentcount:0+1 line:519 name:var%lpctz(:)
host:0x309608e0 device:0x4007d23ff600 size:2560 presentcount:0+1 line:519 name:var%lpctx_(:)
host:0x30961310 device:0x4007d25e9e00 size:1440 presentcount:0+1 line:519 name:var%lpcty_(:)
host:0x309618e0 device:0x4007d25ea400 size:2000 presentcount:0+1 line:519 name:var%lpctz_(:)
host:0x30a4d9c0 device:0x4007d25ee800 size:2824 presentcount:0+1 line:482 name:var%i2(:)
host:0x30a4e4f0 device:0x4007d25ef400 size:2824 presentcount:0+1 line:482 name:var%i3(:)
host:0x30a4f020 device:0x4007d25f0000 size:5020 presentcount:0+1 line:482 name:var%i2(:)
host:0x30a503f0 device:0x4007d25f1400 size:5020 presentcount:0+1 line:482 name:var%i3(:)
host:0x30a517c0 device:0x4007d25eac00 size:7200 presentcount:0+2 line:482 name:var%i2(:)
host:0x30a53410 device:0x4007d25eca00 size:7200 presentcount:0+2 line:482 name:var%i3(:)
host:0x30a55480 device:0x400894c5fa00 size:921600 presentcount:0+2 line:482 name:var%index(:,:)
host:0x30b364b0 device:0x4007d25fcc00 size:2560 presentcount:0+1 line:569 name:var%ind1(:)
host:0x30b36ee0 device:0x4007d25fd600 size:2824 presentcount:0+1 line:569 name:var%indcol(:)
host:0x30b37a10 device:0x4007d25f7c00 size:2824 presentcount:0+1 line:482 name:var%i2(:)
host:0x30b38540 device:0x4007d25f8800 size:2824 presentcount:0+1 line:482 name:var%i3(:)
host:0x30b39070 device:0x4007d25f9400 size:1512 presentcount:0+1 line:482 name:var%i2(:)
host:0x30b39680 device:0x4007d25f9a00 size:1512 presentcount:0+1 line:482 name:var%i3(:)
host:0x30b39c90 device:0x40075c3fba00 size:4320 presentcount:0+2 line:430 name:var%nlimax(:)
host:0x30b3ada0 device:0x40075c3fce00 size:4324 presentcount:0+2 line:430 name:var%lmbase(:)
host:0x30b3beb0 device:0x40075c3fe200 size:4324 presentcount:0+2 line:430 name:var%nlibase(:)
host:0x30b3cfc0 device:0x40057e3f1c00 size:17132 presentcount:0+4 line:519 name:var%nindpwconjg(:)
host:0x30b412e0 device:0x40057e3f6000 size:17132 presentcount:0+4 line:519 name:var%ind_in_sphere(:)
host:0x30b46220 device:0x4007d25fa400 size:516 presentcount:0+1 line:499 name:var%ptr(:)
host:0x30b46450 device:0x4007d25fa000 size:516 presentcount:0+1 line:499 name:var%n(:)
host:0x30b46680 device:0x400c721b9400 size:181440 presentcount:0+1 line:499 name:var%tbli(:)
host:0x30b72b70 device:0x4007d25fac00 size:516 presentcount:0+1 line:499 name:var%ptri(:)
host:0x30b72da0 device:0x4007d25fa800 size:516 presentcount:0+1 line:499 name:var%ni(:)
host:0x30b72fd0 device:0x4007d25fb400 size:516 presentcount:0+1 line:499 name:var%ptr(:)
host:0x30b73200 device:0x4007d25fc000 size:1280 presentcount:0+1 line:569 name:var%ind1(:)
host:0x30b73730 device:0x4007d25fc600 size:688 presentcount:0+1 line:569 name:var%indcol(:)
host:0x30b73a10 device:0x4006b232e800 size:180000 presentcount:0+4 line:482 name:var%i2(:)
host:0x30b9f960 device:0x4006b235a800 size:180000 presentcount:0+4 line:482 name:var%i3(:)
host:0x30bcb8b0 device:0x4007d23bca00 size:180000 presentcount:0+8 line:482 name:var%index(:,:)
host:0x30bf7800 device:0x4007d29bca00 size:180000 presentcount:0+8 line:482 name:var%i2(:)
host:0x30c23750 device:0x4006b2386800 size:180000 presentcount:0+8 line:482 name:var%i3(:)
host:0x30c4fcd0 device:0x4007d2400000 size:1821184 presentcount:0+3 line:616 name:var%nindpw(:,:)
host:0x30e0c700 device:0x40057e3fac00 size:8 presentcount:0+2 line:616 name:var%nb_totk(:,:)
host:0x30e0c730 device:0x4007d23fd400 size:4 presentcount:0+2 line:616 name:var%luseinv(:)
host:0x30e0c760 device:0x40057e3ee600 size:4 presentcount:0+2 line:616 name:var%at_gamma(:)
host:0x30e0c790 device:0x4007d25bca00 size:180000 presentcount:0+3 line:616 name:var%pl_index(:,:)
host:0x30e386e0 device:0x4007d27bca00 size:180000 presentcount:0+3 line:616 name:var%pl_col(:,:)
host:0x30e64630 device:0x4007d23fee00 size:8 presentcount:0+2 line:405 name:var%lmmax(:)
host:0x30e64660 device:0x40075c3ffe00 size:8 presentcount:0+2 line:430 name:var%lmax(:)
host:0x30e64690 device:0x4007d23f0200 size:4324 presentcount:0+2 line:405 name:var%lmbase(:)
host:0x30e657a0 device:0x40057e3ee400 size:8 presentcount:0+2 line:430 name:var%lmmax(:)
host:0x30e657d0 device:0x40057e3ee800 size:8 presentcount:0+2 line:430 name:var%channels(:)
host:0x30e65800 device:0x40077c1ff800 size:16 presentcount:0+2 line:430 name:var%rsmooth(:)
host:0x30ed60a0 device:0x400894c00000 size:220160 presentcount:0+1 line:499 name:var%tbl(:)
host:0x30f41900 device:0x400c723b9400 size:181440 presentcount:0+1 line:499 name:var%tbl(:)
host:0x30f6ddf0 device:0x4007d25fb000 size:516 presentcount:0+1 line:499 name:var%n(:)
host:0x30f6e020 device:0x40075c3fcc00 size:4 presentcount:0+1 line:499 name:var%tbli(:)
host:0x30f6e050 device:0x4007d25fbc00 size:516 presentcount:0+1 line:499 name:var%ptri(:)
host:0x30f6e280 device:0x4007d25fb800 size:516 presentcount:0+1 line:499 name:var%ni(:)
host:0x30f8b520 device:0x4007d25f2c00 size:516 presentcount:0+1 line:499 name:var%ptr(:)
host:0x30f8b750 device:0x4007d25f2800 size:516 presentcount:0+1 line:499 name:var%n(:)
host:0x30f8b980 device:0x4007d25f3400 size:516 presentcount:0+1 line:499 name:var%ptri(:)
host:0x30f8bbb0 device:0x4007d25f3000 size:516 presentcount:0+1 line:499 name:var%ni(:)
host:0x30f8bde0 device:0x4007d25f3c00 size:516 presentcount:0+1 line:499 name:var%ptr(:)
host:0x30f8c010 device:0x4007d25f3800 size:516 presentcount:0+1 line:499 name:var%n(:)
host:0x30f8c240 device:0x4007d25f4400 size:516 presentcount:0+1 line:499 name:var%ptri(:)
host:0x30f8c470 device:0x4007d25f4000 size:516 presentcount:0+1 line:499 name:var%ni(:)
host:0x310dc9f0 device:0x400895600000 size:7284736 presentcount:0+3 line:616 name:var%datake(:,:,:)
host:0x317cfc70 device:0x4007d2600000 size:1821184 presentcount:0+3 line:616 name:var%igx(:,:)
host:0x3198d300 device:0x4007d2200000 size:1821184 presentcount:0+3 line:616 name:var%igy(:,:)
host:0x31b4aba0 device:0x4007d2800000 size:1821184 presentcount:0+3 line:616 name:var%igz(:,:)
host:0x31d08a70 device:0x4007d3200000 size:7284272 presentcount:0+4 line:519 name:var%fftsca(:,:)
host:0x324bac80 device:0x400894e00000 size:1807360 presentcount:0+1 line:499 name:var%tbl(:)
host:0x32830870 device:0x400c72000000 size:1807200 presentcount:0+1 line:499 name:var%tbli(:)
host:0x329eb8e0 device:0x400c72200000 size:1807200 presentcount:0+1 line:499 name:var%tbl(:)
host:0x32d61ff0 device:0x400c72400000 size:1807200 presentcount:0+1 line:499 name:var%tbli(:)
host:0x33212420 device:0x40077c1f4000 size:41984 presentcount:0+1 line:746 name:var%auxtot(:,:,:)
host:0x33220030 device:0x4006b231a000 size:83968 presentcount:0+2 line:746 name:var%celtot(:,:,:)
host:0x336f4540 device:0x40057e3e4000 size:41984 presentcount:0+2 line:746 name:var%fertot(:,:,:)
host:0x34a05d60 device:0x4007d2a00000 size:7200000 presentcount:0+1 line:195 name:dencor(:)
host:0x357d0050 device:0x4007d1e00000 size:2799360 presentcount:0+2 line:194 name:cdij(:,:,:,:)
host:0x35a7f770 device:0x400c72600000 size:2799360 presentcount:0+2 line:194 name:cqij(:,:,:,:)
host:0x35fdf420 device:0x400895200000 size:4030464 presentcount:0+5 line:746 name:var%gproj(:,:,:,:)
host:0x36681440 device:0x4006b23ca800 size:98304 presentcount:0+1 line:1101 name:w1%gproj(:)
host:0x3d530d00 device:0x400894d40a00 size:393216 presentcount:0+2 line:1226 name:wa%gproj(:,:)
host:0x3d590d30 device:0x400c638c0000 size:393216 presentcount:0+2 line:1226 name:wa%gproj(:,:)
host:0x3d5f7ed0 device:0x400df5600000 size:3145728 presentcount:0+2 line:1226 name:wa%gproj(:,:)
host:0x3d8f7f00 device:0x4006b23b2800 size:98304 presentcount:0+1 line:1101 name:w1%gproj(:)
host:0x3d90ff30 device:0x400c723e5a00 size:98304 presentcount:0+1 line:1101 name:w1%gproj(:)
host:0x3d927f60 device:0x4006b23e2800 size:98304 presentcount:0+1 line:1101 name:w1%gproj(:)
host:0x4180abe0 device:0x4007d29fe200 size:2048 presentcount:0+1 line:179 name:w1(:)
host:0x4180b400 device:0x400c721f5600 size:2048 presentcount:0+1 line:179 name:wtmp(:)
host:0x41814660 device:0x400cd1e00000 size:7284736 presentcount:0+1 line:1101 name:w1%cptwfp(:)
host:0x421becd0 device:0x400df6a00000 size:14569472 presentcount:0+1 line:202 name:precon(:,:)
host:0x42fab6b0 device:0x400c6fa00000 size:7284736 presentcount:0+1 line:1101 name:w1%cptwfp(:)
host:0x436a5ec0 device:0x400df5a00000 size:7284736 presentcount:0+1 line:1101 name:w1%cptwfp(:)
host:0x43d986f0 device:0x400df6200000 size:7284736 presentcount:0+1 line:1101 name:w1%cptwfp(:)
host:0x4005bc0010a0 device:0x4007d3a00000 size:45593280 presentcount:0+2 line:430 name:var%nli(:,:)
host:0x4005beb839e0 device:0x400c72a00000 size:14458880 presentcount:0+1 line:195 name:cstrf(:,:)
host:0x400616ee6b60 device:0x400df1e00000 size:29138944 presentcount:0+2 line:1226 name:wa%cptwfp(:,:)
host:0x40061bb66d70 device:0x400df3a00000 size:29138944 presentcount:0+2 line:1226 name:wa%cptwfp(:,:)
host:0x4006c00012b0 device:0x4007e0000000 size:807411968 presentcount:0+2 line:430 name:var%rproj(:)
host:0x4006f02131a0 device:0x40084dc00000 size:230400000 presentcount:0+2 line:194 name:sv(:,:)
host:0x4007a0004a60 device:0x4007c0000000 size:298674176 presentcount:0+5 line:746 name:var%cptwfp(:,:,:,:)
host:0x4007b1ce6f80 device:0x400cc0000000 size:233111552 presentcount:0+2 line:1226 name:wa%cptwfp(:,:)
host:0x400831ce75b0 device:0x4005c0000000 size:230400000 presentcount:0+1 line:1101 name:w1%cr(:)
host:0x400866e977c0 device:0x400810400000 size:230400000 presentcount:0+1 line:1236 name:w1%cr(:)
host:0x400900007be0 device:0x400880000000 size:230400000 presentcount:0+1 line:1101 name:w1%cr(:)
host:0x40090dbd7df0 device:0x400840000000 size:230400000 presentcount:0+1 line:1236 name:w1%cr(:)
host:0x400b20008210 device:0x400c40000000 size:230400000 presentcount:0+1 line:1101 name:w1%cr(:)
host:0x400b2dbd8420 device:0x400dd1e00000 size:230400000 presentcount:0+1 line:1236 name:w1%cr(:)
host:0x400c20000230 device:0x400db1e00000 size:230400000 presentcount:0+1 line:1101 name:w1%cr(:)
host:0x400c2dbc0440 device:0x400d91e00000 size:230400000 presentcount:0+1 line:1236 name:w1%cr(:)
host:0x400e00005ae0 device:0x400e40000000 size:921600000 presentcount:0+1 line:1005 name:cwork1(:,:)
host:0xffffd4330110 device:0x400c721f6200 size:3024 presentcount:0+12 line:682 name:var
host:0xffffd4330ce0 device:0x40073c1ff600 size:1480 presentcount:0+1 line:174 name:w_ini
host:0xffffd43312b0 device:0x4007d25ff600 size:1480 presentcount:0+1 line:174 name:wopt
host:0xffffd4331880 device:0x40075c3fa400 size:1480 presentcount:0+1 line:174 name:wtmpa
allocated block device:0x40057e3e4000 size:41984 thread:1
allocated block device:0x40057e3ee400 size:512 thread:1
allocated block device:0x40057e3ee600 size:512 thread:1
allocated block device:0x40057e3ee800 size:512 thread:1
allocated block device:0x40057e3eea00 size:512 thread:1
allocated block device:0x40057e3eec00 size:5120 thread:1
allocated block device:0x40057e3f0000 size:1536 thread:1
allocated block device:0x40057e3f0600 size:1024 thread:1
allocated block device:0x40057e3f0a00 size:1024 thread:1
allocated block device:0x40057e3f0e00 size:1536 thread:1
allocated block device:0x40057e3f1400 size:1024 thread:1
allocated block device:0x40057e3f1800 size:1024 thread:1
allocated block device:0x40057e3f1c00 size:17408 thread:1
allocated block device:0x40057e3f6000 size:17408 thread:1
allocated block device:0x40057e3fa400 size:2048 thread:1
allocated block device:0x40057e3fac00 size:512 thread:1
allocated block device:0x40057e3fae00 size:4608 thread:1
allocated block device:0x40057e3fc000 size:512 thread:1
allocated block device:0x40057e3fc200 size:4608 thread:1
allocated block device:0x40057e3fd400 size:3072 thread:1
allocated block device:0x40057e3fe000 size:512 thread:1
allocated block device:0x40057e3fe200 size:512 thread:1
allocated block device:0x40057e3fe400 size:512 thread:1
allocated block device:0x40057e3fe600 size:512 thread:1
allocated block device:0x40057e3fe800 size:512 thread:1
allocated block device:0x40057e3fea00 size:4608 thread:1
allocated block device:0x40057e3ffc00 size:512 thread:1
allocated block device:0x40057e3ffe00 size:512 thread:1
allocated block device:0x4005c0000000 size:230400000 thread:1
allocated block device:0x4006b231a000 size:83968 thread:1
allocated block device:0x4006b232e800 size:180224 thread:1
allocated block device:0x4006b235a800 size:180224 thread:1
allocated block device:0x4006b2386800 size:180224 thread:1
allocated block device:0x4006b23b2800 size:98304 thread:1
allocated block device:0x4006b23ca800 size:98304 thread:1
allocated block device:0x4006b23e2800 size:98304 thread:1
allocated block device:0x40071c5ff800 size:1024 thread:1
allocated block device:0x40073c1ff600 size:1536 thread:1
allocated block device:0x40075c3fa400 size:2048 thread:1
allocated block device:0x40075c3fae00 size:2560 thread:1
allocated block device:0x40075c3fb800 size:512 thread:1
allocated block device:0x40075c3fba00 size:4608 thread:1
allocated block device:0x40075c3fcc00 size:512 thread:1
allocated block device:0x40075c3fce00 size:4608 thread:1
allocated block device:0x40075c3fe000 size:512 thread:1
allocated block device:0x40075c3fe200 size:4608 thread:1
allocated block device:0x40075c3ff400 size:512 thread:1
allocated block device:0x40075c3ff600 size:512 thread:1
allocated block device:0x40075c3ff800 size:512 thread:1
allocated block device:0x40075c3ffa00 size:512 thread:1
allocated block device:0x40075c3ffc00 size:512 thread:1
allocated block device:0x40075c3ffe00 size:512 thread:1
allocated block device:0x40077c1f4000 size:41984 thread:1
allocated block device:0x40077c1fe400 size:5120 thread:1
allocated block device:0x40077c1ff800 size:512 thread:1
allocated block device:0x40077c1ffa00 size:512 thread:1
allocated block device:0x40077c1ffc00 size:512 thread:1
allocated block device:0x40077c1ffe00 size:512 thread:1
allocated block device:0x4007c0000000 size:298674176 thread:1
allocated block device:0x4007d1e00000 size:4030464 thread:1
allocated block device:0x4007d2200000 size:1821184 thread:1
allocated block device:0x4007d23bca00 size:180224 thread:1
allocated block device:0x4007d23e8a00 size:26112 thread:1
allocated block device:0x4007d23ef000 size:4608 thread:1
allocated block device:0x4007d23f0200 size:4608 thread:1
allocated block device:0x4007d23f1400 size:24064 thread:1
allocated block device:0x4007d23f7200 size:512 thread:1
allocated block device:0x4007d23f7400 size:24064 thread:1
allocated block device:0x4007d23fd200 size:512 thread:1
allocated block device:0x4007d23fd400 size:512 thread:1
allocated block device:0x4007d23fd600 size:3072 thread:1
allocated block device:0x4007d23fe200 size:3072 thread:1
allocated block device:0x4007d23fee00 size:512 thread:1
allocated block device:0x4007d23ff000 size:1536 thread:1
allocated block device:0x4007d23ff600 size:2560 thread:1
allocated block device:0x4007d2400000 size:1821184 thread:1
allocated block device:0x4007d25bca00 size:180224 thread:1
allocated block device:0x4007d25e8a00 size:5120 thread:1
allocated block device:0x4007d25e9e00 size:1536 thread:1
allocated block device:0x4007d25ea400 size:2048 thread:1
allocated block device:0x4007d25eac00 size:7680 thread:1
allocated block device:0x4007d25eca00 size:7680 thread:1
allocated block device:0x4007d25ee800 size:3072 thread:1
allocated block device:0x4007d25ef400 size:3072 thread:1
allocated block device:0x4007d25f0000 size:5120 thread:1
allocated block device:0x4007d25f1400 size:5120 thread:1
allocated block device:0x4007d25f2800 size:1024 thread:1
allocated block device:0x4007d25f2c00 size:1024 thread:1
allocated block device:0x4007d25f3000 size:1024 thread:1
allocated block device:0x4007d25f3400 size:1024 thread:1
allocated block device:0x4007d25f3800 size:1024 thread:1
allocated block device:0x4007d25f3c00 size:1024 thread:1
allocated block device:0x4007d25f4000 size:1024 thread:1
allocated block device:0x4007d25f4400 size:1024 thread:1
allocated block device:0x4007d25f4800 size:5120 thread:1
allocated block device:0x4007d25f5c00 size:1536 thread:1
allocated block device:0x4007d25f6200 size:1024 thread:1
allocated block device:0x4007d25f6600 size:1024 thread:1
allocated block device:0x4007d25f6a00 size:1536 thread:1
allocated block device:0x4007d25f7000 size:1024 thread:1
allocated block device:0x4007d25f7400 size:1024 thread:1
allocated block device:0x4007d25f7800 size:1024 thread:1
allocated block device:0x4007d25f7c00 size:3072 thread:1
allocated block device:0x4007d25f8800 size:3072 thread:1
allocated block device:0x4007d25f9400 size:1536 thread:1
allocated block device:0x4007d25f9a00 size:1536 thread:1
allocated block device:0x4007d25fa000 size:1024 thread:1
allocated block device:0x4007d25fa400 size:1024 thread:1
allocated block device:0x4007d25fa800 size:1024 thread:1
allocated block device:0x4007d25fac00 size:1024 thread:1
allocated block device:0x4007d25fb000 size:1024 thread:1
allocated block device:0x4007d25fb400 size:1024 thread:1
allocated block device:0x4007d25fb800 size:1024 thread:1
allocated block device:0x4007d25fbc00 size:1024 thread:1
allocated block device:0x4007d25fc000 size:1536 thread:1
allocated block device:0x4007d25fc600 size:1024 thread:1
allocated block device:0x4007d25fca00 size:512 thread:1
allocated block device:0x4007d25fcc00 size:2560 thread:1
allocated block device:0x4007d25fd600 size:3072 thread:1
allocated block device:0x4007d25ff600 size:2560 thread:1
allocated block device:0x4007d2600000 size:1821184 thread:1
allocated block device:0x4007d27bca00 size:180224 thread:1
allocated block device:0x4007d27e8a00 size:28672 thread:1
allocated block device:0x4007d27efa00 size:40448 thread:1
allocated block device:0x4007d27f9800 size:8192 thread:1
allocated block device:0x4007d27fb800 size:8192 thread:1
allocated block device:0x4007d27fd800 size:8192 thread:1
allocated block device:0x4007d27ff800 size:512 thread:1
allocated block device:0x4007d2800000 size:1821184 thread:1
allocated block device:0x4007d29bca00 size:180224 thread:1
allocated block device:0x4007d29e8a00 size:40448 thread:1
allocated block device:0x4007d29fe200 size:2048 thread:1
allocated block device:0x4007d2a00000 size:7284736 thread:1
allocated block device:0x4007d3200000 size:7284736 thread:1
allocated block device:0x4007d3a00000 size:45593600 thread:1
allocated block device:0x4007e0000000 size:807412224 thread:1
allocated block device:0x400810400000 size:230400000 thread:1
allocated block device:0x400840000000 size:230400000 thread:1
allocated block device:0x40084dc00000 size:230400000 thread:1
allocated block device:0x400880000000 size:230400000 thread:1
allocated block device:0x400894c00000 size:391680 thread:1
allocated block device:0x400894c5fa00 size:921600 thread:1
allocated block device:0x400894d40a00 size:393216 thread:1
allocated block device:0x400894e00000 size:2799616 thread:1
allocated block device:0x400895200000 size:4030464 thread:1
allocated block device:0x400895600000 size:7284736 thread:1
allocated block device:0x400c40000000 size:298674176 thread:1
allocated block device:0x400c638c0000 size:393216 thread:1
allocated block device:0x400c6fa00000 size:7284736 thread:1
allocated block device:0x400c72000000 size:1807360 thread:1
allocated block device:0x400c721b9400 size:181760 thread:1
allocated block device:0x400c721f5600 size:3072 thread:1
allocated block device:0x400c721f6200 size:3072 thread:1
allocated block device:0x400c72200000 size:1807360 thread:1
allocated block device:0x400c723b9400 size:181760 thread:1
allocated block device:0x400c723e5a00 size:98304 thread:1
allocated block device:0x400c72400000 size:1807360 thread:1
allocated block device:0x400c72600000 size:2799616 thread:1
allocated block device:0x400c72a00000 size:14458880 thread:1
allocated block device:0x400cc0000000 size:298674176 thread:1
allocated block device:0x400cd1e00000 size:7284736 thread:1
allocated block device:0x400d91e00000 size:230400000 thread:1
allocated block device:0x400db1e00000 size:230400000 thread:1
allocated block device:0x400dd1e00000 size:230400000 thread:1
allocated block device:0x400df1e00000 size:29138944 thread:1
allocated block device:0x400df3a00000 size:29138944 thread:1
allocated block device:0x400df5600000 size:3145728 thread:1
allocated block device:0x400df5a00000 size:7284736 thread:1
allocated block device:0x400df6200000 size:7284736 thread:1
allocated block device:0x400df6a00000 size:14569472 thread:1
allocated block device:0x400e40000000 size:921600000 thread:1
Accelerator Fatal Error: call to cuMemAlloc returned error 2 (CUDA_ERROR_OUT_OF_MEMORY): Out of memory
 File: /lus/lfs1aip2/projects/u6cb/software/VASP/vasp.6.5.1/build/gam/fft_base.f90
 Function: restride_r2q_cmplx:945
 Line: 964

Out of memory allocating 921600000 bytes of device memory
Failing in Thread:1
total/free CUDA memory: 102005473280/508297216
Present table dump for device[1]: NVIDIA Tesla GPU 0, compute capability 9.0, threadid=1
Hint: specify 0x800 bit in NV_ACC_DEBUG for verbose info.
host:0x2557280 device:0x40049e3fc000 size:32 presentcount:0+3 line:643 name:var%comm
host:0x25572a0 device:0x4006871ffa00 size:32 presentcount:0+4 line:652 name:var%comm_kinter
host:0x25572c0 device:0x4006871ffc00 size:32 presentcount:0+6 line:655 name:var%comm_kin
host:0x25572e0 device:0x4006871ff400 size:32 presentcount:0+3 line:646 name:var%comm_inter
host:0x2557300 device:0x4006871ff600 size:32 presentcount:0+7 line:649 name:var%comm_inb
host:0x256be80 device:0x40049a0ecd00 size:8 presentcount:0+1 line:-1 name:_setexm_struct_def_21
host:0x2576f40 device:0x40049a0ece00 size:28 presentcount:0+1 line:-1 name:_ml_ff_constant_21
host:0x2577c80 device:0x40049a0ecf00 size:30437 presentcount:0+1 line:-1 name:_ml_ff_taglist_21
host:0x25afc80 device:0x40049a0f4600 size:8 presentcount:0+1 line:-1 name:_mopenacc_tutor_21
host:0x25c2740 device:0x40049a0f4a00 size:32 presentcount:0+1 line:-1 name:_mbj_21
host:0x25cd640 device:0x40049a0f4d00 size:8 presentcount:0+1 line:-1 name:_sym_prec_21
host:0x26030c0 device:0x40049a0f4e00 size:344 presentcount:0+1 line:-1 name:_tet_21
host:0x261c840 device:0x40049a0f5000 size:392 presentcount:0+1 line:-1 name:_mymath_21
host:0x2817368 device:0x40049e3eec00 size:4800 presentcount:0+2 line:614 name:var
host:0x2818628 device:0x40049e3fa400 size:1984 presentcount:0+2 line:403 name:var
host:0x281a910 device:0x4006471ff800 size:864 presentcount:0+4 line:2639 name:hamiltonian
host:0x286ac80 device:0x40049e3fd400 size:2712 presentcount:0+2 line:428 name:var
host:0x286b718 device:0x4006871fae00 size:2248 presentcount:0+1 line:742 name:var
host:0x286eb50 device:0x4006f27ff800 size:288 presentcount:0+1 line:195 name:latt_cur
host:0x2871658 device:0x4006a71fe400 size:5088 presentcount:0+28 line:517 name:var
host:0x2872a38 device:0x4006f25f4800 size:5088 presentcount:0+6 line:517 name:var
host:0x2873e18 device:0x4006f25e8a00 size:5088 presentcount:0+7 line:517 name:var
host:0x287a2a8 device:0x4006871fe000 size:304 presentcount:0+1 line:567 name:var
host:0x287a3d8 device:0x4006f25fca00 size:304 presentcount:0+1 line:567 name:var
host:0x2e48ec0 device:0x40049a002600 size:960024 presentcount:0+1 line:-1 name:_setexm_struct_def_16
host:0x2f8f080 device:0x40049a0f4700 size:580 presentcount:0+1 line:-1 name:_wpbe_16
host:0x2f8f900 device:0x40049a0f4b00 size:288 presentcount:0+1 line:-1 name:_mbj_16
host:0x9f446c0 device:0x40049a0f5200 size:624 presentcount:0+1 line:-1 name:_mlr_optic_16
host:0x37ff9400 device:0x40049e3fe800 size:8 presentcount:0+2 line:616 name:var%wtkpt(:)
host:0x37ff9430 device:0x40049e3fe200 size:8 presentcount:0+3 line:616 name:var%nityp(:)
host:0x389194b0 device:0x4006f25f7800 size:528 presentcount:0+1 line:480 name:var
host:0x3c0a0100 device:0x4006a71ffa00 size:400 presentcount:0+2 line:464 name:var
host:0x3c0a0290 device:0x4006a71ffe00 size:400 presentcount:0+2 line:464 name:var
host:0x41070640 device:0x4006871ff800 size:8 presentcount:0+4 line:405 name:var%nityp(:)
host:0x4156ee50 device:0x40049e3f0a00 size:1000 presentcount:0+4 line:519 name:var%lpctz(:)
host:0x419f2050 device:0x4006f27e8a00 size:28464 presentcount:0+1 line:853 name:var(:)
host:0x41a047b0 device:0x4006f29e8a00 size:40000 presentcount:0+1 line:857 name:var%psp(:,:)
host:0x41a0e420 device:0x4006f27fd800 size:8000 presentcount:0+1 line:857 name:var%psprho(:)
host:0x41a116b0 device:0x4006f23f7400 size:24000 presentcount:0+2 line:466 name:var%psprnl(:,:,:)
host:0x41a41090 device:0x4006f23ef000 size:4320 presentcount:0+4 line:405 name:var%ityp(:)
host:0x41a421a0 device:0x4006f23e8a00 size:25920 presentcount:0+4 line:405 name:var%posion(:,:)
host:0x41a85370 device:0x4006f27f9800 size:8000 presentcount:0+1 line:857 name:var%pspcor(:)
host:0x41a872e0 device:0x4006f27fb800 size:8000 presentcount:0+1 line:857 name:var%psprho(:)
host:0x41a8ae50 device:0x4006f27efa00 size:40000 presentcount:0+1 line:857 name:var%psp(:,:)
host:0x41a94ac0 device:0x4006f23f1400 size:24000 presentcount:0+2 line:466 name:var%psprnl(:,:,:)
host:0x41aa7cf0 device:0x4006f25fa400 size:516 presentcount:0+1 line:499 name:var%ptr(:)
host:0x41ad4b70 device:0x4006a71ffc00 size:24 presentcount:0+3 line:466 name:var%lps(:)
host:0x41ad4c20 device:0x4006871fb800 size:24 presentcount:0+3 line:466 name:var%lps(:)
host:0x41c481f0 device:0x40049e3fe600 size:24 presentcount:0+3 line:616 name:var%vkpt(:,:)
host:0x41c6d460 device:0x40049e3eea00 size:16 presentcount:0+2 line:430 name:var%psrmax(:)
host:0x41c6da20 device:0x40049e3fea00 size:4320 presentcount:0+3 line:616 name:var%ityp(:)
host:0x41c6eb30 device:0x40049e3fe000 size:8 presentcount:0+3 line:616 name:var%lmmax(:)
host:0x41c6eb60 device:0x40049e3fe400 size:8 presentcount:0+3 line:616 name:var%nt_global(:)
host:0x41c6eb90 device:0x40049e3fc200 size:4320 presentcount:0+3 line:616 name:var%npro_pos(:)
host:0x41c6fca0 device:0x40049e3fae00 size:4324 presentcount:0+3 line:616 name:var%lmbase(:)
host:0x41c70db0 device:0x40049e3ffe00 size:4 presentcount:0+2 line:616 name:var%nplwkp(:)
host:0x41c70de0 device:0x4006f23f7200 size:4 presentcount:0+2 line:616 name:var%nplwkp_tot(:)
host:0x41c70e10 device:0x4006f23fd200 size:4 presentcount:0+2 line:616 name:var%ngvector_pos(:)
host:0x41c70e40 device:0x40049e3ffc00 size:4 presentcount:0+2 line:616 name:var%ngvector(:)
host:0x41c70e70 device:0x40049e3f0000 size:1280 presentcount:0+4 line:519 name:var%lpctx(:)
host:0x41c713a0 device:0x40049e3f0600 size:720 presentcount:0+4 line:519 name:var%lpcty(:)
host:0x41c716a0 device:0x40049e3f0e00 size:1280 presentcount:0+4 line:519 name:var%lpctx_(:)
host:0x41c71bd0 device:0x40049e3f1400 size:720 presentcount:0+4 line:519 name:var%lpcty_(:)
host:0x41c71ed0 device:0x40049e3f1800 size:1000 presentcount:0+4 line:519 name:var%lpctz_(:)
host:0x41c722e0 device:0x4006f25f5c00 size:1280 presentcount:0+1 line:519 name:var%lpctx(:)
host:0x41c72810 device:0x4006f25f6200 size:720 presentcount:0+1 line:519 name:var%lpcty(:)
host:0x41c72b10 device:0x4006f25f6600 size:1000 presentcount:0+1 line:519 name:var%lpctz(:)
host:0x41c72f20 device:0x4006f25f6a00 size:1280 presentcount:0+1 line:519 name:var%lpctx_(:)
host:0x41c73450 device:0x4006f25f7000 size:720 presentcount:0+1 line:519 name:var%lpcty_(:)
host:0x41c73750 device:0x4006f25f7400 size:1000 presentcount:0+1 line:519 name:var%lpctz_(:)
host:0x41c73b60 device:0x4006f23fd600 size:2560 presentcount:0+1 line:519 name:var%lpctx(:)
host:0x41c74590 device:0x4006f23ff000 size:1440 presentcount:0+1 line:519 name:var%lpcty(:)
host:0x41c74b60 device:0x4006f23fe200 size:2000 presentcount:0+1 line:519 name:var%lpctz(:)
host:0x41c75360 device:0x4006f23ff600 size:2560 presentcount:0+1 line:519 name:var%lpctx_(:)
host:0x41c75d90 device:0x4006f25e9e00 size:1440 presentcount:0+1 line:519 name:var%lpcty_(:)
host:0x41c76360 device:0x4006f25ea400 size:2000 presentcount:0+1 line:519 name:var%lpctz_(:)
host:0x41d62440 device:0x4006f25ee800 size:2824 presentcount:0+1 line:482 name:var%i2(:)
host:0x41d62f70 device:0x4006f25ef400 size:2824 presentcount:0+1 line:482 name:var%i3(:)
host:0x41d63aa0 device:0x4006f25f0000 size:5020 presentcount:0+1 line:482 name:var%i2(:)
host:0x41d64e70 device:0x4006f25f1400 size:5020 presentcount:0+1 line:482 name:var%i3(:)
host:0x41d66240 device:0x4006f25eac00 size:7200 presentcount:0+2 line:482 name:var%i2(:)
host:0x41d67e90 device:0x4006f25eca00 size:7200 presentcount:0+2 line:482 name:var%i3(:)
host:0x41d69f00 device:0x400794c5fa00 size:921600 presentcount:0+2 line:482 name:var%index(:,:)
host:0x41e4af30 device:0x4006f25fcc00 size:2560 presentcount:0+1 line:569 name:var%ind1(:)
host:0x41e4b960 device:0x4006f25fd600 size:2824 presentcount:0+1 line:569 name:var%indcol(:)
host:0x41e4c490 device:0x4006f25f7c00 size:2824 presentcount:0+1 line:482 name:var%i2(:)
host:0x41e4cfc0 device:0x4006f25f8800 size:2824 presentcount:0+1 line:482 name:var%i3(:)
host:0x41e4daf0 device:0x4006f25f9400 size:1512 presentcount:0+1 line:482 name:var%i2(:)
host:0x41e4e100 device:0x4006f25f9a00 size:1512 presentcount:0+1 line:482 name:var%i3(:)
host:0x41e86b40 device:0x4006f25fa000 size:516 presentcount:0+1 line:499 name:var%n(:)
host:0x41e86d70 device:0x4006f25fac00 size:516 presentcount:0+1 line:499 name:var%ptri(:)
host:0x41e86fa0 device:0x4006f25fa800 size:516 presentcount:0+1 line:499 name:var%ni(:)
host:0x41e871d0 device:0x4006f25fb400 size:516 presentcount:0+1 line:499 name:var%ptr(:)
host:0x41e87400 device:0x4006f25fb000 size:516 presentcount:0+1 line:499 name:var%n(:)
host:0x41e87630 device:0x4006871fcc00 size:4 presentcount:0+1 line:499 name:var%tbli(:)
host:0x41e87660 device:0x4006f25fbc00 size:516 presentcount:0+1 line:499 name:var%ptri(:)
host:0x41e87890 device:0x4006f25fb800 size:516 presentcount:0+1 line:499 name:var%ni(:)
host:0x41e87c80 device:0x4006f25fc000 size:1280 presentcount:0+1 line:569 name:var%ind1(:)
host:0x41e881b0 device:0x4006f25fc600 size:688 presentcount:0+1 line:569 name:var%indcol(:)
host:0x41e88490 device:0x4005d432e800 size:180000 presentcount:0+4 line:482 name:var%i2(:)
host:0x41eb43e0 device:0x4005d435a800 size:180000 presentcount:0+4 line:482 name:var%i3(:)
host:0x41ee0330 device:0x4006f23bca00 size:180000 presentcount:0+8 line:482 name:var%index(:,:)
host:0x41f0c280 device:0x4006f29bca00 size:180000 presentcount:0+8 line:482 name:var%i2(:)
host:0x41f381d0 device:0x4005d4386800 size:180000 presentcount:0+8 line:482 name:var%i3(:)
host:0x41f64750 device:0x4006f2400000 size:1821184 presentcount:0+3 line:616 name:var%nindpw(:,:)
host:0x42121180 device:0x40049e3fac00 size:8 presentcount:0+2 line:616 name:var%nb_totk(:,:)
host:0x421211b0 device:0x4006f23fd400 size:4 presentcount:0+2 line:616 name:var%luseinv(:)
host:0x421211e0 device:0x40049e3ee600 size:4 presentcount:0+2 line:616 name:var%at_gamma(:)
host:0x42121210 device:0x4006f25bca00 size:180000 presentcount:0+3 line:616 name:var%pl_index(:,:)
host:0x4214d160 device:0x4006f27bca00 size:180000 presentcount:0+3 line:616 name:var%pl_col(:,:)
host:0x421790b0 device:0x4006f23fee00 size:8 presentcount:0+2 line:405 name:var%lmmax(:)
host:0x421790e0 device:0x4006871ffe00 size:8 presentcount:0+2 line:430 name:var%lmax(:)
host:0x42179110 device:0x4006f23f0200 size:4324 presentcount:0+2 line:405 name:var%lmbase(:)
host:0x4217a220 device:0x40049e3ee400 size:8 presentcount:0+2 line:430 name:var%lmmax(:)
host:0x4217a250 device:0x40049e3ee800 size:8 presentcount:0+2 line:430 name:var%channels(:)
host:0x4217a280 device:0x4006a71ff800 size:16 presentcount:0+2 line:430 name:var%rsmooth(:)
host:0x4217a2c0 device:0x4006871fba00 size:4320 presentcount:0+2 line:430 name:var%nlimax(:)
host:0x4217b3d0 device:0x4006871fce00 size:4324 presentcount:0+2 line:430 name:var%lmbase(:)
host:0x4217c4e0 device:0x4006871fe200 size:4324 presentcount:0+2 line:430 name:var%nlibase(:)
host:0x4217d5f0 device:0x40049e3f1c00 size:17132 presentcount:0+4 line:519 name:var%nindpwconjg(:)
host:0x42181910 device:0x40049e3f6000 size:17132 presentcount:0+4 line:519 name:var%ind_in_sphere(:)
host:0x42193200 device:0x4006f25f2c00 size:516 presentcount:0+1 line:499 name:var%ptr(:)
host:0x42193430 device:0x4006f25f2800 size:516 presentcount:0+1 line:499 name:var%n(:)
host:0x42193660 device:0x4006f25f3400 size:516 presentcount:0+1 line:499 name:var%ptri(:)
host:0x42193890 device:0x4006f25f3000 size:516 presentcount:0+1 line:499 name:var%ni(:)
host:0x42193ac0 device:0x4006f25f3c00 size:516 presentcount:0+1 line:499 name:var%ptr(:)
host:0x42193cf0 device:0x4006f25f3800 size:516 presentcount:0+1 line:499 name:var%n(:)
host:0x42193f20 device:0x4006f25f4400 size:516 presentcount:0+1 line:499 name:var%ptri(:)
host:0x42194150 device:0x4006f25f4000 size:516 presentcount:0+1 line:499 name:var%ni(:)
host:0x422dc9f0 device:0x400795600000 size:7284736 presentcount:0+3 line:616 name:var%datake(:,:,:)
host:0x429cfc70 device:0x4006f2600000 size:1821184 presentcount:0+3 line:616 name:var%igx(:,:)
host:0x42b8d300 device:0x4006f2200000 size:1821184 presentcount:0+3 line:616 name:var%igy(:,:)
host:0x42d4aba0 device:0x4006f2800000 size:1821184 presentcount:0+3 line:616 name:var%igz(:,:)
host:0x42f08a70 device:0x4006f3200000 size:7284272 presentcount:0+4 line:519 name:var%fftsca(:,:)
host:0x43633500 device:0x400794c00000 size:220160 presentcount:0+1 line:499 name:var%tbl(:)
host:0x4369ed60 device:0x400b721b9400 size:181440 presentcount:0+1 line:499 name:var%tbli(:)
host:0x436cb250 device:0x400b723b9400 size:181440 presentcount:0+1 line:499 name:var%tbl(:)
host:0x437c7300 device:0x400794e00000 size:1807360 presentcount:0+1 line:499 name:var%tbl(:)
host:0x43b12420 device:0x4006a71f4000 size:41984 presentcount:0+1 line:746 name:var%auxtot(:,:,:)
host:0x43b3cef0 device:0x400b72000000 size:1807200 presentcount:0+1 line:499 name:var%tbli(:)
host:0x43cf7f60 device:0x400b72200000 size:1807200 presentcount:0+1 line:499 name:var%tbl(:)
host:0x4406e670 device:0x400b72400000 size:1807200 presentcount:0+1 line:499 name:var%tbli(:)
host:0x44432420 device:0x40049e3e4000 size:41984 presentcount:0+2 line:746 name:var%fertot(:,:,:)
host:0x44440030 device:0x4005d431a000 size:83968 presentcount:0+2 line:746 name:var%celtot(:,:,:)
host:0x4521bd90 device:0x4006f1e00000 size:2799360 presentcount:0+2 line:194 name:cdij(:,:,:,:)
host:0x46344970 device:0x4006f2a00000 size:7200000 presentcount:0+1 line:195 name:dencor(:)
host:0x4710ee70 device:0x400b72600000 size:2799360 presentcount:0+2 line:194 name:cqij(:,:,:,:)
host:0x4766eb20 device:0x400795200000 size:4030464 presentcount:0+5 line:746 name:var%gproj(:,:,:,:)
host:0x47cfde90 device:0x4005d43ca800 size:98304 presentcount:0+1 line:1101 name:w1%gproj(:)
host:0x4e8584f0 device:0x400794d40a00 size:393216 presentcount:0+2 line:1226 name:wa%gproj(:,:)
host:0x4e8b8520 device:0x400b638c0000 size:393216 presentcount:0+2 line:1226 name:wa%gproj(:,:)
host:0x4e91f6c0 device:0x400cf5600000 size:3145728 presentcount:0+2 line:1226 name:wa%gproj(:,:)
host:0x52b3b630 device:0x4006f29fe200 size:2048 presentcount:0+1 line:179 name:w1(:)
host:0x52b3be50 device:0x400b721f5600 size:2048 presentcount:0+1 line:179 name:wtmp(:)
host:0x52b6cab0 device:0x400bd1e00000 size:7284736 presentcount:0+1 line:1101 name:w1%cptwfp(:)
host:0x5325f2e0 device:0x4005d43b2800 size:98304 presentcount:0+1 line:1101 name:w1%gproj(:)
host:0x53277310 device:0x400b723e5a00 size:98304 presentcount:0+1 line:1101 name:w1%gproj(:)
host:0x5328f340 device:0x4005d43e2800 size:98304 presentcount:0+1 line:1101 name:w1%gproj(:)
host:0x534b4f10 device:0x400cf6a00000 size:14569472 presentcount:0+1 line:202 name:precon(:,:)
host:0x542a18f0 device:0x400b6fa00000 size:7284736 presentcount:0+1 line:1101 name:w1%cptwfp(:)
host:0x5499c100 device:0x400cf5a00000 size:7284736 presentcount:0+1 line:1101 name:w1%cptwfp(:)
host:0x5508e930 device:0x400cf6200000 size:7284736 presentcount:0+1 line:1101 name:w1%cptwfp(:)
host:0x4004dc0010a0 device:0x4006f3a00000 size:45593280 presentcount:0+2 line:430 name:var%nli(:,:)
host:0x4004deb839e0 device:0x400b72a00000 size:14458880 presentcount:0+1 line:195 name:cstrf(:,:)
host:0x40052e3131a0 device:0x40074dc00000 size:230400000 presentcount:0+2 line:194 name:sv(:,:)
host:0x4005e00012b0 device:0x400700000000 size:807411968 presentcount:0+2 line:430 name:var%rproj(:)
host:0x400610216b60 device:0x400cf1e00000 size:29138944 presentcount:0+2 line:1226 name:wa%cptwfp(:,:)
host:0x400611df6d70 device:0x400cf3a00000 size:29138944 presentcount:0+2 line:1226 name:wa%cptwfp(:,:)
host:0x4006c0004a60 device:0x4006e0000000 size:298674176 presentcount:0+5 line:746 name:var%cptwfp(:,:,:,:)
host:0x400771ce6f80 device:0x400bc0000000 size:233111552 presentcount:0+2 line:1226 name:wa%cptwfp(:,:)
host:0x4008000075b0 device:0x4004e0000000 size:230400000 presentcount:0+1 line:1101 name:w1%cr(:)
host:0x40080dbd77c0 device:0x400730400000 size:230400000 presentcount:0+1 line:1236 name:w1%cr(:)
host:0x400a20007be0 device:0x400780000000 size:230400000 presentcount:0+1 line:1101 name:w1%cr(:)
host:0x400a2dbd7df0 device:0x400740000000 size:230400000 presentcount:0+1 line:1236 name:w1%cr(:)
host:0x400b20008210 device:0x400b40000000 size:230400000 presentcount:0+1 line:1101 name:w1%cr(:)
host:0x400b2dbd8420 device:0x400cd1e00000 size:230400000 presentcount:0+1 line:1236 name:w1%cr(:)
host:0x400ba0000230 device:0x400cb1e00000 size:230400000 presentcount:0+1 line:1101 name:w1%cr(:)
host:0x400badbc0440 device:0x400c91e00000 size:230400000 presentcount:0+1 line:1236 name:w1%cr(:)
host:0xffffd933da00 device:0x400b721f6200 size:3024 presentcount:0+12 line:682 name:var
host:0xffffd933e5d0 device:0x4006671ff600 size:1480 presentcount:0+1 line:174 name:w_ini
host:0xffffd933eba0 device:0x4006f25ff600 size:1480 presentcount:0+1 line:174 name:wopt
host:0xffffd933f170 device:0x4006871fa400 size:1480 presentcount:0+1 line:174 name:wtmpa
allocated block device:0x40049e3e4000 size:41984 thread:1
allocated block device:0x40049e3ee400 size:512 thread:1
allocated block device:0x40049e3ee600 size:512 thread:1
allocated block device:0x40049e3ee800 size:512 thread:1
allocated block device:0x40049e3eea00 size:512 thread:1
allocated block device:0x40049e3eec00 size:5120 thread:1
allocated block device:0x40049e3f0000 size:1536 thread:1
allocated block device:0x40049e3f0600 size:1024 thread:1
allocated block device:0x40049e3f0a00 size:1024 thread:1
allocated block device:0x40049e3f0e00 size:1536 thread:1
allocated block device:0x40049e3f1400 size:1024 thread:1
allocated block device:0x40049e3f1800 size:1024 thread:1
allocated block device:0x40049e3f1c00 size:17408 thread:1
allocated block device:0x40049e3f6000 size:17408 thread:1
allocated block device:0x40049e3fa400 size:2048 thread:1
allocated block device:0x40049e3fac00 size:512 thread:1
allocated block device:0x40049e3fae00 size:4608 thread:1
allocated block device:0x40049e3fc000 size:512 thread:1
allocated block device:0x40049e3fc200 size:4608 thread:1
allocated block device:0x40049e3fd400 size:3072 thread:1
allocated block device:0x40049e3fe000 size:512 thread:1
allocated block device:0x40049e3fe200 size:512 thread:1
allocated block device:0x40049e3fe400 size:512 thread:1
allocated block device:0x40049e3fe600 size:512 thread:1
allocated block device:0x40049e3fe800 size:512 thread:1
allocated block device:0x40049e3fea00 size:4608 thread:1
allocated block device:0x40049e3ffc00 size:512 thread:1
allocated block device:0x40049e3ffe00 size:512 thread:1
allocated block device:0x4004e0000000 size:230400000 thread:1
allocated block device:0x4005d431a000 size:83968 thread:1
allocated block device:0x4005d432e800 size:180224 thread:1
allocated block device:0x4005d435a800 size:180224 thread:1
allocated block device:0x4005d4386800 size:180224 thread:1
allocated block device:0x4005d43b2800 size:98304 thread:1
allocated block device:0x4005d43ca800 size:98304 thread:1
allocated block device:0x4005d43e2800 size:98304 thread:1
allocated block device:0x4006471ff800 size:1024 thread:1
allocated block device:0x4006671ff600 size:1536 thread:1
allocated block device:0x4006871fa400 size:2048 thread:1
allocated block device:0x4006871fae00 size:2560 thread:1
allocated block device:0x4006871fb800 size:512 thread:1
allocated block device:0x4006871fba00 size:4608 thread:1
allocated block device:0x4006871fcc00 size:512 thread:1
allocated block device:0x4006871fce00 size:4608 thread:1
allocated block device:0x4006871fe000 size:512 thread:1
allocated block device:0x4006871fe200 size:4608 thread:1
allocated block device:0x4006871ff400 size:512 thread:1
allocated block device:0x4006871ff600 size:512 thread:1
allocated block device:0x4006871ff800 size:512 thread:1
allocated block device:0x4006871ffa00 size:512 thread:1
allocated block device:0x4006871ffc00 size:512 thread:1
allocated block device:0x4006871ffe00 size:512 thread:1
allocated block device:0x4006a71f4000 size:41984 thread:1
allocated block device:0x4006a71fe400 size:5120 thread:1
allocated block device:0x4006a71ff800 size:512 thread:1
allocated block device:0x4006a71ffa00 size:512 thread:1
allocated block device:0x4006a71ffc00 size:512 thread:1
allocated block device:0x4006a71ffe00 size:512 thread:1
allocated block device:0x4006e0000000 size:298674176 thread:1
allocated block device:0x4006f1e00000 size:4030464 thread:1
allocated block device:0x4006f2200000 size:1821184 thread:1
allocated block device:0x4006f23bca00 size:180224 thread:1
allocated block device:0x4006f23e8a00 size:26112 thread:1
allocated block device:0x4006f23ef000 size:4608 thread:1
allocated block device:0x4006f23f0200 size:4608 thread:1
allocated block device:0x4006f23f1400 size:24064 thread:1
allocated block device:0x4006f23f7200 size:512 thread:1
allocated block device:0x4006f23f7400 size:24064 thread:1
allocated block device:0x4006f23fd200 size:512 thread:1
allocated block device:0x4006f23fd400 size:512 thread:1
allocated block device:0x4006f23fd600 size:3072 thread:1
allocated block device:0x4006f23fe200 size:3072 thread:1
allocated block device:0x4006f23fee00 size:512 thread:1
allocated block device:0x4006f23ff000 size:1536 thread:1
allocated block device:0x4006f23ff600 size:2560 thread:1
allocated block device:0x4006f2400000 size:1821184 thread:1
allocated block device:0x4006f25bca00 size:180224 thread:1
allocated block device:0x4006f25e8a00 size:5120 thread:1
allocated block device:0x4006f25e9e00 size:1536 thread:1
allocated block device:0x4006f25ea400 size:2048 thread:1
allocated block device:0x4006f25eac00 size:7680 thread:1
allocated block device:0x4006f25eca00 size:7680 thread:1
allocated block device:0x4006f25ee800 size:3072 thread:1
allocated block device:0x4006f25ef400 size:3072 thread:1
allocated block device:0x4006f25f0000 size:5120 thread:1
allocated block device:0x4006f25f1400 size:5120 thread:1
allocated block device:0x4006f25f2800 size:1024 thread:1
allocated block device:0x4006f25f2c00 size:1024 thread:1
allocated block device:0x4006f25f3000 size:1024 thread:1
allocated block device:0x4006f25f3400 size:1024 thread:1
allocated block device:0x4006f25f3800 size:1024 thread:1
allocated block device:0x4006f25f3c00 size:1024 thread:1
allocated block device:0x4006f25f4000 size:1024 thread:1
allocated block device:0x4006f25f4400 size:1024 thread:1
allocated block device:0x4006f25f4800 size:5120 thread:1
allocated block device:0x4006f25f5c00 size:1536 thread:1
allocated block device:0x4006f25f6200 size:1024 thread:1
allocated block device:0x4006f25f6600 size:1024 thread:1
allocated block device:0x4006f25f6a00 size:1536 thread:1
allocated block device:0x4006f25f7000 size:1024 thread:1
allocated block device:0x4006f25f7400 size:1024 thread:1
allocated block device:0x4006f25f7800 size:1024 thread:1
allocated block device:0x4006f25f7c00 size:3072 thread:1
allocated block device:0x4006f25f8800 size:3072 thread:1
allocated block device:0x4006f25f9400 size:1536 thread:1
allocated block device:0x4006f25f9a00 size:1536 thread:1
allocated block device:0x4006f25fa000 size:1024 thread:1
allocated block device:0x4006f25fa400 size:1024 thread:1
allocated block device:0x4006f25fa800 size:1024 thread:1
allocated block device:0x4006f25fac00 size:1024 thread:1
allocated block device:0x4006f25fb000 size:1024 thread:1
allocated block device:0x4006f25fb400 size:1024 thread:1
allocated block device:0x4006f25fb800 size:1024 thread:1
allocated block device:0x4006f25fbc00 size:1024 thread:1
allocated block device:0x4006f25fc000 size:1536 thread:1
allocated block device:0x4006f25fc600 size:1024 thread:1
allocated block device:0x4006f25fca00 size:512 thread:1
allocated block device:0x4006f25fcc00 size:2560 thread:1
allocated block device:0x4006f25fd600 size:3072 thread:1
allocated block device:0x4006f25ff600 size:2560 thread:1
allocated block device:0x4006f2600000 size:1821184 thread:1
allocated block device:0x4006f27bca00 size:180224 thread:1
allocated block device:0x4006f27e8a00 size:28672 thread:1
allocated block device:0x4006f27efa00 size:40448 thread:1
allocated block device:0x4006f27f9800 size:8192 thread:1
allocated block device:0x4006f27fb800 size:8192 thread:1
allocated block device:0x4006f27fd800 size:8192 thread:1
allocated block device:0x4006f27ff800 size:512 thread:1
allocated block device:0x4006f2800000 size:1821184 thread:1
allocated block device:0x4006f29bca00 size:180224 thread:1
allocated block device:0x4006f29e8a00 size:40448 thread:1
allocated block device:0x4006f29fe200 size:2048 thread:1
allocated block device:0x4006f2a00000 size:7284736 thread:1
allocated block device:0x4006f3200000 size:7284736 thread:1
allocated block device:0x4006f3a00000 size:45593600 thread:1
allocated block device:0x400700000000 size:807412224 thread:1
allocated block device:0x400730400000 size:230400000 thread:1
allocated block device:0x400740000000 size:230400000 thread:1
allocated block device:0x40074dc00000 size:230400000 thread:1
allocated block device:0x400780000000 size:230400000 thread:1
allocated block device:0x400794c00000 size:391680 thread:1
allocated block device:0x400794c5fa00 size:921600 thread:1
allocated block device:0x400794d40a00 size:393216 thread:1
allocated block device:0x400794e00000 size:2799616 thread:1
allocated block device:0x400795200000 size:4030464 thread:1
allocated block device:0x400795600000 size:7284736 thread:1
allocated block device:0x400b40000000 size:298674176 thread:1
allocated block device:0x400b638c0000 size:393216 thread:1
allocated block device:0x400b6fa00000 size:7284736 thread:1
allocated block device:0x400b72000000 size:1807360 thread:1
allocated block device:0x400b721b9400 size:181760 thread:1
allocated block device:0x400b721f5600 size:3072 thread:1
allocated block device:0x400b721f6200 size:3072 thread:1
allocated block device:0x400b72200000 size:1807360 thread:1
allocated block device:0x400b723b9400 size:181760 thread:1
allocated block device:0x400b723e5a00 size:98304 thread:1
allocated block device:0x400b72400000 size:1807360 thread:1
allocated block device:0x400b72600000 size:2799616 thread:1
allocated block device:0x400b72a00000 size:14458880 thread:1
allocated block device:0x400bc0000000 size:298674176 thread:1
allocated block device:0x400bd1e00000 size:7284736 thread:1
allocated block device:0x400c91e00000 size:230400000 thread:1
allocated block device:0x400cb1e00000 size:230400000 thread:1
allocated block device:0x400cd1e00000 size:230400000 thread:1
allocated block device:0x400cf1e00000 size:29138944 thread:1
allocated block device:0x400cf3a00000 size:29138944 thread:1
allocated block device:0x400cf5600000 size:3145728 thread:1
allocated block device:0x400cf5a00000 size:7284736 thread:1
allocated block device:0x400cf6200000 size:7284736 thread:1
allocated block device:0x400cf6a00000 size:14569472 thread:1
Accelerator Fatal Error: call to cuMemAlloc returned error 2 (CUDA_ERROR_OUT_OF_MEMORY): Out of memory
 File: /lus/lfs1aip2/projects/u6cb/software/VASP/vasp.6.5.1/build/gam/hamil.f90
 Function: hamiltmu:978
 Line: 1005

Out of memory allocating 921600000 bytes of device memory
Failing in Thread:1
total/free CUDA memory: 102005473280/320602112
Present table dump for device[1]: NVIDIA Tesla GPU 0, compute capability 9.0, threadid=1
Hint: specify 0x800 bit in NV_ACC_DEBUG for verbose info.
host:0x2557280 device:0x4002fe5fd800 size:32 presentcount:0+3 line:643 name:var%comm
host:0x25572a0 device:0x4002fe5ef600 size:32 presentcount:0+4 line:652 name:var%comm_kinter
host:0x25572c0 device:0x4002fe5ef800 size:32 presentcount:0+6 line:655 name:var%comm_kin
host:0x25572e0 device:0x4004dc1ffa00 size:32 presentcount:0+3 line:646 name:var%comm_inter
host:0x2557300 device:0x4004dc1ffc00 size:32 presentcount:0+7 line:649 name:var%comm_inb
host:0x256be80 device:0x4002fa0ecd00 size:8 presentcount:0+1 line:-1 name:_setexm_struct_def_21
host:0x2576f40 device:0x4002fa0ece00 size:28 presentcount:0+1 line:-1 name:_ml_ff_constant_21
host:0x2577c80 device:0x4002fa0ecf00 size:30437 presentcount:0+1 line:-1 name:_ml_ff_taglist_21
host:0x25afc80 device:0x4002fa0f4600 size:8 presentcount:0+1 line:-1 name:_mopenacc_tutor_21
host:0x25c2740 device:0x4002fa0f4a00 size:32 presentcount:0+1 line:-1 name:_mbj_21
host:0x25cd640 device:0x4002fa0f4d00 size:8 presentcount:0+1 line:-1 name:_sym_prec_21
host:0x26030c0 device:0x4002fa0f4e00 size:344 presentcount:0+1 line:-1 name:_tet_21
host:0x261c840 device:0x4002fa0f5000 size:392 presentcount:0+1 line:-1 name:_mymath_21
host:0x2817368 device:0x4002fe5f0400 size:4800 presentcount:0+2 line:614 name:var
host:0x2818628 device:0x4002fe5fbc00 size:1984 presentcount:0+2 line:403 name:var
host:0x281a910 device:0x4004bc3ffa00 size:864 presentcount:0+4 line:2639 name:hamiltonian
host:0x286ac80 device:0x4002fe5fec00 size:2712 presentcount:0+2 line:428 name:var
host:0x286b718 device:0x4004dc1fc600 size:2248 presentcount:0+1 line:742 name:var
host:0x286eb50 device:0x4009d21ffc00 size:288 presentcount:0+1 line:195 name:latt_cur
host:0x2871658 device:0x4004fc3fe400 size:5088 presentcount:0+28 line:517 name:var
host:0x2872a38 device:0x4005525f6000 size:5088 presentcount:0+6 line:517 name:var
host:0x2873e18 device:0x4005525e9600 size:5088 presentcount:0+7 line:517 name:var
host:0x287a2a8 device:0x4004dc1ff800 size:304 presentcount:0+1 line:567 name:var
host:0x287a3d8 device:0x4005525fe200 size:304 presentcount:0+1 line:567 name:var
host:0x2e48ec0 device:0x4002fa002600 size:960024 presentcount:0+1 line:-1 name:_setexm_struct_def_16
host:0x2f8f080 device:0x4002fa0f4700 size:580 presentcount:0+1 line:-1 name:_wpbe_16
host:0x2f8f900 device:0x4002fa0f4b00 size:288 presentcount:0+1 line:-1 name:_mbj_16
host:0x9f446c0 device:0x4002fa0f5200 size:624 presentcount:0+1 line:-1 name:_mlr_optic_16
host:0x44ade0c0 device:0x4005523ef000 size:8 presentcount:0+2 line:616 name:var%wtkpt(:)
host:0x44ade0f0 device:0x4002fe5ffa00 size:8 presentcount:0+3 line:616 name:var%nityp(:)
host:0x45b9b540 device:0x4002fe5ffe00 size:24 presentcount:0+3 line:616 name:var%vkpt(:,:)
host:0x45c9ccb0 device:0x4005525f9000 size:528 presentcount:0+1 line:480 name:var
host:0x49eed940 device:0x4004dc1ffe00 size:8 presentcount:0+4 line:405 name:var%nityp(:)
host:0x4a3ec150 device:0x4002fe5f2200 size:1000 presentcount:0+4 line:519 name:var%lpctz(:)
host:0x4a86f250 device:0x4005527e8a00 size:28464 presentcount:0+1 line:853 name:var(:)
host:0x4a8819d0 device:0x4005529e8a00 size:40000 presentcount:0+1 line:857 name:var%psp(:,:)
host:0x4a88b640 device:0x4009d23fbc00 size:8000 presentcount:0+1 line:857 name:var%psprho(:)
host:0x4a88e8d0 device:0x4005523f8c00 size:24000 presentcount:0+2 line:466 name:var%psprnl(:,:,:)
host:0x4a8be2b0 device:0x4005523f0400 size:4320 presentcount:0+4 line:405 name:var%ityp(:)
host:0x4a8bf3c0 device:0x4005523e8a00 size:25920 presentcount:0+4 line:405 name:var%posion(:,:)
host:0x4a902720 device:0x4005527efa00 size:40000 presentcount:0+1 line:857 name:var%psp(:,:)
host:0x4a90c390 device:0x4009d21fbc00 size:8000 presentcount:0+1 line:857 name:var%pspcor(:)
host:0x4a90e300 device:0x4009d21fdc00 size:8000 presentcount:0+1 line:857 name:var%psprho(:)
host:0x4a911590 device:0x4005523f2a00 size:24000 presentcount:0+2 line:466 name:var%psprnl(:,:,:)
host:0x4a95e550 device:0x4004fc3ffc00 size:24 presentcount:0+3 line:466 name:var%lps(:)
host:0x4a95e600 device:0x4004dc1fd000 size:24 presentcount:0+3 line:466 name:var%lps(:)
host:0x4aaeb3f0 device:0x4002fe5f0200 size:16 presentcount:0+2 line:430 name:var%psrmax(:)
host:0x4aaeb9b0 device:0x4005523ef200 size:4320 presentcount:0+3 line:616 name:var%ityp(:)
host:0x4aaecac0 device:0x4002fe5ff800 size:8 presentcount:0+3 line:616 name:var%lmmax(:)
host:0x4aaecaf0 device:0x4002fe5ffc00 size:8 presentcount:0+3 line:616 name:var%nt_global(:)
host:0x4aaecb20 device:0x4002fe5fda00 size:4320 presentcount:0+3 line:616 name:var%npro_pos(:)
host:0x4aaedc30 device:0x4002fe5fc600 size:4324 presentcount:0+3 line:616 name:var%lmbase(:)
host:0x4aaeed40 device:0x4005523f8800 size:4 presentcount:0+2 line:616 name:var%nplwkp(:)
host:0x4aaeed70 device:0x4005523f8a00 size:4 presentcount:0+2 line:616 name:var%nplwkp_tot(:)
host:0x4aaeeda0 device:0x4005523fea00 size:4 presentcount:0+2 line:616 name:var%ngvector_pos(:)
host:0x4aaeedd0 device:0x4005523f2800 size:4 presentcount:0+2 line:616 name:var%ngvector(:)
host:0x4aaeee00 device:0x4002fe5f1800 size:1280 presentcount:0+4 line:519 name:var%lpctx(:)
host:0x4aaef330 device:0x4002fe5f1e00 size:720 presentcount:0+4 line:519 name:var%lpcty(:)
host:0x4aaef630 device:0x4002fe5f2600 size:1280 presentcount:0+4 line:519 name:var%lpctx_(:)
host:0x4aaefb60 device:0x4002fe5f2c00 size:720 presentcount:0+4 line:519 name:var%lpcty_(:)
host:0x4aaefe60 device:0x4002fe5f3000 size:1000 presentcount:0+4 line:519 name:var%lpctz_(:)
host:0x4aaf0270 device:0x4005525f7400 size:1280 presentcount:0+1 line:519 name:var%lpctx(:)
host:0x4aaf07a0 device:0x4005525f7a00 size:720 presentcount:0+1 line:519 name:var%lpcty(:)
host:0x4aaf0aa0 device:0x4005525f7e00 size:1000 presentcount:0+1 line:519 name:var%lpctz(:)
host:0x4aaf0eb0 device:0x4005525f8200 size:1280 presentcount:0+1 line:519 name:var%lpctx_(:)
host:0x4aaf13e0 device:0x4005525f8800 size:720 presentcount:0+1 line:519 name:var%lpcty_(:)
host:0x4aaf16e0 device:0x4005525f8c00 size:1000 presentcount:0+1 line:519 name:var%lpctz_(:)
host:0x4aaf1af0 device:0x4005523fee00 size:2560 presentcount:0+1 line:519 name:var%lpctx(:)
host:0x4aaf2520 device:0x4005525eaa00 size:1440 presentcount:0+1 line:519 name:var%lpcty(:)
host:0x4aaf2af0 device:0x4005525e8a00 size:2000 presentcount:0+1 line:519 name:var%lpctz(:)
host:0x4aaf32f0 device:0x4005525eb000 size:2560 presentcount:0+1 line:519 name:var%lpctx_(:)
host:0x4aaf3d20 device:0x4005525eba00 size:1440 presentcount:0+1 line:519 name:var%lpcty_(:)
host:0x4aaf42f0 device:0x4005525ec000 size:2000 presentcount:0+1 line:519 name:var%lpctz_(:)
host:0x4abe03d0 device:0x4005525f0400 size:2824 presentcount:0+1 line:482 name:var%i2(:)
host:0x4abe0f00 device:0x4005525f1000 size:2824 presentcount:0+1 line:482 name:var%i3(:)
host:0x4abe1a30 device:0x4005525f1c00 size:5020 presentcount:0+1 line:482 name:var%i2(:)
host:0x4abe2e00 device:0x4005525f3000 size:5020 presentcount:0+1 line:482 name:var%i3(:)
host:0x4abe41d0 device:0x4005525ec800 size:7200 presentcount:0+2 line:482 name:var%i2(:)
host:0x4abe5e20 device:0x4005525ee600 size:7200 presentcount:0+2 line:482 name:var%i3(:)
host:0x4abe7e90 device:0x4005f4c5fa00 size:921600 presentcount:0+2 line:482 name:var%index(:,:)
host:0x4acc8ec0 device:0x4005525fe400 size:2560 presentcount:0+1 line:569 name:var%ind1(:)
host:0x4acc98f0 device:0x4005525fee00 size:2824 presentcount:0+1 line:569 name:var%indcol(:)
host:0x4acca420 device:0x4005525f9400 size:2824 presentcount:0+1 line:482 name:var%i2(:)
host:0x4accaf50 device:0x4005525fa000 size:2824 presentcount:0+1 line:482 name:var%i3(:)
host:0x4accba80 device:0x4005525fac00 size:1512 presentcount:0+1 line:482 name:var%i2(:)
host:0x4accc090 device:0x4005525fb200 size:1512 presentcount:0+1 line:482 name:var%i3(:)
host:0x4ad04ad0 device:0x4005525fbc00 size:516 presentcount:0+1 line:499 name:var%ptr(:)
host:0x4ad04d00 device:0x4005525fb800 size:516 presentcount:0+1 line:499 name:var%n(:)
host:0x4ad04f30 device:0x4005525fc400 size:516 presentcount:0+1 line:499 name:var%ptri(:)
host:0x4ad05160 device:0x4005525fc000 size:516 presentcount:0+1 line:499 name:var%ni(:)
host:0x4ad05390 device:0x4005525fcc00 size:516 presentcount:0+1 line:499 name:var%ptr(:)
host:0x4ad055c0 device:0x4005525fc800 size:516 presentcount:0+1 line:499 name:var%n(:)
host:0x4ad057f0 device:0x4004dc1fe400 size:4 presentcount:0+1 line:499 name:var%tbli(:)
host:0x4ad05820 device:0x4005525fd400 size:516 presentcount:0+1 line:499 name:var%ptri(:)
host:0x4ad05c10 device:0x4005525fd800 size:1280 presentcount:0+1 line:569 name:var%ind1(:)
host:0x4ad06140 device:0x4005525fde00 size:700 presentcount:0+1 line:569 name:var%indcol(:)
host:0x4ad06430 device:0x40042c12e800 size:180000 presentcount:0+4 line:482 name:var%i2(:)
host:0x4ad32380 device:0x40042c15a800 size:180000 presentcount:0+4 line:482 name:var%i3(:)
host:0x4ad5e2d0 device:0x4005523bca00 size:180000 presentcount:0+8 line:482 name:var%index(:,:)
host:0x4ad8a220 device:0x4005529bca00 size:180000 presentcount:0+8 line:482 name:var%i2(:)
host:0x4adb6170 device:0x40042c186800 size:180000 presentcount:0+8 line:482 name:var%i3(:)
host:0x4ade26f0 device:0x400552400000 size:1821184 presentcount:0+3 line:616 name:var%nindpw(:,:)
host:0x4af9f120 device:0x4002fe5fc400 size:8 presentcount:0+2 line:616 name:var%nb_totk(:,:)
host:0x4af9f150 device:0x4005523fec00 size:4 presentcount:0+2 line:616 name:var%luseinv(:)
host:0x4af9f180 device:0x4002fe5efe00 size:4 presentcount:0+2 line:616 name:var%at_gamma(:)
host:0x4af9f1b0 device:0x4005525bca00 size:180000 presentcount:0+3 line:616 name:var%pl_index(:,:)
host:0x4afcb100 device:0x4005527bca00 size:180000 presentcount:0+3 line:616 name:var%pl_col(:,:)
host:0x4aff7050 device:0x4005523ffa00 size:8 presentcount:0+2 line:405 name:var%lmmax(:)
host:0x4aff7080 device:0x4002fe5efa00 size:8 presentcount:0+2 line:430 name:var%lmax(:)
host:0x4aff70b0 device:0x4005523f1600 size:4324 presentcount:0+2 line:405 name:var%lmbase(:)
host:0x4aff81c0 device:0x4002fe5efc00 size:8 presentcount:0+2 line:430 name:var%lmmax(:)
host:0x4aff81f0 device:0x4002fe5f0000 size:8 presentcount:0+2 line:430 name:var%channels(:)
host:0x4aff8220 device:0x4004fc3ff800 size:16 presentcount:0+2 line:430 name:var%rsmooth(:)
host:0x4aff8260 device:0x4004fc3ffa00 size:400 presentcount:0+2 line:464 name:var
host:0x4aff83f0 device:0x4004fc3ffe00 size:400 presentcount:0+2 line:464 name:var
host:0x4aff85b0 device:0x4004dc1fd200 size:4320 presentcount:0+2 line:430 name:var%nlimax(:)
host:0x4aff96c0 device:0x4004dc1fe600 size:4324 presentcount:0+2 line:430 name:var%lmbase(:)
host:0x4affa7d0 device:0x4002fe5ee400 size:4324 presentcount:0+2 line:430 name:var%nlibase(:)
host:0x4affb8e0 device:0x4002fe5f3400 size:17132 presentcount:0+4 line:519 name:var%nindpwconjg(:)
host:0x4afffc00 device:0x4002fe5f7800 size:17132 presentcount:0+4 line:519 name:var%ind_in_sphere(:)
host:0x4b004e50 device:0x4005525fd000 size:516 presentcount:0+1 line:499 name:var%ni(:)
host:0x4b011b70 device:0x4005525f4400 size:516 presentcount:0+1 line:499 name:var%ptr(:)
host:0x4b011da0 device:0x4005523ffc00 size:516 presentcount:0+1 line:499 name:var%n(:)
host:0x4b011fd0 device:0x4005525f4c00 size:516 presentcount:0+1 line:499 name:var%ptri(:)
host:0x4b012200 device:0x4005525f4800 size:516 presentcount:0+1 line:499 name:var%ni(:)
host:0x4b012430 device:0x4005525f5400 size:516 presentcount:0+1 line:499 name:var%ptr(:)
host:0x4b012660 device:0x4005525f5000 size:516 presentcount:0+1 line:499 name:var%n(:)
host:0x4b012890 device:0x4005525f5c00 size:516 presentcount:0+1 line:499 name:var%ptri(:)
host:0x4b012ac0 device:0x4005525f5800 size:516 presentcount:0+1 line:499 name:var%ni(:)
host:0x4b159bf0 device:0x4005f5600000 size:7284736 presentcount:0+3 line:616 name:var%datake(:,:,:)
host:0x4b84ce70 device:0x400552600000 size:1821184 presentcount:0+3 line:616 name:var%igx(:,:)
host:0x4ba0a500 device:0x400552200000 size:1821184 presentcount:0+3 line:616 name:var%igy(:,:)
host:0x4bbc7da0 device:0x400552800000 size:1821184 presentcount:0+3 line:616 name:var%igz(:,:)
host:0x4bd85c70 device:0x400553200000 size:7284272 presentcount:0+4 line:519 name:var%fftsca(:,:)
host:0x4c4b0700 device:0x4005f4c00000 size:224000 presentcount:0+1 line:499 name:var%tbl(:)
host:0x4c51dd60 device:0x4009d21b9400 size:272160 presentcount:0+1 line:499 name:var%tbli(:)
host:0x4c5604b0 device:0x4009d23b9400 size:272160 presentcount:0+1 line:499 name:var%tbl(:)
host:0x4c688a20 device:0x4005f4e00000 size:1807360 presentcount:0+1 line:499 name:var%tbl(:)
host:0x4c9fe610 device:0x4009d2000000 size:1807200 presentcount:0+1 line:499 name:var%tbli(:)
host:0x4cbb9680 device:0x4009d2200000 size:1807200 presentcount:0+1 line:499 name:var%tbl(:)
host:0x4cf2fd90 device:0x4009d2400000 size:1807200 presentcount:0+1 line:499 name:var%tbli(:)
host:0x4d882830 device:0x4002fe5e4000 size:41984 presentcount:0+2 line:746 name:var%fertot(:,:,:)
host:0x4d8c2420 device:0x4004fc3f4000 size:41984 presentcount:0+1 line:746 name:var%auxtot(:,:,:)
host:0x4db4f910 device:0x40042c11a000 size:83968 presentcount:0+2 line:746 name:var%celtot(:,:,:)
host:0x4ebc59f0 device:0x400552a00000 size:7200000 presentcount:0+1 line:195 name:dencor(:)
host:0x4f98fce0 device:0x400551e00000 size:2799360 presentcount:0+2 line:194 name:cdij(:,:,:,:)
host:0x4fc3f400 device:0x4009d2600000 size:2799360 presentcount:0+2 line:194 name:cqij(:,:,:,:)
host:0x5019f0b0 device:0x4005f5200000 size:4030464 presentcount:0+5 line:746 name:var%gproj(:,:,:,:)
host:0x50822eb0 device:0x4005527fa600 size:2048 presentcount:0+1 line:179 name:wtmp(:)
host:0x5082e0b0 device:0x40042c1ca800 size:98304 presentcount:0+1 line:1101 name:w1%gproj(:)
host:0x5772b570 device:0x4005f4d40a00 size:393216 presentcount:0+2 line:1226 name:wa%gproj(:,:)
host:0x5778b5a0 device:0x4009c38c0000 size:393216 presentcount:0+2 line:1226 name:wa%gproj(:,:)
host:0x577f2b60 device:0x400b55600000 size:3145728 presentcount:0+2 line:1226 name:wa%gproj(:,:)
host:0x5ba22c30 device:0x4005529fcc00 size:2048 presentcount:0+1 line:179 name:w1(:)
host:0x5ba2fa00 device:0x400a31e00000 size:7284736 presentcount:0+1 line:1101 name:w1%cptwfp(:)
host:0x5c122230 device:0x40042c1b2800 size:98304 presentcount:0+1 line:1101 name:w1%gproj(:)
host:0x5c13a260 device:0x4009d25b9400 size:98304 presentcount:0+1 line:1101 name:w1%gproj(:)
host:0x5c152290 device:0x4009d25d1400 size:98304 presentcount:0+1 line:1101 name:w1%gproj(:)
host:0x5c389a60 device:0x400b56a00000 size:14569472 presentcount:0+1 line:202 name:precon(:,:)
host:0x5d176860 device:0x4009cfa00000 size:7284736 presentcount:0+1 line:1101 name:w1%cptwfp(:)
host:0x5d871490 device:0x400b55a00000 size:7284736 presentcount:0+1 line:1101 name:w1%cptwfp(:)
host:0x5df640e0 device:0x400b56200000 size:7284736 presentcount:0+1 line:1101 name:w1%cptwfp(:)
host:0x40033c0010a0 device:0x400553a00000 size:45593280 presentcount:0+2 line:430 name:var%nli(:,:)
host:0x40033eb839e0 device:0x4009d2a00000 size:14458880 presentcount:0+1 line:195 name:cstrf(:,:)
host:0x40038e3131a0 device:0x4005adc00000 size:230400000 presentcount:0+2 line:194 name:sv(:,:)
host:0x4004400012b0 device:0x400560000000 size:807411968 presentcount:0+2 line:430 name:var%rproj(:)
host:0x400470216f80 device:0x400b51e00000 size:29138944 presentcount:0+2 line:1226 name:wa%cptwfp(:,:)
host:0x400471df7190 device:0x400b53a00000 size:29138944 presentcount:0+2 line:1226 name:wa%cptwfp(:,:)
host:0x400520004a60 device:0x400540000000 size:298674176 presentcount:0+5 line:746 name:var%cptwfp(:,:,:,:)
host:0x4005d1ce73a0 device:0x400a20000000 size:233111552 presentcount:0+2 line:1226 name:wa%cptwfp(:,:)
host:0x4006600079d0 device:0x400340000000 size:230400000 presentcount:0+1 line:1101 name:w1%cr(:)
host:0x40066dbd7be0 device:0x400590400000 size:230400000 presentcount:0+1 line:1236 name:w1%cr(:)
host:0x400880008000 device:0x4005e0000000 size:230400000 presentcount:0+1 line:1101 name:w1%cr(:)
host:0x40088dbd8210 device:0x4005a0000000 size:230400000 presentcount:0+1 line:1236 name:w1%cr(:)
host:0x400980000020 device:0x4009a0000000 size:230400000 presentcount:0+1 line:1101 name:w1%cr(:)
host:0x40098dbc0230 device:0x400b31e00000 size:230400000 presentcount:0+1 line:1236 name:w1%cr(:)
host:0x400a00000650 device:0x400b11e00000 size:230400000 presentcount:0+1 line:1101 name:w1%cr(:)
host:0x400a0dbc0860 device:0x400af1e00000 size:230400000 presentcount:0+1 line:1236 name:w1%cr(:)
host:0xffffe6d04b40 device:0x4005527fb200 size:3024 presentcount:0+12 line:682 name:var
host:0xffffe6d05710 device:0x40049c3ff800 size:1480 presentcount:0+1 line:174 name:w_ini
host:0xffffe6d05ce0 device:0x4005527f9c00 size:1480 presentcount:0+1 line:174 name:wopt
host:0xffffe6d062b0 device:0x4004dc1fbc00 size:1480 presentcount:0+1 line:174 name:wtmpa
allocated block device:0x4002fe5e4000 size:41984 thread:1
allocated block device:0x4002fe5ee400 size:4608 thread:1
allocated block device:0x4002fe5ef600 size:512 thread:1
allocated block device:0x4002fe5ef800 size:512 thread:1
allocated block device:0x4002fe5efa00 size:512 thread:1
allocated block device:0x4002fe5efc00 size:512 thread:1
allocated block device:0x4002fe5efe00 size:512 thread:1
allocated block device:0x4002fe5f0000 size:512 thread:1
allocated block device:0x4002fe5f0200 size:512 thread:1
allocated block device:0x4002fe5f0400 size:5120 thread:1
allocated block device:0x4002fe5f1800 size:1536 thread:1
allocated block device:0x4002fe5f1e00 size:1024 thread:1
allocated block device:0x4002fe5f2200 size:1024 thread:1
allocated block device:0x4002fe5f2600 size:1536 thread:1
allocated block device:0x4002fe5f2c00 size:1024 thread:1
allocated block device:0x4002fe5f3000 size:1024 thread:1
allocated block device:0x4002fe5f3400 size:17408 thread:1
allocated block device:0x4002fe5f7800 size:17408 thread:1
allocated block device:0x4002fe5fbc00 size:2048 thread:1
allocated block device:0x4002fe5fc400 size:512 thread:1
allocated block device:0x4002fe5fc600 size:4608 thread:1
allocated block device:0x4002fe5fd800 size:512 thread:1
allocated block device:0x4002fe5fda00 size:4608 thread:1
allocated block device:0x4002fe5fec00 size:3072 thread:1
allocated block device:0x4002fe5ff800 size:512 thread:1
allocated block device:0x4002fe5ffa00 size:512 thread:1
allocated block device:0x4002fe5ffc00 size:512 thread:1
allocated block device:0x4002fe5ffe00 size:512 thread:1
allocated block device:0x400340000000 size:230400000 thread:1
allocated block device:0x40042c11a000 size:83968 thread:1
allocated block device:0x40042c12e800 size:180224 thread:1
allocated block device:0x40042c15a800 size:180224 thread:1
allocated block device:0x40042c186800 size:180224 thread:1
allocated block device:0x40042c1b2800 size:98304 thread:1
allocated block device:0x40042c1ca800 size:98304 thread:1
allocated block device:0x40049c3ff800 size:1536 thread:1
allocated block device:0x4004bc3ffa00 size:1024 thread:1
allocated block device:0x4004dc1fbc00 size:2048 thread:1
allocated block device:0x4004dc1fc600 size:2560 thread:1
allocated block device:0x4004dc1fd000 size:512 thread:1
allocated block device:0x4004dc1fd200 size:4608 thread:1
allocated block device:0x4004dc1fe400 size:512 thread:1
allocated block device:0x4004dc1fe600 size:4608 thread:1
allocated block device:0x4004dc1ff800 size:512 thread:1
allocated block device:0x4004dc1ffa00 size:512 thread:1
allocated block device:0x4004dc1ffc00 size:512 thread:1
allocated block device:0x4004dc1ffe00 size:512 thread:1
allocated block device:0x4004fc3f4000 size:41984 thread:1
allocated block device:0x4004fc3fe400 size:5120 thread:1
allocated block device:0x4004fc3ff800 size:512 thread:1
allocated block device:0x4004fc3ffa00 size:512 thread:1
allocated block device:0x4004fc3ffc00 size:512 thread:1
allocated block device:0x4004fc3ffe00 size:512 thread:1
allocated block device:0x400540000000 size:298674176 thread:1
allocated block device:0x400551e00000 size:4030464 thread:1
allocated block device:0x400552200000 size:1821184 thread:1
allocated block device:0x4005523bca00 size:180224 thread:1
allocated block device:0x4005523e8a00 size:26112 thread:1
allocated block device:0x4005523ef000 size:512 thread:1
allocated block device:0x4005523ef200 size:4608 thread:1
allocated block device:0x4005523f0400 size:4608 thread:1
allocated block device:0x4005523f1600 size:4608 thread:1
allocated block device:0x4005523f2800 size:512 thread:1
allocated block device:0x4005523f2a00 size:24064 thread:1
allocated block device:0x4005523f8800 size:512 thread:1
allocated block device:0x4005523f8a00 size:512 thread:1
allocated block device:0x4005523f8c00 size:24064 thread:1
allocated block device:0x4005523fea00 size:512 thread:1
allocated block device:0x4005523fec00 size:512 thread:1
allocated block device:0x4005523fee00 size:3072 thread:1
allocated block device:0x4005523ffa00 size:512 thread:1
allocated block device:0x4005523ffc00 size:1024 thread:1
allocated block device:0x400552400000 size:1821184 thread:1
allocated block device:0x4005525bca00 size:180224 thread:1
allocated block device:0x4005525e8a00 size:3072 thread:1
allocated block device:0x4005525e9600 size:5120 thread:1
allocated block device:0x4005525eaa00 size:1536 thread:1
allocated block device:0x4005525eb000 size:2560 thread:1
allocated block device:0x4005525eba00 size:1536 thread:1
allocated block device:0x4005525ec000 size:2048 thread:1
allocated block device:0x4005525ec800 size:7680 thread:1
allocated block device:0x4005525ee600 size:7680 thread:1
allocated block device:0x4005525f0400 size:3072 thread:1
allocated block device:0x4005525f1000 size:3072 thread:1
allocated block device:0x4005525f1c00 size:5120 thread:1
allocated block device:0x4005525f3000 size:5120 thread:1
allocated block device:0x4005525f4400 size:1024 thread:1
allocated block device:0x4005525f4800 size:1024 thread:1
allocated block device:0x4005525f4c00 size:1024 thread:1
allocated block device:0x4005525f5000 size:1024 thread:1
allocated block device:0x4005525f5400 size:1024 thread:1
allocated block device:0x4005525f5800 size:1024 thread:1
allocated block device:0x4005525f5c00 size:1024 thread:1
allocated block device:0x4005525f6000 size:5120 thread:1
allocated block device:0x4005525f7400 size:1536 thread:1
allocated block device:0x4005525f7a00 size:1024 thread:1
allocated block device:0x4005525f7e00 size:1024 thread:1
allocated block device:0x4005525f8200 size:1536 thread:1
allocated block device:0x4005525f8800 size:1024 thread:1
allocated block device:0x4005525f8c00 size:1024 thread:1
allocated block device:0x4005525f9000 size:1024 thread:1
allocated block device:0x4005525f9400 size:3072 thread:1
allocated block device:0x4005525fa000 size:3072 thread:1
allocated block device:0x4005525fac00 size:1536 thread:1
allocated block device:0x4005525fb200 size:1536 thread:1
allocated block device:0x4005525fb800 size:1024 thread:1
allocated block device:0x4005525fbc00 size:1024 thread:1
allocated block device:0x4005525fc000 size:1024 thread:1
allocated block device:0x4005525fc400 size:1024 thread:1
allocated block device:0x4005525fc800 size:1024 thread:1
allocated block device:0x4005525fcc00 size:1024 thread:1
allocated block device:0x4005525fd000 size:1024 thread:1
allocated block device:0x4005525fd400 size:1024 thread:1
allocated block device:0x4005525fd800 size:1536 thread:1
allocated block device:0x4005525fde00 size:1024 thread:1
allocated block device:0x4005525fe200 size:512 thread:1
allocated block device:0x4005525fe400 size:2560 thread:1
allocated block device:0x4005525fee00 size:3072 thread:1
allocated block device:0x400552600000 size:1821184 thread:1
allocated block device:0x4005527bca00 size:180224 thread:1
allocated block device:0x4005527e8a00 size:28672 thread:1
allocated block device:0x4005527efa00 size:40448 thread:1
allocated block device:0x4005527f9c00 size:2560 thread:1
allocated block device:0x4005527fa600 size:3072 thread:1
allocated block device:0x4005527fb200 size:3072 thread:1
allocated block device:0x400552800000 size:1821184 thread:1
allocated block device:0x4005529bca00 size:180224 thread:1
allocated block device:0x4005529e8a00 size:40448 thread:1
allocated block device:0x4005529fcc00 size:2048 thread:1
allocated block device:0x400552a00000 size:7284736 thread:1
allocated block device:0x400553200000 size:7284736 thread:1
allocated block device:0x400553a00000 size:45593600 thread:1
allocated block device:0x400560000000 size:807412224 thread:1
allocated block device:0x400590400000 size:230400000 thread:1
allocated block device:0x4005a0000000 size:230400000 thread:1
allocated block device:0x4005adc00000 size:230400000 thread:1
allocated block device:0x4005e0000000 size:230400000 thread:1
allocated block device:0x4005f4c00000 size:391680 thread:1
allocated block device:0x4005f4c5fa00 size:921600 thread:1
allocated block device:0x4005f4d40a00 size:393216 thread:1
allocated block device:0x4005f4e00000 size:2799616 thread:1
allocated block device:0x4005f5200000 size:4030464 thread:1
allocated block device:0x4005f5600000 size:7284736 thread:1
allocated block device:0x4009a0000000 size:298674176 thread:1
allocated block device:0x4009c38c0000 size:393216 thread:1
allocated block device:0x4009cfa00000 size:7284736 thread:1
allocated block device:0x4009d2000000 size:1807360 thread:1
allocated block device:0x4009d21b9400 size:272384 thread:1
allocated block device:0x4009d21fbc00 size:8192 thread:1
allocated block device:0x4009d21fdc00 size:8192 thread:1
allocated block device:0x4009d21ffc00 size:512 thread:1
allocated block device:0x4009d2200000 size:1807360 thread:1
allocated block device:0x4009d23b9400 size:272384 thread:1
allocated block device:0x4009d23fbc00 size:8192 thread:1
allocated block device:0x4009d2400000 size:1807360 thread:1
allocated block device:0x4009d25b9400 size:98304 thread:1
allocated block device:0x4009d25d1400 size:98304 thread:1
allocated block device:0x4009d2600000 size:2799616 thread:1
allocated block device:0x4009d2a00000 size:14458880 thread:1
allocated block device:0x400a20000000 size:298674176 thread:1
allocated block device:0x400a31e00000 size:7284736 thread:1
allocated block device:0x400af1e00000 size:230400000 thread:1
allocated block device:0x400b11e00000 size:230400000 thread:1
allocated block device:0x400b31e00000 size:230400000 thread:1
allocated block device:0x400b51e00000 size:29138944 thread:1
allocated block device:0x400b53a00000 size:29138944 thread:1
allocated block device:0x400b55600000 size:3145728 thread:1
allocated block device:0x400b55a00000 size:7284736 thread:1
allocated block device:0x400b56200000 size:7284736 thread:1
allocated block device:0x400b56a00000 size:14569472 thread:1
Accelerator Fatal Error: call to cuMemAlloc returned error 2 (CUDA_ERROR_OUT_OF_MEMORY): Out of memory
 File: /lus/lfs1aip2/projects/u6cb/software/VASP/vasp.6.5.1/build/gam/hamil.f90
 Function: hamiltmu:978
 Line: 1005

Out of memory allocating 921600000 bytes of device memory
Failing in Thread:1
total/free CUDA memory: 102005473280/316342272
Present table dump for device[1]: NVIDIA Tesla GPU 0, compute capability 9.0, threadid=1
Hint: specify 0x800 bit in NV_ACC_DEBUG for verbose info.
host:0x2557280 device:0x40035e3fd800 size:32 presentcount:0+3 line:643 name:var%comm
host:0x25572a0 device:0x40035e3ef600 size:32 presentcount:0+4 line:652 name:var%comm_kinter
host:0x25572c0 device:0x40035e3ef800 size:32 presentcount:0+6 line:655 name:var%comm_kin
host:0x25572e0 device:0x40053c3ffa00 size:32 presentcount:0+3 line:646 name:var%comm_inter
host:0x2557300 device:0x40053c3ffc00 size:32 presentcount:0+7 line:649 name:var%comm_inb
host:0x256be80 device:0x40035a0ecd00 size:8 presentcount:0+1 line:-1 name:_setexm_struct_def_21
host:0x2576f40 device:0x40035a0ece00 size:28 presentcount:0+1 line:-1 name:_ml_ff_constant_21
host:0x2577c80 device:0x40035a0ecf00 size:30437 presentcount:0+1 line:-1 name:_ml_ff_taglist_21
host:0x25afc80 device:0x40035a0f4600 size:8 presentcount:0+1 line:-1 name:_mopenacc_tutor_21
host:0x25c2740 device:0x40035a0f4a00 size:32 presentcount:0+1 line:-1 name:_mbj_21
host:0x25cd640 device:0x40035a0f4d00 size:8 presentcount:0+1 line:-1 name:_sym_prec_21
host:0x26030c0 device:0x40035a0f4e00 size:344 presentcount:0+1 line:-1 name:_tet_21
host:0x261c840 device:0x40035a0f5000 size:392 presentcount:0+1 line:-1 name:_mymath_21
host:0x2817368 device:0x40035e3f0400 size:4800 presentcount:0+2 line:614 name:var
host:0x2818628 device:0x40035e3fbc00 size:1984 presentcount:0+2 line:403 name:var
host:0x281a910 device:0x40051c1ffa00 size:864 presentcount:0+4 line:2639 name:hamiltonian
host:0x286ac80 device:0x40035e3fec00 size:2712 presentcount:0+2 line:428 name:var
host:0x286b718 device:0x40053c3fc600 size:2248 presentcount:0+1 line:742 name:var
host:0x286eb50 device:0x400a321ffc00 size:288 presentcount:0+1 line:195 name:latt_cur
host:0x2871658 device:0x40055c1fe400 size:5088 presentcount:0+28 line:517 name:var
host:0x2872a38 device:0x4005b25f6000 size:5088 presentcount:0+6 line:517 name:var
host:0x2873e18 device:0x4005b25e9600 size:5088 presentcount:0+7 line:517 name:var
host:0x287a2a8 device:0x40053c3ff800 size:304 presentcount:0+1 line:567 name:var
host:0x287a3d8 device:0x4005b25fe200 size:304 presentcount:0+1 line:567 name:var
host:0x2e48ec0 device:0x40035a002600 size:960024 presentcount:0+1 line:-1 name:_setexm_struct_def_16
host:0x2f8f080 device:0x40035a0f4700 size:580 presentcount:0+1 line:-1 name:_wpbe_16
host:0x2f8f900 device:0x40035a0f4b00 size:288 presentcount:0+1 line:-1 name:_mbj_16
host:0x9f446c0 device:0x40035a0f5200 size:624 presentcount:0+1 line:-1 name:_mlr_optic_16
host:0x335b3f70 device:0x4005b25f9000 size:528 presentcount:0+1 line:480 name:var
host:0x335b41b0 device:0x4005b25fde00 size:732 presentcount:0+1 line:569 name:var%indcol(:)
host:0x376382b0 device:0x40055c1ffa00 size:400 presentcount:0+2 line:464 name:var
host:0x37638440 device:0x40055c1ffe00 size:400 presentcount:0+2 line:464 name:var
host:0x3bccff30 device:0x40053c3ffe00 size:8 presentcount:0+4 line:405 name:var%nityp(:)
host:0x3c1ce740 device:0x40035e3f2200 size:1000 presentcount:0+4 line:519 name:var%lpctz(:)
host:0x3c651940 device:0x4005b27e8a00 size:28464 presentcount:0+1 line:853 name:var(:)
host:0x3c6640a0 device:0x4005b29e8a00 size:40000 presentcount:0+1 line:857 name:var%psp(:,:)
host:0x3c66dd10 device:0x400a323fbc00 size:8000 presentcount:0+1 line:857 name:var%psprho(:)
host:0x3c670fa0 device:0x4005b23f8c00 size:24000 presentcount:0+2 line:466 name:var%psprnl(:,:,:)
host:0x3c6a0980 device:0x4005b23f0400 size:4320 presentcount:0+4 line:405 name:var%ityp(:)
host:0x3c6a1a90 device:0x4005b23e8a00 size:25920 presentcount:0+4 line:405 name:var%posion(:,:)
host:0x3c6e4c60 device:0x400a321fbc00 size:8000 presentcount:0+1 line:857 name:var%pspcor(:)
host:0x3c6e6bd0 device:0x400a321fdc00 size:8000 presentcount:0+1 line:857 name:var%psprho(:)
host:0x3c6ea740 device:0x4005b27efa00 size:40000 presentcount:0+1 line:857 name:var%psp(:,:)
host:0x3c6f43b0 device:0x4005b23f2a00 size:24000 presentcount:0+2 line:466 name:var%psprnl(:,:,:)
host:0x3c7075e0 device:0x4005b25fbc00 size:516 presentcount:0+1 line:499 name:var%ptr(:)
host:0x3c734460 device:0x40055c1ffc00 size:24 presentcount:0+3 line:466 name:var%lps(:)
host:0x3c734510 device:0x40053c3fd000 size:24 presentcount:0+3 line:466 name:var%lps(:)
host:0x3c89fbb0 device:0x40035e3ffe00 size:24 presentcount:0+3 line:616 name:var%vkpt(:,:)
host:0x3c8c4d00 device:0x4005b23ef000 size:8 presentcount:0+2 line:616 name:var%wtkpt(:)
host:0x3c8c4d30 device:0x40035e3ffa00 size:8 presentcount:0+3 line:616 name:var%nityp(:)
host:0x3c8c4ef0 device:0x40035e3f0200 size:16 presentcount:0+2 line:430 name:var%psrmax(:)
host:0x3c8c54b0 device:0x4005b23ef200 size:4320 presentcount:0+3 line:616 name:var%ityp(:)
host:0x3c8c65c0 device:0x40035e3ff800 size:8 presentcount:0+3 line:616 name:var%lmmax(:)
host:0x3c8c65f0 device:0x40035e3ffc00 size:8 presentcount:0+3 line:616 name:var%nt_global(:)
host:0x3c8c6620 device:0x40035e3fda00 size:4320 presentcount:0+3 line:616 name:var%npro_pos(:)
host:0x3c8c7730 device:0x40035e3fc600 size:4324 presentcount:0+3 line:616 name:var%lmbase(:)
host:0x3c8c8840 device:0x4005b23f8800 size:4 presentcount:0+2 line:616 name:var%nplwkp(:)
host:0x3c8c8870 device:0x4005b23f8a00 size:4 presentcount:0+2 line:616 name:var%nplwkp_tot(:)
host:0x3c8c88a0 device:0x4005b23fea00 size:4 presentcount:0+2 line:616 name:var%ngvector_pos(:)
host:0x3c8c88d0 device:0x4005b23f2800 size:4 presentcount:0+2 line:616 name:var%ngvector(:)
host:0x3c8c8900 device:0x40035e3f1800 size:1280 presentcount:0+4 line:519 name:var%lpctx(:)
host:0x3c8c8e30 device:0x40035e3f1e00 size:720 presentcount:0+4 line:519 name:var%lpcty(:)
host:0x3c8c9130 device:0x40035e3f2600 size:1280 presentcount:0+4 line:519 name:var%lpctx_(:)
host:0x3c8c9660 device:0x40035e3f2c00 size:720 presentcount:0+4 line:519 name:var%lpcty_(:)
host:0x3c8c9960 device:0x40035e3f3000 size:1000 presentcount:0+4 line:519 name:var%lpctz_(:)
host:0x3c8c9d70 device:0x4005b25f7400 size:1280 presentcount:0+1 line:519 name:var%lpctx(:)
host:0x3c8ca2a0 device:0x4005b25f7a00 size:720 presentcount:0+1 line:519 name:var%lpcty(:)
host:0x3c8ca5a0 device:0x4005b25f7e00 size:1000 presentcount:0+1 line:519 name:var%lpctz(:)
host:0x3c8ca9b0 device:0x4005b25f8200 size:1280 presentcount:0+1 line:519 name:var%lpctx_(:)
host:0x3c8caee0 device:0x4005b25f8800 size:720 presentcount:0+1 line:519 name:var%lpcty_(:)
host:0x3c8cb1e0 device:0x4005b25f8c00 size:1000 presentcount:0+1 line:519 name:var%lpctz_(:)
host:0x3c8cb5f0 device:0x4005b23fee00 size:2560 presentcount:0+1 line:519 name:var%lpctx(:)
host:0x3c8cc020 device:0x4005b25eaa00 size:1440 presentcount:0+1 line:519 name:var%lpcty(:)
host:0x3c8cc5f0 device:0x4005b25e8a00 size:2000 presentcount:0+1 line:519 name:var%lpctz(:)
host:0x3c8ccdf0 device:0x4005b25eb000 size:2560 presentcount:0+1 line:519 name:var%lpctx_(:)
host:0x3c8cd820 device:0x4005b25eba00 size:1440 presentcount:0+1 line:519 name:var%lpcty_(:)
host:0x3c8cddf0 device:0x4005b25ec000 size:2000 presentcount:0+1 line:519 name:var%lpctz_(:)
host:0x3c9b9ed0 device:0x4005b25f0400 size:2824 presentcount:0+1 line:482 name:var%i2(:)
host:0x3c9baa00 device:0x4005b25f1000 size:2824 presentcount:0+1 line:482 name:var%i3(:)
host:0x3c9bb530 device:0x4005b25f1c00 size:5020 presentcount:0+1 line:482 name:var%i2(:)
host:0x3c9bc900 device:0x4005b25f3000 size:5020 presentcount:0+1 line:482 name:var%i3(:)
host:0x3c9bdcd0 device:0x4005b25ec800 size:7200 presentcount:0+2 line:482 name:var%i2(:)
host:0x3c9bf920 device:0x4005b25ee600 size:7200 presentcount:0+2 line:482 name:var%i3(:)
host:0x3c9c1990 device:0x400654c5fa00 size:921600 presentcount:0+2 line:482 name:var%index(:,:)
host:0x3caa29c0 device:0x4005b25fe400 size:2560 presentcount:0+1 line:569 name:var%ind1(:)
host:0x3caa33f0 device:0x4005b25fee00 size:2824 presentcount:0+1 line:569 name:var%indcol(:)
host:0x3caa3f20 device:0x4005b25f9400 size:2824 presentcount:0+1 line:482 name:var%i2(:)
host:0x3caa4a50 device:0x4005b25fa000 size:2824 presentcount:0+1 line:482 name:var%i3(:)
host:0x3caa5580 device:0x4005b25fac00 size:1512 presentcount:0+1 line:482 name:var%i2(:)
host:0x3caa5b90 device:0x4005b25fb200 size:1512 presentcount:0+1 line:482 name:var%i3(:)
host:0x3cade5d0 device:0x4005b25fb800 size:516 presentcount:0+1 line:499 name:var%n(:)
host:0x3cade800 device:0x4005b25fc400 size:516 presentcount:0+1 line:499 name:var%ptri(:)
host:0x3cadea30 device:0x4005b25fc000 size:516 presentcount:0+1 line:499 name:var%ni(:)
host:0x3cadec60 device:0x4005b25fcc00 size:516 presentcount:0+1 line:499 name:var%ptr(:)
host:0x3cadee90 device:0x4005b25fc800 size:516 presentcount:0+1 line:499 name:var%n(:)
host:0x3cadf0c0 device:0x40053c3fe400 size:4 presentcount:0+1 line:499 name:var%tbli(:)
host:0x3cadf0f0 device:0x4005b25fd400 size:516 presentcount:0+1 line:499 name:var%ptri(:)
host:0x3cadf320 device:0x4005b25fd000 size:516 presentcount:0+1 line:499 name:var%ni(:)
host:0x3cadf710 device:0x4005b25fd800 size:1280 presentcount:0+1 line:569 name:var%ind1(:)
host:0x3cadfc40 device:0x40049032e800 size:180000 presentcount:0+4 line:482 name:var%i2(:)
host:0x3cb0bb90 device:0x40049035a800 size:180000 presentcount:0+4 line:482 name:var%i3(:)
host:0x3cb37ae0 device:0x4005b23bca00 size:180000 presentcount:0+8 line:482 name:var%index(:,:)
host:0x3cb63a30 device:0x4005b29bca00 size:180000 presentcount:0+8 line:482 name:var%i2(:)
host:0x3cb8f980 device:0x400490386800 size:180000 presentcount:0+8 line:482 name:var%i3(:)
host:0x3cbbbf00 device:0x4005b2400000 size:1821184 presentcount:0+3 line:616 name:var%nindpw(:,:)
host:0x3cd78930 device:0x40035e3fc400 size:8 presentcount:0+2 line:616 name:var%nb_totk(:,:)
host:0x3cd78960 device:0x4005b23fec00 size:4 presentcount:0+2 line:616 name:var%luseinv(:)
host:0x3cd78990 device:0x40035e3efe00 size:4 presentcount:0+2 line:616 name:var%at_gamma(:)
host:0x3cd789c0 device:0x4005b25bca00 size:180000 presentcount:0+3 line:616 name:var%pl_index(:,:)
host:0x3cda4910 device:0x4005b27bca00 size:180000 presentcount:0+3 line:616 name:var%pl_col(:,:)
host:0x3cdd0860 device:0x4005b23ffa00 size:8 presentcount:0+2 line:405 name:var%lmmax(:)
host:0x3cdd0890 device:0x40035e3efa00 size:8 presentcount:0+2 line:430 name:var%lmax(:)
host:0x3cdd08c0 device:0x4005b23f1600 size:4324 presentcount:0+2 line:405 name:var%lmbase(:)
host:0x3cdd19d0 device:0x40035e3efc00 size:8 presentcount:0+2 line:430 name:var%lmmax(:)
host:0x3cdd1a00 device:0x40035e3f0000 size:8 presentcount:0+2 line:430 name:var%channels(:)
host:0x3cdd1a30 device:0x40055c1ff800 size:16 presentcount:0+2 line:430 name:var%rsmooth(:)
host:0x3cdd1a70 device:0x40053c3fd200 size:4320 presentcount:0+2 line:430 name:var%nlimax(:)
host:0x3cdd2b80 device:0x40053c3fe600 size:4324 presentcount:0+2 line:430 name:var%lmbase(:)
host:0x3cdd3c90 device:0x40035e3ee400 size:4324 presentcount:0+2 line:430 name:var%nlibase(:)
host:0x3cdd4da0 device:0x40035e3f3400 size:17132 presentcount:0+4 line:519 name:var%nindpwconjg(:)
host:0x3cdd90c0 device:0x40035e3f7800 size:17132 presentcount:0+4 line:519 name:var%ind_in_sphere(:)
host:0x3cdf4ab0 device:0x4005b25f4400 size:516 presentcount:0+1 line:499 name:var%ptr(:)
host:0x3cdf4ce0 device:0x4005b23ffc00 size:516 presentcount:0+1 line:499 name:var%n(:)
host:0x3cdf4f10 device:0x4005b25f4c00 size:516 presentcount:0+1 line:499 name:var%ptri(:)
host:0x3cdf5140 device:0x4005b25f4800 size:516 presentcount:0+1 line:499 name:var%ni(:)
host:0x3cdf5370 device:0x4005b25f5400 size:516 presentcount:0+1 line:499 name:var%ptr(:)
host:0x3cdf55a0 device:0x4005b25f5000 size:516 presentcount:0+1 line:499 name:var%n(:)
host:0x3cdf57d0 device:0x4005b25f5c00 size:516 presentcount:0+1 line:499 name:var%ptri(:)
host:0x3cdf5a00 device:0x4005b25f5800 size:516 presentcount:0+1 line:499 name:var%ni(:)
host:0x3cf3c2e0 device:0x400655600000 size:7284736 presentcount:0+3 line:616 name:var%datake(:,:,:)
host:0x3d62f560 device:0x4005b2600000 size:1821184 presentcount:0+3 line:616 name:var%igx(:,:)
host:0x3d7ecbf0 device:0x4005b2200000 size:1821184 presentcount:0+3 line:616 name:var%igy(:,:)
host:0x3d9aa490 device:0x4005b2800000 size:1821184 presentcount:0+3 line:616 name:var%igz(:,:)
host:0x3db68360 device:0x4005b3200000 size:7284272 presentcount:0+4 line:519 name:var%fftsca(:,:)
host:0x3e292df0 device:0x400654c00000 size:234240 presentcount:0+1 line:499 name:var%tbl(:)
host:0x3e305450 device:0x400a321b9400 size:272160 presentcount:0+1 line:499 name:var%tbli(:)
host:0x3e347ba0 device:0x400a323b9400 size:272160 presentcount:0+1 line:499 name:var%tbl(:)
host:0x3e460100 device:0x400654e00000 size:1807360 presentcount:0+1 line:499 name:var%tbl(:)
host:0x3e7d5cf0 device:0x400a32000000 size:1807200 presentcount:0+1 line:499 name:var%tbli(:)
host:0x3e990d60 device:0x400a32200000 size:1807200 presentcount:0+1 line:499 name:var%tbl(:)
host:0x3ed07470 device:0x400a32400000 size:1807200 presentcount:0+1 line:499 name:var%tbli(:)
host:0x3f1e2420 device:0x40055c1f4000 size:41984 presentcount:0+1 line:746 name:var%auxtot(:,:,:)
host:0x3f202420 device:0x40035e3e4000 size:41984 presentcount:0+2 line:746 name:var%fertot(:,:,:)
host:0x3f210030 device:0x40049031a000 size:83968 presentcount:0+2 line:746 name:var%celtot(:,:,:)
host:0x4099d4b0 device:0x4005b2a00000 size:7200000 presentcount:0+1 line:195 name:dencor(:)
host:0x417677a0 device:0x4005b1e00000 size:2799360 presentcount:0+2 line:194 name:cdij(:,:,:,:)
host:0x41a16ec0 device:0x400a32600000 size:2799360 presentcount:0+2 line:194 name:cqij(:,:,:,:)
host:0x41f76b70 device:0x400655200000 size:4030464 presentcount:0+5 line:746 name:var%gproj(:,:,:,:)
host:0x425f9330 device:0x4005b29fcc00 size:2048 presentcount:0+1 line:179 name:w1(:)
host:0x425f9b50 device:0x4005b27fa600 size:2048 presentcount:0+1 line:179 name:wtmp(:)
host:0x42606170 device:0x4004903ca800 size:98304 presentcount:0+1 line:1101 name:w1%gproj(:)
host:0x49512a70 device:0x400654d40a00 size:393216 presentcount:0+2 line:1226 name:wa%gproj(:,:)
host:0x49572aa0 device:0x400a230c0000 size:393216 presentcount:0+2 line:1226 name:wa%gproj(:,:)
host:0x495da060 device:0x400bf5600000 size:3145728 presentcount:0+2 line:1226 name:wa%gproj(:,:)
host:0x4d828a20 device:0x400ab1e00000 size:7284736 presentcount:0+1 line:1101 name:w1%cptwfp(:)
host:0x4df1b250 device:0x4004903b2800 size:98304 presentcount:0+1 line:1101 name:w1%gproj(:)
host:0x4df33280 device:0x400a325b9400 size:98304 presentcount:0+1 line:1101 name:w1%gproj(:)
host:0x4df4b2b0 device:0x400a325d1400 size:98304 presentcount:0+1 line:1101 name:w1%gproj(:)
host:0x4e170f60 device:0x400bf6a00000 size:14569472 presentcount:0+1 line:202 name:precon(:,:)
host:0x4ef5dd60 device:0x400a2fa00000 size:7284736 presentcount:0+1 line:1101 name:w1%cptwfp(:)
host:0x4f658990 device:0x400bf5a00000 size:7284736 presentcount:0+1 line:1101 name:w1%cptwfp(:)
host:0x4fd4b5e0 device:0x400bf6200000 size:7284736 presentcount:0+1 line:1101 name:w1%cptwfp(:)
host:0x40039c0010a0 device:0x4005b3a00000 size:45593280 presentcount:0+2 line:430 name:var%nli(:,:)
host:0x40039eb839e0 device:0x400a32a00000 size:14458880 presentcount:0+1 line:195 name:cstrf(:,:)
host:0x4003ea3131a0 device:0x40060dc00000 size:230400000 presentcount:0+2 line:194 name:sv(:,:)
host:0x4003fadb6f80 device:0x400bf1e00000 size:29138944 presentcount:0+2 line:1226 name:wa%cptwfp(:,:)
host:0x4004a00012b0 device:0x4005c0000000 size:807411968 presentcount:0+2 line:430 name:var%rproj(:)
host:0x4004d0217190 device:0x400bf3a00000 size:29138944 presentcount:0+2 line:1226 name:wa%cptwfp(:,:)
host:0x4004d1df73a0 device:0x400aa0000000 size:233111552 presentcount:0+2 line:1226 name:wa%cptwfp(:,:)
host:0x400580004a60 device:0x4005a0000000 size:298674176 presentcount:0+5 line:746 name:var%cptwfp(:,:,:,:)
host:0x400591ce79d0 device:0x400a00000000 size:230400000 presentcount:0+1 line:1101 name:w1%cr(:)
host:0x4006e0007be0 device:0x4005f0400000 size:230400000 presentcount:0+1 line:1236 name:w1%cr(:)
host:0x4006edbd8000 device:0x400640000000 size:230400000 presentcount:0+1 line:1101 name:w1%cr(:)
host:0x400800008210 device:0x400600000000 size:230400000 presentcount:0+1 line:1236 name:w1%cr(:)
host:0x40080dbd0020 device:0x4003a0000000 size:230400000 presentcount:0+1 line:1101 name:w1%cr(:)
host:0x400960000230 device:0x400bd1e00000 size:230400000 presentcount:0+1 line:1236 name:w1%cr(:)
host:0x40096dbc0650 device:0x400bb1e00000 size:230400000 presentcount:0+1 line:1101 name:w1%cr(:)
host:0x4009e0000860 device:0x400b91e00000 size:230400000 presentcount:0+1 line:1236 name:w1%cr(:)
host:0xffffda8dcff0 device:0x4005b27fb200 size:3024 presentcount:0+12 line:682 name:var
host:0xffffda8ddbc0 device:0x4004fc5ff800 size:1480 presentcount:0+1 line:174 name:w_ini
host:0xffffda8de190 device:0x4005b27f9c00 size:1480 presentcount:0+1 line:174 name:wopt
host:0xffffda8de760 device:0x40053c3fbc00 size:1480 presentcount:0+1 line:174 name:wtmpa
allocated block device:0x40035e3e4000 size:41984 thread:1
allocated block device:0x40035e3ee400 size:4608 thread:1
allocated block device:0x40035e3ef600 size:512 thread:1
allocated block device:0x40035e3ef800 size:512 thread:1
allocated block device:0x40035e3efa00 size:512 thread:1
allocated block device:0x40035e3efc00 size:512 thread:1
allocated block device:0x40035e3efe00 size:512 thread:1
allocated block device:0x40035e3f0000 size:512 thread:1
allocated block device:0x40035e3f0200 size:512 thread:1
allocated block device:0x40035e3f0400 size:5120 thread:1
allocated block device:0x40035e3f1800 size:1536 thread:1
allocated block device:0x40035e3f1e00 size:1024 thread:1
allocated block device:0x40035e3f2200 size:1024 thread:1
allocated block device:0x40035e3f2600 size:1536 thread:1
allocated block device:0x40035e3f2c00 size:1024 thread:1
allocated block device:0x40035e3f3000 size:1024 thread:1
allocated block device:0x40035e3f3400 size:17408 thread:1
allocated block device:0x40035e3f7800 size:17408 thread:1
allocated block device:0x40035e3fbc00 size:2048 thread:1
allocated block device:0x40035e3fc400 size:512 thread:1
allocated block device:0x40035e3fc600 size:4608 thread:1
allocated block device:0x40035e3fd800 size:512 thread:1
allocated block device:0x40035e3fda00 size:4608 thread:1
allocated block device:0x40035e3fec00 size:3072 thread:1
allocated block device:0x40035e3ff800 size:512 thread:1
allocated block device:0x40035e3ffa00 size:512 thread:1
allocated block device:0x40035e3ffc00 size:512 thread:1
allocated block device:0x40035e3ffe00 size:512 thread:1
allocated block device:0x4003a0000000 size:298674176 thread:1
allocated block device:0x40049031a000 size:83968 thread:1
allocated block device:0x40049032e800 size:180224 thread:1
allocated block device:0x40049035a800 size:180224 thread:1
allocated block device:0x400490386800 size:180224 thread:1
allocated block device:0x4004903b2800 size:98304 thread:1
allocated block device:0x4004903ca800 size:98304 thread:1
allocated block device:0x4004fc5ff800 size:1536 thread:1
allocated block device:0x40051c1ffa00 size:1024 thread:1
allocated block device:0x40053c3fbc00 size:2048 thread:1
allocated block device:0x40053c3fc600 size:2560 thread:1
allocated block device:0x40053c3fd000 size:512 thread:1
allocated block device:0x40053c3fd200 size:4608 thread:1
allocated block device:0x40053c3fe400 size:512 thread:1
allocated block device:0x40053c3fe600 size:4608 thread:1
allocated block device:0x40053c3ff800 size:512 thread:1
allocated block device:0x40053c3ffa00 size:512 thread:1
allocated block device:0x40053c3ffc00 size:512 thread:1
allocated block device:0x40053c3ffe00 size:512 thread:1
allocated block device:0x40055c1f4000 size:41984 thread:1
allocated block device:0x40055c1fe400 size:5120 thread:1
allocated block device:0x40055c1ff800 size:512 thread:1
allocated block device:0x40055c1ffa00 size:512 thread:1
allocated block device:0x40055c1ffc00 size:512 thread:1
allocated block device:0x40055c1ffe00 size:512 thread:1
allocated block device:0x4005a0000000 size:298674176 thread:1
allocated block device:0x4005b1e00000 size:4030464 thread:1
allocated block device:0x4005b2200000 size:1821184 thread:1
allocated block device:0x4005b23bca00 size:180224 thread:1
allocated block device:0x4005b23e8a00 size:26112 thread:1
allocated block device:0x4005b23ef000 size:512 thread:1
allocated block device:0x4005b23ef200 size:4608 thread:1
allocated block device:0x4005b23f0400 size:4608 thread:1
allocated block device:0x4005b23f1600 size:4608 thread:1
allocated block device:0x4005b23f2800 size:512 thread:1
allocated block device:0x4005b23f2a00 size:24064 thread:1
allocated block device:0x4005b23f8800 size:512 thread:1
allocated block device:0x4005b23f8a00 size:512 thread:1
allocated block device:0x4005b23f8c00 size:24064 thread:1
allocated block device:0x4005b23fea00 size:512 thread:1
allocated block device:0x4005b23fec00 size:512 thread:1
allocated block device:0x4005b23fee00 size:3072 thread:1
allocated block device:0x4005b23ffa00 size:512 thread:1
allocated block device:0x4005b23ffc00 size:1024 thread:1
allocated block device:0x4005b2400000 size:1821184 thread:1
allocated block device:0x4005b25bca00 size:180224 thread:1
allocated block device:0x4005b25e8a00 size:3072 thread:1
allocated block device:0x4005b25e9600 size:5120 thread:1
allocated block device:0x4005b25eaa00 size:1536 thread:1
allocated block device:0x4005b25eb000 size:2560 thread:1
allocated block device:0x4005b25eba00 size:1536 thread:1
allocated block device:0x4005b25ec000 size:2048 thread:1
allocated block device:0x4005b25ec800 size:7680 thread:1
allocated block device:0x4005b25ee600 size:7680 thread:1
allocated block device:0x4005b25f0400 size:3072 thread:1
allocated block device:0x4005b25f1000 size:3072 thread:1
allocated block device:0x4005b25f1c00 size:5120 thread:1
allocated block device:0x4005b25f3000 size:5120 thread:1
allocated block device:0x4005b25f4400 size:1024 thread:1
allocated block device:0x4005b25f4800 size:1024 thread:1
allocated block device:0x4005b25f4c00 size:1024 thread:1
allocated block device:0x4005b25f5000 size:1024 thread:1
allocated block device:0x4005b25f5400 size:1024 thread:1
allocated block device:0x4005b25f5800 size:1024 thread:1
allocated block device:0x4005b25f5c00 size:1024 thread:1
allocated block device:0x4005b25f6000 size:5120 thread:1
allocated block device:0x4005b25f7400 size:1536 thread:1
allocated block device:0x4005b25f7a00 size:1024 thread:1
allocated block device:0x4005b25f7e00 size:1024 thread:1
allocated block device:0x4005b25f8200 size:1536 thread:1
allocated block device:0x4005b25f8800 size:1024 thread:1
allocated block device:0x4005b25f8c00 size:1024 thread:1
allocated block device:0x4005b25f9000 size:1024 thread:1
allocated block device:0x4005b25f9400 size:3072 thread:1
allocated block device:0x4005b25fa000 size:3072 thread:1
allocated block device:0x4005b25fac00 size:1536 thread:1
allocated block device:0x4005b25fb200 size:1536 thread:1
allocated block device:0x4005b25fb800 size:1024 thread:1
allocated block device:0x4005b25fbc00 size:1024 thread:1
allocated block device:0x4005b25fc000 size:1024 thread:1
allocated block device:0x4005b25fc400 size:1024 thread:1
allocated block device:0x4005b25fc800 size:1024 thread:1
allocated block device:0x4005b25fcc00 size:1024 thread:1
allocated block device:0x4005b25fd000 size:1024 thread:1
allocated block device:0x4005b25fd400 size:1024 thread:1
allocated block device:0x4005b25fd800 size:1536 thread:1
allocated block device:0x4005b25fde00 size:1024 thread:1
allocated block device:0x4005b25fe200 size:512 thread:1
allocated block device:0x4005b25fe400 size:2560 thread:1
allocated block device:0x4005b25fee00 size:3072 thread:1
allocated block device:0x4005b2600000 size:1821184 thread:1
allocated block device:0x4005b27bca00 size:180224 thread:1
allocated block device:0x4005b27e8a00 size:28672 thread:1
allocated block device:0x4005b27efa00 size:40448 thread:1
allocated block device:0x4005b27f9c00 size:2560 thread:1
allocated block device:0x4005b27fa600 size:3072 thread:1
allocated block device:0x4005b27fb200 size:3072 thread:1
allocated block device:0x4005b2800000 size:1821184 thread:1
allocated block device:0x4005b29bca00 size:180224 thread:1
allocated block device:0x4005b29e8a00 size:40448 thread:1
allocated block device:0x4005b29fcc00 size:2048 thread:1
allocated block device:0x4005b2a00000 size:7284736 thread:1
allocated block device:0x4005b3200000 size:7284736 thread:1
allocated block device:0x4005b3a00000 size:45593600 thread:1
allocated block device:0x4005c0000000 size:807412224 thread:1
allocated block device:0x4005f0400000 size:230400000 thread:1
allocated block device:0x400600000000 size:230400000 thread:1
allocated block device:0x40060dc00000 size:230400000 thread:1
allocated block device:0x400640000000 size:230400000 thread:1
allocated block device:0x400654c00000 size:391680 thread:1
allocated block device:0x400654c5fa00 size:921600 thread:1
allocated block device:0x400654d40a00 size:393216 thread:1
allocated block device:0x400654e00000 size:2799616 thread:1
allocated block device:0x400655200000 size:4030464 thread:1
allocated block device:0x400655600000 size:7284736 thread:1
allocated block device:0x400a00000000 size:230400000 thread:1
allocated block device:0x400a230c0000 size:393216 thread:1
allocated block device:0x400a2fa00000 size:7284736 thread:1
allocated block device:0x400a32000000 size:1807360 thread:1
allocated block device:0x400a321b9400 size:272384 thread:1
allocated block device:0x400a321fbc00 size:8192 thread:1
allocated block device:0x400a321fdc00 size:8192 thread:1
allocated block device:0x400a321ffc00 size:512 thread:1
allocated block device:0x400a32200000 size:1807360 thread:1
allocated block device:0x400a323b9400 size:272384 thread:1
allocated block device:0x400a323fbc00 size:8192 thread:1
allocated block device:0x400a32400000 size:1807360 thread:1
allocated block device:0x400a325b9400 size:98304 thread:1
allocated block device:0x400a325d1400 size:98304 thread:1
allocated block device:0x400a32600000 size:2799616 thread:1
allocated block device:0x400a32a00000 size:14458880 thread:1
allocated block device:0x400aa0000000 size:298674176 thread:1
allocated block device:0x400ab1e00000 size:7284736 thread:1
allocated block device:0x400b91e00000 size:230400000 thread:1
allocated block device:0x400bb1e00000 size:230400000 thread:1
allocated block device:0x400bd1e00000 size:230400000 thread:1
allocated block device:0x400bf1e00000 size:29138944 thread:1
allocated block device:0x400bf3a00000 size:29138944 thread:1
allocated block device:0x400bf5600000 size:3145728 thread:1
allocated block device:0x400bf5a00000 size:7284736 thread:1
allocated block device:0x400bf6200000 size:7284736 thread:1
allocated block device:0x400bf6a00000 size:14569472 thread:1
Accelerator Fatal Error: call to cuMemAlloc returned error 2 (CUDA_ERROR_OUT_OF_MEMORY): Out of memory
 File: /lus/lfs1aip2/projects/u6cb/software/VASP/vasp.6.5.1/build/gam/hamil.f90
 Function: hamiltmu:978
 Line: 1005

Out of memory allocating 921600000 bytes of device memory
Failing in Thread:1
total/free CUDA memory: 102005473280/512491520
Present table dump for device[1]: NVIDIA Tesla GPU 0, compute capability 9.0, threadid=1
Hint: specify 0x800 bit in NV_ACC_DEBUG for verbose info.
host:0x2557280 device:0x40063e3fc000 size:32 presentcount:0+3 line:643 name:var%comm
host:0x25572a0 device:0x40081c3ffa00 size:32 presentcount:0+4 line:652 name:var%comm_kinter
host:0x25572c0 device:0x40081c3ffc00 size:32 presentcount:0+6 line:655 name:var%comm_kin
host:0x25572e0 device:0x40081c3ff400 size:32 presentcount:0+3 line:646 name:var%comm_inter
host:0x2557300 device:0x40081c3ff600 size:32 presentcount:0+7 line:649 name:var%comm_inb
host:0x256be80 device:0x40063a0ecd00 size:8 presentcount:0+1 line:-1 name:_setexm_struct_def_21
host:0x2576f40 device:0x40063a0ece00 size:28 presentcount:0+1 line:-1 name:_ml_ff_constant_21
host:0x2577c80 device:0x40063a0ecf00 size:30437 presentcount:0+1 line:-1 name:_ml_ff_taglist_21
host:0x25afc80 device:0x40063a0f4600 size:8 presentcount:0+1 line:-1 name:_mopenacc_tutor_21
host:0x25c2740 device:0x40063a0f4a00 size:32 presentcount:0+1 line:-1 name:_mbj_21
host:0x25cd640 device:0x40063a0f4d00 size:8 presentcount:0+1 line:-1 name:_sym_prec_21
host:0x26030c0 device:0x40063a0f4e00 size:344 presentcount:0+1 line:-1 name:_tet_21
host:0x261c840 device:0x40063a0f5000 size:392 presentcount:0+1 line:-1 name:_mymath_21
host:0x2817368 device:0x40063e3eec00 size:4800 presentcount:0+2 line:614 name:var
host:0x2818628 device:0x40063e3fa400 size:1984 presentcount:0+2 line:403 name:var
host:0x281a910 device:0x4007dc5ff800 size:864 presentcount:0+4 line:2639 name:hamiltonian
host:0x286ac80 device:0x40063e3fd400 size:2712 presentcount:0+2 line:428 name:var
host:0x286b718 device:0x40081c3fae00 size:2248 presentcount:0+1 line:742 name:var
host:0x286eb50 device:0x4008927ff800 size:288 presentcount:0+1 line:195 name:latt_cur
host:0x2871658 device:0x40083c1fe400 size:5088 presentcount:0+28 line:517 name:var
host:0x2872a38 device:0x4008925f4800 size:5088 presentcount:0+6 line:517 name:var
host:0x2873e18 device:0x4008925e8a00 size:5088 presentcount:0+7 line:517 name:var
host:0x287a2a8 device:0x40081c3fe000 size:304 presentcount:0+1 line:567 name:var
host:0x287a3d8 device:0x4008925fca00 size:304 presentcount:0+1 line:567 name:var
host:0x2e48ec0 device:0x40063a002600 size:960024 presentcount:0+1 line:-1 name:_setexm_struct_def_16
host:0x2f8f080 device:0x40063a0f4700 size:580 presentcount:0+1 line:-1 name:_wpbe_16
host:0x2f8f900 device:0x40063a0f4b00 size:288 presentcount:0+1 line:-1 name:_mbj_16
host:0x9f446c0 device:0x40063a0f5200 size:624 presentcount:0+1 line:-1 name:_mlr_optic_16
host:0x4712dd30 device:0x40063e3fe800 size:8 presentcount:0+2 line:616 name:var%wtkpt(:)
host:0x4712dd60 device:0x40063e3fe200 size:8 presentcount:0+3 line:616 name:var%nityp(:)
host:0x4712df50 device:0x40063e3eea00 size:16 presentcount:0+2 line:430 name:var%psrmax(:)
host:0x4712df90 device:0x40063e3fe000 size:8 presentcount:0+3 line:616 name:var%lmmax(:)
host:0x4712dfc0 device:0x40063e3fe400 size:8 presentcount:0+3 line:616 name:var%nt_global(:)
host:0x4712dff0 device:0x40063e3ffe00 size:4 presentcount:0+2 line:616 name:var%nplwkp(:)
host:0x4712e020 device:0x4008923f7200 size:4 presentcount:0+2 line:616 name:var%nplwkp_tot(:)
host:0x4712e050 device:0x4008923fd200 size:4 presentcount:0+2 line:616 name:var%ngvector_pos(:)
host:0x4712e080 device:0x40063e3ffc00 size:4 presentcount:0+2 line:616 name:var%ngvector(:)
host:0x4712e0b0 device:0x40063e3fac00 size:8 presentcount:0+2 line:616 name:var%nb_totk(:,:)
host:0x4712e0e0 device:0x4008923fd400 size:4 presentcount:0+2 line:616 name:var%luseinv(:)
host:0x4712e110 device:0x40063e3ee600 size:4 presentcount:0+2 line:616 name:var%at_gamma(:)
host:0x4712e140 device:0x4008923fee00 size:8 presentcount:0+2 line:405 name:var%lmmax(:)
host:0x4712e170 device:0x40081c3ffe00 size:8 presentcount:0+2 line:430 name:var%lmax(:)
host:0x4712e1a0 device:0x40063e3ee400 size:8 presentcount:0+2 line:430 name:var%lmmax(:)
host:0x4712e1d0 device:0x40063e3ee800 size:8 presentcount:0+2 line:430 name:var%channels(:)
host:0x478693e0 device:0x4008925f7800 size:528 presentcount:0+1 line:480 name:var
host:0x481ebd60 device:0x40063e3fe600 size:24 presentcount:0+3 line:616 name:var%vkpt(:,:)
host:0x4b9284a0 device:0x40083c1ffa00 size:400 presentcount:0+2 line:464 name:var
host:0x4b928630 device:0x40083c1ffe00 size:400 presentcount:0+2 line:464 name:var
host:0x4ffc0110 device:0x40081c3ff800 size:8 presentcount:0+4 line:405 name:var%nityp(:)
host:0x504be920 device:0x40063e3f0a00 size:1000 presentcount:0+4 line:519 name:var%lpctz(:)
host:0x50941b20 device:0x4008927e8a00 size:28464 presentcount:0+1 line:853 name:var(:)
host:0x50954280 device:0x4008929e8a00 size:40000 presentcount:0+1 line:857 name:var%psp(:,:)
host:0x5095def0 device:0x4008927fd800 size:8000 presentcount:0+1 line:857 name:var%psprho(:)
host:0x50961180 device:0x4008923f7400 size:24000 presentcount:0+2 line:466 name:var%psprnl(:,:,:)
host:0x50990b60 device:0x4008923ef000 size:4320 presentcount:0+4 line:405 name:var%ityp(:)
host:0x50991c70 device:0x4008923e8a00 size:25920 presentcount:0+4 line:405 name:var%posion(:,:)
host:0x509d4e40 device:0x4008927f9800 size:8000 presentcount:0+1 line:857 name:var%pspcor(:)
host:0x509d6db0 device:0x4008927fb800 size:8000 presentcount:0+1 line:857 name:var%psprho(:)
host:0x509da920 device:0x4008927efa00 size:40000 presentcount:0+1 line:857 name:var%psp(:,:)
host:0x509e4590 device:0x4008923f1400 size:24000 presentcount:0+2 line:466 name:var%psprnl(:,:,:)
host:0x509f77c0 device:0x4008925fa400 size:516 presentcount:0+1 line:499 name:var%ptr(:)
host:0x50a24640 device:0x40083c1ffc00 size:24 presentcount:0+3 line:466 name:var%lps(:)
host:0x50a246f0 device:0x40081c3fb800 size:24 presentcount:0+3 line:466 name:var%lps(:)
host:0x50bb7e30 device:0x40063e3fea00 size:4320 presentcount:0+3 line:616 name:var%ityp(:)
host:0x50bb8f40 device:0x40063e3fc200 size:4320 presentcount:0+3 line:616 name:var%npro_pos(:)
host:0x50bba050 device:0x40063e3fae00 size:4324 presentcount:0+3 line:616 name:var%lmbase(:)
host:0x50bbb160 device:0x40063e3f0000 size:1280 presentcount:0+4 line:519 name:var%lpctx(:)
host:0x50bbb690 device:0x40063e3f0600 size:720 presentcount:0+4 line:519 name:var%lpcty(:)
host:0x50bbb990 device:0x40063e3f0e00 size:1280 presentcount:0+4 line:519 name:var%lpctx_(:)
host:0x50bbbec0 device:0x40063e3f1400 size:720 presentcount:0+4 line:519 name:var%lpcty_(:)
host:0x50bbc1c0 device:0x40063e3f1800 size:1000 presentcount:0+4 line:519 name:var%lpctz_(:)
host:0x50bbc5d0 device:0x4008925f5c00 size:1280 presentcount:0+1 line:519 name:var%lpctx(:)
host:0x50bbcb00 device:0x4008925f6200 size:720 presentcount:0+1 line:519 name:var%lpcty(:)
host:0x50bbce00 device:0x4008925f6600 size:1000 presentcount:0+1 line:519 name:var%lpctz(:)
host:0x50bbd210 device:0x4008925f6a00 size:1280 presentcount:0+1 line:519 name:var%lpctx_(:)
host:0x50bbd740 device:0x4008925f7000 size:720 presentcount:0+1 line:519 name:var%lpcty_(:)
host:0x50bbda40 device:0x4008925f7400 size:1000 presentcount:0+1 line:519 name:var%lpctz_(:)
host:0x50bbde50 device:0x4008923fd600 size:2560 presentcount:0+1 line:519 name:var%lpctx(:)
host:0x50bbe880 device:0x4008923ff000 size:1440 presentcount:0+1 line:519 name:var%lpcty(:)
host:0x50bbee50 device:0x4008923fe200 size:2000 presentcount:0+1 line:519 name:var%lpctz(:)
host:0x50bbf650 device:0x4008923ff600 size:2560 presentcount:0+1 line:519 name:var%lpctx_(:)
host:0x50bc0080 device:0x4008925e9e00 size:1440 presentcount:0+1 line:519 name:var%lpcty_(:)
host:0x50bc0650 device:0x4008925ea400 size:2000 presentcount:0+1 line:519 name:var%lpctz_(:)
host:0x50cac730 device:0x4008925ee800 size:2824 presentcount:0+1 line:482 name:var%i2(:)
host:0x50cad260 device:0x4008925ef400 size:2824 presentcount:0+1 line:482 name:var%i3(:)
host:0x50cadd90 device:0x4008925f0000 size:5020 presentcount:0+1 line:482 name:var%i2(:)
host:0x50caf160 device:0x4008925f1400 size:5020 presentcount:0+1 line:482 name:var%i3(:)
host:0x50cb0530 device:0x4008925eac00 size:7200 presentcount:0+2 line:482 name:var%i2(:)
host:0x50cb2180 device:0x4008925eca00 size:7200 presentcount:0+2 line:482 name:var%i3(:)
host:0x50cb41f0 device:0x400954c5fa00 size:921600 presentcount:0+2 line:482 name:var%index(:,:)
host:0x50d95220 device:0x4008925fcc00 size:2560 presentcount:0+1 line:569 name:var%ind1(:)
host:0x50d95c50 device:0x4008925fd600 size:2824 presentcount:0+1 line:569 name:var%indcol(:)
host:0x50d96780 device:0x4008925f7c00 size:2824 presentcount:0+1 line:482 name:var%i2(:)
host:0x50d972b0 device:0x4008925f8800 size:2824 presentcount:0+1 line:482 name:var%i3(:)
host:0x50d97de0 device:0x4008925f9400 size:1512 presentcount:0+1 line:482 name:var%i2(:)
host:0x50d983f0 device:0x4008925f9a00 size:1512 presentcount:0+1 line:482 name:var%i3(:)
host:0x50dd0e30 device:0x4008925fa000 size:516 presentcount:0+1 line:499 name:var%n(:)
host:0x50dd1060 device:0x4008925fac00 size:516 presentcount:0+1 line:499 name:var%ptri(:)
host:0x50dd1290 device:0x4008925fa800 size:516 presentcount:0+1 line:499 name:var%ni(:)
host:0x50dd14c0 device:0x4008925fb400 size:516 presentcount:0+1 line:499 name:var%ptr(:)
host:0x50dd16f0 device:0x4008925fb000 size:516 presentcount:0+1 line:499 name:var%n(:)
host:0x50dd1920 device:0x40081c3fcc00 size:4 presentcount:0+1 line:499 name:var%tbli(:)
host:0x50dd1950 device:0x4008925fbc00 size:516 presentcount:0+1 line:499 name:var%ptri(:)
host:0x50dd1b80 device:0x4008925fb800 size:516 presentcount:0+1 line:499 name:var%ni(:)
host:0x50dd1f70 device:0x4008925fc000 size:1280 presentcount:0+1 line:569 name:var%ind1(:)
host:0x50dd24a0 device:0x4008925fc600 size:692 presentcount:0+1 line:569 name:var%indcol(:)
host:0x50dd2780 device:0x40076e32e800 size:180000 presentcount:0+4 line:482 name:var%i2(:)
host:0x50dfe6d0 device:0x40076e35a800 size:180000 presentcount:0+4 line:482 name:var%i3(:)
host:0x50e2a620 device:0x4008923bca00 size:180000 presentcount:0+8 line:482 name:var%index(:,:)
host:0x50e56570 device:0x4008929bca00 size:180000 presentcount:0+8 line:482 name:var%i2(:)
host:0x50e824c0 device:0x40076e386800 size:180000 presentcount:0+8 line:482 name:var%i3(:)
host:0x50eaea40 device:0x400892400000 size:1821184 presentcount:0+3 line:616 name:var%nindpw(:,:)
host:0x5106b470 device:0x4008925bca00 size:180000 presentcount:0+3 line:616 name:var%pl_index(:,:)
host:0x510973c0 device:0x4008927bca00 size:180000 presentcount:0+3 line:616 name:var%pl_col(:,:)
host:0x510c3310 device:0x4008923f0200 size:4324 presentcount:0+2 line:405 name:var%lmbase(:)
host:0x510c4420 device:0x40083c1ff800 size:16 presentcount:0+2 line:430 name:var%rsmooth(:)
host:0x510c4460 device:0x40081c3fba00 size:4320 presentcount:0+2 line:430 name:var%nlimax(:)
host:0x510c5570 device:0x40081c3fce00 size:4324 presentcount:0+2 line:430 name:var%lmbase(:)
host:0x510c6680 device:0x40081c3fe200 size:4324 presentcount:0+2 line:430 name:var%nlibase(:)
host:0x510c7790 device:0x40063e3f1c00 size:17132 presentcount:0+4 line:519 name:var%nindpwconjg(:)
host:0x510cbab0 device:0x40063e3f6000 size:17132 presentcount:0+4 line:519 name:var%ind_in_sphere(:)
host:0x510e6010 device:0x4008925f2c00 size:516 presentcount:0+1 line:499 name:var%ptr(:)
host:0x5122c4c0 device:0x400955600000 size:7284736 presentcount:0+3 line:616 name:var%datake(:,:,:)
host:0x5191f740 device:0x400892600000 size:1821184 presentcount:0+3 line:616 name:var%igx(:,:)
host:0x51adcdd0 device:0x400892200000 size:1821184 presentcount:0+3 line:616 name:var%igy(:,:)
host:0x51c9a670 device:0x400892800000 size:1821184 presentcount:0+3 line:616 name:var%igz(:,:)
host:0x51e58540 device:0x400893200000 size:7284272 presentcount:0+4 line:519 name:var%fftsca(:,:)
host:0x52582fd0 device:0x400954c00000 size:221440 presentcount:0+1 line:499 name:var%tbl(:)
host:0x525ef230 device:0x400d321b9400 size:181440 presentcount:0+1 line:499 name:var%tbli(:)
host:0x5261b720 device:0x400d323b9400 size:181440 presentcount:0+1 line:499 name:var%tbl(:)
host:0x5264b4b0 device:0x4008925f2800 size:516 presentcount:0+1 line:499 name:var%n(:)
host:0x5264b6e0 device:0x4008925f3400 size:516 presentcount:0+1 line:499 name:var%ptri(:)
host:0x5264b910 device:0x4008925f3000 size:516 presentcount:0+1 line:499 name:var%ni(:)
host:0x5264bb40 device:0x4008925f3c00 size:516 presentcount:0+1 line:499 name:var%ptr(:)
host:0x5264bd70 device:0x4008925f3800 size:516 presentcount:0+1 line:499 name:var%n(:)
host:0x5264bfa0 device:0x4008925f4400 size:516 presentcount:0+1 line:499 name:var%ptri(:)
host:0x5264c1d0 device:0x4008925f4000 size:516 presentcount:0+1 line:499 name:var%ni(:)
host:0x5270b7d0 device:0x400954e00000 size:1807360 presentcount:0+1 line:499 name:var%tbl(:)
host:0x529f2420 device:0x40083c1f4000 size:41984 presentcount:0+1 line:746 name:var%auxtot(:,:,:)
host:0x52a32420 device:0x40063e3e4000 size:41984 presentcount:0+2 line:746 name:var%fertot(:,:,:)
host:0x52a40030 device:0x40076e31a000 size:83968 presentcount:0+2 line:746 name:var%celtot(:,:,:)
host:0x52a813c0 device:0x400d32000000 size:1807200 presentcount:0+1 line:499 name:var%tbli(:)
host:0x52c3c430 device:0x400d32200000 size:1807200 presentcount:0+1 line:499 name:var%tbl(:)
host:0x52fb2b40 device:0x400d32400000 size:1807200 presentcount:0+1 line:499 name:var%tbli(:)
host:0x54c5eed0 device:0x400892a00000 size:7200000 presentcount:0+1 line:195 name:dencor(:)
host:0x55a291c0 device:0x400891e00000 size:2799360 presentcount:0+2 line:194 name:cdij(:,:,:,:)
host:0x55cd88e0 device:0x400d32600000 size:2799360 presentcount:0+2 line:194 name:cqij(:,:,:,:)
host:0x56238590 device:0x400955200000 size:4030464 presentcount:0+5 line:746 name:var%gproj(:,:,:,:)
host:0x568c6b50 device:0x40076e3ca800 size:98304 presentcount:0+1 line:1101 name:w1%gproj(:)
host:0x5d7a4eb0 device:0x400954d40a00 size:393216 presentcount:0+2 line:1226 name:wa%gproj(:,:)
host:0x5d804ee0 device:0x400d238c0000 size:393216 presentcount:0+2 line:1226 name:wa%gproj(:,:)
host:0x5d86c4a0 device:0x400eb5600000 size:3145728 presentcount:0+2 line:1226 name:wa%gproj(:,:)
host:0x61a9d170 device:0x4008929fe200 size:2048 presentcount:0+1 line:179 name:w1(:)
host:0x61aadca0 device:0x400d321f5600 size:2048 presentcount:0+1 line:179 name:wtmp(:)
host:0x61aba5a0 device:0x400d91e00000 size:7284736 presentcount:0+1 line:1101 name:w1%cptwfp(:)
host:0x621acdd0 device:0x40076e3b2800 size:98304 presentcount:0+1 line:1101 name:w1%gproj(:)
host:0x621c4e00 device:0x400d323e5a00 size:98304 presentcount:0+1 line:1101 name:w1%gproj(:)
host:0x621dce30 device:0x40076e3e2800 size:98304 presentcount:0+1 line:1101 name:w1%gproj(:)
host:0x624033a0 device:0x400eb6a00000 size:14569472 presentcount:0+1 line:202 name:precon(:,:)
host:0x631f01a0 device:0x400d2fa00000 size:7284736 presentcount:0+1 line:1101 name:w1%cptwfp(:)
host:0x638eadd0 device:0x400eb5a00000 size:7284736 presentcount:0+1 line:1101 name:w1%cptwfp(:)
host:0x63fdda20 device:0x400eb6200000 size:7284736 presentcount:0+1 line:1101 name:w1%cptwfp(:)
host:0x4006740010a0 device:0x400893a00000 size:45593280 presentcount:0+2 line:430 name:var%nli(:,:)
host:0x400676b839e0 device:0x400d32a00000 size:14458880 presentcount:0+1 line:195 name:cstrf(:,:)
host:0x4006daee6f80 device:0x400eb1e00000 size:29138944 presentcount:0+2 line:1226 name:wa%cptwfp(:,:)
host:0x4007800012b0 device:0x4008a0000000 size:807411968 presentcount:0+2 line:430 name:var%rproj(:)
host:0x4007b02131a0 device:0x40090dc00000 size:230400000 presentcount:0+2 line:194 name:sv(:,:)
host:0x4007bddd7190 device:0x400eb3a00000 size:29138944 presentcount:0+2 line:1226 name:wa%cptwfp(:,:)
host:0x400860004a60 device:0x400880000000 size:298674176 presentcount:0+5 line:746 name:var%cptwfp(:,:,:,:)
host:0x400871ce73a0 device:0x400d80000000 size:233111552 presentcount:0+2 line:1226 name:wa%cptwfp(:,:)
host:0x4008f1ce79d0 device:0x400680000000 size:230400000 presentcount:0+1 line:1101 name:w1%cr(:)
host:0x400926e97be0 device:0x4008d0400000 size:230400000 presentcount:0+1 line:1236 name:w1%cr(:)
host:0x4009c0008000 device:0x400940000000 size:230400000 presentcount:0+1 line:1101 name:w1%cr(:)
host:0x4009cdbd8210 device:0x400900000000 size:230400000 presentcount:0+1 line:1236 name:w1%cr(:)
host:0x400be0000020 device:0x400d00000000 size:230400000 presentcount:0+1 line:1101 name:w1%cr(:)
host:0x400bedbc0230 device:0x400e91e00000 size:230400000 presentcount:0+1 line:1236 name:w1%cr(:)
host:0x400ce0000650 device:0x400e71e00000 size:230400000 presentcount:0+1 line:1101 name:w1%cr(:)
host:0x400cedbc0860 device:0x400e51e00000 size:230400000 presentcount:0+1 line:1236 name:w1%cr(:)
host:0xffffd75c1a20 device:0x400d321f6200 size:3024 presentcount:0+12 line:682 name:var
host:0xffffd75c25f0 device:0x4007fc1ff600 size:1480 presentcount:0+1 line:174 name:w_ini
host:0xffffd75c2bc0 device:0x4008925ff600 size:1480 presentcount:0+1 line:174 name:wopt
host:0xffffd75c3190 device:0x40081c3fa400 size:1480 presentcount:0+1 line:174 name:wtmpa
allocated block device:0x40063e3e4000 size:41984 thread:1
allocated block device:0x40063e3ee400 size:512 thread:1
allocated block device:0x40063e3ee600 size:512 thread:1
allocated block device:0x40063e3ee800 size:512 thread:1
allocated block device:0x40063e3eea00 size:512 thread:1
allocated block device:0x40063e3eec00 size:5120 thread:1
allocated block device:0x40063e3f0000 size:1536 thread:1
allocated block device:0x40063e3f0600 size:1024 thread:1
allocated block device:0x40063e3f0a00 size:1024 thread:1
allocated block device:0x40063e3f0e00 size:1536 thread:1
allocated block device:0x40063e3f1400 size:1024 thread:1
allocated block device:0x40063e3f1800 size:1024 thread:1
allocated block device:0x40063e3f1c00 size:17408 thread:1
allocated block device:0x40063e3f6000 size:17408 thread:1
allocated block device:0x40063e3fa400 size:2048 thread:1
allocated block device:0x40063e3fac00 size:512 thread:1
allocated block device:0x40063e3fae00 size:4608 thread:1
allocated block device:0x40063e3fc000 size:512 thread:1
allocated block device:0x40063e3fc200 size:4608 thread:1
allocated block device:0x40063e3fd400 size:3072 thread:1
allocated block device:0x40063e3fe000 size:512 thread:1
allocated block device:0x40063e3fe200 size:512 thread:1
allocated block device:0x40063e3fe400 size:512 thread:1
allocated block device:0x40063e3fe600 size:512 thread:1
allocated block device:0x40063e3fe800 size:512 thread:1
allocated block device:0x40063e3fea00 size:4608 thread:1
allocated block device:0x40063e3ffc00 size:512 thread:1
allocated block device:0x40063e3ffe00 size:512 thread:1
allocated block device:0x400680000000 size:230400000 thread:1
allocated block device:0x40076e31a000 size:83968 thread:1
allocated block device:0x40076e32e800 size:180224 thread:1
allocated block device:0x40076e35a800 size:180224 thread:1
allocated block device:0x40076e386800 size:180224 thread:1
allocated block device:0x40076e3b2800 size:98304 thread:1
allocated block device:0x40076e3ca800 size:98304 thread:1
allocated block device:0x40076e3e2800 size:98304 thread:1
allocated block device:0x4007dc5ff800 size:1024 thread:1
allocated block device:0x4007fc1ff600 size:1536 thread:1
allocated block device:0x40081c3fa400 size:2048 thread:1
allocated block device:0x40081c3fae00 size:2560 thread:1
allocated block device:0x40081c3fb800 size:512 thread:1
allocated block device:0x40081c3fba00 size:4608 thread:1
allocated block device:0x40081c3fcc00 size:512 thread:1
allocated block device:0x40081c3fce00 size:4608 thread:1
allocated block device:0x40081c3fe000 size:512 thread:1
allocated block device:0x40081c3fe200 size:4608 thread:1
allocated block device:0x40081c3ff400 size:512 thread:1
allocated block device:0x40081c3ff600 size:512 thread:1
allocated block device:0x40081c3ff800 size:512 thread:1
allocated block device:0x40081c3ffa00 size:512 thread:1
allocated block device:0x40081c3ffc00 size:512 thread:1
allocated block device:0x40081c3ffe00 size:512 thread:1
allocated block device:0x40083c1f4000 size:41984 thread:1
allocated block device:0x40083c1fe400 size:5120 thread:1
allocated block device:0x40083c1ff800 size:512 thread:1
allocated block device:0x40083c1ffa00 size:512 thread:1
allocated block device:0x40083c1ffc00 size:512 thread:1
allocated block device:0x40083c1ffe00 size:512 thread:1
allocated block device:0x400880000000 size:298674176 thread:1
allocated block device:0x400891e00000 size:4030464 thread:1
allocated block device:0x400892200000 size:1821184 thread:1
allocated block device:0x4008923bca00 size:180224 thread:1
allocated block device:0x4008923e8a00 size:26112 thread:1
allocated block device:0x4008923ef000 size:4608 thread:1
allocated block device:0x4008923f0200 size:4608 thread:1
allocated block device:0x4008923f1400 size:24064 thread:1
allocated block device:0x4008923f7200 size:512 thread:1
allocated block device:0x4008923f7400 size:24064 thread:1
allocated block device:0x4008923fd200 size:512 thread:1
allocated block device:0x4008923fd400 size:512 thread:1
allocated block device:0x4008923fd600 size:3072 thread:1
allocated block device:0x4008923fe200 size:3072 thread:1
allocated block device:0x4008923fee00 size:512 thread:1
allocated block device:0x4008923ff000 size:1536 thread:1
allocated block device:0x4008923ff600 size:2560 thread:1
allocated block device:0x400892400000 size:1821184 thread:1
allocated block device:0x4008925bca00 size:180224 thread:1
allocated block device:0x4008925e8a00 size:5120 thread:1
allocated block device:0x4008925e9e00 size:1536 thread:1
allocated block device:0x4008925ea400 size:2048 thread:1
allocated block device:0x4008925eac00 size:7680 thread:1
allocated block device:0x4008925eca00 size:7680 thread:1
allocated block device:0x4008925ee800 size:3072 thread:1
allocated block device:0x4008925ef400 size:3072 thread:1
allocated block device:0x4008925f0000 size:5120 thread:1
allocated block device:0x4008925f1400 size:5120 thread:1
allocated block device:0x4008925f2800 size:1024 thread:1
allocated block device:0x4008925f2c00 size:1024 thread:1
allocated block device:0x4008925f3000 size:1024 thread:1
allocated block device:0x4008925f3400 size:1024 thread:1
allocated block device:0x4008925f3800 size:1024 thread:1
allocated block device:0x4008925f3c00 size:1024 thread:1
allocated block device:0x4008925f4000 size:1024 thread:1
allocated block device:0x4008925f4400 size:1024 thread:1
allocated block device:0x4008925f4800 size:5120 thread:1
allocated block device:0x4008925f5c00 size:1536 thread:1
allocated block device:0x4008925f6200 size:1024 thread:1
allocated block device:0x4008925f6600 size:1024 thread:1
allocated block device:0x4008925f6a00 size:1536 thread:1
allocated block device:0x4008925f7000 size:1024 thread:1
allocated block device:0x4008925f7400 size:1024 thread:1
allocated block device:0x4008925f7800 size:1024 thread:1
allocated block device:0x4008925f7c00 size:3072 thread:1
allocated block device:0x4008925f8800 size:3072 thread:1
allocated block device:0x4008925f9400 size:1536 thread:1
allocated block device:0x4008925f9a00 size:1536 thread:1
allocated block device:0x4008925fa000 size:1024 thread:1
allocated block device:0x4008925fa400 size:1024 thread:1
allocated block device:0x4008925fa800 size:1024 thread:1
allocated block device:0x4008925fac00 size:1024 thread:1
allocated block device:0x4008925fb000 size:1024 thread:1
allocated block device:0x4008925fb400 size:1024 thread:1
allocated block device:0x4008925fb800 size:1024 thread:1
allocated block device:0x4008925fbc00 size:1024 thread:1
allocated block device:0x4008925fc000 size:1536 thread:1
allocated block device:0x4008925fc600 size:1024 thread:1
allocated block device:0x4008925fca00 size:512 thread:1
allocated block device:0x4008925fcc00 size:2560 thread:1
allocated block device:0x4008925fd600 size:3072 thread:1
allocated block device:0x4008925ff600 size:2560 thread:1
allocated block device:0x400892600000 size:1821184 thread:1
allocated block device:0x4008927bca00 size:180224 thread:1
allocated block device:0x4008927e8a00 size:28672 thread:1
allocated block device:0x4008927efa00 size:40448 thread:1
allocated block device:0x4008927f9800 size:8192 thread:1
allocated block device:0x4008927fb800 size:8192 thread:1
allocated block device:0x4008927fd800 size:8192 thread:1
allocated block device:0x4008927ff800 size:512 thread:1
allocated block device:0x400892800000 size:1821184 thread:1
allocated block device:0x4008929bca00 size:180224 thread:1
allocated block device:0x4008929e8a00 size:40448 thread:1
allocated block device:0x4008929fe200 size:2048 thread:1
allocated block device:0x400892a00000 size:7284736 thread:1
allocated block device:0x400893200000 size:7284736 thread:1
allocated block device:0x400893a00000 size:45593600 thread:1
allocated block device:0x4008a0000000 size:807412224 thread:1
allocated block device:0x4008d0400000 size:230400000 thread:1
allocated block device:0x400900000000 size:230400000 thread:1
allocated block device:0x40090dc00000 size:230400000 thread:1
allocated block device:0x400940000000 size:230400000 thread:1
allocated block device:0x400954c00000 size:391680 thread:1
allocated block device:0x400954c5fa00 size:921600 thread:1
allocated block device:0x400954d40a00 size:393216 thread:1
allocated block device:0x400954e00000 size:2799616 thread:1
allocated block device:0x400955200000 size:4030464 thread:1
allocated block device:0x400955600000 size:7284736 thread:1
allocated block device:0x400d00000000 size:298674176 thread:1
allocated block device:0x400d238c0000 size:393216 thread:1
allocated block device:0x400d2fa00000 size:7284736 thread:1
allocated block device:0x400d32000000 size:1807360 thread:1
allocated block device:0x400d321b9400 size:181760 thread:1
allocated block device:0x400d321f5600 size:3072 thread:1
allocated block device:0x400d321f6200 size:3072 thread:1
allocated block device:0x400d32200000 size:1807360 thread:1
allocated block device:0x400d323b9400 size:181760 thread:1
allocated block device:0x400d323e5a00 size:98304 thread:1
allocated block device:0x400d32400000 size:1807360 thread:1
allocated block device:0x400d32600000 size:2799616 thread:1
allocated block device:0x400d32a00000 size:14458880 thread:1
allocated block device:0x400d80000000 size:298674176 thread:1
allocated block device:0x400d91e00000 size:7284736 thread:1
allocated block device:0x400e51e00000 size:230400000 thread:1
allocated block device:0x400e71e00000 size:230400000 thread:1
allocated block device:0x400e91e00000 size:230400000 thread:1
allocated block device:0x400eb1e00000 size:29138944 thread:1
allocated block device:0x400eb3a00000 size:29138944 thread:1
allocated block device:0x400eb5600000 size:3145728 thread:1
allocated block device:0x400eb5a00000 size:7284736 thread:1
allocated block device:0x400eb6200000 size:7284736 thread:1
allocated block device:0x400eb6a00000 size:14569472 thread:1
Accelerator Fatal Error: call to cuMemAlloc returned error 2 (CUDA_ERROR_OUT_OF_MEMORY): Out of memory
 File: /lus/lfs1aip2/projects/u6cb/software/VASP/vasp.6.5.1/build/gam/hamil.f90
 Function: hamiltmu:978
 Line: 1005

Out of memory allocating 230400000 bytes of device memory
Failing in Thread:1
total/free CUDA memory: 102005473280/84541440
Present table dump for device[1]: NVIDIA Tesla GPU 0, compute capability 9.0, threadid=1
Hint: specify 0x800 bit in NV_ACC_DEBUG for verbose info.
host:0x2557280 device:0x40049e3fc000 size:32 presentcount:0+3 line:643 name:var%comm
host:0x25572a0 device:0x40067c3ffa00 size:32 presentcount:0+4 line:652 name:var%comm_kinter
host:0x25572c0 device:0x40067c3ffc00 size:32 presentcount:0+6 line:655 name:var%comm_kin
host:0x25572e0 device:0x40067c3ff400 size:32 presentcount:0+3 line:646 name:var%comm_inter
host:0x2557300 device:0x40067c3ff600 size:32 presentcount:0+7 line:649 name:var%comm_inb
host:0x256be80 device:0x40049a0ecd00 size:8 presentcount:0+1 line:-1 name:_setexm_struct_def_21
host:0x2576f40 device:0x40049a0ece00 size:28 presentcount:0+1 line:-1 name:_ml_ff_constant_21
host:0x2577c80 device:0x40049a0ecf00 size:30437 presentcount:0+1 line:-1 name:_ml_ff_taglist_21
host:0x25afc80 device:0x40049a0f4600 size:8 presentcount:0+1 line:-1 name:_mopenacc_tutor_21
host:0x25c2740 device:0x40049a0f4a00 size:32 presentcount:0+1 line:-1 name:_mbj_21
host:0x25cd640 device:0x40049a0f4d00 size:8 presentcount:0+1 line:-1 name:_sym_prec_21
host:0x26030c0 device:0x40049a0f4e00 size:344 presentcount:0+1 line:-1 name:_tet_21
host:0x261c840 device:0x40049a0f5000 size:392 presentcount:0+1 line:-1 name:_mymath_21
host:0x2817368 device:0x40049e3eec00 size:4800 presentcount:0+2 line:614 name:var
host:0x2818628 device:0x40049e3fa400 size:1984 presentcount:0+2 line:403 name:var
host:0x281a910 device:0x40063c5ff800 size:864 presentcount:0+4 line:2639 name:hamiltonian
host:0x286ac80 device:0x40049e3fd400 size:2712 presentcount:0+2 line:428 name:var
host:0x286b718 device:0x40067c3fae00 size:2248 presentcount:0+1 line:742 name:var
host:0x286eb50 device:0x4006f27ff800 size:288 presentcount:0+1 line:195 name:latt_cur
host:0x2871658 device:0x40069c1fe400 size:5088 presentcount:0+28 line:517 name:var
host:0x2872a38 device:0x4006f25f4800 size:5088 presentcount:0+6 line:517 name:var
host:0x2873e18 device:0x4006f25e8a00 size:5088 presentcount:0+7 line:517 name:var
host:0x287a2a8 device:0x40067c3fe000 size:304 presentcount:0+1 line:567 name:var
host:0x287a3d8 device:0x4006f25fca00 size:304 presentcount:0+1 line:567 name:var
host:0x2e48ec0 device:0x40049a002600 size:960024 presentcount:0+1 line:-1 name:_setexm_struct_def_16
host:0x2f8f080 device:0x40049a0f4700 size:580 presentcount:0+1 line:-1 name:_wpbe_16
host:0x2f8f900 device:0x40049a0f4b00 size:288 presentcount:0+1 line:-1 name:_mbj_16
host:0x9f446c0 device:0x40049a0f5200 size:624 presentcount:0+1 line:-1 name:_mlr_optic_16
host:0x32d89610 device:0x4006f25f7800 size:528 presentcount:0+1 line:480 name:var
host:0x36e48100 device:0x40069c1ffa00 size:400 presentcount:0+2 line:464 name:var
host:0x36e48290 device:0x40069c1ffe00 size:400 presentcount:0+2 line:464 name:var
host:0x3b4dfd70 device:0x40067c3ff800 size:8 presentcount:0+4 line:405 name:var%nityp(:)
host:0x3b9de580 device:0x40049e3f0a00 size:1000 presentcount:0+4 line:519 name:var%lpctz(:)
host:0x3be61780 device:0x4006f27e8a00 size:28464 presentcount:0+1 line:853 name:var(:)
host:0x3be73ee0 device:0x4006f29e8a00 size:40000 presentcount:0+1 line:857 name:var%psp(:,:)
host:0x3be7db50 device:0x4006f27fd800 size:8000 presentcount:0+1 line:857 name:var%psprho(:)
host:0x3be80de0 device:0x4006f23f7400 size:24000 presentcount:0+2 line:466 name:var%psprnl(:,:,:)
host:0x3beb07c0 device:0x4006f23ef000 size:4320 presentcount:0+4 line:405 name:var%ityp(:)
host:0x3beb18d0 device:0x4006f23e8a00 size:25920 presentcount:0+4 line:405 name:var%posion(:,:)
host:0x3bef4aa0 device:0x4006f27f9800 size:8000 presentcount:0+1 line:857 name:var%pspcor(:)
host:0x3bef6a10 device:0x4006f27fb800 size:8000 presentcount:0+1 line:857 name:var%psprho(:)
host:0x3befa580 device:0x4006f27efa00 size:40000 presentcount:0+1 line:857 name:var%psp(:,:)
host:0x3bf041f0 device:0x4006f23f1400 size:24000 presentcount:0+2 line:466 name:var%psprnl(:,:,:)
host:0x3bf171f0 device:0x40049e3fe200 size:8 presentcount:0+3 line:616 name:var%nityp(:)
host:0x3bf172e0 device:0x40049e3fe800 size:8 presentcount:0+2 line:616 name:var%wtkpt(:)
host:0x3bf442a0 device:0x40069c1ffc00 size:24 presentcount:0+3 line:466 name:var%lps(:)
host:0x3bf44350 device:0x40067c3fb800 size:24 presentcount:0+3 line:466 name:var%lps(:)
host:0x3bf9b090 device:0x40049e3fe600 size:24 presentcount:0+3 line:616 name:var%vkpt(:,:)
host:0x3bfc0340 device:0x40049e3eea00 size:16 presentcount:0+2 line:430 name:var%psrmax(:)
host:0x3bfc0900 device:0x40049e3fea00 size:4320 presentcount:0+3 line:616 name:var%ityp(:)
host:0x3bfc1a10 device:0x40049e3fe000 size:8 presentcount:0+3 line:616 name:var%lmmax(:)
host:0x3bfc1a40 device:0x40049e3fe400 size:8 presentcount:0+3 line:616 name:var%nt_global(:)
host:0x3bfc1a70 device:0x40049e3fc200 size:4320 presentcount:0+3 line:616 name:var%npro_pos(:)
host:0x3bfc2b80 device:0x40049e3fae00 size:4324 presentcount:0+3 line:616 name:var%lmbase(:)
host:0x3bfc3c90 device:0x40049e3ffe00 size:4 presentcount:0+2 line:616 name:var%nplwkp(:)
host:0x3bfc3cc0 device:0x4006f23f7200 size:4 presentcount:0+2 line:616 name:var%nplwkp_tot(:)
host:0x3bfc3cf0 device:0x4006f23fd200 size:4 presentcount:0+2 line:616 name:var%ngvector_pos(:)
host:0x3bfc3d20 device:0x40049e3ffc00 size:4 presentcount:0+2 line:616 name:var%ngvector(:)
host:0x3bfc3d50 device:0x40049e3f0000 size:1280 presentcount:0+4 line:519 name:var%lpctx(:)
host:0x3bfc4280 device:0x40049e3f0600 size:720 presentcount:0+4 line:519 name:var%lpcty(:)
host:0x3bfc4580 device:0x40049e3f0e00 size:1280 presentcount:0+4 line:519 name:var%lpctx_(:)
host:0x3bfc4ab0 device:0x40049e3f1400 size:720 presentcount:0+4 line:519 name:var%lpcty_(:)
host:0x3bfc4db0 device:0x40049e3f1800 size:1000 presentcount:0+4 line:519 name:var%lpctz_(:)
host:0x3bfc51c0 device:0x4006f25f5c00 size:1280 presentcount:0+1 line:519 name:var%lpctx(:)
host:0x3bfc56f0 device:0x4006f25f6200 size:720 presentcount:0+1 line:519 name:var%lpcty(:)
host:0x3bfc59f0 device:0x4006f25f6600 size:1000 presentcount:0+1 line:519 name:var%lpctz(:)
host:0x3bfc5e00 device:0x4006f25f6a00 size:1280 presentcount:0+1 line:519 name:var%lpctx_(:)
host:0x3bfc6330 device:0x4006f25f7000 size:720 presentcount:0+1 line:519 name:var%lpcty_(:)
host:0x3bfc6630 device:0x4006f25f7400 size:1000 presentcount:0+1 line:519 name:var%lpctz_(:)
host:0x3bfc6a40 device:0x4006f23fd600 size:2560 presentcount:0+1 line:519 name:var%lpctx(:)
host:0x3bfc7470 device:0x4006f23ff000 size:1440 presentcount:0+1 line:519 name:var%lpcty(:)
host:0x3bfc7a40 device:0x4006f23fe200 size:2000 presentcount:0+1 line:519 name:var%lpctz(:)
host:0x3bfc8240 device:0x4006f23ff600 size:2560 presentcount:0+1 line:519 name:var%lpctx_(:)
host:0x3bfc8c70 device:0x4006f25e9e00 size:1440 presentcount:0+1 line:519 name:var%lpcty_(:)
host:0x3bfc9240 device:0x4006f25ea400 size:2000 presentcount:0+1 line:519 name:var%lpctz_(:)
host:0x3c0b5320 device:0x4006f25ee800 size:2824 presentcount:0+1 line:482 name:var%i2(:)
host:0x3c0b5e50 device:0x4006f25ef400 size:2824 presentcount:0+1 line:482 name:var%i3(:)
host:0x3c0b6980 device:0x4006f25f0000 size:5020 presentcount:0+1 line:482 name:var%i2(:)
host:0x3c0b7d50 device:0x4006f25f1400 size:5020 presentcount:0+1 line:482 name:var%i3(:)
host:0x3c0b9120 device:0x4006f25eac00 size:7200 presentcount:0+2 line:482 name:var%i2(:)
host:0x3c0bad70 device:0x4006f25eca00 size:7200 presentcount:0+2 line:482 name:var%i3(:)
host:0x3c0bcde0 device:0x4007b4c5fa00 size:921600 presentcount:0+2 line:482 name:var%index(:,:)
host:0x3c19de10 device:0x4006f25fcc00 size:2560 presentcount:0+1 line:569 name:var%ind1(:)
host:0x3c19e840 device:0x4006f25fd600 size:2824 presentcount:0+1 line:569 name:var%indcol(:)
host:0x3c19f370 device:0x4006f25f7c00 size:2824 presentcount:0+1 line:482 name:var%i2(:)
host:0x3c19fea0 device:0x4006f25f8800 size:2824 presentcount:0+1 line:482 name:var%i3(:)
host:0x3c1a09d0 device:0x4006f25f9400 size:1512 presentcount:0+1 line:482 name:var%i2(:)
host:0x3c1a0fe0 device:0x4006f25f9a00 size:1512 presentcount:0+1 line:482 name:var%i3(:)
host:0x3c1a15f0 device:0x40067c3fba00 size:4320 presentcount:0+2 line:430 name:var%nlimax(:)
host:0x3c1a2700 device:0x40067c3fce00 size:4324 presentcount:0+2 line:430 name:var%lmbase(:)
host:0x3c1a3810 device:0x40067c3fe200 size:4324 presentcount:0+2 line:430 name:var%nlibase(:)
host:0x3c1a4920 device:0x40049e3f1c00 size:17132 presentcount:0+4 line:519 name:var%nindpwconjg(:)
host:0x3c1a8c40 device:0x40049e3f6000 size:17132 presentcount:0+4 line:519 name:var%ind_in_sphere(:)
host:0x3c1adb80 device:0x4006f25fa400 size:516 presentcount:0+1 line:499 name:var%ptr(:)
host:0x3c1addb0 device:0x4006f25fa000 size:516 presentcount:0+1 line:499 name:var%n(:)
host:0x3c1adfe0 device:0x400b921b9400 size:181440 presentcount:0+1 line:499 name:var%tbli(:)
host:0x3c1da4d0 device:0x4006f25fac00 size:516 presentcount:0+1 line:499 name:var%ptri(:)
host:0x3c1da700 device:0x4006f25fa800 size:516 presentcount:0+1 line:499 name:var%ni(:)
host:0x3c1da930 device:0x4006f25fb400 size:516 presentcount:0+1 line:499 name:var%ptr(:)
host:0x3c1dab60 device:0x4006f25fc000 size:1280 presentcount:0+1 line:569 name:var%ind1(:)
host:0x3c1db090 device:0x4006f25fc600 size:688 presentcount:0+1 line:569 name:var%indcol(:)
host:0x3c1db370 device:0x4005d032e800 size:180000 presentcount:0+4 line:482 name:var%i2(:)
host:0x3c2072c0 device:0x4005d035a800 size:180000 presentcount:0+4 line:482 name:var%i3(:)
host:0x3c233210 device:0x4006f23bca00 size:180000 presentcount:0+8 line:482 name:var%index(:,:)
host:0x3c25f160 device:0x4006f29bca00 size:180000 presentcount:0+8 line:482 name:var%i2(:)
host:0x3c28b0b0 device:0x4005d0386800 size:180000 presentcount:0+8 line:482 name:var%i3(:)
host:0x3c2b7630 device:0x4006f2400000 size:1821184 presentcount:0+3 line:616 name:var%nindpw(:,:)
host:0x3c474060 device:0x40049e3fac00 size:8 presentcount:0+2 line:616 name:var%nb_totk(:,:)
host:0x3c474090 device:0x4006f23fd400 size:4 presentcount:0+2 line:616 name:var%luseinv(:)
host:0x3c4740c0 device:0x40049e3ee600 size:4 presentcount:0+2 line:616 name:var%at_gamma(:)
host:0x3c4740f0 device:0x4006f25bca00 size:180000 presentcount:0+3 line:616 name:var%pl_index(:,:)
host:0x3c4a0040 device:0x4006f27bca00 size:180000 presentcount:0+3 line:616 name:var%pl_col(:,:)
host:0x3c4cbf90 device:0x4006f23fee00 size:8 presentcount:0+2 line:405 name:var%lmmax(:)
host:0x3c4cbfc0 device:0x40067c3ffe00 size:8 presentcount:0+2 line:430 name:var%lmax(:)
host:0x3c4cbff0 device:0x4006f23f0200 size:4324 presentcount:0+2 line:405 name:var%lmbase(:)
host:0x3c4cd100 device:0x40049e3ee400 size:8 presentcount:0+2 line:430 name:var%lmmax(:)
host:0x3c4cd130 device:0x40049e3ee800 size:8 presentcount:0+2 line:430 name:var%channels(:)
host:0x3c4cd160 device:0x40069c1ff800 size:16 presentcount:0+2 line:430 name:var%rsmooth(:)
host:0x3c53da00 device:0x4007b4c00000 size:220160 presentcount:0+1 line:499 name:var%tbl(:)
host:0x3c5a9260 device:0x400b923b9400 size:181440 presentcount:0+1 line:499 name:var%tbl(:)
host:0x3c5d5750 device:0x4006f25fb000 size:516 presentcount:0+1 line:499 name:var%n(:)
host:0x3c5da5f0 device:0x4006f25f2c00 size:516 presentcount:0+1 line:499 name:var%ptr(:)
host:0x3c5da820 device:0x4006f25f2800 size:516 presentcount:0+1 line:499 name:var%n(:)
host:0x3c5daa50 device:0x4006f25f3400 size:516 presentcount:0+1 line:499 name:var%ptri(:)
host:0x3c5dac80 device:0x4006f25f3000 size:516 presentcount:0+1 line:499 name:var%ni(:)
host:0x3c5daeb0 device:0x4006f25f3c00 size:516 presentcount:0+1 line:499 name:var%ptr(:)
host:0x3c5db0e0 device:0x4006f25f3800 size:516 presentcount:0+1 line:499 name:var%n(:)
host:0x3c5db310 device:0x4006f25f4400 size:516 presentcount:0+1 line:499 name:var%ptri(:)
host:0x3c5db540 device:0x4006f25f4000 size:516 presentcount:0+1 line:499 name:var%ni(:)
host:0x3c601e70 device:0x40067c3fcc00 size:4 presentcount:0+1 line:499 name:var%tbli(:)
host:0x3c601ea0 device:0x4006f25fbc00 size:516 presentcount:0+1 line:499 name:var%ptri(:)
host:0x3c6020d0 device:0x4006f25fb800 size:516 presentcount:0+1 line:499 name:var%ni(:)
host:0x3c74c120 device:0x4007b5600000 size:7284736 presentcount:0+3 line:616 name:var%datake(:,:,:)
host:0x3ce3f3a0 device:0x4006f2600000 size:1821184 presentcount:0+3 line:616 name:var%igx(:,:)
host:0x3cffca30 device:0x4006f2200000 size:1821184 presentcount:0+3 line:616 name:var%igy(:,:)
host:0x3d1ba2d0 device:0x4006f2800000 size:1821184 presentcount:0+3 line:616 name:var%igz(:,:)
host:0x3d3781a0 device:0x4006f3200000 size:7284272 presentcount:0+4 line:519 name:var%fftsca(:,:)
host:0x3db11ee0 device:0x4007b4e00000 size:1807360 presentcount:0+1 line:499 name:var%tbl(:)
host:0x3de87ad0 device:0x400b92000000 size:1807200 presentcount:0+1 line:499 name:var%tbli(:)
host:0x3e042b40 device:0x400b92200000 size:1807200 presentcount:0+1 line:499 name:var%tbl(:)
host:0x3e3b9250 device:0x400b92400000 size:1807200 presentcount:0+1 line:499 name:var%tbli(:)
host:0x3e7f2420 device:0x40069c1f4000 size:41984 presentcount:0+1 line:746 name:var%auxtot(:,:,:)
host:0x3e800030 device:0x4005d031a000 size:83968 presentcount:0+2 line:746 name:var%celtot(:,:,:)
host:0x3e814860 device:0x40049e3e4000 size:41984 presentcount:0+2 line:746 name:var%fertot(:,:,:)
host:0x4006bdd0 device:0x4006f2a00000 size:7200000 presentcount:0+1 line:195 name:dencor(:)
host:0x40e360c0 device:0x4006f1e00000 size:2799360 presentcount:0+2 line:194 name:cdij(:,:,:,:)
host:0x410e57e0 device:0x400b92600000 size:2799360 presentcount:0+2 line:194 name:cqij(:,:,:,:)
host:0x41645490 device:0x4007b5200000 size:4030464 presentcount:0+5 line:746 name:var%gproj(:,:,:,:)
host:0x41cc9710 device:0x4006f29fe200 size:2048 presentcount:0+1 line:179 name:w1(:)
host:0x41cc9f30 device:0x400b921f5600 size:2048 presentcount:0+1 line:179 name:wtmp(:)
host:0x41cd4870 device:0x4005d03ca800 size:98304 presentcount:0+1 line:1101 name:w1%gproj(:)
host:0x48bab6d0 device:0x4007b4d40a00 size:393216 presentcount:0+2 line:1226 name:wa%gproj(:,:)
host:0x48c0b700 device:0x400b838c0000 size:393216 presentcount:0+2 line:1226 name:wa%gproj(:,:)
host:0x48c728a0 device:0x400d15600000 size:3145728 presentcount:0+2 line:1226 name:wa%gproj(:,:)
host:0x4cec20f0 device:0x400bf1e00000 size:7284736 presentcount:0+1 line:1101 name:w1%cptwfp(:)
host:0x4d5b4920 device:0x4005d03b2800 size:98304 presentcount:0+1 line:1101 name:w1%gproj(:)
host:0x4d5cc950 device:0x400b923e5a00 size:98304 presentcount:0+1 line:1101 name:w1%gproj(:)
host:0x4d5e4980 device:0x4005d03e2800 size:98304 presentcount:0+1 line:1101 name:w1%gproj(:)
host:0x4d8080f0 device:0x400d16a00000 size:14569472 presentcount:0+1 line:202 name:precon(:,:)
host:0x4e5f4ad0 device:0x400b8fa00000 size:7284736 presentcount:0+1 line:1101 name:w1%cptwfp(:)
host:0x4ecef2e0 device:0x400d15a00000 size:7284736 presentcount:0+1 line:1101 name:w1%cptwfp(:)
host:0x4f3e1b10 device:0x400d16200000 size:7284736 presentcount:0+1 line:1101 name:w1%cptwfp(:)
host:0x4004c65039e0 device:0x400b92a00000 size:14458880 presentcount:0+1 line:195 name:cstrf(:,:)
host:0x4004dc0010a0 device:0x4006f3a00000 size:45593280 presentcount:0+2 line:430 name:var%nli(:,:)
host:0x40053bed6b60 device:0x400d11e00000 size:29138944 presentcount:0+2 line:1226 name:wa%cptwfp(:,:)
host:0x4005e00012b0 device:0x400700000000 size:807411968 presentcount:0+2 line:430 name:var%rproj(:)
host:0x4006102131a0 device:0x40076dc00000 size:230400000 presentcount:0+2 line:194 name:sv(:,:)
host:0x4006c0004a60 device:0x4006e0000000 size:298674176 presentcount:0+5 line:746 name:var%cptwfp(:,:,:,:)
host:0x4006d1ce6d70 device:0x400d13a00000 size:29138944 presentcount:0+2 line:1226 name:wa%cptwfp(:,:)
host:0x400751ce6f80 device:0x400be0000000 size:233111552 presentcount:0+2 line:1226 name:wa%cptwfp(:,:)
host:0x400786e975b0 device:0x4004e0000000 size:230400000 presentcount:0+1 line:1101 name:w1%cr(:)
host:0x4008200077c0 device:0x400730400000 size:230400000 presentcount:0+1 line:1236 name:w1%cr(:)
host:0x40082dbd7be0 device:0x4007a0000000 size:230400000 presentcount:0+1 line:1101 name:w1%cr(:)
host:0x400a40007df0 device:0x400760000000 size:230400000 presentcount:0+1 line:1236 name:w1%cr(:)
host:0x400a4dbd8210 device:0x400b60000000 size:230400000 presentcount:0+1 line:1101 name:w1%cr(:)
host:0x400b40008420 device:0x400cf1e00000 size:230400000 presentcount:0+1 line:1236 name:w1%cr(:)
host:0x400b4dbd0230 device:0x400cd1e00000 size:230400000 presentcount:0+1 line:1101 name:w1%cr(:)
host:0x400bc0000440 device:0x400cb1e00000 size:230400000 presentcount:0+1 line:1236 name:w1%cr(:)
host:0x400d20005ae0 device:0x400d60000000 size:921600000 presentcount:0+1 line:1005 name:cwork1(:,:)
host:0xffffc021ed60 device:0x400b921f6200 size:3024 presentcount:0+12 line:682 name:var
host:0xffffc021f930 device:0x40065c1ff600 size:1480 presentcount:0+1 line:174 name:w_ini
host:0xffffc021ff00 device:0x4006f25ff600 size:1480 presentcount:0+1 line:174 name:wopt
host:0xffffc02204d0 device:0x40067c3fa400 size:1480 presentcount:0+1 line:174 name:wtmpa
allocated block device:0x40049e3e4000 size:41984 thread:1
allocated block device:0x40049e3ee400 size:512 thread:1
allocated block device:0x40049e3ee600 size:512 thread:1
allocated block device:0x40049e3ee800 size:512 thread:1
allocated block device:0x40049e3eea00 size:512 thread:1
allocated block device:0x40049e3eec00 size:5120 thread:1
allocated block device:0x40049e3f0000 size:1536 thread:1
allocated block device:0x40049e3f0600 size:1024 thread:1
allocated block device:0x40049e3f0a00 size:1024 thread:1
allocated block device:0x40049e3f0e00 size:1536 thread:1
allocated block device:0x40049e3f1400 size:1024 thread:1
allocated block device:0x40049e3f1800 size:1024 thread:1
allocated block device:0x40049e3f1c00 size:17408 thread:1
allocated block device:0x40049e3f6000 size:17408 thread:1
allocated block device:0x40049e3fa400 size:2048 thread:1
allocated block device:0x40049e3fac00 size:512 thread:1
allocated block device:0x40049e3fae00 size:4608 thread:1
allocated block device:0x40049e3fc000 size:512 thread:1
allocated block device:0x40049e3fc200 size:4608 thread:1
allocated block device:0x40049e3fd400 size:3072 thread:1
allocated block device:0x40049e3fe000 size:512 thread:1
allocated block device:0x40049e3fe200 size:512 thread:1
allocated block device:0x40049e3fe400 size:512 thread:1
allocated block device:0x40049e3fe600 size:512 thread:1
allocated block device:0x40049e3fe800 size:512 thread:1
allocated block device:0x40049e3fea00 size:4608 thread:1
allocated block device:0x40049e3ffc00 size:512 thread:1
allocated block device:0x40049e3ffe00 size:512 thread:1
allocated block device:0x4004e0000000 size:230400000 thread:1
allocated block device:0x4005d031a000 size:83968 thread:1
allocated block device:0x4005d032e800 size:180224 thread:1
allocated block device:0x4005d035a800 size:180224 thread:1
allocated block device:0x4005d0386800 size:180224 thread:1
allocated block device:0x4005d03b2800 size:98304 thread:1
allocated block device:0x4005d03ca800 size:98304 thread:1
allocated block device:0x4005d03e2800 size:98304 thread:1
allocated block device:0x40063c5ff800 size:1024 thread:1
allocated block device:0x40065c1ff600 size:1536 thread:1
allocated block device:0x40067c3fa400 size:2048 thread:1
allocated block device:0x40067c3fae00 size:2560 thread:1
allocated block device:0x40067c3fb800 size:512 thread:1
allocated block device:0x40067c3fba00 size:4608 thread:1
allocated block device:0x40067c3fcc00 size:512 thread:1
allocated block device:0x40067c3fce00 size:4608 thread:1
allocated block device:0x40067c3fe000 size:512 thread:1
allocated block device:0x40067c3fe200 size:4608 thread:1
allocated block device:0x40067c3ff400 size:512 thread:1
allocated block device:0x40067c3ff600 size:512 thread:1
allocated block device:0x40067c3ff800 size:512 thread:1
allocated block device:0x40067c3ffa00 size:512 thread:1
allocated block device:0x40067c3ffc00 size:512 thread:1
allocated block device:0x40067c3ffe00 size:512 thread:1
allocated block device:0x40069c1f4000 size:41984 thread:1
allocated block device:0x40069c1fe400 size:5120 thread:1
allocated block device:0x40069c1ff800 size:512 thread:1
allocated block device:0x40069c1ffa00 size:512 thread:1
allocated block device:0x40069c1ffc00 size:512 thread:1
allocated block device:0x40069c1ffe00 size:512 thread:1
allocated block device:0x4006e0000000 size:298674176 thread:1
allocated block device:0x4006f1e00000 size:4030464 thread:1
allocated block device:0x4006f2200000 size:1821184 thread:1
allocated block device:0x4006f23bca00 size:180224 thread:1
allocated block device:0x4006f23e8a00 size:26112 thread:1
allocated block device:0x4006f23ef000 size:4608 thread:1
allocated block device:0x4006f23f0200 size:4608 thread:1
allocated block device:0x4006f23f1400 size:24064 thread:1
allocated block device:0x4006f23f7200 size:512 thread:1
allocated block device:0x4006f23f7400 size:24064 thread:1
allocated block device:0x4006f23fd200 size:512 thread:1
allocated block device:0x4006f23fd400 size:512 thread:1
allocated block device:0x4006f23fd600 size:3072 thread:1
allocated block device:0x4006f23fe200 size:3072 thread:1
allocated block device:0x4006f23fee00 size:512 thread:1
allocated block device:0x4006f23ff000 size:1536 thread:1
allocated block device:0x4006f23ff600 size:2560 thread:1
allocated block device:0x4006f2400000 size:1821184 thread:1
allocated block device:0x4006f25bca00 size:180224 thread:1
allocated block device:0x4006f25e8a00 size:5120 thread:1
allocated block device:0x4006f25e9e00 size:1536 thread:1
allocated block device:0x4006f25ea400 size:2048 thread:1
allocated block device:0x4006f25eac00 size:7680 thread:1
allocated block device:0x4006f25eca00 size:7680 thread:1
allocated block device:0x4006f25ee800 size:3072 thread:1
allocated block device:0x4006f25ef400 size:3072 thread:1
allocated block device:0x4006f25f0000 size:5120 thread:1
allocated block device:0x4006f25f1400 size:5120 thread:1
allocated block device:0x4006f25f2800 size:1024 thread:1
allocated block device:0x4006f25f2c00 size:1024 thread:1
allocated block device:0x4006f25f3000 size:1024 thread:1
allocated block device:0x4006f25f3400 size:1024 thread:1
allocated block device:0x4006f25f3800 size:1024 thread:1
allocated block device:0x4006f25f3c00 size:1024 thread:1
allocated block device:0x4006f25f4000 size:1024 thread:1
allocated block device:0x4006f25f4400 size:1024 thread:1
allocated block device:0x4006f25f4800 size:5120 thread:1
allocated block device:0x4006f25f5c00 size:1536 thread:1
allocated block device:0x4006f25f6200 size:1024 thread:1
allocated block device:0x4006f25f6600 size:1024 thread:1
allocated block device:0x4006f25f6a00 size:1536 thread:1
allocated block device:0x4006f25f7000 size:1024 thread:1
allocated block device:0x4006f25f7400 size:1024 thread:1
allocated block device:0x4006f25f7800 size:1024 thread:1
allocated block device:0x4006f25f7c00 size:3072 thread:1
allocated block device:0x4006f25f8800 size:3072 thread:1
allocated block device:0x4006f25f9400 size:1536 thread:1
allocated block device:0x4006f25f9a00 size:1536 thread:1
allocated block device:0x4006f25fa000 size:1024 thread:1
allocated block device:0x4006f25fa400 size:1024 thread:1
allocated block device:0x4006f25fa800 size:1024 thread:1
allocated block device:0x4006f25fac00 size:1024 thread:1
allocated block device:0x4006f25fb000 size:1024 thread:1
allocated block device:0x4006f25fb400 size:1024 thread:1
allocated block device:0x4006f25fb800 size:1024 thread:1
allocated block device:0x4006f25fbc00 size:1024 thread:1
allocated block device:0x4006f25fc000 size:1536 thread:1
allocated block device:0x4006f25fc600 size:1024 thread:1
allocated block device:0x4006f25fca00 size:512 thread:1
allocated block device:0x4006f25fcc00 size:2560 thread:1
allocated block device:0x4006f25fd600 size:3072 thread:1
allocated block device:0x4006f25ff600 size:2560 thread:1
allocated block device:0x4006f2600000 size:1821184 thread:1
allocated block device:0x4006f27bca00 size:180224 thread:1
allocated block device:0x4006f27e8a00 size:28672 thread:1
allocated block device:0x4006f27efa00 size:40448 thread:1
allocated block device:0x4006f27f9800 size:8192 thread:1
allocated block device:0x4006f27fb800 size:8192 thread:1
allocated block device:0x4006f27fd800 size:8192 thread:1
allocated block device:0x4006f27ff800 size:512 thread:1
allocated block device:0x4006f2800000 size:1821184 thread:1
allocated block device:0x4006f29bca00 size:180224 thread:1
allocated block device:0x4006f29e8a00 size:40448 thread:1
allocated block device:0x4006f29fe200 size:2048 thread:1
allocated block device:0x4006f2a00000 size:7284736 thread:1
allocated block device:0x4006f3200000 size:7284736 thread:1
allocated block device:0x4006f3a00000 size:45593600 thread:1
allocated block device:0x400700000000 size:807412224 thread:1
allocated block device:0x400730400000 size:230400000 thread:1
allocated block device:0x400760000000 size:230400000 thread:1
allocated block device:0x40076dc00000 size:230400000 thread:1
allocated block device:0x4007a0000000 size:230400000 thread:1
allocated block device:0x4007b4c00000 size:391680 thread:1
allocated block device:0x4007b4c5fa00 size:921600 thread:1
allocated block device:0x4007b4d40a00 size:393216 thread:1
allocated block device:0x4007b4e00000 size:2799616 thread:1
allocated block device:0x4007b5200000 size:4030464 thread:1
allocated block device:0x4007b5600000 size:7284736 thread:1
allocated block device:0x400b60000000 size:298674176 thread:1
allocated block device:0x400b838c0000 size:393216 thread:1
allocated block device:0x400b8fa00000 size:7284736 thread:1
allocated block device:0x400b92000000 size:1807360 thread:1
allocated block device:0x400b921b9400 size:181760 thread:1
allocated block device:0x400b921f5600 size:3072 thread:1
allocated block device:0x400b921f6200 size:3072 thread:1
allocated block device:0x400b92200000 size:1807360 thread:1
allocated block device:0x400b923b9400 size:181760 thread:1
allocated block device:0x400b923e5a00 size:98304 thread:1
allocated block device:0x400b92400000 size:1807360 thread:1
allocated block device:0x400b92600000 size:2799616 thread:1
allocated block device:0x400b92a00000 size:14458880 thread:1
allocated block device:0x400be0000000 size:298674176 thread:1
allocated block device:0x400bf1e00000 size:7284736 thread:1
allocated block device:0x400cb1e00000 size:230400000 thread:1
allocated block device:0x400cd1e00000 size:230400000 thread:1
allocated block device:0x400cf1e00000 size:230400000 thread:1
allocated block device:0x400d11e00000 size:29138944 thread:1
allocated block device:0x400d13a00000 size:29138944 thread:1
allocated block device:0x400d15600000 size:3145728 thread:1
allocated block device:0x400d15a00000 size:7284736 thread:1
allocated block device:0x400d16200000 size:7284736 thread:1
allocated block device:0x400d16a00000 size:14569472 thread:1
allocated block device:0x400d60000000 size:921600000 thread:1
Accelerator Fatal Error: call to cuMemAlloc returned error 2 (CUDA_ERROR_OUT_OF_MEMORY): Out of memory
 File: /lus/lfs1aip2/projects/u6cb/software/VASP/vasp.6.5.1/build/gam/fft_base.f90
 Function: restride_r2q_cmplx:945
 Line: 964

Out of memory allocating 921600000 bytes of device memory
Failing in Thread:1
total/free CUDA memory: 102005473280/310181888
Present table dump for device[1]: NVIDIA Tesla GPU 0, compute capability 9.0, threadid=1
Hint: specify 0x800 bit in NV_ACC_DEBUG for verbose info.
host:0x2557280 device:0x4005de5fc000 size:32 presentcount:0+3 line:643 name:var%comm
host:0x25572a0 device:0x4007b51ffa00 size:32 presentcount:0+4 line:652 name:var%comm_kinter
host:0x25572c0 device:0x4007b51ffc00 size:32 presentcount:0+6 line:655 name:var%comm_kin
host:0x25572e0 device:0x4007b51ff400 size:32 presentcount:0+3 line:646 name:var%comm_inter
host:0x2557300 device:0x4007b51ff600 size:32 presentcount:0+7 line:649 name:var%comm_inb
host:0x256be80 device:0x4005da0ecd00 size:8 presentcount:0+1 line:-1 name:_setexm_struct_def_21
host:0x2576f40 device:0x4005da0ece00 size:28 presentcount:0+1 line:-1 name:_ml_ff_constant_21
host:0x2577c80 device:0x4005da0ecf00 size:30437 presentcount:0+1 line:-1 name:_ml_ff_taglist_21
host:0x25afc80 device:0x4005da0f4600 size:8 presentcount:0+1 line:-1 name:_mopenacc_tutor_21
host:0x25c2740 device:0x4005da0f4a00 size:32 presentcount:0+1 line:-1 name:_mbj_21
host:0x25cd640 device:0x4005da0f4d00 size:8 presentcount:0+1 line:-1 name:_sym_prec_21
host:0x26030c0 device:0x4005da0f4e00 size:344 presentcount:0+1 line:-1 name:_tet_21
host:0x261c840 device:0x4005da0f5000 size:392 presentcount:0+1 line:-1 name:_mymath_21
host:0x2817368 device:0x4005de5eec00 size:4800 presentcount:0+2 line:614 name:var
host:0x2818628 device:0x4005de5fa400 size:1984 presentcount:0+2 line:403 name:var
host:0x281a910 device:0x4007753ff800 size:864 presentcount:0+4 line:2639 name:hamiltonian
host:0x286ac80 device:0x4005de5fd400 size:2712 presentcount:0+2 line:428 name:var
host:0x286b718 device:0x4007b51fae00 size:2248 presentcount:0+1 line:742 name:var
host:0x286eb50 device:0x4008327ff800 size:288 presentcount:0+1 line:195 name:latt_cur
host:0x2871658 device:0x4007d53fe400 size:5088 presentcount:0+28 line:517 name:var
host:0x2872a38 device:0x4008325f4800 size:5088 presentcount:0+6 line:517 name:var
host:0x2873e18 device:0x4008325e8a00 size:5088 presentcount:0+7 line:517 name:var
host:0x287a2a8 device:0x4007b51fe000 size:304 presentcount:0+1 line:567 name:var
host:0x287a3d8 device:0x4008325fca00 size:304 presentcount:0+1 line:567 name:var
host:0x2e48ec0 device:0x4005da002600 size:960024 presentcount:0+1 line:-1 name:_setexm_struct_def_16
host:0x2f8f080 device:0x4005da0f4700 size:580 presentcount:0+1 line:-1 name:_wpbe_16
host:0x2f8f900 device:0x4005da0f4b00 size:288 presentcount:0+1 line:-1 name:_mbj_16
host:0x9f446c0 device:0x4005da0f5200 size:624 presentcount:0+1 line:-1 name:_mlr_optic_16
host:0x4279dd30 device:0x4005de5fe200 size:8 presentcount:0+3 line:616 name:var%nityp(:)
host:0x4279deb0 device:0x4005de5eea00 size:16 presentcount:0+2 line:430 name:var%psrmax(:)
host:0x4279def0 device:0x4005de5fe000 size:8 presentcount:0+3 line:616 name:var%lmmax(:)
host:0x4279df20 device:0x4005de5fe400 size:8 presentcount:0+3 line:616 name:var%nt_global(:)
host:0x4279df50 device:0x4005de5ffe00 size:4 presentcount:0+2 line:616 name:var%nplwkp(:)
host:0x4279df80 device:0x4008323f7200 size:4 presentcount:0+2 line:616 name:var%nplwkp_tot(:)
host:0x4279dfb0 device:0x4008323fd200 size:4 presentcount:0+2 line:616 name:var%ngvector_pos(:)
host:0x4279dfe0 device:0x4005de5ffc00 size:4 presentcount:0+2 line:616 name:var%ngvector(:)
host:0x4279e010 device:0x4005de5fac00 size:8 presentcount:0+2 line:616 name:var%nb_totk(:,:)
host:0x4279e040 device:0x4008323fd400 size:4 presentcount:0+2 line:616 name:var%luseinv(:)
host:0x4279e070 device:0x4005de5ee600 size:4 presentcount:0+2 line:616 name:var%at_gamma(:)
host:0x4279e0a0 device:0x4008323fee00 size:8 presentcount:0+2 line:405 name:var%lmmax(:)
host:0x4279e0d0 device:0x4007b51ffe00 size:8 presentcount:0+2 line:430 name:var%lmax(:)
host:0x4279e100 device:0x4005de5ee400 size:8 presentcount:0+2 line:430 name:var%lmmax(:)
host:0x4279e130 device:0x4005de5ee800 size:8 presentcount:0+2 line:430 name:var%channels(:)
host:0x4279e160 device:0x4007d53ff800 size:16 presentcount:0+2 line:430 name:var%rsmooth(:)
host:0x4279e1a0 device:0x4007b51fcc00 size:4 presentcount:0+1 line:499 name:var%tbli(:)
host:0x4385dbc0 device:0x4005de5fe600 size:24 presentcount:0+3 line:616 name:var%vkpt(:,:)
host:0x4395cb70 device:0x4008325f7800 size:528 presentcount:0+1 line:480 name:var
host:0x47bad800 device:0x4007b51ff800 size:8 presentcount:0+4 line:405 name:var%nityp(:)
host:0x480ac010 device:0x4005de5f0a00 size:1000 presentcount:0+4 line:519 name:var%lpctz(:)
host:0x48522280 device:0x4005de5fe800 size:8 presentcount:0+2 line:616 name:var%wtkpt(:)
host:0x4852f110 device:0x4008327e8a00 size:28464 presentcount:0+1 line:853 name:var(:)
host:0x48541890 device:0x4008329e8a00 size:40000 presentcount:0+1 line:857 name:var%psp(:,:)
host:0x4854b500 device:0x4008327fd800 size:8000 presentcount:0+1 line:857 name:var%psprho(:)
host:0x4854e790 device:0x4008323f7400 size:24000 presentcount:0+2 line:466 name:var%psprnl(:,:,:)
host:0x4857e170 device:0x4008323ef000 size:4320 presentcount:0+4 line:405 name:var%ityp(:)
host:0x4857f280 device:0x4008323e8a00 size:25920 presentcount:0+4 line:405 name:var%posion(:,:)
host:0x485c25e0 device:0x4008327efa00 size:40000 presentcount:0+1 line:857 name:var%psp(:,:)
host:0x485cc250 device:0x4008327f9800 size:8000 presentcount:0+1 line:857 name:var%pspcor(:)
host:0x485ce1c0 device:0x4008327fb800 size:8000 presentcount:0+1 line:857 name:var%psprho(:)
host:0x485d1450 device:0x4008323f1400 size:24000 presentcount:0+2 line:466 name:var%psprnl(:,:,:)
host:0x4861e410 device:0x4007d53ffc00 size:24 presentcount:0+3 line:466 name:var%lps(:)
host:0x4861e4c0 device:0x4007b51fb800 size:24 presentcount:0+3 line:466 name:var%lps(:)
host:0x4868d900 device:0x4005de5fea00 size:4320 presentcount:0+3 line:616 name:var%ityp(:)
host:0x4868ea10 device:0x4005de5fc200 size:4320 presentcount:0+3 line:616 name:var%npro_pos(:)
host:0x4868fb20 device:0x4005de5fae00 size:4324 presentcount:0+3 line:616 name:var%lmbase(:)
host:0x48690c30 device:0x4005de5f0000 size:1280 presentcount:0+4 line:519 name:var%lpctx(:)
host:0x48691160 device:0x4005de5f0600 size:720 presentcount:0+4 line:519 name:var%lpcty(:)
host:0x48691460 device:0x4005de5f0e00 size:1280 presentcount:0+4 line:519 name:var%lpctx_(:)
host:0x48691990 device:0x4005de5f1400 size:720 presentcount:0+4 line:519 name:var%lpcty_(:)
host:0x48691c90 device:0x4005de5f1800 size:1000 presentcount:0+4 line:519 name:var%lpctz_(:)
host:0x486920a0 device:0x4008325f5c00 size:1280 presentcount:0+1 line:519 name:var%lpctx(:)
host:0x486925d0 device:0x4008325f6200 size:720 presentcount:0+1 line:519 name:var%lpcty(:)
host:0x486928d0 device:0x4008325f6600 size:1000 presentcount:0+1 line:519 name:var%lpctz(:)
host:0x48692ce0 device:0x4008325f6a00 size:1280 presentcount:0+1 line:519 name:var%lpctx_(:)
host:0x48693210 device:0x4008325f7000 size:720 presentcount:0+1 line:519 name:var%lpcty_(:)
host:0x48693510 device:0x4008325f7400 size:1000 presentcount:0+1 line:519 name:var%lpctz_(:)
host:0x48693920 device:0x4008323fd600 size:2560 presentcount:0+1 line:519 name:var%lpctx(:)
host:0x48694350 device:0x4008323ff000 size:1440 presentcount:0+1 line:519 name:var%lpcty(:)
host:0x48694920 device:0x4008323fe200 size:2000 presentcount:0+1 line:519 name:var%lpctz(:)
host:0x48695120 device:0x4008323ff600 size:2560 presentcount:0+1 line:519 name:var%lpctx_(:)
host:0x48695b50 device:0x4008325e9e00 size:1440 presentcount:0+1 line:519 name:var%lpcty_(:)
host:0x48696120 device:0x4008325ea400 size:2000 presentcount:0+1 line:519 name:var%lpctz_(:)
host:0x48782200 device:0x4008325ee800 size:2824 presentcount:0+1 line:482 name:var%i2(:)
host:0x48782d30 device:0x4008325ef400 size:2824 presentcount:0+1 line:482 name:var%i3(:)
host:0x48783860 device:0x4008325f0000 size:5020 presentcount:0+1 line:482 name:var%i2(:)
host:0x48784c30 device:0x4008325f1400 size:5020 presentcount:0+1 line:482 name:var%i3(:)
host:0x48786000 device:0x4008325eac00 size:7200 presentcount:0+2 line:482 name:var%i2(:)
host:0x48787c50 device:0x4008325eca00 size:7200 presentcount:0+2 line:482 name:var%i3(:)
host:0x48789cc0 device:0x4008bb85fa00 size:921600 presentcount:0+2 line:482 name:var%index(:,:)
host:0x4886acf0 device:0x4008325fcc00 size:2560 presentcount:0+1 line:569 name:var%ind1(:)
host:0x4886b720 device:0x4008325fd600 size:2824 presentcount:0+1 line:569 name:var%indcol(:)
host:0x4886c250 device:0x4008325f7c00 size:2824 presentcount:0+1 line:482 name:var%i2(:)
host:0x4886cd80 device:0x4008325f8800 size:2824 presentcount:0+1 line:482 name:var%i3(:)
host:0x4886d8b0 device:0x4008325f9400 size:1512 presentcount:0+1 line:482 name:var%i2(:)
host:0x4886dec0 device:0x4008325f9a00 size:1512 presentcount:0+1 line:482 name:var%i3(:)
host:0x4886e4d0 device:0x4007b51fba00 size:4320 presentcount:0+2 line:430 name:var%nlimax(:)
host:0x4886f5e0 device:0x4007b51fce00 size:4324 presentcount:0+2 line:430 name:var%lmbase(:)
host:0x488706f0 device:0x4007b51fe200 size:4324 presentcount:0+2 line:430 name:var%nlibase(:)
host:0x48871800 device:0x4005de5f1c00 size:17132 presentcount:0+4 line:519 name:var%nindpwconjg(:)
host:0x48875b20 device:0x4005de5f6000 size:17132 presentcount:0+4 line:519 name:var%ind_in_sphere(:)
host:0x4887ad70 device:0x4008325fa400 size:516 presentcount:0+1 line:499 name:var%ptr(:)
host:0x4887afa0 device:0x4008325fa000 size:516 presentcount:0+1 line:499 name:var%n(:)
host:0x4887b1d0 device:0x400c921b9400 size:181440 presentcount:0+1 line:499 name:var%tbli(:)
host:0x488a76c0 device:0x4008325fac00 size:516 presentcount:0+1 line:499 name:var%ptri(:)
host:0x488a7a40 device:0x4008325fc000 size:1280 presentcount:0+1 line:569 name:var%ind1(:)
host:0x488a7f70 device:0x4008325fc600 size:688 presentcount:0+1 line:569 name:var%indcol(:)
host:0x488a8250 device:0x40070a12e800 size:180000 presentcount:0+4 line:482 name:var%i2(:)
host:0x488d41a0 device:0x40070a15a800 size:180000 presentcount:0+4 line:482 name:var%i3(:)
host:0x489000f0 device:0x4008323bca00 size:180000 presentcount:0+8 line:482 name:var%index(:,:)
host:0x4892c040 device:0x4008329bca00 size:180000 presentcount:0+8 line:482 name:var%i2(:)
host:0x48957f90 device:0x40070a186800 size:180000 presentcount:0+8 line:482 name:var%i3(:)
host:0x48984510 device:0x400832400000 size:1821184 presentcount:0+3 line:616 name:var%nindpw(:,:)
host:0x48b40f40 device:0x4008325bca00 size:180000 presentcount:0+3 line:616 name:var%pl_index(:,:)
host:0x48b6ce90 device:0x4008327bca00 size:180000 presentcount:0+3 line:616 name:var%pl_col(:,:)
host:0x48b98de0 device:0x4008323f0200 size:4324 presentcount:0+2 line:405 name:var%lmbase(:)
host:0x48b99ef0 device:0x4007d53ffa00 size:400 presentcount:0+2 line:464 name:var
host:0x48b9a080 device:0x4007d53ffe00 size:400 presentcount:0+2 line:464 name:var
host:0x48c0aaa0 device:0x4008bb800000 size:220160 presentcount:0+1 line:499 name:var%tbl(:)
host:0x48c76300 device:0x4008325fa800 size:516 presentcount:0+1 line:499 name:var%ni(:)
host:0x48c76530 device:0x400c923b9400 size:181440 presentcount:0+1 line:499 name:var%tbl(:)
host:0x48ca2a20 device:0x4008325fb400 size:516 presentcount:0+1 line:499 name:var%ptr(:)
host:0x48ca2c50 device:0x4008325fb000 size:516 presentcount:0+1 line:499 name:var%n(:)
host:0x48ca7af0 device:0x4008325f3c00 size:516 presentcount:0+1 line:499 name:var%ptr(:)
host:0x48ca7d20 device:0x4008325f3800 size:516 presentcount:0+1 line:499 name:var%n(:)
host:0x48ca7f50 device:0x4008325f4400 size:516 presentcount:0+1 line:499 name:var%ptri(:)
host:0x48ca8180 device:0x4008325f4000 size:516 presentcount:0+1 line:499 name:var%ni(:)
host:0x48ccf370 device:0x4008325fbc00 size:516 presentcount:0+1 line:499 name:var%ptri(:)
host:0x48ccf5a0 device:0x4008325fb800 size:516 presentcount:0+1 line:499 name:var%ni(:)
host:0x48cd3020 device:0x4008325f2c00 size:516 presentcount:0+1 line:499 name:var%ptr(:)
host:0x48cd3250 device:0x4008325f2800 size:516 presentcount:0+1 line:499 name:var%n(:)
host:0x48cd3480 device:0x4008325f3400 size:516 presentcount:0+1 line:499 name:var%ptri(:)
host:0x48cd36b0 device:0x4008325f3000 size:516 presentcount:0+1 line:499 name:var%ni(:)
host:0x48e19ab0 device:0x4008bc200000 size:7284736 presentcount:0+3 line:616 name:var%datake(:,:,:)
host:0x4950cd30 device:0x400832600000 size:1821184 presentcount:0+3 line:616 name:var%igx(:,:)
host:0x496ca3c0 device:0x400832200000 size:1821184 presentcount:0+3 line:616 name:var%igy(:,:)
host:0x49887c60 device:0x400832800000 size:1821184 presentcount:0+3 line:616 name:var%igz(:,:)
host:0x49a45b30 device:0x400833200000 size:7284272 presentcount:0+4 line:519 name:var%fftsca(:,:)
host:0x4a1df870 device:0x4008bba00000 size:1807360 presentcount:0+1 line:499 name:var%tbl(:)
host:0x4a555460 device:0x400c92000000 size:1807200 presentcount:0+1 line:499 name:var%tbli(:)
host:0x4a7104d0 device:0x400c92200000 size:1807200 presentcount:0+1 line:499 name:var%tbl(:)
host:0x4aa86be0 device:0x400c92400000 size:1807200 presentcount:0+1 line:499 name:var%tbli(:)
host:0x4b6c2420 device:0x4005de5e4000 size:41984 presentcount:0+2 line:746 name:var%fertot(:,:,:)
host:0x4b6e2420 device:0x4007d53f4000 size:41984 presentcount:0+1 line:746 name:var%auxtot(:,:,:)
host:0x4b6f0030 device:0x40070a11a000 size:83968 presentcount:0+2 line:746 name:var%celtot(:,:,:)
host:0x4c7382f0 device:0x400832a00000 size:7200000 presentcount:0+1 line:195 name:dencor(:)
host:0x4d5025e0 device:0x400831e00000 size:2799360 presentcount:0+2 line:194 name:cdij(:,:,:,:)
host:0x4d7b1d00 device:0x400c92600000 size:2799360 presentcount:0+2 line:194 name:cqij(:,:,:,:)
host:0x4dd119b0 device:0x4008bbe00000 size:4030464 presentcount:0+5 line:746 name:var%gproj(:,:,:,:)
host:0x4e3a0780 device:0x40070a1ca800 size:98304 presentcount:0+1 line:1101 name:w1%gproj(:)
host:0x5526d770 device:0x4008bb940a00 size:393216 presentcount:0+2 line:1226 name:wa%gproj(:,:)
host:0x552cd7a0 device:0x400c838c0000 size:393216 presentcount:0+2 line:1226 name:wa%gproj(:,:)
host:0x55334730 device:0x400e15600000 size:3145728 presentcount:0+2 line:1226 name:wa%gproj(:,:)
host:0x5954b3b0 device:0x4008329fe200 size:2048 presentcount:0+1 line:179 name:w1(:)
host:0x5954bbd0 device:0x400c921f5600 size:2048 presentcount:0+1 line:179 name:wtmp(:)
host:0x59581570 device:0x400cf1e00000 size:7284736 presentcount:0+1 line:1101 name:w1%cptwfp(:)
host:0x59c73da0 device:0x40070a1b2800 size:98304 presentcount:0+1 line:1101 name:w1%gproj(:)
host:0x59c8bdd0 device:0x400c923e5a00 size:98304 presentcount:0+1 line:1101 name:w1%gproj(:)
host:0x59ca3e00 device:0x40070a1e2800 size:98304 presentcount:0+1 line:1101 name:w1%gproj(:)
host:0x59ec7220 device:0x400e16a00000 size:14569472 presentcount:0+1 line:202 name:precon(:,:)
host:0x5acb39f0 device:0x400c8fa00000 size:7284736 presentcount:0+1 line:1101 name:w1%cptwfp(:)
host:0x5b3adff0 device:0x400e15a00000 size:7284736 presentcount:0+1 line:1101 name:w1%cptwfp(:)
host:0x5baa8c20 device:0x400e16200000 size:7284736 presentcount:0+1 line:1101 name:w1%cptwfp(:)
host:0x4005b23039e0 device:0x400c92a00000 size:14458880 presentcount:0+1 line:195 name:cstrf(:,:)
host:0x4006680010a0 device:0x400833a00000 size:45593280 presentcount:0+2 line:430 name:var%nli(:,:)
host:0x40066ce931a0 device:0x4008a0000000 size:230400000 presentcount:0+2 line:194 name:sv(:,:)
host:0x4007200012b0 device:0x400840000000 size:807411968 presentcount:0+2 line:430 name:var%rproj(:)
host:0x400750216950 device:0x400e11e00000 size:29138944 presentcount:0+2 line:1226 name:wa%cptwfp(:,:)
host:0x400751df6b60 device:0x400e13a00000 size:29138944 presentcount:0+2 line:1226 name:wa%cptwfp(:,:)
host:0x400800004a60 device:0x400820000000 size:298674176 presentcount:0+5 line:746 name:var%cptwfp(:,:,:,:)
host:0x400891ce6d70 device:0x400ce0000000 size:233111552 presentcount:0+2 line:1226 name:wa%cptwfp(:,:)
host:0x4009200073a0 device:0x400620000000 size:230400000 presentcount:0+1 line:1101 name:w1%cr(:)
host:0x40092dbd75b0 device:0x400870400000 size:230400000 presentcount:0+1 line:1236 name:w1%cr(:)
host:0x400b400079d0 device:0x4008adc00000 size:230400000 presentcount:0+1 line:1101 name:w1%cr(:)
host:0x400b4dbd7be0 device:0x4007f1000000 size:230400000 presentcount:0+1 line:1236 name:w1%cr(:)
host:0x400c40008000 device:0x400c60000000 size:230400000 presentcount:0+1 line:1101 name:w1%cr(:)
host:0x400c4dbd8210 device:0x400df1e00000 size:230400000 presentcount:0+1 line:1236 name:w1%cr(:)
host:0x400cc0000020 device:0x400dd1e00000 size:230400000 presentcount:0+1 line:1101 name:w1%cr(:)
host:0x400ccdbc0230 device:0x400db1e00000 size:230400000 presentcount:0+1 line:1236 name:w1%cr(:)
host:0xfffff4743f70 device:0x400c921f6200 size:3024 presentcount:0+12 line:682 name:var
host:0xfffff4744b40 device:0x4007953ff600 size:1480 presentcount:0+1 line:174 name:w_ini
host:0xfffff4745110 device:0x4008325ff600 size:1480 presentcount:0+1 line:174 name:wopt
host:0xfffff47456e0 device:0x4007b51fa400 size:1480 presentcount:0+1 line:174 name:wtmpa
allocated block device:0x4005de5e4000 size:41984 thread:1
allocated block device:0x4005de5ee400 size:512 thread:1
allocated block device:0x4005de5ee600 size:512 thread:1
allocated block device:0x4005de5ee800 size:512 thread:1
allocated block device:0x4005de5eea00 size:512 thread:1
allocated block device:0x4005de5eec00 size:5120 thread:1
allocated block device:0x4005de5f0000 size:1536 thread:1
allocated block device:0x4005de5f0600 size:1024 thread:1
allocated block device:0x4005de5f0a00 size:1024 thread:1
allocated block device:0x4005de5f0e00 size:1536 thread:1
allocated block device:0x4005de5f1400 size:1024 thread:1
allocated block device:0x4005de5f1800 size:1024 thread:1
allocated block device:0x4005de5f1c00 size:17408 thread:1
allocated block device:0x4005de5f6000 size:17408 thread:1
allocated block device:0x4005de5fa400 size:2048 thread:1
allocated block device:0x4005de5fac00 size:512 thread:1
allocated block device:0x4005de5fae00 size:4608 thread:1
allocated block device:0x4005de5fc000 size:512 thread:1
allocated block device:0x4005de5fc200 size:4608 thread:1
allocated block device:0x4005de5fd400 size:3072 thread:1
allocated block device:0x4005de5fe000 size:512 thread:1
allocated block device:0x4005de5fe200 size:512 thread:1
allocated block device:0x4005de5fe400 size:512 thread:1
allocated block device:0x4005de5fe600 size:512 thread:1
allocated block device:0x4005de5fe800 size:512 thread:1
allocated block device:0x4005de5fea00 size:4608 thread:1
allocated block device:0x4005de5ffc00 size:512 thread:1
allocated block device:0x4005de5ffe00 size:512 thread:1
allocated block device:0x400620000000 size:230400000 thread:1
allocated block device:0x40070a11a000 size:83968 thread:1
allocated block device:0x40070a12e800 size:180224 thread:1
allocated block device:0x40070a15a800 size:180224 thread:1
allocated block device:0x40070a186800 size:180224 thread:1
allocated block device:0x40070a1b2800 size:98304 thread:1
allocated block device:0x40070a1ca800 size:98304 thread:1
allocated block device:0x40070a1e2800 size:98304 thread:1
allocated block device:0x4007753ff800 size:1024 thread:1
allocated block device:0x4007953ff600 size:1536 thread:1
allocated block device:0x4007b51fa400 size:2048 thread:1
allocated block device:0x4007b51fae00 size:2560 thread:1
allocated block device:0x4007b51fb800 size:512 thread:1
allocated block device:0x4007b51fba00 size:4608 thread:1
allocated block device:0x4007b51fcc00 size:512 thread:1
allocated block device:0x4007b51fce00 size:4608 thread:1
allocated block device:0x4007b51fe000 size:512 thread:1
allocated block device:0x4007b51fe200 size:4608 thread:1
allocated block device:0x4007b51ff400 size:512 thread:1
allocated block device:0x4007b51ff600 size:512 thread:1
allocated block device:0x4007b51ff800 size:512 thread:1
allocated block device:0x4007b51ffa00 size:512 thread:1
allocated block device:0x4007b51ffc00 size:512 thread:1
allocated block device:0x4007b51ffe00 size:512 thread:1
allocated block device:0x4007d53f4000 size:41984 thread:1
allocated block device:0x4007d53fe400 size:5120 thread:1
allocated block device:0x4007d53ff800 size:512 thread:1
allocated block device:0x4007d53ffa00 size:512 thread:1
allocated block device:0x4007d53ffc00 size:512 thread:1
allocated block device:0x4007d53ffe00 size:512 thread:1
allocated block device:0x4007f1000000 size:230400000 thread:1
allocated block device:0x400820000000 size:298674176 thread:1
allocated block device:0x400831e00000 size:4030464 thread:1
allocated block device:0x400832200000 size:1821184 thread:1
allocated block device:0x4008323bca00 size:180224 thread:1
allocated block device:0x4008323e8a00 size:26112 thread:1
allocated block device:0x4008323ef000 size:4608 thread:1
allocated block device:0x4008323f0200 size:4608 thread:1
allocated block device:0x4008323f1400 size:24064 thread:1
allocated block device:0x4008323f7200 size:512 thread:1
allocated block device:0x4008323f7400 size:24064 thread:1
allocated block device:0x4008323fd200 size:512 thread:1
allocated block device:0x4008323fd400 size:512 thread:1
allocated block device:0x4008323fd600 size:3072 thread:1
allocated block device:0x4008323fe200 size:3072 thread:1
allocated block device:0x4008323fee00 size:512 thread:1
allocated block device:0x4008323ff000 size:1536 thread:1
allocated block device:0x4008323ff600 size:2560 thread:1
allocated block device:0x400832400000 size:1821184 thread:1
allocated block device:0x4008325bca00 size:180224 thread:1
allocated block device:0x4008325e8a00 size:5120 thread:1
allocated block device:0x4008325e9e00 size:1536 thread:1
allocated block device:0x4008325ea400 size:2048 thread:1
allocated block device:0x4008325eac00 size:7680 thread:1
allocated block device:0x4008325eca00 size:7680 thread:1
allocated block device:0x4008325ee800 size:3072 thread:1
allocated block device:0x4008325ef400 size:3072 thread:1
allocated block device:0x4008325f0000 size:5120 thread:1
allocated block device:0x4008325f1400 size:5120 thread:1
allocated block device:0x4008325f2800 size:1024 thread:1
allocated block device:0x4008325f2c00 size:1024 thread:1
allocated block device:0x4008325f3000 size:1024 thread:1
allocated block device:0x4008325f3400 size:1024 thread:1
allocated block device:0x4008325f3800 size:1024 thread:1
allocated block device:0x4008325f3c00 size:1024 thread:1
allocated block device:0x4008325f4000 size:1024 thread:1
allocated block device:0x4008325f4400 size:1024 thread:1
allocated block device:0x4008325f4800 size:5120 thread:1
allocated block device:0x4008325f5c00 size:1536 thread:1
allocated block device:0x4008325f6200 size:1024 thread:1
allocated block device:0x4008325f6600 size:1024 thread:1
allocated block device:0x4008325f6a00 size:1536 thread:1
allocated block device:0x4008325f7000 size:1024 thread:1
allocated block device:0x4008325f7400 size:1024 thread:1
allocated block device:0x4008325f7800 size:1024 thread:1
allocated block device:0x4008325f7c00 size:3072 thread:1
allocated block device:0x4008325f8800 size:3072 thread:1
allocated block device:0x4008325f9400 size:1536 thread:1
allocated block device:0x4008325f9a00 size:1536 thread:1
allocated block device:0x4008325fa000 size:1024 thread:1
allocated block device:0x4008325fa400 size:1024 thread:1
allocated block device:0x4008325fa800 size:1024 thread:1
allocated block device:0x4008325fac00 size:1024 thread:1
allocated block device:0x4008325fb000 size:1024 thread:1
allocated block device:0x4008325fb400 size:1024 thread:1
allocated block device:0x4008325fb800 size:1024 thread:1
allocated block device:0x4008325fbc00 size:1024 thread:1
allocated block device:0x4008325fc000 size:1536 thread:1
allocated block device:0x4008325fc600 size:1024 thread:1
allocated block device:0x4008325fca00 size:512 thread:1
allocated block device:0x4008325fcc00 size:2560 thread:1
allocated block device:0x4008325fd600 size:3072 thread:1
allocated block device:0x4008325ff600 size:2560 thread:1
allocated block device:0x400832600000 size:1821184 thread:1
allocated block device:0x4008327bca00 size:180224 thread:1
allocated block device:0x4008327e8a00 size:28672 thread:1
allocated block device:0x4008327efa00 size:40448 thread:1
allocated block device:0x4008327f9800 size:8192 thread:1
allocated block device:0x4008327fb800 size:8192 thread:1
allocated block device:0x4008327fd800 size:8192 thread:1
allocated block device:0x4008327ff800 size:512 thread:1
allocated block device:0x400832800000 size:1821184 thread:1
allocated block device:0x4008329bca00 size:180224 thread:1
allocated block device:0x4008329e8a00 size:40448 thread:1
allocated block device:0x4008329fe200 size:2048 thread:1
allocated block device:0x400832a00000 size:7284736 thread:1
allocated block device:0x400833200000 size:7284736 thread:1
allocated block device:0x400833a00000 size:45593600 thread:1
allocated block device:0x400840000000 size:807412224 thread:1
allocated block device:0x400870400000 size:230400000 thread:1
allocated block device:0x4008a0000000 size:230400000 thread:1
allocated block device:0x4008adc00000 size:230400000 thread:1
allocated block device:0x4008bb800000 size:391680 thread:1
allocated block device:0x4008bb85fa00 size:921600 thread:1
allocated block device:0x4008bb940a00 size:393216 thread:1
allocated block device:0x4008bba00000 size:2799616 thread:1
allocated block device:0x4008bbe00000 size:4030464 thread:1
allocated block device:0x4008bc200000 size:7284736 thread:1
allocated block device:0x400c60000000 size:298674176 thread:1
allocated block device:0x400c838c0000 size:393216 thread:1
allocated block device:0x400c8fa00000 size:7284736 thread:1
allocated block device:0x400c92000000 size:1807360 thread:1
allocated block device:0x400c921b9400 size:181760 thread:1
allocated block device:0x400c921f5600 size:3072 thread:1
allocated block device:0x400c921f6200 size:3072 thread:1
allocated block device:0x400c92200000 size:1807360 thread:1
allocated block device:0x400c923b9400 size:181760 thread:1
allocated block device:0x400c923e5a00 size:98304 thread:1
allocated block device:0x400c92400000 size:1807360 thread:1
allocated block device:0x400c92600000 size:2799616 thread:1
allocated block device:0x400c92a00000 size:14458880 thread:1
allocated block device:0x400ce0000000 size:298674176 thread:1
allocated block device:0x400cf1e00000 size:7284736 thread:1
allocated block device:0x400db1e00000 size:230400000 thread:1
allocated block device:0x400dd1e00000 size:230400000 thread:1
allocated block device:0x400df1e00000 size:230400000 thread:1
allocated block device:0x400e11e00000 size:29138944 thread:1
allocated block device:0x400e13a00000 size:29138944 thread:1
allocated block device:0x400e15600000 size:3145728 thread:1
allocated block device:0x400e15a00000 size:7284736 thread:1
allocated block device:0x400e16200000 size:7284736 thread:1
allocated block device:0x400e16a00000 size:14569472 thread:1
Accelerator Fatal Error: call to cuMemAlloc returned error 2 (CUDA_ERROR_OUT_OF_MEMORY): Out of memory
 File: /lus/lfs1aip2/projects/u6cb/software/VASP/vasp.6.5.1/build/gam/hamil.f90
 Function: hamiltmu:978
 Line: 1005

Out of memory allocating 921600000 bytes of device memory
Failing in Thread:1
total/free CUDA memory: 102005473280/538902528
Present table dump for device[1]: NVIDIA Tesla GPU 0, compute capability 9.0, threadid=1
Hint: specify 0x800 bit in NV_ACC_DEBUG for verbose info.
host:0x2557280 device:0x40067e3fd800 size:32 presentcount:0+3 line:643 name:var%comm
host:0x25572a0 device:0x40067e3ef600 size:32 presentcount:0+4 line:652 name:var%comm_kinter
host:0x25572c0 device:0x40067e3ef800 size:32 presentcount:0+6 line:655 name:var%comm_kin
host:0x25572e0 device:0x4008671ffa00 size:32 presentcount:0+3 line:646 name:var%comm_inter
host:0x2557300 device:0x4008671ffc00 size:32 presentcount:0+7 line:649 name:var%comm_inb
host:0x256be80 device:0x40067a0ecd00 size:8 presentcount:0+1 line:-1 name:_setexm_struct_def_21
host:0x2576f40 device:0x40067a0ece00 size:28 presentcount:0+1 line:-1 name:_ml_ff_constant_21
host:0x2577c80 device:0x40067a0ecf00 size:30437 presentcount:0+1 line:-1 name:_ml_ff_taglist_21
host:0x25afc80 device:0x40067a0f4600 size:8 presentcount:0+1 line:-1 name:_mopenacc_tutor_21
host:0x25c2740 device:0x40067a0f4a00 size:32 presentcount:0+1 line:-1 name:_mbj_21
host:0x25cd640 device:0x40067a0f4d00 size:8 presentcount:0+1 line:-1 name:_sym_prec_21
host:0x26030c0 device:0x40067a0f4e00 size:344 presentcount:0+1 line:-1 name:_tet_21
host:0x261c840 device:0x40067a0f5000 size:392 presentcount:0+1 line:-1 name:_mymath_21
host:0x2817368 device:0x40067e3f0400 size:4800 presentcount:0+2 line:614 name:var
host:0x2818628 device:0x40067e3fbc00 size:1984 presentcount:0+2 line:403 name:var
host:0x281a910 device:0x4008471ffa00 size:864 presentcount:0+4 line:2639 name:hamiltonian
host:0x286ac80 device:0x40067e3fec00 size:2712 presentcount:0+2 line:428 name:var
host:0x286b718 device:0x4008671fc600 size:2248 presentcount:0+1 line:742 name:var
host:0x286eb50 device:0x400d721ffc00 size:288 presentcount:0+1 line:195 name:latt_cur
host:0x2871658 device:0x4008871fe400 size:5088 presentcount:0+28 line:517 name:var
host:0x2872a38 device:0x4008d25f6000 size:5088 presentcount:0+6 line:517 name:var
host:0x2873e18 device:0x4008d25e9600 size:5088 presentcount:0+7 line:517 name:var
host:0x287a2a8 device:0x4008671ff800 size:304 presentcount:0+1 line:567 name:var
host:0x287a3d8 device:0x4008d25fe200 size:304 presentcount:0+1 line:567 name:var
host:0x2e48ec0 device:0x40067a002600 size:960024 presentcount:0+1 line:-1 name:_setexm_struct_def_16
host:0x2f8f080 device:0x40067a0f4700 size:580 presentcount:0+1 line:-1 name:_wpbe_16
host:0x2f8f900 device:0x40067a0f4b00 size:288 presentcount:0+1 line:-1 name:_mbj_16
host:0x9f446c0 device:0x40067a0f5200 size:624 presentcount:0+1 line:-1 name:_mlr_optic_16
host:0x21989490 device:0x4008d25f9000 size:528 presentcount:0+1 line:480 name:var
host:0x219896d0 device:0x4008d25fde00 size:732 presentcount:0+1 line:569 name:var%indcol(:)
host:0x25a48440 device:0x4008871ffa00 size:400 presentcount:0+2 line:464 name:var
host:0x25a485d0 device:0x4008871ffe00 size:400 presentcount:0+2 line:464 name:var
host:0x2a0e0090 device:0x4008671ffe00 size:8 presentcount:0+4 line:405 name:var%nityp(:)
host:0x2a5de8a0 device:0x40067e3f2200 size:1000 presentcount:0+4 line:519 name:var%lpctz(:)
host:0x2aa61aa0 device:0x4008d27e8a00 size:28464 presentcount:0+1 line:853 name:var(:)
host:0x2aa74200 device:0x4008d29e8a00 size:40000 presentcount:0+1 line:857 name:var%psp(:,:)
host:0x2aa7de70 device:0x400d723fbc00 size:8000 presentcount:0+1 line:857 name:var%psprho(:)
host:0x2aa81100 device:0x4008d23f8c00 size:24000 presentcount:0+2 line:466 name:var%psprnl(:,:,:)
host:0x2aab0ae0 device:0x4008d23f0400 size:4320 presentcount:0+4 line:405 name:var%ityp(:)
host:0x2aab1bf0 device:0x4008d23e8a00 size:25920 presentcount:0+4 line:405 name:var%posion(:,:)
host:0x2aaf4dc0 device:0x400d721fbc00 size:8000 presentcount:0+1 line:857 name:var%pspcor(:)
host:0x2aaf6d30 device:0x400d721fdc00 size:8000 presentcount:0+1 line:857 name:var%psprho(:)
host:0x2aafa8a0 device:0x4008d27efa00 size:40000 presentcount:0+1 line:857 name:var%psp(:,:)
host:0x2ab04510 device:0x4008d23f2a00 size:24000 presentcount:0+2 line:466 name:var%psprnl(:,:,:)
host:0x2ab17740 device:0x4008d25fbc00 size:516 presentcount:0+1 line:499 name:var%ptr(:)
host:0x2ab445c0 device:0x4008871ffc00 size:24 presentcount:0+3 line:466 name:var%lps(:)
host:0x2ab44670 device:0x4008671fd000 size:24 presentcount:0+3 line:466 name:var%lps(:)
host:0x2aba0070 device:0x40067e3ffe00 size:24 presentcount:0+3 line:616 name:var%vkpt(:,:)
host:0x2abc5190 device:0x4008d23ef000 size:8 presentcount:0+2 line:616 name:var%wtkpt(:)
host:0x2abc51c0 device:0x40067e3ffa00 size:8 presentcount:0+3 line:616 name:var%nityp(:)
host:0x2abc5380 device:0x40067e3f0200 size:16 presentcount:0+2 line:430 name:var%psrmax(:)
host:0x2abc5940 device:0x4008d23ef200 size:4320 presentcount:0+3 line:616 name:var%ityp(:)
host:0x2abc6a50 device:0x40067e3ff800 size:8 presentcount:0+3 line:616 name:var%lmmax(:)
host:0x2abc6a80 device:0x40067e3ffc00 size:8 presentcount:0+3 line:616 name:var%nt_global(:)
host:0x2abc6ab0 device:0x40067e3fda00 size:4320 presentcount:0+3 line:616 name:var%npro_pos(:)
host:0x2abc7bc0 device:0x40067e3fc600 size:4324 presentcount:0+3 line:616 name:var%lmbase(:)
host:0x2abc8cd0 device:0x4008d23f8800 size:4 presentcount:0+2 line:616 name:var%nplwkp(:)
host:0x2abc8d00 device:0x4008d23f8a00 size:4 presentcount:0+2 line:616 name:var%nplwkp_tot(:)
host:0x2abc8d30 device:0x4008d23fea00 size:4 presentcount:0+2 line:616 name:var%ngvector_pos(:)
host:0x2abc8d60 device:0x4008d23f2800 size:4 presentcount:0+2 line:616 name:var%ngvector(:)
host:0x2abc8d90 device:0x40067e3f1800 size:1280 presentcount:0+4 line:519 name:var%lpctx(:)
host:0x2abc92c0 device:0x40067e3f1e00 size:720 presentcount:0+4 line:519 name:var%lpcty(:)
host:0x2abc95c0 device:0x40067e3f2600 size:1280 presentcount:0+4 line:519 name:var%lpctx_(:)
host:0x2abc9af0 device:0x40067e3f2c00 size:720 presentcount:0+4 line:519 name:var%lpcty_(:)
host:0x2abc9df0 device:0x40067e3f3000 size:1000 presentcount:0+4 line:519 name:var%lpctz_(:)
host:0x2abca200 device:0x4008d25f7400 size:1280 presentcount:0+1 line:519 name:var%lpctx(:)
host:0x2abca730 device:0x4008d25f7a00 size:720 presentcount:0+1 line:519 name:var%lpcty(:)
host:0x2abcaa30 device:0x4008d25f7e00 size:1000 presentcount:0+1 line:519 name:var%lpctz(:)
host:0x2abcae40 device:0x4008d25f8200 size:1280 presentcount:0+1 line:519 name:var%lpctx_(:)
host:0x2abcb370 device:0x4008d25f8800 size:720 presentcount:0+1 line:519 name:var%lpcty_(:)
host:0x2abcb670 device:0x4008d25f8c00 size:1000 presentcount:0+1 line:519 name:var%lpctz_(:)
host:0x2abcba80 device:0x4008d23fee00 size:2560 presentcount:0+1 line:519 name:var%lpctx(:)
host:0x2abcc4b0 device:0x4008d25eaa00 size:1440 presentcount:0+1 line:519 name:var%lpcty(:)
host:0x2abcca80 device:0x4008d25e8a00 size:2000 presentcount:0+1 line:519 name:var%lpctz(:)
host:0x2abcd280 device:0x4008d25eb000 size:2560 presentcount:0+1 line:519 name:var%lpctx_(:)
host:0x2abcdcb0 device:0x4008d25eba00 size:1440 presentcount:0+1 line:519 name:var%lpcty_(:)
host:0x2abce280 device:0x4008d25ec000 size:2000 presentcount:0+1 line:519 name:var%lpctz_(:)
host:0x2acba360 device:0x4008d25f0400 size:2824 presentcount:0+1 line:482 name:var%i2(:)
host:0x2acbae90 device:0x4008d25f1000 size:2824 presentcount:0+1 line:482 name:var%i3(:)
host:0x2acbb9c0 device:0x4008d25f1c00 size:5020 presentcount:0+1 line:482 name:var%i2(:)
host:0x2acbcd90 device:0x4008d25f3000 size:5020 presentcount:0+1 line:482 name:var%i3(:)
host:0x2acbe160 device:0x4008d25ec800 size:7200 presentcount:0+2 line:482 name:var%i2(:)
host:0x2acbfdb0 device:0x4008d25ee600 size:7200 presentcount:0+2 line:482 name:var%i3(:)
host:0x2acc1e20 device:0x400994c5fa00 size:921600 presentcount:0+2 line:482 name:var%index(:,:)
host:0x2ada2e50 device:0x4008d25fe400 size:2560 presentcount:0+1 line:569 name:var%ind1(:)
host:0x2ada3880 device:0x4008d25fee00 size:2824 presentcount:0+1 line:569 name:var%indcol(:)
host:0x2ada43b0 device:0x4008d25f9400 size:2824 presentcount:0+1 line:482 name:var%i2(:)
host:0x2ada4ee0 device:0x4008d25fa000 size:2824 presentcount:0+1 line:482 name:var%i3(:)
host:0x2ada5a10 device:0x4008d25fac00 size:1512 presentcount:0+1 line:482 name:var%i2(:)
host:0x2ada6020 device:0x4008d25fb200 size:1512 presentcount:0+1 line:482 name:var%i3(:)
host:0x2ada6630 device:0x4008671fd200 size:4320 presentcount:0+2 line:430 name:var%nlimax(:)
host:0x2ada7740 device:0x4008671fe600 size:4324 presentcount:0+2 line:430 name:var%lmbase(:)
host:0x2ada8850 device:0x40067e3ee400 size:4324 presentcount:0+2 line:430 name:var%nlibase(:)
host:0x2ada9960 device:0x40067e3f3400 size:17132 presentcount:0+4 line:519 name:var%nindpwconjg(:)
host:0x2adadc80 device:0x40067e3f7800 size:17132 presentcount:0+4 line:519 name:var%ind_in_sphere(:)
host:0x2adb2ed0 device:0x4008d25fb800 size:516 presentcount:0+1 line:499 name:var%n(:)
host:0x2addfba0 device:0x4008d25fd800 size:1280 presentcount:0+1 line:569 name:var%ind1(:)
host:0x2ade00d0 device:0x4007b632e800 size:180000 presentcount:0+4 line:482 name:var%i2(:)
host:0x2ae0c020 device:0x4007b635a800 size:180000 presentcount:0+4 line:482 name:var%i3(:)
host:0x2ae37f70 device:0x4008d23bca00 size:180000 presentcount:0+8 line:482 name:var%index(:,:)
host:0x2ae63ec0 device:0x4008d29bca00 size:180000 presentcount:0+8 line:482 name:var%i2(:)
host:0x2ae8fe10 device:0x4007b6386800 size:180000 presentcount:0+8 line:482 name:var%i3(:)
host:0x2aebc390 device:0x4008d2400000 size:1821184 presentcount:0+3 line:616 name:var%nindpw(:,:)
host:0x2b078dc0 device:0x40067e3fc400 size:8 presentcount:0+2 line:616 name:var%nb_totk(:,:)
host:0x2b078df0 device:0x4008d23fec00 size:4 presentcount:0+2 line:616 name:var%luseinv(:)
host:0x2b078e20 device:0x40067e3efe00 size:4 presentcount:0+2 line:616 name:var%at_gamma(:)
host:0x2b078e50 device:0x4008d25bca00 size:180000 presentcount:0+3 line:616 name:var%pl_index(:,:)
host:0x2b0a4da0 device:0x4008d27bca00 size:180000 presentcount:0+3 line:616 name:var%pl_col(:,:)
host:0x2b0d0cf0 device:0x4008d23ffa00 size:8 presentcount:0+2 line:405 name:var%lmmax(:)
host:0x2b0d0d20 device:0x40067e3efa00 size:8 presentcount:0+2 line:430 name:var%lmax(:)
host:0x2b0d0d50 device:0x4008d23f1600 size:4324 presentcount:0+2 line:405 name:var%lmbase(:)
host:0x2b0d1e60 device:0x40067e3efc00 size:8 presentcount:0+2 line:430 name:var%lmmax(:)
host:0x2b0d1e90 device:0x40067e3f0000 size:8 presentcount:0+2 line:430 name:var%channels(:)
host:0x2b0d1ec0 device:0x4008871ff800 size:16 presentcount:0+2 line:430 name:var%rsmooth(:)
host:0x2b142760 device:0x400994c00000 size:234240 presentcount:0+1 line:499 name:var%tbl(:)
host:0x2b1b4dc0 device:0x400d721b9400 size:272160 presentcount:0+1 line:499 name:var%tbli(:)
host:0x2b1f7510 device:0x4008d25fc400 size:516 presentcount:0+1 line:499 name:var%ptri(:)
host:0x2b1f7740 device:0x4008d25fc000 size:516 presentcount:0+1 line:499 name:var%ni(:)
host:0x2b1f7970 device:0x4008d25fcc00 size:516 presentcount:0+1 line:499 name:var%ptr(:)
host:0x2b1f7ba0 device:0x4008d25fc800 size:516 presentcount:0+1 line:499 name:var%n(:)
host:0x2b1f7dd0 device:0x4008671fe400 size:4 presentcount:0+1 line:499 name:var%tbli(:)
host:0x2b1f7e00 device:0x4008d25fd400 size:516 presentcount:0+1 line:499 name:var%ptri(:)
host:0x2b1f8030 device:0x4008d25fd000 size:516 presentcount:0+1 line:499 name:var%ni(:)
host:0x2b200f70 device:0x4008d25f4400 size:516 presentcount:0+1 line:499 name:var%ptr(:)
host:0x2b2011a0 device:0x4008d23ffc00 size:516 presentcount:0+1 line:499 name:var%n(:)
host:0x2b2013d0 device:0x4008d25f4c00 size:516 presentcount:0+1 line:499 name:var%ptri(:)
host:0x2b201600 device:0x4008d25f4800 size:516 presentcount:0+1 line:499 name:var%ni(:)
host:0x2b201830 device:0x4008d25f5400 size:516 presentcount:0+1 line:499 name:var%ptr(:)
host:0x2b201a60 device:0x4008d25f5000 size:516 presentcount:0+1 line:499 name:var%n(:)
host:0x2b201c90 device:0x4008d25f5c00 size:516 presentcount:0+1 line:499 name:var%ptri(:)
host:0x2b201ec0 device:0x4008d25f5800 size:516 presentcount:0+1 line:499 name:var%ni(:)
host:0x2b34c440 device:0x400995600000 size:7284736 presentcount:0+3 line:616 name:var%datake(:,:,:)
host:0x2ba3f6c0 device:0x4008d2600000 size:1821184 presentcount:0+3 line:616 name:var%igx(:,:)
host:0x2bbfcd50 device:0x4008d2200000 size:1821184 presentcount:0+3 line:616 name:var%igy(:,:)
host:0x2bdba5f0 device:0x4008d2800000 size:1821184 presentcount:0+3 line:616 name:var%igz(:,:)
host:0x2bf784c0 device:0x4008d3200000 size:7284272 presentcount:0+4 line:519 name:var%fftsca(:,:)
host:0x2c66ab20 device:0x400d723b9400 size:272160 presentcount:0+1 line:499 name:var%tbl(:)
host:0x2c783080 device:0x400994e00000 size:1807360 presentcount:0+1 line:499 name:var%tbl(:)
host:0x2caf8c70 device:0x400d72000000 size:1807200 presentcount:0+1 line:499 name:var%tbli(:)
host:0x2ccb3ce0 device:0x400d72200000 size:1807200 presentcount:0+1 line:499 name:var%tbl(:)
host:0x2cf10030 device:0x4007b631a000 size:83968 presentcount:0+2 line:746 name:var%celtot(:,:,:)
host:0x2d02a3f0 device:0x400d72400000 size:1807200 presentcount:0+1 line:499 name:var%tbli(:)
host:0x2dd70d80 device:0x4008871f4000 size:41984 presentcount:0+1 line:746 name:var%auxtot(:,:,:)
host:0x2dd82420 device:0x40067e3e4000 size:41984 presentcount:0+2 line:746 name:var%fertot(:,:,:)
host:0x2f0bba10 device:0x4008d2a00000 size:7200000 presentcount:0+1 line:195 name:dencor(:)
host:0x2fe85d00 device:0x4008d1e00000 size:2799360 presentcount:0+2 line:194 name:cdij(:,:,:,:)
host:0x30135420 device:0x400d72600000 size:2799360 presentcount:0+2 line:194 name:cqij(:,:,:,:)
host:0x306950d0 device:0x400995200000 size:4030464 presentcount:0+5 line:746 name:var%gproj(:,:,:,:)
host:0x30d238f0 device:0x4007b63ca800 size:98304 presentcount:0+1 line:1101 name:w1%gproj(:)
host:0x379c8c30 device:0x400994d40a00 size:393216 presentcount:0+2 line:1226 name:wa%gproj(:,:)
host:0x37a28c60 device:0x400d630c0000 size:393216 presentcount:0+2 line:1226 name:wa%gproj(:,:)
host:0x37a90220 device:0x400f35600000 size:3145728 presentcount:0+2 line:1226 name:wa%gproj(:,:)
host:0x3bcd5600 device:0x4008d29fcc00 size:2048 presentcount:0+1 line:179 name:w1(:)
host:0x3bcd5e20 device:0x4008d27fa600 size:2048 presentcount:0+1 line:179 name:wtmp(:)
host:0x3bcded80 device:0x400df1e00000 size:7284736 presentcount:0+1 line:1101 name:w1%cptwfp(:)
host:0x3c3d15b0 device:0x4007b63b2800 size:98304 presentcount:0+1 line:1101 name:w1%gproj(:)
host:0x3c3e95e0 device:0x400d725b9400 size:98304 presentcount:0+1 line:1101 name:w1%gproj(:)
host:0x3c401610 device:0x400d725d1400 size:98304 presentcount:0+1 line:1101 name:w1%gproj(:)
host:0x3c627120 device:0x400f36a00000 size:14569472 presentcount:0+1 line:202 name:precon(:,:)
host:0x3d413f20 device:0x400d6fa00000 size:7284736 presentcount:0+1 line:1101 name:w1%cptwfp(:)
host:0x3db0eb50 device:0x400f35a00000 size:7284736 presentcount:0+1 line:1101 name:w1%cptwfp(:)
host:0x3e2017a0 device:0x400f36200000 size:7284736 presentcount:0+1 line:1101 name:w1%cptwfp(:)
host:0x4007c00010a0 device:0x4008d3a00000 size:45593280 presentcount:0+2 line:430 name:var%nli(:,:)
host:0x4007c2b812b0 device:0x4008e0000000 size:807411968 presentcount:0+2 line:430 name:var%rproj(:)
host:0x4007f2d939e0 device:0x400d72a00000 size:14458880 presentcount:0+1 line:195 name:cstrf(:,:)
host:0x4007f7206f80 device:0x400f31e00000 size:29138944 presentcount:0+2 line:1226 name:wa%cptwfp(:,:)
host:0x4007fbe87190 device:0x400f33a00000 size:29138944 presentcount:0+2 line:1226 name:wa%cptwfp(:,:)
host:0x4008a00031a0 device:0x40094dc00000 size:230400000 presentcount:0+2 line:194 name:sv(:,:)
host:0x4008adbc4a60 device:0x4008c0000000 size:298674176 presentcount:0+5 line:746 name:var%cptwfp(:,:,:,:)
host:0x400960000020 device:0x4006c0000000 size:230400000 presentcount:0+1 line:1101 name:w1%cr(:)
host:0x400a200073a0 device:0x400de0000000 size:233111552 presentcount:0+2 line:1226 name:wa%cptwfp(:,:)
host:0x400a2de679d0 device:0x400d40000000 size:230400000 presentcount:0+1 line:1101 name:w1%cr(:)
host:0x400b40007be0 device:0x400910400000 size:230400000 presentcount:0+1 line:1236 name:w1%cr(:)
host:0x400b4dbd8000 device:0x400980000000 size:230400000 presentcount:0+1 line:1101 name:w1%cr(:)
host:0x400ca0008210 device:0x400940000000 size:230400000 presentcount:0+1 line:1236 name:w1%cr(:)
host:0x400cadbd0230 device:0x400f11e00000 size:230400000 presentcount:0+1 line:1236 name:w1%cr(:)
host:0x400d20000650 device:0x400ef1e00000 size:230400000 presentcount:0+1 line:1101 name:w1%cr(:)
host:0x400d2dbc0860 device:0x400ed1e00000 size:230400000 presentcount:0+1 line:1236 name:w1%cr(:)
host:0xffffeea4b2c0 device:0x4008d27fb200 size:3024 presentcount:0+12 line:682 name:var
host:0xffffeea4be90 device:0x4008271ff800 size:1480 presentcount:0+1 line:174 name:w_ini
host:0xffffeea4c460 device:0x4008d27f9c00 size:1480 presentcount:0+1 line:174 name:wopt
host:0xffffeea4ca30 device:0x4008671fbc00 size:1480 presentcount:0+1 line:174 name:wtmpa
allocated block device:0x40067e3e4000 size:41984 thread:1
allocated block device:0x40067e3ee400 size:4608 thread:1
allocated block device:0x40067e3ef600 size:512 thread:1
allocated block device:0x40067e3ef800 size:512 thread:1
allocated block device:0x40067e3efa00 size:512 thread:1
allocated block device:0x40067e3efc00 size:512 thread:1
allocated block device:0x40067e3efe00 size:512 thread:1
allocated block device:0x40067e3f0000 size:512 thread:1
allocated block device:0x40067e3f0200 size:512 thread:1
allocated block device:0x40067e3f0400 size:5120 thread:1
allocated block device:0x40067e3f1800 size:1536 thread:1
allocated block device:0x40067e3f1e00 size:1024 thread:1
allocated block device:0x40067e3f2200 size:1024 thread:1
allocated block device:0x40067e3f2600 size:1536 thread:1
allocated block device:0x40067e3f2c00 size:1024 thread:1
allocated block device:0x40067e3f3000 size:1024 thread:1
allocated block device:0x40067e3f3400 size:17408 thread:1
allocated block device:0x40067e3f7800 size:17408 thread:1
allocated block device:0x40067e3fbc00 size:2048 thread:1
allocated block device:0x40067e3fc400 size:512 thread:1
allocated block device:0x40067e3fc600 size:4608 thread:1
allocated block device:0x40067e3fd800 size:512 thread:1
allocated block device:0x40067e3fda00 size:4608 thread:1
allocated block device:0x40067e3fec00 size:3072 thread:1
allocated block device:0x40067e3ff800 size:512 thread:1
allocated block device:0x40067e3ffa00 size:512 thread:1
allocated block device:0x40067e3ffc00 size:512 thread:1
allocated block device:0x40067e3ffe00 size:512 thread:1
allocated block device:0x4006c0000000 size:298674176 thread:1
allocated block device:0x4007b631a000 size:83968 thread:1
allocated block device:0x4007b632e800 size:180224 thread:1
allocated block device:0x4007b635a800 size:180224 thread:1
allocated block device:0x4007b6386800 size:180224 thread:1
allocated block device:0x4007b63b2800 size:98304 thread:1
allocated block device:0x4007b63ca800 size:98304 thread:1
allocated block device:0x4008271ff800 size:1536 thread:1
allocated block device:0x4008471ffa00 size:1024 thread:1
allocated block device:0x4008671fbc00 size:2048 thread:1
allocated block device:0x4008671fc600 size:2560 thread:1
allocated block device:0x4008671fd000 size:512 thread:1
allocated block device:0x4008671fd200 size:4608 thread:1
allocated block device:0x4008671fe400 size:512 thread:1
allocated block device:0x4008671fe600 size:4608 thread:1
allocated block device:0x4008671ff800 size:512 thread:1
allocated block device:0x4008671ffa00 size:512 thread:1
allocated block device:0x4008671ffc00 size:512 thread:1
allocated block device:0x4008671ffe00 size:512 thread:1
allocated block device:0x4008871f4000 size:41984 thread:1
allocated block device:0x4008871fe400 size:5120 thread:1
allocated block device:0x4008871ff800 size:512 thread:1
allocated block device:0x4008871ffa00 size:512 thread:1
allocated block device:0x4008871ffc00 size:512 thread:1
allocated block device:0x4008871ffe00 size:512 thread:1
allocated block device:0x4008c0000000 size:298674176 thread:1
allocated block device:0x4008d1e00000 size:4030464 thread:1
allocated block device:0x4008d2200000 size:1821184 thread:1
allocated block device:0x4008d23bca00 size:180224 thread:1
allocated block device:0x4008d23e8a00 size:26112 thread:1
allocated block device:0x4008d23ef000 size:512 thread:1
allocated block device:0x4008d23ef200 size:4608 thread:1
allocated block device:0x4008d23f0400 size:4608 thread:1
allocated block device:0x4008d23f1600 size:4608 thread:1
allocated block device:0x4008d23f2800 size:512 thread:1
allocated block device:0x4008d23f2a00 size:24064 thread:1
allocated block device:0x4008d23f8800 size:512 thread:1
allocated block device:0x4008d23f8a00 size:512 thread:1
allocated block device:0x4008d23f8c00 size:24064 thread:1
allocated block device:0x4008d23fea00 size:512 thread:1
allocated block device:0x4008d23fec00 size:512 thread:1
allocated block device:0x4008d23fee00 size:3072 thread:1
allocated block device:0x4008d23ffa00 size:512 thread:1
allocated block device:0x4008d23ffc00 size:1024 thread:1
allocated block device:0x4008d2400000 size:1821184 thread:1
allocated block device:0x4008d25bca00 size:180224 thread:1
allocated block device:0x4008d25e8a00 size:3072 thread:1
allocated block device:0x4008d25e9600 size:5120 thread:1
allocated block device:0x4008d25eaa00 size:1536 thread:1
allocated block device:0x4008d25eb000 size:2560 thread:1
allocated block device:0x4008d25eba00 size:1536 thread:1
allocated block device:0x4008d25ec000 size:2048 thread:1
allocated block device:0x4008d25ec800 size:7680 thread:1
allocated block device:0x4008d25ee600 size:7680 thread:1
allocated block device:0x4008d25f0400 size:3072 thread:1
allocated block device:0x4008d25f1000 size:3072 thread:1
allocated block device:0x4008d25f1c00 size:5120 thread:1
allocated block device:0x4008d25f3000 size:5120 thread:1
allocated block device:0x4008d25f4400 size:1024 thread:1
allocated block device:0x4008d25f4800 size:1024 thread:1
allocated block device:0x4008d25f4c00 size:1024 thread:1
allocated block device:0x4008d25f5000 size:1024 thread:1
allocated block device:0x4008d25f5400 size:1024 thread:1
allocated block device:0x4008d25f5800 size:1024 thread:1
allocated block device:0x4008d25f5c00 size:1024 thread:1
allocated block device:0x4008d25f6000 size:5120 thread:1
allocated block device:0x4008d25f7400 size:1536 thread:1
allocated block device:0x4008d25f7a00 size:1024 thread:1
allocated block device:0x4008d25f7e00 size:1024 thread:1
allocated block device:0x4008d25f8200 size:1536 thread:1
allocated block device:0x4008d25f8800 size:1024 thread:1
allocated block device:0x4008d25f8c00 size:1024 thread:1
allocated block device:0x4008d25f9000 size:1024 thread:1
allocated block device:0x4008d25f9400 size:3072 thread:1
allocated block device:0x4008d25fa000 size:3072 thread:1
allocated block device:0x4008d25fac00 size:1536 thread:1
allocated block device:0x4008d25fb200 size:1536 thread:1
allocated block device:0x4008d25fb800 size:1024 thread:1
allocated block device:0x4008d25fbc00 size:1024 thread:1
allocated block device:0x4008d25fc000 size:1024 thread:1
allocated block device:0x4008d25fc400 size:1024 thread:1
allocated block device:0x4008d25fc800 size:1024 thread:1
allocated block device:0x4008d25fcc00 size:1024 thread:1
allocated block device:0x4008d25fd000 size:1024 thread:1
allocated block device:0x4008d25fd400 size:1024 thread:1
allocated block device:0x4008d25fd800 size:1536 thread:1
allocated block device:0x4008d25fde00 size:1024 thread:1
allocated block device:0x4008d25fe200 size:512 thread:1
allocated block device:0x4008d25fe400 size:2560 thread:1
allocated block device:0x4008d25fee00 size:3072 thread:1
allocated block device:0x4008d2600000 size:1821184 thread:1
allocated block device:0x4008d27bca00 size:180224 thread:1
allocated block device:0x4008d27e8a00 size:28672 thread:1
allocated block device:0x4008d27efa00 size:40448 thread:1
allocated block device:0x4008d27f9c00 size:2560 thread:1
allocated block device:0x4008d27fa600 size:3072 thread:1
allocated block device:0x4008d27fb200 size:3072 thread:1
allocated block device:0x4008d2800000 size:1821184 thread:1
allocated block device:0x4008d29bca00 size:180224 thread:1
allocated block device:0x4008d29e8a00 size:40448 thread:1
allocated block device:0x4008d29fcc00 size:2048 thread:1
allocated block device:0x4008d2a00000 size:7284736 thread:1
allocated block device:0x4008d3200000 size:7284736 thread:1
allocated block device:0x4008d3a00000 size:45593600 thread:1
allocated block device:0x4008e0000000 size:807412224 thread:1
allocated block device:0x400910400000 size:230400000 thread:1
allocated block device:0x400940000000 size:230400000 thread:1
allocated block device:0x40094dc00000 size:230400000 thread:1
allocated block device:0x400980000000 size:230400000 thread:1
allocated block device:0x400994c00000 size:391680 thread:1
allocated block device:0x400994c5fa00 size:921600 thread:1
allocated block device:0x400994d40a00 size:393216 thread:1
allocated block device:0x400994e00000 size:2799616 thread:1
allocated block device:0x400995200000 size:4030464 thread:1
allocated block device:0x400995600000 size:7284736 thread:1
allocated block device:0x400d40000000 size:230400000 thread:1
allocated block device:0x400d630c0000 size:393216 thread:1
allocated block device:0x400d6fa00000 size:7284736 thread:1
allocated block device:0x400d72000000 size:1807360 thread:1
allocated block device:0x400d721b9400 size:272384 thread:1
allocated block device:0x400d721fbc00 size:8192 thread:1
allocated block device:0x400d721fdc00 size:8192 thread:1
allocated block device:0x400d721ffc00 size:512 thread:1
allocated block device:0x400d72200000 size:1807360 thread:1
allocated block device:0x400d723b9400 size:272384 thread:1
allocated block device:0x400d723fbc00 size:8192 thread:1
allocated block device:0x400d72400000 size:1807360 thread:1
allocated block device:0x400d725b9400 size:98304 thread:1
allocated block device:0x400d725d1400 size:98304 thread:1
allocated block device:0x400d72600000 size:2799616 thread:1
allocated block device:0x400d72a00000 size:14458880 thread:1
allocated block device:0x400de0000000 size:298674176 thread:1
allocated block device:0x400df1e00000 size:7284736 thread:1
allocated block device:0x400ed1e00000 size:230400000 thread:1
allocated block device:0x400ef1e00000 size:230400000 thread:1
allocated block device:0x400f11e00000 size:230400000 thread:1
allocated block device:0x400f31e00000 size:29138944 thread:1
allocated block device:0x400f33a00000 size:29138944 thread:1
allocated block device:0x400f35600000 size:3145728 thread:1
allocated block device:0x400f35a00000 size:7284736 thread:1
allocated block device:0x400f36200000 size:7284736 thread:1
allocated block device:0x400f36a00000 size:14569472 thread:1
Accelerator Fatal Error: call to cuMemAlloc returned error 2 (CUDA_ERROR_OUT_OF_MEMORY): Out of memory
 File: /lus/lfs1aip2/projects/u6cb/software/VASP/vasp.6.5.1/build/gam/hamil.f90
 Function: hamiltmu:978
 Line: 1005

Out of memory allocating 921600000 bytes of device memory
Failing in Thread:1
total/free CUDA memory: 102005473280/547553280
Present table dump for device[1]: NVIDIA Tesla GPU 0, compute capability 9.0, threadid=1
Hint: specify 0x800 bit in NV_ACC_DEBUG for verbose info.
host:0x2557280 device:0x4004be5fc000 size:32 presentcount:0+3 line:643 name:var%comm
host:0x25572a0 device:0x40069c1ffa00 size:32 presentcount:0+4 line:652 name:var%comm_kinter
host:0x25572c0 device:0x40069c1ffc00 size:32 presentcount:0+6 line:655 name:var%comm_kin
host:0x25572e0 device:0x40069c1ff400 size:32 presentcount:0+3 line:646 name:var%comm_inter
host:0x2557300 device:0x40069c1ff600 size:32 presentcount:0+7 line:649 name:var%comm_inb
host:0x256be80 device:0x4004ba0ecd00 size:8 presentcount:0+1 line:-1 name:_setexm_struct_def_21
host:0x2576f40 device:0x4004ba0ece00 size:28 presentcount:0+1 line:-1 name:_ml_ff_constant_21
host:0x2577c80 device:0x4004ba0ecf00 size:30437 presentcount:0+1 line:-1 name:_ml_ff_taglist_21
host:0x25afc80 device:0x4004ba0f4600 size:8 presentcount:0+1 line:-1 name:_mopenacc_tutor_21
host:0x25c2740 device:0x4004ba0f4a00 size:32 presentcount:0+1 line:-1 name:_mbj_21
host:0x25cd640 device:0x4004ba0f4d00 size:8 presentcount:0+1 line:-1 name:_sym_prec_21
host:0x26030c0 device:0x4004ba0f4e00 size:344 presentcount:0+1 line:-1 name:_tet_21
host:0x261c840 device:0x4004ba0f5000 size:392 presentcount:0+1 line:-1 name:_mymath_21
host:0x2817368 device:0x4004be5eec00 size:4800 presentcount:0+2 line:614 name:var
host:0x2818628 device:0x4004be5fa400 size:1984 presentcount:0+2 line:403 name:var
host:0x281a910 device:0x40065c3ff800 size:864 presentcount:0+4 line:2639 name:hamiltonian
host:0x286ac80 device:0x4004be5fd400 size:2712 presentcount:0+2 line:428 name:var
host:0x286b718 device:0x40069c1fae00 size:2248 presentcount:0+1 line:742 name:var
host:0x286eb50 device:0x4007127ff800 size:288 presentcount:0+1 line:195 name:latt_cur
host:0x2871658 device:0x4006bc3fe400 size:5088 presentcount:0+28 line:517 name:var
host:0x2872a38 device:0x4007125f4800 size:5088 presentcount:0+6 line:517 name:var
host:0x2873e18 device:0x4007125e8a00 size:5088 presentcount:0+7 line:517 name:var
host:0x287a2a8 device:0x40069c1fe000 size:304 presentcount:0+1 line:567 name:var
host:0x287a3d8 device:0x4007125fca00 size:304 presentcount:0+1 line:567 name:var
host:0x2e48ec0 device:0x4004ba002600 size:960024 presentcount:0+1 line:-1 name:_setexm_struct_def_16
host:0x2f8f080 device:0x4004ba0f4700 size:580 presentcount:0+1 line:-1 name:_wpbe_16
host:0x2f8f900 device:0x4004ba0f4b00 size:288 presentcount:0+1 line:-1 name:_mbj_16
host:0x9f446c0 device:0x4004ba0f5200 size:624 presentcount:0+1 line:-1 name:_mlr_optic_16
host:0xe06ce30 device:0x4007125f7800 size:528 presentcount:0+1 line:480 name:var
host:0x122bda40 device:0x40069c1ff800 size:8 presentcount:0+4 line:405 name:var%nityp(:)
host:0x127bc250 device:0x4004be5f0a00 size:1000 presentcount:0+4 line:519 name:var%lpctz(:)
host:0x12c3f350 device:0x4007127e8a00 size:28464 presentcount:0+1 line:853 name:var(:)
host:0x12c51ad0 device:0x4007129e8a00 size:40000 presentcount:0+1 line:857 name:var%psp(:,:)
host:0x12c5b740 device:0x4007127fd800 size:8000 presentcount:0+1 line:857 name:var%psprho(:)
host:0x12c5e9d0 device:0x4007123f7400 size:24000 presentcount:0+2 line:466 name:var%psprnl(:,:,:)
host:0x12c8e3b0 device:0x4007123ef000 size:4320 presentcount:0+4 line:405 name:var%ityp(:)
host:0x12c8f4c0 device:0x4007123e8a00 size:25920 presentcount:0+4 line:405 name:var%posion(:,:)
host:0x12cd2820 device:0x4007127efa00 size:40000 presentcount:0+1 line:857 name:var%psp(:,:)
host:0x12cdc490 device:0x4007127f9800 size:8000 presentcount:0+1 line:857 name:var%pspcor(:)
host:0x12cde400 device:0x4007127fb800 size:8000 presentcount:0+1 line:857 name:var%psprho(:)
host:0x12ce1690 device:0x4007123f1400 size:24000 presentcount:0+2 line:466 name:var%psprnl(:,:,:)
host:0x12d2e650 device:0x4006bc3ffc00 size:24 presentcount:0+3 line:466 name:var%lps(:)
host:0x12d2e700 device:0x40069c1fb800 size:24 presentcount:0+3 line:466 name:var%lps(:)
host:0x133a1aa0 device:0x4007125fa400 size:516 presentcount:0+1 line:499 name:var%ptr(:)
host:0x13558ec0 device:0x4004be5fe600 size:24 presentcount:0+3 line:616 name:var%vkpt(:,:)
host:0x1357e070 device:0x4004be5fe800 size:8 presentcount:0+2 line:616 name:var%wtkpt(:)
host:0x1357e0a0 device:0x4004be5fe200 size:8 presentcount:0+3 line:616 name:var%nityp(:)
host:0x1357e220 device:0x4004be5eea00 size:16 presentcount:0+2 line:430 name:var%psrmax(:)
host:0x1357e7e0 device:0x4004be5fea00 size:4320 presentcount:0+3 line:616 name:var%ityp(:)
host:0x1357f8f0 device:0x4004be5fe000 size:8 presentcount:0+3 line:616 name:var%lmmax(:)
host:0x1357f920 device:0x4004be5fe400 size:8 presentcount:0+3 line:616 name:var%nt_global(:)
host:0x1357f950 device:0x4004be5fc200 size:4320 presentcount:0+3 line:616 name:var%npro_pos(:)
host:0x13580a60 device:0x4004be5fae00 size:4324 presentcount:0+3 line:616 name:var%lmbase(:)
host:0x13581b70 device:0x4004be5ffe00 size:4 presentcount:0+2 line:616 name:var%nplwkp(:)
host:0x13581ba0 device:0x4007123f7200 size:4 presentcount:0+2 line:616 name:var%nplwkp_tot(:)
host:0x13581bd0 device:0x4007123fd200 size:4 presentcount:0+2 line:616 name:var%ngvector_pos(:)
host:0x13581c00 device:0x4004be5ffc00 size:4 presentcount:0+2 line:616 name:var%ngvector(:)
host:0x13581c30 device:0x4004be5f0000 size:1280 presentcount:0+4 line:519 name:var%lpctx(:)
host:0x13582160 device:0x4004be5f0600 size:720 presentcount:0+4 line:519 name:var%lpcty(:)
host:0x13582460 device:0x4004be5f0e00 size:1280 presentcount:0+4 line:519 name:var%lpctx_(:)
host:0x13582990 device:0x4004be5f1400 size:720 presentcount:0+4 line:519 name:var%lpcty_(:)
host:0x13582c90 device:0x4004be5f1800 size:1000 presentcount:0+4 line:519 name:var%lpctz_(:)
host:0x135830a0 device:0x4007125f5c00 size:1280 presentcount:0+1 line:519 name:var%lpctx(:)
host:0x135835d0 device:0x4007125f6200 size:720 presentcount:0+1 line:519 name:var%lpcty(:)
host:0x135838d0 device:0x4007125f6600 size:1000 presentcount:0+1 line:519 name:var%lpctz(:)
host:0x13583ce0 device:0x4007125f6a00 size:1280 presentcount:0+1 line:519 name:var%lpctx_(:)
host:0x13584210 device:0x4007125f7000 size:720 presentcount:0+1 line:519 name:var%lpcty_(:)
host:0x13584510 device:0x4007125f7400 size:1000 presentcount:0+1 line:519 name:var%lpctz_(:)
host:0x13584920 device:0x4007123fd600 size:2560 presentcount:0+1 line:519 name:var%lpctx(:)
host:0x13585350 device:0x4007123ff000 size:1440 presentcount:0+1 line:519 name:var%lpcty(:)
host:0x13585920 device:0x4007123fe200 size:2000 presentcount:0+1 line:519 name:var%lpctz(:)
host:0x13586120 device:0x4007123ff600 size:2560 presentcount:0+1 line:519 name:var%lpctx_(:)
host:0x13586b50 device:0x4007125e9e00 size:1440 presentcount:0+1 line:519 name:var%lpcty_(:)
host:0x13587120 device:0x4007125ea400 size:2000 presentcount:0+1 line:519 name:var%lpctz_(:)
host:0x13673200 device:0x4007125ee800 size:2824 presentcount:0+1 line:482 name:var%i2(:)
host:0x13673d30 device:0x4007125ef400 size:2824 presentcount:0+1 line:482 name:var%i3(:)
host:0x13674860 device:0x4007125f0000 size:5020 presentcount:0+1 line:482 name:var%i2(:)
host:0x13675c30 device:0x4007125f1400 size:5020 presentcount:0+1 line:482 name:var%i3(:)
host:0x13677000 device:0x4007125eac00 size:7200 presentcount:0+2 line:482 name:var%i2(:)
host:0x13678c50 device:0x4007125eca00 size:7200 presentcount:0+2 line:482 name:var%i3(:)
host:0x1367acc0 device:0x4007d4c5fa00 size:921600 presentcount:0+2 line:482 name:var%index(:,:)
host:0x1375bcf0 device:0x4007125fcc00 size:2560 presentcount:0+1 line:569 name:var%ind1(:)
host:0x1375c720 device:0x4007125fd600 size:2824 presentcount:0+1 line:569 name:var%indcol(:)
host:0x1375d250 device:0x4007125f7c00 size:2824 presentcount:0+1 line:482 name:var%i2(:)
host:0x1375dd80 device:0x4007125f8800 size:2824 presentcount:0+1 line:482 name:var%i3(:)
host:0x1375e8b0 device:0x4007125f9400 size:1512 presentcount:0+1 line:482 name:var%i2(:)
host:0x1375eec0 device:0x4007125f9a00 size:1512 presentcount:0+1 line:482 name:var%i3(:)
host:0x1375f4d0 device:0x40069c1fba00 size:4320 presentcount:0+2 line:430 name:var%nlimax(:)
host:0x137605e0 device:0x40069c1fce00 size:4324 presentcount:0+2 line:430 name:var%lmbase(:)
host:0x137616f0 device:0x40069c1fe200 size:4324 presentcount:0+2 line:430 name:var%nlibase(:)
host:0x13762800 device:0x4004be5f1c00 size:17132 presentcount:0+4 line:519 name:var%nindpwconjg(:)
host:0x13766b20 device:0x4004be5f6000 size:17132 presentcount:0+4 line:519 name:var%ind_in_sphere(:)
host:0x1376bd70 device:0x4007125fa000 size:516 presentcount:0+1 line:499 name:var%n(:)
host:0x1376bfa0 device:0x400bb21b9400 size:181440 presentcount:0+1 line:499 name:var%tbli(:)
host:0x13798490 device:0x4007125fac00 size:516 presentcount:0+1 line:499 name:var%ptri(:)
host:0x137986c0 device:0x4007125fa800 size:516 presentcount:0+1 line:499 name:var%ni(:)
host:0x137988f0 device:0x40069c1fcc00 size:4 presentcount:0+1 line:499 name:var%tbli(:)
host:0x13798a40 device:0x4007125fc000 size:1280 presentcount:0+1 line:569 name:var%ind1(:)
host:0x13798f70 device:0x4007125fc600 size:688 presentcount:0+1 line:569 name:var%indcol(:)
host:0x13799250 device:0x4005e812e800 size:180000 presentcount:0+4 line:482 name:var%i2(:)
host:0x137c51a0 device:0x4005e815a800 size:180000 presentcount:0+4 line:482 name:var%i3(:)
host:0x137f10f0 device:0x4007123bca00 size:180000 presentcount:0+8 line:482 name:var%index(:,:)
host:0x1381d040 device:0x4007129bca00 size:180000 presentcount:0+8 line:482 name:var%i2(:)
host:0x13848f90 device:0x4005e8186800 size:180000 presentcount:0+8 line:482 name:var%i3(:)
host:0x13875510 device:0x400712400000 size:1821184 presentcount:0+3 line:616 name:var%nindpw(:,:)
host:0x13a31f40 device:0x4004be5fac00 size:8 presentcount:0+2 line:616 name:var%nb_totk(:,:)
host:0x13a31f70 device:0x4007123fd400 size:4 presentcount:0+2 line:616 name:var%luseinv(:)
host:0x13a31fa0 device:0x4004be5ee600 size:4 presentcount:0+2 line:616 name:var%at_gamma(:)
host:0x13a31fd0 device:0x4007125bca00 size:180000 presentcount:0+3 line:616 name:var%pl_index(:,:)
host:0x13a5df20 device:0x4007127bca00 size:180000 presentcount:0+3 line:616 name:var%pl_col(:,:)
host:0x13a8a6b0 device:0x4007d5600000 size:7284736 presentcount:0+3 line:616 name:var%datake(:,:,:)
host:0x1417d930 device:0x400712600000 size:1821184 presentcount:0+3 line:616 name:var%igx(:,:)
host:0x1433afc0 device:0x400712200000 size:1821184 presentcount:0+3 line:616 name:var%igy(:,:)
host:0x144f8860 device:0x400712800000 size:1821184 presentcount:0+3 line:616 name:var%igz(:,:)
host:0x146b5290 device:0x4007123fee00 size:8 presentcount:0+2 line:405 name:var%lmmax(:)
host:0x146b52c0 device:0x40069c1ffe00 size:8 presentcount:0+2 line:430 name:var%lmax(:)
host:0x146b52f0 device:0x4007123f0200 size:4324 presentcount:0+2 line:405 name:var%lmbase(:)
host:0x146b6400 device:0x4004be5ee400 size:8 presentcount:0+2 line:430 name:var%lmmax(:)
host:0x146b6430 device:0x4004be5ee800 size:8 presentcount:0+2 line:430 name:var%channels(:)
host:0x146b6460 device:0x4006bc3ff800 size:16 presentcount:0+2 line:430 name:var%rsmooth(:)
host:0x146b64a0 device:0x4006bc3ffa00 size:400 presentcount:0+2 line:464 name:var
host:0x146b6630 device:0x4006bc3ffe00 size:400 presentcount:0+2 line:464 name:var
host:0x146b7c90 device:0x400713200000 size:7284272 presentcount:0+4 line:519 name:var%fftsca(:,:)
host:0x14e1ab50 device:0x4007d4c00000 size:220160 presentcount:0+1 line:499 name:var%tbl(:)
host:0x14e863b0 device:0x400bb23b9400 size:181440 presentcount:0+1 line:499 name:var%tbl(:)
host:0x14eb28a0 device:0x4007125fb400 size:516 presentcount:0+1 line:499 name:var%ptr(:)
host:0x14eb2ad0 device:0x4007125fb000 size:516 presentcount:0+1 line:499 name:var%n(:)
host:0x14eb9870 device:0x4007125f2800 size:516 presentcount:0+1 line:499 name:var%n(:)
host:0x14eb9aa0 device:0x4007125f3400 size:516 presentcount:0+1 line:499 name:var%ptri(:)
host:0x14eb9cd0 device:0x4007125f3000 size:516 presentcount:0+1 line:499 name:var%ni(:)
host:0x14eb9f00 device:0x4007125f3c00 size:516 presentcount:0+1 line:499 name:var%ptr(:)
host:0x14eba130 device:0x4007125f3800 size:516 presentcount:0+1 line:499 name:var%n(:)
host:0x14eba360 device:0x4007125f4400 size:516 presentcount:0+1 line:499 name:var%ptri(:)
host:0x14eba590 device:0x4007125f4000 size:516 presentcount:0+1 line:499 name:var%ni(:)
host:0x14edf1f0 device:0x4007125fbc00 size:516 presentcount:0+1 line:499 name:var%ptri(:)
host:0x14edf420 device:0x4007125fb800 size:516 presentcount:0+1 line:499 name:var%ni(:)
host:0x14f834c0 device:0x4007125f2c00 size:516 presentcount:0+1 line:499 name:var%ptr(:)
host:0x14f88ed0 device:0x4007d4e00000 size:1807360 presentcount:0+1 line:499 name:var%tbl(:)
host:0x152feac0 device:0x400bb2000000 size:1807200 presentcount:0+1 line:499 name:var%tbli(:)
host:0x154b9b30 device:0x400bb2200000 size:1807200 presentcount:0+1 line:499 name:var%tbl(:)
host:0x15830240 device:0x400bb2400000 size:1807200 presentcount:0+1 line:499 name:var%tbli(:)
host:0x165c2420 device:0x4006bc3f4000 size:41984 presentcount:0+1 line:746 name:var%auxtot(:,:,:)
host:0x165d0030 device:0x4005e811a000 size:83968 presentcount:0+2 line:746 name:var%celtot(:,:,:)
host:0x165e4860 device:0x4004be5e4000 size:41984 presentcount:0+2 line:746 name:var%fertot(:,:,:)
host:0x174e9470 device:0x400712a00000 size:7200000 presentcount:0+1 line:195 name:dencor(:)
host:0x182b3760 device:0x400711e00000 size:2799360 presentcount:0+2 line:194 name:cdij(:,:,:,:)
host:0x18562e80 device:0x400bb2600000 size:2799360 presentcount:0+2 line:194 name:cqij(:,:,:,:)
host:0x18ac2b30 device:0x4007d5200000 size:4030464 presentcount:0+5 line:746 name:var%gproj(:,:,:,:)
host:0x19164140 device:0x4005e81ca800 size:98304 presentcount:0+1 line:1101 name:w1%gproj(:)
host:0x20009170 device:0x4007d4d40a00 size:393216 presentcount:0+2 line:1226 name:wa%gproj(:,:)
host:0x200691a0 device:0x400ba38c0000 size:393216 presentcount:0+2 line:1226 name:wa%gproj(:,:)
host:0x200cff20 device:0x400d35600000 size:3145728 presentcount:0+2 line:1226 name:wa%gproj(:,:)
host:0x242c90a0 device:0x4007129fe200 size:2048 presentcount:0+1 line:179 name:w1(:)
host:0x242c98c0 device:0x400bb21f5600 size:2048 presentcount:0+1 line:179 name:wtmp(:)
host:0x24300dd0 device:0x400c11e00000 size:7284736 presentcount:0+1 line:1101 name:w1%cptwfp(:)
host:0x249f3600 device:0x4005e81b2800 size:98304 presentcount:0+1 line:1101 name:w1%gproj(:)
host:0x24a0b630 device:0x400bb23e5a00 size:98304 presentcount:0+1 line:1101 name:w1%gproj(:)
host:0x24a23660 device:0x4005e81e2800 size:98304 presentcount:0+1 line:1101 name:w1%gproj(:)
host:0x24c96d50 device:0x400d36a00000 size:14569472 presentcount:0+1 line:202 name:precon(:,:)
host:0x25a83310 device:0x400bafa00000 size:7284736 presentcount:0+1 line:1101 name:w1%cptwfp(:)
host:0x2617d700 device:0x400d35a00000 size:7284736 presentcount:0+1 line:1101 name:w1%cptwfp(:)
host:0x26878120 device:0x400d36200000 size:7284736 presentcount:0+1 line:1101 name:w1%cptwfp(:)
host:0x4004fa3d10a0 device:0x400713a00000 size:45593280 presentcount:0+2 line:430 name:var%nli(:,:)
host:0x4005580039e0 device:0x400bb2a00000 size:14458880 presentcount:0+1 line:195 name:cstrf(:,:)
host:0x40055bcb6740 device:0x400d31e00000 size:29138944 presentcount:0+2 line:1226 name:wa%cptwfp(:,:)
host:0x4006000012b0 device:0x400720000000 size:807411968 presentcount:0+2 line:430 name:var%rproj(:)
host:0x4006302131a0 device:0x40078dc00000 size:230400000 presentcount:0+2 line:194 name:sv(:,:)
host:0x4006e0004a60 device:0x400700000000 size:298674176 presentcount:0+5 line:746 name:var%cptwfp(:,:,:,:)
host:0x4006f1ce6950 device:0x400d33a00000 size:29138944 presentcount:0+2 line:1226 name:wa%cptwfp(:,:)
host:0x400771ce6b60 device:0x400c00000000 size:233111552 presentcount:0+2 line:1226 name:wa%cptwfp(:,:)
host:0x4007a6e97190 device:0x400500000000 size:230400000 presentcount:0+1 line:1101 name:w1%cr(:)
host:0x4008400073a0 device:0x400750400000 size:230400000 presentcount:0+1 line:1236 name:w1%cr(:)
host:0x40084dbd77c0 device:0x4007c0000000 size:230400000 presentcount:0+1 line:1101 name:w1%cr(:)
host:0x400a600079d0 device:0x400780000000 size:230400000 presentcount:0+1 line:1236 name:w1%cr(:)
host:0x400a6dbd7df0 device:0x400b80000000 size:230400000 presentcount:0+1 line:1101 name:w1%cr(:)
host:0x400b60008000 device:0x400d11e00000 size:230400000 presentcount:0+1 line:1236 name:w1%cr(:)
host:0x400b6dbd8420 device:0x400cf1e00000 size:230400000 presentcount:0+1 line:1101 name:w1%cr(:)
host:0x400be0000020 device:0x400cd1e00000 size:230400000 presentcount:0+1 line:1236 name:w1%cr(:)
host:0xfffff69b6480 device:0x400bb21f6200 size:3024 presentcount:0+12 line:682 name:var
host:0xfffff69b7050 device:0x40067c3ff600 size:1480 presentcount:0+1 line:174 name:w_ini
host:0xfffff69b7620 device:0x4007125ff600 size:1480 presentcount:0+1 line:174 name:wopt
host:0xfffff69b7bf0 device:0x40069c1fa400 size:1480 presentcount:0+1 line:174 name:wtmpa
allocated block device:0x4004be5e4000 size:41984 thread:1
allocated block device:0x4004be5ee400 size:512 thread:1
allocated block device:0x4004be5ee600 size:512 thread:1
allocated block device:0x4004be5ee800 size:512 thread:1
allocated block device:0x4004be5eea00 size:512 thread:1
allocated block device:0x4004be5eec00 size:5120 thread:1
allocated block device:0x4004be5f0000 size:1536 thread:1
allocated block device:0x4004be5f0600 size:1024 thread:1
allocated block device:0x4004be5f0a00 size:1024 thread:1
allocated block device:0x4004be5f0e00 size:1536 thread:1
allocated block device:0x4004be5f1400 size:1024 thread:1
allocated block device:0x4004be5f1800 size:1024 thread:1
allocated block device:0x4004be5f1c00 size:17408 thread:1
allocated block device:0x4004be5f6000 size:17408 thread:1
allocated block device:0x4004be5fa400 size:2048 thread:1
allocated block device:0x4004be5fac00 size:512 thread:1
allocated block device:0x4004be5fae00 size:4608 thread:1
allocated block device:0x4004be5fc000 size:512 thread:1
allocated block device:0x4004be5fc200 size:4608 thread:1
allocated block device:0x4004be5fd400 size:3072 thread:1
allocated block device:0x4004be5fe000 size:512 thread:1
allocated block device:0x4004be5fe200 size:512 thread:1
allocated block device:0x4004be5fe400 size:512 thread:1
allocated block device:0x4004be5fe600 size:512 thread:1
allocated block device:0x4004be5fe800 size:512 thread:1
allocated block device:0x4004be5fea00 size:4608 thread:1
allocated block device:0x4004be5ffc00 size:512 thread:1
allocated block device:0x4004be5ffe00 size:512 thread:1
allocated block device:0x400500000000 size:230400000 thread:1
allocated block device:0x4005e811a000 size:83968 thread:1
allocated block device:0x4005e812e800 size:180224 thread:1
allocated block device:0x4005e815a800 size:180224 thread:1
allocated block device:0x4005e8186800 size:180224 thread:1
allocated block device:0x4005e81b2800 size:98304 thread:1
allocated block device:0x4005e81ca800 size:98304 thread:1
allocated block device:0x4005e81e2800 size:98304 thread:1
allocated block device:0x40065c3ff800 size:1024 thread:1
allocated block device:0x40067c3ff600 size:1536 thread:1
allocated block device:0x40069c1fa400 size:2048 thread:1
allocated block device:0x40069c1fae00 size:2560 thread:1
allocated block device:0x40069c1fb800 size:512 thread:1
allocated block device:0x40069c1fba00 size:4608 thread:1
allocated block device:0x40069c1fcc00 size:512 thread:1
allocated block device:0x40069c1fce00 size:4608 thread:1
allocated block device:0x40069c1fe000 size:512 thread:1
allocated block device:0x40069c1fe200 size:4608 thread:1
allocated block device:0x40069c1ff400 size:512 thread:1
allocated block device:0x40069c1ff600 size:512 thread:1
allocated block device:0x40069c1ff800 size:512 thread:1
allocated block device:0x40069c1ffa00 size:512 thread:1
allocated block device:0x40069c1ffc00 size:512 thread:1
allocated block device:0x40069c1ffe00 size:512 thread:1
allocated block device:0x4006bc3f4000 size:41984 thread:1
allocated block device:0x4006bc3fe400 size:5120 thread:1
allocated block device:0x4006bc3ff800 size:512 thread:1
allocated block device:0x4006bc3ffa00 size:512 thread:1
allocated block device:0x4006bc3ffc00 size:512 thread:1
allocated block device:0x4006bc3ffe00 size:512 thread:1
allocated block device:0x400700000000 size:298674176 thread:1
allocated block device:0x400711e00000 size:4030464 thread:1
allocated block device:0x400712200000 size:1821184 thread:1
allocated block device:0x4007123bca00 size:180224 thread:1
allocated block device:0x4007123e8a00 size:26112 thread:1
allocated block device:0x4007123ef000 size:4608 thread:1
allocated block device:0x4007123f0200 size:4608 thread:1
allocated block device:0x4007123f1400 size:24064 thread:1
allocated block device:0x4007123f7200 size:512 thread:1
allocated block device:0x4007123f7400 size:24064 thread:1
allocated block device:0x4007123fd200 size:512 thread:1
allocated block device:0x4007123fd400 size:512 thread:1
allocated block device:0x4007123fd600 size:3072 thread:1
allocated block device:0x4007123fe200 size:3072 thread:1
allocated block device:0x4007123fee00 size:512 thread:1
allocated block device:0x4007123ff000 size:1536 thread:1
allocated block device:0x4007123ff600 size:2560 thread:1
allocated block device:0x400712400000 size:1821184 thread:1
allocated block device:0x4007125bca00 size:180224 thread:1
allocated block device:0x4007125e8a00 size:5120 thread:1
allocated block device:0x4007125e9e00 size:1536 thread:1
allocated block device:0x4007125ea400 size:2048 thread:1
allocated block device:0x4007125eac00 size:7680 thread:1
allocated block device:0x4007125eca00 size:7680 thread:1
allocated block device:0x4007125ee800 size:3072 thread:1
allocated block device:0x4007125ef400 size:3072 thread:1
allocated block device:0x4007125f0000 size:5120 thread:1
allocated block device:0x4007125f1400 size:5120 thread:1
allocated block device:0x4007125f2800 size:1024 thread:1
allocated block device:0x4007125f2c00 size:1024 thread:1
allocated block device:0x4007125f3000 size:1024 thread:1
allocated block device:0x4007125f3400 size:1024 thread:1
allocated block device:0x4007125f3800 size:1024 thread:1
allocated block device:0x4007125f3c00 size:1024 thread:1
allocated block device:0x4007125f4000 size:1024 thread:1
allocated block device:0x4007125f4400 size:1024 thread:1
allocated block device:0x4007125f4800 size:5120 thread:1
allocated block device:0x4007125f5c00 size:1536 thread:1
allocated block device:0x4007125f6200 size:1024 thread:1
allocated block device:0x4007125f6600 size:1024 thread:1
allocated block device:0x4007125f6a00 size:1536 thread:1
allocated block device:0x4007125f7000 size:1024 thread:1
allocated block device:0x4007125f7400 size:1024 thread:1
allocated block device:0x4007125f7800 size:1024 thread:1
allocated block device:0x4007125f7c00 size:3072 thread:1
allocated block device:0x4007125f8800 size:3072 thread:1
allocated block device:0x4007125f9400 size:1536 thread:1
allocated block device:0x4007125f9a00 size:1536 thread:1
allocated block device:0x4007125fa000 size:1024 thread:1
allocated block device:0x4007125fa400 size:1024 thread:1
allocated block device:0x4007125fa800 size:1024 thread:1
allocated block device:0x4007125fac00 size:1024 thread:1
allocated block device:0x4007125fb000 size:1024 thread:1
allocated block device:0x4007125fb400 size:1024 thread:1
allocated block device:0x4007125fb800 size:1024 thread:1
allocated block device:0x4007125fbc00 size:1024 thread:1
allocated block device:0x4007125fc000 size:1536 thread:1
allocated block device:0x4007125fc600 size:1024 thread:1
allocated block device:0x4007125fca00 size:512 thread:1
allocated block device:0x4007125fcc00 size:2560 thread:1
allocated block device:0x4007125fd600 size:3072 thread:1
allocated block device:0x4007125ff600 size:2560 thread:1
allocated block device:0x400712600000 size:1821184 thread:1
allocated block device:0x4007127bca00 size:180224 thread:1
allocated block device:0x4007127e8a00 size:28672 thread:1
allocated block device:0x4007127efa00 size:40448 thread:1
allocated block device:0x4007127f9800 size:8192 thread:1
allocated block device:0x4007127fb800 size:8192 thread:1
allocated block device:0x4007127fd800 size:8192 thread:1
allocated block device:0x4007127ff800 size:512 thread:1
allocated block device:0x400712800000 size:1821184 thread:1
allocated block device:0x4007129bca00 size:180224 thread:1
allocated block device:0x4007129e8a00 size:40448 thread:1
allocated block device:0x4007129fe200 size:2048 thread:1
allocated block device:0x400712a00000 size:7284736 thread:1
allocated block device:0x400713200000 size:7284736 thread:1
allocated block device:0x400713a00000 size:45593600 thread:1
allocated block device:0x400720000000 size:807412224 thread:1
allocated block device:0x400750400000 size:230400000 thread:1
allocated block device:0x400780000000 size:230400000 thread:1
allocated block device:0x40078dc00000 size:230400000 thread:1
allocated block device:0x4007c0000000 size:230400000 thread:1
allocated block device:0x4007d4c00000 size:391680 thread:1
allocated block device:0x4007d4c5fa00 size:921600 thread:1
allocated block device:0x4007d4d40a00 size:393216 thread:1
allocated block device:0x4007d4e00000 size:2799616 thread:1
allocated block device:0x4007d5200000 size:4030464 thread:1
allocated block device:0x4007d5600000 size:7284736 thread:1
allocated block device:0x400b80000000 size:298674176 thread:1
allocated block device:0x400ba38c0000 size:393216 thread:1
allocated block device:0x400bafa00000 size:7284736 thread:1
allocated block device:0x400bb2000000 size:1807360 thread:1
allocated block device:0x400bb21b9400 size:181760 thread:1
allocated block device:0x400bb21f5600 size:3072 thread:1
allocated block device:0x400bb21f6200 size:3072 thread:1
allocated block device:0x400bb2200000 size:1807360 thread:1
allocated block device:0x400bb23b9400 size:181760 thread:1
allocated block device:0x400bb23e5a00 size:98304 thread:1
allocated block device:0x400bb2400000 size:1807360 thread:1
allocated block device:0x400bb2600000 size:2799616 thread:1
allocated block device:0x400bb2a00000 size:14458880 thread:1
allocated block device:0x400c00000000 size:298674176 thread:1
allocated block device:0x400c11e00000 size:7284736 thread:1
allocated block device:0x400cd1e00000 size:230400000 thread:1
allocated block device:0x400cf1e00000 size:230400000 thread:1
allocated block device:0x400d11e00000 size:230400000 thread:1
allocated block device:0x400d31e00000 size:29138944 thread:1
allocated block device:0x400d33a00000 size:29138944 thread:1
allocated block device:0x400d35600000 size:3145728 thread:1
allocated block device:0x400d35a00000 size:7284736 thread:1
allocated block device:0x400d36200000 size:7284736 thread:1
allocated block device:0x400d36a00000 size:14569472 thread:1
Accelerator Fatal Error: call to cuMemAlloc returned error 2 (CUDA_ERROR_OUT_OF_MEMORY): Out of memory
 File: /lus/lfs1aip2/projects/u6cb/software/VASP/vasp.6.5.1/build/gam/hamil.f90
 Function: hamiltmu:978
 Line: 1005

Out of memory allocating 921600000 bytes of device memory
Failing in Thread:1
srun: error: nid011279: task 36: Exited with exit code 1
srun: Terminating StepId=3298613.0
slurmstepd: error: *** STEP 3298613.0 ON nid011278 CANCELLED AT 2026-03-23T22:27:13 ***
Out of memory allocating 230400000 bytes of device memory
Failing in Thread:1
total/free CUDA memory: 102005473280/232194048
Present table dump for device[1]: NVIDIA Tesla GPU 0, compute capability 9.0, threadid=1
Hint: specify 0x800 bit in NV_ACC_DEBUG for verbose info.
host:0x2557280 device:0x40063e3fd800 size:32 presentcount:0+3 line:643 name:var%comm
host:0x25572a0 device:0x40063e3ef600 size:32 presentcount:0+4 line:652 name:var%comm_kinter
host:0x25572c0 device:0x40063e3ef800 size:32 presentcount:0+6 line:655 name:var%comm_kin
host:0x25572e0 device:0x4008271ffa00 size:32 presentcount:0+3 line:646 name:var%comm_inter
host:0x2557300 device:0x4008271ffc00 size:32 presentcount:0+7 line:649 name:var%comm_inb
host:0x256be80 device:0x40063a0ecd00 size:8 presentcount:0+1 line:-1 name:_setexm_struct_def_21
host:0x2576f40 device:0x40063a0ece00 size:28 presentcount:0+1 line:-1 name:_ml_ff_constant_21
host:0x2577c80 device:0x40063a0ecf00 size:30437 presentcount:0+1 line:-1 name:_ml_ff_taglist_21
host:0x25afc80 device:0x40063a0f4600 size:8 presentcount:0+1 line:-1 name:_mopenacc_tutor_21
host:0x25c2740 device:0x40063a0f4a00 size:32 presentcount:0+1 line:-1 name:_mbj_21
host:0x25cd640 device:0x40063a0f4d00 size:8 presentcount:0+1 line:-1 name:_sym_prec_21
host:0x26030c0 device:0x40063a0f4e00 size:344 presentcount:0+1 line:-1 name:_tet_21
host:0x261c840 device:0x40063a0f5000 size:392 presentcount:0+1 line:-1 name:_mymath_21
host:0x2817368 device:0x40063e3f0400 size:4800 presentcount:0+2 line:614 name:var
host:0x2818628 device:0x40063e3fbc00 size:1984 presentcount:0+2 line:403 name:var
host:0x281a910 device:0x4008071ffa00 size:864 presentcount:0+4 line:2639 name:hamiltonian
host:0x286ac80 device:0x40063e3fec00 size:2712 presentcount:0+2 line:428 name:var
host:0x286b718 device:0x4008271fc600 size:2248 presentcount:0+1 line:742 name:var
host:0x286eb50 device:0x400d321ffc00 size:288 presentcount:0+1 line:195 name:latt_cur
host:0x2871658 device:0x4008471fe400 size:5088 presentcount:0+28 line:517 name:var
host:0x2872a38 device:0x4008925f6000 size:5088 presentcount:0+6 line:517 name:var
host:0x2873e18 device:0x4008925e9600 size:5088 presentcount:0+7 line:517 name:var
host:0x287a2a8 device:0x4008271ff800 size:304 presentcount:0+1 line:567 name:var
host:0x287a3d8 device:0x4008925fe200 size:304 presentcount:0+1 line:567 name:var
host:0x2e48ec0 device:0x40063a002600 size:960024 presentcount:0+1 line:-1 name:_setexm_struct_def_16
host:0x2f8f080 device:0x40063a0f4700 size:580 presentcount:0+1 line:-1 name:_wpbe_16
host:0x2f8f900 device:0x40063a0f4b00 size:288 presentcount:0+1 line:-1 name:_mbj_16
host:0x9f446c0 device:0x40063a0f5200 size:624 presentcount:0+1 line:-1 name:_mlr_optic_16
host:0x34a3dd40 device:0x40063e3ffe00 size:24 presentcount:0+3 line:616 name:var%vkpt(:,:)
host:0x34a3ded0 device:0x40063e3f0200 size:16 presentcount:0+2 line:430 name:var%psrmax(:)
host:0x34a3df10 device:0x4008923f8800 size:4 presentcount:0+2 line:616 name:var%nplwkp(:)
host:0x34a3df40 device:0x4008923f8a00 size:4 presentcount:0+2 line:616 name:var%nplwkp_tot(:)
host:0x34a3df70 device:0x4008923fea00 size:4 presentcount:0+2 line:616 name:var%ngvector_pos(:)
host:0x34a3dfa0 device:0x4008923f2800 size:4 presentcount:0+2 line:616 name:var%ngvector(:)
host:0x34a3dfd0 device:0x40063e3fc400 size:8 presentcount:0+2 line:616 name:var%nb_totk(:,:)
host:0x34a3e000 device:0x4008923fec00 size:4 presentcount:0+2 line:616 name:var%luseinv(:)
host:0x34a3e030 device:0x40063e3efe00 size:4 presentcount:0+2 line:616 name:var%at_gamma(:)
host:0x34a3e060 device:0x4008923ffa00 size:8 presentcount:0+2 line:405 name:var%lmmax(:)
host:0x34a3e090 device:0x40063e3efa00 size:8 presentcount:0+2 line:430 name:var%lmax(:)
host:0x34a3e0c0 device:0x40063e3efc00 size:8 presentcount:0+2 line:430 name:var%lmmax(:)
host:0x34a3e0f0 device:0x40063e3f0000 size:8 presentcount:0+2 line:430 name:var%channels(:)
host:0x34a3e120 device:0x4008471ff800 size:16 presentcount:0+2 line:430 name:var%rsmooth(:)
host:0x34a3e160 device:0x4008271fe400 size:4 presentcount:0+1 line:499 name:var%tbli(:)
host:0x351793e0 device:0x4008925f9000 size:528 presentcount:0+1 line:480 name:var
host:0x38fbfcc0 device:0x4008471ffa00 size:400 presentcount:0+2 line:464 name:var
host:0x38fbfe50 device:0x4008471ffe00 size:400 presentcount:0+2 line:464 name:var
host:0x3d8cfc70 device:0x4008271ffe00 size:8 presentcount:0+4 line:405 name:var%nityp(:)
host:0x3ddce480 device:0x40063e3f2200 size:1000 presentcount:0+4 line:519 name:var%lpctz(:)
host:0x3e251680 device:0x4008927e8a00 size:28464 presentcount:0+1 line:853 name:var(:)
host:0x3e263de0 device:0x4008929e8a00 size:40000 presentcount:0+1 line:857 name:var%psp(:,:)
host:0x3e26da50 device:0x400d323fbc00 size:8000 presentcount:0+1 line:857 name:var%psprho(:)
host:0x3e270ce0 device:0x4008923f8c00 size:24000 presentcount:0+2 line:466 name:var%psprnl(:,:,:)
host:0x3e2a06c0 device:0x4008923f0400 size:4320 presentcount:0+4 line:405 name:var%ityp(:)
host:0x3e2a17d0 device:0x4008923e8a00 size:25920 presentcount:0+4 line:405 name:var%posion(:,:)
host:0x3e2e49a0 device:0x400d321fbc00 size:8000 presentcount:0+1 line:857 name:var%pspcor(:)
host:0x3e2e6910 device:0x400d321fdc00 size:8000 presentcount:0+1 line:857 name:var%psprho(:)
host:0x3e2ea480 device:0x4008927efa00 size:40000 presentcount:0+1 line:857 name:var%psp(:,:)
host:0x3e2f40f0 device:0x4008923f2a00 size:24000 presentcount:0+2 line:466 name:var%psprnl(:,:,:)
host:0x3e3070f0 device:0x40063e3ffc00 size:8 presentcount:0+3 line:616 name:var%nt_global(:)
host:0x3e3071e0 device:0x40063e3ff800 size:8 presentcount:0+3 line:616 name:var%lmmax(:)
host:0x3e307210 device:0x4008923ef000 size:8 presentcount:0+2 line:616 name:var%wtkpt(:)
host:0x3e307240 device:0x40063e3ffa00 size:8 presentcount:0+3 line:616 name:var%nityp(:)
host:0x3e3341a0 device:0x4008471ffc00 size:24 presentcount:0+3 line:466 name:var%lps(:)
host:0x3e334250 device:0x4008271fd000 size:24 presentcount:0+3 line:466 name:var%lps(:)
host:0x3e3c17e0 device:0x4008923ef200 size:4320 presentcount:0+3 line:616 name:var%ityp(:)
host:0x3e3c28f0 device:0x40063e3fda00 size:4320 presentcount:0+3 line:616 name:var%npro_pos(:)
host:0x3e3c3a00 device:0x40063e3fc600 size:4324 presentcount:0+3 line:616 name:var%lmbase(:)
host:0x3e3c4b10 device:0x40063e3f1800 size:1280 presentcount:0+4 line:519 name:var%lpctx(:)
host:0x3e3c5040 device:0x40063e3f1e00 size:720 presentcount:0+4 line:519 name:var%lpcty(:)
host:0x3e3c5340 device:0x40063e3f2600 size:1280 presentcount:0+4 line:519 name:var%lpctx_(:)
host:0x3e3c5870 device:0x40063e3f2c00 size:720 presentcount:0+4 line:519 name:var%lpcty_(:)
host:0x3e3c5b70 device:0x40063e3f3000 size:1000 presentcount:0+4 line:519 name:var%lpctz_(:)
host:0x3e3c5f80 device:0x4008925f7400 size:1280 presentcount:0+1 line:519 name:var%lpctx(:)
host:0x3e3c64b0 device:0x4008925f7a00 size:720 presentcount:0+1 line:519 name:var%lpcty(:)
host:0x3e3c67b0 device:0x4008925f7e00 size:1000 presentcount:0+1 line:519 name:var%lpctz(:)
host:0x3e3c6bc0 device:0x4008925f8200 size:1280 presentcount:0+1 line:519 name:var%lpctx_(:)
host:0x3e3c70f0 device:0x4008925f8800 size:720 presentcount:0+1 line:519 name:var%lpcty_(:)
host:0x3e3c73f0 device:0x4008925f8c00 size:1000 presentcount:0+1 line:519 name:var%lpctz_(:)
host:0x3e3c7800 device:0x4008923fee00 size:2560 presentcount:0+1 line:519 name:var%lpctx(:)
host:0x3e3c8230 device:0x4008925eaa00 size:1440 presentcount:0+1 line:519 name:var%lpcty(:)
host:0x3e3c8800 device:0x4008925e8a00 size:2000 presentcount:0+1 line:519 name:var%lpctz(:)
host:0x3e3c9000 device:0x4008925eb000 size:2560 presentcount:0+1 line:519 name:var%lpctx_(:)
host:0x3e3c9a30 device:0x4008925eba00 size:1440 presentcount:0+1 line:519 name:var%lpcty_(:)
host:0x3e3ca000 device:0x4008925ec000 size:2000 presentcount:0+1 line:519 name:var%lpctz_(:)
host:0x3e4b60e0 device:0x4008925f0400 size:2824 presentcount:0+1 line:482 name:var%i2(:)
host:0x3e4b6c10 device:0x4008925f1000 size:2824 presentcount:0+1 line:482 name:var%i3(:)
host:0x3e4b7740 device:0x4008925f1c00 size:5020 presentcount:0+1 line:482 name:var%i2(:)
host:0x3e4b8b10 device:0x4008925f3000 size:5020 presentcount:0+1 line:482 name:var%i3(:)
host:0x3e4b9ee0 device:0x4008925ec800 size:7200 presentcount:0+2 line:482 name:var%i2(:)
host:0x3e4bbb30 device:0x4008925ee600 size:7200 presentcount:0+2 line:482 name:var%i3(:)
host:0x3e4bdba0 device:0x400954c5fa00 size:921600 presentcount:0+2 line:482 name:var%index(:,:)
host:0x3e59ebd0 device:0x4008925fe400 size:2560 presentcount:0+1 line:569 name:var%ind1(:)
host:0x3e59f600 device:0x4008925fee00 size:2824 presentcount:0+1 line:569 name:var%indcol(:)
host:0x3e5a0130 device:0x4008925f9400 size:2824 presentcount:0+1 line:482 name:var%i2(:)
host:0x3e5a0c60 device:0x4008925fa000 size:2824 presentcount:0+1 line:482 name:var%i3(:)
host:0x3e5a1790 device:0x4008925fac00 size:1512 presentcount:0+1 line:482 name:var%i2(:)
host:0x3e5a1da0 device:0x4008925fb200 size:1512 presentcount:0+1 line:482 name:var%i3(:)
host:0x3e5a23b0 device:0x4008271fd200 size:4320 presentcount:0+2 line:430 name:var%nlimax(:)
host:0x3e5a34c0 device:0x4008271fe600 size:4324 presentcount:0+2 line:430 name:var%lmbase(:)
host:0x3e5a45d0 device:0x40063e3ee400 size:4324 presentcount:0+2 line:430 name:var%nlibase(:)
host:0x3e5a56e0 device:0x40063e3f3400 size:17132 presentcount:0+4 line:519 name:var%nindpwconjg(:)
host:0x3e5a9a00 device:0x40063e3f7800 size:17132 presentcount:0+4 line:519 name:var%ind_in_sphere(:)
host:0x3e5ae940 device:0x4008925fbc00 size:516 presentcount:0+1 line:499 name:var%ptr(:)
host:0x3e5aeb70 device:0x4008925fb800 size:516 presentcount:0+1 line:499 name:var%n(:)
host:0x3e5c3a20 device:0x4008925f4400 size:516 presentcount:0+1 line:499 name:var%ptr(:)
host:0x3e5c3c50 device:0x4008923ffc00 size:516 presentcount:0+1 line:499 name:var%n(:)
host:0x3e5c3e80 device:0x4008925f4c00 size:516 presentcount:0+1 line:499 name:var%ptri(:)
host:0x3e5c40b0 device:0x4008925f4800 size:516 presentcount:0+1 line:499 name:var%ni(:)
host:0x3e5c42e0 device:0x4008925f5400 size:516 presentcount:0+1 line:499 name:var%ptr(:)
host:0x3e5c4510 device:0x4008925f5000 size:516 presentcount:0+1 line:499 name:var%n(:)
host:0x3e5c4740 device:0x4008925f5c00 size:516 presentcount:0+1 line:499 name:var%ptri(:)
host:0x3e5c4970 device:0x4008925f5800 size:516 presentcount:0+1 line:499 name:var%ni(:)
host:0x3e5db920 device:0x4008925fd800 size:1280 presentcount:0+1 line:569 name:var%ind1(:)
host:0x3e5dbe50 device:0x4008925fde00 size:692 presentcount:0+1 line:569 name:var%indcol(:)
host:0x3e5dc130 device:0x40077632e800 size:180000 presentcount:0+4 line:482 name:var%i2(:)
host:0x3e608080 device:0x40077635a800 size:180000 presentcount:0+4 line:482 name:var%i3(:)
host:0x3e633fd0 device:0x4008923bca00 size:180000 presentcount:0+8 line:482 name:var%index(:,:)
host:0x3e65ff20 device:0x4008929bca00 size:180000 presentcount:0+8 line:482 name:var%i2(:)
host:0x3e68be70 device:0x400776386800 size:180000 presentcount:0+8 line:482 name:var%i3(:)
host:0x3e6b83f0 device:0x400892400000 size:1821184 presentcount:0+3 line:616 name:var%nindpw(:,:)
host:0x3e874e20 device:0x4008925bca00 size:180000 presentcount:0+3 line:616 name:var%pl_index(:,:)
host:0x3e8a0d70 device:0x4008927bca00 size:180000 presentcount:0+3 line:616 name:var%pl_col(:,:)
host:0x3e8cccc0 device:0x4008923f1600 size:4324 presentcount:0+2 line:405 name:var%lmbase(:)
host:0x3e93e630 device:0x400954c00000 size:221440 presentcount:0+1 line:499 name:var%tbl(:)
host:0x3e9aa890 device:0x400d321b9400 size:272160 presentcount:0+1 line:499 name:var%tbli(:)
host:0x3e9ecfe0 device:0x4008925fc400 size:516 presentcount:0+1 line:499 name:var%ptri(:)
host:0x3e9ed210 device:0x4008925fc000 size:516 presentcount:0+1 line:499 name:var%ni(:)
host:0x3e9ed440 device:0x4008925fcc00 size:516 presentcount:0+1 line:499 name:var%ptr(:)
host:0x3e9ed670 device:0x4008925fc800 size:516 presentcount:0+1 line:499 name:var%n(:)
host:0x3e9ed8a0 device:0x4008925fd400 size:516 presentcount:0+1 line:499 name:var%ptri(:)
host:0x3e9edad0 device:0x4008925fd000 size:516 presentcount:0+1 line:499 name:var%ni(:)
host:0x3eb3c020 device:0x400955600000 size:7284736 presentcount:0+3 line:616 name:var%datake(:,:,:)
host:0x3f22f2a0 device:0x400892600000 size:1821184 presentcount:0+3 line:616 name:var%igx(:,:)
host:0x3f3ec930 device:0x400892200000 size:1821184 presentcount:0+3 line:616 name:var%igy(:,:)
host:0x3f5aa1d0 device:0x400892800000 size:1821184 presentcount:0+3 line:616 name:var%igz(:,:)
host:0x3f7680a0 device:0x400893200000 size:7284272 presentcount:0+4 line:519 name:var%fftsca(:,:)
host:0x3fe5a700 device:0x400d323b9400 size:272160 presentcount:0+1 line:499 name:var%tbl(:)
host:0x3ff72c60 device:0x400954e00000 size:1807360 presentcount:0+1 line:499 name:var%tbl(:)
host:0x402e8850 device:0x400d32000000 size:1807200 presentcount:0+1 line:499 name:var%tbli(:)
host:0x404a38c0 device:0x400d32200000 size:1807200 presentcount:0+1 line:499 name:var%tbl(:)
host:0x40819fd0 device:0x400d32400000 size:1807200 presentcount:0+1 line:499 name:var%tbli(:)
host:0x40cd2420 device:0x4008471f4000 size:41984 presentcount:0+1 line:746 name:var%auxtot(:,:,:)
host:0x40cf2420 device:0x40063e3e4000 size:41984 presentcount:0+2 line:746 name:var%fertot(:,:,:)
host:0x40d00030 device:0x40077631a000 size:83968 presentcount:0+2 line:746 name:var%celtot(:,:,:)
host:0x424eb140 device:0x400892a00000 size:7200000 presentcount:0+1 line:195 name:dencor(:)
host:0x432b5430 device:0x400891e00000 size:2799360 presentcount:0+2 line:194 name:cdij(:,:,:,:)
host:0x43564b50 device:0x400d32600000 size:2799360 presentcount:0+2 line:194 name:cqij(:,:,:,:)
host:0x43ac4800 device:0x400955200000 size:4030464 presentcount:0+5 line:746 name:var%gproj(:,:,:,:)
host:0x4414b2b0 device:0x4007763ca800 size:98304 presentcount:0+1 line:1101 name:w1%gproj(:)
host:0x4b00e180 device:0x400954d40a00 size:393216 presentcount:0+2 line:1226 name:wa%gproj(:,:)
host:0x4b06e1b0 device:0x400d238c0000 size:393216 presentcount:0+2 line:1226 name:wa%gproj(:,:)
host:0x4b0d5770 device:0x400eb5600000 size:3145728 presentcount:0+2 line:1226 name:wa%gproj(:,:)
host:0x4f2eaf40 device:0x4008927fa600 size:2048 presentcount:0+1 line:179 name:wtmp(:)
host:0x4f317310 device:0x4008929fcc00 size:2048 presentcount:0+1 line:179 name:w1(:)
host:0x4f320fb0 device:0x400d91e00000 size:7284736 presentcount:0+1 line:1101 name:w1%cptwfp(:)
host:0x4fa137e0 device:0x4007763b2800 size:98304 presentcount:0+1 line:1101 name:w1%gproj(:)
host:0x4fa2b810 device:0x400d325b9400 size:98304 presentcount:0+1 line:1101 name:w1%gproj(:)
host:0x4fa43840 device:0x400d325d1400 size:98304 presentcount:0+1 line:1101 name:w1%gproj(:)
host:0x4fc6c670 device:0x400eb6a00000 size:14569472 presentcount:0+1 line:202 name:precon(:,:)
host:0x50a59470 device:0x400d2fa00000 size:7284736 presentcount:0+1 line:1101 name:w1%cptwfp(:)
host:0x511540a0 device:0x400eb5a00000 size:7284736 presentcount:0+1 line:1101 name:w1%cptwfp(:)
host:0x51846cf0 device:0x400eb6200000 size:7284736 presentcount:0+1 line:1101 name:w1%cptwfp(:)
host:0x400666de39e0 device:0x400d32a00000 size:14458880 presentcount:0+1 line:195 name:cstrf(:,:)
host:0x40067c0010a0 device:0x400893a00000 size:45593280 presentcount:0+2 line:430 name:var%nli(:,:)
host:0x4006dc406f80 device:0x400eb1e00000 size:29138944 presentcount:0+2 line:1226 name:wa%cptwfp(:,:)
host:0x4006ddfe7190 device:0x400eb3a00000 size:29138944 presentcount:0+2 line:1226 name:wa%cptwfp(:,:)
host:0x4007800012b0 device:0x4008a0000000 size:807411968 presentcount:0+2 line:430 name:var%rproj(:)
host:0x4007b02131a0 device:0x40090dc00000 size:230400000 presentcount:0+2 line:194 name:sv(:,:)
host:0x400860004a60 device:0x400880000000 size:298674176 presentcount:0+5 line:746 name:var%cptwfp(:,:,:,:)
host:0x400871ce73a0 device:0x400d80000000 size:233111552 presentcount:0+2 line:1226 name:wa%cptwfp(:,:)
host:0x4008f1ce79d0 device:0x400680000000 size:230400000 presentcount:0+1 line:1101 name:w1%cr(:)
host:0x400926e97be0 device:0x4008d0400000 size:230400000 presentcount:0+1 line:1236 name:w1%cr(:)
host:0x4009c0008000 device:0x400940000000 size:230400000 presentcount:0+1 line:1101 name:w1%cr(:)
host:0x4009cdbd8210 device:0x400900000000 size:230400000 presentcount:0+1 line:1236 name:w1%cr(:)
host:0x400be0000020 device:0x400d00000000 size:230400000 presentcount:0+1 line:1101 name:w1%cr(:)
host:0x400bedbc0230 device:0x400e91e00000 size:230400000 presentcount:0+1 line:1236 name:w1%cr(:)
host:0x400ce0000650 device:0x400e71e00000 size:230400000 presentcount:0+1 line:1101 name:w1%cr(:)
host:0x400cedbc0860 device:0x400e51e00000 size:230400000 presentcount:0+1 line:1236 name:w1%cr(:)
host:0x400ec0005ae0 device:0x400f00000000 size:921600000 presentcount:0+1 line:1005 name:cwork1(:,:)
host:0xffffded93630 device:0x4008927fb200 size:3024 presentcount:0+12 line:682 name:var
host:0xffffded94200 device:0x4007e71ff800 size:1480 presentcount:0+1 line:174 name:w_ini
host:0xffffded947d0 device:0x4008927f9c00 size:1480 presentcount:0+1 line:174 name:wopt
host:0xffffded94da0 device:0x4008271fbc00 size:1480 presentcount:0+1 line:174 name:wtmpa
allocated block device:0x40063e3e4000 size:41984 thread:1
allocated block device:0x40063e3ee400 size:4608 thread:1
allocated block device:0x40063e3ef600 size:512 thread:1
allocated block device:0x40063e3ef800 size:512 thread:1
allocated block device:0x40063e3efa00 size:512 thread:1
allocated block device:0x40063e3efc00 size:512 thread:1
allocated block device:0x40063e3efe00 size:512 thread:1
allocated block device:0x40063e3f0000 size:512 thread:1
allocated block device:0x40063e3f0200 size:512 thread:1
allocated block device:0x40063e3f0400 size:5120 thread:1
allocated block device:0x40063e3f1800 size:1536 thread:1
allocated block device:0x40063e3f1e00 size:1024 thread:1
allocated block device:0x40063e3f2200 size:1024 thread:1
allocated block device:0x40063e3f2600 size:1536 thread:1
allocated block device:0x40063e3f2c00 size:1024 thread:1
allocated block device:0x40063e3f3000 size:1024 thread:1
allocated block device:0x40063e3f3400 size:17408 thread:1
allocated block device:0x40063e3f7800 size:17408 thread:1
allocated block device:0x40063e3fbc00 size:2048 thread:1
allocated block device:0x40063e3fc400 size:512 thread:1
allocated block device:0x40063e3fc600 size:4608 thread:1
allocated block device:0x40063e3fd800 size:512 thread:1
allocated block device:0x40063e3fda00 size:4608 thread:1
allocated block device:0x40063e3fec00 size:3072 thread:1
allocated block device:0x40063e3ff800 size:512 thread:1
allocated block device:0x40063e3ffa00 size:512 thread:1
allocated block device:0x40063e3ffc00 size:512 thread:1
allocated block device:0x40063e3ffe00 size:512 thread:1
allocated block device:0x400680000000 size:230400000 thread:1
allocated block device:0x40077631a000 size:83968 thread:1
allocated block device:0x40077632e800 size:180224 thread:1
allocated block device:0x40077635a800 size:180224 thread:1
allocated block device:0x400776386800 size:180224 thread:1
allocated block device:0x4007763b2800 size:98304 thread:1
allocated block device:0x4007763ca800 size:98304 thread:1
allocated block device:0x4007e71ff800 size:1536 thread:1
allocated block device:0x4008071ffa00 size:1024 thread:1
allocated block device:0x4008271fbc00 size:2048 thread:1
allocated block device:0x4008271fc600 size:2560 thread:1
allocated block device:0x4008271fd000 size:512 thread:1
allocated block device:0x4008271fd200 size:4608 thread:1
allocated block device:0x4008271fe400 size:512 thread:1
allocated block device:0x4008271fe600 size:4608 thread:1
allocated block device:0x4008271ff800 size:512 thread:1
allocated block device:0x4008271ffa00 size:512 thread:1
allocated block device:0x4008271ffc00 size:512 thread:1
allocated block device:0x4008271ffe00 size:512 thread:1
allocated block device:0x4008471f4000 size:41984 thread:1
allocated block device:0x4008471fe400 size:5120 thread:1
allocated block device:0x4008471ff800 size:512 thread:1
allocated block device:0x4008471ffa00 size:512 thread:1
allocated block device:0x4008471ffc00 size:512 thread:1
allocated block device:0x4008471ffe00 size:512 thread:1
allocated block device:0x400880000000 size:298674176 thread:1
allocated block device:0x400891e00000 size:4030464 thread:1
allocated block device:0x400892200000 size:1821184 thread:1
allocated block device:0x4008923bca00 size:180224 thread:1
allocated block device:0x4008923e8a00 size:26112 thread:1
allocated block device:0x4008923ef000 size:512 thread:1
allocated block device:0x4008923ef200 size:4608 thread:1
allocated block device:0x4008923f0400 size:4608 thread:1
allocated block device:0x4008923f1600 size:4608 thread:1
allocated block device:0x4008923f2800 size:512 thread:1
allocated block device:0x4008923f2a00 size:24064 thread:1
allocated block device:0x4008923f8800 size:512 thread:1
allocated block device:0x4008923f8a00 size:512 thread:1
allocated block device:0x4008923f8c00 size:24064 thread:1
allocated block device:0x4008923fea00 size:512 thread:1
allocated block device:0x4008923fec00 size:512 thread:1
allocated block device:0x4008923fee00 size:3072 thread:1
allocated block device:0x4008923ffa00 size:512 thread:1
allocated block device:0x4008923ffc00 size:1024 thread:1
allocated block device:0x400892400000 size:1821184 thread:1
allocated block device:0x4008925bca00 size:180224 thread:1
allocated block device:0x4008925e8a00 size:3072 thread:1
allocated block device:0x4008925e9600 size:5120 thread:1
allocated block device:0x4008925eaa00 size:1536 thread:1
allocated block device:0x4008925eb000 size:2560 thread:1
allocated block device:0x4008925eba00 size:1536 thread:1
allocated block device:0x4008925ec000 size:2048 thread:1
allocated block device:0x4008925ec800 size:7680 thread:1
allocated block device:0x4008925ee600 size:7680 thread:1
allocated block device:0x4008925f0400 size:3072 thread:1
allocated block device:0x4008925f1000 size:3072 thread:1
allocated block device:0x4008925f1c00 size:5120 thread:1
allocated block device:0x4008925f3000 size:5120 thread:1
allocated block device:0x4008925f4400 size:1024 thread:1
allocated block device:0x4008925f4800 size:1024 thread:1
allocated block device:0x4008925f4c00 size:1024 thread:1
allocated block device:0x4008925f5000 size:1024 thread:1
allocated block device:0x4008925f5400 size:1024 thread:1
allocated block device:0x4008925f5800 size:1024 thread:1
allocated block device:0x4008925f5c00 size:1024 thread:1
allocated block device:0x4008925f6000 size:5120 thread:1
allocated block device:0x4008925f7400 size:1536 thread:1
allocated block device:0x4008925f7a00 size:1024 thread:1
allocated block device:0x4008925f7e00 size:1024 thread:1
allocated block device:0x4008925f8200 size:1536 thread:1
allocated block device:0x4008925f8800 size:1024 thread:1
allocated block device:0x4008925f8c00 size:1024 thread:1
allocated block device:0x4008925f9000 size:1024 thread:1
allocated block device:0x4008925f9400 size:3072 thread:1
allocated block device:0x4008925fa000 size:3072 thread:1
allocated block device:0x4008925fac00 size:1536 thread:1
allocated block device:0x4008925fb200 size:1536 thread:1
allocated block device:0x4008925fb800 size:1024 thread:1
allocated block device:0x4008925fbc00 size:1024 thread:1
allocated block device:0x4008925fc000 size:1024 thread:1
allocated block device:0x4008925fc400 size:1024 thread:1
allocated block device:0x4008925fc800 size:1024 thread:1
allocated block device:0x4008925fcc00 size:1024 thread:1
allocated block device:0x4008925fd000 size:1024 thread:1
allocated block device:0x4008925fd400 size:1024 thread:1
allocated block device:0x4008925fd800 size:1536 thread:1
allocated block device:0x4008925fde00 size:1024 thread:1
allocated block device:0x4008925fe200 size:512 thread:1
allocated block device:0x4008925fe400 size:2560 thread:1
allocated block device:0x4008925fee00 size:3072 thread:1
allocated block device:0x400892600000 size:1821184 thread:1
allocated block device:0x4008927bca00 size:180224 thread:1
allocated block device:0x4008927e8a00 size:28672 thread:1
allocated block device:0x4008927efa00 size:40448 thread:1
allocated block device:0x4008927f9c00 size:2560 thread:1
allocated block device:0x4008927fa600 size:3072 thread:1
allocated block device:0x4008927fb200 size:3072 thread:1
allocated block device:0x400892800000 size:1821184 thread:1
allocated block device:0x4008929bca00 size:180224 thread:1
allocated block device:0x4008929e8a00 size:40448 thread:1
allocated block device:0x4008929fcc00 size:2048 thread:1
allocated block device:0x400892a00000 size:7284736 thread:1
allocated block device:0x400893200000 size:7284736 thread:1
allocated block device:0x400893a00000 size:45593600 thread:1
allocated block device:0x4008a0000000 size:807412224 thread:1
allocated block device:0x4008d0400000 size:230400000 thread:1
allocated block device:0x400900000000 size:230400000 thread:1
allocated block device:0x40090dc00000 size:230400000 thread:1
allocated block device:0x400940000000 size:230400000 thread:1
allocated block device:0x400954c00000 size:391680 thread:1
allocated block device:0x400954c5fa00 size:921600 thread:1
allocated block device:0x400954d40a00 size:393216 thread:1
allocated block device:0x400954e00000 size:2799616 thread:1
allocated block device:0x400955200000 size:4030464 thread:1
allocated block device:0x400955600000 size:7284736 thread:1
allocated block device:0x400d00000000 size:298674176 thread:1
allocated block device:0x400d238c0000 size:393216 thread:1
allocated block device:0x400d2fa00000 size:7284736 thread:1
allocated block device:0x400d32000000 size:1807360 thread:1
allocated block device:0x400d321b9400 size:272384 thread:1
allocated block device:0x400d321fbc00 size:8192 thread:1
allocated block device:0x400d321fdc00 size:8192 thread:1
allocated block device:0x400d321ffc00 size:512 thread:1
allocated block device:0x400d32200000 size:1807360 thread:1
allocated block device:0x400d323b9400 size:272384 thread:1
allocated block device:0x400d323fbc00 size:8192 thread:1
allocated block device:0x400d32400000 size:1807360 thread:1
allocated block device:0x400d325b9400 size:98304 thread:1
allocated block device:0x400d325d1400 size:98304 thread:1
allocated block device:0x400d32600000 size:2799616 thread:1
allocated block device:0x400d32a00000 size:14458880 thread:1
allocated block device:0x400d80000000 size:298674176 thread:1
allocated block device:0x400d91e00000 size:7284736 thread:1
allocated block device:0x400e51e00000 size:230400000 thread:1
allocated block device:0x400e71e00000 size:230400000 thread:1
allocated block device:0x400e91e00000 size:230400000 thread:1
allocated block device:0x400eb1e00000 size:29138944 thread:1
allocated block device:0x400eb3a00000 size:29138944 thread:1
allocated block device:0x400eb5600000 size:3145728 thread:1
allocated block device:0x400eb5a00000 size:7284736 thread:1
allocated block device:0x400eb6200000 size:7284736 thread:1
allocated block device:0x400eb6a00000 size:14569472 thread:1
allocated block device:0x400f00000000 size:921600000 thread:1
Accelerator Fatal Error: call to cuMemAlloc returned error 2 (CUDA_ERROR_OUT_OF_MEMORY): Out of memory
 File: /lus/lfs1aip2/projects/u6cb/software/VASP/vasp.6.5.1/build/gam/fft_base.f90
 Function: restride_r2q_cmplx:945
 Line: 964

total/free CUDA memory: 102005473280/544342016
Present table dump for device[1]: NVIDIA Tesla GPU 0, compute capability 9.0, threadid=1
Hint: specify 0x800 bit in NV_ACC_DEBUG for verbose info.
host:0x2557280 device:0x40049e5fc000 size:32 presentcount:0+3 line:643 name:var%comm
host:0x25572a0 device:0x40067c1ffa00 size:32 presentcount:0+4 line:652 name:var%comm_kinter
host:0x25572c0 device:0x40067c1ffc00 size:32 presentcount:0+6 line:655 name:var%comm_kin
host:0x25572e0 device:0x40067c1ff400 size:32 presentcount:0+3 line:646 name:var%comm_inter
host:0x2557300 device:0x40067c1ff600 size:32 presentcount:0+7 line:649 name:var%comm_inb
host:0x256be80 device:0x40049a0ecd00 size:8 presentcount:0+1 line:-1 name:_setexm_struct_def_21
host:0x2576f40 device:0x40049a0ece00 size:28 presentcount:0+1 line:-1 name:_ml_ff_constant_21
host:0x2577c80 device:0x40049a0ecf00 size:30437 presentcount:0+1 line:-1 name:_ml_ff_taglist_21
host:0x25afc80 device:0x40049a0f4600 size:8 presentcount:0+1 line:-1 name:_mopenacc_tutor_21
host:0x25c2740 device:0x40049a0f4a00 size:32 presentcount:0+1 line:-1 name:_mbj_21
host:0x25cd640 device:0x40049a0f4d00 size:8 presentcount:0+1 line:-1 name:_sym_prec_21
host:0x26030c0 device:0x40049a0f4e00 size:344 presentcount:0+1 line:-1 name:_tet_21
host:0x261c840 device:0x40049a0f5000 size:392 presentcount:0+1 line:-1 name:_mymath_21
host:0x2817368 device:0x40049e5eec00 size:4800 presentcount:0+2 line:614 name:var
host:0x2818628 device:0x40049e5fa400 size:1984 presentcount:0+2 line:403 name:var
host:0x281a910 device:0x40063c3ff800 size:864 presentcount:0+4 line:2639 name:hamiltonian
host:0x286ac80 device:0x40049e5fd400 size:2712 presentcount:0+2 line:428 name:var
host:0x286b718 device:0x40067c1fae00 size:2248 presentcount:0+1 line:742 name:var
host:0x286eb50 device:0x4006f27ff800 size:288 presentcount:0+1 line:195 name:latt_cur
host:0x2871658 device:0x40069c3fe400 size:5088 presentcount:0+28 line:517 name:var
host:0x2872a38 device:0x4006f25f4800 size:5088 presentcount:0+6 line:517 name:var
host:0x2873e18 device:0x4006f25e8a00 size:5088 presentcount:0+7 line:517 name:var
host:0x287a2a8 device:0x40067c1fe000 size:304 presentcount:0+1 line:567 name:var
host:0x287a3d8 device:0x4006f25fca00 size:304 presentcount:0+1 line:567 name:var
host:0x2e48ec0 device:0x40049a002600 size:960024 presentcount:0+1 line:-1 name:_setexm_struct_def_16
host:0x2f8f080 device:0x40049a0f4700 size:580 presentcount:0+1 line:-1 name:_wpbe_16
host:0x2f8f900 device:0x40049a0f4b00 size:288 presentcount:0+1 line:-1 name:_mbj_16
host:0x9f446c0 device:0x40049a0f5200 size:624 presentcount:0+1 line:-1 name:_mlr_optic_16
host:0xc77dd40 device:0x40049e5fe600 size:24 presentcount:0+3 line:616 name:var%vkpt(:,:)
host:0xc77ddf0 device:0x40049e5fe200 size:8 presentcount:0+3 line:616 name:var%nityp(:)
host:0xc77e020 device:0x40049e5eea00 size:16 presentcount:0+2 line:430 name:var%psrmax(:)
host:0xc77e060 device:0x40049e5fe000 size:8 presentcount:0+3 line:616 name:var%lmmax(:)
host:0xc77e090 device:0x40049e5fe400 size:8 presentcount:0+3 line:616 name:var%nt_global(:)
host:0xc77e0c0 device:0x40049e5ffe00 size:4 presentcount:0+2 line:616 name:var%nplwkp(:)
host:0xc77e0f0 device:0x4006f23f7200 size:4 presentcount:0+2 line:616 name:var%nplwkp_tot(:)
host:0xc77e120 device:0x4006f23fd200 size:4 presentcount:0+2 line:616 name:var%ngvector_pos(:)
host:0xc77e150 device:0x40049e5ffc00 size:4 presentcount:0+2 line:616 name:var%ngvector(:)
host:0xc77e180 device:0x40049e5fac00 size:8 presentcount:0+2 line:616 name:var%nb_totk(:,:)
host:0xc77e1b0 device:0x4006f23fd400 size:4 presentcount:0+2 line:616 name:var%luseinv(:)
host:0xd93cba0 device:0x4006f25f7800 size:528 presentcount:0+1 line:480 name:var
host:0x11b8d730 device:0x40067c1ff800 size:8 presentcount:0+4 line:405 name:var%nityp(:)
host:0x1208bf40 device:0x40049e5f0a00 size:1000 presentcount:0+4 line:519 name:var%lpctz(:)
host:0x125021b0 device:0x40049e5fe800 size:8 presentcount:0+2 line:616 name:var%wtkpt(:)
host:0x1250f040 device:0x4006f27e8a00 size:28464 presentcount:0+1 line:853 name:var(:)
host:0x125217c0 device:0x4006f29e8a00 size:40000 presentcount:0+1 line:857 name:var%psp(:,:)
host:0x1252b430 device:0x4006f27fd800 size:8000 presentcount:0+1 line:857 name:var%psprho(:)
host:0x1252e6c0 device:0x4006f23f7400 size:24000 presentcount:0+2 line:466 name:var%psprnl(:,:,:)
host:0x1255e0a0 device:0x4006f23ef000 size:4320 presentcount:0+4 line:405 name:var%ityp(:)
host:0x1255f1b0 device:0x4006f23e8a00 size:25920 presentcount:0+4 line:405 name:var%posion(:,:)
host:0x125a2510 device:0x4006f27efa00 size:40000 presentcount:0+1 line:857 name:var%psp(:,:)
host:0x125ac180 device:0x4006f27f9800 size:8000 presentcount:0+1 line:857 name:var%pspcor(:)
host:0x125ae0f0 device:0x4006f27fb800 size:8000 presentcount:0+1 line:857 name:var%psprho(:)
host:0x125b1380 device:0x4006f23f1400 size:24000 presentcount:0+2 line:466 name:var%psprnl(:,:,:)
host:0x125fe340 device:0x40069c3ffc00 size:24 presentcount:0+3 line:466 name:var%lps(:)
host:0x125fe3f0 device:0x40067c1fb800 size:24 presentcount:0+3 line:466 name:var%lps(:)
host:0x12682c10 device:0x40049e5fea00 size:4320 presentcount:0+3 line:616 name:var%ityp(:)
host:0x12683d20 device:0x40049e5fc200 size:4320 presentcount:0+3 line:616 name:var%npro_pos(:)
host:0x12684e30 device:0x40049e5fae00 size:4324 presentcount:0+3 line:616 name:var%lmbase(:)
host:0x12685f40 device:0x40049e5f0000 size:1280 presentcount:0+4 line:519 name:var%lpctx(:)
host:0x12686470 device:0x40049e5f0600 size:720 presentcount:0+4 line:519 name:var%lpcty(:)
host:0x12686770 device:0x40049e5f0e00 size:1280 presentcount:0+4 line:519 name:var%lpctx_(:)
host:0x12686ca0 device:0x40049e5f1400 size:720 presentcount:0+4 line:519 name:var%lpcty_(:)
host:0x12686fa0 device:0x40049e5f1800 size:1000 presentcount:0+4 line:519 name:var%lpctz_(:)
host:0x126873b0 device:0x4006f25f5c00 size:1280 presentcount:0+1 line:519 name:var%lpctx(:)
host:0x126878e0 device:0x4006f25f6200 size:720 presentcount:0+1 line:519 name:var%lpcty(:)
host:0x12687be0 device:0x4006f25f6600 size:1000 presentcount:0+1 line:519 name:var%lpctz(:)
host:0x12687ff0 device:0x4006f25f6a00 size:1280 presentcount:0+1 line:519 name:var%lpctx_(:)
host:0x12688520 device:0x4006f25f7000 size:720 presentcount:0+1 line:519 name:var%lpcty_(:)
host:0x12688820 device:0x4006f25f7400 size:1000 presentcount:0+1 line:519 name:var%lpctz_(:)
host:0x12688c30 device:0x4006f23fd600 size:2560 presentcount:0+1 line:519 name:var%lpctx(:)
host:0x12689660 device:0x4006f23ff000 size:1440 presentcount:0+1 line:519 name:var%lpcty(:)
host:0x12689c30 device:0x4006f23fe200 size:2000 presentcount:0+1 line:519 name:var%lpctz(:)
host:0x1268a430 device:0x4006f23ff600 size:2560 presentcount:0+1 line:519 name:var%lpctx_(:)
host:0x1268ae60 device:0x4006f25e9e00 size:1440 presentcount:0+1 line:519 name:var%lpcty_(:)
host:0x1268b430 device:0x4006f25ea400 size:2000 presentcount:0+1 line:519 name:var%lpctz_(:)
host:0x12777510 device:0x4006f25ee800 size:2824 presentcount:0+1 line:482 name:var%i2(:)
host:0x12778040 device:0x4006f25ef400 size:2824 presentcount:0+1 line:482 name:var%i3(:)
host:0x12778b70 device:0x4006f25f0000 size:5020 presentcount:0+1 line:482 name:var%i2(:)
host:0x12779f40 device:0x4006f25f1400 size:5020 presentcount:0+1 line:482 name:var%i3(:)
host:0x1277b310 device:0x4006f25eac00 size:7200 presentcount:0+2 line:482 name:var%i2(:)
host:0x1277cf60 device:0x4006f25eca00 size:7200 presentcount:0+2 line:482 name:var%i3(:)
host:0x1277efd0 device:0x4007b4c5fa00 size:921600 presentcount:0+2 line:482 name:var%index(:,:)
host:0x12860000 device:0x4006f25fcc00 size:2560 presentcount:0+1 line:569 name:var%ind1(:)
host:0x12860a30 device:0x4006f25fd600 size:2824 presentcount:0+1 line:569 name:var%indcol(:)
host:0x12861560 device:0x4006f25f7c00 size:2824 presentcount:0+1 line:482 name:var%i2(:)
host:0x12862090 device:0x4006f25f8800 size:2824 presentcount:0+1 line:482 name:var%i3(:)
host:0x12862bc0 device:0x4006f25f9400 size:1512 presentcount:0+1 line:482 name:var%i2(:)
host:0x128631d0 device:0x4006f25f9a00 size:1512 presentcount:0+1 line:482 name:var%i3(:)
host:0x128637e0 device:0x40067c1fba00 size:4320 presentcount:0+2 line:430 name:var%nlimax(:)
host:0x128648f0 device:0x40067c1fce00 size:4324 presentcount:0+2 line:430 name:var%lmbase(:)
host:0x12865a00 device:0x40067c1fe200 size:4324 presentcount:0+2 line:430 name:var%nlibase(:)
host:0x12866b10 device:0x40049e5f1c00 size:17132 presentcount:0+4 line:519 name:var%nindpwconjg(:)
host:0x1286ae30 device:0x40049e5f6000 size:17132 presentcount:0+4 line:519 name:var%ind_in_sphere(:)
host:0x12870080 device:0x4006f25fa400 size:516 presentcount:0+1 line:499 name:var%ptr(:)
host:0x128702b0 device:0x4006f25fa000 size:516 presentcount:0+1 line:499 name:var%n(:)
host:0x128704e0 device:0x400b921b9400 size:181440 presentcount:0+1 line:499 name:var%tbli(:)
host:0x1289c9d0 device:0x4006f25fac00 size:516 presentcount:0+1 line:499 name:var%ptri(:)
host:0x1289cc00 device:0x40067c1fcc00 size:4 presentcount:0+1 line:499 name:var%tbli(:)
host:0x1289cd50 device:0x4006f25fc000 size:1280 presentcount:0+1 line:569 name:var%ind1(:)
host:0x1289d280 device:0x4006f25fc600 size:688 presentcount:0+1 line:569 name:var%indcol(:)
host:0x1289d560 device:0x4005ce12e800 size:180000 presentcount:0+4 line:482 name:var%i2(:)
host:0x128c94b0 device:0x4005ce15a800 size:180000 presentcount:0+4 line:482 name:var%i3(:)
host:0x128f5400 device:0x4006f23bca00 size:180000 presentcount:0+8 line:482 name:var%index(:,:)
host:0x12921350 device:0x4006f29bca00 size:180000 presentcount:0+8 line:482 name:var%i2(:)
host:0x1294d2a0 device:0x4005ce186800 size:180000 presentcount:0+8 line:482 name:var%i3(:)
host:0x12979820 device:0x4006f2400000 size:1821184 presentcount:0+3 line:616 name:var%nindpw(:,:)
host:0x12b36250 device:0x40049e5ee600 size:4 presentcount:0+2 line:616 name:var%at_gamma(:)
host:0x12b36280 device:0x4006f25bca00 size:180000 presentcount:0+3 line:616 name:var%pl_index(:,:)
host:0x12b621d0 device:0x4006f27bca00 size:180000 presentcount:0+3 line:616 name:var%pl_col(:,:)
host:0x12b8e120 device:0x4006f23fee00 size:8 presentcount:0+2 line:405 name:var%lmmax(:)
host:0x12b8e150 device:0x40067c1ffe00 size:8 presentcount:0+2 line:430 name:var%lmax(:)
host:0x12b8e180 device:0x4006f23f0200 size:4324 presentcount:0+2 line:405 name:var%lmbase(:)
host:0x12b8f290 device:0x40049e5ee400 size:8 presentcount:0+2 line:430 name:var%lmmax(:)
host:0x12b8f2c0 device:0x40049e5ee800 size:8 presentcount:0+2 line:430 name:var%channels(:)
host:0x12b8f2f0 device:0x40069c3ff800 size:16 presentcount:0+2 line:430 name:var%rsmooth(:)
host:0x12b8f330 device:0x40069c3ffa00 size:400 presentcount:0+2 line:464 name:var
host:0x12b8f4c0 device:0x40069c3ffe00 size:400 presentcount:0+2 line:464 name:var
host:0x12bffee0 device:0x4007b4c00000 size:220160 presentcount:0+1 line:499 name:var%tbl(:)
host:0x12c6b740 device:0x4006f25fa800 size:516 presentcount:0+1 line:499 name:var%ni(:)
host:0x12c6b970 device:0x400b923b9400 size:181440 presentcount:0+1 line:499 name:var%tbl(:)
host:0x12c97e60 device:0x4006f25fb400 size:516 presentcount:0+1 line:499 name:var%ptr(:)
host:0x12c98090 device:0x4006f25fb000 size:516 presentcount:0+1 line:499 name:var%n(:)
host:0x12c982c0 device:0x4006f25fbc00 size:516 presentcount:0+1 line:499 name:var%ptri(:)
host:0x12c984f0 device:0x4006f25fb800 size:516 presentcount:0+1 line:499 name:var%ni(:)
host:0x12cb3710 device:0x4006f25f2c00 size:516 presentcount:0+1 line:499 name:var%ptr(:)
host:0x12df99e0 device:0x4007b5600000 size:7284736 presentcount:0+3 line:616 name:var%datake(:,:,:)
host:0x134ecc60 device:0x4006f2600000 size:1821184 presentcount:0+3 line:616 name:var%igx(:,:)
host:0x136aa2f0 device:0x4006f2200000 size:1821184 presentcount:0+3 line:616 name:var%igy(:,:)
host:0x13867b90 device:0x4006f2800000 size:1821184 presentcount:0+3 line:616 name:var%igz(:,:)
host:0x13a25a60 device:0x4006f3200000 size:7284272 presentcount:0+4 line:519 name:var%fftsca(:,:)
host:0x14119d10 device:0x4006f25f2800 size:516 presentcount:0+1 line:499 name:var%n(:)
host:0x14119f40 device:0x4006f25f3400 size:516 presentcount:0+1 line:499 name:var%ptri(:)
host:0x1411a170 device:0x4006f25f3000 size:516 presentcount:0+1 line:499 name:var%ni(:)
host:0x1411a3a0 device:0x4006f25f3c00 size:516 presentcount:0+1 line:499 name:var%ptr(:)
host:0x1411a5d0 device:0x4006f25f3800 size:516 presentcount:0+1 line:499 name:var%n(:)
host:0x1411a800 device:0x4006f25f4400 size:516 presentcount:0+1 line:499 name:var%ptri(:)
host:0x1411aa30 device:0x4006f25f4000 size:516 presentcount:0+1 line:499 name:var%ni(:)
host:0x141d7c70 device:0x4007b4e00000 size:1807360 presentcount:0+1 line:499 name:var%tbl(:)
host:0x1454d860 device:0x400b92000000 size:1807200 presentcount:0+1 line:499 name:var%tbli(:)
host:0x147088d0 device:0x400b92200000 size:1807200 presentcount:0+1 line:499 name:var%tbl(:)
host:0x14a7efe0 device:0x400b92400000 size:1807200 presentcount:0+1 line:499 name:var%tbli(:)
host:0x14e92420 device:0x40069c3f4000 size:41984 presentcount:0+1 line:746 name:var%auxtot(:,:,:)
host:0x153d2420 device:0x40049e5e4000 size:41984 presentcount:0+2 line:746 name:var%fertot(:,:,:)
host:0x153e0030 device:0x4005ce11a000 size:83968 presentcount:0+2 line:746 name:var%celtot(:,:,:)
host:0x16af83a0 device:0x4006f2a00000 size:7200000 presentcount:0+1 line:195 name:dencor(:)
host:0x178c2690 device:0x4006f1e00000 size:2799360 presentcount:0+2 line:194 name:cdij(:,:,:,:)
host:0x17b71db0 device:0x400b92600000 size:2799360 presentcount:0+2 line:194 name:cqij(:,:,:,:)
host:0x180d1a60 device:0x4007b5200000 size:4030464 presentcount:0+5 line:746 name:var%gproj(:,:,:,:)
host:0x18773320 device:0x4005ce1ca800 size:98304 presentcount:0+1 line:1101 name:w1%gproj(:)
host:0x1f4049d0 device:0x4007b4d40a00 size:393216 presentcount:0+2 line:1226 name:wa%gproj(:,:)
host:0x1f464a00 device:0x400b838c0000 size:393216 presentcount:0+2 line:1226 name:wa%gproj(:,:)
host:0x1f4cbba0 device:0x400d15600000 size:3145728 presentcount:0+2 line:1226 name:wa%gproj(:,:)
host:0x1f7cbbd0 device:0x4005ce1b2800 size:98304 presentcount:0+1 line:1101 name:w1%gproj(:)
host:0x1f7e3c00 device:0x400b923e5a00 size:98304 presentcount:0+1 line:1101 name:w1%gproj(:)
host:0x1f7fbc30 device:0x4005ce1e2800 size:98304 presentcount:0+1 line:1101 name:w1%gproj(:)
host:0x236e1e20 device:0x4006f29fe200 size:2048 presentcount:0+1 line:179 name:w1(:)
host:0x236e2640 device:0x400b921f5600 size:2048 presentcount:0+1 line:179 name:wtmp(:)
host:0x236ead40 device:0x400bf1e00000 size:7284736 presentcount:0+1 line:1101 name:w1%cptwfp(:)
host:0x24094050 device:0x400d16a00000 size:14569472 presentcount:0+1 line:202 name:precon(:,:)
host:0x24e80a30 device:0x400b8fa00000 size:7284736 presentcount:0+1 line:1101 name:w1%cptwfp(:)
host:0x2557b240 device:0x400d15a00000 size:7284736 presentcount:0+1 line:1101 name:w1%cptwfp(:)
host:0x25c6da70 device:0x400d16200000 size:7284736 presentcount:0+1 line:1101 name:w1%cptwfp(:)
host:0x4004d6cb39e0 device:0x400b92a00000 size:14458880 presentcount:0+1 line:195 name:cstrf(:,:)
host:0x4004dc0010a0 device:0x4006f3a00000 size:45593280 presentcount:0+2 line:430 name:var%nli(:,:)
host:0x400538406b60 device:0x400d11e00000 size:29138944 presentcount:0+2 line:1226 name:wa%cptwfp(:,:)
host:0x40053d086d70 device:0x400d13a00000 size:29138944 presentcount:0+2 line:1226 name:wa%cptwfp(:,:)
host:0x4005e00012b0 device:0x400700000000 size:807411968 presentcount:0+2 line:430 name:var%rproj(:)
host:0x4006102131a0 device:0x40076dc00000 size:230400000 presentcount:0+2 line:194 name:sv(:,:)
host:0x4006c0004a60 device:0x4006e0000000 size:298674176 presentcount:0+5 line:746 name:var%cptwfp(:,:,:,:)
host:0x4006d1ce6f80 device:0x400be0000000 size:233111552 presentcount:0+2 line:1226 name:wa%cptwfp(:,:)
host:0x400751ce75b0 device:0x4004e0000000 size:230400000 presentcount:0+1 line:1101 name:w1%cr(:)
host:0x400786e977c0 device:0x400730400000 size:230400000 presentcount:0+1 line:1236 name:w1%cr(:)
host:0x400820007be0 device:0x4007a0000000 size:230400000 presentcount:0+1 line:1101 name:w1%cr(:)
host:0x40082dbd7df0 device:0x400760000000 size:230400000 presentcount:0+1 line:1236 name:w1%cr(:)
host:0x400a40008210 device:0x400b60000000 size:230400000 presentcount:0+1 line:1101 name:w1%cr(:)
host:0x400a4dbd8420 device:0x400cf1e00000 size:230400000 presentcount:0+1 line:1236 name:w1%cr(:)
host:0x400b40000230 device:0x400cd1e00000 size:230400000 presentcount:0+1 line:1101 name:w1%cr(:)
host:0x400b4dbc0440 device:0x400cb1e00000 size:230400000 presentcount:0+1 line:1236 name:w1%cr(:)
host:0xffffe15f9650 device:0x400b921f6200 size:3024 presentcount:0+12 line:682 name:var
host:0xffffe15fa220 device:0x40065c3ff600 size:1480 presentcount:0+1 line:174 name:w_ini
host:0xffffe15fa7f0 device:0x4006f25ff600 size:1480 presentcount:0+1 line:174 name:wopt
host:0xffffe15fadc0 device:0x40067c1fa400 size:1480 presentcount:0+1 line:174 name:wtmpa
allocated block device:0x40049e5e4000 size:41984 thread:1
allocated block device:0x40049e5ee400 size:512 thread:1
allocated block device:0x40049e5ee600 size:512 thread:1
allocated block device:0x40049e5ee800 size:512 thread:1
allocated block device:0x40049e5eea00 size:512 thread:1
allocated block device:0x40049e5eec00 size:5120 thread:1
allocated block device:0x40049e5f0000 size:1536 thread:1
allocated block device:0x40049e5f0600 size:1024 thread:1
allocated block device:0x40049e5f0a00 size:1024 thread:1
allocated block device:0x40049e5f0e00 size:1536 thread:1
allocated block device:0x40049e5f1400 size:1024 thread:1
allocated block device:0x40049e5f1800 size:1024 thread:1
allocated block device:0x40049e5f1c00 size:17408 thread:1
allocated block device:0x40049e5f6000 size:17408 thread:1
allocated block device:0x40049e5fa400 size:2048 thread:1
allocated block device:0x40049e5fac00 size:512 thread:1
allocated block device:0x40049e5fae00 size:4608 thread:1
allocated block device:0x40049e5fc000 size:512 thread:1
allocated block device:0x40049e5fc200 size:4608 thread:1
allocated block device:0x40049e5fd400 size:3072 thread:1
allocated block device:0x40049e5fe000 size:512 thread:1
allocated block device:0x40049e5fe200 size:512 thread:1
allocated block device:0x40049e5fe400 size:512 thread:1
allocated block device:0x40049e5fe600 size:512 thread:1
allocated block device:0x40049e5fe800 size:512 thread:1
allocated block device:0x40049e5fea00 size:4608 thread:1
allocated block device:0x40049e5ffc00 size:512 thread:1
allocated block device:0x40049e5ffe00 size:512 thread:1
allocated block device:0x4004e0000000 size:230400000 thread:1
allocated block device:0x4005ce11a000 size:83968 thread:1
allocated block device:0x4005ce12e800 size:180224 thread:1
allocated block device:0x4005ce15a800 size:180224 thread:1
allocated block device:0x4005ce186800 size:180224 thread:1
allocated block device:0x4005ce1b2800 size:98304 thread:1
allocated block device:0x4005ce1ca800 size:98304 thread:1
allocated block device:0x4005ce1e2800 size:98304 thread:1
allocated block device:0x40063c3ff800 size:1024 thread:1
allocated block device:0x40065c3ff600 size:1536 thread:1
allocated block device:0x40067c1fa400 size:2048 thread:1
allocated block device:0x40067c1fae00 size:2560 thread:1
allocated block device:0x40067c1fb800 size:512 thread:1
allocated block device:0x40067c1fba00 size:4608 thread:1
allocated block device:0x40067c1fcc00 size:512 thread:1
allocated block device:0x40067c1fce00 size:4608 thread:1
allocated block device:0x40067c1fe000 size:512 thread:1
allocated block device:0x40067c1fe200 size:4608 thread:1
allocated block device:0x40067c1ff400 size:512 thread:1
allocated block device:0x40067c1ff600 size:512 thread:1
allocated block device:0x40067c1ff800 size:512 thread:1
allocated block device:0x40067c1ffa00 size:512 thread:1
allocated block device:0x40067c1ffc00 size:512 thread:1
allocated block device:0x40067c1ffe00 size:512 thread:1
allocated block device:0x40069c3f4000 size:41984 thread:1
allocated block device:0x40069c3fe400 size:5120 thread:1
allocated block device:0x40069c3ff800 size:512 thread:1
allocated block device:0x40069c3ffa00 size:512 thread:1
allocated block device:0x40069c3ffc00 size:512 thread:1
allocated block device:0x40069c3ffe00 size:512 thread:1
allocated block device:0x4006e0000000 size:298674176 thread:1
allocated block device:0x4006f1e00000 size:4030464 thread:1
allocated block device:0x4006f2200000 size:1821184 thread:1
allocated block device:0x4006f23bca00 size:180224 thread:1
allocated block device:0x4006f23e8a00 size:26112 thread:1
allocated block device:0x4006f23ef000 size:4608 thread:1
allocated block device:0x4006f23f0200 size:4608 thread:1
allocated block device:0x4006f23f1400 size:24064 thread:1
allocated block device:0x4006f23f7200 size:512 thread:1
allocated block device:0x4006f23f7400 size:24064 thread:1
allocated block device:0x4006f23fd200 size:512 thread:1
allocated block device:0x4006f23fd400 size:512 thread:1
allocated block device:0x4006f23fd600 size:3072 thread:1
allocated block device:0x4006f23fe200 size:3072 thread:1
allocated block device:0x4006f23fee00 size:512 thread:1
allocated block device:0x4006f23ff000 size:1536 thread:1
allocated block device:0x4006f23ff600 size:2560 thread:1
allocated block device:0x4006f2400000 size:1821184 thread:1
allocated block device:0x4006f25bca00 size:180224 thread:1
allocated block device:0x4006f25e8a00 size:5120 thread:1
allocated block device:0x4006f25e9e00 size:1536 thread:1
allocated block device:0x4006f25ea400 size:2048 thread:1
allocated block device:0x4006f25eac00 size:7680 thread:1
allocated block device:0x4006f25eca00 size:7680 thread:1
allocated block device:0x4006f25ee800 size:3072 thread:1
allocated block device:0x4006f25ef400 size:3072 thread:1
allocated block device:0x4006f25f0000 size:5120 thread:1
allocated block device:0x4006f25f1400 size:5120 thread:1
allocated block device:0x4006f25f2800 size:1024 thread:1
allocated block device:0x4006f25f2c00 size:1024 thread:1
allocated block device:0x4006f25f3000 size:1024 thread:1
allocated block device:0x4006f25f3400 size:1024 thread:1
allocated block device:0x4006f25f3800 size:1024 thread:1
allocated block device:0x4006f25f3c00 size:1024 thread:1
allocated block device:0x4006f25f4000 size:1024 thread:1
allocated block device:0x4006f25f4400 size:1024 thread:1
allocated block device:0x4006f25f4800 size:5120 thread:1
allocated block device:0x4006f25f5c00 size:1536 thread:1
allocated block device:0x4006f25f6200 size:1024 thread:1
allocated block device:0x4006f25f6600 size:1024 thread:1
allocated block device:0x4006f25f6a00 size:1536 thread:1
allocated block device:0x4006f25f7000 size:1024 thread:1
allocated block device:0x4006f25f7400 size:1024 thread:1
allocated block device:0x4006f25f7800 size:1024 thread:1
allocated block device:0x4006f25f7c00 size:3072 thread:1
allocated block device:0x4006f25f8800 size:3072 thread:1
allocated block device:0x4006f25f9400 size:1536 thread:1
allocated block device:0x4006f25f9a00 size:1536 thread:1
allocated block device:0x4006f25fa000 size:1024 thread:1
allocated block device:0x4006f25fa400 size:1024 thread:1
allocated block device:0x4006f25fa800 size:1024 thread:1
allocated block device:0x4006f25fac00 size:1024 thread:1
allocated block device:0x4006f25fb000 size:1024 thread:1
allocated block device:0x4006f25fb400 size:1024 thread:1
allocated block device:0x4006f25fb800 size:1024 thread:1
allocated block device:0x4006f25fbc00 size:1024 thread:1
allocated block device:0x4006f25fc000 size:1536 thread:1
allocated block device:0x4006f25fc600 size:1024 thread:1
allocated block device:0x4006f25fca00 size:512 thread:1
allocated block device:0x4006f25fcc00 size:2560 thread:1
allocated block device:0x4006f25fd600 size:3072 thread:1
allocated block device:0x4006f25ff600 size:2560 thread:1
allocated block device:0x4006f2600000 size:1821184 thread:1
allocated block device:0x4006f27bca00 size:180224 thread:1
allocated block device:0x4006f27e8a00 size:28672 thread:1
allocated block device:0x4006f27efa00 size:40448 thread:1
allocated block device:0x4006f27f9800 size:8192 thread:1
allocated block device:0x4006f27fb800 size:8192 thread:1
allocated block device:0x4006f27fd800 size:8192 thread:1
allocated block device:0x4006f27ff800 size:512 thread:1
allocated block device:0x4006f2800000 size:1821184 thread:1
allocated block device:0x4006f29bca00 size:180224 thread:1
allocated block device:0x4006f29e8a00 size:40448 thread:1
allocated block device:0x4006f29fe200 size:2048 thread:1
allocated block device:0x4006f2a00000 size:7284736 thread:1
allocated block device:0x4006f3200000 size:7284736 thread:1
allocated block device:0x4006f3a00000 size:45593600 thread:1
allocated block device:0x400700000000 size:807412224 thread:1
allocated block device:0x400730400000 size:230400000 thread:1
allocated block device:0x400760000000 size:230400000 thread:1
allocated block device:0x40076dc00000 size:230400000 thread:1
allocated block device:0x4007a0000000 size:230400000 thread:1
allocated block device:0x4007b4c00000 size:391680 thread:1
allocated block device:0x4007b4c5fa00 size:921600 thread:1
allocated block device:0x4007b4d40a00 size:393216 thread:1
allocated block device:0x4007b4e00000 size:2799616 thread:1
allocated block device:0x4007b5200000 size:4030464 thread:1
allocated block device:0x4007b5600000 size:7284736 thread:1
allocated block device:0x400b60000000 size:298674176 thread:1
allocated block device:0x400b838c0000 size:393216 thread:1
allocated block device:0x400b8fa00000 size:7284736 thread:1
allocated block device:0x400b92000000 size:1807360 thread:1
allocated block device:0x400b921b9400 size:181760 thread:1
allocated block device:0x400b921f5600 size:3072 thread:1
allocated block device:0x400b921f6200 size:3072 thread:1
allocated block device:0x400b92200000 size:1807360 thread:1
allocated block device:0x400b923b9400 size:181760 thread:1
allocated block device:0x400b923e5a00 size:98304 thread:1
allocated block device:0x400b92400000 size:1807360 thread:1
allocated block device:0x400b92600000 size:2799616 thread:1
allocated block device:0x400b92a00000 size:14458880 thread:1
allocated block device:0x400be0000000 size:298674176 thread:1
allocated block device:0x400bf1e00000 size:7284736 thread:1
allocated block device:0x400cb1e00000 size:230400000 thread:1
allocated block device:0x400cd1e00000 size:230400000 thread:1
allocated block device:0x400cf1e00000 size:230400000 thread:1
allocated block device:0x400d11e00000 size:29138944 thread:1
allocated block device:0x400d13a00000 size:29138944 thread:1
allocated block device:0x400d15600000 size:3145728 thread:1
allocated block device:0x400d15a00000 size:7284736 thread:1
allocated block device:0x400d16200000 size:7284736 thread:1
allocated block device:0x400d16a00000 size:14569472 thread:1
Accelerator Fatal Error: call to cuMemAlloc returned error 2 (CUDA_ERROR_OUT_OF_MEMORY): Out of memory
 File: /lus/lfs1aip2/projects/u6cb/software/VASP/vasp.6.5.1/build/gam/hamil.f90
 Function: hamiltmu:978
 Line: 1005

srun: error: nid011280: tasks 64-94: Terminated
srun: error: nid011281: tasks 96-127: Terminated
srun: error: nid011278: tasks 0-31: Terminated
srun: error: nid011280: task 95: Terminated
srun: error: nid011279: tasks 32-35,37-63: Terminated
srun: Force Terminated StepId=3298613.0
