rm: cannot remove 'WAVECAR': No such file or directory
 running  128 mpi-ranks, with    8 threads/rank, on    4 nodes
 distrk:  each k-point on  128 cores,    1 groups
 distr:  one band on    1 cores,  128 groups
 Offloading initialized ...   16 GPUs detected
 WARNING: INIT_OFFLOAD: several MPI-ranks need to share a GPU, which is not
     supported by NCCL. The use of NCCL will be switched off. To avoid this,
     reduce the number of MPI-ranks: #-of-ranks <= #-of-GPUs (on every node!).

Out of memory allocating 230400000 bytes of device memory
Failing in Thread:1
total/free CUDA memory: 102005473280/566427648
Present table dump for device[1]: NVIDIA Tesla GPU 0, compute capability 9.0, threadid=1
Hint: specify 0x800 bit in NV_ACC_DEBUG for verbose info.
host:0x2557280 device:0x4002fe5fd800 size:32 presentcount:0+3 line:643 name:var%comm
host:0x25572a0 device:0x4002fe5ef600 size:32 presentcount:0+4 line:652 name:var%comm_kinter
host:0x25572c0 device:0x4002fe5ef800 size:32 presentcount:0+6 line:655 name:var%comm_kin
host:0x25572e0 device:0x4004dc1ffa00 size:32 presentcount:0+3 line:646 name:var%comm_inter
host:0x2557300 device:0x4004dc1ffc00 size:32 presentcount:0+7 line:649 name:var%comm_inb
host:0x256be80 device:0x4002fa0ecd00 size:8 presentcount:0+1 line:-1 name:_setexm_struct_def_21
host:0x2576f40 device:0x4002fa0ece00 size:28 presentcount:0+1 line:-1 name:_ml_ff_constant_21
host:0x2577c80 device:0x4002fa0ecf00 size:30437 presentcount:0+1 line:-1 name:_ml_ff_taglist_21
host:0x25afc80 device:0x4002fa0f4600 size:8 presentcount:0+1 line:-1 name:_mopenacc_tutor_21
host:0x25c2740 device:0x4002fa0f4a00 size:32 presentcount:0+1 line:-1 name:_mbj_21
host:0x25cd640 device:0x4002fa0f4d00 size:8 presentcount:0+1 line:-1 name:_sym_prec_21
host:0x26030c0 device:0x4002fa0f4e00 size:344 presentcount:0+1 line:-1 name:_tet_21
host:0x261c840 device:0x4002fa0f5000 size:392 presentcount:0+1 line:-1 name:_mymath_21
host:0x2817368 device:0x4002fe5f0400 size:4800 presentcount:0+2 line:614 name:var
host:0x2818628 device:0x4002fe5fbc00 size:1984 presentcount:0+2 line:403 name:var
host:0x281a910 device:0x4004bc3ffa00 size:864 presentcount:0+4 line:2639 name:hamiltonian
host:0x286ac80 device:0x4002fe5fec00 size:2712 presentcount:0+2 line:428 name:var
host:0x286b718 device:0x4004dc1fc600 size:2248 presentcount:0+1 line:742 name:var
host:0x286eb50 device:0x4009d21ffc00 size:288 presentcount:0+1 line:195 name:latt_cur
host:0x2871658 device:0x4004fc3fe400 size:5088 presentcount:0+28 line:517 name:var
host:0x2872a38 device:0x4005525f6000 size:5088 presentcount:0+6 line:517 name:var
host:0x2873e18 device:0x4005525e9600 size:5088 presentcount:0+7 line:517 name:var
host:0x287a2a8 device:0x4004dc1ff800 size:304 presentcount:0+1 line:567 name:var
host:0x287a3d8 device:0x4005525fe200 size:304 presentcount:0+1 line:567 name:var
host:0x2e48ec0 device:0x4002fa002600 size:960024 presentcount:0+1 line:-1 name:_setexm_struct_def_16
host:0x2f8f080 device:0x4002fa0f4700 size:580 presentcount:0+1 line:-1 name:_wpbe_16
host:0x2f8f900 device:0x4002fa0f4b00 size:288 presentcount:0+1 line:-1 name:_mbj_16
host:0x9f446c0 device:0x4002fa0f5200 size:624 presentcount:0+1 line:-1 name:_mlr_optic_16
host:0x380fbe30 device:0x4002fe5ffe00 size:24 presentcount:0+3 line:616 name:var%vkpt(:,:)
host:0x381fcb90 device:0x4005525f9000 size:528 presentcount:0+1 line:480 name:var
host:0x3c44d860 device:0x4004dc1ffe00 size:8 presentcount:0+4 line:405 name:var%nityp(:)
host:0x3c94c070 device:0x4002fe5f2200 size:1000 presentcount:0+4 line:519 name:var%lpctz(:)
host:0x3cdc22e0 device:0x4005523ef000 size:8 presentcount:0+2 line:616 name:var%wtkpt(:)
host:0x3cdcf170 device:0x4005527e8a00 size:28464 presentcount:0+1 line:853 name:var(:)
host:0x3cde18f0 device:0x4005529e8a00 size:40000 presentcount:0+1 line:857 name:var%psp(:,:)
host:0x3cdeb560 device:0x4009d23fbc00 size:8000 presentcount:0+1 line:857 name:var%psprho(:)
host:0x3cdee7f0 device:0x4005523f8c00 size:24000 presentcount:0+2 line:466 name:var%psprnl(:,:,:)
host:0x3ce1e1d0 device:0x4005523f0400 size:4320 presentcount:0+4 line:405 name:var%ityp(:)
host:0x3ce1f2e0 device:0x4005523e8a00 size:25920 presentcount:0+4 line:405 name:var%posion(:,:)
host:0x3ce62640 device:0x4005527efa00 size:40000 presentcount:0+1 line:857 name:var%psp(:,:)
host:0x3ce6c2b0 device:0x4009d21fbc00 size:8000 presentcount:0+1 line:857 name:var%pspcor(:)
host:0x3ce6e220 device:0x4009d21fdc00 size:8000 presentcount:0+1 line:857 name:var%psprho(:)
host:0x3ce714b0 device:0x4005523f2a00 size:24000 presentcount:0+2 line:466 name:var%psprnl(:,:,:)
host:0x3cebe470 device:0x4004fc3ffc00 size:24 presentcount:0+3 line:466 name:var%lps(:)
host:0x3cebe520 device:0x4004dc1fd000 size:24 presentcount:0+3 line:466 name:var%lps(:)
host:0x3cf39d00 device:0x4002fe5ffa00 size:8 presentcount:0+3 line:616 name:var%nityp(:)
host:0x3cf39ef0 device:0x4002fe5f0200 size:16 presentcount:0+2 line:430 name:var%psrmax(:)
host:0x3cf3a4b0 device:0x4005523ef200 size:4320 presentcount:0+3 line:616 name:var%ityp(:)
host:0x3cf3b5c0 device:0x4002fe5ff800 size:8 presentcount:0+3 line:616 name:var%lmmax(:)
host:0x3cf3b5f0 device:0x4002fe5ffc00 size:8 presentcount:0+3 line:616 name:var%nt_global(:)
host:0x3cf3b620 device:0x4002fe5fda00 size:4320 presentcount:0+3 line:616 name:var%npro_pos(:)
host:0x3cf3c730 device:0x4002fe5fc600 size:4324 presentcount:0+3 line:616 name:var%lmbase(:)
host:0x3cf3d840 device:0x4005523f8800 size:4 presentcount:0+2 line:616 name:var%nplwkp(:)
host:0x3cf3d870 device:0x4005523f8a00 size:4 presentcount:0+2 line:616 name:var%nplwkp_tot(:)
host:0x3cf3d8a0 device:0x4005523fea00 size:4 presentcount:0+2 line:616 name:var%ngvector_pos(:)
host:0x3cf3d8d0 device:0x4005523f2800 size:4 presentcount:0+2 line:616 name:var%ngvector(:)
host:0x3cf3d900 device:0x4002fe5f1800 size:1280 presentcount:0+4 line:519 name:var%lpctx(:)
host:0x3cf3de30 device:0x4002fe5f1e00 size:720 presentcount:0+4 line:519 name:var%lpcty(:)
host:0x3cf3e130 device:0x4002fe5f2600 size:1280 presentcount:0+4 line:519 name:var%lpctx_(:)
host:0x3cf3e660 device:0x4002fe5f2c00 size:720 presentcount:0+4 line:519 name:var%lpcty_(:)
host:0x3cf3e960 device:0x4002fe5f3000 size:1000 presentcount:0+4 line:519 name:var%lpctz_(:)
host:0x3cf3ed70 device:0x4005525f7400 size:1280 presentcount:0+1 line:519 name:var%lpctx(:)
host:0x3cf3f2a0 device:0x4005525f7a00 size:720 presentcount:0+1 line:519 name:var%lpcty(:)
host:0x3cf3f5a0 device:0x4005525f7e00 size:1000 presentcount:0+1 line:519 name:var%lpctz(:)
host:0x3cf3f9b0 device:0x4005525f8200 size:1280 presentcount:0+1 line:519 name:var%lpctx_(:)
host:0x3cf3fee0 device:0x4005525f8800 size:720 presentcount:0+1 line:519 name:var%lpcty_(:)
host:0x3cf401e0 device:0x4005525f8c00 size:1000 presentcount:0+1 line:519 name:var%lpctz_(:)
host:0x3cf405f0 device:0x4005523fee00 size:2560 presentcount:0+1 line:519 name:var%lpctx(:)
host:0x3cf41020 device:0x4005525eaa00 size:1440 presentcount:0+1 line:519 name:var%lpcty(:)
host:0x3cf415f0 device:0x4005525e8a00 size:2000 presentcount:0+1 line:519 name:var%lpctz(:)
host:0x3cf41df0 device:0x4005525eb000 size:2560 presentcount:0+1 line:519 name:var%lpctx_(:)
host:0x3cf42820 device:0x4005525eba00 size:1440 presentcount:0+1 line:519 name:var%lpcty_(:)
host:0x3cf42df0 device:0x4005525ec000 size:2000 presentcount:0+1 line:519 name:var%lpctz_(:)
host:0x3d02eed0 device:0x4005525f0400 size:2824 presentcount:0+1 line:482 name:var%i2(:)
host:0x3d02fa00 device:0x4005525f1000 size:2824 presentcount:0+1 line:482 name:var%i3(:)
host:0x3d030530 device:0x4005525f1c00 size:5020 presentcount:0+1 line:482 name:var%i2(:)
host:0x3d031900 device:0x4005525f3000 size:5020 presentcount:0+1 line:482 name:var%i3(:)
host:0x3d032cd0 device:0x4005525ec800 size:7200 presentcount:0+2 line:482 name:var%i2(:)
host:0x3d034920 device:0x4005525ee600 size:7200 presentcount:0+2 line:482 name:var%i3(:)
host:0x3d036990 device:0x4005f4c5fa00 size:921600 presentcount:0+2 line:482 name:var%index(:,:)
host:0x3d1179c0 device:0x4005525fe400 size:2560 presentcount:0+1 line:569 name:var%ind1(:)
host:0x3d1183f0 device:0x4005525fee00 size:2824 presentcount:0+1 line:569 name:var%indcol(:)
host:0x3d118f20 device:0x4005525f9400 size:2824 presentcount:0+1 line:482 name:var%i2(:)
host:0x3d119a50 device:0x4005525fa000 size:2824 presentcount:0+1 line:482 name:var%i3(:)
host:0x3d11a580 device:0x4005525fac00 size:1512 presentcount:0+1 line:482 name:var%i2(:)
host:0x3d11ab90 device:0x4005525fb200 size:1512 presentcount:0+1 line:482 name:var%i3(:)
host:0x3d11b1a0 device:0x4004dc1fd200 size:4320 presentcount:0+2 line:430 name:var%nlimax(:)
host:0x3d11c2b0 device:0x4004dc1fe600 size:4324 presentcount:0+2 line:430 name:var%lmbase(:)
host:0x3d11d3c0 device:0x4002fe5ee400 size:4324 presentcount:0+2 line:430 name:var%nlibase(:)
host:0x3d11e4d0 device:0x4002fe5f3400 size:17132 presentcount:0+4 line:519 name:var%nindpwconjg(:)
host:0x3d1227f0 device:0x4002fe5f7800 size:17132 presentcount:0+4 line:519 name:var%ind_in_sphere(:)
host:0x3d127a40 device:0x4005525fbc00 size:516 presentcount:0+1 line:499 name:var%ptr(:)
host:0x3d127c70 device:0x4005525fb800 size:516 presentcount:0+1 line:499 name:var%n(:)
host:0x3d139b00 device:0x4005525f4c00 size:516 presentcount:0+1 line:499 name:var%ptri(:)
host:0x3d139d30 device:0x4005525f4800 size:516 presentcount:0+1 line:499 name:var%ni(:)
host:0x3d139f60 device:0x4005525f5400 size:516 presentcount:0+1 line:499 name:var%ptr(:)
host:0x3d13a190 device:0x4005525f5000 size:516 presentcount:0+1 line:499 name:var%n(:)
host:0x3d13a3c0 device:0x4005525f5c00 size:516 presentcount:0+1 line:499 name:var%ptri(:)
host:0x3d13a5f0 device:0x4005525f5800 size:516 presentcount:0+1 line:499 name:var%ni(:)
host:0x3d154710 device:0x4005525fd800 size:1280 presentcount:0+1 line:569 name:var%ind1(:)
host:0x3d154c40 device:0x4005525fde00 size:700 presentcount:0+1 line:569 name:var%indcol(:)
host:0x3d154f30 device:0x40042e12e800 size:180000 presentcount:0+4 line:482 name:var%i2(:)
host:0x3d180e80 device:0x40042e15a800 size:180000 presentcount:0+4 line:482 name:var%i3(:)
host:0x3d1acdd0 device:0x4005523bca00 size:180000 presentcount:0+8 line:482 name:var%index(:,:)
host:0x3d1d8d20 device:0x4005529bca00 size:180000 presentcount:0+8 line:482 name:var%i2(:)
host:0x3d204c70 device:0x40042e186800 size:180000 presentcount:0+8 line:482 name:var%i3(:)
host:0x3d2311f0 device:0x400552400000 size:1821184 presentcount:0+3 line:616 name:var%nindpw(:,:)
host:0x3d3edc20 device:0x4002fe5fc400 size:8 presentcount:0+2 line:616 name:var%nb_totk(:,:)
host:0x3d3edc50 device:0x4005523fec00 size:4 presentcount:0+2 line:616 name:var%luseinv(:)
host:0x3d3edc80 device:0x4002fe5efe00 size:4 presentcount:0+2 line:616 name:var%at_gamma(:)
host:0x3d3edcb0 device:0x4005525bca00 size:180000 presentcount:0+3 line:616 name:var%pl_index(:,:)
host:0x3d419c00 device:0x4005527bca00 size:180000 presentcount:0+3 line:616 name:var%pl_col(:,:)
host:0x3d445b50 device:0x4005523ffa00 size:8 presentcount:0+2 line:405 name:var%lmmax(:)
host:0x3d445b80 device:0x4002fe5efa00 size:8 presentcount:0+2 line:430 name:var%lmax(:)
host:0x3d445bb0 device:0x4005523f1600 size:4324 presentcount:0+2 line:405 name:var%lmbase(:)
host:0x3d446cc0 device:0x4002fe5efc00 size:8 presentcount:0+2 line:430 name:var%lmmax(:)
host:0x3d446cf0 device:0x4002fe5f0000 size:8 presentcount:0+2 line:430 name:var%channels(:)
host:0x3d446d20 device:0x4004fc3ff800 size:16 presentcount:0+2 line:430 name:var%rsmooth(:)
host:0x3d446d60 device:0x4004fc3ffa00 size:400 presentcount:0+2 line:464 name:var
host:0x3d446ef0 device:0x4004fc3ffe00 size:400 presentcount:0+2 line:464 name:var
host:0x3d4b7910 device:0x4005f4c00000 size:224000 presentcount:0+1 line:499 name:var%tbl(:)
host:0x3d524f70 device:0x4009d21b9400 size:272160 presentcount:0+1 line:499 name:var%tbli(:)
host:0x3d5676c0 device:0x4005525fc400 size:516 presentcount:0+1 line:499 name:var%ptri(:)
host:0x3d5678f0 device:0x4005525fc000 size:516 presentcount:0+1 line:499 name:var%ni(:)
host:0x3d567b20 device:0x4005525fcc00 size:516 presentcount:0+1 line:499 name:var%ptr(:)
host:0x3d567d50 device:0x4005525fc800 size:516 presentcount:0+1 line:499 name:var%n(:)
host:0x3d567f80 device:0x4004dc1fe400 size:4 presentcount:0+1 line:499 name:var%tbli(:)
host:0x3d567fb0 device:0x4005525fd400 size:516 presentcount:0+1 line:499 name:var%ptri(:)
host:0x3d5681e0 device:0x4005525fd000 size:516 presentcount:0+1 line:499 name:var%ni(:)
host:0x3d5734b0 device:0x4005525f4400 size:516 presentcount:0+1 line:499 name:var%ptr(:)
host:0x3d5736e0 device:0x4005523ffc00 size:516 presentcount:0+1 line:499 name:var%n(:)
host:0x3d6b9b10 device:0x4005f5600000 size:7284736 presentcount:0+3 line:616 name:var%datake(:,:,:)
host:0x3ddacd90 device:0x400552600000 size:1821184 presentcount:0+3 line:616 name:var%igx(:,:)
host:0x3df6a420 device:0x400552200000 size:1821184 presentcount:0+3 line:616 name:var%igy(:,:)
host:0x3e127cc0 device:0x400552800000 size:1821184 presentcount:0+3 line:616 name:var%igz(:,:)
host:0x3e2e5b90 device:0x400553200000 size:7284272 presentcount:0+4 line:519 name:var%fftsca(:,:)
host:0x3e9d81f0 device:0x4009d23b9400 size:272160 presentcount:0+1 line:499 name:var%tbl(:)
host:0x3eaf0750 device:0x4005f4e00000 size:1807360 presentcount:0+1 line:499 name:var%tbl(:)
host:0x3ee66340 device:0x4009d2000000 size:1807200 presentcount:0+1 line:499 name:var%tbli(:)
host:0x3f0213b0 device:0x4009d2200000 size:1807200 presentcount:0+1 line:499 name:var%tbl(:)
host:0x3f397ac0 device:0x4009d2400000 size:1807200 presentcount:0+1 line:499 name:var%tbli(:)
host:0x3fcb2420 device:0x4004fc3f4000 size:41984 presentcount:0+1 line:746 name:var%auxtot(:,:,:)
host:0x3fcf2420 device:0x4002fe5e4000 size:41984 presentcount:0+2 line:746 name:var%fertot(:,:,:)
host:0x3fd00030 device:0x40042e11a000 size:83968 presentcount:0+2 line:746 name:var%celtot(:,:,:)
host:0x41012d10 device:0x400552a00000 size:7200000 presentcount:0+1 line:195 name:dencor(:)
host:0x41ddd000 device:0x400551e00000 size:2799360 presentcount:0+2 line:194 name:cdij(:,:,:,:)
host:0x4208c720 device:0x4009d2600000 size:2799360 presentcount:0+2 line:194 name:cqij(:,:,:,:)
host:0x425ec3d0 device:0x4005f5200000 size:4030464 presentcount:0+5 line:746 name:var%gproj(:,:,:,:)
host:0x42c7aaa0 device:0x40042e1ca800 size:98304 presentcount:0+1 line:1101 name:w1%gproj(:)
host:0x49b7b420 device:0x4005f4d40a00 size:393216 presentcount:0+2 line:1226 name:wa%gproj(:,:)
host:0x49bdb450 device:0x4009c38c0000 size:393216 presentcount:0+2 line:1226 name:wa%gproj(:,:)
host:0x49c42800 device:0x400b55600000 size:3145728 presentcount:0+2 line:1226 name:wa%gproj(:,:)
host:0x4de6d5c0 device:0x4005529fcc00 size:2048 presentcount:0+1 line:179 name:w1(:)
host:0x4de6dde0 device:0x4005527fa600 size:2048 presentcount:0+1 line:179 name:wtmp(:)
host:0x4de91060 device:0x400a31e00000 size:7284736 presentcount:0+1 line:1101 name:w1%cptwfp(:)
host:0x4e583890 device:0x40042e1b2800 size:98304 presentcount:0+1 line:1101 name:w1%gproj(:)
host:0x4e59b8c0 device:0x4009d25b9400 size:98304 presentcount:0+1 line:1101 name:w1%gproj(:)
host:0x4e5b38f0 device:0x4009d25d1400 size:98304 presentcount:0+1 line:1101 name:w1%gproj(:)
host:0x4e7d8050 device:0x400b56a00000 size:14569472 presentcount:0+1 line:202 name:precon(:,:)
host:0x4f5c4c40 device:0x4009cfa00000 size:7284736 presentcount:0+1 line:1101 name:w1%cptwfp(:)
host:0x4fcbf660 device:0x400b55a00000 size:7284736 presentcount:0+1 line:1101 name:w1%cptwfp(:)
host:0x503b20a0 device:0x400b56200000 size:7284736 presentcount:0+1 line:1101 name:w1%cptwfp(:)
host:0x40033c0010a0 device:0x400553a00000 size:45593280 presentcount:0+2 line:430 name:var%nli(:,:)
host:0x40033eb839e0 device:0x4009d2a00000 size:14458880 presentcount:0+1 line:195 name:cstrf(:,:)
host:0x40038c0031a0 device:0x4005adc00000 size:230400000 presentcount:0+2 line:194 name:sv(:,:)
host:0x40039e366d70 device:0x400b51e00000 size:29138944 presentcount:0+2 line:1226 name:wa%cptwfp(:,:)
host:0x4004400012b0 device:0x400560000000 size:807411968 presentcount:0+2 line:430 name:var%rproj(:)
host:0x400470216f80 device:0x400b53a00000 size:29138944 presentcount:0+2 line:1226 name:wa%cptwfp(:,:)
host:0x400471df7190 device:0x400a20000000 size:233111552 presentcount:0+2 line:1226 name:wa%cptwfp(:,:)
host:0x400520004a60 device:0x400540000000 size:298674176 presentcount:0+5 line:746 name:var%cptwfp(:,:,:,:)
host:0x4005d1ce77c0 device:0x400340000000 size:230400000 presentcount:0+1 line:1101 name:w1%cr(:)
host:0x4006600079d0 device:0x400590400000 size:230400000 presentcount:0+1 line:1236 name:w1%cr(:)
host:0x40066dbd7df0 device:0x4005e0000000 size:230400000 presentcount:0+1 line:1101 name:w1%cr(:)
host:0x400880008000 device:0x4005a0000000 size:230400000 presentcount:0+1 line:1236 name:w1%cr(:)
host:0x40088dbd8420 device:0x4009a0000000 size:230400000 presentcount:0+1 line:1101 name:w1%cr(:)
host:0x400980000020 device:0x400b31e00000 size:230400000 presentcount:0+1 line:1236 name:w1%cr(:)
host:0x40098dbc0440 device:0x400b11e00000 size:230400000 presentcount:0+1 line:1101 name:w1%cr(:)
host:0x400a00000650 device:0x400af1e00000 size:230400000 presentcount:0+1 line:1236 name:w1%cr(:)
host:0x400b60005ae0 device:0x400ba0000000 size:921600000 presentcount:0+1 line:1005 name:cwork1(:,:)
host:0xfffffdd9a8e0 device:0x4005527fb200 size:3024 presentcount:0+12 line:682 name:var
host:0xfffffdd9b4b0 device:0x40049c3ff800 size:1480 presentcount:0+1 line:174 name:w_ini
host:0xfffffdd9ba80 device:0x4005527f9c00 size:1480 presentcount:0+1 line:174 name:wopt
host:0xfffffdd9c050 device:0x4004dc1fbc00 size:1480 presentcount:0+1 line:174 name:wtmpa
allocated block device:0x4002fe5e4000 size:41984 thread:1
allocated block device:0x4002fe5ee400 size:4608 thread:1
allocated block device:0x4002fe5ef600 size:512 thread:1
allocated block device:0x4002fe5ef800 size:512 thread:1
allocated block device:0x4002fe5efa00 size:512 thread:1
allocated block device:0x4002fe5efc00 size:512 thread:1
allocated block device:0x4002fe5efe00 size:512 thread:1
allocated block device:0x4002fe5f0000 size:512 thread:1
allocated block device:0x4002fe5f0200 size:512 thread:1
allocated block device:0x4002fe5f0400 size:5120 thread:1
allocated block device:0x4002fe5f1800 size:1536 thread:1
allocated block device:0x4002fe5f1e00 size:1024 thread:1
allocated block device:0x4002fe5f2200 size:1024 thread:1
allocated block device:0x4002fe5f2600 size:1536 thread:1
allocated block device:0x4002fe5f2c00 size:1024 thread:1
allocated block device:0x4002fe5f3000 size:1024 thread:1
allocated block device:0x4002fe5f3400 size:17408 thread:1
allocated block device:0x4002fe5f7800 size:17408 thread:1
allocated block device:0x4002fe5fbc00 size:2048 thread:1
allocated block device:0x4002fe5fc400 size:512 thread:1
allocated block device:0x4002fe5fc600 size:4608 thread:1
allocated block device:0x4002fe5fd800 size:512 thread:1
allocated block device:0x4002fe5fda00 size:4608 thread:1
allocated block device:0x4002fe5fec00 size:3072 thread:1
allocated block device:0x4002fe5ff800 size:512 thread:1
allocated block device:0x4002fe5ffa00 size:512 thread:1
allocated block device:0x4002fe5ffc00 size:512 thread:1
allocated block device:0x4002fe5ffe00 size:512 thread:1
allocated block device:0x400340000000 size:230400000 thread:1
allocated block device:0x40042e11a000 size:83968 thread:1
allocated block device:0x40042e12e800 size:180224 thread:1
allocated block device:0x40042e15a800 size:180224 thread:1
allocated block device:0x40042e186800 size:180224 thread:1
allocated block device:0x40042e1b2800 size:98304 thread:1
allocated block device:0x40042e1ca800 size:98304 thread:1
allocated block device:0x40049c3ff800 size:1536 thread:1
allocated block device:0x4004bc3ffa00 size:1024 thread:1
allocated block device:0x4004dc1fbc00 size:2048 thread:1
allocated block device:0x4004dc1fc600 size:2560 thread:1
allocated block device:0x4004dc1fd000 size:512 thread:1
allocated block device:0x4004dc1fd200 size:4608 thread:1
allocated block device:0x4004dc1fe400 size:512 thread:1
allocated block device:0x4004dc1fe600 size:4608 thread:1
allocated block device:0x4004dc1ff800 size:512 thread:1
allocated block device:0x4004dc1ffa00 size:512 thread:1
allocated block device:0x4004dc1ffc00 size:512 thread:1
allocated block device:0x4004dc1ffe00 size:512 thread:1
allocated block device:0x4004fc3f4000 size:41984 thread:1
allocated block device:0x4004fc3fe400 size:5120 thread:1
allocated block device:0x4004fc3ff800 size:512 thread:1
allocated block device:0x4004fc3ffa00 size:512 thread:1
allocated block device:0x4004fc3ffc00 size:512 thread:1
allocated block device:0x4004fc3ffe00 size:512 thread:1
allocated block device:0x400540000000 size:298674176 thread:1
allocated block device:0x400551e00000 size:4030464 thread:1
allocated block device:0x400552200000 size:1821184 thread:1
allocated block device:0x4005523bca00 size:180224 thread:1
allocated block device:0x4005523e8a00 size:26112 thread:1
allocated block device:0x4005523ef000 size:512 thread:1
allocated block device:0x4005523ef200 size:4608 thread:1
allocated block device:0x4005523f0400 size:4608 thread:1
allocated block device:0x4005523f1600 size:4608 thread:1
allocated block device:0x4005523f2800 size:512 thread:1
allocated block device:0x4005523f2a00 size:24064 thread:1
allocated block device:0x4005523f8800 size:512 thread:1
allocated block device:0x4005523f8a00 size:512 thread:1
allocated block device:0x4005523f8c00 size:24064 thread:1
allocated block device:0x4005523fea00 size:512 thread:1
allocated block device:0x4005523fec00 size:512 thread:1
allocated block device:0x4005523fee00 size:3072 thread:1
allocated block device:0x4005523ffa00 size:512 thread:1
allocated block device:0x4005523ffc00 size:1024 thread:1
allocated block device:0x400552400000 size:1821184 thread:1
allocated block device:0x4005525bca00 size:180224 thread:1
allocated block device:0x4005525e8a00 size:3072 thread:1
allocated block device:0x4005525e9600 size:5120 thread:1
allocated block device:0x4005525eaa00 size:1536 thread:1
allocated block device:0x4005525eb000 size:2560 thread:1
allocated block device:0x4005525eba00 size:1536 thread:1
allocated block device:0x4005525ec000 size:2048 thread:1
allocated block device:0x4005525ec800 size:7680 thread:1
allocated block device:0x4005525ee600 size:7680 thread:1
allocated block device:0x4005525f0400 size:3072 thread:1
allocated block device:0x4005525f1000 size:3072 thread:1
allocated block device:0x4005525f1c00 size:5120 thread:1
allocated block device:0x4005525f3000 size:5120 thread:1
allocated block device:0x4005525f4400 size:1024 thread:1
allocated block device:0x4005525f4800 size:1024 thread:1
allocated block device:0x4005525f4c00 size:1024 thread:1
allocated block device:0x4005525f5000 size:1024 thread:1
allocated block device:0x4005525f5400 size:1024 thread:1
allocated block device:0x4005525f5800 size:1024 thread:1
allocated block device:0x4005525f5c00 size:1024 thread:1
allocated block device:0x4005525f6000 size:5120 thread:1
allocated block device:0x4005525f7400 size:1536 thread:1
allocated block device:0x4005525f7a00 size:1024 thread:1
allocated block device:0x4005525f7e00 size:1024 thread:1
allocated block device:0x4005525f8200 size:1536 thread:1
allocated block device:0x4005525f8800 size:1024 thread:1
allocated block device:0x4005525f8c00 size:1024 thread:1
allocated block device:0x4005525f9000 size:1024 thread:1
allocated block device:0x4005525f9400 size:3072 thread:1
allocated block device:0x4005525fa000 size:3072 thread:1
allocated block device:0x4005525fac00 size:1536 thread:1
allocated block device:0x4005525fb200 size:1536 thread:1
allocated block device:0x4005525fb800 size:1024 thread:1
allocated block device:0x4005525fbc00 size:1024 thread:1
allocated block device:0x4005525fc000 size:1024 thread:1
allocated block device:0x4005525fc400 size:1024 thread:1
allocated block device:0x4005525fc800 size:1024 thread:1
allocated block device:0x4005525fcc00 size:1024 thread:1
allocated block device:0x4005525fd000 size:1024 thread:1
allocated block device:0x4005525fd400 size:1024 thread:1
allocated block device:0x4005525fd800 size:1536 thread:1
allocated block device:0x4005525fde00 size:1024 thread:1
allocated block device:0x4005525fe200 size:512 thread:1
allocated block device:0x4005525fe400 size:2560 thread:1
allocated block device:0x4005525fee00 size:3072 thread:1
allocated block device:0x400552600000 size:1821184 thread:1
allocated block device:0x4005527bca00 size:180224 thread:1
allocated block device:0x4005527e8a00 size:28672 thread:1
allocated block device:0x4005527efa00 size:40448 thread:1
allocated block device:0x4005527f9c00 size:2560 thread:1
allocated block device:0x4005527fa600 size:3072 thread:1
allocated block device:0x4005527fb200 size:3072 thread:1
allocated block device:0x400552800000 size:1821184 thread:1
allocated block device:0x4005529bca00 size:180224 thread:1
allocated block device:0x4005529e8a00 size:40448 thread:1
allocated block device:0x4005529fcc00 size:2048 thread:1
allocated block device:0x400552a00000 size:7284736 thread:1
allocated block device:0x400553200000 size:7284736 thread:1
allocated block device:0x400553a00000 size:45593600 thread:1
allocated block device:0x400560000000 size:807412224 thread:1
allocated block device:0x400590400000 size:230400000 thread:1
allocated block device:0x4005a0000000 size:230400000 thread:1
allocated block device:0x4005adc00000 size:230400000 thread:1
allocated block device:0x4005e0000000 size:230400000 thread:1
allocated block device:0x4005f4c00000 size:391680 thread:1
allocated block device:0x4005f4c5fa00 size:921600 thread:1
allocated block device:0x4005f4d40a00 size:393216 thread:1
allocated block device:0x4005f4e00000 size:2799616 thread:1
allocated block device:0x4005f5200000 size:4030464 thread:1
allocated block device:0x4005f5600000 size:7284736 thread:1
allocated block device:0x4009a0000000 size:298674176 thread:1
allocated block device:0x4009c38c0000 size:393216 thread:1
allocated block device:0x4009cfa00000 size:7284736 thread:1
allocated block device:0x4009d2000000 size:1807360 thread:1
allocated block device:0x4009d21b9400 size:272384 thread:1
allocated block device:0x4009d21fbc00 size:8192 thread:1
allocated block device:0x4009d21fdc00 size:8192 thread:1
allocated block device:0x4009d21ffc00 size:512 thread:1
allocated block device:0x4009d2200000 size:1807360 thread:1
allocated block device:0x4009d23b9400 size:272384 thread:1
allocated block device:0x4009d23fbc00 size:8192 thread:1
allocated block device:0x4009d2400000 size:1807360 thread:1
allocated block device:0x4009d25b9400 size:98304 thread:1
allocated block device:0x4009d25d1400 size:98304 thread:1
allocated block device:0x4009d2600000 size:2799616 thread:1
allocated block device:0x4009d2a00000 size:14458880 thread:1
allocated block device:0x400a20000000 size:298674176 thread:1
allocated block device:0x400a31e00000 size:7284736 thread:1
allocated block device:0x400af1e00000 size:230400000 thread:1
allocated block device:0x400b11e00000 size:230400000 thread:1
allocated block device:0x400b31e00000 size:230400000 thread:1
allocated block device:0x400b51e00000 size:29138944 thread:1
allocated block device:0x400b53a00000 size:29138944 thread:1
allocated block device:0x400b55600000 size:3145728 thread:1
allocated block device:0x400b55a00000 size:7284736 thread:1
allocated block device:0x400b56200000 size:7284736 thread:1
allocated block device:0x400b56a00000 size:14569472 thread:1
allocated block device:0x400ba0000000 size:921600000 thread:1
Accelerator Fatal Error: call to cuMemAlloc returned error 2 (CUDA_ERROR_OUT_OF_MEMORY): Out of memory
 File: /lus/lfs1aip2/projects/u6cb/software/VASP/vasp.6.5.1/build/gam/fft_base.f90
 Function: restride_r2q_cmplx:945
 Line: 964

Out of memory allocating 921600000 bytes of device memory
Failing in Thread:1
total/free CUDA memory: 102005473280/704839680
Present table dump for device[1]: NVIDIA Tesla GPU 0, compute capability 9.0, threadid=1
Hint: specify 0x800 bit in NV_ACC_DEBUG for verbose info.
host:0x2557280 device:0x40057e5fd800 size:32 presentcount:0+3 line:643 name:var%comm
host:0x25572a0 device:0x40057e5ef600 size:32 presentcount:0+4 line:652 name:var%comm_kinter
host:0x25572c0 device:0x40057e5ef800 size:32 presentcount:0+6 line:655 name:var%comm_kin
host:0x25572e0 device:0x40075c1ffa00 size:32 presentcount:0+3 line:646 name:var%comm_inter
host:0x2557300 device:0x40075c1ffc00 size:32 presentcount:0+7 line:649 name:var%comm_inb
host:0x256be80 device:0x40057a0ecd00 size:8 presentcount:0+1 line:-1 name:_setexm_struct_def_21
host:0x2576f40 device:0x40057a0ece00 size:28 presentcount:0+1 line:-1 name:_ml_ff_constant_21
host:0x2577c80 device:0x40057a0ecf00 size:30437 presentcount:0+1 line:-1 name:_ml_ff_taglist_21
host:0x25afc80 device:0x40057a0f4600 size:8 presentcount:0+1 line:-1 name:_mopenacc_tutor_21
host:0x25c2740 device:0x40057a0f4a00 size:32 presentcount:0+1 line:-1 name:_mbj_21
host:0x25cd640 device:0x40057a0f4d00 size:8 presentcount:0+1 line:-1 name:_sym_prec_21
host:0x26030c0 device:0x40057a0f4e00 size:344 presentcount:0+1 line:-1 name:_tet_21
host:0x261c840 device:0x40057a0f5000 size:392 presentcount:0+1 line:-1 name:_mymath_21
host:0x2817368 device:0x40057e5f0400 size:4800 presentcount:0+2 line:614 name:var
host:0x2818628 device:0x40057e5fbc00 size:1984 presentcount:0+2 line:403 name:var
host:0x281a910 device:0x40073c3ffa00 size:864 presentcount:0+4 line:2639 name:hamiltonian
host:0x286ac80 device:0x40057e5fec00 size:2712 presentcount:0+2 line:428 name:var
host:0x286b718 device:0x40075c1fc600 size:2248 presentcount:0+1 line:742 name:var
host:0x286eb50 device:0x400c721ffc00 size:288 presentcount:0+1 line:195 name:latt_cur
host:0x2871658 device:0x40077c3fe400 size:5088 presentcount:0+28 line:517 name:var
host:0x2872a38 device:0x4007d25f6000 size:5088 presentcount:0+6 line:517 name:var
host:0x2873e18 device:0x4007d25e9600 size:5088 presentcount:0+7 line:517 name:var
host:0x287a2a8 device:0x40075c1ff800 size:304 presentcount:0+1 line:567 name:var
host:0x287a3d8 device:0x4007d25fe200 size:304 presentcount:0+1 line:567 name:var
host:0x2e48ec0 device:0x40057a002600 size:960024 presentcount:0+1 line:-1 name:_setexm_struct_def_16
host:0x2f8f080 device:0x40057a0f4700 size:580 presentcount:0+1 line:-1 name:_wpbe_16
host:0x2f8f900 device:0x40057a0f4b00 size:288 presentcount:0+1 line:-1 name:_mbj_16
host:0x9f446c0 device:0x40057a0f5200 size:624 presentcount:0+1 line:-1 name:_mlr_optic_16
host:0x2d9bcad0 device:0x4007d25f9000 size:528 presentcount:0+1 line:480 name:var
host:0x31c0d760 device:0x40075c1ffe00 size:8 presentcount:0+4 line:405 name:var%nityp(:)
host:0x3210bf70 device:0x40057e5f2200 size:1000 presentcount:0+4 line:519 name:var%lpctz(:)
host:0x325821e0 device:0x40057e5ffc00 size:8 presentcount:0+3 line:616 name:var%nt_global(:)
host:0x325822d0 device:0x40057e5ff800 size:8 presentcount:0+3 line:616 name:var%lmmax(:)
host:0x32582300 device:0x4007d23ef000 size:8 presentcount:0+2 line:616 name:var%wtkpt(:)
host:0x32582330 device:0x40057e5ffa00 size:8 presentcount:0+3 line:616 name:var%nityp(:)
host:0x3258f070 device:0x4007d27e8a00 size:28464 presentcount:0+1 line:853 name:var(:)
host:0x325a17f0 device:0x4007d29e8a00 size:40000 presentcount:0+1 line:857 name:var%psp(:,:)
host:0x325ab460 device:0x400c723fbc00 size:8000 presentcount:0+1 line:857 name:var%psprho(:)
host:0x325ae6f0 device:0x4007d23f8c00 size:24000 presentcount:0+2 line:466 name:var%psprnl(:,:,:)
host:0x325de0d0 device:0x4007d23f0400 size:4320 presentcount:0+4 line:405 name:var%ityp(:)
host:0x325df1e0 device:0x4007d23e8a00 size:25920 presentcount:0+4 line:405 name:var%posion(:,:)
host:0x32620280 device:0x4007d23f8800 size:4 presentcount:0+2 line:616 name:var%nplwkp(:)
host:0x32622540 device:0x4007d27efa00 size:40000 presentcount:0+1 line:857 name:var%psp(:,:)
host:0x3262c1b0 device:0x400c721fbc00 size:8000 presentcount:0+1 line:857 name:var%pspcor(:)
host:0x3262e120 device:0x400c721fdc00 size:8000 presentcount:0+1 line:857 name:var%psprho(:)
host:0x326313b0 device:0x4007d23f2a00 size:24000 presentcount:0+2 line:466 name:var%psprnl(:,:,:)
host:0x3267e370 device:0x40077c3ffc00 size:24 presentcount:0+3 line:466 name:var%lps(:)
host:0x3267e420 device:0x40075c1fd000 size:24 presentcount:0+3 line:466 name:var%lps(:)
host:0x326e6d50 device:0x40057e5ffe00 size:24 presentcount:0+3 line:616 name:var%vkpt(:,:)
host:0x3270bfc0 device:0x40057e5f0200 size:16 presentcount:0+2 line:430 name:var%psrmax(:)
host:0x3270c580 device:0x4007d23ef200 size:4320 presentcount:0+3 line:616 name:var%ityp(:)
host:0x3270d690 device:0x40057e5fda00 size:4320 presentcount:0+3 line:616 name:var%npro_pos(:)
host:0x3270e7a0 device:0x40057e5fc600 size:4324 presentcount:0+3 line:616 name:var%lmbase(:)
host:0x3270f8b0 device:0x4007d23f8a00 size:4 presentcount:0+2 line:616 name:var%nplwkp_tot(:)
host:0x3270f8e0 device:0x4007d23fea00 size:4 presentcount:0+2 line:616 name:var%ngvector_pos(:)
host:0x3270f910 device:0x4007d23f2800 size:4 presentcount:0+2 line:616 name:var%ngvector(:)
host:0x3270f940 device:0x40057e5f1800 size:1280 presentcount:0+4 line:519 name:var%lpctx(:)
host:0x3270fe70 device:0x40057e5f1e00 size:720 presentcount:0+4 line:519 name:var%lpcty(:)
host:0x32710170 device:0x40057e5f2600 size:1280 presentcount:0+4 line:519 name:var%lpctx_(:)
host:0x327106a0 device:0x40057e5f2c00 size:720 presentcount:0+4 line:519 name:var%lpcty_(:)
host:0x327109a0 device:0x40057e5f3000 size:1000 presentcount:0+4 line:519 name:var%lpctz_(:)
host:0x32710db0 device:0x4007d25f7400 size:1280 presentcount:0+1 line:519 name:var%lpctx(:)
host:0x327112e0 device:0x4007d25f7a00 size:720 presentcount:0+1 line:519 name:var%lpcty(:)
host:0x327115e0 device:0x4007d25f7e00 size:1000 presentcount:0+1 line:519 name:var%lpctz(:)
host:0x327119f0 device:0x4007d25f8200 size:1280 presentcount:0+1 line:519 name:var%lpctx_(:)
host:0x32711f20 device:0x4007d25f8800 size:720 presentcount:0+1 line:519 name:var%lpcty_(:)
host:0x32712220 device:0x4007d25f8c00 size:1000 presentcount:0+1 line:519 name:var%lpctz_(:)
host:0x32712630 device:0x4007d23fee00 size:2560 presentcount:0+1 line:519 name:var%lpctx(:)
host:0x32713060 device:0x4007d25eaa00 size:1440 presentcount:0+1 line:519 name:var%lpcty(:)
host:0x32713630 device:0x4007d25e8a00 size:2000 presentcount:0+1 line:519 name:var%lpctz(:)
host:0x32713e30 device:0x4007d25eb000 size:2560 presentcount:0+1 line:519 name:var%lpctx_(:)
host:0x32714860 device:0x4007d25eba00 size:1440 presentcount:0+1 line:519 name:var%lpcty_(:)
host:0x32714e30 device:0x4007d25ec000 size:2000 presentcount:0+1 line:519 name:var%lpctz_(:)
host:0x32800f10 device:0x4007d25f0400 size:2824 presentcount:0+1 line:482 name:var%i2(:)
host:0x32801a40 device:0x4007d25f1000 size:2824 presentcount:0+1 line:482 name:var%i3(:)
host:0x32802570 device:0x4007d25f1c00 size:5020 presentcount:0+1 line:482 name:var%i2(:)
host:0x32803940 device:0x4007d25f3000 size:5020 presentcount:0+1 line:482 name:var%i3(:)
host:0x32804d10 device:0x4007d25ec800 size:7200 presentcount:0+2 line:482 name:var%i2(:)
host:0x32806960 device:0x4007d25ee600 size:7200 presentcount:0+2 line:482 name:var%i3(:)
host:0x328089d0 device:0x400894c5fa00 size:921600 presentcount:0+2 line:482 name:var%index(:,:)
host:0x328e9a00 device:0x4007d25fe400 size:2560 presentcount:0+1 line:569 name:var%ind1(:)
host:0x328ea430 device:0x4007d25fee00 size:2824 presentcount:0+1 line:569 name:var%indcol(:)
host:0x328eaf60 device:0x4007d25f9400 size:2824 presentcount:0+1 line:482 name:var%i2(:)
host:0x328eba90 device:0x4007d25fa000 size:2824 presentcount:0+1 line:482 name:var%i3(:)
host:0x328ec5c0 device:0x4007d25fac00 size:1512 presentcount:0+1 line:482 name:var%i2(:)
host:0x328ecbd0 device:0x4007d25fb200 size:1512 presentcount:0+1 line:482 name:var%i3(:)
host:0x328ed1e0 device:0x40075c1fd200 size:4320 presentcount:0+2 line:430 name:var%nlimax(:)
host:0x328ee2f0 device:0x40075c1fe600 size:4324 presentcount:0+2 line:430 name:var%lmbase(:)
host:0x328ef400 device:0x40057e5ee400 size:4324 presentcount:0+2 line:430 name:var%nlibase(:)
host:0x328f0510 device:0x40057e5f3400 size:17132 presentcount:0+4 line:519 name:var%nindpwconjg(:)
host:0x328f4830 device:0x40057e5f7800 size:17132 presentcount:0+4 line:519 name:var%ind_in_sphere(:)
host:0x328f9a80 device:0x4007d25fbc00 size:516 presentcount:0+1 line:499 name:var%ptr(:)
host:0x328f9cb0 device:0x4007d25fb800 size:516 presentcount:0+1 line:499 name:var%n(:)
host:0x328f9ee0 device:0x4007d25fc400 size:516 presentcount:0+1 line:499 name:var%ptri(:)
host:0x328fa110 device:0x4007d25fc000 size:516 presentcount:0+1 line:499 name:var%ni(:)
host:0x328fa340 device:0x4007d25fcc00 size:516 presentcount:0+1 line:499 name:var%ptr(:)
host:0x328fa570 device:0x4007d25fc800 size:516 presentcount:0+1 line:499 name:var%n(:)
host:0x328fa7a0 device:0x40075c1fe400 size:4 presentcount:0+1 line:499 name:var%tbli(:)
host:0x328fa7d0 device:0x4007d25fd400 size:516 presentcount:0+1 line:499 name:var%ptri(:)
host:0x328faa00 device:0x4007d25fd000 size:516 presentcount:0+1 line:499 name:var%ni(:)
host:0x32917c10 device:0x4007d25f4400 size:516 presentcount:0+1 line:499 name:var%ptr(:)
host:0x32917e40 device:0x4007d23ffc00 size:516 presentcount:0+1 line:499 name:var%n(:)
host:0x32918070 device:0x4007d25f4c00 size:516 presentcount:0+1 line:499 name:var%ptri(:)
host:0x329182a0 device:0x4007d25f4800 size:516 presentcount:0+1 line:499 name:var%ni(:)
host:0x329184d0 device:0x4007d25f5400 size:516 presentcount:0+1 line:499 name:var%ptr(:)
host:0x32918700 device:0x4007d25f5000 size:516 presentcount:0+1 line:499 name:var%n(:)
host:0x32918930 device:0x4007d25f5c00 size:516 presentcount:0+1 line:499 name:var%ptri(:)
host:0x32918b60 device:0x4007d25f5800 size:516 presentcount:0+1 line:499 name:var%ni(:)
host:0x32926750 device:0x4007d25fd800 size:1280 presentcount:0+1 line:569 name:var%ind1(:)
host:0x32926c80 device:0x4007d25fde00 size:692 presentcount:0+1 line:569 name:var%indcol(:)
host:0x32926f60 device:0x4006ac12e800 size:180000 presentcount:0+4 line:482 name:var%i2(:)
host:0x32952eb0 device:0x4006ac15a800 size:180000 presentcount:0+4 line:482 name:var%i3(:)
host:0x3297ee00 device:0x4007d23bca00 size:180000 presentcount:0+8 line:482 name:var%index(:,:)
host:0x329aad50 device:0x4007d29bca00 size:180000 presentcount:0+8 line:482 name:var%i2(:)
host:0x329d6ca0 device:0x4006ac186800 size:180000 presentcount:0+8 line:482 name:var%i3(:)
host:0x32a03220 device:0x4007d2400000 size:1821184 presentcount:0+3 line:616 name:var%nindpw(:,:)
host:0x32bbfc50 device:0x40057e5fc400 size:8 presentcount:0+2 line:616 name:var%nb_totk(:,:)
host:0x32bbfc80 device:0x4007d23fec00 size:4 presentcount:0+2 line:616 name:var%luseinv(:)
host:0x32bbfcb0 device:0x40057e5efe00 size:4 presentcount:0+2 line:616 name:var%at_gamma(:)
host:0x32bbfce0 device:0x4007d25bca00 size:180000 presentcount:0+3 line:616 name:var%pl_index(:,:)
host:0x32bebc30 device:0x4007d27bca00 size:180000 presentcount:0+3 line:616 name:var%pl_col(:,:)
host:0x32c17b80 device:0x4007d23ffa00 size:8 presentcount:0+2 line:405 name:var%lmmax(:)
host:0x32c17bb0 device:0x40057e5efa00 size:8 presentcount:0+2 line:430 name:var%lmax(:)
host:0x32c17be0 device:0x4007d23f1600 size:4324 presentcount:0+2 line:405 name:var%lmbase(:)
host:0x32c18cf0 device:0x40057e5efc00 size:8 presentcount:0+2 line:430 name:var%lmmax(:)
host:0x32c18d20 device:0x40057e5f0000 size:8 presentcount:0+2 line:430 name:var%channels(:)
host:0x32c18d50 device:0x40077c3ff800 size:16 presentcount:0+2 line:430 name:var%rsmooth(:)
host:0x32c18d90 device:0x40077c3ffa00 size:400 presentcount:0+2 line:464 name:var
host:0x32c18f20 device:0x40077c3ffe00 size:400 presentcount:0+2 line:464 name:var
host:0x32c89940 device:0x400894c00000 size:221440 presentcount:0+1 line:499 name:var%tbl(:)
host:0x32e79a10 device:0x400895600000 size:7284736 presentcount:0+3 line:616 name:var%datake(:,:,:)
host:0x3356cc90 device:0x4007d2600000 size:1821184 presentcount:0+3 line:616 name:var%igx(:,:)
host:0x3372a320 device:0x4007d2200000 size:1821184 presentcount:0+3 line:616 name:var%igy(:,:)
host:0x338e7bc0 device:0x4007d2800000 size:1821184 presentcount:0+3 line:616 name:var%igz(:,:)
host:0x33aa5a90 device:0x4007d3200000 size:7284272 presentcount:0+4 line:519 name:var%fftsca(:,:)
host:0x341980f0 device:0x400c721b9400 size:272160 presentcount:0+1 line:499 name:var%tbli(:)
host:0x341da840 device:0x400c723b9400 size:272160 presentcount:0+1 line:499 name:var%tbl(:)
host:0x342f2da0 device:0x400894e00000 size:1807360 presentcount:0+1 line:499 name:var%tbl(:)
host:0x34668990 device:0x400c72000000 size:1807200 presentcount:0+1 line:499 name:var%tbli(:)
host:0x34823a00 device:0x400c72200000 size:1807200 presentcount:0+1 line:499 name:var%tbl(:)
host:0x34b42420 device:0x40057e5e4000 size:41984 presentcount:0+2 line:746 name:var%fertot(:,:,:)
host:0x34b9a110 device:0x400c72400000 size:1807200 presentcount:0+1 line:499 name:var%tbli(:)
host:0x357d2420 device:0x40077c3f4000 size:41984 presentcount:0+1 line:746 name:var%auxtot(:,:,:)
host:0x357e0030 device:0x4006ac11a000 size:83968 presentcount:0+2 line:746 name:var%celtot(:,:,:)
host:0x367e44a0 device:0x4007d2a00000 size:7200000 presentcount:0+1 line:195 name:dencor(:)
host:0x375ae790 device:0x4007d1e00000 size:2799360 presentcount:0+2 line:194 name:cdij(:,:,:,:)
host:0x3785deb0 device:0x400c72600000 size:2799360 presentcount:0+2 line:194 name:cqij(:,:,:,:)
host:0x37dbdb60 device:0x400895200000 size:4030464 presentcount:0+5 line:746 name:var%gproj(:,:,:,:)
host:0x3844a850 device:0x4006ac1ca800 size:98304 presentcount:0+1 line:1101 name:w1%gproj(:)
host:0x3f34e8c0 device:0x400894d40a00 size:393216 presentcount:0+2 line:1226 name:wa%gproj(:,:)
host:0x3f3ae8f0 device:0x400c638c0000 size:393216 presentcount:0+2 line:1226 name:wa%gproj(:,:)
host:0x3f415ca0 device:0x400df5600000 size:3145728 presentcount:0+2 line:1226 name:wa%gproj(:,:)
host:0x4362e960 device:0x4007d29fcc00 size:2048 presentcount:0+1 line:179 name:w1(:)
host:0x4362f180 device:0x4007d27fa600 size:2048 presentcount:0+1 line:179 name:wtmp(:)
host:0x43665360 device:0x400cd1e00000 size:7284736 presentcount:0+1 line:1101 name:w1%cptwfp(:)
host:0x43d57b90 device:0x4006ac1b2800 size:98304 presentcount:0+1 line:1101 name:w1%gproj(:)
host:0x43d6fbc0 device:0x400c725b9400 size:98304 presentcount:0+1 line:1101 name:w1%gproj(:)
host:0x43d87bf0 device:0x400c725d1400 size:98304 presentcount:0+1 line:1101 name:w1%gproj(:)
host:0x43facba0 device:0x400df6a00000 size:14569472 presentcount:0+1 line:202 name:precon(:,:)
host:0x44d99790 device:0x400c6fa00000 size:7284736 presentcount:0+1 line:1101 name:w1%cptwfp(:)
host:0x454941b0 device:0x400df5a00000 size:7284736 presentcount:0+1 line:1101 name:w1%cptwfp(:)
host:0x45b86bf0 device:0x400df6200000 size:7284736 presentcount:0+1 line:1101 name:w1%cptwfp(:)
host:0x4006140010a0 device:0x4007d3a00000 size:45593280 presentcount:0+2 line:430 name:var%nli(:,:)
host:0x400616b839e0 device:0x400c72a00000 size:14458880 presentcount:0+1 line:195 name:cstrf(:,:)
host:0x40061ac16d70 device:0x400df1e00000 size:29138944 presentcount:0+2 line:1226 name:wa%cptwfp(:,:)
host:0x4006c00012b0 device:0x4007e0000000 size:807411968 presentcount:0+2 line:430 name:var%rproj(:)
host:0x4006f02131a0 device:0x40084dc00000 size:230400000 presentcount:0+2 line:194 name:sv(:,:)
host:0x4006fddd6f80 device:0x400df3a00000 size:29138944 presentcount:0+2 line:1226 name:wa%cptwfp(:,:)
host:0x4007a0004a60 device:0x4007c0000000 size:298674176 presentcount:0+5 line:746 name:var%cptwfp(:,:,:,:)
host:0x4007b1ce7190 device:0x400cc0000000 size:233111552 presentcount:0+2 line:1226 name:wa%cptwfp(:,:)
host:0x400831ce77c0 device:0x4005c0000000 size:230400000 presentcount:0+1 line:1101 name:w1%cr(:)
host:0x400866e979d0 device:0x400810400000 size:230400000 presentcount:0+1 line:1236 name:w1%cr(:)
host:0x400900007df0 device:0x400880000000 size:230400000 presentcount:0+1 line:1101 name:w1%cr(:)
host:0x40090dbd8000 device:0x400840000000 size:230400000 presentcount:0+1 line:1236 name:w1%cr(:)
host:0x400b20008420 device:0x400c40000000 size:230400000 presentcount:0+1 line:1101 name:w1%cr(:)
host:0x400b2dbd0020 device:0x400dd1e00000 size:230400000 presentcount:0+1 line:1236 name:w1%cr(:)
host:0x400c20000440 device:0x400db1e00000 size:230400000 presentcount:0+1 line:1101 name:w1%cr(:)
host:0x400c2dbc0650 device:0x400d91e00000 size:230400000 presentcount:0+1 line:1236 name:w1%cr(:)
host:0xffffceb8bfb0 device:0x4007d27fb200 size:3024 presentcount:0+12 line:682 name:var
host:0xffffceb8cb80 device:0x40071c3ff800 size:1480 presentcount:0+1 line:174 name:w_ini
host:0xffffceb8d150 device:0x4007d27f9c00 size:1480 presentcount:0+1 line:174 name:wopt
host:0xffffceb8d720 device:0x40075c1fbc00 size:1480 presentcount:0+1 line:174 name:wtmpa
allocated block device:0x40057e5e4000 size:41984 thread:1
allocated block device:0x40057e5ee400 size:4608 thread:1
allocated block device:0x40057e5ef600 size:512 thread:1
allocated block device:0x40057e5ef800 size:512 thread:1
allocated block device:0x40057e5efa00 size:512 thread:1
allocated block device:0x40057e5efc00 size:512 thread:1
allocated block device:0x40057e5efe00 size:512 thread:1
allocated block device:0x40057e5f0000 size:512 thread:1
allocated block device:0x40057e5f0200 size:512 thread:1
allocated block device:0x40057e5f0400 size:5120 thread:1
allocated block device:0x40057e5f1800 size:1536 thread:1
allocated block device:0x40057e5f1e00 size:1024 thread:1
allocated block device:0x40057e5f2200 size:1024 thread:1
allocated block device:0x40057e5f2600 size:1536 thread:1
allocated block device:0x40057e5f2c00 size:1024 thread:1
allocated block device:0x40057e5f3000 size:1024 thread:1
allocated block device:0x40057e5f3400 size:17408 thread:1
allocated block device:0x40057e5f7800 size:17408 thread:1
allocated block device:0x40057e5fbc00 size:2048 thread:1
allocated block device:0x40057e5fc400 size:512 thread:1
allocated block device:0x40057e5fc600 size:4608 thread:1
allocated block device:0x40057e5fd800 size:512 thread:1
allocated block device:0x40057e5fda00 size:4608 thread:1
allocated block device:0x40057e5fec00 size:3072 thread:1
allocated block device:0x40057e5ff800 size:512 thread:1
allocated block device:0x40057e5ffa00 size:512 thread:1
allocated block device:0x40057e5ffc00 size:512 thread:1
allocated block device:0x40057e5ffe00 size:512 thread:1
allocated block device:0x4005c0000000 size:230400000 thread:1
allocated block device:0x4006ac11a000 size:83968 thread:1
allocated block device:0x4006ac12e800 size:180224 thread:1
allocated block device:0x4006ac15a800 size:180224 thread:1
allocated block device:0x4006ac186800 size:180224 thread:1
allocated block device:0x4006ac1b2800 size:98304 thread:1
allocated block device:0x4006ac1ca800 size:98304 thread:1
allocated block device:0x40071c3ff800 size:1536 thread:1
allocated block device:0x40073c3ffa00 size:1024 thread:1
allocated block device:0x40075c1fbc00 size:2048 thread:1
allocated block device:0x40075c1fc600 size:2560 thread:1
allocated block device:0x40075c1fd000 size:512 thread:1
allocated block device:0x40075c1fd200 size:4608 thread:1
allocated block device:0x40075c1fe400 size:512 thread:1
allocated block device:0x40075c1fe600 size:4608 thread:1
allocated block device:0x40075c1ff800 size:512 thread:1
allocated block device:0x40075c1ffa00 size:512 thread:1
allocated block device:0x40075c1ffc00 size:512 thread:1
allocated block device:0x40075c1ffe00 size:512 thread:1
allocated block device:0x40077c3f4000 size:41984 thread:1
allocated block device:0x40077c3fe400 size:5120 thread:1
allocated block device:0x40077c3ff800 size:512 thread:1
allocated block device:0x40077c3ffa00 size:512 thread:1
allocated block device:0x40077c3ffc00 size:512 thread:1
allocated block device:0x40077c3ffe00 size:512 thread:1
allocated block device:0x4007c0000000 size:298674176 thread:1
allocated block device:0x4007d1e00000 size:4030464 thread:1
allocated block device:0x4007d2200000 size:1821184 thread:1
allocated block device:0x4007d23bca00 size:180224 thread:1
allocated block device:0x4007d23e8a00 size:26112 thread:1
allocated block device:0x4007d23ef000 size:512 thread:1
allocated block device:0x4007d23ef200 size:4608 thread:1
allocated block device:0x4007d23f0400 size:4608 thread:1
allocated block device:0x4007d23f1600 size:4608 thread:1
allocated block device:0x4007d23f2800 size:512 thread:1
allocated block device:0x4007d23f2a00 size:24064 thread:1
allocated block device:0x4007d23f8800 size:512 thread:1
allocated block device:0x4007d23f8a00 size:512 thread:1
allocated block device:0x4007d23f8c00 size:24064 thread:1
allocated block device:0x4007d23fea00 size:512 thread:1
allocated block device:0x4007d23fec00 size:512 thread:1
allocated block device:0x4007d23fee00 size:3072 thread:1
allocated block device:0x4007d23ffa00 size:512 thread:1
allocated block device:0x4007d23ffc00 size:1024 thread:1
allocated block device:0x4007d2400000 size:1821184 thread:1
allocated block device:0x4007d25bca00 size:180224 thread:1
allocated block device:0x4007d25e8a00 size:3072 thread:1
allocated block device:0x4007d25e9600 size:5120 thread:1
allocated block device:0x4007d25eaa00 size:1536 thread:1
allocated block device:0x4007d25eb000 size:2560 thread:1
allocated block device:0x4007d25eba00 size:1536 thread:1
allocated block device:0x4007d25ec000 size:2048 thread:1
allocated block device:0x4007d25ec800 size:7680 thread:1
allocated block device:0x4007d25ee600 size:7680 thread:1
allocated block device:0x4007d25f0400 size:3072 thread:1
allocated block device:0x4007d25f1000 size:3072 thread:1
allocated block device:0x4007d25f1c00 size:5120 thread:1
allocated block device:0x4007d25f3000 size:5120 thread:1
allocated block device:0x4007d25f4400 size:1024 thread:1
allocated block device:0x4007d25f4800 size:1024 thread:1
allocated block device:0x4007d25f4c00 size:1024 thread:1
allocated block device:0x4007d25f5000 size:1024 thread:1
allocated block device:0x4007d25f5400 size:1024 thread:1
allocated block device:0x4007d25f5800 size:1024 thread:1
allocated block device:0x4007d25f5c00 size:1024 thread:1
allocated block device:0x4007d25f6000 size:5120 thread:1
allocated block device:0x4007d25f7400 size:1536 thread:1
allocated block device:0x4007d25f7a00 size:1024 thread:1
allocated block device:0x4007d25f7e00 size:1024 thread:1
allocated block device:0x4007d25f8200 size:1536 thread:1
allocated block device:0x4007d25f8800 size:1024 thread:1
allocated block device:0x4007d25f8c00 size:1024 thread:1
allocated block device:0x4007d25f9000 size:1024 thread:1
allocated block device:0x4007d25f9400 size:3072 thread:1
allocated block device:0x4007d25fa000 size:3072 thread:1
allocated block device:0x4007d25fac00 size:1536 thread:1
allocated block device:0x4007d25fb200 size:1536 thread:1
allocated block device:0x4007d25fb800 size:1024 thread:1
allocated block device:0x4007d25fbc00 size:1024 thread:1
allocated block device:0x4007d25fc000 size:1024 thread:1
allocated block device:0x4007d25fc400 size:1024 thread:1
allocated block device:0x4007d25fc800 size:1024 thread:1
allocated block device:0x4007d25fcc00 size:1024 thread:1
allocated block device:0x4007d25fd000 size:1024 thread:1
allocated block device:0x4007d25fd400 size:1024 thread:1
allocated block device:0x4007d25fd800 size:1536 thread:1
allocated block device:0x4007d25fde00 size:1024 thread:1
allocated block device:0x4007d25fe200 size:512 thread:1
allocated block device:0x4007d25fe400 size:2560 thread:1
allocated block device:0x4007d25fee00 size:3072 thread:1
allocated block device:0x4007d2600000 size:1821184 thread:1
allocated block device:0x4007d27bca00 size:180224 thread:1
allocated block device:0x4007d27e8a00 size:28672 thread:1
allocated block device:0x4007d27efa00 size:40448 thread:1
allocated block device:0x4007d27f9c00 size:2560 thread:1
allocated block device:0x4007d27fa600 size:3072 thread:1
allocated block device:0x4007d27fb200 size:3072 thread:1
allocated block device:0x4007d2800000 size:1821184 thread:1
allocated block device:0x4007d29bca00 size:180224 thread:1
allocated block device:0x4007d29e8a00 size:40448 thread:1
allocated block device:0x4007d29fcc00 size:2048 thread:1
allocated block device:0x4007d2a00000 size:7284736 thread:1
allocated block device:0x4007d3200000 size:7284736 thread:1
allocated block device:0x4007d3a00000 size:45593600 thread:1
allocated block device:0x4007e0000000 size:807412224 thread:1
allocated block device:0x400810400000 size:230400000 thread:1
allocated block device:0x400840000000 size:230400000 thread:1
allocated block device:0x40084dc00000 size:230400000 thread:1
allocated block device:0x400880000000 size:230400000 thread:1
allocated block device:0x400894c00000 size:391680 thread:1
allocated block device:0x400894c5fa00 size:921600 thread:1
allocated block device:0x400894d40a00 size:393216 thread:1
allocated block device:0x400894e00000 size:2799616 thread:1
allocated block device:0x400895200000 size:4030464 thread:1
allocated block device:0x400895600000 size:7284736 thread:1
allocated block device:0x400c40000000 size:298674176 thread:1
allocated block device:0x400c638c0000 size:393216 thread:1
allocated block device:0x400c6fa00000 size:7284736 thread:1
allocated block device:0x400c72000000 size:1807360 thread:1
allocated block device:0x400c721b9400 size:272384 thread:1
allocated block device:0x400c721fbc00 size:8192 thread:1
allocated block device:0x400c721fdc00 size:8192 thread:1
allocated block device:0x400c721ffc00 size:512 thread:1
allocated block device:0x400c72200000 size:1807360 thread:1
allocated block device:0x400c723b9400 size:272384 thread:1
allocated block device:0x400c723fbc00 size:8192 thread:1
allocated block device:0x400c72400000 size:1807360 thread:1
allocated block device:0x400c725b9400 size:98304 thread:1
allocated block device:0x400c725d1400 size:98304 thread:1
allocated block device:0x400c72600000 size:2799616 thread:1
allocated block device:0x400c72a00000 size:14458880 thread:1
allocated block device:0x400cc0000000 size:298674176 thread:1
allocated block device:0x400cd1e00000 size:7284736 thread:1
allocated block device:0x400d91e00000 size:230400000 thread:1
allocated block device:0x400db1e00000 size:230400000 thread:1
allocated block device:0x400dd1e00000 size:230400000 thread:1
allocated block device:0x400df1e00000 size:29138944 thread:1
allocated block device:0x400df3a00000 size:29138944 thread:1
allocated block device:0x400df5600000 size:3145728 thread:1
allocated block device:0x400df5a00000 size:7284736 thread:1
allocated block device:0x400df6200000 size:7284736 thread:1
allocated block device:0x400df6a00000 size:14569472 thread:1
Accelerator Fatal Error: call to cuMemAlloc returned error 2 (CUDA_ERROR_OUT_OF_MEMORY): Out of memory
 File: /lus/lfs1aip2/projects/u6cb/software/VASP/vasp.6.5.1/build/gam/hamil.f90
 Function: hamiltmu:978
 Line: 1005

Out of memory allocating 921600000 bytes of device memory
Failing in Thread:1
total/free CUDA memory: 102005473280/1050869760
Present table dump for device[1]: NVIDIA Tesla GPU 0, compute capability 9.0, threadid=1
Hint: specify 0x800 bit in NV_ACC_DEBUG for verbose info.
host:0x2557280 device:0x4004de3fd800 size:32 presentcount:0+3 line:643 name:var%comm
host:0x25572a0 device:0x4004de3ef600 size:32 presentcount:0+4 line:652 name:var%comm_kinter
host:0x25572c0 device:0x4004de3ef800 size:32 presentcount:0+6 line:655 name:var%comm_kin
host:0x25572e0 device:0x4006bc3ffa00 size:32 presentcount:0+3 line:646 name:var%comm_inter
host:0x2557300 device:0x4006bc3ffc00 size:32 presentcount:0+7 line:649 name:var%comm_inb
host:0x256be80 device:0x4004da0ecd00 size:8 presentcount:0+1 line:-1 name:_setexm_struct_def_21
host:0x2576f40 device:0x4004da0ece00 size:28 presentcount:0+1 line:-1 name:_ml_ff_constant_21
host:0x2577c80 device:0x4004da0ecf00 size:30437 presentcount:0+1 line:-1 name:_ml_ff_taglist_21
host:0x25afc80 device:0x4004da0f4600 size:8 presentcount:0+1 line:-1 name:_mopenacc_tutor_21
host:0x25c2740 device:0x4004da0f4a00 size:32 presentcount:0+1 line:-1 name:_mbj_21
host:0x25cd640 device:0x4004da0f4d00 size:8 presentcount:0+1 line:-1 name:_sym_prec_21
host:0x26030c0 device:0x4004da0f4e00 size:344 presentcount:0+1 line:-1 name:_tet_21
host:0x261c840 device:0x4004da0f5000 size:392 presentcount:0+1 line:-1 name:_mymath_21
host:0x2817368 device:0x4004de3f0400 size:4800 presentcount:0+2 line:614 name:var
host:0x2818628 device:0x4004de3fbc00 size:1984 presentcount:0+2 line:403 name:var
host:0x281a910 device:0x40069c1ffa00 size:864 presentcount:0+4 line:2639 name:hamiltonian
host:0x286ac80 device:0x4004de3fec00 size:2712 presentcount:0+2 line:428 name:var
host:0x286b718 device:0x4006bc3fc600 size:2248 presentcount:0+1 line:742 name:var
host:0x286eb50 device:0x400bd21ffc00 size:288 presentcount:0+1 line:195 name:latt_cur
host:0x2871658 device:0x4006dc1fe400 size:5088 presentcount:0+28 line:517 name:var
host:0x2872a38 device:0x4007325f6000 size:5088 presentcount:0+6 line:517 name:var
host:0x2873e18 device:0x4007325e9600 size:5088 presentcount:0+7 line:517 name:var
host:0x287a2a8 device:0x4006bc3ff800 size:304 presentcount:0+1 line:567 name:var
host:0x287a3d8 device:0x4007325fe200 size:304 presentcount:0+1 line:567 name:var
host:0x2e48ec0 device:0x4004da002600 size:960024 presentcount:0+1 line:-1 name:_setexm_struct_def_16
host:0x2f8f080 device:0x4004da0f4700 size:580 presentcount:0+1 line:-1 name:_wpbe_16
host:0x2f8f900 device:0x4004da0f4b00 size:288 presentcount:0+1 line:-1 name:_mbj_16
host:0x9f446c0 device:0x4004da0f5200 size:624 presentcount:0+1 line:-1 name:_mlr_optic_16
host:0x2f6ed8f0 device:0x4004de3ffa00 size:8 presentcount:0+3 line:616 name:var%nityp(:)
host:0x2fe89480 device:0x4007325f9000 size:528 presentcount:0+1 line:480 name:var
host:0x33f484c0 device:0x4006dc1ffa00 size:400 presentcount:0+2 line:464 name:var
host:0x33f48650 device:0x4006dc1ffe00 size:400 presentcount:0+2 line:464 name:var
host:0x385e0130 device:0x4006bc3ffe00 size:8 presentcount:0+4 line:405 name:var%nityp(:)
host:0x38ade940 device:0x4004de3f2200 size:1000 presentcount:0+4 line:519 name:var%lpctz(:)
host:0x38f61b40 device:0x4007327e8a00 size:28464 presentcount:0+1 line:853 name:var(:)
host:0x38f742a0 device:0x4007329e8a00 size:40000 presentcount:0+1 line:857 name:var%psp(:,:)
host:0x38f7df10 device:0x400bd23fbc00 size:8000 presentcount:0+1 line:857 name:var%psprho(:)
host:0x38f811a0 device:0x4007323f8c00 size:24000 presentcount:0+2 line:466 name:var%psprnl(:,:,:)
host:0x38fb0b80 device:0x4007323f0400 size:4320 presentcount:0+4 line:405 name:var%ityp(:)
host:0x38fb1c90 device:0x4007323e8a00 size:25920 presentcount:0+4 line:405 name:var%posion(:,:)
host:0x38ff4e30 device:0x4004de3ff800 size:8 presentcount:0+3 line:616 name:var%lmmax(:)
host:0x38ff4e60 device:0x400bd21fbc00 size:8000 presentcount:0+1 line:857 name:var%pspcor(:)
host:0x38ff6dd0 device:0x400bd21fdc00 size:8000 presentcount:0+1 line:857 name:var%psprho(:)
host:0x38ffa940 device:0x4007327efa00 size:40000 presentcount:0+1 line:857 name:var%psp(:,:)
host:0x390045b0 device:0x4007323f2a00 size:24000 presentcount:0+2 line:466 name:var%psprnl(:,:,:)
host:0x390175b0 device:0x4007323ef000 size:8 presentcount:0+2 line:616 name:var%wtkpt(:)
host:0x390177e0 device:0x4007325fbc00 size:516 presentcount:0+1 line:499 name:var%ptr(:)
host:0x39044660 device:0x4006dc1ffc00 size:24 presentcount:0+3 line:466 name:var%lps(:)
host:0x39044710 device:0x4006bc3fd000 size:24 presentcount:0+3 line:466 name:var%lps(:)
host:0x390a0150 device:0x4004de3ffe00 size:24 presentcount:0+3 line:616 name:var%vkpt(:,:)
host:0x390c5470 device:0x4004de3f0200 size:16 presentcount:0+2 line:430 name:var%psrmax(:)
host:0x390c5a30 device:0x4007323ef200 size:4320 presentcount:0+3 line:616 name:var%ityp(:)
host:0x390c6b40 device:0x4004de3ffc00 size:8 presentcount:0+3 line:616 name:var%nt_global(:)
host:0x390c6b70 device:0x4004de3fda00 size:4320 presentcount:0+3 line:616 name:var%npro_pos(:)
host:0x390c7c80 device:0x4004de3fc600 size:4324 presentcount:0+3 line:616 name:var%lmbase(:)
host:0x390c8d90 device:0x4007323f8800 size:4 presentcount:0+2 line:616 name:var%nplwkp(:)
host:0x390c8dc0 device:0x4007323f8a00 size:4 presentcount:0+2 line:616 name:var%nplwkp_tot(:)
host:0x390c8df0 device:0x4007323fea00 size:4 presentcount:0+2 line:616 name:var%ngvector_pos(:)
host:0x390c8e20 device:0x4007323f2800 size:4 presentcount:0+2 line:616 name:var%ngvector(:)
host:0x390c8e50 device:0x4004de3f1800 size:1280 presentcount:0+4 line:519 name:var%lpctx(:)
host:0x390c9380 device:0x4004de3f1e00 size:720 presentcount:0+4 line:519 name:var%lpcty(:)
host:0x390c9680 device:0x4004de3f2600 size:1280 presentcount:0+4 line:519 name:var%lpctx_(:)
host:0x390c9bb0 device:0x4004de3f2c00 size:720 presentcount:0+4 line:519 name:var%lpcty_(:)
host:0x390c9eb0 device:0x4004de3f3000 size:1000 presentcount:0+4 line:519 name:var%lpctz_(:)
host:0x390ca2c0 device:0x4007325f7400 size:1280 presentcount:0+1 line:519 name:var%lpctx(:)
host:0x390ca7f0 device:0x4007325f7a00 size:720 presentcount:0+1 line:519 name:var%lpcty(:)
host:0x390caaf0 device:0x4007325f7e00 size:1000 presentcount:0+1 line:519 name:var%lpctz(:)
host:0x390caf00 device:0x4007325f8200 size:1280 presentcount:0+1 line:519 name:var%lpctx_(:)
host:0x390cb430 device:0x4007325f8800 size:720 presentcount:0+1 line:519 name:var%lpcty_(:)
host:0x390cb730 device:0x4007325f8c00 size:1000 presentcount:0+1 line:519 name:var%lpctz_(:)
host:0x390cbb40 device:0x4007323fee00 size:2560 presentcount:0+1 line:519 name:var%lpctx(:)
host:0x390cc570 device:0x4007325eaa00 size:1440 presentcount:0+1 line:519 name:var%lpcty(:)
host:0x390ccb40 device:0x4007325e8a00 size:2000 presentcount:0+1 line:519 name:var%lpctz(:)
host:0x390cd340 device:0x4007325eb000 size:2560 presentcount:0+1 line:519 name:var%lpctx_(:)
host:0x390cdd70 device:0x4007325eba00 size:1440 presentcount:0+1 line:519 name:var%lpcty_(:)
host:0x390ce340 device:0x4007325ec000 size:2000 presentcount:0+1 line:519 name:var%lpctz_(:)
host:0x391ba420 device:0x4007325f0400 size:2824 presentcount:0+1 line:482 name:var%i2(:)
host:0x391baf50 device:0x4007325f1000 size:2824 presentcount:0+1 line:482 name:var%i3(:)
host:0x391bba80 device:0x4007325f1c00 size:5020 presentcount:0+1 line:482 name:var%i2(:)
host:0x391bce50 device:0x4007325f3000 size:5020 presentcount:0+1 line:482 name:var%i3(:)
host:0x391be220 device:0x4007325ec800 size:7200 presentcount:0+2 line:482 name:var%i2(:)
host:0x391bfe70 device:0x4007325ee600 size:7200 presentcount:0+2 line:482 name:var%i3(:)
host:0x391c1ee0 device:0x4007f4c5fa00 size:921600 presentcount:0+2 line:482 name:var%index(:,:)
host:0x392a2f10 device:0x4007325fe400 size:2560 presentcount:0+1 line:569 name:var%ind1(:)
host:0x392a3940 device:0x4007325fee00 size:2824 presentcount:0+1 line:569 name:var%indcol(:)
host:0x392a4470 device:0x4007325f9400 size:2824 presentcount:0+1 line:482 name:var%i2(:)
host:0x392a4fa0 device:0x4007325fa000 size:2824 presentcount:0+1 line:482 name:var%i3(:)
host:0x392a5ad0 device:0x4007325fac00 size:1512 presentcount:0+1 line:482 name:var%i2(:)
host:0x392a60e0 device:0x4007325fb200 size:1512 presentcount:0+1 line:482 name:var%i3(:)
host:0x392a66f0 device:0x4006bc3fd200 size:4320 presentcount:0+2 line:430 name:var%nlimax(:)
host:0x392a7800 device:0x4006bc3fe600 size:4324 presentcount:0+2 line:430 name:var%lmbase(:)
host:0x392a8910 device:0x4004de3ee400 size:4324 presentcount:0+2 line:430 name:var%nlibase(:)
host:0x392a9a20 device:0x4004de3f3400 size:17132 presentcount:0+4 line:519 name:var%nindpwconjg(:)
host:0x392add40 device:0x4004de3f7800 size:17132 presentcount:0+4 line:519 name:var%ind_in_sphere(:)
host:0x392b2c80 device:0x4007325fb800 size:516 presentcount:0+1 line:499 name:var%n(:)
host:0x392dfc60 device:0x4007325fd800 size:1280 presentcount:0+1 line:569 name:var%ind1(:)
host:0x392e0190 device:0x4007325fde00 size:724 presentcount:0+1 line:569 name:var%indcol(:)
host:0x392e0490 device:0x40061232e800 size:180000 presentcount:0+4 line:482 name:var%i2(:)
host:0x3930c3e0 device:0x40061235a800 size:180000 presentcount:0+4 line:482 name:var%i3(:)
host:0x39338330 device:0x4007323bca00 size:180000 presentcount:0+8 line:482 name:var%index(:,:)
host:0x39364280 device:0x4007329bca00 size:180000 presentcount:0+8 line:482 name:var%i2(:)
host:0x393901d0 device:0x400612386800 size:180000 presentcount:0+8 line:482 name:var%i3(:)
host:0x393bc750 device:0x400732400000 size:1821184 presentcount:0+3 line:616 name:var%nindpw(:,:)
host:0x39579180 device:0x4004de3fc400 size:8 presentcount:0+2 line:616 name:var%nb_totk(:,:)
host:0x395791b0 device:0x4007323fec00 size:4 presentcount:0+2 line:616 name:var%luseinv(:)
host:0x395791e0 device:0x4004de3efe00 size:4 presentcount:0+2 line:616 name:var%at_gamma(:)
host:0x39579210 device:0x4007325bca00 size:180000 presentcount:0+3 line:616 name:var%pl_index(:,:)
host:0x395a5160 device:0x4007327bca00 size:180000 presentcount:0+3 line:616 name:var%pl_col(:,:)
host:0x395d10b0 device:0x4007323ffa00 size:8 presentcount:0+2 line:405 name:var%lmmax(:)
host:0x395d10e0 device:0x4004de3efa00 size:8 presentcount:0+2 line:430 name:var%lmax(:)
host:0x395d1110 device:0x4007323f1600 size:4324 presentcount:0+2 line:405 name:var%lmbase(:)
host:0x395d2220 device:0x4004de3efc00 size:8 presentcount:0+2 line:430 name:var%lmmax(:)
host:0x395d2250 device:0x4004de3f0000 size:8 presentcount:0+2 line:430 name:var%channels(:)
host:0x395d2280 device:0x4006dc1ff800 size:16 presentcount:0+2 line:430 name:var%rsmooth(:)
host:0x39642b20 device:0x4007f4c00000 size:231680 presentcount:0+1 line:499 name:var%tbl(:)
host:0x396b3d80 device:0x400bd21b9400 size:272160 presentcount:0+1 line:499 name:var%tbli(:)
host:0x396f64d0 device:0x4007325fc400 size:516 presentcount:0+1 line:499 name:var%ptri(:)
host:0x396f6700 device:0x4007325fc000 size:516 presentcount:0+1 line:499 name:var%ni(:)
host:0x396f6930 device:0x4007325fcc00 size:516 presentcount:0+1 line:499 name:var%ptr(:)
host:0x396f6b60 device:0x4007325fc800 size:516 presentcount:0+1 line:499 name:var%n(:)
host:0x396f6d90 device:0x4006bc3fe400 size:4 presentcount:0+1 line:499 name:var%tbli(:)
host:0x396f6dc0 device:0x4007325fd400 size:516 presentcount:0+1 line:499 name:var%ptri(:)
host:0x396f6ff0 device:0x4007325fd000 size:516 presentcount:0+1 line:499 name:var%ni(:)
host:0x39703b00 device:0x4007325f4400 size:516 presentcount:0+1 line:499 name:var%ptr(:)
host:0x39703d30 device:0x4007323ffc00 size:516 presentcount:0+1 line:499 name:var%n(:)
host:0x39703f60 device:0x4007325f4c00 size:516 presentcount:0+1 line:499 name:var%ptri(:)
host:0x39704190 device:0x4007325f4800 size:516 presentcount:0+1 line:499 name:var%ni(:)
host:0x397043c0 device:0x4007325f5400 size:516 presentcount:0+1 line:499 name:var%ptr(:)
host:0x397045f0 device:0x4007325f5000 size:516 presentcount:0+1 line:499 name:var%n(:)
host:0x39704820 device:0x4007325f5c00 size:516 presentcount:0+1 line:499 name:var%ptri(:)
host:0x39704a50 device:0x4007325f5800 size:516 presentcount:0+1 line:499 name:var%ni(:)
host:0x3984c4e0 device:0x4007f5600000 size:7284736 presentcount:0+3 line:616 name:var%datake(:,:,:)
host:0x39f3f760 device:0x400732600000 size:1821184 presentcount:0+3 line:616 name:var%igx(:,:)
host:0x3a0fcdf0 device:0x400732200000 size:1821184 presentcount:0+3 line:616 name:var%igy(:,:)
host:0x3a2ba690 device:0x400732800000 size:1821184 presentcount:0+3 line:616 name:var%igz(:,:)
host:0x3a478560 device:0x400733200000 size:7284272 presentcount:0+4 line:519 name:var%fftsca(:,:)
host:0x3ab6abc0 device:0x400bd23b9400 size:272160 presentcount:0+1 line:499 name:var%tbl(:)
host:0x3ac83120 device:0x4007f4e00000 size:1807360 presentcount:0+1 line:499 name:var%tbl(:)
host:0x3aff8d10 device:0x400bd2000000 size:1807200 presentcount:0+1 line:499 name:var%tbli(:)
host:0x3b1b3d80 device:0x400bd2200000 size:1807200 presentcount:0+1 line:499 name:var%tbl(:)
host:0x3b52a490 device:0x400bd2400000 size:1807200 presentcount:0+1 line:499 name:var%tbli(:)
host:0x3ba02420 device:0x4004de3e4000 size:41984 presentcount:0+2 line:746 name:var%fertot(:,:,:)
host:0x3bea2420 device:0x4006dc1f4000 size:41984 presentcount:0+1 line:746 name:var%auxtot(:,:,:)
host:0x3beb0030 device:0x40061231a000 size:83968 presentcount:0+2 line:746 name:var%celtot(:,:,:)
host:0x3d198060 device:0x400732a00000 size:7200000 presentcount:0+1 line:195 name:dencor(:)
host:0x3df62350 device:0x400731e00000 size:2799360 presentcount:0+2 line:194 name:cdij(:,:,:,:)
host:0x3e211a70 device:0x400bd2600000 size:2799360 presentcount:0+2 line:194 name:cqij(:,:,:,:)
host:0x3e771720 device:0x4007f5200000 size:4030464 presentcount:0+5 line:746 name:var%gproj(:,:,:,:)
host:0x3edff8c0 device:0x4006123ca800 size:98304 presentcount:0+1 line:1101 name:w1%gproj(:)
host:0x45d13fd0 device:0x4007f4d40a00 size:393216 presentcount:0+2 line:1226 name:wa%gproj(:,:)
host:0x45d74000 device:0x400bc38c0000 size:393216 presentcount:0+2 line:1226 name:wa%gproj(:,:)
host:0x45ddb5c0 device:0x400d55600000 size:3145728 presentcount:0+2 line:1226 name:wa%gproj(:,:)
host:0x49ff44c0 device:0x4007329fcc00 size:2048 presentcount:0+1 line:179 name:w1(:)
host:0x49ff4ce0 device:0x4007327fa600 size:2048 presentcount:0+1 line:179 name:wtmp(:)
host:0x4a02aba0 device:0x400c31e00000 size:7284736 presentcount:0+1 line:1101 name:w1%cptwfp(:)
host:0x4a71d3d0 device:0x4006123b2800 size:98304 presentcount:0+1 line:1101 name:w1%gproj(:)
host:0x4a735400 device:0x400bd25b9400 size:98304 presentcount:0+1 line:1101 name:w1%gproj(:)
host:0x4a74d430 device:0x400bd25d1400 size:98304 presentcount:0+1 line:1101 name:w1%gproj(:)
host:0x4a9724c0 device:0x400d56a00000 size:14569472 presentcount:0+1 line:202 name:precon(:,:)
host:0x4b75f2c0 device:0x400bcfa00000 size:7284736 presentcount:0+1 line:1101 name:w1%cptwfp(:)
host:0x4be59ef0 device:0x400d55a00000 size:7284736 presentcount:0+1 line:1101 name:w1%cptwfp(:)
host:0x4c54cb40 device:0x400d56200000 size:7284736 presentcount:0+1 line:1101 name:w1%cptwfp(:)
host:0x40051a1c10a0 device:0x400733a00000 size:45593280 presentcount:0+2 line:430 name:var%nli(:,:)
host:0x40051f0539e0 device:0x400bd2a00000 size:14458880 presentcount:0+1 line:195 name:cstrf(:,:)
host:0x40057b6a6f80 device:0x400d51e00000 size:29138944 presentcount:0+2 line:1226 name:wa%cptwfp(:,:)
host:0x4006200012b0 device:0x400740000000 size:807411968 presentcount:0+2 line:430 name:var%rproj(:)
host:0x4006502131a0 device:0x4007adc00000 size:230400000 presentcount:0+2 line:194 name:sv(:,:)
host:0x400700004a60 device:0x400720000000 size:298674176 presentcount:0+5 line:746 name:var%cptwfp(:,:,:,:)
host:0x400711ce7190 device:0x400d53a00000 size:29138944 presentcount:0+2 line:1226 name:wa%cptwfp(:,:)
host:0x400791ce73a0 device:0x400c20000000 size:233111552 presentcount:0+2 line:1226 name:wa%cptwfp(:,:)
host:0x4007c6e979d0 device:0x400520000000 size:230400000 presentcount:0+1 line:1101 name:w1%cr(:)
host:0x400860007be0 device:0x400770400000 size:230400000 presentcount:0+1 line:1236 name:w1%cr(:)
host:0x40086dbd8000 device:0x4007e0000000 size:230400000 presentcount:0+1 line:1101 name:w1%cr(:)
host:0x400a80008210 device:0x4007a0000000 size:230400000 presentcount:0+1 line:1236 name:w1%cr(:)
host:0x400a8dbd0020 device:0x400ba0000000 size:230400000 presentcount:0+1 line:1101 name:w1%cr(:)
host:0x400b80000230 device:0x400d31e00000 size:230400000 presentcount:0+1 line:1236 name:w1%cr(:)
host:0x400b8dbc0650 device:0x400d11e00000 size:230400000 presentcount:0+1 line:1101 name:w1%cr(:)
host:0x400c00000860 device:0x400cf1e00000 size:230400000 presentcount:0+1 line:1236 name:w1%cr(:)
host:0xfffff379a410 device:0x4007327fb200 size:3024 presentcount:0+12 line:682 name:var
host:0xfffff379afe0 device:0x40067c5ff800 size:1480 presentcount:0+1 line:174 name:w_ini
host:0xfffff379b5b0 device:0x4007327f9c00 size:1480 presentcount:0+1 line:174 name:wopt
host:0xfffff379bb80 device:0x4006bc3fbc00 size:1480 presentcount:0+1 line:174 name:wtmpa
allocated block device:0x4004de3e4000 size:41984 thread:1
allocated block device:0x4004de3ee400 size:4608 thread:1
allocated block device:0x4004de3ef600 size:512 thread:1
allocated block device:0x4004de3ef800 size:512 thread:1
allocated block device:0x4004de3efa00 size:512 thread:1
allocated block device:0x4004de3efc00 size:512 thread:1
allocated block device:0x4004de3efe00 size:512 thread:1
allocated block device:0x4004de3f0000 size:512 thread:1
allocated block device:0x4004de3f0200 size:512 thread:1
allocated block device:0x4004de3f0400 size:5120 thread:1
allocated block device:0x4004de3f1800 size:1536 thread:1
allocated block device:0x4004de3f1e00 size:1024 thread:1
allocated block device:0x4004de3f2200 size:1024 thread:1
allocated block device:0x4004de3f2600 size:1536 thread:1
allocated block device:0x4004de3f2c00 size:1024 thread:1
allocated block device:0x4004de3f3000 size:1024 thread:1
allocated block device:0x4004de3f3400 size:17408 thread:1
allocated block device:0x4004de3f7800 size:17408 thread:1
allocated block device:0x4004de3fbc00 size:2048 thread:1
allocated block device:0x4004de3fc400 size:512 thread:1
allocated block device:0x4004de3fc600 size:4608 thread:1
allocated block device:0x4004de3fd800 size:512 thread:1
allocated block device:0x4004de3fda00 size:4608 thread:1
allocated block device:0x4004de3fec00 size:3072 thread:1
allocated block device:0x4004de3ff800 size:512 thread:1
allocated block device:0x4004de3ffa00 size:512 thread:1
allocated block device:0x4004de3ffc00 size:512 thread:1
allocated block device:0x4004de3ffe00 size:512 thread:1
allocated block device:0x400520000000 size:230400000 thread:1
allocated block device:0x40061231a000 size:83968 thread:1
allocated block device:0x40061232e800 size:180224 thread:1
allocated block device:0x40061235a800 size:180224 thread:1
allocated block device:0x400612386800 size:180224 thread:1
allocated block device:0x4006123b2800 size:98304 thread:1
allocated block device:0x4006123ca800 size:98304 thread:1
allocated block device:0x40067c5ff800 size:1536 thread:1
allocated block device:0x40069c1ffa00 size:1024 thread:1
allocated block device:0x4006bc3fbc00 size:2048 thread:1
allocated block device:0x4006bc3fc600 size:2560 thread:1
allocated block device:0x4006bc3fd000 size:512 thread:1
allocated block device:0x4006bc3fd200 size:4608 thread:1
allocated block device:0x4006bc3fe400 size:512 thread:1
allocated block device:0x4006bc3fe600 size:4608 thread:1
allocated block device:0x4006bc3ff800 size:512 thread:1
allocated block device:0x4006bc3ffa00 size:512 thread:1
allocated block device:0x4006bc3ffc00 size:512 thread:1
allocated block device:0x4006bc3ffe00 size:512 thread:1
allocated block device:0x4006dc1f4000 size:41984 thread:1
allocated block device:0x4006dc1fe400 size:5120 thread:1
allocated block device:0x4006dc1ff800 size:512 thread:1
allocated block device:0x4006dc1ffa00 size:512 thread:1
allocated block device:0x4006dc1ffc00 size:512 thread:1
allocated block device:0x4006dc1ffe00 size:512 thread:1
allocated block device:0x400720000000 size:298674176 thread:1
allocated block device:0x400731e00000 size:4030464 thread:1
allocated block device:0x400732200000 size:1821184 thread:1
allocated block device:0x4007323bca00 size:180224 thread:1
allocated block device:0x4007323e8a00 size:26112 thread:1
allocated block device:0x4007323ef000 size:512 thread:1
allocated block device:0x4007323ef200 size:4608 thread:1
allocated block device:0x4007323f0400 size:4608 thread:1
allocated block device:0x4007323f1600 size:4608 thread:1
allocated block device:0x4007323f2800 size:512 thread:1
allocated block device:0x4007323f2a00 size:24064 thread:1
allocated block device:0x4007323f8800 size:512 thread:1
allocated block device:0x4007323f8a00 size:512 thread:1
allocated block device:0x4007323f8c00 size:24064 thread:1
allocated block device:0x4007323fea00 size:512 thread:1
allocated block device:0x4007323fec00 size:512 thread:1
allocated block device:0x4007323fee00 size:3072 thread:1
allocated block device:0x4007323ffa00 size:512 thread:1
allocated block device:0x4007323ffc00 size:1024 thread:1
allocated block device:0x400732400000 size:1821184 thread:1
allocated block device:0x4007325bca00 size:180224 thread:1
allocated block device:0x4007325e8a00 size:3072 thread:1
allocated block device:0x4007325e9600 size:5120 thread:1
allocated block device:0x4007325eaa00 size:1536 thread:1
allocated block device:0x4007325eb000 size:2560 thread:1
allocated block device:0x4007325eba00 size:1536 thread:1
allocated block device:0x4007325ec000 size:2048 thread:1
allocated block device:0x4007325ec800 size:7680 thread:1
allocated block device:0x4007325ee600 size:7680 thread:1
allocated block device:0x4007325f0400 size:3072 thread:1
allocated block device:0x4007325f1000 size:3072 thread:1
allocated block device:0x4007325f1c00 size:5120 thread:1
allocated block device:0x4007325f3000 size:5120 thread:1
allocated block device:0x4007325f4400 size:1024 thread:1
allocated block device:0x4007325f4800 size:1024 thread:1
allocated block device:0x4007325f4c00 size:1024 thread:1
allocated block device:0x4007325f5000 size:1024 thread:1
allocated block device:0x4007325f5400 size:1024 thread:1
allocated block device:0x4007325f5800 size:1024 thread:1
allocated block device:0x4007325f5c00 size:1024 thread:1
allocated block device:0x4007325f6000 size:5120 thread:1
allocated block device:0x4007325f7400 size:1536 thread:1
allocated block device:0x4007325f7a00 size:1024 thread:1
allocated block device:0x4007325f7e00 size:1024 thread:1
allocated block device:0x4007325f8200 size:1536 thread:1
allocated block device:0x4007325f8800 size:1024 thread:1
allocated block device:0x4007325f8c00 size:1024 thread:1
allocated block device:0x4007325f9000 size:1024 thread:1
allocated block device:0x4007325f9400 size:3072 thread:1
allocated block device:0x4007325fa000 size:3072 thread:1
allocated block device:0x4007325fac00 size:1536 thread:1
allocated block device:0x4007325fb200 size:1536 thread:1
allocated block device:0x4007325fb800 size:1024 thread:1
allocated block device:0x4007325fbc00 size:1024 thread:1
allocated block device:0x4007325fc000 size:1024 thread:1
allocated block device:0x4007325fc400 size:1024 thread:1
allocated block device:0x4007325fc800 size:1024 thread:1
allocated block device:0x4007325fcc00 size:1024 thread:1
allocated block device:0x4007325fd000 size:1024 thread:1
allocated block device:0x4007325fd400 size:1024 thread:1
allocated block device:0x4007325fd800 size:1536 thread:1
allocated block device:0x4007325fde00 size:1024 thread:1
allocated block device:0x4007325fe200 size:512 thread:1
allocated block device:0x4007325fe400 size:2560 thread:1
allocated block device:0x4007325fee00 size:3072 thread:1
allocated block device:0x400732600000 size:1821184 thread:1
allocated block device:0x4007327bca00 size:180224 thread:1
allocated block device:0x4007327e8a00 size:28672 thread:1
allocated block device:0x4007327efa00 size:40448 thread:1
allocated block device:0x4007327f9c00 size:2560 thread:1
allocated block device:0x4007327fa600 size:3072 thread:1
allocated block device:0x4007327fb200 size:3072 thread:1
allocated block device:0x400732800000 size:1821184 thread:1
allocated block device:0x4007329bca00 size:180224 thread:1
allocated block device:0x4007329e8a00 size:40448 thread:1
allocated block device:0x4007329fcc00 size:2048 thread:1
allocated block device:0x400732a00000 size:7284736 thread:1
allocated block device:0x400733200000 size:7284736 thread:1
allocated block device:0x400733a00000 size:45593600 thread:1
allocated block device:0x400740000000 size:807412224 thread:1
allocated block device:0x400770400000 size:230400000 thread:1
allocated block device:0x4007a0000000 size:230400000 thread:1
allocated block device:0x4007adc00000 size:230400000 thread:1
allocated block device:0x4007e0000000 size:230400000 thread:1
allocated block device:0x4007f4c00000 size:391680 thread:1
allocated block device:0x4007f4c5fa00 size:921600 thread:1
allocated block device:0x4007f4d40a00 size:393216 thread:1
allocated block device:0x4007f4e00000 size:2799616 thread:1
allocated block device:0x4007f5200000 size:4030464 thread:1
allocated block device:0x4007f5600000 size:7284736 thread:1
allocated block device:0x400ba0000000 size:298674176 thread:1
allocated block device:0x400bc38c0000 size:393216 thread:1
allocated block device:0x400bcfa00000 size:7284736 thread:1
allocated block device:0x400bd2000000 size:1807360 thread:1
allocated block device:0x400bd21b9400 size:272384 thread:1
allocated block device:0x400bd21fbc00 size:8192 thread:1
allocated block device:0x400bd21fdc00 size:8192 thread:1
allocated block device:0x400bd21ffc00 size:512 thread:1
allocated block device:0x400bd2200000 size:1807360 thread:1
allocated block device:0x400bd23b9400 size:272384 thread:1
allocated block device:0x400bd23fbc00 size:8192 thread:1
allocated block device:0x400bd2400000 size:1807360 thread:1
allocated block device:0x400bd25b9400 size:98304 thread:1
allocated block device:0x400bd25d1400 size:98304 thread:1
allocated block device:0x400bd2600000 size:2799616 thread:1
allocated block device:0x400bd2a00000 size:14458880 thread:1
allocated block device:0x400c20000000 size:298674176 thread:1
allocated block device:0x400c31e00000 size:7284736 thread:1
allocated block device:0x400cf1e00000 size:230400000 thread:1
allocated block device:0x400d11e00000 size:230400000 thread:1
allocated block device:0x400d31e00000 size:230400000 thread:1
allocated block device:0x400d51e00000 size:29138944 thread:1
allocated block device:0x400d53a00000 size:29138944 thread:1
allocated block device:0x400d55600000 size:3145728 thread:1
allocated block device:0x400d55a00000 size:7284736 thread:1
allocated block device:0x400d56200000 size:7284736 thread:1
allocated block device:0x400d56a00000 size:14569472 thread:1
Accelerator Fatal Error: call to cuMemAlloc returned error 2 (CUDA_ERROR_OUT_OF_MEMORY): Out of memory
 File: /lus/lfs1aip2/projects/u6cb/software/VASP/vasp.6.5.1/build/gam/hamil.f90
 Function: hamiltmu:978
 Line: 1005

Out of memory allocating 921600000 bytes of device memory
Failing in Thread:1
total/free CUDA memory: 102005473280/706936832
Present table dump for device[1]: NVIDIA Tesla GPU 0, compute capability 9.0, threadid=1
Hint: specify 0x800 bit in NV_ACC_DEBUG for verbose info.
host:0x2557280 device:0x40067e5fd800 size:32 presentcount:0+3 line:643 name:var%comm
host:0x25572a0 device:0x40067e5ef600 size:32 presentcount:0+4 line:652 name:var%comm_kinter
host:0x25572c0 device:0x40067e5ef800 size:32 presentcount:0+6 line:655 name:var%comm_kin
host:0x25572e0 device:0x40085c1ffa00 size:32 presentcount:0+3 line:646 name:var%comm_inter
host:0x2557300 device:0x40085c1ffc00 size:32 presentcount:0+7 line:649 name:var%comm_inb
host:0x256be80 device:0x40067a0ecd00 size:8 presentcount:0+1 line:-1 name:_setexm_struct_def_21
host:0x2576f40 device:0x40067a0ece00 size:28 presentcount:0+1 line:-1 name:_ml_ff_constant_21
host:0x2577c80 device:0x40067a0ecf00 size:30437 presentcount:0+1 line:-1 name:_ml_ff_taglist_21
host:0x25afc80 device:0x40067a0f4600 size:8 presentcount:0+1 line:-1 name:_mopenacc_tutor_21
host:0x25c2740 device:0x40067a0f4a00 size:32 presentcount:0+1 line:-1 name:_mbj_21
host:0x25cd640 device:0x40067a0f4d00 size:8 presentcount:0+1 line:-1 name:_sym_prec_21
host:0x26030c0 device:0x40067a0f4e00 size:344 presentcount:0+1 line:-1 name:_tet_21
host:0x261c840 device:0x40067a0f5000 size:392 presentcount:0+1 line:-1 name:_mymath_21
host:0x2817368 device:0x40067e5f0400 size:4800 presentcount:0+2 line:614 name:var
host:0x2818628 device:0x40067e5fbc00 size:1984 presentcount:0+2 line:403 name:var
host:0x281a910 device:0x40083c3ffa00 size:864 presentcount:0+4 line:2639 name:hamiltonian
host:0x286ac80 device:0x40067e5fec00 size:2712 presentcount:0+2 line:428 name:var
host:0x286b718 device:0x40085c1fc600 size:2248 presentcount:0+1 line:742 name:var
host:0x286eb50 device:0x400d521ffc00 size:288 presentcount:0+1 line:195 name:latt_cur
host:0x2871658 device:0x40087c3fe400 size:5088 presentcount:0+28 line:517 name:var
host:0x2872a38 device:0x4008d25f6000 size:5088 presentcount:0+6 line:517 name:var
host:0x2873e18 device:0x4008d25e9600 size:5088 presentcount:0+7 line:517 name:var
host:0x287a2a8 device:0x40085c1ff800 size:304 presentcount:0+1 line:567 name:var
host:0x287a3d8 device:0x4008d25fe200 size:304 presentcount:0+1 line:567 name:var
host:0x2e48ec0 device:0x40067a002600 size:960024 presentcount:0+1 line:-1 name:_setexm_struct_def_16
host:0x2f8f080 device:0x40067a0f4700 size:580 presentcount:0+1 line:-1 name:_wpbe_16
host:0x2f8f900 device:0x40067a0f4b00 size:288 presentcount:0+1 line:-1 name:_mbj_16
host:0x9f446c0 device:0x40067a0f5200 size:624 presentcount:0+1 line:-1 name:_mlr_optic_16
host:0xddec6e0 device:0x4008d25fde00 size:732 presentcount:0+1 line:569 name:var%indcol(:)
host:0xef1cb60 device:0x4008d25f9000 size:528 presentcount:0+1 line:480 name:var
host:0x1316d830 device:0x40085c1ffe00 size:8 presentcount:0+4 line:405 name:var%nityp(:)
host:0x1366c040 device:0x40067e5f2200 size:1000 presentcount:0+4 line:519 name:var%lpctz(:)
host:0x13ae22b0 device:0x40067e5ffc00 size:8 presentcount:0+3 line:616 name:var%nt_global(:)
host:0x13ae23a0 device:0x40067e5ff800 size:8 presentcount:0+3 line:616 name:var%lmmax(:)
host:0x13ae23d0 device:0x4008d23ef000 size:8 presentcount:0+2 line:616 name:var%wtkpt(:)
host:0x13ae2400 device:0x40067e5ffa00 size:8 presentcount:0+3 line:616 name:var%nityp(:)
host:0x13aef140 device:0x4008d27e8a00 size:28464 presentcount:0+1 line:853 name:var(:)
host:0x13b018c0 device:0x4008d29e8a00 size:40000 presentcount:0+1 line:857 name:var%psp(:,:)
host:0x13b0b530 device:0x400d523fbc00 size:8000 presentcount:0+1 line:857 name:var%psprho(:)
host:0x13b0e7c0 device:0x4008d23f8c00 size:24000 presentcount:0+2 line:466 name:var%psprnl(:,:,:)
host:0x13b3e1a0 device:0x4008d23f0400 size:4320 presentcount:0+4 line:405 name:var%ityp(:)
host:0x13b3f2b0 device:0x4008d23e8a00 size:25920 presentcount:0+4 line:405 name:var%posion(:,:)
host:0x13b82610 device:0x4008d27efa00 size:40000 presentcount:0+1 line:857 name:var%psp(:,:)
host:0x13b8c280 device:0x400d521fbc00 size:8000 presentcount:0+1 line:857 name:var%pspcor(:)
host:0x13b8e1f0 device:0x400d521fdc00 size:8000 presentcount:0+1 line:857 name:var%psprho(:)
host:0x13b91480 device:0x4008d23f2a00 size:24000 presentcount:0+2 line:466 name:var%psprnl(:,:,:)
host:0x13bde440 device:0x40087c3ffc00 size:24 presentcount:0+3 line:466 name:var%lps(:)
host:0x13bde4f0 device:0x40085c1fd000 size:24 presentcount:0+3 line:466 name:var%lps(:)
host:0x13c47190 device:0x40067e5ffe00 size:24 presentcount:0+3 line:616 name:var%vkpt(:,:)
host:0x13c6c470 device:0x40067e5f0200 size:16 presentcount:0+2 line:430 name:var%psrmax(:)
host:0x13c6ca30 device:0x4008d23ef200 size:4320 presentcount:0+3 line:616 name:var%ityp(:)
host:0x13c6db40 device:0x40067e5fda00 size:4320 presentcount:0+3 line:616 name:var%npro_pos(:)
host:0x13c6ec50 device:0x40067e5fc600 size:4324 presentcount:0+3 line:616 name:var%lmbase(:)
host:0x13c6fd60 device:0x4008d23f8800 size:4 presentcount:0+2 line:616 name:var%nplwkp(:)
host:0x13c6fd90 device:0x4008d23f8a00 size:4 presentcount:0+2 line:616 name:var%nplwkp_tot(:)
host:0x13c6fdc0 device:0x4008d23fea00 size:4 presentcount:0+2 line:616 name:var%ngvector_pos(:)
host:0x13c6fdf0 device:0x4008d23f2800 size:4 presentcount:0+2 line:616 name:var%ngvector(:)
host:0x13c6fe20 device:0x40067e5f1800 size:1280 presentcount:0+4 line:519 name:var%lpctx(:)
host:0x13c70350 device:0x40067e5f1e00 size:720 presentcount:0+4 line:519 name:var%lpcty(:)
host:0x13c70650 device:0x40067e5f2600 size:1280 presentcount:0+4 line:519 name:var%lpctx_(:)
host:0x13c70b80 device:0x40067e5f2c00 size:720 presentcount:0+4 line:519 name:var%lpcty_(:)
host:0x13c70e80 device:0x40067e5f3000 size:1000 presentcount:0+4 line:519 name:var%lpctz_(:)
host:0x13c71290 device:0x4008d25f7400 size:1280 presentcount:0+1 line:519 name:var%lpctx(:)
host:0x13c717c0 device:0x4008d25f7a00 size:720 presentcount:0+1 line:519 name:var%lpcty(:)
host:0x13c71ac0 device:0x4008d25f7e00 size:1000 presentcount:0+1 line:519 name:var%lpctz(:)
host:0x13c71ed0 device:0x4008d25f8200 size:1280 presentcount:0+1 line:519 name:var%lpctx_(:)
host:0x13c72400 device:0x4008d25f8800 size:720 presentcount:0+1 line:519 name:var%lpcty_(:)
host:0x13c72700 device:0x4008d25f8c00 size:1000 presentcount:0+1 line:519 name:var%lpctz_(:)
host:0x13c72b10 device:0x4008d23fee00 size:2560 presentcount:0+1 line:519 name:var%lpctx(:)
host:0x13c73540 device:0x4008d25eaa00 size:1440 presentcount:0+1 line:519 name:var%lpcty(:)
host:0x13c73b10 device:0x4008d25e8a00 size:2000 presentcount:0+1 line:519 name:var%lpctz(:)
host:0x13c74310 device:0x4008d25eb000 size:2560 presentcount:0+1 line:519 name:var%lpctx_(:)
host:0x13c74d40 device:0x4008d25eba00 size:1440 presentcount:0+1 line:519 name:var%lpcty_(:)
host:0x13c75310 device:0x4008d25ec000 size:2000 presentcount:0+1 line:519 name:var%lpctz_(:)
host:0x13d613f0 device:0x4008d25f0400 size:2824 presentcount:0+1 line:482 name:var%i2(:)
host:0x13d61f20 device:0x4008d25f1000 size:2824 presentcount:0+1 line:482 name:var%i3(:)
host:0x13d62a50 device:0x4008d25f1c00 size:5020 presentcount:0+1 line:482 name:var%i2(:)
host:0x13d63e20 device:0x4008d25f3000 size:5020 presentcount:0+1 line:482 name:var%i3(:)
host:0x13d651f0 device:0x4008d25ec800 size:7200 presentcount:0+2 line:482 name:var%i2(:)
host:0x13d66e40 device:0x4008d25ee600 size:7200 presentcount:0+2 line:482 name:var%i3(:)
host:0x13d68eb0 device:0x400974c5fa00 size:921600 presentcount:0+2 line:482 name:var%index(:,:)
host:0x13e49ee0 device:0x4008d25fe400 size:2560 presentcount:0+1 line:569 name:var%ind1(:)
host:0x13e4a910 device:0x4008d25fee00 size:2824 presentcount:0+1 line:569 name:var%indcol(:)
host:0x13e4b440 device:0x4008d25f9400 size:2824 presentcount:0+1 line:482 name:var%i2(:)
host:0x13e4bf70 device:0x4008d25fa000 size:2824 presentcount:0+1 line:482 name:var%i3(:)
host:0x13e4caa0 device:0x4008d25fac00 size:1512 presentcount:0+1 line:482 name:var%i2(:)
host:0x13e4d0b0 device:0x4008d25fb200 size:1512 presentcount:0+1 line:482 name:var%i3(:)
host:0x13e4d6c0 device:0x40085c1fd200 size:4320 presentcount:0+2 line:430 name:var%nlimax(:)
host:0x13e4e7d0 device:0x40085c1fe600 size:4324 presentcount:0+2 line:430 name:var%lmbase(:)
host:0x13e4f8e0 device:0x40067e5ee400 size:4324 presentcount:0+2 line:430 name:var%nlibase(:)
host:0x13e509f0 device:0x40067e5f3400 size:17132 presentcount:0+4 line:519 name:var%nindpwconjg(:)
host:0x13e54d10 device:0x40067e5f7800 size:17132 presentcount:0+4 line:519 name:var%ind_in_sphere(:)
host:0x13e5a270 device:0x4008d25fbc00 size:516 presentcount:0+1 line:499 name:var%ptr(:)
host:0x13e5a4a0 device:0x4008d25fb800 size:516 presentcount:0+1 line:499 name:var%n(:)
host:0x13e5a6d0 device:0x4008d25fc400 size:516 presentcount:0+1 line:499 name:var%ptri(:)
host:0x13e5a900 device:0x4008d25fc000 size:516 presentcount:0+1 line:499 name:var%ni(:)
host:0x13e5ab30 device:0x4008d25fcc00 size:516 presentcount:0+1 line:499 name:var%ptr(:)
host:0x13e5ad60 device:0x4008d25fc800 size:516 presentcount:0+1 line:499 name:var%n(:)
host:0x13e5af90 device:0x40085c1fe400 size:4 presentcount:0+1 line:499 name:var%tbli(:)
host:0x13e5afc0 device:0x4008d25fd400 size:516 presentcount:0+1 line:499 name:var%ptri(:)
host:0x13e5b1f0 device:0x4008d25fd000 size:516 presentcount:0+1 line:499 name:var%ni(:)
host:0x13e6cef0 device:0x4008d25f4400 size:516 presentcount:0+1 line:499 name:var%ptr(:)
host:0x13e77f40 device:0x4008d23ffc00 size:516 presentcount:0+1 line:499 name:var%n(:)
host:0x13e78170 device:0x4008d25f4c00 size:516 presentcount:0+1 line:499 name:var%ptri(:)
host:0x13e783a0 device:0x4008d25f4800 size:516 presentcount:0+1 line:499 name:var%ni(:)
host:0x13e785d0 device:0x4008d25f5400 size:516 presentcount:0+1 line:499 name:var%ptr(:)
host:0x13e78800 device:0x4008d25f5000 size:516 presentcount:0+1 line:499 name:var%n(:)
host:0x13e78a30 device:0x4008d25f5c00 size:516 presentcount:0+1 line:499 name:var%ptri(:)
host:0x13e78c60 device:0x4008d25f5800 size:516 presentcount:0+1 line:499 name:var%ni(:)
host:0x13e86c30 device:0x4008d25fd800 size:1280 presentcount:0+1 line:569 name:var%ind1(:)
host:0x13e87160 device:0x4007ae12e800 size:180000 presentcount:0+4 line:482 name:var%i2(:)
host:0x13eb30b0 device:0x4007ae15a800 size:180000 presentcount:0+4 line:482 name:var%i3(:)
host:0x13edf000 device:0x4008d23bca00 size:180000 presentcount:0+8 line:482 name:var%index(:,:)
host:0x13f0af50 device:0x4008d29bca00 size:180000 presentcount:0+8 line:482 name:var%i2(:)
host:0x13f36ea0 device:0x4007ae186800 size:180000 presentcount:0+8 line:482 name:var%i3(:)
host:0x13f63420 device:0x4008d2400000 size:1821184 presentcount:0+3 line:616 name:var%nindpw(:,:)
host:0x1411fe50 device:0x40067e5fc400 size:8 presentcount:0+2 line:616 name:var%nb_totk(:,:)
host:0x1411fe80 device:0x4008d23fec00 size:4 presentcount:0+2 line:616 name:var%luseinv(:)
host:0x1411feb0 device:0x40067e5efe00 size:4 presentcount:0+2 line:616 name:var%at_gamma(:)
host:0x1411fee0 device:0x4008d25bca00 size:180000 presentcount:0+3 line:616 name:var%pl_index(:,:)
host:0x1414be30 device:0x4008d27bca00 size:180000 presentcount:0+3 line:616 name:var%pl_col(:,:)
host:0x14177d80 device:0x4008d23ffa00 size:8 presentcount:0+2 line:405 name:var%lmmax(:)
host:0x14177db0 device:0x40067e5efa00 size:8 presentcount:0+2 line:430 name:var%lmax(:)
host:0x14177de0 device:0x4008d23f1600 size:4324 presentcount:0+2 line:405 name:var%lmbase(:)
host:0x14178ef0 device:0x40067e5efc00 size:8 presentcount:0+2 line:430 name:var%lmmax(:)
host:0x14178f20 device:0x40067e5f0000 size:8 presentcount:0+2 line:430 name:var%channels(:)
host:0x14178f50 device:0x40087c3ff800 size:16 presentcount:0+2 line:430 name:var%rsmooth(:)
host:0x14178f90 device:0x40087c3ffa00 size:400 presentcount:0+2 line:464 name:var
host:0x14179120 device:0x40087c3ffe00 size:400 presentcount:0+2 line:464 name:var
host:0x141e9b40 device:0x400974c00000 size:234240 presentcount:0+1 line:499 name:var%tbl(:)
host:0x143d9ae0 device:0x400975600000 size:7284736 presentcount:0+3 line:616 name:var%datake(:,:,:)
host:0x14accd60 device:0x4008d2600000 size:1821184 presentcount:0+3 line:616 name:var%igx(:,:)
host:0x14c8a3f0 device:0x4008d2200000 size:1821184 presentcount:0+3 line:616 name:var%igy(:,:)
host:0x14e47c90 device:0x4008d2800000 size:1821184 presentcount:0+3 line:616 name:var%igz(:,:)
host:0x15005b60 device:0x4008d3200000 size:7284272 presentcount:0+4 line:519 name:var%fftsca(:,:)
host:0x156f81c0 device:0x400d521b9400 size:272160 presentcount:0+1 line:499 name:var%tbli(:)
host:0x1573a910 device:0x400d523b9400 size:272160 presentcount:0+1 line:499 name:var%tbl(:)
host:0x15852e70 device:0x400974e00000 size:1807360 presentcount:0+1 line:499 name:var%tbl(:)
host:0x15bc8a60 device:0x400d52000000 size:1807200 presentcount:0+1 line:499 name:var%tbli(:)
host:0x15d83ad0 device:0x400d52200000 size:1807200 presentcount:0+1 line:499 name:var%tbl(:)
host:0x160fa1e0 device:0x400d52400000 size:1807200 presentcount:0+1 line:499 name:var%tbli(:)
host:0x164c2420 device:0x40087c3f4000 size:41984 presentcount:0+1 line:746 name:var%auxtot(:,:,:)
host:0x164e2420 device:0x40067e5e4000 size:41984 presentcount:0+2 line:746 name:var%fertot(:,:,:)
host:0x1650f0c0 device:0x4007ae11a000 size:83968 presentcount:0+2 line:746 name:var%celtot(:,:,:)
host:0x16f78e80 device:0x4008d1e00000 size:2799360 presentcount:0+2 line:194 name:cdij(:,:,:,:)
host:0x18369050 device:0x4008d2a00000 size:7200000 presentcount:0+1 line:195 name:dencor(:)
host:0x19133550 device:0x400d52600000 size:2799360 presentcount:0+2 line:194 name:cqij(:,:,:,:)
host:0x19693200 device:0x400975200000 size:4030464 presentcount:0+5 line:746 name:var%gproj(:,:,:,:)
host:0x19d20e00 device:0x4007ae1ca800 size:98304 presentcount:0+1 line:1101 name:w1%gproj(:)
host:0x208b1470 device:0x400974d40a00 size:393216 presentcount:0+2 line:1226 name:wa%gproj(:,:)
host:0x209114a0 device:0x400d438c0000 size:393216 presentcount:0+2 line:1226 name:wa%gproj(:,:)
host:0x20978850 device:0x400ed5600000 size:3145728 presentcount:0+2 line:1226 name:wa%gproj(:,:)
host:0x24b91de0 device:0x4008d29fcc00 size:2048 presentcount:0+1 line:179 name:w1(:)
host:0x24b92600 device:0x4008d27fa600 size:2048 presentcount:0+1 line:179 name:wtmp(:)
host:0x24bc6fc0 device:0x400db1e00000 size:7284736 presentcount:0+1 line:1101 name:w1%cptwfp(:)
host:0x252b97f0 device:0x4007ae1b2800 size:98304 presentcount:0+1 line:1101 name:w1%gproj(:)
host:0x252d1820 device:0x400d525b9400 size:98304 presentcount:0+1 line:1101 name:w1%gproj(:)
host:0x252e9850 device:0x400d525d1400 size:98304 presentcount:0+1 line:1101 name:w1%gproj(:)
host:0x2550e0a0 device:0x400ed6a00000 size:14569472 presentcount:0+1 line:202 name:precon(:,:)
host:0x262fac90 device:0x400d4fa00000 size:7284736 presentcount:0+1 line:1101 name:w1%cptwfp(:)
host:0x269f56b0 device:0x400ed5a00000 size:7284736 presentcount:0+1 line:1101 name:w1%cptwfp(:)
host:0x270e80f0 device:0x400ed6200000 size:7284736 presentcount:0+1 line:1101 name:w1%cptwfp(:)
host:0x4006bc0010a0 device:0x4008d3a00000 size:45593280 presentcount:0+2 line:430 name:var%nli(:,:)
host:0x4006beb839e0 device:0x400d52a00000 size:14458880 presentcount:0+1 line:195 name:cstrf(:,:)
host:0x40070e3131a0 device:0x40092dc00000 size:230400000 presentcount:0+2 line:194 name:sv(:,:)
host:0x4007c00012b0 device:0x4008e0000000 size:807411968 presentcount:0+2 line:430 name:var%rproj(:)
host:0x4007f0216d70 device:0x400ed1e00000 size:29138944 presentcount:0+2 line:1226 name:wa%cptwfp(:,:)
host:0x4007f1df6f80 device:0x400ed3a00000 size:29138944 presentcount:0+2 line:1226 name:wa%cptwfp(:,:)
host:0x4008a0004a60 device:0x4008c0000000 size:298674176 presentcount:0+5 line:746 name:var%cptwfp(:,:,:,:)
host:0x400951ce7190 device:0x400da0000000 size:233111552 presentcount:0+2 line:1226 name:wa%cptwfp(:,:)
host:0x4009e00077c0 device:0x4006c0000000 size:230400000 presentcount:0+1 line:1101 name:w1%cr(:)
host:0x4009edbd79d0 device:0x400910400000 size:230400000 presentcount:0+1 line:1236 name:w1%cr(:)
host:0x400c00007df0 device:0x400960000000 size:230400000 presentcount:0+1 line:1101 name:w1%cr(:)
host:0x400c0dbd8000 device:0x400920000000 size:230400000 presentcount:0+1 line:1236 name:w1%cr(:)
host:0x400d00008420 device:0x400d20000000 size:230400000 presentcount:0+1 line:1101 name:w1%cr(:)
host:0x400d0dbd0020 device:0x400eb1e00000 size:230400000 presentcount:0+1 line:1236 name:w1%cr(:)
host:0x400d80000440 device:0x400e91e00000 size:230400000 presentcount:0+1 line:1101 name:w1%cr(:)
host:0x400d8dbc0650 device:0x400e71e00000 size:230400000 presentcount:0+1 line:1236 name:w1%cr(:)
host:0xffffec73a6d0 device:0x4008d27fb200 size:3024 presentcount:0+12 line:682 name:var
host:0xffffec73b2a0 device:0x40081c3ff800 size:1480 presentcount:0+1 line:174 name:w_ini
host:0xffffec73b870 device:0x4008d27f9c00 size:1480 presentcount:0+1 line:174 name:wopt
host:0xffffec73be40 device:0x40085c1fbc00 size:1480 presentcount:0+1 line:174 name:wtmpa
allocated block device:0x40067e5e4000 size:41984 thread:1
allocated block device:0x40067e5ee400 size:4608 thread:1
allocated block device:0x40067e5ef600 size:512 thread:1
allocated block device:0x40067e5ef800 size:512 thread:1
allocated block device:0x40067e5efa00 size:512 thread:1
allocated block device:0x40067e5efc00 size:512 thread:1
allocated block device:0x40067e5efe00 size:512 thread:1
allocated block device:0x40067e5f0000 size:512 thread:1
allocated block device:0x40067e5f0200 size:512 thread:1
allocated block device:0x40067e5f0400 size:5120 thread:1
allocated block device:0x40067e5f1800 size:1536 thread:1
allocated block device:0x40067e5f1e00 size:1024 thread:1
allocated block device:0x40067e5f2200 size:1024 thread:1
allocated block device:0x40067e5f2600 size:1536 thread:1
allocated block device:0x40067e5f2c00 size:1024 thread:1
allocated block device:0x40067e5f3000 size:1024 thread:1
allocated block device:0x40067e5f3400 size:17408 thread:1
allocated block device:0x40067e5f7800 size:17408 thread:1
allocated block device:0x40067e5fbc00 size:2048 thread:1
allocated block device:0x40067e5fc400 size:512 thread:1
allocated block device:0x40067e5fc600 size:4608 thread:1
allocated block device:0x40067e5fd800 size:512 thread:1
allocated block device:0x40067e5fda00 size:4608 thread:1
allocated block device:0x40067e5fec00 size:3072 thread:1
allocated block device:0x40067e5ff800 size:512 thread:1
allocated block device:0x40067e5ffa00 size:512 thread:1
allocated block device:0x40067e5ffc00 size:512 thread:1
allocated block device:0x40067e5ffe00 size:512 thread:1
allocated block device:0x4006c0000000 size:230400000 thread:1
allocated block device:0x4007ae11a000 size:83968 thread:1
allocated block device:0x4007ae12e800 size:180224 thread:1
allocated block device:0x4007ae15a800 size:180224 thread:1
allocated block device:0x4007ae186800 size:180224 thread:1
allocated block device:0x4007ae1b2800 size:98304 thread:1
allocated block device:0x4007ae1ca800 size:98304 thread:1
allocated block device:0x40081c3ff800 size:1536 thread:1
allocated block device:0x40083c3ffa00 size:1024 thread:1
allocated block device:0x40085c1fbc00 size:2048 thread:1
allocated block device:0x40085c1fc600 size:2560 thread:1
allocated block device:0x40085c1fd000 size:512 thread:1
allocated block device:0x40085c1fd200 size:4608 thread:1
allocated block device:0x40085c1fe400 size:512 thread:1
allocated block device:0x40085c1fe600 size:4608 thread:1
allocated block device:0x40085c1ff800 size:512 thread:1
allocated block device:0x40085c1ffa00 size:512 thread:1
allocated block device:0x40085c1ffc00 size:512 thread:1
allocated block device:0x40085c1ffe00 size:512 thread:1
allocated block device:0x40087c3f4000 size:41984 thread:1
allocated block device:0x40087c3fe400 size:5120 thread:1
allocated block device:0x40087c3ff800 size:512 thread:1
allocated block device:0x40087c3ffa00 size:512 thread:1
allocated block device:0x40087c3ffc00 size:512 thread:1
allocated block device:0x40087c3ffe00 size:512 thread:1
allocated block device:0x4008c0000000 size:298674176 thread:1
allocated block device:0x4008d1e00000 size:4030464 thread:1
allocated block device:0x4008d2200000 size:1821184 thread:1
allocated block device:0x4008d23bca00 size:180224 thread:1
allocated block device:0x4008d23e8a00 size:26112 thread:1
allocated block device:0x4008d23ef000 size:512 thread:1
allocated block device:0x4008d23ef200 size:4608 thread:1
allocated block device:0x4008d23f0400 size:4608 thread:1
allocated block device:0x4008d23f1600 size:4608 thread:1
allocated block device:0x4008d23f2800 size:512 thread:1
allocated block device:0x4008d23f2a00 size:24064 thread:1
allocated block device:0x4008d23f8800 size:512 thread:1
allocated block device:0x4008d23f8a00 size:512 thread:1
allocated block device:0x4008d23f8c00 size:24064 thread:1
allocated block device:0x4008d23fea00 size:512 thread:1
allocated block device:0x4008d23fec00 size:512 thread:1
allocated block device:0x4008d23fee00 size:3072 thread:1
allocated block device:0x4008d23ffa00 size:512 thread:1
allocated block device:0x4008d23ffc00 size:1024 thread:1
allocated block device:0x4008d2400000 size:1821184 thread:1
allocated block device:0x4008d25bca00 size:180224 thread:1
allocated block device:0x4008d25e8a00 size:3072 thread:1
allocated block device:0x4008d25e9600 size:5120 thread:1
allocated block device:0x4008d25eaa00 size:1536 thread:1
allocated block device:0x4008d25eb000 size:2560 thread:1
allocated block device:0x4008d25eba00 size:1536 thread:1
allocated block device:0x4008d25ec000 size:2048 thread:1
allocated block device:0x4008d25ec800 size:7680 thread:1
allocated block device:0x4008d25ee600 size:7680 thread:1
allocated block device:0x4008d25f0400 size:3072 thread:1
allocated block device:0x4008d25f1000 size:3072 thread:1
allocated block device:0x4008d25f1c00 size:5120 thread:1
allocated block device:0x4008d25f3000 size:5120 thread:1
allocated block device:0x4008d25f4400 size:1024 thread:1
allocated block device:0x4008d25f4800 size:1024 thread:1
allocated block device:0x4008d25f4c00 size:1024 thread:1
allocated block device:0x4008d25f5000 size:1024 thread:1
allocated block device:0x4008d25f5400 size:1024 thread:1
allocated block device:0x4008d25f5800 size:1024 thread:1
allocated block device:0x4008d25f5c00 size:1024 thread:1
allocated block device:0x4008d25f6000 size:5120 thread:1
allocated block device:0x4008d25f7400 size:1536 thread:1
allocated block device:0x4008d25f7a00 size:1024 thread:1
allocated block device:0x4008d25f7e00 size:1024 thread:1
allocated block device:0x4008d25f8200 size:1536 thread:1
allocated block device:0x4008d25f8800 size:1024 thread:1
allocated block device:0x4008d25f8c00 size:1024 thread:1
allocated block device:0x4008d25f9000 size:1024 thread:1
allocated block device:0x4008d25f9400 size:3072 thread:1
allocated block device:0x4008d25fa000 size:3072 thread:1
allocated block device:0x4008d25fac00 size:1536 thread:1
allocated block device:0x4008d25fb200 size:1536 thread:1
allocated block device:0x4008d25fb800 size:1024 thread:1
allocated block device:0x4008d25fbc00 size:1024 thread:1
allocated block device:0x4008d25fc000 size:1024 thread:1
allocated block device:0x4008d25fc400 size:1024 thread:1
allocated block device:0x4008d25fc800 size:1024 thread:1
allocated block device:0x4008d25fcc00 size:1024 thread:1
allocated block device:0x4008d25fd000 size:1024 thread:1
allocated block device:0x4008d25fd400 size:1024 thread:1
allocated block device:0x4008d25fd800 size:1536 thread:1
allocated block device:0x4008d25fde00 size:1024 thread:1
allocated block device:0x4008d25fe200 size:512 thread:1
allocated block device:0x4008d25fe400 size:2560 thread:1
allocated block device:0x4008d25fee00 size:3072 thread:1
allocated block device:0x4008d2600000 size:1821184 thread:1
allocated block device:0x4008d27bca00 size:180224 thread:1
allocated block device:0x4008d27e8a00 size:28672 thread:1
allocated block device:0x4008d27efa00 size:40448 thread:1
allocated block device:0x4008d27f9c00 size:2560 thread:1
allocated block device:0x4008d27fa600 size:3072 thread:1
allocated block device:0x4008d27fb200 size:3072 thread:1
allocated block device:0x4008d2800000 size:1821184 thread:1
allocated block device:0x4008d29bca00 size:180224 thread:1
allocated block device:0x4008d29e8a00 size:40448 thread:1
allocated block device:0x4008d29fcc00 size:2048 thread:1
allocated block device:0x4008d2a00000 size:7284736 thread:1
allocated block device:0x4008d3200000 size:7284736 thread:1
allocated block device:0x4008d3a00000 size:45593600 thread:1
allocated block device:0x4008e0000000 size:807412224 thread:1
allocated block device:0x400910400000 size:230400000 thread:1
allocated block device:0x400920000000 size:230400000 thread:1
allocated block device:0x40092dc00000 size:230400000 thread:1
allocated block device:0x400960000000 size:230400000 thread:1
allocated block device:0x400974c00000 size:391680 thread:1
allocated block device:0x400974c5fa00 size:921600 thread:1
allocated block device:0x400974d40a00 size:393216 thread:1
allocated block device:0x400974e00000 size:2799616 thread:1
allocated block device:0x400975200000 size:4030464 thread:1
allocated block device:0x400975600000 size:7284736 thread:1
allocated block device:0x400d20000000 size:298674176 thread:1
allocated block device:0x400d438c0000 size:393216 thread:1
allocated block device:0x400d4fa00000 size:7284736 thread:1
allocated block device:0x400d52000000 size:1807360 thread:1
allocated block device:0x400d521b9400 size:272384 thread:1
allocated block device:0x400d521fbc00 size:8192 thread:1
allocated block device:0x400d521fdc00 size:8192 thread:1
allocated block device:0x400d521ffc00 size:512 thread:1
allocated block device:0x400d52200000 size:1807360 thread:1
allocated block device:0x400d523b9400 size:272384 thread:1
allocated block device:0x400d523fbc00 size:8192 thread:1
allocated block device:0x400d52400000 size:1807360 thread:1
allocated block device:0x400d525b9400 size:98304 thread:1
allocated block device:0x400d525d1400 size:98304 thread:1
allocated block device:0x400d52600000 size:2799616 thread:1
allocated block device:0x400d52a00000 size:14458880 thread:1
allocated block device:0x400da0000000 size:298674176 thread:1
allocated block device:0x400db1e00000 size:7284736 thread:1
allocated block device:0x400e71e00000 size:230400000 thread:1
allocated block device:0x400e91e00000 size:230400000 thread:1
allocated block device:0x400eb1e00000 size:230400000 thread:1
allocated block device:0x400ed1e00000 size:29138944 thread:1
allocated block device:0x400ed3a00000 size:29138944 thread:1
allocated block device:0x400ed5600000 size:3145728 thread:1
allocated block device:0x400ed5a00000 size:7284736 thread:1
allocated block device:0x400ed6200000 size:7284736 thread:1
allocated block device:0x400ed6a00000 size:14569472 thread:1
Accelerator Fatal Error: call to cuMemAlloc returned error 2 (CUDA_ERROR_OUT_OF_MEMORY): Out of memory
 File: /lus/lfs1aip2/projects/u6cb/software/VASP/vasp.6.5.1/build/gam/hamil.f90
 Function: hamiltmu:978
 Line: 1005

Failing in Thread:1
total/free CUDA memory: 102005473280/60293120
deferred free memory: 1104719872 bytes in 37 blocks
Present table dump for device[1]: NVIDIA Tesla GPU 0, compute capability 9.0, threadid=1
Hint: specify 0x800 bit in NV_ACC_DEBUG for verbose info.
host:0x2557280 device:0x40059e3fd800 size:32 presentcount:0+3 line:643 name:var%comm
host:0x25572a0 device:0x40059e3ef600 size:32 presentcount:0+4 line:652 name:var%comm_kinter
host:0x25572c0 device:0x40059e3ef800 size:32 presentcount:0+6 line:655 name:var%comm_kin
host:0x25572e0 device:0x40077c3ffa00 size:32 presentcount:0+3 line:646 name:var%comm_inter
host:0x2557300 device:0x40077c3ffc00 size:32 presentcount:0+7 line:649 name:var%comm_inb
Out of memory allocating 230400000 bytes of device memory
Failing in Thread:1
total/free CUDA memory: 102005473280/242614272
Present table dump for device[1]: NVIDIA Tesla GPU 0, compute capability 9.0, threadid=1
Hint: specify 0x800 bit in NV_ACC_DEBUG for verbose info.
host:0x2557280 device:0x4005fe3fc000 size:32 presentcount:0+3 line:643 name:var%comm
host:0x25572a0 device:0x4007e71ffa00 size:32 presentcount:0+4 line:652 name:var%comm_kinter
host:0x25572c0 device:0x4007e71ffc00 size:32 presentcount:0+6 line:655 name:var%comm_kin
host:0x25572e0 device:0x4007e71ff400 size:32 presentcount:0+3 line:646 name:var%comm_inter
host:0x2557300 device:0x4007e71ff600 size:32 presentcount:0+7 line:649 name:var%comm_inb
host:0x256be80 device:0x4005fa0ecd00 size:8 presentcount:0+1 line:-1 name:_setexm_struct_def_21
host:0x2576f40 device:0x4005fa0ece00 size:28 presentcount:0+1 line:-1 name:_ml_ff_constant_21
host:0x2577c80 device:0x4005fa0ecf00 size:30437 presentcount:0+1 line:-1 name:_ml_ff_taglist_21
host:0x25afc80 device:0x4005fa0f4600 size:8 presentcount:0+1 line:-1 name:_mopenacc_tutor_21
host:0x25c2740 device:0x4005fa0f4a00 size:32 presentcount:0+1 line:-1 name:_mbj_21
host:0x25cd640 device:0x4005fa0f4d00 size:8 presentcount:0+1 line:-1 name:_sym_prec_21
host:0x26030c0 device:0x4005fa0f4e00 size:344 presentcount:0+1 line:-1 name:_tet_21
host:0x261c840 device:0x4005fa0f5000 size:392 presentcount:0+1 line:-1 name:_mymath_21
host:0x2817368 device:0x4005fe3eec00 size:4800 presentcount:0+2 line:614 name:var
host:0x2818628 device:0x4005fe3fa400 size:1984 presentcount:0+2 line:403 name:var
host:0x281a910 device:0x4007a71ff800 size:864 presentcount:0+4 line:2639 name:hamiltonian
host:0x286ac80 device:0x4005fe3fd400 size:2712 presentcount:0+2 line:428 name:var
host:0x286b718 device:0x4007e71fae00 size:2248 presentcount:0+1 line:742 name:var
host:0x286eb50 device:0x4008527ff800 size:288 presentcount:0+1 line:195 name:latt_cur
host:0x2871658 device:0x4008071fe400 size:5088 presentcount:0+28 line:517 name:var
host:0x2872a38 device:0x4008525f4800 size:5088 presentcount:0+6 line:517 name:var
host:0x2873e18 device:0x4008525e8a00 size:5088 presentcount:0+7 line:517 name:var
host:0x287a2a8 device:0x4007e71fe000 size:304 presentcount:0+1 line:567 name:var
host:0x287a3d8 device:0x4008525fca00 size:304 presentcount:0+1 line:567 name:var
host:0x2e48ec0 device:0x4005fa002600 size:960024 presentcount:0+1 line:-1 name:_setexm_struct_def_16
host:0x2f8f080 device:0x4005fa0f4700 size:580 presentcount:0+1 line:-1 name:_wpbe_16
host:0x2f8f900 device:0x4005fa0f4b00 size:288 presentcount:0+1 line:-1 name:_mbj_16
host:0x9f446c0 device:0x4005fa0f5200 size:624 presentcount:0+1 line:-1 name:_mlr_optic_16
host:0x40d893e0 device:0x4008525f7800 size:528 presentcount:0+1 line:480 name:var
host:0x44e48170 device:0x4008071ffa00 size:400 presentcount:0+2 line:464 name:var
host:0x44e48300 device:0x4008071ffe00 size:400 presentcount:0+2 line:464 name:var
host:0x494dfdd0 device:0x4007e71ff800 size:8 presentcount:0+4 line:405 name:var%nityp(:)
host:0x499de5e0 device:0x4005fe3f0a00 size:1000 presentcount:0+4 line:519 name:var%lpctz(:)
host:0x49e617e0 device:0x4008527e8a00 size:28464 presentcount:0+1 line:853 name:var(:)
host:0x49e73f40 device:0x4008529e8a00 size:40000 presentcount:0+1 line:857 name:var%psp(:,:)
host:0x49e7dbb0 device:0x4008527fd800 size:8000 presentcount:0+1 line:857 name:var%psprho(:)
host:0x49e80e40 device:0x4008523f7400 size:24000 presentcount:0+2 line:466 name:var%psprnl(:,:,:)
host:0x49eb0820 device:0x4008523ef000 size:4320 presentcount:0+4 line:405 name:var%ityp(:)
host:0x49eb1930 device:0x4008523e8a00 size:25920 presentcount:0+4 line:405 name:var%posion(:,:)
host:0x49ef4b00 device:0x4008527f9800 size:8000 presentcount:0+1 line:857 name:var%pspcor(:)
host:0x49ef6a70 device:0x4008527fb800 size:8000 presentcount:0+1 line:857 name:var%psprho(:)
host:0x49efa5e0 device:0x4008527efa00 size:40000 presentcount:0+1 line:857 name:var%psp(:,:)
host:0x49f04250 device:0x4008523f1400 size:24000 presentcount:0+2 line:466 name:var%psprnl(:,:,:)
host:0x49f17250 device:0x4005fe3fe400 size:8 presentcount:0+3 line:616 name:var%nt_global(:)
host:0x49f17340 device:0x4005fe3fe000 size:8 presentcount:0+3 line:616 name:var%lmmax(:)
host:0x49f17370 device:0x4005fe3fe800 size:8 presentcount:0+2 line:616 name:var%wtkpt(:)
host:0x49f173a0 device:0x4005fe3fe200 size:8 presentcount:0+3 line:616 name:var%nityp(:)
host:0x49f44300 device:0x4008071ffc00 size:24 presentcount:0+3 line:466 name:var%lps(:)
host:0x49f443b0 device:0x4007e71fb800 size:24 presentcount:0+3 line:466 name:var%lps(:)
host:0x49faca10 device:0x4005fe3fe600 size:24 presentcount:0+3 line:616 name:var%vkpt(:,:)
host:0x49fd1c80 device:0x4005fe3eea00 size:16 presentcount:0+2 line:430 name:var%psrmax(:)
host:0x49fd2240 device:0x4005fe3fea00 size:4320 presentcount:0+3 line:616 name:var%ityp(:)
host:0x49fd3350 device:0x4005fe3fc200 size:4320 presentcount:0+3 line:616 name:var%npro_pos(:)
host:0x49fd4460 device:0x4005fe3fae00 size:4324 presentcount:0+3 line:616 name:var%lmbase(:)
host:0x49fd5570 device:0x4005fe3ffe00 size:4 presentcount:0+2 line:616 name:var%nplwkp(:)
host:0x49fd55a0 device:0x4008523f7200 size:4 presentcount:0+2 line:616 name:var%nplwkp_tot(:)
host:0x49fd55d0 device:0x4008523fd200 size:4 presentcount:0+2 line:616 name:var%ngvector_pos(:)
host:0x49fd5600 device:0x4005fe3ffc00 size:4 presentcount:0+2 line:616 name:var%ngvector(:)
host:0x49fd5630 device:0x4005fe3f0000 size:1280 presentcount:0+4 line:519 name:var%lpctx(:)
host:0x49fd5b60 device:0x4005fe3f0600 size:720 presentcount:0+4 line:519 name:var%lpcty(:)
host:0x49fd5e60 device:0x4005fe3f0e00 size:1280 presentcount:0+4 line:519 name:var%lpctx_(:)
host:0x49fd6390 device:0x4005fe3f1400 size:720 presentcount:0+4 line:519 name:var%lpcty_(:)
host:0x49fd6690 device:0x4005fe3f1800 size:1000 presentcount:0+4 line:519 name:var%lpctz_(:)
host:0x49fd6aa0 device:0x4008525f5c00 size:1280 presentcount:0+1 line:519 name:var%lpctx(:)
host:0x49fd6fd0 device:0x4008525f6200 size:720 presentcount:0+1 line:519 name:var%lpcty(:)
host:0x49fd72d0 device:0x4008525f6600 size:1000 presentcount:0+1 line:519 name:var%lpctz(:)
host:0x49fd76e0 device:0x4008525f6a00 size:1280 presentcount:0+1 line:519 name:var%lpctx_(:)
host:0x49fd7c10 device:0x4008525f7000 size:720 presentcount:0+1 line:519 name:var%lpcty_(:)
host:0x49fd7f10 device:0x4008525f7400 size:1000 presentcount:0+1 line:519 name:var%lpctz_(:)
host:0x49fd8320 device:0x4008523fd600 size:2560 presentcount:0+1 line:519 name:var%lpctx(:)
host:0x49fd8d50 device:0x4008523ff000 size:1440 presentcount:0+1 line:519 name:var%lpcty(:)
host:0x49fd9320 device:0x4008523fe200 size:2000 presentcount:0+1 line:519 name:var%lpctz(:)
host:0x49fd9b20 device:0x4008523ff600 size:2560 presentcount:0+1 line:519 name:var%lpctx_(:)
host:0x49fda550 device:0x4008525e9e00 size:1440 presentcount:0+1 line:519 name:var%lpcty_(:)
host:0x49fdab20 device:0x4008525ea400 size:2000 presentcount:0+1 line:519 name:var%lpctz_(:)
host:0x4a0c6c00 device:0x4008525ee800 size:2824 presentcount:0+1 line:482 name:var%i2(:)
host:0x4a0c7730 device:0x4008525ef400 size:2824 presentcount:0+1 line:482 name:var%i3(:)
host:0x4a0c8260 device:0x4008525f0000 size:5020 presentcount:0+1 line:482 name:var%i2(:)
host:0x4a0c9630 device:0x4008525f1400 size:5020 presentcount:0+1 line:482 name:var%i3(:)
host:0x4a0caa00 device:0x4008525eac00 size:7200 presentcount:0+2 line:482 name:var%i2(:)
host:0x4a0cc650 device:0x4008525eca00 size:7200 presentcount:0+2 line:482 name:var%i3(:)
host:0x4a0ce6c0 device:0x400914c5fa00 size:921600 presentcount:0+2 line:482 name:var%index(:,:)
host:0x4a1af6f0 device:0x4008525fcc00 size:2560 presentcount:0+1 line:569 name:var%ind1(:)
host:0x4a1b0120 device:0x4008525fd600 size:2824 presentcount:0+1 line:569 name:var%indcol(:)
host:0x4a1b0c50 device:0x4008525f7c00 size:2824 presentcount:0+1 line:482 name:var%i2(:)
host:0x4a1b1780 device:0x4008525f8800 size:2824 presentcount:0+1 line:482 name:var%i3(:)
host:0x4a1b22b0 device:0x4008525f9400 size:1512 presentcount:0+1 line:482 name:var%i2(:)
host:0x4a1b28c0 device:0x4008525f9a00 size:1512 presentcount:0+1 line:482 name:var%i3(:)
host:0x4a1b2ed0 device:0x4007e71fba00 size:4320 presentcount:0+2 line:430 name:var%nlimax(:)
host:0x4a1b3fe0 device:0x4007e71fce00 size:4324 presentcount:0+2 line:430 name:var%lmbase(:)
host:0x4a1b50f0 device:0x4007e71fe200 size:4324 presentcount:0+2 line:430 name:var%nlibase(:)
host:0x4a1b6200 device:0x4005fe3f1c00 size:17132 presentcount:0+4 line:519 name:var%nindpwconjg(:)
host:0x4a1ba520 device:0x4005fe3f6000 size:17132 presentcount:0+4 line:519 name:var%ind_in_sphere(:)
host:0x4a1bf460 device:0x4008525fa400 size:516 presentcount:0+1 line:499 name:var%ptr(:)
host:0x4a1bf690 device:0x4008525fa000 size:516 presentcount:0+1 line:499 name:var%n(:)
host:0x4a1bf8c0 device:0x400cf21b9400 size:181440 presentcount:0+1 line:499 name:var%tbli(:)
host:0x4a1ebdb0 device:0x4008525fac00 size:516 presentcount:0+1 line:499 name:var%ptri(:)
host:0x4a1ebfe0 device:0x4008525fa800 size:516 presentcount:0+1 line:499 name:var%ni(:)
host:0x4a1ec210 device:0x4008525fb400 size:516 presentcount:0+1 line:499 name:var%ptr(:)
host:0x4a1ec440 device:0x4008525fc000 size:1280 presentcount:0+1 line:569 name:var%ind1(:)
host:0x4a1ec970 device:0x4008525fc600 size:688 presentcount:0+1 line:569 name:var%indcol(:)
host:0x4a1ecc50 device:0x40073632e800 size:180000 presentcount:0+4 line:482 name:var%i2(:)
host:0x4a218ba0 device:0x40073635a800 size:180000 presentcount:0+4 line:482 name:var%i3(:)
host:0x4a244af0 device:0x4008523bca00 size:180000 presentcount:0+8 line:482 name:var%index(:,:)
host:0x4a270a40 device:0x4008529bca00 size:180000 presentcount:0+8 line:482 name:var%i2(:)
host:0x4a29c990 device:0x400736386800 size:180000 presentcount:0+8 line:482 name:var%i3(:)
host:0x4a2c8f10 device:0x400852400000 size:1821184 presentcount:0+3 line:616 name:var%nindpw(:,:)
host:0x4a485940 device:0x4005fe3fac00 size:8 presentcount:0+2 line:616 name:var%nb_totk(:,:)
host:0x4a485970 device:0x4008523fd400 size:4 presentcount:0+2 line:616 name:var%luseinv(:)
host:0x4a4859a0 device:0x4005fe3ee600 size:4 presentcount:0+2 line:616 name:var%at_gamma(:)
host:0x4a4859d0 device:0x4008525bca00 size:180000 presentcount:0+3 line:616 name:var%pl_index(:,:)
host:0x4a4b1920 device:0x4008527bca00 size:180000 presentcount:0+3 line:616 name:var%pl_col(:,:)
host:0x4a4dd870 device:0x4008523fee00 size:8 presentcount:0+2 line:405 name:var%lmmax(:)
host:0x4a4dd8a0 device:0x4007e71ffe00 size:8 presentcount:0+2 line:430 name:var%lmax(:)
host:0x4a4dd8d0 device:0x4008523f0200 size:4324 presentcount:0+2 line:405 name:var%lmbase(:)
host:0x4a4de9e0 device:0x4005fe3ee400 size:8 presentcount:0+2 line:430 name:var%lmmax(:)
host:0x4a4dea10 device:0x4005fe3ee800 size:8 presentcount:0+2 line:430 name:var%channels(:)
host:0x4a4dea40 device:0x4008071ff800 size:16 presentcount:0+2 line:430 name:var%rsmooth(:)
host:0x4a54f2e0 device:0x400914c00000 size:220160 presentcount:0+1 line:499 name:var%tbl(:)
host:0x4a5bab40 device:0x400cf23b9400 size:181440 presentcount:0+1 line:499 name:var%tbl(:)
host:0x4a5e7030 device:0x4008525fb000 size:516 presentcount:0+1 line:499 name:var%n(:)
host:0x4a5e7260 device:0x4007e71fcc00 size:4 presentcount:0+1 line:499 name:var%tbli(:)
host:0x4a5e7290 device:0x4008525fbc00 size:516 presentcount:0+1 line:499 name:var%ptri(:)
host:0x4a5e74c0 device:0x4008525fb800 size:516 presentcount:0+1 line:499 name:var%ni(:)
host:0x4a604160 device:0x4008525f2c00 size:516 presentcount:0+1 line:499 name:var%ptr(:)
host:0x4a604390 device:0x4008525f2800 size:516 presentcount:0+1 line:499 name:var%n(:)
host:0x4a6045c0 device:0x4008525f3400 size:516 presentcount:0+1 line:499 name:var%ptri(:)
host:0x4a6047f0 device:0x4008525f3000 size:516 presentcount:0+1 line:499 name:var%ni(:)
host:0x4a604a20 device:0x4008525f3c00 size:516 presentcount:0+1 line:499 name:var%ptr(:)
host:0x4a604c50 device:0x4008525f3800 size:516 presentcount:0+1 line:499 name:var%n(:)
host:0x4a604e80 device:0x4008525f4400 size:516 presentcount:0+1 line:499 name:var%ptri(:)
host:0x4a6050b0 device:0x4008525f4000 size:516 presentcount:0+1 line:499 name:var%ni(:)
host:0x4a74c180 device:0x400915600000 size:7284736 presentcount:0+3 line:616 name:var%datake(:,:,:)
host:0x4ae3f400 device:0x400852600000 size:1821184 presentcount:0+3 line:616 name:var%igx(:,:)
host:0x4affca90 device:0x400852200000 size:1821184 presentcount:0+3 line:616 name:var%igy(:,:)
host:0x4b1ba330 device:0x400852800000 size:1821184 presentcount:0+3 line:616 name:var%igz(:,:)
host:0x4b378200 device:0x400853200000 size:7284272 presentcount:0+4 line:519 name:var%fftsca(:,:)
host:0x4bb2a410 device:0x400914e00000 size:1807360 presentcount:0+1 line:499 name:var%tbl(:)
host:0x4bea0000 device:0x400cf2000000 size:1807200 presentcount:0+1 line:499 name:var%tbli(:)
host:0x4c05b070 device:0x400cf2200000 size:1807200 presentcount:0+1 line:499 name:var%tbl(:)
host:0x4c3d1780 device:0x400cf2400000 size:1807200 presentcount:0+1 line:499 name:var%tbli(:)
host:0x4c862420 device:0x4008071f4000 size:41984 presentcount:0+1 line:746 name:var%auxtot(:,:,:)
host:0x4c882420 device:0x4005fe3e4000 size:41984 presentcount:0+2 line:746 name:var%fertot(:,:,:)
host:0x4c890030 device:0x40073631a000 size:83968 presentcount:0+2 line:746 name:var%celtot(:,:,:)
host:0x4e07c250 device:0x400852a00000 size:7200000 presentcount:0+1 line:195 name:dencor(:)
host:0x4ee46540 device:0x400851e00000 size:2799360 presentcount:0+2 line:194 name:cdij(:,:,:,:)
host:0x4f0f5c60 device:0x400cf2600000 size:2799360 presentcount:0+2 line:194 name:cqij(:,:,:,:)
host:0x4f655910 device:0x400915200000 size:4030464 presentcount:0+5 line:746 name:var%gproj(:,:,:,:)
host:0x4fce3800 device:0x4007363b2800 size:98304 presentcount:0+1 line:1101 name:w1%gproj(:)
host:0x56bbdee0 device:0x400914d40a00 size:393216 presentcount:0+2 line:1226 name:wa%gproj(:,:)
host:0x56c1df10 device:0x400ce38c0000 size:393216 presentcount:0+2 line:1226 name:wa%gproj(:,:)
host:0x56c852c0 device:0x400e75600000 size:3145728 presentcount:0+2 line:1226 name:wa%gproj(:,:)
host:0x5ae9c0b0 device:0x4007363ca800 size:98304 presentcount:0+1 line:1101 name:w1%gproj(:)
host:0x5aeca1a0 device:0x4008529fe200 size:2048 presentcount:0+1 line:179 name:w1(:)
host:0x5aeca9c0 device:0x400cf21f5600 size:2048 presentcount:0+1 line:179 name:wtmp(:)
host:0x5aed4130 device:0x400d51e00000 size:7284736 presentcount:0+1 line:1101 name:w1%cptwfp(:)
host:0x5b5c6960 device:0x400cf23e5a00 size:98304 presentcount:0+1 line:1101 name:w1%gproj(:)
host:0x5b5de990 device:0x4007363e2800 size:98304 presentcount:0+1 line:1101 name:w1%gproj(:)
host:0x5b81c1c0 device:0x400e76a00000 size:14569472 presentcount:0+1 line:202 name:precon(:,:)
host:0x5c608db0 device:0x400cefa00000 size:7284736 presentcount:0+1 line:1101 name:w1%cptwfp(:)
host:0x5cd037d0 device:0x400e75a00000 size:7284736 presentcount:0+1 line:1101 name:w1%cptwfp(:)
host:0x5d3f6210 device:0x400e76200000 size:7284736 presentcount:0+1 line:1101 name:w1%cptwfp(:)
host:0x40063c0010a0 device:0x400853a00000 size:45593280 presentcount:0+2 line:430 name:var%nli(:,:)
host:0x40063eb839e0 device:0x400cf2a00000 size:14458880 presentcount:0+1 line:195 name:cstrf(:,:)
host:0x4006972c6d70 device:0x400e71e00000 size:29138944 presentcount:0+2 line:1226 name:wa%cptwfp(:,:)
host:0x40069bf46f80 device:0x400e73a00000 size:29138944 presentcount:0+2 line:1226 name:wa%cptwfp(:,:)
host:0x4007400012b0 device:0x400860000000 size:807411968 presentcount:0+2 line:430 name:var%rproj(:)
host:0x4007702131a0 device:0x4008cdc00000 size:230400000 presentcount:0+2 line:194 name:sv(:,:)
host:0x400820004a60 device:0x400840000000 size:298674176 presentcount:0+5 line:746 name:var%cptwfp(:,:,:,:)
host:0x400831ce7190 device:0x400d40000000 size:233111552 presentcount:0+2 line:1226 name:wa%cptwfp(:,:)
host:0x4008b1ce77c0 device:0x400640000000 size:230400000 presentcount:0+1 line:1101 name:w1%cr(:)
host:0x4008e6e979d0 device:0x400890400000 size:230400000 presentcount:0+1 line:1236 name:w1%cr(:)
host:0x400980007df0 device:0x400900000000 size:230400000 presentcount:0+1 line:1101 name:w1%cr(:)
host:0x40098dbd8000 device:0x4008c0000000 size:230400000 presentcount:0+1 line:1236 name:w1%cr(:)
host:0x400ba0008420 device:0x400cc0000000 size:230400000 presentcount:0+1 line:1101 name:w1%cr(:)
host:0x400badbd0020 device:0x400e51e00000 size:230400000 presentcount:0+1 line:1236 name:w1%cr(:)
host:0x400ca0000440 device:0x400e31e00000 size:230400000 presentcount:0+1 line:1101 name:w1%cr(:)
host:0x400cadbc0650 device:0x400e11e00000 size:230400000 presentcount:0+1 line:1236 name:w1%cr(:)
host:0x400e80005ae0 device:0x400ec0000000 size:921600000 presentcount:0+1 line:1005 name:cwork1(:,:)
host:0xffffcdc6b070 device:0x400cf21f6200 size:3024 presentcount:0+12 line:682 name:var
host:0xffffcdc6bc40 device:0x4007c71ff600 size:1480 presentcount:0+1 line:174 name:w_ini
host:0xffffcdc6c210 device:0x4008525ff600 size:1480 presentcount:0+1 line:174 name:wopt
host:0xffffcdc6c7e0 device:0x4007e71fa400 size:1480 presentcount:0+1 line:174 name:wtmpa
allocated block device:0x4005fe3e4000 size:41984 thread:1
allocated block device:0x4005fe3ee400 size:512 thread:1
allocated block device:0x4005fe3ee600 size:512 thread:1
allocated block device:0x4005fe3ee800 size:512 thread:1
allocated block device:0x4005fe3eea00 size:512 thread:1
allocated block device:0x4005fe3eec00 size:5120 thread:1
allocated block device:0x4005fe3f0000 size:1536 thread:1
allocated block device:0x4005fe3f0600 size:1024 thread:1
allocated block device:0x4005fe3f0a00 size:1024 thread:1
allocated block device:0x4005fe3f0e00 size:1536 thread:1
allocated block device:0x4005fe3f1400 size:1024 thread:1
allocated block device:0x4005fe3f1800 size:1024 thread:1
allocated block device:0x4005fe3f1c00 size:17408 thread:1
allocated block device:0x4005fe3f6000 size:17408 thread:1
allocated block device:0x4005fe3fa400 size:2048 thread:1
allocated block device:0x4005fe3fac00 size:512 thread:1
allocated block device:0x4005fe3fae00 size:4608 thread:1
allocated block device:0x4005fe3fc000 size:512 thread:1
allocated block device:0x4005fe3fc200 size:4608 thread:1
allocated block device:0x4005fe3fd400 size:3072 thread:1
allocated block device:0x4005fe3fe000 size:512 thread:1
allocated block device:0x4005fe3fe200 size:512 thread:1
allocated block device:0x4005fe3fe400 size:512 thread:1
allocated block device:0x4005fe3fe600 size:512 thread:1
allocated block device:0x4005fe3fe800 size:512 thread:1
allocated block device:0x4005fe3fea00 size:4608 thread:1
allocated block device:0x4005fe3ffc00 size:512 thread:1
allocated block device:0x4005fe3ffe00 size:512 thread:1
allocated block device:0x400640000000 size:230400000 thread:1
allocated block device:0x40073631a000 size:83968 thread:1
allocated block device:0x40073632e800 size:180224 thread:1
allocated block device:0x40073635a800 size:180224 thread:1
allocated block device:0x400736386800 size:180224 thread:1
allocated block device:0x4007363b2800 size:98304 thread:1
allocated block device:0x4007363ca800 size:98304 thread:1
allocated block device:0x4007363e2800 size:98304 thread:1
allocated block device:0x4007a71ff800 size:1024 thread:1
allocated block device:0x4007c71ff600 size:1536 thread:1
allocated block device:0x4007e71fa400 size:2048 thread:1
allocated block device:0x4007e71fae00 size:2560 thread:1
allocated block device:0x4007e71fb800 size:512 thread:1
allocated block device:0x4007e71fba00 size:4608 thread:1
allocated block device:0x4007e71fcc00 size:512 thread:1
allocated block device:0x4007e71fce00 size:4608 thread:1
allocated block device:0x4007e71fe000 size:512 thread:1
allocated block device:0x4007e71fe200 size:4608 thread:1
allocated block device:0x4007e71ff400 size:512 thread:1
allocated block device:0x4007e71ff600 size:512 thread:1
allocated block device:0x4007e71ff800 size:512 thread:1
allocated block device:0x4007e71ffa00 size:512 thread:1
allocated block device:0x4007e71ffc00 size:512 thread:1
allocated block device:0x4007e71ffe00 size:512 thread:1
allocated block device:0x4008071f4000 size:41984 thread:1
allocated block device:0x4008071fe400 size:5120 thread:1
allocated block device:0x4008071ff800 size:512 thread:1
allocated block device:0x4008071ffa00 size:512 thread:1
allocated block device:0x4008071ffc00 size:512 thread:1
allocated block device:0x4008071ffe00 size:512 thread:1
allocated block device:0x400840000000 size:298674176 thread:1
allocated block device:0x400851e00000 size:4030464 thread:1
allocated block device:0x400852200000 size:1821184 thread:1
allocated block device:0x4008523bca00 size:180224 thread:1
allocated block device:0x4008523e8a00 size:26112 thread:1
allocated block device:0x4008523ef000 size:4608 thread:1
allocated block device:0x4008523f0200 size:4608 thread:1
allocated block device:0x4008523f1400 size:24064 thread:1
allocated block device:0x4008523f7200 size:512 thread:1
allocated block device:0x4008523f7400 size:24064 thread:1
allocated block device:0x4008523fd200 size:512 thread:1
allocated block device:0x4008523fd400 size:512 thread:1
allocated block device:0x4008523fd600 size:3072 thread:1
allocated block device:0x4008523fe200 size:3072 thread:1
allocated block device:0x4008523fee00 size:512 thread:1
allocated block device:0x4008523ff000 size:1536 thread:1
allocated block device:0x4008523ff600 size:2560 thread:1
allocated block device:0x400852400000 size:1821184 thread:1
allocated block device:0x4008525bca00 size:180224 thread:1
allocated block device:0x4008525e8a00 size:5120 thread:1
allocated block device:0x4008525e9e00 size:1536 thread:1
allocated block device:0x4008525ea400 size:2048 thread:1
allocated block device:0x4008525eac00 size:7680 thread:1
allocated block device:0x4008525eca00 size:7680 thread:1
allocated block device:0x4008525ee800 size:3072 thread:1
allocated block device:0x4008525ef400 size:3072 thread:1
allocated block device:0x4008525f0000 size:5120 thread:1
allocated block device:0x4008525f1400 size:5120 thread:1
allocated block device:0x4008525f2800 size:1024 thread:1
allocated block device:0x4008525f2c00 size:1024 thread:1
allocated block device:0x4008525f3000 size:1024 thread:1
allocated block device:0x4008525f3400 size:1024 thread:1
allocated block device:0x4008525f3800 size:1024 thread:1
allocated block device:0x4008525f3c00 size:1024 thread:1
allocated block device:0x4008525f4000 size:1024 thread:1
allocated block device:0x4008525f4400 size:1024 thread:1
allocated block device:0x4008525f4800 size:5120 thread:1
allocated block device:0x4008525f5c00 size:1536 thread:1
allocated block device:0x4008525f6200 size:1024 thread:1
allocated block device:0x4008525f6600 size:1024 thread:1
allocated block device:0x4008525f6a00 size:1536 thread:1
allocated block device:0x4008525f7000 size:1024 thread:1
allocated block device:0x4008525f7400 size:1024 thread:1
allocated block device:0x4008525f7800 size:1024 thread:1
allocated block device:0x4008525f7c00 size:3072 thread:1
allocated block device:0x4008525f8800 size:3072 thread:1
allocated block device:0x4008525f9400 size:1536 thread:1
allocated block device:0x4008525f9a00 size:1536 thread:1
allocated block device:0x4008525fa000 size:1024 thread:1
allocated block device:0x4008525fa400 size:1024 thread:1
allocated block device:0x4008525fa800 size:1024 thread:1
allocated block device:0x4008525fac00 size:1024 thread:1
allocated block device:0x4008525fb000 size:1024 thread:1
allocated block device:0x4008525fb400 size:1024 thread:1
allocated block device:0x4008525fb800 size:1024 thread:1
allocated block device:0x4008525fbc00 size:1024 thread:1
allocated block device:0x4008525fc000 size:1536 thread:1
allocated block device:0x4008525fc600 size:1024 thread:1
allocated block device:0x4008525fca00 size:512 thread:1
allocated block device:0x4008525fcc00 size:2560 thread:1
allocated block device:0x4008525fd600 size:3072 thread:1
allocated block device:0x4008525ff600 size:2560 thread:1
allocated block device:0x400852600000 size:1821184 thread:1
allocated block device:0x4008527bca00 size:180224 thread:1
allocated block device:0x4008527e8a00 size:28672 thread:1
allocated block device:0x4008527efa00 size:40448 thread:1
allocated block device:0x4008527f9800 size:8192 thread:1
allocated block device:0x4008527fb800 size:8192 thread:1
allocated block device:0x4008527fd800 size:8192 thread:1
allocated block device:0x4008527ff800 size:512 thread:1
allocated block device:0x400852800000 size:1821184 thread:1
allocated block device:0x4008529bca00 size:180224 thread:1
allocated block device:0x4008529e8a00 size:40448 thread:1
allocated block device:0x4008529fe200 size:2048 thread:1
allocated block device:0x400852a00000 size:7284736 thread:1
allocated block device:0x400853200000 size:7284736 thread:1
allocated block device:0x400853a00000 size:45593600 thread:1
allocated block device:0x400860000000 size:807412224 thread:1
allocated block device:0x400890400000 size:230400000 thread:1
allocated block device:0x4008c0000000 size:230400000 thread:1
allocated block device:0x4008cdc00000 size:230400000 thread:1
allocated block device:0x400900000000 size:230400000 thread:1
allocated block device:0x400914c00000 size:391680 thread:1
allocated block device:0x400914c5fa00 size:921600 thread:1
allocated block device:0x400914d40a00 size:393216 thread:1
allocated block device:0x400914e00000 size:2799616 thread:1
allocated block device:0x400915200000 size:4030464 thread:1
allocated block device:0x400915600000 size:7284736 thread:1
allocated block device:0x400cc0000000 size:298674176 thread:1
allocated block device:0x400ce38c0000 size:393216 thread:1
allocated block device:0x400cefa00000 size:7284736 thread:1
allocated block device:0x400cf2000000 size:1807360 thread:1
allocated block device:0x400cf21b9400 size:181760 thread:1
allocated block device:0x400cf21f5600 size:3072 thread:1
allocated block device:0x400cf21f6200 size:3072 thread:1
allocated block device:0x400cf2200000 size:1807360 thread:1
allocated block device:0x400cf23b9400 size:181760 thread:1
allocated block device:0x400cf23e5a00 size:98304 thread:1
allocated block device:0x400cf2400000 size:1807360 thread:1
allocated block device:0x400cf2600000 size:2799616 thread:1
allocated block device:0x400cf2a00000 size:14458880 thread:1
allocated block device:0x400d40000000 size:298674176 thread:1
allocated block device:0x400d51e00000 size:7284736 thread:1
allocated block device:0x400e11e00000 size:230400000 thread:1
allocated block device:0x400e31e00000 size:230400000 thread:1
allocated block device:0x400e51e00000 size:230400000 thread:1
allocated block device:0x400e71e00000 size:29138944 thread:1
allocated block device:0x400e73a00000 size:29138944 thread:1
allocated block device:0x400e75600000 size:3145728 thread:1
allocated block device:0x400e75a00000 size:7284736 thread:1
allocated block device:0x400e76200000 size:7284736 thread:1
allocated block device:0x400e76a00000 size:14569472 thread:1
allocated block device:0x400ec0000000 size:921600000 thread:1
Accelerator Fatal Error: call to cuMemAlloc returned error 2 (CUDA_ERROR_OUT_OF_MEMORY): Out of memory
 File: /lus/lfs1aip2/projects/u6cb/software/VASP/vasp.6.5.1/build/gam/fft_base.f90
 Function: restride_r2q_cmplx:945
 Line: 964

host:0x256be80 device:0x40059a0ecd00 size:8 presentcount:0+1 line:-1 name:_setexm_struct_def_21
host:0x2576f40 device:0x40059a0ece00 size:28 presentcount:0+1 line:-1 name:_ml_ff_constant_21
host:0x2577c80 device:0x40059a0ecf00 size:30437 presentcount:0+1 line:-1 name:_ml_ff_taglist_21
host:0x25afc80 device:0x40059a0f4600 size:8 presentcount:0+1 line:-1 name:_mopenacc_tutor_21
host:0x25c2740 device:0x40059a0f4a00 size:32 presentcount:0+1 line:-1 name:_mbj_21
host:0x25cd640 device:0x40059a0f4d00 size:8 presentcount:0+1 line:-1 name:_sym_prec_21
host:0x26030c0 device:0x40059a0f4e00 size:344 presentcount:0+1 line:-1 name:_tet_21
host:0x261c840 device:0x40059a0f5000 size:392 presentcount:0+1 line:-1 name:_mymath_21
host:0x2817368 device:0x40059e3f0400 size:4800 presentcount:0+2 line:614 name:var
host:0x2818628 device:0x40059e3fbc00 size:1984 presentcount:0+2 line:403 name:var
host:0x281a910 device:0x40075c1ffa00 size:864 presentcount:0+4 line:2639 name:hamiltonian
host:0x286ac80 device:0x40059e3fec00 size:2712 presentcount:0+2 line:428 name:var
host:0x286b718 device:0x40077c3fc600 size:2248 presentcount:0+1 line:742 name:var
host:0x286eb50 device:0x400c921ffc00 size:288 presentcount:0+1 line:195 name:latt_cur
host:0x2871658 device:0x40079c1fe400 size:5088 presentcount:1+28 line:517 name:var
host:0x2872a38 device:0x4007f25f6000 size:5088 presentcount:0+6 line:517 name:var
host:0x2873e18 device:0x4007f25e9600 size:5088 presentcount:0+7 line:517 name:var
host:0x287a2a8 device:0x40077c3ff800 size:304 presentcount:0+1 line:567 name:var
host:0x287a3d8 device:0x4007f25fe200 size:304 presentcount:0+1 line:567 name:var
host:0x2e48ec0 device:0x40059a002600 size:960024 presentcount:0+1 line:-1 name:_setexm_struct_def_16
host:0x2f8f080 device:0x40059a0f4700 size:580 presentcount:0+1 line:-1 name:_wpbe_16
host:0x2f8f900 device:0x40059a0f4b00 size:288 presentcount:0+1 line:-1 name:_mbj_16
host:0x9f446c0 device:0x40059a0f5200 size:624 presentcount:0+1 line:-1 name:_mlr_optic_16
host:0x2789a3e0 device:0x4007f23ef000 size:8 presentcount:0+2 line:616 name:var%wtkpt(:)
host:0x27b7e1d0 device:0x40059e3ffc00 size:8 presentcount:0+3 line:616 name:var%nt_global(:)
host:0x282b9610 device:0x4007f25f9000 size:528 presentcount:0+1 line:480 name:var
host:0x2c378360 device:0x40079c1ffa00 size:400 presentcount:0+2 line:464 name:var
host:0x2c3784f0 device:0x40079c1ffe00 size:400 presentcount:0+2 line:464 name:var
host:0x30a0ffd0 device:0x40077c3ffe00 size:8 presentcount:0+4 line:405 name:var%nityp(:)
host:0x30f0e7e0 device:0x40059e3f2200 size:1000 presentcount:0+4 line:519 name:var%lpctz(:)
host:0x313919e0 device:0x4007f27e8a00 size:28464 presentcount:0+1 line:853 name:var(:)
host:0x313a4140 device:0x4007f29e8a00 size:40000 presentcount:0+1 line:857 name:var%psp(:,:)
host:0x313addb0 device:0x400c923fbc00 size:8000 presentcount:0+1 line:857 name:var%psprho(:)
host:0x313b1040 device:0x4007f23f8c00 size:24000 presentcount:0+2 line:466 name:var%psprnl(:,:,:)
host:0x313e0a20 device:0x4007f23f0400 size:4320 presentcount:0+4 line:405 name:var%ityp(:)
host:0x313e1b30 device:0x4007f23e8a00 size:25920 presentcount:0+4 line:405 name:var%posion(:,:)
host:0x3141e130 device:0x40059e3ffa00 size:8 presentcount:0+3 line:616 name:var%nityp(:)
host:0x31424d00 device:0x400c921fbc00 size:8000 presentcount:0+1 line:857 name:var%pspcor(:)
host:0x31426c70 device:0x400c921fdc00 size:8000 presentcount:0+1 line:857 name:var%psprho(:)
host:0x3142a7e0 device:0x4007f27efa00 size:40000 presentcount:0+1 line:857 name:var%psp(:,:)
host:0x31434450 device:0x4007f23f2a00 size:24000 presentcount:0+2 line:466 name:var%psprnl(:,:,:)
host:0x31447680 device:0x4007f25fbc00 size:516 presentcount:0+1 line:499 name:var%ptr(:)
host:0x31474500 device:0x40079c1ffc00 size:24 presentcount:0+3 line:466 name:var%lps(:)
host:0x314745b0 device:0x40077c3fd000 size:24 presentcount:0+3 line:466 name:var%lps(:)
host:0x31590600 device:0x40059e3ff800 size:8 presentcount:0+3 line:616 name:var%lmmax(:)
host:0x315f34a0 device:0x40059e3ffe00 size:24 presentcount:0+3 line:616 name:var%vkpt(:,:)
host:0x31618670 device:0x40059e3f0200 size:16 presentcount:0+2 line:430 name:var%psrmax(:)
host:0x31618c30 device:0x4007f23ef200 size:4320 presentcount:0+3 line:616 name:var%ityp(:)
host:0x31619d40 device:0x40059e3fda00 size:4320 presentcount:0+3 line:616 name:var%npro_pos(:)
host:0x3161ae50 device:0x40059e3fc600 size:4324 presentcount:0+3 line:616 name:var%lmbase(:)
host:0x3161bf60 device:0x4007f23f8800 size:4 presentcount:0+2 line:616 name:var%nplwkp(:)
host:0x3161bf90 device:0x4007f23f8a00 size:4 presentcount:0+2 line:616 name:var%nplwkp_tot(:)
host:0x3161bfc0 device:0x4007f23fea00 size:4 presentcount:0+2 line:616 name:var%ngvector_pos(:)
host:0x3161bff0 device:0x4007f23f2800 size:4 presentcount:0+2 line:616 name:var%ngvector(:)
host:0x3161c020 device:0x40059e3f1800 size:1280 presentcount:0+4 line:519 name:var%lpctx(:)
host:0x3161c550 device:0x40059e3f1e00 size:720 presentcount:0+4 line:519 name:var%lpcty(:)
host:0x3161c850 device:0x40059e3f2600 size:1280 presentcount:0+4 line:519 name:var%lpctx_(:)
host:0x3161cd80 device:0x40059e3f2c00 size:720 presentcount:0+4 line:519 name:var%lpcty_(:)
host:0x3161d080 device:0x40059e3f3000 size:1000 presentcount:0+4 line:519 name:var%lpctz_(:)
host:0x3161d490 device:0x4007f25f7400 size:1280 presentcount:0+1 line:519 name:var%lpctx(:)
host:0x3161d9c0 device:0x4007f25f7a00 size:720 presentcount:0+1 line:519 name:var%lpcty(:)
host:0x3161dcc0 device:0x4007f25f7e00 size:1000 presentcount:0+1 line:519 name:var%lpctz(:)
host:0x3161e0d0 device:0x4007f25f8200 size:1280 presentcount:0+1 line:519 name:var%lpctx_(:)
host:0x3161e600 device:0x4007f25f8800 size:720 presentcount:0+1 line:519 name:var%lpcty_(:)
host:0x3161e900 device:0x4007f25f8c00 size:1000 presentcount:0+1 line:519 name:var%lpctz_(:)
host:0x3161ed10 device:0x4007f23fee00 size:2560 presentcount:0+1 line:519 name:var%lpctx(:)
host:0x3161f740 device:0x4007f25eaa00 size:1440 presentcount:0+1 line:519 name:var%lpcty(:)
host:0x3161fd10 device:0x4007f25e8a00 size:2000 presentcount:0+1 line:519 name:var%lpctz(:)
host:0x31620510 device:0x4007f25eb000 size:2560 presentcount:0+1 line:519 name:var%lpctx_(:)
host:0x31620f40 device:0x4007f25eba00 size:1440 presentcount:0+1 line:519 name:var%lpcty_(:)
host:0x31621510 device:0x4007f25ec000 size:2000 presentcount:0+1 line:519 name:var%lpctz_(:)
host:0x3170d5f0 device:0x4007f25f0400 size:2824 presentcount:0+1 line:482 name:var%i2(:)
host:0x3170e120 device:0x4007f25f1000 size:2824 presentcount:0+1 line:482 name:var%i3(:)
host:0x3170ec50 device:0x4007f25f1c00 size:5020 presentcount:0+1 line:482 name:var%i2(:)
host:0x31710020 device:0x4007f25f3000 size:5020 presentcount:0+1 line:482 name:var%i3(:)
host:0x317113f0 device:0x4007f25ec800 size:7200 presentcount:0+2 line:482 name:var%i2(:)
host:0x31713040 device:0x4007f25ee600 size:7200 presentcount:0+2 line:482 name:var%i3(:)
host:0x317150b0 device:0x4008b4c5fa00 size:921600 presentcount:0+2 line:482 name:var%index(:,:)
host:0x317f60e0 device:0x4007f25fe400 size:2560 presentcount:0+1 line:569 name:var%ind1(:)
host:0x317f6b10 device:0x4007f25fee00 size:2824 presentcount:0+1 line:569 name:var%indcol(:)
host:0x317f7640 device:0x4007f25f9400 size:2824 presentcount:0+1 line:482 name:var%i2(:)
host:0x317f8170 device:0x4007f25fa000 size:2824 presentcount:0+1 line:482 name:var%i3(:)
host:0x317f8ca0 device:0x4007f25fac00 size:1512 presentcount:0+1 line:482 name:var%i2(:)
host:0x317f92b0 device:0x4007f25fb200 size:1512 presentcount:0+1 line:482 name:var%i3(:)
host:0x31831cf0 device:0x4007f25fb800 size:516 presentcount:0+1 line:499 name:var%n(:)
host:0x31831f20 device:0x4007f25fc400 size:516 presentcount:0+1 line:499 name:var%ptri(:)
host:0x31832150 device:0x4007f25fc000 size:516 presentcount:0+1 line:499 name:var%ni(:)
host:0x31832380 device:0x4007f25fcc00 size:516 presentcount:0+1 line:499 name:var%ptr(:)
host:0x318325b0 device:0x4007f25fc800 size:516 presentcount:0+1 line:499 name:var%n(:)
host:0x318327e0 device:0x40077c3fe400 size:4 presentcount:0+1 line:499 name:var%tbli(:)
host:0x31832810 device:0x4007f25fd400 size:516 presentcount:0+1 line:499 name:var%ptri(:)
host:0x31832a40 device:0x4007f25fd000 size:516 presentcount:0+1 line:499 name:var%ni(:)
host:0x31832e30 device:0x4007f25fd800 size:1280 presentcount:0+1 line:569 name:var%ind1(:)
host:0x31833360 device:0x4007f25fde00 size:692 presentcount:0+1 line:569 name:var%indcol(:)
host:0x31833640 device:0x4006be52e800 size:180000 presentcount:0+4 line:482 name:var%i2(:)
host:0x3185f590 device:0x4006be55a800 size:180000 presentcount:0+4 line:482 name:var%i3(:)
host:0x3188b4e0 device:0x4007f23bca00 size:180000 presentcount:0+8 line:482 name:var%index(:,:)
host:0x318b7430 device:0x4007f29bca00 size:180000 presentcount:0+8 line:482 name:var%i2(:)
host:0x318e3380 device:0x4006be586800 size:180000 presentcount:0+8 line:482 name:var%i3(:)
host:0x3190f900 device:0x4007f2400000 size:1821184 presentcount:0+3 line:616 name:var%nindpw(:,:)
host:0x31acc330 device:0x40059e3fc400 size:8 presentcount:0+2 line:616 name:var%nb_totk(:,:)
host:0x31acc360 device:0x4007f23fec00 size:4 presentcount:0+2 line:616 name:var%luseinv(:)
host:0x31acc390 device:0x40059e3efe00 size:4 presentcount:0+2 line:616 name:var%at_gamma(:)
host:0x31acc3c0 device:0x4007f25bca00 size:180000 presentcount:0+3 line:616 name:var%pl_index(:,:)
host:0x31af8310 device:0x4007f27bca00 size:180000 presentcount:0+3 line:616 name:var%pl_col(:,:)
host:0x31b24260 device:0x4007f23ffa00 size:8 presentcount:0+2 line:405 name:var%lmmax(:)
host:0x31b24290 device:0x40059e3efa00 size:8 presentcount:0+2 line:430 name:var%lmax(:)
host:0x31b242c0 device:0x4007f23f1600 size:4324 presentcount:0+2 line:405 name:var%lmbase(:)
host:0x31b253d0 device:0x40059e3efc00 size:8 presentcount:0+2 line:430 name:var%lmmax(:)
host:0x31b25400 device:0x40059e3f0000 size:8 presentcount:0+2 line:430 name:var%channels(:)
host:0x31b25430 device:0x40079c1ff800 size:16 presentcount:0+2 line:430 name:var%rsmooth(:)
host:0x31b25470 device:0x40077c3fd200 size:4320 presentcount:0+2 line:430 name:var%nlimax(:)
host:0x31b26580 device:0x40077c3fe600 size:4324 presentcount:0+2 line:430 name:var%lmbase(:)
host:0x31b27690 device:0x40059e3ee400 size:4324 presentcount:0+2 line:430 name:var%nlibase(:)
host:0x31b287a0 device:0x40059e3f3400 size:17132 presentcount:0+4 line:519 name:var%nindpwconjg(:)
host:0x31b2cac0 device:0x40059e3f7800 size:17132 presentcount:0+4 line:519 name:var%ind_in_sphere(:)
host:0x31b351f0 device:0x4007f25f4400 size:516 presentcount:0+1 line:499 name:var%ptr(:)
host:0x31b35420 device:0x4007f23ffc00 size:516 presentcount:0+1 line:499 name:var%n(:)
host:0x31b35650 device:0x4007f25f4c00 size:516 presentcount:0+1 line:499 name:var%ptri(:)
host:0x31b35880 device:0x4007f25f4800 size:516 presentcount:0+1 line:499 name:var%ni(:)
host:0x31b35ab0 device:0x4007f25f5400 size:516 presentcount:0+1 line:499 name:var%ptr(:)
host:0x31b35ce0 device:0x4007f25f5000 size:516 presentcount:0+1 line:499 name:var%n(:)
host:0x31b35f10 device:0x4007f25f5c00 size:516 presentcount:0+1 line:499 name:var%ptri(:)
host:0x31c7c380 device:0x4008b5600000 size:7284736 presentcount:0+3 line:616 name:var%datake(:,:,:)
host:0x3236f600 device:0x4007f2600000 size:1821184 presentcount:0+3 line:616 name:var%igx(:,:)
host:0x3252cc90 device:0x4007f2200000 size:1821184 presentcount:0+3 line:616 name:var%igy(:,:)
host:0x326ea530 device:0x4007f2800000 size:1821184 presentcount:0+3 line:616 name:var%igz(:,:)
host:0x328a8400 device:0x4007f3200000 size:7284272 presentcount:0+4 line:519 name:var%fftsca(:,:)
host:0x32fd2e90 device:0x4008b4c00000 size:221440 presentcount:0+1 line:499 name:var%tbl(:)
host:0x3300dc30 device:0x4007f25f5800 size:516 presentcount:0+1 line:499 name:var%ni(:)
host:0x3303f0f0 device:0x400c921b9400 size:272160 presentcount:0+1 line:499 name:var%tbli(:)
host:0x33081840 device:0x400c923b9400 size:272160 presentcount:0+1 line:499 name:var%tbl(:)
host:0x331addc0 device:0x4008b4e00000 size:1807360 presentcount:0+1 line:499 name:var%tbl(:)
host:0x335239b0 device:0x400c92000000 size:1807200 presentcount:0+1 line:499 name:var%tbli(:)
host:0x336dea20 device:0x400c92200000 size:1807200 presentcount:0+1 line:499 name:var%tbl(:)
host:0x33a55130 device:0x400c92400000 size:1807200 presentcount:0+1 line:499 name:var%tbli(:)
host:0x33ef2420 device:0x40059e3e4000 size:41984 presentcount:0+2 line:746 name:var%fertot(:,:,:)
host:0x33f01510 device:0x40079c1f4000 size:41984 presentcount:0+1 line:746 name:var%auxtot(:,:,:)
host:0x34680030 device:0x4006be51a000 size:83968 presentcount:1+3 line:746 name:var%celtot(:,:,:)
host:0x356ea320 device:0x4007f2a00000 size:7200000 presentcount:0+1 line:195 name:dencor(:)
host:0x364b4610 device:0x4007f1e00000 size:2799360 presentcount:0+2 line:194 name:cdij(:,:,:,:)
host:0x36763d30 device:0x400c92600000 size:2799360 presentcount:0+2 line:194 name:cqij(:,:,:,:)
host:0x36cc39e0 device:0x4008b5200000 size:4030464 presentcount:0+4 line:746 name:var%gproj(:,:,:,:)
host:0x37350f70 device:0x4006be5ca800 size:98304 presentcount:0+1 line:1101 name:w1%gproj(:)
host:0x3e264030 device:0x4008b4d40a00 size:393216 presentcount:0+2 line:1226 name:wa%gproj(:,:)
host:0x3e2c4060 device:0x400c838c0000 size:393216 presentcount:0+2 line:1226 name:wa%gproj(:,:)
host:0x3e32b410 device:0x400e15600000 size:3145728 presentcount:0+2 line:1226 name:wa%gproj(:,:)
host:0x42557d40 device:0x4007f29fcc00 size:2048 presentcount:2+1 line:179 name:w1(:)
host:0x42558560 device:0x4007f27fa600 size:2048 presentcount:0+1 line:179 name:wtmp(:)
host:0x42565550 device:0x400cf1e00000 size:7284736 presentcount:0+1 line:1101 name:w1%cptwfp(:)
host:0x42c57d80 device:0x4006be5b2800 size:98304 presentcount:0+1 line:1101 name:w1%gproj(:)
host:0x42c6fdb0 device:0x400c925b9400 size:98304 presentcount:0+1 line:1101 name:w1%gproj(:)
host:0x42c87de0 device:0x400c925d1400 size:98304 presentcount:0+1 line:1101 name:w1%gproj(:)
host:0x42ec0c60 device:0x400e16a00000 size:14569472 presentcount:0+1 line:202 name:precon(:,:)
host:0x43cad850 device:0x400c8fa00000 size:7284736 presentcount:0+1 line:1101 name:w1%cptwfp(:)
host:0x443a8270 device:0x400e15a00000 size:7284736 presentcount:0+1 line:1101 name:w1%cptwfp(:)
host:0x44a9acb0 device:0x400e16200000 size:7284736 presentcount:0+1 line:1101 name:w1%cptwfp(:)
host:0x40057a7139e0 device:0x400c92a00000 size:14458880 presentcount:0+1 line:195 name:cstrf(:,:)
host:0x4005dc0010a0 device:0x4007f3a00000 size:45593280 presentcount:0+2 line:430 name:var%nli(:,:)
host:0x400637ed6d70 device:0x400e11e00000 size:29138944 presentcount:0+2 line:1226 name:wa%cptwfp(:,:)
host:0x40063cb56f80 device:0x400e13a00000 size:29138944 presentcount:0+2 line:1226 name:wa%cptwfp(:,:)
host:0x4006e00012b0 device:0x400800000000 size:807411968 presentcount:0+2 line:430 name:var%rproj(:)
host:0x4007102131a0 device:0x40086dc00000 size:230400000 presentcount:1+2 line:194 name:sv(:,:)
host:0x4007c0004a60 device:0x4007e0000000 size:298674176 presentcount:0+4 line:746 name:var%cptwfp(:,:,:,:)
host:0x4007d1ce7190 device:0x400ce0000000 size:233111552 presentcount:0+2 line:1226 name:wa%cptwfp(:,:)
host:0x400851ce77c0 device:0x4005e0000000 size:230400000 presentcount:0+1 line:1101 name:w1%cr(:)
host:0x400886e979d0 device:0x400830400000 size:230400000 presentcount:0+1 line:1236 name:w1%cr(:)
host:0x400920007df0 device:0x4008a0000000 size:230400000 presentcount:0+1 line:1101 name:w1%cr(:)
host:0x40092dbd8000 device:0x400860000000 size:230400000 presentcount:0+1 line:1236 name:w1%cr(:)
host:0x400b40008420 device:0x400c60000000 size:230400000 presentcount:0+1 line:1101 name:w1%cr(:)
host:0x400b4dbd0020 device:0x400df1e00000 size:230400000 presentcount:0+1 line:1236 name:w1%cr(:)
host:0x400c40000440 device:0x400dd1e00000 size:230400000 presentcount:0+1 line:1101 name:w1%cr(:)
host:0x400c4dbc0650 device:0x400db1e00000 size:230400000 presentcount:0+1 line:1236 name:w1%cr(:)
host:0xffffc965d090 device:0x4007f27fb200 size:3024 presentcount:1+12 line:682 name:var
host:0xffffc965dc60 device:0x40073c5ff800 size:1480 presentcount:0+1 line:174 name:w_ini
host:0xffffc965e230 device:0x4007f27f9c00 size:1480 presentcount:0+1 line:174 name:wopt
host:0xffffc965e800 device:0x40077c3fbc00 size:1480 presentcount:0+1 line:174 name:wtmpa
allocated block device:0x40059e3e4000 size:41984 thread:1
allocated block device:0x40059e3ee400 size:4608 thread:1
allocated block device:0x40059e3ef600 size:512 thread:1
allocated block device:0x40059e3ef800 size:512 thread:1
allocated block device:0x40059e3efa00 size:512 thread:1
allocated block device:0x40059e3efc00 size:512 thread:1
allocated block device:0x40059e3efe00 size:512 thread:1
allocated block device:0x40059e3f0000 size:512 thread:1
allocated block device:0x40059e3f0200 size:512 thread:1
allocated block device:0x40059e3f0400 size:5120 thread:1
allocated block device:0x40059e3f1800 size:1536 thread:1
allocated block device:0x40059e3f1e00 size:1024 thread:1
allocated block device:0x40059e3f2200 size:1024 thread:1
allocated block device:0x40059e3f2600 size:1536 thread:1
allocated block device:0x40059e3f2c00 size:1024 thread:1
allocated block device:0x40059e3f3000 size:1024 thread:1
allocated block device:0x40059e3f3400 size:17408 thread:1
allocated block device:0x40059e3f7800 size:17408 thread:1
allocated block device:0x40059e3fbc00 size:2048 thread:1
allocated block device:0x40059e3fc400 size:512 thread:1
allocated block device:0x40059e3fc600 size:4608 thread:1
allocated block device:0x40059e3fd800 size:512 thread:1
allocated block device:0x40059e3fda00 size:4608 thread:1
allocated block device:0x40059e3fec00 size:3072 thread:1
allocated block device:0x40059e3ff800 size:512 thread:1
allocated block device:0x40059e3ffa00 size:512 thread:1
allocated block device:0x40059e3ffc00 size:512 thread:1
allocated block device:0x40059e3ffe00 size:512 thread:1
allocated block device:0x4005e0000000 size:230400000 thread:1
allocated block device:0x4006be51a000 size:83968 thread:1
allocated block device:0x4006be52e800 size:180224 thread:1
allocated block device:0x4006be55a800 size:180224 thread:1
allocated block device:0x4006be586800 size:180224 thread:1
allocated block device:0x4006be5b2800 size:98304 thread:1
allocated block device:0x4006be5ca800 size:98304 thread:1
allocated block device:0x40073c5ff800 size:1536 thread:1
allocated block device:0x40075c1ffa00 size:1024 thread:1
allocated block device:0x40077c3fbc00 size:2048 thread:1
allocated block device:0x40077c3fc600 size:2560 thread:1
allocated block device:0x40077c3fd000 size:512 thread:1
allocated block device:0x40077c3fd200 size:4608 thread:1
allocated block device:0x40077c3fe400 size:512 thread:1
allocated block device:0x40077c3fe600 size:4608 thread:1
allocated block device:0x40077c3ff800 size:512 thread:1
allocated block device:0x40077c3ffa00 size:512 thread:1
allocated block device:0x40077c3ffc00 size:512 thread:1
allocated block device:0x40077c3ffe00 size:512 thread:1
allocated block device:0x40079c1f4000 size:41984 thread:1
allocated block device:0x40079c1fe400 size:5120 thread:1
allocated block device:0x40079c1ff800 size:512 thread:1
allocated block device:0x40079c1ffa00 size:512 thread:1
allocated block device:0x40079c1ffc00 size:512 thread:1
allocated block device:0x40079c1ffe00 size:512 thread:1
allocated block device:0x4007e0000000 size:298674176 thread:1
allocated block device:0x4007f1e00000 size:4030464 thread:1
allocated block device:0x4007f2200000 size:1821184 thread:1
allocated block device:0x4007f23bca00 size:180224 thread:1
allocated block device:0x4007f23e8a00 size:26112 thread:1
allocated block device:0x4007f23ef000 size:512 thread:1
allocated block device:0x4007f23ef200 size:4608 thread:1
allocated block device:0x4007f23f0400 size:4608 thread:1
allocated block device:0x4007f23f1600 size:4608 thread:1
allocated block device:0x4007f23f2800 size:512 thread:1
allocated block device:0x4007f23f2a00 size:24064 thread:1
allocated block device:0x4007f23f8800 size:512 thread:1
allocated block device:0x4007f23f8a00 size:512 thread:1
allocated block device:0x4007f23f8c00 size:24064 thread:1
allocated block device:0x4007f23fea00 size:512 thread:1
allocated block device:0x4007f23fec00 size:512 thread:1
allocated block device:0x4007f23fee00 size:3072 thread:1
allocated block device:0x4007f23ffa00 size:512 thread:1
allocated block device:0x4007f23ffc00 size:1024 thread:1
allocated block device:0x4007f2400000 size:1821184 thread:1
allocated block device:0x4007f25bca00 size:180224 thread:1
allocated block device:0x4007f25e8a00 size:3072 thread:1
allocated block device:0x4007f25e9600 size:5120 thread:1
allocated block device:0x4007f25eaa00 size:1536 thread:1
allocated block device:0x4007f25eb000 size:2560 thread:1
allocated block device:0x4007f25eba00 size:1536 thread:1
allocated block device:0x4007f25ec000 size:2048 thread:1
allocated block device:0x4007f25ec800 size:7680 thread:1
allocated block device:0x4007f25ee600 size:7680 thread:1
allocated block device:0x4007f25f0400 size:3072 thread:1
allocated block device:0x4007f25f1000 size:3072 thread:1
allocated block device:0x4007f25f1c00 size:5120 thread:1
allocated block device:0x4007f25f3000 size:5120 thread:1
allocated block device:0x4007f25f4400 size:1024 thread:1
allocated block device:0x4007f25f4800 size:1024 thread:1
allocated block device:0x4007f25f4c00 size:1024 thread:1
allocated block device:0x4007f25f5000 size:1024 thread:1
allocated block device:0x4007f25f5400 size:1024 thread:1
allocated block device:0x4007f25f5800 size:1024 thread:1
allocated block device:0x4007f25f5c00 size:1024 thread:1
allocated block device:0x4007f25f6000 size:5120 thread:1
allocated block device:0x4007f25f7400 size:1536 thread:1
allocated block device:0x4007f25f7a00 size:1024 thread:1
allocated block device:0x4007f25f7e00 size:1024 thread:1
allocated block device:0x4007f25f8200 size:1536 thread:1
allocated block device:0x4007f25f8800 size:1024 thread:1
allocated block device:0x4007f25f8c00 size:1024 thread:1
allocated block device:0x4007f25f9000 size:1024 thread:1
allocated block device:0x4007f25f9400 size:3072 thread:1
allocated block device:0x4007f25fa000 size:3072 thread:1
allocated block device:0x4007f25fac00 size:1536 thread:1
allocated block device:0x4007f25fb200 size:1536 thread:1
allocated block device:0x4007f25fb800 size:1024 thread:1
allocated block device:0x4007f25fbc00 size:1024 thread:1
allocated block device:0x4007f25fc000 size:1024 thread:1
allocated block device:0x4007f25fc400 size:1024 thread:1
allocated block device:0x4007f25fc800 size:1024 thread:1
allocated block device:0x4007f25fcc00 size:1024 thread:1
allocated block device:0x4007f25fd000 size:1024 thread:1
allocated block device:0x4007f25fd400 size:1024 thread:1
allocated block device:0x4007f25fd800 size:1536 thread:1
allocated block device:0x4007f25fde00 size:1024 thread:1
allocated block device:0x4007f25fe200 size:512 thread:1
allocated block device:0x4007f25fe400 size:2560 thread:1
allocated block device:0x4007f25fee00 size:3072 thread:1
allocated block device:0x4007f2600000 size:1821184 thread:1
allocated block device:0x4007f27bca00 size:180224 thread:1
allocated block device:0x4007f27e8a00 size:28672 thread:1
allocated block device:0x4007f27efa00 size:40448 thread:1
allocated block device:0x4007f27f9c00 size:2560 thread:1
allocated block device:0x4007f27fa600 size:3072 thread:1
allocated block device:0x4007f27fb200 size:3072 thread:1
allocated block device:0x4007f2800000 size:1821184 thread:1
allocated block device:0x4007f29bca00 size:180224 thread:1
allocated block device:0x4007f29e8a00 size:40448 thread:1
allocated block device:0x4007f29fcc00 size:2048 thread:1
allocated block device:0x4007f2a00000 size:7284736 thread:1
allocated block device:0x4007f3200000 size:7284736 thread:1
allocated block device:0x4007f3a00000 size:45593600 thread:1
allocated block device:0x400800000000 size:807412224 thread:1
allocated block device:0x400830400000 size:230400000 thread:1
allocated block device:0x400860000000 size:230400000 thread:1
allocated block device:0x40086dc00000 size:230400000 thread:1
allocated block device:0x4008a0000000 size:230400000 thread:1
allocated block device:0x4008b4c00000 size:391680 thread:1
allocated block device:0x4008b4c5fa00 size:921600 thread:1
allocated block device:0x4008b4d40a00 size:393216 thread:1
allocated block device:0x4008b4e00000 size:2799616 thread:1
allocated block device:0x4008b5200000 size:4030464 thread:1
allocated block device:0x4008b5600000 size:7284736 thread:1
allocated block device:0x400c60000000 size:298674176 thread:1
allocated block device:0x400c838c0000 size:393216 thread:1
allocated block device:0x400c8fa00000 size:7284736 thread:1
allocated block device:0x400c92000000 size:1807360 thread:1
allocated block device:0x400c921b9400 size:272384 thread:1
allocated block device:0x400c921fbc00 size:8192 thread:1
allocated block device:0x400c921fdc00 size:8192 thread:1
allocated block device:0x400c921ffc00 size:512 thread:1
allocated block device:0x400c92200000 size:1807360 thread:1
allocated block device:0x400c923b9400 size:272384 thread:1
allocated block device:0x400c923fbc00 size:8192 thread:1
allocated block device:0x400c92400000 size:1807360 thread:1
allocated block device:0x400c925b9400 size:98304 thread:1
allocated block device:0x400c925d1400 size:98304 thread:1
allocated block device:0x400c92600000 size:2799616 thread:1
allocated block device:0x400c92a00000 size:14458880 thread:1
allocated block device:0x400ce0000000 size:298674176 thread:1
allocated block device:0x400cf1e00000 size:7284736 thread:1
allocated block device:0x400db1e00000 size:230400000 thread:1
allocated block device:0x400dd1e00000 size:230400000 thread:1
allocated block device:0x400df1e00000 size:230400000 thread:1
allocated block device:0x400e11e00000 size:29138944 thread:1
allocated block device:0x400e13a00000 size:29138944 thread:1
allocated block device:0x400e15600000 size:3145728 thread:1
allocated block device:0x400e15a00000 size:7284736 thread:1
allocated block device:0x400e16200000 size:7284736 thread:1
allocated block device:0x400e16a00000 size:14569472 thread:1
deleted block   device:0x400c923ffe00 size:512 threadid=1 
deleted block   device:0x400c923fde00 size:512 threadid=1 
deleted block   device:0x4007f25ffc00 size:512 threadid=1 
deleted block   device:0x400c923fe000 size:512 threadid=1 
deleted block   device:0x400c923fdc00 size:512 threadid=1 
deleted block   device:0x4007f25ffe00 size:512 threadid=1 
deleted block   device:0x4007f25ffa00 size:512 threadid=1 
deleted block   device:0x40075c1ffe00 size:512 threadid=1 
deleted block   device:0x40073c5ffe00 size:512 threadid=1 
deleted block   device:0x40077c3fb400 size:512 threadid=1 
deleted block   device:0x40077c3fb600 size:512 threadid=1 
deleted block   device:0x40077c3fb800 size:512 threadid=1 
deleted block   device:0x40077c3fba00 size:512 threadid=1 
deleted block   device:0x40077c3fc400 size:512 threadid=1 
deleted block   device:0x4007f27f9800 size:512 threadid=1 
deleted block   device:0x400c923fe600 size:512 threadid=1 
deleted block   device:0x400c921ffe00 size:512 threadid=1 
deleted block   device:0x400c923fe200 size:512 threadid=1 
deleted block   device:0x4007f27f9a00 size:512 threadid=1 
deleted block   device:0x4007f29f2800 size:41984 threadid=1 
deleted block   device:0x400c83800000 size:786432 threadid=1 
deleted block   device:0x400c78e00000 size:7200256 threadid=1 
deleted block   device:0x400c79600000 size:7200256 threadid=1 
deleted block   device:0x400c79e00000 size:7200256 threadid=1 
deleted block   device:0x400c7a800000 size:7200256 threadid=1 
deleted block   device:0x400c77e00000 size:7200256 threadid=1 
deleted block   device:0x400c78600000 size:7200256 threadid=1 
deleted block   device:0x400c7b800000 size:7229440 threadid=1 
deleted block   device:0x400c95800000 size:7229440 threadid=1 
deleted block   device:0x400c96000000 size:7229440 threadid=1 
deleted block   device:0x400c7b000000 size:7229440 threadid=1 
deleted block   device:0x400c95000000 size:7229440 threadid=1 
deleted block   device:0x400c94800000 size:7229440 threadid=1 
deleted block   device:0x400c93800000 size:7229440 threadid=1 
deleted block   device:0x400c94000000 size:7229440 threadid=1 
deleted block   device:0x4008adc00000 size:115920384 threadid=1 
deleted block   device:0x400a20000000 size:886924288 threadid=1 
Accelerator Fatal Error: call to cuMemAlloc returned error 2 (CUDA_ERROR_OUT_OF_MEMORY): Out of memory
 File: /lus/lfs1aip2/projects/u6cb/software/VASP/vasp.6.5.1/build/gam/hamil.f90
 Function: eccp:167
 Line: 198

Out of memory allocating 230400000 bytes of device memory
Failing in Thread:1
total/free CUDA memory: 102005473280/60293120
Present table dump for device[1]: NVIDIA Tesla GPU 0, compute capability 9.0, threadid=1
Hint: specify 0x800 bit in NV_ACC_DEBUG for verbose info.
host:0x2557280 device:0x4004fe3fd800 size:32 presentcount:0+3 line:643 name:var%comm
host:0x25572a0 device:0x4004fe3ef600 size:32 presentcount:0+4 line:652 name:var%comm_kinter
host:0x25572c0 device:0x4004fe3ef800 size:32 presentcount:0+6 line:655 name:var%comm_kin
host:0x25572e0 device:0x4006e71ffa00 size:32 presentcount:0+3 line:646 name:var%comm_inter
host:0x2557300 device:0x4006e71ffc00 size:32 presentcount:0+7 line:649 name:var%comm_inb
host:0x256be80 device:0x4004fa0ecd00 size:8 presentcount:0+1 line:-1 name:_setexm_struct_def_21
host:0x2576f40 device:0x4004fa0ece00 size:28 presentcount:0+1 line:-1 name:_ml_ff_constant_21
host:0x2577c80 device:0x4004fa0ecf00 size:30437 presentcount:0+1 line:-1 name:_ml_ff_taglist_21
host:0x25afc80 device:0x4004fa0f4600 size:8 presentcount:0+1 line:-1 name:_mopenacc_tutor_21
host:0x25c2740 device:0x4004fa0f4a00 size:32 presentcount:0+1 line:-1 name:_mbj_21
host:0x25cd640 device:0x4004fa0f4d00 size:8 presentcount:0+1 line:-1 name:_sym_prec_21
host:0x26030c0 device:0x4004fa0f4e00 size:344 presentcount:0+1 line:-1 name:_tet_21
host:0x261c840 device:0x4004fa0f5000 size:392 presentcount:0+1 line:-1 name:_mymath_21
host:0x2817368 device:0x4004fe3f0400 size:4800 presentcount:0+2 line:614 name:var
host:0x2818628 device:0x4004fe3fbc00 size:1984 presentcount:0+2 line:403 name:var
host:0x281a910 device:0x4006c71ffa00 size:864 presentcount:0+4 line:2639 name:hamiltonian
host:0x286ac80 device:0x4004fe3fec00 size:2712 presentcount:0+2 line:428 name:var
host:0x286b718 device:0x4006e71fc600 size:2248 presentcount:0+1 line:742 name:var
host:0x286eb50 device:0x400bf21ffc00 size:288 presentcount:0+1 line:195 name:latt_cur
host:0x2871658 device:0x4007071fe400 size:5088 presentcount:0+28 line:517 name:var
host:0x2872a38 device:0x4007525f6000 size:5088 presentcount:0+6 line:517 name:var
host:0x2873e18 device:0x4007525e9600 size:5088 presentcount:0+7 line:517 name:var
host:0x287a2a8 device:0x4006e71ff800 size:304 presentcount:0+1 line:567 name:var
host:0x287a3d8 device:0x4007525fe200 size:304 presentcount:0+1 line:567 name:var
host:0x2e48ec0 device:0x4004fa002600 size:960024 presentcount:0+1 line:-1 name:_setexm_struct_def_16
host:0x2f8f080 device:0x4004fa0f4700 size:580 presentcount:0+1 line:-1 name:_wpbe_16
host:0x2f8f900 device:0x4004fa0f4b00 size:288 presentcount:0+1 line:-1 name:_mbj_16
host:0x9f446c0 device:0x4004fa0f5200 size:624 presentcount:0+1 line:-1 name:_mlr_optic_16
host:0x490d9550 device:0x4007525f9000 size:528 presentcount:0+1 line:480 name:var
host:0x4d198110 device:0x4007071ffa00 size:400 presentcount:0+2 line:464 name:var
host:0x4d1982a0 device:0x4007071ffe00 size:400 presentcount:0+2 line:464 name:var
host:0x5182fd80 device:0x4006e71ffe00 size:8 presentcount:0+4 line:405 name:var%nityp(:)
host:0x51d2e590 device:0x4004fe3f2200 size:1000 presentcount:0+4 line:519 name:var%lpctz(:)
host:0x521b1870 device:0x4007527e8a00 size:28464 presentcount:0+1 line:853 name:var(:)
host:0x521c3ff0 device:0x4007529e8a00 size:40000 presentcount:0+1 line:857 name:var%psp(:,:)
host:0x521cdc60 device:0x400bf23fbc00 size:8000 presentcount:0+1 line:857 name:var%psprho(:)
host:0x521d0ef0 device:0x4007523f8c00 size:24000 presentcount:0+2 line:466 name:var%psprnl(:,:,:)
host:0x522008d0 device:0x4007523f0400 size:4320 presentcount:0+4 line:405 name:var%ityp(:)
host:0x522019e0 device:0x4007523e8a00 size:25920 presentcount:0+4 line:405 name:var%posion(:,:)
host:0x52244b90 device:0x400bf21fbc00 size:8000 presentcount:0+1 line:857 name:var%pspcor(:)
host:0x52246b00 device:0x400bf21fdc00 size:8000 presentcount:0+1 line:857 name:var%psprho(:)
host:0x5224a670 device:0x4007527efa00 size:40000 presentcount:0+1 line:857 name:var%psp(:,:)
host:0x522542e0 device:0x4007523f2a00 size:24000 presentcount:0+2 line:466 name:var%psprnl(:,:,:)
host:0x52267510 device:0x4007525fbc00 size:516 presentcount:0+1 line:499 name:var%ptr(:)
host:0x52294360 device:0x4007071ffc00 size:24 presentcount:0+3 line:466 name:var%lps(:)
host:0x52294410 device:0x4006e71fd000 size:24 presentcount:0+3 line:466 name:var%lps(:)
host:0x52404ec0 device:0x4004fe3ffe00 size:24 presentcount:0+3 line:616 name:var%vkpt(:,:)
host:0x52429fe0 device:0x4007523ef000 size:8 presentcount:0+2 line:616 name:var%wtkpt(:)
host:0x5242a010 device:0x4004fe3ffa00 size:8 presentcount:0+3 line:616 name:var%nityp(:)
host:0x5242a240 device:0x4004fe3f0200 size:16 presentcount:0+2 line:430 name:var%psrmax(:)
host:0x5242a800 device:0x4007523ef200 size:4320 presentcount:0+3 line:616 name:var%ityp(:)
host:0x5242b910 device:0x4004fe3ff800 size:8 presentcount:0+3 line:616 name:var%lmmax(:)
host:0x5242b940 device:0x4004fe3ffc00 size:8 presentcount:0+3 line:616 name:var%nt_global(:)
host:0x5242b970 device:0x4004fe3fda00 size:4320 presentcount:0+3 line:616 name:var%npro_pos(:)
host:0x5242ca80 device:0x4004fe3fc600 size:4324 presentcount:0+3 line:616 name:var%lmbase(:)
host:0x5242db90 device:0x4007523f8800 size:4 presentcount:0+2 line:616 name:var%nplwkp(:)
host:0x5242dbc0 device:0x4007523f8a00 size:4 presentcount:0+2 line:616 name:var%nplwkp_tot(:)
host:0x5242dbf0 device:0x4007523fea00 size:4 presentcount:0+2 line:616 name:var%ngvector_pos(:)
host:0x5242dc20 device:0x4007523f2800 size:4 presentcount:0+2 line:616 name:var%ngvector(:)
host:0x5242dc50 device:0x4004fe3f1800 size:1280 presentcount:0+4 line:519 name:var%lpctx(:)
host:0x5242e180 device:0x4004fe3f1e00 size:720 presentcount:0+4 line:519 name:var%lpcty(:)
host:0x5242e480 device:0x4004fe3f2600 size:1280 presentcount:0+4 line:519 name:var%lpctx_(:)
host:0x5242e9b0 device:0x4004fe3f2c00 size:720 presentcount:0+4 line:519 name:var%lpcty_(:)
host:0x5242ecb0 device:0x4004fe3f3000 size:1000 presentcount:0+4 line:519 name:var%lpctz_(:)
host:0x5242f0c0 device:0x4007525f7400 size:1280 presentcount:0+1 line:519 name:var%lpctx(:)
host:0x5242f5f0 device:0x4007525f7a00 size:720 presentcount:0+1 line:519 name:var%lpcty(:)
host:0x5242f8f0 device:0x4007525f7e00 size:1000 presentcount:0+1 line:519 name:var%lpctz(:)
host:0x5242fd00 device:0x4007525f8200 size:1280 presentcount:0+1 line:519 name:var%lpctx_(:)
host:0x52430230 device:0x4007525f8800 size:720 presentcount:0+1 line:519 name:var%lpcty_(:)
host:0x52430530 device:0x4007525f8c00 size:1000 presentcount:0+1 line:519 name:var%lpctz_(:)
host:0x52430940 device:0x4007523fee00 size:2560 presentcount:0+1 line:519 name:var%lpctx(:)
host:0x52431370 device:0x4007525eaa00 size:1440 presentcount:0+1 line:519 name:var%lpcty(:)
host:0x52431940 device:0x4007525e8a00 size:2000 presentcount:0+1 line:519 name:var%lpctz(:)
host:0x52432140 device:0x4007525eb000 size:2560 presentcount:0+1 line:519 name:var%lpctx_(:)
host:0x52432b70 device:0x4007525eba00 size:1440 presentcount:0+1 line:519 name:var%lpcty_(:)
host:0x52433140 device:0x4007525ec000 size:2000 presentcount:0+1 line:519 name:var%lpctz_(:)
host:0x5251f220 device:0x4007525f0400 size:2824 presentcount:0+1 line:482 name:var%i2(:)
host:0x5251fd50 device:0x4007525f1000 size:2824 presentcount:0+1 line:482 name:var%i3(:)
host:0x52520880 device:0x4007525f1c00 size:5020 presentcount:0+1 line:482 name:var%i2(:)
host:0x52521c50 device:0x4007525f3000 size:5020 presentcount:0+1 line:482 name:var%i3(:)
host:0x52523020 device:0x4007525ec800 size:7200 presentcount:0+2 line:482 name:var%i2(:)
host:0x52524c70 device:0x4007525ee600 size:7200 presentcount:0+2 line:482 name:var%i3(:)
host:0x52526ce0 device:0x400814c5fa00 size:921600 presentcount:0+2 line:482 name:var%index(:,:)
host:0x52607d10 device:0x4007525fe400 size:2560 presentcount:0+1 line:569 name:var%ind1(:)
host:0x52608740 device:0x4007525fee00 size:2824 presentcount:0+1 line:569 name:var%indcol(:)
host:0x52609270 device:0x4007525f9400 size:2824 presentcount:0+1 line:482 name:var%i2(:)
host:0x52609da0 device:0x4007525fa000 size:2824 presentcount:0+1 line:482 name:var%i3(:)
host:0x5260a8d0 device:0x4007525fac00 size:1512 presentcount:0+1 line:482 name:var%i2(:)
host:0x5260aee0 device:0x4007525fb200 size:1512 presentcount:0+1 line:482 name:var%i3(:)
host:0x52643920 device:0x4007525fb800 size:516 presentcount:0+1 line:499 name:var%n(:)
host:0x52643b50 device:0x4007525fc400 size:516 presentcount:0+1 line:499 name:var%ptri(:)
host:0x52643d80 device:0x4007525fc000 size:516 presentcount:0+1 line:499 name:var%ni(:)
host:0x52643fb0 device:0x4007525fcc00 size:516 presentcount:0+1 line:499 name:var%ptr(:)
host:0x526441e0 device:0x4007525fc800 size:516 presentcount:0+1 line:499 name:var%n(:)
host:0x52644410 device:0x4006e71fe400 size:4 presentcount:0+1 line:499 name:var%tbli(:)
host:0x52644440 device:0x4007525fd400 size:516 presentcount:0+1 line:499 name:var%ptri(:)
host:0x52644670 device:0x4007525fd000 size:516 presentcount:0+1 line:499 name:var%ni(:)
host:0x52644a60 device:0x4007525fd800 size:1280 presentcount:0+1 line:569 name:var%ind1(:)
host:0x52644f90 device:0x4007525fde00 size:728 presentcount:0+1 line:569 name:var%indcol(:)
host:0x52645290 device:0x40063432e800 size:180000 presentcount:0+4 line:482 name:var%i2(:)
host:0x526711e0 device:0x40063435a800 size:180000 presentcount:0+4 line:482 name:var%i3(:)
host:0x5269d130 device:0x4007523bca00 size:180000 presentcount:0+8 line:482 name:var%index(:,:)
host:0x526c9080 device:0x4007529bca00 size:180000 presentcount:0+8 line:482 name:var%i2(:)
host:0x526f4fd0 device:0x400634386800 size:180000 presentcount:0+8 line:482 name:var%i3(:)
host:0x52721550 device:0x400752400000 size:1821184 presentcount:0+3 line:616 name:var%nindpw(:,:)
host:0x528ddf80 device:0x4004fe3fc400 size:8 presentcount:0+2 line:616 name:var%nb_totk(:,:)
host:0x528ddfb0 device:0x4007523fec00 size:4 presentcount:0+2 line:616 name:var%luseinv(:)
host:0x528ddfe0 device:0x4004fe3efe00 size:4 presentcount:0+2 line:616 name:var%at_gamma(:)
host:0x528de010 device:0x4007525bca00 size:180000 presentcount:0+3 line:616 name:var%pl_index(:,:)
host:0x52909f60 device:0x4007527bca00 size:180000 presentcount:0+3 line:616 name:var%pl_col(:,:)
host:0x52935eb0 device:0x4007523ffa00 size:8 presentcount:0+2 line:405 name:var%lmmax(:)
host:0x52935ee0 device:0x4004fe3efa00 size:8 presentcount:0+2 line:430 name:var%lmax(:)
host:0x52935f10 device:0x4007523f1600 size:4324 presentcount:0+2 line:405 name:var%lmbase(:)
host:0x52937020 device:0x4004fe3efc00 size:8 presentcount:0+2 line:430 name:var%lmmax(:)
host:0x52937050 device:0x4004fe3f0000 size:8 presentcount:0+2 line:430 name:var%channels(:)
host:0x52937080 device:0x4007071ff800 size:16 presentcount:0+2 line:430 name:var%rsmooth(:)
host:0x529370c0 device:0x4006e71fd200 size:4320 presentcount:0+2 line:430 name:var%nlimax(:)
host:0x529381d0 device:0x4006e71fe600 size:4324 presentcount:0+2 line:430 name:var%lmbase(:)
host:0x529392e0 device:0x4004fe3ee400 size:4324 presentcount:0+2 line:430 name:var%nlibase(:)
host:0x5293a3f0 device:0x4004fe3f3400 size:17132 presentcount:0+4 line:519 name:var%nindpwconjg(:)
host:0x5293e710 device:0x4004fe3f7800 size:17132 presentcount:0+4 line:519 name:var%ind_in_sphere(:)
host:0x529556e0 device:0x4007525f4400 size:516 presentcount:0+1 line:499 name:var%ptr(:)
host:0x52955910 device:0x4007523ffc00 size:516 presentcount:0+1 line:499 name:var%n(:)
host:0x52955b40 device:0x4007525f4c00 size:516 presentcount:0+1 line:499 name:var%ptri(:)
host:0x52955d70 device:0x4007525f4800 size:516 presentcount:0+1 line:499 name:var%ni(:)
host:0x52a9c210 device:0x400815600000 size:7284736 presentcount:0+3 line:616 name:var%datake(:,:,:)
host:0x5318f490 device:0x400752600000 size:1821184 presentcount:0+3 line:616 name:var%igx(:,:)
host:0x5334cb20 device:0x400752200000 size:1821184 presentcount:0+3 line:616 name:var%igy(:,:)
host:0x5350a3c0 device:0x400752800000 size:1821184 presentcount:0+3 line:616 name:var%igz(:,:)
host:0x536c8290 device:0x400753200000 size:7284272 presentcount:0+4 line:519 name:var%fftsca(:,:)
host:0x53dc1460 device:0x4007525f5400 size:516 presentcount:0+1 line:499 name:var%ptr(:)
host:0x53dc1690 device:0x4007525f5000 size:516 presentcount:0+1 line:499 name:var%n(:)
host:0x53dc18c0 device:0x4007525f5c00 size:516 presentcount:0+1 line:499 name:var%ptri(:)
host:0x53dc1af0 device:0x4007525f5800 size:516 presentcount:0+1 line:499 name:var%ni(:)
host:0x53df2d20 device:0x400814c00000 size:232960 presentcount:0+1 line:499 name:var%tbl(:)
host:0x53e64980 device:0x400bf21b9400 size:272160 presentcount:0+1 line:499 name:var%tbli(:)
host:0x53ea70d0 device:0x400bf23b9400 size:272160 presentcount:0+1 line:499 name:var%tbl(:)
host:0x53fc3640 device:0x400814e00000 size:1807360 presentcount:0+1 line:499 name:var%tbl(:)
host:0x54302420 device:0x4007071f4000 size:41984 presentcount:0+1 line:746 name:var%auxtot(:,:,:)
host:0x54322420 device:0x4004fe3e4000 size:41984 presentcount:0+2 line:746 name:var%fertot(:,:,:)
host:0x54339230 device:0x400bf2000000 size:1807200 presentcount:0+1 line:499 name:var%tbli(:)
host:0x544f42a0 device:0x400bf2200000 size:1807200 presentcount:0+1 line:499 name:var%tbl(:)
host:0x5486a9b0 device:0x400bf2400000 size:1807200 presentcount:0+1 line:499 name:var%tbli(:)
host:0x55490030 device:0x40063431a000 size:83968 presentcount:0+2 line:746 name:var%celtot(:,:,:)
host:0x564ff960 device:0x400752a00000 size:7200000 presentcount:0+1 line:195 name:dencor(:)
host:0x572c9c50 device:0x400751e00000 size:2799360 presentcount:0+2 line:194 name:cdij(:,:,:,:)
host:0x57579370 device:0x400bf2600000 size:2799360 presentcount:0+2 line:194 name:cqij(:,:,:,:)
host:0x57ad9020 device:0x400815200000 size:4030464 presentcount:0+5 line:746 name:var%gproj(:,:,:,:)
host:0x58168da0 device:0x4006343ca800 size:98304 presentcount:0+1 line:1101 name:w1%gproj(:)
host:0x5f0772a0 device:0x400814d40a00 size:393216 presentcount:0+2 line:1226 name:wa%gproj(:,:)
host:0x5f0d72d0 device:0x400be38c0000 size:393216 presentcount:0+2 line:1226 name:wa%gproj(:,:)
host:0x5f13e890 device:0x400d75600000 size:3145728 presentcount:0+2 line:1226 name:wa%gproj(:,:)
host:0x63358560 device:0x4007529fcc00 size:2048 presentcount:0+1 line:179 name:w1(:)
host:0x63358d80 device:0x4007527fa600 size:2048 presentcount:0+1 line:179 name:wtmp(:)
host:0x6338f330 device:0x400c51e00000 size:7284736 presentcount:0+1 line:1101 name:w1%cptwfp(:)
host:0x63a81b60 device:0x4006343b2800 size:98304 presentcount:0+1 line:1101 name:w1%gproj(:)
host:0x63a99b90 device:0x400bf25b9400 size:98304 presentcount:0+1 line:1101 name:w1%gproj(:)
host:0x63ab1bc0 device:0x400bf25d1400 size:98304 presentcount:0+1 line:1101 name:w1%gproj(:)
host:0x63cd5790 device:0x400d76a00000 size:14569472 presentcount:0+1 line:202 name:precon(:,:)
host:0x64ac2590 device:0x400befa00000 size:7284736 presentcount:0+1 line:1101 name:w1%cptwfp(:)
host:0x651bd1c0 device:0x400d75a00000 size:7284736 presentcount:0+1 line:1101 name:w1%cptwfp(:)
host:0x658afe10 device:0x400d76200000 size:7284736 presentcount:0+1 line:1101 name:w1%cptwfp(:)
host:0x40052e9239e0 device:0x400bf2a00000 size:14458880 presentcount:0+1 line:195 name:cstrf(:,:)
host:0x40053bcc10a0 device:0x400753a00000 size:45593280 presentcount:0+2 line:430 name:var%nli(:,:)
host:0x40059bed6f80 device:0x400d71e00000 size:29138944 presentcount:0+2 line:1226 name:wa%cptwfp(:,:)
host:0x4006400012b0 device:0x400760000000 size:807411968 presentcount:0+2 line:430 name:var%rproj(:)
host:0x4006702131a0 device:0x4007cdc00000 size:230400000 presentcount:0+2 line:194 name:sv(:,:)
host:0x400720004a60 device:0x400740000000 size:298674176 presentcount:0+5 line:746 name:var%cptwfp(:,:,:,:)
host:0x400731ce7190 device:0x400d73a00000 size:29138944 presentcount:0+2 line:1226 name:wa%cptwfp(:,:)
host:0x4007b1ce73a0 device:0x400c40000000 size:233111552 presentcount:0+2 line:1226 name:wa%cptwfp(:,:)
host:0x4007e6e979d0 device:0x400540000000 size:230400000 presentcount:0+1 line:1101 name:w1%cr(:)
host:0x400880007be0 device:0x400790400000 size:230400000 presentcount:0+1 line:1236 name:w1%cr(:)
host:0x40088dbd8000 device:0x400800000000 size:230400000 presentcount:0+1 line:1101 name:w1%cr(:)
host:0x400aa0008210 device:0x4007c0000000 size:230400000 presentcount:0+1 line:1236 name:w1%cr(:)
host:0x400aadbd0020 device:0x400bc0000000 size:230400000 presentcount:0+1 line:1101 name:w1%cr(:)
host:0x400ba0000230 device:0x400d51e00000 size:230400000 presentcount:0+1 line:1236 name:w1%cr(:)
host:0x400badbc0650 device:0x400d31e00000 size:230400000 presentcount:0+1 line:1101 name:w1%cr(:)
host:0x400c20000860 device:0x400d11e00000 size:230400000 presentcount:0+1 line:1236 name:w1%cr(:)
host:0x400d80005ae0 device:0x400dc0000000 size:921600000 presentcount:0+1 line:1005 name:cwork1(:,:)
host:0xffffe4140a20 device:0x4007527fb200 size:3024 presentcount:0+12 line:682 name:var
host:0xffffe41415f0 device:0x4006a71ff800 size:1480 presentcount:0+1 line:174 name:w_ini
host:0xffffe4141bc0 device:0x4007527f9c00 size:1480 presentcount:0+1 line:174 name:wopt
host:0xffffe4142190 device:0x4006e71fbc00 size:1480 presentcount:0+1 line:174 name:wtmpa
allocated block device:0x4004fe3e4000 size:41984 thread:1
allocated block device:0x4004fe3ee400 size:4608 thread:1
allocated block device:0x4004fe3ef600 size:512 thread:1
allocated block device:0x4004fe3ef800 size:512 thread:1
allocated block device:0x4004fe3efa00 size:512 thread:1
allocated block device:0x4004fe3efc00 size:512 thread:1
allocated block device:0x4004fe3efe00 size:512 thread:1
allocated block device:0x4004fe3f0000 size:512 thread:1
allocated block device:0x4004fe3f0200 size:512 thread:1
allocated block device:0x4004fe3f0400 size:5120 thread:1
allocated block device:0x4004fe3f1800 size:1536 thread:1
allocated block device:0x4004fe3f1e00 size:1024 thread:1
allocated block device:0x4004fe3f2200 size:1024 thread:1
allocated block device:0x4004fe3f2600 size:1536 thread:1
allocated block device:0x4004fe3f2c00 size:1024 thread:1
allocated block device:0x4004fe3f3000 size:1024 thread:1
allocated block device:0x4004fe3f3400 size:17408 thread:1
allocated block device:0x4004fe3f7800 size:17408 thread:1
allocated block device:0x4004fe3fbc00 size:2048 thread:1
allocated block device:0x4004fe3fc400 size:512 thread:1
allocated block device:0x4004fe3fc600 size:4608 thread:1
allocated block device:0x4004fe3fd800 size:512 thread:1
allocated block device:0x4004fe3fda00 size:4608 thread:1
allocated block device:0x4004fe3fec00 size:3072 thread:1
allocated block device:0x4004fe3ff800 size:512 thread:1
allocated block device:0x4004fe3ffa00 size:512 thread:1
allocated block device:0x4004fe3ffc00 size:512 thread:1
allocated block device:0x4004fe3ffe00 size:512 thread:1
allocated block device:0x400540000000 size:230400000 thread:1
allocated block device:0x40063431a000 size:83968 thread:1
allocated block device:0x40063432e800 size:180224 thread:1
allocated block device:0x40063435a800 size:180224 thread:1
allocated block device:0x400634386800 size:180224 thread:1
allocated block device:0x4006343b2800 size:98304 thread:1
allocated block device:0x4006343ca800 size:98304 thread:1
allocated block device:0x4006a71ff800 size:1536 thread:1
allocated block device:0x4006c71ffa00 size:1024 thread:1
allocated block device:0x4006e71fbc00 size:2048 thread:1
allocated block device:0x4006e71fc600 size:2560 thread:1
allocated block device:0x4006e71fd000 size:512 thread:1
allocated block device:0x4006e71fd200 size:4608 thread:1
allocated block device:0x4006e71fe400 size:512 thread:1
allocated block device:0x4006e71fe600 size:4608 thread:1
allocated block device:0x4006e71ff800 size:512 thread:1
allocated block device:0x4006e71ffa00 size:512 thread:1
allocated block device:0x4006e71ffc00 size:512 thread:1
allocated block device:0x4006e71ffe00 size:512 thread:1
allocated block device:0x4007071f4000 size:41984 thread:1
allocated block device:0x4007071fe400 size:5120 thread:1
allocated block device:0x4007071ff800 size:512 thread:1
allocated block device:0x4007071ffa00 size:512 thread:1
allocated block device:0x4007071ffc00 size:512 thread:1
allocated block device:0x4007071ffe00 size:512 thread:1
allocated block device:0x400740000000 size:298674176 thread:1
allocated block device:0x400751e00000 size:4030464 thread:1
allocated block device:0x400752200000 size:1821184 thread:1
allocated block device:0x4007523bca00 size:180224 thread:1
allocated block device:0x4007523e8a00 size:26112 thread:1
allocated block device:0x4007523ef000 size:512 thread:1
allocated block device:0x4007523ef200 size:4608 thread:1
allocated block device:0x4007523f0400 size:4608 thread:1
allocated block device:0x4007523f1600 size:4608 thread:1
allocated block device:0x4007523f2800 size:512 thread:1
allocated block device:0x4007523f2a00 size:24064 thread:1
allocated block device:0x4007523f8800 size:512 thread:1
allocated block device:0x4007523f8a00 size:512 thread:1
allocated block device:0x4007523f8c00 size:24064 thread:1
allocated block device:0x4007523fea00 size:512 thread:1
allocated block device:0x4007523fec00 size:512 thread:1
allocated block device:0x4007523fee00 size:3072 thread:1
allocated block device:0x4007523ffa00 size:512 thread:1
allocated block device:0x4007523ffc00 size:1024 thread:1
allocated block device:0x400752400000 size:1821184 thread:1
allocated block device:0x4007525bca00 size:180224 thread:1
allocated block device:0x4007525e8a00 size:3072 thread:1
allocated block device:0x4007525e9600 size:5120 thread:1
allocated block device:0x4007525eaa00 size:1536 thread:1
allocated block device:0x4007525eb000 size:2560 thread:1
allocated block device:0x4007525eba00 size:1536 thread:1
allocated block device:0x4007525ec000 size:2048 thread:1
allocated block device:0x4007525ec800 size:7680 thread:1
allocated block device:0x4007525ee600 size:7680 thread:1
allocated block device:0x4007525f0400 size:3072 thread:1
allocated block device:0x4007525f1000 size:3072 thread:1
allocated block device:0x4007525f1c00 size:5120 thread:1
allocated block device:0x4007525f3000 size:5120 thread:1
allocated block device:0x4007525f4400 size:1024 thread:1
allocated block device:0x4007525f4800 size:1024 thread:1
allocated block device:0x4007525f4c00 size:1024 thread:1
allocated block device:0x4007525f5000 size:1024 thread:1
allocated block device:0x4007525f5400 size:1024 thread:1
allocated block device:0x4007525f5800 size:1024 thread:1
allocated block device:0x4007525f5c00 size:1024 thread:1
allocated block device:0x4007525f6000 size:5120 thread:1
allocated block device:0x4007525f7400 size:1536 thread:1
allocated block device:0x4007525f7a00 size:1024 thread:1
allocated block device:0x4007525f7e00 size:1024 thread:1
allocated block device:0x4007525f8200 size:1536 thread:1
allocated block device:0x4007525f8800 size:1024 thread:1
allocated block device:0x4007525f8c00 size:1024 thread:1
allocated block device:0x4007525f9000 size:1024 thread:1
allocated block device:0x4007525f9400 size:3072 thread:1
allocated block device:0x4007525fa000 size:3072 thread:1
allocated block device:0x4007525fac00 size:1536 thread:1
allocated block device:0x4007525fb200 size:1536 thread:1
allocated block device:0x4007525fb800 size:1024 thread:1
allocated block device:0x4007525fbc00 size:1024 thread:1
allocated block device:0x4007525fc000 size:1024 thread:1
allocated block device:0x4007525fc400 size:1024 thread:1
allocated block device:0x4007525fc800 size:1024 thread:1
allocated block device:0x4007525fcc00 size:1024 thread:1
allocated block device:0x4007525fd000 size:1024 thread:1
allocated block device:0x4007525fd400 size:1024 thread:1
allocated block device:0x4007525fd800 size:1536 thread:1
allocated block device:0x4007525fde00 size:1024 thread:1
allocated block device:0x4007525fe200 size:512 thread:1
allocated block device:0x4007525fe400 size:2560 thread:1
allocated block device:0x4007525fee00 size:3072 thread:1
allocated block device:0x400752600000 size:1821184 thread:1
allocated block device:0x4007527bca00 size:180224 thread:1
allocated block device:0x4007527e8a00 size:28672 thread:1
allocated block device:0x4007527efa00 size:40448 thread:1
allocated block device:0x4007527f9c00 size:2560 thread:1
allocated block device:0x4007527fa600 size:3072 thread:1
allocated block device:0x4007527fb200 size:3072 thread:1
allocated block device:0x400752800000 size:1821184 thread:1
allocated block device:0x4007529bca00 size:180224 thread:1
allocated block device:0x4007529e8a00 size:40448 thread:1
allocated block device:0x4007529fcc00 size:2048 thread:1
allocated block device:0x400752a00000 size:7284736 thread:1
allocated block device:0x400753200000 size:7284736 thread:1
allocated block device:0x400753a00000 size:45593600 thread:1
allocated block device:0x400760000000 size:807412224 thread:1
allocated block device:0x400790400000 size:230400000 thread:1
allocated block device:0x4007c0000000 size:230400000 thread:1
allocated block device:0x4007cdc00000 size:230400000 thread:1
allocated block device:0x400800000000 size:230400000 thread:1
allocated block device:0x400814c00000 size:391680 thread:1
allocated block device:0x400814c5fa00 size:921600 thread:1
allocated block device:0x400814d40a00 size:393216 thread:1
allocated block device:0x400814e00000 size:2799616 thread:1
allocated block device:0x400815200000 size:4030464 thread:1
allocated block device:0x400815600000 size:7284736 thread:1
allocated block device:0x400bc0000000 size:298674176 thread:1
allocated block device:0x400be38c0000 size:393216 thread:1
allocated block device:0x400befa00000 size:7284736 thread:1
allocated block device:0x400bf2000000 size:1807360 thread:1
allocated block device:0x400bf21b9400 size:272384 thread:1
allocated block device:0x400bf21fbc00 size:8192 thread:1
allocated block device:0x400bf21fdc00 size:8192 thread:1
allocated block device:0x400bf21ffc00 size:512 thread:1
allocated block device:0x400bf2200000 size:1807360 thread:1
allocated block device:0x400bf23b9400 size:272384 thread:1
allocated block device:0x400bf23fbc00 size:8192 thread:1
allocated block device:0x400bf2400000 size:1807360 thread:1
allocated block device:0x400bf25b9400 size:98304 thread:1
allocated block device:0x400bf25d1400 size:98304 thread:1
allocated block device:0x400bf2600000 size:2799616 thread:1
allocated block device:0x400bf2a00000 size:14458880 thread:1
allocated block device:0x400c40000000 size:298674176 thread:1
allocated block device:0x400c51e00000 size:7284736 thread:1
allocated block device:0x400d11e00000 size:230400000 thread:1
allocated block device:0x400d31e00000 size:230400000 thread:1
allocated block device:0x400d51e00000 size:230400000 thread:1
allocated block device:0x400d71e00000 size:29138944 thread:1
allocated block device:0x400d73a00000 size:29138944 thread:1
allocated block device:0x400d75600000 size:3145728 thread:1
allocated block device:0x400d75a00000 size:7284736 thread:1
allocated block device:0x400d76200000 size:7284736 thread:1
allocated block device:0x400d76a00000 size:14569472 thread:1
allocated block device:0x400dc0000000 size:921600000 thread:1
Accelerator Fatal Error: call to cuMemAlloc returned error 2 (CUDA_ERROR_OUT_OF_MEMORY): Out of memory
 File: /lus/lfs1aip2/projects/u6cb/software/VASP/vasp.6.5.1/build/gam/fft_base.f90
 Function: restride_r2q_cmplx:945
 Line: 964

Out of memory allocating 230400000 bytes of device memory
Failing in Thread:1
Out of memory allocating 230400000 bytes of device memory
Failing in Thread:1
total/free CUDA memory: 102005473280/49676288
Present table dump for device[1]: NVIDIA Tesla GPU 0, compute capability 9.0, threadid=1
Hint: specify 0x800 bit in NV_ACC_DEBUG for verbose info.
host:0x2557280 device:0x40031e3fc000 size:32 presentcount:0+3 line:643 name:var%comm
host:0x25572a0 device:0x4004fc3ffa00 size:32 presentcount:0+4 line:652 name:var%comm_kinter
host:0x25572c0 device:0x4004fc3ffc00 size:32 presentcount:0+6 line:655 name:var%comm_kin
host:0x25572e0 device:0x4004fc3ff400 size:32 presentcount:0+3 line:646 name:var%comm_inter
host:0x2557300 device:0x4004fc3ff600 size:32 presentcount:0+7 line:649 name:var%comm_inb
host:0x256be80 device:0x40031a0ecd00 size:8 presentcount:0+1 line:-1 name:_setexm_struct_def_21
host:0x2576f40 device:0x40031a0ece00 size:28 presentcount:0+1 line:-1 name:_ml_ff_constant_21
host:0x2577c80 device:0x40031a0ecf00 size:30437 presentcount:0+1 line:-1 name:_ml_ff_taglist_21
host:0x25afc80 device:0x40031a0f4600 size:8 presentcount:0+1 line:-1 name:_mopenacc_tutor_21
host:0x25c2740 device:0x40031a0f4a00 size:32 presentcount:0+1 line:-1 name:_mbj_21
host:0x25cd640 device:0x40031a0f4d00 size:8 presentcount:0+1 line:-1 name:_sym_prec_21
host:0x26030c0 device:0x40031a0f4e00 size:344 presentcount:0+1 line:-1 name:_tet_21
host:0x261c840 device:0x40031a0f5000 size:392 presentcount:0+1 line:-1 name:_mymath_21
host:0x2817368 device:0x40031e3eec00 size:4800 presentcount:0+2 line:614 name:var
host:0x2818628 device:0x40031e3fa400 size:1984 presentcount:0+2 line:403 name:var
host:0x281a910 device:0x4004bc5ff800 size:864 presentcount:0+4 line:2639 name:hamiltonian
host:0x286ac80 device:0x40031e3fd400 size:2712 presentcount:0+2 line:428 name:var
host:0x286b718 device:0x4004fc3fae00 size:2248 presentcount:0+1 line:742 name:var
host:0x286eb50 device:0x4005727ff800 size:288 presentcount:0+1 line:195 name:latt_cur
host:0x2871658 device:0x40051c1fe400 size:5088 presentcount:0+28 line:517 name:var
host:0x2872a38 device:0x4005725f4800 size:5088 presentcount:0+6 line:517 name:var
host:0x2873e18 device:0x4005725e8a00 size:5088 presentcount:0+7 line:517 name:var
host:0x287a2a8 device:0x4004fc3fe000 size:304 presentcount:0+1 line:567 name:var
host:0x287a3d8 device:0x4005725fca00 size:304 presentcount:0+1 line:567 name:var
host:0x2e48ec0 device:0x40031a002600 size:960024 presentcount:0+1 line:-1 name:_setexm_struct_def_16
host:0x2f8f080 device:0x40031a0f4700 size:580 presentcount:0+1 line:-1 name:_wpbe_16
host:0x2f8f900 device:0x40031a0f4b00 size:288 presentcount:0+1 line:-1 name:_mbj_16
host:0x9f446c0 device:0x40031a0f5200 size:624 presentcount:0+1 line:-1 name:_mlr_optic_16
host:0xbeedd40 device:0x40031e3fe600 size:24 presentcount:0+3 line:616 name:var%vkpt(:,:)
host:0xbeede10 device:0x40031e3fe800 size:8 presentcount:0+2 line:616 name:var%wtkpt(:)
host:0xbeede40 device:0x40031e3fe200 size:8 presentcount:0+3 line:616 name:var%nityp(:)
host:0xbeee030 device:0x40031e3eea00 size:16 presentcount:0+2 line:430 name:var%psrmax(:)
host:0xbeee070 device:0x40031e3fe000 size:8 presentcount:0+3 line:616 name:var%lmmax(:)
host:0xbeee0a0 device:0x40031e3fe400 size:8 presentcount:0+3 line:616 name:var%nt_global(:)
host:0xbeee0d0 device:0x40031e3ffe00 size:4 presentcount:0+2 line:616 name:var%nplwkp(:)
host:0xbeee100 device:0x4005723f7200 size:4 presentcount:0+2 line:616 name:var%nplwkp_tot(:)
host:0xbeee130 device:0x4005723fd200 size:4 presentcount:0+2 line:616 name:var%ngvector_pos(:)
host:0xbeee160 device:0x40031e3ffc00 size:4 presentcount:0+2 line:616 name:var%ngvector(:)
host:0xbeee190 device:0x40031e3fac00 size:8 presentcount:0+2 line:616 name:var%nb_totk(:,:)
host:0xbeee1c0 device:0x4005723fd400 size:4 presentcount:0+2 line:616 name:var%luseinv(:)
host:0xc6296d0 device:0x4005725f7800 size:528 presentcount:0+1 line:480 name:var
host:0x106e8370 device:0x40051c1ffa00 size:400 presentcount:0+2 line:464 name:var
host:0x106e8500 device:0x40051c1ffe00 size:400 presentcount:0+2 line:464 name:var
host:0x14d7ffd0 device:0x4004fc3ff800 size:8 presentcount:0+4 line:405 name:var%nityp(:)
host:0x1527e7e0 device:0x40031e3f0a00 size:1000 presentcount:0+4 line:519 name:var%lpctz(:)
host:0x157019e0 device:0x4005727e8a00 size:28464 presentcount:0+1 line:853 name:var(:)
host:0x15714140 device:0x4005729e8a00 size:40000 presentcount:0+1 line:857 name:var%psp(:,:)
host:0x1571ddb0 device:0x4005727fd800 size:8000 presentcount:0+1 line:857 name:var%psprho(:)
host:0x15721040 device:0x4005723f7400 size:24000 presentcount:0+2 line:466 name:var%psprnl(:,:,:)
host:0x15750a20 device:0x4005723ef000 size:4320 presentcount:0+4 line:405 name:var%ityp(:)
host:0x15751b30 device:0x4005723e8a00 size:25920 presentcount:0+4 line:405 name:var%posion(:,:)
host:0x15794d00 device:0x4005727f9800 size:8000 presentcount:0+1 line:857 name:var%pspcor(:)
host:0x15796c70 device:0x4005727fb800 size:8000 presentcount:0+1 line:857 name:var%psprho(:)
host:0x1579a7e0 device:0x4005727efa00 size:40000 presentcount:0+1 line:857 name:var%psp(:,:)
host:0x157a4450 device:0x4005723f1400 size:24000 presentcount:0+2 line:466 name:var%psprnl(:,:,:)
host:0x157b7680 device:0x4005725fa400 size:516 presentcount:0+1 line:499 name:var%ptr(:)
host:0x157e4500 device:0x40051c1ffc00 size:24 presentcount:0+3 line:466 name:var%lps(:)
host:0x157e45b0 device:0x4004fc3fb800 size:24 presentcount:0+3 line:466 name:var%lps(:)
host:0x15a233f0 device:0x40031e3fea00 size:4320 presentcount:0+3 line:616 name:var%ityp(:)
host:0x15a24500 device:0x40031e3fc200 size:4320 presentcount:0+3 line:616 name:var%npro_pos(:)
host:0x15a25610 device:0x40031e3fae00 size:4324 presentcount:0+3 line:616 name:var%lmbase(:)
host:0x15a26720 device:0x40031e3f0000 size:1280 presentcount:0+4 line:519 name:var%lpctx(:)
host:0x15a26c50 device:0x40031e3f0600 size:720 presentcount:0+4 line:519 name:var%lpcty(:)
host:0x15a26f50 device:0x40031e3f0e00 size:1280 presentcount:0+4 line:519 name:var%lpctx_(:)
host:0x15a27480 device:0x40031e3f1400 size:720 presentcount:0+4 line:519 name:var%lpcty_(:)
host:0x15a27780 device:0x40031e3f1800 size:1000 presentcount:0+4 line:519 name:var%lpctz_(:)
host:0x15a27b90 device:0x4005725f5c00 size:1280 presentcount:0+1 line:519 name:var%lpctx(:)
host:0x15a280c0 device:0x4005725f6200 size:720 presentcount:0+1 line:519 name:var%lpcty(:)
host:0x15a283c0 device:0x4005725f6600 size:1000 presentcount:0+1 line:519 name:var%lpctz(:)
host:0x15a287d0 device:0x4005725f6a00 size:1280 presentcount:0+1 line:519 name:var%lpctx_(:)
host:0x15a28d00 device:0x4005725f7000 size:720 presentcount:0+1 line:519 name:var%lpcty_(:)
host:0x15a29000 device:0x4005725f7400 size:1000 presentcount:0+1 line:519 name:var%lpctz_(:)
host:0x15a29410 device:0x4005723fd600 size:2560 presentcount:0+1 line:519 name:var%lpctx(:)
host:0x15a29e40 device:0x4005723ff000 size:1440 presentcount:0+1 line:519 name:var%lpcty(:)
host:0x15a2a410 device:0x4005723fe200 size:2000 presentcount:0+1 line:519 name:var%lpctz(:)
host:0x15a2ac10 device:0x4005723ff600 size:2560 presentcount:0+1 line:519 name:var%lpctx_(:)
host:0x15a2b640 device:0x4005725e9e00 size:1440 presentcount:0+1 line:519 name:var%lpcty_(:)
host:0x15a2bc10 device:0x4005725ea400 size:2000 presentcount:0+1 line:519 name:var%lpctz_(:)
host:0x15b17cf0 device:0x4005725ee800 size:2824 presentcount:0+1 line:482 name:var%i2(:)
host:0x15b18820 device:0x4005725ef400 size:2824 presentcount:0+1 line:482 name:var%i3(:)
host:0x15b19350 device:0x4005725f0000 size:5020 presentcount:0+1 line:482 name:var%i2(:)
host:0x15b1a720 device:0x4005725f1400 size:5020 presentcount:0+1 line:482 name:var%i3(:)
host:0x15b1baf0 device:0x4005725eac00 size:7200 presentcount:0+2 line:482 name:var%i2(:)
host:0x15b1d740 device:0x4005725eca00 size:7200 presentcount:0+2 line:482 name:var%i3(:)
host:0x15b1f7b0 device:0x400634c5fa00 size:921600 presentcount:0+2 line:482 name:var%index(:,:)
host:0x15c007e0 device:0x4005725fcc00 size:2560 presentcount:0+1 line:569 name:var%ind1(:)
host:0x15c01210 device:0x4005725fd600 size:2824 presentcount:0+1 line:569 name:var%indcol(:)
host:0x15c01d40 device:0x4005725f7c00 size:2824 presentcount:0+1 line:482 name:var%i2(:)
host:0x15c02870 device:0x4005725f8800 size:2824 presentcount:0+1 line:482 name:var%i3(:)
host:0x15c033a0 device:0x4005725f9400 size:1512 presentcount:0+1 line:482 name:var%i2(:)
host:0x15c039b0 device:0x4005725f9a00 size:1512 presentcount:0+1 line:482 name:var%i3(:)
host:0x15c03fc0 device:0x4004fc3fba00 size:4320 presentcount:0+2 line:430 name:var%nlimax(:)
host:0x15c050d0 device:0x4004fc3fce00 size:4324 presentcount:0+2 line:430 name:var%lmbase(:)
host:0x15c061e0 device:0x4004fc3fe200 size:4324 presentcount:0+2 line:430 name:var%nlibase(:)
host:0x15c072f0 device:0x40031e3f1c00 size:17132 presentcount:0+4 line:519 name:var%nindpwconjg(:)
host:0x15c0b610 device:0x40031e3f6000 size:17132 presentcount:0+4 line:519 name:var%ind_in_sphere(:)
host:0x15c10550 device:0x4005725fa000 size:516 presentcount:0+1 line:499 name:var%n(:)
host:0x15c10780 device:0x400a121b9400 size:181440 presentcount:0+1 line:499 name:var%tbli(:)
host:0x15c3cc70 device:0x4005725fac00 size:516 presentcount:0+1 line:499 name:var%ptri(:)
host:0x15c3cea0 device:0x4005725fa800 size:516 presentcount:0+1 line:499 name:var%ni(:)
host:0x15c3d0d0 device:0x4005725fb400 size:516 presentcount:0+1 line:499 name:var%ptr(:)
host:0x15c3d300 device:0x4005725fb000 size:516 presentcount:0+1 line:499 name:var%n(:)
host:0x15c3d530 device:0x4005725fc000 size:1280 presentcount:0+1 line:569 name:var%ind1(:)
host:0x15c3da60 device:0x4005725fc600 size:720 presentcount:0+1 line:569 name:var%indcol(:)
host:0x15c3dd60 device:0x40045232e800 size:180000 presentcount:0+4 line:482 name:var%i2(:)
host:0x15c69cb0 device:0x40045235a800 size:180000 presentcount:0+4 line:482 name:var%i3(:)
host:0x15c95c00 device:0x4005723bca00 size:180000 presentcount:0+8 line:482 name:var%index(:,:)
host:0x15cc1b50 device:0x4005729bca00 size:180000 presentcount:0+8 line:482 name:var%i2(:)
host:0x15cedaa0 device:0x400452386800 size:180000 presentcount:0+8 line:482 name:var%i3(:)
host:0x15d199f0 device:0x40031e3ee600 size:4 presentcount:0+2 line:616 name:var%at_gamma(:)
host:0x15d19a20 device:0x4005725bca00 size:180000 presentcount:0+3 line:616 name:var%pl_index(:,:)
host:0x15d45970 device:0x4005727bca00 size:180000 presentcount:0+3 line:616 name:var%pl_col(:,:)
host:0x15d718c0 device:0x4005723fee00 size:8 presentcount:0+2 line:405 name:var%lmmax(:)
host:0x15d718f0 device:0x4004fc3ffe00 size:8 presentcount:0+2 line:430 name:var%lmax(:)
host:0x15d71920 device:0x4005723f0200 size:4324 presentcount:0+2 line:405 name:var%lmbase(:)
host:0x15d72a30 device:0x40031e3ee400 size:8 presentcount:0+2 line:430 name:var%lmmax(:)
host:0x15d72a60 device:0x40031e3ee800 size:8 presentcount:0+2 line:430 name:var%channels(:)
host:0x15d72a90 device:0x40051c1ff800 size:16 presentcount:0+2 line:430 name:var%rsmooth(:)
host:0x15de3330 device:0x400634c00000 size:230400 presentcount:0+1 line:499 name:var%tbl(:)
host:0x15e53b90 device:0x400a123b9400 size:181440 presentcount:0+1 line:499 name:var%tbl(:)
host:0x15e80080 device:0x4004fc3fcc00 size:4 presentcount:0+1 line:499 name:var%tbli(:)
host:0x15e800b0 device:0x4005725fbc00 size:516 presentcount:0+1 line:499 name:var%ptri(:)
host:0x15e802e0 device:0x4005725fb800 size:516 presentcount:0+1 line:499 name:var%ni(:)
host:0x15e9cb30 device:0x4005725f2c00 size:516 presentcount:0+1 line:499 name:var%ptr(:)
host:0x15e9cd60 device:0x4005725f2800 size:516 presentcount:0+1 line:499 name:var%n(:)
host:0x15e9cf90 device:0x4005725f3400 size:516 presentcount:0+1 line:499 name:var%ptri(:)
host:0x15e9d1c0 device:0x4005725f3000 size:516 presentcount:0+1 line:499 name:var%ni(:)
host:0x15e9d3f0 device:0x4005725f3c00 size:516 presentcount:0+1 line:499 name:var%ptr(:)
host:0x15e9d620 device:0x4005725f3800 size:516 presentcount:0+1 line:499 name:var%n(:)
host:0x15e9d850 device:0x4005725f4400 size:516 presentcount:0+1 line:499 name:var%ptri(:)
host:0x15e9da80 device:0x4005725f4000 size:516 presentcount:0+1 line:499 name:var%ni(:)
host:0x15fec170 device:0x400572400000 size:1821184 presentcount:0+3 line:616 name:var%nindpw(:,:)
host:0x161a93e0 device:0x400635600000 size:7284736 presentcount:0+3 line:616 name:var%datake(:,:,:)
host:0x1689c660 device:0x400572600000 size:1821184 presentcount:0+3 line:616 name:var%igx(:,:)
host:0x16a59cf0 device:0x400572200000 size:1821184 presentcount:0+3 line:616 name:var%igy(:,:)
host:0x16c17590 device:0x400572800000 size:1821184 presentcount:0+3 line:616 name:var%igz(:,:)
host:0x16dd5460 device:0x400573200000 size:7284272 presentcount:0+4 line:519 name:var%fftsca(:,:)
host:0x17587670 device:0x400634e00000 size:1807360 presentcount:0+1 line:499 name:var%tbl(:)
host:0x178fd260 device:0x400a12000000 size:1807200 presentcount:0+1 line:499 name:var%tbli(:)
host:0x17ab82d0 device:0x400a12200000 size:1807200 presentcount:0+1 line:499 name:var%tbl(:)
host:0x17e2e9e0 device:0x400a12400000 size:1807200 presentcount:0+1 line:499 name:var%tbli(:)
host:0x18ba2420 device:0x40031e3e4000 size:41984 presentcount:0+2 line:746 name:var%fertot(:,:,:)
host:0x18bb0030 device:0x40045231a000 size:83968 presentcount:0+2 line:746 name:var%celtot(:,:,:)
host:0x18c52420 device:0x40051c1f4000 size:41984 presentcount:0+1 line:746 name:var%auxtot(:,:,:)
host:0x19ad5190 device:0x400572a00000 size:7200000 presentcount:0+1 line:195 name:dencor(:)
host:0x1a89f480 device:0x400571e00000 size:2799360 presentcount:0+2 line:194 name:cdij(:,:,:,:)
host:0x1ab4eba0 device:0x400a12600000 size:2799360 presentcount:0+2 line:194 name:cqij(:,:,:,:)
host:0x1b0ae850 device:0x400635200000 size:4030464 presentcount:0+5 line:746 name:var%gproj(:,:,:,:)
host:0x1b73d5c0 device:0x4004523ca800 size:98304 presentcount:0+1 line:1101 name:w1%gproj(:)
host:0x22629940 device:0x400634d40a00 size:393216 presentcount:0+2 line:1226 name:wa%gproj(:,:)
host:0x22689970 device:0x400a038c0000 size:393216 presentcount:0+2 line:1226 name:wa%gproj(:,:)
host:0x226f0d20 device:0x400b95600000 size:3145728 presentcount:0+2 line:1226 name:wa%gproj(:,:)
host:0x269232b0 device:0x4005729fe200 size:2048 presentcount:0+1 line:179 name:w1(:)
host:0x26923ad0 device:0x400a121f5600 size:2048 presentcount:0+1 line:179 name:wtmp(:)
host:0x2693ee90 device:0x400a71e00000 size:7284736 presentcount:0+1 line:1101 name:w1%cptwfp(:)
host:0x270316c0 device:0x4004523b2800 size:98304 presentcount:0+1 line:1101 name:w1%gproj(:)
host:0x270496f0 device:0x400a123e5a00 size:98304 presentcount:0+1 line:1101 name:w1%gproj(:)
host:0x27061720 device:0x4004523e2800 size:98304 presentcount:0+1 line:1101 name:w1%gproj(:)
host:0x27286570 device:0x400b96a00000 size:14569472 presentcount:0+1 line:202 name:precon(:,:)
host:0x28073160 device:0x400a0fa00000 size:7284736 presentcount:0+1 line:1101 name:w1%cptwfp(:)
host:0x2876db80 device:0x400b95a00000 size:7284736 presentcount:0+1 line:1101 name:w1%cptwfp(:)
host:0x28e605c0 device:0x400b96200000 size:7284736 presentcount:0+1 line:1101 name:w1%cptwfp(:)
host:0x4004600010a0 device:0x400573a00000 size:45593280 presentcount:0+2 line:430 name:var%nli(:,:)
host:0x400462b812b0 device:0x400580000000 size:807411968 presentcount:0+2 line:430 name:var%rproj(:)
host:0x4004950a39e0 device:0x400a12a00000 size:14458880 presentcount:0+1 line:195 name:cstrf(:,:)
host:0x400498d56d70 device:0x400b91e00000 size:29138944 presentcount:0+2 line:1226 name:wa%cptwfp(:,:)
host:0x40049d9d6f80 device:0x400b93a00000 size:29138944 presentcount:0+2 line:1226 name:wa%cptwfp(:,:)
host:0x4005400031a0 device:0x4005edc00000 size:230400000 presentcount:0+2 line:194 name:sv(:,:)
host:0x40054dbc4a60 device:0x400560000000 size:298674176 presentcount:0+5 line:746 name:var%cptwfp(:,:,:,:)
host:0x400600000020 device:0x400b71e00000 size:230400000 presentcount:0+1 line:1236 name:w1%cr(:)
host:0x4006a0007190 device:0x400a60000000 size:233111552 presentcount:0+2 line:1226 name:wa%cptwfp(:,:)
host:0x4006ade677c0 device:0x400360000000 size:230400000 presentcount:0+1 line:1101 name:w1%cr(:)
host:0x4008c00079d0 device:0x4005b0400000 size:230400000 presentcount:0+1 line:1236 name:w1%cr(:)
host:0x4008cdbd7df0 device:0x400620000000 size:230400000 presentcount:0+1 line:1101 name:w1%cr(:)
host:0x4009c0008000 device:0x4005e0000000 size:230400000 presentcount:0+1 line:1236 name:w1%cr(:)
host:0x4009cdbd8420 device:0x4009e0000000 size:230400000 presentcount:0+1 line:1101 name:w1%cr(:)
host:0x400a40000440 device:0x400b51e00000 size:230400000 presentcount:0+1 line:1101 name:w1%cr(:)
host:0x400a4dbc0650 device:0x400b31e00000 size:230400000 presentcount:0+1 line:1236 name:w1%cr(:)
host:0x400ba0005ae0 device:0x400be0000000 size:921600000 presentcount:0+1 line:1005 name:cwork1(:,:)
host:0xfffff80b4000 device:0x400a121f6200 size:3024 presentcount:0+12 line:682 name:var
host:0xfffff80b4bd0 device:0x4004dc1ff600 size:1480 presentcount:0+1 line:174 name:w_ini
host:0xfffff80b51a0 device:0x4005725ff600 size:1480 presentcount:0+1 line:174 name:wopt
host:0xfffff80b5770 device:0x4004fc3fa400 size:1480 presentcount:0+1 line:174 name:wtmpa
allocated block device:0x40031e3e4000 size:41984 thread:1
allocated block device:0x40031e3ee400 size:512 thread:1
allocated block device:0x40031e3ee600 size:512 thread:1
allocated block device:0x40031e3ee800 size:512 thread:1
allocated block device:0x40031e3eea00 size:512 thread:1
allocated block device:0x40031e3eec00 size:5120 thread:1
allocated block device:0x40031e3f0000 size:1536 thread:1
allocated block device:0x40031e3f0600 size:1024 thread:1
allocated block device:0x40031e3f0a00 size:1024 thread:1
allocated block device:0x40031e3f0e00 size:1536 thread:1
allocated block device:0x40031e3f1400 size:1024 thread:1
allocated block device:0x40031e3f1800 size:1024 thread:1
allocated block device:0x40031e3f1c00 size:17408 thread:1
allocated block device:0x40031e3f6000 size:17408 thread:1
allocated block device:0x40031e3fa400 size:2048 thread:1
allocated block device:0x40031e3fac00 size:512 thread:1
allocated block device:0x40031e3fae00 size:4608 thread:1
allocated block device:0x40031e3fc000 size:512 thread:1
allocated block device:0x40031e3fc200 size:4608 thread:1
allocated block device:0x40031e3fd400 size:3072 thread:1
allocated block device:0x40031e3fe000 size:512 thread:1
allocated block device:0x40031e3fe200 size:512 thread:1
allocated block device:0x40031e3fe400 size:512 thread:1
allocated block device:0x40031e3fe600 size:512 thread:1
allocated block device:0x40031e3fe800 size:512 thread:1
allocated block device:0x40031e3fea00 size:4608 thread:1
allocated block device:0x40031e3ffc00 size:512 thread:1
allocated block device:0x40031e3ffe00 size:512 thread:1
allocated block device:0x400360000000 size:230400000 thread:1
allocated block device:0x40045231a000 size:83968 thread:1
allocated block device:0x40045232e800 size:180224 thread:1
allocated block device:0x40045235a800 size:180224 thread:1
allocated block device:0x400452386800 size:180224 thread:1
allocated block device:0x4004523b2800 size:98304 thread:1
allocated block device:0x4004523ca800 size:98304 thread:1
allocated block device:0x4004523e2800 size:98304 thread:1
allocated block device:0x4004bc5ff800 size:1024 thread:1
allocated block device:0x4004dc1ff600 size:1536 thread:1
allocated block device:0x4004fc3fa400 size:2048 thread:1
allocated block device:0x4004fc3fae00 size:2560 thread:1
allocated block device:0x4004fc3fb800 size:512 thread:1
allocated block device:0x4004fc3fba00 size:4608 thread:1
allocated block device:0x4004fc3fcc00 size:512 thread:1
allocated block device:0x4004fc3fce00 size:4608 thread:1
allocated block device:0x4004fc3fe000 size:512 thread:1
allocated block device:0x4004fc3fe200 size:4608 thread:1
allocated block device:0x4004fc3ff400 size:512 thread:1
allocated block device:0x4004fc3ff600 size:512 thread:1
allocated block device:0x4004fc3ff800 size:512 thread:1
allocated block device:0x4004fc3ffa00 size:512 thread:1
allocated block device:0x4004fc3ffc00 size:512 thread:1
allocated block device:0x4004fc3ffe00 size:512 thread:1
allocated block device:0x40051c1f4000 size:41984 thread:1
allocated block device:0x40051c1fe400 size:5120 thread:1
allocated block device:0x40051c1ff800 size:512 thread:1
allocated block device:0x40051c1ffa00 size:512 thread:1
allocated block device:0x40051c1ffc00 size:512 thread:1
allocated block device:0x40051c1ffe00 size:512 thread:1
allocated block device:0x400560000000 size:298674176 thread:1
allocated block device:0x400571e00000 size:4030464 thread:1
allocated block device:0x400572200000 size:1821184 thread:1
allocated block device:0x4005723bca00 size:180224 thread:1
allocated block device:0x4005723e8a00 size:26112 thread:1
allocated block device:0x4005723ef000 size:4608 thread:1
allocated block device:0x4005723f0200 size:4608 thread:1
allocated block device:0x4005723f1400 size:24064 thread:1
allocated block device:0x4005723f7200 size:512 thread:1
allocated block device:0x4005723f7400 size:24064 thread:1
allocated block device:0x4005723fd200 size:512 thread:1
allocated block device:0x4005723fd400 size:512 thread:1
allocated block device:0x4005723fd600 size:3072 thread:1
allocated block device:0x4005723fe200 size:3072 thread:1
allocated block device:0x4005723fee00 size:512 thread:1
allocated block device:0x4005723ff000 size:1536 thread:1
allocated block device:0x4005723ff600 size:2560 thread:1
allocated block device:0x400572400000 size:1821184 thread:1
allocated block device:0x4005725bca00 size:180224 thread:1
allocated block device:0x4005725e8a00 size:5120 thread:1
allocated block device:0x4005725e9e00 size:1536 thread:1
allocated block device:0x4005725ea400 size:2048 thread:1
allocated block device:0x4005725eac00 size:7680 thread:1
allocated block device:0x4005725eca00 size:7680 thread:1
allocated block device:0x4005725ee800 size:3072 thread:1
allocated block device:0x4005725ef400 size:3072 thread:1
allocated block device:0x4005725f0000 size:5120 thread:1
allocated block device:0x4005725f1400 size:5120 thread:1
allocated block device:0x4005725f2800 size:1024 thread:1
allocated block device:0x4005725f2c00 size:1024 thread:1
allocated block device:0x4005725f3000 size:1024 thread:1
allocated block device:0x4005725f3400 size:1024 thread:1
allocated block device:0x4005725f3800 size:1024 thread:1
allocated block device:0x4005725f3c00 size:1024 thread:1
allocated block device:0x4005725f4000 size:1024 thread:1
allocated block device:0x4005725f4400 size:1024 thread:1
allocated block device:0x4005725f4800 size:5120 thread:1
allocated block device:0x4005725f5c00 size:1536 thread:1
allocated block device:0x4005725f6200 size:1024 thread:1
allocated block device:0x4005725f6600 size:1024 thread:1
allocated block device:0x4005725f6a00 size:1536 thread:1
allocated block device:0x4005725f7000 size:1024 thread:1
allocated block device:0x4005725f7400 size:1024 thread:1
allocated block device:0x4005725f7800 size:1024 thread:1
allocated block device:0x4005725f7c00 size:3072 thread:1
allocated block device:0x4005725f8800 size:3072 thread:1
allocated block device:0x4005725f9400 size:1536 thread:1
allocated block device:0x4005725f9a00 size:1536 thread:1
allocated block device:0x4005725fa000 size:1024 thread:1
allocated block device:0x4005725fa400 size:1024 thread:1
allocated block device:0x4005725fa800 size:1024 thread:1
allocated block device:0x4005725fac00 size:1024 thread:1
allocated block device:0x4005725fb000 size:1024 thread:1
allocated block device:0x4005725fb400 size:1024 thread:1
allocated block device:0x4005725fb800 size:1024 thread:1
allocated block device:0x4005725fbc00 size:1024 thread:1
allocated block device:0x4005725fc000 size:1536 thread:1
allocated block device:0x4005725fc600 size:1024 thread:1
allocated block device:0x4005725fca00 size:512 thread:1
allocated block device:0x4005725fcc00 size:2560 thread:1
allocated block device:0x4005725fd600 size:3072 thread:1
allocated block device:0x4005725ff600 size:2560 thread:1
allocated block device:0x400572600000 size:1821184 thread:1
allocated block device:0x4005727bca00 size:180224 thread:1
allocated block device:0x4005727e8a00 size:28672 thread:1
allocated block device:0x4005727efa00 size:40448 thread:1
allocated block device:0x4005727f9800 size:8192 thread:1
allocated block device:0x4005727fb800 size:8192 thread:1
allocated block device:0x4005727fd800 size:8192 thread:1
allocated block device:0x4005727ff800 size:512 thread:1
allocated block device:0x400572800000 size:1821184 thread:1
allocated block device:0x4005729bca00 size:180224 thread:1
allocated block device:0x4005729e8a00 size:40448 thread:1
allocated block device:0x4005729fe200 size:2048 thread:1
allocated block device:0x400572a00000 size:7284736 thread:1
allocated block device:0x400573200000 size:7284736 thread:1
allocated block device:0x400573a00000 size:45593600 thread:1
allocated block device:0x400580000000 size:807412224 thread:1
allocated block device:0x4005b0400000 size:230400000 thread:1
allocated block device:0x4005e0000000 size:230400000 thread:1
allocated block device:0x4005edc00000 size:230400000 thread:1
allocated block device:0x400620000000 size:230400000 thread:1
allocated block device:0x400634c00000 size:391680 thread:1
allocated block device:0x400634c5fa00 size:921600 thread:1
allocated block device:0x400634d40a00 size:393216 thread:1
allocated block device:0x400634e00000 size:2799616 thread:1
allocated block device:0x400635200000 size:4030464 thread:1
allocated block device:0x400635600000 size:7284736 thread:1
allocated block device:0x4009e0000000 size:298674176 thread:1
allocated block device:0x400a038c0000 size:393216 thread:1
allocated block device:0x400a0fa00000 size:7284736 thread:1
allocated block device:0x400a12000000 size:1807360 thread:1
allocated block device:0x400a121b9400 size:181760 thread:1
allocated block device:0x400a121f5600 size:3072 thread:1
allocated block device:0x400a121f6200 size:3072 thread:1
allocated block device:0x400a12200000 size:1807360 thread:1
allocated block device:0x400a123b9400 size:181760 thread:1
allocated block device:0x400a123e5a00 size:98304 thread:1
allocated block device:0x400a12400000 size:1807360 thread:1
allocated block device:0x400a12600000 size:2799616 thread:1
allocated block device:0x400a12a00000 size:14458880 thread:1
allocated block device:0x400a60000000 size:298674176 thread:1
allocated block device:0x400a71e00000 size:7284736 thread:1
allocated block device:0x400b31e00000 size:230400000 thread:1
allocated block device:0x400b51e00000 size:230400000 thread:1
allocated block device:0x400b71e00000 size:230400000 thread:1
allocated block device:0x400b91e00000 size:29138944 thread:1
allocated block device:0x400b93a00000 size:29138944 thread:1
allocated block device:0x400b95600000 size:3145728 thread:1
allocated block device:0x400b95a00000 size:7284736 thread:1
allocated block device:0x400b96200000 size:7284736 thread:1
allocated block device:0x400b96a00000 size:14569472 thread:1
allocated block device:0x400be0000000 size:921600000 thread:1
Accelerator Fatal Error: call to cuMemAlloc returned error 2 (CUDA_ERROR_OUT_OF_MEMORY): Out of memory
 File: /lus/lfs1aip2/projects/u6cb/software/VASP/vasp.6.5.1/build/gam/fft_base.f90
 Function: restride_r2q_cmplx:945
 Line: 964

Out of memory allocating 230400000 bytes of device memory
Failing in Thread:1
total/free CUDA memory: 102005473280/53870592
Present table dump for device[1]: NVIDIA Tesla GPU 0, compute capability 9.0, threadid=1
Hint: specify 0x800 bit in NV_ACC_DEBUG for verbose info.
host:0x2557280 device:0x4006de5fc000 size:32 presentcount:0+3 line:643 name:var%comm
total/free CUDA memory: 102005473280/53870592
Present table dump for device[1]: NVIDIA Tesla GPU 0, compute capability 9.0, threadid=1
Hint: specify 0x800 bit in NV_ACC_DEBUG for verbose info.
host:0x2557280 device:0x4006de3fc000 size:32 presentcount:0+3 line:643 name:var%comm
host:0x25572a0 device:0x4008c71ffa00 size:32 presentcount:0+4 line:652 name:var%comm_kinter
host:0x25572c0 device:0x4008c71ffc00 size:32 presentcount:0+6 line:655 name:var%comm_kin
host:0x25572e0 device:0x4008c71ff400 size:32 presentcount:0+3 line:646 name:var%comm_inter
host:0x2557300 device:0x4008c71ff600 size:32 presentcount:0+7 line:649 name:var%comm_inb
host:0x256be80 device:0x4006da0ecd00 size:8 presentcount:0+1 line:-1 name:_setexm_struct_def_21
host:0x2576f40 device:0x4006da0ece00 size:28 presentcount:0+1 line:-1 name:_ml_ff_constant_21
host:0x2577c80 device:0x4006da0ecf00 size:30437 presentcount:0+1 line:-1 name:_ml_ff_taglist_21
host:0x25afc80 device:0x4006da0f4600 size:8 presentcount:0+1 line:-1 name:_mopenacc_tutor_21
host:0x25c2740 device:0x4006da0f4a00 size:32 presentcount:0+1 line:-1 name:_mbj_21
host:0x25cd640 device:0x4006da0f4d00 size:8 presentcount:0+1 line:-1 name:_sym_prec_21
host:0x26030c0 device:0x4006da0f4e00 size:344 presentcount:0+1 line:-1 name:_tet_21
host:0x261c840 device:0x4006da0f5000 size:392 presentcount:0+1 line:-1 name:_mymath_21
host:0x2817368 device:0x4006de3eec00 size:4800 presentcount:0+2 line:614 name:var
host:0x2818628 device:0x4006de3fa400 size:1984 presentcount:0+2 line:403 name:var
host:0x281a910 device:0x4008871ff800 size:864 presentcount:0+4 line:2639 name:hamiltonian
host:0x286ac80 device:0x4006de3fd400 size:2712 presentcount:0+2 line:428 name:var
host:0x286b718 device:0x4008c71fae00 size:2248 presentcount:0+1 line:742 name:var
host:0x286eb50 device:0x4009327ff800 size:288 presentcount:0+1 line:195 name:latt_cur
host:0x2871658 device:0x4008e71fe400 size:5088 presentcount:0+28 line:517 name:var
host:0x2872a38 device:0x4009325f4800 size:5088 presentcount:0+6 line:517 name:var
host:0x2873e18 device:0x4009325e8a00 size:5088 presentcount:0+7 line:517 name:var
host:0x287a2a8 device:0x4008c71fe000 size:304 presentcount:0+1 line:567 name:var
host:0x287a3d8 device:0x4009325fca00 size:304 presentcount:0+1 line:567 name:var
host:0x2e48ec0 device:0x4006da002600 size:960024 presentcount:0+1 line:-1 name:_setexm_struct_def_16
host:0x2f8f080 device:0x4006da0f4700 size:580 presentcount:0+1 line:-1 name:_wpbe_16
host:0x2f8f900 device:0x4006da0f4b00 size:288 presentcount:0+1 line:-1 name:_mbj_16
host:0x9f446c0 device:0x4006da0f5200 size:624 presentcount:0+1 line:-1 name:_mlr_optic_16
host:0xe8c9670 device:0x4009325f7800 size:528 presentcount:0+1 line:480 name:var
host:0x12988180 device:0x4008e71ffa00 size:400 presentcount:0+2 line:464 name:var
host:0x12988310 device:0x4008e71ffe00 size:400 presentcount:0+2 line:464 name:var
host:0x1701fdd0 device:0x4008c71ff800 size:8 presentcount:0+4 line:405 name:var%nityp(:)
host:0x1751e5e0 device:0x4006de3f0a00 size:1000 presentcount:0+4 line:519 name:var%lpctz(:)
host:0x179a17e0 device:0x4009327e8a00 size:28464 presentcount:0+1 line:853 name:var(:)
host:0x179b3f40 device:0x4009329e8a00 size:40000 presentcount:0+1 line:857 name:var%psp(:,:)
host:0x179bdbb0 device:0x4009327fd800 size:8000 presentcount:0+1 line:857 name:var%psprho(:)
host:0x179c0e40 device:0x4009323f7400 size:24000 presentcount:0+2 line:466 name:var%psprnl(:,:,:)
host:0x179f0820 device:0x4009323ef000 size:4320 presentcount:0+4 line:405 name:var%ityp(:)
host:0x179f1930 device:0x4009323e8a00 size:25920 presentcount:0+4 line:405 name:var%posion(:,:)
host:0x17a34b00 device:0x4009327f9800 size:8000 presentcount:0+1 line:857 name:var%pspcor(:)
host:0x17a36a70 device:0x4009327fb800 size:8000 presentcount:0+1 line:857 name:var%psprho(:)
host:0x17a3a5e0 device:0x4009327efa00 size:40000 presentcount:0+1 line:857 name:var%psp(:,:)
host:0x17a44250 device:0x4009323f1400 size:24000 presentcount:0+2 line:466 name:var%psprnl(:,:,:)
host:0x17a57250 device:0x4006de3fe400 size:8 presentcount:0+3 line:616 name:var%nt_global(:)
host:0x17a57340 device:0x4006de3fe000 size:8 presentcount:0+3 line:616 name:var%lmmax(:)
host:0x17a57370 device:0x4006de3fe800 size:8 presentcount:0+2 line:616 name:var%wtkpt(:)
host:0x17a573a0 device:0x4006de3fe200 size:8 presentcount:0+3 line:616 name:var%nityp(:)
host:0x17a57480 device:0x4009325fa400 size:516 presentcount:0+1 line:499 name:var%ptr(:)
host:0x17a84300 device:0x4008e71ffc00 size:24 presentcount:0+3 line:466 name:var%lps(:)
host:0x17a843b0 device:0x4008c71fb800 size:24 presentcount:0+3 line:466 name:var%lps(:)
host:0x17af1750 device:0x4006de3fe600 size:24 presentcount:0+3 line:616 name:var%vkpt(:,:)
host:0x17b169c0 device:0x4006de3eea00 size:16 presentcount:0+2 line:430 name:var%psrmax(:)
host:0x17b16f80 device:0x4006de3fea00 size:4320 presentcount:0+3 line:616 name:var%ityp(:)
host:0x17b18090 device:0x4006de3fc200 size:4320 presentcount:0+3 line:616 name:var%npro_pos(:)
host:0x17b191a0 device:0x4006de3fae00 size:4324 presentcount:0+3 line:616 name:var%lmbase(:)
host:0x17b1a2b0 device:0x4006de3ffe00 size:4 presentcount:0+2 line:616 name:var%nplwkp(:)
host:0x17b1a2e0 device:0x4009323f7200 size:4 presentcount:0+2 line:616 name:var%nplwkp_tot(:)
host:0x17b1a310 device:0x4009323fd200 size:4 presentcount:0+2 line:616 name:var%ngvector_pos(:)
host:0x17b1a340 device:0x4006de3ffc00 size:4 presentcount:0+2 line:616 name:var%ngvector(:)
host:0x17b1a370 device:0x4006de3f0000 size:1280 presentcount:0+4 line:519 name:var%lpctx(:)
host:0x17b1a8a0 device:0x4006de3f0600 size:720 presentcount:0+4 line:519 name:var%lpcty(:)
host:0x17b1aba0 device:0x4006de3f0e00 size:1280 presentcount:0+4 line:519 name:var%lpctx_(:)
host:0x17b1b0d0 device:0x4006de3f1400 size:720 presentcount:0+4 line:519 name:var%lpcty_(:)
host:0x17b1b3d0 device:0x4006de3f1800 size:1000 presentcount:0+4 line:519 name:var%lpctz_(:)
host:0x17b1b7e0 device:0x4009325f5c00 size:1280 presentcount:0+1 line:519 name:var%lpctx(:)
host:0x17b1bd10 device:0x4009325f6200 size:720 presentcount:0+1 line:519 name:var%lpcty(:)
host:0x17b1c010 device:0x4009325f6600 size:1000 presentcount:0+1 line:519 name:var%lpctz(:)
host:0x17b1c420 device:0x4009325f6a00 size:1280 presentcount:0+1 line:519 name:var%lpctx_(:)
host:0x17b1c950 device:0x4009325f7000 size:720 presentcount:0+1 line:519 name:var%lpcty_(:)
host:0x17b1cc50 device:0x4009325f7400 size:1000 presentcount:0+1 line:519 name:var%lpctz_(:)
host:0x17b1d060 device:0x4009323fd600 size:2560 presentcount:0+1 line:519 name:var%lpctx(:)
host:0x17b1da90 device:0x4009323ff000 size:1440 presentcount:0+1 line:519 name:var%lpcty(:)
host:0x17b1e060 device:0x4009323fe200 size:2000 presentcount:0+1 line:519 name:var%lpctz(:)
host:0x17b1e860 device:0x4009323ff600 size:2560 presentcount:0+1 line:519 name:var%lpctx_(:)
host:0x17b1f290 device:0x4009325e9e00 size:1440 presentcount:0+1 line:519 name:var%lpcty_(:)
host:0x17b1f860 device:0x4009325ea400 size:2000 presentcount:0+1 line:519 name:var%lpctz_(:)
host:0x17c0b940 device:0x4009325ee800 size:2824 presentcount:0+1 line:482 name:var%i2(:)
host:0x17c0c470 device:0x4009325ef400 size:2824 presentcount:0+1 line:482 name:var%i3(:)
host:0x17c0cfa0 device:0x4009325f0000 size:5020 presentcount:0+1 line:482 name:var%i2(:)
host:0x17c0e370 device:0x4009325f1400 size:5020 presentcount:0+1 line:482 name:var%i3(:)
host:0x17c0f740 device:0x4009325eac00 size:7200 presentcount:0+2 line:482 name:var%i2(:)
host:0x17c11390 device:0x4009325eca00 size:7200 presentcount:0+2 line:482 name:var%i3(:)
host:0x17c13400 device:0x4009d4c5fa00 size:921600 presentcount:0+2 line:482 name:var%index(:,:)
host:0x17cf4430 device:0x4009325fcc00 size:2560 presentcount:0+1 line:569 name:var%ind1(:)
host:0x17cf4e60 device:0x4009325fd600 size:2824 presentcount:0+1 line:569 name:var%indcol(:)
host:0x17cf5990 device:0x4009325f7c00 size:2824 presentcount:0+1 line:482 name:var%i2(:)
host:0x17cf64c0 device:0x4009325f8800 size:2824 presentcount:0+1 line:482 name:var%i3(:)
host:0x17cf6ff0 device:0x4009325f9400 size:1512 presentcount:0+1 line:482 name:var%i2(:)
host:0x17cf7600 device:0x4009325f9a00 size:1512 presentcount:0+1 line:482 name:var%i3(:)
host:0x17cf7c10 device:0x4008c71fba00 size:4320 presentcount:0+2 line:430 name:var%nlimax(:)
host:0x17cf8d20 device:0x4008c71fce00 size:4324 presentcount:0+2 line:430 name:var%lmbase(:)
host:0x17cf9e30 device:0x4008c71fe200 size:4324 presentcount:0+2 line:430 name:var%nlibase(:)
host:0x17cfaf40 device:0x4006de3f1c00 size:17132 presentcount:0+4 line:519 name:var%nindpwconjg(:)
host:0x17cff260 device:0x4006de3f6000 size:17132 presentcount:0+4 line:519 name:var%ind_in_sphere(:)
host:0x17d041a0 device:0x4009325fa000 size:516 presentcount:0+1 line:499 name:var%n(:)
host:0x17d043d0 device:0x400db21b9400 size:181440 presentcount:0+1 line:499 name:var%tbli(:)
host:0x17d308c0 device:0x4009325fac00 size:516 presentcount:0+1 line:499 name:var%ptri(:)
host:0x17d30af0 device:0x4009325fa800 size:516 presentcount:0+1 line:499 name:var%ni(:)
host:0x17d30d20 device:0x4009325fb400 size:516 presentcount:0+1 line:499 name:var%ptr(:)
host:0x17d30f50 device:0x4009325fb000 size:516 presentcount:0+1 line:499 name:var%n(:)
host:0x17d31180 device:0x4009325fc000 size:1280 presentcount:0+1 line:569 name:var%ind1(:)
host:0x17d316b0 device:0x4009325fc600 size:720 presentcount:0+1 line:569 name:var%indcol(:)
host:0x17d319b0 device:0x40080e32e800 size:180000 presentcount:0+4 line:482 name:var%i2(:)
host:0x17d5d900 device:0x40080e35a800 size:180000 presentcount:0+4 line:482 name:var%i3(:)
host:0x17d89850 device:0x4009323bca00 size:180000 presentcount:0+8 line:482 name:var%index(:,:)
host:0x17db57a0 device:0x4009329bca00 size:180000 presentcount:0+8 line:482 name:var%i2(:)
host:0x17de16f0 device:0x40080e386800 size:180000 presentcount:0+8 line:482 name:var%i3(:)
host:0x17e0dc70 device:0x400932400000 size:1821184 presentcount:0+3 line:616 name:var%nindpw(:,:)
host:0x17fca6a0 device:0x4006de3fac00 size:8 presentcount:0+2 line:616 name:var%nb_totk(:,:)
host:0x17fca6d0 device:0x4009323fd400 size:4 presentcount:0+2 line:616 name:var%luseinv(:)
host:0x17fca700 device:0x4006de3ee600 size:4 presentcount:0+2 line:616 name:var%at_gamma(:)
host:0x17fca730 device:0x4009325bca00 size:180000 presentcount:0+3 line:616 name:var%pl_index(:,:)
host:0x17ff6680 device:0x4009327bca00 size:180000 presentcount:0+3 line:616 name:var%pl_col(:,:)
host:0x180225d0 device:0x4009323fee00 size:8 presentcount:0+2 line:405 name:var%lmmax(:)
host:0x18022600 device:0x4008c71ffe00 size:8 presentcount:0+2 line:430 name:var%lmax(:)
host:0x18022630 device:0x4009323f0200 size:4324 presentcount:0+2 line:405 name:var%lmbase(:)
host:0x18023740 device:0x4006de3ee400 size:8 presentcount:0+2 line:430 name:var%lmmax(:)
host:0x18023770 device:0x4006de3ee800 size:8 presentcount:0+2 line:430 name:var%channels(:)
host:0x180237a0 device:0x4008e71ff800 size:16 presentcount:0+2 line:430 name:var%rsmooth(:)
host:0x18094040 device:0x4009d4c00000 size:230400 presentcount:0+1 line:499 name:var%tbl(:)
host:0x181048a0 device:0x400db23b9400 size:181440 presentcount:0+1 line:499 name:var%tbl(:)
host:0x18130d90 device:0x4008c71fcc00 size:4 presentcount:0+1 line:499 name:var%tbli(:)
host:0x18130dc0 device:0x4009325fbc00 size:516 presentcount:0+1 line:499 name:var%ptri(:)
host:0x18130ff0 device:0x4009325fb800 size:516 presentcount:0+1 line:499 name:var%ni(:)
host:0x18145040 device:0x4009325f2c00 size:516 presentcount:0+1 line:499 name:var%ptr(:)
host:0x18145270 device:0x4009325f2800 size:516 presentcount:0+1 line:499 name:var%n(:)
host:0x181454a0 device:0x4009325f3400 size:516 presentcount:0+1 line:499 name:var%ptri(:)
host:0x181456d0 device:0x4009325f3000 size:516 presentcount:0+1 line:499 name:var%ni(:)
host:0x18145900 device:0x4009325f3c00 size:516 presentcount:0+1 line:499 name:var%ptr(:)
host:0x18145b30 device:0x4009325f3800 size:516 presentcount:0+1 line:499 name:var%n(:)
host:0x18145d60 device:0x4009325f4400 size:516 presentcount:0+1 line:499 name:var%ptri(:)
host:0x1828c180 device:0x4009d5600000 size:7284736 presentcount:0+3 line:616 name:var%datake(:,:,:)
host:0x1897f400 device:0x400932600000 size:1821184 presentcount:0+3 line:616 name:var%igx(:,:)
host:0x18b3ca90 device:0x400932200000 size:1821184 presentcount:0+3 line:616 name:var%igy(:,:)
host:0x18cfa330 device:0x400932800000 size:1821184 presentcount:0+3 line:616 name:var%igz(:,:)
host:0x18eb8200 device:0x400933200000 size:7284272 presentcount:0+4 line:519 name:var%fftsca(:,:)
host:0x195af4d0 device:0x4009325f4000 size:516 presentcount:0+1 line:499 name:var%ni(:)
host:0x1966e420 device:0x4009d4e00000 size:1807360 presentcount:0+1 line:499 name:var%tbl(:)
host:0x199e4010 device:0x400db2000000 size:1807200 presentcount:0+1 line:499 name:var%tbli(:)
host:0x19b9f080 device:0x400db2200000 size:1807200 presentcount:0+1 line:499 name:var%tbl(:)
host:0x19e22420 device:0x4008e71f4000 size:41984 presentcount:0+1 line:746 name:var%auxtot(:,:,:)
host:0x19e42420 device:0x4006de3e4000 size:41984 presentcount:0+2 line:746 name:var%fertot(:,:,:)
host:0x19f15790 device:0x400db2400000 size:1807200 presentcount:0+1 line:499 name:var%tbli(:)
host:0x1ab35310 device:0x40080e31a000 size:83968 presentcount:0+2 line:746 name:var%celtot(:,:,:)
host:0x1bbc25a0 device:0x400932a00000 size:7200000 presentcount:0+1 line:195 name:dencor(:)
host:0x1c98c890 device:0x400931e00000 size:2799360 presentcount:0+2 line:194 name:cdij(:,:,:,:)
host:0x1cc3bfb0 device:0x400db2600000 size:2799360 presentcount:0+2 line:194 name:cqij(:,:,:,:)
host:0x1d19bc60 device:0x4009d5200000 size:4030464 presentcount:0+5 line:746 name:var%gproj(:,:,:,:)
host:0x1d829990 device:0x40080e3ca800 size:98304 presentcount:0+1 line:1101 name:w1%gproj(:)
host:0x2470f4e0 device:0x4009d4d40a00 size:393216 presentcount:0+2 line:1226 name:wa%gproj(:,:)
host:0x2476f510 device:0x400da38c0000 size:393216 presentcount:0+2 line:1226 name:wa%gproj(:,:)
host:0x247d6ad0 device:0x400f35600000 size:3145728 presentcount:0+2 line:1226 name:wa%gproj(:,:)
host:0x28a17070 device:0x4009329fe200 size:2048 presentcount:0+1 line:179 name:w1(:)
host:0x28a17890 device:0x400db21f5600 size:2048 presentcount:0+1 line:179 name:wtmp(:)
host:0x28a23350 device:0x400e11e00000 size:7284736 presentcount:0+1 line:1101 name:w1%cptwfp(:)
host:0x29115b80 device:0x40080e3b2800 size:98304 presentcount:0+1 line:1101 name:w1%gproj(:)
host:0x2912dbb0 device:0x400db23e5a00 size:98304 presentcount:0+1 line:1101 name:w1%gproj(:)
host:0x29145be0 device:0x40080e3e2800 size:98304 presentcount:0+1 line:1101 name:w1%gproj(:)
host:0x2936d9d0 device:0x400f36a00000 size:14569472 presentcount:0+1 line:202 name:precon(:,:)
host:0x2a15a7d0 device:0x400dafa00000 size:7284736 presentcount:0+1 line:1101 name:w1%cptwfp(:)
host:0x2a855400 device:0x400f35a00000 size:7284736 presentcount:0+1 line:1101 name:w1%cptwfp(:)
host:0x2af48050 device:0x400f36200000 size:7284736 presentcount:0+1 line:1101 name:w1%cptwfp(:)
host:0x400718a310a0 device:0x400933a00000 size:45593280 presentcount:0+2 line:430 name:var%nli(:,:)
host:0x40071d8c39e0 device:0x400db2a00000 size:14458880 presentcount:0+1 line:195 name:cstrf(:,:)
host:0x40076c0031a0 device:0x40098dc00000 size:230400000 presentcount:0+2 line:194 name:sv(:,:)
host:0x40077bcb6f80 device:0x400f31e00000 size:29138944 presentcount:0+2 line:1226 name:wa%cptwfp(:,:)
host:0x4008200012b0 device:0x400940000000 size:807411968 presentcount:0+2 line:430 name:var%rproj(:)
host:0x400850217190 device:0x400f33a00000 size:29138944 presentcount:0+2 line:1226 name:wa%cptwfp(:,:)
host:0x400900004a60 device:0x400920000000 size:298674176 presentcount:0+5 line:746 name:var%cptwfp(:,:,:,:)
host:0x400911ce73a0 device:0x400e00000000 size:233111552 presentcount:0+2 line:1226 name:wa%cptwfp(:,:)
host:0x400a400079d0 device:0x400720000000 size:230400000 presentcount:0+1 line:1101 name:w1%cr(:)
host:0x400a4dbd7be0 device:0x400970400000 size:230400000 presentcount:0+1 line:1236 name:w1%cr(:)
host:0x400c60008000 device:0x4009c0000000 size:230400000 presentcount:0+1 line:1101 name:w1%cr(:)
host:0x400c6dbd8210 device:0x400980000000 size:230400000 presentcount:0+1 line:1236 name:w1%cr(:)
host:0x400d60000020 device:0x400d80000000 size:230400000 presentcount:0+1 line:1101 name:w1%cr(:)
host:0x400d6dbc0230 device:0x400f11e00000 size:230400000 presentcount:0+1 line:1236 name:w1%cr(:)
host:0x400de0000650 device:0x400ef1e00000 size:230400000 presentcount:0+1 line:1101 name:w1%cr(:)
host:0x400dedbc0860 device:0x400ed1e00000 size:230400000 presentcount:0+1 line:1236 name:w1%cr(:)
host:0x400f40005ae0 device:0x400f80000000 size:921600000 presentcount:0+1 line:1005 name:cwork1(:,:)
host:0xffffe79bb8c0 device:0x400db21f6200 size:3024 presentcount:0+12 line:682 name:var
host:0xffffe79bc490 device:0x4008a71ff600 size:1480 presentcount:0+1 line:174 name:w_ini
host:0xffffe79bca60 device:0x4009325ff600 size:1480 presentcount:0+1 line:174 name:wopt
host:0xffffe79bd030 device:0x4008c71fa400 size:1480 presentcount:0+1 line:174 name:wtmpa
allocated block device:0x4006de3e4000 size:41984 thread:1
allocated block device:0x4006de3ee400 size:512 thread:1
allocated block device:0x4006de3ee600 size:512 thread:1
allocated block device:0x4006de3ee800 size:512 thread:1
allocated block device:0x4006de3eea00 size:512 thread:1
allocated block device:0x4006de3eec00 size:5120 thread:1
allocated block device:0x4006de3f0000 size:1536 thread:1
allocated block device:0x4006de3f0600 size:1024 thread:1
allocated block device:0x4006de3f0a00 size:1024 thread:1
allocated block device:0x4006de3f0e00 size:1536 thread:1
allocated block device:0x4006de3f1400 size:1024 thread:1
allocated block device:0x4006de3f1800 size:1024 thread:1
allocated block device:0x4006de3f1c00 size:17408 thread:1
allocated block device:0x4006de3f6000 size:17408 thread:1
allocated block device:0x4006de3fa400 size:2048 thread:1
allocated block device:0x4006de3fac00 size:512 thread:1
allocated block device:0x4006de3fae00 size:4608 thread:1
allocated block device:0x4006de3fc000 size:512 thread:1
allocated block device:0x4006de3fc200 size:4608 thread:1
allocated block device:0x4006de3fd400 size:3072 thread:1
allocated block device:0x4006de3fe000 size:512 thread:1
allocated block device:0x4006de3fe200 size:512 thread:1
allocated block device:0x4006de3fe400 size:512 thread:1
allocated block device:0x4006de3fe600 size:512 thread:1
allocated block device:0x4006de3fe800 size:512 thread:1
allocated block device:0x4006de3fea00 size:4608 thread:1
allocated block device:0x4006de3ffc00 size:512 thread:1
allocated block device:0x4006de3ffe00 size:512 thread:1
allocated block device:0x400720000000 size:230400000 thread:1
allocated block device:0x40080e31a000 size:83968 thread:1
allocated block device:0x40080e32e800 size:180224 thread:1
allocated block device:0x40080e35a800 size:180224 thread:1
allocated block device:0x40080e386800 size:180224 thread:1
allocated block device:0x40080e3b2800 size:98304 thread:1
allocated block device:0x40080e3ca800 size:98304 thread:1
allocated block device:0x40080e3e2800 size:98304 thread:1
allocated block device:0x4008871ff800 size:1024 thread:1
allocated block device:0x4008a71ff600 size:1536 thread:1
allocated block device:0x4008c71fa400 size:2048 thread:1
allocated block device:0x4008c71fae00 size:2560 thread:1
allocated block device:0x4008c71fb800 size:512 thread:1
allocated block device:0x4008c71fba00 size:4608 thread:1
allocated block device:0x4008c71fcc00 size:512 thread:1
allocated block device:0x4008c71fce00 size:4608 thread:1
allocated block device:0x4008c71fe000 size:512 thread:1
allocated block device:0x4008c71fe200 size:4608 thread:1
allocated block device:0x4008c71ff400 size:512 thread:1
allocated block device:0x4008c71ff600 size:512 thread:1
allocated block device:0x4008c71ff800 size:512 thread:1
allocated block device:0x4008c71ffa00 size:512 thread:1
allocated block device:0x4008c71ffc00 size:512 thread:1
allocated block device:0x4008c71ffe00 size:512 thread:1
allocated block device:0x4008e71f4000 size:41984 thread:1
allocated block device:0x4008e71fe400 size:5120 thread:1
allocated block device:0x4008e71ff800 size:512 thread:1
allocated block device:0x4008e71ffa00 size:512 thread:1
allocated block device:0x4008e71ffc00 size:512 thread:1
allocated block device:0x4008e71ffe00 size:512 thread:1
allocated block device:0x400920000000 size:298674176 thread:1
allocated block device:0x400931e00000 size:4030464 thread:1
allocated block device:0x400932200000 size:1821184 thread:1
allocated block device:0x4009323bca00 size:180224 thread:1
allocated block device:0x4009323e8a00 size:26112 thread:1
allocated block device:0x4009323ef000 size:4608 thread:1
allocated block device:0x4009323f0200 size:4608 thread:1
allocated block device:0x4009323f1400 size:24064 thread:1
allocated block device:0x4009323f7200 size:512 thread:1
allocated block device:0x4009323f7400 size:24064 thread:1
allocated block device:0x4009323fd200 size:512 thread:1
allocated block device:0x4009323fd400 size:512 thread:1
allocated block device:0x4009323fd600 size:3072 thread:1
allocated block device:0x4009323fe200 size:3072 thread:1
allocated block device:0x4009323fee00 size:512 thread:1
allocated block device:0x4009323ff000 size:1536 thread:1
allocated block device:0x4009323ff600 size:2560 thread:1
allocated block device:0x400932400000 size:1821184 thread:1
allocated block device:0x4009325bca00 size:180224 thread:1
allocated block device:0x4009325e8a00 size:5120 thread:1
allocated block device:0x4009325e9e00 size:1536 thread:1
allocated block device:0x4009325ea400 size:2048 thread:1
allocated block device:0x4009325eac00 size:7680 thread:1
allocated block device:0x4009325eca00 size:7680 thread:1
allocated block device:0x4009325ee800 size:3072 thread:1
allocated block device:0x4009325ef400 size:3072 thread:1
allocated block device:0x4009325f0000 size:5120 thread:1
allocated block device:0x4009325f1400 size:5120 thread:1
allocated block device:0x4009325f2800 size:1024 thread:1
allocated block device:0x4009325f2c00 size:1024 thread:1
allocated block device:0x4009325f3000 size:1024 thread:1
allocated block device:0x4009325f3400 size:1024 thread:1
allocated block device:0x4009325f3800 size:1024 thread:1
allocated block device:0x4009325f3c00 size:1024 thread:1
allocated block device:0x4009325f4000 size:1024 thread:1
allocated block device:0x4009325f4400 size:1024 thread:1
allocated block device:0x4009325f4800 size:5120 thread:1
allocated block device:0x4009325f5c00 size:1536 thread:1
allocated block device:0x4009325f6200 size:1024 thread:1
allocated block device:0x4009325f6600 size:1024 thread:1
allocated block device:0x4009325f6a00 size:1536 thread:1
allocated block device:0x4009325f7000 size:1024 thread:1
allocated block device:0x4009325f7400 size:1024 thread:1
allocated block device:0x4009325f7800 size:1024 thread:1
allocated block device:0x4009325f7c00 size:3072 thread:1
allocated block device:0x4009325f8800 size:3072 thread:1
allocated block device:0x4009325f9400 size:1536 thread:1
allocated block device:0x4009325f9a00 size:1536 thread:1
allocated block device:0x4009325fa000 size:1024 thread:1
allocated block device:0x4009325fa400 size:1024 thread:1
allocated block device:0x4009325fa800 size:1024 thread:1
allocated block device:0x4009325fac00 size:1024 thread:1
allocated block device:0x4009325fb000 size:1024 thread:1
allocated block device:0x4009325fb400 size:1024 thread:1
allocated block device:0x4009325fb800 size:1024 thread:1
allocated block device:0x4009325fbc00 size:1024 thread:1
allocated block device:0x4009325fc000 size:1536 thread:1
allocated block device:0x4009325fc600 size:1024 thread:1
allocated block device:0x4009325fca00 size:512 thread:1
allocated block device:0x4009325fcc00 size:2560 thread:1
allocated block device:0x4009325fd600 size:3072 thread:1
allocated block device:0x4009325ff600 size:2560 thread:1
allocated block device:0x400932600000 size:1821184 thread:1
allocated block device:0x4009327bca00 size:180224 thread:1
allocated block device:0x4009327e8a00 size:28672 thread:1
allocated block device:0x4009327efa00 size:40448 thread:1
allocated block device:0x4009327f9800 size:8192 thread:1
allocated block device:0x4009327fb800 size:8192 thread:1
allocated block device:0x4009327fd800 size:8192 thread:1
allocated block device:0x4009327ff800 size:512 thread:1
allocated block device:0x400932800000 size:1821184 thread:1
allocated block device:0x4009329bca00 size:180224 thread:1
allocated block device:0x4009329e8a00 size:40448 thread:1
allocated block device:0x4009329fe200 size:2048 thread:1
allocated block device:0x400932a00000 size:7284736 thread:1
allocated block device:0x400933200000 size:7284736 thread:1
allocated block device:0x400933a00000 size:45593600 thread:1
allocated block device:0x400940000000 size:807412224 thread:1
allocated block device:0x400970400000 size:230400000 thread:1
allocated block device:0x400980000000 size:230400000 thread:1
allocated block device:0x40098dc00000 size:230400000 thread:1
allocated block device:0x4009c0000000 size:230400000 thread:1
allocated block device:0x4009d4c00000 size:391680 thread:1
allocated block device:0x4009d4c5fa00 size:921600 thread:1
allocated block device:0x4009d4d40a00 size:393216 thread:1
allocated block device:0x4009d4e00000 size:2799616 thread:1
allocated block device:0x4009d5200000 size:4030464 thread:1
allocated block device:0x4009d5600000 size:7284736 thread:1
allocated block device:0x400d80000000 size:298674176 thread:1
allocated block device:0x400da38c0000 size:393216 thread:1
allocated block device:0x400dafa00000 size:7284736 thread:1
allocated block device:0x400db2000000 size:1807360 thread:1
allocated block device:0x400db21b9400 size:181760 thread:1
allocated block device:0x400db21f5600 size:3072 thread:1
allocated block device:0x400db21f6200 size:3072 thread:1
allocated block device:0x400db2200000 size:1807360 thread:1
allocated block device:0x400db23b9400 size:181760 thread:1
allocated block device:0x400db23e5a00 size:98304 thread:1
allocated block device:0x400db2400000 size:1807360 thread:1
allocated block device:0x400db2600000 size:2799616 thread:1
allocated block device:0x400db2a00000 size:14458880 thread:1
allocated block device:0x400e00000000 size:298674176 thread:1
allocated block device:0x400e11e00000 size:7284736 thread:1
allocated block device:0x400ed1e00000 size:230400000 thread:1
allocated block device:0x400ef1e00000 size:230400000 thread:1
allocated block device:0x400f11e00000 size:230400000 thread:1
allocated block device:0x400f31e00000 size:29138944 thread:1
allocated block device:0x400f33a00000 size:29138944 thread:1
allocated block device:0x400f35600000 size:3145728 thread:1
allocated block device:0x400f35a00000 size:7284736 thread:1
allocated block device:0x400f36200000 size:7284736 thread:1
allocated block device:0x400f36a00000 size:14569472 thread:1
allocated block device:0x400f80000000 size:921600000 thread:1
Accelerator Fatal Error: call to cuMemAlloc returned error 2 (CUDA_ERROR_OUT_OF_MEMORY): Out of memory
 File: /lus/lfs1aip2/projects/u6cb/software/VASP/vasp.6.5.1/build/gam/fft_base.f90
 Function: restride_r2q_cmplx:945
 Line: 964

host:0x25572a0 device:0x4008c71ffa00 size:32 presentcount:0+4 line:652 name:var%comm_kinter
host:0x25572c0 device:0x4008c71ffc00 size:32 presentcount:0+6 line:655 name:var%comm_kin
host:0x25572e0 device:0x4008c71ff400 size:32 presentcount:0+3 line:646 name:var%comm_inter
host:0x2557300 device:0x4008c71ff600 size:32 presentcount:0+7 line:649 name:var%comm_inb
host:0x256be80 device:0x4006da0ecd00 size:8 presentcount:0+1 line:-1 name:_setexm_struct_def_21
host:0x2576f40 device:0x4006da0ece00 size:28 presentcount:0+1 line:-1 name:_ml_ff_constant_21
host:0x2577c80 device:0x4006da0ecf00 size:30437 presentcount:0+1 line:-1 name:_ml_ff_taglist_21
host:0x25afc80 device:0x4006da0f4600 size:8 presentcount:0+1 line:-1 name:_mopenacc_tutor_21
host:0x25c2740 device:0x4006da0f4a00 size:32 presentcount:0+1 line:-1 name:_mbj_21
host:0x25cd640 device:0x4006da0f4d00 size:8 presentcount:0+1 line:-1 name:_sym_prec_21
host:0x26030c0 device:0x4006da0f4e00 size:344 presentcount:0+1 line:-1 name:_tet_21
host:0x261c840 device:0x4006da0f5000 size:392 presentcount:0+1 line:-1 name:_mymath_21
host:0x2817368 device:0x4006de5eec00 size:4800 presentcount:0+2 line:614 name:var
host:0x2818628 device:0x4006de5fa400 size:1984 presentcount:0+2 line:403 name:var
host:0x281a910 device:0x4008871ff800 size:864 presentcount:0+4 line:2639 name:hamiltonian
host:0x286ac80 device:0x4006de5fd400 size:2712 presentcount:0+2 line:428 name:var
host:0x286b718 device:0x4008c71fae00 size:2248 presentcount:0+1 line:742 name:var
host:0x286eb50 device:0x4009327ff800 size:288 presentcount:0+1 line:195 name:latt_cur
host:0x2871658 device:0x4008e73fe400 size:5088 presentcount:0+28 line:517 name:var
host:0x2872a38 device:0x4009325f4800 size:5088 presentcount:0+6 line:517 name:var
host:0x2873e18 device:0x4009325e8a00 size:5088 presentcount:0+7 line:517 name:var
host:0x287a2a8 device:0x4008c71fe000 size:304 presentcount:0+1 line:567 name:var
host:0x287a3d8 device:0x4009325fca00 size:304 presentcount:0+1 line:567 name:var
host:0x2e48ec0 device:0x4006da002600 size:960024 presentcount:0+1 line:-1 name:_setexm_struct_def_16
host:0x2f8f080 device:0x4006da0f4700 size:580 presentcount:0+1 line:-1 name:_wpbe_16
host:0x2f8f900 device:0x4006da0f4b00 size:288 presentcount:0+1 line:-1 name:_mbj_16
host:0x9f446c0 device:0x4006da0f5200 size:624 presentcount:0+1 line:-1 name:_mlr_optic_16
host:0x1be4cbb0 device:0x4009325f7800 size:528 presentcount:0+1 line:480 name:var
host:0x2009d7c0 device:0x4008c71ff800 size:8 presentcount:0+4 line:405 name:var%nityp(:)
host:0x2059bfd0 device:0x4006de5f0a00 size:1000 presentcount:0+4 line:519 name:var%lpctz(:)
host:0x20a1f0d0 device:0x4009327e8a00 size:28464 presentcount:0+1 line:853 name:var(:)
host:0x20a31850 device:0x4009329e8a00 size:40000 presentcount:0+1 line:857 name:var%psp(:,:)
host:0x20a3b4c0 device:0x4009327fd800 size:8000 presentcount:0+1 line:857 name:var%psprho(:)
host:0x20a3e750 device:0x4009323f7400 size:24000 presentcount:0+2 line:466 name:var%psprnl(:,:,:)
host:0x20a6e130 device:0x4009323ef000 size:4320 presentcount:0+4 line:405 name:var%ityp(:)
host:0x20a6f240 device:0x4009323e8a00 size:25920 presentcount:0+4 line:405 name:var%posion(:,:)
host:0x20ab25a0 device:0x4009327efa00 size:40000 presentcount:0+1 line:857 name:var%psp(:,:)
host:0x20abc210 device:0x4009327f9800 size:8000 presentcount:0+1 line:857 name:var%pspcor(:)
host:0x20abe180 device:0x4009327fb800 size:8000 presentcount:0+1 line:857 name:var%psprho(:)
host:0x20ac1410 device:0x4009323f1400 size:24000 presentcount:0+2 line:466 name:var%psprnl(:,:,:)
host:0x20b0e3d0 device:0x4008e73ffc00 size:24 presentcount:0+3 line:466 name:var%lps(:)
host:0x20b0e480 device:0x4008c71fb800 size:24 presentcount:0+3 line:466 name:var%lps(:)
host:0x21192fe0 device:0x4009325fa400 size:516 presentcount:0+1 line:499 name:var%ptr(:)
host:0x213352f0 device:0x4006de5fe600 size:24 presentcount:0+3 line:616 name:var%vkpt(:,:)
host:0x2135a4a0 device:0x4006de5fe800 size:8 presentcount:0+2 line:616 name:var%wtkpt(:)
host:0x2135a4d0 device:0x4006de5fe200 size:8 presentcount:0+3 line:616 name:var%nityp(:)
host:0x2135a650 device:0x4006de5eea00 size:16 presentcount:0+2 line:430 name:var%psrmax(:)
host:0x2135ac10 device:0x4006de5fea00 size:4320 presentcount:0+3 line:616 name:var%ityp(:)
host:0x2135bd20 device:0x4006de5fe000 size:8 presentcount:0+3 line:616 name:var%lmmax(:)
host:0x2135bd50 device:0x4006de5fe400 size:8 presentcount:0+3 line:616 name:var%nt_global(:)
host:0x2135bd80 device:0x4006de5fc200 size:4320 presentcount:0+3 line:616 name:var%npro_pos(:)
host:0x2135ce90 device:0x4006de5fae00 size:4324 presentcount:0+3 line:616 name:var%lmbase(:)
host:0x2135dfa0 device:0x4006de5ffe00 size:4 presentcount:0+2 line:616 name:var%nplwkp(:)
host:0x2135dfd0 device:0x4009323f7200 size:4 presentcount:0+2 line:616 name:var%nplwkp_tot(:)
host:0x2135e000 device:0x4009323fd200 size:4 presentcount:0+2 line:616 name:var%ngvector_pos(:)
host:0x2135e030 device:0x4006de5ffc00 size:4 presentcount:0+2 line:616 name:var%ngvector(:)
host:0x2135e060 device:0x4006de5f0000 size:1280 presentcount:0+4 line:519 name:var%lpctx(:)
host:0x2135e590 device:0x4006de5f0600 size:720 presentcount:0+4 line:519 name:var%lpcty(:)
host:0x2135e890 device:0x4006de5f0e00 size:1280 presentcount:0+4 line:519 name:var%lpctx_(:)
host:0x2135edc0 device:0x4006de5f1400 size:720 presentcount:0+4 line:519 name:var%lpcty_(:)
host:0x2135f0c0 device:0x4006de5f1800 size:1000 presentcount:0+4 line:519 name:var%lpctz_(:)
host:0x2135f4d0 device:0x4009325f5c00 size:1280 presentcount:0+1 line:519 name:var%lpctx(:)
host:0x2135fa00 device:0x4009325f6200 size:720 presentcount:0+1 line:519 name:var%lpcty(:)
host:0x2135fd00 device:0x4009325f6600 size:1000 presentcount:0+1 line:519 name:var%lpctz(:)
host:0x21360110 device:0x4009325f6a00 size:1280 presentcount:0+1 line:519 name:var%lpctx_(:)
host:0x21360640 device:0x4009325f7000 size:720 presentcount:0+1 line:519 name:var%lpcty_(:)
host:0x21360940 device:0x4009325f7400 size:1000 presentcount:0+1 line:519 name:var%lpctz_(:)
host:0x21360d50 device:0x4009323fd600 size:2560 presentcount:0+1 line:519 name:var%lpctx(:)
host:0x21361780 device:0x4009323ff000 size:1440 presentcount:0+1 line:519 name:var%lpcty(:)
host:0x21361d50 device:0x4009323fe200 size:2000 presentcount:0+1 line:519 name:var%lpctz(:)
host:0x21362550 device:0x4009323ff600 size:2560 presentcount:0+1 line:519 name:var%lpctx_(:)
host:0x21362f80 device:0x4009325e9e00 size:1440 presentcount:0+1 line:519 name:var%lpcty_(:)
host:0x21363550 device:0x4009325ea400 size:2000 presentcount:0+1 line:519 name:var%lpctz_(:)
host:0x2144f630 device:0x4009325ee800 size:2824 presentcount:0+1 line:482 name:var%i2(:)
host:0x21450160 device:0x4009325ef400 size:2824 presentcount:0+1 line:482 name:var%i3(:)
host:0x21450c90 device:0x4009325f0000 size:5020 presentcount:0+1 line:482 name:var%i2(:)
host:0x21452060 device:0x4009325f1400 size:5020 presentcount:0+1 line:482 name:var%i3(:)
host:0x21453430 device:0x4009325eac00 size:7200 presentcount:0+2 line:482 name:var%i2(:)
host:0x21455080 device:0x4009325eca00 size:7200 presentcount:0+2 line:482 name:var%i3(:)
host:0x214570f0 device:0x4009d4c5fa00 size:921600 presentcount:0+2 line:482 name:var%index(:,:)
host:0x21538120 device:0x4009325fcc00 size:2560 presentcount:0+1 line:569 name:var%ind1(:)
host:0x21538b50 device:0x4009325fd600 size:2824 presentcount:0+1 line:569 name:var%indcol(:)
host:0x21539680 device:0x4009325f7c00 size:2824 presentcount:0+1 line:482 name:var%i2(:)
host:0x2153a1b0 device:0x4009325f8800 size:2824 presentcount:0+1 line:482 name:var%i3(:)
host:0x2153ace0 device:0x4009325f9400 size:1512 presentcount:0+1 line:482 name:var%i2(:)
host:0x2153b2f0 device:0x4009325f9a00 size:1512 presentcount:0+1 line:482 name:var%i3(:)
host:0x2153b900 device:0x4008c71fba00 size:4320 presentcount:0+2 line:430 name:var%nlimax(:)
host:0x2153ca10 device:0x4008c71fce00 size:4324 presentcount:0+2 line:430 name:var%lmbase(:)
host:0x2153db20 device:0x4008c71fe200 size:4324 presentcount:0+2 line:430 name:var%nlibase(:)
host:0x2153ec30 device:0x4006de5f1c00 size:17132 presentcount:0+4 line:519 name:var%nindpwconjg(:)
host:0x21542f50 device:0x4006de5f6000 size:17132 presentcount:0+4 line:519 name:var%ind_in_sphere(:)
host:0x215481a0 device:0x4009325fa000 size:516 presentcount:0+1 line:499 name:var%n(:)
host:0x215483d0 device:0x400db21b9400 size:181440 presentcount:0+1 line:499 name:var%tbli(:)
host:0x215748c0 device:0x4009325fac00 size:516 presentcount:0+1 line:499 name:var%ptri(:)
host:0x21574af0 device:0x4009325fa800 size:516 presentcount:0+1 line:499 name:var%ni(:)
host:0x21574d20 device:0x4008c71fcc00 size:4 presentcount:0+1 line:499 name:var%tbli(:)
host:0x21574e70 device:0x4009325fc000 size:1280 presentcount:0+1 line:569 name:var%ind1(:)
host:0x215753a0 device:0x4009325fc600 size:720 presentcount:0+1 line:569 name:var%indcol(:)
host:0x215756a0 device:0x40081432e800 size:180000 presentcount:0+4 line:482 name:var%i2(:)
host:0x215a15f0 device:0x40081435a800 size:180000 presentcount:0+4 line:482 name:var%i3(:)
host:0x215cd540 device:0x4009323bca00 size:180000 presentcount:0+8 line:482 name:var%index(:,:)
host:0x215f9490 device:0x4009329bca00 size:180000 presentcount:0+8 line:482 name:var%i2(:)
host:0x216253e0 device:0x400814386800 size:180000 presentcount:0+8 line:482 name:var%i3(:)
host:0x21651960 device:0x400932400000 size:1821184 presentcount:0+3 line:616 name:var%nindpw(:,:)
host:0x2180e390 device:0x4006de5fac00 size:8 presentcount:0+2 line:616 name:var%nb_totk(:,:)
host:0x2180e3c0 device:0x4009323fd400 size:4 presentcount:0+2 line:616 name:var%luseinv(:)
host:0x2180e3f0 device:0x4006de5ee600 size:4 presentcount:0+2 line:616 name:var%at_gamma(:)
host:0x2180e420 device:0x4009325bca00 size:180000 presentcount:0+3 line:616 name:var%pl_index(:,:)
host:0x2183a370 device:0x4009327bca00 size:180000 presentcount:0+3 line:616 name:var%pl_col(:,:)
host:0x21866b00 device:0x4009d5600000 size:7284736 presentcount:0+3 line:616 name:var%datake(:,:,:)
host:0x21f59d80 device:0x400932600000 size:1821184 presentcount:0+3 line:616 name:var%igx(:,:)
host:0x22117410 device:0x400932200000 size:1821184 presentcount:0+3 line:616 name:var%igy(:,:)
host:0x222d4cb0 device:0x400932800000 size:1821184 presentcount:0+3 line:616 name:var%igz(:,:)
host:0x224916e0 device:0x4009323fee00 size:8 presentcount:0+2 line:405 name:var%lmmax(:)
host:0x22491710 device:0x4008c71ffe00 size:8 presentcount:0+2 line:430 name:var%lmax(:)
host:0x22491740 device:0x4009323f0200 size:4324 presentcount:0+2 line:405 name:var%lmbase(:)
host:0x22492850 device:0x4006de5ee400 size:8 presentcount:0+2 line:430 name:var%lmmax(:)
host:0x22492880 device:0x4006de5ee800 size:8 presentcount:0+2 line:430 name:var%channels(:)
host:0x224928b0 device:0x4008e73ff800 size:16 presentcount:0+2 line:430 name:var%rsmooth(:)
host:0x224928f0 device:0x4008e73ffa00 size:400 presentcount:0+2 line:464 name:var
host:0x22492a80 device:0x4008e73ffe00 size:400 presentcount:0+2 line:464 name:var
host:0x224940e0 device:0x400933200000 size:7284272 presentcount:0+4 line:519 name:var%fftsca(:,:)
host:0x22bf6fa0 device:0x4009d4c00000 size:230400 presentcount:0+1 line:499 name:var%tbl(:)
host:0x22c67800 device:0x400db23b9400 size:181440 presentcount:0+1 line:499 name:var%tbl(:)
host:0x22c93cf0 device:0x4009325fb400 size:516 presentcount:0+1 line:499 name:var%ptr(:)
host:0x22c93f20 device:0x4009325fb000 size:516 presentcount:0+1 line:499 name:var%n(:)
host:0x22c9acc0 device:0x4009325f3400 size:516 presentcount:0+1 line:499 name:var%ptri(:)
host:0x22c9aef0 device:0x4009325f3000 size:516 presentcount:0+1 line:499 name:var%ni(:)
host:0x22c9b120 device:0x4009325f3c00 size:516 presentcount:0+1 line:499 name:var%ptr(:)
host:0x22c9b350 device:0x4009325f3800 size:516 presentcount:0+1 line:499 name:var%n(:)
host:0x22c9b580 device:0x4009325f4400 size:516 presentcount:0+1 line:499 name:var%ptri(:)
host:0x22c9b7b0 device:0x4009325f4000 size:516 presentcount:0+1 line:499 name:var%ni(:)
host:0x22cc0640 device:0x4009325fbc00 size:516 presentcount:0+1 line:499 name:var%ptri(:)
host:0x22cc0870 device:0x4009325fb800 size:516 presentcount:0+1 line:499 name:var%ni(:)
host:0x22d64150 device:0x4009325f2c00 size:516 presentcount:0+1 line:499 name:var%ptr(:)
host:0x22d64380 device:0x4009325f2800 size:516 presentcount:0+1 line:499 name:var%n(:)
host:0x22d69e10 device:0x4009d4e00000 size:1807360 presentcount:0+1 line:499 name:var%tbl(:)
host:0x230dfa00 device:0x400db2000000 size:1807200 presentcount:0+1 line:499 name:var%tbli(:)
host:0x2329aa70 device:0x400db2200000 size:1807200 presentcount:0+1 line:499 name:var%tbl(:)
host:0x23512420 device:0x4008e73f4000 size:41984 presentcount:0+1 line:746 name:var%auxtot(:,:,:)
host:0x23520030 device:0x40081431a000 size:83968 presentcount:0+2 line:746 name:var%celtot(:,:,:)
host:0x23534860 device:0x4006de5e4000 size:41984 presentcount:0+2 line:746 name:var%fertot(:,:,:)
host:0x23611180 device:0x400db2400000 size:1807200 presentcount:0+1 line:499 name:var%tbli(:)
host:0x252c2090 device:0x400932a00000 size:7200000 presentcount:0+1 line:195 name:dencor(:)
host:0x2608c380 device:0x400931e00000 size:2799360 presentcount:0+2 line:194 name:cdij(:,:,:,:)
host:0x2633baa0 device:0x400db2600000 size:2799360 presentcount:0+2 line:194 name:cqij(:,:,:,:)
host:0x2689b750 device:0x4009d5200000 size:4030464 presentcount:0+5 line:746 name:var%gproj(:,:,:,:)
host:0x26f29ff0 device:0x4008143b2800 size:98304 presentcount:0+1 line:1101 name:w1%gproj(:)
host:0x2de05420 device:0x4009d4d40a00 size:393216 presentcount:0+2 line:1226 name:wa%gproj(:,:)
host:0x2de65450 device:0x400da38c0000 size:393216 presentcount:0+2 line:1226 name:wa%gproj(:,:)
host:0x2decc5f0 device:0x400f35600000 size:3145728 presentcount:0+2 line:1226 name:wa%gproj(:,:)
host:0x320e4210 device:0x4008143ca800 size:98304 presentcount:0+1 line:1101 name:w1%gproj(:)
host:0x320fe080 device:0x4009329fe200 size:2048 presentcount:0+1 line:179 name:w1(:)
host:0x320fe8a0 device:0x400db21f5600 size:2048 presentcount:0+1 line:179 name:wtmp(:)
host:0x3211b360 device:0x400e11e00000 size:7284736 presentcount:0+1 line:1101 name:w1%cptwfp(:)
host:0x3280db90 device:0x400db23e5a00 size:98304 presentcount:0+1 line:1101 name:w1%gproj(:)
host:0x32825bc0 device:0x4008143e2800 size:98304 presentcount:0+1 line:1101 name:w1%gproj(:)
host:0x32a61e40 device:0x400f36a00000 size:14569472 presentcount:0+1 line:202 name:precon(:,:)
host:0x3384e820 device:0x400dafa00000 size:7284736 presentcount:0+1 line:1101 name:w1%cptwfp(:)
host:0x33f49030 device:0x400f35a00000 size:7284736 presentcount:0+1 line:1101 name:w1%cptwfp(:)
host:0x3463b860 device:0x400f36200000 size:7284736 presentcount:0+1 line:1101 name:w1%cptwfp(:)
host:0x40070c0010a0 device:0x400933a00000 size:45593280 presentcount:0+2 line:430 name:var%nli(:,:)
host:0x40070eb839e0 device:0x400db2a00000 size:14458880 presentcount:0+1 line:195 name:cstrf(:,:)
host:0x4007700031a0 device:0x40098dc00000 size:230400000 presentcount:0+2 line:194 name:sv(:,:)
host:0x4008200012b0 device:0x400940000000 size:807411968 presentcount:0+2 line:430 name:var%rproj(:)
host:0x400850216b60 device:0x400f31e00000 size:29138944 presentcount:0+2 line:1226 name:wa%cptwfp(:,:)
host:0x400851df6d70 device:0x400f33a00000 size:29138944 presentcount:0+2 line:1226 name:wa%cptwfp(:,:)
host:0x400900004a60 device:0x400920000000 size:298674176 presentcount:0+5 line:746 name:var%cptwfp(:,:,:,:)
host:0x4009b1ce6f80 device:0x400e00000000 size:233111552 presentcount:0+2 line:1226 name:wa%cptwfp(:,:)
host:0x400a400075b0 device:0x400720000000 size:230400000 presentcount:0+1 line:1101 name:w1%cr(:)
host:0x400a4dbd77c0 device:0x400970400000 size:230400000 presentcount:0+1 line:1236 name:w1%cr(:)
host:0x400c60007be0 device:0x4009c0000000 size:230400000 presentcount:0+1 line:1101 name:w1%cr(:)
host:0x400c6dbd7df0 device:0x400980000000 size:230400000 presentcount:0+1 line:1236 name:w1%cr(:)
host:0x400d60008210 device:0x400d80000000 size:230400000 presentcount:0+1 line:1101 name:w1%cr(:)
host:0x400d6dbd8420 device:0x400f11e00000 size:230400000 presentcount:0+1 line:1236 name:w1%cr(:)
host:0x400de0000230 device:0x400ef1e00000 size:230400000 presentcount:0+1 line:1101 name:w1%cr(:)
host:0x400dedbc0440 device:0x400ed1e00000 size:230400000 presentcount:0+1 line:1236 name:w1%cr(:)
host:0x400f40005ae0 device:0x400f80000000 size:921600000 presentcount:0+1 line:1005 name:cwork1(:,:)
host:0xffffc46594f0 device:0x400db21f6200 size:3024 presentcount:0+12 line:682 name:var
host:0xffffc465a0c0 device:0x4008a73ff600 size:1480 presentcount:0+1 line:174 name:w_ini
host:0xffffc465a690 device:0x4009325ff600 size:1480 presentcount:0+1 line:174 name:wopt
host:0xffffc465ac60 device:0x4008c71fa400 size:1480 presentcount:0+1 line:174 name:wtmpa
allocated block device:0x4006de5e4000 size:41984 thread:1
allocated block device:0x4006de5ee400 size:512 thread:1
allocated block device:0x4006de5ee600 size:512 thread:1
allocated block device:0x4006de5ee800 size:512 thread:1
allocated block device:0x4006de5eea00 size:512 thread:1
allocated block device:0x4006de5eec00 size:5120 thread:1
allocated block device:0x4006de5f0000 size:1536 thread:1
allocated block device:0x4006de5f0600 size:1024 thread:1
allocated block device:0x4006de5f0a00 size:1024 thread:1
allocated block device:0x4006de5f0e00 size:1536 thread:1
allocated block device:0x4006de5f1400 size:1024 thread:1
allocated block device:0x4006de5f1800 size:1024 thread:1
allocated block device:0x4006de5f1c00 size:17408 thread:1
allocated block device:0x4006de5f6000 size:17408 thread:1
allocated block device:0x4006de5fa400 size:2048 thread:1
allocated block device:0x4006de5fac00 size:512 thread:1
allocated block device:0x4006de5fae00 size:4608 thread:1
allocated block device:0x4006de5fc000 size:512 thread:1
allocated block device:0x4006de5fc200 size:4608 thread:1
allocated block device:0x4006de5fd400 size:3072 thread:1
allocated block device:0x4006de5fe000 size:512 thread:1
allocated block device:0x4006de5fe200 size:512 thread:1
allocated block device:0x4006de5fe400 size:512 thread:1
allocated block device:0x4006de5fe600 size:512 thread:1
allocated block device:0x4006de5fe800 size:512 thread:1
allocated block device:0x4006de5fea00 size:4608 thread:1
allocated block device:0x4006de5ffc00 size:512 thread:1
allocated block device:0x4006de5ffe00 size:512 thread:1
allocated block device:0x400720000000 size:230400000 thread:1
allocated block device:0x40081431a000 size:83968 thread:1
allocated block device:0x40081432e800 size:180224 thread:1
allocated block device:0x40081435a800 size:180224 thread:1
allocated block device:0x400814386800 size:180224 thread:1
allocated block device:0x4008143b2800 size:98304 thread:1
allocated block device:0x4008143ca800 size:98304 thread:1
allocated block device:0x4008143e2800 size:98304 thread:1
allocated block device:0x4008871ff800 size:1024 thread:1
allocated block device:0x4008a73ff600 size:1536 thread:1
allocated block device:0x4008c71fa400 size:2048 thread:1
allocated block device:0x4008c71fae00 size:2560 thread:1
allocated block device:0x4008c71fb800 size:512 thread:1
allocated block device:0x4008c71fba00 size:4608 thread:1
allocated block device:0x4008c71fcc00 size:512 thread:1
allocated block device:0x4008c71fce00 size:4608 thread:1
allocated block device:0x4008c71fe000 size:512 thread:1
allocated block device:0x4008c71fe200 size:4608 thread:1
allocated block device:0x4008c71ff400 size:512 thread:1
allocated block device:0x4008c71ff600 size:512 thread:1
allocated block device:0x4008c71ff800 size:512 thread:1
allocated block device:0x4008c71ffa00 size:512 thread:1
allocated block device:0x4008c71ffc00 size:512 thread:1
allocated block device:0x4008c71ffe00 size:512 thread:1
allocated block device:0x4008e73f4000 size:41984 thread:1
allocated block device:0x4008e73fe400 size:5120 thread:1
allocated block device:0x4008e73ff800 size:512 thread:1
allocated block device:0x4008e73ffa00 size:512 thread:1
allocated block device:0x4008e73ffc00 size:512 thread:1
allocated block device:0x4008e73ffe00 size:512 thread:1
allocated block device:0x400920000000 size:298674176 thread:1
allocated block device:0x400931e00000 size:4030464 thread:1
allocated block device:0x400932200000 size:1821184 thread:1
allocated block device:0x4009323bca00 size:180224 thread:1
allocated block device:0x4009323e8a00 size:26112 thread:1
allocated block device:0x4009323ef000 size:4608 thread:1
allocated block device:0x4009323f0200 size:4608 thread:1
allocated block device:0x4009323f1400 size:24064 thread:1
allocated block device:0x4009323f7200 size:512 thread:1
allocated block device:0x4009323f7400 size:24064 thread:1
allocated block device:0x4009323fd200 size:512 thread:1
allocated block device:0x4009323fd400 size:512 thread:1
allocated block device:0x4009323fd600 size:3072 thread:1
allocated block device:0x4009323fe200 size:3072 thread:1
allocated block device:0x4009323fee00 size:512 thread:1
allocated block device:0x4009323ff000 size:1536 thread:1
allocated block device:0x4009323ff600 size:2560 thread:1
allocated block device:0x400932400000 size:1821184 thread:1
allocated block device:0x4009325bca00 size:180224 thread:1
allocated block device:0x4009325e8a00 size:5120 thread:1
allocated block device:0x4009325e9e00 size:1536 thread:1
allocated block device:0x4009325ea400 size:2048 thread:1
allocated block device:0x4009325eac00 size:7680 thread:1
allocated block device:0x4009325eca00 size:7680 thread:1
allocated block device:0x4009325ee800 size:3072 thread:1
allocated block device:0x4009325ef400 size:3072 thread:1
allocated block device:0x4009325f0000 size:5120 thread:1
allocated block device:0x4009325f1400 size:5120 thread:1
allocated block device:0x4009325f2800 size:1024 thread:1
allocated block device:0x4009325f2c00 size:1024 thread:1
allocated block device:0x4009325f3000 size:1024 thread:1
allocated block device:0x4009325f3400 size:1024 thread:1
allocated block device:0x4009325f3800 size:1024 thread:1
allocated block device:0x4009325f3c00 size:1024 thread:1
allocated block device:0x4009325f4000 size:1024 thread:1
allocated block device:0x4009325f4400 size:1024 thread:1
allocated block device:0x4009325f4800 size:5120 thread:1
allocated block device:0x4009325f5c00 size:1536 thread:1
allocated block device:0x4009325f6200 size:1024 thread:1
allocated block device:0x4009325f6600 size:1024 thread:1
allocated block device:0x4009325f6a00 size:1536 thread:1
allocated block device:0x4009325f7000 size:1024 thread:1
allocated block device:0x4009325f7400 size:1024 thread:1
allocated block device:0x4009325f7800 size:1024 thread:1
allocated block device:0x4009325f7c00 size:3072 thread:1
allocated block device:0x4009325f8800 size:3072 thread:1
allocated block device:0x4009325f9400 size:1536 thread:1
allocated block device:0x4009325f9a00 size:1536 thread:1
allocated block device:0x4009325fa000 size:1024 thread:1
allocated block device:0x4009325fa400 size:1024 thread:1
allocated block device:0x4009325fa800 size:1024 thread:1
allocated block device:0x4009325fac00 size:1024 thread:1
allocated block device:0x4009325fb000 size:1024 thread:1
allocated block device:0x4009325fb400 size:1024 thread:1
allocated block device:0x4009325fb800 size:1024 thread:1
allocated block device:0x4009325fbc00 size:1024 thread:1
allocated block device:0x4009325fc000 size:1536 thread:1
allocated block device:0x4009325fc600 size:1024 thread:1
allocated block device:0x4009325fca00 size:512 thread:1
allocated block device:0x4009325fcc00 size:2560 thread:1
allocated block device:0x4009325fd600 size:3072 thread:1
allocated block device:0x4009325ff600 size:2560 thread:1
allocated block device:0x400932600000 size:1821184 thread:1
allocated block device:0x4009327bca00 size:180224 thread:1
allocated block device:0x4009327e8a00 size:28672 thread:1
allocated block device:0x4009327efa00 size:40448 thread:1
allocated block device:0x4009327f9800 size:8192 thread:1
allocated block device:0x4009327fb800 size:8192 thread:1
allocated block device:0x4009327fd800 size:8192 thread:1
allocated block device:0x4009327ff800 size:512 thread:1
allocated block device:0x400932800000 size:1821184 thread:1
allocated block device:0x4009329bca00 size:180224 thread:1
allocated block device:0x4009329e8a00 size:40448 thread:1
allocated block device:0x4009329fe200 size:2048 thread:1
allocated block device:0x400932a00000 size:7284736 thread:1
allocated block device:0x400933200000 size:7284736 thread:1
allocated block device:0x400933a00000 size:45593600 thread:1
allocated block device:0x400940000000 size:807412224 thread:1
allocated block device:0x400970400000 size:230400000 thread:1
allocated block device:0x400980000000 size:230400000 thread:1
allocated block device:0x40098dc00000 size:230400000 thread:1
allocated block device:0x4009c0000000 size:230400000 thread:1
allocated block device:0x4009d4c00000 size:391680 thread:1
allocated block device:0x4009d4c5fa00 size:921600 thread:1
allocated block device:0x4009d4d40a00 size:393216 thread:1
allocated block device:0x4009d4e00000 size:2799616 thread:1
allocated block device:0x4009d5200000 size:4030464 thread:1
allocated block device:0x4009d5600000 size:7284736 thread:1
allocated block device:0x400d80000000 size:298674176 thread:1
allocated block device:0x400da38c0000 size:393216 thread:1
allocated block device:0x400dafa00000 size:7284736 thread:1
allocated block device:0x400db2000000 size:1807360 thread:1
allocated block device:0x400db21b9400 size:181760 thread:1
allocated block device:0x400db21f5600 size:3072 thread:1
allocated block device:0x400db21f6200 size:3072 thread:1
allocated block device:0x400db2200000 size:1807360 thread:1
allocated block device:0x400db23b9400 size:181760 thread:1
allocated block device:0x400db23e5a00 size:98304 thread:1
allocated block device:0x400db2400000 size:1807360 thread:1
allocated block device:0x400db2600000 size:2799616 thread:1
allocated block device:0x400db2a00000 size:14458880 thread:1
allocated block device:0x400e00000000 size:298674176 thread:1
allocated block device:0x400e11e00000 size:7284736 thread:1
allocated block device:0x400ed1e00000 size:230400000 thread:1
allocated block device:0x400ef1e00000 size:230400000 thread:1
allocated block device:0x400f11e00000 size:230400000 thread:1
allocated block device:0x400f31e00000 size:29138944 thread:1
allocated block device:0x400f33a00000 size:29138944 thread:1
allocated block device:0x400f35600000 size:3145728 thread:1
allocated block device:0x400f35a00000 size:7284736 thread:1
allocated block device:0x400f36200000 size:7284736 thread:1
allocated block device:0x400f36a00000 size:14569472 thread:1
allocated block device:0x400f80000000 size:921600000 thread:1
Accelerator Fatal Error: call to cuMemAlloc returned error 2 (CUDA_ERROR_OUT_OF_MEMORY): Out of memory
 File: /lus/lfs1aip2/projects/u6cb/software/VASP/vasp.6.5.1/build/gam/fft_base.f90
 Function: restride_r2q_cmplx:945
 Line: 964

Out of memory allocating 921600000 bytes of device memory
Failing in Thread:1
total/free CUDA memory: 102005473280/320602112
Present table dump for device[1]: NVIDIA Tesla GPU 0, compute capability 9.0, threadid=1
Hint: specify 0x800 bit in NV_ACC_DEBUG for verbose info.
host:0x2557280 device:0x4004be3fc000 size:32 presentcount:0+3 line:643 name:var%comm
host:0x25572a0 device:0x4006a71ffa00 size:32 presentcount:0+4 line:652 name:var%comm_kinter
host:0x25572c0 device:0x4006a71ffc00 size:32 presentcount:0+6 line:655 name:var%comm_kin
host:0x25572e0 device:0x4006a71ff400 size:32 presentcount:0+3 line:646 name:var%comm_inter
host:0x2557300 device:0x4006a71ff600 size:32 presentcount:0+7 line:649 name:var%comm_inb
host:0x256be80 device:0x4004ba0ecd00 size:8 presentcount:0+1 line:-1 name:_setexm_struct_def_21
host:0x2576f40 device:0x4004ba0ece00 size:28 presentcount:0+1 line:-1 name:_ml_ff_constant_21
host:0x2577c80 device:0x4004ba0ecf00 size:30437 presentcount:0+1 line:-1 name:_ml_ff_taglist_21
host:0x25afc80 device:0x4004ba0f4600 size:8 presentcount:0+1 line:-1 name:_mopenacc_tutor_21
host:0x25c2740 device:0x4004ba0f4a00 size:32 presentcount:0+1 line:-1 name:_mbj_21
host:0x25cd640 device:0x4004ba0f4d00 size:8 presentcount:0+1 line:-1 name:_sym_prec_21
host:0x26030c0 device:0x4004ba0f4e00 size:344 presentcount:0+1 line:-1 name:_tet_21
host:0x261c840 device:0x4004ba0f5000 size:392 presentcount:0+1 line:-1 name:_mymath_21
host:0x2817368 device:0x4004be3eec00 size:4800 presentcount:0+2 line:614 name:var
host:0x2818628 device:0x4004be3fa400 size:1984 presentcount:0+2 line:403 name:var
host:0x281a910 device:0x4006671ff800 size:864 presentcount:0+4 line:2639 name:hamiltonian
host:0x286ac80 device:0x4004be3fd400 size:2712 presentcount:0+2 line:428 name:var
host:0x286b718 device:0x4006a71fae00 size:2248 presentcount:0+1 line:742 name:var
host:0x286eb50 device:0x4007127ff800 size:288 presentcount:0+1 line:195 name:latt_cur
host:0x2871658 device:0x4006c71fe400 size:5088 presentcount:0+28 line:517 name:var
host:0x2872a38 device:0x4007125f4800 size:5088 presentcount:0+6 line:517 name:var
host:0x2873e18 device:0x4007125e8a00 size:5088 presentcount:0+7 line:517 name:var
host:0x287a2a8 device:0x4006a71fe000 size:304 presentcount:0+1 line:567 name:var
host:0x287a3d8 device:0x4007125fca00 size:304 presentcount:0+1 line:567 name:var
host:0x2e48ec0 device:0x4004ba002600 size:960024 presentcount:0+1 line:-1 name:_setexm_struct_def_16
host:0x2f8f080 device:0x4004ba0f4700 size:580 presentcount:0+1 line:-1 name:_wpbe_16
host:0x2f8f900 device:0x4004ba0f4b00 size:288 presentcount:0+1 line:-1 name:_mbj_16
host:0x9f446c0 device:0x4004ba0f5200 size:624 presentcount:0+1 line:-1 name:_mlr_optic_16
host:0x3107a3e0 device:0x4004be3fe800 size:8 presentcount:0+2 line:616 name:var%wtkpt(:)
host:0x3135dd40 device:0x4004be3fe600 size:24 presentcount:0+3 line:616 name:var%vkpt(:,:)
host:0x3135df10 device:0x4004be3eea00 size:16 presentcount:0+2 line:430 name:var%psrmax(:)
host:0x3135df50 device:0x4004be3fe400 size:8 presentcount:0+3 line:616 name:var%nt_global(:)
host:0x3135df80 device:0x4004be3ffe00 size:4 presentcount:0+2 line:616 name:var%nplwkp(:)
host:0x3135dfb0 device:0x4007123f7200 size:4 presentcount:0+2 line:616 name:var%nplwkp_tot(:)
host:0x3135dfe0 device:0x4007123fd200 size:4 presentcount:0+2 line:616 name:var%ngvector_pos(:)
host:0x3135e010 device:0x4004be3ffc00 size:4 presentcount:0+2 line:616 name:var%ngvector(:)
host:0x3135e040 device:0x4004be3fac00 size:8 presentcount:0+2 line:616 name:var%nb_totk(:,:)
host:0x3135e070 device:0x4007123fd400 size:4 presentcount:0+2 line:616 name:var%luseinv(:)
host:0x3135e0a0 device:0x4004be3ee600 size:4 presentcount:0+2 line:616 name:var%at_gamma(:)
host:0x3135e0d0 device:0x4007123fee00 size:8 presentcount:0+2 line:405 name:var%lmmax(:)
host:0x3135e100 device:0x4006a71ffe00 size:8 presentcount:0+2 line:430 name:var%lmax(:)
host:0x3135e130 device:0x4004be3ee400 size:8 presentcount:0+2 line:430 name:var%lmmax(:)
host:0x3135e160 device:0x4004be3ee800 size:8 presentcount:0+2 line:430 name:var%channels(:)
host:0x3135e190 device:0x4006c71ff800 size:16 presentcount:0+2 line:430 name:var%rsmooth(:)
host:0x3135e1d0 device:0x4006a71fcc00 size:4 presentcount:0+1 line:499 name:var%tbli(:)
host:0x31a995e0 device:0x4007125f7800 size:528 presentcount:0+1 line:480 name:var
host:0x35b58350 device:0x4006c71ffa00 size:400 presentcount:0+2 line:464 name:var
host:0x35b584e0 device:0x4006c71ffe00 size:400 presentcount:0+2 line:464 name:var
host:0x3a1effc0 device:0x4006a71ff800 size:8 presentcount:0+4 line:405 name:var%nityp(:)
host:0x3a6ee7d0 device:0x4004be3f0a00 size:1000 presentcount:0+4 line:519 name:var%lpctz(:)
host:0x3ab719d0 device:0x4007127e8a00 size:28464 presentcount:0+1 line:853 name:var(:)
host:0x3ab84130 device:0x4007129e8a00 size:40000 presentcount:0+1 line:857 name:var%psp(:,:)
host:0x3ab8dda0 device:0x4007127fd800 size:8000 presentcount:0+1 line:857 name:var%psprho(:)
host:0x3ab91030 device:0x4007123f7400 size:24000 presentcount:0+2 line:466 name:var%psprnl(:,:,:)
host:0x3abc0a10 device:0x4007123ef000 size:4320 presentcount:0+4 line:405 name:var%ityp(:)
host:0x3abc1b20 device:0x4007123e8a00 size:25920 presentcount:0+4 line:405 name:var%posion(:,:)
host:0x3abfe120 device:0x4004be3fe200 size:8 presentcount:0+3 line:616 name:var%nityp(:)
host:0x3ac04cf0 device:0x4007127f9800 size:8000 presentcount:0+1 line:857 name:var%pspcor(:)
host:0x3ac06c60 device:0x4007127fb800 size:8000 presentcount:0+1 line:857 name:var%psprho(:)
host:0x3ac0a7d0 device:0x4007127efa00 size:40000 presentcount:0+1 line:857 name:var%psp(:,:)
host:0x3ac14440 device:0x4007123f1400 size:24000 presentcount:0+2 line:466 name:var%psprnl(:,:,:)
host:0x3ac27670 device:0x4007125fa400 size:516 presentcount:0+1 line:499 name:var%ptr(:)
host:0x3ac544f0 device:0x4006c71ffc00 size:24 presentcount:0+3 line:466 name:var%lps(:)
host:0x3ac545a0 device:0x4006a71fb800 size:24 presentcount:0+3 line:466 name:var%lps(:)
host:0x3ad70650 device:0x4004be3fe000 size:8 presentcount:0+3 line:616 name:var%lmmax(:)
host:0x3adf92b0 device:0x4004be3fea00 size:4320 presentcount:0+3 line:616 name:var%ityp(:)
host:0x3adfa3c0 device:0x4004be3fc200 size:4320 presentcount:0+3 line:616 name:var%npro_pos(:)
host:0x3adfb4d0 device:0x4004be3fae00 size:4324 presentcount:0+3 line:616 name:var%lmbase(:)
host:0x3adfc5e0 device:0x4004be3f0000 size:1280 presentcount:0+4 line:519 name:var%lpctx(:)
host:0x3adfcb10 device:0x4004be3f0600 size:720 presentcount:0+4 line:519 name:var%lpcty(:)
host:0x3adfce10 device:0x4004be3f0e00 size:1280 presentcount:0+4 line:519 name:var%lpctx_(:)
host:0x3adfd340 device:0x4004be3f1400 size:720 presentcount:0+4 line:519 name:var%lpcty_(:)
host:0x3adfd640 device:0x4004be3f1800 size:1000 presentcount:0+4 line:519 name:var%lpctz_(:)
host:0x3adfda50 device:0x4007125f5c00 size:1280 presentcount:0+1 line:519 name:var%lpctx(:)
host:0x3adfdf80 device:0x4007125f6200 size:720 presentcount:0+1 line:519 name:var%lpcty(:)
host:0x3adfe280 device:0x4007125f6600 size:1000 presentcount:0+1 line:519 name:var%lpctz(:)
host:0x3adfe690 device:0x4007125f6a00 size:1280 presentcount:0+1 line:519 name:var%lpctx_(:)
host:0x3adfebc0 device:0x4007125f7000 size:720 presentcount:0+1 line:519 name:var%lpcty_(:)
host:0x3adfeec0 device:0x4007125f7400 size:1000 presentcount:0+1 line:519 name:var%lpctz_(:)
host:0x3adff2d0 device:0x4007123fd600 size:2560 presentcount:0+1 line:519 name:var%lpctx(:)
host:0x3adffd00 device:0x4007123ff000 size:1440 presentcount:0+1 line:519 name:var%lpcty(:)
host:0x3ae002d0 device:0x4007123fe200 size:2000 presentcount:0+1 line:519 name:var%lpctz(:)
host:0x3ae00ad0 device:0x4007123ff600 size:2560 presentcount:0+1 line:519 name:var%lpctx_(:)
host:0x3ae01500 device:0x4007125e9e00 size:1440 presentcount:0+1 line:519 name:var%lpcty_(:)
host:0x3ae01ad0 device:0x4007125ea400 size:2000 presentcount:0+1 line:519 name:var%lpctz_(:)
host:0x3aeedbb0 device:0x4007125ee800 size:2820 presentcount:0+1 line:482 name:var%i2(:)
host:0x3aeee6e0 device:0x4007125ef400 size:2820 presentcount:0+1 line:482 name:var%i3(:)
host:0x3aeef210 device:0x4007125f0000 size:5020 presentcount:0+1 line:482 name:var%i2(:)
host:0x3aef05e0 device:0x4007125f1400 size:5020 presentcount:0+1 line:482 name:var%i3(:)
host:0x3aef19b0 device:0x4007125eac00 size:7200 presentcount:0+2 line:482 name:var%i2(:)
host:0x3aef3600 device:0x4007125eca00 size:7200 presentcount:0+2 line:482 name:var%i3(:)
host:0x3aef5670 device:0x4007b4c5fa00 size:921600 presentcount:0+2 line:482 name:var%index(:,:)
host:0x3afd66a0 device:0x4007125fcc00 size:2560 presentcount:0+1 line:569 name:var%ind1(:)
host:0x3afd70d0 device:0x4007125fd600 size:2820 presentcount:0+1 line:569 name:var%indcol(:)
host:0x3afd7c00 device:0x4007125f7c00 size:2820 presentcount:0+1 line:482 name:var%i2(:)
host:0x3afd8730 device:0x4007125f8800 size:2820 presentcount:0+1 line:482 name:var%i3(:)
host:0x3afd9260 device:0x4007125f9400 size:1512 presentcount:0+1 line:482 name:var%i2(:)
host:0x3afd9870 device:0x4007125f9a00 size:1512 presentcount:0+1 line:482 name:var%i3(:)
host:0x3b0122b0 device:0x4007125fa000 size:516 presentcount:0+1 line:499 name:var%n(:)
host:0x3b0124e0 device:0x4007125fac00 size:516 presentcount:0+1 line:499 name:var%ptri(:)
host:0x3b012710 device:0x4007125fa800 size:516 presentcount:0+1 line:499 name:var%ni(:)
host:0x3b012940 device:0x4007125fb400 size:516 presentcount:0+1 line:499 name:var%ptr(:)
host:0x3b012b70 device:0x4007125fb000 size:516 presentcount:0+1 line:499 name:var%n(:)
host:0x3b012da0 device:0x4007125fbc00 size:516 presentcount:0+1 line:499 name:var%ptri(:)
host:0x3b012fd0 device:0x4007125fb800 size:516 presentcount:0+1 line:499 name:var%ni(:)
host:0x3b0133f0 device:0x4007125fc000 size:1280 presentcount:0+1 line:569 name:var%ind1(:)
host:0x3b013920 device:0x4007125fc600 size:692 presentcount:0+1 line:569 name:var%indcol(:)
host:0x3b013c00 device:0x4005f432e800 size:180000 presentcount:0+4 line:482 name:var%i2(:)
host:0x3b03fb50 device:0x4005f435a800 size:180000 presentcount:0+4 line:482 name:var%i3(:)
host:0x3b06baa0 device:0x4007123bca00 size:180000 presentcount:0+8 line:482 name:var%index(:,:)
host:0x3b0979f0 device:0x4007129bca00 size:180000 presentcount:0+8 line:482 name:var%i2(:)
host:0x3b0c3940 device:0x4005f4386800 size:180000 presentcount:0+8 line:482 name:var%i3(:)
host:0x3b0efec0 device:0x400712400000 size:1821184 presentcount:0+3 line:616 name:var%nindpw(:,:)
host:0x3b2ac8f0 device:0x4007125bca00 size:180000 presentcount:0+3 line:616 name:var%pl_index(:,:)
host:0x3b2d8840 device:0x4007127bca00 size:180000 presentcount:0+3 line:616 name:var%pl_col(:,:)
host:0x3b304790 device:0x4007123f0200 size:4324 presentcount:0+2 line:405 name:var%lmbase(:)
host:0x3b3058a0 device:0x4006a71fba00 size:4320 presentcount:0+2 line:430 name:var%nlimax(:)
host:0x3b3069b0 device:0x4006a71fce00 size:4324 presentcount:0+2 line:430 name:var%lmbase(:)
host:0x3b307ac0 device:0x4006a71fe200 size:4324 presentcount:0+2 line:430 name:var%nlibase(:)
host:0x3b308bd0 device:0x4004be3f1c00 size:17132 presentcount:0+4 line:519 name:var%nindpwconjg(:)
host:0x3b30cef0 device:0x4004be3f6000 size:17132 presentcount:0+4 line:519 name:var%ind_in_sphere(:)
host:0x3b3134a0 device:0x4007125f2c00 size:516 presentcount:0+1 line:499 name:var%ptr(:)
host:0x3b315700 device:0x4007125f2800 size:516 presentcount:0+1 line:499 name:var%n(:)
host:0x3b315930 device:0x4007125f3400 size:516 presentcount:0+1 line:499 name:var%ptri(:)
host:0x3b315b60 device:0x4007125f3000 size:516 presentcount:0+1 line:499 name:var%ni(:)
host:0x3b315d90 device:0x4007125f3c00 size:516 presentcount:0+1 line:499 name:var%ptr(:)
host:0x3b315fc0 device:0x4007125f3800 size:516 presentcount:0+1 line:499 name:var%n(:)
host:0x3b45c370 device:0x4007b5600000 size:7284736 presentcount:0+3 line:616 name:var%datake(:,:,:)
host:0x3bb4f5f0 device:0x400712600000 size:1821184 presentcount:0+3 line:616 name:var%igx(:,:)
host:0x3bd0cc80 device:0x400712200000 size:1821184 presentcount:0+3 line:616 name:var%igy(:,:)
host:0x3beca520 device:0x400712800000 size:1821184 presentcount:0+3 line:616 name:var%igz(:,:)
host:0x3c0883f0 device:0x400713200000 size:7284272 presentcount:0+4 line:519 name:var%fftsca(:,:)
host:0x3c7b2e80 device:0x4007b4c00000 size:221440 presentcount:0+1 line:499 name:var%tbl(:)
host:0x3c81f0e0 device:0x400b921b9400 size:181440 presentcount:0+1 line:499 name:var%tbli(:)
host:0x3c84b5d0 device:0x400b923b9400 size:181440 presentcount:0+1 line:499 name:var%tbl(:)
host:0x3c87c730 device:0x4007125f4400 size:516 presentcount:0+1 line:499 name:var%ptri(:)
host:0x3c87c960 device:0x4007125f4000 size:516 presentcount:0+1 line:499 name:var%ni(:)
host:0x3c94b690 device:0x4007b4e00000 size:1804800 presentcount:0+1 line:499 name:var%tbl(:)
host:0x3cbc2420 device:0x4006c71f4000 size:41984 presentcount:0+1 line:746 name:var%auxtot(:,:,:)
host:0x3cbd0030 device:0x4005f431a000 size:83968 presentcount:0+2 line:746 name:var%celtot(:,:,:)
host:0x3cc33090 device:0x4004be3e4000 size:41984 presentcount:0+2 line:746 name:var%fertot(:,:,:)
host:0x3ccbfe80 device:0x400b92000000 size:1807200 presentcount:0+1 line:499 name:var%tbli(:)
host:0x3ce7aef0 device:0x400b92200000 size:1807200 presentcount:0+1 line:499 name:var%tbl(:)
host:0x3d1f1600 device:0x400b92400000 size:1807200 presentcount:0+1 line:499 name:var%tbli(:)
host:0x3ee9ff50 device:0x400712a00000 size:7200000 presentcount:0+1 line:195 name:dencor(:)
host:0x3fc69fc0 device:0x400711e00000 size:2799360 presentcount:0+2 line:194 name:cdij(:,:,:,:)
host:0x3ff196e0 device:0x400b92600000 size:2799360 presentcount:0+2 line:194 name:cqij(:,:,:,:)
host:0x40479390 device:0x4007b5200000 size:4030464 presentcount:0+5 line:746 name:var%gproj(:,:,:,:)
host:0x40b082a0 device:0x4005f43ca800 size:98304 presentcount:0+1 line:1101 name:w1%gproj(:)
host:0x479e2ec0 device:0x4007b4d40a00 size:393216 presentcount:0+2 line:1226 name:wa%gproj(:,:)
host:0x47a42ef0 device:0x400b838c0000 size:393216 presentcount:0+2 line:1226 name:wa%gproj(:,:)
host:0x47aaa4b0 device:0x400d15600000 size:3145728 presentcount:0+2 line:1226 name:wa%gproj(:,:)
host:0x4bcecd20 device:0x4007129fe200 size:2048 presentcount:0+1 line:179 name:w1(:)
host:0x4bced540 device:0x400b921f5600 size:2048 presentcount:0+1 line:179 name:wtmp(:)
host:0x4bcf8f90 device:0x400bf1e00000 size:7284736 presentcount:0+1 line:1101 name:w1%cptwfp(:)
host:0x4c3eb7c0 device:0x4005f43b2800 size:98304 presentcount:0+1 line:1101 name:w1%gproj(:)
host:0x4c4037f0 device:0x400b923e5a00 size:98304 presentcount:0+1 line:1101 name:w1%gproj(:)
host:0x4c41b820 device:0x4005f43e2800 size:98304 presentcount:0+1 line:1101 name:w1%gproj(:)
host:0x4c640730 device:0x400d16a00000 size:14569472 presentcount:0+1 line:202 name:precon(:,:)
host:0x4d42d530 device:0x400b8fa00000 size:7284736 presentcount:0+1 line:1101 name:w1%cptwfp(:)
host:0x4db28160 device:0x400d15a00000 size:7284736 presentcount:0+1 line:1101 name:w1%cptwfp(:)
host:0x4e21adb0 device:0x400d16200000 size:7284736 presentcount:0+1 line:1101 name:w1%cptwfp(:)
host:0x4004f0c310a0 device:0x400713a00000 size:45593280 presentcount:0+2 line:430 name:var%nli(:,:)
host:0x40054a3131a0 device:0x40076dc00000 size:230400000 presentcount:0+2 line:194 name:sv(:,:)
host:0x400557ed39e0 device:0x400b92a00000 size:14457600 presentcount:0+1 line:195 name:cstrf(:,:)
host:0x40055bb86f80 device:0x400d11e00000 size:29138944 presentcount:0+2 line:1226 name:wa%cptwfp(:,:)
host:0x4006000012b0 device:0x400720000000 size:807411968 presentcount:0+2 line:430 name:var%rproj(:)
host:0x400630217190 device:0x400d13a00000 size:29138944 presentcount:0+2 line:1226 name:wa%cptwfp(:,:)
host:0x4006e0004a60 device:0x400700000000 size:298674176 presentcount:0+5 line:746 name:var%cptwfp(:,:,:,:)
host:0x4006f1ce73a0 device:0x400be0000000 size:233111552 presentcount:0+2 line:1226 name:wa%cptwfp(:,:)
host:0x4008200079d0 device:0x400500000000 size:230400000 presentcount:0+1 line:1101 name:w1%cr(:)
host:0x40082dbd7be0 device:0x400750400000 size:230400000 presentcount:0+1 line:1236 name:w1%cr(:)
host:0x400a40008000 device:0x4007a0000000 size:230400000 presentcount:0+1 line:1101 name:w1%cr(:)
host:0x400a4dbd8210 device:0x400760000000 size:230400000 presentcount:0+1 line:1236 name:w1%cr(:)
host:0x400b40000020 device:0x400b60000000 size:230400000 presentcount:0+1 line:1101 name:w1%cr(:)
host:0x400b4dbc0230 device:0x400cf1e00000 size:230400000 presentcount:0+1 line:1236 name:w1%cr(:)
host:0x400bc0000650 device:0x400cd1e00000 size:230400000 presentcount:0+1 line:1101 name:w1%cr(:)
host:0x400bcdbc0860 device:0x400cb1e00000 size:230400000 presentcount:0+1 line:1236 name:w1%cr(:)
host:0xffffebca1af0 device:0x400b921f6200 size:3024 presentcount:0+12 line:682 name:var
host:0xffffebca26c0 device:0x4006871ff600 size:1480 presentcount:0+1 line:174 name:w_ini
host:0xffffebca2c90 device:0x4007125ff600 size:1480 presentcount:0+1 line:174 name:wopt
host:0xffffebca3260 device:0x4006a71fa400 size:1480 presentcount:0+1 line:174 name:wtmpa
allocated block device:0x4004be3e4000 size:41984 thread:1
allocated block device:0x4004be3ee400 size:512 thread:1
allocated block device:0x4004be3ee600 size:512 thread:1
allocated block device:0x4004be3ee800 size:512 thread:1
allocated block device:0x4004be3eea00 size:512 thread:1
allocated block device:0x4004be3eec00 size:5120 thread:1
allocated block device:0x4004be3f0000 size:1536 thread:1
allocated block device:0x4004be3f0600 size:1024 thread:1
allocated block device:0x4004be3f0a00 size:1024 thread:1
allocated block device:0x4004be3f0e00 size:1536 thread:1
allocated block device:0x4004be3f1400 size:1024 thread:1
allocated block device:0x4004be3f1800 size:1024 thread:1
allocated block device:0x4004be3f1c00 size:17408 thread:1
allocated block device:0x4004be3f6000 size:17408 thread:1
allocated block device:0x4004be3fa400 size:2048 thread:1
allocated block device:0x4004be3fac00 size:512 thread:1
allocated block device:0x4004be3fae00 size:4608 thread:1
allocated block device:0x4004be3fc000 size:512 thread:1
allocated block device:0x4004be3fc200 size:4608 thread:1
allocated block device:0x4004be3fd400 size:3072 thread:1
allocated block device:0x4004be3fe000 size:512 thread:1
allocated block device:0x4004be3fe200 size:512 thread:1
allocated block device:0x4004be3fe400 size:512 thread:1
allocated block device:0x4004be3fe600 size:512 thread:1
allocated block device:0x4004be3fe800 size:512 thread:1
allocated block device:0x4004be3fea00 size:4608 thread:1
allocated block device:0x4004be3ffc00 size:512 thread:1
allocated block device:0x4004be3ffe00 size:512 thread:1
allocated block device:0x400500000000 size:230400000 thread:1
allocated block device:0x4005f431a000 size:83968 thread:1
allocated block device:0x4005f432e800 size:180224 thread:1
allocated block device:0x4005f435a800 size:180224 thread:1
allocated block device:0x4005f4386800 size:180224 thread:1
allocated block device:0x4005f43b2800 size:98304 thread:1
allocated block device:0x4005f43ca800 size:98304 thread:1
allocated block device:0x4005f43e2800 size:98304 thread:1
allocated block device:0x4006671ff800 size:1024 thread:1
allocated block device:0x4006871ff600 size:1536 thread:1
allocated block device:0x4006a71fa400 size:2048 thread:1
allocated block device:0x4006a71fae00 size:2560 thread:1
allocated block device:0x4006a71fb800 size:512 thread:1
allocated block device:0x4006a71fba00 size:4608 thread:1
allocated block device:0x4006a71fcc00 size:512 thread:1
allocated block device:0x4006a71fce00 size:4608 thread:1
allocated block device:0x4006a71fe000 size:512 thread:1
allocated block device:0x4006a71fe200 size:4608 thread:1
allocated block device:0x4006a71ff400 size:512 thread:1
allocated block device:0x4006a71ff600 size:512 thread:1
allocated block device:0x4006a71ff800 size:512 thread:1
allocated block device:0x4006a71ffa00 size:512 thread:1
allocated block device:0x4006a71ffc00 size:512 thread:1
allocated block device:0x4006a71ffe00 size:512 thread:1
allocated block device:0x4006c71f4000 size:41984 thread:1
allocated block device:0x4006c71fe400 size:5120 thread:1
allocated block device:0x4006c71ff800 size:512 thread:1
allocated block device:0x4006c71ffa00 size:512 thread:1
allocated block device:0x4006c71ffc00 size:512 thread:1
allocated block device:0x4006c71ffe00 size:512 thread:1
allocated block device:0x400700000000 size:298674176 thread:1
allocated block device:0x400711e00000 size:4030464 thread:1
allocated block device:0x400712200000 size:1821184 thread:1
allocated block device:0x4007123bca00 size:180224 thread:1
allocated block device:0x4007123e8a00 size:26112 thread:1
allocated block device:0x4007123ef000 size:4608 thread:1
allocated block device:0x4007123f0200 size:4608 thread:1
allocated block device:0x4007123f1400 size:24064 thread:1
allocated block device:0x4007123f7200 size:512 thread:1
allocated block device:0x4007123f7400 size:24064 thread:1
allocated block device:0x4007123fd200 size:512 thread:1
allocated block device:0x4007123fd400 size:512 thread:1
allocated block device:0x4007123fd600 size:3072 thread:1
allocated block device:0x4007123fe200 size:3072 thread:1
allocated block device:0x4007123fee00 size:512 thread:1
allocated block device:0x4007123ff000 size:1536 thread:1
allocated block device:0x4007123ff600 size:2560 thread:1
allocated block device:0x400712400000 size:1821184 thread:1
allocated block device:0x4007125bca00 size:180224 thread:1
allocated block device:0x4007125e8a00 size:5120 thread:1
allocated block device:0x4007125e9e00 size:1536 thread:1
allocated block device:0x4007125ea400 size:2048 thread:1
allocated block device:0x4007125eac00 size:7680 thread:1
allocated block device:0x4007125eca00 size:7680 thread:1
allocated block device:0x4007125ee800 size:3072 thread:1
allocated block device:0x4007125ef400 size:3072 thread:1
allocated block device:0x4007125f0000 size:5120 thread:1
allocated block device:0x4007125f1400 size:5120 thread:1
allocated block device:0x4007125f2800 size:1024 thread:1
allocated block device:0x4007125f2c00 size:1024 thread:1
allocated block device:0x4007125f3000 size:1024 thread:1
allocated block device:0x4007125f3400 size:1024 thread:1
allocated block device:0x4007125f3800 size:1024 thread:1
allocated block device:0x4007125f3c00 size:1024 thread:1
allocated block device:0x4007125f4000 size:1024 thread:1
allocated block device:0x4007125f4400 size:1024 thread:1
allocated block device:0x4007125f4800 size:5120 thread:1
allocated block device:0x4007125f5c00 size:1536 thread:1
allocated block device:0x4007125f6200 size:1024 thread:1
allocated block device:0x4007125f6600 size:1024 thread:1
allocated block device:0x4007125f6a00 size:1536 thread:1
allocated block device:0x4007125f7000 size:1024 thread:1
allocated block device:0x4007125f7400 size:1024 thread:1
allocated block device:0x4007125f7800 size:1024 thread:1
allocated block device:0x4007125f7c00 size:3072 thread:1
allocated block device:0x4007125f8800 size:3072 thread:1
allocated block device:0x4007125f9400 size:1536 thread:1
allocated block device:0x4007125f9a00 size:1536 thread:1
allocated block device:0x4007125fa000 size:1024 thread:1
allocated block device:0x4007125fa400 size:1024 thread:1
allocated block device:0x4007125fa800 size:1024 thread:1
allocated block device:0x4007125fac00 size:1024 thread:1
allocated block device:0x4007125fb000 size:1024 thread:1
allocated block device:0x4007125fb400 size:1024 thread:1
allocated block device:0x4007125fb800 size:1024 thread:1
allocated block device:0x4007125fbc00 size:1024 thread:1
allocated block device:0x4007125fc000 size:1536 thread:1
allocated block device:0x4007125fc600 size:1024 thread:1
allocated block device:0x4007125fca00 size:512 thread:1
allocated block device:0x4007125fcc00 size:2560 thread:1
allocated block device:0x4007125fd600 size:3072 thread:1
allocated block device:0x4007125ff600 size:2560 thread:1
allocated block device:0x400712600000 size:1821184 thread:1
allocated block device:0x4007127bca00 size:180224 thread:1
allocated block device:0x4007127e8a00 size:28672 thread:1
allocated block device:0x4007127efa00 size:40448 thread:1
allocated block device:0x4007127f9800 size:8192 thread:1
allocated block device:0x4007127fb800 size:8192 thread:1
allocated block device:0x4007127fd800 size:8192 thread:1
allocated block device:0x4007127ff800 size:512 thread:1
allocated block device:0x400712800000 size:1821184 thread:1
allocated block device:0x4007129bca00 size:180224 thread:1
allocated block device:0x4007129e8a00 size:40448 thread:1
allocated block device:0x4007129fe200 size:2048 thread:1
allocated block device:0x400712a00000 size:7284736 thread:1
allocated block device:0x400713200000 size:7284736 thread:1
allocated block device:0x400713a00000 size:45593600 thread:1
allocated block device:0x400720000000 size:807412224 thread:1
allocated block device:0x400750400000 size:230400000 thread:1
allocated block device:0x400760000000 size:230400000 thread:1
allocated block device:0x40076dc00000 size:230400000 thread:1
allocated block device:0x4007a0000000 size:230400000 thread:1
allocated block device:0x4007b4c00000 size:391680 thread:1
allocated block device:0x4007b4c5fa00 size:921600 thread:1
allocated block device:0x4007b4d40a00 size:393216 thread:1
allocated block device:0x4007b4e00000 size:2799616 thread:1
allocated block device:0x4007b5200000 size:4030464 thread:1
allocated block device:0x4007b5600000 size:7284736 thread:1
allocated block device:0x400b60000000 size:298674176 thread:1
allocated block device:0x400b838c0000 size:393216 thread:1
allocated block device:0x400b8fa00000 size:7284736 thread:1
allocated block device:0x400b92000000 size:1807360 thread:1
allocated block device:0x400b921b9400 size:181760 thread:1
allocated block device:0x400b921f5600 size:3072 thread:1
allocated block device:0x400b921f6200 size:3072 thread:1
allocated block device:0x400b92200000 size:1807360 thread:1
allocated block device:0x400b923b9400 size:181760 thread:1
allocated block device:0x400b923e5a00 size:98304 thread:1
allocated block device:0x400b92400000 size:1807360 thread:1
allocated block device:0x400b92600000 size:2799616 thread:1
allocated block device:0x400b92a00000 size:14457856 thread:1
allocated block device:0x400be0000000 size:298674176 thread:1
allocated block device:0x400bf1e00000 size:7284736 thread:1
allocated block device:0x400cb1e00000 size:230400000 thread:1
allocated block device:0x400cd1e00000 size:230400000 thread:1
allocated block device:0x400cf1e00000 size:230400000 thread:1
allocated block device:0x400d11e00000 size:29138944 thread:1
allocated block device:0x400d13a00000 size:29138944 thread:1
allocated block device:0x400d15600000 size:3145728 thread:1
allocated block device:0x400d15a00000 size:7284736 thread:1
allocated block device:0x400d16200000 size:7284736 thread:1
allocated block device:0x400d16a00000 size:14569472 thread:1
Accelerator Fatal Error: call to cuMemAlloc returned error 2 (CUDA_ERROR_OUT_OF_MEMORY): Out of memory
 File: /lus/lfs1aip2/projects/u6cb/software/VASP/vasp.6.5.1/build/gam/hamil.f90
 Function: hamiltmu:978
 Line: 1005

srun: error: nid010507: task 37: Exited with exit code 1
srun: Terminating StepId=3290149.0
slurmstepd: error: *** STEP 3290149.0 ON nid010498 CANCELLED AT 2026-03-23T16:16:38 ***
Out of memory allocating 230400000 bytes of device memory
Failing in Thread:1
srun: error: nid010507: tasks 32-36,38-63: Terminated
srun: error: nid010533: tasks 64-95: Terminated
srun: error: nid010498: tasks 0-31: Terminated
srun: error: nid010546: tasks 96-127: Terminated
srun: Force Terminated StepId=3290149.0
