rm: cannot remove 'WAVECAR': No such file or directory
 running   64 mpi-ranks, with    8 threads/rank, on    2 nodes
 distrk:  each k-point on   64 cores,    1 groups
 distr:  one band on    1 cores,   64 groups
 Offloading initialized ...    8 GPUs detected
 WARNING: INIT_OFFLOAD: several MPI-ranks need to share a GPU, which is not
     supported by NCCL. The use of NCCL will be switched off. To avoid this,
     reduce the number of MPI-ranks: #-of-ranks <= #-of-GPUs (on every node!).

Out of memory allocating 921600000 bytes of device memory
Failing in Thread:1
total/free CUDA memory: 102005473280/1410072576
Present table dump for device[1]: NVIDIA Tesla GPU 0, compute capability 9.0, threadid=1
Hint: specify 0x800 bit in NV_ACC_DEBUG for verbose info.
host:0x2557280 device:0x400943df6c00 size:32 presentcount:0+3 line:643 name:var%comm
host:0x25572a0 device:0x400943dbca00 size:32 presentcount:0+4 line:652 name:var%comm_kinter
host:0x25572c0 device:0x400943dbcc00 size:32 presentcount:0+6 line:655 name:var%comm_kin
host:0x25572e0 device:0x4006be5ffa00 size:32 presentcount:0+3 line:646 name:var%comm_inter
host:0x2557300 device:0x4006be5ffc00 size:32 presentcount:0+7 line:649 name:var%comm_inb
host:0x256be80 device:0x4006ba0ecd00 size:8 presentcount:0+1 line:-1 name:_setexm_struct_def_21
host:0x2576f40 device:0x4006ba0ece00 size:28 presentcount:0+1 line:-1 name:_ml_ff_constant_21
host:0x2577c80 device:0x4006ba0ecf00 size:30437 presentcount:0+1 line:-1 name:_ml_ff_taglist_21
host:0x25afc80 device:0x4006ba0f4600 size:8 presentcount:0+1 line:-1 name:_mopenacc_tutor_21
host:0x25c2740 device:0x4006ba0f4a00 size:32 presentcount:0+1 line:-1 name:_mbj_21
host:0x25cd640 device:0x4006ba0f4d00 size:8 presentcount:0+1 line:-1 name:_sym_prec_21
host:0x26030c0 device:0x4006ba0f4e00 size:344 presentcount:0+1 line:-1 name:_tet_21
host:0x261c840 device:0x4006ba0f5000 size:392 presentcount:0+1 line:-1 name:_mymath_21
host:0x2817368 device:0x400943dbd800 size:4800 presentcount:0+2 line:614 name:var
host:0x2818628 device:0x400943df5000 size:1984 presentcount:0+2 line:403 name:var
host:0x281a910 device:0x40087c3ff600 size:864 presentcount:0+4 line:2639 name:hamiltonian
host:0x286ac80 device:0x400943dfe600 size:2712 presentcount:0+2 line:428 name:var
host:0x286b718 device:0x4008bc3fea00 size:2248 presentcount:0+1 line:742 name:var
host:0x286eb50 device:0x4009441ffa00 size:288 presentcount:0+1 line:195 name:latt_cur
host:0x2871658 device:0x4006be5fc000 size:5088 presentcount:0+28 line:517 name:var
host:0x2872a38 device:0x4007f03fa600 size:5088 presentcount:0+6 line:517 name:var
host:0x2873e18 device:0x400943ff9c00 size:5088 presentcount:0+7 line:517 name:var
host:0x287a2a8 device:0x4009441eba00 size:304 presentcount:0+1 line:567 name:var
host:0x287a3d8 device:0x4009441ec800 size:304 presentcount:0+1 line:567 name:var
host:0x2e48ec0 device:0x4006ba002600 size:960024 presentcount:0+1 line:-1 name:_setexm_struct_def_16
host:0x2f8f080 device:0x4006ba0f4700 size:580 presentcount:0+1 line:-1 name:_wpbe_16
host:0x2f8f900 device:0x4006ba0f4b00 size:288 presentcount:0+1 line:-1 name:_mbj_16
host:0x9f446c0 device:0x4006ba0f5200 size:624 presentcount:0+1 line:-1 name:_mlr_optic_16
host:0x30524e60 device:0x400943dbf600 size:1000 presentcount:0+4 line:519 name:var%lpctz(:)
host:0x30527e70 device:0x4009441eae00 size:260 presentcount:0+1 line:499 name:var%ptri(:)
host:0x30528160 device:0x4007f03ffc00 size:260 presentcount:0+1 line:499 name:var%n(:)
host:0x316eb460 device:0x4007f03fd600 size:528 presentcount:0+1 line:480 name:var
host:0x3593c0f0 device:0x4006be5ffe00 size:8 presentcount:0+4 line:405 name:var%nityp(:)
host:0x35dfe100 device:0x4007f03ffe00 size:260 presentcount:0+1 line:499 name:var%ptr(:)
host:0x362abf60 device:0x400943dff400 size:8 presentcount:0+3 line:616 name:var%nityp(:)
host:0x362ac050 device:0x400943dffa00 size:8 presentcount:0+2 line:616 name:var%wtkpt(:)
host:0x362b8df0 device:0x4009441eec00 size:28464 presentcount:0+1 line:853 name:var(:)
host:0x362cb550 device:0x4009443eca00 size:40000 presentcount:0+1 line:857 name:var%psp(:,:)
host:0x362d51c0 device:0x4009443f6800 size:8000 presentcount:0+1 line:857 name:var%psprho(:)
host:0x362d8450 device:0x400943ff2000 size:24000 presentcount:0+2 line:466 name:var%psprnl(:,:,:)
host:0x36307e30 device:0x400943fe9c00 size:4320 presentcount:0+4 line:405 name:var%ityp(:)
host:0x36308f40 device:0x400943df8000 size:25920 presentcount:0+4 line:405 name:var%posion(:,:)
host:0x3634c2c0 device:0x4009441f5c00 size:40000 presentcount:0+1 line:857 name:var%psp(:,:)
host:0x36355f30 device:0x4009443e8a00 size:8000 presentcount:0+1 line:857 name:var%pspcor(:)
host:0x36357ea0 device:0x4009443eaa00 size:8000 presentcount:0+1 line:857 name:var%psprho(:)
host:0x3635b130 device:0x400943fec000 size:24000 presentcount:0+2 line:466 name:var%psprnl(:,:,:)
host:0x363a80f0 device:0x4008bc3ff800 size:24 presentcount:0+3 line:466 name:var%lps(:)
host:0x363a81a0 device:0x4008bc3ffc00 size:24 presentcount:0+3 line:466 name:var%lps(:)
host:0x363f4c80 device:0x400943dff800 size:24 presentcount:0+3 line:616 name:var%vkpt(:,:)
host:0x36419f30 device:0x400943dbd600 size:16 presentcount:0+2 line:430 name:var%psrmax(:)
host:0x3641a4f0 device:0x400943fe8a00 size:4320 presentcount:0+3 line:616 name:var%ityp(:)
host:0x3641b600 device:0x400943dff200 size:8 presentcount:0+3 line:616 name:var%lmmax(:)
host:0x3641b630 device:0x400943dff600 size:8 presentcount:0+3 line:616 name:var%nt_global(:)
host:0x3641b660 device:0x400943df6e00 size:4320 presentcount:0+3 line:616 name:var%npro_pos(:)
host:0x3641c770 device:0x400943df5a00 size:4324 presentcount:0+3 line:616 name:var%lmbase(:)
host:0x3641d880 device:0x400943dffe00 size:4 presentcount:0+2 line:616 name:var%nplwkp(:)
host:0x3641d8b0 device:0x400943ff1e00 size:4 presentcount:0+2 line:616 name:var%nplwkp_tot(:)
host:0x3641d8e0 device:0x400943ff7e00 size:4 presentcount:0+2 line:616 name:var%ngvector_pos(:)
host:0x3641d910 device:0x400943dffc00 size:4 presentcount:0+2 line:616 name:var%ngvector(:)
host:0x3641d940 device:0x400943dbec00 size:1280 presentcount:0+4 line:519 name:var%lpctx(:)
host:0x3641de70 device:0x400943dbf200 size:720 presentcount:0+4 line:519 name:var%lpcty(:)
host:0x3641e170 device:0x400943dbfa00 size:1280 presentcount:0+4 line:519 name:var%lpctx_(:)
host:0x3641e6a0 device:0x400943dc0000 size:720 presentcount:0+4 line:519 name:var%lpcty_(:)
host:0x3641e9a0 device:0x400943dc0400 size:1000 presentcount:0+4 line:519 name:var%lpctz_(:)
host:0x3641edb0 device:0x4007f03fba00 size:1280 presentcount:0+1 line:519 name:var%lpctx(:)
host:0x3641f2e0 device:0x4007f03fc000 size:720 presentcount:0+1 line:519 name:var%lpcty(:)
host:0x3641f5e0 device:0x4007f03fc400 size:1000 presentcount:0+1 line:519 name:var%lpctz(:)
host:0x3641f9f0 device:0x4007f03fc800 size:1280 presentcount:0+1 line:519 name:var%lpctx_(:)
host:0x3641ff20 device:0x4007f03fce00 size:720 presentcount:0+1 line:519 name:var%lpcty_(:)
host:0x36420220 device:0x4007f03fd200 size:1000 presentcount:0+1 line:519 name:var%lpctz_(:)
host:0x36420630 device:0x400943ff8200 size:2560 presentcount:0+1 line:519 name:var%lpctx(:)
host:0x36421060 device:0x400943ffb000 size:1440 presentcount:0+1 line:519 name:var%lpcty(:)
host:0x36421630 device:0x400943ff8e00 size:2000 presentcount:0+1 line:519 name:var%lpctz(:)
host:0x36421e30 device:0x400943ffb600 size:2560 presentcount:0+1 line:519 name:var%lpctx_(:)
host:0x36422860 device:0x400943ffc000 size:1440 presentcount:0+1 line:519 name:var%lpcty_(:)
host:0x36422e30 device:0x400943ffc600 size:2000 presentcount:0+1 line:519 name:var%lpctz_(:)
host:0x36516490 device:0x400943ffce00 size:5648 presentcount:0+1 line:482 name:var%i2(:)
host:0x36517ad0 device:0x400943ffe600 size:5648 presentcount:0+1 line:482 name:var%i3(:)
host:0x36519110 device:0x4007f03f4c00 size:10040 presentcount:0+1 line:482 name:var%i2(:)
host:0x3651b870 device:0x4007f03f7400 size:10040 presentcount:0+1 line:482 name:var%i3(:)
host:0x3651dfd0 device:0x4007f03ed800 size:14400 presentcount:0+2 line:482 name:var%i2(:)
host:0x36521840 device:0x4007f03f1200 size:14400 presentcount:0+2 line:482 name:var%i3(:)
host:0x365254d0 device:0x4009db85fa00 size:921600 presentcount:0+2 line:482 name:var%index(:,:)
host:0x36606500 device:0x4009441eca00 size:2560 presentcount:0+1 line:569 name:var%ind1(:)
host:0x36606f30 device:0x4009441ed400 size:5648 presentcount:0+1 line:569 name:var%indcol(:)
host:0x36608570 device:0x4007f03fda00 size:5648 presentcount:0+1 line:482 name:var%i2(:)
host:0x36609bb0 device:0x4009441e8a00 size:5648 presentcount:0+1 line:482 name:var%i3(:)
host:0x3660b1f0 device:0x4007f03ff200 size:2520 presentcount:0+1 line:482 name:var%i2(:)
host:0x3660bbf0 device:0x4009441ea200 size:2520 presentcount:0+1 line:482 name:var%i3(:)
host:0x3660c5f0 device:0x4006be5fd400 size:4320 presentcount:0+2 line:430 name:var%nlimax(:)
host:0x3660d700 device:0x4006be5fe600 size:4324 presentcount:0+2 line:430 name:var%lmbase(:)
host:0x3660e810 device:0x4007f0390600 size:4324 presentcount:0+2 line:430 name:var%nlibase(:)
host:0x3660f920 device:0x400943dc0800 size:17132 presentcount:0+4 line:519 name:var%nindpwconjg(:)
host:0x36613c40 device:0x400943dc4c00 size:17132 presentcount:0+4 line:519 name:var%ind_in_sphere(:)
host:0x366195a0 device:0x4008bc3ffe00 size:260 presentcount:0+1 line:499 name:var%n(:)
host:0x366196d0 device:0x4007f03f9c00 size:260 presentcount:0+1 line:499 name:var%ptri(:)
host:0x36619800 device:0x400943fffe00 size:260 presentcount:0+1 line:499 name:var%ni(:)
host:0x36619930 device:0x4007f03fa000 size:260 presentcount:0+1 line:499 name:var%ptr(:)
host:0x36619a60 device:0x4007f03f9e00 size:260 presentcount:0+1 line:499 name:var%n(:)
host:0x36619b90 device:0x4007f03fa400 size:260 presentcount:0+1 line:499 name:var%ptri(:)
host:0x36619cc0 device:0x4007f03fa200 size:260 presentcount:0+1 line:499 name:var%ni(:)
host:0x36619f20 device:0x4009441eac00 size:260 presentcount:0+1 line:499 name:var%ni(:)
host:0x3661a050 device:0x4009441eb200 size:260 presentcount:0+1 line:499 name:var%ptr(:)
host:0x3661a180 device:0x4009441eb000 size:260 presentcount:0+1 line:499 name:var%n(:)
host:0x3661a2b0 device:0x4009441eb800 size:4 presentcount:0+1 line:499 name:var%tbli(:)
host:0x3661a2e0 device:0x4009441eb600 size:260 presentcount:0+1 line:499 name:var%ptri(:)
host:0x3661a410 device:0x4009441eb400 size:260 presentcount:0+1 line:499 name:var%ni(:)
host:0x3662af20 device:0x4006be5ff800 size:260 presentcount:0+1 line:499 name:var%ptr(:)
host:0x366466a0 device:0x4009441ebc00 size:1280 presentcount:0+1 line:569 name:var%ind1(:)
host:0x36646bd0 device:0x4009441ec200 size:1452 presentcount:0+1 line:569 name:var%indcol(:)
host:0x366471b0 device:0x4007f0338600 size:180000 presentcount:0+4 line:482 name:var%i2(:)
host:0x36673100 device:0x4007f0364600 size:180000 presentcount:0+4 line:482 name:var%i3(:)
host:0x3669f050 device:0x400943dc9000 size:180000 presentcount:0+8 line:482 name:var%index(:,:)
host:0x366cafa0 device:0x4009443bca00 size:180000 presentcount:0+8 line:482 name:var%i2(:)
host:0x366f6ef0 device:0x4007f0391800 size:180000 presentcount:0+8 line:482 name:var%i3(:)
host:0x36723470 device:0x400943e00000 size:1821184 presentcount:0+3 line:616 name:var%nindpw(:,:)
host:0x368dfea0 device:0x400943df5800 size:8 presentcount:0+2 line:616 name:var%nb_totk(:,:)
host:0x368dfed0 device:0x400943ff8000 size:4 presentcount:0+2 line:616 name:var%luseinv(:)
host:0x368dff00 device:0x400943dbd200 size:4 presentcount:0+2 line:616 name:var%at_gamma(:)
host:0x368dff30 device:0x400943fbca00 size:180000 presentcount:0+3 line:616 name:var%pl_index(:,:)
host:0x3690be80 device:0x4009441bca00 size:180000 presentcount:0+3 line:616 name:var%pl_col(:,:)
host:0x36937dd0 device:0x400943ff9a00 size:8 presentcount:0+2 line:405 name:var%lmmax(:)
host:0x36937e00 device:0x400943dbce00 size:8 presentcount:0+2 line:430 name:var%lmax(:)
host:0x36937e30 device:0x400943feae00 size:4324 presentcount:0+2 line:405 name:var%lmbase(:)
host:0x36938f40 device:0x400943dbd000 size:8 presentcount:0+2 line:430 name:var%lmmax(:)
host:0x36938f70 device:0x400943dbd400 size:8 presentcount:0+2 line:430 name:var%channels(:)
host:0x36938fa0 device:0x4008bc3ff400 size:16 presentcount:0+2 line:430 name:var%rsmooth(:)
host:0x36938fe0 device:0x4008bc3ff600 size:400 presentcount:0+2 line:464 name:var
host:0x36939170 device:0x4008bc3ffa00 size:400 presentcount:0+2 line:464 name:var
host:0x369a9b90 device:0x4009db940a00 size:464640 presentcount:0+1 line:499 name:var%tbl(:)
host:0x36ba3790 device:0x400944c00000 size:7284736 presentcount:0+3 line:616 name:var%datake(:,:,:)
host:0x37296a10 device:0x400944000000 size:1821184 presentcount:0+3 line:616 name:var%igx(:,:)
host:0x374540a0 device:0x400943c00000 size:1821184 presentcount:0+3 line:616 name:var%igy(:,:)
host:0x37611940 device:0x400944200000 size:1821184 presentcount:0+3 line:616 name:var%igz(:,:)
host:0x377cf810 device:0x40095cc00000 size:7284272 presentcount:0+4 line:519 name:var%fftsca(:,:)
host:0x37f335a0 device:0x401204400000 size:453600 presentcount:0+1 line:499 name:var%tbli(:)
host:0x37fa21b0 device:0x40120446ec00 size:453600 presentcount:0+1 line:499 name:var%tbl(:)
host:0x38113090 device:0x401203400000 size:3614720 presentcount:0+1 line:499 name:var%tbl(:)
host:0x387fb480 device:0x401203800000 size:3614400 presentcount:0+1 line:499 name:var%tbli(:)
host:0x38b6f850 device:0x401203c00000 size:3614400 presentcount:0+1 line:499 name:var%tbl(:)
host:0x39220030 device:0x4007f0324200 size:82944 presentcount:0+2 line:746 name:var%celtot(:,:,:)
host:0x39234460 device:0x4006be5f1e00 size:41472 presentcount:0+1 line:746 name:var%auxtot(:,:,:)
host:0x39258620 device:0x401204000000 size:3614400 presentcount:0+1 line:499 name:var%tbli(:)
host:0x3a3a21d0 device:0x4009dba00000 size:2799360 presentcount:0+2 line:194 name:cdij(:,:,:,:)
host:0x3a6f2420 device:0x4007f031a000 size:41472 presentcount:0+2 line:746 name:var%fertot(:,:,:)
host:0x3aa8ca70 device:0x401204600000 size:2799360 presentcount:0+2 line:194 name:cqij(:,:,:,:)
host:0x3afec720 device:0x4009dbe00000 size:7962624 presentcount:0+5 line:746 name:var%gproj(:,:,:,:)
host:0x3b9a7720 device:0x4007f03d5800 size:98304 presentcount:0+1 line:1101 name:w1%gproj(:)
host:0x3ba25e90 device:0x4012045fd800 size:2048 presentcount:0+1 line:179 name:w1(:)
host:0x3ba266b0 device:0x4009443fbe00 size:2048 presentcount:0+1 line:179 name:wtmp(:)
host:0x3bbadae0 device:0x40120459d800 size:393216 presentcount:0+2 line:1226 name:wa%gproj(:,:)
host:0x3bc0db10 device:0x401406c00000 size:393216 presentcount:0+2 line:1226 name:wa%gproj(:,:)
host:0x3bc6db40 device:0x4007f03bd800 size:98304 presentcount:0+1 line:1101 name:w1%gproj(:)
host:0x3bc85b70 device:0x4009db9cc000 size:98304 presentcount:0+1 line:1101 name:w1%gproj(:)
host:0x3bc9dba0 device:0x4009db9e4000 size:98304 presentcount:0+1 line:1101 name:w1%gproj(:)
host:0x445331f0 device:0x401414e00000 size:3145728 presentcount:0+2 line:1226 name:wa%gproj(:,:)
host:0x4965e830 device:0x401415a00000 size:14569472 presentcount:0+1 line:202 name:precon(:,:)
host:0x4a44abe0 device:0x400944400000 size:7284736 presentcount:0+1 line:1101 name:w1%cptwfp(:)
host:0x4ab44dc0 device:0x400943400000 size:7284736 presentcount:0+1 line:1101 name:w1%cptwfp(:)
host:0x4b23f5d0 device:0x40114ce00000 size:7284736 presentcount:0+1 line:1101 name:w1%cptwfp(:)
host:0x4b931e00 device:0x401415200000 size:7284736 presentcount:0+1 line:1101 name:w1%cptwfp(:)
host:0x4006ec0010a0 device:0x400945400000 size:45593280 presentcount:0+2 line:430 name:var%nli(:,:)
host:0x4007570e35c0 device:0x401204a00000 size:14400000 presentcount:0+1 line:195 name:dencor(:)
host:0x400758c739e0 device:0x401205800000 size:28917760 presentcount:0+1 line:195 name:cstrf(:,:)
host:0x4008000012b0 device:0x400960000000 size:807411968 presentcount:0+2 line:430 name:var%rproj(:)
host:0x4008302131a0 device:0x4009c0000000 size:230400000 presentcount:0+2 line:194 name:sv(:,:)
host:0x4008e0004a60 device:0x400920000000 size:590063616 presentcount:0+5 line:746 name:var%cptwfp(:,:,:,:)
host:0x4009032c6b60 device:0x401403400000 size:29138944 presentcount:0+2 line:1226 name:wa%cptwfp(:,:)
host:0x400904ea6d70 device:0x401405000000 size:29138944 presentcount:0+2 line:1226 name:wa%cptwfp(:,:)
host:0x4009a0006f80 device:0x401406e00000 size:233111552 presentcount:0+2 line:1226 name:wa%cptwfp(:,:)
host:0x4009ade675b0 device:0x4011e5600000 size:230400000 presentcount:0+1 line:1101 name:w1%cr(:)
host:0x400a032c77c0 device:0x400990400000 size:230400000 presentcount:0+1 line:1236 name:w1%cr(:)
host:0x400a10e97be0 device:0x4009cdc00000 size:230400000 presentcount:0+1 line:1101 name:w1%cr(:)
host:0x400a60007df0 device:0x400948000000 size:230400000 presentcount:0+1 line:1236 name:w1%cr(:)
host:0x400a6dbd8210 device:0x4013c3400000 size:230400000 presentcount:0+1 line:1101 name:w1%cr(:)
host:0x400a7b7a8420 device:0x4013d1000000 size:230400000 presentcount:0+1 line:1236 name:w1%cr(:)
host:0x400a89370230 device:0x401383400000 size:230400000 presentcount:0+1 line:1101 name:w1%cr(:)
host:0x400f60000440 device:0x401391000000 size:230400000 presentcount:0+1 line:1236 name:w1%cr(:)
host:0xfffff8c820f0 device:0x4009443fca00 size:3024 presentcount:0+12 line:682 name:var
host:0xfffff8c82cc0 device:0x40087c3ffa00 size:1480 presentcount:0+1 line:174 name:w_ini
host:0xfffff8c83290 device:0x4009443fb400 size:1480 presentcount:0+1 line:174 name:wopt
host:0xfffff8c83860 device:0x40085c3ff600 size:1480 presentcount:0+1 line:174 name:wtmpa
allocated block device:0x4006be5f1e00 size:41472 thread:1
allocated block device:0x4006be5fc000 size:5120 thread:1
allocated block device:0x4006be5fd400 size:4608 thread:1
allocated block device:0x4006be5fe600 size:4608 thread:1
allocated block device:0x4006be5ff800 size:512 thread:1
allocated block device:0x4006be5ffa00 size:512 thread:1
allocated block device:0x4006be5ffc00 size:512 thread:1
allocated block device:0x4006be5ffe00 size:512 thread:1
allocated block device:0x4007f031a000 size:41472 thread:1
allocated block device:0x4007f0324200 size:82944 thread:1
allocated block device:0x4007f0338600 size:180224 thread:1
allocated block device:0x4007f0364600 size:180224 thread:1
allocated block device:0x4007f0390600 size:4608 thread:1
allocated block device:0x4007f0391800 size:180224 thread:1
allocated block device:0x4007f03bd800 size:98304 thread:1
allocated block device:0x4007f03d5800 size:98304 thread:1
allocated block device:0x4007f03ed800 size:14848 thread:1
allocated block device:0x4007f03f1200 size:14848 thread:1
allocated block device:0x4007f03f4c00 size:10240 thread:1
allocated block device:0x4007f03f7400 size:10240 thread:1
allocated block device:0x4007f03f9c00 size:512 thread:1
allocated block device:0x4007f03f9e00 size:512 thread:1
allocated block device:0x4007f03fa000 size:512 thread:1
allocated block device:0x4007f03fa200 size:512 thread:1
allocated block device:0x4007f03fa400 size:512 thread:1
allocated block device:0x4007f03fa600 size:5120 thread:1
allocated block device:0x4007f03fba00 size:1536 thread:1
allocated block device:0x4007f03fc000 size:1024 thread:1
allocated block device:0x4007f03fc400 size:1024 thread:1
allocated block device:0x4007f03fc800 size:1536 thread:1
allocated block device:0x4007f03fce00 size:1024 thread:1
allocated block device:0x4007f03fd200 size:1024 thread:1
allocated block device:0x4007f03fd600 size:1024 thread:1
allocated block device:0x4007f03fda00 size:6144 thread:1
allocated block device:0x4007f03ff200 size:2560 thread:1
allocated block device:0x4007f03ffc00 size:512 thread:1
allocated block device:0x4007f03ffe00 size:512 thread:1
allocated block device:0x40085c3ff600 size:2048 thread:1
allocated block device:0x40087c3ff600 size:1024 thread:1
allocated block device:0x40087c3ffa00 size:1536 thread:1
allocated block device:0x4008bc3fea00 size:2560 thread:1
allocated block device:0x4008bc3ff400 size:512 thread:1
allocated block device:0x4008bc3ff600 size:512 thread:1
allocated block device:0x4008bc3ff800 size:512 thread:1
allocated block device:0x4008bc3ffa00 size:512 thread:1
allocated block device:0x4008bc3ffc00 size:512 thread:1
allocated block device:0x4008bc3ffe00 size:512 thread:1
allocated block device:0x400920000000 size:590063616 thread:1
allocated block device:0x400943400000 size:7962624 thread:1
allocated block device:0x400943c00000 size:1821184 thread:1
allocated block device:0x400943dbca00 size:512 thread:1
allocated block device:0x400943dbcc00 size:512 thread:1
allocated block device:0x400943dbce00 size:512 thread:1
allocated block device:0x400943dbd000 size:512 thread:1
allocated block device:0x400943dbd200 size:512 thread:1
allocated block device:0x400943dbd400 size:512 thread:1
allocated block device:0x400943dbd600 size:512 thread:1
allocated block device:0x400943dbd800 size:5120 thread:1
allocated block device:0x400943dbec00 size:1536 thread:1
allocated block device:0x400943dbf200 size:1024 thread:1
allocated block device:0x400943dbf600 size:1024 thread:1
allocated block device:0x400943dbfa00 size:1536 thread:1
allocated block device:0x400943dc0000 size:1024 thread:1
allocated block device:0x400943dc0400 size:1024 thread:1
allocated block device:0x400943dc0800 size:17408 thread:1
allocated block device:0x400943dc4c00 size:17408 thread:1
allocated block device:0x400943dc9000 size:180224 thread:1
allocated block device:0x400943df5000 size:2048 thread:1
allocated block device:0x400943df5800 size:512 thread:1
allocated block device:0x400943df5a00 size:4608 thread:1
allocated block device:0x400943df6c00 size:512 thread:1
allocated block device:0x400943df6e00 size:4608 thread:1
allocated block device:0x400943df8000 size:26112 thread:1
allocated block device:0x400943dfe600 size:3072 thread:1
allocated block device:0x400943dff200 size:512 thread:1
allocated block device:0x400943dff400 size:512 thread:1
allocated block device:0x400943dff600 size:512 thread:1
allocated block device:0x400943dff800 size:512 thread:1
allocated block device:0x400943dffa00 size:512 thread:1
allocated block device:0x400943dffc00 size:512 thread:1
allocated block device:0x400943dffe00 size:512 thread:1
allocated block device:0x400943e00000 size:1821184 thread:1
allocated block device:0x400943fbca00 size:180224 thread:1
allocated block device:0x400943fe8a00 size:4608 thread:1
allocated block device:0x400943fe9c00 size:4608 thread:1
allocated block device:0x400943feae00 size:4608 thread:1
allocated block device:0x400943fec000 size:24064 thread:1
allocated block device:0x400943ff1e00 size:512 thread:1
allocated block device:0x400943ff2000 size:24064 thread:1
allocated block device:0x400943ff7e00 size:512 thread:1
allocated block device:0x400943ff8000 size:512 thread:1
allocated block device:0x400943ff8200 size:3072 thread:1
allocated block device:0x400943ff8e00 size:3072 thread:1
allocated block device:0x400943ff9a00 size:512 thread:1
allocated block device:0x400943ff9c00 size:5120 thread:1
allocated block device:0x400943ffb000 size:1536 thread:1
allocated block device:0x400943ffb600 size:2560 thread:1
allocated block device:0x400943ffc000 size:1536 thread:1
allocated block device:0x400943ffc600 size:2048 thread:1
allocated block device:0x400943ffce00 size:6144 thread:1
allocated block device:0x400943ffe600 size:6144 thread:1
allocated block device:0x400943fffe00 size:512 thread:1
allocated block device:0x400944000000 size:1821184 thread:1
allocated block device:0x4009441bca00 size:180224 thread:1
allocated block device:0x4009441e8a00 size:6144 thread:1
allocated block device:0x4009441ea200 size:2560 thread:1
allocated block device:0x4009441eac00 size:512 thread:1
allocated block device:0x4009441eae00 size:512 thread:1
allocated block device:0x4009441eb000 size:512 thread:1
allocated block device:0x4009441eb200 size:512 thread:1
allocated block device:0x4009441eb400 size:512 thread:1
allocated block device:0x4009441eb600 size:512 thread:1
allocated block device:0x4009441eb800 size:512 thread:1
allocated block device:0x4009441eba00 size:512 thread:1
allocated block device:0x4009441ebc00 size:1536 thread:1
allocated block device:0x4009441ec200 size:1536 thread:1
allocated block device:0x4009441ec800 size:512 thread:1
allocated block device:0x4009441eca00 size:2560 thread:1
allocated block device:0x4009441ed400 size:6144 thread:1
allocated block device:0x4009441eec00 size:28672 thread:1
allocated block device:0x4009441f5c00 size:40448 thread:1
allocated block device:0x4009441ffa00 size:512 thread:1
allocated block device:0x400944200000 size:1821184 thread:1
allocated block device:0x4009443bca00 size:180224 thread:1
allocated block device:0x4009443e8a00 size:8192 thread:1
allocated block device:0x4009443eaa00 size:8192 thread:1
allocated block device:0x4009443eca00 size:40448 thread:1
allocated block device:0x4009443f6800 size:8192 thread:1
allocated block device:0x4009443fb400 size:2560 thread:1
allocated block device:0x4009443fbe00 size:3072 thread:1
allocated block device:0x4009443fca00 size:3072 thread:1
allocated block device:0x400944400000 size:7284736 thread:1
allocated block device:0x400944c00000 size:7284736 thread:1
allocated block device:0x400945400000 size:45593600 thread:1
allocated block device:0x400948000000 size:230400000 thread:1
allocated block device:0x40095cc00000 size:7284736 thread:1
allocated block device:0x400960000000 size:807412224 thread:1
allocated block device:0x400990400000 size:230400000 thread:1
allocated block device:0x4009c0000000 size:230400000 thread:1
allocated block device:0x4009cdc00000 size:230400000 thread:1
allocated block device:0x4009db85fa00 size:921600 thread:1
allocated block device:0x4009db940a00 size:464896 thread:1
allocated block device:0x4009db9cc000 size:98304 thread:1
allocated block device:0x4009db9e4000 size:98304 thread:1
allocated block device:0x4009dba00000 size:2799616 thread:1
allocated block device:0x4009dbe00000 size:7962624 thread:1
allocated block device:0x40114ce00000 size:14400000 thread:1
allocated block device:0x4011e5600000 size:230400000 thread:1
allocated block device:0x401203400000 size:3614720 thread:1
allocated block device:0x401203800000 size:3614720 thread:1
allocated block device:0x401203c00000 size:3614720 thread:1
allocated block device:0x401204000000 size:3614720 thread:1
allocated block device:0x401204400000 size:453632 thread:1
allocated block device:0x40120446ec00 size:453632 thread:1
allocated block device:0x40120459d800 size:393216 thread:1
allocated block device:0x4012045fd800 size:2048 thread:1
allocated block device:0x401204600000 size:2799616 thread:1
allocated block device:0x401204a00000 size:14400000 thread:1
allocated block device:0x401205800000 size:28917760 thread:1
allocated block device:0x401383400000 size:230400000 thread:1
allocated block device:0x401391000000 size:230400000 thread:1
allocated block device:0x4013c3400000 size:230400000 thread:1
allocated block device:0x4013d1000000 size:230400000 thread:1
allocated block device:0x401403400000 size:29138944 thread:1
allocated block device:0x401405000000 size:29138944 thread:1
allocated block device:0x401406c00000 size:393216 thread:1
allocated block device:0x401406e00000 size:233111552 thread:1
allocated block device:0x401414e00000 size:3145728 thread:1
allocated block device:0x401415200000 size:7284736 thread:1
allocated block device:0x401415a00000 size:14569472 thread:1
Accelerator Fatal Error: call to cuMemAlloc returned error 2 (CUDA_ERROR_OUT_OF_MEMORY): Out of memory
 File: /lus/lfs1aip2/projects/u6cb/software/VASP/vasp.6.5.1/build/gam/hamil.f90
 Function: hamiltmu:978
 Line: 1005

Out of memory allocating 921600000 bytes of device memory
Failing in Thread:1
total/free CUDA memory: 102005473280/160366592
Present table dump for device[1]: NVIDIA Tesla GPU 0, compute capability 9.0, threadid=1
Hint: specify 0x800 bit in NV_ACC_DEBUG for verbose info.
host:0x2557280 device:0x400923df6c00 size:32 presentcount:0+3 line:643 name:var%comm
host:0x25572a0 device:0x400923dbca00 size:32 presentcount:0+4 line:652 name:var%comm_kinter
host:0x25572c0 device:0x400923dbcc00 size:32 presentcount:0+6 line:655 name:var%comm_kin
host:0x25572e0 device:0x40069e3ffa00 size:32 presentcount:0+3 line:646 name:var%comm_inter
host:0x2557300 device:0x40069e3ffc00 size:32 presentcount:0+7 line:649 name:var%comm_inb
host:0x256be80 device:0x40069a0ecd00 size:8 presentcount:0+1 line:-1 name:_setexm_struct_def_21
host:0x2576f40 device:0x40069a0ece00 size:28 presentcount:0+1 line:-1 name:_ml_ff_constant_21
host:0x2577c80 device:0x40069a0ecf00 size:30437 presentcount:0+1 line:-1 name:_ml_ff_taglist_21
host:0x25afc80 device:0x40069a0f4600 size:8 presentcount:0+1 line:-1 name:_mopenacc_tutor_21
host:0x25c2740 device:0x40069a0f4a00 size:32 presentcount:0+1 line:-1 name:_mbj_21
host:0x25cd640 device:0x40069a0f4d00 size:8 presentcount:0+1 line:-1 name:_sym_prec_21
host:0x26030c0 device:0x40069a0f4e00 size:344 presentcount:0+1 line:-1 name:_tet_21
host:0x261c840 device:0x40069a0f5000 size:392 presentcount:0+1 line:-1 name:_mymath_21
host:0x2817368 device:0x400923dbd800 size:4800 presentcount:0+2 line:614 name:var
host:0x2818628 device:0x400923df5000 size:1984 presentcount:0+2 line:403 name:var
host:0x281a910 device:0x40085c1ff600 size:864 presentcount:0+4 line:2639 name:hamiltonian
host:0x286ac80 device:0x400923dfe600 size:2712 presentcount:0+2 line:428 name:var
host:0x286b718 device:0x40089c1fea00 size:2248 presentcount:0+1 line:742 name:var
host:0x286eb50 device:0x4009241ffa00 size:288 presentcount:0+1 line:195 name:latt_cur
host:0x2871658 device:0x40069e3fc000 size:5088 presentcount:0+28 line:517 name:var
host:0x2872a38 device:0x4007ca3fa600 size:5088 presentcount:0+6 line:517 name:var
host:0x2873e18 device:0x400923ff9c00 size:5088 presentcount:0+7 line:517 name:var
host:0x287a2a8 device:0x4009241eba00 size:304 presentcount:0+1 line:567 name:var
host:0x287a3d8 device:0x4009241ec800 size:304 presentcount:0+1 line:567 name:var
host:0x2e48ec0 device:0x40069a002600 size:960024 presentcount:0+1 line:-1 name:_setexm_struct_def_16
host:0x2f8f080 device:0x40069a0f4700 size:580 presentcount:0+1 line:-1 name:_wpbe_16
host:0x2f8f900 device:0x40069a0f4b00 size:288 presentcount:0+1 line:-1 name:_mbj_16
host:0x9f446c0 device:0x40069a0f5200 size:624 presentcount:0+1 line:-1 name:_mlr_optic_16
host:0x22f39660 device:0x400923dffa00 size:8 presentcount:0+2 line:616 name:var%wtkpt(:)
host:0x22f39690 device:0x400923dff400 size:8 presentcount:0+3 line:616 name:var%nityp(:)
host:0x231068b0 device:0x4009241eae00 size:260 presentcount:0+1 line:499 name:var%ptri(:)
host:0x23114e60 device:0x400923dbf600 size:1000 presentcount:0+4 line:519 name:var%lpctz(:)
host:0x23117e30 device:0x4009241eb200 size:260 presentcount:0+1 line:499 name:var%ptr(:)
host:0x23118120 device:0x4009241eac00 size:260 presentcount:0+1 line:499 name:var%ni(:)
host:0x231fd4b0 device:0x400923dff200 size:8 presentcount:0+3 line:616 name:var%lmmax(:)
host:0x238939a0 device:0x4007ca3fd600 size:528 presentcount:0+1 line:480 name:var
host:0x23894240 device:0x4007ca3ffc00 size:260 presentcount:0+1 line:499 name:var%n(:)
host:0x278dfcc0 device:0x40089c1ff600 size:400 presentcount:0+2 line:464 name:var
host:0x278dfe50 device:0x40089c1ffa00 size:400 presentcount:0+2 line:464 name:var
host:0x2bfae330 device:0x40069e3ffe00 size:8 presentcount:0+4 line:405 name:var%nityp(:)
host:0x2c470340 device:0x4007ca3ffe00 size:260 presentcount:0+1 line:499 name:var%ptr(:)
host:0x2c92b160 device:0x4009241eec00 size:28464 presentcount:0+1 line:853 name:var(:)
host:0x2c93d8c0 device:0x4009243eca00 size:40000 presentcount:0+1 line:857 name:var%psp(:,:)
host:0x2c947530 device:0x4009243f6800 size:8000 presentcount:0+1 line:857 name:var%psprho(:)
host:0x2c94a7c0 device:0x400923ff2000 size:24000 presentcount:0+2 line:466 name:var%psprnl(:,:,:)
host:0x2c97a1a0 device:0x400923fe9c00 size:4320 presentcount:0+4 line:405 name:var%ityp(:)
host:0x2c97b2b0 device:0x400923df8000 size:25920 presentcount:0+4 line:405 name:var%posion(:,:)
host:0x2c9be480 device:0x4009243e8a00 size:8000 presentcount:0+1 line:857 name:var%pspcor(:)
host:0x2c9c03f0 device:0x4009243eaa00 size:8000 presentcount:0+1 line:857 name:var%psprho(:)
host:0x2c9c3f60 device:0x4009241f5c00 size:40000 presentcount:0+1 line:857 name:var%psp(:,:)
host:0x2c9cdbd0 device:0x400923fec000 size:24000 presentcount:0+2 line:466 name:var%psprnl(:,:,:)
host:0x2ca0dc80 device:0x40089c1ff800 size:24 presentcount:0+3 line:466 name:var%lps(:)
host:0x2ca0dd30 device:0x40089c1ffc00 size:24 presentcount:0+3 line:466 name:var%lps(:)
host:0x2cb7b400 device:0x400923dff800 size:24 presentcount:0+3 line:616 name:var%vkpt(:,:)
host:0x2cba05d0 device:0x400923dbd600 size:16 presentcount:0+2 line:430 name:var%psrmax(:)
host:0x2cba0b90 device:0x400923fe8a00 size:4320 presentcount:0+3 line:616 name:var%ityp(:)
host:0x2cba1ca0 device:0x400923dff600 size:8 presentcount:0+3 line:616 name:var%nt_global(:)
host:0x2cba1cd0 device:0x400923df6e00 size:4320 presentcount:0+3 line:616 name:var%npro_pos(:)
host:0x2cba2de0 device:0x400923df5a00 size:4324 presentcount:0+3 line:616 name:var%lmbase(:)
host:0x2cba3ef0 device:0x400923dffe00 size:4 presentcount:0+2 line:616 name:var%nplwkp(:)
host:0x2cba3f20 device:0x400923ff1e00 size:4 presentcount:0+2 line:616 name:var%nplwkp_tot(:)
host:0x2cba3f50 device:0x400923ff7e00 size:4 presentcount:0+2 line:616 name:var%ngvector_pos(:)
host:0x2cba3f80 device:0x400923dffc00 size:4 presentcount:0+2 line:616 name:var%ngvector(:)
host:0x2cba3fb0 device:0x400923dbec00 size:1280 presentcount:0+4 line:519 name:var%lpctx(:)
host:0x2cba44e0 device:0x400923dbf200 size:720 presentcount:0+4 line:519 name:var%lpcty(:)
host:0x2cba47e0 device:0x400923dbfa00 size:1280 presentcount:0+4 line:519 name:var%lpctx_(:)
host:0x2cba4d10 device:0x400923dc0000 size:720 presentcount:0+4 line:519 name:var%lpcty_(:)
host:0x2cba5010 device:0x400923dc0400 size:1000 presentcount:0+4 line:519 name:var%lpctz_(:)
host:0x2cba5420 device:0x4007ca3fba00 size:1280 presentcount:0+1 line:519 name:var%lpctx(:)
host:0x2cba5950 device:0x4007ca3fc000 size:720 presentcount:0+1 line:519 name:var%lpcty(:)
host:0x2cba5c50 device:0x4007ca3fc400 size:1000 presentcount:0+1 line:519 name:var%lpctz(:)
host:0x2cba6060 device:0x4007ca3fc800 size:1280 presentcount:0+1 line:519 name:var%lpctx_(:)
host:0x2cba6590 device:0x4007ca3fce00 size:720 presentcount:0+1 line:519 name:var%lpcty_(:)
host:0x2cba6890 device:0x4007ca3fd200 size:1000 presentcount:0+1 line:519 name:var%lpctz_(:)
host:0x2cba6ca0 device:0x400923ff8200 size:2560 presentcount:0+1 line:519 name:var%lpctx(:)
host:0x2cba76d0 device:0x400923ffb000 size:1440 presentcount:0+1 line:519 name:var%lpcty(:)
host:0x2cba7ca0 device:0x400923ff8e00 size:2000 presentcount:0+1 line:519 name:var%lpctz(:)
host:0x2cba84a0 device:0x400923ffb600 size:2560 presentcount:0+1 line:519 name:var%lpctx_(:)
host:0x2cba8ed0 device:0x400923ffc000 size:1440 presentcount:0+1 line:519 name:var%lpcty_(:)
host:0x2cba94a0 device:0x400923ffc600 size:2000 presentcount:0+1 line:519 name:var%lpctz_(:)
host:0x2cc9cb00 device:0x400923ffce00 size:5644 presentcount:0+1 line:482 name:var%i2(:)
host:0x2cc9e140 device:0x400923ffe600 size:5644 presentcount:0+1 line:482 name:var%i3(:)
host:0x2cc9f780 device:0x4007ca3f4c00 size:10040 presentcount:0+1 line:482 name:var%i2(:)
host:0x2cca1ee0 device:0x4007ca3f7400 size:10040 presentcount:0+1 line:482 name:var%i3(:)
host:0x2cca4640 device:0x4007ca3ed800 size:14400 presentcount:0+2 line:482 name:var%i2(:)
host:0x2cca7eb0 device:0x4007ca3f1200 size:14400 presentcount:0+2 line:482 name:var%i3(:)
host:0x2ccabb40 device:0x4009bb85fa00 size:921600 presentcount:0+2 line:482 name:var%index(:,:)
host:0x2cd8cb70 device:0x4009241eca00 size:2560 presentcount:0+1 line:569 name:var%ind1(:)
host:0x2cd8d5a0 device:0x4009241ed400 size:5644 presentcount:0+1 line:569 name:var%indcol(:)
host:0x2cd8ebe0 device:0x4007ca3fda00 size:5644 presentcount:0+1 line:482 name:var%i2(:)
host:0x2cd90220 device:0x4009241e8a00 size:5644 presentcount:0+1 line:482 name:var%i3(:)
host:0x2cd91860 device:0x4007ca3ff200 size:2520 presentcount:0+1 line:482 name:var%i2(:)
host:0x2cd92260 device:0x4009241ea200 size:2520 presentcount:0+1 line:482 name:var%i3(:)
host:0x2cdcb090 device:0x4009241eb000 size:260 presentcount:0+1 line:499 name:var%n(:)
host:0x2cdcb1c0 device:0x4009241eb800 size:4 presentcount:0+1 line:499 name:var%tbli(:)
host:0x2cdcb1f0 device:0x4009241eb600 size:260 presentcount:0+1 line:499 name:var%ptri(:)
host:0x2cdcb320 device:0x4009241eb400 size:260 presentcount:0+1 line:499 name:var%ni(:)
host:0x2cdcbeb0 device:0x40069e3ff800 size:260 presentcount:0+1 line:499 name:var%ptr(:)
host:0x2cdcc190 device:0x40089c1ffe00 size:260 presentcount:0+1 line:499 name:var%n(:)
host:0x2cdcc2c0 device:0x4007ca3f9c00 size:260 presentcount:0+1 line:499 name:var%ptri(:)
host:0x2cdcc3f0 device:0x400923fffe00 size:260 presentcount:0+1 line:499 name:var%ni(:)
host:0x2cdcc520 device:0x4007ca3fa000 size:260 presentcount:0+1 line:499 name:var%ptr(:)
host:0x2cdcc650 device:0x4007ca3f9e00 size:260 presentcount:0+1 line:499 name:var%n(:)
host:0x2cdcc780 device:0x4007ca3fa400 size:260 presentcount:0+1 line:499 name:var%ptri(:)
host:0x2cdcc8b0 device:0x4007ca3fa200 size:260 presentcount:0+1 line:499 name:var%ni(:)
host:0x2cdccd10 device:0x4009241ebc00 size:1280 presentcount:0+1 line:569 name:var%ind1(:)
host:0x2cdcd240 device:0x4009241ec200 size:1448 presentcount:0+1 line:569 name:var%indcol(:)
host:0x2cdcd810 device:0x4007ca338600 size:180000 presentcount:0+4 line:482 name:var%i2(:)
host:0x2cdf9760 device:0x4007ca364600 size:180000 presentcount:0+4 line:482 name:var%i3(:)
host:0x2ce256b0 device:0x400923dc9000 size:180000 presentcount:0+8 line:482 name:var%index(:,:)
host:0x2ce51600 device:0x4009243bca00 size:180000 presentcount:0+8 line:482 name:var%i2(:)
host:0x2ce7d550 device:0x4007ca391800 size:180000 presentcount:0+8 line:482 name:var%i3(:)
host:0x2cea9ad0 device:0x400923e00000 size:1821184 presentcount:0+3 line:616 name:var%nindpw(:,:)
host:0x2d066500 device:0x400923df5800 size:8 presentcount:0+2 line:616 name:var%nb_totk(:,:)
host:0x2d066530 device:0x400923ff8000 size:4 presentcount:0+2 line:616 name:var%luseinv(:)
host:0x2d066560 device:0x400923dbd200 size:4 presentcount:0+2 line:616 name:var%at_gamma(:)
host:0x2d066590 device:0x400923fbca00 size:180000 presentcount:0+3 line:616 name:var%pl_index(:,:)
host:0x2d0924e0 device:0x4009241bca00 size:180000 presentcount:0+3 line:616 name:var%pl_col(:,:)
host:0x2d0be430 device:0x400923ff9a00 size:8 presentcount:0+2 line:405 name:var%lmmax(:)
host:0x2d0be460 device:0x400923dbce00 size:8 presentcount:0+2 line:430 name:var%lmax(:)
host:0x2d0be490 device:0x400923feae00 size:4324 presentcount:0+2 line:405 name:var%lmbase(:)
host:0x2d0bf5a0 device:0x400923dbd000 size:8 presentcount:0+2 line:430 name:var%lmmax(:)
host:0x2d0bf5d0 device:0x400923dbd400 size:8 presentcount:0+2 line:430 name:var%channels(:)
host:0x2d0bf600 device:0x40089c1ff400 size:16 presentcount:0+2 line:430 name:var%rsmooth(:)
host:0x2d0bf640 device:0x40069e3fd400 size:4320 presentcount:0+2 line:430 name:var%nlimax(:)
host:0x2d0c0750 device:0x40069e3fe600 size:4324 presentcount:0+2 line:430 name:var%lmbase(:)
host:0x2d0c1860 device:0x4007ca390600 size:4324 presentcount:0+2 line:430 name:var%nlibase(:)
host:0x2d0c2970 device:0x400923dc0800 size:17132 presentcount:0+4 line:519 name:var%nindpwconjg(:)
host:0x2d0c6c90 device:0x400923dc4c00 size:17132 presentcount:0+4 line:519 name:var%ind_in_sphere(:)
host:0x2d215b00 device:0x400924c00000 size:7284736 presentcount:0+3 line:616 name:var%datake(:,:,:)
host:0x2d908d80 device:0x400924000000 size:1821184 presentcount:0+3 line:616 name:var%igx(:,:)
host:0x2dac6410 device:0x400923c00000 size:1821184 presentcount:0+3 line:616 name:var%igy(:,:)
host:0x2dc83cb0 device:0x400924200000 size:1821184 presentcount:0+3 line:616 name:var%igz(:,:)
host:0x2de41b80 device:0x40093cc00000 size:7284272 presentcount:0+4 line:519 name:var%fftsca(:,:)
host:0x2e56c610 device:0x4009bb940a00 size:463360 presentcount:0+1 line:499 name:var%tbl(:)
host:0x2e64ea70 device:0x4011e4400000 size:453600 presentcount:0+1 line:499 name:var%tbli(:)
host:0x2e6bd680 device:0x4011e446ec00 size:453600 presentcount:0+1 line:499 name:var%tbl(:)
host:0x2e842580 device:0x4011e3400000 size:3612160 presentcount:0+1 line:499 name:var%tbl(:)
host:0x2edb2420 device:0x40069e3f1e00 size:41472 presentcount:0+1 line:746 name:var%auxtot(:,:,:)
host:0x2ede2420 device:0x4007ca31a000 size:41472 presentcount:0+2 line:746 name:var%fertot(:,:,:)
host:0x2ef29570 device:0x4011e3800000 size:3614400 presentcount:0+1 line:499 name:var%tbli(:)
host:0x2f29d940 device:0x4011e3c00000 size:3614400 presentcount:0+1 line:499 name:var%tbl(:)
host:0x2f986710 device:0x4011e4000000 size:3614400 presentcount:0+1 line:499 name:var%tbli(:)
host:0x30882420 device:0x4007ca324200 size:82944 presentcount:0+2 line:746 name:var%celtot(:,:,:)
host:0x30e45410 device:0x4009bba00000 size:2799360 presentcount:0+2 line:194 name:cdij(:,:,:,:)
host:0x310f4b30 device:0x4011e4600000 size:2799360 presentcount:0+2 line:194 name:cqij(:,:,:,:)
host:0x316547e0 device:0x4009bbe00000 size:7962624 presentcount:0+5 line:746 name:var%gproj(:,:,:,:)
host:0x32010450 device:0x4007ca3bd800 size:98304 presentcount:0+1 line:1101 name:w1%gproj(:)
host:0x3208ebc0 device:0x4009243f8800 size:2048 presentcount:0+1 line:179 name:w1(:)
host:0x3208f3e0 device:0x40087c3ff600 size:2048 presentcount:0+1 line:179 name:wtmp(:)
host:0x32216a40 device:0x4011e459d800 size:393216 presentcount:0+2 line:1226 name:wa%gproj(:,:)
host:0x32276a70 device:0x4013a6c00000 size:393216 presentcount:0+2 line:1226 name:wa%gproj(:,:)
host:0x322d6aa0 device:0x4007ca3d5800 size:98304 presentcount:0+1 line:1101 name:w1%gproj(:)
host:0x322eead0 device:0x4009bb9c1800 size:98304 presentcount:0+1 line:1101 name:w1%gproj(:)
host:0x32306b00 device:0x4009bb9d9800 size:98304 presentcount:0+1 line:1101 name:w1%gproj(:)
host:0x3acc0960 device:0x4013b4e00000 size:3145728 presentcount:0+2 line:1226 name:wa%gproj(:,:)
host:0x3fded3a0 device:0x4013b7200000 size:14569472 presentcount:0+1 line:202 name:precon(:,:)
host:0x40bd9960 device:0x4013b5200000 size:7284736 presentcount:0+1 line:1101 name:w1%cptwfp(:)
host:0x412d3d50 device:0x4013b5a00000 size:7284736 presentcount:0+1 line:1101 name:w1%cptwfp(:)
host:0x419ce770 device:0x4013b6200000 size:7284736 presentcount:0+1 line:1101 name:w1%cptwfp(:)
host:0x420c11b0 device:0x4013b6a00000 size:7284736 presentcount:0+1 line:1101 name:w1%cptwfp(:)
host:0x40073c0010a0 device:0x400925400000 size:45593280 presentcount:0+2 line:430 name:var%nli(:,:)
host:0x40073eb835c0 device:0x4011e4a00000 size:14400000 presentcount:0+1 line:195 name:dencor(:)
host:0x4007e00012b0 device:0x400940000000 size:807411968 presentcount:0+2 line:430 name:var%rproj(:)
host:0x4008132f39e0 device:0x4011e5800000 size:28915200 presentcount:0+1 line:195 name:cstrf(:,:)
host:0x400819c16d70 device:0x4013a3400000 size:29138944 presentcount:0+2 line:1226 name:wa%cptwfp(:,:)
host:0x4008c00031a0 device:0x4009a0000000 size:230400000 presentcount:0+2 line:194 name:sv(:,:)
host:0x4008cdbc4a60 device:0x400900000000 size:590063616 presentcount:0+5 line:746 name:var%cptwfp(:,:,:,:)
host:0x4008f0e86f80 device:0x4013a5000000 size:29138944 presentcount:0+2 line:1226 name:wa%cptwfp(:,:)
host:0x4009800077c0 device:0x401363400000 size:230400000 presentcount:0+1 line:1101 name:w1%cr(:)
host:0x4009e32c7190 device:0x4013a6e00000 size:233111552 presentcount:0+2 line:1226 name:wa%cptwfp(:,:)
host:0x4009f11279d0 device:0x401371000000 size:230400000 presentcount:0+1 line:1236 name:w1%cr(:)
host:0x400a40007df0 device:0x401323400000 size:230400000 presentcount:0+1 line:1101 name:w1%cr(:)
host:0x400a4dbd8000 device:0x401331000000 size:230400000 presentcount:0+1 line:1236 name:w1%cr(:)
host:0x400a5b7a8420 device:0x4012e3400000 size:230400000 presentcount:0+1 line:1101 name:w1%cr(:)
host:0x400a69370020 device:0x4012f1000000 size:230400000 presentcount:0+1 line:1236 name:w1%cr(:)
host:0x400f40000440 device:0x4012a3400000 size:230400000 presentcount:0+1 line:1101 name:w1%cr(:)
host:0x400f4dbc0650 device:0x4012b1000000 size:230400000 presentcount:0+1 line:1236 name:w1%cr(:)
host:0xfffff8501c50 device:0x4009243fca00 size:3024 presentcount:0+12 line:682 name:var
host:0xfffff8502820 device:0x40085c1ffa00 size:1480 presentcount:0+1 line:174 name:w_ini
host:0xfffff8502df0 device:0x4009243fb400 size:1480 presentcount:0+1 line:174 name:wopt
host:0xfffff85033c0 device:0x40083c5ff600 size:1480 presentcount:0+1 line:174 name:wtmpa
allocated block device:0x40069e3f1e00 size:41472 thread:1
allocated block device:0x40069e3fc000 size:5120 thread:1
allocated block device:0x40069e3fd400 size:4608 thread:1
allocated block device:0x40069e3fe600 size:4608 thread:1
allocated block device:0x40069e3ff800 size:512 thread:1
allocated block device:0x40069e3ffa00 size:512 thread:1
allocated block device:0x40069e3ffc00 size:512 thread:1
allocated block device:0x40069e3ffe00 size:512 thread:1
allocated block device:0x4007ca31a000 size:41472 thread:1
allocated block device:0x4007ca324200 size:82944 thread:1
allocated block device:0x4007ca338600 size:180224 thread:1
allocated block device:0x4007ca364600 size:180224 thread:1
allocated block device:0x4007ca390600 size:4608 thread:1
allocated block device:0x4007ca391800 size:180224 thread:1
allocated block device:0x4007ca3bd800 size:98304 thread:1
allocated block device:0x4007ca3d5800 size:98304 thread:1
allocated block device:0x4007ca3ed800 size:14848 thread:1
allocated block device:0x4007ca3f1200 size:14848 thread:1
allocated block device:0x4007ca3f4c00 size:10240 thread:1
allocated block device:0x4007ca3f7400 size:10240 thread:1
allocated block device:0x4007ca3f9c00 size:512 thread:1
allocated block device:0x4007ca3f9e00 size:512 thread:1
allocated block device:0x4007ca3fa000 size:512 thread:1
allocated block device:0x4007ca3fa200 size:512 thread:1
allocated block device:0x4007ca3fa400 size:512 thread:1
allocated block device:0x4007ca3fa600 size:5120 thread:1
allocated block device:0x4007ca3fba00 size:1536 thread:1
allocated block device:0x4007ca3fc000 size:1024 thread:1
allocated block device:0x4007ca3fc400 size:1024 thread:1
allocated block device:0x4007ca3fc800 size:1536 thread:1
allocated block device:0x4007ca3fce00 size:1024 thread:1
allocated block device:0x4007ca3fd200 size:1024 thread:1
allocated block device:0x4007ca3fd600 size:1024 thread:1
allocated block device:0x4007ca3fda00 size:6144 thread:1
allocated block device:0x4007ca3ff200 size:2560 thread:1
allocated block device:0x4007ca3ffc00 size:512 thread:1
allocated block device:0x4007ca3ffe00 size:512 thread:1
allocated block device:0x40083c5ff600 size:2048 thread:1
allocated block device:0x40085c1ff600 size:1024 thread:1
allocated block device:0x40085c1ffa00 size:1536 thread:1
allocated block device:0x40087c3ff600 size:2048 thread:1
allocated block device:0x40089c1fea00 size:2560 thread:1
allocated block device:0x40089c1ff400 size:512 thread:1
allocated block device:0x40089c1ff600 size:512 thread:1
allocated block device:0x40089c1ff800 size:512 thread:1
allocated block device:0x40089c1ffa00 size:512 thread:1
allocated block device:0x40089c1ffc00 size:512 thread:1
allocated block device:0x40089c1ffe00 size:512 thread:1
allocated block device:0x400900000000 size:590063616 thread:1
allocated block device:0x400923c00000 size:1821184 thread:1
allocated block device:0x400923dbca00 size:512 thread:1
allocated block device:0x400923dbcc00 size:512 thread:1
allocated block device:0x400923dbce00 size:512 thread:1
allocated block device:0x400923dbd000 size:512 thread:1
allocated block device:0x400923dbd200 size:512 thread:1
allocated block device:0x400923dbd400 size:512 thread:1
allocated block device:0x400923dbd600 size:512 thread:1
allocated block device:0x400923dbd800 size:5120 thread:1
allocated block device:0x400923dbec00 size:1536 thread:1
allocated block device:0x400923dbf200 size:1024 thread:1
allocated block device:0x400923dbf600 size:1024 thread:1
allocated block device:0x400923dbfa00 size:1536 thread:1
allocated block device:0x400923dc0000 size:1024 thread:1
allocated block device:0x400923dc0400 size:1024 thread:1
allocated block device:0x400923dc0800 size:17408 thread:1
allocated block device:0x400923dc4c00 size:17408 thread:1
allocated block device:0x400923dc9000 size:180224 thread:1
allocated block device:0x400923df5000 size:2048 thread:1
allocated block device:0x400923df5800 size:512 thread:1
allocated block device:0x400923df5a00 size:4608 thread:1
allocated block device:0x400923df6c00 size:512 thread:1
allocated block device:0x400923df6e00 size:4608 thread:1
allocated block device:0x400923df8000 size:26112 thread:1
allocated block device:0x400923dfe600 size:3072 thread:1
allocated block device:0x400923dff200 size:512 thread:1
allocated block device:0x400923dff400 size:512 thread:1
allocated block device:0x400923dff600 size:512 thread:1
allocated block device:0x400923dff800 size:512 thread:1
allocated block device:0x400923dffa00 size:512 thread:1
allocated block device:0x400923dffc00 size:512 thread:1
allocated block device:0x400923dffe00 size:512 thread:1
allocated block device:0x400923e00000 size:1821184 thread:1
allocated block device:0x400923fbca00 size:180224 thread:1
allocated block device:0x400923fe8a00 size:4608 thread:1
allocated block device:0x400923fe9c00 size:4608 thread:1
allocated block device:0x400923feae00 size:4608 thread:1
allocated block device:0x400923fec000 size:24064 thread:1
allocated block device:0x400923ff1e00 size:512 thread:1
allocated block device:0x400923ff2000 size:24064 thread:1
allocated block device:0x400923ff7e00 size:512 thread:1
allocated block device:0x400923ff8000 size:512 thread:1
allocated block device:0x400923ff8200 size:3072 thread:1
allocated block device:0x400923ff8e00 size:3072 thread:1
allocated block device:0x400923ff9a00 size:512 thread:1
allocated block device:0x400923ff9c00 size:5120 thread:1
allocated block device:0x400923ffb000 size:1536 thread:1
allocated block device:0x400923ffb600 size:2560 thread:1
allocated block device:0x400923ffc000 size:1536 thread:1
allocated block device:0x400923ffc600 size:2048 thread:1
allocated block device:0x400923ffce00 size:6144 thread:1
allocated block device:0x400923ffe600 size:6144 thread:1
allocated block device:0x400923fffe00 size:512 thread:1
allocated block device:0x400924000000 size:1821184 thread:1
allocated block device:0x4009241bca00 size:180224 thread:1
allocated block device:0x4009241e8a00 size:6144 thread:1
allocated block device:0x4009241ea200 size:2560 thread:1
allocated block device:0x4009241eac00 size:512 thread:1
allocated block device:0x4009241eae00 size:512 thread:1
allocated block device:0x4009241eb000 size:512 thread:1
allocated block device:0x4009241eb200 size:512 thread:1
allocated block device:0x4009241eb400 size:512 thread:1
allocated block device:0x4009241eb600 size:512 thread:1
allocated block device:0x4009241eb800 size:512 thread:1
allocated block device:0x4009241eba00 size:512 thread:1
allocated block device:0x4009241ebc00 size:1536 thread:1
allocated block device:0x4009241ec200 size:1536 thread:1
allocated block device:0x4009241ec800 size:512 thread:1
allocated block device:0x4009241eca00 size:2560 thread:1
allocated block device:0x4009241ed400 size:6144 thread:1
allocated block device:0x4009241eec00 size:28672 thread:1
allocated block device:0x4009241f5c00 size:40448 thread:1
allocated block device:0x4009241ffa00 size:512 thread:1
allocated block device:0x400924200000 size:1821184 thread:1
allocated block device:0x4009243bca00 size:180224 thread:1
allocated block device:0x4009243e8a00 size:8192 thread:1
allocated block device:0x4009243eaa00 size:8192 thread:1
allocated block device:0x4009243eca00 size:40448 thread:1
allocated block device:0x4009243f6800 size:8192 thread:1
allocated block device:0x4009243f8800 size:2048 thread:1
allocated block device:0x4009243fb400 size:2560 thread:1
allocated block device:0x4009243fca00 size:3072 thread:1
allocated block device:0x400924c00000 size:7284736 thread:1
allocated block device:0x400925400000 size:45593600 thread:1
allocated block device:0x40093cc00000 size:7284736 thread:1
allocated block device:0x400940000000 size:807412224 thread:1
allocated block device:0x4009a0000000 size:230400000 thread:1
allocated block device:0x4009bb85fa00 size:921600 thread:1
allocated block device:0x4009bb940a00 size:463360 thread:1
allocated block device:0x4009bb9c1800 size:98304 thread:1
allocated block device:0x4009bb9d9800 size:98304 thread:1
allocated block device:0x4009bba00000 size:2799616 thread:1
allocated block device:0x4009bbe00000 size:7962624 thread:1
allocated block device:0x4011e3400000 size:3612160 thread:1
allocated block device:0x4011e3800000 size:3614720 thread:1
allocated block device:0x4011e3c00000 size:3614720 thread:1
allocated block device:0x4011e4000000 size:3614720 thread:1
allocated block device:0x4011e4400000 size:453632 thread:1
allocated block device:0x4011e446ec00 size:453632 thread:1
allocated block device:0x4011e459d800 size:393216 thread:1
allocated block device:0x4011e4600000 size:2799616 thread:1
allocated block device:0x4011e4a00000 size:14400000 thread:1
allocated block device:0x4011e5800000 size:28915200 thread:1
allocated block device:0x4012a3400000 size:230400000 thread:1
allocated block device:0x4012b1000000 size:230400000 thread:1
allocated block device:0x4012e3400000 size:230400000 thread:1
allocated block device:0x4012f1000000 size:230400000 thread:1
allocated block device:0x401323400000 size:230400000 thread:1
allocated block device:0x401331000000 size:230400000 thread:1
allocated block device:0x401363400000 size:230400000 thread:1
allocated block device:0x401371000000 size:230400000 thread:1
allocated block device:0x4013a3400000 size:29138944 thread:1
allocated block device:0x4013a5000000 size:29138944 thread:1
allocated block device:0x4013a6c00000 size:393216 thread:1
allocated block device:0x4013a6e00000 size:233111552 thread:1
allocated block device:0x4013b4e00000 size:3145728 thread:1
allocated block device:0x4013b5200000 size:7284736 thread:1
allocated block device:0x4013b5a00000 size:7284736 thread:1
allocated block device:0x4013b6200000 size:7284736 thread:1
allocated block device:0x4013b6a00000 size:7284736 thread:1
allocated block device:0x4013b7200000 size:14569472 thread:1
Accelerator Fatal Error: call to cuMemAlloc returned error 2 (CUDA_ERROR_OUT_OF_MEMORY): Out of memory
 File: /lus/lfs1aip2/projects/u6cb/software/VASP/vasp.6.5.1/build/gam/hamil.f90
 Function: hamiltmu:978
 Line: 1005

Out of memory allocating 921600000 bytes of device memory
Failing in Thread:1
total/free CUDA memory: 102005473280/171245568
Present table dump for device[1]: NVIDIA Tesla GPU 0, compute capability 9.0, threadid=1
Hint: specify 0x800 bit in NV_ACC_DEBUG for verbose info.
host:0x2557280 device:0x4005c3df6c00 size:32 presentcount:0+3 line:643 name:var%comm
host:0x25572a0 device:0x4005c3dbca00 size:32 presentcount:0+4 line:652 name:var%comm_kinter
host:0x25572c0 device:0x4005c3dbcc00 size:32 presentcount:0+6 line:655 name:var%comm_kin
host:0x25572e0 device:0x40033e5ffa00 size:32 presentcount:0+3 line:646 name:var%comm_inter
host:0x2557300 device:0x40033e5ffc00 size:32 presentcount:0+7 line:649 name:var%comm_inb
host:0x256be80 device:0x40033a0ecd00 size:8 presentcount:0+1 line:-1 name:_setexm_struct_def_21
host:0x2576f40 device:0x40033a0ece00 size:28 presentcount:0+1 line:-1 name:_ml_ff_constant_21
host:0x2577c80 device:0x40033a0ecf00 size:30437 presentcount:0+1 line:-1 name:_ml_ff_taglist_21
host:0x25afc80 device:0x40033a0f4600 size:8 presentcount:0+1 line:-1 name:_mopenacc_tutor_21
host:0x25c2740 device:0x40033a0f4a00 size:32 presentcount:0+1 line:-1 name:_mbj_21
host:0x25cd640 device:0x40033a0f4d00 size:8 presentcount:0+1 line:-1 name:_sym_prec_21
host:0x26030c0 device:0x40033a0f4e00 size:344 presentcount:0+1 line:-1 name:_tet_21
host:0x261c840 device:0x40033a0f5000 size:392 presentcount:0+1 line:-1 name:_mymath_21
host:0x2817368 device:0x4005c3dbd800 size:4800 presentcount:0+2 line:614 name:var
host:0x2818628 device:0x4005c3df5000 size:1984 presentcount:0+2 line:403 name:var
host:0x281a910 device:0x4004fc3ff600 size:864 presentcount:0+4 line:2639 name:hamiltonian
host:0x286ac80 device:0x4005c3dfe600 size:2712 presentcount:0+2 line:428 name:var
host:0x286b718 device:0x40053c3fea00 size:2248 presentcount:0+1 line:742 name:var
host:0x286eb50 device:0x4005c41ffa00 size:288 presentcount:0+1 line:195 name:latt_cur
host:0x2871658 device:0x40033e5fc000 size:5088 presentcount:0+28 line:517 name:var
host:0x2872a38 device:0x4004721fa600 size:5088 presentcount:0+6 line:517 name:var
host:0x2873e18 device:0x4005c3ff9c00 size:5088 presentcount:0+7 line:517 name:var
host:0x287a2a8 device:0x4005c41eba00 size:304 presentcount:0+1 line:567 name:var
host:0x287a3d8 device:0x4005c41ec800 size:304 presentcount:0+1 line:567 name:var
host:0x2e48ec0 device:0x40033a002600 size:960024 presentcount:0+1 line:-1 name:_setexm_struct_def_16
host:0x2f8f080 device:0x40033a0f4700 size:580 presentcount:0+1 line:-1 name:_wpbe_16
host:0x2f8f900 device:0x40033a0f4b00 size:288 presentcount:0+1 line:-1 name:_mbj_16
host:0x9f446c0 device:0x40033a0f5200 size:624 presentcount:0+1 line:-1 name:_mlr_optic_16
host:0x128b4e60 device:0x4005c3dbf600 size:1000 presentcount:0+4 line:519 name:var%lpctz(:)
host:0x128b7e30 device:0x4005c41eae00 size:260 presentcount:0+1 line:499 name:var%ptri(:)
host:0x128b8120 device:0x4004721ffc00 size:260 presentcount:0+1 line:499 name:var%n(:)
host:0x13a7b580 device:0x4004721fd600 size:528 presentcount:0+1 line:480 name:var
host:0x17ccc1d0 device:0x40033e5ffe00 size:8 presentcount:0+4 line:405 name:var%nityp(:)
host:0x1818e1e0 device:0x4004721ffe00 size:260 presentcount:0+1 line:499 name:var%ptr(:)
host:0x18648ed0 device:0x4005c41eec00 size:28464 presentcount:0+1 line:853 name:var(:)
host:0x18662710 device:0x4005c43eca00 size:40000 presentcount:0+1 line:857 name:var%psp(:,:)
host:0x1866c380 device:0x4005c43f6800 size:8000 presentcount:0+1 line:857 name:var%psprho(:)
host:0x1866f760 device:0x4005c3ff2000 size:24000 presentcount:0+2 line:466 name:var%psprnl(:,:,:)
host:0x1869f290 device:0x4005c3fe9c00 size:4320 presentcount:0+4 line:405 name:var%ityp(:)
host:0x186a03a0 device:0x4005c3df8000 size:25920 presentcount:0+4 line:405 name:var%posion(:,:)
host:0x186e3490 device:0x4005c3dffa00 size:8 presentcount:0+2 line:616 name:var%wtkpt(:)
host:0x186e3c30 device:0x4005c41f5c00 size:40000 presentcount:0+1 line:857 name:var%psp(:,:)
host:0x186ed8a0 device:0x4005c43e8a00 size:8000 presentcount:0+1 line:857 name:var%pspcor(:)
host:0x186ef810 device:0x4005c43eaa00 size:8000 presentcount:0+1 line:857 name:var%psprho(:)
host:0x186f2aa0 device:0x4005c3fec000 size:24000 presentcount:0+2 line:466 name:var%psprnl(:,:,:)
host:0x18737fc0 device:0x40053c3ff800 size:24 presentcount:0+3 line:466 name:var%lps(:)
host:0x18738070 device:0x40053c3ffc00 size:24 presentcount:0+3 line:466 name:var%lps(:)
host:0x187a0190 device:0x4005c3dff800 size:24 presentcount:0+3 line:616 name:var%vkpt(:,:)
host:0x187c52b0 device:0x4005c3dff400 size:8 presentcount:0+3 line:616 name:var%nityp(:)
host:0x187c54e0 device:0x4005c3dbd600 size:16 presentcount:0+2 line:430 name:var%psrmax(:)
host:0x187c5aa0 device:0x4005c3fe8a00 size:4320 presentcount:0+3 line:616 name:var%ityp(:)
host:0x187c6bb0 device:0x4005c3dff200 size:8 presentcount:0+3 line:616 name:var%lmmax(:)
host:0x187c6be0 device:0x4005c3dff600 size:8 presentcount:0+3 line:616 name:var%nt_global(:)
host:0x187c6c10 device:0x4005c3df6e00 size:4320 presentcount:0+3 line:616 name:var%npro_pos(:)
host:0x187c7d20 device:0x4005c3df5a00 size:4324 presentcount:0+3 line:616 name:var%lmbase(:)
host:0x187c8e30 device:0x4005c3dffe00 size:4 presentcount:0+2 line:616 name:var%nplwkp(:)
host:0x187c8e60 device:0x4005c3ff1e00 size:4 presentcount:0+2 line:616 name:var%nplwkp_tot(:)
host:0x187c8e90 device:0x4005c3ff7e00 size:4 presentcount:0+2 line:616 name:var%ngvector_pos(:)
host:0x187c8ec0 device:0x4005c3dffc00 size:4 presentcount:0+2 line:616 name:var%ngvector(:)
host:0x187c8ef0 device:0x4005c3dbec00 size:1280 presentcount:0+4 line:519 name:var%lpctx(:)
host:0x187c9420 device:0x4005c3dbf200 size:720 presentcount:0+4 line:519 name:var%lpcty(:)
host:0x187c9720 device:0x4005c3dbfa00 size:1280 presentcount:0+4 line:519 name:var%lpctx_(:)
host:0x187c9c50 device:0x4005c3dc0000 size:720 presentcount:0+4 line:519 name:var%lpcty_(:)
host:0x187c9f50 device:0x4005c3dc0400 size:1000 presentcount:0+4 line:519 name:var%lpctz_(:)
host:0x187ca360 device:0x4004721fba00 size:1280 presentcount:0+1 line:519 name:var%lpctx(:)
host:0x187ca890 device:0x4004721fc000 size:720 presentcount:0+1 line:519 name:var%lpcty(:)
host:0x187cab90 device:0x4004721fc400 size:1000 presentcount:0+1 line:519 name:var%lpctz(:)
host:0x187cafa0 device:0x4004721fc800 size:1280 presentcount:0+1 line:519 name:var%lpctx_(:)
host:0x187cb4d0 device:0x4004721fce00 size:720 presentcount:0+1 line:519 name:var%lpcty_(:)
host:0x187cb7d0 device:0x4004721fd200 size:1000 presentcount:0+1 line:519 name:var%lpctz_(:)
host:0x187cbbe0 device:0x4005c3ff8200 size:2560 presentcount:0+1 line:519 name:var%lpctx(:)
host:0x187cc610 device:0x4005c3ffb000 size:1440 presentcount:0+1 line:519 name:var%lpcty(:)
host:0x187ccbe0 device:0x4005c3ff8e00 size:2000 presentcount:0+1 line:519 name:var%lpctz(:)
host:0x187cd3e0 device:0x4005c3ffb600 size:2560 presentcount:0+1 line:519 name:var%lpctx_(:)
host:0x187cde10 device:0x4005c3ffc000 size:1440 presentcount:0+1 line:519 name:var%lpcty_(:)
host:0x187ce3e0 device:0x4005c3ffc600 size:2000 presentcount:0+1 line:519 name:var%lpctz_(:)
host:0x188c1a40 device:0x4005c3ffce00 size:5648 presentcount:0+1 line:482 name:var%i2(:)
host:0x188c3080 device:0x4005c3ffe600 size:5648 presentcount:0+1 line:482 name:var%i3(:)
host:0x188c46c0 device:0x4004721f4c00 size:10040 presentcount:0+1 line:482 name:var%i2(:)
host:0x188c6e20 device:0x4004721f7400 size:10040 presentcount:0+1 line:482 name:var%i3(:)
host:0x188c9580 device:0x4004721ed800 size:14400 presentcount:0+2 line:482 name:var%i2(:)
host:0x188ccdf0 device:0x4004721f1200 size:14400 presentcount:0+2 line:482 name:var%i3(:)
host:0x188d0a80 device:0x40063b85fa00 size:921600 presentcount:0+2 line:482 name:var%index(:,:)
host:0x189b1ab0 device:0x4005c41eca00 size:2560 presentcount:0+1 line:569 name:var%ind1(:)
host:0x189b24e0 device:0x4005c41ed400 size:5648 presentcount:0+1 line:569 name:var%indcol(:)
host:0x189b3b20 device:0x4004721fda00 size:5648 presentcount:0+1 line:482 name:var%i2(:)
host:0x189b5160 device:0x4005c41e8a00 size:5648 presentcount:0+1 line:482 name:var%i3(:)
host:0x189b67a0 device:0x4004721ff200 size:2520 presentcount:0+1 line:482 name:var%i2(:)
host:0x189b71a0 device:0x4005c41ea200 size:2520 presentcount:0+1 line:482 name:var%i3(:)
host:0x189b7ba0 device:0x40033e5fd400 size:4320 presentcount:0+2 line:430 name:var%nlimax(:)
host:0x189b8cb0 device:0x40033e5fe600 size:4324 presentcount:0+2 line:430 name:var%lmbase(:)
host:0x189b9dc0 device:0x400472190600 size:4324 presentcount:0+2 line:430 name:var%nlibase(:)
host:0x189baed0 device:0x4005c3dc0800 size:17132 presentcount:0+4 line:519 name:var%nindpwconjg(:)
host:0x189bf1f0 device:0x4005c3dc4c00 size:17132 presentcount:0+4 line:519 name:var%ind_in_sphere(:)
host:0x189f1c50 device:0x4005c41ebc00 size:1280 presentcount:0+1 line:569 name:var%ind1(:)
host:0x189f2180 device:0x4005c41ec200 size:1448 presentcount:0+1 line:569 name:var%indcol(:)
host:0x189f2750 device:0x400472138600 size:180000 presentcount:0+4 line:482 name:var%i2(:)
host:0x18a1e6a0 device:0x400472164600 size:180000 presentcount:0+4 line:482 name:var%i3(:)
host:0x18a4a5f0 device:0x4005c3dc9000 size:180000 presentcount:0+8 line:482 name:var%index(:,:)
host:0x18a76540 device:0x4005c43bca00 size:180000 presentcount:0+8 line:482 name:var%i2(:)
host:0x18aa2490 device:0x400472191800 size:180000 presentcount:0+8 line:482 name:var%i3(:)
host:0x18acea10 device:0x4005c3e00000 size:1821184 presentcount:0+3 line:616 name:var%nindpw(:,:)
host:0x18c8b440 device:0x4005c3df5800 size:8 presentcount:0+2 line:616 name:var%nb_totk(:,:)
host:0x18c8b470 device:0x4005c3ff8000 size:4 presentcount:0+2 line:616 name:var%luseinv(:)
host:0x18c8b4a0 device:0x4005c3dbd200 size:4 presentcount:0+2 line:616 name:var%at_gamma(:)
host:0x18c8b4d0 device:0x4005c3fbca00 size:180000 presentcount:0+3 line:616 name:var%pl_index(:,:)
host:0x18cb7420 device:0x4005c41bca00 size:180000 presentcount:0+3 line:616 name:var%pl_col(:,:)
host:0x18ce3370 device:0x4005c3ff9a00 size:8 presentcount:0+2 line:405 name:var%lmmax(:)
host:0x18ce33a0 device:0x4005c3dbce00 size:8 presentcount:0+2 line:430 name:var%lmax(:)
host:0x18ce33d0 device:0x4005c3feae00 size:4324 presentcount:0+2 line:405 name:var%lmbase(:)
host:0x18ce44e0 device:0x4005c3dbd000 size:8 presentcount:0+2 line:430 name:var%lmmax(:)
host:0x18ce4510 device:0x4005c3dbd400 size:8 presentcount:0+2 line:430 name:var%channels(:)
host:0x18ce4540 device:0x40053c3ff400 size:16 presentcount:0+2 line:430 name:var%rsmooth(:)
host:0x18ce4580 device:0x40053c3ff600 size:400 presentcount:0+2 line:464 name:var
host:0x18ce4710 device:0x40053c3ffa00 size:400 presentcount:0+2 line:464 name:var
host:0x18d55130 device:0x40063b940a00 size:463360 presentcount:0+1 line:499 name:var%tbl(:)
host:0x18dc6360 device:0x4005c41eac00 size:260 presentcount:0+1 line:499 name:var%ni(:)
host:0x18dc6490 device:0x4005c41eb200 size:260 presentcount:0+1 line:499 name:var%ptr(:)
host:0x18dc65c0 device:0x4005c41eb000 size:260 presentcount:0+1 line:499 name:var%n(:)
host:0x18dc66f0 device:0x4005c41eb800 size:4 presentcount:0+1 line:499 name:var%tbli(:)
host:0x18dc6720 device:0x4005c41eb600 size:260 presentcount:0+1 line:499 name:var%ptri(:)
host:0x18dc6850 device:0x4005c41eb400 size:260 presentcount:0+1 line:499 name:var%ni(:)
host:0x18dd7310 device:0x40033e5ff800 size:260 presentcount:0+1 line:499 name:var%ptr(:)
host:0x18dea170 device:0x40053c3ffe00 size:260 presentcount:0+1 line:499 name:var%n(:)
host:0x18dea2a0 device:0x4004721f9c00 size:260 presentcount:0+1 line:499 name:var%ptri(:)
host:0x18dea3d0 device:0x4005c3fffe00 size:260 presentcount:0+1 line:499 name:var%ni(:)
host:0x18dea500 device:0x4004721fa000 size:260 presentcount:0+1 line:499 name:var%ptr(:)
host:0x18dea630 device:0x4004721f9e00 size:260 presentcount:0+1 line:499 name:var%n(:)
host:0x18dea760 device:0x4004721fa400 size:260 presentcount:0+1 line:499 name:var%ptri(:)
host:0x18dea890 device:0x4004721fa200 size:260 presentcount:0+1 line:499 name:var%ni(:)
host:0x18f33870 device:0x4005c4c00000 size:7284736 presentcount:0+3 line:616 name:var%datake(:,:,:)
host:0x19626af0 device:0x4005c4000000 size:1821184 presentcount:0+3 line:616 name:var%igx(:,:)
host:0x197e4180 device:0x4005c3c00000 size:1821184 presentcount:0+3 line:616 name:var%igy(:,:)
host:0x199a1a20 device:0x4005c4200000 size:1821184 presentcount:0+3 line:616 name:var%igz(:,:)
host:0x19b5f8f0 device:0x4005dcc00000 size:7284272 presentcount:0+4 line:519 name:var%fftsca(:,:)
host:0x1a2c3180 device:0x400e64400000 size:453600 presentcount:0+1 line:499 name:var%tbli(:)
host:0x1a331d90 device:0x400e6446ec00 size:453600 presentcount:0+1 line:499 name:var%tbl(:)
host:0x1a4a2c70 device:0x400e63400000 size:3614720 presentcount:0+1 line:499 name:var%tbl(:)
host:0x1ab8b060 device:0x400e63800000 size:3614400 presentcount:0+1 line:499 name:var%tbli(:)
host:0x1aeff430 device:0x400e63c00000 size:3614400 presentcount:0+1 line:499 name:var%tbl(:)
host:0x1b5e8200 device:0x400e64000000 size:3614400 presentcount:0+1 line:499 name:var%tbli(:)
host:0x1c731db0 device:0x40063ba00000 size:2799360 presentcount:0+2 line:194 name:cdij(:,:,:,:)
host:0x1c9f2420 device:0x40047211a000 size:41472 presentcount:0+2 line:746 name:var%fertot(:,:,:)
host:0x1ca00030 device:0x400472124200 size:82944 presentcount:0+2 line:746 name:var%celtot(:,:,:)
host:0x1ca92420 device:0x40033e5f1e00 size:41472 presentcount:0+1 line:746 name:var%auxtot(:,:,:)
host:0x1ce1c650 device:0x400e64600000 size:2799360 presentcount:0+2 line:194 name:cqij(:,:,:,:)
host:0x1d37c300 device:0x40063be00000 size:7962624 presentcount:0+5 line:746 name:var%gproj(:,:,:,:)
host:0x1dd37b40 device:0x4004721d5800 size:98304 presentcount:0+1 line:1101 name:w1%gproj(:)
host:0x1ddb62b0 device:0x4005c43fbe00 size:2048 presentcount:0+1 line:179 name:wtmp(:)
host:0x1df3e130 device:0x400e6459d800 size:393216 presentcount:0+2 line:1226 name:wa%gproj(:,:)
host:0x1df9e160 device:0x401066c00000 size:393216 presentcount:0+2 line:1226 name:wa%gproj(:,:)
host:0x1dffe190 device:0x4004721bd800 size:98304 presentcount:0+1 line:1101 name:w1%gproj(:)
host:0x1e0161c0 device:0x40063b9cba00 size:98304 presentcount:0+1 line:1101 name:w1%gproj(:)
host:0x1e02e1f0 device:0x40063b9e3a00 size:98304 presentcount:0+1 line:1101 name:w1%gproj(:)
host:0x268dc240 device:0x401074e00000 size:3145728 presentcount:0+2 line:1226 name:wa%gproj(:,:)
host:0x2ba01cc0 device:0x400e645fd800 size:2048 presentcount:0+1 line:179 name:w1(:)
host:0x2ba0ad20 device:0x401075a00000 size:14569472 presentcount:0+1 line:202 name:precon(:,:)
host:0x2c7f74f0 device:0x4005c4400000 size:7284736 presentcount:0+1 line:1101 name:w1%cptwfp(:)
host:0x2cef1af0 device:0x4005c3400000 size:7284736 presentcount:0+1 line:1101 name:w1%cptwfp(:)
host:0x2d5ec720 device:0x400dace00000 size:7284736 presentcount:0+1 line:1101 name:w1%cptwfp(:)
host:0x2dcdf370 device:0x401075200000 size:7284736 presentcount:0+1 line:1101 name:w1%cptwfp(:)
host:0x40037c0010a0 device:0x4005c5400000 size:45593280 presentcount:0+2 line:430 name:var%nli(:,:)
host:0x40037eb835c0 device:0x400e64a00000 size:14400000 presentcount:0+1 line:195 name:dencor(:)
host:0x4003ca3131a0 device:0x400620000000 size:230400000 presentcount:0+2 line:194 name:sv(:,:)
host:0x4003d8ca39e0 device:0x400e65800000 size:28917760 presentcount:0+1 line:195 name:cstrf(:,:)
host:0x4004800012b0 device:0x4005e0000000 size:807411968 presentcount:0+2 line:430 name:var%rproj(:)
host:0x4004b0216f80 device:0x401063400000 size:29138944 presentcount:0+2 line:1226 name:wa%cptwfp(:,:)
host:0x4004b1df7190 device:0x401065000000 size:29138944 presentcount:0+2 line:1226 name:wa%cptwfp(:,:)
host:0x400560004a60 device:0x4005a0000000 size:590063616 presentcount:0+5 line:746 name:var%cptwfp(:,:,:,:)
host:0x4005832c73a0 device:0x401066e00000 size:233111552 presentcount:0+2 line:1226 name:wa%cptwfp(:,:)
host:0x4006632c79d0 device:0x400e50e00000 size:230400000 presentcount:0+1 line:1101 name:w1%cr(:)
host:0x400670e97be0 device:0x400610400000 size:230400000 presentcount:0+1 line:1236 name:w1%cr(:)
host:0x4006c0008000 device:0x40062dc00000 size:230400000 presentcount:0+1 line:1101 name:w1%cr(:)
host:0x4006cdbd8210 device:0x4005c8000000 size:230400000 presentcount:0+1 line:1236 name:w1%cr(:)
host:0x4006db7a0020 device:0x401023400000 size:230400000 presentcount:0+1 line:1101 name:w1%cr(:)
host:0x4006e9360230 device:0x401031000000 size:230400000 presentcount:0+1 line:1236 name:w1%cr(:)
host:0x400bc0000650 device:0x400fe3400000 size:230400000 presentcount:0+1 line:1101 name:w1%cr(:)
host:0x400bcdbc0860 device:0x400ff1000000 size:230400000 presentcount:0+1 line:1236 name:w1%cr(:)
host:0xfffff8b54550 device:0x4005c43fca00 size:3024 presentcount:0+12 line:682 name:var
host:0xfffff8b55120 device:0x4004fc3ffa00 size:1480 presentcount:0+1 line:174 name:w_ini
host:0xfffff8b556f0 device:0x4005c43fb400 size:1480 presentcount:0+1 line:174 name:wopt
host:0xfffff8b55cc0 device:0x4004dc3ff600 size:1480 presentcount:0+1 line:174 name:wtmpa
allocated block device:0x40033e5f1e00 size:41472 thread:1
allocated block device:0x40033e5fc000 size:5120 thread:1
allocated block device:0x40033e5fd400 size:4608 thread:1
allocated block device:0x40033e5fe600 size:4608 thread:1
allocated block device:0x40033e5ff800 size:512 thread:1
allocated block device:0x40033e5ffa00 size:512 thread:1
allocated block device:0x40033e5ffc00 size:512 thread:1
allocated block device:0x40033e5ffe00 size:512 thread:1
allocated block device:0x40047211a000 size:41472 thread:1
allocated block device:0x400472124200 size:82944 thread:1
allocated block device:0x400472138600 size:180224 thread:1
allocated block device:0x400472164600 size:180224 thread:1
allocated block device:0x400472190600 size:4608 thread:1
allocated block device:0x400472191800 size:180224 thread:1
allocated block device:0x4004721bd800 size:98304 thread:1
allocated block device:0x4004721d5800 size:98304 thread:1
allocated block device:0x4004721ed800 size:14848 thread:1
allocated block device:0x4004721f1200 size:14848 thread:1
allocated block device:0x4004721f4c00 size:10240 thread:1
allocated block device:0x4004721f7400 size:10240 thread:1
allocated block device:0x4004721f9c00 size:512 thread:1
allocated block device:0x4004721f9e00 size:512 thread:1
allocated block device:0x4004721fa000 size:512 thread:1
allocated block device:0x4004721fa200 size:512 thread:1
allocated block device:0x4004721fa400 size:512 thread:1
allocated block device:0x4004721fa600 size:5120 thread:1
allocated block device:0x4004721fba00 size:1536 thread:1
allocated block device:0x4004721fc000 size:1024 thread:1
allocated block device:0x4004721fc400 size:1024 thread:1
allocated block device:0x4004721fc800 size:1536 thread:1
allocated block device:0x4004721fce00 size:1024 thread:1
allocated block device:0x4004721fd200 size:1024 thread:1
allocated block device:0x4004721fd600 size:1024 thread:1
allocated block device:0x4004721fda00 size:6144 thread:1
allocated block device:0x4004721ff200 size:2560 thread:1
allocated block device:0x4004721ffc00 size:512 thread:1
allocated block device:0x4004721ffe00 size:512 thread:1
allocated block device:0x4004dc3ff600 size:2048 thread:1
allocated block device:0x4004fc3ff600 size:1024 thread:1
allocated block device:0x4004fc3ffa00 size:1536 thread:1
allocated block device:0x40053c3fea00 size:2560 thread:1
allocated block device:0x40053c3ff400 size:512 thread:1
allocated block device:0x40053c3ff600 size:512 thread:1
allocated block device:0x40053c3ff800 size:512 thread:1
allocated block device:0x40053c3ffa00 size:512 thread:1
allocated block device:0x40053c3ffc00 size:512 thread:1
allocated block device:0x40053c3ffe00 size:512 thread:1
allocated block device:0x4005a0000000 size:590063616 thread:1
allocated block device:0x4005c3400000 size:7962624 thread:1
allocated block device:0x4005c3c00000 size:1821184 thread:1
allocated block device:0x4005c3dbca00 size:512 thread:1
allocated block device:0x4005c3dbcc00 size:512 thread:1
allocated block device:0x4005c3dbce00 size:512 thread:1
allocated block device:0x4005c3dbd000 size:512 thread:1
allocated block device:0x4005c3dbd200 size:512 thread:1
allocated block device:0x4005c3dbd400 size:512 thread:1
allocated block device:0x4005c3dbd600 size:512 thread:1
allocated block device:0x4005c3dbd800 size:5120 thread:1
allocated block device:0x4005c3dbec00 size:1536 thread:1
allocated block device:0x4005c3dbf200 size:1024 thread:1
allocated block device:0x4005c3dbf600 size:1024 thread:1
allocated block device:0x4005c3dbfa00 size:1536 thread:1
allocated block device:0x4005c3dc0000 size:1024 thread:1
allocated block device:0x4005c3dc0400 size:1024 thread:1
allocated block device:0x4005c3dc0800 size:17408 thread:1
allocated block device:0x4005c3dc4c00 size:17408 thread:1
allocated block device:0x4005c3dc9000 size:180224 thread:1
allocated block device:0x4005c3df5000 size:2048 thread:1
allocated block device:0x4005c3df5800 size:512 thread:1
allocated block device:0x4005c3df5a00 size:4608 thread:1
allocated block device:0x4005c3df6c00 size:512 thread:1
allocated block device:0x4005c3df6e00 size:4608 thread:1
allocated block device:0x4005c3df8000 size:26112 thread:1
allocated block device:0x4005c3dfe600 size:3072 thread:1
allocated block device:0x4005c3dff200 size:512 thread:1
allocated block device:0x4005c3dff400 size:512 thread:1
allocated block device:0x4005c3dff600 size:512 thread:1
allocated block device:0x4005c3dff800 size:512 thread:1
allocated block device:0x4005c3dffa00 size:512 thread:1
allocated block device:0x4005c3dffc00 size:512 thread:1
allocated block device:0x4005c3dffe00 size:512 thread:1
allocated block device:0x4005c3e00000 size:1821184 thread:1
allocated block device:0x4005c3fbca00 size:180224 thread:1
allocated block device:0x4005c3fe8a00 size:4608 thread:1
allocated block device:0x4005c3fe9c00 size:4608 thread:1
allocated block device:0x4005c3feae00 size:4608 thread:1
allocated block device:0x4005c3fec000 size:24064 thread:1
allocated block device:0x4005c3ff1e00 size:512 thread:1
allocated block device:0x4005c3ff2000 size:24064 thread:1
allocated block device:0x4005c3ff7e00 size:512 thread:1
allocated block device:0x4005c3ff8000 size:512 thread:1
allocated block device:0x4005c3ff8200 size:3072 thread:1
allocated block device:0x4005c3ff8e00 size:3072 thread:1
allocated block device:0x4005c3ff9a00 size:512 thread:1
allocated block device:0x4005c3ff9c00 size:5120 thread:1
allocated block device:0x4005c3ffb000 size:1536 thread:1
allocated block device:0x4005c3ffb600 size:2560 thread:1
allocated block device:0x4005c3ffc000 size:1536 thread:1
allocated block device:0x4005c3ffc600 size:2048 thread:1
allocated block device:0x4005c3ffce00 size:6144 thread:1
allocated block device:0x4005c3ffe600 size:6144 thread:1
allocated block device:0x4005c3fffe00 size:512 thread:1
allocated block device:0x4005c4000000 size:1821184 thread:1
allocated block device:0x4005c41bca00 size:180224 thread:1
allocated block device:0x4005c41e8a00 size:6144 thread:1
allocated block device:0x4005c41ea200 size:2560 thread:1
allocated block device:0x4005c41eac00 size:512 thread:1
allocated block device:0x4005c41eae00 size:512 thread:1
allocated block device:0x4005c41eb000 size:512 thread:1
allocated block device:0x4005c41eb200 size:512 thread:1
allocated block device:0x4005c41eb400 size:512 thread:1
allocated block device:0x4005c41eb600 size:512 thread:1
allocated block device:0x4005c41eb800 size:512 thread:1
allocated block device:0x4005c41eba00 size:512 thread:1
allocated block device:0x4005c41ebc00 size:1536 thread:1
allocated block device:0x4005c41ec200 size:1536 thread:1
allocated block device:0x4005c41ec800 size:512 thread:1
allocated block device:0x4005c41eca00 size:2560 thread:1
allocated block device:0x4005c41ed400 size:6144 thread:1
allocated block device:0x4005c41eec00 size:28672 thread:1
allocated block device:0x4005c41f5c00 size:40448 thread:1
allocated block device:0x4005c41ffa00 size:512 thread:1
allocated block device:0x4005c4200000 size:1821184 thread:1
allocated block device:0x4005c43bca00 size:180224 thread:1
allocated block device:0x4005c43e8a00 size:8192 thread:1
allocated block device:0x4005c43eaa00 size:8192 thread:1
allocated block device:0x4005c43eca00 size:40448 thread:1
allocated block device:0x4005c43f6800 size:8192 thread:1
allocated block device:0x4005c43fb400 size:2560 thread:1
allocated block device:0x4005c43fbe00 size:3072 thread:1
allocated block device:0x4005c43fca00 size:3072 thread:1
allocated block device:0x4005c4400000 size:7284736 thread:1
allocated block device:0x4005c4c00000 size:7284736 thread:1
allocated block device:0x4005c5400000 size:45593600 thread:1
allocated block device:0x4005c8000000 size:230400000 thread:1
allocated block device:0x4005dcc00000 size:7284736 thread:1
allocated block device:0x4005e0000000 size:807412224 thread:1
allocated block device:0x400610400000 size:230400000 thread:1
allocated block device:0x400620000000 size:230400000 thread:1
allocated block device:0x40062dc00000 size:230400000 thread:1
allocated block device:0x40063b85fa00 size:921600 thread:1
allocated block device:0x40063b940a00 size:463360 thread:1
allocated block device:0x40063b9cba00 size:98304 thread:1
allocated block device:0x40063b9e3a00 size:98304 thread:1
allocated block device:0x40063ba00000 size:2799616 thread:1
allocated block device:0x40063be00000 size:7962624 thread:1
allocated block device:0x400dace00000 size:14400000 thread:1
allocated block device:0x400e50e00000 size:230400000 thread:1
allocated block device:0x400e63400000 size:3614720 thread:1
allocated block device:0x400e63800000 size:3614720 thread:1
allocated block device:0x400e63c00000 size:3614720 thread:1
allocated block device:0x400e64000000 size:3614720 thread:1
allocated block device:0x400e64400000 size:453632 thread:1
allocated block device:0x400e6446ec00 size:453632 thread:1
allocated block device:0x400e6459d800 size:393216 thread:1
allocated block device:0x400e645fd800 size:2048 thread:1
allocated block device:0x400e64600000 size:2799616 thread:1
allocated block device:0x400e64a00000 size:14400000 thread:1
allocated block device:0x400e65800000 size:28917760 thread:1
allocated block device:0x400fe3400000 size:230400000 thread:1
allocated block device:0x400ff1000000 size:230400000 thread:1
allocated block device:0x401023400000 size:230400000 thread:1
allocated block device:0x401031000000 size:230400000 thread:1
allocated block device:0x401063400000 size:29138944 thread:1
allocated block device:0x401065000000 size:29138944 thread:1
allocated block device:0x401066c00000 size:393216 thread:1
allocated block device:0x401066e00000 size:233111552 thread:1
allocated block device:0x401074e00000 size:3145728 thread:1
allocated block device:0x401075200000 size:7284736 thread:1
allocated block device:0x401075a00000 size:14569472 thread:1
Accelerator Fatal Error: call to cuMemAlloc returned error 2 (CUDA_ERROR_OUT_OF_MEMORY): Out of memory
 File: /lus/lfs1aip2/projects/u6cb/software/VASP/vasp.6.5.1/build/gam/hamil.f90
 Function: hamiltmu:978
 Line: 1005

Out of memory allocating 921600000 bytes of device memory
Failing in Thread:1
total/free CUDA memory: 102005473280/216793088
Present table dump for device[1]: NVIDIA Tesla GPU 0, compute capability 9.0, threadid=1
Hint: specify 0x800 bit in NV_ACC_DEBUG for verbose info.
host:0x2557280 device:0x4005c3df6600 size:32 presentcount:0+3 line:643 name:var%comm
host:0x25572a0 device:0x40033e5ffa00 size:32 presentcount:0+4 line:652 name:var%comm_kinter
host:0x25572c0 device:0x40033e5ffc00 size:32 presentcount:0+6 line:655 name:var%comm_kin
host:0x25572e0 device:0x40033e5ff400 size:32 presentcount:0+3 line:646 name:var%comm_inter
host:0x2557300 device:0x40033e5ff600 size:32 presentcount:0+7 line:649 name:var%comm_inb
host:0x256be80 device:0x40033a0ecd00 size:8 presentcount:0+1 line:-1 name:_setexm_struct_def_21
host:0x2576f40 device:0x40033a0ece00 size:28 presentcount:0+1 line:-1 name:_ml_ff_constant_21
host:0x2577c80 device:0x40033a0ecf00 size:30437 presentcount:0+1 line:-1 name:_ml_ff_taglist_21
host:0x25afc80 device:0x40033a0f4600 size:8 presentcount:0+1 line:-1 name:_mopenacc_tutor_21
host:0x25c2740 device:0x40033a0f4a00 size:32 presentcount:0+1 line:-1 name:_mbj_21
host:0x25cd640 device:0x40033a0f4d00 size:8 presentcount:0+1 line:-1 name:_sym_prec_21
host:0x26030c0 device:0x40033a0f4e00 size:344 presentcount:0+1 line:-1 name:_tet_21
host:0x261c840 device:0x40033a0f5000 size:392 presentcount:0+1 line:-1 name:_mymath_21
host:0x2817368 device:0x4005c3dbd200 size:4800 presentcount:0+2 line:614 name:var
host:0x2818628 device:0x4005c3df4a00 size:1984 presentcount:0+2 line:403 name:var
host:0x281a910 device:0x4004d53ff400 size:864 presentcount:0+4 line:2639 name:hamiltonian
host:0x286ac80 device:0x4005c3dfe000 size:2712 presentcount:0+2 line:428 name:var
host:0x286b718 device:0x40033e5f0600 size:2248 presentcount:0+1 line:742 name:var
host:0x286eb50 device:0x4005c41ff400 size:288 presentcount:0+1 line:195 name:latt_cur
host:0x2871658 device:0x40033e5fb200 size:5088 presentcount:0+28 line:517 name:var
host:0x2872a38 device:0x40046a1fa000 size:5088 presentcount:0+6 line:517 name:var
host:0x2873e18 device:0x4005c3ff9600 size:5088 presentcount:0+7 line:517 name:var
host:0x287a2a8 device:0x4005c41eb400 size:304 presentcount:0+1 line:567 name:var
host:0x287a3d8 device:0x4005c41ec200 size:304 presentcount:0+1 line:567 name:var
host:0x2e48ec0 device:0x40033a002600 size:960024 presentcount:0+1 line:-1 name:_setexm_struct_def_16
host:0x2f8f080 device:0x40033a0f4700 size:580 presentcount:0+1 line:-1 name:_wpbe_16
host:0x2f8f900 device:0x40033a0f4b00 size:288 presentcount:0+1 line:-1 name:_mbj_16
host:0x9f446c0 device:0x40033a0f5200 size:624 presentcount:0+1 line:-1 name:_mlr_optic_16
host:0x45724e60 device:0x4005c3dbf000 size:1000 presentcount:0+4 line:519 name:var%lpctz(:)
host:0x45727e70 device:0x4005c41ea800 size:260 presentcount:0+1 line:499 name:var%ptri(:)
host:0x45728160 device:0x4005c41ea200 size:260 presentcount:0+1 line:499 name:var%n(:)
host:0x457cf2b0 device:0x4005c3dff200 size:24 presentcount:0+3 line:616 name:var%vkpt(:,:)
host:0x457cf380 device:0x4005c3dff400 size:8 presentcount:0+2 line:616 name:var%wtkpt(:)
host:0x457cf3b0 device:0x4005c3dfee00 size:8 presentcount:0+3 line:616 name:var%nityp(:)
host:0x457cf530 device:0x4005c3dbd000 size:16 presentcount:0+2 line:430 name:var%psrmax(:)
host:0x457cf570 device:0x4005c3dfec00 size:8 presentcount:0+3 line:616 name:var%lmmax(:)
host:0x457cf5a0 device:0x4005c3dff000 size:8 presentcount:0+3 line:616 name:var%nt_global(:)
host:0x457cf5d0 device:0x4005c3dff800 size:4 presentcount:0+2 line:616 name:var%nplwkp(:)
host:0x457cf600 device:0x4005c3dffa00 size:4 presentcount:0+2 line:616 name:var%nplwkp_tot(:)
host:0x457cf630 device:0x4005c3dffc00 size:4 presentcount:0+2 line:616 name:var%ngvector_pos(:)
host:0x457cf660 device:0x4005c3dff600 size:4 presentcount:0+2 line:616 name:var%ngvector(:)
host:0x457cf690 device:0x4005c3df5200 size:8 presentcount:0+2 line:616 name:var%nb_totk(:,:)
host:0x457cf6c0 device:0x4005c3dffe00 size:4 presentcount:0+2 line:616 name:var%luseinv(:)
host:0x457cf6f0 device:0x4005c3dbcc00 size:4 presentcount:0+2 line:616 name:var%at_gamma(:)
host:0x457cf720 device:0x4005c3ff9400 size:8 presentcount:0+2 line:405 name:var%lmmax(:)
host:0x468eb760 device:0x40046a1fd000 size:528 presentcount:0+1 line:480 name:var
host:0x4ab3c3f0 device:0x40033e5ff800 size:8 presentcount:0+4 line:405 name:var%nityp(:)
host:0x4affe400 device:0x4005c41ea400 size:260 presentcount:0+1 line:499 name:var%ptr(:)
host:0x4b4b90f0 device:0x4005c41ee600 size:28464 presentcount:0+1 line:853 name:var(:)
host:0x4b4cb850 device:0x4005c43eca00 size:40000 presentcount:0+1 line:857 name:var%psp(:,:)
host:0x4b4d54c0 device:0x4005c43f6800 size:8000 presentcount:0+1 line:857 name:var%psprho(:)
host:0x4b4d8750 device:0x4005c3ff1e00 size:24000 presentcount:0+2 line:466 name:var%psprnl(:,:,:)
host:0x4b508130 device:0x4005c3fe9c00 size:4320 presentcount:0+4 line:405 name:var%ityp(:)
host:0x4b509240 device:0x4005c3df7a00 size:25920 presentcount:0+4 line:405 name:var%posion(:,:)
host:0x4b54c5c0 device:0x4005c41f5600 size:40000 presentcount:0+1 line:857 name:var%psp(:,:)
host:0x4b556230 device:0x4005c43e8a00 size:8000 presentcount:0+1 line:857 name:var%pspcor(:)
host:0x4b5581a0 device:0x4005c43eaa00 size:8000 presentcount:0+1 line:857 name:var%psprho(:)
host:0x4b55b430 device:0x4005c3fec000 size:24000 presentcount:0+2 line:466 name:var%psprnl(:,:,:)
host:0x4b5a83f0 device:0x40033e5fc600 size:24 presentcount:0+3 line:466 name:var%lps(:)
host:0x4b5a84a0 device:0x40033e5fca00 size:24 presentcount:0+3 line:466 name:var%lps(:)
host:0x4b6b9270 device:0x4005c3fe8a00 size:4320 presentcount:0+3 line:616 name:var%ityp(:)
host:0x4b6ba380 device:0x4005c3df6800 size:4320 presentcount:0+3 line:616 name:var%npro_pos(:)
host:0x4b6bb490 device:0x4005c3df5400 size:4324 presentcount:0+3 line:616 name:var%lmbase(:)
host:0x4b6bc5a0 device:0x4005c3dbe600 size:1280 presentcount:0+4 line:519 name:var%lpctx(:)
host:0x4b6bcad0 device:0x4005c3dbec00 size:720 presentcount:0+4 line:519 name:var%lpcty(:)
host:0x4b6bcdd0 device:0x4005c3dbf400 size:1280 presentcount:0+4 line:519 name:var%lpctx_(:)
host:0x4b6bd300 device:0x4005c3dbfa00 size:720 presentcount:0+4 line:519 name:var%lpcty_(:)
host:0x4b6bd600 device:0x4005c3dbfe00 size:1000 presentcount:0+4 line:519 name:var%lpctz_(:)
host:0x4b6bda10 device:0x40046a1fb400 size:1280 presentcount:0+1 line:519 name:var%lpctx(:)
host:0x4b6bdf40 device:0x40046a1fba00 size:720 presentcount:0+1 line:519 name:var%lpcty(:)
host:0x4b6be240 device:0x40046a1fbe00 size:1000 presentcount:0+1 line:519 name:var%lpctz(:)
host:0x4b6be650 device:0x40046a1fc200 size:1280 presentcount:0+1 line:519 name:var%lpctx_(:)
host:0x4b6beb80 device:0x40046a1fc800 size:720 presentcount:0+1 line:519 name:var%lpcty_(:)
host:0x4b6bee80 device:0x40046a1fcc00 size:1000 presentcount:0+1 line:519 name:var%lpctz_(:)
host:0x4b6bf290 device:0x4005c3ff7c00 size:2560 presentcount:0+1 line:519 name:var%lpctx(:)
host:0x4b6bfcc0 device:0x4005c3ffaa00 size:1440 presentcount:0+1 line:519 name:var%lpcty(:)
host:0x4b6c0290 device:0x4005c3ff8800 size:2000 presentcount:0+1 line:519 name:var%lpctz(:)
host:0x4b6c0a90 device:0x4005c3ffb000 size:2560 presentcount:0+1 line:519 name:var%lpctx_(:)
host:0x4b6c14c0 device:0x4005c3ffba00 size:1440 presentcount:0+1 line:519 name:var%lpcty_(:)
host:0x4b6c1a90 device:0x4005c3ffc000 size:2000 presentcount:0+1 line:519 name:var%lpctz_(:)
host:0x4b7b50f0 device:0x4005c3ffc800 size:5648 presentcount:0+1 line:482 name:var%i2(:)
host:0x4b7b6730 device:0x4005c3ffe000 size:5648 presentcount:0+1 line:482 name:var%i3(:)
host:0x4b7b7d70 device:0x40046a1f4c00 size:10040 presentcount:0+1 line:482 name:var%i2(:)
host:0x4b7ba4d0 device:0x40046a1f7400 size:10040 presentcount:0+1 line:482 name:var%i3(:)
host:0x4b7bcc30 device:0x40046a1ed800 size:14400 presentcount:0+2 line:482 name:var%i2(:)
host:0x4b7c04a0 device:0x40046a1f1200 size:14400 presentcount:0+2 line:482 name:var%i3(:)
host:0x4b7c4130 device:0x40065b85fa00 size:921600 presentcount:0+2 line:482 name:var%index(:,:)
host:0x4b8a5160 device:0x4005c41ec400 size:2560 presentcount:0+1 line:569 name:var%ind1(:)
host:0x4b8a5b90 device:0x4005c41ece00 size:5648 presentcount:0+1 line:569 name:var%indcol(:)
host:0x4b8a71d0 device:0x40046a1fd400 size:5648 presentcount:0+1 line:482 name:var%i2(:)
host:0x4b8a8810 device:0x4005c41e8a00 size:5648 presentcount:0+1 line:482 name:var%i3(:)
host:0x4b8a9e50 device:0x40046a1fec00 size:2520 presentcount:0+1 line:482 name:var%i2(:)
host:0x4b8aa850 device:0x40046a1ff600 size:2520 presentcount:0+1 line:482 name:var%i3(:)
host:0x4b8ab250 device:0x40033e5fcc00 size:4320 presentcount:0+2 line:430 name:var%nlimax(:)
host:0x4b8ac360 device:0x40033e5fe000 size:4324 presentcount:0+2 line:430 name:var%lmbase(:)
host:0x4b8ad470 device:0x40046a190600 size:4324 presentcount:0+2 line:430 name:var%nlibase(:)
host:0x4b8ae580 device:0x4005c3dc0200 size:17132 presentcount:0+4 line:519 name:var%nindpwconjg(:)
host:0x4b8b28a0 device:0x4005c3dc4600 size:17132 presentcount:0+4 line:519 name:var%ind_in_sphere(:)
host:0x4b8e5300 device:0x4005c41eb600 size:1280 presentcount:0+1 line:569 name:var%ind1(:)
host:0x4b8e5830 device:0x4005c41ebc00 size:1388 presentcount:0+1 line:569 name:var%indcol(:)
host:0x4b8e5dd0 device:0x40046a138600 size:180000 presentcount:0+4 line:482 name:var%i2(:)
host:0x4b911d20 device:0x40046a164600 size:180000 presentcount:0+4 line:482 name:var%i3(:)
host:0x4b93dc70 device:0x4005c3dc8a00 size:180000 presentcount:0+8 line:482 name:var%index(:,:)
host:0x4b969bc0 device:0x4005c43bca00 size:180000 presentcount:0+8 line:482 name:var%i2(:)
host:0x4b995b10 device:0x40046a191800 size:180000 presentcount:0+8 line:482 name:var%i3(:)
host:0x4b9c2090 device:0x4005c3e00000 size:1821184 presentcount:0+3 line:616 name:var%nindpw(:,:)
host:0x4bb7eac0 device:0x4005c3fbca00 size:180000 presentcount:0+3 line:616 name:var%pl_index(:,:)
host:0x4bbaaa10 device:0x4005c41bca00 size:180000 presentcount:0+3 line:616 name:var%pl_col(:,:)
host:0x4bbd6960 device:0x40033e5ffe00 size:8 presentcount:0+2 line:430 name:var%lmax(:)
host:0x4bbd6990 device:0x4005c3feae00 size:4324 presentcount:0+2 line:405 name:var%lmbase(:)
host:0x4bbd7aa0 device:0x4005c3dbca00 size:8 presentcount:0+2 line:430 name:var%lmmax(:)
host:0x4bbd7ad0 device:0x4005c3dbce00 size:8 presentcount:0+2 line:430 name:var%channels(:)
host:0x4bbd7b00 device:0x4005151ffc00 size:16 presentcount:0+2 line:430 name:var%rsmooth(:)
host:0x4bbd7b40 device:0x4005151ffe00 size:400 presentcount:0+2 line:464 name:var
host:0x4bbd7cd0 device:0x40033e5fc800 size:400 presentcount:0+2 line:464 name:var
host:0x4bc486f0 device:0x4005c41ea600 size:260 presentcount:0+1 line:499 name:var%ni(:)
host:0x4bc48820 device:0x4005c41eac00 size:260 presentcount:0+1 line:499 name:var%ptr(:)
host:0x4bc48950 device:0x4005c41eaa00 size:260 presentcount:0+1 line:499 name:var%n(:)
host:0x4bc48a80 device:0x4005c41eb200 size:4 presentcount:0+1 line:499 name:var%tbli(:)
host:0x4bc48ab0 device:0x4005c41eb000 size:260 presentcount:0+1 line:499 name:var%ptri(:)
host:0x4bc48be0 device:0x4005c41eae00 size:260 presentcount:0+1 line:499 name:var%ni(:)
host:0x4bc5c410 device:0x40033e5ff200 size:260 presentcount:0+1 line:499 name:var%ptr(:)
host:0x4bc5c540 device:0x40033e5fde00 size:260 presentcount:0+1 line:499 name:var%n(:)
host:0x4bc5c670 device:0x4005c3fffa00 size:260 presentcount:0+1 line:499 name:var%ptri(:)
host:0x4bc5c7a0 device:0x4005c3fff800 size:260 presentcount:0+1 line:499 name:var%ni(:)
host:0x4bc5c8d0 device:0x4005c3fffe00 size:260 presentcount:0+1 line:499 name:var%ptr(:)
host:0x4bc5ca00 device:0x4005c3fffc00 size:260 presentcount:0+1 line:499 name:var%n(:)
host:0x4bc5cb30 device:0x40046a1f9e00 size:260 presentcount:0+1 line:499 name:var%ptri(:)
host:0x4bc5cc60 device:0x40046a1f9c00 size:260 presentcount:0+1 line:499 name:var%ni(:)
host:0x4bda3a90 device:0x4005c4c00000 size:7284736 presentcount:0+3 line:616 name:var%datake(:,:,:)
host:0x4c496d10 device:0x4005c4000000 size:1821184 presentcount:0+3 line:616 name:var%igx(:,:)
host:0x4c6543a0 device:0x4005c3c00000 size:1821184 presentcount:0+3 line:616 name:var%igy(:,:)
host:0x4c811c40 device:0x4005c4200000 size:1821184 presentcount:0+3 line:616 name:var%igz(:,:)
host:0x4c9cfb10 device:0x4005dcc00000 size:7284272 presentcount:0+4 line:519 name:var%fftsca(:,:)
host:0x4d0c2170 device:0x40065b940a00 size:444160 presentcount:0+1 line:499 name:var%tbl(:)
host:0x4d19afd0 device:0x400e84400000 size:453600 presentcount:0+1 line:499 name:var%tbli(:)
host:0x4d209be0 device:0x400e8446ec00 size:453600 presentcount:0+1 line:499 name:var%tbl(:)
host:0x4d37aac0 device:0x400e83400000 size:3614720 presentcount:0+1 line:499 name:var%tbl(:)
host:0x4d7a2420 device:0x40033e5f1000 size:41472 presentcount:0+1 line:746 name:var%auxtot(:,:,:)
host:0x4d7e2420 device:0x40046a11a000 size:41472 presentcount:0+2 line:746 name:var%fertot(:,:,:)
host:0x4da62eb0 device:0x400e83800000 size:3614400 presentcount:0+1 line:499 name:var%tbli(:)
host:0x4ddd7280 device:0x400e83c00000 size:3614400 presentcount:0+1 line:499 name:var%tbl(:)
host:0x4e14d750 device:0x40065ba00000 size:2799360 presentcount:0+2 line:194 name:cdij(:,:,:,:)
host:0x4e42e620 device:0x40046a124200 size:82944 presentcount:0+2 line:746 name:var%celtot(:,:,:)
host:0x4e4c0050 device:0x400e84000000 size:3614400 presentcount:0+1 line:499 name:var%tbli(:)
host:0x4fcf44a0 device:0x400e84600000 size:2799360 presentcount:0+2 line:194 name:cqij(:,:,:,:)
host:0x50254150 device:0x40065be00000 size:7962624 presentcount:0+5 line:746 name:var%gproj(:,:,:,:)
host:0x50c0f760 device:0x40046a1d5800 size:98304 presentcount:0+1 line:1101 name:w1%gproj(:)
host:0x50c8ded0 device:0x400e845fd800 size:2048 presentcount:0+1 line:179 name:w1(:)
host:0x50c8e6f0 device:0x4005c43fb800 size:2048 presentcount:0+1 line:179 name:wtmp(:)
host:0x50e15b20 device:0x400e8459d800 size:393216 presentcount:0+2 line:1226 name:wa%gproj(:,:)
host:0x50e75b50 device:0x401086c00000 size:393216 presentcount:0+2 line:1226 name:wa%gproj(:,:)
host:0x50ed5b80 device:0x40046a1bd800 size:98304 presentcount:0+1 line:1101 name:w1%gproj(:)
host:0x50eedbb0 device:0x40065b9c7000 size:98304 presentcount:0+1 line:1101 name:w1%gproj(:)
host:0x50f05be0 device:0x40065b9df000 size:98304 presentcount:0+1 line:1101 name:w1%gproj(:)
host:0x597d0a60 device:0x401094e00000 size:3145728 presentcount:0+2 line:1226 name:wa%gproj(:,:)
host:0x5e8fd230 device:0x401095200000 size:14569472 presentcount:0+1 line:202 name:precon(:,:)
host:0x5f6e97f0 device:0x4005c4400000 size:7284736 presentcount:0+1 line:1101 name:w1%cptwfp(:)
host:0x5fde3be0 device:0x4005c3400000 size:7284736 presentcount:0+1 line:1101 name:w1%cptwfp(:)
host:0x604de600 device:0x400dcce00000 size:7284736 presentcount:0+1 line:1101 name:w1%cptwfp(:)
host:0x60bd1040 device:0x400dcf800000 size:7284736 presentcount:0+1 line:1101 name:w1%cptwfp(:)
host:0x4003cc0010a0 device:0x4005c5400000 size:45593280 presentcount:0+2 line:430 name:var%nli(:,:)
host:0x4003d0e931a0 device:0x400640000000 size:230400000 presentcount:0+2 line:194 name:sv(:,:)
host:0x4004800012b0 device:0x4005e0000000 size:807411968 presentcount:0+2 line:430 name:var%rproj(:)
host:0x4004b02135c0 device:0x400e84a00000 size:14400000 presentcount:0+1 line:195 name:dencor(:)
host:0x4004b1da39e0 device:0x400e85800000 size:28917760 presentcount:0+1 line:195 name:cstrf(:,:)
host:0x4004b7786d70 device:0x401083400000 size:29138944 presentcount:0+2 line:1226 name:wa%cptwfp(:,:)
host:0x400560004a60 device:0x4005a0000000 size:590063616 presentcount:0+5 line:746 name:var%cptwfp(:,:,:,:)
host:0x4005832c6f80 device:0x401085000000 size:29138944 presentcount:0+2 line:1226 name:wa%cptwfp(:,:)
host:0x400584ea7190 device:0x401086e00000 size:233111552 presentcount:0+2 line:1226 name:wa%cptwfp(:,:)
host:0x400626e977c0 device:0x400e65e00000 size:230400000 presentcount:0+1 line:1101 name:w1%cr(:)
host:0x4006832c79d0 device:0x400610400000 size:230400000 presentcount:0+1 line:1236 name:w1%cr(:)
host:0x400690e97df0 device:0x40064dc00000 size:230400000 presentcount:0+1 line:1101 name:w1%cr(:)
host:0x4006e0008000 device:0x4005c8000000 size:230400000 presentcount:0+1 line:1236 name:w1%cr(:)
host:0x4006edbd8420 device:0x401043400000 size:230400000 presentcount:0+1 line:1101 name:w1%cr(:)
host:0x4006fb7a0020 device:0x401051000000 size:230400000 presentcount:0+1 line:1236 name:w1%cr(:)
host:0x400709360440 device:0x401003400000 size:230400000 presentcount:0+1 line:1101 name:w1%cr(:)
host:0x400be0000650 device:0x401011000000 size:230400000 presentcount:0+1 line:1236 name:w1%cr(:)
host:0xfffff4caef10 device:0x4005c43fc400 size:3024 presentcount:0+12 line:682 name:var
host:0xfffff4cafae0 device:0x4004d53ff800 size:1480 presentcount:0+1 line:174 name:w_ini
host:0xfffff4cb00b0 device:0x4005c43fae00 size:1480 presentcount:0+1 line:174 name:wopt
host:0xfffff4cb0680 device:0x4005151ff400 size:1480 presentcount:0+1 line:174 name:wtmpa
allocated block device:0x40033e5f0600 size:2560 thread:1
allocated block device:0x40033e5f1000 size:41472 thread:1
allocated block device:0x40033e5fb200 size:5120 thread:1
allocated block device:0x40033e5fc600 size:512 thread:1
allocated block device:0x40033e5fc800 size:512 thread:1
allocated block device:0x40033e5fca00 size:512 thread:1
allocated block device:0x40033e5fcc00 size:4608 thread:1
allocated block device:0x40033e5fde00 size:512 thread:1
allocated block device:0x40033e5fe000 size:4608 thread:1
allocated block device:0x40033e5ff200 size:512 thread:1
allocated block device:0x40033e5ff400 size:512 thread:1
allocated block device:0x40033e5ff600 size:512 thread:1
allocated block device:0x40033e5ff800 size:512 thread:1
allocated block device:0x40033e5ffa00 size:512 thread:1
allocated block device:0x40033e5ffc00 size:512 thread:1
allocated block device:0x40033e5ffe00 size:512 thread:1
allocated block device:0x40046a11a000 size:41472 thread:1
allocated block device:0x40046a124200 size:82944 thread:1
allocated block device:0x40046a138600 size:180224 thread:1
allocated block device:0x40046a164600 size:180224 thread:1
allocated block device:0x40046a190600 size:4608 thread:1
allocated block device:0x40046a191800 size:180224 thread:1
allocated block device:0x40046a1bd800 size:98304 thread:1
allocated block device:0x40046a1d5800 size:98304 thread:1
allocated block device:0x40046a1ed800 size:14848 thread:1
allocated block device:0x40046a1f1200 size:14848 thread:1
allocated block device:0x40046a1f4c00 size:10240 thread:1
allocated block device:0x40046a1f7400 size:10240 thread:1
allocated block device:0x40046a1f9c00 size:512 thread:1
allocated block device:0x40046a1f9e00 size:512 thread:1
allocated block device:0x40046a1fa000 size:5120 thread:1
allocated block device:0x40046a1fb400 size:1536 thread:1
allocated block device:0x40046a1fba00 size:1024 thread:1
allocated block device:0x40046a1fbe00 size:1024 thread:1
allocated block device:0x40046a1fc200 size:1536 thread:1
allocated block device:0x40046a1fc800 size:1024 thread:1
allocated block device:0x40046a1fcc00 size:1024 thread:1
allocated block device:0x40046a1fd000 size:1024 thread:1
allocated block device:0x40046a1fd400 size:6144 thread:1
allocated block device:0x40046a1fec00 size:2560 thread:1
allocated block device:0x40046a1ff600 size:2560 thread:1
allocated block device:0x4004d53ff400 size:1024 thread:1
allocated block device:0x4004d53ff800 size:1536 thread:1
allocated block device:0x4005151ff400 size:2048 thread:1
allocated block device:0x4005151ffc00 size:512 thread:1
allocated block device:0x4005151ffe00 size:512 thread:1
allocated block device:0x4005a0000000 size:590063616 thread:1
allocated block device:0x4005c3400000 size:7962624 thread:1
allocated block device:0x4005c3c00000 size:1821184 thread:1
allocated block device:0x4005c3dbca00 size:512 thread:1
allocated block device:0x4005c3dbcc00 size:512 thread:1
allocated block device:0x4005c3dbce00 size:512 thread:1
allocated block device:0x4005c3dbd000 size:512 thread:1
allocated block device:0x4005c3dbd200 size:5120 thread:1
allocated block device:0x4005c3dbe600 size:1536 thread:1
allocated block device:0x4005c3dbec00 size:1024 thread:1
allocated block device:0x4005c3dbf000 size:1024 thread:1
allocated block device:0x4005c3dbf400 size:1536 thread:1
allocated block device:0x4005c3dbfa00 size:1024 thread:1
allocated block device:0x4005c3dbfe00 size:1024 thread:1
allocated block device:0x4005c3dc0200 size:17408 thread:1
allocated block device:0x4005c3dc4600 size:17408 thread:1
allocated block device:0x4005c3dc8a00 size:180224 thread:1
allocated block device:0x4005c3df4a00 size:2048 thread:1
allocated block device:0x4005c3df5200 size:512 thread:1
allocated block device:0x4005c3df5400 size:4608 thread:1
allocated block device:0x4005c3df6600 size:512 thread:1
allocated block device:0x4005c3df6800 size:4608 thread:1
allocated block device:0x4005c3df7a00 size:26112 thread:1
allocated block device:0x4005c3dfe000 size:3072 thread:1
allocated block device:0x4005c3dfec00 size:512 thread:1
allocated block device:0x4005c3dfee00 size:512 thread:1
allocated block device:0x4005c3dff000 size:512 thread:1
allocated block device:0x4005c3dff200 size:512 thread:1
allocated block device:0x4005c3dff400 size:512 thread:1
allocated block device:0x4005c3dff600 size:512 thread:1
allocated block device:0x4005c3dff800 size:512 thread:1
allocated block device:0x4005c3dffa00 size:512 thread:1
allocated block device:0x4005c3dffc00 size:512 thread:1
allocated block device:0x4005c3dffe00 size:512 thread:1
allocated block device:0x4005c3e00000 size:1821184 thread:1
allocated block device:0x4005c3fbca00 size:180224 thread:1
allocated block device:0x4005c3fe8a00 size:4608 thread:1
allocated block device:0x4005c3fe9c00 size:4608 thread:1
allocated block device:0x4005c3feae00 size:4608 thread:1
allocated block device:0x4005c3fec000 size:24064 thread:1
allocated block device:0x4005c3ff1e00 size:24064 thread:1
allocated block device:0x4005c3ff7c00 size:3072 thread:1
allocated block device:0x4005c3ff8800 size:3072 thread:1
allocated block device:0x4005c3ff9400 size:512 thread:1
allocated block device:0x4005c3ff9600 size:5120 thread:1
allocated block device:0x4005c3ffaa00 size:1536 thread:1
allocated block device:0x4005c3ffb000 size:2560 thread:1
allocated block device:0x4005c3ffba00 size:1536 thread:1
allocated block device:0x4005c3ffc000 size:2048 thread:1
allocated block device:0x4005c3ffc800 size:6144 thread:1
allocated block device:0x4005c3ffe000 size:6144 thread:1
allocated block device:0x4005c3fff800 size:512 thread:1
allocated block device:0x4005c3fffa00 size:512 thread:1
allocated block device:0x4005c3fffc00 size:512 thread:1
allocated block device:0x4005c3fffe00 size:512 thread:1
allocated block device:0x4005c4000000 size:1821184 thread:1
allocated block device:0x4005c41bca00 size:180224 thread:1
allocated block device:0x4005c41e8a00 size:6144 thread:1
allocated block device:0x4005c41ea200 size:512 thread:1
allocated block device:0x4005c41ea400 size:512 thread:1
allocated block device:0x4005c41ea600 size:512 thread:1
allocated block device:0x4005c41ea800 size:512 thread:1
allocated block device:0x4005c41eaa00 size:512 thread:1
allocated block device:0x4005c41eac00 size:512 thread:1
allocated block device:0x4005c41eae00 size:512 thread:1
allocated block device:0x4005c41eb000 size:512 thread:1
allocated block device:0x4005c41eb200 size:512 thread:1
allocated block device:0x4005c41eb400 size:512 thread:1
allocated block device:0x4005c41eb600 size:1536 thread:1
allocated block device:0x4005c41ebc00 size:1536 thread:1
allocated block device:0x4005c41ec200 size:512 thread:1
allocated block device:0x4005c41ec400 size:2560 thread:1
allocated block device:0x4005c41ece00 size:6144 thread:1
allocated block device:0x4005c41ee600 size:28672 thread:1
allocated block device:0x4005c41f5600 size:40448 thread:1
allocated block device:0x4005c41ff400 size:512 thread:1
allocated block device:0x4005c4200000 size:1821184 thread:1
allocated block device:0x4005c43bca00 size:180224 thread:1
allocated block device:0x4005c43e8a00 size:8192 thread:1
allocated block device:0x4005c43eaa00 size:8192 thread:1
allocated block device:0x4005c43eca00 size:40448 thread:1
allocated block device:0x4005c43f6800 size:8192 thread:1
allocated block device:0x4005c43fae00 size:2560 thread:1
allocated block device:0x4005c43fb800 size:3072 thread:1
allocated block device:0x4005c43fc400 size:3072 thread:1
allocated block device:0x4005c4400000 size:7284736 thread:1
allocated block device:0x4005c4c00000 size:7284736 thread:1
allocated block device:0x4005c5400000 size:45593600 thread:1
allocated block device:0x4005c8000000 size:230400000 thread:1
allocated block device:0x4005dcc00000 size:7284736 thread:1
allocated block device:0x4005e0000000 size:807412224 thread:1
allocated block device:0x400610400000 size:230400000 thread:1
allocated block device:0x400640000000 size:230400000 thread:1
allocated block device:0x40064dc00000 size:230400000 thread:1
allocated block device:0x40065b85fa00 size:921600 thread:1
allocated block device:0x40065b940a00 size:444416 thread:1
allocated block device:0x40065b9c7000 size:98304 thread:1
allocated block device:0x40065b9df000 size:98304 thread:1
allocated block device:0x40065ba00000 size:2799616 thread:1
allocated block device:0x40065be00000 size:7962624 thread:1
allocated block device:0x400dcce00000 size:14400000 thread:1
allocated block device:0x400dcf800000 size:14400000 thread:1
allocated block device:0x400e65e00000 size:230400000 thread:1
allocated block device:0x400e83400000 size:3614720 thread:1
allocated block device:0x400e83800000 size:3614720 thread:1
allocated block device:0x400e83c00000 size:3614720 thread:1
allocated block device:0x400e84000000 size:3614720 thread:1
allocated block device:0x400e84400000 size:453632 thread:1
allocated block device:0x400e8446ec00 size:453632 thread:1
allocated block device:0x400e8459d800 size:393216 thread:1
allocated block device:0x400e845fd800 size:2048 thread:1
allocated block device:0x400e84600000 size:2799616 thread:1
allocated block device:0x400e84a00000 size:14400000 thread:1
allocated block device:0x400e85800000 size:28917760 thread:1
allocated block device:0x401003400000 size:230400000 thread:1
allocated block device:0x401011000000 size:230400000 thread:1
allocated block device:0x401043400000 size:230400000 thread:1
allocated block device:0x401051000000 size:230400000 thread:1
allocated block device:0x401083400000 size:29138944 thread:1
allocated block device:0x401085000000 size:29138944 thread:1
allocated block device:0x401086c00000 size:393216 thread:1
allocated block device:0x401086e00000 size:233111552 thread:1
allocated block device:0x401094e00000 size:3145728 thread:1
allocated block device:0x401095200000 size:14569472 thread:1
Accelerator Fatal Error: call to cuMemAlloc returned error 2 (CUDA_ERROR_OUT_OF_MEMORY): Out of memory
 File: /lus/lfs1aip2/projects/u6cb/software/VASP/vasp.6.5.1/build/gam/hamil.f90
 Function: hamiltmu:978
 Line: 1005

Out of memory allocating 230400000 bytes of device memory
Failing in Thread:1
total/free CUDA memory: 102005473280/219807744
Present table dump for device[1]: NVIDIA Tesla GPU 0, compute capability 9.0, threadid=1
Hint: specify 0x800 bit in NV_ACC_DEBUG for verbose info.
host:0x2557280 device:0x400843df6600 size:32 presentcount:0+3 line:643 name:var%comm
host:0x25572a0 device:0x4005be5ffa00 size:32 presentcount:0+4 line:652 name:var%comm_kinter
host:0x25572c0 device:0x4005be5ffc00 size:32 presentcount:0+6 line:655 name:var%comm_kin
host:0x25572e0 device:0x4005be5ff400 size:32 presentcount:0+3 line:646 name:var%comm_inter
host:0x2557300 device:0x4005be5ff600 size:32 presentcount:0+7 line:649 name:var%comm_inb
host:0x256be80 device:0x4005ba0ecd00 size:8 presentcount:0+1 line:-1 name:_setexm_struct_def_21
host:0x2576f40 device:0x4005ba0ece00 size:28 presentcount:0+1 line:-1 name:_ml_ff_constant_21
host:0x2577c80 device:0x4005ba0ecf00 size:30437 presentcount:0+1 line:-1 name:_ml_ff_taglist_21
host:0x25afc80 device:0x4005ba0f4600 size:8 presentcount:0+1 line:-1 name:_mopenacc_tutor_21
host:0x25c2740 device:0x4005ba0f4a00 size:32 presentcount:0+1 line:-1 name:_mbj_21
host:0x25cd640 device:0x4005ba0f4d00 size:8 presentcount:0+1 line:-1 name:_sym_prec_21
host:0x26030c0 device:0x4005ba0f4e00 size:344 presentcount:0+1 line:-1 name:_tet_21
host:0x261c840 device:0x4005ba0f5000 size:392 presentcount:0+1 line:-1 name:_mymath_21
host:0x2817368 device:0x400843dbd200 size:4800 presentcount:0+2 line:614 name:var
host:0x2818628 device:0x400843df4a00 size:1984 presentcount:0+2 line:403 name:var
host:0x281a910 device:0x40075c3ff400 size:864 presentcount:0+4 line:2639 name:hamiltonian
host:0x286ac80 device:0x400843dfe000 size:2712 presentcount:0+2 line:428 name:var
host:0x286b718 device:0x4005be5f0600 size:2248 presentcount:0+1 line:742 name:var
host:0x286eb50 device:0x4008441ff400 size:288 presentcount:0+1 line:195 name:latt_cur
host:0x2871658 device:0x4005be5fb200 size:5088 presentcount:0+28 line:517 name:var
host:0x2872a38 device:0x4006ee1fa000 size:5088 presentcount:0+6 line:517 name:var
host:0x2873e18 device:0x400843ff9600 size:5088 presentcount:0+7 line:517 name:var
host:0x287a2a8 device:0x4008441eb400 size:304 presentcount:0+1 line:567 name:var
host:0x287a3d8 device:0x4008441ec200 size:304 presentcount:0+1 line:567 name:var
host:0x2e48ec0 device:0x4005ba002600 size:960024 presentcount:0+1 line:-1 name:_setexm_struct_def_16
host:0x2f8f080 device:0x4005ba0f4700 size:580 presentcount:0+1 line:-1 name:_wpbe_16
host:0x2f8f900 device:0x4005ba0f4b00 size:288 presentcount:0+1 line:-1 name:_mbj_16
host:0x9f446c0 device:0x4005ba0f5200 size:624 presentcount:0+1 line:-1 name:_mlr_optic_16
host:0x15ff4e60 device:0x400843dbf000 size:1000 presentcount:0+4 line:519 name:var%lpctz(:)
host:0x15ff7e70 device:0x4008441ea800 size:260 presentcount:0+1 line:499 name:var%ptri(:)
host:0x15ff8160 device:0x4008441ea200 size:260 presentcount:0+1 line:499 name:var%n(:)
host:0x170bd4e0 device:0x400843dff200 size:24 presentcount:0+3 line:616 name:var%vkpt(:,:)
host:0x171bb230 device:0x4006ee1fd000 size:528 presentcount:0+1 line:480 name:var
host:0x1b40c090 device:0x4005be5ff800 size:8 presentcount:0+4 line:405 name:var%nityp(:)
host:0x1b8ce0a0 device:0x4008441ea400 size:260 presentcount:0+1 line:499 name:var%ptr(:)
host:0x1bd88d90 device:0x4008441ee600 size:28464 presentcount:0+1 line:853 name:var(:)
host:0x1bda25b0 device:0x4008443eca00 size:40000 presentcount:0+1 line:857 name:var%psp(:,:)
host:0x1bdac220 device:0x4008443f6800 size:8000 presentcount:0+1 line:857 name:var%psprho(:)
host:0x1bdaf600 device:0x400843ff1e00 size:24000 presentcount:0+2 line:466 name:var%psprnl(:,:,:)
host:0x1bddf130 device:0x400843fe9c00 size:4320 presentcount:0+4 line:405 name:var%ityp(:)
host:0x1bde0240 device:0x400843df7a00 size:25920 presentcount:0+4 line:405 name:var%posion(:,:)
host:0x1be23350 device:0x400843dff400 size:8 presentcount:0+2 line:616 name:var%wtkpt(:)
host:0x1be23af0 device:0x4008441f5600 size:40000 presentcount:0+1 line:857 name:var%psp(:,:)
host:0x1be2d760 device:0x4008443e8a00 size:8000 presentcount:0+1 line:857 name:var%pspcor(:)
host:0x1be2f6d0 device:0x4008443eaa00 size:8000 presentcount:0+1 line:857 name:var%psprho(:)
host:0x1be32960 device:0x400843fec000 size:24000 presentcount:0+2 line:466 name:var%psprnl(:,:,:)
host:0x1be77ee0 device:0x4005be5fc600 size:24 presentcount:0+3 line:466 name:var%lps(:)
host:0x1be77f90 device:0x4005be5fca00 size:24 presentcount:0+3 line:466 name:var%lps(:)
host:0x1bee98f0 device:0x400843dfee00 size:8 presentcount:0+3 line:616 name:var%nityp(:)
host:0x1bee9a70 device:0x400843dbd000 size:16 presentcount:0+2 line:430 name:var%psrmax(:)
host:0x1beea030 device:0x400843fe8a00 size:4320 presentcount:0+3 line:616 name:var%ityp(:)
host:0x1beeb140 device:0x400843dfec00 size:8 presentcount:0+3 line:616 name:var%lmmax(:)
host:0x1beeb170 device:0x400843dff000 size:8 presentcount:0+3 line:616 name:var%nt_global(:)
host:0x1beeb1a0 device:0x400843df6800 size:4320 presentcount:0+3 line:616 name:var%npro_pos(:)
host:0x1beec2b0 device:0x400843df5400 size:4324 presentcount:0+3 line:616 name:var%lmbase(:)
host:0x1beed3c0 device:0x400843dff800 size:4 presentcount:0+2 line:616 name:var%nplwkp(:)
host:0x1beed3f0 device:0x400843dffa00 size:4 presentcount:0+2 line:616 name:var%nplwkp_tot(:)
host:0x1beed420 device:0x400843dffc00 size:4 presentcount:0+2 line:616 name:var%ngvector_pos(:)
host:0x1beed450 device:0x400843dff600 size:4 presentcount:0+2 line:616 name:var%ngvector(:)
host:0x1beed480 device:0x400843dbe600 size:1280 presentcount:0+4 line:519 name:var%lpctx(:)
host:0x1beed9b0 device:0x400843dbec00 size:720 presentcount:0+4 line:519 name:var%lpcty(:)
host:0x1beedcb0 device:0x400843dbf400 size:1280 presentcount:0+4 line:519 name:var%lpctx_(:)
host:0x1beee1e0 device:0x400843dbfa00 size:720 presentcount:0+4 line:519 name:var%lpcty_(:)
host:0x1beee4e0 device:0x400843dbfe00 size:1000 presentcount:0+4 line:519 name:var%lpctz_(:)
host:0x1beee8f0 device:0x4006ee1fb400 size:1280 presentcount:0+1 line:519 name:var%lpctx(:)
host:0x1beeee20 device:0x4006ee1fba00 size:720 presentcount:0+1 line:519 name:var%lpcty(:)
host:0x1beef120 device:0x4006ee1fbe00 size:1000 presentcount:0+1 line:519 name:var%lpctz(:)
host:0x1beef530 device:0x4006ee1fc200 size:1280 presentcount:0+1 line:519 name:var%lpctx_(:)
host:0x1beefa60 device:0x4006ee1fc800 size:720 presentcount:0+1 line:519 name:var%lpcty_(:)
host:0x1beefd60 device:0x4006ee1fcc00 size:1000 presentcount:0+1 line:519 name:var%lpctz_(:)
host:0x1bef0170 device:0x400843ff7c00 size:2560 presentcount:0+1 line:519 name:var%lpctx(:)
host:0x1bef0ba0 device:0x400843ffaa00 size:1440 presentcount:0+1 line:519 name:var%lpcty(:)
host:0x1bef1170 device:0x400843ff8800 size:2000 presentcount:0+1 line:519 name:var%lpctz(:)
host:0x1bef1970 device:0x400843ffb000 size:2560 presentcount:0+1 line:519 name:var%lpctx_(:)
host:0x1bef23a0 device:0x400843ffba00 size:1440 presentcount:0+1 line:519 name:var%lpcty_(:)
host:0x1bef2970 device:0x400843ffc000 size:2000 presentcount:0+1 line:519 name:var%lpctz_(:)
host:0x1bfe5fd0 device:0x400843ffc800 size:5648 presentcount:0+1 line:482 name:var%i2(:)
host:0x1bfe7610 device:0x400843ffe000 size:5648 presentcount:0+1 line:482 name:var%i3(:)
host:0x1bfe8c50 device:0x4006ee1f4c00 size:10040 presentcount:0+1 line:482 name:var%i2(:)
host:0x1bfeb3b0 device:0x4006ee1f7400 size:10040 presentcount:0+1 line:482 name:var%i3(:)
host:0x1bfedb10 device:0x4006ee1ed800 size:14400 presentcount:0+2 line:482 name:var%i2(:)
host:0x1bff1380 device:0x4006ee1f1200 size:14400 presentcount:0+2 line:482 name:var%i3(:)
host:0x1bff5010 device:0x4008db85fa00 size:921600 presentcount:0+2 line:482 name:var%index(:,:)
host:0x1c0d6040 device:0x4008441ec400 size:2560 presentcount:0+1 line:569 name:var%ind1(:)
host:0x1c0d6a70 device:0x4008441ece00 size:5648 presentcount:0+1 line:569 name:var%indcol(:)
host:0x1c0d80b0 device:0x4006ee1fd400 size:5648 presentcount:0+1 line:482 name:var%i2(:)
host:0x1c0d96f0 device:0x4008441e8a00 size:5648 presentcount:0+1 line:482 name:var%i3(:)
host:0x1c0dad30 device:0x4006ee1fec00 size:2520 presentcount:0+1 line:482 name:var%i2(:)
host:0x1c0db730 device:0x4006ee1ff600 size:2520 presentcount:0+1 line:482 name:var%i3(:)
host:0x1c0dc130 device:0x4005be5fcc00 size:4320 presentcount:0+2 line:430 name:var%nlimax(:)
host:0x1c0dd240 device:0x4005be5fe000 size:4324 presentcount:0+2 line:430 name:var%lmbase(:)
host:0x1c0de350 device:0x4006ee190600 size:4324 presentcount:0+2 line:430 name:var%nlibase(:)
host:0x1c0df460 device:0x400843dc0200 size:17132 presentcount:0+4 line:519 name:var%nindpwconjg(:)
host:0x1c0e3780 device:0x400843dc4600 size:17132 presentcount:0+4 line:519 name:var%ind_in_sphere(:)
host:0x1c0e90e0 device:0x4005be5ff200 size:260 presentcount:0+1 line:499 name:var%ptr(:)
host:0x1c0e9210 device:0x4005be5fde00 size:260 presentcount:0+1 line:499 name:var%n(:)
host:0x1c0e9340 device:0x400843fffa00 size:260 presentcount:0+1 line:499 name:var%ptri(:)
host:0x1c0e9470 device:0x400843fff800 size:260 presentcount:0+1 line:499 name:var%ni(:)
host:0x1c0e95a0 device:0x400843fffe00 size:260 presentcount:0+1 line:499 name:var%ptr(:)
host:0x1c0e96d0 device:0x400843fffc00 size:260 presentcount:0+1 line:499 name:var%n(:)
host:0x1c0e9800 device:0x4006ee1f9e00 size:260 presentcount:0+1 line:499 name:var%ptri(:)
host:0x1c0e9930 device:0x4006ee1f9c00 size:260 presentcount:0+1 line:499 name:var%ni(:)
host:0x1c0e9a60 device:0x4008441ea600 size:260 presentcount:0+1 line:499 name:var%ni(:)
host:0x1c0e9b90 device:0x4008441eac00 size:260 presentcount:0+1 line:499 name:var%ptr(:)
host:0x1c0e9cc0 device:0x4008441eaa00 size:260 presentcount:0+1 line:499 name:var%n(:)
host:0x1c0e9df0 device:0x4008441eb200 size:4 presentcount:0+1 line:499 name:var%tbli(:)
host:0x1c0e9e20 device:0x4008441eb000 size:260 presentcount:0+1 line:499 name:var%ptri(:)
host:0x1c0e9f50 device:0x4008441eae00 size:260 presentcount:0+1 line:499 name:var%ni(:)
host:0x1c1161e0 device:0x4008441eb600 size:1280 presentcount:0+1 line:569 name:var%ind1(:)
host:0x1c116710 device:0x4008441ebc00 size:1384 presentcount:0+1 line:569 name:var%indcol(:)
host:0x1c116ca0 device:0x4006ee138600 size:180000 presentcount:0+4 line:482 name:var%i2(:)
host:0x1c142bf0 device:0x4006ee164600 size:180000 presentcount:0+4 line:482 name:var%i3(:)
host:0x1c16eb40 device:0x400843dc8a00 size:180000 presentcount:0+8 line:482 name:var%index(:,:)
host:0x1c19aa90 device:0x4008443bca00 size:180000 presentcount:0+8 line:482 name:var%i2(:)
host:0x1c1c69e0 device:0x4006ee191800 size:180000 presentcount:0+8 line:482 name:var%i3(:)
host:0x1c1f2f60 device:0x400843e00000 size:1821184 presentcount:0+3 line:616 name:var%nindpw(:,:)
host:0x1c3af990 device:0x400843df5200 size:8 presentcount:0+2 line:616 name:var%nb_totk(:,:)
host:0x1c3af9c0 device:0x400843dffe00 size:4 presentcount:0+2 line:616 name:var%luseinv(:)
host:0x1c3af9f0 device:0x400843dbcc00 size:4 presentcount:0+2 line:616 name:var%at_gamma(:)
host:0x1c3afa20 device:0x400843fbca00 size:180000 presentcount:0+3 line:616 name:var%pl_index(:,:)
host:0x1c3db970 device:0x4008441bca00 size:180000 presentcount:0+3 line:616 name:var%pl_col(:,:)
host:0x1c4078c0 device:0x400843ff9400 size:8 presentcount:0+2 line:405 name:var%lmmax(:)
host:0x1c4078f0 device:0x4005be5ffe00 size:8 presentcount:0+2 line:430 name:var%lmax(:)
host:0x1c407920 device:0x400843feae00 size:4324 presentcount:0+2 line:405 name:var%lmbase(:)
host:0x1c408a30 device:0x400843dbca00 size:8 presentcount:0+2 line:430 name:var%lmmax(:)
host:0x1c408a60 device:0x400843dbce00 size:8 presentcount:0+2 line:430 name:var%channels(:)
host:0x1c408a90 device:0x40079c1ffc00 size:16 presentcount:0+2 line:430 name:var%rsmooth(:)
host:0x1c408ad0 device:0x40079c1ffe00 size:400 presentcount:0+2 line:464 name:var
host:0x1c408c60 device:0x4005be5fc800 size:400 presentcount:0+2 line:464 name:var
host:0x1c479680 device:0x4008db940a00 size:442880 presentcount:0+1 line:499 name:var%tbl(:)
host:0x1c673730 device:0x400844c00000 size:7284736 presentcount:0+3 line:616 name:var%datake(:,:,:)
host:0x1cd669b0 device:0x400844000000 size:1821184 presentcount:0+3 line:616 name:var%igx(:,:)
host:0x1cf24040 device:0x400843c00000 size:1821184 presentcount:0+3 line:616 name:var%igy(:,:)
host:0x1d0e18e0 device:0x400844200000 size:1821184 presentcount:0+3 line:616 name:var%igz(:,:)
host:0x1d29f7b0 device:0x40085cc00000 size:7284272 presentcount:0+4 line:519 name:var%fftsca(:,:)
host:0x1d9fe040 device:0x401104400000 size:453600 presentcount:0+1 line:499 name:var%tbli(:)
host:0x1da6cc50 device:0x40110446ec00 size:453600 presentcount:0+1 line:499 name:var%tbl(:)
host:0x1dbddb30 device:0x401103400000 size:3614720 presentcount:0+1 line:499 name:var%tbl(:)
host:0x1e2c5f20 device:0x401103800000 size:3614400 presentcount:0+1 line:499 name:var%tbli(:)
host:0x1e63a2f0 device:0x401103c00000 size:3614400 presentcount:0+1 line:499 name:var%tbl(:)
host:0x1eb92420 device:0x4005be5f1000 size:41472 presentcount:0+1 line:746 name:var%auxtot(:,:,:)
host:0x1ed230c0 device:0x401104000000 size:3614400 presentcount:0+1 line:499 name:var%tbli(:)
host:0x1fe6cc70 device:0x4008dba00000 size:2799360 presentcount:0+2 line:194 name:cdij(:,:,:,:)
host:0x20142420 device:0x4006ee11a000 size:41472 presentcount:0+2 line:746 name:var%fertot(:,:,:)
host:0x20150030 device:0x4006ee124200 size:82944 presentcount:0+2 line:746 name:var%celtot(:,:,:)
host:0x20557510 device:0x401104600000 size:2799360 presentcount:0+2 line:194 name:cqij(:,:,:,:)
host:0x20ab71c0 device:0x4008dbe00000 size:7962624 presentcount:0+5 line:746 name:var%gproj(:,:,:,:)
host:0x21472cb0 device:0x4006ee1d5800 size:98304 presentcount:0+1 line:1101 name:w1%gproj(:)
host:0x214f1420 device:0x4011045fd800 size:2048 presentcount:0+1 line:179 name:w1(:)
host:0x214f1c40 device:0x4008443fb800 size:2048 presentcount:0+1 line:179 name:wtmp(:)
host:0x216792a0 device:0x40110459d800 size:393216 presentcount:0+2 line:1226 name:wa%gproj(:,:)
host:0x216d92d0 device:0x401306c00000 size:393216 presentcount:0+2 line:1226 name:wa%gproj(:,:)
host:0x21739300 device:0x4006ee1bd800 size:98304 presentcount:0+1 line:1101 name:w1%gproj(:)
host:0x21751330 device:0x4008db9c6a00 size:98304 presentcount:0+1 line:1101 name:w1%gproj(:)
host:0x21769360 device:0x4008db9dea00 size:98304 presentcount:0+1 line:1101 name:w1%gproj(:)
host:0x29ff3920 device:0x401314e00000 size:3145728 presentcount:0+2 line:1226 name:wa%gproj(:,:)
host:0x2f120be0 device:0x401315200000 size:14569472 presentcount:0+1 line:202 name:precon(:,:)
host:0x2ff0d3b0 device:0x400844400000 size:7284736 presentcount:0+1 line:1101 name:w1%cptwfp(:)
host:0x306079b0 device:0x400843400000 size:7284736 presentcount:0+1 line:1101 name:w1%cptwfp(:)
host:0x30d025e0 device:0x40104ce00000 size:7284736 presentcount:0+1 line:1101 name:w1%cptwfp(:)
host:0x313f5230 device:0x40104f800000 size:7284736 presentcount:0+1 line:1101 name:w1%cptwfp(:)
host:0x40064c0010a0 device:0x400845400000 size:45593280 presentcount:0+2 line:430 name:var%nli(:,:)
host:0x400651c631a0 device:0x4008c0000000 size:230400000 presentcount:0+2 line:194 name:sv(:,:)
host:0x4007000012b0 device:0x400860000000 size:807411968 presentcount:0+2 line:430 name:var%rproj(:)
host:0x400730fe35c0 device:0x401104a00000 size:14400000 presentcount:0+1 line:195 name:dencor(:)
host:0x400732b739e0 device:0x401105800000 size:28917760 presentcount:0+1 line:195 name:cstrf(:,:)
host:0x400738cf6f80 device:0x401303400000 size:29138944 presentcount:0+2 line:1226 name:wa%cptwfp(:,:)
host:0x4007e0004a60 device:0x400820000000 size:590063616 presentcount:0+5 line:746 name:var%cptwfp(:,:,:,:)
host:0x4008032c7190 device:0x401305000000 size:29138944 presentcount:0+2 line:1226 name:wa%cptwfp(:,:)
host:0x400804ea73a0 device:0x401306e00000 size:233111552 presentcount:0+2 line:1226 name:wa%cptwfp(:,:)
host:0x4008a7c579d0 device:0x4010e6800000 size:230400000 presentcount:0+1 line:1101 name:w1%cr(:)
host:0x4009032c7be0 device:0x400890400000 size:230400000 presentcount:0+1 line:1236 name:w1%cr(:)
host:0x400910e98000 device:0x4008cdc00000 size:230400000 presentcount:0+1 line:1101 name:w1%cr(:)
host:0x400960008210 device:0x400848000000 size:230400000 presentcount:0+1 line:1236 name:w1%cr(:)
host:0x40096dbd0020 device:0x4012c3400000 size:230400000 presentcount:0+1 line:1101 name:w1%cr(:)
host:0x40097b790230 device:0x4012d1000000 size:230400000 presentcount:0+1 line:1236 name:w1%cr(:)
host:0x400989350650 device:0x401283400000 size:230400000 presentcount:0+1 line:1101 name:w1%cr(:)
host:0x400e60000860 device:0x401291000000 size:230400000 presentcount:0+1 line:1236 name:w1%cr(:)
host:0x400fe0002750 device:0x401320000000 size:921600000 presentcount:0+1 line:1005 name:cwork1(:,:)
host:0xffffe825a770 device:0x4008443fc400 size:3024 presentcount:0+12 line:682 name:var
host:0xffffe825b340 device:0x40075c3ff800 size:1480 presentcount:0+1 line:174 name:w_ini
host:0xffffe825b910 device:0x4008443fae00 size:1480 presentcount:0+1 line:174 name:wopt
host:0xffffe825bee0 device:0x40079c1ff400 size:1480 presentcount:0+1 line:174 name:wtmpa
allocated block device:0x4005be5f0600 size:2560 thread:1
allocated block device:0x4005be5f1000 size:41472 thread:1
allocated block device:0x4005be5fb200 size:5120 thread:1
allocated block device:0x4005be5fc600 size:512 thread:1
allocated block device:0x4005be5fc800 size:512 thread:1
allocated block device:0x4005be5fca00 size:512 thread:1
allocated block device:0x4005be5fcc00 size:4608 thread:1
allocated block device:0x4005be5fde00 size:512 thread:1
allocated block device:0x4005be5fe000 size:4608 thread:1
allocated block device:0x4005be5ff200 size:512 thread:1
allocated block device:0x4005be5ff400 size:512 thread:1
allocated block device:0x4005be5ff600 size:512 thread:1
allocated block device:0x4005be5ff800 size:512 thread:1
allocated block device:0x4005be5ffa00 size:512 thread:1
allocated block device:0x4005be5ffc00 size:512 thread:1
allocated block device:0x4005be5ffe00 size:512 thread:1
allocated block device:0x4006ee11a000 size:41472 thread:1
allocated block device:0x4006ee124200 size:82944 thread:1
allocated block device:0x4006ee138600 size:180224 thread:1
allocated block device:0x4006ee164600 size:180224 thread:1
allocated block device:0x4006ee190600 size:4608 thread:1
allocated block device:0x4006ee191800 size:180224 thread:1
allocated block device:0x4006ee1bd800 size:98304 thread:1
allocated block device:0x4006ee1d5800 size:98304 thread:1
allocated block device:0x4006ee1ed800 size:14848 thread:1
allocated block device:0x4006ee1f1200 size:14848 thread:1
allocated block device:0x4006ee1f4c00 size:10240 thread:1
allocated block device:0x4006ee1f7400 size:10240 thread:1
allocated block device:0x4006ee1f9c00 size:512 thread:1
allocated block device:0x4006ee1f9e00 size:512 thread:1
allocated block device:0x4006ee1fa000 size:5120 thread:1
allocated block device:0x4006ee1fb400 size:1536 thread:1
allocated block device:0x4006ee1fba00 size:1024 thread:1
allocated block device:0x4006ee1fbe00 size:1024 thread:1
allocated block device:0x4006ee1fc200 size:1536 thread:1
allocated block device:0x4006ee1fc800 size:1024 thread:1
allocated block device:0x4006ee1fcc00 size:1024 thread:1
allocated block device:0x4006ee1fd000 size:1024 thread:1
allocated block device:0x4006ee1fd400 size:6144 thread:1
allocated block device:0x4006ee1fec00 size:2560 thread:1
allocated block device:0x4006ee1ff600 size:2560 thread:1
allocated block device:0x40075c3ff400 size:1024 thread:1
allocated block device:0x40075c3ff800 size:1536 thread:1
allocated block device:0x40079c1ff400 size:2048 thread:1
allocated block device:0x40079c1ffc00 size:512 thread:1
allocated block device:0x40079c1ffe00 size:512 thread:1
allocated block device:0x400820000000 size:590063616 thread:1
allocated block device:0x400843400000 size:7962624 thread:1
allocated block device:0x400843c00000 size:1821184 thread:1
allocated block device:0x400843dbca00 size:512 thread:1
allocated block device:0x400843dbcc00 size:512 thread:1
allocated block device:0x400843dbce00 size:512 thread:1
allocated block device:0x400843dbd000 size:512 thread:1
allocated block device:0x400843dbd200 size:5120 thread:1
allocated block device:0x400843dbe600 size:1536 thread:1
allocated block device:0x400843dbec00 size:1024 thread:1
allocated block device:0x400843dbf000 size:1024 thread:1
allocated block device:0x400843dbf400 size:1536 thread:1
allocated block device:0x400843dbfa00 size:1024 thread:1
allocated block device:0x400843dbfe00 size:1024 thread:1
allocated block device:0x400843dc0200 size:17408 thread:1
allocated block device:0x400843dc4600 size:17408 thread:1
allocated block device:0x400843dc8a00 size:180224 thread:1
allocated block device:0x400843df4a00 size:2048 thread:1
allocated block device:0x400843df5200 size:512 thread:1
allocated block device:0x400843df5400 size:4608 thread:1
allocated block device:0x400843df6600 size:512 thread:1
allocated block device:0x400843df6800 size:4608 thread:1
allocated block device:0x400843df7a00 size:26112 thread:1
allocated block device:0x400843dfe000 size:3072 thread:1
allocated block device:0x400843dfec00 size:512 thread:1
allocated block device:0x400843dfee00 size:512 thread:1
allocated block device:0x400843dff000 size:512 thread:1
allocated block device:0x400843dff200 size:512 thread:1
allocated block device:0x400843dff400 size:512 thread:1
allocated block device:0x400843dff600 size:512 thread:1
allocated block device:0x400843dff800 size:512 thread:1
allocated block device:0x400843dffa00 size:512 thread:1
allocated block device:0x400843dffc00 size:512 thread:1
allocated block device:0x400843dffe00 size:512 thread:1
allocated block device:0x400843e00000 size:1821184 thread:1
allocated block device:0x400843fbca00 size:180224 thread:1
allocated block device:0x400843fe8a00 size:4608 thread:1
allocated block device:0x400843fe9c00 size:4608 thread:1
allocated block device:0x400843feae00 size:4608 thread:1
allocated block device:0x400843fec000 size:24064 thread:1
allocated block device:0x400843ff1e00 size:24064 thread:1
allocated block device:0x400843ff7c00 size:3072 thread:1
allocated block device:0x400843ff8800 size:3072 thread:1
allocated block device:0x400843ff9400 size:512 thread:1
allocated block device:0x400843ff9600 size:5120 thread:1
allocated block device:0x400843ffaa00 size:1536 thread:1
allocated block device:0x400843ffb000 size:2560 thread:1
allocated block device:0x400843ffba00 size:1536 thread:1
allocated block device:0x400843ffc000 size:2048 thread:1
allocated block device:0x400843ffc800 size:6144 thread:1
allocated block device:0x400843ffe000 size:6144 thread:1
allocated block device:0x400843fff800 size:512 thread:1
allocated block device:0x400843fffa00 size:512 thread:1
allocated block device:0x400843fffc00 size:512 thread:1
allocated block device:0x400843fffe00 size:512 thread:1
allocated block device:0x400844000000 size:1821184 thread:1
allocated block device:0x4008441bca00 size:180224 thread:1
allocated block device:0x4008441e8a00 size:6144 thread:1
allocated block device:0x4008441ea200 size:512 thread:1
allocated block device:0x4008441ea400 size:512 thread:1
allocated block device:0x4008441ea600 size:512 thread:1
allocated block device:0x4008441ea800 size:512 thread:1
allocated block device:0x4008441eaa00 size:512 thread:1
allocated block device:0x4008441eac00 size:512 thread:1
allocated block device:0x4008441eae00 size:512 thread:1
allocated block device:0x4008441eb000 size:512 thread:1
allocated block device:0x4008441eb200 size:512 thread:1
allocated block device:0x4008441eb400 size:512 thread:1
allocated block device:0x4008441eb600 size:1536 thread:1
allocated block device:0x4008441ebc00 size:1536 thread:1
allocated block device:0x4008441ec200 size:512 thread:1
allocated block device:0x4008441ec400 size:2560 thread:1
allocated block device:0x4008441ece00 size:6144 thread:1
allocated block device:0x4008441ee600 size:28672 thread:1
allocated block device:0x4008441f5600 size:40448 thread:1
allocated block device:0x4008441ff400 size:512 thread:1
allocated block device:0x400844200000 size:1821184 thread:1
allocated block device:0x4008443bca00 size:180224 thread:1
allocated block device:0x4008443e8a00 size:8192 thread:1
allocated block device:0x4008443eaa00 size:8192 thread:1
allocated block device:0x4008443eca00 size:40448 thread:1
allocated block device:0x4008443f6800 size:8192 thread:1
allocated block device:0x4008443fae00 size:2560 thread:1
allocated block device:0x4008443fb800 size:3072 thread:1
allocated block device:0x4008443fc400 size:3072 thread:1
allocated block device:0x400844400000 size:7284736 thread:1
allocated block device:0x400844c00000 size:7284736 thread:1
allocated block device:0x400845400000 size:45593600 thread:1
allocated block device:0x400848000000 size:230400000 thread:1
allocated block device:0x40085cc00000 size:7284736 thread:1
allocated block device:0x400860000000 size:807412224 thread:1
allocated block device:0x400890400000 size:230400000 thread:1
allocated block device:0x4008c0000000 size:230400000 thread:1
allocated block device:0x4008cdc00000 size:230400000 thread:1
allocated block device:0x4008db85fa00 size:921600 thread:1
allocated block device:0x4008db940a00 size:442880 thread:1
allocated block device:0x4008db9c6a00 size:98304 thread:1
allocated block device:0x4008db9dea00 size:98304 thread:1
allocated block device:0x4008dba00000 size:2799616 thread:1
allocated block device:0x4008dbe00000 size:7962624 thread:1
allocated block device:0x40104ce00000 size:14400000 thread:1
allocated block device:0x40104f800000 size:14400000 thread:1
allocated block device:0x4010e6800000 size:230400000 thread:1
allocated block device:0x401103400000 size:3614720 thread:1
allocated block device:0x401103800000 size:3614720 thread:1
allocated block device:0x401103c00000 size:3614720 thread:1
allocated block device:0x401104000000 size:3614720 thread:1
allocated block device:0x401104400000 size:453632 thread:1
allocated block device:0x40110446ec00 size:453632 thread:1
allocated block device:0x40110459d800 size:393216 thread:1
allocated block device:0x4011045fd800 size:2048 thread:1
allocated block device:0x401104600000 size:2799616 thread:1
allocated block device:0x401104a00000 size:14400000 thread:1
allocated block device:0x401105800000 size:28917760 thread:1
allocated block device:0x401283400000 size:230400000 thread:1
allocated block device:0x401291000000 size:230400000 thread:1
allocated block device:0x4012c3400000 size:230400000 thread:1
allocated block device:0x4012d1000000 size:230400000 thread:1
allocated block device:0x401303400000 size:29138944 thread:1
allocated block device:0x401305000000 size:29138944 thread:1
allocated block device:0x401306c00000 size:393216 thread:1
allocated block device:0x401306e00000 size:233111552 thread:1
allocated block device:0x401314e00000 size:3145728 thread:1
allocated block device:0x401315200000 size:14569472 thread:1
allocated block device:0x401320000000 size:921600000 thread:1
Accelerator Fatal Error: call to cuMemAlloc returned error 2 (CUDA_ERROR_OUT_OF_MEMORY): Out of memory
 File: /lus/lfs1aip2/projects/u6cb/software/VASP/vasp.6.5.1/build/gam/fft_base.f90
 Function: restride_r2q_cmplx:945
 Line: 964

Out of memory allocating 921600000 bytes of device memory
Failing in Thread:1
Out of memory allocating 921600000 bytes of device memory
Failing in Thread:1
total/free CUDA memory: 102005473280/495714304
Present table dump for device[1]: NVIDIA Tesla GPU 0, compute capability 9.0, threadid=1
Hint: specify 0x800 bit in NV_ACC_DEBUG for verbose info.
host:0x2557280 device:0x400623df6600 size:32 presentcount:0+3 line:643 name:var%comm
host:0x25572a0 device:0x40039e5ffa00 size:32 presentcount:0+4 line:652 name:var%comm_kinter
host:0x25572c0 device:0x40039e5ffc00 size:32 presentcount:0+6 line:655 name:var%comm_kin
host:0x25572e0 device:0x40039e5ff400 size:32 presentcount:0+3 line:646 name:var%comm_inter
host:0x2557300 device:0x40039e5ff600 size:32 presentcount:0+7 line:649 name:var%comm_inb
host:0x256be80 device:0x40039a0ecd00 size:8 presentcount:0+1 line:-1 name:_setexm_struct_def_21
host:0x2576f40 device:0x40039a0ece00 size:28 presentcount:0+1 line:-1 name:_ml_ff_constant_21
host:0x2577c80 device:0x40039a0ecf00 size:30437 presentcount:0+1 line:-1 name:_ml_ff_taglist_21
host:0x25afc80 device:0x40039a0f4600 size:8 presentcount:0+1 line:-1 name:_mopenacc_tutor_21
host:0x25c2740 device:0x40039a0f4a00 size:32 presentcount:0+1 line:-1 name:_mbj_21
host:0x25cd640 device:0x40039a0f4d00 size:8 presentcount:0+1 line:-1 name:_sym_prec_21
host:0x26030c0 device:0x40039a0f4e00 size:344 presentcount:0+1 line:-1 name:_tet_21
host:0x261c840 device:0x40039a0f5000 size:392 presentcount:0+1 line:-1 name:_mymath_21
host:0x2817368 device:0x400623dbd200 size:4800 presentcount:0+2 line:614 name:var
host:0x2818628 device:0x400623df4a00 size:1984 presentcount:0+2 line:403 name:var
host:0x281a910 device:0x40053c3ff400 size:864 presentcount:0+4 line:2639 name:hamiltonian
host:0x286ac80 device:0x400623dfe000 size:2712 presentcount:0+2 line:428 name:var
host:0x286b718 device:0x40039e5f0600 size:2248 presentcount:0+1 line:742 name:var
host:0x286eb50 device:0x4006241ff400 size:288 presentcount:0+1 line:195 name:latt_cur
host:0x2871658 device:0x40039e5fb200 size:5088 presentcount:0+28 line:517 name:var
host:0x2872a38 device:0x4004cc1fa000 size:5088 presentcount:0+6 line:517 name:var
host:0x2873e18 device:0x400623ff9600 size:5088 presentcount:0+7 line:517 name:var
host:0x287a2a8 device:0x4006241eb400 size:304 presentcount:0+1 line:567 name:var
host:0x287a3d8 device:0x4006241ec200 size:304 presentcount:0+1 line:567 name:var
host:0x2e48ec0 device:0x40039a002600 size:960024 presentcount:0+1 line:-1 name:_setexm_struct_def_16
host:0x2f8f080 device:0x40039a0f4700 size:580 presentcount:0+1 line:-1 name:_wpbe_16
host:0x2f8f900 device:0x40039a0f4b00 size:288 presentcount:0+1 line:-1 name:_mbj_16
host:0x9f446c0 device:0x40039a0f5200 size:624 presentcount:0+1 line:-1 name:_mlr_optic_16
host:0x3a014e60 device:0x400623dbf000 size:1000 presentcount:0+4 line:519 name:var%lpctz(:)
host:0x3a017e70 device:0x4006241ea800 size:260 presentcount:0+1 line:499 name:var%ptri(:)
host:0x3a018160 device:0x4006241ea200 size:260 presentcount:0+1 line:499 name:var%n(:)
host:0x3b1db3d0 device:0x4004cc1fd000 size:528 presentcount:0+1 line:480 name:var
host:0x3f42c060 device:0x40039e5ff800 size:8 presentcount:0+4 line:405 name:var%nityp(:)
host:0x3f8ee070 device:0x4006241ea400 size:260 presentcount:0+1 line:499 name:var%ptr(:)
host:0x3fd9bed0 device:0x400623dff400 size:8 presentcount:0+2 line:616 name:var%wtkpt(:)
host:0x3fda8d60 device:0x4006241ee600 size:28464 presentcount:0+1 line:853 name:var(:)
host:0x3fdbb4c0 device:0x4006243eca00 size:40000 presentcount:0+1 line:857 name:var%psp(:,:)
host:0x3fdc5130 device:0x4006243f6800 size:8000 presentcount:0+1 line:857 name:var%psprho(:)
host:0x3fdc83c0 device:0x400623ff1e00 size:24000 presentcount:0+2 line:466 name:var%psprnl(:,:,:)
host:0x3fdf7da0 device:0x400623fe9c00 size:4320 presentcount:0+4 line:405 name:var%ityp(:)
host:0x3fdf8eb0 device:0x400623df7a00 size:25920 presentcount:0+4 line:405 name:var%posion(:,:)
host:0x3fe3c230 device:0x4006241f5600 size:40000 presentcount:0+1 line:857 name:var%psp(:,:)
host:0x3fe45ea0 device:0x4006243e8a00 size:8000 presentcount:0+1 line:857 name:var%pspcor(:)
host:0x3fe47e10 device:0x4006243eaa00 size:8000 presentcount:0+1 line:857 name:var%psprho(:)
host:0x3fe4b0a0 device:0x400623fec000 size:24000 presentcount:0+2 line:466 name:var%psprnl(:,:,:)
host:0x3fe98060 device:0x40039e5fc600 size:24 presentcount:0+3 line:466 name:var%lps(:)
host:0x3fe98110 device:0x40039e5fca00 size:24 presentcount:0+3 line:466 name:var%lps(:)
host:0x3fef1780 device:0x400623dff200 size:24 presentcount:0+3 line:616 name:var%vkpt(:,:)
host:0x3ff168a0 device:0x400623dfee00 size:8 presentcount:0+3 line:616 name:var%nityp(:)
host:0x3ff16ad0 device:0x400623dbd000 size:16 presentcount:0+2 line:430 name:var%psrmax(:)
host:0x3ff17090 device:0x400623fe8a00 size:4320 presentcount:0+3 line:616 name:var%ityp(:)
host:0x3ff181a0 device:0x400623dfec00 size:8 presentcount:0+3 line:616 name:var%lmmax(:)
host:0x3ff181d0 device:0x400623dff000 size:8 presentcount:0+3 line:616 name:var%nt_global(:)
host:0x3ff18200 device:0x400623df6800 size:4320 presentcount:0+3 line:616 name:var%npro_pos(:)
host:0x3ff19310 device:0x400623df5400 size:4324 presentcount:0+3 line:616 name:var%lmbase(:)
host:0x3ff1a420 device:0x400623dff800 size:4 presentcount:0+2 line:616 name:var%nplwkp(:)
host:0x3ff1a450 device:0x400623dffa00 size:4 presentcount:0+2 line:616 name:var%nplwkp_tot(:)
host:0x3ff1a480 device:0x400623dffc00 size:4 presentcount:0+2 line:616 name:var%ngvector_pos(:)
host:0x3ff1a4b0 device:0x400623dff600 size:4 presentcount:0+2 line:616 name:var%ngvector(:)
host:0x3ff1a4e0 device:0x400623dbe600 size:1280 presentcount:0+4 line:519 name:var%lpctx(:)
host:0x3ff1aa10 device:0x400623dbec00 size:720 presentcount:0+4 line:519 name:var%lpcty(:)
host:0x3ff1ad10 device:0x400623dbf400 size:1280 presentcount:0+4 line:519 name:var%lpctx_(:)
host:0x3ff1b240 device:0x400623dbfa00 size:720 presentcount:0+4 line:519 name:var%lpcty_(:)
host:0x3ff1b540 device:0x400623dbfe00 size:1000 presentcount:0+4 line:519 name:var%lpctz_(:)
host:0x3ff1b950 device:0x4004cc1fb400 size:1280 presentcount:0+1 line:519 name:var%lpctx(:)
host:0x3ff1be80 device:0x4004cc1fba00 size:720 presentcount:0+1 line:519 name:var%lpcty(:)
host:0x3ff1c180 device:0x4004cc1fbe00 size:1000 presentcount:0+1 line:519 name:var%lpctz(:)
host:0x3ff1c590 device:0x4004cc1fc200 size:1280 presentcount:0+1 line:519 name:var%lpctx_(:)
host:0x3ff1cac0 device:0x4004cc1fc800 size:720 presentcount:0+1 line:519 name:var%lpcty_(:)
host:0x3ff1cdc0 device:0x4004cc1fcc00 size:1000 presentcount:0+1 line:519 name:var%lpctz_(:)
host:0x3ff1d1d0 device:0x400623ff7c00 size:2560 presentcount:0+1 line:519 name:var%lpctx(:)
host:0x3ff1dc00 device:0x400623ffaa00 size:1440 presentcount:0+1 line:519 name:var%lpcty(:)
host:0x3ff1e1d0 device:0x400623ff8800 size:2000 presentcount:0+1 line:519 name:var%lpctz(:)
host:0x3ff1e9d0 device:0x400623ffb000 size:2560 presentcount:0+1 line:519 name:var%lpctx_(:)
host:0x3ff1f400 device:0x400623ffba00 size:1440 presentcount:0+1 line:519 name:var%lpcty_(:)
host:0x3ff1f9d0 device:0x400623ffc000 size:2000 presentcount:0+1 line:519 name:var%lpctz_(:)
host:0x40013030 device:0x400623ffc800 size:5648 presentcount:0+1 line:482 name:var%i2(:)
host:0x40014670 device:0x400623ffe000 size:5648 presentcount:0+1 line:482 name:var%i3(:)
host:0x40015cb0 device:0x4004cc1f4c00 size:10040 presentcount:0+1 line:482 name:var%i2(:)
host:0x40018410 device:0x4004cc1f7400 size:10040 presentcount:0+1 line:482 name:var%i3(:)
host:0x4001ab70 device:0x4004cc1ed800 size:14400 presentcount:0+2 line:482 name:var%i2(:)
host:0x4001e3e0 device:0x4004cc1f1200 size:14400 presentcount:0+2 line:482 name:var%i3(:)
host:0x40022070 device:0x4006bb85fa00 size:921600 presentcount:0+2 line:482 name:var%index(:,:)
host:0x401030a0 device:0x4006241ec400 size:2560 presentcount:0+1 line:569 name:var%ind1(:)
host:0x40103ad0 device:0x4006241ece00 size:5648 presentcount:0+1 line:569 name:var%indcol(:)
host:0x40105110 device:0x4004cc1fd400 size:5648 presentcount:0+1 line:482 name:var%i2(:)
host:0x40106750 device:0x4006241e8a00 size:5648 presentcount:0+1 line:482 name:var%i3(:)
host:0x40107d90 device:0x4004cc1fec00 size:2520 presentcount:0+1 line:482 name:var%i2(:)
host:0x40108790 device:0x4004cc1ff600 size:2520 presentcount:0+1 line:482 name:var%i3(:)
host:0x40109190 device:0x40039e5fcc00 size:4320 presentcount:0+2 line:430 name:var%nlimax(:)
host:0x4010a2a0 device:0x40039e5fe000 size:4324 presentcount:0+2 line:430 name:var%lmbase(:)
host:0x4010b3b0 device:0x4004cc190600 size:4324 presentcount:0+2 line:430 name:var%nlibase(:)
host:0x4010c4c0 device:0x400623dc0200 size:17132 presentcount:0+4 line:519 name:var%nindpwconjg(:)
host:0x401107e0 device:0x400623dc4600 size:17132 presentcount:0+4 line:519 name:var%ind_in_sphere(:)
host:0x40116140 device:0x40039e5ff200 size:260 presentcount:0+1 line:499 name:var%ptr(:)
host:0x40116270 device:0x40039e5fde00 size:260 presentcount:0+1 line:499 name:var%n(:)
host:0x401163a0 device:0x400623fffa00 size:260 presentcount:0+1 line:499 name:var%ptri(:)
host:0x401164d0 device:0x400623fff800 size:260 presentcount:0+1 line:499 name:var%ni(:)
host:0x40116600 device:0x400623fffe00 size:260 presentcount:0+1 line:499 name:var%ptr(:)
host:0x40116730 device:0x400623fffc00 size:260 presentcount:0+1 line:499 name:var%n(:)
host:0x40116860 device:0x4004cc1f9e00 size:260 presentcount:0+1 line:499 name:var%ptri(:)
host:0x40116990 device:0x4004cc1f9c00 size:260 presentcount:0+1 line:499 name:var%ni(:)
host:0x40116ac0 device:0x4006241ea600 size:260 presentcount:0+1 line:499 name:var%ni(:)
host:0x40116bf0 device:0x4006241eac00 size:260 presentcount:0+1 line:499 name:var%ptr(:)
host:0x40116d20 device:0x4006241eaa00 size:260 presentcount:0+1 line:499 name:var%n(:)
host:0x40116e50 device:0x4006241eb200 size:4 presentcount:0+1 line:499 name:var%tbli(:)
host:0x40116e80 device:0x4006241eb000 size:260 presentcount:0+1 line:499 name:var%ptri(:)
host:0x40116fb0 device:0x4006241eae00 size:260 presentcount:0+1 line:499 name:var%ni(:)
host:0x40143240 device:0x4006241eb600 size:1280 presentcount:0+1 line:569 name:var%ind1(:)
host:0x40143770 device:0x4006241ebc00 size:1388 presentcount:0+1 line:569 name:var%indcol(:)
host:0x40143d10 device:0x4004cc138600 size:180000 presentcount:0+4 line:482 name:var%i2(:)
host:0x4016fc60 device:0x4004cc164600 size:180000 presentcount:0+4 line:482 name:var%i3(:)
host:0x4019bbb0 device:0x400623dc8a00 size:180000 presentcount:0+8 line:482 name:var%index(:,:)
host:0x401c7b00 device:0x4006243bca00 size:180000 presentcount:0+8 line:482 name:var%i2(:)
host:0x401f3a50 device:0x4004cc191800 size:180000 presentcount:0+8 line:482 name:var%i3(:)
host:0x4021ffd0 device:0x400623e00000 size:1821184 presentcount:0+3 line:616 name:var%nindpw(:,:)
host:0x403dca00 device:0x400623df5200 size:8 presentcount:0+2 line:616 name:var%nb_totk(:,:)
host:0x403dca30 device:0x400623dffe00 size:4 presentcount:0+2 line:616 name:var%luseinv(:)
host:0x403dca60 device:0x400623dbcc00 size:4 presentcount:0+2 line:616 name:var%at_gamma(:)
host:0x403dca90 device:0x400623fbca00 size:180000 presentcount:0+3 line:616 name:var%pl_index(:,:)
host:0x404089e0 device:0x4006241bca00 size:180000 presentcount:0+3 line:616 name:var%pl_col(:,:)
host:0x40434930 device:0x400623ff9400 size:8 presentcount:0+2 line:405 name:var%lmmax(:)
host:0x40434960 device:0x40039e5ffe00 size:8 presentcount:0+2 line:430 name:var%lmax(:)
host:0x40434990 device:0x400623feae00 size:4324 presentcount:0+2 line:405 name:var%lmbase(:)
host:0x40435aa0 device:0x400623dbca00 size:8 presentcount:0+2 line:430 name:var%lmmax(:)
host:0x40435ad0 device:0x400623dbce00 size:8 presentcount:0+2 line:430 name:var%channels(:)
host:0x40435b00 device:0x40057c1ffc00 size:16 presentcount:0+2 line:430 name:var%rsmooth(:)
host:0x40435b40 device:0x40057c1ffe00 size:400 presentcount:0+2 line:464 name:var
host:0x40435cd0 device:0x40039e5fc800 size:400 presentcount:0+2 line:464 name:var
host:0x404a66f0 device:0x4006bb940a00 size:444160 presentcount:0+1 line:499 name:var%tbl(:)
host:0x40693700 device:0x400624c00000 size:7284736 presentcount:0+3 line:616 name:var%datake(:,:,:)
host:0x40d86980 device:0x400624000000 size:1821184 presentcount:0+3 line:616 name:var%igx(:,:)
host:0x40f44010 device:0x400623c00000 size:1821184 presentcount:0+3 line:616 name:var%igy(:,:)
host:0x411018b0 device:0x400624200000 size:1821184 presentcount:0+3 line:616 name:var%igz(:,:)
host:0x412bf780 device:0x40063cc00000 size:7284272 presentcount:0+4 line:519 name:var%fftsca(:,:)
host:0x41a1e510 device:0x400ee4400000 size:453600 presentcount:0+1 line:499 name:var%tbli(:)
host:0x41a8d120 device:0x400ee446ec00 size:453600 presentcount:0+1 line:499 name:var%tbl(:)
host:0x41bfe000 device:0x400ee3400000 size:3614720 presentcount:0+1 line:499 name:var%tbl(:)
host:0x422e63f0 device:0x400ee3800000 size:3614400 presentcount:0+1 line:499 name:var%tbli(:)
host:0x4265a7c0 device:0x400ee3c00000 size:3614400 presentcount:0+1 line:499 name:var%tbl(:)
host:0x42bd2420 device:0x40039e5f1000 size:41472 presentcount:0+1 line:746 name:var%auxtot(:,:,:)
host:0x42bf2420 device:0x4004cc11a000 size:41472 presentcount:0+2 line:746 name:var%fertot(:,:,:)
host:0x42d43590 device:0x400ee4000000 size:3614400 presentcount:0+1 line:499 name:var%tbli(:)
host:0x43e8d140 device:0x4006bba00000 size:2799360 presentcount:0+2 line:194 name:cdij(:,:,:,:)
host:0x44138870 device:0x4004cc124200 size:82944 presentcount:0+2 line:746 name:var%celtot(:,:,:)
host:0x445779e0 device:0x400ee4600000 size:2799360 presentcount:0+2 line:194 name:cqij(:,:,:,:)
host:0x44ad7690 device:0x4006bbe00000 size:7962624 presentcount:0+5 line:746 name:var%gproj(:,:,:,:)
host:0x454928a0 device:0x4004cc1bd800 size:98304 presentcount:0+1 line:1101 name:w1%gproj(:)
host:0x45511010 device:0x4006241ff600 size:2048 presentcount:0+1 line:179 name:wtmp(:)
host:0x45698c60 device:0x400ee459d800 size:393216 presentcount:0+2 line:1226 name:wa%gproj(:,:)
host:0x456f8c90 device:0x4010e6c00000 size:393216 presentcount:0+2 line:1226 name:wa%gproj(:,:)
host:0x45758cc0 device:0x4004cc1d5800 size:98304 presentcount:0+1 line:1101 name:w1%gproj(:)
host:0x45770cf0 device:0x4006bb9bce00 size:98304 presentcount:0+1 line:1101 name:w1%gproj(:)
host:0x45788d20 device:0x4006bb9d4e00 size:98304 presentcount:0+1 line:1101 name:w1%gproj(:)
host:0x4e020f70 device:0x4010f4e00000 size:3145728 presentcount:0+2 line:1226 name:wa%gproj(:,:)
host:0x53146b70 device:0x40055c3ff400 size:2048 presentcount:0+1 line:179 name:w1(:)
host:0x5314e4a0 device:0x4010f7200000 size:14569472 presentcount:0+1 line:202 name:precon(:,:)
host:0x53f3aa60 device:0x4010f5200000 size:7284736 presentcount:0+1 line:1101 name:w1%cptwfp(:)
host:0x54634e50 device:0x4010f5a00000 size:7284736 presentcount:0+1 line:1101 name:w1%cptwfp(:)
host:0x54d2f870 device:0x4010f6200000 size:7284736 presentcount:0+1 line:1101 name:w1%cptwfp(:)
host:0x554222b0 device:0x4010f6a00000 size:7284736 presentcount:0+1 line:1101 name:w1%cptwfp(:)
host:0x4003dc0010a0 device:0x400625400000 size:45593280 presentcount:0+2 line:430 name:var%nli(:,:)
host:0x4004370e35c0 device:0x400ee4a00000 size:14400000 presentcount:0+1 line:195 name:dencor(:)
host:0x400438c739e0 device:0x400ee5800000 size:28917760 presentcount:0+1 line:195 name:cstrf(:,:)
host:0x4004e00012b0 device:0x400640000000 size:807411968 presentcount:0+2 line:430 name:var%rproj(:)
host:0x4005102131a0 device:0x4006a0000000 size:230400000 presentcount:0+2 line:194 name:sv(:,:)
host:0x4005c0004a60 device:0x400600000000 size:590063616 presentcount:0+5 line:746 name:var%cptwfp(:,:,:,:)
host:0x4005e32c6d70 device:0x4010e3400000 size:29138944 presentcount:0+2 line:1226 name:wa%cptwfp(:,:)
host:0x4005e4ea6f80 device:0x4010e5000000 size:29138944 presentcount:0+2 line:1226 name:wa%cptwfp(:,:)
host:0x400680007190 device:0x4010e6e00000 size:233111552 presentcount:0+2 line:1226 name:wa%cptwfp(:,:)
host:0x40068de677c0 device:0x4010a3400000 size:230400000 presentcount:0+1 line:1101 name:w1%cr(:)
host:0x4006e32c79d0 device:0x4010b1000000 size:230400000 presentcount:0+1 line:1236 name:w1%cr(:)
host:0x4006f0e97df0 device:0x401063400000 size:230400000 presentcount:0+1 line:1101 name:w1%cr(:)
host:0x400740008000 device:0x401071000000 size:230400000 presentcount:0+1 line:1236 name:w1%cr(:)
host:0x40074dbd8420 device:0x401023400000 size:230400000 presentcount:0+1 line:1101 name:w1%cr(:)
host:0x40075b7a0020 device:0x401031000000 size:230400000 presentcount:0+1 line:1236 name:w1%cr(:)
host:0x400769360440 device:0x400fe3400000 size:230400000 presentcount:0+1 line:1101 name:w1%cr(:)
host:0x400c40000650 device:0x400ff1000000 size:230400000 presentcount:0+1 line:1236 name:w1%cr(:)
host:0xffffcc108070 device:0x4006243fc400 size:3024 presentcount:0+12 line:682 name:var
host:0xffffcc108c40 device:0x40053c3ff800 size:1480 presentcount:0+1 line:174 name:w_ini
host:0xffffcc109210 device:0x4006243fae00 size:1480 presentcount:0+1 line:174 name:wopt
host:0xffffcc1097e0 device:0x40057c1ff400 size:1480 presentcount:0+1 line:174 name:wtmpa
allocated block device:0x40039e5f0600 size:2560 thread:1
allocated block device:0x40039e5f1000 size:41472 thread:1
allocated block device:0x40039e5fb200 size:5120 thread:1
allocated block device:0x40039e5fc600 size:512 thread:1
allocated block device:0x40039e5fc800 size:512 thread:1
allocated block device:0x40039e5fca00 size:512 thread:1
allocated block device:0x40039e5fcc00 size:4608 thread:1
allocated block device:0x40039e5fde00 size:512 thread:1
allocated block device:0x40039e5fe000 size:4608 thread:1
allocated block device:0x40039e5ff200 size:512 thread:1
allocated block device:0x40039e5ff400 size:512 thread:1
allocated block device:0x40039e5ff600 size:512 thread:1
allocated block device:0x40039e5ff800 size:512 thread:1
allocated block device:0x40039e5ffa00 size:512 thread:1
allocated block device:0x40039e5ffc00 size:512 thread:1
allocated block device:0x40039e5ffe00 size:512 thread:1
allocated block device:0x4004cc11a000 size:41472 thread:1
allocated block device:0x4004cc124200 size:82944 thread:1
allocated block device:0x4004cc138600 size:180224 thread:1
allocated block device:0x4004cc164600 size:180224 thread:1
allocated block device:0x4004cc190600 size:4608 thread:1
allocated block device:0x4004cc191800 size:180224 thread:1
allocated block device:0x4004cc1bd800 size:98304 thread:1
allocated block device:0x4004cc1d5800 size:98304 thread:1
allocated block device:0x4004cc1ed800 size:14848 thread:1
allocated block device:0x4004cc1f1200 size:14848 thread:1
allocated block device:0x4004cc1f4c00 size:10240 thread:1
allocated block device:0x4004cc1f7400 size:10240 thread:1
allocated block device:0x4004cc1f9c00 size:512 thread:1
allocated block device:0x4004cc1f9e00 size:512 thread:1
allocated block device:0x4004cc1fa000 size:5120 thread:1
allocated block device:0x4004cc1fb400 size:1536 thread:1
allocated block device:0x4004cc1fba00 size:1024 thread:1
allocated block device:0x4004cc1fbe00 size:1024 thread:1
allocated block device:0x4004cc1fc200 size:1536 thread:1
allocated block device:0x4004cc1fc800 size:1024 thread:1
allocated block device:0x4004cc1fcc00 size:1024 thread:1
allocated block device:0x4004cc1fd000 size:1024 thread:1
allocated block device:0x4004cc1fd400 size:6144 thread:1
allocated block device:0x4004cc1fec00 size:2560 thread:1
allocated block device:0x4004cc1ff600 size:2560 thread:1
allocated block device:0x40053c3ff400 size:1024 thread:1
allocated block device:0x40053c3ff800 size:1536 thread:1
allocated block device:0x40055c3ff400 size:2048 thread:1
allocated block device:0x40057c1ff400 size:2048 thread:1
allocated block device:0x40057c1ffc00 size:512 thread:1
allocated block device:0x40057c1ffe00 size:512 thread:1
allocated block device:0x400600000000 size:590063616 thread:1
allocated block device:0x400623c00000 size:1821184 thread:1
allocated block device:0x400623dbca00 size:512 thread:1
allocated block device:0x400623dbcc00 size:512 thread:1
allocated block device:0x400623dbce00 size:512 thread:1
allocated block device:0x400623dbd000 size:512 thread:1
allocated block device:0x400623dbd200 size:5120 thread:1
allocated block device:0x400623dbe600 size:1536 thread:1
allocated block device:0x400623dbec00 size:1024 thread:1
allocated block device:0x400623dbf000 size:1024 thread:1
allocated block device:0x400623dbf400 size:1536 thread:1
allocated block device:0x400623dbfa00 size:1024 thread:1
allocated block device:0x400623dbfe00 size:1024 thread:1
allocated block device:0x400623dc0200 size:17408 thread:1
allocated block device:0x400623dc4600 size:17408 thread:1
allocated block device:0x400623dc8a00 size:180224 thread:1
allocated block device:0x400623df4a00 size:2048 thread:1
allocated block device:0x400623df5200 size:512 thread:1
allocated block device:0x400623df5400 size:4608 thread:1
allocated block device:0x400623df6600 size:512 thread:1
allocated block device:0x400623df6800 size:4608 thread:1
allocated block device:0x400623df7a00 size:26112 thread:1
allocated block device:0x400623dfe000 size:3072 thread:1
allocated block device:0x400623dfec00 size:512 thread:1
allocated block device:0x400623dfee00 size:512 thread:1
allocated block device:0x400623dff000 size:512 thread:1
allocated block device:0x400623dff200 size:512 thread:1
allocated block device:0x400623dff400 size:512 thread:1
allocated block device:0x400623dff600 size:512 thread:1
allocated block device:0x400623dff800 size:512 thread:1
allocated block device:0x400623dffa00 size:512 thread:1
allocated block device:0x400623dffc00 size:512 thread:1
allocated block device:0x400623dffe00 size:512 thread:1
allocated block device:0x400623e00000 size:1821184 thread:1
allocated block device:0x400623fbca00 size:180224 thread:1
allocated block device:0x400623fe8a00 size:4608 thread:1
allocated block device:0x400623fe9c00 size:4608 thread:1
allocated block device:0x400623feae00 size:4608 thread:1
allocated block device:0x400623fec000 size:24064 thread:1
allocated block device:0x400623ff1e00 size:24064 thread:1
allocated block device:0x400623ff7c00 size:3072 thread:1
allocated block device:0x400623ff8800 size:3072 thread:1
allocated block device:0x400623ff9400 size:512 thread:1
allocated block device:0x400623ff9600 size:5120 thread:1
allocated block device:0x400623ffaa00 size:1536 thread:1
allocated block device:0x400623ffb000 size:2560 thread:1
allocated block device:0x400623ffba00 size:1536 thread:1
allocated block device:0x400623ffc000 size:2048 thread:1
allocated block device:0x400623ffc800 size:6144 thread:1
allocated block device:0x400623ffe000 size:6144 thread:1
allocated block device:0x400623fff800 size:512 thread:1
allocated block device:0x400623fffa00 size:512 thread:1
allocated block device:0x400623fffc00 size:512 thread:1
allocated block device:0x400623fffe00 size:512 thread:1
allocated block device:0x400624000000 size:1821184 thread:1
allocated block device:0x4006241bca00 size:180224 thread:1
allocated block device:0x4006241e8a00 size:6144 thread:1
allocated block device:0x4006241ea200 size:512 thread:1
allocated block device:0x4006241ea400 size:512 thread:1
allocated block device:0x4006241ea600 size:512 thread:1
allocated block device:0x4006241ea800 size:512 thread:1
allocated block device:0x4006241eaa00 size:512 thread:1
allocated block device:0x4006241eac00 size:512 thread:1
allocated block device:0x4006241eae00 size:512 thread:1
allocated block device:0x4006241eb000 size:512 thread:1
allocated block device:0x4006241eb200 size:512 thread:1
allocated block device:0x4006241eb400 size:512 thread:1
allocated block device:0x4006241eb600 size:1536 thread:1
allocated block device:0x4006241ebc00 size:1536 thread:1
allocated block device:0x4006241ec200 size:512 thread:1
allocated block device:0x4006241ec400 size:2560 thread:1
allocated block device:0x4006241ece00 size:6144 thread:1
allocated block device:0x4006241ee600 size:28672 thread:1
allocated block device:0x4006241f5600 size:40448 thread:1
allocated block device:0x4006241ff400 size:512 thread:1
allocated block device:0x4006241ff600 size:2048 thread:1
allocated block device:0x400624200000 size:1821184 thread:1
allocated block device:0x4006243bca00 size:180224 thread:1
allocated block device:0x4006243e8a00 size:8192 thread:1
allocated block device:0x4006243eaa00 size:8192 thread:1
allocated block device:0x4006243eca00 size:40448 thread:1
allocated block device:0x4006243f6800 size:8192 thread:1
allocated block device:0x4006243fae00 size:2560 thread:1
allocated block device:0x4006243fc400 size:3072 thread:1
allocated block device:0x400624c00000 size:7284736 thread:1
allocated block device:0x400625400000 size:45593600 thread:1
allocated block device:0x40063cc00000 size:7284736 thread:1
allocated block device:0x400640000000 size:807412224 thread:1
allocated block device:0x4006a0000000 size:230400000 thread:1
allocated block device:0x4006bb85fa00 size:921600 thread:1
allocated block device:0x4006bb940a00 size:444416 thread:1
allocated block device:0x4006bb9bce00 size:98304 thread:1
allocated block device:0x4006bb9d4e00 size:98304 thread:1
allocated block device:0x4006bba00000 size:2799616 thread:1
allocated block device:0x4006bbe00000 size:7962624 thread:1
allocated block device:0x400ee3400000 size:3614720 thread:1
allocated block device:0x400ee3800000 size:3614720 thread:1
allocated block device:0x400ee3c00000 size:3614720 thread:1
allocated block device:0x400ee4000000 size:3614720 thread:1
allocated block device:0x400ee4400000 size:453632 thread:1
allocated block device:0x400ee446ec00 size:453632 thread:1
allocated block device:0x400ee459d800 size:393216 thread:1
allocated block device:0x400ee4600000 size:2799616 thread:1
allocated block device:0x400ee4a00000 size:14400000 thread:1
allocated block device:0x400ee5800000 size:28917760 thread:1
allocated block device:0x400fe3400000 size:230400000 thread:1
allocated block device:0x400ff1000000 size:230400000 thread:1
allocated block device:0x401023400000 size:230400000 thread:1
allocated block device:0x401031000000 size:230400000 thread:1
allocated block device:0x401063400000 size:230400000 thread:1
allocated block device:0x401071000000 size:230400000 thread:1
allocated block device:0x4010a3400000 size:230400000 thread:1
allocated block device:0x4010b1000000 size:230400000 thread:1
allocated block device:0x4010e3400000 size:29138944 thread:1
allocated block device:0x4010e5000000 size:29138944 thread:1
allocated block device:0x4010e6c00000 size:393216 thread:1
allocated block device:0x4010e6e00000 size:233111552 thread:1
allocated block device:0x4010f4e00000 size:3145728 thread:1
allocated block device:0x4010f5200000 size:7284736 thread:1
allocated block device:0x4010f5a00000 size:7284736 thread:1
allocated block device:0x4010f6200000 size:7284736 thread:1
allocated block device:0x4010f6a00000 size:7284736 thread:1
allocated block device:0x4010f7200000 size:14569472 thread:1
Accelerator Fatal Error: call to cuMemAlloc returned error 2 (CUDA_ERROR_OUT_OF_MEMORY): Out of memory
 File: /lus/lfs1aip2/projects/u6cb/software/VASP/vasp.6.5.1/build/gam/hamil.f90
 Function: hamiltmu:978
 Line: 1005

Out of memory allocating 921600000 bytes of device memory
Failing in Thread:1
Out of memory allocating 921600000 bytes of device memory
Failing in Thread:1
total/free CUDA memory: 102005473280/107741184
total/free CUDA memory: 102005473280/729546752
Present table dump for device[1]: NVIDIA Tesla GPU 0, compute capability 9.0, threadid=1
Hint: specify 0x800 bit in NV_ACC_DEBUG for verbose info.
host:0x2557280 device:0x400583df6600 size:32 presentcount:0+3 line:643 name:var%comm
host:0x25572a0 device:0x4002fe3ffa00 size:32 presentcount:0+4 line:652 name:var%comm_kinter
host:0x25572c0 device:0x4002fe3ffc00 size:32 presentcount:0+6 line:655 name:var%comm_kin
host:0x25572e0 device:0x4002fe3ff400 size:32 presentcount:0+3 line:646 name:var%comm_inter
host:0x2557300 device:0x4002fe3ff600 size:32 presentcount:0+7 line:649 name:var%comm_inb
host:0x256be80 device:0x4002fa0ecd00 size:8 presentcount:0+1 line:-1 name:_setexm_struct_def_21
Present table dump for device[1]: NVIDIA Tesla GPU 0, compute capability 9.0, threadid=1
Hint: specify 0x800 bit in NV_ACC_DEBUG for verbose info.
host:0x2557280 device:0x4005c3df6600 size:32 presentcount:0+3 line:643 name:var%comm
host:0x25572a0 device:0x40033e5ffa00 size:32 presentcount:0+4 line:652 name:var%comm_kinter
host:0x25572c0 device:0x40033e5ffc00 size:32 presentcount:0+6 line:655 name:var%comm_kin
host:0x25572e0 device:0x40033e5ff400 size:32 presentcount:0+3 line:646 name:var%comm_inter
host:0x2557300 device:0x40033e5ff600 size:32 presentcount:0+7 line:649 name:var%comm_inb
host:0x256be80 device:0x40033a0ecd00 size:8 presentcount:0+1 line:-1 name:_setexm_struct_def_21
host:0x2576f40 device:0x40033a0ece00 size:28 presentcount:0+1 line:-1 name:_ml_ff_constant_21
host:0x2577c80 device:0x40033a0ecf00 size:30437 presentcount:0+1 line:-1 name:_ml_ff_taglist_21
host:0x25afc80 device:0x40033a0f4600 size:8 presentcount:0+1 line:-1 name:_mopenacc_tutor_21
host:0x2576f40 device:0x4002fa0ece00 size:28 presentcount:0+1 line:-1 name:_ml_ff_constant_21
host:0x2577c80 device:0x4002fa0ecf00 size:30437 presentcount:0+1 line:-1 name:_ml_ff_taglist_21
host:0x25afc80 device:0x4002fa0f4600 size:8 presentcount:0+1 line:-1 name:_mopenacc_tutor_21
host:0x25c2740 device:0x4002fa0f4a00 size:32 presentcount:0+1 line:-1 name:_mbj_21
host:0x25cd640 device:0x4002fa0f4d00 size:8 presentcount:0+1 line:-1 name:_sym_prec_21
host:0x26030c0 device:0x4002fa0f4e00 size:344 presentcount:0+1 line:-1 name:_tet_21
host:0x261c840 device:0x4002fa0f5000 size:392 presentcount:0+1 line:-1 name:_mymath_21
host:0x2817368 device:0x400583dbd200 size:4800 presentcount:0+2 line:614 name:var
host:0x2818628 device:0x400583df4a00 size:1984 presentcount:0+2 line:403 name:var
host:0x281a910 device:0x4004955ff400 size:864 presentcount:0+4 line:2639 name:hamiltonian
host:0x286ac80 device:0x400583dfe000 size:2712 presentcount:0+2 line:428 name:var
host:0x25c2740 device:0x40033a0f4a00 size:32 presentcount:0+1 line:-1 name:_mbj_21
host:0x25cd640 device:0x40033a0f4d00 size:8 presentcount:0+1 line:-1 name:_sym_prec_21
host:0x26030c0 device:0x40033a0f4e00 size:344 presentcount:0+1 line:-1 name:_tet_21
host:0x261c840 device:0x40033a0f5000 size:392 presentcount:0+1 line:-1 name:_mymath_21
host:0x2817368 device:0x4005c3dbd200 size:4800 presentcount:0+2 line:614 name:var
host:0x2818628 device:0x4005c3df4a00 size:1984 presentcount:0+2 line:403 name:var
host:0x281a910 device:0x4004dc3ff400 size:864 presentcount:0+4 line:2639 name:hamiltonian
host:0x286ac80 device:0x4005c3dfe000 size:2712 presentcount:0+2 line:428 name:var
host:0x286b718 device:0x40033e5f0600 size:2248 presentcount:0+1 line:742 name:var
host:0x286eb50 device:0x4005c41ff400 size:288 presentcount:0+1 line:195 name:latt_cur
host:0x2871658 device:0x40033e5fb200 size:5088 presentcount:0+28 line:517 name:var
host:0x2872a38 device:0x4004703fa000 size:5088 presentcount:0+6 line:517 name:var
host:0x2873e18 device:0x4005c3ff9600 size:5088 presentcount:0+7 line:517 name:var
host:0x287a2a8 device:0x4005c41eb400 size:304 presentcount:0+1 line:567 name:var
host:0x287a3d8 device:0x4005c41ec200 size:304 presentcount:0+1 line:567 name:var
host:0x2e48ec0 device:0x40033a002600 size:960024 presentcount:0+1 line:-1 name:_setexm_struct_def_16
host:0x2f8f080 device:0x40033a0f4700 size:580 presentcount:0+1 line:-1 name:_wpbe_16
host:0x2f8f900 device:0x40033a0f4b00 size:288 presentcount:0+1 line:-1 name:_mbj_16
host:0x286b718 device:0x4002fe3f0600 size:2248 presentcount:0+1 line:742 name:var
host:0x286eb50 device:0x4005841ff400 size:288 presentcount:0+1 line:195 name:latt_cur
host:0x2871658 device:0x4002fe3fb200 size:5088 presentcount:0+28 line:517 name:var
host:0x2872a38 device:0x4004281fa000 size:5088 presentcount:0+6 line:517 name:var
host:0x2873e18 device:0x400583ff9600 size:5088 presentcount:0+7 line:517 name:var
host:0x287a2a8 device:0x4005841eb400 size:304 presentcount:0+1 line:567 name:var
host:0x287a3d8 device:0x4005841ec200 size:304 presentcount:0+1 line:567 name:var
host:0x2e48ec0 device:0x4002fa002600 size:960024 presentcount:0+1 line:-1 name:_setexm_struct_def_16
host:0x2f8f080 device:0x4002fa0f4700 size:580 presentcount:0+1 line:-1 name:_wpbe_16
host:0x2f8f900 device:0x4002fa0f4b00 size:288 presentcount:0+1 line:-1 name:_mbj_16
host:0x9f446c0 device:0x4002fa0f5200 size:624 presentcount:0+1 line:-1 name:_mlr_optic_16
host:0x17bb4e60 device:0x400583dbf000 size:1000 presentcount:0+4 line:519 name:var%lpctz(:)
host:0x17bb7e70 device:0x4005841ea600 size:260 presentcount:0+1 line:499 name:var%ni(:)
host:0x17bb8160 device:0x4005841ea800 size:260 presentcount:0+1 line:499 name:var%ptri(:)
host:0x18333910 device:0x4004281fd000 size:528 presentcount:0+1 line:480 name:var
host:0x183341b0 device:0x4005841ea200 size:260 presentcount:0+1 line:499 name:var%n(:)
host:0x9f446c0 device:0x40033a0f5200 size:624 presentcount:0+1 line:-1 name:_mlr_optic_16
host:0x27234e60 device:0x4005c3dbf000 size:1000 presentcount:0+4 line:519 name:var%lpctz(:)
host:0x27237e70 device:0x4005c41ea800 size:260 presentcount:0+1 line:499 name:var%ptri(:)
host:0x27238160 device:0x4005c41ea200 size:260 presentcount:0+1 line:499 name:var%n(:)
host:0x272df380 device:0x4005c3dbd000 size:16 presentcount:0+2 line:430 name:var%psrmax(:)
host:0x272df3c0 device:0x4005c3dff800 size:4 presentcount:0+2 line:616 name:var%nplwkp(:)
host:0x272df3f0 device:0x4005c3dffa00 size:4 presentcount:0+2 line:616 name:var%nplwkp_tot(:)
host:0x272df420 device:0x4005c3dffc00 size:4 presentcount:0+2 line:616 name:var%ngvector_pos(:)
host:0x272df450 device:0x4005c3dff600 size:4 presentcount:0+2 line:616 name:var%ngvector(:)
host:0x272df480 device:0x4005c3df5200 size:8 presentcount:0+2 line:616 name:var%nb_totk(:,:)
host:0x272df4b0 device:0x4005c3dffe00 size:4 presentcount:0+2 line:616 name:var%luseinv(:)
host:0x272df4e0 device:0x4005c3dbcc00 size:4 presentcount:0+2 line:616 name:var%at_gamma(:)
host:0x272df510 device:0x4005c3ff9400 size:8 presentcount:0+2 line:405 name:var%lmmax(:)
host:0x272df540 device:0x40033e5ffe00 size:8 presentcount:0+2 line:430 name:var%lmax(:)
host:0x272df570 device:0x4005c3dbca00 size:8 presentcount:0+2 line:430 name:var%lmmax(:)
host:0x272df5a0 device:0x4005c3dbce00 size:8 presentcount:0+2 line:430 name:var%channels(:)
host:0x272df5d0 device:0x40051c1ffc00 size:16 presentcount:0+2 line:430 name:var%rsmooth(:)
host:0x272df610 device:0x4005c41ea600 size:260 presentcount:0+1 line:499 name:var%ni(:)
host:0x272df740 device:0x4005c41eb200 size:4 presentcount:0+1 line:499 name:var%tbli(:)
host:0x283fb710 device:0x4004703fd000 size:528 presentcount:0+1 line:480 name:var
host:0x2c64c3a0 device:0x40033e5ff800 size:8 presentcount:0+4 line:405 name:var%nityp(:)
host:0x2cb0e3b0 device:0x4005c41ea400 size:260 presentcount:0+1 line:499 name:var%ptr(:)
host:0x2cfbc210 device:0x4005c3dff000 size:8 presentcount:0+3 line:616 name:var%nt_global(:)
host:0x2cfbc300 device:0x4005c3dfec00 size:8 presentcount:0+3 line:616 name:var%lmmax(:)
host:0x2cfbc330 device:0x4005c3dff400 size:8 presentcount:0+2 line:616 name:var%wtkpt(:)
host:0x2cfbc360 device:0x4005c3dfee00 size:8 presentcount:0+3 line:616 name:var%nityp(:)
host:0x1c3b6560 device:0x4004d53ffe00 size:400 presentcount:0+2 line:464 name:var
host:0x1c3b66f0 device:0x4002fe3fc800 size:400 presentcount:0+2 line:464 name:var
host:0x20a4e510 device:0x4002fe3ff800 size:8 presentcount:0+4 line:405 name:var%nityp(:)
host:0x20f10520 device:0x4005841ea400 size:260 presentcount:0+1 line:499 name:var%ptr(:)
host:0x213cb340 device:0x4005841ee600 size:28464 presentcount:0+1 line:853 name:var(:)
host:0x213ddaa0 device:0x4005843eca00 size:40000 presentcount:0+1 line:857 name:var%psp(:,:)
host:0x213e7710 device:0x4005843f6800 size:8000 presentcount:0+1 line:857 name:var%psprho(:)
host:0x213ea9a0 device:0x400583ff1e00 size:24000 presentcount:0+2 line:466 name:var%psprnl(:,:,:)
host:0x2141a380 device:0x400583fe9c00 size:4320 presentcount:0+4 line:405 name:var%ityp(:)
host:0x2141b490 device:0x400583df7a00 size:25920 presentcount:0+4 line:405 name:var%posion(:,:)
host:0x2145e660 device:0x4005843e8a00 size:8000 presentcount:0+1 line:857 name:var%pspcor(:)
host:0x214605d0 device:0x4005843eaa00 size:8000 presentcount:0+1 line:857 name:var%psprho(:)
host:0x21464140 device:0x4005841f5600 size:40000 presentcount:0+1 line:857 name:var%psp(:,:)
host:0x2146ddb0 device:0x400583fec000 size:24000 presentcount:0+2 line:466 name:var%psprnl(:,:,:)
host:0x21480db0 device:0x400583dff000 size:8 presentcount:0+3 line:616 name:var%nt_global(:)
host:0x21480ea0 device:0x400583dfec00 size:8 presentcount:0+3 line:616 name:var%lmmax(:)
host:0x21480ed0 device:0x400583dff400 size:8 presentcount:0+2 line:616 name:var%wtkpt(:)
host:0x21480f00 device:0x400583dfee00 size:8 presentcount:0+3 line:616 name:var%nityp(:)
host:0x214ade60 device:0x4002fe3fc600 size:24 presentcount:0+3 line:466 name:var%lps(:)
host:0x214adf10 device:0x4002fe3fca00 size:24 presentcount:0+3 line:466 name:var%lps(:)
host:0x2151e730 device:0x400583dff200 size:24 presentcount:0+3 line:616 name:var%vkpt(:,:)
host:0x21543a10 device:0x400583dbd000 size:16 presentcount:0+2 line:430 name:var%psrmax(:)
host:0x21543fd0 device:0x400583fe8a00 size:4320 presentcount:0+3 line:616 name:var%ityp(:)
host:0x2cfc90a0 device:0x4005c41ee600 size:28464 presentcount:0+1 line:853 name:var(:)
host:0x2cfdb800 device:0x4005c43eca00 size:40000 presentcount:0+1 line:857 name:var%psp(:,:)
host:0x2cfe5470 device:0x4005c43f6800 size:8000 presentcount:0+1 line:857 name:var%psprho(:)
host:0x2cfe8700 device:0x4005c3ff1e00 size:24000 presentcount:0+2 line:466 name:var%psprnl(:,:,:)
host:0x2d0180e0 device:0x4005c3fe9c00 size:4320 presentcount:0+4 line:405 name:var%ityp(:)
host:0x2d0191f0 device:0x4005c3df7a00 size:25920 presentcount:0+4 line:405 name:var%posion(:,:)
host:0x2d05a240 device:0x4005c3dff200 size:24 presentcount:0+3 line:616 name:var%vkpt(:,:)
host:0x2d05c570 device:0x4005c41f5600 size:40000 presentcount:0+1 line:857 name:var%psp(:,:)
host:0x2d0661e0 device:0x4005c43e8a00 size:8000 presentcount:0+1 line:857 name:var%pspcor(:)
host:0x2d068150 device:0x4005c43eaa00 size:8000 presentcount:0+1 line:857 name:var%psprho(:)
host:0x2d06b3e0 device:0x4005c3fec000 size:24000 presentcount:0+2 line:466 name:var%psprnl(:,:,:)
host:0x2d0b83a0 device:0x40033e5fc600 size:24 presentcount:0+3 line:466 name:var%lps(:)
host:0x2d0b8450 device:0x40033e5fca00 size:24 presentcount:0+3 line:466 name:var%lps(:)
host:0x2d139580 device:0x4005c3fe8a00 size:4320 presentcount:0+3 line:616 name:var%ityp(:)
host:0x2d13a690 device:0x4005c3df6800 size:4320 presentcount:0+3 line:616 name:var%npro_pos(:)
host:0x2d13b7a0 device:0x4005c3df5400 size:4324 presentcount:0+3 line:616 name:var%lmbase(:)
host:0x2d13c8b0 device:0x4005c3dbe600 size:1280 presentcount:0+4 line:519 name:var%lpctx(:)
host:0x2d13cde0 device:0x4005c3dbec00 size:720 presentcount:0+4 line:519 name:var%lpcty(:)
host:0x2d13d0e0 device:0x4005c3dbf400 size:1280 presentcount:0+4 line:519 name:var%lpctx_(:)
host:0x2d13d610 device:0x4005c3dbfa00 size:720 presentcount:0+4 line:519 name:var%lpcty_(:)
host:0x2d13d910 device:0x4005c3dbfe00 size:1000 presentcount:0+4 line:519 name:var%lpctz_(:)
host:0x2d13dd20 device:0x4004703fb400 size:1280 presentcount:0+1 line:519 name:var%lpctx(:)
host:0x2d13e250 device:0x4004703fba00 size:720 presentcount:0+1 line:519 name:var%lpcty(:)
host:0x2d13e550 device:0x4004703fbe00 size:1000 presentcount:0+1 line:519 name:var%lpctz(:)
host:0x2d13e960 device:0x4004703fc200 size:1280 presentcount:0+1 line:519 name:var%lpctx_(:)
host:0x2d13ee90 device:0x4004703fc800 size:720 presentcount:0+1 line:519 name:var%lpcty_(:)
host:0x2d13f190 device:0x4004703fcc00 size:1000 presentcount:0+1 line:519 name:var%lpctz_(:)
host:0x2d13f5a0 device:0x4005c3ff7c00 size:2560 presentcount:0+1 line:519 name:var%lpctx(:)
host:0x2d13ffd0 device:0x4005c3ffaa00 size:1440 presentcount:0+1 line:519 name:var%lpcty(:)
host:0x2d1405a0 device:0x4005c3ff8800 size:2000 presentcount:0+1 line:519 name:var%lpctz(:)
host:0x2d140da0 device:0x4005c3ffb000 size:2560 presentcount:0+1 line:519 name:var%lpctx_(:)
host:0x2d1417d0 device:0x4005c3ffba00 size:1440 presentcount:0+1 line:519 name:var%lpcty_(:)
host:0x2d141da0 device:0x4005c3ffc000 size:2000 presentcount:0+1 line:519 name:var%lpctz_(:)
host:0x2d235400 device:0x4005c3ffc800 size:5648 presentcount:0+1 line:482 name:var%i2(:)
host:0x2d236a40 device:0x4005c3ffe000 size:5648 presentcount:0+1 line:482 name:var%i3(:)
host:0x2d238080 device:0x4004703f4c00 size:10040 presentcount:0+1 line:482 name:var%i2(:)
host:0x2d23a7e0 device:0x4004703f7400 size:10040 presentcount:0+1 line:482 name:var%i3(:)
host:0x2d23cf40 device:0x4004703ed800 size:14400 presentcount:0+2 line:482 name:var%i2(:)
host:0x2d2407b0 device:0x4004703f1200 size:14400 presentcount:0+2 line:482 name:var%i3(:)
host:0x2d244440 device:0x40063b85fa00 size:921600 presentcount:0+2 line:482 name:var%index(:,:)
host:0x2d325470 device:0x4005c41ec400 size:2560 presentcount:0+1 line:569 name:var%ind1(:)
host:0x2d325ea0 device:0x4005c41ece00 size:5648 presentcount:0+1 line:569 name:var%indcol(:)
host:0x215450e0 device:0x400583df6800 size:4320 presentcount:0+3 line:616 name:var%npro_pos(:)
host:0x215461f0 device:0x400583df5400 size:4324 presentcount:0+3 line:616 name:var%lmbase(:)
host:0x21547300 device:0x400583dff800 size:4 presentcount:0+2 line:616 name:var%nplwkp(:)
host:0x21547330 device:0x400583dffa00 size:4 presentcount:0+2 line:616 name:var%nplwkp_tot(:)
host:0x21547360 device:0x400583dffc00 size:4 presentcount:0+2 line:616 name:var%ngvector_pos(:)
host:0x21547390 device:0x400583dff600 size:4 presentcount:0+2 line:616 name:var%ngvector(:)
host:0x215473c0 device:0x400583dbe600 size:1280 presentcount:0+4 line:519 name:var%lpctx(:)
host:0x215478f0 device:0x400583dbec00 size:720 presentcount:0+4 line:519 name:var%lpcty(:)
host:0x21547bf0 device:0x400583dbf400 size:1280 presentcount:0+4 line:519 name:var%lpctx_(:)
host:0x21548120 device:0x400583dbfa00 size:720 presentcount:0+4 line:519 name:var%lpcty_(:)
host:0x21548420 device:0x400583dbfe00 size:1000 presentcount:0+4 line:519 name:var%lpctz_(:)
host:0x21548830 device:0x4004281fb400 size:1280 presentcount:0+1 line:519 name:var%lpctx(:)
host:0x21548d60 device:0x4004281fba00 size:720 presentcount:0+1 line:519 name:var%lpcty(:)
host:0x21549060 device:0x4004281fbe00 size:1000 presentcount:0+1 line:519 name:var%lpctz(:)
host:0x21549470 device:0x4004281fc200 size:1280 presentcount:0+1 line:519 name:var%lpctx_(:)
host:0x215499a0 device:0x4004281fc800 size:720 presentcount:0+1 line:519 name:var%lpcty_(:)
host:0x21549ca0 device:0x4004281fcc00 size:1000 presentcount:0+1 line:519 name:var%lpctz_(:)
host:0x2154a0b0 device:0x400583ff7c00 size:2560 presentcount:0+1 line:519 name:var%lpctx(:)
host:0x2154aae0 device:0x400583ffaa00 size:1440 presentcount:0+1 line:519 name:var%lpcty(:)
host:0x2154b0b0 device:0x400583ff8800 size:2000 presentcount:0+1 line:519 name:var%lpctz(:)
host:0x2154b8b0 device:0x400583ffb000 size:2560 presentcount:0+1 line:519 name:var%lpctx_(:)
host:0x2154c2e0 device:0x400583ffba00 size:1440 presentcount:0+1 line:519 name:var%lpcty_(:)
host:0x2154c8b0 device:0x400583ffc000 size:2000 presentcount:0+1 line:519 name:var%lpctz_(:)
host:0x2163ff10 device:0x400583ffc800 size:5648 presentcount:0+1 line:482 name:var%i2(:)
host:0x21641550 device:0x400583ffe000 size:5648 presentcount:0+1 line:482 name:var%i3(:)
host:0x21642b90 device:0x4004281f4c00 size:10040 presentcount:0+1 line:482 name:var%i2(:)
host:0x216452f0 device:0x4004281f7400 size:10040 presentcount:0+1 line:482 name:var%i3(:)
host:0x21647a50 device:0x4004281ed800 size:14400 presentcount:0+2 line:482 name:var%i2(:)
host:0x2164b2c0 device:0x4004281f1200 size:14400 presentcount:0+2 line:482 name:var%i3(:)
host:0x2164ef50 device:0x40061b85fa00 size:921600 presentcount:0+2 line:482 name:var%index(:,:)
host:0x2172ff80 device:0x4005841ec400 size:2560 presentcount:0+1 line:569 name:var%ind1(:)
host:0x217309b0 device:0x4005841ece00 size:5648 presentcount:0+1 line:569 name:var%indcol(:)
host:0x21731ff0 device:0x4004281fd400 size:5648 presentcount:0+1 line:482 name:var%i2(:)
host:0x2d3274e0 device:0x4004703fd400 size:5648 presentcount:0+1 line:482 name:var%i2(:)
host:0x2d328b20 device:0x4005c41e8a00 size:5648 presentcount:0+1 line:482 name:var%i3(:)
host:0x2d32a160 device:0x4004703fec00 size:2520 presentcount:0+1 line:482 name:var%i2(:)
host:0x2d32ab60 device:0x4004703ff600 size:2520 presentcount:0+1 line:482 name:var%i3(:)
host:0x2d32b560 device:0x40033e5fcc00 size:4320 presentcount:0+2 line:430 name:var%nlimax(:)
host:0x2d32c670 device:0x40033e5fe000 size:4324 presentcount:0+2 line:430 name:var%lmbase(:)
host:0x2d32d780 device:0x400470390600 size:4324 presentcount:0+2 line:430 name:var%nlibase(:)
host:0x2d32e890 device:0x4005c3dc0200 size:17132 presentcount:0+4 line:519 name:var%nindpwconjg(:)
host:0x2d332bb0 device:0x4005c3dc4600 size:17132 presentcount:0+4 line:519 name:var%ind_in_sphere(:)
host:0x2d338510 device:0x40033e5ff200 size:260 presentcount:0+1 line:499 name:var%ptr(:)
host:0x2d338640 device:0x40033e5fde00 size:260 presentcount:0+1 line:499 name:var%n(:)
host:0x2d338770 device:0x4005c3fffa00 size:260 presentcount:0+1 line:499 name:var%ptri(:)
host:0x2d3388a0 device:0x4005c3fff800 size:260 presentcount:0+1 line:499 name:var%ni(:)
host:0x2d3389d0 device:0x4005c3fffe00 size:260 presentcount:0+1 line:499 name:var%ptr(:)
host:0x2d338b00 device:0x4005c3fffc00 size:260 presentcount:0+1 line:499 name:var%n(:)
host:0x2d338c30 device:0x4004703f9e00 size:260 presentcount:0+1 line:499 name:var%ptri(:)
host:0x2d338d60 device:0x4004703f9c00 size:260 presentcount:0+1 line:499 name:var%ni(:)
host:0x2d338e90 device:0x4005c41eac00 size:260 presentcount:0+1 line:499 name:var%ptr(:)
host:0x2d338fc0 device:0x4005c41eaa00 size:260 presentcount:0+1 line:499 name:var%n(:)
host:0x2d3390f0 device:0x4005c41eb000 size:260 presentcount:0+1 line:499 name:var%ptri(:)
host:0x2d339220 device:0x4005c41eae00 size:260 presentcount:0+1 line:499 name:var%ni(:)
host:0x2d365610 device:0x4005c41eb600 size:1280 presentcount:0+1 line:569 name:var%ind1(:)
host:0x2d365b40 device:0x4005c41ebc00 size:1388 presentcount:0+1 line:569 name:var%indcol(:)
host:0x2d3660e0 device:0x400470338600 size:180000 presentcount:0+4 line:482 name:var%i2(:)
host:0x2d392030 device:0x400470364600 size:180000 presentcount:0+4 line:482 name:var%i3(:)
host:0x2d3bdf80 device:0x4005c3dc8a00 size:180000 presentcount:0+8 line:482 name:var%index(:,:)
host:0x2d3e9ed0 device:0x4005c43bca00 size:180000 presentcount:0+8 line:482 name:var%i2(:)
host:0x2d415e20 device:0x400470391800 size:180000 presentcount:0+8 line:482 name:var%i3(:)
host:0x2d4423a0 device:0x4005c3e00000 size:1821184 presentcount:0+3 line:616 name:var%nindpw(:,:)
host:0x2d5fedd0 device:0x4005c3fbca00 size:180000 presentcount:0+3 line:616 name:var%pl_index(:,:)
host:0x2d62ad20 device:0x4005c41bca00 size:180000 presentcount:0+3 line:616 name:var%pl_col(:,:)
host:0x2d656c70 device:0x4005c3feae00 size:4324 presentcount:0+2 line:405 name:var%lmbase(:)
host:0x2d657d80 device:0x40051c1ffe00 size:400 presentcount:0+2 line:464 name:var
host:0x2d657f10 device:0x40033e5fc800 size:400 presentcount:0+2 line:464 name:var
host:0x2d6c8930 device:0x40063b940a00 size:444160 presentcount:0+1 line:499 name:var%tbl(:)
host:0x2d8b3a40 device:0x4005c4c00000 size:7284736 presentcount:0+3 line:616 name:var%datake(:,:,:)
host:0x2dfa6cc0 device:0x4005c4000000 size:1821184 presentcount:0+3 line:616 name:var%igx(:,:)
host:0x2e164350 device:0x4005c3c00000 size:1821184 presentcount:0+3 line:616 name:var%igy(:,:)
host:0x2e321bf0 device:0x4005c4200000 size:1821184 presentcount:0+3 line:616 name:var%igz(:,:)
host:0x2e4dfac0 device:0x4005dcc00000 size:7284272 presentcount:0+4 line:519 name:var%fftsca(:,:)
host:0x2ec3e850 device:0x400e64400000 size:453600 presentcount:0+1 line:499 name:var%tbli(:)
host:0x2ecad460 device:0x400e6446ec00 size:453600 presentcount:0+1 line:499 name:var%tbl(:)
host:0x2ee1e340 device:0x400e63400000 size:3614720 presentcount:0+1 line:499 name:var%tbl(:)
host:0x2f506730 device:0x400e63800000 size:3614400 presentcount:0+1 line:499 name:var%tbli(:)
host:0x21733630 device:0x4005841e8a00 size:5648 presentcount:0+1 line:482 name:var%i3(:)
host:0x21734c70 device:0x4004281fec00 size:2520 presentcount:0+1 line:482 name:var%i2(:)
host:0x21735670 device:0x4004281ff600 size:2520 presentcount:0+1 line:482 name:var%i3(:)
host:0x21736070 device:0x4002fe3fcc00 size:4320 presentcount:0+2 line:430 name:var%nlimax(:)
host:0x21737180 device:0x4002fe3fe000 size:4324 presentcount:0+2 line:430 name:var%lmbase(:)
host:0x21738290 device:0x400428190600 size:4324 presentcount:0+2 line:430 name:var%nlibase(:)
host:0x217393a0 device:0x400583dc0200 size:17132 presentcount:0+4 line:519 name:var%nindpwconjg(:)
host:0x2173d6c0 device:0x400583dc4600 size:17132 presentcount:0+4 line:519 name:var%ind_in_sphere(:)
host:0x21743020 device:0x4002fe3ff200 size:260 presentcount:0+1 line:499 name:var%ptr(:)
host:0x21743150 device:0x4002fe3fde00 size:260 presentcount:0+1 line:499 name:var%n(:)
host:0x21743280 device:0x400583fffa00 size:260 presentcount:0+1 line:499 name:var%ptri(:)
host:0x217433b0 device:0x400583fff800 size:260 presentcount:0+1 line:499 name:var%ni(:)
host:0x217434e0 device:0x400583fffe00 size:260 presentcount:0+1 line:499 name:var%ptr(:)
host:0x21743610 device:0x400583fffc00 size:260 presentcount:0+1 line:499 name:var%n(:)
host:0x21743740 device:0x4004281f9e00 size:260 presentcount:0+1 line:499 name:var%ptri(:)
host:0x21743870 device:0x4004281f9c00 size:260 presentcount:0+1 line:499 name:var%ni(:)
host:0x217439a0 device:0x4005841eac00 size:260 presentcount:0+1 line:499 name:var%ptr(:)
host:0x21743ad0 device:0x4005841eaa00 size:260 presentcount:0+1 line:499 name:var%n(:)
host:0x21743c00 device:0x4005841eb200 size:4 presentcount:0+1 line:499 name:var%tbli(:)
host:0x21743c30 device:0x4005841eb000 size:260 presentcount:0+1 line:499 name:var%ptri(:)
host:0x21743d60 device:0x4005841eae00 size:260 presentcount:0+1 line:499 name:var%ni(:)
host:0x21770120 device:0x4005841eb600 size:1280 presentcount:0+1 line:569 name:var%ind1(:)
host:0x21770650 device:0x4005841ebc00 size:1388 presentcount:0+1 line:569 name:var%indcol(:)
host:0x21770bf0 device:0x400428138600 size:180000 presentcount:0+4 line:482 name:var%i2(:)
host:0x2179cb40 device:0x400428164600 size:180000 presentcount:0+4 line:482 name:var%i3(:)
host:0x217c8a90 device:0x400583dc8a00 size:180000 presentcount:0+8 line:482 name:var%index(:,:)
host:0x217f49e0 device:0x4005843bca00 size:180000 presentcount:0+8 line:482 name:var%i2(:)
host:0x21820930 device:0x400428191800 size:180000 presentcount:0+8 line:482 name:var%i3(:)
host:0x2184ceb0 device:0x400583e00000 size:1821184 presentcount:0+3 line:616 name:var%nindpw(:,:)
host:0x21a098e0 device:0x400583df5200 size:8 presentcount:0+2 line:616 name:var%nb_totk(:,:)
host:0x21a09910 device:0x400583dffe00 size:4 presentcount:0+2 line:616 name:var%luseinv(:)
host:0x21a09940 device:0x400583dbcc00 size:4 presentcount:0+2 line:616 name:var%at_gamma(:)
host:0x21a09970 device:0x400583fbca00 size:180000 presentcount:0+3 line:616 name:var%pl_index(:,:)
host:0x21a358c0 device:0x4005841bca00 size:180000 presentcount:0+3 line:616 name:var%pl_col(:,:)
host:0x21a61810 device:0x400583ff9400 size:8 presentcount:0+2 line:405 name:var%lmmax(:)
host:0x2f87ab00 device:0x400e63c00000 size:3614400 presentcount:0+1 line:499 name:var%tbl(:)
host:0x2ff638d0 device:0x400e64000000 size:3614400 presentcount:0+1 line:499 name:var%tbli(:)
host:0x306b2420 device:0x40047031a000 size:41472 presentcount:0+2 line:746 name:var%fertot(:,:,:)
host:0x306c0030 device:0x400470324200 size:82944 presentcount:0+2 line:746 name:var%celtot(:,:,:)
host:0x312b2420 device:0x40033e5f1000 size:41472 presentcount:0+1 line:746 name:var%auxtot(:,:,:)
host:0x31a88330 device:0x40063ba00000 size:2799360 presentcount:0+2 line:194 name:cdij(:,:,:,:)
host:0x31d37a50 device:0x400e64600000 size:2799360 presentcount:0+2 line:194 name:cqij(:,:,:,:)
host:0x32297700 device:0x40063be00000 size:7962624 presentcount:0+5 line:746 name:var%gproj(:,:,:,:)
host:0x32c52720 device:0x4004703d5800 size:98304 presentcount:0+1 line:1101 name:w1%gproj(:)
host:0x32cd0e90 device:0x4005c43fb800 size:2048 presentcount:0+1 line:179 name:wtmp(:)
host:0x32e58d10 device:0x400e6459d800 size:393216 presentcount:0+2 line:1226 name:wa%gproj(:,:)
host:0x32eb8d40 device:0x401066c00000 size:393216 presentcount:0+2 line:1226 name:wa%gproj(:,:)
host:0x32f18d70 device:0x4004703bd800 size:98304 presentcount:0+1 line:1101 name:w1%gproj(:)
host:0x32f30da0 device:0x40063b9c7000 size:98304 presentcount:0+1 line:1101 name:w1%gproj(:)
host:0x32f48dd0 device:0x40063b9df000 size:98304 presentcount:0+1 line:1101 name:w1%gproj(:)
host:0x3b242e30 device:0x401074e00000 size:3145728 presentcount:0+2 line:1226 name:wa%gproj(:,:)
host:0x4034e790 device:0x400e645fd800 size:2048 presentcount:0+1 line:179 name:w1(:)
host:0x4036f990 device:0x401075a00000 size:14569472 presentcount:0+1 line:202 name:precon(:,:)
host:0x4115c160 device:0x4005c4400000 size:7284736 presentcount:0+1 line:1101 name:w1%cptwfp(:)
host:0x41856760 device:0x4005c3400000 size:7284736 presentcount:0+1 line:1101 name:w1%cptwfp(:)
host:0x41f51390 device:0x400dace00000 size:7284736 presentcount:0+1 line:1101 name:w1%cptwfp(:)
host:0x42643fe0 device:0x401075200000 size:7284736 presentcount:0+1 line:1101 name:w1%cptwfp(:)
host:0x40037c6210a0 device:0x4005c5400000 size:45593280 presentcount:0+2 line:430 name:var%nli(:,:)
host:0x4003ce3131a0 device:0x400620000000 size:230400000 presentcount:0+2 line:194 name:sv(:,:)
host:0x4003dcca35c0 device:0x400e64a00000 size:14400000 presentcount:0+1 line:195 name:dencor(:)
host:0x4004800012b0 device:0x4005e0000000 size:807411968 presentcount:0+2 line:430 name:var%rproj(:)
host:0x4004b02139e0 device:0x400e65800000 size:28917760 presentcount:0+1 line:195 name:cstrf(:,:)
host:0x4004b54f6f80 device:0x401063400000 size:29138944 presentcount:0+2 line:1226 name:wa%cptwfp(:,:)
host:0x400560004a60 device:0x4005a0000000 size:590063616 presentcount:0+5 line:746 name:var%cptwfp(:,:,:,:)
host:0x4005832c7190 device:0x401065000000 size:29138944 presentcount:0+2 line:1226 name:wa%cptwfp(:,:)
host:0x400584ea73a0 device:0x401066e00000 size:233111552 presentcount:0+2 line:1226 name:wa%cptwfp(:,:)
host:0x40066a1579d0 device:0x400e45e00000 size:230400000 presentcount:0+1 line:1101 name:w1%cr(:)
host:0x4006c0007be0 device:0x400610400000 size:230400000 presentcount:0+1 line:1236 name:w1%cr(:)
host:0x4006cdbd8000 device:0x40062dc00000 size:230400000 presentcount:0+1 line:1101 name:w1%cr(:)
host:0x4006db7a8210 device:0x4005c8000000 size:230400000 presentcount:0+1 line:1236 name:w1%cr(:)
host:0x4006e9370020 device:0x401023400000 size:230400000 presentcount:0+1 line:1101 name:w1%cr(:)
host:0x400bc0000230 device:0x401031000000 size:230400000 presentcount:0+1 line:1236 name:w1%cr(:)
host:0x400bcdbc0650 device:0x400fe3400000 size:230400000 presentcount:0+1 line:1101 name:w1%cr(:)
host:0x400bdb780860 device:0x400ff1000000 size:230400000 presentcount:0+1 line:1236 name:w1%cr(:)
host:0xffffd30c1cf0 device:0x4005c43fc400 size:3024 presentcount:0+12 line:682 name:var
host:0xffffd30c28c0 device:0x4004dc3ff800 size:1480 presentcount:0+1 line:174 name:w_ini
host:0xffffd30c2e90 device:0x4005c43fae00 size:1480 presentcount:0+1 line:174 name:wopt
host:0x21a61840 device:0x4002fe3ffe00 size:8 presentcount:0+2 line:430 name:var%lmax(:)
host:0x21a61870 device:0x400583feae00 size:4324 presentcount:0+2 line:405 name:var%lmbase(:)
host:0x21a62980 device:0x400583dbca00 size:8 presentcount:0+2 line:430 name:var%lmmax(:)
host:0x21a629b0 device:0x400583dbce00 size:8 presentcount:0+2 line:430 name:var%channels(:)
host:0x21a629e0 device:0x4004d53ffc00 size:16 presentcount:0+2 line:430 name:var%rsmooth(:)
host:0x21ad3280 device:0x40061b940a00 size:444160 presentcount:0+1 line:499 name:var%tbl(:)
host:0x21cb5ce0 device:0x400584c00000 size:7284736 presentcount:0+3 line:616 name:var%datake(:,:,:)
host:0x223a8f60 device:0x400584000000 size:1821184 presentcount:0+3 line:616 name:var%igx(:,:)
host:0x225665f0 device:0x400583c00000 size:1821184 presentcount:0+3 line:616 name:var%igy(:,:)
host:0x22723e90 device:0x400584200000 size:1821184 presentcount:0+3 line:616 name:var%igz(:,:)
host:0x228e1d60 device:0x40059cc00000 size:7284272 presentcount:0+4 line:519 name:var%fftsca(:,:)
host:0x23040af0 device:0x400e44400000 size:453600 presentcount:0+1 line:499 name:var%tbli(:)
host:0x230af700 device:0x400e4446ec00 size:453600 presentcount:0+1 line:499 name:var%tbl(:)
host:0x232205e0 device:0x400e43400000 size:3614720 presentcount:0+1 line:499 name:var%tbl(:)
host:0x239089d0 device:0x400e43800000 size:3614400 presentcount:0+1 line:499 name:var%tbli(:)
host:0x23c7cda0 device:0x400e43c00000 size:3614400 presentcount:0+1 line:499 name:var%tbl(:)
host:0x24365b70 device:0x400e44000000 size:3614400 presentcount:0+1 line:499 name:var%tbli(:)
host:0x254af720 device:0x40061ba00000 size:2799360 presentcount:0+2 line:194 name:cdij(:,:,:,:)
host:0x25772420 device:0x4002fe3f1000 size:41472 presentcount:0+1 line:746 name:var%auxtot(:,:,:)
host:0x257b2420 device:0x40042811a000 size:41472 presentcount:0+2 line:746 name:var%fertot(:,:,:)
host:0x257c0030 device:0x400428124200 size:82944 presentcount:0+2 line:746 name:var%celtot(:,:,:)
host:0x25b99fc0 device:0x400e44600000 size:2799360 presentcount:0+2 line:194 name:cqij(:,:,:,:)
host:0x260f9c70 device:0x40061be00000 size:7962624 presentcount:0+5 line:746 name:var%gproj(:,:,:,:)
host:0x26ab4f00 device:0x4004281bd800 size:98304 presentcount:0+1 line:1101 name:w1%gproj(:)
host:0x26b33670 device:0x4004b51ff400 size:2048 presentcount:0+1 line:179 name:w1(:)
host:0x26b33e90 device:0x4005841ff600 size:2048 presentcount:0+1 line:179 name:wtmp(:)
host:0x26cbb2c0 device:0x400e4459d800 size:393216 presentcount:0+2 line:1226 name:wa%gproj(:,:)
host:0x26d1b2f0 device:0x401046c00000 size:393216 presentcount:0+2 line:1226 name:wa%gproj(:,:)
host:0x26d7b320 device:0x4004281d5800 size:98304 presentcount:0+1 line:1101 name:w1%gproj(:)
host:0x26d93350 device:0x40061b9bce00 size:98304 presentcount:0+1 line:1101 name:w1%gproj(:)
host:0x26dab380 device:0x40061b9d4e00 size:98304 presentcount:0+1 line:1101 name:w1%gproj(:)
host:0x2f657070 device:0x401054e00000 size:3145728 presentcount:0+2 line:1226 name:wa%gproj(:,:)
host:0x34782f80 device:0x401057200000 size:14569472 presentcount:0+1 line:202 name:precon(:,:)
host:0x3556f540 device:0x401055200000 size:7284736 presentcount:0+1 line:1101 name:w1%cptwfp(:)
host:0x35c69930 device:0x401055a00000 size:7284736 presentcount:0+1 line:1101 name:w1%cptwfp(:)
host:0x36364350 device:0x401056200000 size:7284736 presentcount:0+1 line:1101 name:w1%cptwfp(:)
host:0x36a56d90 device:0x401056a00000 size:7284736 presentcount:0+1 line:1101 name:w1%cptwfp(:)
host:0x40038c0010a0 device:0x400585400000 size:45593280 presentcount:0+2 line:430 name:var%nli(:,:)
host:0x400391c631a0 device:0x400600000000 size:230400000 presentcount:0+2 line:194 name:sv(:,:)
host:0xffffd30c3460 device:0x40051c1ff400 size:1480 presentcount:0+1 line:174 name:wtmpa
allocated block device:0x40033e5f0600 size:2560 thread:1
allocated block device:0x40033e5f1000 size:41472 thread:1
allocated block device:0x40033e5fb200 size:5120 thread:1
allocated block device:0x40033e5fc600 size:512 thread:1
allocated block device:0x40033e5fc800 size:512 thread:1
allocated block device:0x40033e5fca00 size:512 thread:1
allocated block device:0x40033e5fcc00 size:4608 thread:1
allocated block device:0x40033e5fde00 size:512 thread:1
allocated block device:0x40033e5fe000 size:4608 thread:1
allocated block device:0x40033e5ff200 size:512 thread:1
allocated block device:0x40033e5ff400 size:512 thread:1
allocated block device:0x40033e5ff600 size:512 thread:1
allocated block device:0x40033e5ff800 size:512 thread:1
allocated block device:0x40033e5ffa00 size:512 thread:1
allocated block device:0x40033e5ffc00 size:512 thread:1
allocated block device:0x40033e5ffe00 size:512 thread:1
allocated block device:0x40047031a000 size:41472 thread:1
allocated block device:0x400470324200 size:82944 thread:1
allocated block device:0x400470338600 size:180224 thread:1
allocated block device:0x400470364600 size:180224 thread:1
allocated block device:0x400470390600 size:4608 thread:1
allocated block device:0x400470391800 size:180224 thread:1
allocated block device:0x4004703bd800 size:98304 thread:1
allocated block device:0x4004703d5800 size:98304 thread:1
allocated block device:0x4004703ed800 size:14848 thread:1
allocated block device:0x4004703f1200 size:14848 thread:1
allocated block device:0x4004703f4c00 size:10240 thread:1
allocated block device:0x4004703f7400 size:10240 thread:1
allocated block device:0x4004703f9c00 size:512 thread:1
allocated block device:0x4004703f9e00 size:512 thread:1
allocated block device:0x4004703fa000 size:5120 thread:1
allocated block device:0x4004703fb400 size:1536 thread:1
allocated block device:0x4004703fba00 size:1024 thread:1
allocated block device:0x4004703fbe00 size:1024 thread:1
allocated block device:0x4004703fc200 size:1536 thread:1
allocated block device:0x4004703fc800 size:1024 thread:1
allocated block device:0x4004703fcc00 size:1024 thread:1
allocated block device:0x4004703fd000 size:1024 thread:1
allocated block device:0x4004703fd400 size:6144 thread:1
allocated block device:0x4004703fec00 size:2560 thread:1
allocated block device:0x4004703ff600 size:2560 thread:1
allocated block device:0x4004dc3ff400 size:1024 thread:1
allocated block device:0x4004dc3ff800 size:1536 thread:1
allocated block device:0x40051c1ff400 size:2048 thread:1
allocated block device:0x40051c1ffc00 size:512 thread:1
allocated block device:0x40051c1ffe00 size:512 thread:1
allocated block device:0x4005a0000000 size:590063616 thread:1
allocated block device:0x4005c3400000 size:7962624 thread:1
allocated block device:0x4005c3c00000 size:1821184 thread:1
allocated block device:0x4005c3dbca00 size:512 thread:1
allocated block device:0x4005c3dbcc00 size:512 thread:1
allocated block device:0x4005c3dbce00 size:512 thread:1
allocated block device:0x4005c3dbd000 size:512 thread:1
allocated block device:0x4005c3dbd200 size:5120 thread:1
allocated block device:0x4005c3dbe600 size:1536 thread:1
allocated block device:0x4005c3dbec00 size:1024 thread:1
allocated block device:0x4005c3dbf000 size:1024 thread:1
allocated block device:0x4005c3dbf400 size:1536 thread:1
allocated block device:0x4005c3dbfa00 size:1024 thread:1
allocated block device:0x4005c3dbfe00 size:1024 thread:1
allocated block device:0x4005c3dc0200 size:17408 thread:1
allocated block device:0x4005c3dc4600 size:17408 thread:1
allocated block device:0x4005c3dc8a00 size:180224 thread:1
allocated block device:0x4005c3df4a00 size:2048 thread:1
allocated block device:0x4005c3df5200 size:512 thread:1
allocated block device:0x4005c3df5400 size:4608 thread:1
allocated block device:0x4005c3df6600 size:512 thread:1
allocated block device:0x4005c3df6800 size:4608 thread:1
allocated block device:0x4005c3df7a00 size:26112 thread:1
allocated block device:0x4005c3dfe000 size:3072 thread:1
host:0x4004400012b0 device:0x4005a0000000 size:807411968 presentcount:0+2 line:430 name:var%rproj(:)
host:0x400470fe35c0 device:0x400e44a00000 size:14400000 presentcount:0+1 line:195 name:dencor(:)
host:0x400472b739e0 device:0x400e45800000 size:28917760 presentcount:0+1 line:195 name:cstrf(:,:)
host:0x400478556d70 device:0x401043400000 size:29138944 presentcount:0+2 line:1226 name:wa%cptwfp(:,:)
host:0x400520004a60 device:0x400560000000 size:590063616 presentcount:0+5 line:746 name:var%cptwfp(:,:,:,:)
host:0x4005432c6f80 device:0x401045000000 size:29138944 presentcount:0+2 line:1226 name:wa%cptwfp(:,:)
host:0x400544ea7190 device:0x401046e00000 size:233111552 presentcount:0+2 line:1226 name:wa%cptwfp(:,:)
host:0x4005e6e977c0 device:0x401003400000 size:230400000 presentcount:0+1 line:1101 name:w1%cr(:)
host:0x4006432c79d0 device:0x401011000000 size:230400000 presentcount:0+1 line:1236 name:w1%cr(:)
host:0x400650e97df0 device:0x400fc3400000 size:230400000 presentcount:0+1 line:1101 name:w1%cr(:)
host:0x4006a0008000 device:0x400fd1000000 size:230400000 presentcount:0+1 line:1236 name:w1%cr(:)
host:0x4006adbd8420 device:0x400f83400000 size:230400000 presentcount:0+1 line:1101 name:w1%cr(:)
host:0x4006bb7a0020 device:0x400f91000000 size:230400000 presentcount:0+1 line:1236 name:w1%cr(:)
host:0x4006c9360440 device:0x400f43400000 size:230400000 presentcount:0+1 line:1101 name:w1%cr(:)
host:0x400ba0000650 device:0x400f51000000 size:230400000 presentcount:0+1 line:1236 name:w1%cr(:)
host:0xfffff5f38040 device:0x4005843fc400 size:3024 presentcount:0+12 line:682 name:var
host:0xfffff5f38c10 device:0x4004955ff800 size:1480 presentcount:0+1 line:174 name:w_ini
host:0xfffff5f391e0 device:0x4005843fae00 size:1480 presentcount:0+1 line:174 name:wopt
host:0xfffff5f397b0 device:0x4004d53ff400 size:1480 presentcount:0+1 line:174 name:wtmpa
allocated block device:0x4002fe3f0600 size:2560 thread:1
allocated block device:0x4002fe3f1000 size:41472 thread:1
allocated block device:0x4002fe3fb200 size:5120 thread:1
allocated block device:0x4002fe3fc600 size:512 thread:1
allocated block device:0x4002fe3fc800 size:512 thread:1
allocated block device:0x4002fe3fca00 size:512 thread:1
allocated block device:0x4002fe3fcc00 size:4608 thread:1
allocated block device:0x4002fe3fde00 size:512 thread:1
allocated block device:0x4002fe3fe000 size:4608 thread:1
allocated block device:0x4002fe3ff200 size:512 thread:1
allocated block device:0x4002fe3ff400 size:512 thread:1
allocated block device:0x4002fe3ff600 size:512 thread:1
allocated block device:0x4002fe3ff800 size:512 thread:1
allocated block device:0x4002fe3ffa00 size:512 thread:1
allocated block device:0x4002fe3ffc00 size:512 thread:1
allocated block device:0x4002fe3ffe00 size:512 thread:1
allocated block device:0x40042811a000 size:41472 thread:1
allocated block device:0x400428124200 size:82944 thread:1
allocated block device:0x400428138600 size:180224 thread:1
allocated block device:0x400428164600 size:180224 thread:1
allocated block device:0x400428190600 size:4608 thread:1
allocated block device:0x400428191800 size:180224 thread:1
allocated block device:0x4004281bd800 size:98304 thread:1
allocated block device:0x4004281d5800 size:98304 thread:1
allocated block device:0x4004281ed800 size:14848 thread:1
allocated block device:0x4004281f1200 size:14848 thread:1
allocated block device:0x4004281f4c00 size:10240 thread:1
allocated block device:0x4004281f7400 size:10240 thread:1
allocated block device:0x4004281f9c00 size:512 thread:1
allocated block device:0x4004281f9e00 size:512 thread:1
allocated block device:0x4004281fa000 size:5120 thread:1
allocated block device:0x4004281fb400 size:1536 thread:1
allocated block device:0x4004281fba00 size:1024 thread:1
allocated block device:0x4004281fbe00 size:1024 thread:1
allocated block device:0x4004281fc200 size:1536 thread:1
allocated block device:0x4004281fc800 size:1024 thread:1
allocated block device:0x4004281fcc00 size:1024 thread:1
allocated block device:0x4004281fd000 size:1024 thread:1
allocated block device:0x4005c3dfec00 size:512 thread:1
allocated block device:0x4005c3dfee00 size:512 thread:1
allocated block device:0x4005c3dff000 size:512 thread:1
allocated block device:0x4005c3dff200 size:512 thread:1
allocated block device:0x4005c3dff400 size:512 thread:1
allocated block device:0x4005c3dff600 size:512 thread:1
allocated block device:0x4005c3dff800 size:512 thread:1
allocated block device:0x4005c3dffa00 size:512 thread:1
allocated block device:0x4005c3dffc00 size:512 thread:1
allocated block device:0x4005c3dffe00 size:512 thread:1
allocated block device:0x4005c3e00000 size:1821184 thread:1
allocated block device:0x4005c3fbca00 size:180224 thread:1
allocated block device:0x4005c3fe8a00 size:4608 thread:1
allocated block device:0x4005c3fe9c00 size:4608 thread:1
allocated block device:0x4005c3feae00 size:4608 thread:1
allocated block device:0x4005c3fec000 size:24064 thread:1
allocated block device:0x4005c3ff1e00 size:24064 thread:1
allocated block device:0x4005c3ff7c00 size:3072 thread:1
allocated block device:0x4005c3ff8800 size:3072 thread:1
allocated block device:0x4005c3ff9400 size:512 thread:1
allocated block device:0x4005c3ff9600 size:5120 thread:1
allocated block device:0x4005c3ffaa00 size:1536 thread:1
allocated block device:0x4005c3ffb000 size:2560 thread:1
allocated block device:0x4005c3ffba00 size:1536 thread:1
allocated block device:0x4005c3ffc000 size:2048 thread:1
allocated block device:0x4005c3ffc800 size:6144 thread:1
allocated block device:0x4005c3ffe000 size:6144 thread:1
allocated block device:0x4005c3fff800 size:512 thread:1
allocated block device:0x4005c3fffa00 size:512 thread:1
allocated block device:0x4005c3fffc00 size:512 thread:1
allocated block device:0x4005c3fffe00 size:512 thread:1
allocated block device:0x4005c4000000 size:1821184 thread:1
allocated block device:0x4005c41bca00 size:180224 thread:1
allocated block device:0x4005c41e8a00 size:6144 thread:1
allocated block device:0x4005c41ea200 size:512 thread:1
allocated block device:0x4005c41ea400 size:512 thread:1
allocated block device:0x4005c41ea600 size:512 thread:1
allocated block device:0x4005c41ea800 size:512 thread:1
allocated block device:0x4005c41eaa00 size:512 thread:1
allocated block device:0x4005c41eac00 size:512 thread:1
allocated block device:0x4005c41eae00 size:512 thread:1
allocated block device:0x4005c41eb000 size:512 thread:1
allocated block device:0x4005c41eb200 size:512 thread:1
allocated block device:0x4005c41eb400 size:512 thread:1
allocated block device:0x4005c41eb600 size:1536 thread:1
allocated block device:0x4005c41ebc00 size:1536 thread:1
allocated block device:0x4005c41ec200 size:512 thread:1
allocated block device:0x4005c41ec400 size:2560 thread:1
allocated block device:0x4005c41ece00 size:6144 thread:1
allocated block device:0x4005c41ee600 size:28672 thread:1
allocated block device:0x4005c41f5600 size:40448 thread:1
allocated block device:0x4005c41ff400 size:512 thread:1
allocated block device:0x4005c4200000 size:1821184 thread:1
allocated block device:0x4005c43bca00 size:180224 thread:1
allocated block device:0x4005c43e8a00 size:8192 thread:1
allocated block device:0x4005c43eaa00 size:8192 thread:1
allocated block device:0x4005c43eca00 size:40448 thread:1
allocated block device:0x4005c43f6800 size:8192 thread:1
allocated block device:0x4005c43fae00 size:2560 thread:1
allocated block device:0x4005c43fb800 size:3072 thread:1
allocated block device:0x4005c43fc400 size:3072 thread:1
allocated block device:0x4005c4400000 size:7284736 thread:1
allocated block device:0x4005c4c00000 size:7284736 thread:1
allocated block device:0x4005c5400000 size:45593600 thread:1
allocated block device:0x4005c8000000 size:230400000 thread:1
allocated block device:0x4005dcc00000 size:7284736 thread:1
allocated block device:0x4005e0000000 size:807412224 thread:1
allocated block device:0x400610400000 size:230400000 thread:1
allocated block device:0x400620000000 size:230400000 thread:1
allocated block device:0x40062dc00000 size:230400000 thread:1
allocated block device:0x40063b85fa00 size:921600 thread:1
allocated block device:0x4004281fd400 size:6144 thread:1
allocated block device:0x4004281fec00 size:2560 thread:1
allocated block device:0x4004281ff600 size:2560 thread:1
allocated block device:0x4004955ff400 size:1024 thread:1
allocated block device:0x4004955ff800 size:1536 thread:1
allocated block device:0x4004b51ff400 size:2048 thread:1
allocated block device:0x4004d53ff400 size:2048 thread:1
allocated block device:0x4004d53ffc00 size:512 thread:1
allocated block device:0x4004d53ffe00 size:512 thread:1
allocated block device:0x400560000000 size:590063616 thread:1
allocated block device:0x400583c00000 size:1821184 thread:1
allocated block device:0x400583dbca00 size:512 thread:1
allocated block device:0x400583dbcc00 size:512 thread:1
allocated block device:0x400583dbce00 size:512 thread:1
allocated block device:0x400583dbd000 size:512 thread:1
allocated block device:0x400583dbd200 size:5120 thread:1
allocated block device:0x400583dbe600 size:1536 thread:1
allocated block device:0x400583dbec00 size:1024 thread:1
allocated block device:0x400583dbf000 size:1024 thread:1
allocated block device:0x400583dbf400 size:1536 thread:1
allocated block device:0x400583dbfa00 size:1024 thread:1
allocated block device:0x400583dbfe00 size:1024 thread:1
allocated block device:0x400583dc0200 size:17408 thread:1
allocated block device:0x400583dc4600 size:17408 thread:1
allocated block device:0x400583dc8a00 size:180224 thread:1
allocated block device:0x400583df4a00 size:2048 thread:1
allocated block device:0x400583df5200 size:512 thread:1
allocated block device:0x400583df5400 size:4608 thread:1
allocated block device:0x400583df6600 size:512 thread:1
allocated block device:0x400583df6800 size:4608 thread:1
allocated block device:0x400583df7a00 size:26112 thread:1
allocated block device:0x400583dfe000 size:3072 thread:1
allocated block device:0x400583dfec00 size:512 thread:1
allocated block device:0x400583dfee00 size:512 thread:1
allocated block device:0x400583dff000 size:512 thread:1
allocated block device:0x400583dff200 size:512 thread:1
allocated block device:0x400583dff400 size:512 thread:1
allocated block device:0x400583dff600 size:512 thread:1
allocated block device:0x400583dff800 size:512 thread:1
allocated block device:0x400583dffa00 size:512 thread:1
allocated block device:0x400583dffc00 size:512 thread:1
allocated block device:0x400583dffe00 size:512 thread:1
allocated block device:0x400583e00000 size:1821184 thread:1
allocated block device:0x400583fbca00 size:180224 thread:1
allocated block device:0x400583fe8a00 size:4608 thread:1
allocated block device:0x400583fe9c00 size:4608 thread:1
allocated block device:0x400583feae00 size:4608 thread:1
allocated block device:0x400583fec000 size:24064 thread:1
allocated block device:0x400583ff1e00 size:24064 thread:1
allocated block device:0x400583ff7c00 size:3072 thread:1
allocated block device:0x400583ff8800 size:3072 thread:1
allocated block device:0x400583ff9400 size:512 thread:1
allocated block device:0x400583ff9600 size:5120 thread:1
allocated block device:0x400583ffaa00 size:1536 thread:1
allocated block device:0x400583ffb000 size:2560 thread:1
allocated block device:0x400583ffba00 size:1536 thread:1
allocated block device:0x400583ffc000 size:2048 thread:1
allocated block device:0x400583ffc800 size:6144 thread:1
allocated block device:0x400583ffe000 size:6144 thread:1
allocated block device:0x400583fff800 size:512 thread:1
allocated block device:0x400583fffa00 size:512 thread:1
allocated block device:0x400583fffc00 size:512 thread:1
allocated block device:0x400583fffe00 size:512 thread:1
allocated block device:0x400584000000 size:1821184 thread:1
allocated block device:0x4005841bca00 size:180224 thread:1
allocated block device:0x4005841e8a00 size:6144 thread:1
allocated block device:0x4005841ea200 size:512 thread:1
allocated block device:0x4005841ea400 size:512 thread:1
allocated block device:0x4005841ea600 size:512 thread:1
allocated block device:0x4005841ea800 size:512 thread:1
allocated block device:0x4005841eaa00 size:512 thread:1
allocated block device:0x40063b940a00 size:444416 thread:1
allocated block device:0x40063b9c7000 size:98304 thread:1
allocated block device:0x40063b9df000 size:98304 thread:1
allocated block device:0x40063ba00000 size:2799616 thread:1
allocated block device:0x40063be00000 size:7962624 thread:1
allocated block device:0x400dace00000 size:14400000 thread:1
allocated block device:0x400e45e00000 size:230400000 thread:1
allocated block device:0x400e63400000 size:3614720 thread:1
allocated block device:0x400e63800000 size:3614720 thread:1
allocated block device:0x400e63c00000 size:3614720 thread:1
allocated block device:0x400e64000000 size:3614720 thread:1
allocated block device:0x400e64400000 size:453632 thread:1
allocated block device:0x400e6446ec00 size:453632 thread:1
allocated block device:0x400e6459d800 size:393216 thread:1
allocated block device:0x400e645fd800 size:2048 thread:1
allocated block device:0x400e64600000 size:2799616 thread:1
allocated block device:0x400e64a00000 size:14400000 thread:1
allocated block device:0x400e65800000 size:28917760 thread:1
allocated block device:0x400fe3400000 size:230400000 thread:1
allocated block device:0x400ff1000000 size:230400000 thread:1
allocated block device:0x401023400000 size:230400000 thread:1
allocated block device:0x401031000000 size:230400000 thread:1
allocated block device:0x401063400000 size:29138944 thread:1
allocated block device:0x401065000000 size:29138944 thread:1
allocated block device:0x401066c00000 size:393216 thread:1
allocated block device:0x401066e00000 size:233111552 thread:1
allocated block device:0x401074e00000 size:3145728 thread:1
allocated block device:0x401075200000 size:7284736 thread:1
allocated block device:0x401075a00000 size:14569472 thread:1
Accelerator Fatal Error: call to cuMemAlloc returned error 2 (CUDA_ERROR_OUT_OF_MEMORY): Out of memory
 File: /lus/lfs1aip2/projects/u6cb/software/VASP/vasp.6.5.1/build/gam/hamil.f90
 Function: hamiltmu:978
 Line: 1005

allocated block device:0x4005841eac00 size:512 thread:1
allocated block device:0x4005841eae00 size:512 thread:1
allocated block device:0x4005841eb000 size:512 thread:1
allocated block device:0x4005841eb200 size:512 thread:1
allocated block device:0x4005841eb400 size:512 thread:1
allocated block device:0x4005841eb600 size:1536 thread:1
allocated block device:0x4005841ebc00 size:1536 thread:1
allocated block device:0x4005841ec200 size:512 thread:1
allocated block device:0x4005841ec400 size:2560 thread:1
allocated block device:0x4005841ece00 size:6144 thread:1
allocated block device:0x4005841ee600 size:28672 thread:1
allocated block device:0x4005841f5600 size:40448 thread:1
allocated block device:0x4005841ff400 size:512 thread:1
allocated block device:0x4005841ff600 size:2048 thread:1
allocated block device:0x400584200000 size:1821184 thread:1
allocated block device:0x4005843bca00 size:180224 thread:1
allocated block device:0x4005843e8a00 size:8192 thread:1
allocated block device:0x4005843eaa00 size:8192 thread:1
allocated block device:0x4005843eca00 size:40448 thread:1
allocated block device:0x4005843f6800 size:8192 thread:1
allocated block device:0x4005843fae00 size:2560 thread:1
allocated block device:0x4005843fc400 size:3072 thread:1
allocated block device:0x400584c00000 size:7284736 thread:1
allocated block device:0x400585400000 size:45593600 thread:1
allocated block device:0x40059cc00000 size:7284736 thread:1
allocated block device:0x4005a0000000 size:807412224 thread:1
allocated block device:0x400600000000 size:230400000 thread:1
allocated block device:0x40061b85fa00 size:921600 thread:1
allocated block device:0x40061b940a00 size:444416 thread:1
allocated block device:0x40061b9bce00 size:98304 thread:1
allocated block device:0x40061b9d4e00 size:98304 thread:1
allocated block device:0x40061ba00000 size:2799616 thread:1
allocated block device:0x40061be00000 size:7962624 thread:1
allocated block device:0x400e43400000 size:3614720 thread:1
allocated block device:0x400e43800000 size:3614720 thread:1
allocated block device:0x400e43c00000 size:3614720 thread:1
allocated block device:0x400e44000000 size:3614720 thread:1
allocated block device:0x400e44400000 size:453632 thread:1
allocated block device:0x400e4446ec00 size:453632 thread:1
allocated block device:0x400e4459d800 size:393216 thread:1
allocated block device:0x400e44600000 size:2799616 thread:1
allocated block device:0x400e44a00000 size:14400000 thread:1
allocated block device:0x400e45800000 size:28917760 thread:1
allocated block device:0x400f43400000 size:230400000 thread:1
allocated block device:0x400f51000000 size:230400000 thread:1
allocated block device:0x400f83400000 size:230400000 thread:1
allocated block device:0x400f91000000 size:230400000 thread:1
allocated block device:0x400fc3400000 size:230400000 thread:1
allocated block device:0x400fd1000000 size:230400000 thread:1
allocated block device:0x401003400000 size:230400000 thread:1
allocated block device:0x401011000000 size:230400000 thread:1
allocated block device:0x401043400000 size:29138944 thread:1
allocated block device:0x401045000000 size:29138944 thread:1
allocated block device:0x401046c00000 size:393216 thread:1
allocated block device:0x401046e00000 size:233111552 thread:1
allocated block device:0x401054e00000 size:3145728 thread:1
allocated block device:0x401055200000 size:7284736 thread:1
allocated block device:0x401055a00000 size:7284736 thread:1
allocated block device:0x401056200000 size:7284736 thread:1
allocated block device:0x401056a00000 size:7284736 thread:1
allocated block device:0x401057200000 size:14569472 thread:1
Accelerator Fatal Error: call to cuMemAlloc returned error 2 (CUDA_ERROR_OUT_OF_MEMORY): Out of memory
 File: /lus/lfs1aip2/projects/u6cb/software/VASP/vasp.6.5.1/build/gam/hamil.f90
 Function: hamiltmu:978
 Line: 1005

total/free CUDA memory: 102005473280/175439872
Present table dump for device[1]: NVIDIA Tesla GPU 0, compute capability 9.0, threadid=1
Hint: specify 0x800 bit in NV_ACC_DEBUG for verbose info.
host:0x2557280 device:0x4007c3df6c00 size:32 presentcount:0+3 line:643 name:var%comm
host:0x25572a0 device:0x4007c3dbca00 size:32 presentcount:0+4 line:652 name:var%comm_kinter
host:0x25572c0 device:0x4007c3dbcc00 size:32 presentcount:0+6 line:655 name:var%comm_kin
host:0x25572e0 device:0x40051e3ffa00 size:32 presentcount:0+3 line:646 name:var%comm_inter
host:0x2557300 device:0x40051e3ffc00 size:32 presentcount:0+7 line:649 name:var%comm_inb
host:0x256be80 device:0x40051a0ecd00 size:8 presentcount:0+1 line:-1 name:_setexm_struct_def_21
host:0x2576f40 device:0x40051a0ece00 size:28 presentcount:0+1 line:-1 name:_ml_ff_constant_21
host:0x2577c80 device:0x40051a0ecf00 size:30437 presentcount:0+1 line:-1 name:_ml_ff_taglist_21
host:0x25afc80 device:0x40051a0f4600 size:8 presentcount:0+1 line:-1 name:_mopenacc_tutor_21
host:0x25c2740 device:0x40051a0f4a00 size:32 presentcount:0+1 line:-1 name:_mbj_21
host:0x25cd640 device:0x40051a0f4d00 size:8 presentcount:0+1 line:-1 name:_sym_prec_21
host:0x26030c0 device:0x40051a0f4e00 size:344 presentcount:0+1 line:-1 name:_tet_21
host:0x261c840 device:0x40051a0f5000 size:392 presentcount:0+1 line:-1 name:_mymath_21
host:0x2817368 device:0x4007c3dbd800 size:4800 presentcount:0+2 line:614 name:var
host:0x2818628 device:0x4007c3df5000 size:1984 presentcount:0+2 line:403 name:var
host:0x281a910 device:0x4006fc1ff600 size:864 presentcount:0+4 line:2639 name:hamiltonian
host:0x286ac80 device:0x4007c3dfe600 size:2712 presentcount:0+2 line:428 name:var
host:0x286b718 device:0x40073c1fea00 size:2248 presentcount:0+1 line:742 name:var
host:0x286eb50 device:0x4007c41ffa00 size:288 presentcount:0+1 line:195 name:latt_cur
host:0x2871658 device:0x40051e3fc000 size:5088 presentcount:0+28 line:517 name:var
host:0x2872a38 device:0x4006703fa600 size:5088 presentcount:0+6 line:517 name:var
host:0x2873e18 device:0x4007c3ff9c00 size:5088 presentcount:0+7 line:517 name:var
host:0x287a2a8 device:0x4007c41eba00 size:304 presentcount:0+1 line:567 name:var
host:0x287a3d8 device:0x4007c41ec800 size:304 presentcount:0+1 line:567 name:var
host:0x2e48ec0 device:0x40051a002600 size:960024 presentcount:0+1 line:-1 name:_setexm_struct_def_16
host:0x2f8f080 device:0x40051a0f4700 size:580 presentcount:0+1 line:-1 name:_wpbe_16
host:0x2f8f900 device:0x40051a0f4b00 size:288 presentcount:0+1 line:-1 name:_mbj_16
host:0x9f446c0 device:0x40051a0f5200 size:624 presentcount:0+1 line:-1 name:_mlr_optic_16
host:0x31de4e60 device:0x4007c3dbf600 size:1000 presentcount:0+4 line:519 name:var%lpctz(:)
host:0x31de7e30 device:0x4007c41eac00 size:260 presentcount:0+1 line:499 name:var%ni(:)
host:0x31de8120 device:0x4007c41eae00 size:260 presentcount:0+1 line:499 name:var%ptri(:)
host:0x31ecc8f0 device:0x4007c3dff800 size:24 presentcount:0+3 line:616 name:var%vkpt(:,:)
host:0x31ecc930 device:0x4007c3dffa00 size:8 presentcount:0+2 line:616 name:var%wtkpt(:)
host:0x31ecc960 device:0x4007c3dff400 size:8 presentcount:0+3 line:616 name:var%nityp(:)
host:0x31eccb20 device:0x4007c3dbd600 size:16 presentcount:0+2 line:430 name:var%psrmax(:)
host:0x31eccb60 device:0x4007c3dff200 size:8 presentcount:0+3 line:616 name:var%lmmax(:)
host:0x31eccb90 device:0x4007c3dff600 size:8 presentcount:0+3 line:616 name:var%nt_global(:)
host:0x31eccbc0 device:0x4007c3dffe00 size:4 presentcount:0+2 line:616 name:var%nplwkp(:)
host:0x31eccbf0 device:0x4007c3ff1e00 size:4 presentcount:0+2 line:616 name:var%nplwkp_tot(:)
host:0x31eccc20 device:0x4007c3ff7e00 size:4 presentcount:0+2 line:616 name:var%ngvector_pos(:)
host:0x31eccc50 device:0x4007c3dffc00 size:4 presentcount:0+2 line:616 name:var%ngvector(:)
host:0x31eccc80 device:0x4007c3df5800 size:8 presentcount:0+2 line:616 name:var%nb_totk(:,:)
host:0x31ecccb0 device:0x4007c3ff8000 size:4 presentcount:0+2 line:616 name:var%luseinv(:)
host:0x31eccce0 device:0x4007c3dbd200 size:4 presentcount:0+2 line:616 name:var%at_gamma(:)
host:0x31eccd10 device:0x4007c3ff9a00 size:8 presentcount:0+2 line:405 name:var%lmmax(:)
host:0x31eccd40 device:0x4007c3dbce00 size:8 presentcount:0+2 line:430 name:var%lmax(:)
host:0x31eccd70 device:0x4007c3dbd000 size:8 presentcount:0+2 line:430 name:var%lmmax(:)
host:0x31eccda0 device:0x4007c3dbd400 size:8 presentcount:0+2 line:430 name:var%channels(:)
host:0x31eccdd0 device:0x4007c41eb800 size:4 presentcount:0+1 line:499 name:var%tbli(:)
host:0x32563e10 device:0x4006703fd600 size:528 presentcount:0+1 line:480 name:var
host:0x325646b0 device:0x4006703ffc00 size:260 presentcount:0+1 line:499 name:var%n(:)
host:0x365e6520 device:0x40073c1ff600 size:400 presentcount:0+2 line:464 name:var
host:0x365e66b0 device:0x40073c1ffa00 size:400 presentcount:0+2 line:464 name:var
host:0x3ac7e4f0 device:0x40051e3ffe00 size:8 presentcount:0+4 line:405 name:var%nityp(:)
host:0x3b140500 device:0x4006703ffe00 size:260 presentcount:0+1 line:499 name:var%ptr(:)
host:0x3b5fb320 device:0x4007c41eec00 size:28464 presentcount:0+1 line:853 name:var(:)
host:0x3b6062a0 device:0x4007c41f5c00 size:40000 presentcount:0+1 line:857 name:var%psp(:,:)
host:0x3b60ff10 device:0x4007c43e8a00 size:8000 presentcount:0+1 line:857 name:var%pspcor(:)
host:0x3b611e80 device:0x4007c43eaa00 size:8000 presentcount:0+1 line:857 name:var%psprho(:)
host:0x3b615110 device:0x4007c3fec000 size:24000 presentcount:0+2 line:466 name:var%psprnl(:,:,:)
host:0x3b632000 device:0x4007c43eca00 size:40000 presentcount:0+1 line:857 name:var%psp(:,:)
host:0x3b63bc70 device:0x4007c43f6800 size:8000 presentcount:0+1 line:857 name:var%psprho(:)
host:0x3b63ef00 device:0x4007c3ff2000 size:24000 presentcount:0+2 line:466 name:var%psprnl(:,:,:)
host:0x3b66e8e0 device:0x4007c3fe9c00 size:4320 presentcount:0+4 line:405 name:var%ityp(:)
host:0x3b66f9f0 device:0x4007c3df8000 size:25920 presentcount:0+4 line:405 name:var%posion(:,:)
host:0x3b6ddc00 device:0x40073c1ff800 size:24 presentcount:0+3 line:466 name:var%lps(:)
host:0x3b6ddcb0 device:0x40073c1ffc00 size:24 presentcount:0+3 line:466 name:var%lps(:)
host:0x3b86b0e0 device:0x4007c3fe8a00 size:4320 presentcount:0+3 line:616 name:var%ityp(:)
host:0x3b86c1f0 device:0x4007c3df6e00 size:4320 presentcount:0+3 line:616 name:var%npro_pos(:)
host:0x3b86d300 device:0x4007c3df5a00 size:4324 presentcount:0+3 line:616 name:var%lmbase(:)
host:0x3b86e410 device:0x4007c3dbec00 size:1280 presentcount:0+4 line:519 name:var%lpctx(:)
host:0x3b86e940 device:0x4007c3dbf200 size:720 presentcount:0+4 line:519 name:var%lpcty(:)
host:0x3b86ec40 device:0x4007c3dbfa00 size:1280 presentcount:0+4 line:519 name:var%lpctx_(:)
host:0x3b86f170 device:0x4007c3dc0000 size:720 presentcount:0+4 line:519 name:var%lpcty_(:)
host:0x3b86f470 device:0x4007c3dc0400 size:1000 presentcount:0+4 line:519 name:var%lpctz_(:)
host:0x3b86f880 device:0x4006703fba00 size:1280 presentcount:0+1 line:519 name:var%lpctx(:)
host:0x3b86fdb0 device:0x4006703fc000 size:720 presentcount:0+1 line:519 name:var%lpcty(:)
host:0x3b8700b0 device:0x4006703fc400 size:1000 presentcount:0+1 line:519 name:var%lpctz(:)
host:0x3b8704c0 device:0x4006703fc800 size:1280 presentcount:0+1 line:519 name:var%lpctx_(:)
host:0x3b8709f0 device:0x4006703fce00 size:720 presentcount:0+1 line:519 name:var%lpcty_(:)
host:0x3b870cf0 device:0x4006703fd200 size:1000 presentcount:0+1 line:519 name:var%lpctz_(:)
host:0x3b871100 device:0x4007c3ff8200 size:2560 presentcount:0+1 line:519 name:var%lpctx(:)
host:0x3b871b30 device:0x4007c3ffb000 size:1440 presentcount:0+1 line:519 name:var%lpcty(:)
host:0x3b872100 device:0x4007c3ff8e00 size:2000 presentcount:0+1 line:519 name:var%lpctz(:)
host:0x3b872900 device:0x4007c3ffb600 size:2560 presentcount:0+1 line:519 name:var%lpctx_(:)
host:0x3b873330 device:0x4007c3ffc000 size:1440 presentcount:0+1 line:519 name:var%lpcty_(:)
host:0x3b873900 device:0x4007c3ffc600 size:2000 presentcount:0+1 line:519 name:var%lpctz_(:)
host:0x3b966f60 device:0x4007c3ffce00 size:5644 presentcount:0+1 line:482 name:var%i2(:)
host:0x3b9685a0 device:0x4007c3ffe600 size:5644 presentcount:0+1 line:482 name:var%i3(:)
host:0x3b969be0 device:0x4006703f4c00 size:10040 presentcount:0+1 line:482 name:var%i2(:)
host:0x3b96c340 device:0x4006703f7400 size:10040 presentcount:0+1 line:482 name:var%i3(:)
host:0x3b96eaa0 device:0x4006703ed800 size:14400 presentcount:0+2 line:482 name:var%i2(:)
host:0x3b972310 device:0x4006703f1200 size:14400 presentcount:0+2 line:482 name:var%i3(:)
host:0x3b975fa0 device:0x40083b85fa00 size:921600 presentcount:0+2 line:482 name:var%index(:,:)
host:0x3ba56fd0 device:0x4007c41eca00 size:2560 presentcount:0+1 line:569 name:var%ind1(:)
host:0x3ba57a00 device:0x4007c41ed400 size:5644 presentcount:0+1 line:569 name:var%indcol(:)
host:0x3ba59040 device:0x4006703fda00 size:5644 presentcount:0+1 line:482 name:var%i2(:)
host:0x3ba5a680 device:0x4007c41e8a00 size:5644 presentcount:0+1 line:482 name:var%i3(:)
host:0x3ba5bcc0 device:0x4006703ff200 size:2520 presentcount:0+1 line:482 name:var%i2(:)
host:0x3ba5c6c0 device:0x4007c41ea200 size:2520 presentcount:0+1 line:482 name:var%i3(:)
host:0x3ba954f0 device:0x4007c41eb200 size:260 presentcount:0+1 line:499 name:var%ptr(:)
host:0x3ba95620 device:0x4007c41eb000 size:260 presentcount:0+1 line:499 name:var%n(:)
host:0x3ba95750 device:0x4007c41eb600 size:260 presentcount:0+1 line:499 name:var%ptri(:)
host:0x3ba95880 device:0x4007c41eb400 size:260 presentcount:0+1 line:499 name:var%ni(:)
host:0x3ba97170 device:0x4007c41ebc00 size:1280 presentcount:0+1 line:569 name:var%ind1(:)
host:0x3ba976a0 device:0x4007c41ec200 size:1448 presentcount:0+1 line:569 name:var%indcol(:)
host:0x3ba97c70 device:0x400670338600 size:180000 presentcount:0+4 line:482 name:var%i2(:)
host:0x3bac3bc0 device:0x400670364600 size:180000 presentcount:0+4 line:482 name:var%i3(:)
host:0x3baefb10 device:0x4007c3dc9000 size:180000 presentcount:0+8 line:482 name:var%index(:,:)
host:0x3bb1ba60 device:0x4007c43bca00 size:180000 presentcount:0+8 line:482 name:var%i2(:)
host:0x3bb479b0 device:0x400670391800 size:180000 presentcount:0+8 line:482 name:var%i3(:)
host:0x3bb73f30 device:0x4007c3e00000 size:1821184 presentcount:0+3 line:616 name:var%nindpw(:,:)
host:0x3bd30960 device:0x4007c3fbca00 size:180000 presentcount:0+3 line:616 name:var%pl_index(:,:)
host:0x3bd5c8b0 device:0x4007c41bca00 size:180000 presentcount:0+3 line:616 name:var%pl_col(:,:)
host:0x3bd88800 device:0x4007c3feae00 size:4324 presentcount:0+2 line:405 name:var%lmbase(:)
host:0x3bd89910 device:0x40073c1ff400 size:16 presentcount:0+2 line:430 name:var%rsmooth(:)
host:0x3bd89950 device:0x40051e3fd400 size:4320 presentcount:0+2 line:430 name:var%nlimax(:)
host:0x3bd8aa60 device:0x40051e3fe600 size:4324 presentcount:0+2 line:430 name:var%lmbase(:)
host:0x3bd8bb70 device:0x400670390600 size:4324 presentcount:0+2 line:430 name:var%nlibase(:)
host:0x3bd8cc80 device:0x4007c3dc0800 size:17132 presentcount:0+4 line:519 name:var%nindpwconjg(:)
host:0x3bd90fa0 device:0x4007c3dc4c00 size:17132 presentcount:0+4 line:519 name:var%ind_in_sphere(:)
host:0x3bd96900 device:0x40051e3ff800 size:260 presentcount:0+1 line:499 name:var%ptr(:)
host:0x3bd96a30 device:0x40073c1ffe00 size:260 presentcount:0+1 line:499 name:var%n(:)
host:0x3bd96b60 device:0x4006703f9c00 size:260 presentcount:0+1 line:499 name:var%ptri(:)
host:0x3bd96c90 device:0x4007c3fffe00 size:260 presentcount:0+1 line:499 name:var%ni(:)
host:0x3bd96dc0 device:0x4006703fa000 size:260 presentcount:0+1 line:499 name:var%ptr(:)
host:0x3bd96ef0 device:0x4006703f9e00 size:260 presentcount:0+1 line:499 name:var%n(:)
host:0x3bd97020 device:0x4006703fa400 size:260 presentcount:0+1 line:499 name:var%ptri(:)
host:0x3bd97150 device:0x4006703fa200 size:260 presentcount:0+1 line:499 name:var%ni(:)
host:0x3bee5cc0 device:0x4007c4c00000 size:7284736 presentcount:0+3 line:616 name:var%datake(:,:,:)
host:0x3c5d8f40 device:0x4007c4000000 size:1821184 presentcount:0+3 line:616 name:var%igx(:,:)
host:0x3c7965d0 device:0x4007c3c00000 size:1821184 presentcount:0+3 line:616 name:var%igy(:,:)
host:0x3c953e70 device:0x4007c4200000 size:1821184 presentcount:0+3 line:616 name:var%igz(:,:)
host:0x3cb11d40 device:0x4007dcc00000 size:7284272 presentcount:0+4 line:519 name:var%fftsca(:,:)
host:0x3d23c7d0 device:0x40083b940a00 size:463360 presentcount:0+1 line:499 name:var%tbl(:)
host:0x3d31ec30 device:0x401064400000 size:453600 presentcount:0+1 line:499 name:var%tbli(:)
host:0x3d38d840 device:0x40106446ec00 size:453600 presentcount:0+1 line:499 name:var%tbl(:)
host:0x3d50e730 device:0x401063400000 size:3612160 presentcount:0+1 line:499 name:var%tbl(:)
host:0x3d912420 device:0x40051e3f1e00 size:41472 presentcount:0+1 line:746 name:var%auxtot(:,:,:)
host:0x3d952420 device:0x40067031a000 size:41472 presentcount:0+2 line:746 name:var%fertot(:,:,:)
host:0x3d960030 device:0x400670324200 size:82944 presentcount:0+2 line:746 name:var%celtot(:,:,:)
host:0x3dbf5720 device:0x401063800000 size:3614400 presentcount:0+1 line:499 name:var%tbli(:)
host:0x3df69af0 device:0x401063c00000 size:3614400 presentcount:0+1 line:499 name:var%tbl(:)
host:0x3e6528c0 device:0x401064000000 size:3614400 presentcount:0+1 line:499 name:var%tbli(:)
host:0x3fb115c0 device:0x40083ba00000 size:2799360 presentcount:0+2 line:194 name:cdij(:,:,:,:)
host:0x3fdc0ce0 device:0x401064600000 size:2799360 presentcount:0+2 line:194 name:cqij(:,:,:,:)
host:0x40320990 device:0x40083be00000 size:7962624 presentcount:0+5 line:746 name:var%gproj(:,:,:,:)
host:0x40cdce80 device:0x4006703d5800 size:98304 presentcount:0+1 line:1101 name:w1%gproj(:)
host:0x40d5b5f0 device:0x4010645fd800 size:2048 presentcount:0+1 line:179 name:w1(:)
host:0x40d5be10 device:0x4007c43fbe00 size:2048 presentcount:0+1 line:179 name:wtmp(:)
host:0x40ee3240 device:0x40106459d800 size:393216 presentcount:0+2 line:1226 name:wa%gproj(:,:)
host:0x40f43270 device:0x401226c00000 size:393216 presentcount:0+2 line:1226 name:wa%gproj(:,:)
host:0x40fa32a0 device:0x4006703bd800 size:98304 presentcount:0+1 line:1101 name:w1%gproj(:)
host:0x40fbb2d0 device:0x40083b9cba00 size:98304 presentcount:0+1 line:1101 name:w1%gproj(:)
host:0x40fd3300 device:0x40083b9e3a00 size:98304 presentcount:0+1 line:1101 name:w1%gproj(:)
host:0x4998a240 device:0x401234e00000 size:3145728 presentcount:0+2 line:1226 name:wa%gproj(:,:)
host:0x4eab6c30 device:0x401235a00000 size:14569472 presentcount:0+1 line:202 name:precon(:,:)
host:0x4f8a3400 device:0x4007c4400000 size:7284736 presentcount:0+1 line:1101 name:w1%cptwfp(:)
host:0x4ff9da00 device:0x4007c3400000 size:7284736 presentcount:0+1 line:1101 name:w1%cptwfp(:)
host:0x50698630 device:0x400face00000 size:7284736 presentcount:0+1 line:1101 name:w1%cptwfp(:)
host:0x50d8b280 device:0x401235200000 size:7284736 presentcount:0+1 line:1101 name:w1%cptwfp(:)
host:0x40056d4610a0 device:0x4007c5400000 size:45593280 presentcount:0+2 line:430 name:var%nli(:,:)
host:0x4005c80031a0 device:0x400820000000 size:230400000 presentcount:0+2 line:194 name:sv(:,:)
host:0x4005d5bc35c0 device:0x401064a00000 size:14400000 presentcount:0+1 line:195 name:dencor(:)
host:0x4005d77539e0 device:0x401065800000 size:28915200 presentcount:0+1 line:195 name:cstrf(:,:)
host:0x4006800012b0 device:0x4007e0000000 size:807411968 presentcount:0+2 line:430 name:var%rproj(:)
host:0x4006b0216f80 device:0x401223400000 size:29138944 presentcount:0+2 line:1226 name:wa%cptwfp(:,:)
host:0x4006b1df7190 device:0x401225000000 size:29138944 presentcount:0+2 line:1226 name:wa%cptwfp(:,:)
host:0x400760004a60 device:0x4007a0000000 size:590063616 presentcount:0+5 line:746 name:var%cptwfp(:,:,:,:)
host:0x4007832c73a0 device:0x401226e00000 size:233111552 presentcount:0+2 line:1226 name:wa%cptwfp(:,:)
host:0x4008632c79d0 device:0x400fb2200000 size:230400000 presentcount:0+1 line:1101 name:w1%cr(:)
host:0x400870e97be0 device:0x400810400000 size:230400000 presentcount:0+1 line:1236 name:w1%cr(:)
host:0x4008c0008000 device:0x40082dc00000 size:230400000 presentcount:0+1 line:1101 name:w1%cr(:)
host:0x4008cdbd8210 device:0x4007c8000000 size:230400000 presentcount:0+1 line:1236 name:w1%cr(:)
host:0x4008db7a0020 device:0x4011e3400000 size:230400000 presentcount:0+1 line:1101 name:w1%cr(:)
host:0x4008e9360230 device:0x4011f1000000 size:230400000 presentcount:0+1 line:1236 name:w1%cr(:)
host:0x400dc0000650 device:0x4011a3400000 size:230400000 presentcount:0+1 line:1101 name:w1%cr(:)
host:0x400dcdbc0860 device:0x4011b1000000 size:230400000 presentcount:0+1 line:1236 name:w1%cr(:)
host:0xffffc0bd65c0 device:0x4007c43fca00 size:3024 presentcount:0+12 line:682 name:var
host:0xffffc0bd7190 device:0x4006fc1ffa00 size:1480 presentcount:0+1 line:174 name:w_ini
host:0xffffc0bd7760 device:0x4007c43fb400 size:1480 presentcount:0+1 line:174 name:wopt
host:0xffffc0bd7d30 device:0x4006dc5ff600 size:1480 presentcount:0+1 line:174 name:wtmpa
allocated block device:0x40051e3f1e00 size:41472 thread:1
allocated block device:0x40051e3fc000 size:5120 thread:1
allocated block device:0x40051e3fd400 size:4608 thread:1
allocated block device:0x40051e3fe600 size:4608 thread:1
allocated block device:0x40051e3ff800 size:512 thread:1
allocated block device:0x40051e3ffa00 size:512 thread:1
allocated block device:0x40051e3ffc00 size:512 thread:1
allocated block device:0x40051e3ffe00 size:512 thread:1
allocated block device:0x40067031a000 size:41472 thread:1
allocated block device:0x400670324200 size:82944 thread:1
allocated block device:0x400670338600 size:180224 thread:1
allocated block device:0x400670364600 size:180224 thread:1
allocated block device:0x400670390600 size:4608 thread:1
allocated block device:0x400670391800 size:180224 thread:1
allocated block device:0x4006703bd800 size:98304 thread:1
allocated block device:0x4006703d5800 size:98304 thread:1
allocated block device:0x4006703ed800 size:14848 thread:1
allocated block device:0x4006703f1200 size:14848 thread:1
allocated block device:0x4006703f4c00 size:10240 thread:1
allocated block device:0x4006703f7400 size:10240 thread:1
allocated block device:0x4006703f9c00 size:512 thread:1
allocated block device:0x4006703f9e00 size:512 thread:1
allocated block device:0x4006703fa000 size:512 thread:1
allocated block device:0x4006703fa200 size:512 thread:1
allocated block device:0x4006703fa400 size:512 thread:1
allocated block device:0x4006703fa600 size:5120 thread:1
allocated block device:0x4006703fba00 size:1536 thread:1
allocated block device:0x4006703fc000 size:1024 thread:1
allocated block device:0x4006703fc400 size:1024 thread:1
allocated block device:0x4006703fc800 size:1536 thread:1
allocated block device:0x4006703fce00 size:1024 thread:1
allocated block device:0x4006703fd200 size:1024 thread:1
allocated block device:0x4006703fd600 size:1024 thread:1
allocated block device:0x4006703fda00 size:6144 thread:1
allocated block device:0x4006703ff200 size:2560 thread:1
allocated block device:0x4006703ffc00 size:512 thread:1
allocated block device:0x4006703ffe00 size:512 thread:1
allocated block device:0x4006dc5ff600 size:2048 thread:1
allocated block device:0x4006fc1ff600 size:1024 thread:1
allocated block device:0x4006fc1ffa00 size:1536 thread:1
allocated block device:0x40073c1fea00 size:2560 thread:1
allocated block device:0x40073c1ff400 size:512 thread:1
allocated block device:0x40073c1ff600 size:512 thread:1
allocated block device:0x40073c1ff800 size:512 thread:1
allocated block device:0x40073c1ffa00 size:512 thread:1
allocated block device:0x40073c1ffc00 size:512 thread:1
allocated block device:0x40073c1ffe00 size:512 thread:1
allocated block device:0x4007a0000000 size:590063616 thread:1
allocated block device:0x4007c3400000 size:7962624 thread:1
allocated block device:0x4007c3c00000 size:1821184 thread:1
allocated block device:0x4007c3dbca00 size:512 thread:1
allocated block device:0x4007c3dbcc00 size:512 thread:1
allocated block device:0x4007c3dbce00 size:512 thread:1
allocated block device:0x4007c3dbd000 size:512 thread:1
allocated block device:0x4007c3dbd200 size:512 thread:1
allocated block device:0x4007c3dbd400 size:512 thread:1
allocated block device:0x4007c3dbd600 size:512 thread:1
allocated block device:0x4007c3dbd800 size:5120 thread:1
allocated block device:0x4007c3dbec00 size:1536 thread:1
allocated block device:0x4007c3dbf200 size:1024 thread:1
allocated block device:0x4007c3dbf600 size:1024 thread:1
allocated block device:0x4007c3dbfa00 size:1536 thread:1
allocated block device:0x4007c3dc0000 size:1024 thread:1
allocated block device:0x4007c3dc0400 size:1024 thread:1
allocated block device:0x4007c3dc0800 size:17408 thread:1
allocated block device:0x4007c3dc4c00 size:17408 thread:1
allocated block device:0x4007c3dc9000 size:180224 thread:1
allocated block device:0x4007c3df5000 size:2048 thread:1
allocated block device:0x4007c3df5800 size:512 thread:1
allocated block device:0x4007c3df5a00 size:4608 thread:1
allocated block device:0x4007c3df6c00 size:512 thread:1
allocated block device:0x4007c3df6e00 size:4608 thread:1
allocated block device:0x4007c3df8000 size:26112 thread:1
allocated block device:0x4007c3dfe600 size:3072 thread:1
allocated block device:0x4007c3dff200 size:512 thread:1
allocated block device:0x4007c3dff400 size:512 thread:1
allocated block device:0x4007c3dff600 size:512 thread:1
allocated block device:0x4007c3dff800 size:512 thread:1
allocated block device:0x4007c3dffa00 size:512 thread:1
allocated block device:0x4007c3dffc00 size:512 thread:1
allocated block device:0x4007c3dffe00 size:512 thread:1
allocated block device:0x4007c3e00000 size:1821184 thread:1
allocated block device:0x4007c3fbca00 size:180224 thread:1
allocated block device:0x4007c3fe8a00 size:4608 thread:1
allocated block device:0x4007c3fe9c00 size:4608 thread:1
allocated block device:0x4007c3feae00 size:4608 thread:1
allocated block device:0x4007c3fec000 size:24064 thread:1
allocated block device:0x4007c3ff1e00 size:512 thread:1
allocated block device:0x4007c3ff2000 size:24064 thread:1
allocated block device:0x4007c3ff7e00 size:512 thread:1
allocated block device:0x4007c3ff8000 size:512 thread:1
allocated block device:0x4007c3ff8200 size:3072 thread:1
allocated block device:0x4007c3ff8e00 size:3072 thread:1
allocated block device:0x4007c3ff9a00 size:512 thread:1
allocated block device:0x4007c3ff9c00 size:5120 thread:1
allocated block device:0x4007c3ffb000 size:1536 thread:1
allocated block device:0x4007c3ffb600 size:2560 thread:1
allocated block device:0x4007c3ffc000 size:1536 thread:1
allocated block device:0x4007c3ffc600 size:2048 thread:1
allocated block device:0x4007c3ffce00 size:6144 thread:1
allocated block device:0x4007c3ffe600 size:6144 thread:1
allocated block device:0x4007c3fffe00 size:512 thread:1
allocated block device:0x4007c4000000 size:1821184 thread:1
allocated block device:0x4007c41bca00 size:180224 thread:1
allocated block device:0x4007c41e8a00 size:6144 thread:1
allocated block device:0x4007c41ea200 size:2560 thread:1
allocated block device:0x4007c41eac00 size:512 thread:1
allocated block device:0x4007c41eae00 size:512 thread:1
allocated block device:0x4007c41eb000 size:512 thread:1
allocated block device:0x4007c41eb200 size:512 thread:1
allocated block device:0x4007c41eb400 size:512 thread:1
allocated block device:0x4007c41eb600 size:512 thread:1
allocated block device:0x4007c41eb800 size:512 thread:1
allocated block device:0x4007c41eba00 size:512 thread:1
allocated block device:0x4007c41ebc00 size:1536 thread:1
allocated block device:0x4007c41ec200 size:1536 thread:1
allocated block device:0x4007c41ec800 size:512 thread:1
allocated block device:0x4007c41eca00 size:2560 thread:1
allocated block device:0x4007c41ed400 size:6144 thread:1
allocated block device:0x4007c41eec00 size:28672 thread:1
allocated block device:0x4007c41f5c00 size:40448 thread:1
allocated block device:0x4007c41ffa00 size:512 thread:1
allocated block device:0x4007c4200000 size:1821184 thread:1
allocated block device:0x4007c43bca00 size:180224 thread:1
allocated block device:0x4007c43e8a00 size:8192 thread:1
allocated block device:0x4007c43eaa00 size:8192 thread:1
allocated block device:0x4007c43eca00 size:40448 thread:1
allocated block device:0x4007c43f6800 size:8192 thread:1
allocated block device:0x4007c43fb400 size:2560 thread:1
allocated block device:0x4007c43fbe00 size:3072 thread:1
allocated block device:0x4007c43fca00 size:3072 thread:1
allocated block device:0x4007c4400000 size:7284736 thread:1
allocated block device:0x4007c4c00000 size:7284736 thread:1
allocated block device:0x4007c5400000 size:45593600 thread:1
allocated block device:0x4007c8000000 size:230400000 thread:1
allocated block device:0x4007dcc00000 size:7284736 thread:1
allocated block device:0x4007e0000000 size:807412224 thread:1
allocated block device:0x400810400000 size:230400000 thread:1
allocated block device:0x400820000000 size:230400000 thread:1
allocated block device:0x40082dc00000 size:230400000 thread:1
allocated block device:0x40083b85fa00 size:921600 thread:1
allocated block device:0x40083b940a00 size:463360 thread:1
allocated block device:0x40083b9cba00 size:98304 thread:1
allocated block device:0x40083b9e3a00 size:98304 thread:1
allocated block device:0x40083ba00000 size:2799616 thread:1
allocated block device:0x40083be00000 size:7962624 thread:1
allocated block device:0x400face00000 size:14400000 thread:1
allocated block device:0x400fb2200000 size:230400000 thread:1
allocated block device:0x401063400000 size:3612160 thread:1
allocated block device:0x401063800000 size:3614720 thread:1
allocated block device:0x401063c00000 size:3614720 thread:1
allocated block device:0x401064000000 size:3614720 thread:1
allocated block device:0x401064400000 size:453632 thread:1
allocated block device:0x40106446ec00 size:453632 thread:1
allocated block device:0x40106459d800 size:393216 thread:1
allocated block device:0x4010645fd800 size:2048 thread:1
allocated block device:0x401064600000 size:2799616 thread:1
allocated block device:0x401064a00000 size:14400000 thread:1
allocated block device:0x401065800000 size:28915200 thread:1
allocated block device:0x4011a3400000 size:230400000 thread:1
allocated block device:0x4011b1000000 size:230400000 thread:1
allocated block device:0x4011e3400000 size:230400000 thread:1
allocated block device:0x4011f1000000 size:230400000 thread:1
allocated block device:0x401223400000 size:29138944 thread:1
allocated block device:0x401225000000 size:29138944 thread:1
allocated block device:0x401226c00000 size:393216 thread:1
allocated block device:0x401226e00000 size:233111552 thread:1
allocated block device:0x401234e00000 size:3145728 thread:1
allocated block device:0x401235200000 size:7284736 thread:1
allocated block device:0x401235a00000 size:14569472 thread:1
Accelerator Fatal Error: call to cuMemAlloc returned error 2 (CUDA_ERROR_OUT_OF_MEMORY): Out of memory
 File: /lus/lfs1aip2/projects/u6cb/software/VASP/vasp.6.5.1/build/gam/hamil.f90
 Function: hamiltmu:978
 Line: 1005

Out of memory allocating 230400000 bytes of device memory
Failing in Thread:1
total/free CUDA memory: 102005473280/50003968
Present table dump for device[1]: NVIDIA Tesla GPU 0, compute capability 9.0, threadid=1
Hint: specify 0x800 bit in NV_ACC_DEBUG for verbose info.
host:0x2557280 device:0x400743df6600 size:32 presentcount:0+3 line:643 name:var%comm
host:0x25572a0 device:0x4004be3ffa00 size:32 presentcount:0+4 line:652 name:var%comm_kinter
host:0x25572c0 device:0x4004be3ffc00 size:32 presentcount:0+6 line:655 name:var%comm_kin
host:0x25572e0 device:0x4004be3ff400 size:32 presentcount:0+3 line:646 name:var%comm_inter
host:0x2557300 device:0x4004be3ff600 size:32 presentcount:0+7 line:649 name:var%comm_inb
host:0x256be80 device:0x4004ba0ecd00 size:8 presentcount:0+1 line:-1 name:_setexm_struct_def_21
host:0x2576f40 device:0x4004ba0ece00 size:28 presentcount:0+1 line:-1 name:_ml_ff_constant_21
host:0x2577c80 device:0x4004ba0ecf00 size:30437 presentcount:0+1 line:-1 name:_ml_ff_taglist_21
host:0x25afc80 device:0x4004ba0f4600 size:8 presentcount:0+1 line:-1 name:_mopenacc_tutor_21
host:0x25c2740 device:0x4004ba0f4a00 size:32 presentcount:0+1 line:-1 name:_mbj_21
host:0x25cd640 device:0x4004ba0f4d00 size:8 presentcount:0+1 line:-1 name:_sym_prec_21
host:0x26030c0 device:0x4004ba0f4e00 size:344 presentcount:0+1 line:-1 name:_tet_21
host:0x261c840 device:0x4004ba0f5000 size:392 presentcount:0+1 line:-1 name:_mymath_21
host:0x2817368 device:0x400743dbd200 size:4800 presentcount:0+2 line:614 name:var
host:0x2818628 device:0x400743df4a00 size:1984 presentcount:0+2 line:403 name:var
host:0x281a910 device:0x40065c5ff400 size:864 presentcount:0+4 line:2639 name:hamiltonian
host:0x286ac80 device:0x400743dfe000 size:2712 presentcount:0+2 line:428 name:var
host:0x286b718 device:0x4004be3f0600 size:2248 presentcount:0+1 line:742 name:var
host:0x286eb50 device:0x4007441ff400 size:288 presentcount:0+1 line:195 name:latt_cur
host:0x2871658 device:0x4004be3fb200 size:5088 presentcount:0+28 line:517 name:var
host:0x2872a38 device:0x4005e83fa000 size:5088 presentcount:0+6 line:517 name:var
host:0x2873e18 device:0x400743ff9600 size:5088 presentcount:0+7 line:517 name:var
host:0x287a2a8 device:0x4007441eb400 size:304 presentcount:0+1 line:567 name:var
host:0x287a3d8 device:0x4007441ec200 size:304 presentcount:0+1 line:567 name:var
host:0x2e48ec0 device:0x4004ba002600 size:960024 presentcount:0+1 line:-1 name:_setexm_struct_def_16
host:0x2f8f080 device:0x4004ba0f4700 size:580 presentcount:0+1 line:-1 name:_wpbe_16
host:0x2f8f900 device:0x4004ba0f4b00 size:288 presentcount:0+1 line:-1 name:_mbj_16
host:0x9f446c0 device:0x4004ba0f5200 size:624 presentcount:0+1 line:-1 name:_mlr_optic_16
host:0x18934e60 device:0x400743dbf000 size:1000 presentcount:0+4 line:519 name:var%lpctz(:)
host:0x18937e30 device:0x4007441ea600 size:260 presentcount:0+1 line:499 name:var%ni(:)
host:0x18938120 device:0x4007441ea800 size:260 presentcount:0+1 line:499 name:var%ptri(:)
host:0x19079540 device:0x4005e83fd000 size:528 presentcount:0+1 line:480 name:var
host:0x19079de0 device:0x4007441ea200 size:260 presentcount:0+1 line:499 name:var%n(:)
host:0x1d135e00 device:0x40069c3ffe00 size:400 presentcount:0+2 line:464 name:var
host:0x1d135f90 device:0x4004be3fc800 size:400 presentcount:0+2 line:464 name:var
host:0x217cdcf0 device:0x4004be3ff800 size:8 presentcount:0+4 line:405 name:var%nityp(:)
host:0x21c8fd00 device:0x4007441ea400 size:260 presentcount:0+1 line:499 name:var%ptr(:)
host:0x2214ab20 device:0x4007441ee600 size:28464 presentcount:0+1 line:853 name:var(:)
host:0x22155060 device:0x400743dff000 size:8 presentcount:0+3 line:616 name:var%nt_global(:)
host:0x22155100 device:0x400743dfec00 size:8 presentcount:0+3 line:616 name:var%lmmax(:)
host:0x22155130 device:0x400743dff400 size:8 presentcount:0+2 line:616 name:var%wtkpt(:)
host:0x22155160 device:0x400743dfee00 size:8 presentcount:0+3 line:616 name:var%nityp(:)
host:0x22155aa0 device:0x4007441f5600 size:40000 presentcount:0+1 line:857 name:var%psp(:,:)
host:0x2215f710 device:0x4007443e8a00 size:8000 presentcount:0+1 line:857 name:var%pspcor(:)
host:0x22161680 device:0x4007443eaa00 size:8000 presentcount:0+1 line:857 name:var%psprho(:)
host:0x22164910 device:0x400743fec000 size:24000 presentcount:0+2 line:466 name:var%psprnl(:,:,:)
host:0x22181800 device:0x4007443eca00 size:40000 presentcount:0+1 line:857 name:var%psp(:,:)
host:0x2218b470 device:0x4007443f6800 size:8000 presentcount:0+1 line:857 name:var%psprho(:)
host:0x2218e700 device:0x400743ff1e00 size:24000 presentcount:0+2 line:466 name:var%psprnl(:,:,:)
host:0x221be0e0 device:0x400743fe9c00 size:4320 presentcount:0+4 line:405 name:var%ityp(:)
host:0x221bf1f0 device:0x400743df7a00 size:25920 presentcount:0+4 line:405 name:var%posion(:,:)
host:0x2222d400 device:0x4004be3fc600 size:24 presentcount:0+3 line:466 name:var%lps(:)
host:0x2222d4b0 device:0x4004be3fca00 size:24 presentcount:0+3 line:466 name:var%lps(:)
host:0x222a1f90 device:0x400743dff200 size:24 presentcount:0+3 line:616 name:var%vkpt(:,:)
host:0x222c7190 device:0x400743dbd000 size:16 presentcount:0+2 line:430 name:var%psrmax(:)
host:0x222c7750 device:0x400743fe8a00 size:4320 presentcount:0+3 line:616 name:var%ityp(:)
host:0x222c8860 device:0x400743df6800 size:4320 presentcount:0+3 line:616 name:var%npro_pos(:)
host:0x222c9970 device:0x400743df5400 size:4324 presentcount:0+3 line:616 name:var%lmbase(:)
host:0x222caa80 device:0x400743dff800 size:4 presentcount:0+2 line:616 name:var%nplwkp(:)
host:0x222caab0 device:0x400743dffa00 size:4 presentcount:0+2 line:616 name:var%nplwkp_tot(:)
host:0x222caae0 device:0x400743dffc00 size:4 presentcount:0+2 line:616 name:var%ngvector_pos(:)
host:0x222cab10 device:0x400743dff600 size:4 presentcount:0+2 line:616 name:var%ngvector(:)
host:0x222cab40 device:0x400743dbe600 size:1280 presentcount:0+4 line:519 name:var%lpctx(:)
host:0x222cb070 device:0x400743dbec00 size:720 presentcount:0+4 line:519 name:var%lpcty(:)
host:0x222cb370 device:0x400743dbf400 size:1280 presentcount:0+4 line:519 name:var%lpctx_(:)
host:0x222cb8a0 device:0x400743dbfa00 size:720 presentcount:0+4 line:519 name:var%lpcty_(:)
host:0x222cbba0 device:0x400743dbfe00 size:1000 presentcount:0+4 line:519 name:var%lpctz_(:)
host:0x222cbfb0 device:0x4005e83fb400 size:1280 presentcount:0+1 line:519 name:var%lpctx(:)
host:0x222cc4e0 device:0x4005e83fba00 size:720 presentcount:0+1 line:519 name:var%lpcty(:)
host:0x222cc7e0 device:0x4005e83fbe00 size:1000 presentcount:0+1 line:519 name:var%lpctz(:)
host:0x222ccbf0 device:0x4005e83fc200 size:1280 presentcount:0+1 line:519 name:var%lpctx_(:)
host:0x222cd120 device:0x4005e83fc800 size:720 presentcount:0+1 line:519 name:var%lpcty_(:)
host:0x222cd420 device:0x4005e83fcc00 size:1000 presentcount:0+1 line:519 name:var%lpctz_(:)
host:0x222cd830 device:0x400743ff7c00 size:2560 presentcount:0+1 line:519 name:var%lpctx(:)
host:0x222ce260 device:0x400743ffaa00 size:1440 presentcount:0+1 line:519 name:var%lpcty(:)
host:0x222ce830 device:0x400743ff8800 size:2000 presentcount:0+1 line:519 name:var%lpctz(:)
host:0x222cf030 device:0x400743ffb000 size:2560 presentcount:0+1 line:519 name:var%lpctx_(:)
host:0x222cfa60 device:0x400743ffba00 size:1440 presentcount:0+1 line:519 name:var%lpcty_(:)
host:0x222d0030 device:0x400743ffc000 size:2000 presentcount:0+1 line:519 name:var%lpctz_(:)
host:0x223c3690 device:0x400743ffc800 size:5648 presentcount:0+1 line:482 name:var%i2(:)
host:0x223c4cd0 device:0x400743ffe000 size:5648 presentcount:0+1 line:482 name:var%i3(:)
host:0x223c6310 device:0x4005e83f4c00 size:10040 presentcount:0+1 line:482 name:var%i2(:)
host:0x223c8a70 device:0x4005e83f7400 size:10040 presentcount:0+1 line:482 name:var%i3(:)
host:0x223cb1d0 device:0x4005e83ed800 size:14400 presentcount:0+2 line:482 name:var%i2(:)
host:0x223cea40 device:0x4005e83f1200 size:14400 presentcount:0+2 line:482 name:var%i3(:)
host:0x223d26d0 device:0x4007db85fa00 size:921600 presentcount:0+2 line:482 name:var%index(:,:)
host:0x224b3700 device:0x4007441ec400 size:2560 presentcount:0+1 line:569 name:var%ind1(:)
host:0x224b4130 device:0x4007441ece00 size:5648 presentcount:0+1 line:569 name:var%indcol(:)
host:0x224b5770 device:0x4005e83fd400 size:5648 presentcount:0+1 line:482 name:var%i2(:)
host:0x224b6db0 device:0x4007441e8a00 size:5648 presentcount:0+1 line:482 name:var%i3(:)
host:0x224b83f0 device:0x4005e83fec00 size:2520 presentcount:0+1 line:482 name:var%i2(:)
host:0x224b8df0 device:0x4005e83ff600 size:2520 presentcount:0+1 line:482 name:var%i3(:)
host:0x224b97f0 device:0x4004be3fcc00 size:4320 presentcount:0+2 line:430 name:var%nlimax(:)
host:0x224ba900 device:0x4004be3fe000 size:4324 presentcount:0+2 line:430 name:var%lmbase(:)
host:0x224bba10 device:0x4005e8390600 size:4324 presentcount:0+2 line:430 name:var%nlibase(:)
host:0x224bcb20 device:0x400743dc0200 size:17132 presentcount:0+4 line:519 name:var%nindpwconjg(:)
host:0x224c0e40 device:0x400743dc4600 size:17132 presentcount:0+4 line:519 name:var%ind_in_sphere(:)
host:0x224c67a0 device:0x4004be3fde00 size:260 presentcount:0+1 line:499 name:var%n(:)
host:0x224c68d0 device:0x400743fffa00 size:260 presentcount:0+1 line:499 name:var%ptri(:)
host:0x224c6a00 device:0x400743fff800 size:260 presentcount:0+1 line:499 name:var%ni(:)
host:0x224c6b30 device:0x400743fffe00 size:260 presentcount:0+1 line:499 name:var%ptr(:)
host:0x224c6c60 device:0x400743fffc00 size:260 presentcount:0+1 line:499 name:var%n(:)
host:0x224c6d90 device:0x4005e83f9e00 size:260 presentcount:0+1 line:499 name:var%ptri(:)
host:0x224c6ec0 device:0x4005e83f9c00 size:260 presentcount:0+1 line:499 name:var%ni(:)
host:0x224c7120 device:0x4007441eac00 size:260 presentcount:0+1 line:499 name:var%ptr(:)
host:0x224c7250 device:0x4007441eaa00 size:260 presentcount:0+1 line:499 name:var%n(:)
host:0x224c7380 device:0x4007441eb200 size:4 presentcount:0+1 line:499 name:var%tbli(:)
host:0x224c73b0 device:0x4007441eb000 size:260 presentcount:0+1 line:499 name:var%ptri(:)
host:0x224c74e0 device:0x4007441eae00 size:260 presentcount:0+1 line:499 name:var%ni(:)
host:0x224d7fa0 device:0x4004be3ff200 size:260 presentcount:0+1 line:499 name:var%ptr(:)
host:0x224f38a0 device:0x4007441eb600 size:1280 presentcount:0+1 line:569 name:var%ind1(:)
host:0x224f3dd0 device:0x4007441ebc00 size:1384 presentcount:0+1 line:569 name:var%indcol(:)
host:0x224f4360 device:0x4005e8338600 size:180000 presentcount:0+4 line:482 name:var%i2(:)
host:0x225202b0 device:0x4005e8364600 size:180000 presentcount:0+4 line:482 name:var%i3(:)
host:0x2254c200 device:0x400743dc8a00 size:180000 presentcount:0+8 line:482 name:var%index(:,:)
host:0x22578150 device:0x4007443bca00 size:180000 presentcount:0+8 line:482 name:var%i2(:)
host:0x225a40a0 device:0x4005e8391800 size:180000 presentcount:0+8 line:482 name:var%i3(:)
host:0x225d0620 device:0x400743e00000 size:1821184 presentcount:0+3 line:616 name:var%nindpw(:,:)
host:0x2278d050 device:0x400743df5200 size:8 presentcount:0+2 line:616 name:var%nb_totk(:,:)
host:0x2278d080 device:0x400743dffe00 size:4 presentcount:0+2 line:616 name:var%luseinv(:)
host:0x2278d0b0 device:0x400743dbcc00 size:4 presentcount:0+2 line:616 name:var%at_gamma(:)
host:0x2278d0e0 device:0x400743fbca00 size:180000 presentcount:0+3 line:616 name:var%pl_index(:,:)
host:0x227b9030 device:0x4007441bca00 size:180000 presentcount:0+3 line:616 name:var%pl_col(:,:)
host:0x227e4f80 device:0x400743ff9400 size:8 presentcount:0+2 line:405 name:var%lmmax(:)
host:0x227e4fb0 device:0x4004be3ffe00 size:8 presentcount:0+2 line:430 name:var%lmax(:)
host:0x227e4fe0 device:0x400743feae00 size:4324 presentcount:0+2 line:405 name:var%lmbase(:)
host:0x227e60f0 device:0x400743dbca00 size:8 presentcount:0+2 line:430 name:var%lmmax(:)
host:0x227e6120 device:0x400743dbce00 size:8 presentcount:0+2 line:430 name:var%channels(:)
host:0x227e6150 device:0x40069c3ffc00 size:16 presentcount:0+2 line:430 name:var%rsmooth(:)
host:0x228569f0 device:0x4007db940a00 size:442880 presentcount:0+1 line:499 name:var%tbl(:)
host:0x22a354c0 device:0x400744c00000 size:7284736 presentcount:0+3 line:616 name:var%datake(:,:,:)
host:0x23128740 device:0x400744000000 size:1821184 presentcount:0+3 line:616 name:var%igx(:,:)
host:0x232e5dd0 device:0x400743c00000 size:1821184 presentcount:0+3 line:616 name:var%igy(:,:)
host:0x234a3670 device:0x400744200000 size:1821184 presentcount:0+3 line:616 name:var%igz(:,:)
host:0x23661540 device:0x40075cc00000 size:7284272 presentcount:0+4 line:519 name:var%fftsca(:,:)
host:0x23dbfdd0 device:0x401004400000 size:453600 presentcount:0+1 line:499 name:var%tbli(:)
host:0x23e2e9e0 device:0x40100446ec00 size:453600 presentcount:0+1 line:499 name:var%tbl(:)
host:0x23f9f8c0 device:0x401003400000 size:3614720 presentcount:0+1 line:499 name:var%tbl(:)
host:0x24687cb0 device:0x401003800000 size:3614400 presentcount:0+1 line:499 name:var%tbli(:)
host:0x249fc080 device:0x401003c00000 size:3614400 presentcount:0+1 line:499 name:var%tbl(:)
host:0x250e4e50 device:0x401004000000 size:3614400 presentcount:0+1 line:499 name:var%tbli(:)
host:0x25a81530 device:0x4004be3f1000 size:41472 presentcount:0+1 line:746 name:var%auxtot(:,:,:)
host:0x25aa2420 device:0x4005e831a000 size:41472 presentcount:0+2 line:746 name:var%fertot(:,:,:)
host:0x25ad0030 device:0x4005e8324200 size:82944 presentcount:0+2 line:746 name:var%celtot(:,:,:)
host:0x2622ea00 device:0x4007dba00000 size:2799360 presentcount:0+2 line:194 name:cdij(:,:,:,:)
host:0x26a67740 device:0x401004600000 size:2799360 presentcount:0+2 line:194 name:cqij(:,:,:,:)
host:0x26fc73f0 device:0x4007dbe00000 size:7962624 presentcount:0+5 line:746 name:var%gproj(:,:,:,:)
host:0x27982ff0 device:0x4005e83d5800 size:98304 presentcount:0+1 line:1101 name:w1%gproj(:)
host:0x27a01760 device:0x4007443fb800 size:2048 presentcount:0+1 line:179 name:wtmp(:)
host:0x27b893b0 device:0x40100459d800 size:393216 presentcount:0+2 line:1226 name:wa%gproj(:,:)
host:0x27be93e0 device:0x401206c00000 size:393216 presentcount:0+2 line:1226 name:wa%gproj(:,:)
host:0x27c49410 device:0x4005e83bd800 size:98304 presentcount:0+1 line:1101 name:w1%gproj(:)
host:0x27c61440 device:0x4007db9c6a00 size:98304 presentcount:0+1 line:1101 name:w1%gproj(:)
host:0x27c79470 device:0x4007db9dea00 size:98304 presentcount:0+1 line:1101 name:w1%gproj(:)
host:0x303dbae0 device:0x401214e00000 size:3145728 presentcount:0+2 line:1226 name:wa%gproj(:,:)
host:0x35501e50 device:0x4010045fd800 size:2048 presentcount:0+1 line:179 name:w1(:)
host:0x35509870 device:0x401215a00000 size:14569472 presentcount:0+1 line:202 name:precon(:,:)
host:0x362f5e30 device:0x400744400000 size:7284736 presentcount:0+1 line:1101 name:w1%cptwfp(:)
host:0x369f0220 device:0x400743400000 size:7284736 presentcount:0+1 line:1101 name:w1%cptwfp(:)
host:0x370eac40 device:0x400f4ce00000 size:7284736 presentcount:0+1 line:1101 name:w1%cptwfp(:)
host:0x377dd680 device:0x401215200000 size:7284736 presentcount:0+1 line:1101 name:w1%cptwfp(:)
host:0x4005408210a0 device:0x400745400000 size:45593280 presentcount:0+2 line:430 name:var%nli(:,:)
host:0x400553eb35c0 device:0x401004a00000 size:14400000 presentcount:0+1 line:195 name:dencor(:)
host:0x400555a439e0 device:0x401005800000 size:28917760 presentcount:0+1 line:195 name:cstrf(:,:)
host:0x40055bbc6d70 device:0x401203400000 size:29138944 presentcount:0+2 line:1226 name:wa%cptwfp(:,:)
host:0x4006000012b0 device:0x400760000000 size:807411968 presentcount:0+2 line:430 name:var%rproj(:)
host:0x4006302131a0 device:0x4007c0000000 size:230400000 presentcount:0+2 line:194 name:sv(:,:)
host:0x4006e0004a60 device:0x400720000000 size:590063616 presentcount:0+5 line:746 name:var%cptwfp(:,:,:,:)
host:0x4007032c6f80 device:0x401205000000 size:29138944 presentcount:0+2 line:1226 name:wa%cptwfp(:,:)
host:0x400704ea7190 device:0x401206e00000 size:233111552 presentcount:0+2 line:1226 name:wa%cptwfp(:,:)
host:0x4007a8a177c0 device:0x400ff0e00000 size:230400000 presentcount:0+1 line:1101 name:w1%cr(:)
host:0x4008032c79d0 device:0x400790400000 size:230400000 presentcount:0+1 line:1236 name:w1%cr(:)
host:0x400810e97df0 device:0x4007cdc00000 size:230400000 presentcount:0+1 line:1101 name:w1%cr(:)
host:0x400860008000 device:0x400748000000 size:230400000 presentcount:0+1 line:1236 name:w1%cr(:)
host:0x40086dbd8420 device:0x4011c3400000 size:230400000 presentcount:0+1 line:1101 name:w1%cr(:)
host:0x40087b7a0020 device:0x4011d1000000 size:230400000 presentcount:0+1 line:1236 name:w1%cr(:)
host:0x400889360440 device:0x401183400000 size:230400000 presentcount:0+1 line:1101 name:w1%cr(:)
host:0x400d60000650 device:0x401191000000 size:230400000 presentcount:0+1 line:1236 name:w1%cr(:)
host:0x400ee0002750 device:0x401220000000 size:921600000 presentcount:0+1 line:1005 name:cwork1(:,:)
host:0xffffca2b5b80 device:0x4007443fc400 size:3024 presentcount:0+12 line:682 name:var
host:0xffffca2b6750 device:0x40065c5ff800 size:1480 presentcount:0+1 line:174 name:w_ini
host:0xffffca2b6d20 device:0x4007443fae00 size:1480 presentcount:0+1 line:174 name:wopt
host:0xffffca2b72f0 device:0x40069c3ff400 size:1480 presentcount:0+1 line:174 name:wtmpa
allocated block device:0x4004be3f0600 size:2560 thread:1
allocated block device:0x4004be3f1000 size:41472 thread:1
allocated block device:0x4004be3fb200 size:5120 thread:1
allocated block device:0x4004be3fc600 size:512 thread:1
allocated block device:0x4004be3fc800 size:512 thread:1
allocated block device:0x4004be3fca00 size:512 thread:1
allocated block device:0x4004be3fcc00 size:4608 thread:1
allocated block device:0x4004be3fde00 size:512 thread:1
allocated block device:0x4004be3fe000 size:4608 thread:1
allocated block device:0x4004be3ff200 size:512 thread:1
allocated block device:0x4004be3ff400 size:512 thread:1
allocated block device:0x4004be3ff600 size:512 thread:1
allocated block device:0x4004be3ff800 size:512 thread:1
allocated block device:0x4004be3ffa00 size:512 thread:1
allocated block device:0x4004be3ffc00 size:512 thread:1
allocated block device:0x4004be3ffe00 size:512 thread:1
allocated block device:0x4005e831a000 size:41472 thread:1
allocated block device:0x4005e8324200 size:82944 thread:1
allocated block device:0x4005e8338600 size:180224 thread:1
allocated block device:0x4005e8364600 size:180224 thread:1
allocated block device:0x4005e8390600 size:4608 thread:1
allocated block device:0x4005e8391800 size:180224 thread:1
allocated block device:0x4005e83bd800 size:98304 thread:1
allocated block device:0x4005e83d5800 size:98304 thread:1
allocated block device:0x4005e83ed800 size:14848 thread:1
allocated block device:0x4005e83f1200 size:14848 thread:1
allocated block device:0x4005e83f4c00 size:10240 thread:1
allocated block device:0x4005e83f7400 size:10240 thread:1
allocated block device:0x4005e83f9c00 size:512 thread:1
allocated block device:0x4005e83f9e00 size:512 thread:1
allocated block device:0x4005e83fa000 size:5120 thread:1
allocated block device:0x4005e83fb400 size:1536 thread:1
allocated block device:0x4005e83fba00 size:1024 thread:1
allocated block device:0x4005e83fbe00 size:1024 thread:1
allocated block device:0x4005e83fc200 size:1536 thread:1
allocated block device:0x4005e83fc800 size:1024 thread:1
allocated block device:0x4005e83fcc00 size:1024 thread:1
allocated block device:0x4005e83fd000 size:1024 thread:1
allocated block device:0x4005e83fd400 size:6144 thread:1
allocated block device:0x4005e83fec00 size:2560 thread:1
allocated block device:0x4005e83ff600 size:2560 thread:1
allocated block device:0x40065c5ff400 size:1024 thread:1
allocated block device:0x40065c5ff800 size:1536 thread:1
allocated block device:0x40069c3ff400 size:2048 thread:1
allocated block device:0x40069c3ffc00 size:512 thread:1
allocated block device:0x40069c3ffe00 size:512 thread:1
allocated block device:0x400720000000 size:590063616 thread:1
allocated block device:0x400743400000 size:7962624 thread:1
allocated block device:0x400743c00000 size:1821184 thread:1
allocated block device:0x400743dbca00 size:512 thread:1
allocated block device:0x400743dbcc00 size:512 thread:1
allocated block device:0x400743dbce00 size:512 thread:1
allocated block device:0x400743dbd000 size:512 thread:1
allocated block device:0x400743dbd200 size:5120 thread:1
allocated block device:0x400743dbe600 size:1536 thread:1
allocated block device:0x400743dbec00 size:1024 thread:1
allocated block device:0x400743dbf000 size:1024 thread:1
allocated block device:0x400743dbf400 size:1536 thread:1
allocated block device:0x400743dbfa00 size:1024 thread:1
allocated block device:0x400743dbfe00 size:1024 thread:1
allocated block device:0x400743dc0200 size:17408 thread:1
allocated block device:0x400743dc4600 size:17408 thread:1
allocated block device:0x400743dc8a00 size:180224 thread:1
allocated block device:0x400743df4a00 size:2048 thread:1
allocated block device:0x400743df5200 size:512 thread:1
allocated block device:0x400743df5400 size:4608 thread:1
allocated block device:0x400743df6600 size:512 thread:1
allocated block device:0x400743df6800 size:4608 thread:1
allocated block device:0x400743df7a00 size:26112 thread:1
allocated block device:0x400743dfe000 size:3072 thread:1
allocated block device:0x400743dfec00 size:512 thread:1
allocated block device:0x400743dfee00 size:512 thread:1
allocated block device:0x400743dff000 size:512 thread:1
allocated block device:0x400743dff200 size:512 thread:1
allocated block device:0x400743dff400 size:512 thread:1
allocated block device:0x400743dff600 size:512 thread:1
allocated block device:0x400743dff800 size:512 thread:1
allocated block device:0x400743dffa00 size:512 thread:1
allocated block device:0x400743dffc00 size:512 thread:1
allocated block device:0x400743dffe00 size:512 thread:1
allocated block device:0x400743e00000 size:1821184 thread:1
allocated block device:0x400743fbca00 size:180224 thread:1
allocated block device:0x400743fe8a00 size:4608 thread:1
allocated block device:0x400743fe9c00 size:4608 thread:1
allocated block device:0x400743feae00 size:4608 thread:1
allocated block device:0x400743fec000 size:24064 thread:1
allocated block device:0x400743ff1e00 size:24064 thread:1
allocated block device:0x400743ff7c00 size:3072 thread:1
allocated block device:0x400743ff8800 size:3072 thread:1
allocated block device:0x400743ff9400 size:512 thread:1
allocated block device:0x400743ff9600 size:5120 thread:1
allocated block device:0x400743ffaa00 size:1536 thread:1
allocated block device:0x400743ffb000 size:2560 thread:1
allocated block device:0x400743ffba00 size:1536 thread:1
allocated block device:0x400743ffc000 size:2048 thread:1
allocated block device:0x400743ffc800 size:6144 thread:1
allocated block device:0x400743ffe000 size:6144 thread:1
allocated block device:0x400743fff800 size:512 thread:1
allocated block device:0x400743fffa00 size:512 thread:1
allocated block device:0x400743fffc00 size:512 thread:1
allocated block device:0x400743fffe00 size:512 thread:1
allocated block device:0x400744000000 size:1821184 thread:1
allocated block device:0x4007441bca00 size:180224 thread:1
allocated block device:0x4007441e8a00 size:6144 thread:1
allocated block device:0x4007441ea200 size:512 thread:1
allocated block device:0x4007441ea400 size:512 thread:1
allocated block device:0x4007441ea600 size:512 thread:1
allocated block device:0x4007441ea800 size:512 thread:1
allocated block device:0x4007441eaa00 size:512 thread:1
allocated block device:0x4007441eac00 size:512 thread:1
allocated block device:0x4007441eae00 size:512 thread:1
allocated block device:0x4007441eb000 size:512 thread:1
allocated block device:0x4007441eb200 size:512 thread:1
allocated block device:0x4007441eb400 size:512 thread:1
allocated block device:0x4007441eb600 size:1536 thread:1
allocated block device:0x4007441ebc00 size:1536 thread:1
allocated block device:0x4007441ec200 size:512 thread:1
allocated block device:0x4007441ec400 size:2560 thread:1
allocated block device:0x4007441ece00 size:6144 thread:1
allocated block device:0x4007441ee600 size:28672 thread:1
allocated block device:0x4007441f5600 size:40448 thread:1
allocated block device:0x4007441ff400 size:512 thread:1
allocated block device:0x400744200000 size:1821184 thread:1
allocated block device:0x4007443bca00 size:180224 thread:1
allocated block device:0x4007443e8a00 size:8192 thread:1
allocated block device:0x4007443eaa00 size:8192 thread:1
allocated block device:0x4007443eca00 size:40448 thread:1
allocated block device:0x4007443f6800 size:8192 thread:1
allocated block device:0x4007443fae00 size:2560 thread:1
allocated block device:0x4007443fb800 size:3072 thread:1
allocated block device:0x4007443fc400 size:3072 thread:1
allocated block device:0x400744400000 size:7284736 thread:1
allocated block device:0x400744c00000 size:7284736 thread:1
allocated block device:0x400745400000 size:45593600 thread:1
allocated block device:0x400748000000 size:230400000 thread:1
allocated block device:0x40075cc00000 size:7284736 thread:1
allocated block device:0x400760000000 size:807412224 thread:1
allocated block device:0x400790400000 size:230400000 thread:1
allocated block device:0x4007c0000000 size:230400000 thread:1
allocated block device:0x4007cdc00000 size:230400000 thread:1
allocated block device:0x4007db85fa00 size:921600 thread:1
allocated block device:0x4007db940a00 size:442880 thread:1
allocated block device:0x4007db9c6a00 size:98304 thread:1
allocated block device:0x4007db9dea00 size:98304 thread:1
allocated block device:0x4007dba00000 size:2799616 thread:1
allocated block device:0x4007dbe00000 size:7962624 thread:1
allocated block device:0x400f4ce00000 size:14400000 thread:1
allocated block device:0x400ff0e00000 size:230400000 thread:1
allocated block device:0x401003400000 size:3614720 thread:1
allocated block device:0x401003800000 size:3614720 thread:1
allocated block device:0x401003c00000 size:3614720 thread:1
allocated block device:0x401004000000 size:3614720 thread:1
allocated block device:0x401004400000 size:453632 thread:1
allocated block device:0x40100446ec00 size:453632 thread:1
allocated block device:0x40100459d800 size:393216 thread:1
allocated block device:0x4010045fd800 size:2048 thread:1
allocated block device:0x401004600000 size:2799616 thread:1
allocated block device:0x401004a00000 size:14400000 thread:1
allocated block device:0x401005800000 size:28917760 thread:1
allocated block device:0x401183400000 size:230400000 thread:1
allocated block device:0x401191000000 size:230400000 thread:1
allocated block device:0x4011c3400000 size:230400000 thread:1
allocated block device:0x4011d1000000 size:230400000 thread:1
allocated block device:0x401203400000 size:29138944 thread:1
allocated block device:0x401205000000 size:29138944 thread:1
allocated block device:0x401206c00000 size:393216 thread:1
allocated block device:0x401206e00000 size:233111552 thread:1
allocated block device:0x401214e00000 size:3145728 thread:1
allocated block device:0x401215200000 size:7284736 thread:1
allocated block device:0x401215a00000 size:14569472 thread:1
allocated block device:0x401220000000 size:921600000 thread:1
Accelerator Fatal Error: call to cuMemAlloc returned error 2 (CUDA_ERROR_OUT_OF_MEMORY): Out of memory
 File: /lus/lfs1aip2/projects/u6cb/software/VASP/vasp.6.5.1/build/gam/fft_base.f90
 Function: restride_r2q_cmplx:945
 Line: 964

Out of memory allocating 230400000 bytes of device memory
Failing in Thread:1
total/free CUDA memory: 102005473280/10803412992
Present table dump for device[1]: NVIDIA Tesla GPU 0, compute capability 9.0, threadid=1
Hint: specify 0x800 bit in NV_ACC_DEBUG for verbose info.
host:0x2557280 device:0x400643df6c00 size:32 presentcount:0+3 line:643 name:var%comm
host:0x25572a0 device:0x400643dbca00 size:32 presentcount:0+4 line:652 name:var%comm_kinter
host:0x25572c0 device:0x400643dbcc00 size:32 presentcount:0+6 line:655 name:var%comm_kin
host:0x25572e0 device:0x4003be5ffa00 size:32 presentcount:0+3 line:646 name:var%comm_inter
host:0x2557300 device:0x4003be5ffc00 size:32 presentcount:0+6 line:649 name:var%comm_inb
host:0x256be80 device:0x4003ba0ecd00 size:8 presentcount:0+1 line:-1 name:_setexm_struct_def_21
host:0x2576f40 device:0x4003ba0ece00 size:28 presentcount:0+1 line:-1 name:_ml_ff_constant_21
host:0x2577c80 device:0x4003ba0ecf00 size:30437 presentcount:0+1 line:-1 name:_ml_ff_taglist_21
host:0x25afc80 device:0x4003ba0f4600 size:8 presentcount:0+1 line:-1 name:_mopenacc_tutor_21
host:0x25c2740 device:0x4003ba0f4a00 size:32 presentcount:0+1 line:-1 name:_mbj_21
host:0x25cd640 device:0x4003ba0f4d00 size:8 presentcount:0+1 line:-1 name:_sym_prec_21
host:0x26030c0 device:0x4003ba0f4e00 size:344 presentcount:0+1 line:-1 name:_tet_21
host:0x261c840 device:0x4003ba0f5000 size:392 presentcount:0+1 line:-1 name:_mymath_21
host:0x2817368 device:0x400643dbd800 size:4800 presentcount:0+2 line:614 name:var
host:0x2818628 device:0x400643df5000 size:1984 presentcount:0+1 line:403 name:var
host:0x281a910 device:0x40057c3ff600 size:864 presentcount:0+4 line:2639 name:hamiltonian
host:0x286ac80 device:0x400643dfe600 size:2712 presentcount:0+1 line:428 name:var
host:0x286b718 device:0x4005bc3fea00 size:2248 presentcount:0+1 line:742 name:var
host:0x286eb50 device:0x4006441ffa00 size:288 presentcount:0+1 line:195 name:latt_cur
host:0x2871658 device:0x4003be5fc000 size:5088 presentcount:0+21 line:517 name:var
host:0x2872a38 device:0x4004ee1fa600 size:5088 presentcount:0+6 line:517 name:var
host:0x2873e18 device:0x400643ff9c00 size:5088 presentcount:0+7 line:517 name:var
host:0x287a2a8 device:0x4006441eba00 size:304 presentcount:0+1 line:567 name:var
host:0x287a3d8 device:0x4006441ec800 size:304 presentcount:0+1 line:567 name:var
host:0x2e48ec0 device:0x4003ba002600 size:960024 presentcount:0+1 line:-1 name:_setexm_struct_def_16
host:0x2f8f080 device:0x4003ba0f4700 size:580 presentcount:0+1 line:-1 name:_wpbe_16
host:0x2f8f900 device:0x4003ba0f4b00 size:288 presentcount:0+1 line:-1 name:_mbj_16
host:0x9f446c0 device:0x4003ba0f5200 size:624 presentcount:0+1 line:-1 name:_mlr_optic_16
host:0x28cf68b0 device:0x4004ee1ffc00 size:260 presentcount:0+1 line:499 name:var%n(:)
host:0x28d04e60 device:0x400643dbf600 size:1000 presentcount:0+3 line:519 name:var%lpctz(:)
host:0x28d07e30 device:0x4006441eac00 size:260 presentcount:0+1 line:499 name:var%ni(:)
host:0x28d08120 device:0x4006441eae00 size:260 presentcount:0+1 line:499 name:var%ptri(:)
host:0x28ded210 device:0x400643dffa00 size:8 presentcount:0+2 line:616 name:var%wtkpt(:)
host:0x28ded240 device:0x400643dff400 size:8 presentcount:0+3 line:616 name:var%nityp(:)
host:0x28ded470 device:0x400643dbd600 size:16 presentcount:0+1 line:430 name:var%psrmax(:)
host:0x28ded4b0 device:0x400643dff200 size:8 presentcount:0+3 line:616 name:var%lmmax(:)
host:0x29ec8970 device:0x4004ee1fd600 size:528 presentcount:0+1 line:480 name:var
host:0x2e11c3c0 device:0x4003be5ffe00 size:8 presentcount:0+2 line:405 name:var%nityp(:)
host:0x2e5de3d0 device:0x4004ee1ffe00 size:260 presentcount:0+1 line:499 name:var%ptr(:)
host:0x2ea990c0 device:0x4006441eec00 size:28464 presentcount:0+1 line:853 name:var(:)
host:0x2eaab820 device:0x4006443eca00 size:40000 presentcount:0+1 line:857 name:var%psp(:,:)
host:0x2eab5490 device:0x4006443f6800 size:8000 presentcount:0+1 line:857 name:var%psprho(:)
host:0x2eab8720 device:0x400643ff2000 size:24000 presentcount:0+1 line:466 name:var%psprnl(:,:,:)
host:0x2eae8100 device:0x400643fe9c00 size:4320 presentcount:0+2 line:405 name:var%ityp(:)
host:0x2eae9210 device:0x400643df8000 size:25920 presentcount:0+2 line:405 name:var%posion(:,:)
host:0x2eb2c590 device:0x4006441f5c00 size:40000 presentcount:0+1 line:857 name:var%psp(:,:)
host:0x2eb36200 device:0x4006443e8a00 size:8000 presentcount:0+1 line:857 name:var%pspcor(:)
host:0x2eb38170 device:0x4006443eaa00 size:8000 presentcount:0+1 line:857 name:var%psprho(:)
host:0x2eb3b400 device:0x400643fec000 size:24000 presentcount:0+1 line:466 name:var%psprnl(:,:,:)
host:0x2eb883c0 device:0x4005bc3ff800 size:24 presentcount:0+2 line:466 name:var%lps(:)
host:0x2eb88470 device:0x4005bc3ffc00 size:24 presentcount:0+2 line:466 name:var%lps(:)
host:0x2ebdf410 device:0x400643dff800 size:24 presentcount:0+2 line:616 name:var%vkpt(:,:)
host:0x2ec04ab0 device:0x400643fe8a00 size:4320 presentcount:0+3 line:616 name:var%ityp(:)
host:0x2ec05bc0 device:0x400643dff600 size:8 presentcount:0+3 line:616 name:var%nt_global(:)
host:0x2ec05bf0 device:0x400643df6e00 size:4320 presentcount:0+3 line:616 name:var%npro_pos(:)
host:0x2ec06d00 device:0x400643df5a00 size:4324 presentcount:0+3 line:616 name:var%lmbase(:)
host:0x2ec07e10 device:0x400643dffe00 size:4 presentcount:0+2 line:616 name:var%nplwkp(:)
host:0x2ec07e40 device:0x400643ff1e00 size:4 presentcount:0+2 line:616 name:var%nplwkp_tot(:)
host:0x2ec07e70 device:0x400643ff7e00 size:4 presentcount:0+2 line:616 name:var%ngvector_pos(:)
host:0x2ec07ea0 device:0x400643dffc00 size:4 presentcount:0+2 line:616 name:var%ngvector(:)
host:0x2ec07ed0 device:0x400643dbec00 size:1280 presentcount:0+3 line:519 name:var%lpctx(:)
host:0x2ec08400 device:0x400643dbf200 size:720 presentcount:0+3 line:519 name:var%lpcty(:)
host:0x2ec08700 device:0x400643dbfa00 size:1280 presentcount:0+3 line:519 name:var%lpctx_(:)
host:0x2ec08c30 device:0x400643dc0000 size:720 presentcount:0+3 line:519 name:var%lpcty_(:)
host:0x2ec08f30 device:0x400643dc0400 size:1000 presentcount:0+3 line:519 name:var%lpctz_(:)
host:0x2ec09340 device:0x4004ee1fba00 size:1280 presentcount:0+1 line:519 name:var%lpctx(:)
host:0x2ec09870 device:0x4004ee1fc000 size:720 presentcount:0+1 line:519 name:var%lpcty(:)
host:0x2ec09b70 device:0x4004ee1fc400 size:1000 presentcount:0+1 line:519 name:var%lpctz(:)
host:0x2ec09f80 device:0x4004ee1fc800 size:1280 presentcount:0+1 line:519 name:var%lpctx_(:)
host:0x2ec0a4b0 device:0x4004ee1fce00 size:720 presentcount:0+1 line:519 name:var%lpcty_(:)
host:0x2ec0a7b0 device:0x4004ee1fd200 size:1000 presentcount:0+1 line:519 name:var%lpctz_(:)
host:0x2ec0abc0 device:0x400643ff8200 size:2560 presentcount:0+1 line:519 name:var%lpctx(:)
host:0x2ec0b5f0 device:0x400643ffb000 size:1440 presentcount:0+1 line:519 name:var%lpcty(:)
host:0x2ec0bbc0 device:0x400643ff8e00 size:2000 presentcount:0+1 line:519 name:var%lpctz(:)
host:0x2ec0c3c0 device:0x400643ffb600 size:2560 presentcount:0+1 line:519 name:var%lpctx_(:)
host:0x2ec0cdf0 device:0x400643ffc000 size:1440 presentcount:0+1 line:519 name:var%lpcty_(:)
host:0x2ec0d3c0 device:0x400643ffc600 size:2000 presentcount:0+1 line:519 name:var%lpctz_(:)
host:0x2ed00a20 device:0x400643ffce00 size:5648 presentcount:0+1 line:482 name:var%i2(:)
host:0x2ed02060 device:0x400643ffe600 size:5648 presentcount:0+1 line:482 name:var%i3(:)
host:0x2ed036a0 device:0x4004ee1f4c00 size:10040 presentcount:0+1 line:482 name:var%i2(:)
host:0x2ed05e00 device:0x4004ee1f7400 size:10040 presentcount:0+1 line:482 name:var%i3(:)
host:0x2ed08560 device:0x4004ee1ed800 size:14400 presentcount:0+2 line:482 name:var%i2(:)
host:0x2ed0bdd0 device:0x4004ee1f1200 size:14400 presentcount:0+2 line:482 name:var%i3(:)
host:0x2ed0fa60 device:0x4006db85fa00 size:921600 presentcount:0+2 line:482 name:var%index(:,:)
host:0x2edf0a90 device:0x4006441eca00 size:2560 presentcount:0+1 line:569 name:var%ind1(:)
host:0x2edf14c0 device:0x4006441ed400 size:5648 presentcount:0+1 line:569 name:var%indcol(:)
host:0x2edf2b00 device:0x4004ee1fda00 size:5648 presentcount:0+1 line:482 name:var%i2(:)
host:0x2edf4140 device:0x4006441e8a00 size:5648 presentcount:0+1 line:482 name:var%i3(:)
host:0x2edf5780 device:0x4004ee1ff200 size:2520 presentcount:0+1 line:482 name:var%i2(:)
host:0x2edf6180 device:0x4006441ea200 size:2520 presentcount:0+1 line:482 name:var%i3(:)
host:0x2edf6b80 device:0x4003be5fd400 size:4320 presentcount:0+1 line:430 name:var%nlimax(:)
host:0x2edf7c90 device:0x4003be5fe600 size:4324 presentcount:0+1 line:430 name:var%lmbase(:)
host:0x2edf8da0 device:0x4004ee190600 size:4324 presentcount:0+1 line:430 name:var%nlibase(:)
host:0x2edf9eb0 device:0x400643dc0800 size:17132 presentcount:0+3 line:519 name:var%nindpwconjg(:)
host:0x2edfe1d0 device:0x400643dc4c00 size:17132 presentcount:0+3 line:519 name:var%ind_in_sphere(:)
host:0x2ee03b30 device:0x4003be5ff800 size:260 presentcount:0+1 line:499 name:var%ptr(:)
host:0x2ee03c60 device:0x4005bc3ffe00 size:260 presentcount:0+1 line:499 name:var%n(:)
host:0x2ee03d90 device:0x4004ee1f9c00 size:260 presentcount:0+1 line:499 name:var%ptri(:)
host:0x2ee03ec0 device:0x400643fffe00 size:260 presentcount:0+1 line:499 name:var%ni(:)
host:0x2ee03ff0 device:0x4004ee1fa000 size:260 presentcount:0+1 line:499 name:var%ptr(:)
host:0x2ee04120 device:0x4004ee1f9e00 size:260 presentcount:0+1 line:499 name:var%n(:)
host:0x2ee04250 device:0x4004ee1fa400 size:260 presentcount:0+1 line:499 name:var%ptri(:)
host:0x2ee04380 device:0x4004ee1fa200 size:260 presentcount:0+1 line:499 name:var%ni(:)
host:0x2ee044b0 device:0x4006441eb200 size:260 presentcount:0+1 line:499 name:var%ptr(:)
host:0x2ee045e0 device:0x4006441eb000 size:260 presentcount:0+1 line:499 name:var%n(:)
host:0x2ee04710 device:0x4006441eb800 size:4 presentcount:0+1 line:499 name:var%tbli(:)
host:0x2ee04740 device:0x4006441eb600 size:260 presentcount:0+1 line:499 name:var%ptri(:)
host:0x2ee04870 device:0x4006441eb400 size:260 presentcount:0+1 line:499 name:var%ni(:)
host:0x2ee30c30 device:0x4006441ebc00 size:1280 presentcount:0+1 line:569 name:var%ind1(:)
host:0x2ee31160 device:0x4006441ec200 size:1444 presentcount:0+1 line:569 name:var%indcol(:)
host:0x2ee31730 device:0x4004ee138600 size:180000 presentcount:0+3 line:482 name:var%i2(:)
host:0x2ee5d680 device:0x4004ee164600 size:180000 presentcount:0+3 line:482 name:var%i3(:)
host:0x2ee895d0 device:0x400643dc9000 size:180000 presentcount:0+6 line:482 name:var%index(:,:)
host:0x2eeb5520 device:0x4006443bca00 size:180000 presentcount:0+6 line:482 name:var%i2(:)
host:0x2eee1470 device:0x4004ee191800 size:180000 presentcount:0+6 line:482 name:var%i3(:)
host:0x2ef0d9f0 device:0x400643e00000 size:1821184 presentcount:0+2 line:616 name:var%nindpw(:,:)
host:0x2f0ca420 device:0x400643df5800 size:8 presentcount:0+2 line:616 name:var%nb_totk(:,:)
host:0x2f0ca450 device:0x400643ff8000 size:4 presentcount:0+2 line:616 name:var%luseinv(:)
host:0x2f0ca480 device:0x400643dbd200 size:4 presentcount:0+2 line:616 name:var%at_gamma(:)
host:0x2f0ca4b0 device:0x400643fbca00 size:180000 presentcount:0+2 line:616 name:var%pl_index(:,:)
host:0x2f0f6400 device:0x4006441bca00 size:180000 presentcount:0+2 line:616 name:var%pl_col(:,:)
host:0x2f122350 device:0x400643ff9a00 size:8 presentcount:0+1 line:405 name:var%lmmax(:)
host:0x2f122380 device:0x400643dbce00 size:8 presentcount:0+1 line:430 name:var%lmax(:)
host:0x2f1223b0 device:0x400643feae00 size:4324 presentcount:0+1 line:405 name:var%lmbase(:)
host:0x2f1234c0 device:0x400643dbd000 size:8 presentcount:0+1 line:430 name:var%lmmax(:)
host:0x2f1234f0 device:0x400643dbd400 size:8 presentcount:0+1 line:430 name:var%channels(:)
host:0x2f123520 device:0x4005bc3ff400 size:16 presentcount:0+1 line:430 name:var%rsmooth(:)
host:0x2f123560 device:0x4005bc3ff600 size:400 presentcount:0+1 line:464 name:var
host:0x2f1236f0 device:0x4005bc3ffa00 size:400 presentcount:0+1 line:464 name:var
host:0x2f194110 device:0x4006db940a00 size:462080 presentcount:0+1 line:499 name:var%tbl(:)
host:0x2f383a60 device:0x400644c00000 size:7284736 presentcount:0+2 line:616 name:var%datake(:,:,:)
host:0x2fa76ce0 device:0x400644000000 size:1821184 presentcount:0+2 line:616 name:var%igx(:,:)
host:0x2fc34370 device:0x400643c00000 size:1821184 presentcount:0+2 line:616 name:var%igy(:,:)
host:0x2fdf1c10 device:0x400644200000 size:1821184 presentcount:0+2 line:616 name:var%igz(:,:)
host:0x2ffafae0 device:0x40065cc00000 size:7284272 presentcount:0+3 line:519 name:var%fftsca(:,:)
host:0x30712e70 device:0x400f04400000 size:453600 presentcount:0+1 line:499 name:var%tbli(:)
host:0x30781a80 device:0x400f0446ec00 size:453600 presentcount:0+1 line:499 name:var%tbl(:)
host:0x308f2960 device:0x400f03400000 size:3614720 presentcount:0+1 line:499 name:var%tbl(:)
host:0x30fdad50 device:0x400f03800000 size:3614400 presentcount:0+1 line:499 name:var%tbli(:)
host:0x3134f120 device:0x400f03c00000 size:3614400 presentcount:0+1 line:499 name:var%tbl(:)
host:0x318a2420 device:0x4004ee11a000 size:41472 presentcount:0+2 line:746 name:var%fertot(:,:,:)
host:0x31a37ef0 device:0x400f04000000 size:3614400 presentcount:0+1 line:499 name:var%tbli(:)
host:0x322c2420 device:0x4003be5f1e00 size:41472 presentcount:0+1 line:746 name:var%auxtot(:,:,:)
host:0x322d0030 device:0x4004ee124200 size:82944 presentcount:0+2 line:746 name:var%celtot(:,:,:)
host:0x3326c130 device:0x4006dba00000 size:2799360 presentcount:0+1 line:194 name:cdij(:,:,:,:)
host:0x3351b850 device:0x400f04600000 size:2799360 presentcount:0+1 line:194 name:cqij(:,:,:,:)
host:0x33a7b500 device:0x4006dbe00000 size:7962624 presentcount:0+1 line:746 name:var%gproj(:,:,:,:)
host:0x344378c0 device:0x4004ee1bd800 size:98304 presentcount:0+1 line:1101 name:w1%gproj(:)
host:0x344b6030 device:0x4006443f8800 size:2048 presentcount:0+1 line:179 name:w1(:)
host:0x344b6850 device:0x40059c1ff600 size:2048 presentcount:0+1 line:179 name:wtmp(:)
host:0x3463dc80 device:0x400f0459d800 size:393216 presentcount:0+2 line:1226 name:wa%gproj(:,:)
host:0x3469dcb0 device:0x4010c6c00000 size:393216 presentcount:0+2 line:1226 name:wa%gproj(:,:)
host:0x346fdce0 device:0x4004ee1d5800 size:98304 presentcount:0+1 line:1101 name:w1%gproj(:)
host:0x34715d10 device:0x4006db9c1400 size:98304 presentcount:0+1 line:1101 name:w1%gproj(:)
host:0x3cecef60 device:0x4010d4e00000 size:3145728 presentcount:0+2 line:1226 name:wa%gproj(:,:)
host:0x42dea070 device:0x4010d5200000 size:7284736 presentcount:0+1 line:1101 name:w1%cptwfp(:)
host:0x434e4670 device:0x4010d5a00000 size:7284736 presentcount:0+1 line:1101 name:w1%cptwfp(:)
host:0x43bdf2a0 device:0x4010d6200000 size:7284736 presentcount:0+1 line:1101 name:w1%cptwfp(:)
host:0x40045c0010a0 device:0x400645400000 size:45593280 presentcount:0+1 line:430 name:var%nli(:,:)
host:0x4005000012b0 device:0x400660000000 size:807411968 presentcount:0+1 line:430 name:var%rproj(:)
host:0x4005302131a0 device:0x4006c0000000 size:230400000 presentcount:0+1 line:194 name:sv(:,:)
host:0x40053eba35c0 device:0x400f04a00000 size:14400000 presentcount:0+1 line:195 name:dencor(:)
host:0x4005e0dd39e0 device:0x400f05800000 size:28917760 presentcount:0+1 line:195 name:cstrf(:,:)
host:0x4005e2974a60 device:0x400620000000 size:590063616 presentcount:0+1 line:746 name:var%cptwfp(:,:,:,:)
host:0x400609376f80 device:0x4010c3400000 size:29138944 presentcount:0+2 line:1226 name:wa%cptwfp(:,:)
host:0x40061ae17190 device:0x4010c5000000 size:29138944 presentcount:0+2 line:1226 name:wa%cptwfp(:,:)
host:0x4006a00073a0 device:0x4010c6e00000 size:233111552 presentcount:0+2 line:1226 name:wa%cptwfp(:,:)
host:0x4006ade679d0 device:0x401083400000 size:230400000 presentcount:0+1 line:1101 name:w1%cr(:)
host:0x4007032c7be0 device:0x401091000000 size:230400000 presentcount:0+1 line:1236 name:w1%cr(:)
host:0x400710e98000 device:0x401043400000 size:230400000 presentcount:0+1 line:1101 name:w1%cr(:)
host:0x400760008210 device:0x401051000000 size:230400000 presentcount:0+1 line:1236 name:w1%cr(:)
host:0x40076dbd0020 device:0x401003400000 size:230400000 presentcount:0+1 line:1101 name:w1%cr(:)
host:0xffffc5873890 device:0x4006443fca00 size:3024 presentcount:0+9 line:682 name:var
host:0xffffc5874460 device:0x40057c3ffa00 size:1480 presentcount:0+1 line:174 name:w_ini
host:0xffffc5874a30 device:0x4006443fb400 size:1480 presentcount:0+1 line:174 name:wopt
host:0xffffc5875000 device:0x40055c3ff600 size:1480 presentcount:0+1 line:174 name:wtmpa
allocated block device:0x4003be5f1e00 size:41472 thread:1
allocated block device:0x4003be5fc000 size:5120 thread:1
allocated block device:0x4003be5fd400 size:4608 thread:1
allocated block device:0x4003be5fe600 size:4608 thread:1
allocated block device:0x4003be5ff800 size:512 thread:1
allocated block device:0x4003be5ffa00 size:512 thread:1
allocated block device:0x4003be5ffc00 size:512 thread:1
allocated block device:0x4003be5ffe00 size:512 thread:1
allocated block device:0x4004ee11a000 size:41472 thread:1
allocated block device:0x4004ee124200 size:82944 thread:1
allocated block device:0x4004ee138600 size:180224 thread:1
allocated block device:0x4004ee164600 size:180224 thread:1
allocated block device:0x4004ee190600 size:4608 thread:1
allocated block device:0x4004ee191800 size:180224 thread:1
allocated block device:0x4004ee1bd800 size:98304 thread:1
allocated block device:0x4004ee1d5800 size:98304 thread:1
allocated block device:0x4004ee1ed800 size:14848 thread:1
allocated block device:0x4004ee1f1200 size:14848 thread:1
allocated block device:0x4004ee1f4c00 size:10240 thread:1
allocated block device:0x4004ee1f7400 size:10240 thread:1
allocated block device:0x4004ee1f9c00 size:512 thread:1
allocated block device:0x4004ee1f9e00 size:512 thread:1
allocated block device:0x4004ee1fa000 size:512 thread:1
allocated block device:0x4004ee1fa200 size:512 thread:1
allocated block device:0x4004ee1fa400 size:512 thread:1
allocated block device:0x4004ee1fa600 size:5120 thread:1
allocated block device:0x4004ee1fba00 size:1536 thread:1
allocated block device:0x4004ee1fc000 size:1024 thread:1
allocated block device:0x4004ee1fc400 size:1024 thread:1
allocated block device:0x4004ee1fc800 size:1536 thread:1
allocated block device:0x4004ee1fce00 size:1024 thread:1
allocated block device:0x4004ee1fd200 size:1024 thread:1
allocated block device:0x4004ee1fd600 size:1024 thread:1
allocated block device:0x4004ee1fda00 size:6144 thread:1
allocated block device:0x4004ee1ff200 size:2560 thread:1
allocated block device:0x4004ee1ffc00 size:512 thread:1
allocated block device:0x4004ee1ffe00 size:512 thread:1
allocated block device:0x40055c3ff600 size:2048 thread:1
allocated block device:0x40057c3ff600 size:1024 thread:1
allocated block device:0x40057c3ffa00 size:1536 thread:1
allocated block device:0x40059c1ff600 size:2048 thread:1
allocated block device:0x4005bc3fea00 size:2560 thread:1
allocated block device:0x4005bc3ff400 size:512 thread:1
allocated block device:0x4005bc3ff600 size:512 thread:1
allocated block device:0x4005bc3ff800 size:512 thread:1
allocated block device:0x4005bc3ffa00 size:512 thread:1
allocated block device:0x4005bc3ffc00 size:512 thread:1
allocated block device:0x4005bc3ffe00 size:512 thread:1
allocated block device:0x400620000000 size:590063616 thread:1
allocated block device:0x400643c00000 size:1821184 thread:1
allocated block device:0x400643dbca00 size:512 thread:1
allocated block device:0x400643dbcc00 size:512 thread:1
allocated block device:0x400643dbce00 size:512 thread:1
allocated block device:0x400643dbd000 size:512 thread:1
allocated block device:0x400643dbd200 size:512 thread:1
allocated block device:0x400643dbd400 size:512 thread:1
allocated block device:0x400643dbd600 size:512 thread:1
allocated block device:0x400643dbd800 size:5120 thread:1
allocated block device:0x400643dbec00 size:1536 thread:1
allocated block device:0x400643dbf200 size:1024 thread:1
allocated block device:0x400643dbf600 size:1024 thread:1
allocated block device:0x400643dbfa00 size:1536 thread:1
allocated block device:0x400643dc0000 size:1024 thread:1
allocated block device:0x400643dc0400 size:1024 thread:1
allocated block device:0x400643dc0800 size:17408 thread:1
allocated block device:0x400643dc4c00 size:17408 thread:1
allocated block device:0x400643dc9000 size:180224 thread:1
allocated block device:0x400643df5000 size:2048 thread:1
allocated block device:0x400643df5800 size:512 thread:1
allocated block device:0x400643df5a00 size:4608 thread:1
allocated block device:0x400643df6c00 size:512 thread:1
allocated block device:0x400643df6e00 size:4608 thread:1
allocated block device:0x400643df8000 size:26112 thread:1
allocated block device:0x400643dfe600 size:3072 thread:1
allocated block device:0x400643dff200 size:512 thread:1
allocated block device:0x400643dff400 size:512 thread:1
allocated block device:0x400643dff600 size:512 thread:1
allocated block device:0x400643dff800 size:512 thread:1
allocated block device:0x400643dffa00 size:512 thread:1
allocated block device:0x400643dffc00 size:512 thread:1
allocated block device:0x400643dffe00 size:512 thread:1
allocated block device:0x400643e00000 size:1821184 thread:1
allocated block device:0x400643fbca00 size:180224 thread:1
allocated block device:0x400643fe8a00 size:4608 thread:1
allocated block device:0x400643fe9c00 size:4608 thread:1
allocated block device:0x400643feae00 size:4608 thread:1
allocated block device:0x400643fec000 size:24064 thread:1
allocated block device:0x400643ff1e00 size:512 thread:1
allocated block device:0x400643ff2000 size:24064 thread:1
allocated block device:0x400643ff7e00 size:512 thread:1
allocated block device:0x400643ff8000 size:512 thread:1
allocated block device:0x400643ff8200 size:3072 thread:1
allocated block device:0x400643ff8e00 size:3072 thread:1
allocated block device:0x400643ff9a00 size:512 thread:1
allocated block device:0x400643ff9c00 size:5120 thread:1
allocated block device:0x400643ffb000 size:1536 thread:1
allocated block device:0x400643ffb600 size:2560 thread:1
allocated block device:0x400643ffc000 size:1536 thread:1
allocated block device:0x400643ffc600 size:2048 thread:1
allocated block device:0x400643ffce00 size:6144 thread:1
allocated block device:0x400643ffe600 size:6144 thread:1
allocated block device:0x400643fffe00 size:512 thread:1
allocated block device:0x400644000000 size:1821184 thread:1
allocated block device:0x4006441bca00 size:180224 thread:1
allocated block device:0x4006441e8a00 size:6144 thread:1
allocated block device:0x4006441ea200 size:2560 thread:1
allocated block device:0x4006441eac00 size:512 thread:1
allocated block device:0x4006441eae00 size:512 thread:1
allocated block device:0x4006441eb000 size:512 thread:1
allocated block device:0x4006441eb200 size:512 thread:1
allocated block device:0x4006441eb400 size:512 thread:1
allocated block device:0x4006441eb600 size:512 thread:1
allocated block device:0x4006441eb800 size:512 thread:1
allocated block device:0x4006441eba00 size:512 thread:1
allocated block device:0x4006441ebc00 size:1536 thread:1
allocated block device:0x4006441ec200 size:1536 thread:1
allocated block device:0x4006441ec800 size:512 thread:1
allocated block device:0x4006441eca00 size:2560 thread:1
allocated block device:0x4006441ed400 size:6144 thread:1
allocated block device:0x4006441eec00 size:28672 thread:1
allocated block device:0x4006441f5c00 size:40448 thread:1
allocated block device:0x4006441ffa00 size:512 thread:1
allocated block device:0x400644200000 size:1821184 thread:1
allocated block device:0x4006443bca00 size:180224 thread:1
allocated block device:0x4006443e8a00 size:8192 thread:1
allocated block device:0x4006443eaa00 size:8192 thread:1
allocated block device:0x4006443eca00 size:40448 thread:1
allocated block device:0x4006443f6800 size:8192 thread:1
allocated block device:0x4006443f8800 size:2048 thread:1
allocated block device:0x4006443fb400 size:2560 thread:1
allocated block device:0x4006443fca00 size:3072 thread:1
allocated block device:0x400644c00000 size:7284736 thread:1
allocated block device:0x400645400000 size:45593600 thread:1
allocated block device:0x40065cc00000 size:7284736 thread:1
allocated block device:0x400660000000 size:807412224 thread:1
allocated block device:0x4006c0000000 size:230400000 thread:1
allocated block device:0x4006db85fa00 size:921600 thread:1
allocated block device:0x4006db940a00 size:462336 thread:1
allocated block device:0x4006db9c1400 size:98304 thread:1
allocated block device:0x4006dba00000 size:2799616 thread:1
allocated block device:0x4006dbe00000 size:7962624 thread:1
allocated block device:0x400f03400000 size:3614720 thread:1
allocated block device:0x400f03800000 size:3614720 thread:1
allocated block device:0x400f03c00000 size:3614720 thread:1
allocated block device:0x400f04000000 size:3614720 thread:1
allocated block device:0x400f04400000 size:453632 thread:1
allocated block device:0x400f0446ec00 size:453632 thread:1
allocated block device:0x400f0459d800 size:393216 thread:1
allocated block device:0x400f04600000 size:2799616 thread:1
allocated block device:0x400f04a00000 size:14400000 thread:1
allocated block device:0x400f05800000 size:28917760 thread:1
allocated block device:0x401003400000 size:230400000 thread:1
allocated block device:0x401043400000 size:230400000 thread:1
allocated block device:0x401051000000 size:230400000 thread:1
allocated block device:0x401083400000 size:230400000 thread:1
allocated block device:0x401091000000 size:230400000 thread:1
allocated block device:0x4010c3400000 size:29138944 thread:1
allocated block device:0x4010c5000000 size:29138944 thread:1
allocated block device:0x4010c6c00000 size:393216 thread:1
allocated block device:0x4010c6e00000 size:233111552 thread:1
allocated block device:0x4010d4e00000 size:3145728 thread:1
allocated block device:0x4010d5200000 size:7284736 thread:1
allocated block device:0x4010d5a00000 size:7284736 thread:1
allocated block device:0x4010d6200000 size:7284736 thread:1
Accelerator Fatal Error: call to cuMemAlloc returned error 2 (CUDA_ERROR_OUT_OF_MEMORY): Out of memory
 File: /lus/lfs1aip2/projects/u6cb/software/VASP/vasp.6.5.1/build/gam/wave.f90
 Function: newwav_r:1223
 Line: 1236

Out of memory allocating 921600000 bytes of device memory
Failing in Thread:1
srun: error: nid010610: task 56: Exited with exit code 1
srun: Terminating StepId=3290146.0
slurmstepd: error: *** STEP 3290146.0 ON nid010609 CANCELLED AT 2026-03-23T16:06:37 ***
total/free CUDA memory: 102005473280/733741056
Present table dump for device[1]: NVIDIA Tesla GPU 0, compute capability 9.0, threadid=1
Hint: specify 0x800 bit in NV_ACC_DEBUG for verbose info.
host:0x2557280 device:0x400903df6c00 size:32 presentcount:0+3 line:643 name:var%comm
host:0x25572a0 device:0x400903dbca00 size:32 presentcount:0+4 line:652 name:var%comm_kinter
host:0x25572c0 device:0x400903dbcc00 size:32 presentcount:0+6 line:655 name:var%comm_kin
host:0x25572e0 device:0x40067e3ffa00 size:32 presentcount:0+3 line:646 name:var%comm_inter
host:0x2557300 device:0x40067e3ffc00 size:32 presentcount:0+7 line:649 name:var%comm_inb
host:0x256be80 device:0x40067a0ecd00 size:8 presentcount:0+1 line:-1 name:_setexm_struct_def_21
host:0x2576f40 device:0x40067a0ece00 size:28 presentcount:0+1 line:-1 name:_ml_ff_constant_21
host:0x2577c80 device:0x40067a0ecf00 size:30437 presentcount:0+1 line:-1 name:_ml_ff_taglist_21
host:0x25afc80 device:0x40067a0f4600 size:8 presentcount:0+1 line:-1 name:_mopenacc_tutor_21
host:0x25c2740 device:0x40067a0f4a00 size:32 presentcount:0+1 line:-1 name:_mbj_21
host:0x25cd640 device:0x40067a0f4d00 size:8 presentcount:0+1 line:-1 name:_sym_prec_21
host:0x26030c0 device:0x40067a0f4e00 size:344 presentcount:0+1 line:-1 name:_tet_21
host:0x261c840 device:0x40067a0f5000 size:392 presentcount:0+1 line:-1 name:_mymath_21
host:0x2817368 device:0x400903dbd800 size:4800 presentcount:0+2 line:614 name:var
host:0x2818628 device:0x400903df5000 size:1984 presentcount:0+2 line:403 name:var
host:0x281a910 device:0x40083c1ff600 size:864 presentcount:0+4 line:2639 name:hamiltonian
host:0x286ac80 device:0x400903dfe600 size:2712 presentcount:0+2 line:428 name:var
host:0x286b718 device:0x40087c1fea00 size:2248 presentcount:0+1 line:742 name:var
host:0x286eb50 device:0x4009041ffa00 size:288 presentcount:0+1 line:195 name:latt_cur
host:0x2871658 device:0x40067e3fc000 size:5088 presentcount:0+28 line:517 name:var
host:0x2872a38 device:0x4007aa3fa600 size:5088 presentcount:0+6 line:517 name:var
host:0x2873e18 device:0x400903ff9c00 size:5088 presentcount:0+7 line:517 name:var
host:0x287a2a8 device:0x4009041eba00 size:304 presentcount:0+1 line:567 name:var
host:0x287a3d8 device:0x4009041ec800 size:304 presentcount:0+1 line:567 name:var
host:0x2e48ec0 device:0x40067a002600 size:960024 presentcount:0+1 line:-1 name:_setexm_struct_def_16
host:0x2f8f080 device:0x40067a0f4700 size:580 presentcount:0+1 line:-1 name:_wpbe_16
host:0x2f8f900 device:0x40067a0f4b00 size:288 presentcount:0+1 line:-1 name:_mbj_16
host:0x9f446c0 device:0x40067a0f5200 size:624 presentcount:0+1 line:-1 name:_mlr_optic_16
host:0x267c4e60 device:0x400903dbf600 size:1000 presentcount:0+4 line:519 name:var%lpctz(:)
host:0x267c7e70 device:0x4009041eac00 size:260 presentcount:0+1 line:499 name:var%ni(:)
host:0x267c8160 device:0x4009041eae00 size:260 presentcount:0+1 line:499 name:var%ptri(:)
host:0x26f43d60 device:0x4007aa3fd600 size:528 presentcount:0+1 line:480 name:var
host:0x26f44600 device:0x4007aa3ffc00 size:260 presentcount:0+1 line:499 name:var%n(:)
host:0x2b0b0030 device:0x40087c1ff600 size:400 presentcount:0+2 line:464 name:var
host:0x2b0b01c0 device:0x40087c1ffa00 size:400 presentcount:0+2 line:464 name:var
host:0x2f65ead0 device:0x40067e3ffe00 size:8 presentcount:0+4 line:405 name:var%nityp(:)
host:0x2fb20ae0 device:0x4007aa3ffe00 size:260 presentcount:0+1 line:499 name:var%ptr(:)
host:0x2ffdb900 device:0x4009041eec00 size:28464 presentcount:0+1 line:853 name:var(:)
host:0x2ffee060 device:0x4009043eca00 size:40000 presentcount:0+1 line:857 name:var%psp(:,:)
host:0x2fff7cd0 device:0x4009043f6800 size:8000 presentcount:0+1 line:857 name:var%psprho(:)
host:0x2fffaf60 device:0x400903ff2000 size:24000 presentcount:0+2 line:466 name:var%psprnl(:,:,:)
host:0x3002a940 device:0x400903fe9c00 size:4320 presentcount:0+4 line:405 name:var%ityp(:)
host:0x3002ba50 device:0x400903df8000 size:25920 presentcount:0+4 line:405 name:var%posion(:,:)
host:0x3006cb30 device:0x400903dffe00 size:4 presentcount:0+2 line:616 name:var%nplwkp(:)
host:0x3006ec20 device:0x4009043e8a00 size:8000 presentcount:0+1 line:857 name:var%pspcor(:)
host:0x30070b90 device:0x4009043eaa00 size:8000 presentcount:0+1 line:857 name:var%psprho(:)
host:0x30074700 device:0x4009041f5c00 size:40000 presentcount:0+1 line:857 name:var%psp(:,:)
host:0x3007e370 device:0x400903fec000 size:24000 presentcount:0+2 line:466 name:var%psprnl(:,:,:)
host:0x30091370 device:0x400903dff600 size:8 presentcount:0+3 line:616 name:var%nt_global(:)
host:0x30091460 device:0x400903dff200 size:8 presentcount:0+3 line:616 name:var%lmmax(:)
host:0x30091490 device:0x400903dffa00 size:8 presentcount:0+2 line:616 name:var%wtkpt(:)
host:0x300914c0 device:0x400903dff400 size:8 presentcount:0+3 line:616 name:var%nityp(:)
host:0x300be420 device:0x40087c1ff800 size:24 presentcount:0+3 line:466 name:var%lps(:)
host:0x300be4d0 device:0x40087c1ffc00 size:24 presentcount:0+3 line:466 name:var%lps(:)
host:0x301383b0 device:0x400903dff800 size:24 presentcount:0+3 line:616 name:var%vkpt(:,:)
host:0x3015d660 device:0x400903dbd600 size:16 presentcount:0+2 line:430 name:var%psrmax(:)
host:0x3015dc20 device:0x400903fe8a00 size:4320 presentcount:0+3 line:616 name:var%ityp(:)
host:0x3015ed30 device:0x400903df6e00 size:4320 presentcount:0+3 line:616 name:var%npro_pos(:)
host:0x3015fe40 device:0x400903df5a00 size:4324 presentcount:0+3 line:616 name:var%lmbase(:)
host:0x30160f50 device:0x400903ff1e00 size:4 presentcount:0+2 line:616 name:var%nplwkp_tot(:)
host:0x30160f80 device:0x400903ff7e00 size:4 presentcount:0+2 line:616 name:var%ngvector_pos(:)
host:0x30160fb0 device:0x400903dffc00 size:4 presentcount:0+2 line:616 name:var%ngvector(:)
host:0x30160fe0 device:0x400903dbec00 size:1280 presentcount:0+4 line:519 name:var%lpctx(:)
host:0x30161510 device:0x400903dbf200 size:720 presentcount:0+4 line:519 name:var%lpcty(:)
host:0x30161810 device:0x400903dbfa00 size:1280 presentcount:0+4 line:519 name:var%lpctx_(:)
host:0x30161d40 device:0x400903dc0000 size:720 presentcount:0+4 line:519 name:var%lpcty_(:)
host:0x30162040 device:0x400903dc0400 size:1000 presentcount:0+4 line:519 name:var%lpctz_(:)
host:0x30162450 device:0x4007aa3fba00 size:1280 presentcount:0+1 line:519 name:var%lpctx(:)
host:0x30162980 device:0x4007aa3fc000 size:720 presentcount:0+1 line:519 name:var%lpcty(:)
host:0x30162c80 device:0x4007aa3fc400 size:1000 presentcount:0+1 line:519 name:var%lpctz(:)
host:0x30163090 device:0x4007aa3fc800 size:1280 presentcount:0+1 line:519 name:var%lpctx_(:)
host:0x301635c0 device:0x4007aa3fce00 size:720 presentcount:0+1 line:519 name:var%lpcty_(:)
host:0x301638c0 device:0x4007aa3fd200 size:1000 presentcount:0+1 line:519 name:var%lpctz_(:)
host:0x30163cd0 device:0x400903ff8200 size:2560 presentcount:0+1 line:519 name:var%lpctx(:)
host:0x30164700 device:0x400903ffb000 size:1440 presentcount:0+1 line:519 name:var%lpcty(:)
host:0x30164cd0 device:0x400903ff8e00 size:2000 presentcount:0+1 line:519 name:var%lpctz(:)
host:0x301654d0 device:0x400903ffb600 size:2560 presentcount:0+1 line:519 name:var%lpctx_(:)
host:0x30165f00 device:0x400903ffc000 size:1440 presentcount:0+1 line:519 name:var%lpcty_(:)
host:0x301664d0 device:0x400903ffc600 size:2000 presentcount:0+1 line:519 name:var%lpctz_(:)
host:0x30259b30 device:0x400903ffce00 size:5648 presentcount:0+1 line:482 name:var%i2(:)
host:0x3025b170 device:0x400903ffe600 size:5648 presentcount:0+1 line:482 name:var%i3(:)
host:0x3025c7b0 device:0x4007aa3f4c00 size:10040 presentcount:0+1 line:482 name:var%i2(:)
host:0x3025ef10 device:0x4007aa3f7400 size:10040 presentcount:0+1 line:482 name:var%i3(:)
host:0x30261670 device:0x4007aa3ed800 size:14400 presentcount:0+2 line:482 name:var%i2(:)
host:0x30264ee0 device:0x4007aa3f1200 size:14400 presentcount:0+2 line:482 name:var%i3(:)
host:0x30268b70 device:0x40097b85fa00 size:921600 presentcount:0+2 line:482 name:var%index(:,:)
host:0x30349ba0 device:0x4009041eca00 size:2560 presentcount:0+1 line:569 name:var%ind1(:)
host:0x3034a5d0 device:0x4009041ed400 size:5648 presentcount:0+1 line:569 name:var%indcol(:)
host:0x3034bc10 device:0x4007aa3fda00 size:5648 presentcount:0+1 line:482 name:var%i2(:)
host:0x3034d250 device:0x4009041e8a00 size:5648 presentcount:0+1 line:482 name:var%i3(:)
host:0x3034e890 device:0x4007aa3ff200 size:2520 presentcount:0+1 line:482 name:var%i2(:)
host:0x3034f290 device:0x4009041ea200 size:2520 presentcount:0+1 line:482 name:var%i3(:)
host:0x3034fc90 device:0x40067e3fd400 size:4320 presentcount:0+2 line:430 name:var%nlimax(:)
host:0x30350da0 device:0x40067e3fe600 size:4324 presentcount:0+2 line:430 name:var%lmbase(:)
host:0x30351eb0 device:0x4007aa390600 size:4324 presentcount:0+2 line:430 name:var%nlibase(:)
host:0x30352fc0 device:0x400903dc0800 size:17132 presentcount:0+4 line:519 name:var%nindpwconjg(:)
host:0x303572e0 device:0x400903dc4c00 size:17132 presentcount:0+4 line:519 name:var%ind_in_sphere(:)
host:0x30389d40 device:0x4009041ebc00 size:1280 presentcount:0+1 line:569 name:var%ind1(:)
host:0x3038a270 device:0x4009041ec200 size:1452 presentcount:0+1 line:569 name:var%indcol(:)
host:0x3038a850 device:0x4007aa338600 size:180000 presentcount:0+4 line:482 name:var%i2(:)
host:0x303b67a0 device:0x4007aa364600 size:180000 presentcount:0+4 line:482 name:var%i3(:)
host:0x303e26f0 device:0x400903dc9000 size:180000 presentcount:0+8 line:482 name:var%index(:,:)
host:0x3040e640 device:0x4009043bca00 size:180000 presentcount:0+8 line:482 name:var%i2(:)
host:0x3043a590 device:0x4007aa391800 size:180000 presentcount:0+8 line:482 name:var%i3(:)
host:0x30466b10 device:0x400903e00000 size:1821184 presentcount:0+3 line:616 name:var%nindpw(:,:)
host:0x30623540 device:0x400903df5800 size:8 presentcount:0+2 line:616 name:var%nb_totk(:,:)
host:0x30623570 device:0x400903ff8000 size:4 presentcount:0+2 line:616 name:var%luseinv(:)
host:0x306235a0 device:0x400903dbd200 size:4 presentcount:0+2 line:616 name:var%at_gamma(:)
host:0x306235d0 device:0x400903fbca00 size:180000 presentcount:0+3 line:616 name:var%pl_index(:,:)
host:0x3064f520 device:0x4009041bca00 size:180000 presentcount:0+3 line:616 name:var%pl_col(:,:)
host:0x3067b470 device:0x400903ff9a00 size:8 presentcount:0+2 line:405 name:var%lmmax(:)
host:0x3067b4a0 device:0x400903dbce00 size:8 presentcount:0+2 line:430 name:var%lmax(:)
host:0x3067b4d0 device:0x400903feae00 size:4324 presentcount:0+2 line:405 name:var%lmbase(:)
host:0x3067c5e0 device:0x400903dbd000 size:8 presentcount:0+2 line:430 name:var%lmmax(:)
host:0x3067c610 device:0x400903dbd400 size:8 presentcount:0+2 line:430 name:var%channels(:)
host:0x3067c640 device:0x40087c1ff400 size:16 presentcount:0+2 line:430 name:var%rsmooth(:)
host:0x306ecee0 device:0x40097b940a00 size:464640 presentcount:0+1 line:499 name:var%tbl(:)
host:0x3075e610 device:0x4009041eb200 size:260 presentcount:0+1 line:499 name:var%ptr(:)
host:0x3075e740 device:0x4009041eb000 size:260 presentcount:0+1 line:499 name:var%n(:)
host:0x3075e870 device:0x4009041eb800 size:4 presentcount:0+1 line:499 name:var%tbli(:)
host:0x3075e8a0 device:0x4009041eb600 size:260 presentcount:0+1 line:499 name:var%ptri(:)
host:0x3075e9d0 device:0x4009041eb400 size:260 presentcount:0+1 line:499 name:var%ni(:)
host:0x3077e3c0 device:0x40067e3ff800 size:260 presentcount:0+1 line:499 name:var%ptr(:)
host:0x3077e4f0 device:0x40087c1ffe00 size:260 presentcount:0+1 line:499 name:var%n(:)
host:0x3077e620 device:0x4007aa3f9c00 size:260 presentcount:0+1 line:499 name:var%ptri(:)
host:0x3077e750 device:0x400903fffe00 size:260 presentcount:0+1 line:499 name:var%ni(:)
host:0x3077e880 device:0x4007aa3fa000 size:260 presentcount:0+1 line:499 name:var%ptr(:)
host:0x3077e9b0 device:0x4007aa3f9e00 size:260 presentcount:0+1 line:499 name:var%n(:)
host:0x3077eae0 device:0x4007aa3fa400 size:260 presentcount:0+1 line:499 name:var%ptri(:)
host:0x3077ec10 device:0x4007aa3fa200 size:260 presentcount:0+1 line:499 name:var%ni(:)
host:0x308c62a0 device:0x400904c00000 size:7284736 presentcount:0+3 line:616 name:var%datake(:,:,:)
host:0x30fb9520 device:0x400904000000 size:1821184 presentcount:0+3 line:616 name:var%igx(:,:)
host:0x31176bb0 device:0x400903c00000 size:1821184 presentcount:0+3 line:616 name:var%igy(:,:)
host:0x31334450 device:0x400904200000 size:1821184 presentcount:0+3 line:616 name:var%igz(:,:)
host:0x314f2320 device:0x40091cc00000 size:7284272 presentcount:0+4 line:519 name:var%fftsca(:,:)
host:0x31c560b0 device:0x4011a4400000 size:453600 presentcount:0+1 line:499 name:var%tbli(:)
host:0x31cc4cc0 device:0x4011a446ec00 size:453600 presentcount:0+1 line:499 name:var%tbl(:)
host:0x31e35ba0 device:0x4011a3400000 size:3614720 presentcount:0+1 line:499 name:var%tbl(:)
host:0x3251df90 device:0x4011a3800000 size:3614400 presentcount:0+1 line:499 name:var%tbli(:)
host:0x32892360 device:0x4011a3c00000 size:3614400 presentcount:0+1 line:499 name:var%tbl(:)
host:0x32ce2420 device:0x4007aa31a000 size:41472 presentcount:0+2 line:746 name:var%fertot(:,:,:)
host:0x32ed2250 device:0x40067e3f1e00 size:41472 presentcount:0+1 line:746 name:var%auxtot(:,:,:)
host:0x32f00030 device:0x4007aa324200 size:82944 presentcount:0+2 line:746 name:var%celtot(:,:,:)
host:0x32f7b130 device:0x4011a4000000 size:3614400 presentcount:0+1 line:499 name:var%tbli(:)
host:0x340c4ce0 device:0x40097ba00000 size:2799360 presentcount:0+2 line:194 name:cdij(:,:,:,:)
host:0x347af580 device:0x4011a4600000 size:2799360 presentcount:0+2 line:194 name:cqij(:,:,:,:)
host:0x34d0f230 device:0x40097be00000 size:7962624 presentcount:0+5 line:746 name:var%gproj(:,:,:,:)
host:0x356caaa0 device:0x4007aa3bd800 size:98304 presentcount:0+1 line:1101 name:w1%gproj(:)
host:0x35749210 device:0x40085c3ff600 size:2048 presentcount:0+1 line:179 name:wtmp(:)
host:0x358d1090 device:0x4011a459d800 size:393216 presentcount:0+2 line:1226 name:wa%gproj(:,:)
host:0x359310c0 device:0x4013a6c00000 size:393216 presentcount:0+2 line:1226 name:wa%gproj(:,:)
host:0x359910f0 device:0x4007aa3d5800 size:98304 presentcount:0+1 line:1101 name:w1%gproj(:)
host:0x359a9120 device:0x40097b9c1e00 size:98304 presentcount:0+1 line:1101 name:w1%gproj(:)
host:0x359c1150 device:0x40097b9d9e00 size:98304 presentcount:0+1 line:1101 name:w1%gproj(:)
host:0x3e2813d0 device:0x4013b4e00000 size:3145728 presentcount:0+2 line:1226 name:wa%gproj(:,:)
host:0x433a54f0 device:0x4009043f8800 size:2048 presentcount:0+1 line:179 name:w1(:)
host:0x433adfe0 device:0x4013b7200000 size:14569472 presentcount:0+1 line:202 name:precon(:,:)
host:0x4419a7b0 device:0x4013b5200000 size:7284736 presentcount:0+1 line:1101 name:w1%cptwfp(:)
host:0x44894db0 device:0x4013b5a00000 size:7284736 presentcount:0+1 line:1101 name:w1%cptwfp(:)
host:0x44f8f9e0 device:0x4013b6200000 size:7284736 presentcount:0+1 line:1101 name:w1%cptwfp(:)
host:0x45682630 device:0x4013b6a00000 size:7284736 presentcount:0+1 line:1101 name:w1%cptwfp(:)
host:0x4006bc0010a0 device:0x400905400000 size:45593280 presentcount:0+2 line:430 name:var%nli(:,:)
host:0x40070a3131a0 device:0x400960000000 size:230400000 presentcount:0+2 line:194 name:sv(:,:)
host:0x400718ca35c0 device:0x4011a4a00000 size:14400000 presentcount:0+1 line:195 name:dencor(:)
host:0x40071a8339e0 device:0x4011a5800000 size:28917760 presentcount:0+1 line:195 name:cstrf(:,:)
host:0x4007c00012b0 device:0x400920000000 size:807411968 presentcount:0+2 line:430 name:var%rproj(:)
host:0x4007f0fe6f80 device:0x4013a3400000 size:29138944 presentcount:0+2 line:1226 name:wa%cptwfp(:,:)
host:0x4007f2bc7190 device:0x4013a5000000 size:29138944 presentcount:0+2 line:1226 name:wa%cptwfp(:,:)
host:0x4008a0004a60 device:0x4008e0000000 size:590063616 presentcount:0+5 line:746 name:var%cptwfp(:,:,:,:)
host:0x4008c32c73a0 device:0x4013a6e00000 size:233111552 presentcount:0+2 line:1226 name:wa%cptwfp(:,:)
host:0x4009a32c79d0 device:0x401363400000 size:230400000 presentcount:0+1 line:1101 name:w1%cr(:)
host:0x4009b0e97be0 device:0x401371000000 size:230400000 presentcount:0+1 line:1236 name:w1%cr(:)
host:0x400a00008000 device:0x401323400000 size:230400000 presentcount:0+1 line:1101 name:w1%cr(:)
host:0x400a0dbd8210 device:0x401331000000 size:230400000 presentcount:0+1 line:1236 name:w1%cr(:)
host:0x400a1b7a0020 device:0x4012e3400000 size:230400000 presentcount:0+1 line:1101 name:w1%cr(:)
host:0x400a29360230 device:0x4012f1000000 size:230400000 presentcount:0+1 line:1236 name:w1%cr(:)
host:0x400f00000650 device:0x4012a3400000 size:230400000 presentcount:0+1 line:1101 name:w1%cr(:)
host:0x400f0dbc0860 device:0x4012b1000000 size:230400000 presentcount:0+1 line:1236 name:w1%cr(:)
host:0xffffd0719b80 device:0x4009043fca00 size:3024 presentcount:0+12 line:682 name:var
host:0xffffd071a750 device:0x40083c1ffa00 size:1480 presentcount:0+1 line:174 name:w_ini
host:0xffffd071ad20 device:0x4009043fb400 size:1480 presentcount:0+1 line:174 name:wopt
host:0xffffd071b2f0 device:0x40081c5ff600 size:1480 presentcount:0+1 line:174 name:wtmpa
allocated block device:0x40067e3f1e00 size:41472 thread:1
allocated block device:0x40067e3fc000 size:5120 thread:1
allocated block device:0x40067e3fd400 size:4608 thread:1
allocated block device:0x40067e3fe600 size:4608 thread:1
allocated block device:0x40067e3ff800 size:512 thread:1
allocated block device:0x40067e3ffa00 size:512 thread:1
allocated block device:0x40067e3ffc00 size:512 thread:1
allocated block device:0x40067e3ffe00 size:512 thread:1
allocated block device:0x4007aa31a000 size:41472 thread:1
allocated block device:0x4007aa324200 size:82944 thread:1
allocated block device:0x4007aa338600 size:180224 thread:1
allocated block device:0x4007aa364600 size:180224 thread:1
allocated block device:0x4007aa390600 size:4608 thread:1
allocated block device:0x4007aa391800 size:180224 thread:1
allocated block device:0x4007aa3bd800 size:98304 thread:1
allocated block device:0x4007aa3d5800 size:98304 thread:1
allocated block device:0x4007aa3ed800 size:14848 thread:1
allocated block device:0x4007aa3f1200 size:14848 thread:1
allocated block device:0x4007aa3f4c00 size:10240 thread:1
allocated block device:0x4007aa3f7400 size:10240 thread:1
allocated block device:0x4007aa3f9c00 size:512 thread:1
allocated block device:0x4007aa3f9e00 size:512 thread:1
allocated block device:0x4007aa3fa000 size:512 thread:1
allocated block device:0x4007aa3fa200 size:512 thread:1
allocated block device:0x4007aa3fa400 size:512 thread:1
allocated block device:0x4007aa3fa600 size:5120 thread:1
allocated block device:0x4007aa3fba00 size:1536 thread:1
allocated block device:0x4007aa3fc000 size:1024 thread:1
allocated block device:0x4007aa3fc400 size:1024 thread:1
allocated block device:0x4007aa3fc800 size:1536 thread:1
allocated block device:0x4007aa3fce00 size:1024 thread:1
allocated block device:0x4007aa3fd200 size:1024 thread:1
allocated block device:0x4007aa3fd600 size:1024 thread:1
allocated block device:0x4007aa3fda00 size:6144 thread:1
allocated block device:0x4007aa3ff200 size:2560 thread:1
allocated block device:0x4007aa3ffc00 size:512 thread:1
allocated block device:0x4007aa3ffe00 size:512 thread:1
allocated block device:0x40081c5ff600 size:2048 thread:1
allocated block device:0x40083c1ff600 size:1024 thread:1
allocated block device:0x40083c1ffa00 size:1536 thread:1
allocated block device:0x40085c3ff600 size:2048 thread:1
allocated block device:0x40087c1fea00 size:2560 thread:1
allocated block device:0x40087c1ff400 size:512 thread:1
allocated block device:0x40087c1ff600 size:512 thread:1
allocated block device:0x40087c1ff800 size:512 thread:1
allocated block device:0x40087c1ffa00 size:512 thread:1
allocated block device:0x40087c1ffc00 size:512 thread:1
allocated block device:0x40087c1ffe00 size:512 thread:1
allocated block device:0x4008e0000000 size:590063616 thread:1
allocated block device:0x400903c00000 size:1821184 thread:1
allocated block device:0x400903dbca00 size:512 thread:1
allocated block device:0x400903dbcc00 size:512 thread:1
allocated block device:0x400903dbce00 size:512 thread:1
allocated block device:0x400903dbd000 size:512 thread:1
allocated block device:0x400903dbd200 size:512 thread:1
allocated block device:0x400903dbd400 size:512 thread:1
allocated block device:0x400903dbd600 size:512 thread:1
allocated block device:0x400903dbd800 size:5120 thread:1
allocated block device:0x400903dbec00 size:1536 thread:1
allocated block device:0x400903dbf200 size:1024 thread:1
allocated block device:0x400903dbf600 size:1024 thread:1
allocated block device:0x400903dbfa00 size:1536 thread:1
allocated block device:0x400903dc0000 size:1024 thread:1
allocated block device:0x400903dc0400 size:1024 thread:1
allocated block device:0x400903dc0800 size:17408 thread:1
allocated block device:0x400903dc4c00 size:17408 thread:1
allocated block device:0x400903dc9000 size:180224 thread:1
allocated block device:0x400903df5000 size:2048 thread:1
allocated block device:0x400903df5800 size:512 thread:1
allocated block device:0x400903df5a00 size:4608 thread:1
allocated block device:0x400903df6c00 size:512 thread:1
allocated block device:0x400903df6e00 size:4608 thread:1
allocated block device:0x400903df8000 size:26112 thread:1
allocated block device:0x400903dfe600 size:3072 thread:1
allocated block device:0x400903dff200 size:512 thread:1
allocated block device:0x400903dff400 size:512 thread:1
allocated block device:0x400903dff600 size:512 thread:1
allocated block device:0x400903dff800 size:512 thread:1
allocated block device:0x400903dffa00 size:512 thread:1
allocated block device:0x400903dffc00 size:512 thread:1
allocated block device:0x400903dffe00 size:512 thread:1
allocated block device:0x400903e00000 size:1821184 thread:1
allocated block device:0x400903fbca00 size:180224 thread:1
allocated block device:0x400903fe8a00 size:4608 thread:1
allocated block device:0x400903fe9c00 size:4608 thread:1
allocated block device:0x400903feae00 size:4608 thread:1
allocated block device:0x400903fec000 size:24064 thread:1
allocated block device:0x400903ff1e00 size:512 thread:1
allocated block device:0x400903ff2000 size:24064 thread:1
allocated block device:0x400903ff7e00 size:512 thread:1
allocated block device:0x400903ff8000 size:512 thread:1
allocated block device:0x400903ff8200 size:3072 thread:1
allocated block device:0x400903ff8e00 size:3072 thread:1
allocated block device:0x400903ff9a00 size:512 thread:1
allocated block device:0x400903ff9c00 size:5120 thread:1
allocated block device:0x400903ffb000 size:1536 thread:1
allocated block device:0x400903ffb600 size:2560 thread:1
allocated block device:0x400903ffc000 size:1536 thread:1
allocated block device:0x400903ffc600 size:2048 thread:1
allocated block device:0x400903ffce00 size:6144 thread:1
allocated block device:0x400903ffe600 size:6144 thread:1
allocated block device:0x400903fffe00 size:512 thread:1
allocated block device:0x400904000000 size:1821184 thread:1
allocated block device:0x4009041bca00 size:180224 thread:1
allocated block device:0x4009041e8a00 size:6144 thread:1
allocated block device:0x4009041ea200 size:2560 thread:1
allocated block device:0x4009041eac00 size:512 thread:1
allocated block device:0x4009041eae00 size:512 thread:1
allocated block device:0x4009041eb000 size:512 thread:1
allocated block device:0x4009041eb200 size:512 thread:1
allocated block device:0x4009041eb400 size:512 thread:1
allocated block device:0x4009041eb600 size:512 thread:1
allocated block device:0x4009041eb800 size:512 thread:1
allocated block device:0x4009041eba00 size:512 thread:1
allocated block device:0x4009041ebc00 size:1536 thread:1
allocated block device:0x4009041ec200 size:1536 thread:1
allocated block device:0x4009041ec800 size:512 thread:1
allocated block device:0x4009041eca00 size:2560 thread:1
allocated block device:0x4009041ed400 size:6144 thread:1
allocated block device:0x4009041eec00 size:28672 thread:1
allocated block device:0x4009041f5c00 size:40448 thread:1
allocated block device:0x4009041ffa00 size:512 thread:1
allocated block device:0x400904200000 size:1821184 thread:1
allocated block device:0x4009043bca00 size:180224 thread:1
allocated block device:0x4009043e8a00 size:8192 thread:1
allocated block device:0x4009043eaa00 size:8192 thread:1
allocated block device:0x4009043eca00 size:40448 thread:1
allocated block device:0x4009043f6800 size:8192 thread:1
allocated block device:0x4009043f8800 size:2048 thread:1
allocated block device:0x4009043fb400 size:2560 thread:1
allocated block device:0x4009043fca00 size:3072 thread:1
allocated block device:0x400904c00000 size:7284736 thread:1
allocated block device:0x400905400000 size:45593600 thread:1
allocated block device:0x40091cc00000 size:7284736 thread:1
allocated block device:0x400920000000 size:807412224 thread:1
allocated block device:0x400960000000 size:230400000 thread:1
allocated block device:0x40097b85fa00 size:921600 thread:1
allocated block device:0x40097b940a00 size:464896 thread:1
allocated block device:0x40097b9c1e00 size:98304 thread:1
allocated block device:0x40097b9d9e00 size:98304 thread:1
allocated block device:0x40097ba00000 size:2799616 thread:1
allocated block device:0x40097be00000 size:7962624 thread:1
allocated block device:0x4011a3400000 size:3614720 thread:1
allocated block device:0x4011a3800000 size:3614720 thread:1
allocated block device:0x4011a3c00000 size:3614720 thread:1
allocated block device:0x4011a4000000 size:3614720 thread:1
allocated block device:0x4011a4400000 size:453632 thread:1
allocated block device:0x4011a446ec00 size:453632 thread:1
allocated block device:0x4011a459d800 size:393216 thread:1
allocated block device:0x4011a4600000 size:2799616 thread:1
allocated block device:0x4011a4a00000 size:14400000 thread:1
allocated block device:0x4011a5800000 size:28917760 thread:1
allocated block device:0x4012a3400000 size:230400000 thread:1
allocated block device:0x4012b1000000 size:230400000 thread:1
allocated block device:0x4012e3400000 size:230400000 thread:1
allocated block device:0x4012f1000000 size:230400000 thread:1
allocated block device:0x401323400000 size:230400000 thread:1
allocated block device:0x401331000000 size:230400000 thread:1
allocated block device:0x401363400000 size:230400000 thread:1
allocated block device:0x401371000000 size:230400000 thread:1
allocated block device:0x4013a3400000 size:29138944 thread:1
allocated block device:0x4013a5000000 size:29138944 thread:1
allocated block device:0x4013a6c00000 size:393216 thread:1
allocated block device:0x4013a6e00000 size:233111552 thread:1
allocated block device:0x4013b4e00000 size:3145728 thread:1
allocated block device:0x4013b5200000 size:7284736 thread:1
allocated block device:0x4013b5a00000 size:7284736 thread:1
allocated block device:0x4013b6200000 size:7284736 thread:1
allocated block device:0x4013b6a00000 size:7284736 thread:1
allocated block device:0x4013b7200000 size:14569472 thread:1
Accelerator Fatal Error: call to cuMemAlloc returned error 2 (CUDA_ERROR_OUT_OF_MEMORY): Out of memory
 File: /lus/lfs1aip2/projects/u6cb/software/VASP/vasp.6.5.1/build/gam/hamil.f90
 Function: hamiltmu:978
 Line: 1005

Out of memory allocating 921600000 bytes of device memory
Failing in Thread:1
total/free CUDA memory: 102005473280/11231035392
Present table dump for device[1]: NVIDIA Tesla GPU 0, compute capability 9.0, threadid=1
Hint: specify 0x800 bit in NV_ACC_DEBUG for verbose info.
host:0x2557280 device:0x4008c3df6c00 size:32 presentcount:0+3 line:643 name:var%comm
host:0x25572a0 device:0x4008c3dbca00 size:32 presentcount:0+4 line:652 name:var%comm_kinter
host:0x25572c0 device:0x4008c3dbcc00 size:32 presentcount:0+6 line:655 name:var%comm_kin
host:0x25572e0 device:0x40063e5ffa00 size:32 presentcount:0+3 line:646 name:var%comm_inter
host:0x2557300 device:0x40063e5ffc00 size:32 presentcount:0+7 line:649 name:var%comm_inb
host:0x256be80 device:0x40063a0ecd00 size:8 presentcount:0+1 line:-1 name:_setexm_struct_def_21
host:0x2576f40 device:0x40063a0ece00 size:28 presentcount:0+1 line:-1 name:_ml_ff_constant_21
host:0x2577c80 device:0x40063a0ecf00 size:30437 presentcount:0+1 line:-1 name:_ml_ff_taglist_21
host:0x25afc80 device:0x40063a0f4600 size:8 presentcount:0+1 line:-1 name:_mopenacc_tutor_21
host:0x25c2740 device:0x40063a0f4a00 size:32 presentcount:0+1 line:-1 name:_mbj_21
host:0x25cd640 device:0x40063a0f4d00 size:8 presentcount:0+1 line:-1 name:_sym_prec_21
host:0x26030c0 device:0x40063a0f4e00 size:344 presentcount:0+1 line:-1 name:_tet_21
host:0x261c840 device:0x40063a0f5000 size:392 presentcount:0+1 line:-1 name:_mymath_21
host:0x2817368 device:0x4008c3dbd800 size:4800 presentcount:0+2 line:614 name:var
host:0x2818628 device:0x4008c3df5000 size:1984 presentcount:0+2 line:403 name:var
host:0x281a910 device:0x4007fc3ff600 size:864 presentcount:0+4 line:2639 name:hamiltonian
host:0x286ac80 device:0x4008c3dfe600 size:2712 presentcount:0+2 line:428 name:var
host:0x286b718 device:0x40083c3fea00 size:2248 presentcount:0+1 line:742 name:var
host:0x286eb50 device:0x4008c41ffa00 size:288 presentcount:0+1 line:195 name:latt_cur
host:0x2871658 device:0x40063e5fc000 size:5088 presentcount:0+28 line:517 name:var
host:0x2872a38 device:0x4007703fa600 size:5088 presentcount:0+6 line:517 name:var
host:0x2873e18 device:0x4008c3ff9c00 size:5088 presentcount:0+7 line:517 name:var
host:0x287a2a8 device:0x4008c41eba00 size:304 presentcount:0+1 line:567 name:var
host:0x287a3d8 device:0x4008c41ec800 size:304 presentcount:0+1 line:567 name:var
host:0x2e48ec0 device:0x40063a002600 size:960024 presentcount:0+1 line:-1 name:_setexm_struct_def_16
host:0x2f8f080 device:0x40063a0f4700 size:580 presentcount:0+1 line:-1 name:_wpbe_16
host:0x2f8f900 device:0x40063a0f4b00 size:288 presentcount:0+1 line:-1 name:_mbj_16
host:0x9f446c0 device:0x40063a0f5200 size:624 presentcount:0+1 line:-1 name:_mlr_optic_16
host:0x491f4e60 device:0x4008c3dbf600 size:1000 presentcount:0+4 line:519 name:var%lpctz(:)
host:0x491f7e70 device:0x4008c41eae00 size:260 presentcount:0+1 line:499 name:var%ptri(:)
host:0x491f8160 device:0x4007703ffc00 size:260 presentcount:0+1 line:499 name:var%n(:)
host:0x4a3bb2e0 device:0x4007703fd600 size:528 presentcount:0+1 line:480 name:var
host:0x4e60bf70 device:0x40063e5ffe00 size:8 presentcount:0+4 line:405 name:var%nityp(:)
host:0x4eacdf80 device:0x4007703ffe00 size:260 presentcount:0+1 line:499 name:var%ptr(:)
host:0x4ef7bde0 device:0x4008c3dff600 size:8 presentcount:0+3 line:616 name:var%nt_global(:)
host:0x4ef7bed0 device:0x4008c3dff200 size:8 presentcount:0+3 line:616 name:var%lmmax(:)
host:0x4ef7bf00 device:0x4008c3dffa00 size:8 presentcount:0+2 line:616 name:var%wtkpt(:)
host:0x4ef7bf30 device:0x4008c3dff400 size:8 presentcount:0+3 line:616 name:var%nityp(:)
host:0x4ef88c70 device:0x4008c41eec00 size:28464 presentcount:0+1 line:853 name:var(:)
host:0x4ef9b3d0 device:0x4008c43eca00 size:40000 presentcount:0+1 line:857 name:var%psp(:,:)
host:0x4efa5040 device:0x4008c43f6800 size:8000 presentcount:0+1 line:857 name:var%psprho(:)
host:0x4efa82d0 device:0x4008c3ff2000 size:24000 presentcount:0+2 line:466 name:var%psprnl(:,:,:)
host:0x4efd7cb0 device:0x4008c3fe9c00 size:4320 presentcount:0+4 line:405 name:var%ityp(:)
host:0x4efd8dc0 device:0x4008c3df8000 size:25920 presentcount:0+4 line:405 name:var%posion(:,:)
host:0x4f01c140 device:0x4008c41f5c00 size:40000 presentcount:0+1 line:857 name:var%psp(:,:)
host:0x4f025db0 device:0x4008c43e8a00 size:8000 presentcount:0+1 line:857 name:var%pspcor(:)
host:0x4f027d20 device:0x4008c43eaa00 size:8000 presentcount:0+1 line:857 name:var%psprho(:)
host:0x4f02afb0 device:0x4008c3fec000 size:24000 presentcount:0+2 line:466 name:var%psprnl(:,:,:)
host:0x4f077f70 device:0x40083c3ff800 size:24 presentcount:0+3 line:466 name:var%lps(:)
host:0x4f078020 device:0x40083c3ffc00 size:24 presentcount:0+3 line:466 name:var%lps(:)
host:0x4f0e18e0 device:0x4008c3dff800 size:24 presentcount:0+3 line:616 name:var%vkpt(:,:)
host:0x4f106c70 device:0x4008c3dbd600 size:16 presentcount:0+2 line:430 name:var%psrmax(:)
host:0x4f107230 device:0x4008c3fe8a00 size:4320 presentcount:0+3 line:616 name:var%ityp(:)
host:0x4f108340 device:0x4008c3df6e00 size:4320 presentcount:0+3 line:616 name:var%npro_pos(:)
host:0x4f109450 device:0x4008c3df5a00 size:4324 presentcount:0+3 line:616 name:var%lmbase(:)
host:0x4f10a560 device:0x4008c3dffe00 size:4 presentcount:0+2 line:616 name:var%nplwkp(:)
host:0x4f10a590 device:0x4008c3ff1e00 size:4 presentcount:0+2 line:616 name:var%nplwkp_tot(:)
host:0x4f10a5c0 device:0x4008c3ff7e00 size:4 presentcount:0+2 line:616 name:var%ngvector_pos(:)
host:0x4f10a5f0 device:0x4008c3dffc00 size:4 presentcount:0+2 line:616 name:var%ngvector(:)
host:0x4f10a620 device:0x4008c3dbec00 size:1280 presentcount:0+4 line:519 name:var%lpctx(:)
host:0x4f10ab50 device:0x4008c3dbf200 size:720 presentcount:0+4 line:519 name:var%lpcty(:)
host:0x4f10ae50 device:0x4008c3dbfa00 size:1280 presentcount:0+4 line:519 name:var%lpctx_(:)
host:0x4f10b380 device:0x4008c3dc0000 size:720 presentcount:0+4 line:519 name:var%lpcty_(:)
host:0x4f10b680 device:0x4008c3dc0400 size:1000 presentcount:0+4 line:519 name:var%lpctz_(:)
host:0x4f10ba90 device:0x4007703fba00 size:1280 presentcount:0+1 line:519 name:var%lpctx(:)
host:0x4f10bfc0 device:0x4007703fc000 size:720 presentcount:0+1 line:519 name:var%lpcty(:)
host:0x4f10c2c0 device:0x4007703fc400 size:1000 presentcount:0+1 line:519 name:var%lpctz(:)
host:0x4f10c6d0 device:0x4007703fc800 size:1280 presentcount:0+1 line:519 name:var%lpctx_(:)
host:0x4f10cc00 device:0x4007703fce00 size:720 presentcount:0+1 line:519 name:var%lpcty_(:)
host:0x4f10cf00 device:0x4007703fd200 size:1000 presentcount:0+1 line:519 name:var%lpctz_(:)
host:0x4f10d310 device:0x4008c3ff8200 size:2560 presentcount:0+1 line:519 name:var%lpctx(:)
host:0x4f10dd40 device:0x4008c3ffb000 size:1440 presentcount:0+1 line:519 name:var%lpcty(:)
host:0x4f10e310 device:0x4008c3ff8e00 size:2000 presentcount:0+1 line:519 name:var%lpctz(:)
host:0x4f10eb10 device:0x4008c3ffb600 size:2560 presentcount:0+1 line:519 name:var%lpctx_(:)
host:0x4f10f540 device:0x4008c3ffc000 size:1440 presentcount:0+1 line:519 name:var%lpcty_(:)
host:0x4f10fb10 device:0x4008c3ffc600 size:2000 presentcount:0+1 line:519 name:var%lpctz_(:)
host:0x4f203170 device:0x4008c3ffce00 size:5648 presentcount:0+1 line:482 name:var%i2(:)
host:0x4f2047b0 device:0x4008c3ffe600 size:5648 presentcount:0+1 line:482 name:var%i3(:)
host:0x4f205df0 device:0x4007703f4c00 size:10040 presentcount:0+1 line:482 name:var%i2(:)
host:0x4f208550 device:0x4007703f7400 size:10040 presentcount:0+1 line:482 name:var%i3(:)
host:0x4f20acb0 device:0x4007703ed800 size:14400 presentcount:0+2 line:482 name:var%i2(:)
host:0x4f20e520 device:0x4007703f1200 size:14400 presentcount:0+2 line:482 name:var%i3(:)
host:0x4f2121b0 device:0x40095b85fa00 size:921600 presentcount:0+2 line:482 name:var%index(:,:)
host:0x4f2f31e0 device:0x4008c41eca00 size:2560 presentcount:0+1 line:569 name:var%ind1(:)
host:0x4f2f3c10 device:0x4008c41ed400 size:5648 presentcount:0+1 line:569 name:var%indcol(:)
host:0x4f2f5250 device:0x4007703fda00 size:5648 presentcount:0+1 line:482 name:var%i2(:)
host:0x4f2f6890 device:0x4008c41e8a00 size:5648 presentcount:0+1 line:482 name:var%i3(:)
host:0x4f2f7ed0 device:0x4007703ff200 size:2520 presentcount:0+1 line:482 name:var%i2(:)
host:0x4f2f88d0 device:0x4008c41ea200 size:2520 presentcount:0+1 line:482 name:var%i3(:)
host:0x4f2f92d0 device:0x40063e5fd400 size:4320 presentcount:0+2 line:430 name:var%nlimax(:)
host:0x4f2fa3e0 device:0x40063e5fe600 size:4324 presentcount:0+2 line:430 name:var%lmbase(:)
host:0x4f2fb4f0 device:0x400770390600 size:4324 presentcount:0+2 line:430 name:var%nlibase(:)
host:0x4f2fc600 device:0x4008c3dc0800 size:17132 presentcount:0+4 line:519 name:var%nindpwconjg(:)
host:0x4f300920 device:0x4008c3dc4c00 size:17132 presentcount:0+4 line:519 name:var%ind_in_sphere(:)
host:0x4f333380 device:0x4008c41ebc00 size:1280 presentcount:0+1 line:569 name:var%ind1(:)
host:0x4f3338b0 device:0x4008c41ec200 size:1448 presentcount:0+1 line:569 name:var%indcol(:)
host:0x4f333e80 device:0x400770338600 size:180000 presentcount:0+4 line:482 name:var%i2(:)
host:0x4f35fdd0 device:0x400770364600 size:180000 presentcount:0+4 line:482 name:var%i3(:)
host:0x4f38bd20 device:0x4008c3dc9000 size:180000 presentcount:0+8 line:482 name:var%index(:,:)
host:0x4f3b7c70 device:0x4008c43bca00 size:180000 presentcount:0+8 line:482 name:var%i2(:)
host:0x4f3e3bc0 device:0x400770391800 size:180000 presentcount:0+8 line:482 name:var%i3(:)
host:0x4f410140 device:0x4008c3e00000 size:1821184 presentcount:0+3 line:616 name:var%nindpw(:,:)
host:0x4f5ccb70 device:0x4008c3df5800 size:8 presentcount:0+2 line:616 name:var%nb_totk(:,:)
host:0x4f5ccba0 device:0x4008c3ff8000 size:4 presentcount:0+2 line:616 name:var%luseinv(:)
host:0x4f5ccbd0 device:0x4008c3dbd200 size:4 presentcount:0+2 line:616 name:var%at_gamma(:)
host:0x4f5ccc00 device:0x4008c3fbca00 size:180000 presentcount:0+3 line:616 name:var%pl_index(:,:)
host:0x4f5f8b50 device:0x4008c41bca00 size:180000 presentcount:0+3 line:616 name:var%pl_col(:,:)
host:0x4f624aa0 device:0x4008c3ff9a00 size:8 presentcount:0+2 line:405 name:var%lmmax(:)
host:0x4f624ad0 device:0x4008c3dbce00 size:8 presentcount:0+2 line:430 name:var%lmax(:)
host:0x4f624b00 device:0x4008c3feae00 size:4324 presentcount:0+2 line:405 name:var%lmbase(:)
host:0x4f625c10 device:0x4008c3dbd000 size:8 presentcount:0+2 line:430 name:var%lmmax(:)
host:0x4f625c40 device:0x4008c3dbd400 size:8 presentcount:0+2 line:430 name:var%channels(:)
host:0x4f625c70 device:0x40083c3ff400 size:16 presentcount:0+2 line:430 name:var%rsmooth(:)
host:0x4f625cb0 device:0x40083c3ff600 size:400 presentcount:0+2 line:464 name:var
host:0x4f625e40 device:0x40083c3ffa00 size:400 presentcount:0+2 line:464 name:var
host:0x4f696860 device:0x40095b940a00 size:463360 presentcount:0+1 line:499 name:var%tbl(:)
host:0x4f707a90 device:0x4008c41eac00 size:260 presentcount:0+1 line:499 name:var%ni(:)
host:0x4f707bc0 device:0x4008c41eb200 size:260 presentcount:0+1 line:499 name:var%ptr(:)
host:0x4f707cf0 device:0x4008c41eb000 size:260 presentcount:0+1 line:499 name:var%n(:)
host:0x4f707e20 device:0x4008c41eb800 size:4 presentcount:0+1 line:499 name:var%tbli(:)
host:0x4f707e50 device:0x4008c41eb600 size:260 presentcount:0+1 line:499 name:var%ptri(:)
host:0x4f707f80 device:0x4008c41eb400 size:260 presentcount:0+1 line:499 name:var%ni(:)
host:0x4f718940 device:0x40063e5ff800 size:260 presentcount:0+1 line:499 name:var%ptr(:)
host:0x4f727a30 device:0x40083c3ffe00 size:260 presentcount:0+1 line:499 name:var%n(:)
host:0x4f727b60 device:0x4007703f9c00 size:260 presentcount:0+1 line:499 name:var%ptri(:)
host:0x4f727c90 device:0x4008c3fffe00 size:260 presentcount:0+1 line:499 name:var%ni(:)
host:0x4f727dc0 device:0x4007703fa000 size:260 presentcount:0+1 line:499 name:var%ptr(:)
host:0x4f727ef0 device:0x4007703f9e00 size:260 presentcount:0+1 line:499 name:var%n(:)
host:0x4f728020 device:0x4007703fa400 size:260 presentcount:0+1 line:499 name:var%ptri(:)
host:0x4f728150 device:0x4007703fa200 size:260 presentcount:0+1 line:499 name:var%ni(:)
host:0x4f873610 device:0x4008c4c00000 size:7284736 presentcount:0+3 line:616 name:var%datake(:,:,:)
host:0x4ff66890 device:0x4008c4000000 size:1821184 presentcount:0+3 line:616 name:var%igx(:,:)
host:0x50123f20 device:0x4008c3c00000 size:1821184 presentcount:0+3 line:616 name:var%igy(:,:)
host:0x502e17c0 device:0x4008c4200000 size:1821184 presentcount:0+3 line:616 name:var%igz(:,:)
host:0x5049f690 device:0x4008dcc00000 size:7284272 presentcount:0+4 line:519 name:var%fftsca(:,:)
host:0x50c02f20 device:0x401184400000 size:453600 presentcount:0+1 line:499 name:var%tbli(:)
host:0x50c71b30 device:0x40118446ec00 size:453600 presentcount:0+1 line:499 name:var%tbl(:)
host:0x50de2a10 device:0x401183400000 size:3614720 presentcount:0+1 line:499 name:var%tbl(:)
host:0x51352420 device:0x40063e5f1e00 size:41472 presentcount:0+1 line:746 name:var%auxtot(:,:,:)
host:0x513f2420 device:0x40077031a000 size:41472 presentcount:0+2 line:746 name:var%fertot(:,:,:)
host:0x51400030 device:0x400770324200 size:82944 presentcount:0+2 line:746 name:var%celtot(:,:,:)
host:0x514cae00 device:0x401183800000 size:3614400 presentcount:0+1 line:499 name:var%tbli(:)
host:0x5183f1d0 device:0x401183c00000 size:3614400 presentcount:0+1 line:499 name:var%tbl(:)
host:0x51f27fa0 device:0x401184000000 size:3614400 presentcount:0+1 line:499 name:var%tbli(:)
host:0x5375c1e0 device:0x40095ba00000 size:2799360 presentcount:0+2 line:194 name:cdij(:,:,:,:)
host:0x53a0b900 device:0x401184600000 size:2799360 presentcount:0+2 line:194 name:cqij(:,:,:,:)
host:0x53f6b5b0 device:0x40095be00000 size:7962624 presentcount:0+5 line:746 name:var%gproj(:,:,:,:)
host:0x54926ce0 device:0x4007703d5800 size:98304 presentcount:0+1 line:1101 name:w1%gproj(:)
host:0x549a5450 device:0x4011845fd800 size:2048 presentcount:0+1 line:179 name:w1(:)
host:0x549a5c70 device:0x4008c43fbe00 size:2048 presentcount:0+1 line:179 name:wtmp(:)
host:0x54b2d2d0 device:0x40118459d800 size:393216 presentcount:0+2 line:1226 name:wa%gproj(:,:)
host:0x54b8d300 device:0x401386c00000 size:393216 presentcount:0+2 line:1226 name:wa%gproj(:,:)
host:0x54bed330 device:0x4007703bd800 size:98304 presentcount:0+1 line:1101 name:w1%gproj(:)
host:0x54c05360 device:0x40095b9cba00 size:98304 presentcount:0+1 line:1101 name:w1%gproj(:)
host:0x54c1d390 device:0x40095b9e3a00 size:98304 presentcount:0+1 line:1101 name:w1%gproj(:)
host:0x5d3d2620 device:0x401394e00000 size:3145728 presentcount:0+2 line:1226 name:wa%gproj(:,:)
host:0x624fefb0 device:0x401395200000 size:14569472 presentcount:0+1 line:202 name:precon(:,:)
host:0x632eb570 device:0x4008c4400000 size:7284736 presentcount:0+1 line:1101 name:w1%cptwfp(:)
host:0x639e5960 device:0x4008c3400000 size:7284736 presentcount:0+1 line:1101 name:w1%cptwfp(:)
host:0x640e0380 device:0x4010cce00000 size:7284736 presentcount:0+1 line:1101 name:w1%cptwfp(:)
host:0x647d2dc0 device:0x4010cf800000 size:7284736 presentcount:0+1 line:1101 name:w1%cptwfp(:)
host:0x4007800010a0 device:0x4008c5400000 size:45593280 presentcount:0+2 line:430 name:var%nli(:,:)
host:0x400782b812b0 device:0x4008e0000000 size:807411968 presentcount:0+2 line:430 name:var%rproj(:)
host:0x4007b49335c0 device:0x401184a00000 size:14400000 presentcount:0+1 line:195 name:dencor(:)
host:0x4007b64c39e0 device:0x401185800000 size:28917760 presentcount:0+1 line:195 name:cstrf(:,:)
host:0x4008600031a0 device:0x400940000000 size:230400000 presentcount:0+2 line:194 name:sv(:,:)
host:0x40086dbc4a60 device:0x4008a0000000 size:590063616 presentcount:0+5 line:746 name:var%cptwfp(:,:,:,:)
host:0x400890e86d70 device:0x401383400000 size:29138944 presentcount:0+2 line:1226 name:wa%cptwfp(:,:)
host:0x400892a66f80 device:0x401385000000 size:29138944 presentcount:0+2 line:1226 name:wa%cptwfp(:,:)
host:0x400920007190 device:0x401386e00000 size:233111552 presentcount:0+2 line:1226 name:wa%cptwfp(:,:)
host:0x4009832c77c0 device:0x401165600000 size:230400000 presentcount:0+1 line:1101 name:w1%cr(:)
host:0x400990e979d0 device:0x400910400000 size:230400000 presentcount:0+1 line:1236 name:w1%cr(:)
host:0x4009e0007df0 device:0x40094dc00000 size:230400000 presentcount:0+1 line:1101 name:w1%cr(:)
host:0x4009edbd8000 device:0x4008c8000000 size:230400000 presentcount:0+1 line:1236 name:w1%cr(:)
host:0x4009fb7a8420 device:0x401343400000 size:230400000 presentcount:0+1 line:1101 name:w1%cr(:)
host:0x400a09370020 device:0x401351000000 size:230400000 presentcount:0+1 line:1236 name:w1%cr(:)
host:0x400ee0000440 device:0x401303400000 size:230400000 presentcount:0+1 line:1101 name:w1%cr(:)
host:0x400eedbc0650 device:0x401311000000 size:230400000 presentcount:0+1 line:1236 name:w1%cr(:)
host:0xffffeaa88940 device:0x4008c43fca00 size:3024 presentcount:0+12 line:682 name:var
host:0xffffeaa89510 device:0x4007fc3ffa00 size:1480 presentcount:0+1 line:174 name:w_ini
host:0xffffeaa89ae0 device:0x4008c43fb400 size:1480 presentcount:0+1 line:174 name:wopt
host:0xffffeaa8a0b0 device:0x4007dc3ff600 size:1480 presentcount:0+1 line:174 name:wtmpa
allocated block device:0x40063e5f1e00 size:41472 thread:1
allocated block device:0x40063e5fc000 size:5120 thread:1
allocated block device:0x40063e5fd400 size:4608 thread:1
allocated block device:0x40063e5fe600 size:4608 thread:1
allocated block device:0x40063e5ff800 size:512 thread:1
allocated block device:0x40063e5ffa00 size:512 thread:1
allocated block device:0x40063e5ffc00 size:512 thread:1
allocated block device:0x40063e5ffe00 size:512 thread:1
allocated block device:0x40077031a000 size:41472 thread:1
allocated block device:0x400770324200 size:82944 thread:1
allocated block device:0x400770338600 size:180224 thread:1
allocated block device:0x400770364600 size:180224 thread:1
allocated block device:0x400770390600 size:4608 thread:1
allocated block device:0x400770391800 size:180224 thread:1
allocated block device:0x4007703bd800 size:98304 thread:1
allocated block device:0x4007703d5800 size:98304 thread:1
allocated block device:0x4007703ed800 size:14848 thread:1
allocated block device:0x4007703f1200 size:14848 thread:1
allocated block device:0x4007703f4c00 size:10240 thread:1
allocated block device:0x4007703f7400 size:10240 thread:1
allocated block device:0x4007703f9c00 size:512 thread:1
allocated block device:0x4007703f9e00 size:512 thread:1
allocated block device:0x4007703fa000 size:512 thread:1
allocated block device:0x4007703fa200 size:512 thread:1
allocated block device:0x4007703fa400 size:512 thread:1
allocated block device:0x4007703fa600 size:5120 thread:1
allocated block device:0x4007703fba00 size:1536 thread:1
allocated block device:0x4007703fc000 size:1024 thread:1
allocated block device:0x4007703fc400 size:1024 thread:1
allocated block device:0x4007703fc800 size:1536 thread:1
allocated block device:0x4007703fce00 size:1024 thread:1
allocated block device:0x4007703fd200 size:1024 thread:1
allocated block device:0x4007703fd600 size:1024 thread:1
allocated block device:0x4007703fda00 size:6144 thread:1
allocated block device:0x4007703ff200 size:2560 thread:1
allocated block device:0x4007703ffc00 size:512 thread:1
allocated block device:0x4007703ffe00 size:512 thread:1
allocated block device:0x4007dc3ff600 size:2048 thread:1
allocated block device:0x4007fc3ff600 size:1024 thread:1
allocated block device:0x4007fc3ffa00 size:1536 thread:1
allocated block device:0x40083c3fea00 size:2560 thread:1
allocated block device:0x40083c3ff400 size:512 thread:1
allocated block device:0x40083c3ff600 size:512 thread:1
allocated block device:0x40083c3ff800 size:512 thread:1
allocated block device:0x40083c3ffa00 size:512 thread:1
allocated block device:0x40083c3ffc00 size:512 thread:1
allocated block device:0x40083c3ffe00 size:512 thread:1
allocated block device:0x4008a0000000 size:590063616 thread:1
allocated block device:0x4008c3400000 size:7962624 thread:1
allocated block device:0x4008c3c00000 size:1821184 thread:1
allocated block device:0x4008c3dbca00 size:512 thread:1
allocated block device:0x4008c3dbcc00 size:512 thread:1
allocated block device:0x4008c3dbce00 size:512 thread:1
allocated block device:0x4008c3dbd000 size:512 thread:1
allocated block device:0x4008c3dbd200 size:512 thread:1
allocated block device:0x4008c3dbd400 size:512 thread:1
allocated block device:0x4008c3dbd600 size:512 thread:1
allocated block device:0x4008c3dbd800 size:5120 thread:1
allocated block device:0x4008c3dbec00 size:1536 thread:1
allocated block device:0x4008c3dbf200 size:1024 thread:1
allocated block device:0x4008c3dbf600 size:1024 thread:1
allocated block device:0x4008c3dbfa00 size:1536 thread:1
allocated block device:0x4008c3dc0000 size:1024 thread:1
allocated block device:0x4008c3dc0400 size:1024 thread:1
allocated block device:0x4008c3dc0800 size:17408 thread:1
allocated block device:0x4008c3dc4c00 size:17408 thread:1
allocated block device:0x4008c3dc9000 size:180224 thread:1
allocated block device:0x4008c3df5000 size:2048 thread:1
allocated block device:0x4008c3df5800 size:512 thread:1
allocated block device:0x4008c3df5a00 size:4608 thread:1
allocated block device:0x4008c3df6c00 size:512 thread:1
allocated block device:0x4008c3df6e00 size:4608 thread:1
allocated block device:0x4008c3df8000 size:26112 thread:1
allocated block device:0x4008c3dfe600 size:3072 thread:1
allocated block device:0x4008c3dff200 size:512 thread:1
allocated block device:0x4008c3dff400 size:512 thread:1
allocated block device:0x4008c3dff600 size:512 thread:1
allocated block device:0x4008c3dff800 size:512 thread:1
allocated block device:0x4008c3dffa00 size:512 thread:1
allocated block device:0x4008c3dffc00 size:512 thread:1
allocated block device:0x4008c3dffe00 size:512 thread:1
allocated block device:0x4008c3e00000 size:1821184 thread:1
allocated block device:0x4008c3fbca00 size:180224 thread:1
allocated block device:0x4008c3fe8a00 size:4608 thread:1
allocated block device:0x4008c3fe9c00 size:4608 thread:1
allocated block device:0x4008c3feae00 size:4608 thread:1
allocated block device:0x4008c3fec000 size:24064 thread:1
allocated block device:0x4008c3ff1e00 size:512 thread:1
allocated block device:0x4008c3ff2000 size:24064 thread:1
allocated block device:0x4008c3ff7e00 size:512 thread:1
allocated block device:0x4008c3ff8000 size:512 thread:1
allocated block device:0x4008c3ff8200 size:3072 thread:1
allocated block device:0x4008c3ff8e00 size:3072 thread:1
allocated block device:0x4008c3ff9a00 size:512 thread:1
allocated block device:0x4008c3ff9c00 size:5120 thread:1
allocated block device:0x4008c3ffb000 size:1536 thread:1
allocated block device:0x4008c3ffb600 size:2560 thread:1
allocated block device:0x4008c3ffc000 size:1536 thread:1
allocated block device:0x4008c3ffc600 size:2048 thread:1
allocated block device:0x4008c3ffce00 size:6144 thread:1
allocated block device:0x4008c3ffe600 size:6144 thread:1
allocated block device:0x4008c3fffe00 size:512 thread:1
allocated block device:0x4008c4000000 size:1821184 thread:1
allocated block device:0x4008c41bca00 size:180224 thread:1
allocated block device:0x4008c41e8a00 size:6144 thread:1
allocated block device:0x4008c41ea200 size:2560 thread:1
allocated block device:0x4008c41eac00 size:512 thread:1
allocated block device:0x4008c41eae00 size:512 thread:1
allocated block device:0x4008c41eb000 size:512 thread:1
allocated block device:0x4008c41eb200 size:512 thread:1
allocated block device:0x4008c41eb400 size:512 thread:1
allocated block device:0x4008c41eb600 size:512 thread:1
allocated block device:0x4008c41eb800 size:512 thread:1
allocated block device:0x4008c41eba00 size:512 thread:1
allocated block device:0x4008c41ebc00 size:1536 thread:1
allocated block device:0x4008c41ec200 size:1536 thread:1
allocated block device:0x4008c41ec800 size:512 thread:1
allocated block device:0x4008c41eca00 size:2560 thread:1
allocated block device:0x4008c41ed400 size:6144 thread:1
allocated block device:0x4008c41eec00 size:28672 thread:1
allocated block device:0x4008c41f5c00 size:40448 thread:1
allocated block device:0x4008c41ffa00 size:512 thread:1
allocated block device:0x4008c4200000 size:1821184 thread:1
allocated block device:0x4008c43bca00 size:180224 thread:1
allocated block device:0x4008c43e8a00 size:8192 thread:1
allocated block device:0x4008c43eaa00 size:8192 thread:1
allocated block device:0x4008c43eca00 size:40448 thread:1
allocated block device:0x4008c43f6800 size:8192 thread:1
allocated block device:0x4008c43fb400 size:2560 thread:1
allocated block device:0x4008c43fbe00 size:3072 thread:1
allocated block device:0x4008c43fca00 size:3072 thread:1
allocated block device:0x4008c4400000 size:7284736 thread:1
allocated block device:0x4008c4c00000 size:7284736 thread:1
allocated block device:0x4008c5400000 size:45593600 thread:1
allocated block device:0x4008c8000000 size:230400000 thread:1
allocated block device:0x4008dcc00000 size:7284736 thread:1
allocated block device:0x4008e0000000 size:807412224 thread:1
allocated block device:0x400910400000 size:230400000 thread:1
allocated block device:0x400940000000 size:230400000 thread:1
allocated block device:0x40094dc00000 size:230400000 thread:1
allocated block device:0x40095b85fa00 size:921600 thread:1
allocated block device:0x40095b940a00 size:463360 thread:1
allocated block device:0x40095b9cba00 size:98304 thread:1
allocated block device:0x40095b9e3a00 size:98304 thread:1
allocated block device:0x40095ba00000 size:2799616 thread:1
allocated block device:0x40095be00000 size:7962624 thread:1
allocated block device:0x4010cce00000 size:14400000 thread:1
allocated block device:0x4010cf800000 size:14400000 thread:1
allocated block device:0x401165600000 size:230400000 thread:1
allocated block device:0x401183400000 size:3614720 thread:1
allocated block device:0x401183800000 size:3614720 thread:1
allocated block device:0x401183c00000 size:3614720 thread:1
allocated block device:0x401184000000 size:3614720 thread:1
allocated block device:0x401184400000 size:453632 thread:1
allocated block device:0x40118446ec00 size:453632 thread:1
allocated block device:0x40118459d800 size:393216 thread:1
allocated block device:0x4011845fd800 size:2048 thread:1
allocated block device:0x401184600000 size:2799616 thread:1
allocated block device:0x401184a00000 size:14400000 thread:1
allocated block device:0x401185800000 size:28917760 thread:1
allocated block device:0x401303400000 size:230400000 thread:1
allocated block device:0x401311000000 size:230400000 thread:1
allocated block device:0x401343400000 size:230400000 thread:1
allocated block device:0x401351000000 size:230400000 thread:1
allocated block device:0x401383400000 size:29138944 thread:1
allocated block device:0x401385000000 size:29138944 thread:1
allocated block device:0x401386c00000 size:393216 thread:1
allocated block device:0x401386e00000 size:233111552 thread:1
allocated block device:0x401394e00000 size:3145728 thread:1
allocated block device:0x401395200000 size:14569472 thread:1
Accelerator Fatal Error: call to cuMemAlloc returned error 2 (CUDA_ERROR_OUT_OF_MEMORY): Out of memory
 File: /lus/lfs1aip2/projects/u6cb/software/VASP/vasp.6.5.1/build/gam/hamil.f90
 Function: hamiltmu:978
 Line: 1005

Out of memory allocating 230400000 bytes of device memory
Failing in Thread:1
srun: error: nid010610: tasks 32-55,57-63: Terminated
srun: error: nid010609: tasks 0-31: Terminated
srun: Force Terminated StepId=3290146.0
