rm: cannot remove 'WAVECAR': No such file or directory
 running  128 mpi-ranks, with    8 threads/rank, on    4 nodes
 distrk:  each k-point on  128 cores,    1 groups
 distr:  one band on    1 cores,  128 groups
 Offloading initialized ...   16 GPUs detected
 WARNING: INIT_OFFLOAD: several MPI-ranks need to share a GPU, which is not
     supported by NCCL. The use of NCCL will be switched off. To avoid this,
     reduce the number of MPI-ranks: #-of-ranks <= #-of-GPUs (on every node!).

Out of memory allocating 230400000 bytes of device memory
Failing in Thread:1
total/free CUDA memory: 102005473280/72548352
Present table dump for device[1]: NVIDIA Tesla GPU 0, compute capability 9.0, threadid=1
Hint: specify 0x800 bit in NV_ACC_DEBUG for verbose info.
host:0x2557280 device:0x40067e3fc000 size:32 presentcount:0+3 line:643 name:var%comm
host:0x25572a0 device:0x4008671ffa00 size:32 presentcount:0+4 line:652 name:var%comm_kinter
host:0x25572c0 device:0x4008671ffc00 size:32 presentcount:0+6 line:655 name:var%comm_kin
host:0x25572e0 device:0x4008671ff400 size:32 presentcount:0+3 line:646 name:var%comm_inter
host:0x2557300 device:0x4008671ff600 size:32 presentcount:0+6 line:649 name:var%comm_inb
host:0x256be80 device:0x40067a0ecd00 size:8 presentcount:0+1 line:-1 name:_setexm_struct_def_21
host:0x2576f40 device:0x40067a0ece00 size:28 presentcount:0+1 line:-1 name:_ml_ff_constant_21
host:0x2577c80 device:0x40067a0ecf00 size:30437 presentcount:0+1 line:-1 name:_ml_ff_taglist_21
host:0x25afc80 device:0x40067a0f4600 size:8 presentcount:0+1 line:-1 name:_mopenacc_tutor_21
host:0x25c2740 device:0x40067a0f4a00 size:32 presentcount:0+1 line:-1 name:_mbj_21
host:0x25cd640 device:0x40067a0f4d00 size:8 presentcount:0+1 line:-1 name:_sym_prec_21
host:0x26030c0 device:0x40067a0f4e00 size:344 presentcount:0+1 line:-1 name:_tet_21
host:0x261c840 device:0x40067a0f5000 size:392 presentcount:0+1 line:-1 name:_mymath_21
host:0x2817368 device:0x40067e3eec00 size:4800 presentcount:0+2 line:614 name:var
host:0x2818628 device:0x40067e3fa400 size:1984 presentcount:0+1 line:403 name:var
host:0x281a910 device:0x4008271ff800 size:864 presentcount:0+4 line:2639 name:hamiltonian
host:0x286ac80 device:0x40067e3fd400 size:2712 presentcount:0+1 line:428 name:var
host:0x286b718 device:0x4008671fae00 size:2248 presentcount:0+1 line:742 name:var
host:0x286eb50 device:0x4008d27ff800 size:288 presentcount:0+1 line:195 name:latt_cur
host:0x2871658 device:0x4008871fe400 size:5088 presentcount:0+21 line:517 name:var
host:0x2872a38 device:0x4008d25f4800 size:5088 presentcount:0+6 line:517 name:var
host:0x2873e18 device:0x4008d25e8a00 size:5088 presentcount:0+7 line:517 name:var
host:0x287a2a8 device:0x4008671fe000 size:304 presentcount:0+1 line:567 name:var
host:0x287a3d8 device:0x4008d25fca00 size:304 presentcount:0+1 line:567 name:var
host:0x2e48ec0 device:0x40067a002600 size:960024 presentcount:0+1 line:-1 name:_setexm_struct_def_16
host:0x2f8f080 device:0x40067a0f4700 size:580 presentcount:0+1 line:-1 name:_wpbe_16
host:0x2f8f900 device:0x40067a0f4b00 size:288 presentcount:0+1 line:-1 name:_mbj_16
host:0x9f446c0 device:0x40067a0f5200 size:624 presentcount:0+1 line:-1 name:_mlr_optic_16
host:0x49f9dd80 device:0x40067e3fe600 size:24 presentcount:0+2 line:616 name:var%vkpt(:,:)
host:0x49f9de50 device:0x40067e3fe800 size:8 presentcount:0+2 line:616 name:var%wtkpt(:)
host:0x49f9de80 device:0x40067e3fe200 size:8 presentcount:0+3 line:616 name:var%nityp(:)
host:0x49f9e000 device:0x40067e3eea00 size:16 presentcount:0+1 line:430 name:var%psrmax(:)
host:0x49f9e040 device:0x40067e3fe000 size:8 presentcount:0+3 line:616 name:var%lmmax(:)
host:0x49f9e070 device:0x40067e3fe400 size:8 presentcount:0+3 line:616 name:var%nt_global(:)
host:0x49f9e0a0 device:0x40067e3ffe00 size:4 presentcount:0+2 line:616 name:var%nplwkp(:)
host:0x49f9e0d0 device:0x4008d23f7200 size:4 presentcount:0+2 line:616 name:var%nplwkp_tot(:)
host:0x49f9e100 device:0x4008d23fd200 size:4 presentcount:0+2 line:616 name:var%ngvector_pos(:)
host:0x49f9e130 device:0x40067e3ffc00 size:4 presentcount:0+2 line:616 name:var%ngvector(:)
host:0x49f9e160 device:0x40067e3fac00 size:8 presentcount:0+2 line:616 name:var%nb_totk(:,:)
host:0x49f9e190 device:0x4008d23fd400 size:4 presentcount:0+2 line:616 name:var%luseinv(:)
host:0x49f9e1c0 device:0x40067e3ee600 size:4 presentcount:0+2 line:616 name:var%at_gamma(:)
host:0x4a6d9470 device:0x4008d25f7800 size:528 presentcount:0+1 line:480 name:var
host:0x4de600f0 device:0x4008871ffa00 size:400 presentcount:0+1 line:464 name:var
host:0x4de60280 device:0x4008871ffe00 size:400 presentcount:0+1 line:464 name:var
host:0x52e30630 device:0x4008671ff800 size:8 presentcount:0+2 line:405 name:var%nityp(:)
host:0x5332ee40 device:0x40067e3f0a00 size:1000 presentcount:0+3 line:519 name:var%lpctz(:)
host:0x537b2040 device:0x4008d27e8a00 size:28464 presentcount:0+1 line:853 name:var(:)
host:0x537c47a0 device:0x4008d29e8a00 size:40000 presentcount:0+1 line:857 name:var%psp(:,:)
host:0x537ce410 device:0x4008d27fd800 size:8000 presentcount:0+1 line:857 name:var%psprho(:)
host:0x537d16a0 device:0x4008d23f7400 size:24000 presentcount:0+1 line:466 name:var%psprnl(:,:,:)
host:0x53801080 device:0x4008d23ef000 size:4320 presentcount:0+2 line:405 name:var%ityp(:)
host:0x53802190 device:0x4008d23e8a00 size:25920 presentcount:0+2 line:405 name:var%posion(:,:)
host:0x53845360 device:0x4008d27f9800 size:8000 presentcount:0+1 line:857 name:var%pspcor(:)
host:0x538472d0 device:0x4008d27fb800 size:8000 presentcount:0+1 line:857 name:var%psprho(:)
host:0x5384ae40 device:0x4008d27efa00 size:40000 presentcount:0+1 line:857 name:var%psp(:,:)
host:0x53854ab0 device:0x4008d23f1400 size:24000 presentcount:0+1 line:466 name:var%psprnl(:,:,:)
host:0x53867ce0 device:0x4008d25fa400 size:516 presentcount:0+1 line:499 name:var%ptr(:)
host:0x53894b60 device:0x4008871ffc00 size:24 presentcount:0+2 line:466 name:var%lps(:)
host:0x53894c10 device:0x4008671fb800 size:24 presentcount:0+2 line:466 name:var%lps(:)
host:0x53a1c080 device:0x40067e3fea00 size:4320 presentcount:0+3 line:616 name:var%ityp(:)
host:0x53a1d190 device:0x40067e3fc200 size:4320 presentcount:0+3 line:616 name:var%npro_pos(:)
host:0x53a1e2a0 device:0x40067e3fae00 size:4324 presentcount:0+3 line:616 name:var%lmbase(:)
host:0x53a1f3b0 device:0x40067e3f0000 size:1280 presentcount:0+3 line:519 name:var%lpctx(:)
host:0x53a1f8e0 device:0x40067e3f0600 size:720 presentcount:0+3 line:519 name:var%lpcty(:)
host:0x53a1fbe0 device:0x40067e3f0e00 size:1280 presentcount:0+3 line:519 name:var%lpctx_(:)
host:0x53a20110 device:0x40067e3f1400 size:720 presentcount:0+3 line:519 name:var%lpcty_(:)
host:0x53a20410 device:0x40067e3f1800 size:1000 presentcount:0+3 line:519 name:var%lpctz_(:)
host:0x53a20820 device:0x4008d25f5c00 size:1280 presentcount:0+1 line:519 name:var%lpctx(:)
host:0x53a20d50 device:0x4008d25f6200 size:720 presentcount:0+1 line:519 name:var%lpcty(:)
host:0x53a21050 device:0x4008d25f6600 size:1000 presentcount:0+1 line:519 name:var%lpctz(:)
host:0x53a21460 device:0x4008d25f6a00 size:1280 presentcount:0+1 line:519 name:var%lpctx_(:)
host:0x53a21990 device:0x4008d25f7000 size:720 presentcount:0+1 line:519 name:var%lpcty_(:)
host:0x53a21c90 device:0x4008d25f7400 size:1000 presentcount:0+1 line:519 name:var%lpctz_(:)
host:0x53a220a0 device:0x4008d23fd600 size:2560 presentcount:0+1 line:519 name:var%lpctx(:)
host:0x53a22ad0 device:0x4008d23ff000 size:1440 presentcount:0+1 line:519 name:var%lpcty(:)
host:0x53a230a0 device:0x4008d23fe200 size:2000 presentcount:0+1 line:519 name:var%lpctz(:)
host:0x53a238a0 device:0x4008d23ff600 size:2560 presentcount:0+1 line:519 name:var%lpctx_(:)
host:0x53a242d0 device:0x4008d25e9e00 size:1440 presentcount:0+1 line:519 name:var%lpcty_(:)
host:0x53a248a0 device:0x4008d25ea400 size:2000 presentcount:0+1 line:519 name:var%lpctz_(:)
host:0x53b10980 device:0x4008d25ee800 size:2824 presentcount:0+1 line:482 name:var%i2(:)
host:0x53b114b0 device:0x4008d25ef400 size:2824 presentcount:0+1 line:482 name:var%i3(:)
host:0x53b11fe0 device:0x4008d25f0000 size:5020 presentcount:0+1 line:482 name:var%i2(:)
host:0x53b133b0 device:0x4008d25f1400 size:5020 presentcount:0+1 line:482 name:var%i3(:)
host:0x53b14780 device:0x4008d25eac00 size:7200 presentcount:0+2 line:482 name:var%i2(:)
host:0x53b163d0 device:0x4008d25eca00 size:7200 presentcount:0+2 line:482 name:var%i3(:)
host:0x53b18440 device:0x400994c5fa00 size:921600 presentcount:0+2 line:482 name:var%index(:,:)
host:0x53bf9470 device:0x4008d25fcc00 size:2560 presentcount:0+1 line:569 name:var%ind1(:)
host:0x53bf9ea0 device:0x4008d25fd600 size:2824 presentcount:0+1 line:569 name:var%indcol(:)
host:0x53bfa9d0 device:0x4008d25f7c00 size:2824 presentcount:0+1 line:482 name:var%i2(:)
host:0x53bfb500 device:0x4008d25f8800 size:2824 presentcount:0+1 line:482 name:var%i3(:)
host:0x53bfc030 device:0x4008d25f9400 size:1512 presentcount:0+1 line:482 name:var%i2(:)
host:0x53bfc640 device:0x4008d25f9a00 size:1512 presentcount:0+1 line:482 name:var%i3(:)
host:0x53c35080 device:0x4008d25fa000 size:516 presentcount:0+1 line:499 name:var%n(:)
host:0x53c352b0 device:0x4008d25fac00 size:516 presentcount:0+1 line:499 name:var%ptri(:)
host:0x53c354e0 device:0x4008d25fa800 size:516 presentcount:0+1 line:499 name:var%ni(:)
host:0x53c35710 device:0x4008d25fb400 size:516 presentcount:0+1 line:499 name:var%ptr(:)
host:0x53c35940 device:0x4008d25fb000 size:516 presentcount:0+1 line:499 name:var%n(:)
host:0x53c35b70 device:0x4008671fcc00 size:4 presentcount:0+1 line:499 name:var%tbli(:)
host:0x53c35ba0 device:0x4008d25fbc00 size:516 presentcount:0+1 line:499 name:var%ptri(:)
host:0x53c35dd0 device:0x4008d25fb800 size:516 presentcount:0+1 line:499 name:var%ni(:)
host:0x53c361c0 device:0x4008d25fc000 size:1280 presentcount:0+1 line:569 name:var%ind1(:)
host:0x53c366f0 device:0x4008d25fc600 size:720 presentcount:0+1 line:569 name:var%indcol(:)
host:0x53c369f0 device:0x4007b232e800 size:180000 presentcount:0+3 line:482 name:var%i2(:)
host:0x53c62940 device:0x4007b235a800 size:180000 presentcount:0+3 line:482 name:var%i3(:)
host:0x53c8e890 device:0x4008d23bca00 size:180000 presentcount:0+6 line:482 name:var%index(:,:)
host:0x53cba7e0 device:0x4008d29bca00 size:180000 presentcount:0+6 line:482 name:var%i2(:)
host:0x53ce6730 device:0x4007b2386800 size:180000 presentcount:0+6 line:482 name:var%i3(:)
host:0x53d12cb0 device:0x4008d2400000 size:1821184 presentcount:0+2 line:616 name:var%nindpw(:,:)
host:0x53ecf6e0 device:0x4008d25bca00 size:180000 presentcount:0+2 line:616 name:var%pl_index(:,:)
host:0x53efb630 device:0x4008d27bca00 size:180000 presentcount:0+2 line:616 name:var%pl_col(:,:)
host:0x53f27580 device:0x4008d23fee00 size:8 presentcount:0+1 line:405 name:var%lmmax(:)
host:0x53f275b0 device:0x4008671ffe00 size:8 presentcount:0+1 line:430 name:var%lmax(:)
host:0x53f275e0 device:0x4008d23f0200 size:4324 presentcount:0+1 line:405 name:var%lmbase(:)
host:0x53f286f0 device:0x40067e3ee400 size:8 presentcount:0+1 line:430 name:var%lmmax(:)
host:0x53f28720 device:0x40067e3ee800 size:8 presentcount:0+1 line:430 name:var%channels(:)
host:0x53f28750 device:0x4008871ff800 size:16 presentcount:0+1 line:430 name:var%rsmooth(:)
host:0x53f28790 device:0x4008671fba00 size:4320 presentcount:0+1 line:430 name:var%nlimax(:)
host:0x53f298a0 device:0x4008671fce00 size:4324 presentcount:0+1 line:430 name:var%lmbase(:)
host:0x53f2a9b0 device:0x4008671fe200 size:4324 presentcount:0+1 line:430 name:var%nlibase(:)
host:0x53f2bac0 device:0x40067e3f1c00 size:17132 presentcount:0+3 line:519 name:var%nindpwconjg(:)
host:0x53f2fde0 device:0x40067e3f6000 size:17132 presentcount:0+3 line:519 name:var%ind_in_sphere(:)
host:0x53f51970 device:0x4008d25f2c00 size:516 presentcount:0+1 line:499 name:var%ptr(:)
host:0x53f51ba0 device:0x4008d25f2800 size:516 presentcount:0+1 line:499 name:var%n(:)
host:0x53f51dd0 device:0x4008d25f3400 size:516 presentcount:0+1 line:499 name:var%ptri(:)
host:0x53f52000 device:0x4008d25f3000 size:516 presentcount:0+1 line:499 name:var%ni(:)
host:0x53f52230 device:0x4008d25f3c00 size:516 presentcount:0+1 line:499 name:var%ptr(:)
host:0x53f52460 device:0x4008d25f3800 size:516 presentcount:0+1 line:499 name:var%n(:)
host:0x53f52690 device:0x4008d25f4400 size:516 presentcount:0+1 line:499 name:var%ptri(:)
host:0x53f528c0 device:0x4008d25f4000 size:516 presentcount:0+1 line:499 name:var%ni(:)
host:0x5409c9e0 device:0x400995600000 size:7284736 presentcount:0+2 line:616 name:var%datake(:,:,:)
host:0x5478fc60 device:0x4008d2600000 size:1821184 presentcount:0+2 line:616 name:var%igx(:,:)
host:0x5494d2f0 device:0x4008d2200000 size:1821184 presentcount:0+2 line:616 name:var%igy(:,:)
host:0x54b0ab90 device:0x4008d2800000 size:1821184 presentcount:0+2 line:616 name:var%igz(:,:)
host:0x54cc8a60 device:0x4008d3200000 size:7284272 presentcount:0+3 line:519 name:var%fftsca(:,:)
host:0x553f34f0 device:0x400994c00000 size:230400 presentcount:0+1 line:499 name:var%tbl(:)
host:0x55463d50 device:0x400d721b9400 size:181440 presentcount:0+1 line:499 name:var%tbli(:)
host:0x55490240 device:0x400d723b9400 size:181440 presentcount:0+1 line:499 name:var%tbl(:)
host:0x5557c2e0 device:0x400994e00000 size:1807360 presentcount:0+1 line:499 name:var%tbl(:)
host:0x558f1ed0 device:0x400d72000000 size:1807200 presentcount:0+1 line:499 name:var%tbli(:)
host:0x55aacf40 device:0x400d72200000 size:1807200 presentcount:0+1 line:499 name:var%tbl(:)
host:0x55e23650 device:0x400d72400000 size:1807200 presentcount:0+1 line:499 name:var%tbli(:)
host:0x5671a7d0 device:0x4007b231a000 size:83968 presentcount:0+2 line:746 name:var%celtot(:,:,:)
host:0x567a2420 device:0x4008871f4000 size:41984 presentcount:0+1 line:746 name:var%auxtot(:,:,:)
host:0x56be2420 device:0x40067e3e4000 size:41984 presentcount:0+2 line:746 name:var%fertot(:,:,:)
host:0x57ed8250 device:0x4008d2a00000 size:7200000 presentcount:0+1 line:195 name:dencor(:)
host:0x58ca2540 device:0x4008d1e00000 size:2799360 presentcount:0+1 line:194 name:cdij(:,:,:,:)
host:0x58f51c60 device:0x400d72600000 size:2799360 presentcount:0+1 line:194 name:cqij(:,:,:,:)
host:0x594b1910 device:0x400995200000 size:4030464 presentcount:0+1 line:746 name:var%gproj(:,:,:,:)
host:0x59b3e700 device:0x4007b23ca800 size:98304 presentcount:0+1 line:1101 name:w1%gproj(:)
host:0x607c9750 device:0x400994d40a00 size:393216 presentcount:0+2 line:1226 name:wa%gproj(:,:)
host:0x60829780 device:0x400d638c0000 size:393216 presentcount:0+2 line:1226 name:wa%gproj(:,:)
host:0x60890d40 device:0x400ef5600000 size:3145728 presentcount:0+2 line:1226 name:wa%gproj(:,:)
host:0x64abacb0 device:0x4008d29fe200 size:2048 presentcount:0+1 line:179 name:w1(:)
host:0x64abb4d0 device:0x400d721f5600 size:2048 presentcount:0+1 line:179 name:wtmp(:)
host:0x64addb10 device:0x400dd1e00000 size:7284736 presentcount:0+1 line:1101 name:w1%cptwfp(:)
host:0x651d0340 device:0x4007b23b2800 size:98304 presentcount:0+1 line:1101 name:w1%gproj(:)
host:0x651e8370 device:0x400d723e5a00 size:98304 presentcount:0+1 line:1101 name:w1%gproj(:)
host:0x652003a0 device:0x4007b23e2800 size:98304 presentcount:0+1 line:1101 name:w1%gproj(:)
host:0x66214a40 device:0x400d6fa00000 size:7284736 presentcount:0+1 line:1101 name:w1%cptwfp(:)
host:0x6690f670 device:0x400ef5a00000 size:7284736 presentcount:0+1 line:1101 name:w1%cptwfp(:)
host:0x670022c0 device:0x400ef6200000 size:7284736 presentcount:0+1 line:1101 name:w1%cptwfp(:)
host:0x4007100010a0 device:0x4008d3a00000 size:45593280 presentcount:0+1 line:430 name:var%nli(:,:)
host:0x400712b839e0 device:0x400d72a00000 size:14458880 presentcount:0+1 line:195 name:cstrf(:,:)
host:0x400716ff6f80 device:0x400ef1e00000 size:29138944 presentcount:0+2 line:1226 name:wa%cptwfp(:,:)
host:0x40071bc77190 device:0x400ef3a00000 size:29138944 presentcount:0+2 line:1226 name:wa%cptwfp(:,:)
host:0x4007c00012b0 device:0x4008e0000000 size:807411968 presentcount:0+1 line:430 name:var%rproj(:)
host:0x4007f02131a0 device:0x40094dc00000 size:230400000 presentcount:0+1 line:194 name:sv(:,:)
host:0x4008a0004a60 device:0x4008c0000000 size:298674176 presentcount:0+1 line:746 name:var%cptwfp(:,:,:,:)
host:0x4008b1ce73a0 device:0x400dc0000000 size:233111552 presentcount:0+2 line:1226 name:wa%cptwfp(:,:)
host:0x400931ce79d0 device:0x4006c0000000 size:230400000 presentcount:0+1 line:1101 name:w1%cr(:)
host:0x400966e97be0 device:0x400910400000 size:230400000 presentcount:0+1 line:1236 name:w1%cr(:)
host:0x400a00008000 device:0x400980000000 size:230400000 presentcount:0+1 line:1101 name:w1%cr(:)
host:0x400a0dbd8210 device:0x400940000000 size:230400000 presentcount:0+1 line:1236 name:w1%cr(:)
host:0x400c20000020 device:0x400d40000000 size:230400000 presentcount:0+1 line:1101 name:w1%cr(:)
host:0x400c2dbc0230 device:0x400ed1e00000 size:230400000 presentcount:0+1 line:1236 name:w1%cr(:)
host:0x400d20000650 device:0x400eb1e00000 size:230400000 presentcount:0+1 line:1101 name:w1%cr(:)
host:0xfffff21ebbb0 device:0x400d721f6200 size:3024 presentcount:0+11 line:682 name:var
host:0xfffff21ec780 device:0x4008471ff600 size:1480 presentcount:0+1 line:174 name:w_ini
host:0xfffff21ecd50 device:0x4008d25ff600 size:1480 presentcount:0+1 line:174 name:wopt
host:0xfffff21ed320 device:0x4008671fa400 size:1480 presentcount:0+1 line:174 name:wtmpa
allocated block device:0x40067e3e4000 size:41984 thread:1
allocated block device:0x40067e3ee400 size:512 thread:1
allocated block device:0x40067e3ee600 size:512 thread:1
allocated block device:0x40067e3ee800 size:512 thread:1
allocated block device:0x40067e3eea00 size:512 thread:1
allocated block device:0x40067e3eec00 size:5120 thread:1
allocated block device:0x40067e3f0000 size:1536 thread:1
allocated block device:0x40067e3f0600 size:1024 thread:1
allocated block device:0x40067e3f0a00 size:1024 thread:1
allocated block device:0x40067e3f0e00 size:1536 thread:1
allocated block device:0x40067e3f1400 size:1024 thread:1
allocated block device:0x40067e3f1800 size:1024 thread:1
allocated block device:0x40067e3f1c00 size:17408 thread:1
allocated block device:0x40067e3f6000 size:17408 thread:1
allocated block device:0x40067e3fa400 size:2048 thread:1
allocated block device:0x40067e3fac00 size:512 thread:1
allocated block device:0x40067e3fae00 size:4608 thread:1
allocated block device:0x40067e3fc000 size:512 thread:1
allocated block device:0x40067e3fc200 size:4608 thread:1
allocated block device:0x40067e3fd400 size:3072 thread:1
allocated block device:0x40067e3fe000 size:512 thread:1
allocated block device:0x40067e3fe200 size:512 thread:1
allocated block device:0x40067e3fe400 size:512 thread:1
allocated block device:0x40067e3fe600 size:512 thread:1
allocated block device:0x40067e3fe800 size:512 thread:1
allocated block device:0x40067e3fea00 size:4608 thread:1
allocated block device:0x40067e3ffc00 size:512 thread:1
allocated block device:0x40067e3ffe00 size:512 thread:1
allocated block device:0x4006c0000000 size:230400000 thread:1
allocated block device:0x4007b231a000 size:83968 thread:1
allocated block device:0x4007b232e800 size:180224 thread:1
allocated block device:0x4007b235a800 size:180224 thread:1
allocated block device:0x4007b2386800 size:180224 thread:1
allocated block device:0x4007b23b2800 size:98304 thread:1
allocated block device:0x4007b23ca800 size:98304 thread:1
allocated block device:0x4007b23e2800 size:98304 thread:1
allocated block device:0x4008271ff800 size:1024 thread:1
allocated block device:0x4008471ff600 size:1536 thread:1
allocated block device:0x4008671fa400 size:2048 thread:1
allocated block device:0x4008671fae00 size:2560 thread:1
allocated block device:0x4008671fb800 size:512 thread:1
allocated block device:0x4008671fba00 size:4608 thread:1
allocated block device:0x4008671fcc00 size:512 thread:1
allocated block device:0x4008671fce00 size:4608 thread:1
allocated block device:0x4008671fe000 size:512 thread:1
allocated block device:0x4008671fe200 size:4608 thread:1
allocated block device:0x4008671ff400 size:512 thread:1
allocated block device:0x4008671ff600 size:512 thread:1
allocated block device:0x4008671ff800 size:512 thread:1
allocated block device:0x4008671ffa00 size:512 thread:1
allocated block device:0x4008671ffc00 size:512 thread:1
allocated block device:0x4008671ffe00 size:512 thread:1
allocated block device:0x4008871f4000 size:41984 thread:1
allocated block device:0x4008871fe400 size:5120 thread:1
allocated block device:0x4008871ff800 size:512 thread:1
allocated block device:0x4008871ffa00 size:512 thread:1
allocated block device:0x4008871ffc00 size:512 thread:1
allocated block device:0x4008871ffe00 size:512 thread:1
allocated block device:0x4008c0000000 size:298674176 thread:1
allocated block device:0x4008d1e00000 size:4030464 thread:1
allocated block device:0x4008d2200000 size:1821184 thread:1
allocated block device:0x4008d23bca00 size:180224 thread:1
allocated block device:0x4008d23e8a00 size:26112 thread:1
allocated block device:0x4008d23ef000 size:4608 thread:1
allocated block device:0x4008d23f0200 size:4608 thread:1
allocated block device:0x4008d23f1400 size:24064 thread:1
allocated block device:0x4008d23f7200 size:512 thread:1
allocated block device:0x4008d23f7400 size:24064 thread:1
allocated block device:0x4008d23fd200 size:512 thread:1
allocated block device:0x4008d23fd400 size:512 thread:1
allocated block device:0x4008d23fd600 size:3072 thread:1
allocated block device:0x4008d23fe200 size:3072 thread:1
allocated block device:0x4008d23fee00 size:512 thread:1
allocated block device:0x4008d23ff000 size:1536 thread:1
allocated block device:0x4008d23ff600 size:2560 thread:1
allocated block device:0x4008d2400000 size:1821184 thread:1
allocated block device:0x4008d25bca00 size:180224 thread:1
allocated block device:0x4008d25e8a00 size:5120 thread:1
allocated block device:0x4008d25e9e00 size:1536 thread:1
allocated block device:0x4008d25ea400 size:2048 thread:1
allocated block device:0x4008d25eac00 size:7680 thread:1
allocated block device:0x4008d25eca00 size:7680 thread:1
allocated block device:0x4008d25ee800 size:3072 thread:1
allocated block device:0x4008d25ef400 size:3072 thread:1
allocated block device:0x4008d25f0000 size:5120 thread:1
allocated block device:0x4008d25f1400 size:5120 thread:1
allocated block device:0x4008d25f2800 size:1024 thread:1
allocated block device:0x4008d25f2c00 size:1024 thread:1
allocated block device:0x4008d25f3000 size:1024 thread:1
allocated block device:0x4008d25f3400 size:1024 thread:1
allocated block device:0x4008d25f3800 size:1024 thread:1
allocated block device:0x4008d25f3c00 size:1024 thread:1
allocated block device:0x4008d25f4000 size:1024 thread:1
allocated block device:0x4008d25f4400 size:1024 thread:1
allocated block device:0x4008d25f4800 size:5120 thread:1
allocated block device:0x4008d25f5c00 size:1536 thread:1
allocated block device:0x4008d25f6200 size:1024 thread:1
allocated block device:0x4008d25f6600 size:1024 thread:1
allocated block device:0x4008d25f6a00 size:1536 thread:1
allocated block device:0x4008d25f7000 size:1024 thread:1
allocated block device:0x4008d25f7400 size:1024 thread:1
allocated block device:0x4008d25f7800 size:1024 thread:1
allocated block device:0x4008d25f7c00 size:3072 thread:1
allocated block device:0x4008d25f8800 size:3072 thread:1
allocated block device:0x4008d25f9400 size:1536 thread:1
allocated block device:0x4008d25f9a00 size:1536 thread:1
allocated block device:0x4008d25fa000 size:1024 thread:1
allocated block device:0x4008d25fa400 size:1024 thread:1
allocated block device:0x4008d25fa800 size:1024 thread:1
allocated block device:0x4008d25fac00 size:1024 thread:1
allocated block device:0x4008d25fb000 size:1024 thread:1
allocated block device:0x4008d25fb400 size:1024 thread:1
allocated block device:0x4008d25fb800 size:1024 thread:1
allocated block device:0x4008d25fbc00 size:1024 thread:1
allocated block device:0x4008d25fc000 size:1536 thread:1
allocated block device:0x4008d25fc600 size:1024 thread:1
allocated block device:0x4008d25fca00 size:512 thread:1
allocated block device:0x4008d25fcc00 size:2560 thread:1
allocated block device:0x4008d25fd600 size:3072 thread:1
allocated block device:0x4008d25ff600 size:2560 thread:1
allocated block device:0x4008d2600000 size:1821184 thread:1
allocated block device:0x4008d27bca00 size:180224 thread:1
allocated block device:0x4008d27e8a00 size:28672 thread:1
allocated block device:0x4008d27efa00 size:40448 thread:1
allocated block device:0x4008d27f9800 size:8192 thread:1
allocated block device:0x4008d27fb800 size:8192 thread:1
allocated block device:0x4008d27fd800 size:8192 thread:1
allocated block device:0x4008d27ff800 size:512 thread:1
allocated block device:0x4008d2800000 size:1821184 thread:1
allocated block device:0x4008d29bca00 size:180224 thread:1
allocated block device:0x4008d29e8a00 size:40448 thread:1
allocated block device:0x4008d29fe200 size:2048 thread:1
allocated block device:0x4008d2a00000 size:7284736 thread:1
allocated block device:0x4008d3200000 size:7284736 thread:1
allocated block device:0x4008d3a00000 size:45593600 thread:1
allocated block device:0x4008e0000000 size:807412224 thread:1
allocated block device:0x400910400000 size:230400000 thread:1
allocated block device:0x400940000000 size:230400000 thread:1
allocated block device:0x40094dc00000 size:230400000 thread:1
allocated block device:0x400980000000 size:230400000 thread:1
allocated block device:0x400994c00000 size:391680 thread:1
allocated block device:0x400994c5fa00 size:921600 thread:1
allocated block device:0x400994d40a00 size:393216 thread:1
allocated block device:0x400994e00000 size:2799616 thread:1
allocated block device:0x400995200000 size:4030464 thread:1
allocated block device:0x400995600000 size:7284736 thread:1
allocated block device:0x400d40000000 size:298674176 thread:1
allocated block device:0x400d638c0000 size:393216 thread:1
allocated block device:0x400d6fa00000 size:7284736 thread:1
allocated block device:0x400d72000000 size:1807360 thread:1
allocated block device:0x400d721b9400 size:181760 thread:1
allocated block device:0x400d721f5600 size:3072 thread:1
allocated block device:0x400d721f6200 size:3072 thread:1
allocated block device:0x400d72200000 size:1807360 thread:1
allocated block device:0x400d723b9400 size:181760 thread:1
allocated block device:0x400d723e5a00 size:98304 thread:1
allocated block device:0x400d72400000 size:1807360 thread:1
allocated block device:0x400d72600000 size:2799616 thread:1
allocated block device:0x400d72a00000 size:14458880 thread:1
allocated block device:0x400dc0000000 size:298674176 thread:1
allocated block device:0x400dd1e00000 size:7284736 thread:1
allocated block device:0x400eb1e00000 size:230400000 thread:1
allocated block device:0x400ed1e00000 size:230400000 thread:1
allocated block device:0x400ef1e00000 size:29138944 thread:1
allocated block device:0x400ef3a00000 size:29138944 thread:1
allocated block device:0x400ef5600000 size:3145728 thread:1
allocated block device:0x400ef5a00000 size:7284736 thread:1
allocated block device:0x400ef6200000 size:7284736 thread:1
Accelerator Fatal Error: call to cuMemAlloc returned error 2 (CUDA_ERROR_OUT_OF_MEMORY): Out of memory
 File: /lus/lfs1aip2/projects/u6cb/software/VASP/vasp.6.5.1/build/gam/wave.f90
 Function: newwav_r:1223
 Line: 1236

Out of memory allocating 921600000 bytes of device memory
Failing in Thread:1
total/free CUDA memory: 102005473280/319029248
Present table dump for device[1]: NVIDIA Tesla GPU 0, compute capability 9.0, threadid=1
Hint: specify 0x800 bit in NV_ACC_DEBUG for verbose info.
host:0x2557280 device:0x40041e5fd800 size:32 presentcount:0+3 line:643 name:var%comm
host:0x25572a0 device:0x40041e5ef600 size:32 presentcount:0+4 line:652 name:var%comm_kinter
host:0x25572c0 device:0x40041e5ef800 size:32 presentcount:0+6 line:655 name:var%comm_kin
host:0x25572e0 device:0x4005fc1ffa00 size:32 presentcount:0+3 line:646 name:var%comm_inter
host:0x2557300 device:0x4005fc1ffc00 size:32 presentcount:0+7 line:649 name:var%comm_inb
host:0x256be80 device:0x40041a0ecd00 size:8 presentcount:0+1 line:-1 name:_setexm_struct_def_21
host:0x2576f40 device:0x40041a0ece00 size:28 presentcount:0+1 line:-1 name:_ml_ff_constant_21
host:0x2577c80 device:0x40041a0ecf00 size:30437 presentcount:0+1 line:-1 name:_ml_ff_taglist_21
host:0x25afc80 device:0x40041a0f4600 size:8 presentcount:0+1 line:-1 name:_mopenacc_tutor_21
host:0x25c2740 device:0x40041a0f4a00 size:32 presentcount:0+1 line:-1 name:_mbj_21
host:0x25cd640 device:0x40041a0f4d00 size:8 presentcount:0+1 line:-1 name:_sym_prec_21
host:0x26030c0 device:0x40041a0f4e00 size:344 presentcount:0+1 line:-1 name:_tet_21
host:0x261c840 device:0x40041a0f5000 size:392 presentcount:0+1 line:-1 name:_mymath_21
host:0x2817368 device:0x40041e5f0400 size:4800 presentcount:0+2 line:614 name:var
host:0x2818628 device:0x40041e5fbc00 size:1984 presentcount:0+2 line:403 name:var
host:0x281a910 device:0x4005dc3ffa00 size:864 presentcount:0+4 line:2639 name:hamiltonian
host:0x286ac80 device:0x40041e5fec00 size:2712 presentcount:0+2 line:428 name:var
host:0x286b718 device:0x4005fc1fc600 size:2248 presentcount:0+1 line:742 name:var
host:0x286eb50 device:0x400b121ffc00 size:288 presentcount:0+1 line:195 name:latt_cur
host:0x2871658 device:0x40061c3fe400 size:5088 presentcount:0+28 line:517 name:var
host:0x2872a38 device:0x4006725f6000 size:5088 presentcount:0+6 line:517 name:var
host:0x2873e18 device:0x4006725e9600 size:5088 presentcount:0+7 line:517 name:var
host:0x287a2a8 device:0x4005fc1ff800 size:304 presentcount:0+1 line:567 name:var
host:0x287a3d8 device:0x4006725fe200 size:304 presentcount:0+1 line:567 name:var
host:0x2e48ec0 device:0x40041a002600 size:960024 presentcount:0+1 line:-1 name:_setexm_struct_def_16
host:0x2f8f080 device:0x40041a0f4700 size:580 presentcount:0+1 line:-1 name:_wpbe_16
host:0x2f8f900 device:0x40041a0f4b00 size:288 presentcount:0+1 line:-1 name:_mbj_16
host:0x9f446c0 device:0x40041a0f5200 size:624 presentcount:0+1 line:-1 name:_mlr_optic_16
host:0x47c7cfa0 device:0x4006725fde00 size:732 presentcount:0+1 line:569 name:var%indcol(:)
host:0x47ccd8e0 device:0x40061c3ff800 size:16 presentcount:0+2 line:430 name:var%rsmooth(:)
host:0x47ccd920 device:0x40041e5ffc00 size:8 presentcount:0+3 line:616 name:var%nt_global(:)
host:0x47ccd950 device:0x4006723f8800 size:4 presentcount:0+2 line:616 name:var%nplwkp(:)
host:0x47ccd980 device:0x4006723f8a00 size:4 presentcount:0+2 line:616 name:var%nplwkp_tot(:)
host:0x47ccd9b0 device:0x4006723fea00 size:4 presentcount:0+2 line:616 name:var%ngvector_pos(:)
host:0x47ccd9e0 device:0x4006723f2800 size:4 presentcount:0+2 line:616 name:var%ngvector(:)
host:0x47ccda10 device:0x40041e5fc400 size:8 presentcount:0+2 line:616 name:var%nb_totk(:,:)
host:0x47ccda40 device:0x4006723fec00 size:4 presentcount:0+2 line:616 name:var%luseinv(:)
host:0x47ccda70 device:0x40041e5efe00 size:4 presentcount:0+2 line:616 name:var%at_gamma(:)
host:0x47ccdad0 device:0x40041e5f0200 size:16 presentcount:0+2 line:430 name:var%psrmax(:)
host:0x48caa720 device:0x4006725f9000 size:528 presentcount:0+1 line:480 name:var
host:0x48cab970 device:0x40061c3ffa00 size:400 presentcount:0+2 line:464 name:var
host:0x48cabb00 device:0x40061c3ffe00 size:400 presentcount:0+2 line:464 name:var
host:0x48cb4620 device:0x40041e5ffe00 size:24 presentcount:0+3 line:616 name:var%vkpt(:,:)
host:0x48cb4f10 device:0x40041e5ff800 size:8 presentcount:0+3 line:616 name:var%lmmax(:)
host:0x4cf90020 device:0x4005fc1ffe00 size:8 presentcount:0+4 line:405 name:var%nityp(:)
host:0x4d5073c0 device:0x40041e5f2200 size:1000 presentcount:0+4 line:519 name:var%lpctz(:)
host:0x4d98a290 device:0x4006727e8a00 size:28464 presentcount:0+1 line:853 name:var(:)
host:0x4d994b00 device:0x40041e5ffa00 size:8 presentcount:0+3 line:616 name:var%nityp(:)
host:0x4d994ba0 device:0x4006723ef000 size:8 presentcount:0+2 line:616 name:var%wtkpt(:)
host:0x4d995210 device:0x4006727efa00 size:40000 presentcount:0+1 line:857 name:var%psp(:,:)
host:0x4d99ee80 device:0x400b121fbc00 size:8000 presentcount:0+1 line:857 name:var%pspcor(:)
host:0x4d9a0df0 device:0x400b121fdc00 size:8000 presentcount:0+1 line:857 name:var%psprho(:)
host:0x4d9a4080 device:0x4006723f2a00 size:24000 presentcount:0+2 line:466 name:var%psprnl(:,:,:)
host:0x4d9c0f70 device:0x4006729e8a00 size:40000 presentcount:0+1 line:857 name:var%psp(:,:)
host:0x4d9cabe0 device:0x400b123fbc00 size:8000 presentcount:0+1 line:857 name:var%psprho(:)
host:0x4d9ce110 device:0x4006723f8c00 size:24000 presentcount:0+2 line:466 name:var%psprnl(:,:,:)
host:0x4d9fdc40 device:0x4006723f0400 size:4320 presentcount:0+4 line:405 name:var%ityp(:)
host:0x4d9fed50 device:0x4006723e8a00 size:25920 presentcount:0+4 line:405 name:var%posion(:,:)
host:0x4da79670 device:0x40061c3ffc00 size:24 presentcount:0+3 line:466 name:var%lps(:)
host:0x4da79720 device:0x4005fc1fd000 size:24 presentcount:0+3 line:466 name:var%lps(:)
host:0x4db8ae50 device:0x4006723ef200 size:4320 presentcount:0+3 line:616 name:var%ityp(:)
host:0x4db8bf60 device:0x40041e5fda00 size:4320 presentcount:0+3 line:616 name:var%npro_pos(:)
host:0x4db8d070 device:0x40041e5fc600 size:4324 presentcount:0+3 line:616 name:var%lmbase(:)
host:0x4db8e180 device:0x40041e5f1800 size:1280 presentcount:0+4 line:519 name:var%lpctx(:)
host:0x4db8e6b0 device:0x40041e5f1e00 size:720 presentcount:0+4 line:519 name:var%lpcty(:)
host:0x4db8e9b0 device:0x40041e5f2600 size:1280 presentcount:0+4 line:519 name:var%lpctx_(:)
host:0x4db8eee0 device:0x40041e5f2c00 size:720 presentcount:0+4 line:519 name:var%lpcty_(:)
host:0x4db8f1e0 device:0x40041e5f3000 size:1000 presentcount:0+4 line:519 name:var%lpctz_(:)
host:0x4db8f5f0 device:0x4006725f7400 size:1280 presentcount:0+1 line:519 name:var%lpctx(:)
host:0x4db8fb20 device:0x4006725f7a00 size:720 presentcount:0+1 line:519 name:var%lpcty(:)
host:0x4db8fe20 device:0x4006725f7e00 size:1000 presentcount:0+1 line:519 name:var%lpctz(:)
host:0x4db90230 device:0x4006725f8200 size:1280 presentcount:0+1 line:519 name:var%lpctx_(:)
host:0x4db90760 device:0x4006725f8800 size:720 presentcount:0+1 line:519 name:var%lpcty_(:)
host:0x4db90a60 device:0x4006725f8c00 size:1000 presentcount:0+1 line:519 name:var%lpctz_(:)
host:0x4db90e70 device:0x4006723fee00 size:2560 presentcount:0+1 line:519 name:var%lpctx(:)
host:0x4db918a0 device:0x4006725eaa00 size:1440 presentcount:0+1 line:519 name:var%lpcty(:)
host:0x4db91e70 device:0x4006725e8a00 size:2000 presentcount:0+1 line:519 name:var%lpctz(:)
host:0x4db92670 device:0x4006725eb000 size:2560 presentcount:0+1 line:519 name:var%lpctx_(:)
host:0x4db930a0 device:0x4006725eba00 size:1440 presentcount:0+1 line:519 name:var%lpcty_(:)
host:0x4db93670 device:0x4006725ec000 size:2000 presentcount:0+1 line:519 name:var%lpctz_(:)
host:0x4dc7f750 device:0x4006725f0400 size:2824 presentcount:0+1 line:482 name:var%i2(:)
host:0x4dc80280 device:0x4006725f1000 size:2824 presentcount:0+1 line:482 name:var%i3(:)
host:0x4dc80db0 device:0x4006725f1c00 size:5020 presentcount:0+1 line:482 name:var%i2(:)
host:0x4dc82180 device:0x4006725f3000 size:5020 presentcount:0+1 line:482 name:var%i3(:)
host:0x4dc83550 device:0x4006725ec800 size:7200 presentcount:0+2 line:482 name:var%i2(:)
host:0x4dc851a0 device:0x4006725ee600 size:7200 presentcount:0+2 line:482 name:var%i3(:)
host:0x4dc87210 device:0x400734c5fa00 size:921600 presentcount:0+2 line:482 name:var%index(:,:)
host:0x4dd68240 device:0x4006725fe400 size:2560 presentcount:0+1 line:569 name:var%ind1(:)
host:0x4dd68c70 device:0x4006725fee00 size:2824 presentcount:0+1 line:569 name:var%indcol(:)
host:0x4dd697a0 device:0x4006725f9400 size:2824 presentcount:0+1 line:482 name:var%i2(:)
host:0x4dd6a2d0 device:0x4006725fa000 size:2824 presentcount:0+1 line:482 name:var%i3(:)
host:0x4dd6ae00 device:0x4006725fac00 size:1512 presentcount:0+1 line:482 name:var%i2(:)
host:0x4dd6b410 device:0x4006725fb200 size:1512 presentcount:0+1 line:482 name:var%i3(:)
host:0x4dd6ba20 device:0x4005fc1fd200 size:4320 presentcount:0+2 line:430 name:var%nlimax(:)
host:0x4dd6cb30 device:0x4005fc1fe600 size:4324 presentcount:0+2 line:430 name:var%lmbase(:)
host:0x4dd6dc40 device:0x40041e5ee400 size:4324 presentcount:0+2 line:430 name:var%nlibase(:)
host:0x4dd6ed50 device:0x40041e5f3400 size:17132 presentcount:0+4 line:519 name:var%nindpwconjg(:)
host:0x4dd73070 device:0x40041e5f7800 size:17132 presentcount:0+4 line:519 name:var%ind_in_sphere(:)
host:0x4dda4f90 device:0x4006725fd800 size:1280 presentcount:0+1 line:569 name:var%ind1(:)
host:0x4dda54c0 device:0x40054612e800 size:180000 presentcount:0+4 line:482 name:var%i2(:)
host:0x4ddd1410 device:0x40054615a800 size:180000 presentcount:0+4 line:482 name:var%i3(:)
host:0x4ddfd360 device:0x4006723bca00 size:180000 presentcount:0+8 line:482 name:var%index(:,:)
host:0x4de292b0 device:0x4006729bca00 size:180000 presentcount:0+8 line:482 name:var%i2(:)
host:0x4de55200 device:0x400546186800 size:180000 presentcount:0+8 line:482 name:var%i3(:)
host:0x4de81780 device:0x400672400000 size:1821184 presentcount:0+3 line:616 name:var%nindpw(:,:)
host:0x4e03e1b0 device:0x4006725bca00 size:180000 presentcount:0+3 line:616 name:var%pl_index(:,:)
host:0x4e06a100 device:0x4006727bca00 size:180000 presentcount:0+3 line:616 name:var%pl_col(:,:)
host:0x4e0961c0 device:0x4006723ffa00 size:8 presentcount:0+2 line:405 name:var%lmmax(:)
host:0x4e0961f0 device:0x4006723f1600 size:4324 presentcount:0+2 line:405 name:var%lmbase(:)
host:0x4e097300 device:0x40041e5efa00 size:8 presentcount:0+2 line:430 name:var%lmax(:)
host:0x4e097330 device:0x40041e5efc00 size:8 presentcount:0+2 line:430 name:var%lmmax(:)
host:0x4e097360 device:0x40041e5f0000 size:8 presentcount:0+2 line:430 name:var%channels(:)
host:0x4e107bf0 device:0x4006725fbc00 size:516 presentcount:0+1 line:499 name:var%ptr(:)
host:0x4e107e20 device:0x4006725fb800 size:516 presentcount:0+1 line:499 name:var%n(:)
host:0x4e108050 device:0x4006725fc400 size:516 presentcount:0+1 line:499 name:var%ptri(:)
host:0x4e108280 device:0x4006725fc000 size:516 presentcount:0+1 line:499 name:var%ni(:)
host:0x4e1084b0 device:0x4006725fcc00 size:516 presentcount:0+1 line:499 name:var%ptr(:)
host:0x4e1086e0 device:0x4006725fc800 size:516 presentcount:0+1 line:499 name:var%n(:)
host:0x4e108910 device:0x4005fc1fe400 size:4 presentcount:0+1 line:499 name:var%tbli(:)
host:0x4e108940 device:0x4006725fd400 size:516 presentcount:0+1 line:499 name:var%ptri(:)
host:0x4e108b70 device:0x4006725fd000 size:516 presentcount:0+1 line:499 name:var%ni(:)
host:0x4e1157d0 device:0x4006725f4400 size:516 presentcount:0+1 line:499 name:var%ptr(:)
host:0x4e115a00 device:0x4006723ffc00 size:516 presentcount:0+1 line:499 name:var%n(:)
host:0x4e115c30 device:0x4006725f4c00 size:516 presentcount:0+1 line:499 name:var%ptri(:)
host:0x4e115e60 device:0x4006725f4800 size:516 presentcount:0+1 line:499 name:var%ni(:)
host:0x4e116090 device:0x4006725f5400 size:516 presentcount:0+1 line:499 name:var%ptr(:)
host:0x4e1162c0 device:0x4006725f5000 size:516 presentcount:0+1 line:499 name:var%n(:)
host:0x4e1164f0 device:0x4006725f5c00 size:516 presentcount:0+1 line:499 name:var%ptri(:)
host:0x4e116720 device:0x4006725f5800 size:516 presentcount:0+1 line:499 name:var%ni(:)
host:0x4e274c30 device:0x400735600000 size:7284736 presentcount:0+3 line:616 name:var%datake(:,:,:)
host:0x4e967eb0 device:0x400672600000 size:1821184 presentcount:0+3 line:616 name:var%igx(:,:)
host:0x4eb25540 device:0x400672200000 size:1821184 presentcount:0+3 line:616 name:var%igy(:,:)
host:0x4ece2de0 device:0x400672800000 size:1821184 presentcount:0+3 line:616 name:var%igz(:,:)
host:0x4eea0cb0 device:0x400673200000 size:7284272 presentcount:0+4 line:519 name:var%fftsca(:,:)
host:0x4f593310 device:0x400734c00000 size:234240 presentcount:0+1 line:499 name:var%tbl(:)
host:0x4f605970 device:0x400b121b9400 size:272160 presentcount:0+1 line:499 name:var%tbli(:)
host:0x4f6480c0 device:0x400b123b9400 size:272160 presentcount:0+1 line:499 name:var%tbl(:)
host:0x4f68bec0 device:0x400734e00000 size:1807360 presentcount:0+1 line:499 name:var%tbl(:)
host:0x4fa01ab0 device:0x400b12000000 size:1807200 presentcount:0+1 line:499 name:var%tbli(:)
host:0x4fbbcb20 device:0x400b12200000 size:1807200 presentcount:0+1 line:499 name:var%tbl(:)
host:0x4ff33230 device:0x400b12400000 size:1807200 presentcount:0+1 line:499 name:var%tbli(:)
host:0x50c02420 device:0x40061c3f4000 size:41984 presentcount:0+1 line:746 name:var%auxtot(:,:,:)
host:0x50c42420 device:0x40041e5e4000 size:41984 presentcount:0+2 line:746 name:var%fertot(:,:,:)
host:0x50c50030 device:0x40054611a000 size:83968 presentcount:0+2 line:746 name:var%celtot(:,:,:)
host:0x50e50750 device:0x400671e00000 size:2799360 presentcount:0+2 line:194 name:cdij(:,:,:,:)
host:0x521e45f0 device:0x400672a00000 size:7200000 presentcount:0+1 line:195 name:dencor(:)
host:0x52faeaf0 device:0x400b12600000 size:2799360 presentcount:0+2 line:194 name:cqij(:,:,:,:)
host:0x5350e7a0 device:0x400735200000 size:4030464 presentcount:0+5 line:746 name:var%gproj(:,:,:,:)
host:0x53b9d050 device:0x4005461ca800 size:98304 presentcount:0+1 line:1101 name:w1%gproj(:)
host:0x5a734270 device:0x400cf5600000 size:3145728 presentcount:0+2 line:1226 name:wa%gproj(:,:)
host:0x5ea25a00 device:0x400cf6200000 size:7284736 presentcount:0+1 line:1101 name:w1%cptwfp(:)
host:0x5f121970 device:0x4006729fcc00 size:2048 presentcount:0+1 line:179 name:w1(:)
host:0x5f122190 device:0x4006727fa600 size:2048 presentcount:0+1 line:179 name:wtmp(:)
host:0x5f123940 device:0x400734d40a00 size:393216 presentcount:0+2 line:1226 name:wa%gproj(:,:)
host:0x5f183970 device:0x400b030c0000 size:393216 presentcount:0+2 line:1226 name:wa%gproj(:,:)
host:0x5f1e39a0 device:0x4005461b2800 size:98304 presentcount:0+1 line:1101 name:w1%gproj(:)
host:0x5f1fb9d0 device:0x400b125b9400 size:98304 presentcount:0+1 line:1101 name:w1%gproj(:)
host:0x5f213a00 device:0x400b125d1400 size:98304 presentcount:0+1 line:1101 name:w1%gproj(:)
host:0x5f38b1d0 device:0x400cf6a00000 size:14569472 presentcount:0+1 line:202 name:precon(:,:)
host:0x601779a0 device:0x400b91e00000 size:7284736 presentcount:0+1 line:1101 name:w1%cptwfp(:)
host:0x60871fa0 device:0x400b10200000 size:7284736 presentcount:0+1 line:1101 name:w1%cptwfp(:)
host:0x60f6cbd0 device:0x400cf5a00000 size:7284736 presentcount:0+1 line:1101 name:w1%cptwfp(:)
host:0x4005600010a0 device:0x400673a00000 size:45593280 presentcount:0+2 line:430 name:var%nli(:,:)
host:0x400562b812b0 device:0x400680000000 size:807411968 presentcount:0+2 line:430 name:var%rproj(:)
host:0x4005950a39e0 device:0x400b12a00000 size:14458880 presentcount:0+1 line:195 name:cstrf(:,:)
host:0x400598d56f80 device:0x400cf1e00000 size:29138944 presentcount:0+2 line:1226 name:wa%cptwfp(:,:)
host:0x40059d9d7190 device:0x400cf3a00000 size:29138944 presentcount:0+2 line:1226 name:wa%cptwfp(:,:)
host:0x4006400031a0 device:0x4006edc00000 size:230400000 presentcount:0+2 line:194 name:sv(:,:)
host:0x40064dbc4a60 device:0x400660000000 size:298674176 presentcount:0+5 line:746 name:var%cptwfp(:,:,:,:)
host:0x40070dbc73a0 device:0x400b80000000 size:233111552 presentcount:0+2 line:1226 name:wa%cptwfp(:,:)
host:0x4007c00079d0 device:0x400ae0000000 size:230400000 presentcount:0+1 line:1101 name:w1%cr(:)
host:0x4007cdbd7be0 device:0x4006b0400000 size:230400000 presentcount:0+1 line:1236 name:w1%cr(:)
host:0x4008e0008000 device:0x400720000000 size:230400000 presentcount:0+1 line:1101 name:w1%cr(:)
host:0x4008edbd8210 device:0x4006e0000000 size:230400000 presentcount:0+1 line:1236 name:w1%cr(:)
host:0x400a40000020 device:0x400460000000 size:230400000 presentcount:0+1 line:1101 name:w1%cr(:)
host:0x400a4dbc0230 device:0x400cd1e00000 size:230400000 presentcount:0+1 line:1236 name:w1%cr(:)
host:0x400aa0000650 device:0x400cb1e00000 size:230400000 presentcount:0+1 line:1101 name:w1%cr(:)
host:0x400aadbc0860 device:0x400c91e00000 size:230400000 presentcount:0+1 line:1236 name:w1%cr(:)
host:0xffffda71ff60 device:0x4006727fb200 size:3024 presentcount:0+12 line:682 name:var
host:0xffffda720b30 device:0x4005bc3ff800 size:1480 presentcount:0+1 line:174 name:w_ini
host:0xffffda721100 device:0x4006727f9c00 size:1480 presentcount:0+1 line:174 name:wopt
host:0xffffda7216d0 device:0x4005fc1fbc00 size:1480 presentcount:0+1 line:174 name:wtmpa
allocated block device:0x40041e5e4000 size:41984 thread:1
allocated block device:0x40041e5ee400 size:4608 thread:1
allocated block device:0x40041e5ef600 size:512 thread:1
allocated block device:0x40041e5ef800 size:512 thread:1
allocated block device:0x40041e5efa00 size:512 thread:1
allocated block device:0x40041e5efc00 size:512 thread:1
allocated block device:0x40041e5efe00 size:512 thread:1
allocated block device:0x40041e5f0000 size:512 thread:1
allocated block device:0x40041e5f0200 size:512 thread:1
allocated block device:0x40041e5f0400 size:5120 thread:1
allocated block device:0x40041e5f1800 size:1536 thread:1
allocated block device:0x40041e5f1e00 size:1024 thread:1
allocated block device:0x40041e5f2200 size:1024 thread:1
allocated block device:0x40041e5f2600 size:1536 thread:1
allocated block device:0x40041e5f2c00 size:1024 thread:1
allocated block device:0x40041e5f3000 size:1024 thread:1
allocated block device:0x40041e5f3400 size:17408 thread:1
allocated block device:0x40041e5f7800 size:17408 thread:1
allocated block device:0x40041e5fbc00 size:2048 thread:1
allocated block device:0x40041e5fc400 size:512 thread:1
allocated block device:0x40041e5fc600 size:4608 thread:1
allocated block device:0x40041e5fd800 size:512 thread:1
allocated block device:0x40041e5fda00 size:4608 thread:1
allocated block device:0x40041e5fec00 size:3072 thread:1
allocated block device:0x40041e5ff800 size:512 thread:1
allocated block device:0x40041e5ffa00 size:512 thread:1
allocated block device:0x40041e5ffc00 size:512 thread:1
allocated block device:0x40041e5ffe00 size:512 thread:1
allocated block device:0x400460000000 size:298674176 thread:1
allocated block device:0x40054611a000 size:83968 thread:1
allocated block device:0x40054612e800 size:180224 thread:1
allocated block device:0x40054615a800 size:180224 thread:1
allocated block device:0x400546186800 size:180224 thread:1
allocated block device:0x4005461b2800 size:98304 thread:1
allocated block device:0x4005461ca800 size:98304 thread:1
allocated block device:0x4005bc3ff800 size:1536 thread:1
allocated block device:0x4005dc3ffa00 size:1024 thread:1
allocated block device:0x4005fc1fbc00 size:2048 thread:1
allocated block device:0x4005fc1fc600 size:2560 thread:1
allocated block device:0x4005fc1fd000 size:512 thread:1
allocated block device:0x4005fc1fd200 size:4608 thread:1
allocated block device:0x4005fc1fe400 size:512 thread:1
allocated block device:0x4005fc1fe600 size:4608 thread:1
allocated block device:0x4005fc1ff800 size:512 thread:1
allocated block device:0x4005fc1ffa00 size:512 thread:1
allocated block device:0x4005fc1ffc00 size:512 thread:1
allocated block device:0x4005fc1ffe00 size:512 thread:1
allocated block device:0x40061c3f4000 size:41984 thread:1
allocated block device:0x40061c3fe400 size:5120 thread:1
allocated block device:0x40061c3ff800 size:512 thread:1
allocated block device:0x40061c3ffa00 size:512 thread:1
allocated block device:0x40061c3ffc00 size:512 thread:1
allocated block device:0x40061c3ffe00 size:512 thread:1
allocated block device:0x400660000000 size:298674176 thread:1
allocated block device:0x400671e00000 size:4030464 thread:1
allocated block device:0x400672200000 size:1821184 thread:1
allocated block device:0x4006723bca00 size:180224 thread:1
allocated block device:0x4006723e8a00 size:26112 thread:1
allocated block device:0x4006723ef000 size:512 thread:1
allocated block device:0x4006723ef200 size:4608 thread:1
allocated block device:0x4006723f0400 size:4608 thread:1
allocated block device:0x4006723f1600 size:4608 thread:1
allocated block device:0x4006723f2800 size:512 thread:1
allocated block device:0x4006723f2a00 size:24064 thread:1
allocated block device:0x4006723f8800 size:512 thread:1
allocated block device:0x4006723f8a00 size:512 thread:1
allocated block device:0x4006723f8c00 size:24064 thread:1
allocated block device:0x4006723fea00 size:512 thread:1
allocated block device:0x4006723fec00 size:512 thread:1
allocated block device:0x4006723fee00 size:3072 thread:1
allocated block device:0x4006723ffa00 size:512 thread:1
allocated block device:0x4006723ffc00 size:1024 thread:1
allocated block device:0x400672400000 size:1821184 thread:1
allocated block device:0x4006725bca00 size:180224 thread:1
allocated block device:0x4006725e8a00 size:3072 thread:1
allocated block device:0x4006725e9600 size:5120 thread:1
allocated block device:0x4006725eaa00 size:1536 thread:1
allocated block device:0x4006725eb000 size:2560 thread:1
allocated block device:0x4006725eba00 size:1536 thread:1
allocated block device:0x4006725ec000 size:2048 thread:1
allocated block device:0x4006725ec800 size:7680 thread:1
allocated block device:0x4006725ee600 size:7680 thread:1
allocated block device:0x4006725f0400 size:3072 thread:1
allocated block device:0x4006725f1000 size:3072 thread:1
allocated block device:0x4006725f1c00 size:5120 thread:1
allocated block device:0x4006725f3000 size:5120 thread:1
allocated block device:0x4006725f4400 size:1024 thread:1
allocated block device:0x4006725f4800 size:1024 thread:1
allocated block device:0x4006725f4c00 size:1024 thread:1
allocated block device:0x4006725f5000 size:1024 thread:1
allocated block device:0x4006725f5400 size:1024 thread:1
allocated block device:0x4006725f5800 size:1024 thread:1
allocated block device:0x4006725f5c00 size:1024 thread:1
allocated block device:0x4006725f6000 size:5120 thread:1
allocated block device:0x4006725f7400 size:1536 thread:1
allocated block device:0x4006725f7a00 size:1024 thread:1
allocated block device:0x4006725f7e00 size:1024 thread:1
allocated block device:0x4006725f8200 size:1536 thread:1
allocated block device:0x4006725f8800 size:1024 thread:1
allocated block device:0x4006725f8c00 size:1024 thread:1
allocated block device:0x4006725f9000 size:1024 thread:1
allocated block device:0x4006725f9400 size:3072 thread:1
allocated block device:0x4006725fa000 size:3072 thread:1
allocated block device:0x4006725fac00 size:1536 thread:1
allocated block device:0x4006725fb200 size:1536 thread:1
allocated block device:0x4006725fb800 size:1024 thread:1
allocated block device:0x4006725fbc00 size:1024 thread:1
allocated block device:0x4006725fc000 size:1024 thread:1
allocated block device:0x4006725fc400 size:1024 thread:1
allocated block device:0x4006725fc800 size:1024 thread:1
allocated block device:0x4006725fcc00 size:1024 thread:1
allocated block device:0x4006725fd000 size:1024 thread:1
allocated block device:0x4006725fd400 size:1024 thread:1
allocated block device:0x4006725fd800 size:1536 thread:1
allocated block device:0x4006725fde00 size:1024 thread:1
allocated block device:0x4006725fe200 size:512 thread:1
allocated block device:0x4006725fe400 size:2560 thread:1
allocated block device:0x4006725fee00 size:3072 thread:1
allocated block device:0x400672600000 size:1821184 thread:1
allocated block device:0x4006727bca00 size:180224 thread:1
allocated block device:0x4006727e8a00 size:28672 thread:1
allocated block device:0x4006727efa00 size:40448 thread:1
allocated block device:0x4006727f9c00 size:2560 thread:1
allocated block device:0x4006727fa600 size:3072 thread:1
allocated block device:0x4006727fb200 size:3072 thread:1
allocated block device:0x400672800000 size:1821184 thread:1
allocated block device:0x4006729bca00 size:180224 thread:1
allocated block device:0x4006729e8a00 size:40448 thread:1
allocated block device:0x4006729fcc00 size:2048 thread:1
allocated block device:0x400672a00000 size:7284736 thread:1
allocated block device:0x400673200000 size:7284736 thread:1
allocated block device:0x400673a00000 size:45593600 thread:1
allocated block device:0x400680000000 size:807412224 thread:1
allocated block device:0x4006b0400000 size:230400000 thread:1
allocated block device:0x4006e0000000 size:230400000 thread:1
allocated block device:0x4006edc00000 size:230400000 thread:1
allocated block device:0x400720000000 size:230400000 thread:1
allocated block device:0x400734c00000 size:391680 thread:1
allocated block device:0x400734c5fa00 size:921600 thread:1
allocated block device:0x400734d40a00 size:393216 thread:1
allocated block device:0x400734e00000 size:2799616 thread:1
allocated block device:0x400735200000 size:4030464 thread:1
allocated block device:0x400735600000 size:7284736 thread:1
allocated block device:0x400ae0000000 size:230400000 thread:1
allocated block device:0x400b030c0000 size:393216 thread:1
allocated block device:0x400b10200000 size:7284736 thread:1
allocated block device:0x400b12000000 size:1807360 thread:1
allocated block device:0x400b121b9400 size:272384 thread:1
allocated block device:0x400b121fbc00 size:8192 thread:1
allocated block device:0x400b121fdc00 size:8192 thread:1
allocated block device:0x400b121ffc00 size:512 thread:1
allocated block device:0x400b12200000 size:1807360 thread:1
allocated block device:0x400b123b9400 size:272384 thread:1
allocated block device:0x400b123fbc00 size:8192 thread:1
allocated block device:0x400b12400000 size:1807360 thread:1
allocated block device:0x400b125b9400 size:98304 thread:1
allocated block device:0x400b125d1400 size:98304 thread:1
allocated block device:0x400b12600000 size:2799616 thread:1
allocated block device:0x400b12a00000 size:14458880 thread:1
allocated block device:0x400b80000000 size:298674176 thread:1
allocated block device:0x400b91e00000 size:7284736 thread:1
allocated block device:0x400c91e00000 size:230400000 thread:1
allocated block device:0x400cb1e00000 size:230400000 thread:1
allocated block device:0x400cd1e00000 size:230400000 thread:1
allocated block device:0x400cf1e00000 size:29138944 thread:1
allocated block device:0x400cf3a00000 size:29138944 thread:1
allocated block device:0x400cf5600000 size:3145728 thread:1
allocated block device:0x400cf5a00000 size:7284736 thread:1
allocated block device:0x400cf6200000 size:7284736 thread:1
allocated block device:0x400cf6a00000 size:14569472 thread:1
Accelerator Fatal Error: call to cuMemAlloc returned error 2 (CUDA_ERROR_OUT_OF_MEMORY): Out of memory
 File: /lus/lfs1aip2/projects/u6cb/software/VASP/vasp.6.5.1/build/gam/hamil.f90
 Function: hamiltmu:978
 Line: 1005

Out of memory allocating 921600000 bytes of device memory
Failing in Thread:1
total/free CUDA memory: 102005473280/319881216
Present table dump for device[1]: NVIDIA Tesla GPU 0, compute capability 9.0, threadid=1
Hint: specify 0x800 bit in NV_ACC_DEBUG for verbose info.
host:0x2557280 device:0x40059e3fc000 size:32 presentcount:0+3 line:643 name:var%comm
host:0x25572a0 device:0x4007871ffa00 size:32 presentcount:0+4 line:652 name:var%comm_kinter
host:0x25572c0 device:0x4007871ffc00 size:32 presentcount:0+6 line:655 name:var%comm_kin
host:0x25572e0 device:0x4007871ff400 size:32 presentcount:0+3 line:646 name:var%comm_inter
host:0x2557300 device:0x4007871ff600 size:32 presentcount:0+7 line:649 name:var%comm_inb
host:0x256be80 device:0x40059a0ecd00 size:8 presentcount:0+1 line:-1 name:_setexm_struct_def_21
host:0x2576f40 device:0x40059a0ece00 size:28 presentcount:0+1 line:-1 name:_ml_ff_constant_21
host:0x2577c80 device:0x40059a0ecf00 size:30437 presentcount:0+1 line:-1 name:_ml_ff_taglist_21
host:0x25afc80 device:0x40059a0f4600 size:8 presentcount:0+1 line:-1 name:_mopenacc_tutor_21
host:0x25c2740 device:0x40059a0f4a00 size:32 presentcount:0+1 line:-1 name:_mbj_21
host:0x25cd640 device:0x40059a0f4d00 size:8 presentcount:0+1 line:-1 name:_sym_prec_21
host:0x26030c0 device:0x40059a0f4e00 size:344 presentcount:0+1 line:-1 name:_tet_21
host:0x261c840 device:0x40059a0f5000 size:392 presentcount:0+1 line:-1 name:_mymath_21
host:0x2817368 device:0x40059e3eec00 size:4800 presentcount:0+2 line:614 name:var
host:0x2818628 device:0x40059e3fa400 size:1984 presentcount:0+2 line:403 name:var
host:0x281a910 device:0x4007471ff800 size:864 presentcount:0+4 line:2639 name:hamiltonian
host:0x286ac80 device:0x40059e3fd400 size:2712 presentcount:0+2 line:428 name:var
host:0x286b718 device:0x4007871fae00 size:2248 presentcount:0+1 line:742 name:var
host:0x286eb50 device:0x4007f27ff800 size:288 presentcount:0+1 line:195 name:latt_cur
host:0x2871658 device:0x4007a71fe400 size:5088 presentcount:0+28 line:517 name:var
host:0x2872a38 device:0x4007f25f4800 size:5088 presentcount:0+6 line:517 name:var
host:0x2873e18 device:0x4007f25e8a00 size:5088 presentcount:0+7 line:517 name:var
host:0x287a2a8 device:0x4007871fe000 size:304 presentcount:0+1 line:567 name:var
host:0x287a3d8 device:0x4007f25fca00 size:304 presentcount:0+1 line:567 name:var
host:0x2e48ec0 device:0x40059a002600 size:960024 presentcount:0+1 line:-1 name:_setexm_struct_def_16
host:0x2f8f080 device:0x40059a0f4700 size:580 presentcount:0+1 line:-1 name:_wpbe_16
host:0x2f8f900 device:0x40059a0f4b00 size:288 presentcount:0+1 line:-1 name:_mbj_16
host:0x9f446c0 device:0x40059a0f5200 size:624 presentcount:0+1 line:-1 name:_mlr_optic_16
host:0x412fdd80 device:0x40059e3fe600 size:24 presentcount:0+3 line:616 name:var%vkpt(:,:)
host:0x412fdea0 device:0x40059e3eea00 size:16 presentcount:0+2 line:430 name:var%psrmax(:)
host:0x412fdee0 device:0x40059e3fe400 size:8 presentcount:0+3 line:616 name:var%nt_global(:)
host:0x412fdf10 device:0x40059e3ffe00 size:4 presentcount:0+2 line:616 name:var%nplwkp(:)
host:0x412fdf40 device:0x4007f23f7200 size:4 presentcount:0+2 line:616 name:var%nplwkp_tot(:)
host:0x412fdf70 device:0x4007f23fd200 size:4 presentcount:0+2 line:616 name:var%ngvector_pos(:)
host:0x412fdfa0 device:0x40059e3ffc00 size:4 presentcount:0+2 line:616 name:var%ngvector(:)
host:0x412fdfd0 device:0x40059e3fac00 size:8 presentcount:0+2 line:616 name:var%nb_totk(:,:)
host:0x412fe000 device:0x4007f23fd400 size:4 presentcount:0+2 line:616 name:var%luseinv(:)
host:0x412fe030 device:0x40059e3ee600 size:4 presentcount:0+2 line:616 name:var%at_gamma(:)
host:0x412fe060 device:0x4007f23fee00 size:8 presentcount:0+2 line:405 name:var%lmmax(:)
host:0x412fe090 device:0x4007871ffe00 size:8 presentcount:0+2 line:430 name:var%lmax(:)
host:0x412fe0c0 device:0x40059e3ee400 size:8 presentcount:0+2 line:430 name:var%lmmax(:)
host:0x412fe0f0 device:0x40059e3ee800 size:8 presentcount:0+2 line:430 name:var%channels(:)
host:0x412fe120 device:0x4007a71ff800 size:16 presentcount:0+2 line:430 name:var%rsmooth(:)
host:0x412fe160 device:0x4007871fcc00 size:4 presentcount:0+1 line:499 name:var%tbli(:)
host:0x41a39470 device:0x4007f25f7800 size:528 presentcount:0+1 line:480 name:var
host:0x45af8430 device:0x4007a71ffa00 size:400 presentcount:0+2 line:464 name:var
host:0x45af85c0 device:0x4007a71ffe00 size:400 presentcount:0+2 line:464 name:var
host:0x4a190090 device:0x4007871ff800 size:8 presentcount:0+4 line:405 name:var%nityp(:)
host:0x4a68e8a0 device:0x40059e3f0a00 size:1000 presentcount:0+4 line:519 name:var%lpctz(:)
host:0x4ab11aa0 device:0x4007f27e8a00 size:28464 presentcount:0+1 line:853 name:var(:)
host:0x4ab24200 device:0x4007f29e8a00 size:40000 presentcount:0+1 line:857 name:var%psp(:,:)
host:0x4ab2de70 device:0x4007f27fd800 size:8000 presentcount:0+1 line:857 name:var%psprho(:)
host:0x4ab31100 device:0x4007f23f7400 size:24000 presentcount:0+2 line:466 name:var%psprnl(:,:,:)
host:0x4ab60ae0 device:0x4007f23ef000 size:4320 presentcount:0+4 line:405 name:var%ityp(:)
host:0x4ab61bf0 device:0x4007f23e8a00 size:25920 presentcount:0+4 line:405 name:var%posion(:,:)
host:0x4aba4dc0 device:0x4007f27f9800 size:8000 presentcount:0+1 line:857 name:var%pspcor(:)
host:0x4aba6d30 device:0x4007f27fb800 size:8000 presentcount:0+1 line:857 name:var%psprho(:)
host:0x4abaa8a0 device:0x4007f27efa00 size:40000 presentcount:0+1 line:857 name:var%psp(:,:)
host:0x4abb4510 device:0x4007f23f1400 size:24000 presentcount:0+2 line:466 name:var%psprnl(:,:,:)
host:0x4abc7510 device:0x40059e3fe000 size:8 presentcount:0+3 line:616 name:var%lmmax(:)
host:0x4abc7600 device:0x40059e3fe200 size:8 presentcount:0+3 line:616 name:var%nityp(:)
host:0x4abc7660 device:0x40059e3fe800 size:8 presentcount:0+2 line:616 name:var%wtkpt(:)
host:0x4abc7740 device:0x4007f25fa400 size:516 presentcount:0+1 line:499 name:var%ptr(:)
host:0x4abf45c0 device:0x4007a71ffc00 size:24 presentcount:0+3 line:466 name:var%lps(:)
host:0x4abf4670 device:0x4007871fb800 size:24 presentcount:0+3 line:466 name:var%lps(:)
host:0x4ac8a280 device:0x40059e3fea00 size:4320 presentcount:0+3 line:616 name:var%ityp(:)
host:0x4ac8b390 device:0x40059e3fc200 size:4320 presentcount:0+3 line:616 name:var%npro_pos(:)
host:0x4ac8c4a0 device:0x40059e3fae00 size:4324 presentcount:0+3 line:616 name:var%lmbase(:)
host:0x4ac8d5b0 device:0x40059e3f0000 size:1280 presentcount:0+4 line:519 name:var%lpctx(:)
host:0x4ac8dae0 device:0x40059e3f0600 size:720 presentcount:0+4 line:519 name:var%lpcty(:)
host:0x4ac8dde0 device:0x40059e3f0e00 size:1280 presentcount:0+4 line:519 name:var%lpctx_(:)
host:0x4ac8e310 device:0x40059e3f1400 size:720 presentcount:0+4 line:519 name:var%lpcty_(:)
host:0x4ac8e610 device:0x40059e3f1800 size:1000 presentcount:0+4 line:519 name:var%lpctz_(:)
host:0x4ac8ea20 device:0x4007f25f5c00 size:1280 presentcount:0+1 line:519 name:var%lpctx(:)
host:0x4ac8ef50 device:0x4007f25f6200 size:720 presentcount:0+1 line:519 name:var%lpcty(:)
host:0x4ac8f250 device:0x4007f25f6600 size:1000 presentcount:0+1 line:519 name:var%lpctz(:)
host:0x4ac8f660 device:0x4007f25f6a00 size:1280 presentcount:0+1 line:519 name:var%lpctx_(:)
host:0x4ac8fb90 device:0x4007f25f7000 size:720 presentcount:0+1 line:519 name:var%lpcty_(:)
host:0x4ac8fe90 device:0x4007f25f7400 size:1000 presentcount:0+1 line:519 name:var%lpctz_(:)
host:0x4ac902a0 device:0x4007f23fd600 size:2560 presentcount:0+1 line:519 name:var%lpctx(:)
host:0x4ac90cd0 device:0x4007f23ff000 size:1440 presentcount:0+1 line:519 name:var%lpcty(:)
host:0x4ac912a0 device:0x4007f23fe200 size:2000 presentcount:0+1 line:519 name:var%lpctz(:)
host:0x4ac91aa0 device:0x4007f23ff600 size:2560 presentcount:0+1 line:519 name:var%lpctx_(:)
host:0x4ac924d0 device:0x4007f25e9e00 size:1440 presentcount:0+1 line:519 name:var%lpcty_(:)
host:0x4ac92aa0 device:0x4007f25ea400 size:2000 presentcount:0+1 line:519 name:var%lpctz_(:)
host:0x4ad7eb80 device:0x4007f25ee800 size:2824 presentcount:0+1 line:482 name:var%i2(:)
host:0x4ad7f6b0 device:0x4007f25ef400 size:2824 presentcount:0+1 line:482 name:var%i3(:)
host:0x4ad801e0 device:0x4007f25f0000 size:5020 presentcount:0+1 line:482 name:var%i2(:)
host:0x4ad815b0 device:0x4007f25f1400 size:5020 presentcount:0+1 line:482 name:var%i3(:)
host:0x4ad82980 device:0x4007f25eac00 size:7200 presentcount:0+2 line:482 name:var%i2(:)
host:0x4ad845d0 device:0x4007f25eca00 size:7200 presentcount:0+2 line:482 name:var%i3(:)
host:0x4ad86640 device:0x400894c5fa00 size:921600 presentcount:0+2 line:482 name:var%index(:,:)
host:0x4ae67670 device:0x4007f25fcc00 size:2560 presentcount:0+1 line:569 name:var%ind1(:)
host:0x4ae680a0 device:0x4007f25fd600 size:2824 presentcount:0+1 line:569 name:var%indcol(:)
host:0x4ae68bd0 device:0x4007f25f7c00 size:2824 presentcount:0+1 line:482 name:var%i2(:)
host:0x4ae69700 device:0x4007f25f8800 size:2824 presentcount:0+1 line:482 name:var%i3(:)
host:0x4ae6a230 device:0x4007f25f9400 size:1512 presentcount:0+1 line:482 name:var%i2(:)
host:0x4ae6a840 device:0x4007f25f9a00 size:1512 presentcount:0+1 line:482 name:var%i3(:)
host:0x4ae6ae50 device:0x4007871fba00 size:4320 presentcount:0+2 line:430 name:var%nlimax(:)
host:0x4ae6bf60 device:0x4007871fce00 size:4324 presentcount:0+2 line:430 name:var%lmbase(:)
host:0x4ae6d070 device:0x4007871fe200 size:4324 presentcount:0+2 line:430 name:var%nlibase(:)
host:0x4ae6e180 device:0x40059e3f1c00 size:17132 presentcount:0+4 line:519 name:var%nindpwconjg(:)
host:0x4ae724a0 device:0x40059e3f6000 size:17132 presentcount:0+4 line:519 name:var%ind_in_sphere(:)
host:0x4ae773e0 device:0x4007f25fa000 size:516 presentcount:0+1 line:499 name:var%n(:)
host:0x4ae77610 device:0x400c721b9400 size:181440 presentcount:0+1 line:499 name:var%tbli(:)
host:0x4aea3b00 device:0x4007f25fac00 size:516 presentcount:0+1 line:499 name:var%ptri(:)
host:0x4aea3d30 device:0x4007f25fa800 size:516 presentcount:0+1 line:499 name:var%ni(:)
host:0x4aea3f60 device:0x4007f25fb400 size:516 presentcount:0+1 line:499 name:var%ptr(:)
host:0x4aea4190 device:0x4007f25fb000 size:516 presentcount:0+1 line:499 name:var%n(:)
host:0x4aea43c0 device:0x4007f25fc000 size:1280 presentcount:0+1 line:569 name:var%ind1(:)
host:0x4aea48f0 device:0x4007f25fc600 size:720 presentcount:0+1 line:569 name:var%indcol(:)
host:0x4aea4bf0 device:0x4006d232e800 size:180000 presentcount:0+4 line:482 name:var%i2(:)
host:0x4aed0b40 device:0x4006d235a800 size:180000 presentcount:0+4 line:482 name:var%i3(:)
host:0x4aefca90 device:0x4007f23bca00 size:180000 presentcount:0+8 line:482 name:var%index(:,:)
host:0x4af289e0 device:0x4007f29bca00 size:180000 presentcount:0+8 line:482 name:var%i2(:)
host:0x4af54930 device:0x4006d2386800 size:180000 presentcount:0+8 line:482 name:var%i3(:)
host:0x4af80eb0 device:0x4007f2400000 size:1821184 presentcount:0+3 line:616 name:var%nindpw(:,:)
host:0x4b13d8e0 device:0x4007f25bca00 size:180000 presentcount:0+3 line:616 name:var%pl_index(:,:)
host:0x4b169830 device:0x4007f27bca00 size:180000 presentcount:0+3 line:616 name:var%pl_col(:,:)
host:0x4b195780 device:0x4007f23f0200 size:4324 presentcount:0+2 line:405 name:var%lmbase(:)
host:0x4b2070f0 device:0x400894c00000 size:230400 presentcount:0+1 line:499 name:var%tbl(:)
host:0x4b277950 device:0x400c723b9400 size:181440 presentcount:0+1 line:499 name:var%tbl(:)
host:0x4b2a3e40 device:0x4007f25fbc00 size:516 presentcount:0+1 line:499 name:var%ptri(:)
host:0x4b2a4070 device:0x4007f25fb800 size:516 presentcount:0+1 line:499 name:var%ni(:)
host:0x4b3fc440 device:0x400895600000 size:7284736 presentcount:0+3 line:616 name:var%datake(:,:,:)
host:0x4baef6c0 device:0x4007f2600000 size:1821184 presentcount:0+3 line:616 name:var%igx(:,:)
host:0x4bcacd50 device:0x4007f2200000 size:1821184 presentcount:0+3 line:616 name:var%igy(:,:)
host:0x4be6a5f0 device:0x4007f2800000 size:1821184 presentcount:0+3 line:616 name:var%igz(:,:)
host:0x4c0284c0 device:0x4007f3200000 size:7284272 presentcount:0+4 line:519 name:var%fftsca(:,:)
host:0x4c721690 device:0x4007f25f2c00 size:516 presentcount:0+1 line:499 name:var%ptr(:)
host:0x4c7218c0 device:0x4007f25f2800 size:516 presentcount:0+1 line:499 name:var%n(:)
host:0x4c721af0 device:0x4007f25f3400 size:516 presentcount:0+1 line:499 name:var%ptri(:)
host:0x4c721d20 device:0x4007f25f3000 size:516 presentcount:0+1 line:499 name:var%ni(:)
host:0x4c721f50 device:0x4007f25f3c00 size:516 presentcount:0+1 line:499 name:var%ptr(:)
host:0x4c722180 device:0x4007f25f3800 size:516 presentcount:0+1 line:499 name:var%n(:)
host:0x4c7223b0 device:0x4007f25f4400 size:516 presentcount:0+1 line:499 name:var%ptri(:)
host:0x4c7225e0 device:0x4007f25f4000 size:516 presentcount:0+1 line:499 name:var%ni(:)
host:0x4c7de9e0 device:0x400894e00000 size:1807360 presentcount:0+1 line:499 name:var%tbl(:)
host:0x4cb545d0 device:0x400c72000000 size:1807200 presentcount:0+1 line:499 name:var%tbli(:)
host:0x4cd0f640 device:0x400c72200000 size:1807200 presentcount:0+1 line:499 name:var%tbl(:)
host:0x4d085d50 device:0x400c72400000 size:1807200 presentcount:0+1 line:499 name:var%tbli(:)
host:0x4d492420 device:0x4007a71f4000 size:41984 presentcount:0+1 line:746 name:var%auxtot(:,:,:)
host:0x4d4d2420 device:0x40059e3e4000 size:41984 presentcount:0+2 line:746 name:var%fertot(:,:,:)
host:0x4d4e0030 device:0x4006d231a000 size:83968 presentcount:0+2 line:746 name:var%celtot(:,:,:)
host:0x4ed36a10 device:0x4007f2a00000 size:7200000 presentcount:0+1 line:195 name:dencor(:)
host:0x4fb00d00 device:0x4007f1e00000 size:2799360 presentcount:0+2 line:194 name:cdij(:,:,:,:)
host:0x4fdb0420 device:0x400c72600000 size:2799360 presentcount:0+2 line:194 name:cqij(:,:,:,:)
host:0x503100d0 device:0x400895200000 size:4030464 presentcount:0+5 line:746 name:var%gproj(:,:,:,:)
host:0x5099f090 device:0x4006d23ca800 size:98304 presentcount:0+1 line:1101 name:w1%gproj(:)
host:0x578811f0 device:0x400894d40a00 size:393216 presentcount:0+2 line:1226 name:wa%gproj(:,:)
host:0x578e1220 device:0x400c638c0000 size:393216 presentcount:0+2 line:1226 name:wa%gproj(:,:)
host:0x579485d0 device:0x400df5600000 size:3145728 presentcount:0+2 line:1226 name:wa%gproj(:,:)
host:0x5bb8ace0 device:0x4007f29fe200 size:2048 presentcount:0+1 line:179 name:w1(:)
host:0x5bb8b500 device:0x400c721f5600 size:2048 presentcount:0+1 line:179 name:wtmp(:)
host:0x5bb96820 device:0x400cd1e00000 size:7284736 presentcount:0+1 line:1101 name:w1%cptwfp(:)
host:0x5c289050 device:0x4006d23b2800 size:98304 presentcount:0+1 line:1101 name:w1%gproj(:)
host:0x5c2a1080 device:0x400c723e5a00 size:98304 presentcount:0+1 line:1101 name:w1%gproj(:)
host:0x5c2b90b0 device:0x4006d23e2800 size:98304 presentcount:0+1 line:1101 name:w1%gproj(:)
host:0x5c4dde20 device:0x400df6a00000 size:14569472 presentcount:0+1 line:202 name:precon(:,:)
host:0x5d2caa10 device:0x400c6fa00000 size:7284736 presentcount:0+1 line:1101 name:w1%cptwfp(:)
host:0x5d9c5430 device:0x400df5a00000 size:7284736 presentcount:0+1 line:1101 name:w1%cptwfp(:)
host:0x5e0b7e70 device:0x400df6200000 size:7284736 presentcount:0+1 line:1101 name:w1%cptwfp(:)
host:0x40062c0010a0 device:0x4007f3a00000 size:45593280 presentcount:0+2 line:430 name:var%nli(:,:)
host:0x400630e931a0 device:0x40084dc00000 size:230400000 presentcount:0+2 line:194 name:sv(:,:)
host:0x40063ea539e0 device:0x400c72a00000 size:14458880 presentcount:0+1 line:195 name:cstrf(:,:)
host:0x4006e00012b0 device:0x400800000000 size:807411968 presentcount:0+2 line:430 name:var%rproj(:)
host:0x400711dd6d70 device:0x400df1e00000 size:29138944 presentcount:0+2 line:1226 name:wa%cptwfp(:,:)
host:0x4007c0004a60 device:0x4007e0000000 size:298674176 presentcount:0+5 line:746 name:var%cptwfp(:,:,:,:)
host:0x4007d1ce6f80 device:0x400df3a00000 size:29138944 presentcount:0+2 line:1226 name:wa%cptwfp(:,:)
host:0x400871ce7190 device:0x400cc0000000 size:233111552 presentcount:0+2 line:1226 name:wa%cptwfp(:,:)
host:0x4009000077c0 device:0x4005e0000000 size:230400000 presentcount:0+1 line:1101 name:w1%cr(:)
host:0x40090dbd79d0 device:0x400830400000 size:230400000 presentcount:0+1 line:1236 name:w1%cr(:)
host:0x400b20007df0 device:0x400880000000 size:230400000 presentcount:0+1 line:1101 name:w1%cr(:)
host:0x400b2dbd8000 device:0x400840000000 size:230400000 presentcount:0+1 line:1236 name:w1%cr(:)
host:0x400c20008420 device:0x400c40000000 size:230400000 presentcount:0+1 line:1101 name:w1%cr(:)
host:0x400c2dbd0020 device:0x400dd1e00000 size:230400000 presentcount:0+1 line:1236 name:w1%cr(:)
host:0x400ca0000440 device:0x400db1e00000 size:230400000 presentcount:0+1 line:1101 name:w1%cr(:)
host:0x400cadbc0650 device:0x400d91e00000 size:230400000 presentcount:0+1 line:1236 name:w1%cr(:)
host:0xfffff872cf40 device:0x400c721f6200 size:3024 presentcount:0+12 line:682 name:var
host:0xfffff872db10 device:0x4007671ff600 size:1480 presentcount:0+1 line:174 name:w_ini
host:0xfffff872e0e0 device:0x4007f25ff600 size:1480 presentcount:0+1 line:174 name:wopt
host:0xfffff872e6b0 device:0x4007871fa400 size:1480 presentcount:0+1 line:174 name:wtmpa
allocated block device:0x40059e3e4000 size:41984 thread:1
allocated block device:0x40059e3ee400 size:512 thread:1
allocated block device:0x40059e3ee600 size:512 thread:1
allocated block device:0x40059e3ee800 size:512 thread:1
allocated block device:0x40059e3eea00 size:512 thread:1
allocated block device:0x40059e3eec00 size:5120 thread:1
allocated block device:0x40059e3f0000 size:1536 thread:1
allocated block device:0x40059e3f0600 size:1024 thread:1
allocated block device:0x40059e3f0a00 size:1024 thread:1
allocated block device:0x40059e3f0e00 size:1536 thread:1
allocated block device:0x40059e3f1400 size:1024 thread:1
allocated block device:0x40059e3f1800 size:1024 thread:1
allocated block device:0x40059e3f1c00 size:17408 thread:1
allocated block device:0x40059e3f6000 size:17408 thread:1
allocated block device:0x40059e3fa400 size:2048 thread:1
allocated block device:0x40059e3fac00 size:512 thread:1
allocated block device:0x40059e3fae00 size:4608 thread:1
allocated block device:0x40059e3fc000 size:512 thread:1
allocated block device:0x40059e3fc200 size:4608 thread:1
allocated block device:0x40059e3fd400 size:3072 thread:1
allocated block device:0x40059e3fe000 size:512 thread:1
allocated block device:0x40059e3fe200 size:512 thread:1
allocated block device:0x40059e3fe400 size:512 thread:1
allocated block device:0x40059e3fe600 size:512 thread:1
allocated block device:0x40059e3fe800 size:512 thread:1
allocated block device:0x40059e3fea00 size:4608 thread:1
allocated block device:0x40059e3ffc00 size:512 thread:1
allocated block device:0x40059e3ffe00 size:512 thread:1
allocated block device:0x4005e0000000 size:230400000 thread:1
allocated block device:0x4006d231a000 size:83968 thread:1
allocated block device:0x4006d232e800 size:180224 thread:1
allocated block device:0x4006d235a800 size:180224 thread:1
allocated block device:0x4006d2386800 size:180224 thread:1
allocated block device:0x4006d23b2800 size:98304 thread:1
allocated block device:0x4006d23ca800 size:98304 thread:1
allocated block device:0x4006d23e2800 size:98304 thread:1
allocated block device:0x4007471ff800 size:1024 thread:1
allocated block device:0x4007671ff600 size:1536 thread:1
allocated block device:0x4007871fa400 size:2048 thread:1
allocated block device:0x4007871fae00 size:2560 thread:1
allocated block device:0x4007871fb800 size:512 thread:1
allocated block device:0x4007871fba00 size:4608 thread:1
allocated block device:0x4007871fcc00 size:512 thread:1
allocated block device:0x4007871fce00 size:4608 thread:1
allocated block device:0x4007871fe000 size:512 thread:1
allocated block device:0x4007871fe200 size:4608 thread:1
allocated block device:0x4007871ff400 size:512 thread:1
allocated block device:0x4007871ff600 size:512 thread:1
allocated block device:0x4007871ff800 size:512 thread:1
allocated block device:0x4007871ffa00 size:512 thread:1
allocated block device:0x4007871ffc00 size:512 thread:1
allocated block device:0x4007871ffe00 size:512 thread:1
allocated block device:0x4007a71f4000 size:41984 thread:1
allocated block device:0x4007a71fe400 size:5120 thread:1
allocated block device:0x4007a71ff800 size:512 thread:1
allocated block device:0x4007a71ffa00 size:512 thread:1
allocated block device:0x4007a71ffc00 size:512 thread:1
allocated block device:0x4007a71ffe00 size:512 thread:1
allocated block device:0x4007e0000000 size:298674176 thread:1
allocated block device:0x4007f1e00000 size:4030464 thread:1
allocated block device:0x4007f2200000 size:1821184 thread:1
allocated block device:0x4007f23bca00 size:180224 thread:1
allocated block device:0x4007f23e8a00 size:26112 thread:1
allocated block device:0x4007f23ef000 size:4608 thread:1
allocated block device:0x4007f23f0200 size:4608 thread:1
allocated block device:0x4007f23f1400 size:24064 thread:1
allocated block device:0x4007f23f7200 size:512 thread:1
allocated block device:0x4007f23f7400 size:24064 thread:1
allocated block device:0x4007f23fd200 size:512 thread:1
allocated block device:0x4007f23fd400 size:512 thread:1
allocated block device:0x4007f23fd600 size:3072 thread:1
allocated block device:0x4007f23fe200 size:3072 thread:1
allocated block device:0x4007f23fee00 size:512 thread:1
allocated block device:0x4007f23ff000 size:1536 thread:1
allocated block device:0x4007f23ff600 size:2560 thread:1
allocated block device:0x4007f2400000 size:1821184 thread:1
allocated block device:0x4007f25bca00 size:180224 thread:1
allocated block device:0x4007f25e8a00 size:5120 thread:1
allocated block device:0x4007f25e9e00 size:1536 thread:1
allocated block device:0x4007f25ea400 size:2048 thread:1
allocated block device:0x4007f25eac00 size:7680 thread:1
allocated block device:0x4007f25eca00 size:7680 thread:1
allocated block device:0x4007f25ee800 size:3072 thread:1
allocated block device:0x4007f25ef400 size:3072 thread:1
allocated block device:0x4007f25f0000 size:5120 thread:1
allocated block device:0x4007f25f1400 size:5120 thread:1
allocated block device:0x4007f25f2800 size:1024 thread:1
allocated block device:0x4007f25f2c00 size:1024 thread:1
allocated block device:0x4007f25f3000 size:1024 thread:1
allocated block device:0x4007f25f3400 size:1024 thread:1
allocated block device:0x4007f25f3800 size:1024 thread:1
allocated block device:0x4007f25f3c00 size:1024 thread:1
allocated block device:0x4007f25f4000 size:1024 thread:1
allocated block device:0x4007f25f4400 size:1024 thread:1
allocated block device:0x4007f25f4800 size:5120 thread:1
allocated block device:0x4007f25f5c00 size:1536 thread:1
allocated block device:0x4007f25f6200 size:1024 thread:1
allocated block device:0x4007f25f6600 size:1024 thread:1
allocated block device:0x4007f25f6a00 size:1536 thread:1
allocated block device:0x4007f25f7000 size:1024 thread:1
allocated block device:0x4007f25f7400 size:1024 thread:1
allocated block device:0x4007f25f7800 size:1024 thread:1
allocated block device:0x4007f25f7c00 size:3072 thread:1
allocated block device:0x4007f25f8800 size:3072 thread:1
allocated block device:0x4007f25f9400 size:1536 thread:1
allocated block device:0x4007f25f9a00 size:1536 thread:1
allocated block device:0x4007f25fa000 size:1024 thread:1
allocated block device:0x4007f25fa400 size:1024 thread:1
allocated block device:0x4007f25fa800 size:1024 thread:1
allocated block device:0x4007f25fac00 size:1024 thread:1
allocated block device:0x4007f25fb000 size:1024 thread:1
allocated block device:0x4007f25fb400 size:1024 thread:1
allocated block device:0x4007f25fb800 size:1024 thread:1
allocated block device:0x4007f25fbc00 size:1024 thread:1
allocated block device:0x4007f25fc000 size:1536 thread:1
allocated block device:0x4007f25fc600 size:1024 thread:1
allocated block device:0x4007f25fca00 size:512 thread:1
allocated block device:0x4007f25fcc00 size:2560 thread:1
allocated block device:0x4007f25fd600 size:3072 thread:1
allocated block device:0x4007f25ff600 size:2560 thread:1
allocated block device:0x4007f2600000 size:1821184 thread:1
allocated block device:0x4007f27bca00 size:180224 thread:1
allocated block device:0x4007f27e8a00 size:28672 thread:1
allocated block device:0x4007f27efa00 size:40448 thread:1
allocated block device:0x4007f27f9800 size:8192 thread:1
allocated block device:0x4007f27fb800 size:8192 thread:1
allocated block device:0x4007f27fd800 size:8192 thread:1
allocated block device:0x4007f27ff800 size:512 thread:1
allocated block device:0x4007f2800000 size:1821184 thread:1
allocated block device:0x4007f29bca00 size:180224 thread:1
allocated block device:0x4007f29e8a00 size:40448 thread:1
allocated block device:0x4007f29fe200 size:2048 thread:1
allocated block device:0x4007f2a00000 size:7284736 thread:1
allocated block device:0x4007f3200000 size:7284736 thread:1
allocated block device:0x4007f3a00000 size:45593600 thread:1
allocated block device:0x400800000000 size:807412224 thread:1
allocated block device:0x400830400000 size:230400000 thread:1
allocated block device:0x400840000000 size:230400000 thread:1
allocated block device:0x40084dc00000 size:230400000 thread:1
allocated block device:0x400880000000 size:230400000 thread:1
allocated block device:0x400894c00000 size:391680 thread:1
allocated block device:0x400894c5fa00 size:921600 thread:1
allocated block device:0x400894d40a00 size:393216 thread:1
allocated block device:0x400894e00000 size:2799616 thread:1
allocated block device:0x400895200000 size:4030464 thread:1
allocated block device:0x400895600000 size:7284736 thread:1
allocated block device:0x400c40000000 size:298674176 thread:1
allocated block device:0x400c638c0000 size:393216 thread:1
allocated block device:0x400c6fa00000 size:7284736 thread:1
allocated block device:0x400c72000000 size:1807360 thread:1
allocated block device:0x400c721b9400 size:181760 thread:1
allocated block device:0x400c721f5600 size:3072 thread:1
allocated block device:0x400c721f6200 size:3072 thread:1
allocated block device:0x400c72200000 size:1807360 thread:1
allocated block device:0x400c723b9400 size:181760 thread:1
allocated block device:0x400c723e5a00 size:98304 thread:1
allocated block device:0x400c72400000 size:1807360 thread:1
allocated block device:0x400c72600000 size:2799616 thread:1
allocated block device:0x400c72a00000 size:14458880 thread:1
allocated block device:0x400cc0000000 size:298674176 thread:1
allocated block device:0x400cd1e00000 size:7284736 thread:1
allocated block device:0x400d91e00000 size:230400000 thread:1
allocated block device:0x400db1e00000 size:230400000 thread:1
allocated block device:0x400dd1e00000 size:230400000 thread:1
allocated block device:0x400df1e00000 size:29138944 thread:1
allocated block device:0x400df3a00000 size:29138944 thread:1
allocated block device:0x400df5600000 size:3145728 thread:1
allocated block device:0x400df5a00000 size:7284736 thread:1
allocated block device:0x400df6200000 size:7284736 thread:1
allocated block device:0x400df6a00000 size:14569472 thread:1
Accelerator Fatal Error: call to cuMemAlloc returned error 2 (CUDA_ERROR_OUT_OF_MEMORY): Out of memory
 File: /lus/lfs1aip2/projects/u6cb/software/VASP/vasp.6.5.1/build/gam/hamil.f90
 Function: hamiltmu:978
 Line: 1005

Out of memory allocating 230400000 bytes of device memory
Failing in Thread:1
total/free CUDA memory: 102005473280/96206848
Present table dump for device[1]: NVIDIA Tesla GPU 0, compute capability 9.0, threadid=1
Hint: specify 0x800 bit in NV_ACC_DEBUG for verbose info.
host:0x2557280 device:0x4003de5fd800 size:32 presentcount:0+3 line:643 name:var%comm
host:0x25572a0 device:0x4003de5ef600 size:32 presentcount:0+4 line:652 name:var%comm_kinter
host:0x25572c0 device:0x4003de5ef800 size:32 presentcount:0+6 line:655 name:var%comm_kin
host:0x25572e0 device:0x4005bc1ffa00 size:32 presentcount:0+3 line:646 name:var%comm_inter
host:0x2557300 device:0x4005bc1ffc00 size:32 presentcount:0+7 line:649 name:var%comm_inb
host:0x256be80 device:0x4003da0ecd00 size:8 presentcount:0+1 line:-1 name:_setexm_struct_def_21
host:0x2576f40 device:0x4003da0ece00 size:28 presentcount:0+1 line:-1 name:_ml_ff_constant_21
host:0x2577c80 device:0x4003da0ecf00 size:30437 presentcount:0+1 line:-1 name:_ml_ff_taglist_21
host:0x25afc80 device:0x4003da0f4600 size:8 presentcount:0+1 line:-1 name:_mopenacc_tutor_21
host:0x25c2740 device:0x4003da0f4a00 size:32 presentcount:0+1 line:-1 name:_mbj_21
host:0x25cd640 device:0x4003da0f4d00 size:8 presentcount:0+1 line:-1 name:_sym_prec_21
host:0x26030c0 device:0x4003da0f4e00 size:344 presentcount:0+1 line:-1 name:_tet_21
host:0x261c840 device:0x4003da0f5000 size:392 presentcount:0+1 line:-1 name:_mymath_21
host:0x2817368 device:0x4003de5f0400 size:4800 presentcount:0+2 line:614 name:var
host:0x2818628 device:0x4003de5fbc00 size:1984 presentcount:0+2 line:403 name:var
host:0x281a910 device:0x40059c3ffa00 size:864 presentcount:0+4 line:2639 name:hamiltonian
host:0x286ac80 device:0x4003de5fec00 size:2712 presentcount:0+2 line:428 name:var
host:0x286b718 device:0x4005bc1fc600 size:2248 presentcount:0+1 line:742 name:var
host:0x286eb50 device:0x400ab21ffc00 size:288 presentcount:0+1 line:195 name:latt_cur
host:0x2871658 device:0x4005dc3fe400 size:5088 presentcount:0+28 line:517 name:var
host:0x2872a38 device:0x4006325f6000 size:5088 presentcount:0+6 line:517 name:var
host:0x2873e18 device:0x4006325e9600 size:5088 presentcount:0+7 line:517 name:var
host:0x287a2a8 device:0x4005bc1ff800 size:304 presentcount:0+1 line:567 name:var
host:0x287a3d8 device:0x4006325fe200 size:304 presentcount:0+1 line:567 name:var
host:0x2e48ec0 device:0x4003da002600 size:960024 presentcount:0+1 line:-1 name:_setexm_struct_def_16
host:0x2f8f080 device:0x4003da0f4700 size:580 presentcount:0+1 line:-1 name:_wpbe_16
host:0x2f8f900 device:0x4003da0f4b00 size:288 presentcount:0+1 line:-1 name:_mbj_16
host:0x9f446c0 device:0x4003da0f5200 size:624 presentcount:0+1 line:-1 name:_mlr_optic_16
host:0x2d9ef6e0 device:0x4003de5ffe00 size:24 presentcount:0+3 line:616 name:var%vkpt(:,:)
host:0x2d9ef7b0 device:0x4006323ef000 size:8 presentcount:0+2 line:616 name:var%wtkpt(:)
host:0x2d9ef7e0 device:0x4003de5ffa00 size:8 presentcount:0+3 line:616 name:var%nityp(:)
host:0x2d9ef960 device:0x4003de5f0200 size:16 presentcount:0+2 line:430 name:var%psrmax(:)
host:0x2d9ef9a0 device:0x4003de5ff800 size:8 presentcount:0+3 line:616 name:var%lmmax(:)
host:0x2d9ef9d0 device:0x4003de5ffc00 size:8 presentcount:0+3 line:616 name:var%nt_global(:)
host:0x2d9efa00 device:0x4006323f8800 size:4 presentcount:0+2 line:616 name:var%nplwkp(:)
host:0x2d9efa30 device:0x4006323f8a00 size:4 presentcount:0+2 line:616 name:var%nplwkp_tot(:)
host:0x2d9efa60 device:0x4006323fea00 size:4 presentcount:0+2 line:616 name:var%ngvector_pos(:)
host:0x2d9efa90 device:0x4006323f2800 size:4 presentcount:0+2 line:616 name:var%ngvector(:)
host:0x2d9efac0 device:0x4003de5fc400 size:8 presentcount:0+2 line:616 name:var%nb_totk(:,:)
host:0x2d9efaf0 device:0x4006323fec00 size:4 presentcount:0+2 line:616 name:var%luseinv(:)
host:0x2d9efb20 device:0x4003de5efe00 size:4 presentcount:0+2 line:616 name:var%at_gamma(:)
host:0x2d9efb50 device:0x4006323ffa00 size:8 presentcount:0+2 line:405 name:var%lmmax(:)
host:0x2ebacc70 device:0x4006325f9000 size:528 presentcount:0+1 line:480 name:var
host:0x32dfd800 device:0x4005bc1ffe00 size:8 presentcount:0+4 line:405 name:var%nityp(:)
host:0x332fc010 device:0x4003de5f2200 size:1000 presentcount:0+4 line:519 name:var%lpctz(:)
host:0x3377f110 device:0x4006327e8a00 size:28464 presentcount:0+1 line:853 name:var(:)
host:0x33791890 device:0x4006329e8a00 size:40000 presentcount:0+1 line:857 name:var%psp(:,:)
host:0x3379b500 device:0x400ab23fbc00 size:8000 presentcount:0+1 line:857 name:var%psprho(:)
host:0x3379e790 device:0x4006323f8c00 size:24000 presentcount:0+2 line:466 name:var%psprnl(:,:,:)
host:0x337ce170 device:0x4006323f0400 size:4320 presentcount:0+4 line:405 name:var%ityp(:)
host:0x337cf280 device:0x4006323e8a00 size:25920 presentcount:0+4 line:405 name:var%posion(:,:)
host:0x338125e0 device:0x4006327efa00 size:40000 presentcount:0+1 line:857 name:var%psp(:,:)
host:0x3381c250 device:0x400ab21fbc00 size:8000 presentcount:0+1 line:857 name:var%pspcor(:)
host:0x3381e1c0 device:0x400ab21fdc00 size:8000 presentcount:0+1 line:857 name:var%psprho(:)
host:0x33821450 device:0x4006323f2a00 size:24000 presentcount:0+2 line:466 name:var%psprnl(:,:,:)
host:0x3386e410 device:0x4005dc3ffc00 size:24 presentcount:0+3 line:466 name:var%lps(:)
host:0x3386e4c0 device:0x4005bc1fd000 size:24 presentcount:0+3 line:466 name:var%lps(:)
host:0x3397c5d0 device:0x4006323ef200 size:4320 presentcount:0+3 line:616 name:var%ityp(:)
host:0x3397d6e0 device:0x4003de5fda00 size:4320 presentcount:0+3 line:616 name:var%npro_pos(:)
host:0x3397e7f0 device:0x4003de5fc600 size:4324 presentcount:0+3 line:616 name:var%lmbase(:)
host:0x3397f900 device:0x4003de5f1800 size:1280 presentcount:0+4 line:519 name:var%lpctx(:)
host:0x3397fe30 device:0x4003de5f1e00 size:720 presentcount:0+4 line:519 name:var%lpcty(:)
host:0x33980130 device:0x4003de5f2600 size:1280 presentcount:0+4 line:519 name:var%lpctx_(:)
host:0x33980660 device:0x4003de5f2c00 size:720 presentcount:0+4 line:519 name:var%lpcty_(:)
host:0x33980960 device:0x4003de5f3000 size:1000 presentcount:0+4 line:519 name:var%lpctz_(:)
host:0x33980d70 device:0x4006325f7400 size:1280 presentcount:0+1 line:519 name:var%lpctx(:)
host:0x339812a0 device:0x4006325f7a00 size:720 presentcount:0+1 line:519 name:var%lpcty(:)
host:0x339815a0 device:0x4006325f7e00 size:1000 presentcount:0+1 line:519 name:var%lpctz(:)
host:0x339819b0 device:0x4006325f8200 size:1280 presentcount:0+1 line:519 name:var%lpctx_(:)
host:0x33981ee0 device:0x4006325f8800 size:720 presentcount:0+1 line:519 name:var%lpcty_(:)
host:0x339821e0 device:0x4006325f8c00 size:1000 presentcount:0+1 line:519 name:var%lpctz_(:)
host:0x339825f0 device:0x4006323fee00 size:2560 presentcount:0+1 line:519 name:var%lpctx(:)
host:0x33983020 device:0x4006325eaa00 size:1440 presentcount:0+1 line:519 name:var%lpcty(:)
host:0x339835f0 device:0x4006325e8a00 size:2000 presentcount:0+1 line:519 name:var%lpctz(:)
host:0x33983df0 device:0x4006325eb000 size:2560 presentcount:0+1 line:519 name:var%lpctx_(:)
host:0x33984820 device:0x4006325eba00 size:1440 presentcount:0+1 line:519 name:var%lpcty_(:)
host:0x33984df0 device:0x4006325ec000 size:2000 presentcount:0+1 line:519 name:var%lpctz_(:)
host:0x33a70ed0 device:0x4006325f0400 size:2824 presentcount:0+1 line:482 name:var%i2(:)
host:0x33a71a00 device:0x4006325f1000 size:2824 presentcount:0+1 line:482 name:var%i3(:)
host:0x33a72530 device:0x4006325f1c00 size:5020 presentcount:0+1 line:482 name:var%i2(:)
host:0x33a73900 device:0x4006325f3000 size:5020 presentcount:0+1 line:482 name:var%i3(:)
host:0x33a74cd0 device:0x4006325ec800 size:7200 presentcount:0+2 line:482 name:var%i2(:)
host:0x33a76920 device:0x4006325ee600 size:7200 presentcount:0+2 line:482 name:var%i3(:)
host:0x33a78990 device:0x4006d4c5fa00 size:921600 presentcount:0+2 line:482 name:var%index(:,:)
host:0x33b599c0 device:0x4006325fe400 size:2560 presentcount:0+1 line:569 name:var%ind1(:)
host:0x33b5a3f0 device:0x4006325fee00 size:2824 presentcount:0+1 line:569 name:var%indcol(:)
host:0x33b5af20 device:0x4006325f9400 size:2824 presentcount:0+1 line:482 name:var%i2(:)
host:0x33b5ba50 device:0x4006325fa000 size:2824 presentcount:0+1 line:482 name:var%i3(:)
host:0x33b5c580 device:0x4006325fac00 size:1512 presentcount:0+1 line:482 name:var%i2(:)
host:0x33b5cb90 device:0x4006325fb200 size:1512 presentcount:0+1 line:482 name:var%i3(:)
host:0x33b5d1a0 device:0x4005bc1fd200 size:4320 presentcount:0+2 line:430 name:var%nlimax(:)
host:0x33b5e2b0 device:0x4005bc1fe600 size:4324 presentcount:0+2 line:430 name:var%lmbase(:)
host:0x33b5f3c0 device:0x4003de5ee400 size:4324 presentcount:0+2 line:430 name:var%nlibase(:)
host:0x33b604d0 device:0x4003de5f3400 size:17132 presentcount:0+4 line:519 name:var%nindpwconjg(:)
host:0x33b647f0 device:0x4003de5f7800 size:17132 presentcount:0+4 line:519 name:var%ind_in_sphere(:)
host:0x33b96710 device:0x4006325fd800 size:1280 presentcount:0+1 line:569 name:var%ind1(:)
host:0x33b96c40 device:0x4006325fde00 size:700 presentcount:0+1 line:569 name:var%indcol(:)
host:0x33b96f30 device:0x40050c12e800 size:180000 presentcount:0+4 line:482 name:var%i2(:)
host:0x33bc2e80 device:0x40050c15a800 size:180000 presentcount:0+4 line:482 name:var%i3(:)
host:0x33beedd0 device:0x4006323bca00 size:180000 presentcount:0+8 line:482 name:var%index(:,:)
host:0x33c1ad20 device:0x4006329bca00 size:180000 presentcount:0+8 line:482 name:var%i2(:)
host:0x33c46c70 device:0x40050c186800 size:180000 presentcount:0+8 line:482 name:var%i3(:)
host:0x33c731f0 device:0x400632400000 size:1821184 presentcount:0+3 line:616 name:var%nindpw(:,:)
host:0x33e2fc20 device:0x4006325bca00 size:180000 presentcount:0+3 line:616 name:var%pl_index(:,:)
host:0x33e5bb70 device:0x4006327bca00 size:180000 presentcount:0+3 line:616 name:var%pl_col(:,:)
host:0x33e87ac0 device:0x4003de5efa00 size:8 presentcount:0+2 line:430 name:var%lmax(:)
host:0x33e87af0 device:0x4006323f1600 size:4324 presentcount:0+2 line:405 name:var%lmbase(:)
host:0x33e88c00 device:0x4003de5efc00 size:8 presentcount:0+2 line:430 name:var%lmmax(:)
host:0x33e88c30 device:0x4003de5f0000 size:8 presentcount:0+2 line:430 name:var%channels(:)
host:0x33e88c60 device:0x4005dc3ff800 size:16 presentcount:0+2 line:430 name:var%rsmooth(:)
host:0x33e88ca0 device:0x4005dc3ffa00 size:400 presentcount:0+2 line:464 name:var
host:0x33e88e30 device:0x4005dc3ffe00 size:400 presentcount:0+2 line:464 name:var
host:0x33ef9850 device:0x4006325fbc00 size:516 presentcount:0+1 line:499 name:var%ptr(:)
host:0x33ef9a80 device:0x4006325fb800 size:516 presentcount:0+1 line:499 name:var%n(:)
host:0x33ef9cb0 device:0x4006325fc400 size:516 presentcount:0+1 line:499 name:var%ptri(:)
host:0x33ef9ee0 device:0x4006325fc000 size:516 presentcount:0+1 line:499 name:var%ni(:)
host:0x33efa110 device:0x4006325fcc00 size:516 presentcount:0+1 line:499 name:var%ptr(:)
host:0x33efa340 device:0x4006325fc800 size:516 presentcount:0+1 line:499 name:var%n(:)
host:0x33efa570 device:0x4005bc1fe400 size:4 presentcount:0+1 line:499 name:var%tbli(:)
host:0x33efa5a0 device:0x4006325fd400 size:516 presentcount:0+1 line:499 name:var%ptri(:)
host:0x33efa7d0 device:0x4006325fd000 size:516 presentcount:0+1 line:499 name:var%ni(:)
host:0x33f0c7f0 device:0x4006325f4400 size:516 presentcount:0+1 line:499 name:var%ptr(:)
host:0x33f14210 device:0x4006323ffc00 size:516 presentcount:0+1 line:499 name:var%n(:)
host:0x33f14440 device:0x4006325f4c00 size:516 presentcount:0+1 line:499 name:var%ptri(:)
host:0x33f14670 device:0x4006325f4800 size:516 presentcount:0+1 line:499 name:var%ni(:)
host:0x33f148a0 device:0x4006325f5400 size:516 presentcount:0+1 line:499 name:var%ptr(:)
host:0x33f14ad0 device:0x4006325f5000 size:516 presentcount:0+1 line:499 name:var%n(:)
host:0x33f14d00 device:0x4006325f5c00 size:516 presentcount:0+1 line:499 name:var%ptri(:)
host:0x33f14f30 device:0x4006325f5800 size:516 presentcount:0+1 line:499 name:var%ni(:)
host:0x34069ab0 device:0x4006d5600000 size:7284736 presentcount:0+3 line:616 name:var%datake(:,:,:)
host:0x3475cd30 device:0x400632600000 size:1821184 presentcount:0+3 line:616 name:var%igx(:,:)
host:0x3491a3c0 device:0x400632200000 size:1821184 presentcount:0+3 line:616 name:var%igy(:,:)
host:0x34ad7c60 device:0x400632800000 size:1821184 presentcount:0+3 line:616 name:var%igz(:,:)
host:0x34c95b30 device:0x400633200000 size:7284272 presentcount:0+4 line:519 name:var%fftsca(:,:)
host:0x35388190 device:0x4006d4c00000 size:224000 presentcount:0+1 line:499 name:var%tbl(:)
host:0x353f57f0 device:0x400ab21b9400 size:272160 presentcount:0+1 line:499 name:var%tbli(:)
host:0x35437f40 device:0x400ab23b9400 size:272160 presentcount:0+1 line:499 name:var%tbl(:)
host:0x355504a0 device:0x4006d4e00000 size:1807360 presentcount:0+1 line:499 name:var%tbl(:)
host:0x358c6090 device:0x400ab2000000 size:1807200 presentcount:0+1 line:499 name:var%tbli(:)
host:0x35a81100 device:0x400ab2200000 size:1807200 presentcount:0+1 line:499 name:var%tbl(:)
host:0x35df7810 device:0x400ab2400000 size:1807200 presentcount:0+1 line:499 name:var%tbli(:)
host:0x36a22420 device:0x4005dc3f4000 size:41984 presentcount:0+1 line:746 name:var%auxtot(:,:,:)
host:0x36a32420 device:0x4003de5e4000 size:41984 presentcount:0+2 line:746 name:var%fertot(:,:,:)
host:0x36a40030 device:0x40050c11a000 size:83968 presentcount:0+2 line:746 name:var%celtot(:,:,:)
host:0x37a52220 device:0x400632a00000 size:7200000 presentcount:0+1 line:195 name:dencor(:)
host:0x3881c510 device:0x400631e00000 size:2799360 presentcount:0+2 line:194 name:cdij(:,:,:,:)
host:0x38acbc30 device:0x400ab2600000 size:2799360 presentcount:0+2 line:194 name:cqij(:,:,:,:)
host:0x3902b8e0 device:0x4006d5200000 size:4030464 presentcount:0+5 line:746 name:var%gproj(:,:,:,:)
host:0x396b8c40 device:0x40050c1ca800 size:98304 presentcount:0+1 line:1101 name:w1%gproj(:)
host:0x405cdaa0 device:0x4006d4d40a00 size:393216 presentcount:0+2 line:1226 name:wa%gproj(:,:)
host:0x4062dad0 device:0x400aa30c0000 size:393216 presentcount:0+2 line:1226 name:wa%gproj(:,:)
host:0x40694e80 device:0x400c75600000 size:3145728 presentcount:0+2 line:1226 name:wa%gproj(:,:)
host:0x448d8f20 device:0x4006329fcc00 size:2048 presentcount:0+1 line:179 name:w1(:)
host:0x448d9740 device:0x4006327fa600 size:2048 presentcount:0+1 line:179 name:wtmp(:)
host:0x448e1930 device:0x400b31e00000 size:7284736 presentcount:0+1 line:1101 name:w1%cptwfp(:)
host:0x44fd4160 device:0x40050c1b2800 size:98304 presentcount:0+1 line:1101 name:w1%gproj(:)
host:0x44fec190 device:0x400ab25b9400 size:98304 presentcount:0+1 line:1101 name:w1%gproj(:)
host:0x450041c0 device:0x400ab25d1400 size:98304 presentcount:0+1 line:1101 name:w1%gproj(:)
host:0x4522a6d0 device:0x400c76a00000 size:14569472 presentcount:0+1 line:202 name:precon(:,:)
host:0x460172c0 device:0x400aaf200000 size:7284736 presentcount:0+1 line:1101 name:w1%cptwfp(:)
host:0x46711ce0 device:0x400c75a00000 size:7284736 presentcount:0+1 line:1101 name:w1%cptwfp(:)
host:0x46e04720 device:0x400c76200000 size:7284736 presentcount:0+1 line:1101 name:w1%cptwfp(:)
host:0x4003bee539e0 device:0x400ab2a00000 size:14458880 presentcount:0+1 line:195 name:cstrf(:,:)
host:0x4004680010a0 device:0x400633a00000 size:45593280 presentcount:0+2 line:430 name:var%nli(:,:)
host:0x40046ce931a0 device:0x40068dc00000 size:230400000 presentcount:0+2 line:194 name:sv(:,:)
host:0x4005200012b0 device:0x400640000000 size:807411968 presentcount:0+2 line:430 name:var%rproj(:)
host:0x400550216d70 device:0x400c71e00000 size:29138944 presentcount:0+2 line:1226 name:wa%cptwfp(:,:)
host:0x400551df6f80 device:0x400c73a00000 size:29138944 presentcount:0+2 line:1226 name:wa%cptwfp(:,:)
host:0x400600004a60 device:0x400620000000 size:298674176 presentcount:0+5 line:746 name:var%cptwfp(:,:,:,:)
host:0x4006b1ce7190 device:0x400b20000000 size:233111552 presentcount:0+2 line:1226 name:wa%cptwfp(:,:)
host:0x4007600077c0 device:0x40042dc00000 size:230400000 presentcount:0+1 line:1101 name:w1%cr(:)
host:0x40076dbd79d0 device:0x400670400000 size:230400000 presentcount:0+1 line:1236 name:w1%cr(:)
host:0x400880007df0 device:0x4006c0000000 size:230400000 presentcount:0+1 line:1101 name:w1%cr(:)
host:0x40088dbd8000 device:0x400680000000 size:230400000 presentcount:0+1 line:1236 name:w1%cr(:)
host:0x4009e0008420 device:0x400a80000000 size:230400000 presentcount:0+1 line:1101 name:w1%cr(:)
host:0x4009edbd0020 device:0x400c51e00000 size:230400000 presentcount:0+1 line:1236 name:w1%cr(:)
host:0x400a60000440 device:0x400c31e00000 size:230400000 presentcount:0+1 line:1101 name:w1%cr(:)
host:0x400a6dbc0650 device:0x400c11e00000 size:230400000 presentcount:0+1 line:1236 name:w1%cr(:)
host:0x400c80005ae0 device:0x400cc0000000 size:921600000 presentcount:0+1 line:1005 name:cwork1(:,:)
host:0xfffffe1ff580 device:0x4006327fb200 size:3024 presentcount:0+12 line:682 name:var
host:0xfffffe200150 device:0x40057c3ff800 size:1480 presentcount:0+1 line:174 name:w_ini
host:0xfffffe200720 device:0x4006327f9c00 size:1480 presentcount:0+1 line:174 name:wopt
host:0xfffffe200cf0 device:0x4005bc1fbc00 size:1480 presentcount:0+1 line:174 name:wtmpa
allocated block device:0x4003de5e4000 size:41984 thread:1
allocated block device:0x4003de5ee400 size:4608 thread:1
allocated block device:0x4003de5ef600 size:512 thread:1
allocated block device:0x4003de5ef800 size:512 thread:1
allocated block device:0x4003de5efa00 size:512 thread:1
allocated block device:0x4003de5efc00 size:512 thread:1
allocated block device:0x4003de5efe00 size:512 thread:1
allocated block device:0x4003de5f0000 size:512 thread:1
allocated block device:0x4003de5f0200 size:512 thread:1
allocated block device:0x4003de5f0400 size:5120 thread:1
allocated block device:0x4003de5f1800 size:1536 thread:1
allocated block device:0x4003de5f1e00 size:1024 thread:1
allocated block device:0x4003de5f2200 size:1024 thread:1
allocated block device:0x4003de5f2600 size:1536 thread:1
allocated block device:0x4003de5f2c00 size:1024 thread:1
allocated block device:0x4003de5f3000 size:1024 thread:1
allocated block device:0x4003de5f3400 size:17408 thread:1
allocated block device:0x4003de5f7800 size:17408 thread:1
allocated block device:0x4003de5fbc00 size:2048 thread:1
allocated block device:0x4003de5fc400 size:512 thread:1
allocated block device:0x4003de5fc600 size:4608 thread:1
allocated block device:0x4003de5fd800 size:512 thread:1
allocated block device:0x4003de5fda00 size:4608 thread:1
allocated block device:0x4003de5fec00 size:3072 thread:1
allocated block device:0x4003de5ff800 size:512 thread:1
allocated block device:0x4003de5ffa00 size:512 thread:1
allocated block device:0x4003de5ffc00 size:512 thread:1
allocated block device:0x4003de5ffe00 size:512 thread:1
allocated block device:0x40042dc00000 size:230400000 thread:1
allocated block device:0x40050c11a000 size:83968 thread:1
allocated block device:0x40050c12e800 size:180224 thread:1
allocated block device:0x40050c15a800 size:180224 thread:1
allocated block device:0x40050c186800 size:180224 thread:1
allocated block device:0x40050c1b2800 size:98304 thread:1
allocated block device:0x40050c1ca800 size:98304 thread:1
allocated block device:0x40057c3ff800 size:1536 thread:1
allocated block device:0x40059c3ffa00 size:1024 thread:1
allocated block device:0x4005bc1fbc00 size:2048 thread:1
allocated block device:0x4005bc1fc600 size:2560 thread:1
allocated block device:0x4005bc1fd000 size:512 thread:1
allocated block device:0x4005bc1fd200 size:4608 thread:1
allocated block device:0x4005bc1fe400 size:512 thread:1
allocated block device:0x4005bc1fe600 size:4608 thread:1
allocated block device:0x4005bc1ff800 size:512 thread:1
allocated block device:0x4005bc1ffa00 size:512 thread:1
allocated block device:0x4005bc1ffc00 size:512 thread:1
allocated block device:0x4005bc1ffe00 size:512 thread:1
allocated block device:0x4005dc3f4000 size:41984 thread:1
allocated block device:0x4005dc3fe400 size:5120 thread:1
allocated block device:0x4005dc3ff800 size:512 thread:1
allocated block device:0x4005dc3ffa00 size:512 thread:1
allocated block device:0x4005dc3ffc00 size:512 thread:1
allocated block device:0x4005dc3ffe00 size:512 thread:1
allocated block device:0x400620000000 size:298674176 thread:1
allocated block device:0x400631e00000 size:4030464 thread:1
allocated block device:0x400632200000 size:1821184 thread:1
allocated block device:0x4006323bca00 size:180224 thread:1
allocated block device:0x4006323e8a00 size:26112 thread:1
allocated block device:0x4006323ef000 size:512 thread:1
allocated block device:0x4006323ef200 size:4608 thread:1
allocated block device:0x4006323f0400 size:4608 thread:1
allocated block device:0x4006323f1600 size:4608 thread:1
allocated block device:0x4006323f2800 size:512 thread:1
allocated block device:0x4006323f2a00 size:24064 thread:1
allocated block device:0x4006323f8800 size:512 thread:1
allocated block device:0x4006323f8a00 size:512 thread:1
allocated block device:0x4006323f8c00 size:24064 thread:1
allocated block device:0x4006323fea00 size:512 thread:1
allocated block device:0x4006323fec00 size:512 thread:1
allocated block device:0x4006323fee00 size:3072 thread:1
allocated block device:0x4006323ffa00 size:512 thread:1
allocated block device:0x4006323ffc00 size:1024 thread:1
allocated block device:0x400632400000 size:1821184 thread:1
allocated block device:0x4006325bca00 size:180224 thread:1
allocated block device:0x4006325e8a00 size:3072 thread:1
allocated block device:0x4006325e9600 size:5120 thread:1
allocated block device:0x4006325eaa00 size:1536 thread:1
allocated block device:0x4006325eb000 size:2560 thread:1
allocated block device:0x4006325eba00 size:1536 thread:1
allocated block device:0x4006325ec000 size:2048 thread:1
allocated block device:0x4006325ec800 size:7680 thread:1
allocated block device:0x4006325ee600 size:7680 thread:1
allocated block device:0x4006325f0400 size:3072 thread:1
allocated block device:0x4006325f1000 size:3072 thread:1
allocated block device:0x4006325f1c00 size:5120 thread:1
allocated block device:0x4006325f3000 size:5120 thread:1
allocated block device:0x4006325f4400 size:1024 thread:1
allocated block device:0x4006325f4800 size:1024 thread:1
allocated block device:0x4006325f4c00 size:1024 thread:1
allocated block device:0x4006325f5000 size:1024 thread:1
allocated block device:0x4006325f5400 size:1024 thread:1
allocated block device:0x4006325f5800 size:1024 thread:1
allocated block device:0x4006325f5c00 size:1024 thread:1
allocated block device:0x4006325f6000 size:5120 thread:1
allocated block device:0x4006325f7400 size:1536 thread:1
allocated block device:0x4006325f7a00 size:1024 thread:1
allocated block device:0x4006325f7e00 size:1024 thread:1
allocated block device:0x4006325f8200 size:1536 thread:1
allocated block device:0x4006325f8800 size:1024 thread:1
allocated block device:0x4006325f8c00 size:1024 thread:1
allocated block device:0x4006325f9000 size:1024 thread:1
allocated block device:0x4006325f9400 size:3072 thread:1
allocated block device:0x4006325fa000 size:3072 thread:1
allocated block device:0x4006325fac00 size:1536 thread:1
allocated block device:0x4006325fb200 size:1536 thread:1
allocated block device:0x4006325fb800 size:1024 thread:1
allocated block device:0x4006325fbc00 size:1024 thread:1
allocated block device:0x4006325fc000 size:1024 thread:1
allocated block device:0x4006325fc400 size:1024 thread:1
allocated block device:0x4006325fc800 size:1024 thread:1
allocated block device:0x4006325fcc00 size:1024 thread:1
allocated block device:0x4006325fd000 size:1024 thread:1
allocated block device:0x4006325fd400 size:1024 thread:1
allocated block device:0x4006325fd800 size:1536 thread:1
allocated block device:0x4006325fde00 size:1024 thread:1
allocated block device:0x4006325fe200 size:512 thread:1
allocated block device:0x4006325fe400 size:2560 thread:1
allocated block device:0x4006325fee00 size:3072 thread:1
allocated block device:0x400632600000 size:1821184 thread:1
allocated block device:0x4006327bca00 size:180224 thread:1
allocated block device:0x4006327e8a00 size:28672 thread:1
allocated block device:0x4006327efa00 size:40448 thread:1
allocated block device:0x4006327f9c00 size:2560 thread:1
allocated block device:0x4006327fa600 size:3072 thread:1
allocated block device:0x4006327fb200 size:3072 thread:1
allocated block device:0x400632800000 size:1821184 thread:1
allocated block device:0x4006329bca00 size:180224 thread:1
allocated block device:0x4006329e8a00 size:40448 thread:1
allocated block device:0x4006329fcc00 size:2048 thread:1
allocated block device:0x400632a00000 size:7284736 thread:1
allocated block device:0x400633200000 size:7284736 thread:1
allocated block device:0x400633a00000 size:45593600 thread:1
allocated block device:0x400640000000 size:807412224 thread:1
allocated block device:0x400670400000 size:230400000 thread:1
allocated block device:0x400680000000 size:230400000 thread:1
allocated block device:0x40068dc00000 size:230400000 thread:1
allocated block device:0x4006c0000000 size:230400000 thread:1
allocated block device:0x4006d4c00000 size:391680 thread:1
allocated block device:0x4006d4c5fa00 size:921600 thread:1
allocated block device:0x4006d4d40a00 size:393216 thread:1
allocated block device:0x4006d4e00000 size:2799616 thread:1
allocated block device:0x4006d5200000 size:4030464 thread:1
allocated block device:0x4006d5600000 size:7284736 thread:1
allocated block device:0x400a80000000 size:298674176 thread:1
allocated block device:0x400aa30c0000 size:393216 thread:1
allocated block device:0x400aaf200000 size:7284736 thread:1
allocated block device:0x400ab2000000 size:1807360 thread:1
allocated block device:0x400ab21b9400 size:272384 thread:1
allocated block device:0x400ab21fbc00 size:8192 thread:1
allocated block device:0x400ab21fdc00 size:8192 thread:1
allocated block device:0x400ab21ffc00 size:512 thread:1
allocated block device:0x400ab2200000 size:1807360 thread:1
allocated block device:0x400ab23b9400 size:272384 thread:1
allocated block device:0x400ab23fbc00 size:8192 thread:1
allocated block device:0x400ab2400000 size:1807360 thread:1
allocated block device:0x400ab25b9400 size:98304 thread:1
allocated block device:0x400ab25d1400 size:98304 thread:1
allocated block device:0x400ab2600000 size:2799616 thread:1
allocated block device:0x400ab2a00000 size:14458880 thread:1
allocated block device:0x400b20000000 size:298674176 thread:1
allocated block device:0x400b31e00000 size:7284736 thread:1
allocated block device:0x400c11e00000 size:230400000 thread:1
allocated block device:0x400c31e00000 size:230400000 thread:1
allocated block device:0x400c51e00000 size:230400000 thread:1
allocated block device:0x400c71e00000 size:29138944 thread:1
allocated block device:0x400c73a00000 size:29138944 thread:1
allocated block device:0x400c75600000 size:3145728 thread:1
allocated block device:0x400c75a00000 size:7284736 thread:1
allocated block device:0x400c76200000 size:7284736 thread:1
allocated block device:0x400c76a00000 size:14569472 thread:1
allocated block device:0x400cc0000000 size:921600000 thread:1
Accelerator Fatal Error: call to cuMemAlloc returned error 2 (CUDA_ERROR_OUT_OF_MEMORY): Out of memory
 File: /lus/lfs1aip2/projects/u6cb/software/VASP/vasp.6.5.1/build/gam/fft_base.f90
 Function: restride_r2q_cmplx:945
 Line: 964

Out of memory allocating 921600000 bytes of device memory
Failing in Thread:1
total/free CUDA memory: 102005473280/202309632
Present table dump for device[1]: NVIDIA Tesla GPU 0, compute capability 9.0, threadid=1
Hint: specify 0x800 bit in NV_ACC_DEBUG for verbose info.
host:0x2557280 device:0x40055e3fd800 size:32 presentcount:0+3 line:643 name:var%comm
host:0x25572a0 device:0x40055e3ef600 size:32 presentcount:0+4 line:652 name:var%comm_kinter
host:0x25572c0 device:0x40055e3ef800 size:32 presentcount:0+6 line:655 name:var%comm_kin
host:0x25572e0 device:0x40073c3ffa00 size:32 presentcount:0+3 line:646 name:var%comm_inter
host:0x2557300 device:0x40073c3ffc00 size:32 presentcount:0+7 line:649 name:var%comm_inb
host:0x256be80 device:0x40055a0ecd00 size:8 presentcount:0+1 line:-1 name:_setexm_struct_def_21
host:0x2576f40 device:0x40055a0ece00 size:28 presentcount:0+1 line:-1 name:_ml_ff_constant_21
host:0x2577c80 device:0x40055a0ecf00 size:30437 presentcount:0+1 line:-1 name:_ml_ff_taglist_21
host:0x25afc80 device:0x40055a0f4600 size:8 presentcount:0+1 line:-1 name:_mopenacc_tutor_21
host:0x25c2740 device:0x40055a0f4a00 size:32 presentcount:0+1 line:-1 name:_mbj_21
host:0x25cd640 device:0x40055a0f4d00 size:8 presentcount:0+1 line:-1 name:_sym_prec_21
host:0x26030c0 device:0x40055a0f4e00 size:344 presentcount:0+1 line:-1 name:_tet_21
host:0x261c840 device:0x40055a0f5000 size:392 presentcount:0+1 line:-1 name:_mymath_21
host:0x2817368 device:0x40055e3f0400 size:4800 presentcount:0+2 line:614 name:var
host:0x2818628 device:0x40055e3fbc00 size:1984 presentcount:0+2 line:403 name:var
host:0x281a910 device:0x40071c1ffa00 size:864 presentcount:0+4 line:2639 name:hamiltonian
host:0x286ac80 device:0x40055e3fec00 size:2712 presentcount:0+2 line:428 name:var
host:0x286b718 device:0x40073c3fc600 size:2248 presentcount:0+1 line:742 name:var
host:0x286eb50 device:0x400c521ffc00 size:288 presentcount:0+1 line:195 name:latt_cur
host:0x2871658 device:0x40075c1fe400 size:5088 presentcount:0+28 line:517 name:var
host:0x2872a38 device:0x4007b25f6000 size:5088 presentcount:0+6 line:517 name:var
host:0x2873e18 device:0x4007b25e9600 size:5088 presentcount:0+7 line:517 name:var
host:0x287a2a8 device:0x40073c3ff800 size:304 presentcount:0+1 line:567 name:var
host:0x287a3d8 device:0x4007b25fe200 size:304 presentcount:0+1 line:567 name:var
host:0x2e48ec0 device:0x40055a002600 size:960024 presentcount:0+1 line:-1 name:_setexm_struct_def_16
host:0x2f8f080 device:0x40055a0f4700 size:580 presentcount:0+1 line:-1 name:_wpbe_16
host:0x2f8f900 device:0x40055a0f4b00 size:288 presentcount:0+1 line:-1 name:_mbj_16
host:0x9f446c0 device:0x40055a0f5200 size:624 presentcount:0+1 line:-1 name:_mlr_optic_16
host:0x306e96a0 device:0x4007b25f9000 size:528 presentcount:0+1 line:480 name:var
host:0x347a8360 device:0x40075c1ffa00 size:400 presentcount:0+2 line:464 name:var
host:0x347a84f0 device:0x40075c1ffe00 size:400 presentcount:0+2 line:464 name:var
host:0x38e3ffd0 device:0x40073c3ffe00 size:8 presentcount:0+4 line:405 name:var%nityp(:)
host:0x3933e7e0 device:0x40055e3f2200 size:1000 presentcount:0+4 line:519 name:var%lpctz(:)
host:0x397c19e0 device:0x4007b27e8a00 size:28464 presentcount:0+1 line:853 name:var(:)
host:0x397d4140 device:0x4007b29e8a00 size:40000 presentcount:0+1 line:857 name:var%psp(:,:)
host:0x397dddb0 device:0x400c523fbc00 size:8000 presentcount:0+1 line:857 name:var%psprho(:)
host:0x397e1040 device:0x4007b23f8c00 size:24000 presentcount:0+2 line:466 name:var%psprnl(:,:,:)
host:0x39810a20 device:0x4007b23f0400 size:4320 presentcount:0+4 line:405 name:var%ityp(:)
host:0x39811b30 device:0x4007b23e8a00 size:25920 presentcount:0+4 line:405 name:var%posion(:,:)
host:0x39854d00 device:0x400c521fbc00 size:8000 presentcount:0+1 line:857 name:var%pspcor(:)
host:0x39856c70 device:0x400c521fdc00 size:8000 presentcount:0+1 line:857 name:var%psprho(:)
host:0x3985a7e0 device:0x4007b27efa00 size:40000 presentcount:0+1 line:857 name:var%psp(:,:)
host:0x39864450 device:0x4007b23f2a00 size:24000 presentcount:0+2 line:466 name:var%psprnl(:,:,:)
host:0x39877680 device:0x4007b25fbc00 size:516 presentcount:0+1 line:499 name:var%ptr(:)
host:0x398a4500 device:0x40075c1ffc00 size:24 presentcount:0+3 line:466 name:var%lps(:)
host:0x398a45b0 device:0x40073c3fd000 size:24 presentcount:0+3 line:466 name:var%lps(:)
host:0x39a15950 device:0x40055e3ffe00 size:24 presentcount:0+3 line:616 name:var%vkpt(:,:)
host:0x39a3aae0 device:0x4007b23ef000 size:8 presentcount:0+2 line:616 name:var%wtkpt(:)
host:0x39a3ab10 device:0x40055e3ffa00 size:8 presentcount:0+3 line:616 name:var%nityp(:)
host:0x39a3ad40 device:0x40055e3f0200 size:16 presentcount:0+2 line:430 name:var%psrmax(:)
host:0x39a3b300 device:0x4007b23ef200 size:4320 presentcount:0+3 line:616 name:var%ityp(:)
host:0x39a3c410 device:0x40055e3ff800 size:8 presentcount:0+3 line:616 name:var%lmmax(:)
host:0x39a3c440 device:0x40055e3ffc00 size:8 presentcount:0+3 line:616 name:var%nt_global(:)
host:0x39a3c470 device:0x40055e3fda00 size:4320 presentcount:0+3 line:616 name:var%npro_pos(:)
host:0x39a3d580 device:0x40055e3fc600 size:4324 presentcount:0+3 line:616 name:var%lmbase(:)
host:0x39a3e690 device:0x4007b23f8800 size:4 presentcount:0+2 line:616 name:var%nplwkp(:)
host:0x39a3e6c0 device:0x4007b23f8a00 size:4 presentcount:0+2 line:616 name:var%nplwkp_tot(:)
host:0x39a3e6f0 device:0x4007b23fea00 size:4 presentcount:0+2 line:616 name:var%ngvector_pos(:)
host:0x39a3e720 device:0x4007b23f2800 size:4 presentcount:0+2 line:616 name:var%ngvector(:)
host:0x39a3e750 device:0x40055e3f1800 size:1280 presentcount:0+4 line:519 name:var%lpctx(:)
host:0x39a3ec80 device:0x40055e3f1e00 size:720 presentcount:0+4 line:519 name:var%lpcty(:)
host:0x39a3ef80 device:0x40055e3f2600 size:1280 presentcount:0+4 line:519 name:var%lpctx_(:)
host:0x39a3f4b0 device:0x40055e3f2c00 size:720 presentcount:0+4 line:519 name:var%lpcty_(:)
host:0x39a3f7b0 device:0x40055e3f3000 size:1000 presentcount:0+4 line:519 name:var%lpctz_(:)
host:0x39a3fbc0 device:0x4007b25f7400 size:1280 presentcount:0+1 line:519 name:var%lpctx(:)
host:0x39a400f0 device:0x4007b25f7a00 size:720 presentcount:0+1 line:519 name:var%lpcty(:)
host:0x39a403f0 device:0x4007b25f7e00 size:1000 presentcount:0+1 line:519 name:var%lpctz(:)
host:0x39a40800 device:0x4007b25f8200 size:1280 presentcount:0+1 line:519 name:var%lpctx_(:)
host:0x39a40d30 device:0x4007b25f8800 size:720 presentcount:0+1 line:519 name:var%lpcty_(:)
host:0x39a41030 device:0x4007b25f8c00 size:1000 presentcount:0+1 line:519 name:var%lpctz_(:)
host:0x39a41440 device:0x4007b23fee00 size:2560 presentcount:0+1 line:519 name:var%lpctx(:)
host:0x39a41e70 device:0x4007b25eaa00 size:1440 presentcount:0+1 line:519 name:var%lpcty(:)
host:0x39a42440 device:0x4007b25e8a00 size:2000 presentcount:0+1 line:519 name:var%lpctz(:)
host:0x39a42c40 device:0x4007b25eb000 size:2560 presentcount:0+1 line:519 name:var%lpctx_(:)
host:0x39a43670 device:0x4007b25eba00 size:1440 presentcount:0+1 line:519 name:var%lpcty_(:)
host:0x39a43c40 device:0x4007b25ec000 size:2000 presentcount:0+1 line:519 name:var%lpctz_(:)
host:0x39b2fd20 device:0x4007b25f0400 size:2824 presentcount:0+1 line:482 name:var%i2(:)
host:0x39b30850 device:0x4007b25f1000 size:2824 presentcount:0+1 line:482 name:var%i3(:)
host:0x39b31380 device:0x4007b25f1c00 size:5020 presentcount:0+1 line:482 name:var%i2(:)
host:0x39b32750 device:0x4007b25f3000 size:5020 presentcount:0+1 line:482 name:var%i3(:)
host:0x39b33b20 device:0x4007b25ec800 size:7200 presentcount:0+2 line:482 name:var%i2(:)
host:0x39b35770 device:0x4007b25ee600 size:7200 presentcount:0+2 line:482 name:var%i3(:)
host:0x39b377e0 device:0x400874c5fa00 size:921600 presentcount:0+2 line:482 name:var%index(:,:)
host:0x39c18810 device:0x4007b25fe400 size:2560 presentcount:0+1 line:569 name:var%ind1(:)
host:0x39c19240 device:0x4007b25fee00 size:2824 presentcount:0+1 line:569 name:var%indcol(:)
host:0x39c19d70 device:0x4007b25f9400 size:2824 presentcount:0+1 line:482 name:var%i2(:)
host:0x39c1a8a0 device:0x4007b25fa000 size:2824 presentcount:0+1 line:482 name:var%i3(:)
host:0x39c1b3d0 device:0x4007b25fac00 size:1512 presentcount:0+1 line:482 name:var%i2(:)
host:0x39c1b9e0 device:0x4007b25fb200 size:1512 presentcount:0+1 line:482 name:var%i3(:)
host:0x39c54420 device:0x4007b25fb800 size:516 presentcount:0+1 line:499 name:var%n(:)
host:0x39c54650 device:0x4007b25fc400 size:516 presentcount:0+1 line:499 name:var%ptri(:)
host:0x39c54880 device:0x4007b25fc000 size:516 presentcount:0+1 line:499 name:var%ni(:)
host:0x39c54ab0 device:0x4007b25fcc00 size:516 presentcount:0+1 line:499 name:var%ptr(:)
host:0x39c54ce0 device:0x4007b25fc800 size:516 presentcount:0+1 line:499 name:var%n(:)
host:0x39c54f10 device:0x40073c3fe400 size:4 presentcount:0+1 line:499 name:var%tbli(:)
host:0x39c54f40 device:0x4007b25fd400 size:516 presentcount:0+1 line:499 name:var%ptri(:)
host:0x39c55170 device:0x4007b25fd000 size:516 presentcount:0+1 line:499 name:var%ni(:)
host:0x39c55560 device:0x4007b25fd800 size:1280 presentcount:0+1 line:569 name:var%ind1(:)
host:0x39c55a90 device:0x4007b25fde00 size:692 presentcount:0+1 line:569 name:var%indcol(:)
host:0x39c55d70 device:0x40069232e800 size:180000 presentcount:0+4 line:482 name:var%i2(:)
host:0x39c81cc0 device:0x40069235a800 size:180000 presentcount:0+4 line:482 name:var%i3(:)
host:0x39cadc10 device:0x4007b23bca00 size:180000 presentcount:0+8 line:482 name:var%index(:,:)
host:0x39cd9b60 device:0x4007b29bca00 size:180000 presentcount:0+8 line:482 name:var%i2(:)
host:0x39d05ab0 device:0x400692386800 size:180000 presentcount:0+8 line:482 name:var%i3(:)
host:0x39d32030 device:0x4007b2400000 size:1821184 presentcount:0+3 line:616 name:var%nindpw(:,:)
host:0x39eeea60 device:0x40055e3fc400 size:8 presentcount:0+2 line:616 name:var%nb_totk(:,:)
host:0x39eeea90 device:0x4007b23fec00 size:4 presentcount:0+2 line:616 name:var%luseinv(:)
host:0x39eeeac0 device:0x40055e3efe00 size:4 presentcount:0+2 line:616 name:var%at_gamma(:)
host:0x39eeeaf0 device:0x4007b25bca00 size:180000 presentcount:0+3 line:616 name:var%pl_index(:,:)
host:0x39f1aa40 device:0x4007b27bca00 size:180000 presentcount:0+3 line:616 name:var%pl_col(:,:)
host:0x39f46990 device:0x4007b23ffa00 size:8 presentcount:0+2 line:405 name:var%lmmax(:)
host:0x39f469c0 device:0x40055e3efa00 size:8 presentcount:0+2 line:430 name:var%lmax(:)
host:0x39f469f0 device:0x4007b23f1600 size:4324 presentcount:0+2 line:405 name:var%lmbase(:)
host:0x39f47b00 device:0x40055e3efc00 size:8 presentcount:0+2 line:430 name:var%lmmax(:)
host:0x39f47b30 device:0x40055e3f0000 size:8 presentcount:0+2 line:430 name:var%channels(:)
host:0x39f47b60 device:0x40075c1ff800 size:16 presentcount:0+2 line:430 name:var%rsmooth(:)
host:0x39f47ba0 device:0x40073c3fd200 size:4320 presentcount:0+2 line:430 name:var%nlimax(:)
host:0x39f48cb0 device:0x40073c3fe600 size:4324 presentcount:0+2 line:430 name:var%lmbase(:)
host:0x39f49dc0 device:0x40055e3ee400 size:4324 presentcount:0+2 line:430 name:var%nlibase(:)
host:0x39f4aed0 device:0x40055e3f3400 size:17132 presentcount:0+4 line:519 name:var%nindpwconjg(:)
host:0x39f4f1f0 device:0x40055e3f7800 size:17132 presentcount:0+4 line:519 name:var%ind_in_sphere(:)
host:0x39f65fd0 device:0x4007b25f4400 size:516 presentcount:0+1 line:499 name:var%ptr(:)
host:0x3a0ac380 device:0x400875600000 size:7284736 presentcount:0+3 line:616 name:var%datake(:,:,:)
host:0x3a79f600 device:0x4007b2600000 size:1821184 presentcount:0+3 line:616 name:var%igx(:,:)
host:0x3a95cc90 device:0x4007b2200000 size:1821184 presentcount:0+3 line:616 name:var%igy(:,:)
host:0x3ab1a530 device:0x4007b2800000 size:1821184 presentcount:0+3 line:616 name:var%igz(:,:)
host:0x3acd8400 device:0x4007b3200000 size:7284272 presentcount:0+4 line:519 name:var%fftsca(:,:)
host:0x3b402e90 device:0x400874c00000 size:221440 presentcount:0+1 line:499 name:var%tbl(:)
host:0x3b43fb30 device:0x4007b23ffc00 size:516 presentcount:0+1 line:499 name:var%n(:)
host:0x3b43fd60 device:0x4007b25f4c00 size:516 presentcount:0+1 line:499 name:var%ptri(:)
host:0x3b43ff90 device:0x4007b25f4800 size:516 presentcount:0+1 line:499 name:var%ni(:)
host:0x3b4401c0 device:0x4007b25f5400 size:516 presentcount:0+1 line:499 name:var%ptr(:)
host:0x3b4403f0 device:0x4007b25f5000 size:516 presentcount:0+1 line:499 name:var%n(:)
host:0x3b440620 device:0x4007b25f5c00 size:516 presentcount:0+1 line:499 name:var%ptri(:)
host:0x3b440850 device:0x4007b25f5800 size:516 presentcount:0+1 line:499 name:var%ni(:)
host:0x3b46f0f0 device:0x400c521b9400 size:272160 presentcount:0+1 line:499 name:var%tbli(:)
host:0x3b4b1840 device:0x400c523b9400 size:272160 presentcount:0+1 line:499 name:var%tbl(:)
host:0x3b5cddb0 device:0x400874e00000 size:1807360 presentcount:0+1 line:499 name:var%tbl(:)
host:0x3b8b2420 device:0x40075c1f4000 size:41984 presentcount:0+1 line:746 name:var%auxtot(:,:,:)
host:0x3b8d2420 device:0x40055e3e4000 size:41984 presentcount:0+2 line:746 name:var%fertot(:,:,:)
host:0x3b9439a0 device:0x400c52000000 size:1807200 presentcount:0+1 line:499 name:var%tbli(:)
host:0x3bafea10 device:0x400c52200000 size:1807200 presentcount:0+1 line:499 name:var%tbl(:)
host:0x3be75120 device:0x400c52400000 size:1807200 presentcount:0+1 line:499 name:var%tbli(:)
host:0x3caa0030 device:0x40069231a000 size:83968 presentcount:0+2 line:746 name:var%celtot(:,:,:)
host:0x3db0da70 device:0x4007b2a00000 size:7200000 presentcount:0+1 line:195 name:dencor(:)
host:0x3e8d7d60 device:0x4007b1e00000 size:2799360 presentcount:0+2 line:194 name:cdij(:,:,:,:)
host:0x3eb87480 device:0x400c52600000 size:2799360 presentcount:0+2 line:194 name:cqij(:,:,:,:)
host:0x3f0e7130 device:0x400875200000 size:4030464 presentcount:0+5 line:746 name:var%gproj(:,:,:,:)
host:0x3f774da0 device:0x4006923ca800 size:98304 presentcount:0+1 line:1101 name:w1%gproj(:)
host:0x46686c90 device:0x400874d40a00 size:393216 presentcount:0+2 line:1226 name:wa%gproj(:,:)
host:0x466e6cc0 device:0x400c438c0000 size:393216 presentcount:0+2 line:1226 name:wa%gproj(:,:)
host:0x4674e280 device:0x400dd5600000 size:3145728 presentcount:0+2 line:1226 name:wa%gproj(:,:)
host:0x4a9650e0 device:0x4007b29fcc00 size:2048 presentcount:0+1 line:179 name:w1(:)
host:0x4a965900 device:0x4007b27fa600 size:2048 presentcount:0+1 line:179 name:wtmp(:)
host:0x4a99c650 device:0x400cb1e00000 size:7284736 presentcount:0+1 line:1101 name:w1%cptwfp(:)
host:0x4b08ee80 device:0x4006923b2800 size:98304 presentcount:0+1 line:1101 name:w1%gproj(:)
host:0x4b0a6eb0 device:0x400c525b9400 size:98304 presentcount:0+1 line:1101 name:w1%gproj(:)
host:0x4b0beee0 device:0x400c525d1400 size:98304 presentcount:0+1 line:1101 name:w1%gproj(:)
host:0x4b2e5180 device:0x400dd6a00000 size:14569472 presentcount:0+1 line:202 name:precon(:,:)
host:0x4c0d1f80 device:0x400c4fa00000 size:7284736 presentcount:0+1 line:1101 name:w1%cptwfp(:)
host:0x4c7ccbb0 device:0x400dd5a00000 size:7284736 presentcount:0+1 line:1101 name:w1%cptwfp(:)
host:0x4cebf800 device:0x400dd6200000 size:7284736 presentcount:0+1 line:1101 name:w1%cptwfp(:)
host:0x4006a00010a0 device:0x4007b3a00000 size:45593280 presentcount:0+2 line:430 name:var%nli(:,:)
host:0x4006a2b812b0 device:0x4007c0000000 size:807411968 presentcount:0+2 line:430 name:var%rproj(:)
host:0x4006d2d939e0 device:0x400c52a00000 size:14458880 presentcount:0+1 line:195 name:cstrf(:,:)
host:0x4006d6e26f80 device:0x400dd1e00000 size:29138944 presentcount:0+2 line:1226 name:wa%cptwfp(:,:)
host:0x4006dbaa7190 device:0x400dd3a00000 size:29138944 presentcount:0+2 line:1226 name:wa%cptwfp(:,:)
host:0x4007800031a0 device:0x40082dc00000 size:230400000 presentcount:0+2 line:194 name:sv(:,:)
host:0x40078dbc4a60 device:0x4007a0000000 size:298674176 presentcount:0+5 line:746 name:var%cptwfp(:,:,:,:)
host:0x400840000020 device:0x400c20000000 size:230400000 presentcount:0+1 line:1101 name:w1%cr(:)
host:0x4008e00073a0 device:0x400ca0000000 size:233111552 presentcount:0+2 line:1226 name:wa%cptwfp(:,:)
host:0x4008ede679d0 device:0x4005a0000000 size:230400000 presentcount:0+1 line:1101 name:w1%cr(:)
host:0x400b00007be0 device:0x4007f0400000 size:230400000 presentcount:0+1 line:1236 name:w1%cr(:)
host:0x400b0dbd8000 device:0x400860000000 size:230400000 presentcount:0+1 line:1101 name:w1%cr(:)
host:0x400c00008210 device:0x400820000000 size:230400000 presentcount:0+1 line:1236 name:w1%cr(:)
host:0x400c0dbd0230 device:0x400db1e00000 size:230400000 presentcount:0+1 line:1236 name:w1%cr(:)
host:0x400c80000650 device:0x400d91e00000 size:230400000 presentcount:0+1 line:1101 name:w1%cr(:)
host:0x400c8dbc0860 device:0x400d71e00000 size:230400000 presentcount:0+1 line:1236 name:w1%cr(:)
host:0xffffe6dedda0 device:0x4007b27fb200 size:3024 presentcount:0+12 line:682 name:var
host:0xffffe6dee970 device:0x4006fc5ff800 size:1480 presentcount:0+1 line:174 name:w_ini
host:0xffffe6deef40 device:0x4007b27f9c00 size:1480 presentcount:0+1 line:174 name:wopt
host:0xffffe6def510 device:0x40073c3fbc00 size:1480 presentcount:0+1 line:174 name:wtmpa
allocated block device:0x40055e3e4000 size:41984 thread:1
allocated block device:0x40055e3ee400 size:4608 thread:1
allocated block device:0x40055e3ef600 size:512 thread:1
allocated block device:0x40055e3ef800 size:512 thread:1
allocated block device:0x40055e3efa00 size:512 thread:1
allocated block device:0x40055e3efc00 size:512 thread:1
allocated block device:0x40055e3efe00 size:512 thread:1
allocated block device:0x40055e3f0000 size:512 thread:1
allocated block device:0x40055e3f0200 size:512 thread:1
allocated block device:0x40055e3f0400 size:5120 thread:1
allocated block device:0x40055e3f1800 size:1536 thread:1
allocated block device:0x40055e3f1e00 size:1024 thread:1
allocated block device:0x40055e3f2200 size:1024 thread:1
allocated block device:0x40055e3f2600 size:1536 thread:1
allocated block device:0x40055e3f2c00 size:1024 thread:1
allocated block device:0x40055e3f3000 size:1024 thread:1
allocated block device:0x40055e3f3400 size:17408 thread:1
allocated block device:0x40055e3f7800 size:17408 thread:1
allocated block device:0x40055e3fbc00 size:2048 thread:1
allocated block device:0x40055e3fc400 size:512 thread:1
allocated block device:0x40055e3fc600 size:4608 thread:1
allocated block device:0x40055e3fd800 size:512 thread:1
allocated block device:0x40055e3fda00 size:4608 thread:1
allocated block device:0x40055e3fec00 size:3072 thread:1
allocated block device:0x40055e3ff800 size:512 thread:1
allocated block device:0x40055e3ffa00 size:512 thread:1
allocated block device:0x40055e3ffc00 size:512 thread:1
allocated block device:0x40055e3ffe00 size:512 thread:1
allocated block device:0x4005a0000000 size:230400000 thread:1
allocated block device:0x40069231a000 size:83968 thread:1
allocated block device:0x40069232e800 size:180224 thread:1
allocated block device:0x40069235a800 size:180224 thread:1
allocated block device:0x400692386800 size:180224 thread:1
allocated block device:0x4006923b2800 size:98304 thread:1
allocated block device:0x4006923ca800 size:98304 thread:1
allocated block device:0x4006fc5ff800 size:1536 thread:1
allocated block device:0x40071c1ffa00 size:1024 thread:1
allocated block device:0x40073c3fbc00 size:2048 thread:1
allocated block device:0x40073c3fc600 size:2560 thread:1
allocated block device:0x40073c3fd000 size:512 thread:1
allocated block device:0x40073c3fd200 size:4608 thread:1
allocated block device:0x40073c3fe400 size:512 thread:1
allocated block device:0x40073c3fe600 size:4608 thread:1
allocated block device:0x40073c3ff800 size:512 thread:1
allocated block device:0x40073c3ffa00 size:512 thread:1
allocated block device:0x40073c3ffc00 size:512 thread:1
allocated block device:0x40073c3ffe00 size:512 thread:1
allocated block device:0x40075c1f4000 size:41984 thread:1
allocated block device:0x40075c1fe400 size:5120 thread:1
allocated block device:0x40075c1ff800 size:512 thread:1
allocated block device:0x40075c1ffa00 size:512 thread:1
allocated block device:0x40075c1ffc00 size:512 thread:1
allocated block device:0x40075c1ffe00 size:512 thread:1
allocated block device:0x4007a0000000 size:298674176 thread:1
allocated block device:0x4007b1e00000 size:4030464 thread:1
allocated block device:0x4007b2200000 size:1821184 thread:1
allocated block device:0x4007b23bca00 size:180224 thread:1
allocated block device:0x4007b23e8a00 size:26112 thread:1
allocated block device:0x4007b23ef000 size:512 thread:1
allocated block device:0x4007b23ef200 size:4608 thread:1
allocated block device:0x4007b23f0400 size:4608 thread:1
allocated block device:0x4007b23f1600 size:4608 thread:1
allocated block device:0x4007b23f2800 size:512 thread:1
allocated block device:0x4007b23f2a00 size:24064 thread:1
allocated block device:0x4007b23f8800 size:512 thread:1
allocated block device:0x4007b23f8a00 size:512 thread:1
allocated block device:0x4007b23f8c00 size:24064 thread:1
allocated block device:0x4007b23fea00 size:512 thread:1
allocated block device:0x4007b23fec00 size:512 thread:1
allocated block device:0x4007b23fee00 size:3072 thread:1
allocated block device:0x4007b23ffa00 size:512 thread:1
allocated block device:0x4007b23ffc00 size:1024 thread:1
allocated block device:0x4007b2400000 size:1821184 thread:1
allocated block device:0x4007b25bca00 size:180224 thread:1
allocated block device:0x4007b25e8a00 size:3072 thread:1
allocated block device:0x4007b25e9600 size:5120 thread:1
allocated block device:0x4007b25eaa00 size:1536 thread:1
allocated block device:0x4007b25eb000 size:2560 thread:1
allocated block device:0x4007b25eba00 size:1536 thread:1
allocated block device:0x4007b25ec000 size:2048 thread:1
allocated block device:0x4007b25ec800 size:7680 thread:1
allocated block device:0x4007b25ee600 size:7680 thread:1
allocated block device:0x4007b25f0400 size:3072 thread:1
allocated block device:0x4007b25f1000 size:3072 thread:1
allocated block device:0x4007b25f1c00 size:5120 thread:1
allocated block device:0x4007b25f3000 size:5120 thread:1
allocated block device:0x4007b25f4400 size:1024 thread:1
allocated block device:0x4007b25f4800 size:1024 thread:1
allocated block device:0x4007b25f4c00 size:1024 thread:1
allocated block device:0x4007b25f5000 size:1024 thread:1
allocated block device:0x4007b25f5400 size:1024 thread:1
allocated block device:0x4007b25f5800 size:1024 thread:1
allocated block device:0x4007b25f5c00 size:1024 thread:1
allocated block device:0x4007b25f6000 size:5120 thread:1
allocated block device:0x4007b25f7400 size:1536 thread:1
allocated block device:0x4007b25f7a00 size:1024 thread:1
allocated block device:0x4007b25f7e00 size:1024 thread:1
allocated block device:0x4007b25f8200 size:1536 thread:1
allocated block device:0x4007b25f8800 size:1024 thread:1
allocated block device:0x4007b25f8c00 size:1024 thread:1
allocated block device:0x4007b25f9000 size:1024 thread:1
allocated block device:0x4007b25f9400 size:3072 thread:1
allocated block device:0x4007b25fa000 size:3072 thread:1
allocated block device:0x4007b25fac00 size:1536 thread:1
allocated block device:0x4007b25fb200 size:1536 thread:1
allocated block device:0x4007b25fb800 size:1024 thread:1
allocated block device:0x4007b25fbc00 size:1024 thread:1
allocated block device:0x4007b25fc000 size:1024 thread:1
allocated block device:0x4007b25fc400 size:1024 thread:1
allocated block device:0x4007b25fc800 size:1024 thread:1
allocated block device:0x4007b25fcc00 size:1024 thread:1
allocated block device:0x4007b25fd000 size:1024 thread:1
allocated block device:0x4007b25fd400 size:1024 thread:1
allocated block device:0x4007b25fd800 size:1536 thread:1
allocated block device:0x4007b25fde00 size:1024 thread:1
allocated block device:0x4007b25fe200 size:512 thread:1
allocated block device:0x4007b25fe400 size:2560 thread:1
allocated block device:0x4007b25fee00 size:3072 thread:1
allocated block device:0x4007b2600000 size:1821184 thread:1
allocated block device:0x4007b27bca00 size:180224 thread:1
allocated block device:0x4007b27e8a00 size:28672 thread:1
allocated block device:0x4007b27efa00 size:40448 thread:1
allocated block device:0x4007b27f9c00 size:2560 thread:1
allocated block device:0x4007b27fa600 size:3072 thread:1
allocated block device:0x4007b27fb200 size:3072 thread:1
allocated block device:0x4007b2800000 size:1821184 thread:1
allocated block device:0x4007b29bca00 size:180224 thread:1
allocated block device:0x4007b29e8a00 size:40448 thread:1
allocated block device:0x4007b29fcc00 size:2048 thread:1
allocated block device:0x4007b2a00000 size:7284736 thread:1
allocated block device:0x4007b3200000 size:7284736 thread:1
allocated block device:0x4007b3a00000 size:45593600 thread:1
allocated block device:0x4007c0000000 size:807412224 thread:1
allocated block device:0x4007f0400000 size:230400000 thread:1
allocated block device:0x400820000000 size:230400000 thread:1
allocated block device:0x40082dc00000 size:230400000 thread:1
allocated block device:0x400860000000 size:230400000 thread:1
allocated block device:0x400874c00000 size:391680 thread:1
allocated block device:0x400874c5fa00 size:921600 thread:1
allocated block device:0x400874d40a00 size:393216 thread:1
allocated block device:0x400874e00000 size:2799616 thread:1
allocated block device:0x400875200000 size:4030464 thread:1
allocated block device:0x400875600000 size:7284736 thread:1
allocated block device:0x400c20000000 size:298674176 thread:1
allocated block device:0x400c438c0000 size:393216 thread:1
allocated block device:0x400c4fa00000 size:7284736 thread:1
allocated block device:0x400c52000000 size:1807360 thread:1
allocated block device:0x400c521b9400 size:272384 thread:1
allocated block device:0x400c521fbc00 size:8192 thread:1
allocated block device:0x400c521fdc00 size:8192 thread:1
allocated block device:0x400c521ffc00 size:512 thread:1
allocated block device:0x400c52200000 size:1807360 thread:1
allocated block device:0x400c523b9400 size:272384 thread:1
allocated block device:0x400c523fbc00 size:8192 thread:1
allocated block device:0x400c52400000 size:1807360 thread:1
allocated block device:0x400c525b9400 size:98304 thread:1
allocated block device:0x400c525d1400 size:98304 thread:1
allocated block device:0x400c52600000 size:2799616 thread:1
allocated block device:0x400c52a00000 size:14458880 thread:1
allocated block device:0x400ca0000000 size:298674176 thread:1
allocated block device:0x400cb1e00000 size:7284736 thread:1
allocated block device:0x400d71e00000 size:230400000 thread:1
allocated block device:0x400d91e00000 size:230400000 thread:1
allocated block device:0x400db1e00000 size:230400000 thread:1
allocated block device:0x400dd1e00000 size:29138944 thread:1
allocated block device:0x400dd3a00000 size:29138944 thread:1
allocated block device:0x400dd5600000 size:3145728 thread:1
allocated block device:0x400dd5a00000 size:7284736 thread:1
allocated block device:0x400dd6200000 size:7284736 thread:1
allocated block device:0x400dd6a00000 size:14569472 thread:1
Accelerator Fatal Error: call to cuMemAlloc returned error 2 (CUDA_ERROR_OUT_OF_MEMORY): Out of memory
 File: /lus/lfs1aip2/projects/u6cb/software/VASP/vasp.6.5.1/build/gam/hamil.f90
 Function: hamiltmu:978
 Line: 1005

Out of memory allocating 921600000 bytes of device memory
Failing in Thread:1
total/free CUDA memory: 102005473280/318636032
Present table dump for device[1]: NVIDIA Tesla GPU 0, compute capability 9.0, threadid=1
Hint: specify 0x800 bit in NV_ACC_DEBUG for verbose info.
host:0x2557280 device:0x4003fe3fc000 size:32 presentcount:0+3 line:643 name:var%comm
host:0x25572a0 device:0x4005e71ffa00 size:32 presentcount:0+4 line:652 name:var%comm_kinter
host:0x25572c0 device:0x4005e71ffc00 size:32 presentcount:0+6 line:655 name:var%comm_kin
host:0x25572e0 device:0x4005e71ff400 size:32 presentcount:0+3 line:646 name:var%comm_inter
host:0x2557300 device:0x4005e71ff600 size:32 presentcount:0+7 line:649 name:var%comm_inb
host:0x256be80 device:0x4003fa0ecd00 size:8 presentcount:0+1 line:-1 name:_setexm_struct_def_21
host:0x2576f40 device:0x4003fa0ece00 size:28 presentcount:0+1 line:-1 name:_ml_ff_constant_21
host:0x2577c80 device:0x4003fa0ecf00 size:30437 presentcount:0+1 line:-1 name:_ml_ff_taglist_21
host:0x25afc80 device:0x4003fa0f4600 size:8 presentcount:0+1 line:-1 name:_mopenacc_tutor_21
host:0x25c2740 device:0x4003fa0f4a00 size:32 presentcount:0+1 line:-1 name:_mbj_21
host:0x25cd640 device:0x4003fa0f4d00 size:8 presentcount:0+1 line:-1 name:_sym_prec_21
host:0x26030c0 device:0x4003fa0f4e00 size:344 presentcount:0+1 line:-1 name:_tet_21
host:0x261c840 device:0x4003fa0f5000 size:392 presentcount:0+1 line:-1 name:_mymath_21
host:0x2817368 device:0x4003fe3eec00 size:4800 presentcount:0+2 line:614 name:var
host:0x2818628 device:0x4003fe3fa400 size:1984 presentcount:0+2 line:403 name:var
host:0x281a910 device:0x4005a71ff800 size:864 presentcount:0+4 line:2639 name:hamiltonian
host:0x286ac80 device:0x4003fe3fd400 size:2712 presentcount:0+2 line:428 name:var
host:0x286b718 device:0x4005e71fae00 size:2248 presentcount:0+1 line:742 name:var
host:0x286eb50 device:0x4006527ff800 size:288 presentcount:0+1 line:195 name:latt_cur
host:0x2871658 device:0x4006071fe400 size:5088 presentcount:0+28 line:517 name:var
host:0x2872a38 device:0x4006525f4800 size:5088 presentcount:0+6 line:517 name:var
host:0x2873e18 device:0x4006525e8a00 size:5088 presentcount:0+7 line:517 name:var
host:0x287a2a8 device:0x4005e71fe000 size:304 presentcount:0+1 line:567 name:var
host:0x287a3d8 device:0x4006525fca00 size:304 presentcount:0+1 line:567 name:var
host:0x2e48ec0 device:0x4003fa002600 size:960024 presentcount:0+1 line:-1 name:_setexm_struct_def_16
host:0x2f8f080 device:0x4003fa0f4700 size:580 presentcount:0+1 line:-1 name:_wpbe_16
host:0x2f8f900 device:0x4003fa0f4b00 size:288 presentcount:0+1 line:-1 name:_mbj_16
host:0x9f446c0 device:0x4003fa0f5200 size:624 presentcount:0+1 line:-1 name:_mlr_optic_16
host:0x3f23e0f0 device:0x4003fe3fe800 size:8 presentcount:0+2 line:616 name:var%wtkpt(:)
host:0x3f23e120 device:0x4003fe3fe200 size:8 presentcount:0+3 line:616 name:var%nityp(:)
host:0x3f979470 device:0x4006525f7800 size:528 presentcount:0+1 line:480 name:var
host:0x43a38190 device:0x4006071ffa00 size:400 presentcount:0+2 line:464 name:var
host:0x43a38320 device:0x4006071ffe00 size:400 presentcount:0+2 line:464 name:var
host:0x480cfe00 device:0x4005e71ff800 size:8 presentcount:0+4 line:405 name:var%nityp(:)
host:0x485ce610 device:0x4003fe3f0a00 size:1000 presentcount:0+4 line:519 name:var%lpctz(:)
host:0x48a51810 device:0x4006527e8a00 size:28464 presentcount:0+1 line:853 name:var(:)
host:0x48a63f70 device:0x4006529e8a00 size:40000 presentcount:0+1 line:857 name:var%psp(:,:)
host:0x48a6dbe0 device:0x4006527fd800 size:8000 presentcount:0+1 line:857 name:var%psprho(:)
host:0x48a70e70 device:0x4006523f7400 size:24000 presentcount:0+2 line:466 name:var%psprnl(:,:,:)
host:0x48aa0850 device:0x4006523ef000 size:4320 presentcount:0+4 line:405 name:var%ityp(:)
host:0x48aa1960 device:0x4006523e8a00 size:25920 presentcount:0+4 line:405 name:var%posion(:,:)
host:0x48ae4b30 device:0x4006527f9800 size:8000 presentcount:0+1 line:857 name:var%pspcor(:)
host:0x48ae6aa0 device:0x4006527fb800 size:8000 presentcount:0+1 line:857 name:var%psprho(:)
host:0x48aea610 device:0x4006527efa00 size:40000 presentcount:0+1 line:857 name:var%psp(:,:)
host:0x48af4280 device:0x4006523f1400 size:24000 presentcount:0+2 line:466 name:var%psprnl(:,:,:)
host:0x48b34330 device:0x4006071ffc00 size:24 presentcount:0+3 line:466 name:var%lps(:)
host:0x48b343e0 device:0x4005e71fb800 size:24 presentcount:0+3 line:466 name:var%lps(:)
host:0x48c8fb30 device:0x4003fe3fe600 size:24 presentcount:0+3 line:616 name:var%vkpt(:,:)
host:0x48cb4d30 device:0x4003fe3eea00 size:16 presentcount:0+2 line:430 name:var%psrmax(:)
host:0x48cb52f0 device:0x4003fe3fea00 size:4320 presentcount:0+3 line:616 name:var%ityp(:)
host:0x48cb6400 device:0x4003fe3fe000 size:8 presentcount:0+3 line:616 name:var%lmmax(:)
host:0x48cb6430 device:0x4003fe3fe400 size:8 presentcount:0+3 line:616 name:var%nt_global(:)
host:0x48cb6460 device:0x4003fe3fc200 size:4320 presentcount:0+3 line:616 name:var%npro_pos(:)
host:0x48cb7570 device:0x4003fe3fae00 size:4324 presentcount:0+3 line:616 name:var%lmbase(:)
host:0x48cb8680 device:0x4003fe3ffe00 size:4 presentcount:0+2 line:616 name:var%nplwkp(:)
host:0x48cb86b0 device:0x4006523f7200 size:4 presentcount:0+2 line:616 name:var%nplwkp_tot(:)
host:0x48cb86e0 device:0x4006523fd200 size:4 presentcount:0+2 line:616 name:var%ngvector_pos(:)
host:0x48cb8710 device:0x4003fe3ffc00 size:4 presentcount:0+2 line:616 name:var%ngvector(:)
host:0x48cb8740 device:0x4003fe3f0000 size:1280 presentcount:0+4 line:519 name:var%lpctx(:)
host:0x48cb8c70 device:0x4003fe3f0600 size:720 presentcount:0+4 line:519 name:var%lpcty(:)
host:0x48cb8f70 device:0x4003fe3f0e00 size:1280 presentcount:0+4 line:519 name:var%lpctx_(:)
host:0x48cb94a0 device:0x4003fe3f1400 size:720 presentcount:0+4 line:519 name:var%lpcty_(:)
host:0x48cb97a0 device:0x4003fe3f1800 size:1000 presentcount:0+4 line:519 name:var%lpctz_(:)
host:0x48cb9bb0 device:0x4006525f5c00 size:1280 presentcount:0+1 line:519 name:var%lpctx(:)
host:0x48cba0e0 device:0x4006525f6200 size:720 presentcount:0+1 line:519 name:var%lpcty(:)
host:0x48cba3e0 device:0x4006525f6600 size:1000 presentcount:0+1 line:519 name:var%lpctz(:)
host:0x48cba7f0 device:0x4006525f6a00 size:1280 presentcount:0+1 line:519 name:var%lpctx_(:)
host:0x48cbad20 device:0x4006525f7000 size:720 presentcount:0+1 line:519 name:var%lpcty_(:)
host:0x48cbb020 device:0x4006525f7400 size:1000 presentcount:0+1 line:519 name:var%lpctz_(:)
host:0x48cbb430 device:0x4006523fd600 size:2560 presentcount:0+1 line:519 name:var%lpctx(:)
host:0x48cbbe60 device:0x4006523ff000 size:1440 presentcount:0+1 line:519 name:var%lpcty(:)
host:0x48cbc430 device:0x4006523fe200 size:2000 presentcount:0+1 line:519 name:var%lpctz(:)
host:0x48cbcc30 device:0x4006523ff600 size:2560 presentcount:0+1 line:519 name:var%lpctx_(:)
host:0x48cbd660 device:0x4006525e9e00 size:1440 presentcount:0+1 line:519 name:var%lpcty_(:)
host:0x48cbdc30 device:0x4006525ea400 size:2000 presentcount:0+1 line:519 name:var%lpctz_(:)
host:0x48da9d10 device:0x4006525ee800 size:2824 presentcount:0+1 line:482 name:var%i2(:)
host:0x48daa840 device:0x4006525ef400 size:2824 presentcount:0+1 line:482 name:var%i3(:)
host:0x48dab370 device:0x4006525f0000 size:5020 presentcount:0+1 line:482 name:var%i2(:)
host:0x48dac740 device:0x4006525f1400 size:5020 presentcount:0+1 line:482 name:var%i3(:)
host:0x48dadb10 device:0x4006525eac00 size:7200 presentcount:0+2 line:482 name:var%i2(:)
host:0x48daf760 device:0x4006525eca00 size:7200 presentcount:0+2 line:482 name:var%i3(:)
host:0x48db17d0 device:0x4006f4c5fa00 size:921600 presentcount:0+2 line:482 name:var%index(:,:)
host:0x48e92800 device:0x4006525fcc00 size:2560 presentcount:0+1 line:569 name:var%ind1(:)
host:0x48e93230 device:0x4006525fd600 size:2824 presentcount:0+1 line:569 name:var%indcol(:)
host:0x48e93d60 device:0x4006525f7c00 size:2824 presentcount:0+1 line:482 name:var%i2(:)
host:0x48e94890 device:0x4006525f8800 size:2824 presentcount:0+1 line:482 name:var%i3(:)
host:0x48e953c0 device:0x4006525f9400 size:1512 presentcount:0+1 line:482 name:var%i2(:)
host:0x48e959d0 device:0x4006525f9a00 size:1512 presentcount:0+1 line:482 name:var%i3(:)
host:0x48ece410 device:0x4006525fa400 size:516 presentcount:0+1 line:499 name:var%ptr(:)
host:0x48ece640 device:0x4006525fa000 size:516 presentcount:0+1 line:499 name:var%n(:)
host:0x48ece870 device:0x4006525fac00 size:516 presentcount:0+1 line:499 name:var%ptri(:)
host:0x48eceaa0 device:0x4006525fa800 size:516 presentcount:0+1 line:499 name:var%ni(:)
host:0x48ececd0 device:0x4006525fb400 size:516 presentcount:0+1 line:499 name:var%ptr(:)
host:0x48ecef00 device:0x4006525fb000 size:516 presentcount:0+1 line:499 name:var%n(:)
host:0x48ecf130 device:0x4005e71fcc00 size:4 presentcount:0+1 line:499 name:var%tbli(:)
host:0x48ecf160 device:0x4006525fbc00 size:516 presentcount:0+1 line:499 name:var%ptri(:)
host:0x48ecf550 device:0x4006525fc000 size:1280 presentcount:0+1 line:569 name:var%ind1(:)
host:0x48ecfa80 device:0x4006525fc600 size:720 presentcount:0+1 line:569 name:var%indcol(:)
host:0x48ecfd80 device:0x40052432e800 size:180000 presentcount:0+4 line:482 name:var%i2(:)
host:0x48efbcd0 device:0x40052435a800 size:180000 presentcount:0+4 line:482 name:var%i3(:)
host:0x48f27c20 device:0x4006523bca00 size:180000 presentcount:0+8 line:482 name:var%index(:,:)
host:0x48f53b70 device:0x4006529bca00 size:180000 presentcount:0+8 line:482 name:var%i2(:)
host:0x48f7fac0 device:0x400524386800 size:180000 presentcount:0+8 line:482 name:var%i3(:)
host:0x48fac040 device:0x400652400000 size:1821184 presentcount:0+3 line:616 name:var%nindpw(:,:)
host:0x49168a70 device:0x4003fe3fac00 size:8 presentcount:0+2 line:616 name:var%nb_totk(:,:)
host:0x49168aa0 device:0x4006523fd400 size:4 presentcount:0+2 line:616 name:var%luseinv(:)
host:0x49168ad0 device:0x4003fe3ee600 size:4 presentcount:0+2 line:616 name:var%at_gamma(:)
host:0x49168b00 device:0x4006525bca00 size:180000 presentcount:0+3 line:616 name:var%pl_index(:,:)
host:0x49194a50 device:0x4006527bca00 size:180000 presentcount:0+3 line:616 name:var%pl_col(:,:)
host:0x491c09a0 device:0x4006523fee00 size:8 presentcount:0+2 line:405 name:var%lmmax(:)
host:0x491c09d0 device:0x4005e71ffe00 size:8 presentcount:0+2 line:430 name:var%lmax(:)
host:0x491c0a00 device:0x4006523f0200 size:4324 presentcount:0+2 line:405 name:var%lmbase(:)
host:0x491c1b10 device:0x4003fe3ee400 size:8 presentcount:0+2 line:430 name:var%lmmax(:)
host:0x491c1b40 device:0x4003fe3ee800 size:8 presentcount:0+2 line:430 name:var%channels(:)
host:0x491c1b70 device:0x4006071ff800 size:16 presentcount:0+2 line:430 name:var%rsmooth(:)
host:0x491c1bb0 device:0x4005e71fba00 size:4320 presentcount:0+2 line:430 name:var%nlimax(:)
host:0x491c2cc0 device:0x4005e71fce00 size:4324 presentcount:0+2 line:430 name:var%lmbase(:)
host:0x491c3dd0 device:0x4005e71fe200 size:4324 presentcount:0+2 line:430 name:var%nlibase(:)
host:0x491c4ee0 device:0x4003fe3f1c00 size:17132 presentcount:0+4 line:519 name:var%nindpwconjg(:)
host:0x491c9200 device:0x4003fe3f6000 size:17132 presentcount:0+4 line:519 name:var%ind_in_sphere(:)
host:0x491ce140 device:0x4006525fb800 size:516 presentcount:0+1 line:499 name:var%ni(:)
host:0x491eaff0 device:0x4006525f2c00 size:516 presentcount:0+1 line:499 name:var%ptr(:)
host:0x491eb220 device:0x4006525f2800 size:516 presentcount:0+1 line:499 name:var%n(:)
host:0x491eb450 device:0x4006525f3400 size:516 presentcount:0+1 line:499 name:var%ptri(:)
host:0x491eb680 device:0x4006525f3000 size:516 presentcount:0+1 line:499 name:var%ni(:)
host:0x491eb8b0 device:0x4006525f3c00 size:516 presentcount:0+1 line:499 name:var%ptr(:)
host:0x491ebae0 device:0x4006525f3800 size:516 presentcount:0+1 line:499 name:var%n(:)
host:0x491ebd10 device:0x4006525f4400 size:516 presentcount:0+1 line:499 name:var%ptri(:)
host:0x491ebf40 device:0x4006525f4000 size:516 presentcount:0+1 line:499 name:var%ni(:)
host:0x4933c1b0 device:0x4006f5600000 size:7284736 presentcount:0+3 line:616 name:var%datake(:,:,:)
host:0x49a2f430 device:0x400652600000 size:1821184 presentcount:0+3 line:616 name:var%igx(:,:)
host:0x49becac0 device:0x400652200000 size:1821184 presentcount:0+3 line:616 name:var%igy(:,:)
host:0x49daa360 device:0x400652800000 size:1821184 presentcount:0+3 line:616 name:var%igz(:,:)
host:0x49f68230 device:0x400653200000 size:7284272 presentcount:0+4 line:519 name:var%fftsca(:,:)
host:0x4a692cc0 device:0x4006f4c00000 size:230400 presentcount:0+1 line:499 name:var%tbl(:)
host:0x4a703520 device:0x400ad21b9400 size:181440 presentcount:0+1 line:499 name:var%tbli(:)
host:0x4a72fa10 device:0x400ad23b9400 size:181440 presentcount:0+1 line:499 name:var%tbl(:)
host:0x4a81bab0 device:0x4006f4e00000 size:1807360 presentcount:0+1 line:499 name:var%tbl(:)
host:0x4aae2420 device:0x4006071f4000 size:41984 presentcount:0+1 line:746 name:var%auxtot(:,:,:)
host:0x4ab22420 device:0x4003fe3e4000 size:41984 presentcount:0+2 line:746 name:var%fertot(:,:,:)
host:0x4ab30030 device:0x40052431a000 size:83968 presentcount:0+2 line:746 name:var%celtot(:,:,:)
host:0x4ab916a0 device:0x400ad2000000 size:1807200 presentcount:0+1 line:499 name:var%tbli(:)
host:0x4ad4c710 device:0x400ad2200000 size:1807200 presentcount:0+1 line:499 name:var%tbl(:)
host:0x4b0c2e20 device:0x400ad2400000 size:1807200 presentcount:0+1 line:499 name:var%tbli(:)
host:0x4cd5e3c0 device:0x400652a00000 size:7200000 presentcount:0+1 line:195 name:dencor(:)
host:0x4db286b0 device:0x400651e00000 size:2799360 presentcount:0+2 line:194 name:cdij(:,:,:,:)
host:0x4ddd7dd0 device:0x400ad2600000 size:2799360 presentcount:0+2 line:194 name:cqij(:,:,:,:)
host:0x4e337a80 device:0x4006f5200000 size:4030464 presentcount:0+5 line:746 name:var%gproj(:,:,:,:)
host:0x4e9c6870 device:0x4005243ca800 size:98304 presentcount:0+1 line:1101 name:w1%gproj(:)
host:0x558ac660 device:0x4006f4d40a00 size:393216 presentcount:0+2 line:1226 name:wa%gproj(:,:)
host:0x5590c690 device:0x400ac38c0000 size:393216 presentcount:0+2 line:1226 name:wa%gproj(:,:)
host:0x55973a40 device:0x400c55600000 size:3145728 presentcount:0+2 line:1226 name:wa%gproj(:,:)
host:0x59b90130 device:0x4006529fe200 size:2048 presentcount:0+1 line:179 name:w1(:)
host:0x59b90950 device:0x400ad21f5600 size:2048 presentcount:0+1 line:179 name:wtmp(:)
host:0x59bc1890 device:0x400b31e00000 size:7284736 presentcount:0+1 line:1101 name:w1%cptwfp(:)
host:0x5a2b40c0 device:0x4005243b2800 size:98304 presentcount:0+1 line:1101 name:w1%gproj(:)
host:0x5a2cc0f0 device:0x400ad23e5a00 size:98304 presentcount:0+1 line:1101 name:w1%gproj(:)
host:0x5a2e4120 device:0x4005243e2800 size:98304 presentcount:0+1 line:1101 name:w1%gproj(:)
host:0x5a509290 device:0x400c56a00000 size:14569472 presentcount:0+1 line:202 name:precon(:,:)
host:0x5b2f5e80 device:0x400acfa00000 size:7284736 presentcount:0+1 line:1101 name:w1%cptwfp(:)
host:0x5b9f08a0 device:0x400c55a00000 size:7284736 presentcount:0+1 line:1101 name:w1%cptwfp(:)
host:0x5c0e32e0 device:0x400c56200000 size:7284736 presentcount:0+1 line:1101 name:w1%cptwfp(:)
host:0x40043c0010a0 device:0x400653a00000 size:45593280 presentcount:0+2 line:430 name:var%nli(:,:)
host:0x40043eb839e0 device:0x400ad2a00000 size:14458880 presentcount:0+1 line:195 name:cstrf(:,:)
host:0x40048e3131a0 device:0x4006adc00000 size:230400000 presentcount:0+2 line:194 name:sv(:,:)
host:0x4005400012b0 device:0x400660000000 size:807411968 presentcount:0+2 line:430 name:var%rproj(:)
host:0x400570216d70 device:0x400c51e00000 size:29138944 presentcount:0+2 line:1226 name:wa%cptwfp(:,:)
host:0x400571df6f80 device:0x400c53a00000 size:29138944 presentcount:0+2 line:1226 name:wa%cptwfp(:,:)
host:0x400620004a60 device:0x400640000000 size:298674176 presentcount:0+5 line:746 name:var%cptwfp(:,:,:,:)
host:0x4006d1ce7190 device:0x400b20000000 size:233111552 presentcount:0+2 line:1226 name:wa%cptwfp(:,:)
host:0x4007600077c0 device:0x400440000000 size:230400000 presentcount:0+1 line:1101 name:w1%cr(:)
host:0x40076dbd79d0 device:0x400690400000 size:230400000 presentcount:0+1 line:1236 name:w1%cr(:)
host:0x400980007df0 device:0x4006e0000000 size:230400000 presentcount:0+1 line:1101 name:w1%cr(:)
host:0x40098dbd8000 device:0x4006a0000000 size:230400000 presentcount:0+1 line:1236 name:w1%cr(:)
host:0x400a80008420 device:0x400aa0000000 size:230400000 presentcount:0+1 line:1101 name:w1%cr(:)
host:0x400a8dbd0020 device:0x400c31e00000 size:230400000 presentcount:0+1 line:1236 name:w1%cr(:)
host:0x400b00000440 device:0x400c11e00000 size:230400000 presentcount:0+1 line:1101 name:w1%cr(:)
host:0x400b0dbc0650 device:0x400bf1e00000 size:230400000 presentcount:0+1 line:1236 name:w1%cr(:)
host:0xffffcf53b300 device:0x400ad21f6200 size:3024 presentcount:0+12 line:682 name:var
host:0xffffcf53bed0 device:0x4005c71ff600 size:1480 presentcount:0+1 line:174 name:w_ini
host:0xffffcf53c4a0 device:0x4006525ff600 size:1480 presentcount:0+1 line:174 name:wopt
host:0xffffcf53ca70 device:0x4005e71fa400 size:1480 presentcount:0+1 line:174 name:wtmpa
allocated block device:0x4003fe3e4000 size:41984 thread:1
allocated block device:0x4003fe3ee400 size:512 thread:1
allocated block device:0x4003fe3ee600 size:512 thread:1
allocated block device:0x4003fe3ee800 size:512 thread:1
allocated block device:0x4003fe3eea00 size:512 thread:1
allocated block device:0x4003fe3eec00 size:5120 thread:1
allocated block device:0x4003fe3f0000 size:1536 thread:1
allocated block device:0x4003fe3f0600 size:1024 thread:1
allocated block device:0x4003fe3f0a00 size:1024 thread:1
allocated block device:0x4003fe3f0e00 size:1536 thread:1
allocated block device:0x4003fe3f1400 size:1024 thread:1
allocated block device:0x4003fe3f1800 size:1024 thread:1
allocated block device:0x4003fe3f1c00 size:17408 thread:1
allocated block device:0x4003fe3f6000 size:17408 thread:1
allocated block device:0x4003fe3fa400 size:2048 thread:1
allocated block device:0x4003fe3fac00 size:512 thread:1
allocated block device:0x4003fe3fae00 size:4608 thread:1
allocated block device:0x4003fe3fc000 size:512 thread:1
allocated block device:0x4003fe3fc200 size:4608 thread:1
allocated block device:0x4003fe3fd400 size:3072 thread:1
allocated block device:0x4003fe3fe000 size:512 thread:1
allocated block device:0x4003fe3fe200 size:512 thread:1
allocated block device:0x4003fe3fe400 size:512 thread:1
allocated block device:0x4003fe3fe600 size:512 thread:1
allocated block device:0x4003fe3fe800 size:512 thread:1
allocated block device:0x4003fe3fea00 size:4608 thread:1
allocated block device:0x4003fe3ffc00 size:512 thread:1
allocated block device:0x4003fe3ffe00 size:512 thread:1
allocated block device:0x400440000000 size:230400000 thread:1
allocated block device:0x40052431a000 size:83968 thread:1
allocated block device:0x40052432e800 size:180224 thread:1
allocated block device:0x40052435a800 size:180224 thread:1
allocated block device:0x400524386800 size:180224 thread:1
allocated block device:0x4005243b2800 size:98304 thread:1
allocated block device:0x4005243ca800 size:98304 thread:1
allocated block device:0x4005243e2800 size:98304 thread:1
allocated block device:0x4005a71ff800 size:1024 thread:1
allocated block device:0x4005c71ff600 size:1536 thread:1
allocated block device:0x4005e71fa400 size:2048 thread:1
allocated block device:0x4005e71fae00 size:2560 thread:1
allocated block device:0x4005e71fb800 size:512 thread:1
allocated block device:0x4005e71fba00 size:4608 thread:1
allocated block device:0x4005e71fcc00 size:512 thread:1
allocated block device:0x4005e71fce00 size:4608 thread:1
allocated block device:0x4005e71fe000 size:512 thread:1
allocated block device:0x4005e71fe200 size:4608 thread:1
allocated block device:0x4005e71ff400 size:512 thread:1
allocated block device:0x4005e71ff600 size:512 thread:1
allocated block device:0x4005e71ff800 size:512 thread:1
allocated block device:0x4005e71ffa00 size:512 thread:1
allocated block device:0x4005e71ffc00 size:512 thread:1
allocated block device:0x4005e71ffe00 size:512 thread:1
allocated block device:0x4006071f4000 size:41984 thread:1
allocated block device:0x4006071fe400 size:5120 thread:1
allocated block device:0x4006071ff800 size:512 thread:1
allocated block device:0x4006071ffa00 size:512 thread:1
allocated block device:0x4006071ffc00 size:512 thread:1
allocated block device:0x4006071ffe00 size:512 thread:1
allocated block device:0x400640000000 size:298674176 thread:1
allocated block device:0x400651e00000 size:4030464 thread:1
allocated block device:0x400652200000 size:1821184 thread:1
allocated block device:0x4006523bca00 size:180224 thread:1
allocated block device:0x4006523e8a00 size:26112 thread:1
allocated block device:0x4006523ef000 size:4608 thread:1
allocated block device:0x4006523f0200 size:4608 thread:1
allocated block device:0x4006523f1400 size:24064 thread:1
allocated block device:0x4006523f7200 size:512 thread:1
allocated block device:0x4006523f7400 size:24064 thread:1
allocated block device:0x4006523fd200 size:512 thread:1
allocated block device:0x4006523fd400 size:512 thread:1
allocated block device:0x4006523fd600 size:3072 thread:1
allocated block device:0x4006523fe200 size:3072 thread:1
allocated block device:0x4006523fee00 size:512 thread:1
allocated block device:0x4006523ff000 size:1536 thread:1
allocated block device:0x4006523ff600 size:2560 thread:1
allocated block device:0x400652400000 size:1821184 thread:1
allocated block device:0x4006525bca00 size:180224 thread:1
allocated block device:0x4006525e8a00 size:5120 thread:1
allocated block device:0x4006525e9e00 size:1536 thread:1
allocated block device:0x4006525ea400 size:2048 thread:1
allocated block device:0x4006525eac00 size:7680 thread:1
allocated block device:0x4006525eca00 size:7680 thread:1
allocated block device:0x4006525ee800 size:3072 thread:1
allocated block device:0x4006525ef400 size:3072 thread:1
allocated block device:0x4006525f0000 size:5120 thread:1
allocated block device:0x4006525f1400 size:5120 thread:1
allocated block device:0x4006525f2800 size:1024 thread:1
allocated block device:0x4006525f2c00 size:1024 thread:1
allocated block device:0x4006525f3000 size:1024 thread:1
allocated block device:0x4006525f3400 size:1024 thread:1
allocated block device:0x4006525f3800 size:1024 thread:1
allocated block device:0x4006525f3c00 size:1024 thread:1
allocated block device:0x4006525f4000 size:1024 thread:1
allocated block device:0x4006525f4400 size:1024 thread:1
allocated block device:0x4006525f4800 size:5120 thread:1
allocated block device:0x4006525f5c00 size:1536 thread:1
allocated block device:0x4006525f6200 size:1024 thread:1
allocated block device:0x4006525f6600 size:1024 thread:1
allocated block device:0x4006525f6a00 size:1536 thread:1
allocated block device:0x4006525f7000 size:1024 thread:1
allocated block device:0x4006525f7400 size:1024 thread:1
allocated block device:0x4006525f7800 size:1024 thread:1
allocated block device:0x4006525f7c00 size:3072 thread:1
allocated block device:0x4006525f8800 size:3072 thread:1
allocated block device:0x4006525f9400 size:1536 thread:1
allocated block device:0x4006525f9a00 size:1536 thread:1
allocated block device:0x4006525fa000 size:1024 thread:1
allocated block device:0x4006525fa400 size:1024 thread:1
allocated block device:0x4006525fa800 size:1024 thread:1
allocated block device:0x4006525fac00 size:1024 thread:1
allocated block device:0x4006525fb000 size:1024 thread:1
allocated block device:0x4006525fb400 size:1024 thread:1
allocated block device:0x4006525fb800 size:1024 thread:1
allocated block device:0x4006525fbc00 size:1024 thread:1
allocated block device:0x4006525fc000 size:1536 thread:1
allocated block device:0x4006525fc600 size:1024 thread:1
allocated block device:0x4006525fca00 size:512 thread:1
allocated block device:0x4006525fcc00 size:2560 thread:1
allocated block device:0x4006525fd600 size:3072 thread:1
allocated block device:0x4006525ff600 size:2560 thread:1
allocated block device:0x400652600000 size:1821184 thread:1
allocated block device:0x4006527bca00 size:180224 thread:1
allocated block device:0x4006527e8a00 size:28672 thread:1
allocated block device:0x4006527efa00 size:40448 thread:1
allocated block device:0x4006527f9800 size:8192 thread:1
allocated block device:0x4006527fb800 size:8192 thread:1
allocated block device:0x4006527fd800 size:8192 thread:1
allocated block device:0x4006527ff800 size:512 thread:1
allocated block device:0x400652800000 size:1821184 thread:1
allocated block device:0x4006529bca00 size:180224 thread:1
allocated block device:0x4006529e8a00 size:40448 thread:1
allocated block device:0x4006529fe200 size:2048 thread:1
allocated block device:0x400652a00000 size:7284736 thread:1
allocated block device:0x400653200000 size:7284736 thread:1
allocated block device:0x400653a00000 size:45593600 thread:1
allocated block device:0x400660000000 size:807412224 thread:1
allocated block device:0x400690400000 size:230400000 thread:1
allocated block device:0x4006a0000000 size:230400000 thread:1
allocated block device:0x4006adc00000 size:230400000 thread:1
allocated block device:0x4006e0000000 size:230400000 thread:1
allocated block device:0x4006f4c00000 size:391680 thread:1
allocated block device:0x4006f4c5fa00 size:921600 thread:1
allocated block device:0x4006f4d40a00 size:393216 thread:1
allocated block device:0x4006f4e00000 size:2799616 thread:1
allocated block device:0x4006f5200000 size:4030464 thread:1
allocated block device:0x4006f5600000 size:7284736 thread:1
allocated block device:0x400aa0000000 size:298674176 thread:1
allocated block device:0x400ac38c0000 size:393216 thread:1
allocated block device:0x400acfa00000 size:7284736 thread:1
allocated block device:0x400ad2000000 size:1807360 thread:1
allocated block device:0x400ad21b9400 size:181760 thread:1
allocated block device:0x400ad21f5600 size:3072 thread:1
allocated block device:0x400ad21f6200 size:3072 thread:1
allocated block device:0x400ad2200000 size:1807360 thread:1
allocated block device:0x400ad23b9400 size:181760 thread:1
allocated block device:0x400ad23e5a00 size:98304 thread:1
allocated block device:0x400ad2400000 size:1807360 thread:1
allocated block device:0x400ad2600000 size:2799616 thread:1
allocated block device:0x400ad2a00000 size:14458880 thread:1
allocated block device:0x400b20000000 size:298674176 thread:1
allocated block device:0x400b31e00000 size:7284736 thread:1
allocated block device:0x400bf1e00000 size:230400000 thread:1
allocated block device:0x400c11e00000 size:230400000 thread:1
allocated block device:0x400c31e00000 size:230400000 thread:1
allocated block device:0x400c51e00000 size:29138944 thread:1
allocated block device:0x400c53a00000 size:29138944 thread:1
allocated block device:0x400c55600000 size:3145728 thread:1
allocated block device:0x400c55a00000 size:7284736 thread:1
allocated block device:0x400c56200000 size:7284736 thread:1
allocated block device:0x400c56a00000 size:14569472 thread:1
Accelerator Fatal Error: call to cuMemAlloc returned error 2 (CUDA_ERROR_OUT_OF_MEMORY): Out of memory
 File: /lus/lfs1aip2/projects/u6cb/software/VASP/vasp.6.5.1/build/gam/hamil.f90
 Function: hamiltmu:978
 Line: 1005

Out of memory allocating 921600000 bytes of device memory
Failing in Thread:1
total/free CUDA memory: 102005473280/320602112
Present table dump for device[1]: NVIDIA Tesla GPU 0, compute capability 9.0, threadid=1
Hint: specify 0x800 bit in NV_ACC_DEBUG for verbose info.
host:0x2557280 device:0x40039e3fd800 size:32 presentcount:0+3 line:643 name:var%comm
host:0x25572a0 device:0x40039e3ef600 size:32 presentcount:0+4 line:652 name:var%comm_kinter
host:0x25572c0 device:0x40039e3ef800 size:32 presentcount:0+6 line:655 name:var%comm_kin
host:0x25572e0 device:0x40057c3ffa00 size:32 presentcount:0+3 line:646 name:var%comm_inter
host:0x2557300 device:0x40057c3ffc00 size:32 presentcount:0+7 line:649 name:var%comm_inb
host:0x256be80 device:0x40039a0ecd00 size:8 presentcount:0+1 line:-1 name:_setexm_struct_def_21
host:0x2576f40 device:0x40039a0ece00 size:28 presentcount:0+1 line:-1 name:_ml_ff_constant_21
host:0x2577c80 device:0x40039a0ecf00 size:30437 presentcount:0+1 line:-1 name:_ml_ff_taglist_21
host:0x25afc80 device:0x40039a0f4600 size:8 presentcount:0+1 line:-1 name:_mopenacc_tutor_21
host:0x25c2740 device:0x40039a0f4a00 size:32 presentcount:0+1 line:-1 name:_mbj_21
host:0x25cd640 device:0x40039a0f4d00 size:8 presentcount:0+1 line:-1 name:_sym_prec_21
host:0x26030c0 device:0x40039a0f4e00 size:344 presentcount:0+1 line:-1 name:_tet_21
host:0x261c840 device:0x40039a0f5000 size:392 presentcount:0+1 line:-1 name:_mymath_21
host:0x2817368 device:0x40039e3f0400 size:4800 presentcount:0+2 line:614 name:var
host:0x2818628 device:0x40039e3fbc00 size:1984 presentcount:0+2 line:403 name:var
host:0x281a910 device:0x40055c1ffa00 size:864 presentcount:0+4 line:2639 name:hamiltonian
host:0x286ac80 device:0x40039e3fec00 size:2712 presentcount:0+2 line:428 name:var
host:0x286b718 device:0x40057c3fc600 size:2248 presentcount:0+1 line:742 name:var
host:0x286eb50 device:0x400a721ffc00 size:288 presentcount:0+1 line:195 name:latt_cur
host:0x2871658 device:0x40059c1fe400 size:5088 presentcount:0+28 line:517 name:var
host:0x2872a38 device:0x4005f25f6000 size:5088 presentcount:0+6 line:517 name:var
host:0x2873e18 device:0x4005f25e9600 size:5088 presentcount:0+7 line:517 name:var
host:0x287a2a8 device:0x40057c3ff800 size:304 presentcount:0+1 line:567 name:var
host:0x287a3d8 device:0x4005f25fe200 size:304 presentcount:0+1 line:567 name:var
host:0x2e48ec0 device:0x40039a002600 size:960024 presentcount:0+1 line:-1 name:_setexm_struct_def_16
host:0x2f8f080 device:0x40039a0f4700 size:580 presentcount:0+1 line:-1 name:_wpbe_16
host:0x2f8f900 device:0x40039a0f4b00 size:288 presentcount:0+1 line:-1 name:_mbj_16
host:0x9f446c0 device:0x40039a0f5200 size:624 presentcount:0+1 line:-1 name:_mlr_optic_16
host:0x19daa3e0 device:0x4005f23ef000 size:8 presentcount:0+2 line:616 name:var%wtkpt(:)
host:0x1a08f6e0 device:0x40039e3ffe00 size:24 presentcount:0+3 line:616 name:var%vkpt(:,:)
host:0x1a08f8b0 device:0x40039e3f0200 size:16 presentcount:0+2 line:430 name:var%psrmax(:)
host:0x1a08f8f0 device:0x40039e3ffc00 size:8 presentcount:0+3 line:616 name:var%nt_global(:)
host:0x1a08f920 device:0x4005f23f8800 size:4 presentcount:0+2 line:616 name:var%nplwkp(:)
host:0x1a08f950 device:0x4005f23f8a00 size:4 presentcount:0+2 line:616 name:var%nplwkp_tot(:)
host:0x1a08f980 device:0x4005f23fea00 size:4 presentcount:0+2 line:616 name:var%ngvector_pos(:)
host:0x1a08f9b0 device:0x4005f23f2800 size:4 presentcount:0+2 line:616 name:var%ngvector(:)
host:0x1a08f9e0 device:0x40039e3fc400 size:8 presentcount:0+2 line:616 name:var%nb_totk(:,:)
host:0x1a08fa10 device:0x4005f23fec00 size:4 presentcount:0+2 line:616 name:var%luseinv(:)
host:0x1a08fa40 device:0x40039e3efe00 size:4 presentcount:0+2 line:616 name:var%at_gamma(:)
host:0x1a08fa70 device:0x4005f23ffa00 size:8 presentcount:0+2 line:405 name:var%lmmax(:)
host:0x1a08faa0 device:0x40039e3efa00 size:8 presentcount:0+2 line:430 name:var%lmax(:)
host:0x1a08fad0 device:0x40039e3efc00 size:8 presentcount:0+2 line:430 name:var%lmmax(:)
host:0x1a08fb00 device:0x40039e3f0000 size:8 presentcount:0+2 line:430 name:var%channels(:)
host:0x1a08fb30 device:0x40059c1ff800 size:16 presentcount:0+2 line:430 name:var%rsmooth(:)
host:0x1a08fb70 device:0x40057c3fe400 size:4 presentcount:0+1 line:499 name:var%tbli(:)
host:0x1a803f70 device:0x4005f25f9000 size:528 presentcount:0+1 line:480 name:var
host:0x1e6102c0 device:0x40059c1ffa00 size:400 presentcount:0+2 line:464 name:var
host:0x1e610450 device:0x40059c1ffe00 size:400 presentcount:0+2 line:464 name:var
host:0x22f1fcc0 device:0x40057c3ffe00 size:8 presentcount:0+4 line:405 name:var%nityp(:)
host:0x2341e4d0 device:0x40039e3f2200 size:1000 presentcount:0+4 line:519 name:var%lpctz(:)
host:0x238a16d0 device:0x4005f27e8a00 size:28464 presentcount:0+1 line:853 name:var(:)
host:0x238b3e30 device:0x4005f29e8a00 size:40000 presentcount:0+1 line:857 name:var%psp(:,:)
host:0x238bdaa0 device:0x400a723fbc00 size:8000 presentcount:0+1 line:857 name:var%psprho(:)
host:0x238c0d30 device:0x4005f23f8c00 size:24000 presentcount:0+2 line:466 name:var%psprnl(:,:,:)
host:0x238f0710 device:0x4005f23f0400 size:4320 presentcount:0+4 line:405 name:var%ityp(:)
host:0x238f1820 device:0x4005f23e8a00 size:25920 presentcount:0+4 line:405 name:var%posion(:,:)
host:0x2392de20 device:0x40039e3ffa00 size:8 presentcount:0+3 line:616 name:var%nityp(:)
host:0x239349f0 device:0x400a721fbc00 size:8000 presentcount:0+1 line:857 name:var%pspcor(:)
host:0x23936960 device:0x400a721fdc00 size:8000 presentcount:0+1 line:857 name:var%psprho(:)
host:0x2393a4d0 device:0x4005f27efa00 size:40000 presentcount:0+1 line:857 name:var%psp(:,:)
host:0x23944140 device:0x4005f23f2a00 size:24000 presentcount:0+2 line:466 name:var%psprnl(:,:,:)
host:0x23957370 device:0x4005f25fbc00 size:516 presentcount:0+1 line:499 name:var%ptr(:)
host:0x239841f0 device:0x40059c1ffc00 size:24 presentcount:0+3 line:466 name:var%lps(:)
host:0x239842a0 device:0x40057c3fd000 size:24 presentcount:0+3 line:466 name:var%lps(:)
host:0x23aa0470 device:0x40039e3ff800 size:8 presentcount:0+3 line:616 name:var%lmmax(:)
host:0x23b2c300 device:0x4005f23ef200 size:4320 presentcount:0+3 line:616 name:var%ityp(:)
host:0x23b2d410 device:0x40039e3fda00 size:4320 presentcount:0+3 line:616 name:var%npro_pos(:)
host:0x23b2e520 device:0x40039e3fc600 size:4324 presentcount:0+3 line:616 name:var%lmbase(:)
host:0x23b2f630 device:0x40039e3f1800 size:1280 presentcount:0+4 line:519 name:var%lpctx(:)
host:0x23b2fb60 device:0x40039e3f1e00 size:720 presentcount:0+4 line:519 name:var%lpcty(:)
host:0x23b2fe60 device:0x40039e3f2600 size:1280 presentcount:0+4 line:519 name:var%lpctx_(:)
host:0x23b30390 device:0x40039e3f2c00 size:720 presentcount:0+4 line:519 name:var%lpcty_(:)
host:0x23b30690 device:0x40039e3f3000 size:1000 presentcount:0+4 line:519 name:var%lpctz_(:)
host:0x23b30aa0 device:0x4005f25f7400 size:1280 presentcount:0+1 line:519 name:var%lpctx(:)
host:0x23b30fd0 device:0x4005f25f7a00 size:720 presentcount:0+1 line:519 name:var%lpcty(:)
host:0x23b312d0 device:0x4005f25f7e00 size:1000 presentcount:0+1 line:519 name:var%lpctz(:)
host:0x23b316e0 device:0x4005f25f8200 size:1280 presentcount:0+1 line:519 name:var%lpctx_(:)
host:0x23b31c10 device:0x4005f25f8800 size:720 presentcount:0+1 line:519 name:var%lpcty_(:)
host:0x23b31f10 device:0x4005f25f8c00 size:1000 presentcount:0+1 line:519 name:var%lpctz_(:)
host:0x23b32320 device:0x4005f23fee00 size:2560 presentcount:0+1 line:519 name:var%lpctx(:)
host:0x23b32d50 device:0x4005f25eaa00 size:1440 presentcount:0+1 line:519 name:var%lpcty(:)
host:0x23b33320 device:0x4005f25e8a00 size:2000 presentcount:0+1 line:519 name:var%lpctz(:)
host:0x23b33b20 device:0x4005f25eb000 size:2560 presentcount:0+1 line:519 name:var%lpctx_(:)
host:0x23b34550 device:0x4005f25eba00 size:1440 presentcount:0+1 line:519 name:var%lpcty_(:)
host:0x23b34b20 device:0x4005f25ec000 size:2000 presentcount:0+1 line:519 name:var%lpctz_(:)
host:0x23c20c00 device:0x4005f25f0400 size:2824 presentcount:0+1 line:482 name:var%i2(:)
host:0x23c21730 device:0x4005f25f1000 size:2824 presentcount:0+1 line:482 name:var%i3(:)
host:0x23c22260 device:0x4005f25f1c00 size:5020 presentcount:0+1 line:482 name:var%i2(:)
host:0x23c23630 device:0x4005f25f3000 size:5020 presentcount:0+1 line:482 name:var%i3(:)
host:0x23c24a00 device:0x4005f25ec800 size:7200 presentcount:0+2 line:482 name:var%i2(:)
host:0x23c26650 device:0x4005f25ee600 size:7200 presentcount:0+2 line:482 name:var%i3(:)
host:0x23c286c0 device:0x400694c5fa00 size:921600 presentcount:0+2 line:482 name:var%index(:,:)
host:0x23d096f0 device:0x4005f25fe400 size:2560 presentcount:0+1 line:569 name:var%ind1(:)
host:0x23d0a120 device:0x4005f25fee00 size:2824 presentcount:0+1 line:569 name:var%indcol(:)
host:0x23d0ac50 device:0x4005f25f9400 size:2824 presentcount:0+1 line:482 name:var%i2(:)
host:0x23d0b780 device:0x4005f25fa000 size:2824 presentcount:0+1 line:482 name:var%i3(:)
host:0x23d0c2b0 device:0x4005f25fac00 size:1512 presentcount:0+1 line:482 name:var%i2(:)
host:0x23d0c8c0 device:0x4005f25fb200 size:1512 presentcount:0+1 line:482 name:var%i3(:)
host:0x23d45300 device:0x4005f25fb800 size:516 presentcount:0+1 line:499 name:var%n(:)
host:0x23d45530 device:0x4005f25fc400 size:516 presentcount:0+1 line:499 name:var%ptri(:)
host:0x23d45760 device:0x4005f25fc000 size:516 presentcount:0+1 line:499 name:var%ni(:)
host:0x23d45990 device:0x4005f25fcc00 size:516 presentcount:0+1 line:499 name:var%ptr(:)
host:0x23d45bc0 device:0x4005f25fc800 size:516 presentcount:0+1 line:499 name:var%n(:)
host:0x23d45df0 device:0x4005f25fd400 size:516 presentcount:0+1 line:499 name:var%ptri(:)
host:0x23d46020 device:0x4005f25fd000 size:516 presentcount:0+1 line:499 name:var%ni(:)
host:0x23d46440 device:0x4005f25fd800 size:1280 presentcount:0+1 line:569 name:var%ind1(:)
host:0x23d46970 device:0x4005f25fde00 size:700 presentcount:0+1 line:569 name:var%indcol(:)
host:0x23d46c60 device:0x4004ce32e800 size:180000 presentcount:0+4 line:482 name:var%i2(:)
host:0x23d72bb0 device:0x4004ce35a800 size:180000 presentcount:0+4 line:482 name:var%i3(:)
host:0x23d9eb00 device:0x4005f23bca00 size:180000 presentcount:0+8 line:482 name:var%index(:,:)
host:0x23dcaa50 device:0x4005f29bca00 size:180000 presentcount:0+8 line:482 name:var%i2(:)
host:0x23df69a0 device:0x4004ce386800 size:180000 presentcount:0+8 line:482 name:var%i3(:)
host:0x23e22f20 device:0x4005f2400000 size:1821184 presentcount:0+3 line:616 name:var%nindpw(:,:)
host:0x23fdf950 device:0x4005f25bca00 size:180000 presentcount:0+3 line:616 name:var%pl_index(:,:)
host:0x2400b8a0 device:0x4005f27bca00 size:180000 presentcount:0+3 line:616 name:var%pl_col(:,:)
host:0x240377f0 device:0x4005f23f1600 size:4324 presentcount:0+2 line:405 name:var%lmbase(:)
host:0x24038900 device:0x40057c3fd200 size:4320 presentcount:0+2 line:430 name:var%nlimax(:)
host:0x24039a10 device:0x40057c3fe600 size:4324 presentcount:0+2 line:430 name:var%lmbase(:)
host:0x2403ab20 device:0x40039e3ee400 size:4324 presentcount:0+2 line:430 name:var%nlibase(:)
host:0x2403bc30 device:0x40039e3f3400 size:17132 presentcount:0+4 line:519 name:var%nindpwconjg(:)
host:0x2403ff50 device:0x40039e3f7800 size:17132 presentcount:0+4 line:519 name:var%ind_in_sphere(:)
host:0x2418c070 device:0x400695600000 size:7284736 presentcount:0+3 line:616 name:var%datake(:,:,:)
host:0x2487f2f0 device:0x4005f2600000 size:1821184 presentcount:0+3 line:616 name:var%igx(:,:)
host:0x24a3c980 device:0x4005f2200000 size:1821184 presentcount:0+3 line:616 name:var%igy(:,:)
host:0x24bfa220 device:0x4005f2800000 size:1821184 presentcount:0+3 line:616 name:var%igz(:,:)
host:0x24db80f0 device:0x4005f3200000 size:7284272 presentcount:0+4 line:519 name:var%fftsca(:,:)
host:0x254e2b80 device:0x400694c00000 size:224000 presentcount:0+1 line:499 name:var%tbl(:)
host:0x25520220 device:0x4005f25f4400 size:516 presentcount:0+1 line:499 name:var%ptr(:)
host:0x25520450 device:0x4005f23ffc00 size:516 presentcount:0+1 line:499 name:var%n(:)
host:0x25520680 device:0x4005f25f4c00 size:516 presentcount:0+1 line:499 name:var%ptri(:)
host:0x255208b0 device:0x4005f25f4800 size:516 presentcount:0+1 line:499 name:var%ni(:)
host:0x25520ae0 device:0x4005f25f5400 size:516 presentcount:0+1 line:499 name:var%ptr(:)
host:0x25520d10 device:0x4005f25f5000 size:516 presentcount:0+1 line:499 name:var%n(:)
host:0x25520f40 device:0x4005f25f5c00 size:516 presentcount:0+1 line:499 name:var%ptri(:)
host:0x25521170 device:0x4005f25f5800 size:516 presentcount:0+1 line:499 name:var%ni(:)
host:0x255501e0 device:0x400a721b9400 size:272160 presentcount:0+1 line:499 name:var%tbli(:)
host:0x25592930 device:0x400a723b9400 size:272160 presentcount:0+1 line:499 name:var%tbl(:)
host:0x256bbcc0 device:0x400694e00000 size:1807360 presentcount:0+1 line:499 name:var%tbl(:)
host:0x259d2420 device:0x40059c1f4000 size:41984 presentcount:0+1 line:746 name:var%auxtot(:,:,:)
host:0x259e38c0 device:0x40039e3e4000 size:41984 presentcount:0+2 line:746 name:var%fertot(:,:,:)
host:0x25a318b0 device:0x400a72000000 size:1807200 presentcount:0+1 line:499 name:var%tbli(:)
host:0x25bec920 device:0x400a72200000 size:1807200 presentcount:0+1 line:499 name:var%tbl(:)
host:0x25f63030 device:0x400a72400000 size:1807200 presentcount:0+1 line:499 name:var%tbli(:)
host:0x26b90030 device:0x4004ce31a000 size:83968 presentcount:0+2 line:746 name:var%celtot(:,:,:)
host:0x27bfbab0 device:0x4005f2a00000 size:7200000 presentcount:0+1 line:195 name:dencor(:)
host:0x289c5da0 device:0x4005f1e00000 size:2799360 presentcount:0+2 line:194 name:cdij(:,:,:,:)
host:0x28c754c0 device:0x400a72600000 size:2799360 presentcount:0+2 line:194 name:cqij(:,:,:,:)
host:0x291d5170 device:0x400695200000 size:4030464 presentcount:0+5 line:746 name:var%gproj(:,:,:,:)
host:0x29863190 device:0x4004ce3ca800 size:98304 presentcount:0+1 line:1101 name:w1%gproj(:)
host:0x307776b0 device:0x400694d40a00 size:393216 presentcount:0+2 line:1226 name:wa%gproj(:,:)
host:0x307d76e0 device:0x400a630c0000 size:393216 presentcount:0+2 line:1226 name:wa%gproj(:,:)
host:0x3083eca0 device:0x400c15600000 size:3145728 presentcount:0+2 line:1226 name:wa%gproj(:,:)
host:0x34a56c20 device:0x4005f29fcc00 size:2048 presentcount:0+1 line:179 name:w1(:)
host:0x34a5ab30 device:0x4005f27fa600 size:2048 presentcount:0+1 line:179 name:wtmp(:)
host:0x34a8c5e0 device:0x400af1e00000 size:7284736 presentcount:0+1 line:1101 name:w1%cptwfp(:)
host:0x3517ee10 device:0x4004ce3b2800 size:98304 presentcount:0+1 line:1101 name:w1%gproj(:)
host:0x35196e40 device:0x400a725b9400 size:98304 presentcount:0+1 line:1101 name:w1%gproj(:)
host:0x351aee70 device:0x400a725d1400 size:98304 presentcount:0+1 line:1101 name:w1%gproj(:)
host:0x353d5ba0 device:0x400c16a00000 size:14569472 presentcount:0+1 line:202 name:precon(:,:)
host:0x361c29a0 device:0x400a6f200000 size:7284736 presentcount:0+1 line:1101 name:w1%cptwfp(:)
host:0x368bd5d0 device:0x400c15a00000 size:7284736 presentcount:0+1 line:1101 name:w1%cptwfp(:)
host:0x36fb0220 device:0x400c16200000 size:7284736 presentcount:0+1 line:1101 name:w1%cptwfp(:)
host:0x4004206210a0 device:0x4005f3a00000 size:45593280 presentcount:0+2 line:430 name:var%nli(:,:)
host:0x4004231a39e0 device:0x400a72a00000 size:14458880 presentcount:0+1 line:195 name:cstrf(:,:)
host:0x4004323131a0 device:0x40064dc00000 size:230400000 presentcount:0+2 line:194 name:sv(:,:)
host:0x4004e00012b0 device:0x400600000000 size:807411968 presentcount:0+2 line:430 name:var%rproj(:)
host:0x400511dd6f80 device:0x400c11e00000 size:29138944 presentcount:0+2 line:1226 name:wa%cptwfp(:,:)
host:0x4005c0004a60 device:0x4005e0000000 size:298674176 presentcount:0+5 line:746 name:var%cptwfp(:,:,:,:)
host:0x4005d1ce7190 device:0x400c13a00000 size:29138944 presentcount:0+2 line:1226 name:wa%cptwfp(:,:)
host:0x400671ce73a0 device:0x400ae0000000 size:233111552 presentcount:0+2 line:1226 name:wa%cptwfp(:,:)
host:0x4007200079d0 device:0x4003edc00000 size:230400000 presentcount:0+1 line:1101 name:w1%cr(:)
host:0x40072dbd7be0 device:0x400630400000 size:230400000 presentcount:0+1 line:1236 name:w1%cr(:)
host:0x400940008000 device:0x400680000000 size:230400000 presentcount:0+1 line:1101 name:w1%cr(:)
host:0x40094dbd8210 device:0x400640000000 size:230400000 presentcount:0+1 line:1236 name:w1%cr(:)
host:0x400a20000020 device:0x400a40000000 size:230400000 presentcount:0+1 line:1101 name:w1%cr(:)
host:0x400a2dbc0230 device:0x400bf1e00000 size:230400000 presentcount:0+1 line:1236 name:w1%cr(:)
host:0x400ac0000650 device:0x400bd1e00000 size:230400000 presentcount:0+1 line:1101 name:w1%cr(:)
host:0x400acdbc0860 device:0x400bb1e00000 size:230400000 presentcount:0+1 line:1236 name:w1%cr(:)
host:0xffffe9fe1000 device:0x4005f27fb200 size:3024 presentcount:0+12 line:682 name:var
host:0xffffe9fe1bd0 device:0x40053c5ff800 size:1480 presentcount:0+1 line:174 name:w_ini
host:0xffffe9fe21a0 device:0x4005f27f9c00 size:1480 presentcount:0+1 line:174 name:wopt
host:0xffffe9fe2770 device:0x40057c3fbc00 size:1480 presentcount:0+1 line:174 name:wtmpa
allocated block device:0x40039e3e4000 size:41984 thread:1
allocated block device:0x40039e3ee400 size:4608 thread:1
allocated block device:0x40039e3ef600 size:512 thread:1
allocated block device:0x40039e3ef800 size:512 thread:1
allocated block device:0x40039e3efa00 size:512 thread:1
allocated block device:0x40039e3efc00 size:512 thread:1
allocated block device:0x40039e3efe00 size:512 thread:1
allocated block device:0x40039e3f0000 size:512 thread:1
allocated block device:0x40039e3f0200 size:512 thread:1
allocated block device:0x40039e3f0400 size:5120 thread:1
allocated block device:0x40039e3f1800 size:1536 thread:1
allocated block device:0x40039e3f1e00 size:1024 thread:1
allocated block device:0x40039e3f2200 size:1024 thread:1
allocated block device:0x40039e3f2600 size:1536 thread:1
allocated block device:0x40039e3f2c00 size:1024 thread:1
allocated block device:0x40039e3f3000 size:1024 thread:1
allocated block device:0x40039e3f3400 size:17408 thread:1
allocated block device:0x40039e3f7800 size:17408 thread:1
allocated block device:0x40039e3fbc00 size:2048 thread:1
allocated block device:0x40039e3fc400 size:512 thread:1
allocated block device:0x40039e3fc600 size:4608 thread:1
allocated block device:0x40039e3fd800 size:512 thread:1
allocated block device:0x40039e3fda00 size:4608 thread:1
allocated block device:0x40039e3fec00 size:3072 thread:1
allocated block device:0x40039e3ff800 size:512 thread:1
allocated block device:0x40039e3ffa00 size:512 thread:1
allocated block device:0x40039e3ffc00 size:512 thread:1
allocated block device:0x40039e3ffe00 size:512 thread:1
allocated block device:0x4003edc00000 size:230400000 thread:1
allocated block device:0x4004ce31a000 size:83968 thread:1
allocated block device:0x4004ce32e800 size:180224 thread:1
allocated block device:0x4004ce35a800 size:180224 thread:1
allocated block device:0x4004ce386800 size:180224 thread:1
allocated block device:0x4004ce3b2800 size:98304 thread:1
allocated block device:0x4004ce3ca800 size:98304 thread:1
allocated block device:0x40053c5ff800 size:1536 thread:1
allocated block device:0x40055c1ffa00 size:1024 thread:1
allocated block device:0x40057c3fbc00 size:2048 thread:1
allocated block device:0x40057c3fc600 size:2560 thread:1
allocated block device:0x40057c3fd000 size:512 thread:1
allocated block device:0x40057c3fd200 size:4608 thread:1
allocated block device:0x40057c3fe400 size:512 thread:1
allocated block device:0x40057c3fe600 size:4608 thread:1
allocated block device:0x40057c3ff800 size:512 thread:1
allocated block device:0x40057c3ffa00 size:512 thread:1
allocated block device:0x40057c3ffc00 size:512 thread:1
allocated block device:0x40057c3ffe00 size:512 thread:1
allocated block device:0x40059c1f4000 size:41984 thread:1
allocated block device:0x40059c1fe400 size:5120 thread:1
allocated block device:0x40059c1ff800 size:512 thread:1
allocated block device:0x40059c1ffa00 size:512 thread:1
allocated block device:0x40059c1ffc00 size:512 thread:1
allocated block device:0x40059c1ffe00 size:512 thread:1
allocated block device:0x4005e0000000 size:298674176 thread:1
allocated block device:0x4005f1e00000 size:4030464 thread:1
allocated block device:0x4005f2200000 size:1821184 thread:1
allocated block device:0x4005f23bca00 size:180224 thread:1
allocated block device:0x4005f23e8a00 size:26112 thread:1
allocated block device:0x4005f23ef000 size:512 thread:1
allocated block device:0x4005f23ef200 size:4608 thread:1
allocated block device:0x4005f23f0400 size:4608 thread:1
allocated block device:0x4005f23f1600 size:4608 thread:1
allocated block device:0x4005f23f2800 size:512 thread:1
allocated block device:0x4005f23f2a00 size:24064 thread:1
allocated block device:0x4005f23f8800 size:512 thread:1
allocated block device:0x4005f23f8a00 size:512 thread:1
allocated block device:0x4005f23f8c00 size:24064 thread:1
allocated block device:0x4005f23fea00 size:512 thread:1
allocated block device:0x4005f23fec00 size:512 thread:1
allocated block device:0x4005f23fee00 size:3072 thread:1
allocated block device:0x4005f23ffa00 size:512 thread:1
allocated block device:0x4005f23ffc00 size:1024 thread:1
allocated block device:0x4005f2400000 size:1821184 thread:1
allocated block device:0x4005f25bca00 size:180224 thread:1
allocated block device:0x4005f25e8a00 size:3072 thread:1
allocated block device:0x4005f25e9600 size:5120 thread:1
allocated block device:0x4005f25eaa00 size:1536 thread:1
allocated block device:0x4005f25eb000 size:2560 thread:1
allocated block device:0x4005f25eba00 size:1536 thread:1
allocated block device:0x4005f25ec000 size:2048 thread:1
allocated block device:0x4005f25ec800 size:7680 thread:1
allocated block device:0x4005f25ee600 size:7680 thread:1
allocated block device:0x4005f25f0400 size:3072 thread:1
allocated block device:0x4005f25f1000 size:3072 thread:1
allocated block device:0x4005f25f1c00 size:5120 thread:1
allocated block device:0x4005f25f3000 size:5120 thread:1
allocated block device:0x4005f25f4400 size:1024 thread:1
allocated block device:0x4005f25f4800 size:1024 thread:1
allocated block device:0x4005f25f4c00 size:1024 thread:1
allocated block device:0x4005f25f5000 size:1024 thread:1
allocated block device:0x4005f25f5400 size:1024 thread:1
allocated block device:0x4005f25f5800 size:1024 thread:1
allocated block device:0x4005f25f5c00 size:1024 thread:1
allocated block device:0x4005f25f6000 size:5120 thread:1
allocated block device:0x4005f25f7400 size:1536 thread:1
allocated block device:0x4005f25f7a00 size:1024 thread:1
allocated block device:0x4005f25f7e00 size:1024 thread:1
allocated block device:0x4005f25f8200 size:1536 thread:1
allocated block device:0x4005f25f8800 size:1024 thread:1
allocated block device:0x4005f25f8c00 size:1024 thread:1
allocated block device:0x4005f25f9000 size:1024 thread:1
allocated block device:0x4005f25f9400 size:3072 thread:1
allocated block device:0x4005f25fa000 size:3072 thread:1
allocated block device:0x4005f25fac00 size:1536 thread:1
allocated block device:0x4005f25fb200 size:1536 thread:1
allocated block device:0x4005f25fb800 size:1024 thread:1
allocated block device:0x4005f25fbc00 size:1024 thread:1
allocated block device:0x4005f25fc000 size:1024 thread:1
allocated block device:0x4005f25fc400 size:1024 thread:1
allocated block device:0x4005f25fc800 size:1024 thread:1
allocated block device:0x4005f25fcc00 size:1024 thread:1
allocated block device:0x4005f25fd000 size:1024 thread:1
allocated block device:0x4005f25fd400 size:1024 thread:1
allocated block device:0x4005f25fd800 size:1536 thread:1
allocated block device:0x4005f25fde00 size:1024 thread:1
allocated block device:0x4005f25fe200 size:512 thread:1
allocated block device:0x4005f25fe400 size:2560 thread:1
allocated block device:0x4005f25fee00 size:3072 thread:1
allocated block device:0x4005f2600000 size:1821184 thread:1
allocated block device:0x4005f27bca00 size:180224 thread:1
allocated block device:0x4005f27e8a00 size:28672 thread:1
allocated block device:0x4005f27efa00 size:40448 thread:1
allocated block device:0x4005f27f9c00 size:2560 thread:1
allocated block device:0x4005f27fa600 size:3072 thread:1
allocated block device:0x4005f27fb200 size:3072 thread:1
allocated block device:0x4005f2800000 size:1821184 thread:1
allocated block device:0x4005f29bca00 size:180224 thread:1
allocated block device:0x4005f29e8a00 size:40448 thread:1
allocated block device:0x4005f29fcc00 size:2048 thread:1
allocated block device:0x4005f2a00000 size:7284736 thread:1
allocated block device:0x4005f3200000 size:7284736 thread:1
allocated block device:0x4005f3a00000 size:45593600 thread:1
allocated block device:0x400600000000 size:807412224 thread:1
allocated block device:0x400630400000 size:230400000 thread:1
allocated block device:0x400640000000 size:230400000 thread:1
allocated block device:0x40064dc00000 size:230400000 thread:1
allocated block device:0x400680000000 size:230400000 thread:1
allocated block device:0x400694c00000 size:391680 thread:1
allocated block device:0x400694c5fa00 size:921600 thread:1
allocated block device:0x400694d40a00 size:393216 thread:1
allocated block device:0x400694e00000 size:2799616 thread:1
allocated block device:0x400695200000 size:4030464 thread:1
allocated block device:0x400695600000 size:7284736 thread:1
allocated block device:0x400a40000000 size:298674176 thread:1
allocated block device:0x400a630c0000 size:393216 thread:1
allocated block device:0x400a6f200000 size:7284736 thread:1
allocated block device:0x400a72000000 size:1807360 thread:1
allocated block device:0x400a721b9400 size:272384 thread:1
allocated block device:0x400a721fbc00 size:8192 thread:1
allocated block device:0x400a721fdc00 size:8192 thread:1
allocated block device:0x400a721ffc00 size:512 thread:1
allocated block device:0x400a72200000 size:1807360 thread:1
allocated block device:0x400a723b9400 size:272384 thread:1
allocated block device:0x400a723fbc00 size:8192 thread:1
allocated block device:0x400a72400000 size:1807360 thread:1
allocated block device:0x400a725b9400 size:98304 thread:1
allocated block device:0x400a725d1400 size:98304 thread:1
allocated block device:0x400a72600000 size:2799616 thread:1
allocated block device:0x400a72a00000 size:14458880 thread:1
allocated block device:0x400ae0000000 size:298674176 thread:1
allocated block device:0x400af1e00000 size:7284736 thread:1
allocated block device:0x400bb1e00000 size:230400000 thread:1
allocated block device:0x400bd1e00000 size:230400000 thread:1
allocated block device:0x400bf1e00000 size:230400000 thread:1
allocated block device:0x400c11e00000 size:29138944 thread:1
allocated block device:0x400c13a00000 size:29138944 thread:1
allocated block device:0x400c15600000 size:3145728 thread:1
allocated block device:0x400c15a00000 size:7284736 thread:1
allocated block device:0x400c16200000 size:7284736 thread:1
allocated block device:0x400c16a00000 size:14569472 thread:1
Accelerator Fatal Error: call to cuMemAlloc returned error 2 (CUDA_ERROR_OUT_OF_MEMORY): Out of memory
 File: /lus/lfs1aip2/projects/u6cb/software/VASP/vasp.6.5.1/build/gam/hamil.f90
 Function: hamiltmu:978
 Line: 1005

Out of memory allocating 230400000 bytes of device memory
Failing in Thread:1
total/free CUDA memory: 102005473280/100401152
Present table dump for device[1]: NVIDIA Tesla GPU 0, compute capability 9.0, threadid=1
Hint: specify 0x800 bit in NV_ACC_DEBUG for verbose info.
host:0x2557280 device:0x4003de5fd800 size:32 presentcount:0+3 line:643 name:var%comm
host:0x25572a0 device:0x4003de5ef600 size:32 presentcount:0+4 line:652 name:var%comm_kinter
host:0x25572c0 device:0x4003de5ef800 size:32 presentcount:0+6 line:655 name:var%comm_kin
host:0x25572e0 device:0x4005c71ffa00 size:32 presentcount:0+3 line:646 name:var%comm_inter
host:0x2557300 device:0x4005c71ffc00 size:32 presentcount:0+7 line:649 name:var%comm_inb
host:0x256be80 device:0x4003da0ecd00 size:8 presentcount:0+1 line:-1 name:_setexm_struct_def_21
host:0x2576f40 device:0x4003da0ece00 size:28 presentcount:0+1 line:-1 name:_ml_ff_constant_21
host:0x2577c80 device:0x4003da0ecf00 size:30437 presentcount:0+1 line:-1 name:_ml_ff_taglist_21
host:0x25afc80 device:0x4003da0f4600 size:8 presentcount:0+1 line:-1 name:_mopenacc_tutor_21
host:0x25c2740 device:0x4003da0f4a00 size:32 presentcount:0+1 line:-1 name:_mbj_21
host:0x25cd640 device:0x4003da0f4d00 size:8 presentcount:0+1 line:-1 name:_sym_prec_21
host:0x26030c0 device:0x4003da0f4e00 size:344 presentcount:0+1 line:-1 name:_tet_21
host:0x261c840 device:0x4003da0f5000 size:392 presentcount:0+1 line:-1 name:_mymath_21
host:0x2817368 device:0x4003de5f0400 size:4800 presentcount:0+2 line:614 name:var
host:0x2818628 device:0x4003de5fbc00 size:1984 presentcount:0+2 line:403 name:var
host:0x281a910 device:0x4005a73ffa00 size:864 presentcount:0+4 line:2639 name:hamiltonian
host:0x286ac80 device:0x4003de5fec00 size:2712 presentcount:0+2 line:428 name:var
host:0x286b718 device:0x4005c71fc600 size:2248 presentcount:0+1 line:742 name:var
host:0x286eb50 device:0x400ad21ffc00 size:288 presentcount:0+1 line:195 name:latt_cur
host:0x2871658 device:0x4005e73fe400 size:5088 presentcount:0+28 line:517 name:var
host:0x2872a38 device:0x4006325f6000 size:5088 presentcount:0+6 line:517 name:var
host:0x2873e18 device:0x4006325e9600 size:5088 presentcount:0+7 line:517 name:var
host:0x287a2a8 device:0x4005c71ff800 size:304 presentcount:0+1 line:567 name:var
host:0x287a3d8 device:0x4006325fe200 size:304 presentcount:0+1 line:567 name:var
host:0x2e48ec0 device:0x4003da002600 size:960024 presentcount:0+1 line:-1 name:_setexm_struct_def_16
host:0x2f8f080 device:0x4003da0f4700 size:580 presentcount:0+1 line:-1 name:_wpbe_16
host:0x2f8f900 device:0x4003da0f4b00 size:288 presentcount:0+1 line:-1 name:_mbj_16
host:0x9f446c0 device:0x4003da0f5200 size:624 presentcount:0+1 line:-1 name:_mlr_optic_16
host:0x275ad8f0 device:0x4006323f8800 size:4 presentcount:0+2 line:616 name:var%nplwkp(:)
host:0x2760f770 device:0x4003de5f0200 size:16 presentcount:0+2 line:430 name:var%psrmax(:)
host:0x2760f7b0 device:0x4006323f8a00 size:4 presentcount:0+2 line:616 name:var%nplwkp_tot(:)
host:0x2760f7e0 device:0x4006323fea00 size:4 presentcount:0+2 line:616 name:var%ngvector_pos(:)
host:0x2760f810 device:0x4006323f2800 size:4 presentcount:0+2 line:616 name:var%ngvector(:)
host:0x2760f840 device:0x4003de5f1e00 size:720 presentcount:0+4 line:519 name:var%lpcty(:)
host:0x2760fb40 device:0x4003de5fc400 size:8 presentcount:0+2 line:616 name:var%nb_totk(:,:)
host:0x2760fb70 device:0x4006323fec00 size:4 presentcount:0+2 line:616 name:var%luseinv(:)
host:0x287ccc20 device:0x4006325f9000 size:528 presentcount:0+1 line:480 name:var
host:0x2ca1d830 device:0x4005c71ffe00 size:8 presentcount:0+4 line:405 name:var%nityp(:)
host:0x2cf1c040 device:0x4003de5f2200 size:1000 presentcount:0+4 line:519 name:var%lpctz(:)
host:0x2d3922b0 device:0x4003de5ffc00 size:8 presentcount:0+3 line:616 name:var%nt_global(:)
host:0x2d3923a0 device:0x4003de5ff800 size:8 presentcount:0+3 line:616 name:var%lmmax(:)
host:0x2d3923d0 device:0x4006323ef000 size:8 presentcount:0+2 line:616 name:var%wtkpt(:)
host:0x2d392400 device:0x4003de5ffa00 size:8 presentcount:0+3 line:616 name:var%nityp(:)
host:0x2d39f140 device:0x4006327e8a00 size:28464 presentcount:0+1 line:853 name:var(:)
host:0x2d3b18c0 device:0x4006329e8a00 size:40000 presentcount:0+1 line:857 name:var%psp(:,:)
host:0x2d3bb530 device:0x400ad23fbc00 size:8000 presentcount:0+1 line:857 name:var%psprho(:)
host:0x2d3be7c0 device:0x4006323f8c00 size:24000 presentcount:0+2 line:466 name:var%psprnl(:,:,:)
host:0x2d3ee1a0 device:0x4006323f0400 size:4320 presentcount:0+4 line:405 name:var%ityp(:)
host:0x2d3ef2b0 device:0x4006323e8a00 size:25920 presentcount:0+4 line:405 name:var%posion(:,:)
host:0x2d4302e0 device:0x4003de5ffe00 size:24 presentcount:0+3 line:616 name:var%vkpt(:,:)
host:0x2d432610 device:0x4006327efa00 size:40000 presentcount:0+1 line:857 name:var%psp(:,:)
host:0x2d43c280 device:0x400ad21fbc00 size:8000 presentcount:0+1 line:857 name:var%pspcor(:)
host:0x2d43e1f0 device:0x400ad21fdc00 size:8000 presentcount:0+1 line:857 name:var%psprho(:)
host:0x2d441480 device:0x4006323f2a00 size:24000 presentcount:0+2 line:466 name:var%psprnl(:,:,:)
host:0x2d48e440 device:0x4005e73ffc00 size:24 presentcount:0+3 line:466 name:var%lps(:)
host:0x2d48e4f0 device:0x4005c71fd000 size:24 presentcount:0+3 line:466 name:var%lps(:)
host:0x2d50fa60 device:0x4006323ef200 size:4320 presentcount:0+3 line:616 name:var%ityp(:)
host:0x2d510b70 device:0x4003de5fda00 size:4320 presentcount:0+3 line:616 name:var%npro_pos(:)
host:0x2d511c80 device:0x4003de5fc600 size:4324 presentcount:0+3 line:616 name:var%lmbase(:)
host:0x2d512d90 device:0x4003de5f1800 size:1280 presentcount:0+4 line:519 name:var%lpctx(:)
host:0x2d5132c0 device:0x4003de5f2600 size:1280 presentcount:0+4 line:519 name:var%lpctx_(:)
host:0x2d5137f0 device:0x4003de5f2c00 size:720 presentcount:0+4 line:519 name:var%lpcty_(:)
host:0x2d513af0 device:0x4003de5f3000 size:1000 presentcount:0+4 line:519 name:var%lpctz_(:)
host:0x2d513f00 device:0x4006325f7400 size:1280 presentcount:0+1 line:519 name:var%lpctx(:)
host:0x2d514430 device:0x4006325f7a00 size:720 presentcount:0+1 line:519 name:var%lpcty(:)
host:0x2d514730 device:0x4006325f7e00 size:1000 presentcount:0+1 line:519 name:var%lpctz(:)
host:0x2d514b40 device:0x4006325f8200 size:1280 presentcount:0+1 line:519 name:var%lpctx_(:)
host:0x2d515070 device:0x4006325f8800 size:720 presentcount:0+1 line:519 name:var%lpcty_(:)
host:0x2d515370 device:0x4006325f8c00 size:1000 presentcount:0+1 line:519 name:var%lpctz_(:)
host:0x2d515780 device:0x4006323fee00 size:2560 presentcount:0+1 line:519 name:var%lpctx(:)
host:0x2d5161b0 device:0x4006325eaa00 size:1440 presentcount:0+1 line:519 name:var%lpcty(:)
host:0x2d516780 device:0x4006325e8a00 size:2000 presentcount:0+1 line:519 name:var%lpctz(:)
host:0x2d516f80 device:0x4006325eb000 size:2560 presentcount:0+1 line:519 name:var%lpctx_(:)
host:0x2d5179b0 device:0x4006325eba00 size:1440 presentcount:0+1 line:519 name:var%lpcty_(:)
host:0x2d517f80 device:0x4006325ec000 size:2000 presentcount:0+1 line:519 name:var%lpctz_(:)
host:0x2d604060 device:0x4006325f0400 size:2824 presentcount:0+1 line:482 name:var%i2(:)
host:0x2d604b90 device:0x4006325f1000 size:2824 presentcount:0+1 line:482 name:var%i3(:)
host:0x2d6056c0 device:0x4006325f1c00 size:5020 presentcount:0+1 line:482 name:var%i2(:)
host:0x2d606a90 device:0x4006325f3000 size:5020 presentcount:0+1 line:482 name:var%i3(:)
host:0x2d607e60 device:0x4006325ec800 size:7200 presentcount:0+2 line:482 name:var%i2(:)
host:0x2d609ab0 device:0x4006325ee600 size:7200 presentcount:0+2 line:482 name:var%i3(:)
host:0x2d60bb20 device:0x4006f4c5fa00 size:921600 presentcount:0+2 line:482 name:var%index(:,:)
host:0x2d6ecb50 device:0x4006325fe400 size:2560 presentcount:0+1 line:569 name:var%ind1(:)
host:0x2d6ed580 device:0x4006325fee00 size:2824 presentcount:0+1 line:569 name:var%indcol(:)
host:0x2d6ee0b0 device:0x4006325f9400 size:2824 presentcount:0+1 line:482 name:var%i2(:)
host:0x2d6eebe0 device:0x4006325fa000 size:2824 presentcount:0+1 line:482 name:var%i3(:)
host:0x2d6ef710 device:0x4006325fac00 size:1512 presentcount:0+1 line:482 name:var%i2(:)
host:0x2d6efd20 device:0x4006325fb200 size:1512 presentcount:0+1 line:482 name:var%i3(:)
host:0x2d6f0330 device:0x4005c71fd200 size:4320 presentcount:0+2 line:430 name:var%nlimax(:)
host:0x2d6f1440 device:0x4005c71fe600 size:4324 presentcount:0+2 line:430 name:var%lmbase(:)
host:0x2d6f2550 device:0x4003de5ee400 size:4324 presentcount:0+2 line:430 name:var%nlibase(:)
host:0x2d6f3660 device:0x4003de5f3400 size:17132 presentcount:0+4 line:519 name:var%nindpwconjg(:)
host:0x2d6f7980 device:0x4003de5f7800 size:17132 presentcount:0+4 line:519 name:var%ind_in_sphere(:)
host:0x2d6fcbd0 device:0x4006325fbc00 size:516 presentcount:0+1 line:499 name:var%ptr(:)
host:0x2d6fce00 device:0x4006325fb800 size:516 presentcount:0+1 line:499 name:var%n(:)
host:0x2d7298a0 device:0x4006325fd800 size:1280 presentcount:0+1 line:569 name:var%ind1(:)
host:0x2d729dd0 device:0x4006325fde00 size:696 presentcount:0+1 line:569 name:var%indcol(:)
host:0x2d72a0b0 device:0x40051432e800 size:180000 presentcount:0+4 line:482 name:var%i2(:)
host:0x2d756000 device:0x40051435a800 size:180000 presentcount:0+4 line:482 name:var%i3(:)
host:0x2d781f50 device:0x4006323bca00 size:180000 presentcount:0+8 line:482 name:var%index(:,:)
host:0x2d7adea0 device:0x4006329bca00 size:180000 presentcount:0+8 line:482 name:var%i2(:)
host:0x2d7d9df0 device:0x400514386800 size:180000 presentcount:0+8 line:482 name:var%i3(:)
host:0x2d806370 device:0x400632400000 size:1821184 presentcount:0+3 line:616 name:var%nindpw(:,:)
host:0x2d9c2da0 device:0x4003de5efe00 size:4 presentcount:0+2 line:616 name:var%at_gamma(:)
host:0x2d9c2dd0 device:0x4006325bca00 size:180000 presentcount:0+3 line:616 name:var%pl_index(:,:)
host:0x2d9eed20 device:0x4006327bca00 size:180000 presentcount:0+3 line:616 name:var%pl_col(:,:)
host:0x2da1ac70 device:0x4006323ffa00 size:8 presentcount:0+2 line:405 name:var%lmmax(:)
host:0x2da1aca0 device:0x4003de5efa00 size:8 presentcount:0+2 line:430 name:var%lmax(:)
host:0x2da1acd0 device:0x4006323f1600 size:4324 presentcount:0+2 line:405 name:var%lmbase(:)
host:0x2da1bde0 device:0x4003de5efc00 size:8 presentcount:0+2 line:430 name:var%lmmax(:)
host:0x2da1be10 device:0x4003de5f0000 size:8 presentcount:0+2 line:430 name:var%channels(:)
host:0x2da1be40 device:0x4005e73ff800 size:16 presentcount:0+2 line:430 name:var%rsmooth(:)
host:0x2da1be80 device:0x4005e73ffa00 size:400 presentcount:0+2 line:464 name:var
host:0x2da1c010 device:0x4005e73ffe00 size:400 presentcount:0+2 line:464 name:var
host:0x2da8ca30 device:0x4006f4c00000 size:222720 presentcount:0+1 line:499 name:var%tbl(:)
host:0x2daf9690 device:0x400ad21b9400 size:272160 presentcount:0+1 line:499 name:var%tbli(:)
host:0x2db3bde0 device:0x4006325fc400 size:516 presentcount:0+1 line:499 name:var%ptri(:)
host:0x2db3c010 device:0x4006325fc000 size:516 presentcount:0+1 line:499 name:var%ni(:)
host:0x2db3c240 device:0x4006325fcc00 size:516 presentcount:0+1 line:499 name:var%ptr(:)
host:0x2db3c470 device:0x4006325fc800 size:516 presentcount:0+1 line:499 name:var%n(:)
host:0x2db3c6a0 device:0x4005c71fe400 size:4 presentcount:0+1 line:499 name:var%tbli(:)
host:0x2db3c6d0 device:0x4006325fd400 size:516 presentcount:0+1 line:499 name:var%ptri(:)
host:0x2db3c900 device:0x4006325fd000 size:516 presentcount:0+1 line:499 name:var%ni(:)
host:0x2db420e0 device:0x4006325f4400 size:516 presentcount:0+1 line:499 name:var%ptr(:)
host:0x2db42310 device:0x4006323ffc00 size:516 presentcount:0+1 line:499 name:var%n(:)
host:0x2db42540 device:0x4006325f4c00 size:516 presentcount:0+1 line:499 name:var%ptri(:)
host:0x2db42770 device:0x4006325f4800 size:516 presentcount:0+1 line:499 name:var%ni(:)
host:0x2db429a0 device:0x4006325f5400 size:516 presentcount:0+1 line:499 name:var%ptr(:)
host:0x2db42bd0 device:0x4006325f5000 size:516 presentcount:0+1 line:499 name:var%n(:)
host:0x2db42e00 device:0x4006325f5c00 size:516 presentcount:0+1 line:499 name:var%ptri(:)
host:0x2db43030 device:0x4006325f5800 size:516 presentcount:0+1 line:499 name:var%ni(:)
host:0x2dc89ae0 device:0x4006f5600000 size:7284736 presentcount:0+3 line:616 name:var%datake(:,:,:)
host:0x2e37cd60 device:0x400632600000 size:1821184 presentcount:0+3 line:616 name:var%igx(:,:)
host:0x2e53a3f0 device:0x400632200000 size:1821184 presentcount:0+3 line:616 name:var%igy(:,:)
host:0x2e6f7c90 device:0x400632800000 size:1821184 presentcount:0+3 line:616 name:var%igz(:,:)
host:0x2e8b5b60 device:0x400633200000 size:7284272 presentcount:0+4 line:519 name:var%fftsca(:,:)
host:0x2efa81c0 device:0x400ad23b9400 size:272160 presentcount:0+1 line:499 name:var%tbl(:)
host:0x2f0c0720 device:0x4006f4e00000 size:1807360 presentcount:0+1 line:499 name:var%tbl(:)
host:0x2f436310 device:0x400ad2000000 size:1807200 presentcount:0+1 line:499 name:var%tbli(:)
host:0x2f5f1380 device:0x400ad2200000 size:1807200 presentcount:0+1 line:499 name:var%tbl(:)
host:0x2f967a90 device:0x400ad2400000 size:1807200 presentcount:0+1 line:499 name:var%tbli(:)
host:0x2fd52420 device:0x4005e73f4000 size:41984 presentcount:0+1 line:746 name:var%auxtot(:,:,:)
host:0x30652420 device:0x4003de5e4000 size:41984 presentcount:0+2 line:746 name:var%fertot(:,:,:)
host:0x30660030 device:0x40051431a000 size:83968 presentcount:0+2 line:746 name:var%celtot(:,:,:)
host:0x30812d40 device:0x400631e00000 size:2799360 presentcount:0+2 line:194 name:cdij(:,:,:,:)
host:0x31c04a00 device:0x400632a00000 size:7200000 presentcount:0+1 line:195 name:dencor(:)
host:0x329cef00 device:0x400ad2600000 size:2799360 presentcount:0+2 line:194 name:cqij(:,:,:,:)
host:0x32f2ebb0 device:0x4006f5200000 size:4030464 presentcount:0+5 line:746 name:var%gproj(:,:,:,:)
host:0x335bb600 device:0x4005143ca800 size:98304 presentcount:0+1 line:1101 name:w1%gproj(:)
host:0x3a151ec0 device:0x4006f4d40a00 size:393216 presentcount:0+2 line:1226 name:wa%gproj(:,:)
host:0x3a1b1ef0 device:0x400ac28c0000 size:393216 presentcount:0+2 line:1226 name:wa%gproj(:,:)
host:0x3a2192a0 device:0x400c95600000 size:3145728 presentcount:0+2 line:1226 name:wa%gproj(:,:)
host:0x3e446130 device:0x4006329fcc00 size:2048 presentcount:0+1 line:179 name:w1(:)
host:0x3e44a4b0 device:0x4006327fa600 size:2048 presentcount:0+1 line:179 name:wtmp(:)
host:0x3e465a90 device:0x400b51e00000 size:7284736 presentcount:0+1 line:1101 name:w1%cptwfp(:)
host:0x3eb582c0 device:0x4005143b2800 size:98304 presentcount:0+1 line:1101 name:w1%gproj(:)
host:0x3eb702f0 device:0x400ad25b9400 size:98304 presentcount:0+1 line:1101 name:w1%gproj(:)
host:0x3eb88320 device:0x400ad25d1400 size:98304 presentcount:0+1 line:1101 name:w1%gproj(:)
host:0x3edb01a0 device:0x400c96a00000 size:14569472 presentcount:0+1 line:202 name:precon(:,:)
host:0x3fb9cd90 device:0x400acfa00000 size:7284736 presentcount:0+1 line:1101 name:w1%cptwfp(:)
host:0x402977b0 device:0x400c95a00000 size:7284736 presentcount:0+1 line:1101 name:w1%cptwfp(:)
host:0x4098a1f0 device:0x400c96200000 size:7284736 presentcount:0+1 line:1101 name:w1%cptwfp(:)
host:0x40041eff39e0 device:0x400ad2a00000 size:14458880 presentcount:0+1 line:195 name:cstrf(:,:)
host:0x4005200010a0 device:0x400633a00000 size:45593280 presentcount:0+2 line:430 name:var%nli(:,:)
host:0x400522b812b0 device:0x400640000000 size:807411968 presentcount:0+2 line:430 name:var%rproj(:)
host:0x400558746d70 device:0x400c91e00000 size:29138944 presentcount:0+2 line:1226 name:wa%cptwfp(:,:)
host:0x40055d3c6f80 device:0x400c93a00000 size:29138944 presentcount:0+2 line:1226 name:wa%cptwfp(:,:)
host:0x4006000031a0 device:0x4006adc00000 size:230400000 presentcount:0+2 line:194 name:sv(:,:)
host:0x40060dbc4a60 device:0x400620000000 size:298674176 presentcount:0+5 line:746 name:var%cptwfp(:,:,:,:)
host:0x4006c0000020 device:0x400c71e00000 size:230400000 presentcount:0+1 line:1236 name:w1%cr(:)
host:0x400780007190 device:0x400b40000000 size:233111552 presentcount:0+2 line:1226 name:wa%cptwfp(:,:)
host:0x40078de677c0 device:0x400aa0000000 size:230400000 presentcount:0+1 line:1101 name:w1%cr(:)
host:0x4008a00079d0 device:0x400670400000 size:230400000 presentcount:0+1 line:1236 name:w1%cr(:)
host:0x4008adbd7df0 device:0x4006e0000000 size:230400000 presentcount:0+1 line:1101 name:w1%cr(:)
host:0x400a00008000 device:0x4006a0000000 size:230400000 presentcount:0+1 line:1236 name:w1%cr(:)
host:0x400a0dbd8420 device:0x400420000000 size:230400000 presentcount:0+1 line:1101 name:w1%cr(:)
host:0x400a80000440 device:0x400c51e00000 size:230400000 presentcount:0+1 line:1101 name:w1%cr(:)
host:0x400a8dbc0650 device:0x400c31e00000 size:230400000 presentcount:0+1 line:1236 name:w1%cr(:)
host:0x400ca0005ae0 device:0x400ce0000000 size:921600000 presentcount:0+1 line:1005 name:cwork1(:,:)
host:0xfffffeb71df0 device:0x4006327fb200 size:3024 presentcount:0+12 line:682 name:var
host:0xfffffeb729c0 device:0x4005871ff800 size:1480 presentcount:0+1 line:174 name:w_ini
host:0xfffffeb72f90 device:0x4006327f9c00 size:1480 presentcount:0+1 line:174 name:wopt
host:0xfffffeb73560 device:0x4005c71fbc00 size:1480 presentcount:0+1 line:174 name:wtmpa
allocated block device:0x4003de5e4000 size:41984 thread:1
allocated block device:0x4003de5ee400 size:4608 thread:1
allocated block device:0x4003de5ef600 size:512 thread:1
allocated block device:0x4003de5ef800 size:512 thread:1
allocated block device:0x4003de5efa00 size:512 thread:1
allocated block device:0x4003de5efc00 size:512 thread:1
allocated block device:0x4003de5efe00 size:512 thread:1
allocated block device:0x4003de5f0000 size:512 thread:1
allocated block device:0x4003de5f0200 size:512 thread:1
allocated block device:0x4003de5f0400 size:5120 thread:1
allocated block device:0x4003de5f1800 size:1536 thread:1
allocated block device:0x4003de5f1e00 size:1024 thread:1
allocated block device:0x4003de5f2200 size:1024 thread:1
allocated block device:0x4003de5f2600 size:1536 thread:1
allocated block device:0x4003de5f2c00 size:1024 thread:1
allocated block device:0x4003de5f3000 size:1024 thread:1
allocated block device:0x4003de5f3400 size:17408 thread:1
allocated block device:0x4003de5f7800 size:17408 thread:1
allocated block device:0x4003de5fbc00 size:2048 thread:1
allocated block device:0x4003de5fc400 size:512 thread:1
allocated block device:0x4003de5fc600 size:4608 thread:1
allocated block device:0x4003de5fd800 size:512 thread:1
allocated block device:0x4003de5fda00 size:4608 thread:1
allocated block device:0x4003de5fec00 size:3072 thread:1
allocated block device:0x4003de5ff800 size:512 thread:1
allocated block device:0x4003de5ffa00 size:512 thread:1
allocated block device:0x4003de5ffc00 size:512 thread:1
allocated block device:0x4003de5ffe00 size:512 thread:1
allocated block device:0x400420000000 size:298674176 thread:1
allocated block device:0x40051431a000 size:83968 thread:1
allocated block device:0x40051432e800 size:180224 thread:1
allocated block device:0x40051435a800 size:180224 thread:1
allocated block device:0x400514386800 size:180224 thread:1
allocated block device:0x4005143b2800 size:98304 thread:1
allocated block device:0x4005143ca800 size:98304 thread:1
allocated block device:0x4005871ff800 size:1536 thread:1
allocated block device:0x4005a73ffa00 size:1024 thread:1
allocated block device:0x4005c71fbc00 size:2048 thread:1
allocated block device:0x4005c71fc600 size:2560 thread:1
allocated block device:0x4005c71fd000 size:512 thread:1
allocated block device:0x4005c71fd200 size:4608 thread:1
allocated block device:0x4005c71fe400 size:512 thread:1
allocated block device:0x4005c71fe600 size:4608 thread:1
allocated block device:0x4005c71ff800 size:512 thread:1
allocated block device:0x4005c71ffa00 size:512 thread:1
allocated block device:0x4005c71ffc00 size:512 thread:1
allocated block device:0x4005c71ffe00 size:512 thread:1
allocated block device:0x4005e73f4000 size:41984 thread:1
allocated block device:0x4005e73fe400 size:5120 thread:1
allocated block device:0x4005e73ff800 size:512 thread:1
allocated block device:0x4005e73ffa00 size:512 thread:1
allocated block device:0x4005e73ffc00 size:512 thread:1
allocated block device:0x4005e73ffe00 size:512 thread:1
allocated block device:0x400620000000 size:298674176 thread:1
allocated block device:0x400631e00000 size:4030464 thread:1
allocated block device:0x400632200000 size:1821184 thread:1
allocated block device:0x4006323bca00 size:180224 thread:1
allocated block device:0x4006323e8a00 size:26112 thread:1
allocated block device:0x4006323ef000 size:512 thread:1
allocated block device:0x4006323ef200 size:4608 thread:1
allocated block device:0x4006323f0400 size:4608 thread:1
allocated block device:0x4006323f1600 size:4608 thread:1
allocated block device:0x4006323f2800 size:512 thread:1
allocated block device:0x4006323f2a00 size:24064 thread:1
allocated block device:0x4006323f8800 size:512 thread:1
allocated block device:0x4006323f8a00 size:512 thread:1
allocated block device:0x4006323f8c00 size:24064 thread:1
allocated block device:0x4006323fea00 size:512 thread:1
allocated block device:0x4006323fec00 size:512 thread:1
allocated block device:0x4006323fee00 size:3072 thread:1
allocated block device:0x4006323ffa00 size:512 thread:1
allocated block device:0x4006323ffc00 size:1024 thread:1
allocated block device:0x400632400000 size:1821184 thread:1
allocated block device:0x4006325bca00 size:180224 thread:1
allocated block device:0x4006325e8a00 size:3072 thread:1
allocated block device:0x4006325e9600 size:5120 thread:1
allocated block device:0x4006325eaa00 size:1536 thread:1
allocated block device:0x4006325eb000 size:2560 thread:1
allocated block device:0x4006325eba00 size:1536 thread:1
allocated block device:0x4006325ec000 size:2048 thread:1
allocated block device:0x4006325ec800 size:7680 thread:1
allocated block device:0x4006325ee600 size:7680 thread:1
allocated block device:0x4006325f0400 size:3072 thread:1
allocated block device:0x4006325f1000 size:3072 thread:1
allocated block device:0x4006325f1c00 size:5120 thread:1
allocated block device:0x4006325f3000 size:5120 thread:1
allocated block device:0x4006325f4400 size:1024 thread:1
allocated block device:0x4006325f4800 size:1024 thread:1
allocated block device:0x4006325f4c00 size:1024 thread:1
allocated block device:0x4006325f5000 size:1024 thread:1
allocated block device:0x4006325f5400 size:1024 thread:1
allocated block device:0x4006325f5800 size:1024 thread:1
allocated block device:0x4006325f5c00 size:1024 thread:1
allocated block device:0x4006325f6000 size:5120 thread:1
allocated block device:0x4006325f7400 size:1536 thread:1
allocated block device:0x4006325f7a00 size:1024 thread:1
allocated block device:0x4006325f7e00 size:1024 thread:1
allocated block device:0x4006325f8200 size:1536 thread:1
allocated block device:0x4006325f8800 size:1024 thread:1
allocated block device:0x4006325f8c00 size:1024 thread:1
allocated block device:0x4006325f9000 size:1024 thread:1
allocated block device:0x4006325f9400 size:3072 thread:1
allocated block device:0x4006325fa000 size:3072 thread:1
allocated block device:0x4006325fac00 size:1536 thread:1
allocated block device:0x4006325fb200 size:1536 thread:1
allocated block device:0x4006325fb800 size:1024 thread:1
allocated block device:0x4006325fbc00 size:1024 thread:1
allocated block device:0x4006325fc000 size:1024 thread:1
allocated block device:0x4006325fc400 size:1024 thread:1
allocated block device:0x4006325fc800 size:1024 thread:1
allocated block device:0x4006325fcc00 size:1024 thread:1
allocated block device:0x4006325fd000 size:1024 thread:1
allocated block device:0x4006325fd400 size:1024 thread:1
allocated block device:0x4006325fd800 size:1536 thread:1
allocated block device:0x4006325fde00 size:1024 thread:1
allocated block device:0x4006325fe200 size:512 thread:1
allocated block device:0x4006325fe400 size:2560 thread:1
allocated block device:0x4006325fee00 size:3072 thread:1
allocated block device:0x400632600000 size:1821184 thread:1
allocated block device:0x4006327bca00 size:180224 thread:1
allocated block device:0x4006327e8a00 size:28672 thread:1
allocated block device:0x4006327efa00 size:40448 thread:1
allocated block device:0x4006327f9c00 size:2560 thread:1
allocated block device:0x4006327fa600 size:3072 thread:1
allocated block device:0x4006327fb200 size:3072 thread:1
allocated block device:0x400632800000 size:1821184 thread:1
allocated block device:0x4006329bca00 size:180224 thread:1
allocated block device:0x4006329e8a00 size:40448 thread:1
allocated block device:0x4006329fcc00 size:2048 thread:1
allocated block device:0x400632a00000 size:7284736 thread:1
allocated block device:0x400633200000 size:7284736 thread:1
allocated block device:0x400633a00000 size:45593600 thread:1
allocated block device:0x400640000000 size:807412224 thread:1
allocated block device:0x400670400000 size:230400000 thread:1
allocated block device:0x4006a0000000 size:230400000 thread:1
allocated block device:0x4006adc00000 size:230400000 thread:1
allocated block device:0x4006e0000000 size:230400000 thread:1
allocated block device:0x4006f4c00000 size:391680 thread:1
allocated block device:0x4006f4c5fa00 size:921600 thread:1
allocated block device:0x4006f4d40a00 size:393216 thread:1
allocated block device:0x4006f4e00000 size:2799616 thread:1
allocated block device:0x4006f5200000 size:4030464 thread:1
allocated block device:0x4006f5600000 size:7284736 thread:1
allocated block device:0x400aa0000000 size:230400000 thread:1
allocated block device:0x400ac28c0000 size:393216 thread:1
allocated block device:0x400acfa00000 size:7284736 thread:1
allocated block device:0x400ad2000000 size:1807360 thread:1
allocated block device:0x400ad21b9400 size:272384 thread:1
allocated block device:0x400ad21fbc00 size:8192 thread:1
allocated block device:0x400ad21fdc00 size:8192 thread:1
allocated block device:0x400ad21ffc00 size:512 thread:1
allocated block device:0x400ad2200000 size:1807360 thread:1
allocated block device:0x400ad23b9400 size:272384 thread:1
allocated block device:0x400ad23fbc00 size:8192 thread:1
allocated block device:0x400ad2400000 size:1807360 thread:1
allocated block device:0x400ad25b9400 size:98304 thread:1
allocated block device:0x400ad25d1400 size:98304 thread:1
allocated block device:0x400ad2600000 size:2799616 thread:1
allocated block device:0x400ad2a00000 size:14458880 thread:1
allocated block device:0x400b40000000 size:298674176 thread:1
allocated block device:0x400b51e00000 size:7284736 thread:1
allocated block device:0x400c31e00000 size:230400000 thread:1
allocated block device:0x400c51e00000 size:230400000 thread:1
allocated block device:0x400c71e00000 size:230400000 thread:1
allocated block device:0x400c91e00000 size:29138944 thread:1
allocated block device:0x400c93a00000 size:29138944 thread:1
allocated block device:0x400c95600000 size:3145728 thread:1
allocated block device:0x400c95a00000 size:7284736 thread:1
allocated block device:0x400c96200000 size:7284736 thread:1
allocated block device:0x400c96a00000 size:14569472 thread:1
allocated block device:0x400ce0000000 size:921600000 thread:1
Accelerator Fatal Error: call to cuMemAlloc returned error 2 (CUDA_ERROR_OUT_OF_MEMORY): Out of memory
 File: /lus/lfs1aip2/projects/u6cb/software/VASP/vasp.6.5.1/build/gam/fft_base.f90
 Function: restride_r2q_cmplx:945
 Line: 964

srun: error: nid011125: task 104: Exited with exit code 1
srun: Terminating StepId=3245025.0
slurmstepd: error: *** STEP 3245025.0 ON nid011122 CANCELLED AT 2026-03-20T16:02:44 ***
Out of memory allocating 921600000 bytes of device memory
Failing in Thread:1
srun: error: nid011125: tasks 96-103,105-127: Terminated
srun: error: nid011122: tasks 0-31: Terminated
srun: error: nid011124: tasks 64-95: Terminated
srun: error: nid011123: tasks 32-63: Terminated
srun: Force Terminated StepId=3245025.0
