rm: cannot remove 'WAVECAR': No such file or directory
 running   64 mpi-ranks, with    8 threads/rank, on    2 nodes
 distrk:  each k-point on   64 cores,    1 groups
 distr:  one band on    1 cores,   64 groups
 Offloading initialized ...    8 GPUs detected
 WARNING: INIT_OFFLOAD: several MPI-ranks need to share a GPU, which is not
     supported by NCCL. The use of NCCL will be switched off. To avoid this,
     reduce the number of MPI-ranks: #-of-ranks <= #-of-GPUs (on every node!).

Out of memory allocating 230400000 bytes of device memory
Failing in Thread:1
total/free CUDA memory: 102005473280/232980480
Present table dump for device[1]: NVIDIA Tesla GPU 0, compute capability 9.0, threadid=1
Hint: specify 0x800 bit in NV_ACC_DEBUG for verbose info.
host:0x2557280 device:0x400703df6c00 size:32 presentcount:0+3 line:643 name:var%comm
host:0x25572a0 device:0x400703dbca00 size:32 presentcount:0+4 line:652 name:var%comm_kinter
host:0x25572c0 device:0x400703dbcc00 size:32 presentcount:0+6 line:655 name:var%comm_kin
host:0x25572e0 device:0x40047e5ffa00 size:32 presentcount:0+3 line:646 name:var%comm_inter
host:0x2557300 device:0x40047e5ffc00 size:32 presentcount:0+7 line:649 name:var%comm_inb
host:0x256be80 device:0x40047a0ecd00 size:8 presentcount:0+1 line:-1 name:_setexm_struct_def_21
host:0x2576f40 device:0x40047a0ece00 size:28 presentcount:0+1 line:-1 name:_ml_ff_constant_21
host:0x2577c80 device:0x40047a0ecf00 size:30437 presentcount:0+1 line:-1 name:_ml_ff_taglist_21
host:0x25afc80 device:0x40047a0f4600 size:8 presentcount:0+1 line:-1 name:_mopenacc_tutor_21
host:0x25c2740 device:0x40047a0f4a00 size:32 presentcount:0+1 line:-1 name:_mbj_21
host:0x25cd640 device:0x40047a0f4d00 size:8 presentcount:0+1 line:-1 name:_sym_prec_21
host:0x26030c0 device:0x40047a0f4e00 size:344 presentcount:0+1 line:-1 name:_tet_21
host:0x261c840 device:0x40047a0f5000 size:392 presentcount:0+1 line:-1 name:_mymath_21
host:0x2817368 device:0x400703dbd800 size:4800 presentcount:0+2 line:614 name:var
host:0x2818628 device:0x400703df5000 size:1984 presentcount:0+2 line:403 name:var
host:0x281a910 device:0x4006353ff600 size:864 presentcount:0+4 line:2639 name:hamiltonian
host:0x286ac80 device:0x400703dfe600 size:2712 presentcount:0+2 line:428 name:var
host:0x286b718 device:0x4006753fea00 size:2248 presentcount:0+1 line:742 name:var
host:0x286eb50 device:0x4007041ffa00 size:288 presentcount:0+1 line:195 name:latt_cur
host:0x2871658 device:0x40047e5fc000 size:5088 presentcount:0+28 line:517 name:var
host:0x2872a38 device:0x4005aa1fa600 size:5088 presentcount:0+6 line:517 name:var
host:0x2873e18 device:0x400703ff9c00 size:5088 presentcount:0+7 line:517 name:var
host:0x287a2a8 device:0x4007041eba00 size:304 presentcount:0+1 line:567 name:var
host:0x287a3d8 device:0x4007041ec800 size:304 presentcount:0+1 line:567 name:var
host:0x2e48ec0 device:0x40047a002600 size:960024 presentcount:0+1 line:-1 name:_setexm_struct_def_16
host:0x2f8f080 device:0x40047a0f4700 size:580 presentcount:0+1 line:-1 name:_wpbe_16
host:0x2f8f900 device:0x40047a0f4b00 size:288 presentcount:0+1 line:-1 name:_mbj_16
host:0x9f446c0 device:0x40047a0f5200 size:624 presentcount:0+1 line:-1 name:_mlr_optic_16
host:0x11f54e60 device:0x400703dbf600 size:1000 presentcount:0+4 line:519 name:var%lpctz(:)
host:0x11f57e70 device:0x4007041eae00 size:260 presentcount:0+1 line:499 name:var%ptri(:)
host:0x11f58160 device:0x4005aa1ffc00 size:260 presentcount:0+1 line:499 name:var%n(:)
host:0x1311b190 device:0x4005aa1fd600 size:528 presentcount:0+1 line:480 name:var
host:0x1736c070 device:0x40047e5ffe00 size:8 presentcount:0+4 line:405 name:var%nityp(:)
host:0x1782e080 device:0x4005aa1ffe00 size:260 presentcount:0+1 line:499 name:var%ptr(:)
host:0x17ce8d70 device:0x4007041eec00 size:28464 presentcount:0+1 line:853 name:var(:)
host:0x17d02590 device:0x4007043eca00 size:40000 presentcount:0+1 line:857 name:var%psp(:,:)
host:0x17d0c200 device:0x4007043f6800 size:8000 presentcount:0+1 line:857 name:var%psprho(:)
host:0x17d0f5e0 device:0x400703ff2000 size:24000 presentcount:0+2 line:466 name:var%psprnl(:,:,:)
host:0x17d3f110 device:0x400703fe9c00 size:4320 presentcount:0+4 line:405 name:var%ityp(:)
host:0x17d40220 device:0x400703df8000 size:25920 presentcount:0+4 line:405 name:var%posion(:,:)
host:0x17d83330 device:0x400703dff600 size:8 presentcount:0+3 line:616 name:var%nt_global(:)
host:0x17d833d0 device:0x400703dff200 size:8 presentcount:0+3 line:616 name:var%lmmax(:)
host:0x17d83400 device:0x400703dffa00 size:8 presentcount:0+2 line:616 name:var%wtkpt(:)
host:0x17d83430 device:0x400703dff400 size:8 presentcount:0+3 line:616 name:var%nityp(:)
host:0x17d83ad0 device:0x4007041f5c00 size:40000 presentcount:0+1 line:857 name:var%psp(:,:)
host:0x17d8d740 device:0x4007043e8a00 size:8000 presentcount:0+1 line:857 name:var%pspcor(:)
host:0x17d8f6b0 device:0x4007043eaa00 size:8000 presentcount:0+1 line:857 name:var%psprho(:)
host:0x17d92940 device:0x400703fec000 size:24000 presentcount:0+2 line:466 name:var%psprnl(:,:,:)
host:0x17dd7ec0 device:0x4006753ff800 size:24 presentcount:0+3 line:466 name:var%lps(:)
host:0x17dd7f70 device:0x4006753ffc00 size:24 presentcount:0+3 line:466 name:var%lps(:)
host:0x17e40490 device:0x400703dff800 size:24 presentcount:0+3 line:616 name:var%vkpt(:,:)
host:0x17e657b0 device:0x400703dbd600 size:16 presentcount:0+2 line:430 name:var%psrmax(:)
host:0x17e65d70 device:0x400703fe8a00 size:4320 presentcount:0+3 line:616 name:var%ityp(:)
host:0x17e66e80 device:0x400703df6e00 size:4320 presentcount:0+3 line:616 name:var%npro_pos(:)
host:0x17e67f90 device:0x400703df5a00 size:4324 presentcount:0+3 line:616 name:var%lmbase(:)
host:0x17e690a0 device:0x400703dffe00 size:4 presentcount:0+2 line:616 name:var%nplwkp(:)
host:0x17e690d0 device:0x400703ff1e00 size:4 presentcount:0+2 line:616 name:var%nplwkp_tot(:)
host:0x17e69100 device:0x400703ff7e00 size:4 presentcount:0+2 line:616 name:var%ngvector_pos(:)
host:0x17e69130 device:0x400703dffc00 size:4 presentcount:0+2 line:616 name:var%ngvector(:)
host:0x17e69160 device:0x400703dbec00 size:1280 presentcount:0+4 line:519 name:var%lpctx(:)
host:0x17e69690 device:0x400703dbf200 size:720 presentcount:0+4 line:519 name:var%lpcty(:)
host:0x17e69990 device:0x400703dbfa00 size:1280 presentcount:0+4 line:519 name:var%lpctx_(:)
host:0x17e69ec0 device:0x400703dc0000 size:720 presentcount:0+4 line:519 name:var%lpcty_(:)
host:0x17e6a1c0 device:0x400703dc0400 size:1000 presentcount:0+4 line:519 name:var%lpctz_(:)
host:0x17e6a5d0 device:0x4005aa1fba00 size:1280 presentcount:0+1 line:519 name:var%lpctx(:)
host:0x17e6ab00 device:0x4005aa1fc000 size:720 presentcount:0+1 line:519 name:var%lpcty(:)
host:0x17e6ae00 device:0x4005aa1fc400 size:1000 presentcount:0+1 line:519 name:var%lpctz(:)
host:0x17e6b210 device:0x4005aa1fc800 size:1280 presentcount:0+1 line:519 name:var%lpctx_(:)
host:0x17e6b740 device:0x4005aa1fce00 size:720 presentcount:0+1 line:519 name:var%lpcty_(:)
host:0x17e6ba40 device:0x4005aa1fd200 size:1000 presentcount:0+1 line:519 name:var%lpctz_(:)
host:0x17e6be50 device:0x400703ff8200 size:2560 presentcount:0+1 line:519 name:var%lpctx(:)
host:0x17e6c880 device:0x400703ffb000 size:1440 presentcount:0+1 line:519 name:var%lpcty(:)
host:0x17e6ce50 device:0x400703ff8e00 size:2000 presentcount:0+1 line:519 name:var%lpctz(:)
host:0x17e6d650 device:0x400703ffb600 size:2560 presentcount:0+1 line:519 name:var%lpctx_(:)
host:0x17e6e080 device:0x400703ffc000 size:1440 presentcount:0+1 line:519 name:var%lpcty_(:)
host:0x17e6e650 device:0x400703ffc600 size:2000 presentcount:0+1 line:519 name:var%lpctz_(:)
host:0x17f61cb0 device:0x400703ffce00 size:5648 presentcount:0+1 line:482 name:var%i2(:)
host:0x17f632f0 device:0x400703ffe600 size:5648 presentcount:0+1 line:482 name:var%i3(:)
host:0x17f64930 device:0x4005aa1f4c00 size:10040 presentcount:0+1 line:482 name:var%i2(:)
host:0x17f67090 device:0x4005aa1f7400 size:10040 presentcount:0+1 line:482 name:var%i3(:)
host:0x17f697f0 device:0x4005aa1ed800 size:14400 presentcount:0+2 line:482 name:var%i2(:)
host:0x17f6d060 device:0x4005aa1f1200 size:14400 presentcount:0+2 line:482 name:var%i3(:)
host:0x17f70cf0 device:0x40079b85fa00 size:921600 presentcount:0+2 line:482 name:var%index(:,:)
host:0x18051d20 device:0x4007041eca00 size:2560 presentcount:0+1 line:569 name:var%ind1(:)
host:0x18052750 device:0x4007041ed400 size:5648 presentcount:0+1 line:569 name:var%indcol(:)
host:0x18053d90 device:0x4005aa1fda00 size:5648 presentcount:0+1 line:482 name:var%i2(:)
host:0x180553d0 device:0x4007041e8a00 size:5648 presentcount:0+1 line:482 name:var%i3(:)
host:0x18056a10 device:0x4005aa1ff200 size:2520 presentcount:0+1 line:482 name:var%i2(:)
host:0x18057410 device:0x4007041ea200 size:2520 presentcount:0+1 line:482 name:var%i3(:)
host:0x18057e10 device:0x40047e5fd400 size:4320 presentcount:0+2 line:430 name:var%nlimax(:)
host:0x18058f20 device:0x40047e5fe600 size:4324 presentcount:0+2 line:430 name:var%lmbase(:)
host:0x1805a030 device:0x4005aa190600 size:4324 presentcount:0+2 line:430 name:var%nlibase(:)
host:0x1805b140 device:0x400703dc0800 size:17132 presentcount:0+4 line:519 name:var%nindpwconjg(:)
host:0x1805f460 device:0x400703dc4c00 size:17132 presentcount:0+4 line:519 name:var%ind_in_sphere(:)
host:0x18091ec0 device:0x4007041ebc00 size:1280 presentcount:0+1 line:569 name:var%ind1(:)
host:0x180923f0 device:0x4007041ec200 size:1452 presentcount:0+1 line:569 name:var%indcol(:)
host:0x180929d0 device:0x4005aa138600 size:180000 presentcount:0+4 line:482 name:var%i2(:)
host:0x180be920 device:0x4005aa164600 size:180000 presentcount:0+4 line:482 name:var%i3(:)
host:0x180ea870 device:0x400703dc9000 size:180000 presentcount:0+8 line:482 name:var%index(:,:)
host:0x181167c0 device:0x4007043bca00 size:180000 presentcount:0+8 line:482 name:var%i2(:)
host:0x18142710 device:0x4005aa191800 size:180000 presentcount:0+8 line:482 name:var%i3(:)
host:0x1816ec90 device:0x400703e00000 size:1821184 presentcount:0+3 line:616 name:var%nindpw(:,:)
host:0x1832b6c0 device:0x400703df5800 size:8 presentcount:0+2 line:616 name:var%nb_totk(:,:)
host:0x1832b6f0 device:0x400703ff8000 size:4 presentcount:0+2 line:616 name:var%luseinv(:)
host:0x1832b720 device:0x400703dbd200 size:4 presentcount:0+2 line:616 name:var%at_gamma(:)
host:0x1832b750 device:0x400703fbca00 size:180000 presentcount:0+3 line:616 name:var%pl_index(:,:)
host:0x183576a0 device:0x4007041bca00 size:180000 presentcount:0+3 line:616 name:var%pl_col(:,:)
host:0x183835f0 device:0x400703ff9a00 size:8 presentcount:0+2 line:405 name:var%lmmax(:)
host:0x18383620 device:0x400703dbce00 size:8 presentcount:0+2 line:430 name:var%lmax(:)
host:0x18383650 device:0x400703feae00 size:4324 presentcount:0+2 line:405 name:var%lmbase(:)
host:0x18384760 device:0x400703dbd000 size:8 presentcount:0+2 line:430 name:var%lmmax(:)
host:0x18384790 device:0x400703dbd400 size:8 presentcount:0+2 line:430 name:var%channels(:)
host:0x183847c0 device:0x4006753ff400 size:16 presentcount:0+2 line:430 name:var%rsmooth(:)
host:0x18384800 device:0x4006753ff600 size:400 presentcount:0+2 line:464 name:var
host:0x18384990 device:0x4006753ffa00 size:400 presentcount:0+2 line:464 name:var
host:0x183f53b0 device:0x40079b940a00 size:464640 presentcount:0+1 line:499 name:var%tbl(:)
host:0x18466ae0 device:0x4007041eac00 size:260 presentcount:0+1 line:499 name:var%ni(:)
host:0x18466c10 device:0x4007041eb200 size:260 presentcount:0+1 line:499 name:var%ptr(:)
host:0x18466d40 device:0x4007041eb000 size:260 presentcount:0+1 line:499 name:var%n(:)
host:0x18466e70 device:0x4007041eb800 size:4 presentcount:0+1 line:499 name:var%tbli(:)
host:0x18466ea0 device:0x4007041eb600 size:260 presentcount:0+1 line:499 name:var%ptri(:)
host:0x18466fd0 device:0x4007041eb400 size:260 presentcount:0+1 line:499 name:var%ni(:)
host:0x18477910 device:0x40047e5ff800 size:260 presentcount:0+1 line:499 name:var%ptr(:)
host:0x184868e0 device:0x4006753ffe00 size:260 presentcount:0+1 line:499 name:var%n(:)
host:0x18486a10 device:0x4005aa1f9c00 size:260 presentcount:0+1 line:499 name:var%ptri(:)
host:0x18486b40 device:0x400703fffe00 size:260 presentcount:0+1 line:499 name:var%ni(:)
host:0x18486c70 device:0x4005aa1fa000 size:260 presentcount:0+1 line:499 name:var%ptr(:)
host:0x18486da0 device:0x4005aa1f9e00 size:260 presentcount:0+1 line:499 name:var%n(:)
host:0x18486ed0 device:0x4005aa1fa400 size:260 presentcount:0+1 line:499 name:var%ptri(:)
host:0x18487000 device:0x4005aa1fa200 size:260 presentcount:0+1 line:499 name:var%ni(:)
host:0x185d3710 device:0x400704c00000 size:7284736 presentcount:0+3 line:616 name:var%datake(:,:,:)
host:0x18cc6990 device:0x400704000000 size:1821184 presentcount:0+3 line:616 name:var%igx(:,:)
host:0x18e84020 device:0x400703c00000 size:1821184 presentcount:0+3 line:616 name:var%igy(:,:)
host:0x190418c0 device:0x400704200000 size:1821184 presentcount:0+3 line:616 name:var%igz(:,:)
host:0x191ff790 device:0x40071cc00000 size:7284272 presentcount:0+4 line:519 name:var%fftsca(:,:)
host:0x19963520 device:0x400fc4400000 size:453600 presentcount:0+1 line:499 name:var%tbli(:)
host:0x199d2130 device:0x400fc446ec00 size:453600 presentcount:0+1 line:499 name:var%tbl(:)
host:0x19b43010 device:0x400fc3400000 size:3614720 presentcount:0+1 line:499 name:var%tbl(:)
host:0x1a22b400 device:0x400fc3800000 size:3614400 presentcount:0+1 line:499 name:var%tbli(:)
host:0x1a59f7d0 device:0x400fc3c00000 size:3614400 presentcount:0+1 line:499 name:var%tbl(:)
host:0x1ac885a0 device:0x400fc4000000 size:3614400 presentcount:0+1 line:499 name:var%tbli(:)
host:0x1b3735b0 device:0x40079ba00000 size:2799360 presentcount:0+2 line:194 name:cdij(:,:,:,:)
host:0x1b672420 device:0x40047e5f1e00 size:41472 presentcount:0+1 line:746 name:var%auxtot(:,:,:)
host:0x1b692420 device:0x4005aa11a000 size:41472 presentcount:0+2 line:746 name:var%fertot(:,:,:)
host:0x1b6a0030 device:0x4005aa124200 size:82944 presentcount:0+2 line:746 name:var%celtot(:,:,:)
host:0x1bdd2360 device:0x400fc4600000 size:2799360 presentcount:0+2 line:194 name:cqij(:,:,:,:)
host:0x1c76cf80 device:0x40079be00000 size:7962624 presentcount:0+5 line:746 name:var%gproj(:,:,:,:)
host:0x1d18ab80 device:0x4005aa1d5800 size:98304 presentcount:0+1 line:1101 name:w1%gproj(:)
host:0x1d2092f0 device:0x400fc45fd800 size:2048 presentcount:0+1 line:179 name:w1(:)
host:0x1d209b10 device:0x4007043fbe00 size:2048 presentcount:0+1 line:179 name:wtmp(:)
host:0x1d391170 device:0x400fc459d800 size:393216 presentcount:0+2 line:1226 name:wa%gproj(:,:)
host:0x1d3f11a0 device:0x4011c6c00000 size:393216 presentcount:0+2 line:1226 name:wa%gproj(:,:)
host:0x1d4511d0 device:0x4005aa1bd800 size:98304 presentcount:0+1 line:1101 name:w1%gproj(:)
host:0x1d469200 device:0x40079b9cc000 size:98304 presentcount:0+1 line:1101 name:w1%gproj(:)
host:0x1d481230 device:0x40079b9e4000 size:98304 presentcount:0+1 line:1101 name:w1%gproj(:)
host:0x25f6c4a0 device:0x4011d4e00000 size:3145728 presentcount:0+2 line:1226 name:wa%gproj(:,:)
host:0x2b099a60 device:0x4011d5200000 size:14569472 presentcount:0+1 line:202 name:precon(:,:)
host:0x2be85e10 device:0x400704400000 size:7284736 presentcount:0+1 line:1101 name:w1%cptwfp(:)
host:0x2c57fff0 device:0x400703400000 size:7284736 presentcount:0+1 line:1101 name:w1%cptwfp(:)
host:0x2cc7a800 device:0x400f0ce00000 size:7284736 presentcount:0+1 line:1101 name:w1%cptwfp(:)
host:0x2d36d030 device:0x400f0f800000 size:7284736 presentcount:0+1 line:1101 name:w1%cptwfp(:)
host:0x40051c0010a0 device:0x400705400000 size:45593280 presentcount:0+2 line:430 name:var%nli(:,:)
host:0x40051eb835c0 device:0x400fc4a00000 size:14400000 presentcount:0+1 line:195 name:dencor(:)
host:0x4005c00012b0 device:0x400720000000 size:807411968 presentcount:0+2 line:430 name:var%rproj(:)
host:0x4005f02131a0 device:0x400780000000 size:230400000 presentcount:0+2 line:194 name:sv(:,:)
host:0x4006a00039e0 device:0x400fc5800000 size:28917760 presentcount:0+1 line:195 name:cstrf(:,:)
host:0x4006a1ba4a60 device:0x4006e0000000 size:590063616 presentcount:0+5 line:746 name:var%cptwfp(:,:,:,:)
host:0x4006c85a6b60 device:0x4011c3400000 size:29138944 presentcount:0+2 line:1226 name:wa%cptwfp(:,:)
host:0x4006ca186d70 device:0x4011c5000000 size:29138944 presentcount:0+2 line:1226 name:wa%cptwfp(:,:)
host:0x4007600075b0 device:0x400fa5600000 size:230400000 presentcount:0+1 line:1101 name:w1%cr(:)
host:0x4007c32c6f80 device:0x4011c6e00000 size:233111552 presentcount:0+2 line:1226 name:wa%cptwfp(:,:)
host:0x4007d11277c0 device:0x400750400000 size:230400000 presentcount:0+1 line:1236 name:w1%cr(:)
host:0x400820007be0 device:0x40078dc00000 size:230400000 presentcount:0+1 line:1101 name:w1%cr(:)
host:0x40082dbd7df0 device:0x400708000000 size:230400000 presentcount:0+1 line:1236 name:w1%cr(:)
host:0x40083b7a8210 device:0x401183400000 size:230400000 presentcount:0+1 line:1101 name:w1%cr(:)
host:0x400849378420 device:0x401191000000 size:230400000 presentcount:0+1 line:1236 name:w1%cr(:)
host:0x400d20000230 device:0x401143400000 size:230400000 presentcount:0+1 line:1101 name:w1%cr(:)
host:0x400d2dbc0440 device:0x401151000000 size:230400000 presentcount:0+1 line:1236 name:w1%cr(:)
host:0x400ea0002750 device:0x4011e0000000 size:921600000 presentcount:0+1 line:1005 name:cwork1(:,:)
host:0xfffff7da82c0 device:0x4007043fca00 size:3024 presentcount:0+12 line:682 name:var
host:0xfffff7da8e90 device:0x4006353ffa00 size:1480 presentcount:0+1 line:174 name:w_ini
host:0xfffff7da9460 device:0x4007043fb400 size:1480 presentcount:0+1 line:174 name:wopt
host:0xfffff7da9a30 device:0x4006153ff600 size:1480 presentcount:0+1 line:174 name:wtmpa
allocated block device:0x40047e5f1e00 size:41472 thread:1
allocated block device:0x40047e5fc000 size:5120 thread:1
allocated block device:0x40047e5fd400 size:4608 thread:1
allocated block device:0x40047e5fe600 size:4608 thread:1
allocated block device:0x40047e5ff800 size:512 thread:1
allocated block device:0x40047e5ffa00 size:512 thread:1
allocated block device:0x40047e5ffc00 size:512 thread:1
allocated block device:0x40047e5ffe00 size:512 thread:1
allocated block device:0x4005aa11a000 size:41472 thread:1
allocated block device:0x4005aa124200 size:82944 thread:1
allocated block device:0x4005aa138600 size:180224 thread:1
allocated block device:0x4005aa164600 size:180224 thread:1
allocated block device:0x4005aa190600 size:4608 thread:1
allocated block device:0x4005aa191800 size:180224 thread:1
allocated block device:0x4005aa1bd800 size:98304 thread:1
allocated block device:0x4005aa1d5800 size:98304 thread:1
allocated block device:0x4005aa1ed800 size:14848 thread:1
allocated block device:0x4005aa1f1200 size:14848 thread:1
allocated block device:0x4005aa1f4c00 size:10240 thread:1
allocated block device:0x4005aa1f7400 size:10240 thread:1
allocated block device:0x4005aa1f9c00 size:512 thread:1
allocated block device:0x4005aa1f9e00 size:512 thread:1
allocated block device:0x4005aa1fa000 size:512 thread:1
allocated block device:0x4005aa1fa200 size:512 thread:1
allocated block device:0x4005aa1fa400 size:512 thread:1
allocated block device:0x4005aa1fa600 size:5120 thread:1
allocated block device:0x4005aa1fba00 size:1536 thread:1
allocated block device:0x4005aa1fc000 size:1024 thread:1
allocated block device:0x4005aa1fc400 size:1024 thread:1
allocated block device:0x4005aa1fc800 size:1536 thread:1
allocated block device:0x4005aa1fce00 size:1024 thread:1
allocated block device:0x4005aa1fd200 size:1024 thread:1
allocated block device:0x4005aa1fd600 size:1024 thread:1
allocated block device:0x4005aa1fda00 size:6144 thread:1
allocated block device:0x4005aa1ff200 size:2560 thread:1
allocated block device:0x4005aa1ffc00 size:512 thread:1
allocated block device:0x4005aa1ffe00 size:512 thread:1
allocated block device:0x4006153ff600 size:2048 thread:1
allocated block device:0x4006353ff600 size:1024 thread:1
allocated block device:0x4006353ffa00 size:1536 thread:1
allocated block device:0x4006753fea00 size:2560 thread:1
allocated block device:0x4006753ff400 size:512 thread:1
allocated block device:0x4006753ff600 size:512 thread:1
allocated block device:0x4006753ff800 size:512 thread:1
allocated block device:0x4006753ffa00 size:512 thread:1
allocated block device:0x4006753ffc00 size:512 thread:1
allocated block device:0x4006753ffe00 size:512 thread:1
allocated block device:0x4006e0000000 size:590063616 thread:1
allocated block device:0x400703400000 size:7962624 thread:1
allocated block device:0x400703c00000 size:1821184 thread:1
allocated block device:0x400703dbca00 size:512 thread:1
allocated block device:0x400703dbcc00 size:512 thread:1
allocated block device:0x400703dbce00 size:512 thread:1
allocated block device:0x400703dbd000 size:512 thread:1
allocated block device:0x400703dbd200 size:512 thread:1
allocated block device:0x400703dbd400 size:512 thread:1
allocated block device:0x400703dbd600 size:512 thread:1
allocated block device:0x400703dbd800 size:5120 thread:1
allocated block device:0x400703dbec00 size:1536 thread:1
allocated block device:0x400703dbf200 size:1024 thread:1
allocated block device:0x400703dbf600 size:1024 thread:1
allocated block device:0x400703dbfa00 size:1536 thread:1
allocated block device:0x400703dc0000 size:1024 thread:1
allocated block device:0x400703dc0400 size:1024 thread:1
allocated block device:0x400703dc0800 size:17408 thread:1
allocated block device:0x400703dc4c00 size:17408 thread:1
allocated block device:0x400703dc9000 size:180224 thread:1
allocated block device:0x400703df5000 size:2048 thread:1
allocated block device:0x400703df5800 size:512 thread:1
allocated block device:0x400703df5a00 size:4608 thread:1
allocated block device:0x400703df6c00 size:512 thread:1
allocated block device:0x400703df6e00 size:4608 thread:1
allocated block device:0x400703df8000 size:26112 thread:1
allocated block device:0x400703dfe600 size:3072 thread:1
allocated block device:0x400703dff200 size:512 thread:1
allocated block device:0x400703dff400 size:512 thread:1
allocated block device:0x400703dff600 size:512 thread:1
allocated block device:0x400703dff800 size:512 thread:1
allocated block device:0x400703dffa00 size:512 thread:1
allocated block device:0x400703dffc00 size:512 thread:1
allocated block device:0x400703dffe00 size:512 thread:1
allocated block device:0x400703e00000 size:1821184 thread:1
allocated block device:0x400703fbca00 size:180224 thread:1
allocated block device:0x400703fe8a00 size:4608 thread:1
allocated block device:0x400703fe9c00 size:4608 thread:1
allocated block device:0x400703feae00 size:4608 thread:1
allocated block device:0x400703fec000 size:24064 thread:1
allocated block device:0x400703ff1e00 size:512 thread:1
allocated block device:0x400703ff2000 size:24064 thread:1
allocated block device:0x400703ff7e00 size:512 thread:1
allocated block device:0x400703ff8000 size:512 thread:1
allocated block device:0x400703ff8200 size:3072 thread:1
allocated block device:0x400703ff8e00 size:3072 thread:1
allocated block device:0x400703ff9a00 size:512 thread:1
allocated block device:0x400703ff9c00 size:5120 thread:1
allocated block device:0x400703ffb000 size:1536 thread:1
allocated block device:0x400703ffb600 size:2560 thread:1
allocated block device:0x400703ffc000 size:1536 thread:1
allocated block device:0x400703ffc600 size:2048 thread:1
allocated block device:0x400703ffce00 size:6144 thread:1
allocated block device:0x400703ffe600 size:6144 thread:1
allocated block device:0x400703fffe00 size:512 thread:1
allocated block device:0x400704000000 size:1821184 thread:1
allocated block device:0x4007041bca00 size:180224 thread:1
allocated block device:0x4007041e8a00 size:6144 thread:1
allocated block device:0x4007041ea200 size:2560 thread:1
allocated block device:0x4007041eac00 size:512 thread:1
allocated block device:0x4007041eae00 size:512 thread:1
allocated block device:0x4007041eb000 size:512 thread:1
allocated block device:0x4007041eb200 size:512 thread:1
allocated block device:0x4007041eb400 size:512 thread:1
allocated block device:0x4007041eb600 size:512 thread:1
allocated block device:0x4007041eb800 size:512 thread:1
allocated block device:0x4007041eba00 size:512 thread:1
allocated block device:0x4007041ebc00 size:1536 thread:1
allocated block device:0x4007041ec200 size:1536 thread:1
allocated block device:0x4007041ec800 size:512 thread:1
allocated block device:0x4007041eca00 size:2560 thread:1
allocated block device:0x4007041ed400 size:6144 thread:1
allocated block device:0x4007041eec00 size:28672 thread:1
allocated block device:0x4007041f5c00 size:40448 thread:1
allocated block device:0x4007041ffa00 size:512 thread:1
allocated block device:0x400704200000 size:1821184 thread:1
allocated block device:0x4007043bca00 size:180224 thread:1
allocated block device:0x4007043e8a00 size:8192 thread:1
allocated block device:0x4007043eaa00 size:8192 thread:1
allocated block device:0x4007043eca00 size:40448 thread:1
allocated block device:0x4007043f6800 size:8192 thread:1
allocated block device:0x4007043fb400 size:2560 thread:1
allocated block device:0x4007043fbe00 size:3072 thread:1
allocated block device:0x4007043fca00 size:3072 thread:1
allocated block device:0x400704400000 size:7284736 thread:1
allocated block device:0x400704c00000 size:7284736 thread:1
allocated block device:0x400705400000 size:45593600 thread:1
allocated block device:0x400708000000 size:230400000 thread:1
allocated block device:0x40071cc00000 size:7284736 thread:1
allocated block device:0x400720000000 size:807412224 thread:1
allocated block device:0x400750400000 size:230400000 thread:1
allocated block device:0x400780000000 size:230400000 thread:1
allocated block device:0x40078dc00000 size:230400000 thread:1
allocated block device:0x40079b85fa00 size:921600 thread:1
allocated block device:0x40079b940a00 size:464896 thread:1
allocated block device:0x40079b9cc000 size:98304 thread:1
allocated block device:0x40079b9e4000 size:98304 thread:1
allocated block device:0x40079ba00000 size:2799616 thread:1
allocated block device:0x40079be00000 size:7962624 thread:1
allocated block device:0x400f0ce00000 size:14400000 thread:1
allocated block device:0x400f0f800000 size:14400000 thread:1
allocated block device:0x400fa5600000 size:230400000 thread:1
allocated block device:0x400fc3400000 size:3614720 thread:1
allocated block device:0x400fc3800000 size:3614720 thread:1
allocated block device:0x400fc3c00000 size:3614720 thread:1
allocated block device:0x400fc4000000 size:3614720 thread:1
allocated block device:0x400fc4400000 size:453632 thread:1
allocated block device:0x400fc446ec00 size:453632 thread:1
allocated block device:0x400fc459d800 size:393216 thread:1
allocated block device:0x400fc45fd800 size:2048 thread:1
allocated block device:0x400fc4600000 size:2799616 thread:1
allocated block device:0x400fc4a00000 size:14400000 thread:1
allocated block device:0x400fc5800000 size:28917760 thread:1
allocated block device:0x401143400000 size:230400000 thread:1
allocated block device:0x401151000000 size:230400000 thread:1
allocated block device:0x401183400000 size:230400000 thread:1
allocated block device:0x401191000000 size:230400000 thread:1
allocated block device:0x4011c3400000 size:29138944 thread:1
allocated block device:0x4011c5000000 size:29138944 thread:1
allocated block device:0x4011c6c00000 size:393216 thread:1
allocated block device:0x4011c6e00000 size:233111552 thread:1
allocated block device:0x4011d4e00000 size:3145728 thread:1
allocated block device:0x4011d5200000 size:14569472 thread:1
allocated block device:0x4011e0000000 size:921600000 thread:1
Accelerator Fatal Error: call to cuMemAlloc returned error 2 (CUDA_ERROR_OUT_OF_MEMORY): Out of memory
 File: /lus/lfs1aip2/projects/u6cb/software/VASP/vasp.6.5.1/build/gam/fft_base.f90
 Function: restride_r2q_cmplx:945
 Line: 964

Out of memory allocating 233111552 bytes of device memory
Failing in Thread:1
total/free CUDA memory: 102005473280/187432960
Present table dump for device[1]: NVIDIA Tesla GPU 0, compute capability 9.0, threadid=1
Hint: specify 0x800 bit in NV_ACC_DEBUG for verbose info.
host:0x2557280 device:0x400603df6c00 size:32 presentcount:0+3 line:643 name:var%comm
host:0x25572a0 device:0x400603dbca00 size:32 presentcount:0+4 line:652 name:var%comm_kinter
host:0x25572c0 device:0x400603dbcc00 size:32 presentcount:0+6 line:655 name:var%comm_kin
host:0x25572e0 device:0x40035e5ffa00 size:32 presentcount:0+3 line:646 name:var%comm_inter
host:0x2557300 device:0x40035e5ffc00 size:32 presentcount:0+6 line:649 name:var%comm_inb
host:0x256be80 device:0x40035a0ecd00 size:8 presentcount:0+1 line:-1 name:_setexm_struct_def_21
host:0x2576f40 device:0x40035a0ece00 size:28 presentcount:0+1 line:-1 name:_ml_ff_constant_21
host:0x2577c80 device:0x40035a0ecf00 size:30437 presentcount:0+1 line:-1 name:_ml_ff_taglist_21
host:0x25afc80 device:0x40035a0f4600 size:8 presentcount:0+1 line:-1 name:_mopenacc_tutor_21
host:0x25c2740 device:0x40035a0f4a00 size:32 presentcount:0+1 line:-1 name:_mbj_21
host:0x25cd640 device:0x40035a0f4d00 size:8 presentcount:0+1 line:-1 name:_sym_prec_21
host:0x26030c0 device:0x40035a0f4e00 size:344 presentcount:0+1 line:-1 name:_tet_21
host:0x261c840 device:0x40035a0f5000 size:392 presentcount:0+1 line:-1 name:_mymath_21
host:0x2817368 device:0x400603dbd800 size:4800 presentcount:0+2 line:614 name:var
host:0x2818628 device:0x400603df5000 size:1984 presentcount:0+1 line:403 name:var
host:0x281a910 device:0x40053c3ff600 size:864 presentcount:0+4 line:2639 name:hamiltonian
host:0x286ac80 device:0x400603dfe600 size:2712 presentcount:0+1 line:428 name:var
host:0x286b718 device:0x40057c3fea00 size:2248 presentcount:0+1 line:742 name:var
host:0x286eb50 device:0x4006041ffa00 size:288 presentcount:0+1 line:195 name:latt_cur
host:0x2871658 device:0x40035e5fc000 size:5088 presentcount:0+21 line:517 name:var
host:0x2872a38 device:0x4004b03fa600 size:5088 presentcount:0+6 line:517 name:var
host:0x2873e18 device:0x400603ff9c00 size:5088 presentcount:0+7 line:517 name:var
host:0x287a2a8 device:0x4006041eba00 size:304 presentcount:0+1 line:567 name:var
host:0x287a3d8 device:0x4006041ec800 size:304 presentcount:0+1 line:567 name:var
host:0x2e48ec0 device:0x40035a002600 size:960024 presentcount:0+1 line:-1 name:_setexm_struct_def_16
host:0x2f8f080 device:0x40035a0f4700 size:580 presentcount:0+1 line:-1 name:_wpbe_16
host:0x2f8f900 device:0x40035a0f4b00 size:288 presentcount:0+1 line:-1 name:_mbj_16
host:0x9f446c0 device:0x40035a0f5200 size:624 presentcount:0+1 line:-1 name:_mlr_optic_16
host:0x45a14e60 device:0x400603dbf600 size:1000 presentcount:0+3 line:519 name:var%lpctz(:)
host:0x45a17e70 device:0x4006041eae00 size:260 presentcount:0+1 line:499 name:var%ptri(:)
host:0x45a18160 device:0x4004b03ffc00 size:260 presentcount:0+1 line:499 name:var%n(:)
host:0x45abf2b0 device:0x400603dff800 size:24 presentcount:0+2 line:616 name:var%vkpt(:,:)
host:0x45abf2f0 device:0x400603dff400 size:8 presentcount:0+3 line:616 name:var%nityp(:)
host:0x45abf4b0 device:0x400603dbd600 size:16 presentcount:0+1 line:430 name:var%psrmax(:)
host:0x45abf4f0 device:0x400603dff200 size:8 presentcount:0+3 line:616 name:var%lmmax(:)
host:0x45abf520 device:0x400603dff600 size:8 presentcount:0+3 line:616 name:var%nt_global(:)
host:0x45abf550 device:0x400603dffe00 size:4 presentcount:0+2 line:616 name:var%nplwkp(:)
host:0x45abf580 device:0x400603ff1e00 size:4 presentcount:0+2 line:616 name:var%nplwkp_tot(:)
host:0x45abf5b0 device:0x400603ff7e00 size:4 presentcount:0+2 line:616 name:var%ngvector_pos(:)
host:0x45abf5e0 device:0x400603dffc00 size:4 presentcount:0+2 line:616 name:var%ngvector(:)
host:0x45abf610 device:0x400603df5800 size:8 presentcount:0+2 line:616 name:var%nb_totk(:,:)
host:0x45abf640 device:0x400603ff8000 size:4 presentcount:0+2 line:616 name:var%luseinv(:)
host:0x45abf670 device:0x400603dbd200 size:4 presentcount:0+2 line:616 name:var%at_gamma(:)
host:0x45abf6a0 device:0x400603ff9a00 size:8 presentcount:0+1 line:405 name:var%lmmax(:)
host:0x45abf6d0 device:0x400603dbce00 size:8 presentcount:0+1 line:430 name:var%lmax(:)
host:0x45abf700 device:0x400603dbd000 size:8 presentcount:0+1 line:430 name:var%lmmax(:)
host:0x45abf730 device:0x400603dbd400 size:8 presentcount:0+1 line:430 name:var%channels(:)
host:0x46bdb340 device:0x4004b03fd600 size:528 presentcount:0+1 line:480 name:var
host:0x4ae2bfd0 device:0x40035e5ffe00 size:8 presentcount:0+2 line:405 name:var%nityp(:)
host:0x4b2edfe0 device:0x4004b03ffe00 size:260 presentcount:0+1 line:499 name:var%ptr(:)
host:0x4b7a8cd0 device:0x4006041eec00 size:28464 presentcount:0+1 line:853 name:var(:)
host:0x4b7bb430 device:0x4006043eca00 size:40000 presentcount:0+1 line:857 name:var%psp(:,:)
host:0x4b7c50a0 device:0x4006043f6800 size:8000 presentcount:0+1 line:857 name:var%psprho(:)
host:0x4b7c8330 device:0x400603ff2000 size:24000 presentcount:0+1 line:466 name:var%psprnl(:,:,:)
host:0x4b7f7d10 device:0x400603fe9c00 size:4320 presentcount:0+2 line:405 name:var%ityp(:)
host:0x4b7f8e20 device:0x400603df8000 size:25920 presentcount:0+2 line:405 name:var%posion(:,:)
host:0x4b83c1a0 device:0x4006043e8a00 size:8000 presentcount:0+1 line:857 name:var%pspcor(:)
host:0x4b83e110 device:0x4006043eaa00 size:8000 presentcount:0+1 line:857 name:var%psprho(:)
host:0x4b841c80 device:0x4006041f5c00 size:40000 presentcount:0+1 line:857 name:var%psp(:,:)
host:0x4b84b8f0 device:0x400603fec000 size:24000 presentcount:0+1 line:466 name:var%psprnl(:,:,:)
host:0x4b85ead0 device:0x400603dffa00 size:8 presentcount:0+2 line:616 name:var%wtkpt(:)
host:0x4b898080 device:0x40057c3ff800 size:24 presentcount:0+2 line:466 name:var%lps(:)
host:0x4b898130 device:0x40057c3ffc00 size:24 presentcount:0+2 line:466 name:var%lps(:)
host:0x4b9075c0 device:0x400603fe8a00 size:4320 presentcount:0+3 line:616 name:var%ityp(:)
host:0x4b9086d0 device:0x400603df6e00 size:4320 presentcount:0+3 line:616 name:var%npro_pos(:)
host:0x4b9097e0 device:0x400603df5a00 size:4324 presentcount:0+3 line:616 name:var%lmbase(:)
host:0x4b90a8f0 device:0x400603dbec00 size:1280 presentcount:0+3 line:519 name:var%lpctx(:)
host:0x4b90ae20 device:0x400603dbf200 size:720 presentcount:0+3 line:519 name:var%lpcty(:)
host:0x4b90b120 device:0x400603dbfa00 size:1280 presentcount:0+3 line:519 name:var%lpctx_(:)
host:0x4b90b650 device:0x400603dc0000 size:720 presentcount:0+3 line:519 name:var%lpcty_(:)
host:0x4b90b950 device:0x400603dc0400 size:1000 presentcount:0+3 line:519 name:var%lpctz_(:)
host:0x4b90bd60 device:0x4004b03fba00 size:1280 presentcount:0+1 line:519 name:var%lpctx(:)
host:0x4b90c290 device:0x4004b03fc000 size:720 presentcount:0+1 line:519 name:var%lpcty(:)
host:0x4b90c590 device:0x4004b03fc400 size:1000 presentcount:0+1 line:519 name:var%lpctz(:)
host:0x4b90c9a0 device:0x4004b03fc800 size:1280 presentcount:0+1 line:519 name:var%lpctx_(:)
host:0x4b90ced0 device:0x4004b03fce00 size:720 presentcount:0+1 line:519 name:var%lpcty_(:)
host:0x4b90d1d0 device:0x4004b03fd200 size:1000 presentcount:0+1 line:519 name:var%lpctz_(:)
host:0x4b90d5e0 device:0x400603ff8200 size:2560 presentcount:0+1 line:519 name:var%lpctx(:)
host:0x4b90e010 device:0x400603ffb000 size:1440 presentcount:0+1 line:519 name:var%lpcty(:)
host:0x4b90e5e0 device:0x400603ff8e00 size:2000 presentcount:0+1 line:519 name:var%lpctz(:)
host:0x4b90ede0 device:0x400603ffb600 size:2560 presentcount:0+1 line:519 name:var%lpctx_(:)
host:0x4b90f810 device:0x400603ffc000 size:1440 presentcount:0+1 line:519 name:var%lpcty_(:)
host:0x4b90fde0 device:0x400603ffc600 size:2000 presentcount:0+1 line:519 name:var%lpctz_(:)
host:0x4ba03440 device:0x400603ffce00 size:5648 presentcount:0+1 line:482 name:var%i2(:)
host:0x4ba04a80 device:0x400603ffe600 size:5648 presentcount:0+1 line:482 name:var%i3(:)
host:0x4ba060c0 device:0x4004b03f4c00 size:10040 presentcount:0+1 line:482 name:var%i2(:)
host:0x4ba08820 device:0x4004b03f7400 size:10040 presentcount:0+1 line:482 name:var%i3(:)
host:0x4ba0af80 device:0x4004b03ed800 size:14400 presentcount:0+2 line:482 name:var%i2(:)
host:0x4ba0e7f0 device:0x4004b03f1200 size:14400 presentcount:0+2 line:482 name:var%i3(:)
host:0x4ba12480 device:0x40067b85fa00 size:921600 presentcount:0+2 line:482 name:var%index(:,:)
host:0x4baf34b0 device:0x4006041eca00 size:2560 presentcount:0+1 line:569 name:var%ind1(:)
host:0x4baf3ee0 device:0x4006041ed400 size:5648 presentcount:0+1 line:569 name:var%indcol(:)
host:0x4baf5520 device:0x4004b03fda00 size:5648 presentcount:0+1 line:482 name:var%i2(:)
host:0x4baf6b60 device:0x4006041e8a00 size:5648 presentcount:0+1 line:482 name:var%i3(:)
host:0x4baf81a0 device:0x4004b03ff200 size:2520 presentcount:0+1 line:482 name:var%i2(:)
host:0x4baf8ba0 device:0x4006041ea200 size:2520 presentcount:0+1 line:482 name:var%i3(:)
host:0x4baf95a0 device:0x40035e5fd400 size:4320 presentcount:0+1 line:430 name:var%nlimax(:)
host:0x4bafa6b0 device:0x40035e5fe600 size:4324 presentcount:0+1 line:430 name:var%lmbase(:)
host:0x4bafb7c0 device:0x4004b0390600 size:4324 presentcount:0+1 line:430 name:var%nlibase(:)
host:0x4bafc8d0 device:0x400603dc0800 size:17132 presentcount:0+3 line:519 name:var%nindpwconjg(:)
host:0x4bb00bf0 device:0x400603dc4c00 size:17132 presentcount:0+3 line:519 name:var%ind_in_sphere(:)
host:0x4bb06550 device:0x40057c3ffe00 size:260 presentcount:0+1 line:499 name:var%n(:)
host:0x4bb06680 device:0x4004b03f9c00 size:260 presentcount:0+1 line:499 name:var%ptri(:)
host:0x4bb067b0 device:0x400603fffe00 size:260 presentcount:0+1 line:499 name:var%ni(:)
host:0x4bb068e0 device:0x4004b03fa000 size:260 presentcount:0+1 line:499 name:var%ptr(:)
host:0x4bb06a10 device:0x4004b03f9e00 size:260 presentcount:0+1 line:499 name:var%n(:)
host:0x4bb06b40 device:0x4004b03fa400 size:260 presentcount:0+1 line:499 name:var%ptri(:)
host:0x4bb06c70 device:0x4004b03fa200 size:260 presentcount:0+1 line:499 name:var%ni(:)
host:0x4bb06ed0 device:0x4006041eac00 size:260 presentcount:0+1 line:499 name:var%ni(:)
host:0x4bb07000 device:0x4006041eb200 size:260 presentcount:0+1 line:499 name:var%ptr(:)
host:0x4bb07130 device:0x4006041eb000 size:260 presentcount:0+1 line:499 name:var%n(:)
host:0x4bb07260 device:0x4006041eb800 size:4 presentcount:0+1 line:499 name:var%tbli(:)
host:0x4bb07290 device:0x4006041eb600 size:260 presentcount:0+1 line:499 name:var%ptri(:)
host:0x4bb073c0 device:0x4006041eb400 size:260 presentcount:0+1 line:499 name:var%ni(:)
host:0x4bb17c60 device:0x40035e5ff800 size:260 presentcount:0+1 line:499 name:var%ptr(:)
host:0x4bb33650 device:0x4006041ebc00 size:1280 presentcount:0+1 line:569 name:var%ind1(:)
host:0x4bb33b80 device:0x4006041ec200 size:1448 presentcount:0+1 line:569 name:var%indcol(:)
host:0x4bb34150 device:0x4004b0338600 size:180000 presentcount:0+3 line:482 name:var%i2(:)
host:0x4bb600a0 device:0x4004b0364600 size:180000 presentcount:0+3 line:482 name:var%i3(:)
host:0x4bb8bff0 device:0x400603dc9000 size:180000 presentcount:0+6 line:482 name:var%index(:,:)
host:0x4bbb7f40 device:0x4006043bca00 size:180000 presentcount:0+6 line:482 name:var%i2(:)
host:0x4bbe3e90 device:0x4004b0391800 size:180000 presentcount:0+6 line:482 name:var%i3(:)
host:0x4bc10410 device:0x400603e00000 size:1821184 presentcount:0+2 line:616 name:var%nindpw(:,:)
host:0x4bdcce40 device:0x400603fbca00 size:180000 presentcount:0+2 line:616 name:var%pl_index(:,:)
host:0x4bdf8d90 device:0x4006041bca00 size:180000 presentcount:0+2 line:616 name:var%pl_col(:,:)
host:0x4be24ce0 device:0x400603feae00 size:4324 presentcount:0+1 line:405 name:var%lmbase(:)
host:0x4be25df0 device:0x40057c3ff400 size:16 presentcount:0+1 line:430 name:var%rsmooth(:)
host:0x4be25e30 device:0x40057c3ff600 size:400 presentcount:0+1 line:464 name:var
host:0x4be25fc0 device:0x40057c3ffa00 size:400 presentcount:0+1 line:464 name:var
host:0x4be969e0 device:0x40067b940a00 size:463360 presentcount:0+1 line:499 name:var%tbl(:)
host:0x4c093670 device:0x400604c00000 size:7284736 presentcount:0+2 line:616 name:var%datake(:,:,:)
host:0x4c7868f0 device:0x400604000000 size:1821184 presentcount:0+2 line:616 name:var%igx(:,:)
host:0x4c943f80 device:0x400603c00000 size:1821184 presentcount:0+2 line:616 name:var%igy(:,:)
host:0x4cb01820 device:0x400604200000 size:1821184 presentcount:0+2 line:616 name:var%igz(:,:)
host:0x4ccbf6f0 device:0x40061cc00000 size:7284272 presentcount:0+3 line:519 name:var%fftsca(:,:)
host:0x4d422f80 device:0x400ea4400000 size:453600 presentcount:0+1 line:499 name:var%tbli(:)
host:0x4d491b90 device:0x400ea446ec00 size:453600 presentcount:0+1 line:499 name:var%tbl(:)
host:0x4d602a70 device:0x400ea3400000 size:3614720 presentcount:0+1 line:499 name:var%tbl(:)
host:0x4dceae60 device:0x400ea3800000 size:3614400 presentcount:0+1 line:499 name:var%tbli(:)
host:0x4e05f230 device:0x400ea3c00000 size:3614400 presentcount:0+1 line:499 name:var%tbl(:)
host:0x4e748000 device:0x400ea4000000 size:3614400 presentcount:0+1 line:499 name:var%tbli(:)
host:0x4ee33010 device:0x40067ba00000 size:2799360 presentcount:0+1 line:194 name:cdij(:,:,:,:)
host:0x4f112420 device:0x40035e5f1e00 size:41472 presentcount:0+1 line:746 name:var%auxtot(:,:,:)
host:0x4f132420 device:0x4004b031a000 size:41472 presentcount:0+2 line:746 name:var%fertot(:,:,:)
host:0x4f140030 device:0x4004b0324200 size:82944 presentcount:0+2 line:746 name:var%celtot(:,:,:)
host:0x4f891dc0 device:0x400ea4600000 size:2799360 presentcount:0+1 line:194 name:cqij(:,:,:,:)
host:0x5022c9e0 device:0x40067be00000 size:7962624 presentcount:0+1 line:746 name:var%gproj(:,:,:,:)
host:0x50dedac0 device:0x400ea459d800 size:393216 presentcount:0+2 line:1226 name:wa%gproj(:,:)
host:0x50e4daf0 device:0x4010a6c00000 size:393216 presentcount:0+2 line:1226 name:wa%gproj(:,:)
host:0x400394c410a0 device:0x400605400000 size:45593280 presentcount:0+1 line:430 name:var%nli(:,:)
host:0x40039dba35c0 device:0x400ea4a00000 size:14400000 presentcount:0+1 line:195 name:dencor(:)
host:0x4003a40039e0 device:0x400ea5800000 size:28917760 presentcount:0+1 line:195 name:cstrf(:,:)
host:0x4004080031a0 device:0x400660000000 size:230400000 presentcount:0+1 line:194 name:sv(:,:)
host:0x400417766f80 device:0x4010a3400000 size:29138944 presentcount:0+2 line:1226 name:wa%cptwfp(:,:)
host:0x4004c00012b0 device:0x400620000000 size:807411968 presentcount:0+1 line:430 name:var%rproj(:)
host:0x4004f0217190 device:0x4010a5000000 size:29138944 presentcount:0+2 line:1226 name:wa%cptwfp(:,:)
host:0x4005a0004a60 device:0x4005e0000000 size:590063616 presentcount:0+1 line:746 name:var%cptwfp(:,:,:,:)
host:0xfffff6ddc2a0 device:0x4006043fca00 size:3024 presentcount:0+3 line:682 name:var
host:0xfffff6ddce70 device:0x40053c3ffa00 size:1480 presentcount:0+1 line:174 name:w_ini
host:0xfffff6ddd440 device:0x4006043fb400 size:1480 presentcount:0+1 line:174 name:wopt
host:0xfffff6ddda10 device:0x40051c3ff600 size:1480 presentcount:0+1 line:174 name:wtmpa
allocated block device:0x40035e5f1e00 size:41472 thread:1
allocated block device:0x40035e5fc000 size:5120 thread:1
allocated block device:0x40035e5fd400 size:4608 thread:1
allocated block device:0x40035e5fe600 size:4608 thread:1
allocated block device:0x40035e5ff800 size:512 thread:1
allocated block device:0x40035e5ffa00 size:512 thread:1
allocated block device:0x40035e5ffc00 size:512 thread:1
allocated block device:0x40035e5ffe00 size:512 thread:1
allocated block device:0x4004b031a000 size:41472 thread:1
allocated block device:0x4004b0324200 size:82944 thread:1
allocated block device:0x4004b0338600 size:180224 thread:1
allocated block device:0x4004b0364600 size:180224 thread:1
allocated block device:0x4004b0390600 size:4608 thread:1
allocated block device:0x4004b0391800 size:180224 thread:1
allocated block device:0x4004b03ed800 size:14848 thread:1
allocated block device:0x4004b03f1200 size:14848 thread:1
allocated block device:0x4004b03f4c00 size:10240 thread:1
allocated block device:0x4004b03f7400 size:10240 thread:1
allocated block device:0x4004b03f9c00 size:512 thread:1
allocated block device:0x4004b03f9e00 size:512 thread:1
allocated block device:0x4004b03fa000 size:512 thread:1
allocated block device:0x4004b03fa200 size:512 thread:1
allocated block device:0x4004b03fa400 size:512 thread:1
allocated block device:0x4004b03fa600 size:5120 thread:1
allocated block device:0x4004b03fba00 size:1536 thread:1
allocated block device:0x4004b03fc000 size:1024 thread:1
allocated block device:0x4004b03fc400 size:1024 thread:1
allocated block device:0x4004b03fc800 size:1536 thread:1
allocated block device:0x4004b03fce00 size:1024 thread:1
allocated block device:0x4004b03fd200 size:1024 thread:1
allocated block device:0x4004b03fd600 size:1024 thread:1
allocated block device:0x4004b03fda00 size:6144 thread:1
allocated block device:0x4004b03ff200 size:2560 thread:1
allocated block device:0x4004b03ffc00 size:512 thread:1
allocated block device:0x4004b03ffe00 size:512 thread:1
allocated block device:0x40051c3ff600 size:2048 thread:1
allocated block device:0x40053c3ff600 size:1024 thread:1
allocated block device:0x40053c3ffa00 size:1536 thread:1
allocated block device:0x40057c3fea00 size:2560 thread:1
allocated block device:0x40057c3ff400 size:512 thread:1
allocated block device:0x40057c3ff600 size:512 thread:1
allocated block device:0x40057c3ff800 size:512 thread:1
allocated block device:0x40057c3ffa00 size:512 thread:1
allocated block device:0x40057c3ffc00 size:512 thread:1
allocated block device:0x40057c3ffe00 size:512 thread:1
allocated block device:0x4005e0000000 size:590063616 thread:1
allocated block device:0x400603c00000 size:1821184 thread:1
allocated block device:0x400603dbca00 size:512 thread:1
allocated block device:0x400603dbcc00 size:512 thread:1
allocated block device:0x400603dbce00 size:512 thread:1
allocated block device:0x400603dbd000 size:512 thread:1
allocated block device:0x400603dbd200 size:512 thread:1
allocated block device:0x400603dbd400 size:512 thread:1
allocated block device:0x400603dbd600 size:512 thread:1
allocated block device:0x400603dbd800 size:5120 thread:1
allocated block device:0x400603dbec00 size:1536 thread:1
allocated block device:0x400603dbf200 size:1024 thread:1
allocated block device:0x400603dbf600 size:1024 thread:1
allocated block device:0x400603dbfa00 size:1536 thread:1
allocated block device:0x400603dc0000 size:1024 thread:1
allocated block device:0x400603dc0400 size:1024 thread:1
allocated block device:0x400603dc0800 size:17408 thread:1
allocated block device:0x400603dc4c00 size:17408 thread:1
allocated block device:0x400603dc9000 size:180224 thread:1
allocated block device:0x400603df5000 size:2048 thread:1
allocated block device:0x400603df5800 size:512 thread:1
allocated block device:0x400603df5a00 size:4608 thread:1
allocated block device:0x400603df6c00 size:512 thread:1
allocated block device:0x400603df6e00 size:4608 thread:1
allocated block device:0x400603df8000 size:26112 thread:1
allocated block device:0x400603dfe600 size:3072 thread:1
allocated block device:0x400603dff200 size:512 thread:1
allocated block device:0x400603dff400 size:512 thread:1
allocated block device:0x400603dff600 size:512 thread:1
allocated block device:0x400603dff800 size:512 thread:1
allocated block device:0x400603dffa00 size:512 thread:1
allocated block device:0x400603dffc00 size:512 thread:1
allocated block device:0x400603dffe00 size:512 thread:1
allocated block device:0x400603e00000 size:1821184 thread:1
allocated block device:0x400603fbca00 size:180224 thread:1
allocated block device:0x400603fe8a00 size:4608 thread:1
allocated block device:0x400603fe9c00 size:4608 thread:1
allocated block device:0x400603feae00 size:4608 thread:1
allocated block device:0x400603fec000 size:24064 thread:1
allocated block device:0x400603ff1e00 size:512 thread:1
allocated block device:0x400603ff2000 size:24064 thread:1
allocated block device:0x400603ff7e00 size:512 thread:1
allocated block device:0x400603ff8000 size:512 thread:1
allocated block device:0x400603ff8200 size:3072 thread:1
allocated block device:0x400603ff8e00 size:3072 thread:1
allocated block device:0x400603ff9a00 size:512 thread:1
allocated block device:0x400603ff9c00 size:5120 thread:1
allocated block device:0x400603ffb000 size:1536 thread:1
allocated block device:0x400603ffb600 size:2560 thread:1
allocated block device:0x400603ffc000 size:1536 thread:1
allocated block device:0x400603ffc600 size:2048 thread:1
allocated block device:0x400603ffce00 size:6144 thread:1
allocated block device:0x400603ffe600 size:6144 thread:1
allocated block device:0x400603fffe00 size:512 thread:1
allocated block device:0x400604000000 size:1821184 thread:1
allocated block device:0x4006041bca00 size:180224 thread:1
allocated block device:0x4006041e8a00 size:6144 thread:1
allocated block device:0x4006041ea200 size:2560 thread:1
allocated block device:0x4006041eac00 size:512 thread:1
allocated block device:0x4006041eae00 size:512 thread:1
allocated block device:0x4006041eb000 size:512 thread:1
allocated block device:0x4006041eb200 size:512 thread:1
allocated block device:0x4006041eb400 size:512 thread:1
allocated block device:0x4006041eb600 size:512 thread:1
allocated block device:0x4006041eb800 size:512 thread:1
allocated block device:0x4006041eba00 size:512 thread:1
allocated block device:0x4006041ebc00 size:1536 thread:1
allocated block device:0x4006041ec200 size:1536 thread:1
allocated block device:0x4006041ec800 size:512 thread:1
allocated block device:0x4006041eca00 size:2560 thread:1
allocated block device:0x4006041ed400 size:6144 thread:1
allocated block device:0x4006041eec00 size:28672 thread:1
allocated block device:0x4006041f5c00 size:40448 thread:1
allocated block device:0x4006041ffa00 size:512 thread:1
allocated block device:0x400604200000 size:1821184 thread:1
allocated block device:0x4006043bca00 size:180224 thread:1
allocated block device:0x4006043e8a00 size:8192 thread:1
allocated block device:0x4006043eaa00 size:8192 thread:1
allocated block device:0x4006043eca00 size:40448 thread:1
allocated block device:0x4006043f6800 size:8192 thread:1
allocated block device:0x4006043fb400 size:2560 thread:1
allocated block device:0x4006043fca00 size:3072 thread:1
allocated block device:0x400604c00000 size:7284736 thread:1
allocated block device:0x400605400000 size:45593600 thread:1
allocated block device:0x40061cc00000 size:7284736 thread:1
allocated block device:0x400620000000 size:807412224 thread:1
allocated block device:0x400660000000 size:230400000 thread:1
allocated block device:0x40067b85fa00 size:921600 thread:1
allocated block device:0x40067b940a00 size:463360 thread:1
allocated block device:0x40067ba00000 size:2799616 thread:1
allocated block device:0x40067be00000 size:7962624 thread:1
allocated block device:0x400ea3400000 size:3614720 thread:1
allocated block device:0x400ea3800000 size:3614720 thread:1
allocated block device:0x400ea3c00000 size:3614720 thread:1
allocated block device:0x400ea4000000 size:3614720 thread:1
allocated block device:0x400ea4400000 size:453632 thread:1
allocated block device:0x400ea446ec00 size:453632 thread:1
allocated block device:0x400ea459d800 size:393216 thread:1
allocated block device:0x400ea4600000 size:2799616 thread:1
allocated block device:0x400ea4a00000 size:14400000 thread:1
allocated block device:0x400ea5800000 size:28917760 thread:1
allocated block device:0x4010a3400000 size:29138944 thread:1
allocated block device:0x4010a5000000 size:29138944 thread:1
allocated block device:0x4010a6c00000 size:393216 thread:1
Accelerator Fatal Error: call to cuMemAlloc returned error 2 (CUDA_ERROR_OUT_OF_MEMORY): Out of memory
 File: /lus/lfs1aip2/projects/u6cb/software/VASP/vasp.6.5.1/build/gam/wave_high.f90
 Function: newwava:1203
 Line: 1226

Out of memory allocating 921600000 bytes of device memory
Failing in Thread:1
total/free CUDA memory: 102005473280/464846848
Present table dump for device[1]: NVIDIA Tesla GPU 0, compute capability 9.0, threadid=1
Hint: specify 0x800 bit in NV_ACC_DEBUG for verbose info.
host:0x2557280 device:0x4008c3df6c00 size:32 presentcount:0+3 line:643 name:var%comm
host:0x25572a0 device:0x4008c3dbca00 size:32 presentcount:0+4 line:652 name:var%comm_kinter
host:0x25572c0 device:0x4008c3dbcc00 size:32 presentcount:0+6 line:655 name:var%comm_kin
host:0x25572e0 device:0x40063e3ffa00 size:32 presentcount:0+3 line:646 name:var%comm_inter
host:0x2557300 device:0x40063e3ffc00 size:32 presentcount:0+7 line:649 name:var%comm_inb
host:0x256be80 device:0x40063a0ecd00 size:8 presentcount:0+1 line:-1 name:_setexm_struct_def_21
host:0x2576f40 device:0x40063a0ece00 size:28 presentcount:0+1 line:-1 name:_ml_ff_constant_21
host:0x2577c80 device:0x40063a0ecf00 size:30437 presentcount:0+1 line:-1 name:_ml_ff_taglist_21
host:0x25afc80 device:0x40063a0f4600 size:8 presentcount:0+1 line:-1 name:_mopenacc_tutor_21
host:0x25c2740 device:0x40063a0f4a00 size:32 presentcount:0+1 line:-1 name:_mbj_21
host:0x25cd640 device:0x40063a0f4d00 size:8 presentcount:0+1 line:-1 name:_sym_prec_21
host:0x26030c0 device:0x40063a0f4e00 size:344 presentcount:0+1 line:-1 name:_tet_21
host:0x261c840 device:0x40063a0f5000 size:392 presentcount:0+1 line:-1 name:_mymath_21
host:0x2817368 device:0x4008c3dbd800 size:4800 presentcount:0+2 line:614 name:var
host:0x2818628 device:0x4008c3df5000 size:1984 presentcount:0+2 line:403 name:var
host:0x281a910 device:0x4008071ff600 size:864 presentcount:0+4 line:2639 name:hamiltonian
host:0x286ac80 device:0x4008c3dfe600 size:2712 presentcount:0+2 line:428 name:var
host:0x286b718 device:0x4008471fea00 size:2248 presentcount:0+1 line:742 name:var
host:0x286eb50 device:0x4008c41ffa00 size:288 presentcount:0+1 line:195 name:latt_cur
host:0x2871658 device:0x40063e3fc000 size:5088 presentcount:0+28 line:517 name:var
host:0x2872a38 device:0x4007743fa600 size:5088 presentcount:0+6 line:517 name:var
host:0x2873e18 device:0x4008c3ff9c00 size:5088 presentcount:0+7 line:517 name:var
host:0x287a2a8 device:0x4008c41eba00 size:304 presentcount:0+1 line:567 name:var
host:0x287a3d8 device:0x4008c41ec800 size:304 presentcount:0+1 line:567 name:var
host:0x2e48ec0 device:0x40063a002600 size:960024 presentcount:0+1 line:-1 name:_setexm_struct_def_16
host:0x2f8f080 device:0x40063a0f4700 size:580 presentcount:0+1 line:-1 name:_wpbe_16
host:0x2f8f900 device:0x40063a0f4b00 size:288 presentcount:0+1 line:-1 name:_mbj_16
host:0x9f446c0 device:0x40063a0f5200 size:624 presentcount:0+1 line:-1 name:_mlr_optic_16
host:0x21d54e60 device:0x4008c3dbf600 size:1000 presentcount:0+4 line:519 name:var%lpctz(:)
host:0x21d57e30 device:0x4008c41eac00 size:260 presentcount:0+1 line:499 name:var%ni(:)
host:0x21d58120 device:0x4008c41eae00 size:260 presentcount:0+1 line:499 name:var%ptri(:)
host:0x22499580 device:0x4007743fd600 size:528 presentcount:0+1 line:480 name:var
host:0x22499e20 device:0x4007743ffc00 size:260 presentcount:0+1 line:499 name:var%n(:)
host:0x26520330 device:0x4008471ff600 size:400 presentcount:0+2 line:464 name:var
host:0x265204c0 device:0x4008471ffa00 size:400 presentcount:0+2 line:464 name:var
host:0x2abedfb0 device:0x40063e3ffe00 size:8 presentcount:0+4 line:405 name:var%nityp(:)
host:0x2b0affc0 device:0x4007743ffe00 size:260 presentcount:0+1 line:499 name:var%ptr(:)
host:0x2b56ade0 device:0x4008c41eec00 size:28464 presentcount:0+1 line:853 name:var(:)
host:0x2b575320 device:0x4008c3dff400 size:8 presentcount:0+3 line:616 name:var%nityp(:)
host:0x2b5753c0 device:0x4008c3dffa00 size:8 presentcount:0+2 line:616 name:var%wtkpt(:)
host:0x2b575d60 device:0x4008c41f5c00 size:40000 presentcount:0+1 line:857 name:var%psp(:,:)
host:0x2b57f9d0 device:0x4008c43e8a00 size:8000 presentcount:0+1 line:857 name:var%pspcor(:)
host:0x2b581940 device:0x4008c43eaa00 size:8000 presentcount:0+1 line:857 name:var%psprho(:)
host:0x2b584bd0 device:0x4008c3fec000 size:24000 presentcount:0+2 line:466 name:var%psprnl(:,:,:)
host:0x2b5a1ac0 device:0x4008c43eca00 size:40000 presentcount:0+1 line:857 name:var%psp(:,:)
host:0x2b5ab730 device:0x4008c43f6800 size:8000 presentcount:0+1 line:857 name:var%psprho(:)
host:0x2b5ae9c0 device:0x4008c3ff2000 size:24000 presentcount:0+2 line:466 name:var%psprnl(:,:,:)
host:0x2b5de3a0 device:0x4008c3fe9c00 size:4320 presentcount:0+4 line:405 name:var%ityp(:)
host:0x2b5df4b0 device:0x4008c3df8000 size:25920 presentcount:0+4 line:405 name:var%posion(:,:)
host:0x2b64d6c0 device:0x4008471ff800 size:24 presentcount:0+3 line:466 name:var%lps(:)
host:0x2b64d770 device:0x4008471ffc00 size:24 presentcount:0+3 line:466 name:var%lps(:)
host:0x2b6a96c0 device:0x4008c3dff800 size:24 presentcount:0+3 line:616 name:var%vkpt(:,:)
host:0x2b6ce9a0 device:0x4008c3dbd600 size:16 presentcount:0+2 line:430 name:var%psrmax(:)
host:0x2b6cef60 device:0x4008c3fe8a00 size:4320 presentcount:0+3 line:616 name:var%ityp(:)
host:0x2b6d0070 device:0x4008c3dff200 size:8 presentcount:0+3 line:616 name:var%lmmax(:)
host:0x2b6d00a0 device:0x4008c3dff600 size:8 presentcount:0+3 line:616 name:var%nt_global(:)
host:0x2b6d00d0 device:0x4008c3df6e00 size:4320 presentcount:0+3 line:616 name:var%npro_pos(:)
host:0x2b6d11e0 device:0x4008c3df5a00 size:4324 presentcount:0+3 line:616 name:var%lmbase(:)
host:0x2b6d22f0 device:0x4008c3dffe00 size:4 presentcount:0+2 line:616 name:var%nplwkp(:)
host:0x2b6d2320 device:0x4008c3ff1e00 size:4 presentcount:0+2 line:616 name:var%nplwkp_tot(:)
host:0x2b6d2350 device:0x4008c3ff7e00 size:4 presentcount:0+2 line:616 name:var%ngvector_pos(:)
host:0x2b6d2380 device:0x4008c3dffc00 size:4 presentcount:0+2 line:616 name:var%ngvector(:)
host:0x2b6d23b0 device:0x4008c3dbec00 size:1280 presentcount:0+4 line:519 name:var%lpctx(:)
host:0x2b6d28e0 device:0x4008c3dbf200 size:720 presentcount:0+4 line:519 name:var%lpcty(:)
host:0x2b6d2be0 device:0x4008c3dbfa00 size:1280 presentcount:0+4 line:519 name:var%lpctx_(:)
host:0x2b6d3110 device:0x4008c3dc0000 size:720 presentcount:0+4 line:519 name:var%lpcty_(:)
host:0x2b6d3410 device:0x4008c3dc0400 size:1000 presentcount:0+4 line:519 name:var%lpctz_(:)
host:0x2b6d3820 device:0x4007743fba00 size:1280 presentcount:0+1 line:519 name:var%lpctx(:)
host:0x2b6d3d50 device:0x4007743fc000 size:720 presentcount:0+1 line:519 name:var%lpcty(:)
host:0x2b6d4050 device:0x4007743fc400 size:1000 presentcount:0+1 line:519 name:var%lpctz(:)
host:0x2b6d4460 device:0x4007743fc800 size:1280 presentcount:0+1 line:519 name:var%lpctx_(:)
host:0x2b6d4990 device:0x4007743fce00 size:720 presentcount:0+1 line:519 name:var%lpcty_(:)
host:0x2b6d4c90 device:0x4007743fd200 size:1000 presentcount:0+1 line:519 name:var%lpctz_(:)
host:0x2b6d50a0 device:0x4008c3ff8200 size:2560 presentcount:0+1 line:519 name:var%lpctx(:)
host:0x2b6d5ad0 device:0x4008c3ffb000 size:1440 presentcount:0+1 line:519 name:var%lpcty(:)
host:0x2b6d60a0 device:0x4008c3ff8e00 size:2000 presentcount:0+1 line:519 name:var%lpctz(:)
host:0x2b6d68a0 device:0x4008c3ffb600 size:2560 presentcount:0+1 line:519 name:var%lpctx_(:)
host:0x2b6d72d0 device:0x4008c3ffc000 size:1440 presentcount:0+1 line:519 name:var%lpcty_(:)
host:0x2b6d78a0 device:0x4008c3ffc600 size:2000 presentcount:0+1 line:519 name:var%lpctz_(:)
host:0x2b7caf00 device:0x4008c3ffce00 size:5648 presentcount:0+1 line:482 name:var%i2(:)
host:0x2b7cc540 device:0x4008c3ffe600 size:5648 presentcount:0+1 line:482 name:var%i3(:)
host:0x2b7cdb80 device:0x4007743f4c00 size:10040 presentcount:0+1 line:482 name:var%i2(:)
host:0x2b7d02e0 device:0x4007743f7400 size:10040 presentcount:0+1 line:482 name:var%i3(:)
host:0x2b7d2a40 device:0x4007743ed800 size:14400 presentcount:0+2 line:482 name:var%i2(:)
host:0x2b7d62b0 device:0x4007743f1200 size:14400 presentcount:0+2 line:482 name:var%i3(:)
host:0x2b7d9f40 device:0x40093b85fa00 size:921600 presentcount:0+2 line:482 name:var%index(:,:)
host:0x2b8baf70 device:0x4008c41eca00 size:2560 presentcount:0+1 line:569 name:var%ind1(:)
host:0x2b8bb9a0 device:0x4008c41ed400 size:5648 presentcount:0+1 line:569 name:var%indcol(:)
host:0x2b8bcfe0 device:0x4007743fda00 size:5648 presentcount:0+1 line:482 name:var%i2(:)
host:0x2b8be620 device:0x4008c41e8a00 size:5648 presentcount:0+1 line:482 name:var%i3(:)
host:0x2b8bfc60 device:0x4007743ff200 size:2520 presentcount:0+1 line:482 name:var%i2(:)
host:0x2b8c0660 device:0x4008c41ea200 size:2520 presentcount:0+1 line:482 name:var%i3(:)
host:0x2b8c1060 device:0x40063e3fd400 size:4320 presentcount:0+2 line:430 name:var%nlimax(:)
host:0x2b8c2170 device:0x40063e3fe600 size:4324 presentcount:0+2 line:430 name:var%lmbase(:)
host:0x2b8c3280 device:0x400774390600 size:4324 presentcount:0+2 line:430 name:var%nlibase(:)
host:0x2b8c4390 device:0x4008c3dc0800 size:17132 presentcount:0+4 line:519 name:var%nindpwconjg(:)
host:0x2b8c86b0 device:0x4008c3dc4c00 size:17132 presentcount:0+4 line:519 name:var%ind_in_sphere(:)
host:0x2b8ce010 device:0x40063e3ff800 size:260 presentcount:0+1 line:499 name:var%ptr(:)
host:0x2b8ce140 device:0x4008471ffe00 size:260 presentcount:0+1 line:499 name:var%n(:)
host:0x2b8ce270 device:0x4007743f9c00 size:260 presentcount:0+1 line:499 name:var%ptri(:)
host:0x2b8ce3a0 device:0x4008c3fffe00 size:260 presentcount:0+1 line:499 name:var%ni(:)
host:0x2b8ce4d0 device:0x4007743fa000 size:260 presentcount:0+1 line:499 name:var%ptr(:)
host:0x2b8ce600 device:0x4007743f9e00 size:260 presentcount:0+1 line:499 name:var%n(:)
host:0x2b8ce730 device:0x4007743fa400 size:260 presentcount:0+1 line:499 name:var%ptri(:)
host:0x2b8ce860 device:0x4007743fa200 size:260 presentcount:0+1 line:499 name:var%ni(:)
host:0x2b8ce990 device:0x4008c41eb200 size:260 presentcount:0+1 line:499 name:var%ptr(:)
host:0x2b8ceac0 device:0x4008c41eb000 size:260 presentcount:0+1 line:499 name:var%n(:)
host:0x2b8cebf0 device:0x4008c41eb800 size:4 presentcount:0+1 line:499 name:var%tbli(:)
host:0x2b8cec20 device:0x4008c41eb600 size:260 presentcount:0+1 line:499 name:var%ptri(:)
host:0x2b8ced50 device:0x4008c41eb400 size:260 presentcount:0+1 line:499 name:var%ni(:)
host:0x2b8fb110 device:0x4008c41ebc00 size:1280 presentcount:0+1 line:569 name:var%ind1(:)
host:0x2b8fb640 device:0x4008c41ec200 size:1448 presentcount:0+1 line:569 name:var%indcol(:)
host:0x2b8fbc10 device:0x400774338600 size:180000 presentcount:0+4 line:482 name:var%i2(:)
host:0x2b927b60 device:0x400774364600 size:180000 presentcount:0+4 line:482 name:var%i3(:)
host:0x2b953ab0 device:0x4008c3dc9000 size:180000 presentcount:0+8 line:482 name:var%index(:,:)
host:0x2b97fa00 device:0x4008c43bca00 size:180000 presentcount:0+8 line:482 name:var%i2(:)
host:0x2b9ab950 device:0x400774391800 size:180000 presentcount:0+8 line:482 name:var%i3(:)
host:0x2b9d7ed0 device:0x4008c3e00000 size:1821184 presentcount:0+3 line:616 name:var%nindpw(:,:)
host:0x2bb94900 device:0x4008c3df5800 size:8 presentcount:0+2 line:616 name:var%nb_totk(:,:)
host:0x2bb94930 device:0x4008c3ff8000 size:4 presentcount:0+2 line:616 name:var%luseinv(:)
host:0x2bb94960 device:0x4008c3dbd200 size:4 presentcount:0+2 line:616 name:var%at_gamma(:)
host:0x2bb94990 device:0x4008c3fbca00 size:180000 presentcount:0+3 line:616 name:var%pl_index(:,:)
host:0x2bbc08e0 device:0x4008c41bca00 size:180000 presentcount:0+3 line:616 name:var%pl_col(:,:)
host:0x2bbec830 device:0x4008c3ff9a00 size:8 presentcount:0+2 line:405 name:var%lmmax(:)
host:0x2bbec860 device:0x4008c3dbce00 size:8 presentcount:0+2 line:430 name:var%lmax(:)
host:0x2bbec890 device:0x4008c3feae00 size:4324 presentcount:0+2 line:405 name:var%lmbase(:)
host:0x2bbed9a0 device:0x4008c3dbd000 size:8 presentcount:0+2 line:430 name:var%lmmax(:)
host:0x2bbed9d0 device:0x4008c3dbd400 size:8 presentcount:0+2 line:430 name:var%channels(:)
host:0x2bbeda00 device:0x4008471ff400 size:16 presentcount:0+2 line:430 name:var%rsmooth(:)
host:0x2bc5e2a0 device:0x40093b940a00 size:463360 presentcount:0+1 line:499 name:var%tbl(:)
host:0x2be55780 device:0x4008c4c00000 size:7284736 presentcount:0+3 line:616 name:var%datake(:,:,:)
host:0x2c548a00 device:0x4008c4000000 size:1821184 presentcount:0+3 line:616 name:var%igx(:,:)
host:0x2c706090 device:0x4008c3c00000 size:1821184 presentcount:0+3 line:616 name:var%igy(:,:)
host:0x2c8c3930 device:0x4008c4200000 size:1821184 presentcount:0+3 line:616 name:var%igz(:,:)
host:0x2ca81800 device:0x4008dcc00000 size:7284272 presentcount:0+4 line:519 name:var%fftsca(:,:)
host:0x2d1e5090 device:0x401164400000 size:453600 presentcount:0+1 line:499 name:var%tbli(:)
host:0x2d253ca0 device:0x40116446ec00 size:453600 presentcount:0+1 line:499 name:var%tbl(:)
host:0x2d3c4b80 device:0x401163400000 size:3614720 presentcount:0+1 line:499 name:var%tbl(:)
host:0x2daacf70 device:0x401163800000 size:3614400 presentcount:0+1 line:499 name:var%tbli(:)
host:0x2de21340 device:0x401163c00000 size:3614400 presentcount:0+1 line:499 name:var%tbl(:)
host:0x2e4b2420 device:0x40077431a000 size:41472 presentcount:0+2 line:746 name:var%fertot(:,:,:)
host:0x2e4c0030 device:0x400774324200 size:82944 presentcount:0+2 line:746 name:var%celtot(:,:,:)
host:0x2e50a110 device:0x401164000000 size:3614400 presentcount:0+1 line:499 name:var%tbli(:)
host:0x2f653cc0 device:0x40093ba00000 size:2799360 presentcount:0+2 line:194 name:cdij(:,:,:,:)
host:0x2f9b2420 device:0x40063e3f1e00 size:41472 presentcount:0+1 line:746 name:var%auxtot(:,:,:)
host:0x2fd3e560 device:0x401164600000 size:2799360 presentcount:0+2 line:194 name:cqij(:,:,:,:)
host:0x3029e210 device:0x40093be00000 size:7962624 presentcount:0+5 line:746 name:var%gproj(:,:,:,:)
host:0x30c59b00 device:0x4007743bd800 size:98304 presentcount:0+1 line:1101 name:w1%gproj(:)
host:0x30cd8270 device:0x4008271ff600 size:2048 presentcount:0+1 line:179 name:wtmp(:)
host:0x30e600f0 device:0x40116459d800 size:393216 presentcount:0+2 line:1226 name:wa%gproj(:,:)
host:0x30ec0120 device:0x401366c00000 size:393216 presentcount:0+2 line:1226 name:wa%gproj(:,:)
host:0x30f20150 device:0x4007743d5800 size:98304 presentcount:0+1 line:1101 name:w1%gproj(:)
host:0x30f38180 device:0x40093b9c1800 size:98304 presentcount:0+1 line:1101 name:w1%gproj(:)
host:0x30f501b0 device:0x40093b9d9800 size:98304 presentcount:0+1 line:1101 name:w1%gproj(:)
host:0x397f0700 device:0x401374e00000 size:3145728 presentcount:0+2 line:1226 name:wa%gproj(:,:)
host:0x3e8fc320 device:0x4008c43f8800 size:2048 presentcount:0+1 line:179 name:w1(:)
host:0x3e91cc30 device:0x401377200000 size:14569472 presentcount:0+1 line:202 name:precon(:,:)
host:0x3f7091f0 device:0x401375200000 size:7284736 presentcount:0+1 line:1101 name:w1%cptwfp(:)
host:0x3fe035e0 device:0x401375a00000 size:7284736 presentcount:0+1 line:1101 name:w1%cptwfp(:)
host:0x404fe000 device:0x401376200000 size:7284736 presentcount:0+1 line:1101 name:w1%cptwfp(:)
host:0x40bf0a40 device:0x401376a00000 size:7284736 presentcount:0+1 line:1101 name:w1%cptwfp(:)
host:0x400664a310a0 device:0x4008c5400000 size:45593280 presentcount:0+2 line:430 name:var%nli(:,:)
host:0x4006cb0e31a0 device:0x400920000000 size:230400000 presentcount:0+2 line:194 name:sv(:,:)
host:0x4006d9a735c0 device:0x401164a00000 size:14400000 presentcount:0+1 line:195 name:dencor(:)
host:0x4006db6039e0 device:0x401165800000 size:28917760 presentcount:0+1 line:195 name:cstrf(:,:)
host:0x4007800012b0 device:0x4008e0000000 size:807411968 presentcount:0+2 line:430 name:var%rproj(:)
host:0x4007b1db6d70 device:0x401363400000 size:29138944 presentcount:0+2 line:1226 name:wa%cptwfp(:,:)
host:0x4007b3996f80 device:0x401365000000 size:29138944 presentcount:0+2 line:1226 name:wa%cptwfp(:,:)
host:0x400860004a60 device:0x4008a0000000 size:590063616 presentcount:0+5 line:746 name:var%cptwfp(:,:,:,:)
host:0x4008832c7190 device:0x401366e00000 size:233111552 presentcount:0+2 line:1226 name:wa%cptwfp(:,:)
host:0x4009632c77c0 device:0x401323400000 size:230400000 presentcount:0+1 line:1101 name:w1%cr(:)
host:0x400970e979d0 device:0x401331000000 size:230400000 presentcount:0+1 line:1236 name:w1%cr(:)
host:0x4009c0007df0 device:0x4012e3400000 size:230400000 presentcount:0+1 line:1101 name:w1%cr(:)
host:0x4009cdbd8000 device:0x4012f1000000 size:230400000 presentcount:0+1 line:1236 name:w1%cr(:)
host:0x4009db7a8420 device:0x4012a3400000 size:230400000 presentcount:0+1 line:1101 name:w1%cr(:)
host:0x4009e9370020 device:0x4012b1000000 size:230400000 presentcount:0+1 line:1236 name:w1%cr(:)
host:0x400ec0000440 device:0x401263400000 size:230400000 presentcount:0+1 line:1101 name:w1%cr(:)
host:0x400ecdbc0650 device:0x401271000000 size:230400000 presentcount:0+1 line:1236 name:w1%cr(:)
host:0xfffffde99b50 device:0x4008c43fca00 size:3024 presentcount:0+12 line:682 name:var
host:0xfffffde9a720 device:0x4008071ffa00 size:1480 presentcount:0+1 line:174 name:w_ini
host:0xfffffde9acf0 device:0x4008c43fb400 size:1480 presentcount:0+1 line:174 name:wopt
host:0xfffffde9b2c0 device:0x4007e71ff600 size:1480 presentcount:0+1 line:174 name:wtmpa
allocated block device:0x40063e3f1e00 size:41472 thread:1
allocated block device:0x40063e3fc000 size:5120 thread:1
allocated block device:0x40063e3fd400 size:4608 thread:1
allocated block device:0x40063e3fe600 size:4608 thread:1
allocated block device:0x40063e3ff800 size:512 thread:1
allocated block device:0x40063e3ffa00 size:512 thread:1
allocated block device:0x40063e3ffc00 size:512 thread:1
allocated block device:0x40063e3ffe00 size:512 thread:1
allocated block device:0x40077431a000 size:41472 thread:1
allocated block device:0x400774324200 size:82944 thread:1
allocated block device:0x400774338600 size:180224 thread:1
allocated block device:0x400774364600 size:180224 thread:1
allocated block device:0x400774390600 size:4608 thread:1
allocated block device:0x400774391800 size:180224 thread:1
allocated block device:0x4007743bd800 size:98304 thread:1
allocated block device:0x4007743d5800 size:98304 thread:1
allocated block device:0x4007743ed800 size:14848 thread:1
allocated block device:0x4007743f1200 size:14848 thread:1
allocated block device:0x4007743f4c00 size:10240 thread:1
allocated block device:0x4007743f7400 size:10240 thread:1
allocated block device:0x4007743f9c00 size:512 thread:1
allocated block device:0x4007743f9e00 size:512 thread:1
allocated block device:0x4007743fa000 size:512 thread:1
allocated block device:0x4007743fa200 size:512 thread:1
allocated block device:0x4007743fa400 size:512 thread:1
allocated block device:0x4007743fa600 size:5120 thread:1
allocated block device:0x4007743fba00 size:1536 thread:1
allocated block device:0x4007743fc000 size:1024 thread:1
allocated block device:0x4007743fc400 size:1024 thread:1
allocated block device:0x4007743fc800 size:1536 thread:1
allocated block device:0x4007743fce00 size:1024 thread:1
allocated block device:0x4007743fd200 size:1024 thread:1
allocated block device:0x4007743fd600 size:1024 thread:1
allocated block device:0x4007743fda00 size:6144 thread:1
allocated block device:0x4007743ff200 size:2560 thread:1
allocated block device:0x4007743ffc00 size:512 thread:1
allocated block device:0x4007743ffe00 size:512 thread:1
allocated block device:0x4007e71ff600 size:2048 thread:1
allocated block device:0x4008071ff600 size:1024 thread:1
allocated block device:0x4008071ffa00 size:1536 thread:1
allocated block device:0x4008271ff600 size:2048 thread:1
allocated block device:0x4008471fea00 size:2560 thread:1
allocated block device:0x4008471ff400 size:512 thread:1
allocated block device:0x4008471ff600 size:512 thread:1
allocated block device:0x4008471ff800 size:512 thread:1
allocated block device:0x4008471ffa00 size:512 thread:1
allocated block device:0x4008471ffc00 size:512 thread:1
allocated block device:0x4008471ffe00 size:512 thread:1
allocated block device:0x4008a0000000 size:590063616 thread:1
allocated block device:0x4008c3c00000 size:1821184 thread:1
allocated block device:0x4008c3dbca00 size:512 thread:1
allocated block device:0x4008c3dbcc00 size:512 thread:1
allocated block device:0x4008c3dbce00 size:512 thread:1
allocated block device:0x4008c3dbd000 size:512 thread:1
allocated block device:0x4008c3dbd200 size:512 thread:1
allocated block device:0x4008c3dbd400 size:512 thread:1
allocated block device:0x4008c3dbd600 size:512 thread:1
allocated block device:0x4008c3dbd800 size:5120 thread:1
allocated block device:0x4008c3dbec00 size:1536 thread:1
allocated block device:0x4008c3dbf200 size:1024 thread:1
allocated block device:0x4008c3dbf600 size:1024 thread:1
allocated block device:0x4008c3dbfa00 size:1536 thread:1
allocated block device:0x4008c3dc0000 size:1024 thread:1
allocated block device:0x4008c3dc0400 size:1024 thread:1
allocated block device:0x4008c3dc0800 size:17408 thread:1
allocated block device:0x4008c3dc4c00 size:17408 thread:1
allocated block device:0x4008c3dc9000 size:180224 thread:1
allocated block device:0x4008c3df5000 size:2048 thread:1
allocated block device:0x4008c3df5800 size:512 thread:1
allocated block device:0x4008c3df5a00 size:4608 thread:1
allocated block device:0x4008c3df6c00 size:512 thread:1
allocated block device:0x4008c3df6e00 size:4608 thread:1
allocated block device:0x4008c3df8000 size:26112 thread:1
allocated block device:0x4008c3dfe600 size:3072 thread:1
allocated block device:0x4008c3dff200 size:512 thread:1
allocated block device:0x4008c3dff400 size:512 thread:1
allocated block device:0x4008c3dff600 size:512 thread:1
allocated block device:0x4008c3dff800 size:512 thread:1
allocated block device:0x4008c3dffa00 size:512 thread:1
allocated block device:0x4008c3dffc00 size:512 thread:1
allocated block device:0x4008c3dffe00 size:512 thread:1
allocated block device:0x4008c3e00000 size:1821184 thread:1
allocated block device:0x4008c3fbca00 size:180224 thread:1
allocated block device:0x4008c3fe8a00 size:4608 thread:1
allocated block device:0x4008c3fe9c00 size:4608 thread:1
allocated block device:0x4008c3feae00 size:4608 thread:1
allocated block device:0x4008c3fec000 size:24064 thread:1
allocated block device:0x4008c3ff1e00 size:512 thread:1
allocated block device:0x4008c3ff2000 size:24064 thread:1
allocated block device:0x4008c3ff7e00 size:512 thread:1
allocated block device:0x4008c3ff8000 size:512 thread:1
allocated block device:0x4008c3ff8200 size:3072 thread:1
allocated block device:0x4008c3ff8e00 size:3072 thread:1
allocated block device:0x4008c3ff9a00 size:512 thread:1
allocated block device:0x4008c3ff9c00 size:5120 thread:1
allocated block device:0x4008c3ffb000 size:1536 thread:1
allocated block device:0x4008c3ffb600 size:2560 thread:1
allocated block device:0x4008c3ffc000 size:1536 thread:1
allocated block device:0x4008c3ffc600 size:2048 thread:1
allocated block device:0x4008c3ffce00 size:6144 thread:1
allocated block device:0x4008c3ffe600 size:6144 thread:1
allocated block device:0x4008c3fffe00 size:512 thread:1
allocated block device:0x4008c4000000 size:1821184 thread:1
allocated block device:0x4008c41bca00 size:180224 thread:1
allocated block device:0x4008c41e8a00 size:6144 thread:1
allocated block device:0x4008c41ea200 size:2560 thread:1
allocated block device:0x4008c41eac00 size:512 thread:1
allocated block device:0x4008c41eae00 size:512 thread:1
allocated block device:0x4008c41eb000 size:512 thread:1
allocated block device:0x4008c41eb200 size:512 thread:1
allocated block device:0x4008c41eb400 size:512 thread:1
allocated block device:0x4008c41eb600 size:512 thread:1
allocated block device:0x4008c41eb800 size:512 thread:1
allocated block device:0x4008c41eba00 size:512 thread:1
allocated block device:0x4008c41ebc00 size:1536 thread:1
allocated block device:0x4008c41ec200 size:1536 thread:1
allocated block device:0x4008c41ec800 size:512 thread:1
allocated block device:0x4008c41eca00 size:2560 thread:1
allocated block device:0x4008c41ed400 size:6144 thread:1
allocated block device:0x4008c41eec00 size:28672 thread:1
allocated block device:0x4008c41f5c00 size:40448 thread:1
allocated block device:0x4008c41ffa00 size:512 thread:1
allocated block device:0x4008c4200000 size:1821184 thread:1
allocated block device:0x4008c43bca00 size:180224 thread:1
allocated block device:0x4008c43e8a00 size:8192 thread:1
allocated block device:0x4008c43eaa00 size:8192 thread:1
allocated block device:0x4008c43eca00 size:40448 thread:1
allocated block device:0x4008c43f6800 size:8192 thread:1
allocated block device:0x4008c43f8800 size:2048 thread:1
allocated block device:0x4008c43fb400 size:2560 thread:1
allocated block device:0x4008c43fca00 size:3072 thread:1
allocated block device:0x4008c4c00000 size:7284736 thread:1
allocated block device:0x4008c5400000 size:45593600 thread:1
allocated block device:0x4008dcc00000 size:7284736 thread:1
allocated block device:0x4008e0000000 size:807412224 thread:1
allocated block device:0x400920000000 size:230400000 thread:1
allocated block device:0x40093b85fa00 size:921600 thread:1
allocated block device:0x40093b940a00 size:463360 thread:1
allocated block device:0x40093b9c1800 size:98304 thread:1
allocated block device:0x40093b9d9800 size:98304 thread:1
allocated block device:0x40093ba00000 size:2799616 thread:1
allocated block device:0x40093be00000 size:7962624 thread:1
allocated block device:0x401163400000 size:3614720 thread:1
allocated block device:0x401163800000 size:3614720 thread:1
allocated block device:0x401163c00000 size:3614720 thread:1
allocated block device:0x401164000000 size:3614720 thread:1
allocated block device:0x401164400000 size:453632 thread:1
allocated block device:0x40116446ec00 size:453632 thread:1
allocated block device:0x40116459d800 size:393216 thread:1
allocated block device:0x401164600000 size:2799616 thread:1
allocated block device:0x401164a00000 size:14400000 thread:1
allocated block device:0x401165800000 size:28917760 thread:1
allocated block device:0x401263400000 size:230400000 thread:1
allocated block device:0x401271000000 size:230400000 thread:1
allocated block device:0x4012a3400000 size:230400000 thread:1
allocated block device:0x4012b1000000 size:230400000 thread:1
allocated block device:0x4012e3400000 size:230400000 thread:1
allocated block device:0x4012f1000000 size:230400000 thread:1
allocated block device:0x401323400000 size:230400000 thread:1
allocated block device:0x401331000000 size:230400000 thread:1
allocated block device:0x401363400000 size:29138944 thread:1
allocated block device:0x401365000000 size:29138944 thread:1
allocated block device:0x401366c00000 size:393216 thread:1
allocated block device:0x401366e00000 size:233111552 thread:1
allocated block device:0x401374e00000 size:3145728 thread:1
allocated block device:0x401375200000 size:7284736 thread:1
allocated block device:0x401375a00000 size:7284736 thread:1
allocated block device:0x401376200000 size:7284736 thread:1
allocated block device:0x401376a00000 size:7284736 thread:1
allocated block device:0x401377200000 size:14569472 thread:1
Accelerator Fatal Error: call to cuMemAlloc returned error 2 (CUDA_ERROR_OUT_OF_MEMORY): Out of memory
 File: /lus/lfs1aip2/projects/u6cb/software/VASP/vasp.6.5.1/build/gam/hamil.f90
 Function: hamiltmu:978
 Line: 1005

Out of memory allocating 230400000 bytes of device memory
Failing in Thread:1
Out of memory allocating 230400000 bytes of device memory
Failing in Thread:1
total/free CUDA memory: 102005473280/280756224
Present table dump for device[1]: NVIDIA Tesla GPU 0, compute capability 9.0, threadid=1
Hint: specify 0x800 bit in NV_ACC_DEBUG for verbose info.
host:0x2557280 device:0x400803df6c00 size:32 presentcount:0+3 line:643 name:var%comm
host:0x25572a0 device:0x400803dbca00 size:32 presentcount:0+4 line:652 name:var%comm_kinter
host:0x25572c0 device:0x400803dbcc00 size:32 presentcount:0+6 line:655 name:var%comm_kin
host:0x25572e0 device:0x40055e5ffa00 size:32 presentcount:0+3 line:646 name:var%comm_inter
host:0x2557300 device:0x40055e5ffc00 size:32 presentcount:0+7 line:649 name:var%comm_inb
host:0x256be80 device:0x40055a0ecd00 size:8 presentcount:0+1 line:-1 name:_setexm_struct_def_21
host:0x2576f40 device:0x40055a0ece00 size:28 presentcount:0+1 line:-1 name:_ml_ff_constant_21
host:0x2577c80 device:0x40055a0ecf00 size:30437 presentcount:0+1 line:-1 name:_ml_ff_taglist_21
host:0x25afc80 device:0x40055a0f4600 size:8 presentcount:0+1 line:-1 name:_mopenacc_tutor_21
host:0x25c2740 device:0x40055a0f4a00 size:32 presentcount:0+1 line:-1 name:_mbj_21
host:0x25cd640 device:0x40055a0f4d00 size:8 presentcount:0+1 line:-1 name:_sym_prec_21
host:0x26030c0 device:0x40055a0f4e00 size:344 presentcount:0+1 line:-1 name:_tet_21
host:0x261c840 device:0x40055a0f5000 size:392 presentcount:0+1 line:-1 name:_mymath_21
host:0x2817368 device:0x400803dbd800 size:4800 presentcount:0+2 line:614 name:var
host:0x2818628 device:0x400803df5000 size:1984 presentcount:0+2 line:403 name:var
host:0x281a910 device:0x40073c3ff600 size:864 presentcount:0+4 line:2639 name:hamiltonian
host:0x286ac80 device:0x400803dfe600 size:2712 presentcount:0+2 line:428 name:var
host:0x286b718 device:0x40077c3fea00 size:2248 presentcount:0+1 line:742 name:var
host:0x286eb50 device:0x4008041ffa00 size:288 presentcount:0+1 line:195 name:latt_cur
host:0x2871658 device:0x40055e5fc000 size:5088 presentcount:0+28 line:517 name:var
host:0x2872a38 device:0x4006b23fa600 size:5088 presentcount:0+6 line:517 name:var
host:0x2873e18 device:0x400803ff9c00 size:5088 presentcount:0+7 line:517 name:var
host:0x287a2a8 device:0x4008041eba00 size:304 presentcount:0+1 line:567 name:var
host:0x287a3d8 device:0x4008041ec800 size:304 presentcount:0+1 line:567 name:var
host:0x2e48ec0 device:0x40055a002600 size:960024 presentcount:0+1 line:-1 name:_setexm_struct_def_16
host:0x2f8f080 device:0x40055a0f4700 size:580 presentcount:0+1 line:-1 name:_wpbe_16
host:0x2f8f900 device:0x40055a0f4b00 size:288 presentcount:0+1 line:-1 name:_mbj_16
host:0x9f446c0 device:0x40055a0f5200 size:624 presentcount:0+1 line:-1 name:_mlr_optic_16
host:0x1f314e60 device:0x400803dbf600 size:1000 presentcount:0+4 line:519 name:var%lpctz(:)
host:0x1f317e70 device:0x4008041eae00 size:260 presentcount:0+1 line:499 name:var%ptri(:)
host:0x1f318160 device:0x4006b23ffc00 size:260 presentcount:0+1 line:499 name:var%n(:)
host:0x1f3bf740 device:0x400803dffe00 size:4 presentcount:0+2 line:616 name:var%nplwkp(:)
host:0x204db730 device:0x4006b23fd600 size:528 presentcount:0+1 line:480 name:var
host:0x2472c3c0 device:0x40055e5ffe00 size:8 presentcount:0+4 line:405 name:var%nityp(:)
host:0x24bee3d0 device:0x4006b23ffe00 size:260 presentcount:0+1 line:499 name:var%ptr(:)
host:0x2509c230 device:0x400803dff600 size:8 presentcount:0+3 line:616 name:var%nt_global(:)
host:0x2509c320 device:0x400803dff200 size:8 presentcount:0+3 line:616 name:var%lmmax(:)
host:0x2509c350 device:0x400803dffa00 size:8 presentcount:0+2 line:616 name:var%wtkpt(:)
host:0x2509c380 device:0x400803dff400 size:8 presentcount:0+3 line:616 name:var%nityp(:)
host:0x250a90c0 device:0x4008041eec00 size:28464 presentcount:0+1 line:853 name:var(:)
host:0x250bb820 device:0x4008043eca00 size:40000 presentcount:0+1 line:857 name:var%psp(:,:)
host:0x250c5490 device:0x4008043f6800 size:8000 presentcount:0+1 line:857 name:var%psprho(:)
host:0x250c8720 device:0x400803ff2000 size:24000 presentcount:0+2 line:466 name:var%psprnl(:,:,:)
host:0x250f8100 device:0x400803fe9c00 size:4320 presentcount:0+4 line:405 name:var%ityp(:)
host:0x250f9210 device:0x400803df8000 size:25920 presentcount:0+4 line:405 name:var%posion(:,:)
host:0x2513a2d0 device:0x400803ff1e00 size:4 presentcount:0+2 line:616 name:var%nplwkp_tot(:)
host:0x2513c590 device:0x4008041f5c00 size:40000 presentcount:0+1 line:857 name:var%psp(:,:)
host:0x25146200 device:0x4008043e8a00 size:8000 presentcount:0+1 line:857 name:var%pspcor(:)
host:0x25148170 device:0x4008043eaa00 size:8000 presentcount:0+1 line:857 name:var%psprho(:)
host:0x2514b400 device:0x400803fec000 size:24000 presentcount:0+2 line:466 name:var%psprnl(:,:,:)
host:0x251983c0 device:0x40077c3ff800 size:24 presentcount:0+3 line:466 name:var%lps(:)
host:0x25198470 device:0x40077c3ffc00 size:24 presentcount:0+3 line:466 name:var%lps(:)
host:0x251f5010 device:0x400803dff800 size:24 presentcount:0+3 line:616 name:var%vkpt(:,:)
host:0x2521a280 device:0x400803dbd600 size:16 presentcount:0+2 line:430 name:var%psrmax(:)
host:0x2521a840 device:0x400803fe8a00 size:4320 presentcount:0+3 line:616 name:var%ityp(:)
host:0x2521b950 device:0x400803df6e00 size:4320 presentcount:0+3 line:616 name:var%npro_pos(:)
host:0x2521ca60 device:0x400803df5a00 size:4324 presentcount:0+3 line:616 name:var%lmbase(:)
host:0x2521db70 device:0x400803ff7e00 size:4 presentcount:0+2 line:616 name:var%ngvector_pos(:)
host:0x2521dba0 device:0x400803dffc00 size:4 presentcount:0+2 line:616 name:var%ngvector(:)
host:0x2521dbd0 device:0x400803dbec00 size:1280 presentcount:0+4 line:519 name:var%lpctx(:)
host:0x2521e100 device:0x400803dbf200 size:720 presentcount:0+4 line:519 name:var%lpcty(:)
host:0x2521e400 device:0x400803dbfa00 size:1280 presentcount:0+4 line:519 name:var%lpctx_(:)
host:0x2521e930 device:0x400803dc0000 size:720 presentcount:0+4 line:519 name:var%lpcty_(:)
host:0x2521ec30 device:0x400803dc0400 size:1000 presentcount:0+4 line:519 name:var%lpctz_(:)
host:0x2521f040 device:0x4006b23fba00 size:1280 presentcount:0+1 line:519 name:var%lpctx(:)
host:0x2521f570 device:0x4006b23fc000 size:720 presentcount:0+1 line:519 name:var%lpcty(:)
host:0x2521f870 device:0x4006b23fc400 size:1000 presentcount:0+1 line:519 name:var%lpctz(:)
host:0x2521fc80 device:0x4006b23fc800 size:1280 presentcount:0+1 line:519 name:var%lpctx_(:)
host:0x252201b0 device:0x4006b23fce00 size:720 presentcount:0+1 line:519 name:var%lpcty_(:)
host:0x252204b0 device:0x4006b23fd200 size:1000 presentcount:0+1 line:519 name:var%lpctz_(:)
host:0x252208c0 device:0x400803ff8200 size:2560 presentcount:0+1 line:519 name:var%lpctx(:)
host:0x252212f0 device:0x400803ffb000 size:1440 presentcount:0+1 line:519 name:var%lpcty(:)
host:0x252218c0 device:0x400803ff8e00 size:2000 presentcount:0+1 line:519 name:var%lpctz(:)
host:0x252220c0 device:0x400803ffb600 size:2560 presentcount:0+1 line:519 name:var%lpctx_(:)
host:0x25222af0 device:0x400803ffc000 size:1440 presentcount:0+1 line:519 name:var%lpcty_(:)
host:0x252230c0 device:0x400803ffc600 size:2000 presentcount:0+1 line:519 name:var%lpctz_(:)
host:0x25316720 device:0x400803ffce00 size:5648 presentcount:0+1 line:482 name:var%i2(:)
host:0x25317d60 device:0x400803ffe600 size:5648 presentcount:0+1 line:482 name:var%i3(:)
host:0x253193a0 device:0x4006b23f4c00 size:10040 presentcount:0+1 line:482 name:var%i2(:)
host:0x2531bb00 device:0x4006b23f7400 size:10040 presentcount:0+1 line:482 name:var%i3(:)
host:0x2531e260 device:0x4006b23ed800 size:14400 presentcount:0+2 line:482 name:var%i2(:)
host:0x25321ad0 device:0x4006b23f1200 size:14400 presentcount:0+2 line:482 name:var%i3(:)
host:0x25325760 device:0x40087b85fa00 size:921600 presentcount:0+2 line:482 name:var%index(:,:)
host:0x25406790 device:0x4008041eca00 size:2560 presentcount:0+1 line:569 name:var%ind1(:)
host:0x254071c0 device:0x4008041ed400 size:5648 presentcount:0+1 line:569 name:var%indcol(:)
host:0x25408800 device:0x4006b23fda00 size:5648 presentcount:0+1 line:482 name:var%i2(:)
host:0x25409e40 device:0x4008041e8a00 size:5648 presentcount:0+1 line:482 name:var%i3(:)
host:0x2540b480 device:0x4006b23ff200 size:2520 presentcount:0+1 line:482 name:var%i2(:)
host:0x2540be80 device:0x4008041ea200 size:2520 presentcount:0+1 line:482 name:var%i3(:)
host:0x2540c880 device:0x40055e5fd400 size:4320 presentcount:0+2 line:430 name:var%nlimax(:)
host:0x2540d990 device:0x40055e5fe600 size:4324 presentcount:0+2 line:430 name:var%lmbase(:)
host:0x2540eaa0 device:0x4006b2390600 size:4324 presentcount:0+2 line:430 name:var%nlibase(:)
host:0x2540fbb0 device:0x400803dc0800 size:17132 presentcount:0+4 line:519 name:var%nindpwconjg(:)
host:0x25413ed0 device:0x400803dc4c00 size:17132 presentcount:0+4 line:519 name:var%ind_in_sphere(:)
host:0x25419830 device:0x40077c3ffe00 size:260 presentcount:0+1 line:499 name:var%n(:)
host:0x25419960 device:0x4006b23f9c00 size:260 presentcount:0+1 line:499 name:var%ptri(:)
host:0x25419a90 device:0x400803fffe00 size:260 presentcount:0+1 line:499 name:var%ni(:)
host:0x25419bc0 device:0x4006b23fa000 size:260 presentcount:0+1 line:499 name:var%ptr(:)
host:0x25419cf0 device:0x4006b23f9e00 size:260 presentcount:0+1 line:499 name:var%n(:)
host:0x25419e20 device:0x4006b23fa400 size:260 presentcount:0+1 line:499 name:var%ptri(:)
host:0x25419f50 device:0x4006b23fa200 size:260 presentcount:0+1 line:499 name:var%ni(:)
host:0x2541a1b0 device:0x4008041eac00 size:260 presentcount:0+1 line:499 name:var%ni(:)
host:0x2541a2e0 device:0x4008041eb200 size:260 presentcount:0+1 line:499 name:var%ptr(:)
host:0x2541a410 device:0x4008041eb000 size:260 presentcount:0+1 line:499 name:var%n(:)
host:0x2541a540 device:0x4008041eb800 size:4 presentcount:0+1 line:499 name:var%tbli(:)
host:0x2541a570 device:0x4008041eb600 size:260 presentcount:0+1 line:499 name:var%ptri(:)
host:0x2541a6a0 device:0x4008041eb400 size:260 presentcount:0+1 line:499 name:var%ni(:)
host:0x2542b090 device:0x40055e5ff800 size:260 presentcount:0+1 line:499 name:var%ptr(:)
host:0x25446930 device:0x4008041ebc00 size:1280 presentcount:0+1 line:569 name:var%ind1(:)
host:0x25446e60 device:0x4008041ec200 size:1452 presentcount:0+1 line:569 name:var%indcol(:)
host:0x25447440 device:0x4006b2338600 size:180000 presentcount:0+4 line:482 name:var%i2(:)
host:0x25473390 device:0x4006b2364600 size:180000 presentcount:0+4 line:482 name:var%i3(:)
host:0x2549f2e0 device:0x400803dc9000 size:180000 presentcount:0+8 line:482 name:var%index(:,:)
host:0x254cb230 device:0x4008043bca00 size:180000 presentcount:0+8 line:482 name:var%i2(:)
host:0x254f7180 device:0x4006b2391800 size:180000 presentcount:0+8 line:482 name:var%i3(:)
host:0x25523700 device:0x400803e00000 size:1821184 presentcount:0+3 line:616 name:var%nindpw(:,:)
host:0x256e0130 device:0x400803df5800 size:8 presentcount:0+2 line:616 name:var%nb_totk(:,:)
host:0x256e0160 device:0x400803ff8000 size:4 presentcount:0+2 line:616 name:var%luseinv(:)
host:0x256e0190 device:0x400803dbd200 size:4 presentcount:0+2 line:616 name:var%at_gamma(:)
host:0x256e01c0 device:0x400803fbca00 size:180000 presentcount:0+3 line:616 name:var%pl_index(:,:)
host:0x2570c110 device:0x4008041bca00 size:180000 presentcount:0+3 line:616 name:var%pl_col(:,:)
host:0x25738060 device:0x400803ff9a00 size:8 presentcount:0+2 line:405 name:var%lmmax(:)
host:0x25738090 device:0x400803dbce00 size:8 presentcount:0+2 line:430 name:var%lmax(:)
host:0x257380c0 device:0x400803feae00 size:4324 presentcount:0+2 line:405 name:var%lmbase(:)
host:0x257391d0 device:0x400803dbd000 size:8 presentcount:0+2 line:430 name:var%lmmax(:)
host:0x25739200 device:0x400803dbd400 size:8 presentcount:0+2 line:430 name:var%channels(:)
host:0x25739230 device:0x40077c3ff400 size:16 presentcount:0+2 line:430 name:var%rsmooth(:)
host:0x25739270 device:0x40077c3ff600 size:400 presentcount:0+2 line:464 name:var
host:0x25739400 device:0x40077c3ffa00 size:400 presentcount:0+2 line:464 name:var
host:0x257a9e20 device:0x40087b940a00 size:464640 presentcount:0+1 line:499 name:var%tbl(:)
host:0x25993a60 device:0x400804c00000 size:7284736 presentcount:0+3 line:616 name:var%datake(:,:,:)
host:0x26086ce0 device:0x400804000000 size:1821184 presentcount:0+3 line:616 name:var%igx(:,:)
host:0x26244370 device:0x400803c00000 size:1821184 presentcount:0+3 line:616 name:var%igy(:,:)
host:0x26401c10 device:0x400804200000 size:1821184 presentcount:0+3 line:616 name:var%igz(:,:)
host:0x265bfae0 device:0x40081cc00000 size:7284272 presentcount:0+4 line:519 name:var%fftsca(:,:)
host:0x26d23870 device:0x4010a4400000 size:453600 presentcount:0+1 line:499 name:var%tbli(:)
host:0x26d92480 device:0x4010a446ec00 size:453600 presentcount:0+1 line:499 name:var%tbl(:)
host:0x26f03360 device:0x4010a3400000 size:3614720 presentcount:0+1 line:499 name:var%tbl(:)
host:0x275eb750 device:0x4010a3800000 size:3614400 presentcount:0+1 line:499 name:var%tbli(:)
host:0x2795fb20 device:0x4010a3c00000 size:3614400 presentcount:0+1 line:499 name:var%tbl(:)
host:0x280488f0 device:0x4010a4000000 size:3614400 presentcount:0+1 line:499 name:var%tbli(:)
host:0x28733900 device:0x40087ba00000 size:2799360 presentcount:0+2 line:194 name:cdij(:,:,:,:)
host:0x28a33c40 device:0x4006b231a000 size:41472 presentcount:0+2 line:746 name:var%fertot(:,:,:)
host:0x28a52420 device:0x40055e5f1e00 size:41472 presentcount:0+1 line:746 name:var%auxtot(:,:,:)
host:0x28a60030 device:0x4006b2324200 size:82944 presentcount:0+2 line:746 name:var%celtot(:,:,:)
host:0x291926b0 device:0x4010a4600000 size:2799360 presentcount:0+2 line:194 name:cqij(:,:,:,:)
host:0x29b2d2d0 device:0x40087be00000 size:7962624 presentcount:0+5 line:746 name:var%gproj(:,:,:,:)
host:0x2a4e8b20 device:0x4006b23d5800 size:98304 presentcount:0+1 line:1101 name:w1%gproj(:)
host:0x2a567290 device:0x4010a45fd800 size:2048 presentcount:0+1 line:179 name:w1(:)
host:0x2a567ab0 device:0x4008043fbe00 size:2048 presentcount:0+1 line:179 name:wtmp(:)
host:0x2a6ef110 device:0x4010a459d800 size:393216 presentcount:0+2 line:1226 name:wa%gproj(:,:)
host:0x2a74f140 device:0x4012a6c00000 size:393216 presentcount:0+2 line:1226 name:wa%gproj(:,:)
host:0x2a7af170 device:0x4006b23bd800 size:98304 presentcount:0+1 line:1101 name:w1%gproj(:)
host:0x2a7c71a0 device:0x40087b9cc000 size:98304 presentcount:0+1 line:1101 name:w1%gproj(:)
host:0x2a7df1d0 device:0x40087b9e4000 size:98304 presentcount:0+1 line:1101 name:w1%gproj(:)
host:0x333212f0 device:0x4012b4e00000 size:3145728 presentcount:0+2 line:1226 name:wa%gproj(:,:)
host:0x3844ef00 device:0x4012b5200000 size:14569472 presentcount:0+1 line:202 name:precon(:,:)
host:0x3923b6d0 device:0x400804400000 size:7284736 presentcount:0+1 line:1101 name:w1%cptwfp(:)
host:0x39935cd0 device:0x400803400000 size:7284736 presentcount:0+1 line:1101 name:w1%cptwfp(:)
host:0x3a030900 device:0x400fece00000 size:7284736 presentcount:0+1 line:1101 name:w1%cptwfp(:)
host:0x3a723550 device:0x400fef800000 size:7284736 presentcount:0+1 line:1101 name:w1%cptwfp(:)
host:0x4005940010a0 device:0x400805400000 size:45593280 presentcount:0+2 line:430 name:var%nli(:,:)
host:0x40059c0035c0 device:0x4010a4a00000 size:14400000 presentcount:0+1 line:195 name:dencor(:)
host:0x40059db939e0 device:0x4010a5800000 size:28917760 presentcount:0+1 line:195 name:cstrf(:,:)
host:0x4006080031a0 device:0x400860000000 size:230400000 presentcount:0+2 line:194 name:sv(:,:)
host:0x400615bc6f80 device:0x4012a3400000 size:29138944 presentcount:0+2 line:1226 name:wa%cptwfp(:,:)
host:0x40061bca7190 device:0x4012a5000000 size:29138944 presentcount:0+2 line:1226 name:wa%cptwfp(:,:)
host:0x4006c00012b0 device:0x400820000000 size:807411968 presentcount:0+2 line:430 name:var%rproj(:)
host:0x4006f02173a0 device:0x4012a6e00000 size:233111552 presentcount:0+2 line:1226 name:wa%cptwfp(:,:)
host:0x4007a0004a60 device:0x4007e0000000 size:590063616 presentcount:0+5 line:746 name:var%cptwfp(:,:,:,:)
host:0x4007c32c79d0 device:0x401085e00000 size:230400000 presentcount:0+1 line:1101 name:w1%cr(:)
host:0x4008a32c7be0 device:0x400850400000 size:230400000 presentcount:0+1 line:1236 name:w1%cr(:)
host:0x4008b0e98000 device:0x40086dc00000 size:230400000 presentcount:0+1 line:1101 name:w1%cr(:)
host:0x400900008210 device:0x400808000000 size:230400000 presentcount:0+1 line:1236 name:w1%cr(:)
host:0x40090dbd0020 device:0x401263400000 size:230400000 presentcount:0+1 line:1101 name:w1%cr(:)
host:0x40091b790230 device:0x401271000000 size:230400000 presentcount:0+1 line:1236 name:w1%cr(:)
host:0x400929350650 device:0x401223400000 size:230400000 presentcount:0+1 line:1101 name:w1%cr(:)
host:0x400e00000860 device:0x401231000000 size:230400000 presentcount:0+1 line:1236 name:w1%cr(:)
host:0x400f80002750 device:0x4012c0000000 size:921600000 presentcount:0+1 line:1005 name:cwork1(:,:)
host:0xffffde61e820 device:0x4008043fca00 size:3024 presentcount:0+12 line:682 name:var
host:0xffffde61f3f0 device:0x40073c3ffa00 size:1480 presentcount:0+1 line:174 name:w_ini
host:0xffffde61f9c0 device:0x4008043fb400 size:1480 presentcount:0+1 line:174 name:wopt
host:0xffffde61ff90 device:0x40071c3ff600 size:1480 presentcount:0+1 line:174 name:wtmpa
allocated block device:0x40055e5f1e00 size:41472 thread:1
allocated block device:0x40055e5fc000 size:5120 thread:1
allocated block device:0x40055e5fd400 size:4608 thread:1
allocated block device:0x40055e5fe600 size:4608 thread:1
allocated block device:0x40055e5ff800 size:512 thread:1
allocated block device:0x40055e5ffa00 size:512 thread:1
allocated block device:0x40055e5ffc00 size:512 thread:1
allocated block device:0x40055e5ffe00 size:512 thread:1
allocated block device:0x4006b231a000 size:41472 thread:1
allocated block device:0x4006b2324200 size:82944 thread:1
allocated block device:0x4006b2338600 size:180224 thread:1
allocated block device:0x4006b2364600 size:180224 thread:1
allocated block device:0x4006b2390600 size:4608 thread:1
allocated block device:0x4006b2391800 size:180224 thread:1
allocated block device:0x4006b23bd800 size:98304 thread:1
allocated block device:0x4006b23d5800 size:98304 thread:1
allocated block device:0x4006b23ed800 size:14848 thread:1
allocated block device:0x4006b23f1200 size:14848 thread:1
allocated block device:0x4006b23f4c00 size:10240 thread:1
allocated block device:0x4006b23f7400 size:10240 thread:1
allocated block device:0x4006b23f9c00 size:512 thread:1
allocated block device:0x4006b23f9e00 size:512 thread:1
allocated block device:0x4006b23fa000 size:512 thread:1
allocated block device:0x4006b23fa200 size:512 thread:1
allocated block device:0x4006b23fa400 size:512 thread:1
allocated block device:0x4006b23fa600 size:5120 thread:1
allocated block device:0x4006b23fba00 size:1536 thread:1
allocated block device:0x4006b23fc000 size:1024 thread:1
allocated block device:0x4006b23fc400 size:1024 thread:1
allocated block device:0x4006b23fc800 size:1536 thread:1
allocated block device:0x4006b23fce00 size:1024 thread:1
allocated block device:0x4006b23fd200 size:1024 thread:1
allocated block device:0x4006b23fd600 size:1024 thread:1
allocated block device:0x4006b23fda00 size:6144 thread:1
allocated block device:0x4006b23ff200 size:2560 thread:1
allocated block device:0x4006b23ffc00 size:512 thread:1
allocated block device:0x4006b23ffe00 size:512 thread:1
allocated block device:0x40071c3ff600 size:2048 thread:1
allocated block device:0x40073c3ff600 size:1024 thread:1
allocated block device:0x40073c3ffa00 size:1536 thread:1
allocated block device:0x40077c3fea00 size:2560 thread:1
allocated block device:0x40077c3ff400 size:512 thread:1
allocated block device:0x40077c3ff600 size:512 thread:1
allocated block device:0x40077c3ff800 size:512 thread:1
allocated block device:0x40077c3ffa00 size:512 thread:1
allocated block device:0x40077c3ffc00 size:512 thread:1
allocated block device:0x40077c3ffe00 size:512 thread:1
allocated block device:0x4007e0000000 size:590063616 thread:1
allocated block device:0x400803400000 size:7962624 thread:1
allocated block device:0x400803c00000 size:1821184 thread:1
allocated block device:0x400803dbca00 size:512 thread:1
allocated block device:0x400803dbcc00 size:512 thread:1
allocated block device:0x400803dbce00 size:512 thread:1
allocated block device:0x400803dbd000 size:512 thread:1
allocated block device:0x400803dbd200 size:512 thread:1
allocated block device:0x400803dbd400 size:512 thread:1
allocated block device:0x400803dbd600 size:512 thread:1
allocated block device:0x400803dbd800 size:5120 thread:1
allocated block device:0x400803dbec00 size:1536 thread:1
allocated block device:0x400803dbf200 size:1024 thread:1
allocated block device:0x400803dbf600 size:1024 thread:1
allocated block device:0x400803dbfa00 size:1536 thread:1
allocated block device:0x400803dc0000 size:1024 thread:1
allocated block device:0x400803dc0400 size:1024 thread:1
allocated block device:0x400803dc0800 size:17408 thread:1
allocated block device:0x400803dc4c00 size:17408 thread:1
allocated block device:0x400803dc9000 size:180224 thread:1
allocated block device:0x400803df5000 size:2048 thread:1
allocated block device:0x400803df5800 size:512 thread:1
allocated block device:0x400803df5a00 size:4608 thread:1
allocated block device:0x400803df6c00 size:512 thread:1
allocated block device:0x400803df6e00 size:4608 thread:1
allocated block device:0x400803df8000 size:26112 thread:1
allocated block device:0x400803dfe600 size:3072 thread:1
allocated block device:0x400803dff200 size:512 thread:1
allocated block device:0x400803dff400 size:512 thread:1
allocated block device:0x400803dff600 size:512 thread:1
allocated block device:0x400803dff800 size:512 thread:1
allocated block device:0x400803dffa00 size:512 thread:1
allocated block device:0x400803dffc00 size:512 thread:1
allocated block device:0x400803dffe00 size:512 thread:1
allocated block device:0x400803e00000 size:1821184 thread:1
allocated block device:0x400803fbca00 size:180224 thread:1
allocated block device:0x400803fe8a00 size:4608 thread:1
allocated block device:0x400803fe9c00 size:4608 thread:1
allocated block device:0x400803feae00 size:4608 thread:1
allocated block device:0x400803fec000 size:24064 thread:1
allocated block device:0x400803ff1e00 size:512 thread:1
allocated block device:0x400803ff2000 size:24064 thread:1
allocated block device:0x400803ff7e00 size:512 thread:1
allocated block device:0x400803ff8000 size:512 thread:1
allocated block device:0x400803ff8200 size:3072 thread:1
allocated block device:0x400803ff8e00 size:3072 thread:1
allocated block device:0x400803ff9a00 size:512 thread:1
allocated block device:0x400803ff9c00 size:5120 thread:1
allocated block device:0x400803ffb000 size:1536 thread:1
allocated block device:0x400803ffb600 size:2560 thread:1
allocated block device:0x400803ffc000 size:1536 thread:1
allocated block device:0x400803ffc600 size:2048 thread:1
allocated block device:0x400803ffce00 size:6144 thread:1
allocated block device:0x400803ffe600 size:6144 thread:1
allocated block device:0x400803fffe00 size:512 thread:1
allocated block device:0x400804000000 size:1821184 thread:1
allocated block device:0x4008041bca00 size:180224 thread:1
allocated block device:0x4008041e8a00 size:6144 thread:1
allocated block device:0x4008041ea200 size:2560 thread:1
allocated block device:0x4008041eac00 size:512 thread:1
allocated block device:0x4008041eae00 size:512 thread:1
allocated block device:0x4008041eb000 size:512 thread:1
allocated block device:0x4008041eb200 size:512 thread:1
allocated block device:0x4008041eb400 size:512 thread:1
allocated block device:0x4008041eb600 size:512 thread:1
allocated block device:0x4008041eb800 size:512 thread:1
allocated block device:0x4008041eba00 size:512 thread:1
allocated block device:0x4008041ebc00 size:1536 thread:1
allocated block device:0x4008041ec200 size:1536 thread:1
allocated block device:0x4008041ec800 size:512 thread:1
allocated block device:0x4008041eca00 size:2560 thread:1
allocated block device:0x4008041ed400 size:6144 thread:1
allocated block device:0x4008041eec00 size:28672 thread:1
allocated block device:0x4008041f5c00 size:40448 thread:1
allocated block device:0x4008041ffa00 size:512 thread:1
allocated block device:0x400804200000 size:1821184 thread:1
allocated block device:0x4008043bca00 size:180224 thread:1
allocated block device:0x4008043e8a00 size:8192 thread:1
allocated block device:0x4008043eaa00 size:8192 thread:1
allocated block device:0x4008043eca00 size:40448 thread:1
allocated block device:0x4008043f6800 size:8192 thread:1
allocated block device:0x4008043fb400 size:2560 thread:1
allocated block device:0x4008043fbe00 size:3072 thread:1
allocated block device:0x4008043fca00 size:3072 thread:1
allocated block device:0x400804400000 size:7284736 thread:1
allocated block device:0x400804c00000 size:7284736 thread:1
allocated block device:0x400805400000 size:45593600 thread:1
allocated block device:0x400808000000 size:230400000 thread:1
allocated block device:0x40081cc00000 size:7284736 thread:1
allocated block device:0x400820000000 size:807412224 thread:1
allocated block device:0x400850400000 size:230400000 thread:1
allocated block device:0x400860000000 size:230400000 thread:1
allocated block device:0x40086dc00000 size:230400000 thread:1
allocated block device:0x40087b85fa00 size:921600 thread:1
allocated block device:0x40087b940a00 size:464896 thread:1
allocated block device:0x40087b9cc000 size:98304 thread:1
allocated block device:0x40087b9e4000 size:98304 thread:1
allocated block device:0x40087ba00000 size:2799616 thread:1
allocated block device:0x40087be00000 size:7962624 thread:1
allocated block device:0x400fece00000 size:14400000 thread:1
allocated block device:0x400fef800000 size:14400000 thread:1
allocated block device:0x401085e00000 size:230400000 thread:1
allocated block device:0x4010a3400000 size:3614720 thread:1
allocated block device:0x4010a3800000 size:3614720 thread:1
allocated block device:0x4010a3c00000 size:3614720 thread:1
allocated block device:0x4010a4000000 size:3614720 thread:1
allocated block device:0x4010a4400000 size:453632 thread:1
allocated block device:0x4010a446ec00 size:453632 thread:1
allocated block device:0x4010a459d800 size:393216 thread:1
allocated block device:0x4010a45fd800 size:2048 thread:1
allocated block device:0x4010a4600000 size:2799616 thread:1
allocated block device:0x4010a4a00000 size:14400000 thread:1
allocated block device:0x4010a5800000 size:28917760 thread:1
allocated block device:0x401223400000 size:230400000 thread:1
allocated block device:0x401231000000 size:230400000 thread:1
allocated block device:0x401263400000 size:230400000 thread:1
allocated block device:0x401271000000 size:230400000 thread:1
allocated block device:0x4012a3400000 size:29138944 thread:1
allocated block device:0x4012a5000000 size:29138944 thread:1
allocated block device:0x4012a6c00000 size:393216 thread:1
allocated block device:0x4012a6e00000 size:233111552 thread:1
allocated block device:0x4012b4e00000 size:3145728 thread:1
allocated block device:0x4012b5200000 size:14569472 thread:1
allocated block device:0x4012c0000000 size:921600000 thread:1
Accelerator Fatal Error: call to cuMemAlloc returned error 2 (CUDA_ERROR_OUT_OF_MEMORY): Out of memory
 File: /lus/lfs1aip2/projects/u6cb/software/VASP/vasp.6.5.1/build/gam/fft_base.f90
 Function: restride_r2q_cmplx:945
 Line: 964

total/free CUDA memory: 102005473280/1551171584
Present table dump for device[1]: NVIDIA Tesla GPU 0, compute capability 9.0, threadid=1
Hint: specify 0x800 bit in NV_ACC_DEBUG for verbose info.
host:0x2557280 device:0x400603df6600 size:32 presentcount:0+3 line:643 name:var%comm
host:0x25572a0 device:0x40035e3ffa00 size:32 presentcount:0+4 line:652 name:var%comm_kinter
host:0x25572c0 device:0x40035e3ffc00 size:32 presentcount:0+6 line:655 name:var%comm_kin
host:0x25572e0 device:0x40035e3ff400 size:32 presentcount:0+3 line:646 name:var%comm_inter
host:0x2557300 device:0x40035e3ff600 size:32 presentcount:0+7 line:649 name:var%comm_inb
host:0x256be80 device:0x40035a0ecd00 size:8 presentcount:0+1 line:-1 name:_setexm_struct_def_21
host:0x2576f40 device:0x40035a0ece00 size:28 presentcount:0+1 line:-1 name:_ml_ff_constant_21
host:0x2577c80 device:0x40035a0ecf00 size:30437 presentcount:0+1 line:-1 name:_ml_ff_taglist_21
host:0x25afc80 device:0x40035a0f4600 size:8 presentcount:0+1 line:-1 name:_mopenacc_tutor_21
host:0x25c2740 device:0x40035a0f4a00 size:32 presentcount:0+1 line:-1 name:_mbj_21
host:0x25cd640 device:0x40035a0f4d00 size:8 presentcount:0+1 line:-1 name:_sym_prec_21
host:0x26030c0 device:0x40035a0f4e00 size:344 presentcount:0+1 line:-1 name:_tet_21
host:0x261c840 device:0x40035a0f5000 size:392 presentcount:0+1 line:-1 name:_mymath_21
host:0x2817368 device:0x400603dbd200 size:4800 presentcount:0+2 line:614 name:var
host:0x2818628 device:0x400603df4a00 size:1984 presentcount:0+2 line:403 name:var
host:0x281a910 device:0x40051c5ff400 size:864 presentcount:0+4 line:2639 name:hamiltonian
host:0x286ac80 device:0x400603dfe000 size:2712 presentcount:0+2 line:428 name:var
host:0x286b718 device:0x40035e3f0600 size:2248 presentcount:0+1 line:742 name:var
host:0x286eb50 device:0x4006041ff400 size:288 presentcount:0+1 line:195 name:latt_cur
host:0x2871658 device:0x40035e3fb200 size:5088 presentcount:0+28 line:517 name:var
host:0x2872a38 device:0x4004b03fa000 size:5088 presentcount:0+6 line:517 name:var
host:0x2873e18 device:0x400603ff9600 size:5088 presentcount:0+7 line:517 name:var
host:0x287a2a8 device:0x4006041eb400 size:304 presentcount:0+1 line:567 name:var
host:0x287a3d8 device:0x4006041ec200 size:304 presentcount:0+1 line:567 name:var
host:0x2e48ec0 device:0x40035a002600 size:960024 presentcount:0+1 line:-1 name:_setexm_struct_def_16
host:0x2f8f080 device:0x40035a0f4700 size:580 presentcount:0+1 line:-1 name:_wpbe_16
host:0x2f8f900 device:0x40035a0f4b00 size:288 presentcount:0+1 line:-1 name:_mbj_16
host:0x9f446c0 device:0x40035a0f5200 size:624 presentcount:0+1 line:-1 name:_mlr_optic_16
host:0x437e4e60 device:0x400603dbf000 size:1000 presentcount:0+4 line:519 name:var%lpctz(:)
host:0x437e7e70 device:0x4006041ea600 size:260 presentcount:0+1 line:499 name:var%ni(:)
host:0x437e8160 device:0x4006041ea800 size:260 presentcount:0+1 line:499 name:var%ptri(:)
host:0x4388f260 device:0x400603dff200 size:24 presentcount:0+3 line:616 name:var%vkpt(:,:)
host:0x4388f330 device:0x400603dff400 size:8 presentcount:0+2 line:616 name:var%wtkpt(:)
host:0x4388f360 device:0x400603dfee00 size:8 presentcount:0+3 line:616 name:var%nityp(:)
host:0x4388f550 device:0x400603dbd000 size:16 presentcount:0+2 line:430 name:var%psrmax(:)
host:0x4388f590 device:0x400603dfec00 size:8 presentcount:0+3 line:616 name:var%lmmax(:)
host:0x4388f5c0 device:0x400603dff000 size:8 presentcount:0+3 line:616 name:var%nt_global(:)
host:0x4388f5f0 device:0x400603dff800 size:4 presentcount:0+2 line:616 name:var%nplwkp(:)
host:0x4388f620 device:0x400603dffa00 size:4 presentcount:0+2 line:616 name:var%nplwkp_tot(:)
host:0x4388f650 device:0x400603dffc00 size:4 presentcount:0+2 line:616 name:var%ngvector_pos(:)
host:0x4388f680 device:0x400603dff600 size:4 presentcount:0+2 line:616 name:var%ngvector(:)
host:0x4388f6b0 device:0x400603df5200 size:8 presentcount:0+2 line:616 name:var%nb_totk(:,:)
host:0x4388f6e0 device:0x400603dffe00 size:4 presentcount:0+2 line:616 name:var%luseinv(:)
host:0x4388f710 device:0x400603dbcc00 size:4 presentcount:0+2 line:616 name:var%at_gamma(:)
host:0x4388f740 device:0x400603ff9400 size:8 presentcount:0+2 line:405 name:var%lmmax(:)
host:0x43f639f0 device:0x4004b03fd000 size:528 presentcount:0+1 line:480 name:var
host:0x43f64290 device:0x4006041ea200 size:260 presentcount:0+1 line:499 name:var%n(:)
host:0x47770210 device:0x40055c3ffe00 size:400 presentcount:0+2 line:464 name:var
host:0x477703a0 device:0x40035e3fc800 size:400 presentcount:0+2 line:464 name:var
host:0x4c67ef00 device:0x40035e3ff800 size:8 presentcount:0+4 line:405 name:var%nityp(:)
host:0x4cb40f10 device:0x4006041ea400 size:260 presentcount:0+1 line:499 name:var%ptr(:)
host:0x4cffbd30 device:0x4006041ee600 size:28464 presentcount:0+1 line:853 name:var(:)
host:0x4d00e490 device:0x4006043eca00 size:40000 presentcount:0+1 line:857 name:var%psp(:,:)
host:0x4d018100 device:0x4006043f6800 size:8000 presentcount:0+1 line:857 name:var%psprho(:)
host:0x4d01b390 device:0x400603ff1e00 size:24000 presentcount:0+2 line:466 name:var%psprnl(:,:,:)
host:0x4d04ad70 device:0x400603fe9c00 size:4320 presentcount:0+4 line:405 name:var%ityp(:)
host:0x4d04be80 device:0x400603df7a00 size:25920 presentcount:0+4 line:405 name:var%posion(:,:)
host:0x4d08f050 device:0x4006043e8a00 size:8000 presentcount:0+1 line:857 name:var%pspcor(:)
host:0x4d090fc0 device:0x4006043eaa00 size:8000 presentcount:0+1 line:857 name:var%psprho(:)
host:0x4d094b30 device:0x4006041f5600 size:40000 presentcount:0+1 line:857 name:var%psp(:,:)
host:0x4d09e7a0 device:0x400603fec000 size:24000 presentcount:0+2 line:466 name:var%psprnl(:,:,:)
host:0x4d0de850 device:0x40035e3fc600 size:24 presentcount:0+3 line:466 name:var%lps(:)
host:0x4d0de900 device:0x40035e3fca00 size:24 presentcount:0+3 line:466 name:var%lps(:)
host:0x4d2feb70 device:0x400603fe8a00 size:4320 presentcount:0+3 line:616 name:var%ityp(:)
host:0x4d2ffc80 device:0x400603df6800 size:4320 presentcount:0+3 line:616 name:var%npro_pos(:)
host:0x4d300d90 device:0x400603df5400 size:4324 presentcount:0+3 line:616 name:var%lmbase(:)
host:0x4d301ea0 device:0x400603dbe600 size:1280 presentcount:0+4 line:519 name:var%lpctx(:)
host:0x4d3023d0 device:0x400603dbec00 size:720 presentcount:0+4 line:519 name:var%lpcty(:)
host:0x4d3026d0 device:0x400603dbf400 size:1280 presentcount:0+4 line:519 name:var%lpctx_(:)
host:0x4d302c00 device:0x400603dbfa00 size:720 presentcount:0+4 line:519 name:var%lpcty_(:)
host:0x4d302f00 device:0x400603dbfe00 size:1000 presentcount:0+4 line:519 name:var%lpctz_(:)
host:0x4d303310 device:0x4004b03fb400 size:1280 presentcount:0+1 line:519 name:var%lpctx(:)
host:0x4d303840 device:0x4004b03fba00 size:720 presentcount:0+1 line:519 name:var%lpcty(:)
host:0x4d303b40 device:0x4004b03fbe00 size:1000 presentcount:0+1 line:519 name:var%lpctz(:)
host:0x4d303f50 device:0x4004b03fc200 size:1280 presentcount:0+1 line:519 name:var%lpctx_(:)
host:0x4d304480 device:0x4004b03fc800 size:720 presentcount:0+1 line:519 name:var%lpcty_(:)
host:0x4d304780 device:0x4004b03fcc00 size:1000 presentcount:0+1 line:519 name:var%lpctz_(:)
host:0x4d304b90 device:0x400603ff7c00 size:2560 presentcount:0+1 line:519 name:var%lpctx(:)
host:0x4d3055c0 device:0x400603ffaa00 size:1440 presentcount:0+1 line:519 name:var%lpcty(:)
host:0x4d305b90 device:0x400603ff8800 size:2000 presentcount:0+1 line:519 name:var%lpctz(:)
host:0x4d306390 device:0x400603ffb000 size:2560 presentcount:0+1 line:519 name:var%lpctx_(:)
host:0x4d306dc0 device:0x400603ffba00 size:1440 presentcount:0+1 line:519 name:var%lpcty_(:)
host:0x4d307390 device:0x400603ffc000 size:2000 presentcount:0+1 line:519 name:var%lpctz_(:)
host:0x4d3fa9f0 device:0x400603ffc800 size:5648 presentcount:0+1 line:482 name:var%i2(:)
host:0x4d3fc030 device:0x400603ffe000 size:5648 presentcount:0+1 line:482 name:var%i3(:)
host:0x4d3fd670 device:0x4004b03f4c00 size:10040 presentcount:0+1 line:482 name:var%i2(:)
host:0x4d3ffdd0 device:0x4004b03f7400 size:10040 presentcount:0+1 line:482 name:var%i3(:)
host:0x4d402530 device:0x4004b03ed800 size:14400 presentcount:0+2 line:482 name:var%i2(:)
host:0x4d405da0 device:0x4004b03f1200 size:14400 presentcount:0+2 line:482 name:var%i3(:)
host:0x4d409a30 device:0x40067b85fa00 size:921600 presentcount:0+2 line:482 name:var%index(:,:)
host:0x4d4eaa60 device:0x4006041ec400 size:2560 presentcount:0+1 line:569 name:var%ind1(:)
host:0x4d4eb490 device:0x4006041ece00 size:5648 presentcount:0+1 line:569 name:var%indcol(:)
host:0x4d4ecad0 device:0x4004b03fd400 size:5648 presentcount:0+1 line:482 name:var%i2(:)
host:0x4d4ee110 device:0x4006041e8a00 size:5648 presentcount:0+1 line:482 name:var%i3(:)
host:0x4d4ef750 device:0x4004b03fec00 size:2520 presentcount:0+1 line:482 name:var%i2(:)
host:0x4d4f0150 device:0x4004b03ff600 size:2520 presentcount:0+1 line:482 name:var%i3(:)
host:0x4d4f0b50 device:0x40035e3fcc00 size:4320 presentcount:0+2 line:430 name:var%nlimax(:)
host:0x4d4f1c60 device:0x40035e3fe000 size:4324 presentcount:0+2 line:430 name:var%lmbase(:)
host:0x4d4f2d70 device:0x4004b0390600 size:4324 presentcount:0+2 line:430 name:var%nlibase(:)
host:0x4d4f3e80 device:0x400603dc0200 size:17132 presentcount:0+4 line:519 name:var%nindpwconjg(:)
host:0x4d4f81a0 device:0x400603dc4600 size:17132 presentcount:0+4 line:519 name:var%ind_in_sphere(:)
host:0x4d4fdb00 device:0x40035e3ff200 size:260 presentcount:0+1 line:499 name:var%ptr(:)
host:0x4d4fdc30 device:0x40035e3fde00 size:260 presentcount:0+1 line:499 name:var%n(:)
host:0x4d4fdd60 device:0x400603fffa00 size:260 presentcount:0+1 line:499 name:var%ptri(:)
host:0x4d4fde90 device:0x400603fff800 size:260 presentcount:0+1 line:499 name:var%ni(:)
host:0x4d4fdfc0 device:0x400603fffe00 size:260 presentcount:0+1 line:499 name:var%ptr(:)
host:0x4d4fe0f0 device:0x400603fffc00 size:260 presentcount:0+1 line:499 name:var%n(:)
host:0x4d4fe220 device:0x4004b03f9e00 size:260 presentcount:0+1 line:499 name:var%ptri(:)
host:0x4d4fe350 device:0x4004b03f9c00 size:260 presentcount:0+1 line:499 name:var%ni(:)
host:0x4d4fe480 device:0x4006041eac00 size:260 presentcount:0+1 line:499 name:var%ptr(:)
host:0x4d4fe5b0 device:0x4006041eaa00 size:260 presentcount:0+1 line:499 name:var%n(:)
host:0x4d4fe6e0 device:0x4006041eb200 size:4 presentcount:0+1 line:499 name:var%tbli(:)
host:0x4d4fe710 device:0x4006041eb000 size:260 presentcount:0+1 line:499 name:var%ptri(:)
host:0x4d4fe840 device:0x4006041eae00 size:260 presentcount:0+1 line:499 name:var%ni(:)
host:0x4d52ac00 device:0x4006041eb600 size:1280 presentcount:0+1 line:569 name:var%ind1(:)
host:0x4d52b130 device:0x4006041ebc00 size:1388 presentcount:0+1 line:569 name:var%indcol(:)
host:0x4d52b6d0 device:0x4004b0338600 size:180000 presentcount:0+4 line:482 name:var%i2(:)
host:0x4d557620 device:0x4004b0364600 size:180000 presentcount:0+4 line:482 name:var%i3(:)
host:0x4d583570 device:0x400603dc8a00 size:180000 presentcount:0+8 line:482 name:var%index(:,:)
host:0x4d5af4c0 device:0x4006043bca00 size:180000 presentcount:0+8 line:482 name:var%i2(:)
host:0x4d5db410 device:0x4004b0391800 size:180000 presentcount:0+8 line:482 name:var%i3(:)
host:0x4d607360 device:0x400603fbca00 size:180000 presentcount:0+3 line:616 name:var%pl_index(:,:)
host:0x4d6332b0 device:0x4006041bca00 size:180000 presentcount:0+3 line:616 name:var%pl_col(:,:)
host:0x4d65f200 device:0x40035e3ffe00 size:8 presentcount:0+2 line:430 name:var%lmax(:)
host:0x4d65f230 device:0x400603feae00 size:4324 presentcount:0+2 line:405 name:var%lmbase(:)
host:0x4d660340 device:0x400603dbca00 size:8 presentcount:0+2 line:430 name:var%lmmax(:)
host:0x4d660370 device:0x400603dbce00 size:8 presentcount:0+2 line:430 name:var%channels(:)
host:0x4d6603a0 device:0x40055c3ffc00 size:16 presentcount:0+2 line:430 name:var%rsmooth(:)
host:0x4d6d0c40 device:0x40067b940a00 size:444160 presentcount:0+1 line:499 name:var%tbl(:)
host:0x4d8e64c0 device:0x400603e00000 size:1821184 presentcount:0+3 line:616 name:var%nindpw(:,:)
host:0x4daa3730 device:0x400604c00000 size:7284736 presentcount:0+3 line:616 name:var%datake(:,:,:)
host:0x4e1969b0 device:0x400604000000 size:1821184 presentcount:0+3 line:616 name:var%igx(:,:)
host:0x4e354040 device:0x400603c00000 size:1821184 presentcount:0+3 line:616 name:var%igy(:,:)
host:0x4e5118e0 device:0x400604200000 size:1821184 presentcount:0+3 line:616 name:var%igz(:,:)
host:0x4e6cf7b0 device:0x40061cc00000 size:7284272 presentcount:0+4 line:519 name:var%fftsca(:,:)
host:0x4ee2e540 device:0x400ea4400000 size:453600 presentcount:0+1 line:499 name:var%tbli(:)
host:0x4ee9d150 device:0x400ea446ec00 size:453600 presentcount:0+1 line:499 name:var%tbl(:)
host:0x4f00e030 device:0x400ea3400000 size:3614720 presentcount:0+1 line:499 name:var%tbl(:)
host:0x4f6f6420 device:0x400ea3800000 size:3614400 presentcount:0+1 line:499 name:var%tbli(:)
host:0x4fa6a7f0 device:0x400ea3c00000 size:3614400 presentcount:0+1 line:499 name:var%tbl(:)
host:0x501535c0 device:0x400ea4000000 size:3614400 presentcount:0+1 line:499 name:var%tbli(:)
host:0x5083e5d0 device:0x40067ba00000 size:2799360 presentcount:0+2 line:194 name:cdij(:,:,:,:)
host:0x50b02420 device:0x40035e3f1000 size:41472 presentcount:0+1 line:746 name:var%auxtot(:,:,:)
host:0x50b22420 device:0x4004b031a000 size:41472 presentcount:0+2 line:746 name:var%fertot(:,:,:)
host:0x50b30030 device:0x4004b0324200 size:82944 presentcount:0+2 line:746 name:var%celtot(:,:,:)
host:0x5129d380 device:0x400ea4600000 size:2799360 presentcount:0+2 line:194 name:cqij(:,:,:,:)
host:0x51c37fa0 device:0x40067be00000 size:7962624 presentcount:0+5 line:746 name:var%gproj(:,:,:,:)
host:0x52623470 device:0x4004b03d5800 size:98304 presentcount:0+1 line:1101 name:w1%gproj(:)
host:0x526a1be0 device:0x400ea45fd800 size:2048 presentcount:0+1 line:179 name:w1(:)
host:0x526a2400 device:0x4006043fb800 size:2048 presentcount:0+1 line:179 name:wtmp(:)
host:0x52829830 device:0x400ea459d800 size:393216 presentcount:0+2 line:1226 name:wa%gproj(:,:)
host:0x52889860 device:0x4010a6c00000 size:393216 presentcount:0+2 line:1226 name:wa%gproj(:,:)
host:0x528e9890 device:0x4004b03bd800 size:98304 presentcount:0+1 line:1101 name:w1%gproj(:)
host:0x529018c0 device:0x40067b9c7000 size:98304 presentcount:0+1 line:1101 name:w1%gproj(:)
host:0x529198f0 device:0x40067b9df000 size:98304 presentcount:0+1 line:1101 name:w1%gproj(:)
host:0x5b40d830 device:0x4010b4e00000 size:3145728 presentcount:0+2 line:1226 name:wa%gproj(:,:)
host:0x60539be0 device:0x4010b5200000 size:14569472 presentcount:0+1 line:202 name:precon(:,:)
host:0x61325d80 device:0x400604400000 size:7284736 presentcount:0+1 line:1101 name:w1%cptwfp(:)
host:0x61a1fd50 device:0x400603400000 size:7284736 presentcount:0+1 line:1101 name:w1%cptwfp(:)
host:0x6211a350 device:0x400dece00000 size:7284736 presentcount:0+1 line:1101 name:w1%cptwfp(:)
host:0x62814f80 device:0x400def800000 size:7284736 presentcount:0+1 line:1101 name:w1%cptwfp(:)
host:0x4003bc0010a0 device:0x400605400000 size:45593280 presentcount:0+2 line:430 name:var%nli(:,:)
host:0x4003beb835c0 device:0x400ea4a00000 size:14400000 presentcount:0+1 line:195 name:dencor(:)
host:0x4004080031a0 device:0x400660000000 size:230400000 presentcount:0+2 line:194 name:sv(:,:)
host:0x4004169939e0 device:0x400ea5800000 size:28917760 presentcount:0+1 line:195 name:cstrf(:,:)
host:0x40041c416950 device:0x4010a3400000 size:29138944 presentcount:0+2 line:1226 name:wa%cptwfp(:,:)
host:0x40041dff6b60 device:0x4010a5000000 size:29138944 presentcount:0+2 line:1226 name:wa%cptwfp(:,:)
host:0x4004c00012b0 device:0x400620000000 size:807411968 presentcount:0+2 line:430 name:var%rproj(:)
host:0x4005a0004a60 device:0x4005e0000000 size:590063616 presentcount:0+5 line:746 name:var%cptwfp(:,:,:,:)
host:0x4005c32c73a0 device:0x400e85e00000 size:230400000 presentcount:0+1 line:1101 name:w1%cr(:)
host:0x4006a32c6d70 device:0x4010a6e00000 size:233111552 presentcount:0+2 line:1226 name:wa%cptwfp(:,:)
host:0x4006b11275b0 device:0x400650400000 size:230400000 presentcount:0+1 line:1236 name:w1%cr(:)
host:0x4007000079d0 device:0x40066dc00000 size:230400000 presentcount:0+1 line:1101 name:w1%cr(:)
host:0x40070dbd7be0 device:0x400608000000 size:230400000 presentcount:0+1 line:1236 name:w1%cr(:)
host:0x40071b7a8000 device:0x401063400000 size:230400000 presentcount:0+1 line:1101 name:w1%cr(:)
host:0x400729378210 device:0x401071000000 size:230400000 presentcount:0+1 line:1236 name:w1%cr(:)
host:0x400c00000020 device:0x401023400000 size:230400000 presentcount:0+1 line:1101 name:w1%cr(:)
host:0x400c0dbc0230 device:0x401031000000 size:230400000 presentcount:0+1 line:1236 name:w1%cr(:)
host:0x400d80002750 device:0x4010c0000000 size:921600000 presentcount:0+1 line:1005 name:cwork1(:,:)
host:0xfffff0fff690 device:0x4006043fc400 size:3024 presentcount:0+12 line:682 name:var
host:0xfffff1000260 device:0x40051c5ff800 size:1480 presentcount:0+1 line:174 name:w_ini
host:0xfffff1000830 device:0x4006043fae00 size:1480 presentcount:0+1 line:174 name:wopt
host:0xfffff1000e00 device:0x40055c3ff400 size:1480 presentcount:0+1 line:174 name:wtmpa
allocated block device:0x40035e3f0600 size:2560 thread:1
allocated block device:0x40035e3f1000 size:41472 thread:1
allocated block device:0x40035e3fb200 size:5120 thread:1
allocated block device:0x40035e3fc600 size:512 thread:1
allocated block device:0x40035e3fc800 size:512 thread:1
allocated block device:0x40035e3fca00 size:512 thread:1
allocated block device:0x40035e3fcc00 size:4608 thread:1
allocated block device:0x40035e3fde00 size:512 thread:1
allocated block device:0x40035e3fe000 size:4608 thread:1
allocated block device:0x40035e3ff200 size:512 thread:1
allocated block device:0x40035e3ff400 size:512 thread:1
allocated block device:0x40035e3ff600 size:512 thread:1
allocated block device:0x40035e3ff800 size:512 thread:1
allocated block device:0x40035e3ffa00 size:512 thread:1
allocated block device:0x40035e3ffc00 size:512 thread:1
allocated block device:0x40035e3ffe00 size:512 thread:1
allocated block device:0x4004b031a000 size:41472 thread:1
allocated block device:0x4004b0324200 size:82944 thread:1
allocated block device:0x4004b0338600 size:180224 thread:1
allocated block device:0x4004b0364600 size:180224 thread:1
allocated block device:0x4004b0390600 size:4608 thread:1
allocated block device:0x4004b0391800 size:180224 thread:1
allocated block device:0x4004b03bd800 size:98304 thread:1
allocated block device:0x4004b03d5800 size:98304 thread:1
allocated block device:0x4004b03ed800 size:14848 thread:1
allocated block device:0x4004b03f1200 size:14848 thread:1
allocated block device:0x4004b03f4c00 size:10240 thread:1
allocated block device:0x4004b03f7400 size:10240 thread:1
allocated block device:0x4004b03f9c00 size:512 thread:1
allocated block device:0x4004b03f9e00 size:512 thread:1
allocated block device:0x4004b03fa000 size:5120 thread:1
allocated block device:0x4004b03fb400 size:1536 thread:1
allocated block device:0x4004b03fba00 size:1024 thread:1
allocated block device:0x4004b03fbe00 size:1024 thread:1
allocated block device:0x4004b03fc200 size:1536 thread:1
allocated block device:0x4004b03fc800 size:1024 thread:1
allocated block device:0x4004b03fcc00 size:1024 thread:1
allocated block device:0x4004b03fd000 size:1024 thread:1
allocated block device:0x4004b03fd400 size:6144 thread:1
allocated block device:0x4004b03fec00 size:2560 thread:1
allocated block device:0x4004b03ff600 size:2560 thread:1
allocated block device:0x40051c5ff400 size:1024 thread:1
allocated block device:0x40051c5ff800 size:1536 thread:1
allocated block device:0x40055c3ff400 size:2048 thread:1
allocated block device:0x40055c3ffc00 size:512 thread:1
allocated block device:0x40055c3ffe00 size:512 thread:1
allocated block device:0x4005e0000000 size:590063616 thread:1
allocated block device:0x400603400000 size:7962624 thread:1
allocated block device:0x400603c00000 size:1821184 thread:1
allocated block device:0x400603dbca00 size:512 thread:1
allocated block device:0x400603dbcc00 size:512 thread:1
allocated block device:0x400603dbce00 size:512 thread:1
allocated block device:0x400603dbd000 size:512 thread:1
allocated block device:0x400603dbd200 size:5120 thread:1
allocated block device:0x400603dbe600 size:1536 thread:1
allocated block device:0x400603dbec00 size:1024 thread:1
allocated block device:0x400603dbf000 size:1024 thread:1
allocated block device:0x400603dbf400 size:1536 thread:1
allocated block device:0x400603dbfa00 size:1024 thread:1
allocated block device:0x400603dbfe00 size:1024 thread:1
allocated block device:0x400603dc0200 size:17408 thread:1
allocated block device:0x400603dc4600 size:17408 thread:1
allocated block device:0x400603dc8a00 size:180224 thread:1
allocated block device:0x400603df4a00 size:2048 thread:1
allocated block device:0x400603df5200 size:512 thread:1
allocated block device:0x400603df5400 size:4608 thread:1
allocated block device:0x400603df6600 size:512 thread:1
allocated block device:0x400603df6800 size:4608 thread:1
allocated block device:0x400603df7a00 size:26112 thread:1
allocated block device:0x400603dfe000 size:3072 thread:1
allocated block device:0x400603dfec00 size:512 thread:1
allocated block device:0x400603dfee00 size:512 thread:1
allocated block device:0x400603dff000 size:512 thread:1
allocated block device:0x400603dff200 size:512 thread:1
allocated block device:0x400603dff400 size:512 thread:1
allocated block device:0x400603dff600 size:512 thread:1
allocated block device:0x400603dff800 size:512 thread:1
allocated block device:0x400603dffa00 size:512 thread:1
allocated block device:0x400603dffc00 size:512 thread:1
allocated block device:0x400603dffe00 size:512 thread:1
allocated block device:0x400603e00000 size:1821184 thread:1
allocated block device:0x400603fbca00 size:180224 thread:1
allocated block device:0x400603fe8a00 size:4608 thread:1
allocated block device:0x400603fe9c00 size:4608 thread:1
allocated block device:0x400603feae00 size:4608 thread:1
allocated block device:0x400603fec000 size:24064 thread:1
allocated block device:0x400603ff1e00 size:24064 thread:1
allocated block device:0x400603ff7c00 size:3072 thread:1
allocated block device:0x400603ff8800 size:3072 thread:1
allocated block device:0x400603ff9400 size:512 thread:1
allocated block device:0x400603ff9600 size:5120 thread:1
allocated block device:0x400603ffaa00 size:1536 thread:1
allocated block device:0x400603ffb000 size:2560 thread:1
allocated block device:0x400603ffba00 size:1536 thread:1
allocated block device:0x400603ffc000 size:2048 thread:1
allocated block device:0x400603ffc800 size:6144 thread:1
allocated block device:0x400603ffe000 size:6144 thread:1
allocated block device:0x400603fff800 size:512 thread:1
allocated block device:0x400603fffa00 size:512 thread:1
allocated block device:0x400603fffc00 size:512 thread:1
allocated block device:0x400603fffe00 size:512 thread:1
allocated block device:0x400604000000 size:1821184 thread:1
allocated block device:0x4006041bca00 size:180224 thread:1
allocated block device:0x4006041e8a00 size:6144 thread:1
allocated block device:0x4006041ea200 size:512 thread:1
allocated block device:0x4006041ea400 size:512 thread:1
allocated block device:0x4006041ea600 size:512 thread:1
allocated block device:0x4006041ea800 size:512 thread:1
allocated block device:0x4006041eaa00 size:512 thread:1
allocated block device:0x4006041eac00 size:512 thread:1
allocated block device:0x4006041eae00 size:512 thread:1
allocated block device:0x4006041eb000 size:512 thread:1
allocated block device:0x4006041eb200 size:512 thread:1
allocated block device:0x4006041eb400 size:512 thread:1
allocated block device:0x4006041eb600 size:1536 thread:1
allocated block device:0x4006041ebc00 size:1536 thread:1
allocated block device:0x4006041ec200 size:512 thread:1
allocated block device:0x4006041ec400 size:2560 thread:1
allocated block device:0x4006041ece00 size:6144 thread:1
allocated block device:0x4006041ee600 size:28672 thread:1
allocated block device:0x4006041f5600 size:40448 thread:1
allocated block device:0x4006041ff400 size:512 thread:1
allocated block device:0x400604200000 size:1821184 thread:1
allocated block device:0x4006043bca00 size:180224 thread:1
allocated block device:0x4006043e8a00 size:8192 thread:1
allocated block device:0x4006043eaa00 size:8192 thread:1
allocated block device:0x4006043eca00 size:40448 thread:1
allocated block device:0x4006043f6800 size:8192 thread:1
allocated block device:0x4006043fae00 size:2560 thread:1
allocated block device:0x4006043fb800 size:3072 thread:1
allocated block device:0x4006043fc400 size:3072 thread:1
allocated block device:0x400604400000 size:7284736 thread:1
allocated block device:0x400604c00000 size:7284736 thread:1
allocated block device:0x400605400000 size:45593600 thread:1
allocated block device:0x400608000000 size:230400000 thread:1
allocated block device:0x40061cc00000 size:7284736 thread:1
allocated block device:0x400620000000 size:807412224 thread:1
allocated block device:0x400650400000 size:230400000 thread:1
allocated block device:0x400660000000 size:230400000 thread:1
allocated block device:0x40066dc00000 size:230400000 thread:1
allocated block device:0x40067b85fa00 size:921600 thread:1
allocated block device:0x40067b940a00 size:444416 thread:1
allocated block device:0x40067b9c7000 size:98304 thread:1
allocated block device:0x40067b9df000 size:98304 thread:1
allocated block device:0x40067ba00000 size:2799616 thread:1
allocated block device:0x40067be00000 size:7962624 thread:1
allocated block device:0x400dece00000 size:14400000 thread:1
allocated block device:0x400def800000 size:14400000 thread:1
allocated block device:0x400e85e00000 size:230400000 thread:1
allocated block device:0x400ea3400000 size:3614720 thread:1
allocated block device:0x400ea3800000 size:3614720 thread:1
allocated block device:0x400ea3c00000 size:3614720 thread:1
allocated block device:0x400ea4000000 size:3614720 thread:1
allocated block device:0x400ea4400000 size:453632 thread:1
allocated block device:0x400ea446ec00 size:453632 thread:1
allocated block device:0x400ea459d800 size:393216 thread:1
allocated block device:0x400ea45fd800 size:2048 thread:1
allocated block device:0x400ea4600000 size:2799616 thread:1
allocated block device:0x400ea4a00000 size:14400000 thread:1
allocated block device:0x400ea5800000 size:28917760 thread:1
allocated block device:0x401023400000 size:230400000 thread:1
allocated block device:0x401031000000 size:230400000 thread:1
allocated block device:0x401063400000 size:230400000 thread:1
allocated block device:0x401071000000 size:230400000 thread:1
allocated block device:0x4010a3400000 size:29138944 thread:1
allocated block device:0x4010a5000000 size:29138944 thread:1
allocated block device:0x4010a6c00000 size:393216 thread:1
allocated block device:0x4010a6e00000 size:233111552 thread:1
allocated block device:0x4010b4e00000 size:3145728 thread:1
allocated block device:0x4010b5200000 size:14569472 thread:1
allocated block device:0x4010c0000000 size:921600000 thread:1
Accelerator Fatal Error: call to cuMemAlloc returned error 2 (CUDA_ERROR_OUT_OF_MEMORY): Out of memory
 File: /lus/lfs1aip2/projects/u6cb/software/VASP/vasp.6.5.1/build/gam/fft_base.f90
 Function: restride_r2q_cmplx:945
 Line: 964

Out of memory allocating 230400000 bytes of device memory
Failing in Thread:1
Out of memory allocating 921600000 bytes of device memory
Failing in Thread:1
total/free CUDA memory: 102005473280/1327235072
Present table dump for device[1]: NVIDIA Tesla GPU 0, compute capability 9.0, threadid=1
Hint: specify 0x800 bit in NV_ACC_DEBUG for verbose info.
host:0x2557280 device:0x4008e3df6600 size:32 presentcount:0+3 line:643 name:var%comm
host:0x25572a0 device:0x40065e3ffa00 size:32 presentcount:0+4 line:652 name:var%comm_kinter
host:0x25572c0 device:0x40065e3ffc00 size:32 presentcount:0+6 line:655 name:var%comm_kin
host:0x25572e0 device:0x40065e3ff400 size:32 presentcount:0+3 line:646 name:var%comm_inter
host:0x2557300 device:0x40065e3ff600 size:32 presentcount:0+6 line:649 name:var%comm_inb
host:0x256be80 device:0x40065a0ecd00 size:8 presentcount:0+1 line:-1 name:_setexm_struct_def_21
host:0x2576f40 device:0x40065a0ece00 size:28 presentcount:0+1 line:-1 name:_ml_ff_constant_21
host:0x2577c80 device:0x40065a0ecf00 size:30437 presentcount:0+1 line:-1 name:_ml_ff_taglist_21
host:0x25afc80 device:0x40065a0f4600 size:8 presentcount:0+1 line:-1 name:_mopenacc_tutor_21
host:0x25c2740 device:0x40065a0f4a00 size:32 presentcount:0+1 line:-1 name:_mbj_21
host:0x25cd640 device:0x40065a0f4d00 size:8 presentcount:0+1 line:-1 name:_sym_prec_21
host:0x26030c0 device:0x40065a0f4e00 size:344 presentcount:0+1 line:-1 name:_tet_21
host:0x261c840 device:0x40065a0f5000 size:392 presentcount:0+1 line:-1 name:_mymath_21
host:0x2817368 device:0x4008e3dbd200 size:4800 presentcount:0+2 line:614 name:var
host:0x2818628 device:0x4008e3df4a00 size:1984 presentcount:0+1 line:403 name:var
host:0x281a910 device:0x4008071ff400 size:864 presentcount:0+4 line:2639 name:hamiltonian
host:0x286ac80 device:0x4008e3dfe000 size:2712 presentcount:0+1 line:428 name:var
host:0x286b718 device:0x40065e3f0600 size:2248 presentcount:0+1 line:742 name:var
host:0x286eb50 device:0x4008e41ff400 size:288 presentcount:0+1 line:195 name:latt_cur
host:0x2871658 device:0x40065e3fb200 size:5088 presentcount:0+21 line:517 name:var
host:0x2872a38 device:0x40078e3fa000 size:5088 presentcount:0+6 line:517 name:var
host:0x2873e18 device:0x4008e3ff9600 size:5088 presentcount:0+7 line:517 name:var
host:0x287a2a8 device:0x4008e41eb400 size:304 presentcount:0+1 line:567 name:var
host:0x287a3d8 device:0x4008e41ec200 size:304 presentcount:0+1 line:567 name:var
host:0x2e48ec0 device:0x40065a002600 size:960024 presentcount:0+1 line:-1 name:_setexm_struct_def_16
host:0x2f8f080 device:0x40065a0f4700 size:580 presentcount:0+1 line:-1 name:_wpbe_16
host:0x2f8f900 device:0x40065a0f4b00 size:288 presentcount:0+1 line:-1 name:_mbj_16
host:0x9f446c0 device:0x40065a0f5200 size:624 presentcount:0+1 line:-1 name:_mlr_optic_16
host:0x1fef4e60 device:0x4008e3dbf000 size:1000 presentcount:0+3 line:519 name:var%lpctz(:)
host:0x1fef7e70 device:0x4008e41ea800 size:260 presentcount:0+1 line:499 name:var%ptri(:)
host:0x1fef8160 device:0x4008e41ea200 size:260 presentcount:0+1 line:499 name:var%n(:)
host:0x1ff9f6c0 device:0x4008e3dff400 size:8 presentcount:0+2 line:616 name:var%wtkpt(:)
host:0x1ff9f6f0 device:0x4008e3dfee00 size:8 presentcount:0+3 line:616 name:var%nityp(:)
host:0x1ff9f720 device:0x4008e3dfec00 size:8 presentcount:0+3 line:616 name:var%lmmax(:)
host:0x20673d60 device:0x40078e3fd000 size:528 presentcount:0+1 line:480 name:var
host:0x20674600 device:0x4008e41ea400 size:260 presentcount:0+1 line:499 name:var%ptr(:)
host:0x23e80240 device:0x4008471ffe00 size:400 presentcount:0+1 line:464 name:var
host:0x23e803d0 device:0x40065e3fc800 size:400 presentcount:0+1 line:464 name:var
host:0x28d8ef30 device:0x40065e3ff800 size:8 presentcount:0+2 line:405 name:var%nityp(:)
host:0x2970bd60 device:0x4008e41ee600 size:28464 presentcount:0+1 line:853 name:var(:)
host:0x2971e4c0 device:0x4008e43eca00 size:40000 presentcount:0+1 line:857 name:var%psp(:,:)
host:0x29728130 device:0x4008e43f6800 size:8000 presentcount:0+1 line:857 name:var%psprho(:)
host:0x2972b3c0 device:0x4008e3ff1e00 size:24000 presentcount:0+1 line:466 name:var%psprnl(:,:,:)
host:0x2975ada0 device:0x4008e3fe9c00 size:4320 presentcount:0+2 line:405 name:var%ityp(:)
host:0x2975beb0 device:0x4008e3df7a00 size:25920 presentcount:0+2 line:405 name:var%posion(:,:)
host:0x2979f080 device:0x4008e43e8a00 size:8000 presentcount:0+1 line:857 name:var%pspcor(:)
host:0x297a0ff0 device:0x4008e43eaa00 size:8000 presentcount:0+1 line:857 name:var%psprho(:)
host:0x297a4b60 device:0x4008e41f5600 size:40000 presentcount:0+1 line:857 name:var%psp(:,:)
host:0x297ae7d0 device:0x4008e3fec000 size:24000 presentcount:0+1 line:466 name:var%psprnl(:,:,:)
host:0x297ee880 device:0x40065e3fc600 size:24 presentcount:0+2 line:466 name:var%lps(:)
host:0x297ee930 device:0x40065e3fca00 size:24 presentcount:0+2 line:466 name:var%lps(:)
host:0x29daa2a0 device:0x4008e3dff200 size:24 presentcount:0+2 line:616 name:var%vkpt(:,:)
host:0x29dcf550 device:0x4008e3dbd000 size:16 presentcount:0+1 line:430 name:var%psrmax(:)
host:0x29dcfb10 device:0x4008e3fe8a00 size:4320 presentcount:0+3 line:616 name:var%ityp(:)
host:0x29dd0c20 device:0x4008e3dff000 size:8 presentcount:0+3 line:616 name:var%nt_global(:)
host:0x29dd0c50 device:0x4008e3df6800 size:4320 presentcount:0+3 line:616 name:var%npro_pos(:)
host:0x29dd1d60 device:0x4008e3df5400 size:4324 presentcount:0+3 line:616 name:var%lmbase(:)
host:0x29dd2e70 device:0x4008e3dff800 size:4 presentcount:0+2 line:616 name:var%nplwkp(:)
host:0x29dd2ea0 device:0x4008e3dffa00 size:4 presentcount:0+2 line:616 name:var%nplwkp_tot(:)
host:0x29dd2ed0 device:0x4008e3dffc00 size:4 presentcount:0+2 line:616 name:var%ngvector_pos(:)
host:0x29dd2f00 device:0x4008e3dff600 size:4 presentcount:0+2 line:616 name:var%ngvector(:)
host:0x29dd2f30 device:0x4008e3dbe600 size:1280 presentcount:0+3 line:519 name:var%lpctx(:)
host:0x29dd3460 device:0x4008e3dbec00 size:720 presentcount:0+3 line:519 name:var%lpcty(:)
host:0x29dd3760 device:0x4008e3dbf400 size:1280 presentcount:0+3 line:519 name:var%lpctx_(:)
host:0x29dd3c90 device:0x4008e3dbfa00 size:720 presentcount:0+3 line:519 name:var%lpcty_(:)
host:0x29dd3f90 device:0x4008e3dbfe00 size:1000 presentcount:0+3 line:519 name:var%lpctz_(:)
host:0x29dd43a0 device:0x40078e3fb400 size:1280 presentcount:0+1 line:519 name:var%lpctx(:)
host:0x29dd48d0 device:0x40078e3fba00 size:720 presentcount:0+1 line:519 name:var%lpcty(:)
host:0x29dd4bd0 device:0x40078e3fbe00 size:1000 presentcount:0+1 line:519 name:var%lpctz(:)
host:0x29dd4fe0 device:0x40078e3fc200 size:1280 presentcount:0+1 line:519 name:var%lpctx_(:)
host:0x29dd5510 device:0x40078e3fc800 size:720 presentcount:0+1 line:519 name:var%lpcty_(:)
host:0x29dd5810 device:0x40078e3fcc00 size:1000 presentcount:0+1 line:519 name:var%lpctz_(:)
host:0x29dd5c20 device:0x4008e3ff7c00 size:2560 presentcount:0+1 line:519 name:var%lpctx(:)
host:0x29dd6650 device:0x4008e3ffaa00 size:1440 presentcount:0+1 line:519 name:var%lpcty(:)
host:0x29dd6c20 device:0x4008e3ff8800 size:2000 presentcount:0+1 line:519 name:var%lpctz(:)
host:0x29dd7420 device:0x4008e3ffb000 size:2560 presentcount:0+1 line:519 name:var%lpctx_(:)
host:0x29dd7e50 device:0x4008e3ffba00 size:1440 presentcount:0+1 line:519 name:var%lpcty_(:)
host:0x29dd8420 device:0x4008e3ffc000 size:2000 presentcount:0+1 line:519 name:var%lpctz_(:)
host:0x29dea840 device:0x4008e3ffc800 size:5648 presentcount:0+1 line:482 name:var%i2(:)
host:0x29debe80 device:0x4008e3ffe000 size:5648 presentcount:0+1 line:482 name:var%i3(:)
host:0x29ded4c0 device:0x40078e3f4c00 size:10040 presentcount:0+1 line:482 name:var%i2(:)
host:0x29defc20 device:0x40078e3f7400 size:10040 presentcount:0+1 line:482 name:var%i3(:)
host:0x29df2380 device:0x40078e3ed800 size:14400 presentcount:0+2 line:482 name:var%i2(:)
host:0x29df5bf0 device:0x40078e3f1200 size:14400 presentcount:0+2 line:482 name:var%i3(:)
host:0x29df9460 device:0x4008e41ec400 size:2560 presentcount:0+1 line:569 name:var%ind1(:)
host:0x29df9e90 device:0x4008e41ece00 size:5648 presentcount:0+1 line:569 name:var%indcol(:)
host:0x29dfb4d0 device:0x40078e3fd400 size:5648 presentcount:0+1 line:482 name:var%i2(:)
host:0x29dfcb10 device:0x4008e41e8a00 size:5648 presentcount:0+1 line:482 name:var%i3(:)
host:0x29dfe150 device:0x40078e3fec00 size:2520 presentcount:0+1 line:482 name:var%i2(:)
host:0x29dfeb50 device:0x40078e3ff600 size:2520 presentcount:0+1 line:482 name:var%i3(:)
host:0x29e37980 device:0x4008e41ea600 size:260 presentcount:0+1 line:499 name:var%ni(:)
host:0x29e37ab0 device:0x4008e41eac00 size:260 presentcount:0+1 line:499 name:var%ptr(:)
host:0x29e37be0 device:0x4008e41eaa00 size:260 presentcount:0+1 line:499 name:var%n(:)
host:0x29e37d10 device:0x4008e41eb200 size:4 presentcount:0+1 line:499 name:var%tbli(:)
host:0x29e37d40 device:0x4008e41eb000 size:260 presentcount:0+1 line:499 name:var%ptri(:)
host:0x29e37e70 device:0x4008e41eae00 size:260 presentcount:0+1 line:499 name:var%ni(:)
host:0x29e38ad0 device:0x40065e3ff200 size:260 presentcount:0+1 line:499 name:var%ptr(:)
host:0x29e38c00 device:0x40065e3fde00 size:260 presentcount:0+1 line:499 name:var%n(:)
host:0x29e38d30 device:0x4008e3fffa00 size:260 presentcount:0+1 line:499 name:var%ptri(:)
host:0x29e38e60 device:0x4008e3fff800 size:260 presentcount:0+1 line:499 name:var%ni(:)
host:0x29e38f90 device:0x4008e3fffe00 size:260 presentcount:0+1 line:499 name:var%ptr(:)
host:0x29e390c0 device:0x4008e3fffc00 size:260 presentcount:0+1 line:499 name:var%n(:)
host:0x29e391f0 device:0x40078e3f9e00 size:260 presentcount:0+1 line:499 name:var%ptri(:)
host:0x29e39320 device:0x40078e3f9c00 size:260 presentcount:0+1 line:499 name:var%ni(:)
host:0x29e39600 device:0x4008e41eb600 size:1280 presentcount:0+1 line:569 name:var%ind1(:)
host:0x29e39b30 device:0x4008e41ebc00 size:1388 presentcount:0+1 line:569 name:var%indcol(:)
host:0x29e3a0d0 device:0x40078e338600 size:180000 presentcount:0+3 line:482 name:var%i2(:)
host:0x29e66020 device:0x40078e364600 size:180000 presentcount:0+3 line:482 name:var%i3(:)
host:0x29e91f70 device:0x4008e3df5200 size:8 presentcount:0+2 line:616 name:var%nb_totk(:,:)
host:0x29e91fa0 device:0x4008e3dffe00 size:4 presentcount:0+2 line:616 name:var%luseinv(:)
host:0x29e91fd0 device:0x4008e3dbcc00 size:4 presentcount:0+2 line:616 name:var%at_gamma(:)
host:0x29e92000 device:0x4008e3ff9400 size:8 presentcount:0+1 line:405 name:var%lmmax(:)
host:0x29e92030 device:0x40065e3ffe00 size:8 presentcount:0+1 line:430 name:var%lmax(:)
host:0x29e92060 device:0x4008e3feae00 size:4324 presentcount:0+1 line:405 name:var%lmbase(:)
host:0x29e93170 device:0x4008e3dbca00 size:8 presentcount:0+1 line:430 name:var%lmmax(:)
host:0x29e931a0 device:0x4008e3dbce00 size:8 presentcount:0+1 line:430 name:var%channels(:)
host:0x29e931d0 device:0x4008471ffc00 size:16 presentcount:0+1 line:430 name:var%rsmooth(:)
host:0x29e93210 device:0x40065e3fcc00 size:4320 presentcount:0+1 line:430 name:var%nlimax(:)
host:0x29e94320 device:0x40065e3fe000 size:4324 presentcount:0+1 line:430 name:var%lmbase(:)
host:0x29e95430 device:0x40078e390600 size:4324 presentcount:0+1 line:430 name:var%nlibase(:)
host:0x29e96540 device:0x4008e3dc0200 size:17132 presentcount:0+3 line:519 name:var%nindpwconjg(:)
host:0x29e9a860 device:0x4008e3dc4600 size:17132 presentcount:0+3 line:519 name:var%ind_in_sphere(:)
host:0x2a0d7520 device:0x40097b85fa00 size:921600 presentcount:0+2 line:482 name:var%index(:,:)
host:0x2a1b8550 device:0x4008e3dc8a00 size:180000 presentcount:0+6 line:482 name:var%index(:,:)
host:0x2a1e44a0 device:0x4008e43bca00 size:180000 presentcount:0+6 line:482 name:var%i2(:)
host:0x2a2103f0 device:0x40078e391800 size:180000 presentcount:0+6 line:482 name:var%i3(:)
host:0x2a23c970 device:0x4008e3e00000 size:1821184 presentcount:0+2 line:616 name:var%nindpw(:,:)
host:0x2a3f93a0 device:0x4008e3fbca00 size:180000 presentcount:0+2 line:616 name:var%pl_index(:,:)
host:0x2a4252f0 device:0x4008e41bca00 size:180000 presentcount:0+2 line:616 name:var%pl_col(:,:)
host:0x2a451a80 device:0x4008e4c00000 size:7284736 presentcount:0+2 line:616 name:var%datake(:,:,:)
host:0x2ab44d00 device:0x4008e4000000 size:1821184 presentcount:0+2 line:616 name:var%igx(:,:)
host:0x2ad02390 device:0x4008e3c00000 size:1821184 presentcount:0+2 line:616 name:var%igy(:,:)
host:0x2aebfc30 device:0x4008e4200000 size:1821184 presentcount:0+2 line:616 name:var%igz(:,:)
host:0x2b07db00 device:0x4008fcc00000 size:7284272 presentcount:0+3 line:519 name:var%fftsca(:,:)
host:0x2b7a8590 device:0x40097b940a00 size:444160 presentcount:0+1 line:499 name:var%tbl(:)
host:0x2b8813f0 device:0x4011a4400000 size:453600 presentcount:0+1 line:499 name:var%tbli(:)
host:0x2b8f0000 device:0x4011a446ec00 size:453600 presentcount:0+1 line:499 name:var%tbl(:)
host:0x2ba70ef0 device:0x4011a3400000 size:3614720 presentcount:0+1 line:499 name:var%tbl(:)
host:0x2c1592e0 device:0x4011a3800000 size:3614400 presentcount:0+1 line:499 name:var%tbli(:)
host:0x2c4cd6b0 device:0x4011a3c00000 size:3614400 presentcount:0+1 line:499 name:var%tbl(:)
host:0x2cbb6480 device:0x4011a4000000 size:3614400 presentcount:0+1 line:499 name:var%tbli(:)
host:0x2dd00030 device:0x40097ba00000 size:2799360 presentcount:0+1 line:194 name:cdij(:,:,:,:)
host:0x2dff2420 device:0x40065e3f1000 size:41472 presentcount:0+1 line:746 name:var%auxtot(:,:,:)
host:0x2e012420 device:0x40078e31a000 size:41472 presentcount:0+2 line:746 name:var%fertot(:,:,:)
host:0x2e020030 device:0x40078e324200 size:82944 presentcount:0+2 line:746 name:var%celtot(:,:,:)
host:0x2e3ea8d0 device:0x4011a4600000 size:2799360 presentcount:0+1 line:194 name:cqij(:,:,:,:)
host:0x2e94a580 device:0x40097be00000 size:7962624 presentcount:0+1 line:746 name:var%gproj(:,:,:,:)
host:0x2f304d20 device:0x40078e3bd800 size:98304 presentcount:0+1 line:1101 name:w1%gproj(:)
host:0x2f383490 device:0x4008e41ff600 size:2048 presentcount:0+1 line:179 name:wtmp(:)
host:0x2f50b0e0 device:0x4011a459d800 size:393216 presentcount:0+2 line:1226 name:wa%gproj(:,:)
host:0x2f56b110 device:0x4013a6c00000 size:393216 presentcount:0+2 line:1226 name:wa%gproj(:,:)
host:0x2f5cb140 device:0x40078e3d5800 size:98304 presentcount:0+1 line:1101 name:w1%gproj(:)
host:0x2f5e3170 device:0x40097b9bce00 size:98304 presentcount:0+1 line:1101 name:w1%gproj(:)
host:0x2f5fb1a0 device:0x40097b9d4e00 size:98304 presentcount:0+1 line:1101 name:w1%gproj(:)
host:0x37ed1ef0 device:0x4013b4e00000 size:3145728 presentcount:0+2 line:1226 name:wa%gproj(:,:)
host:0x3cfc7f70 device:0x4008271ff400 size:2048 presentcount:0+1 line:179 name:w1(:)
host:0x3ddeb260 device:0x4013b5200000 size:7284736 presentcount:0+1 line:1101 name:w1%cptwfp(:)
host:0x3e4e5650 device:0x4013b5a00000 size:7284736 presentcount:0+1 line:1101 name:w1%cptwfp(:)
host:0x3ebe0070 device:0x4013b6200000 size:7284736 presentcount:0+1 line:1101 name:w1%cptwfp(:)
host:0x3f2d2ab0 device:0x4013b6a00000 size:7284736 presentcount:0+1 line:1101 name:w1%cptwfp(:)
host:0x4006a92610a0 device:0x4008e5400000 size:45593280 presentcount:0+1 line:430 name:var%nli(:,:)
host:0x4007a00012b0 device:0x400900000000 size:807411968 presentcount:0+1 line:430 name:var%rproj(:)
host:0x4007d0fe31a0 device:0x400960000000 size:230400000 presentcount:0+1 line:194 name:sv(:,:)
host:0x4008800035c0 device:0x4011a4a00000 size:14400000 presentcount:0+1 line:195 name:dencor(:)
host:0x400881b939e0 device:0x4011a5800000 size:28917760 presentcount:0+1 line:195 name:cstrf(:,:)
host:0x400883734a60 device:0x4008c0000000 size:590063616 presentcount:0+1 line:746 name:var%cptwfp(:,:,:,:)
host:0x4008aa136d70 device:0x4013a3400000 size:29138944 presentcount:0+2 line:1226 name:wa%cptwfp(:,:)
host:0x4008bbbd6f80 device:0x4013a5000000 size:29138944 presentcount:0+2 line:1226 name:wa%cptwfp(:,:)
host:0x400940007190 device:0x4013a6e00000 size:233111552 presentcount:0+2 line:1226 name:wa%cptwfp(:,:)
host:0x40094de677c0 device:0x401363400000 size:230400000 presentcount:0+1 line:1101 name:w1%cr(:)
host:0x4009a32c79d0 device:0x401371000000 size:230400000 presentcount:0+1 line:1236 name:w1%cr(:)
host:0x4009b0e97df0 device:0x401323400000 size:230400000 presentcount:0+1 line:1101 name:w1%cr(:)
host:0x400a00008000 device:0x401331000000 size:230400000 presentcount:0+1 line:1236 name:w1%cr(:)
host:0x400a0dbd8420 device:0x4012e3400000 size:230400000 presentcount:0+1 line:1101 name:w1%cr(:)
host:0x400a1b7a0020 device:0x4012f1000000 size:230400000 presentcount:0+1 line:1236 name:w1%cr(:)
host:0x400a29360440 device:0x4012a3400000 size:230400000 presentcount:0+1 line:1101 name:w1%cr(:)
host:0xfffff8c9d0e0 device:0x4008e43fc400 size:3024 presentcount:0+11 line:682 name:var
host:0xfffff8c9dcb0 device:0x4008071ff800 size:1480 presentcount:0+1 line:174 name:w_ini
host:0xfffff8c9e280 device:0x4008e43fae00 size:1480 presentcount:0+1 line:174 name:wopt
host:0xfffff8c9e850 device:0x4008471ff400 size:1480 presentcount:0+1 line:174 name:wtmpa
allocated block device:0x40065e3f0600 size:2560 thread:1
allocated block device:0x40065e3f1000 size:41472 thread:1
allocated block device:0x40065e3fb200 size:5120 thread:1
allocated block device:0x40065e3fc600 size:512 thread:1
allocated block device:0x40065e3fc800 size:512 thread:1
allocated block device:0x40065e3fca00 size:512 thread:1
allocated block device:0x40065e3fcc00 size:4608 thread:1
allocated block device:0x40065e3fde00 size:512 thread:1
allocated block device:0x40065e3fe000 size:4608 thread:1
allocated block device:0x40065e3ff200 size:512 thread:1
allocated block device:0x40065e3ff400 size:512 thread:1
allocated block device:0x40065e3ff600 size:512 thread:1
allocated block device:0x40065e3ff800 size:512 thread:1
allocated block device:0x40065e3ffa00 size:512 thread:1
allocated block device:0x40065e3ffc00 size:512 thread:1
allocated block device:0x40065e3ffe00 size:512 thread:1
allocated block device:0x40078e31a000 size:41472 thread:1
allocated block device:0x40078e324200 size:82944 thread:1
allocated block device:0x40078e338600 size:180224 thread:1
allocated block device:0x40078e364600 size:180224 thread:1
allocated block device:0x40078e390600 size:4608 thread:1
allocated block device:0x40078e391800 size:180224 thread:1
allocated block device:0x40078e3bd800 size:98304 thread:1
allocated block device:0x40078e3d5800 size:98304 thread:1
allocated block device:0x40078e3ed800 size:14848 thread:1
allocated block device:0x40078e3f1200 size:14848 thread:1
allocated block device:0x40078e3f4c00 size:10240 thread:1
allocated block device:0x40078e3f7400 size:10240 thread:1
allocated block device:0x40078e3f9c00 size:512 thread:1
allocated block device:0x40078e3f9e00 size:512 thread:1
allocated block device:0x40078e3fa000 size:5120 thread:1
allocated block device:0x40078e3fb400 size:1536 thread:1
allocated block device:0x40078e3fba00 size:1024 thread:1
allocated block device:0x40078e3fbe00 size:1024 thread:1
allocated block device:0x40078e3fc200 size:1536 thread:1
allocated block device:0x40078e3fc800 size:1024 thread:1
allocated block device:0x40078e3fcc00 size:1024 thread:1
allocated block device:0x40078e3fd000 size:1024 thread:1
allocated block device:0x40078e3fd400 size:6144 thread:1
allocated block device:0x40078e3fec00 size:2560 thread:1
allocated block device:0x40078e3ff600 size:2560 thread:1
allocated block device:0x4008071ff400 size:1024 thread:1
allocated block device:0x4008071ff800 size:1536 thread:1
allocated block device:0x4008271ff400 size:2048 thread:1
allocated block device:0x4008471ff400 size:2048 thread:1
allocated block device:0x4008471ffc00 size:512 thread:1
allocated block device:0x4008471ffe00 size:512 thread:1
allocated block device:0x4008c0000000 size:590063616 thread:1
allocated block device:0x4008e3c00000 size:1821184 thread:1
allocated block device:0x4008e3dbca00 size:512 thread:1
allocated block device:0x4008e3dbcc00 size:512 thread:1
allocated block device:0x4008e3dbce00 size:512 thread:1
allocated block device:0x4008e3dbd000 size:512 thread:1
allocated block device:0x4008e3dbd200 size:5120 thread:1
allocated block device:0x4008e3dbe600 size:1536 thread:1
allocated block device:0x4008e3dbec00 size:1024 thread:1
allocated block device:0x4008e3dbf000 size:1024 thread:1
allocated block device:0x4008e3dbf400 size:1536 thread:1
allocated block device:0x4008e3dbfa00 size:1024 thread:1
allocated block device:0x4008e3dbfe00 size:1024 thread:1
allocated block device:0x4008e3dc0200 size:17408 thread:1
allocated block device:0x4008e3dc4600 size:17408 thread:1
allocated block device:0x4008e3dc8a00 size:180224 thread:1
allocated block device:0x4008e3df4a00 size:2048 thread:1
allocated block device:0x4008e3df5200 size:512 thread:1
allocated block device:0x4008e3df5400 size:4608 thread:1
allocated block device:0x4008e3df6600 size:512 thread:1
allocated block device:0x4008e3df6800 size:4608 thread:1
allocated block device:0x4008e3df7a00 size:26112 thread:1
allocated block device:0x4008e3dfe000 size:3072 thread:1
allocated block device:0x4008e3dfec00 size:512 thread:1
allocated block device:0x4008e3dfee00 size:512 thread:1
allocated block device:0x4008e3dff000 size:512 thread:1
allocated block device:0x4008e3dff200 size:512 thread:1
allocated block device:0x4008e3dff400 size:512 thread:1
allocated block device:0x4008e3dff600 size:512 thread:1
allocated block device:0x4008e3dff800 size:512 thread:1
allocated block device:0x4008e3dffa00 size:512 thread:1
allocated block device:0x4008e3dffc00 size:512 thread:1
allocated block device:0x4008e3dffe00 size:512 thread:1
allocated block device:0x4008e3e00000 size:1821184 thread:1
allocated block device:0x4008e3fbca00 size:180224 thread:1
allocated block device:0x4008e3fe8a00 size:4608 thread:1
allocated block device:0x4008e3fe9c00 size:4608 thread:1
allocated block device:0x4008e3feae00 size:4608 thread:1
allocated block device:0x4008e3fec000 size:24064 thread:1
allocated block device:0x4008e3ff1e00 size:24064 thread:1
allocated block device:0x4008e3ff7c00 size:3072 thread:1
allocated block device:0x4008e3ff8800 size:3072 thread:1
allocated block device:0x4008e3ff9400 size:512 thread:1
allocated block device:0x4008e3ff9600 size:5120 thread:1
allocated block device:0x4008e3ffaa00 size:1536 thread:1
allocated block device:0x4008e3ffb000 size:2560 thread:1
allocated block device:0x4008e3ffba00 size:1536 thread:1
allocated block device:0x4008e3ffc000 size:2048 thread:1
allocated block device:0x4008e3ffc800 size:6144 thread:1
allocated block device:0x4008e3ffe000 size:6144 thread:1
allocated block device:0x4008e3fff800 size:512 thread:1
allocated block device:0x4008e3fffa00 size:512 thread:1
allocated block device:0x4008e3fffc00 size:512 thread:1
allocated block device:0x4008e3fffe00 size:512 thread:1
allocated block device:0x4008e4000000 size:1821184 thread:1
allocated block device:0x4008e41bca00 size:180224 thread:1
allocated block device:0x4008e41e8a00 size:6144 thread:1
allocated block device:0x4008e41ea200 size:512 thread:1
allocated block device:0x4008e41ea400 size:512 thread:1
allocated block device:0x4008e41ea600 size:512 thread:1
allocated block device:0x4008e41ea800 size:512 thread:1
allocated block device:0x4008e41eaa00 size:512 thread:1
allocated block device:0x4008e41eac00 size:512 thread:1
allocated block device:0x4008e41eae00 size:512 thread:1
allocated block device:0x4008e41eb000 size:512 thread:1
allocated block device:0x4008e41eb200 size:512 thread:1
allocated block device:0x4008e41eb400 size:512 thread:1
allocated block device:0x4008e41eb600 size:1536 thread:1
allocated block device:0x4008e41ebc00 size:1536 thread:1
allocated block device:0x4008e41ec200 size:512 thread:1
allocated block device:0x4008e41ec400 size:2560 thread:1
allocated block device:0x4008e41ece00 size:6144 thread:1
allocated block device:0x4008e41ee600 size:28672 thread:1
allocated block device:0x4008e41f5600 size:40448 thread:1
allocated block device:0x4008e41ff400 size:512 thread:1
allocated block device:0x4008e41ff600 size:2048 thread:1
allocated block device:0x4008e4200000 size:1821184 thread:1
allocated block device:0x4008e43bca00 size:180224 thread:1
allocated block device:0x4008e43e8a00 size:8192 thread:1
allocated block device:0x4008e43eaa00 size:8192 thread:1
allocated block device:0x4008e43eca00 size:40448 thread:1
allocated block device:0x4008e43f6800 size:8192 thread:1
allocated block device:0x4008e43fae00 size:2560 thread:1
allocated block device:0x4008e43fc400 size:3072 thread:1
allocated block device:0x4008e4c00000 size:7284736 thread:1
allocated block device:0x4008e5400000 size:45593600 thread:1
allocated block device:0x4008fcc00000 size:7284736 thread:1
allocated block device:0x400900000000 size:807412224 thread:1
allocated block device:0x400960000000 size:230400000 thread:1
allocated block device:0x40097b85fa00 size:921600 thread:1
allocated block device:0x40097b940a00 size:444416 thread:1
allocated block device:0x40097b9bce00 size:98304 thread:1
allocated block device:0x40097b9d4e00 size:98304 thread:1
allocated block device:0x40097ba00000 size:2799616 thread:1
allocated block device:0x40097be00000 size:7962624 thread:1
allocated block device:0x4011a3400000 size:3614720 thread:1
allocated block device:0x4011a3800000 size:3614720 thread:1
allocated block device:0x4011a3c00000 size:3614720 thread:1
allocated block device:0x4011a4000000 size:3614720 thread:1
allocated block device:0x4011a4400000 size:453632 thread:1
allocated block device:0x4011a446ec00 size:453632 thread:1
allocated block device:0x4011a459d800 size:393216 thread:1
allocated block device:0x4011a4600000 size:2799616 thread:1
allocated block device:0x4011a4a00000 size:14400000 thread:1
allocated block device:0x4011a5800000 size:28917760 thread:1
allocated block device:0x4012a3400000 size:230400000 thread:1
allocated block device:0x4012e3400000 size:230400000 thread:1
allocated block device:0x4012f1000000 size:230400000 thread:1
allocated block device:0x401323400000 size:230400000 thread:1
allocated block device:0x401331000000 size:230400000 thread:1
allocated block device:0x401363400000 size:230400000 thread:1
allocated block device:0x401371000000 size:230400000 thread:1
allocated block device:0x4013a3400000 size:29138944 thread:1
allocated block device:0x4013a5000000 size:29138944 thread:1
allocated block device:0x4013a6c00000 size:393216 thread:1
allocated block device:0x4013a6e00000 size:233111552 thread:1
allocated block device:0x4013b4e00000 size:3145728 thread:1
allocated block device:0x4013b5200000 size:7284736 thread:1
allocated block device:0x4013b5a00000 size:7284736 thread:1
allocated block device:0x4013b6200000 size:7284736 thread:1
allocated block device:0x4013b6a00000 size:7284736 thread:1
Accelerator Fatal Error: call to cuMemAlloc returned error 2 (CUDA_ERROR_OUT_OF_MEMORY): Out of memory
 File: /lus/lfs1aip2/projects/u6cb/software/VASP/vasp.6.5.1/build/gam/wave.f90
 Function: newwav_r:1223
 Line: 1236

total/free CUDA memory: 102005473280/436404224
Present table dump for device[1]: NVIDIA Tesla GPU 0, compute capability 9.0, threadid=1
Hint: specify 0x800 bit in NV_ACC_DEBUG for verbose info.
host:0x2557280 device:0x400883df6600 size:32 presentcount:0+3 line:643 name:var%comm
host:0x25572a0 device:0x4005fe5ffa00 size:32 presentcount:0+4 line:652 name:var%comm_kinter
host:0x25572c0 device:0x4005fe5ffc00 size:32 presentcount:0+6 line:655 name:var%comm_kin
host:0x25572e0 device:0x4005fe5ff400 size:32 presentcount:0+3 line:646 name:var%comm_inter
host:0x2557300 device:0x4005fe5ff600 size:32 presentcount:0+7 line:649 name:var%comm_inb
host:0x256be80 device:0x4005fa0ecd00 size:8 presentcount:0+1 line:-1 name:_setexm_struct_def_21
host:0x2576f40 device:0x4005fa0ece00 size:28 presentcount:0+1 line:-1 name:_ml_ff_constant_21
host:0x2577c80 device:0x4005fa0ecf00 size:30437 presentcount:0+1 line:-1 name:_ml_ff_taglist_21
host:0x25afc80 device:0x4005fa0f4600 size:8 presentcount:0+1 line:-1 name:_mopenacc_tutor_21
host:0x25c2740 device:0x4005fa0f4a00 size:32 presentcount:0+1 line:-1 name:_mbj_21
host:0x25cd640 device:0x4005fa0f4d00 size:8 presentcount:0+1 line:-1 name:_sym_prec_21
host:0x26030c0 device:0x4005fa0f4e00 size:344 presentcount:0+1 line:-1 name:_tet_21
host:0x261c840 device:0x4005fa0f5000 size:392 presentcount:0+1 line:-1 name:_mymath_21
host:0x2817368 device:0x400883dbd200 size:4800 presentcount:0+2 line:614 name:var
host:0x2818628 device:0x400883df4a00 size:1984 presentcount:0+2 line:403 name:var
host:0x281a910 device:0x40079c3ff400 size:864 presentcount:0+4 line:2639 name:hamiltonian
host:0x286ac80 device:0x400883dfe000 size:2712 presentcount:0+2 line:428 name:var
host:0x286b718 device:0x4005fe5f0600 size:2248 presentcount:0+1 line:742 name:var
host:0x286eb50 device:0x4008841ff400 size:288 presentcount:0+1 line:195 name:latt_cur
host:0x2871658 device:0x4005fe5fb200 size:5088 presentcount:0+28 line:517 name:var
host:0x2872a38 device:0x4007303fa000 size:5088 presentcount:0+6 line:517 name:var
host:0x2873e18 device:0x400883ff9600 size:5088 presentcount:0+7 line:517 name:var
host:0x287a2a8 device:0x4008841eb400 size:304 presentcount:0+1 line:567 name:var
host:0x287a3d8 device:0x4008841ec200 size:304 presentcount:0+1 line:567 name:var
host:0x2e48ec0 device:0x4005fa002600 size:960024 presentcount:0+1 line:-1 name:_setexm_struct_def_16
host:0x2f8f080 device:0x4005fa0f4700 size:580 presentcount:0+1 line:-1 name:_wpbe_16
host:0x2f8f900 device:0x4005fa0f4b00 size:288 presentcount:0+1 line:-1 name:_mbj_16
host:0x9f446c0 device:0x4005fa0f5200 size:624 presentcount:0+1 line:-1 name:_mlr_optic_16
host:0xef44e60 device:0x400883dbf000 size:1000 presentcount:0+4 line:519 name:var%lpctz(:)
host:0xef47e30 device:0x4008841ea800 size:260 presentcount:0+1 line:499 name:var%ptri(:)
host:0xef48120 device:0x4008841ea200 size:260 presentcount:0+1 line:499 name:var%n(:)
host:0xf02cd80 device:0x400883dfee00 size:8 presentcount:0+3 line:616 name:var%nityp(:)
host:0xf02cdb0 device:0x400883dfec00 size:8 presentcount:0+3 line:616 name:var%lmmax(:)
host:0x1010b2d0 device:0x4007303fd000 size:528 presentcount:0+1 line:480 name:var
host:0x1435bf60 device:0x4005fe5ff800 size:8 presentcount:0+4 line:405 name:var%nityp(:)
host:0x1481df70 device:0x4008841ea400 size:260 presentcount:0+1 line:499 name:var%ptr(:)
host:0x14cd8c60 device:0x4008841ee600 size:28464 presentcount:0+1 line:853 name:var(:)
host:0x14cf24a0 device:0x4008843eca00 size:40000 presentcount:0+1 line:857 name:var%psp(:,:)
host:0x14cfc110 device:0x4008843f6800 size:8000 presentcount:0+1 line:857 name:var%psprho(:)
host:0x14cff4f0 device:0x400883ff1e00 size:24000 presentcount:0+2 line:466 name:var%psprnl(:,:,:)
host:0x14d2f020 device:0x400883fe9c00 size:4320 presentcount:0+4 line:405 name:var%ityp(:)
host:0x14d30130 device:0x400883df7a00 size:25920 presentcount:0+4 line:405 name:var%posion(:,:)
host:0x14d73220 device:0x400883dff400 size:8 presentcount:0+2 line:616 name:var%wtkpt(:)
host:0x14d739c0 device:0x4008841f5600 size:40000 presentcount:0+1 line:857 name:var%psp(:,:)
host:0x14d7d630 device:0x4008843e8a00 size:8000 presentcount:0+1 line:857 name:var%pspcor(:)
host:0x14d7f5a0 device:0x4008843eaa00 size:8000 presentcount:0+1 line:857 name:var%psprho(:)
host:0x14d82830 device:0x400883fec000 size:24000 presentcount:0+2 line:466 name:var%psprnl(:,:,:)
host:0x14dc7d50 device:0x4005fe5fc600 size:24 presentcount:0+3 line:466 name:var%lps(:)
host:0x14dc7e00 device:0x4005fe5fca00 size:24 presentcount:0+3 line:466 name:var%lps(:)
host:0x14e1e900 device:0x400883dff200 size:24 presentcount:0+3 line:616 name:var%vkpt(:,:)
host:0x14e43bb0 device:0x400883dbd000 size:16 presentcount:0+2 line:430 name:var%psrmax(:)
host:0x14e44170 device:0x400883fe8a00 size:4320 presentcount:0+3 line:616 name:var%ityp(:)
host:0x14e45280 device:0x400883dff000 size:8 presentcount:0+3 line:616 name:var%nt_global(:)
host:0x14e452b0 device:0x400883df6800 size:4320 presentcount:0+3 line:616 name:var%npro_pos(:)
host:0x14e463c0 device:0x400883df5400 size:4324 presentcount:0+3 line:616 name:var%lmbase(:)
host:0x14e474d0 device:0x400883dff800 size:4 presentcount:0+2 line:616 name:var%nplwkp(:)
host:0x14e47500 device:0x400883dffa00 size:4 presentcount:0+2 line:616 name:var%nplwkp_tot(:)
host:0x14e47530 device:0x400883dffc00 size:4 presentcount:0+2 line:616 name:var%ngvector_pos(:)
host:0x14e47560 device:0x400883dff600 size:4 presentcount:0+2 line:616 name:var%ngvector(:)
host:0x14e47590 device:0x400883dbe600 size:1280 presentcount:0+4 line:519 name:var%lpctx(:)
host:0x14e47ac0 device:0x400883dbec00 size:720 presentcount:0+4 line:519 name:var%lpcty(:)
host:0x14e47dc0 device:0x400883dbf400 size:1280 presentcount:0+4 line:519 name:var%lpctx_(:)
host:0x14e482f0 device:0x400883dbfa00 size:720 presentcount:0+4 line:519 name:var%lpcty_(:)
host:0x14e485f0 device:0x400883dbfe00 size:1000 presentcount:0+4 line:519 name:var%lpctz_(:)
host:0x14e48a00 device:0x4007303fb400 size:1280 presentcount:0+1 line:519 name:var%lpctx(:)
host:0x14e48f30 device:0x4007303fba00 size:720 presentcount:0+1 line:519 name:var%lpcty(:)
host:0x14e49230 device:0x4007303fbe00 size:1000 presentcount:0+1 line:519 name:var%lpctz(:)
host:0x14e49640 device:0x4007303fc200 size:1280 presentcount:0+1 line:519 name:var%lpctx_(:)
host:0x14e49b70 device:0x4007303fc800 size:720 presentcount:0+1 line:519 name:var%lpcty_(:)
host:0x14e49e70 device:0x4007303fcc00 size:1000 presentcount:0+1 line:519 name:var%lpctz_(:)
host:0x14e4a280 device:0x400883ff7c00 size:2560 presentcount:0+1 line:519 name:var%lpctx(:)
host:0x14e4acb0 device:0x400883ffaa00 size:1440 presentcount:0+1 line:519 name:var%lpcty(:)
host:0x14e4b280 device:0x400883ff8800 size:2000 presentcount:0+1 line:519 name:var%lpctz(:)
host:0x14e4ba80 device:0x400883ffb000 size:2560 presentcount:0+1 line:519 name:var%lpctx_(:)
host:0x14e4c4b0 device:0x400883ffba00 size:1440 presentcount:0+1 line:519 name:var%lpcty_(:)
host:0x14e4ca80 device:0x400883ffc000 size:2000 presentcount:0+1 line:519 name:var%lpctz_(:)
host:0x14f400e0 device:0x400883ffc800 size:5648 presentcount:0+1 line:482 name:var%i2(:)
host:0x14f41720 device:0x400883ffe000 size:5648 presentcount:0+1 line:482 name:var%i3(:)
host:0x14f42d60 device:0x4007303f4c00 size:10040 presentcount:0+1 line:482 name:var%i2(:)
host:0x14f454c0 device:0x4007303f7400 size:10040 presentcount:0+1 line:482 name:var%i3(:)
host:0x14f47c20 device:0x4007303ed800 size:14400 presentcount:0+2 line:482 name:var%i2(:)
host:0x14f4b490 device:0x4007303f1200 size:14400 presentcount:0+2 line:482 name:var%i3(:)
host:0x14f4f120 device:0x40091b85fa00 size:921600 presentcount:0+2 line:482 name:var%index(:,:)
host:0x15030150 device:0x4008841ec400 size:2560 presentcount:0+1 line:569 name:var%ind1(:)
host:0x15030b80 device:0x4008841ece00 size:5648 presentcount:0+1 line:569 name:var%indcol(:)
host:0x150321c0 device:0x4007303fd400 size:5648 presentcount:0+1 line:482 name:var%i2(:)
host:0x15033800 device:0x4008841e8a00 size:5648 presentcount:0+1 line:482 name:var%i3(:)
host:0x15034e40 device:0x4007303fec00 size:2520 presentcount:0+1 line:482 name:var%i2(:)
host:0x15035840 device:0x4007303ff600 size:2520 presentcount:0+1 line:482 name:var%i3(:)
host:0x15036240 device:0x4005fe5fcc00 size:4320 presentcount:0+2 line:430 name:var%nlimax(:)
host:0x15037350 device:0x4005fe5fe000 size:4324 presentcount:0+2 line:430 name:var%lmbase(:)
host:0x15038460 device:0x400730390600 size:4324 presentcount:0+2 line:430 name:var%nlibase(:)
host:0x15039570 device:0x400883dc0200 size:17132 presentcount:0+4 line:519 name:var%nindpwconjg(:)
host:0x1503d890 device:0x400883dc4600 size:17132 presentcount:0+4 line:519 name:var%ind_in_sphere(:)
host:0x150431f0 device:0x4005fe5ff200 size:260 presentcount:0+1 line:499 name:var%ptr(:)
host:0x15043320 device:0x4005fe5fde00 size:260 presentcount:0+1 line:499 name:var%n(:)
host:0x15043450 device:0x400883fffa00 size:260 presentcount:0+1 line:499 name:var%ptri(:)
host:0x15043580 device:0x400883fff800 size:260 presentcount:0+1 line:499 name:var%ni(:)
host:0x150436b0 device:0x400883fffe00 size:260 presentcount:0+1 line:499 name:var%ptr(:)
host:0x150437e0 device:0x400883fffc00 size:260 presentcount:0+1 line:499 name:var%n(:)
host:0x15043910 device:0x4007303f9e00 size:260 presentcount:0+1 line:499 name:var%ptri(:)
host:0x15043a40 device:0x4007303f9c00 size:260 presentcount:0+1 line:499 name:var%ni(:)
host:0x15043b70 device:0x4008841ea600 size:260 presentcount:0+1 line:499 name:var%ni(:)
host:0x15043ca0 device:0x4008841eac00 size:260 presentcount:0+1 line:499 name:var%ptr(:)
host:0x15043dd0 device:0x4008841eaa00 size:260 presentcount:0+1 line:499 name:var%n(:)
host:0x15043f00 device:0x4008841eb200 size:4 presentcount:0+1 line:499 name:var%tbli(:)
host:0x15043f30 device:0x4008841eb000 size:260 presentcount:0+1 line:499 name:var%ptri(:)
host:0x15044060 device:0x4008841eae00 size:260 presentcount:0+1 line:499 name:var%ni(:)
host:0x150702f0 device:0x4008841eb600 size:1280 presentcount:0+1 line:569 name:var%ind1(:)
host:0x15070820 device:0x4008841ebc00 size:1384 presentcount:0+1 line:569 name:var%indcol(:)
host:0x15070db0 device:0x400730338600 size:180000 presentcount:0+4 line:482 name:var%i2(:)
host:0x1509cd00 device:0x400730364600 size:180000 presentcount:0+4 line:482 name:var%i3(:)
host:0x150c8c50 device:0x400883dc8a00 size:180000 presentcount:0+8 line:482 name:var%index(:,:)
host:0x150f4ba0 device:0x4008843bca00 size:180000 presentcount:0+8 line:482 name:var%i2(:)
host:0x15120af0 device:0x400730391800 size:180000 presentcount:0+8 line:482 name:var%i3(:)
host:0x1514d070 device:0x400883e00000 size:1821184 presentcount:0+3 line:616 name:var%nindpw(:,:)
host:0x15309aa0 device:0x400883df5200 size:8 presentcount:0+2 line:616 name:var%nb_totk(:,:)
host:0x15309ad0 device:0x400883dffe00 size:4 presentcount:0+2 line:616 name:var%luseinv(:)
host:0x15309b00 device:0x400883dbcc00 size:4 presentcount:0+2 line:616 name:var%at_gamma(:)
host:0x15309b30 device:0x400883fbca00 size:180000 presentcount:0+3 line:616 name:var%pl_index(:,:)
host:0x15335a80 device:0x4008841bca00 size:180000 presentcount:0+3 line:616 name:var%pl_col(:,:)
host:0x153619d0 device:0x400883ff9400 size:8 presentcount:0+2 line:405 name:var%lmmax(:)
host:0x15361a00 device:0x4005fe5ffe00 size:8 presentcount:0+2 line:430 name:var%lmax(:)
host:0x15361a30 device:0x400883feae00 size:4324 presentcount:0+2 line:405 name:var%lmbase(:)
host:0x15362b40 device:0x400883dbca00 size:8 presentcount:0+2 line:430 name:var%lmmax(:)
host:0x15362b70 device:0x400883dbce00 size:8 presentcount:0+2 line:430 name:var%channels(:)
host:0x15362ba0 device:0x4007dc1ffc00 size:16 presentcount:0+2 line:430 name:var%rsmooth(:)
host:0x15362be0 device:0x4007dc1ffe00 size:400 presentcount:0+2 line:464 name:var
host:0x15362d70 device:0x4005fe5fc800 size:400 presentcount:0+2 line:464 name:var
host:0x153d3790 device:0x40091b940a00 size:442880 presentcount:0+1 line:499 name:var%tbl(:)
host:0x155c3600 device:0x400884c00000 size:7284736 presentcount:0+3 line:616 name:var%datake(:,:,:)
host:0x15cb6880 device:0x400884000000 size:1821184 presentcount:0+3 line:616 name:var%igx(:,:)
host:0x15e73f10 device:0x400883c00000 size:1821184 presentcount:0+3 line:616 name:var%igy(:,:)
host:0x160317b0 device:0x400884200000 size:1821184 presentcount:0+3 line:616 name:var%igz(:,:)
host:0x161ef680 device:0x40089cc00000 size:7284272 presentcount:0+4 line:519 name:var%fftsca(:,:)
host:0x1694df10 device:0x401144400000 size:453600 presentcount:0+1 line:499 name:var%tbli(:)
host:0x169bcb20 device:0x40114446ec00 size:453600 presentcount:0+1 line:499 name:var%tbl(:)
host:0x16b2da00 device:0x401143400000 size:3614720 presentcount:0+1 line:499 name:var%tbl(:)
host:0x17215df0 device:0x401143800000 size:3614400 presentcount:0+1 line:499 name:var%tbli(:)
host:0x1758a1c0 device:0x401143c00000 size:3614400 presentcount:0+1 line:499 name:var%tbl(:)
host:0x17ab25e0 device:0x400730324200 size:82944 presentcount:0+2 line:746 name:var%celtot(:,:,:)
host:0x17b72420 device:0x4005fe5f1000 size:41472 presentcount:0+1 line:746 name:var%auxtot(:,:,:)
host:0x17b92420 device:0x40073031a000 size:41472 presentcount:0+2 line:746 name:var%fertot(:,:,:)
host:0x17c72f90 device:0x401144000000 size:3614400 presentcount:0+1 line:499 name:var%tbli(:)
host:0x194a71d0 device:0x40091ba00000 size:2799360 presentcount:0+2 line:194 name:cdij(:,:,:,:)
host:0x197568f0 device:0x401144600000 size:2799360 presentcount:0+2 line:194 name:cqij(:,:,:,:)
host:0x19cb65a0 device:0x40091be00000 size:7962624 presentcount:0+5 line:746 name:var%gproj(:,:,:,:)
host:0x1a6721e0 device:0x4007303bd800 size:98304 presentcount:0+1 line:1101 name:w1%gproj(:)
host:0x1a6f0950 device:0x4007bc3ff400 size:2048 presentcount:0+1 line:179 name:w1(:)
host:0x1a6f1170 device:0x4008841ff600 size:2048 presentcount:0+1 line:179 name:wtmp(:)
host:0x1a8785a0 device:0x40114459d800 size:393216 presentcount:0+2 line:1226 name:wa%gproj(:,:)
host:0x1a8d85d0 device:0x401346c00000 size:393216 presentcount:0+2 line:1226 name:wa%gproj(:,:)
host:0x1a938600 device:0x4007303d5800 size:98304 presentcount:0+1 line:1101 name:w1%gproj(:)
host:0x1a950630 device:0x40091b9bc800 size:98304 presentcount:0+1 line:1101 name:w1%gproj(:)
host:0x1a968660 device:0x40091b9d4800 size:98304 presentcount:0+1 line:1101 name:w1%gproj(:)
host:0x23100570 device:0x401354e00000 size:3145728 presentcount:0+2 line:1226 name:wa%gproj(:,:)
host:0x2822d550 device:0x401357200000 size:14569472 presentcount:0+1 line:202 name:precon(:,:)
host:0x29019900 device:0x401355200000 size:7284736 presentcount:0+1 line:1101 name:w1%cptwfp(:)
host:0x29713ae0 device:0x401355a00000 size:7284736 presentcount:0+1 line:1101 name:w1%cptwfp(:)
host:0x29e0e2f0 device:0x401356200000 size:7284736 presentcount:0+1 line:1101 name:w1%cptwfp(:)
host:0x2a500b20 device:0x401356a00000 size:7284736 presentcount:0+1 line:1101 name:w1%cptwfp(:)
host:0x40068c0010a0 device:0x400885400000 size:45593280 presentcount:0+2 line:430 name:var%nli(:,:)
host:0x400690e931a0 device:0x400900000000 size:230400000 presentcount:0+2 line:194 name:sv(:,:)
host:0x40069ea535c0 device:0x401144a00000 size:14400000 presentcount:0+1 line:195 name:dencor(:)
host:0x4007400012b0 device:0x4008a0000000 size:807411968 presentcount:0+2 line:430 name:var%rproj(:)
host:0x400770fe39e0 device:0x401145800000 size:28917760 presentcount:0+1 line:195 name:cstrf(:,:)
host:0x4007762c6b60 device:0x401343400000 size:29138944 presentcount:0+2 line:1226 name:wa%cptwfp(:,:)
host:0x400820004a60 device:0x400860000000 size:590063616 presentcount:0+5 line:746 name:var%cptwfp(:,:,:,:)
host:0x400843a66d70 device:0x401345000000 size:29138944 presentcount:0+2 line:1226 name:wa%cptwfp(:,:)
host:0x400845646f80 device:0x401346e00000 size:233111552 presentcount:0+2 line:1226 name:wa%cptwfp(:,:)
host:0x4008e6e975b0 device:0x401303400000 size:230400000 presentcount:0+1 line:1101 name:w1%cr(:)
host:0x4009432c77c0 device:0x401311000000 size:230400000 presentcount:0+1 line:1236 name:w1%cr(:)
host:0x400950e97be0 device:0x4012c3400000 size:230400000 presentcount:0+1 line:1101 name:w1%cr(:)
host:0x4009a0007df0 device:0x4012d1000000 size:230400000 presentcount:0+1 line:1236 name:w1%cr(:)
host:0x4009adbd8210 device:0x401283400000 size:230400000 presentcount:0+1 line:1101 name:w1%cr(:)
host:0x4009bb7a8420 device:0x401291000000 size:230400000 presentcount:0+1 line:1236 name:w1%cr(:)
host:0x4009c9370230 device:0x401243400000 size:230400000 presentcount:0+1 line:1101 name:w1%cr(:)
host:0x400ea0000440 device:0x401251000000 size:230400000 presentcount:0+1 line:1236 name:w1%cr(:)
host:0xffffde0d9030 device:0x4008843fc400 size:3024 presentcount:0+12 line:682 name:var
host:0xffffde0d9c00 device:0x40079c3ff800 size:1480 presentcount:0+1 line:174 name:w_ini
host:0xffffde0da1d0 device:0x4008843fae00 size:1480 presentcount:0+1 line:174 name:wopt
host:0xffffde0da7a0 device:0x4007dc1ff400 size:1480 presentcount:0+1 line:174 name:wtmpa
allocated block device:0x4005fe5f0600 size:2560 thread:1
allocated block device:0x4005fe5f1000 size:41472 thread:1
allocated block device:0x4005fe5fb200 size:5120 thread:1
allocated block device:0x4005fe5fc600 size:512 thread:1
allocated block device:0x4005fe5fc800 size:512 thread:1
allocated block device:0x4005fe5fca00 size:512 thread:1
allocated block device:0x4005fe5fcc00 size:4608 thread:1
allocated block device:0x4005fe5fde00 size:512 thread:1
allocated block device:0x4005fe5fe000 size:4608 thread:1
allocated block device:0x4005fe5ff200 size:512 thread:1
allocated block device:0x4005fe5ff400 size:512 thread:1
allocated block device:0x4005fe5ff600 size:512 thread:1
allocated block device:0x4005fe5ff800 size:512 thread:1
allocated block device:0x4005fe5ffa00 size:512 thread:1
allocated block device:0x4005fe5ffc00 size:512 thread:1
allocated block device:0x4005fe5ffe00 size:512 thread:1
allocated block device:0x40073031a000 size:41472 thread:1
allocated block device:0x400730324200 size:82944 thread:1
allocated block device:0x400730338600 size:180224 thread:1
allocated block device:0x400730364600 size:180224 thread:1
allocated block device:0x400730390600 size:4608 thread:1
allocated block device:0x400730391800 size:180224 thread:1
allocated block device:0x4007303bd800 size:98304 thread:1
allocated block device:0x4007303d5800 size:98304 thread:1
allocated block device:0x4007303ed800 size:14848 thread:1
allocated block device:0x4007303f1200 size:14848 thread:1
allocated block device:0x4007303f4c00 size:10240 thread:1
allocated block device:0x4007303f7400 size:10240 thread:1
allocated block device:0x4007303f9c00 size:512 thread:1
allocated block device:0x4007303f9e00 size:512 thread:1
allocated block device:0x4007303fa000 size:5120 thread:1
allocated block device:0x4007303fb400 size:1536 thread:1
allocated block device:0x4007303fba00 size:1024 thread:1
allocated block device:0x4007303fbe00 size:1024 thread:1
allocated block device:0x4007303fc200 size:1536 thread:1
allocated block device:0x4007303fc800 size:1024 thread:1
allocated block device:0x4007303fcc00 size:1024 thread:1
allocated block device:0x4007303fd000 size:1024 thread:1
allocated block device:0x4007303fd400 size:6144 thread:1
allocated block device:0x4007303fec00 size:2560 thread:1
allocated block device:0x4007303ff600 size:2560 thread:1
allocated block device:0x40079c3ff400 size:1024 thread:1
allocated block device:0x40079c3ff800 size:1536 thread:1
allocated block device:0x4007bc3ff400 size:2048 thread:1
allocated block device:0x4007dc1ff400 size:2048 thread:1
allocated block device:0x4007dc1ffc00 size:512 thread:1
allocated block device:0x4007dc1ffe00 size:512 thread:1
allocated block device:0x400860000000 size:590063616 thread:1
allocated block device:0x400883c00000 size:1821184 thread:1
allocated block device:0x400883dbca00 size:512 thread:1
allocated block device:0x400883dbcc00 size:512 thread:1
allocated block device:0x400883dbce00 size:512 thread:1
allocated block device:0x400883dbd000 size:512 thread:1
allocated block device:0x400883dbd200 size:5120 thread:1
allocated block device:0x400883dbe600 size:1536 thread:1
allocated block device:0x400883dbec00 size:1024 thread:1
allocated block device:0x400883dbf000 size:1024 thread:1
allocated block device:0x400883dbf400 size:1536 thread:1
allocated block device:0x400883dbfa00 size:1024 thread:1
allocated block device:0x400883dbfe00 size:1024 thread:1
allocated block device:0x400883dc0200 size:17408 thread:1
allocated block device:0x400883dc4600 size:17408 thread:1
allocated block device:0x400883dc8a00 size:180224 thread:1
allocated block device:0x400883df4a00 size:2048 thread:1
allocated block device:0x400883df5200 size:512 thread:1
allocated block device:0x400883df5400 size:4608 thread:1
allocated block device:0x400883df6600 size:512 thread:1
allocated block device:0x400883df6800 size:4608 thread:1
allocated block device:0x400883df7a00 size:26112 thread:1
allocated block device:0x400883dfe000 size:3072 thread:1
allocated block device:0x400883dfec00 size:512 thread:1
allocated block device:0x400883dfee00 size:512 thread:1
allocated block device:0x400883dff000 size:512 thread:1
allocated block device:0x400883dff200 size:512 thread:1
allocated block device:0x400883dff400 size:512 thread:1
allocated block device:0x400883dff600 size:512 thread:1
allocated block device:0x400883dff800 size:512 thread:1
allocated block device:0x400883dffa00 size:512 thread:1
allocated block device:0x400883dffc00 size:512 thread:1
allocated block device:0x400883dffe00 size:512 thread:1
allocated block device:0x400883e00000 size:1821184 thread:1
allocated block device:0x400883fbca00 size:180224 thread:1
allocated block device:0x400883fe8a00 size:4608 thread:1
allocated block device:0x400883fe9c00 size:4608 thread:1
allocated block device:0x400883feae00 size:4608 thread:1
allocated block device:0x400883fec000 size:24064 thread:1
allocated block device:0x400883ff1e00 size:24064 thread:1
allocated block device:0x400883ff7c00 size:3072 thread:1
allocated block device:0x400883ff8800 size:3072 thread:1
allocated block device:0x400883ff9400 size:512 thread:1
allocated block device:0x400883ff9600 size:5120 thread:1
allocated block device:0x400883ffaa00 size:1536 thread:1
allocated block device:0x400883ffb000 size:2560 thread:1
allocated block device:0x400883ffba00 size:1536 thread:1
allocated block device:0x400883ffc000 size:2048 thread:1
allocated block device:0x400883ffc800 size:6144 thread:1
allocated block device:0x400883ffe000 size:6144 thread:1
allocated block device:0x400883fff800 size:512 thread:1
allocated block device:0x400883fffa00 size:512 thread:1
allocated block device:0x400883fffc00 size:512 thread:1
allocated block device:0x400883fffe00 size:512 thread:1
allocated block device:0x400884000000 size:1821184 thread:1
allocated block device:0x4008841bca00 size:180224 thread:1
allocated block device:0x4008841e8a00 size:6144 thread:1
allocated block device:0x4008841ea200 size:512 thread:1
allocated block device:0x4008841ea400 size:512 thread:1
allocated block device:0x4008841ea600 size:512 thread:1
allocated block device:0x4008841ea800 size:512 thread:1
allocated block device:0x4008841eaa00 size:512 thread:1
allocated block device:0x4008841eac00 size:512 thread:1
allocated block device:0x4008841eae00 size:512 thread:1
allocated block device:0x4008841eb000 size:512 thread:1
allocated block device:0x4008841eb200 size:512 thread:1
allocated block device:0x4008841eb400 size:512 thread:1
allocated block device:0x4008841eb600 size:1536 thread:1
allocated block device:0x4008841ebc00 size:1536 thread:1
allocated block device:0x4008841ec200 size:512 thread:1
allocated block device:0x4008841ec400 size:2560 thread:1
allocated block device:0x4008841ece00 size:6144 thread:1
allocated block device:0x4008841ee600 size:28672 thread:1
allocated block device:0x4008841f5600 size:40448 thread:1
allocated block device:0x4008841ff400 size:512 thread:1
allocated block device:0x4008841ff600 size:2048 thread:1
allocated block device:0x400884200000 size:1821184 thread:1
allocated block device:0x4008843bca00 size:180224 thread:1
allocated block device:0x4008843e8a00 size:8192 thread:1
allocated block device:0x4008843eaa00 size:8192 thread:1
allocated block device:0x4008843eca00 size:40448 thread:1
allocated block device:0x4008843f6800 size:8192 thread:1
allocated block device:0x4008843fae00 size:2560 thread:1
allocated block device:0x4008843fc400 size:3072 thread:1
allocated block device:0x400884c00000 size:7284736 thread:1
allocated block device:0x400885400000 size:45593600 thread:1
allocated block device:0x40089cc00000 size:7284736 thread:1
allocated block device:0x4008a0000000 size:807412224 thread:1
allocated block device:0x400900000000 size:230400000 thread:1
allocated block device:0x40091b85fa00 size:921600 thread:1
allocated block device:0x40091b940a00 size:442880 thread:1
allocated block device:0x40091b9bc800 size:98304 thread:1
allocated block device:0x40091b9d4800 size:98304 thread:1
allocated block device:0x40091ba00000 size:2799616 thread:1
allocated block device:0x40091be00000 size:7962624 thread:1
allocated block device:0x401143400000 size:3614720 thread:1
allocated block device:0x401143800000 size:3614720 thread:1
allocated block device:0x401143c00000 size:3614720 thread:1
allocated block device:0x401144000000 size:3614720 thread:1
allocated block device:0x401144400000 size:453632 thread:1
allocated block device:0x40114446ec00 size:453632 thread:1
allocated block device:0x40114459d800 size:393216 thread:1
allocated block device:0x401144600000 size:2799616 thread:1
allocated block device:0x401144a00000 size:14400000 thread:1
allocated block device:0x401145800000 size:28917760 thread:1
allocated block device:0x401243400000 size:230400000 thread:1
allocated block device:0x401251000000 size:230400000 thread:1
allocated block device:0x401283400000 size:230400000 thread:1
allocated block device:0x401291000000 size:230400000 thread:1
allocated block device:0x4012c3400000 size:230400000 thread:1
allocated block device:0x4012d1000000 size:230400000 thread:1
allocated block device:0x401303400000 size:230400000 thread:1
allocated block device:0x401311000000 size:230400000 thread:1
allocated block device:0x401343400000 size:29138944 thread:1
allocated block device:0x401345000000 size:29138944 thread:1
allocated block device:0x401346c00000 size:393216 thread:1
allocated block device:0x401346e00000 size:233111552 thread:1
allocated block device:0x401354e00000 size:3145728 thread:1
allocated block device:0x401355200000 size:7284736 thread:1
allocated block device:0x401355a00000 size:7284736 thread:1
allocated block device:0x401356200000 size:7284736 thread:1
allocated block device:0x401356a00000 size:7284736 thread:1
allocated block device:0x401357200000 size:14569472 thread:1
Accelerator Fatal Error: call to cuMemAlloc returned error 2 (CUDA_ERROR_OUT_OF_MEMORY): Out of memory
 File: /lus/lfs1aip2/projects/u6cb/software/VASP/vasp.6.5.1/build/gam/hamil.f90
 Function: hamiltmu:978
 Line: 1005

Out of memory allocating 921600000 bytes of device memory
Failing in Thread:1
total/free CUDA memory: 102005473280/1102839808
Present table dump for device[1]: NVIDIA Tesla GPU 0, compute capability 9.0, threadid=1
Hint: specify 0x800 bit in NV_ACC_DEBUG for verbose info.
host:0x2557280 device:0x400923df6600 size:32 presentcount:0+3 line:643 name:var%comm
host:0x25572a0 device:0x40069e5ffa00 size:32 presentcount:0+4 line:652 name:var%comm_kinter
host:0x25572c0 device:0x40069e5ffc00 size:32 presentcount:0+6 line:655 name:var%comm_kin
host:0x25572e0 device:0x40069e5ff400 size:32 presentcount:0+3 line:646 name:var%comm_inter
host:0x2557300 device:0x40069e5ff600 size:32 presentcount:0+7 line:649 name:var%comm_inb
host:0x256be80 device:0x40069a0ecd00 size:8 presentcount:0+1 line:-1 name:_setexm_struct_def_21
host:0x2576f40 device:0x40069a0ece00 size:28 presentcount:0+1 line:-1 name:_ml_ff_constant_21
host:0x2577c80 device:0x40069a0ecf00 size:30437 presentcount:0+1 line:-1 name:_ml_ff_taglist_21
host:0x25afc80 device:0x40069a0f4600 size:8 presentcount:0+1 line:-1 name:_mopenacc_tutor_21
host:0x25c2740 device:0x40069a0f4a00 size:32 presentcount:0+1 line:-1 name:_mbj_21
host:0x25cd640 device:0x40069a0f4d00 size:8 presentcount:0+1 line:-1 name:_sym_prec_21
host:0x26030c0 device:0x40069a0f4e00 size:344 presentcount:0+1 line:-1 name:_tet_21
host:0x261c840 device:0x40069a0f5000 size:392 presentcount:0+1 line:-1 name:_mymath_21
host:0x2817368 device:0x400923dbd200 size:4800 presentcount:0+2 line:614 name:var
host:0x2818628 device:0x400923df4a00 size:1984 presentcount:0+2 line:403 name:var
host:0x281a910 device:0x40083c3ff400 size:864 presentcount:0+4 line:2639 name:hamiltonian
host:0x286ac80 device:0x400923dfe000 size:2712 presentcount:0+2 line:428 name:var
host:0x286b718 device:0x40069e5f0600 size:2248 presentcount:0+1 line:742 name:var
host:0x286eb50 device:0x4009241ff400 size:288 presentcount:0+1 line:195 name:latt_cur
host:0x2871658 device:0x40069e5fb200 size:5088 presentcount:0+28 line:517 name:var
host:0x2872a38 device:0x4007ca1fa000 size:5088 presentcount:0+6 line:517 name:var
host:0x2873e18 device:0x400923ff9600 size:5088 presentcount:0+7 line:517 name:var
host:0x287a2a8 device:0x4009241eb400 size:304 presentcount:0+1 line:567 name:var
host:0x287a3d8 device:0x4009241ec200 size:304 presentcount:0+1 line:567 name:var
host:0x2e48ec0 device:0x40069a002600 size:960024 presentcount:0+1 line:-1 name:_setexm_struct_def_16
host:0x2f8f080 device:0x40069a0f4700 size:580 presentcount:0+1 line:-1 name:_wpbe_16
host:0x2f8f900 device:0x40069a0f4b00 size:288 presentcount:0+1 line:-1 name:_mbj_16
host:0x9f446c0 device:0x40069a0f5200 size:624 presentcount:0+1 line:-1 name:_mlr_optic_16
host:0x16f0b3c0 device:0x400923dff800 size:4 presentcount:0+2 line:616 name:var%nplwkp(:)
host:0x16fc4e60 device:0x400923dbf000 size:1000 presentcount:0+4 line:519 name:var%lpctz(:)
host:0x16fc7e70 device:0x4009241ea800 size:260 presentcount:0+1 line:499 name:var%ptri(:)
host:0x16fc8160 device:0x4009241ea200 size:260 presentcount:0+1 line:499 name:var%n(:)
host:0x1706f2b0 device:0x400923dff200 size:24 presentcount:0+3 line:616 name:var%vkpt(:,:)
host:0x1706f480 device:0x400923dbd000 size:16 presentcount:0+2 line:430 name:var%psrmax(:)
host:0x1706f4c0 device:0x400923dffa00 size:4 presentcount:0+2 line:616 name:var%nplwkp_tot(:)
host:0x1706f4f0 device:0x400923dffc00 size:4 presentcount:0+2 line:616 name:var%ngvector_pos(:)
host:0x1706f520 device:0x400923dff600 size:4 presentcount:0+2 line:616 name:var%ngvector(:)
host:0x1706f550 device:0x400923df5200 size:8 presentcount:0+2 line:616 name:var%nb_totk(:,:)
host:0x1706f580 device:0x400923dffe00 size:4 presentcount:0+2 line:616 name:var%luseinv(:)
host:0x1706f5b0 device:0x400923dbcc00 size:4 presentcount:0+2 line:616 name:var%at_gamma(:)
host:0x1706f5e0 device:0x400923ff9400 size:8 presentcount:0+2 line:405 name:var%lmmax(:)
host:0x1706f610 device:0x40069e5ffe00 size:8 presentcount:0+2 line:430 name:var%lmax(:)
host:0x1706f640 device:0x400923dbca00 size:8 presentcount:0+2 line:430 name:var%lmmax(:)
host:0x1706f670 device:0x400923dbce00 size:8 presentcount:0+2 line:430 name:var%channels(:)
host:0x1706f6a0 device:0x40087c1ffc00 size:16 presentcount:0+2 line:430 name:var%rsmooth(:)
host:0x1706f6e0 device:0x4009241eb200 size:4 presentcount:0+1 line:499 name:var%tbli(:)
host:0x1818b770 device:0x4007ca1fd000 size:528 presentcount:0+1 line:480 name:var
host:0x1c3dc340 device:0x40069e5ff800 size:8 presentcount:0+4 line:405 name:var%nityp(:)
host:0x1c89e350 device:0x4009241ea400 size:260 presentcount:0+1 line:499 name:var%ptr(:)
host:0x1cd4c1b0 device:0x400923dff000 size:8 presentcount:0+3 line:616 name:var%nt_global(:)
host:0x1cd4c2a0 device:0x400923dfec00 size:8 presentcount:0+3 line:616 name:var%lmmax(:)
host:0x1cd4c2d0 device:0x400923dff400 size:8 presentcount:0+2 line:616 name:var%wtkpt(:)
host:0x1cd4c300 device:0x400923dfee00 size:8 presentcount:0+3 line:616 name:var%nityp(:)
host:0x1cd59040 device:0x4009241ee600 size:28464 presentcount:0+1 line:853 name:var(:)
host:0x1cd6b7a0 device:0x4009243eca00 size:40000 presentcount:0+1 line:857 name:var%psp(:,:)
host:0x1cd75410 device:0x4009243f6800 size:8000 presentcount:0+1 line:857 name:var%psprho(:)
host:0x1cd786a0 device:0x400923ff1e00 size:24000 presentcount:0+2 line:466 name:var%psprnl(:,:,:)
host:0x1cda8080 device:0x400923fe9c00 size:4320 presentcount:0+4 line:405 name:var%ityp(:)
host:0x1cda9190 device:0x400923df7a00 size:25920 presentcount:0+4 line:405 name:var%posion(:,:)
host:0x1cdec510 device:0x4009241f5600 size:40000 presentcount:0+1 line:857 name:var%psp(:,:)
host:0x1cdf6180 device:0x4009243e8a00 size:8000 presentcount:0+1 line:857 name:var%pspcor(:)
host:0x1cdf80f0 device:0x4009243eaa00 size:8000 presentcount:0+1 line:857 name:var%psprho(:)
host:0x1cdfb380 device:0x400923fec000 size:24000 presentcount:0+2 line:466 name:var%psprnl(:,:,:)
host:0x1ce48340 device:0x40069e5fc600 size:24 presentcount:0+3 line:466 name:var%lps(:)
host:0x1ce483f0 device:0x40069e5fca00 size:24 presentcount:0+3 line:466 name:var%lps(:)
host:0x1cedb200 device:0x400923fe8a00 size:4320 presentcount:0+3 line:616 name:var%ityp(:)
host:0x1cedc310 device:0x400923df6800 size:4320 presentcount:0+3 line:616 name:var%npro_pos(:)
host:0x1cedd420 device:0x400923df5400 size:4324 presentcount:0+3 line:616 name:var%lmbase(:)
host:0x1cede530 device:0x400923dbe600 size:1280 presentcount:0+4 line:519 name:var%lpctx(:)
host:0x1cedea60 device:0x400923dbec00 size:720 presentcount:0+4 line:519 name:var%lpcty(:)
host:0x1ceded60 device:0x400923dbf400 size:1280 presentcount:0+4 line:519 name:var%lpctx_(:)
host:0x1cedf290 device:0x400923dbfa00 size:720 presentcount:0+4 line:519 name:var%lpcty_(:)
host:0x1cedf590 device:0x400923dbfe00 size:1000 presentcount:0+4 line:519 name:var%lpctz_(:)
host:0x1cedf9a0 device:0x4007ca1fb400 size:1280 presentcount:0+1 line:519 name:var%lpctx(:)
host:0x1cedfed0 device:0x4007ca1fba00 size:720 presentcount:0+1 line:519 name:var%lpcty(:)
host:0x1cee01d0 device:0x4007ca1fbe00 size:1000 presentcount:0+1 line:519 name:var%lpctz(:)
host:0x1cee05e0 device:0x4007ca1fc200 size:1280 presentcount:0+1 line:519 name:var%lpctx_(:)
host:0x1cee0b10 device:0x4007ca1fc800 size:720 presentcount:0+1 line:519 name:var%lpcty_(:)
host:0x1cee0e10 device:0x4007ca1fcc00 size:1000 presentcount:0+1 line:519 name:var%lpctz_(:)
host:0x1cee1220 device:0x400923ff7c00 size:2560 presentcount:0+1 line:519 name:var%lpctx(:)
host:0x1cee1c50 device:0x400923ffaa00 size:1440 presentcount:0+1 line:519 name:var%lpcty(:)
host:0x1cee2220 device:0x400923ff8800 size:2000 presentcount:0+1 line:519 name:var%lpctz(:)
host:0x1cee2a20 device:0x400923ffb000 size:2560 presentcount:0+1 line:519 name:var%lpctx_(:)
host:0x1cee3450 device:0x400923ffba00 size:1440 presentcount:0+1 line:519 name:var%lpcty_(:)
host:0x1cee3a20 device:0x400923ffc000 size:2000 presentcount:0+1 line:519 name:var%lpctz_(:)
host:0x1cfd7080 device:0x400923ffc800 size:5648 presentcount:0+1 line:482 name:var%i2(:)
host:0x1cfd86c0 device:0x400923ffe000 size:5648 presentcount:0+1 line:482 name:var%i3(:)
host:0x1cfd9d00 device:0x4007ca1f4c00 size:10040 presentcount:0+1 line:482 name:var%i2(:)
host:0x1cfdc460 device:0x4007ca1f7400 size:10040 presentcount:0+1 line:482 name:var%i3(:)
host:0x1cfdebc0 device:0x4007ca1ed800 size:14400 presentcount:0+2 line:482 name:var%i2(:)
host:0x1cfe2430 device:0x4007ca1f1200 size:14400 presentcount:0+2 line:482 name:var%i3(:)
host:0x1cfe60c0 device:0x40099b85fa00 size:921600 presentcount:0+2 line:482 name:var%index(:,:)
host:0x1d0c70f0 device:0x4009241ec400 size:2560 presentcount:0+1 line:569 name:var%ind1(:)
host:0x1d0c7b20 device:0x4009241ece00 size:5648 presentcount:0+1 line:569 name:var%indcol(:)
host:0x1d0c9160 device:0x4007ca1fd400 size:5648 presentcount:0+1 line:482 name:var%i2(:)
host:0x1d0ca7a0 device:0x4009241e8a00 size:5648 presentcount:0+1 line:482 name:var%i3(:)
host:0x1d0cbde0 device:0x4007ca1fec00 size:2520 presentcount:0+1 line:482 name:var%i2(:)
host:0x1d0cc7e0 device:0x4007ca1ff600 size:2520 presentcount:0+1 line:482 name:var%i3(:)
host:0x1d0cd1e0 device:0x40069e5fcc00 size:4320 presentcount:0+2 line:430 name:var%nlimax(:)
host:0x1d0ce2f0 device:0x40069e5fe000 size:4324 presentcount:0+2 line:430 name:var%lmbase(:)
host:0x1d0cf400 device:0x4007ca190600 size:4324 presentcount:0+2 line:430 name:var%nlibase(:)
host:0x1d0d0510 device:0x400923dc0200 size:17132 presentcount:0+4 line:519 name:var%nindpwconjg(:)
host:0x1d0d4830 device:0x400923dc4600 size:17132 presentcount:0+4 line:519 name:var%ind_in_sphere(:)
host:0x1d107290 device:0x4009241eb600 size:1280 presentcount:0+1 line:569 name:var%ind1(:)
host:0x1d1077c0 device:0x4009241ebc00 size:1384 presentcount:0+1 line:569 name:var%indcol(:)
host:0x1d107d50 device:0x4007ca138600 size:180000 presentcount:0+4 line:482 name:var%i2(:)
host:0x1d133ca0 device:0x4007ca164600 size:180000 presentcount:0+4 line:482 name:var%i3(:)
host:0x1d15fbf0 device:0x400923dc8a00 size:180000 presentcount:0+8 line:482 name:var%index(:,:)
host:0x1d18bb40 device:0x4009243bca00 size:180000 presentcount:0+8 line:482 name:var%i2(:)
host:0x1d1b7a90 device:0x4007ca191800 size:180000 presentcount:0+8 line:482 name:var%i3(:)
host:0x1d1e4010 device:0x400923e00000 size:1821184 presentcount:0+3 line:616 name:var%nindpw(:,:)
host:0x1d3a0a40 device:0x400923fbca00 size:180000 presentcount:0+3 line:616 name:var%pl_index(:,:)
host:0x1d3cc990 device:0x4009241bca00 size:180000 presentcount:0+3 line:616 name:var%pl_col(:,:)
host:0x1d3f88e0 device:0x400923feae00 size:4324 presentcount:0+2 line:405 name:var%lmbase(:)
host:0x1d3f99f0 device:0x40087c1ffe00 size:400 presentcount:0+2 line:464 name:var
host:0x1d3f9b80 device:0x40069e5fc800 size:400 presentcount:0+2 line:464 name:var
host:0x1d46a5a0 device:0x40099b940a00 size:442880 presentcount:0+1 line:499 name:var%tbl(:)
host:0x1d4d67d0 device:0x4009241ea600 size:260 presentcount:0+1 line:499 name:var%ni(:)
host:0x1d4d6900 device:0x4009241eac00 size:260 presentcount:0+1 line:499 name:var%ptr(:)
host:0x1d4d6a30 device:0x4009241eaa00 size:260 presentcount:0+1 line:499 name:var%n(:)
host:0x1d4d6b60 device:0x4009241eb000 size:260 presentcount:0+1 line:499 name:var%ptri(:)
host:0x1d4d6c90 device:0x4009241eae00 size:260 presentcount:0+1 line:499 name:var%ni(:)
host:0x1d4f6650 device:0x40069e5ff200 size:260 presentcount:0+1 line:499 name:var%ptr(:)
host:0x1d4f6780 device:0x40069e5fde00 size:260 presentcount:0+1 line:499 name:var%n(:)
host:0x1d4f68b0 device:0x400923fffa00 size:260 presentcount:0+1 line:499 name:var%ptri(:)
host:0x1d4f69e0 device:0x400923fff800 size:260 presentcount:0+1 line:499 name:var%ni(:)
host:0x1d4f6b10 device:0x400923fffe00 size:260 presentcount:0+1 line:499 name:var%ptr(:)
host:0x1d4f6c40 device:0x400923fffc00 size:260 presentcount:0+1 line:499 name:var%n(:)
host:0x1d4f6d70 device:0x4007ca1f9e00 size:260 presentcount:0+1 line:499 name:var%ptri(:)
host:0x1d4f6ea0 device:0x4007ca1f9c00 size:260 presentcount:0+1 line:499 name:var%ni(:)
host:0x1d6439e0 device:0x400924c00000 size:7284736 presentcount:0+3 line:616 name:var%datake(:,:,:)
host:0x1dd36c60 device:0x400924000000 size:1821184 presentcount:0+3 line:616 name:var%igx(:,:)
host:0x1def42f0 device:0x400923c00000 size:1821184 presentcount:0+3 line:616 name:var%igy(:,:)
host:0x1e0b1b90 device:0x400924200000 size:1821184 presentcount:0+3 line:616 name:var%igz(:,:)
host:0x1e26fa60 device:0x40093cc00000 size:7284272 presentcount:0+4 line:519 name:var%fftsca(:,:)
host:0x1e9ce2f0 device:0x4011c4400000 size:453600 presentcount:0+1 line:499 name:var%tbli(:)
host:0x1ea3cf00 device:0x4011c446ec00 size:453600 presentcount:0+1 line:499 name:var%tbl(:)
host:0x1ebadde0 device:0x4011c3400000 size:3614720 presentcount:0+1 line:499 name:var%tbl(:)
host:0x1f2961d0 device:0x4011c3800000 size:3614400 presentcount:0+1 line:499 name:var%tbli(:)
host:0x1f60a5a0 device:0x4011c3c00000 size:3614400 presentcount:0+1 line:499 name:var%tbl(:)
host:0x1fcf3370 device:0x4011c4000000 size:3614400 presentcount:0+1 line:499 name:var%tbli(:)
host:0x203de380 device:0x40099ba00000 size:2799360 presentcount:0+2 line:194 name:cdij(:,:,:,:)
host:0x20692420 device:0x40069e5f1000 size:41472 presentcount:0+1 line:746 name:var%auxtot(:,:,:)
host:0x206b2420 device:0x4007ca11a000 size:41472 presentcount:0+2 line:746 name:var%fertot(:,:,:)
host:0x206c0030 device:0x4007ca124200 size:82944 presentcount:0+2 line:746 name:var%celtot(:,:,:)
host:0x20e3d130 device:0x4011c4600000 size:2799360 presentcount:0+2 line:194 name:cqij(:,:,:,:)
host:0x217d7d50 device:0x40099be00000 size:7962624 presentcount:0+5 line:746 name:var%gproj(:,:,:,:)
host:0x22194150 device:0x4007ca1d5800 size:98304 presentcount:0+1 line:1101 name:w1%gproj(:)
host:0x222128c0 device:0x4011c45fd800 size:2048 presentcount:0+1 line:179 name:w1(:)
host:0x222130e0 device:0x4009243fb800 size:2048 presentcount:0+1 line:179 name:wtmp(:)
host:0x2239a740 device:0x4011c459d800 size:393216 presentcount:0+2 line:1226 name:wa%gproj(:,:)
host:0x223fa770 device:0x4013c6c00000 size:393216 presentcount:0+2 line:1226 name:wa%gproj(:,:)
host:0x2245a7a0 device:0x4007ca1bd800 size:98304 presentcount:0+1 line:1101 name:w1%gproj(:)
host:0x224727d0 device:0x40099b9c6a00 size:98304 presentcount:0+1 line:1101 name:w1%gproj(:)
host:0x2248a800 device:0x40099b9dea00 size:98304 presentcount:0+1 line:1101 name:w1%gproj(:)
host:0x2afcfe20 device:0x4013d4e00000 size:3145728 presentcount:0+2 line:1226 name:wa%gproj(:,:)
host:0x300fe820 device:0x4013d5a00000 size:14569472 presentcount:0+1 line:202 name:precon(:,:)
host:0x30eeaff0 device:0x400924400000 size:7284736 presentcount:0+1 line:1101 name:w1%cptwfp(:)
host:0x315e55f0 device:0x400923400000 size:7284736 presentcount:0+1 line:1101 name:w1%cptwfp(:)
host:0x31ce0220 device:0x40110ce00000 size:7284736 presentcount:0+1 line:1101 name:w1%cptwfp(:)
host:0x323d2e70 device:0x4013d5200000 size:7284736 presentcount:0+1 line:1101 name:w1%cptwfp(:)
host:0x4006dc0010a0 device:0x400925400000 size:45593280 presentcount:0+2 line:430 name:var%nli(:,:)
host:0x4007280031a0 device:0x400980000000 size:230400000 presentcount:0+2 line:194 name:sv(:,:)
host:0x4007369935c0 device:0x4011c4a00000 size:14400000 presentcount:0+1 line:195 name:dencor(:)
host:0x4007385239e0 device:0x4011c5800000 size:28917760 presentcount:0+1 line:195 name:cstrf(:,:)
host:0x4007e00012b0 device:0x400940000000 size:807411968 presentcount:0+2 line:430 name:var%rproj(:)
host:0x400810216f80 device:0x4013c3400000 size:29138944 presentcount:0+2 line:1226 name:wa%cptwfp(:,:)
host:0x400811df7190 device:0x4013c5000000 size:29138944 presentcount:0+2 line:1226 name:wa%cptwfp(:,:)
host:0x4008c0004a60 device:0x400900000000 size:590063616 presentcount:0+5 line:746 name:var%cptwfp(:,:,:,:)
host:0x4008e32c73a0 device:0x4013c6e00000 size:233111552 presentcount:0+2 line:1226 name:wa%cptwfp(:,:)
host:0x4009c32c79d0 device:0x4011a5e00000 size:230400000 presentcount:0+1 line:1101 name:w1%cr(:)
host:0x4009d0e97be0 device:0x400970400000 size:230400000 presentcount:0+1 line:1236 name:w1%cr(:)
host:0x400a20008000 device:0x40098dc00000 size:230400000 presentcount:0+1 line:1101 name:w1%cr(:)
host:0x400a2dbd8210 device:0x400928000000 size:230400000 presentcount:0+1 line:1236 name:w1%cr(:)
host:0x400a3b7a0020 device:0x401383400000 size:230400000 presentcount:0+1 line:1101 name:w1%cr(:)
host:0x400a49360230 device:0x401391000000 size:230400000 presentcount:0+1 line:1236 name:w1%cr(:)
host:0x400f20000650 device:0x401343400000 size:230400000 presentcount:0+1 line:1101 name:w1%cr(:)
host:0x400f2dbc0860 device:0x401351000000 size:230400000 presentcount:0+1 line:1236 name:w1%cr(:)
host:0xffffdec970c0 device:0x4009243fc400 size:3024 presentcount:0+12 line:682 name:var
host:0xffffdec97c90 device:0x40083c3ff800 size:1480 presentcount:0+1 line:174 name:w_ini
host:0xffffdec98260 device:0x4009243fae00 size:1480 presentcount:0+1 line:174 name:wopt
host:0xffffdec98830 device:0x40087c1ff400 size:1480 presentcount:0+1 line:174 name:wtmpa
allocated block device:0x40069e5f0600 size:2560 thread:1
allocated block device:0x40069e5f1000 size:41472 thread:1
allocated block device:0x40069e5fb200 size:5120 thread:1
allocated block device:0x40069e5fc600 size:512 thread:1
allocated block device:0x40069e5fc800 size:512 thread:1
allocated block device:0x40069e5fca00 size:512 thread:1
allocated block device:0x40069e5fcc00 size:4608 thread:1
allocated block device:0x40069e5fde00 size:512 thread:1
allocated block device:0x40069e5fe000 size:4608 thread:1
allocated block device:0x40069e5ff200 size:512 thread:1
allocated block device:0x40069e5ff400 size:512 thread:1
allocated block device:0x40069e5ff600 size:512 thread:1
allocated block device:0x40069e5ff800 size:512 thread:1
allocated block device:0x40069e5ffa00 size:512 thread:1
allocated block device:0x40069e5ffc00 size:512 thread:1
allocated block device:0x40069e5ffe00 size:512 thread:1
allocated block device:0x4007ca11a000 size:41472 thread:1
allocated block device:0x4007ca124200 size:82944 thread:1
allocated block device:0x4007ca138600 size:180224 thread:1
allocated block device:0x4007ca164600 size:180224 thread:1
allocated block device:0x4007ca190600 size:4608 thread:1
allocated block device:0x4007ca191800 size:180224 thread:1
allocated block device:0x4007ca1bd800 size:98304 thread:1
allocated block device:0x4007ca1d5800 size:98304 thread:1
allocated block device:0x4007ca1ed800 size:14848 thread:1
allocated block device:0x4007ca1f1200 size:14848 thread:1
allocated block device:0x4007ca1f4c00 size:10240 thread:1
allocated block device:0x4007ca1f7400 size:10240 thread:1
allocated block device:0x4007ca1f9c00 size:512 thread:1
allocated block device:0x4007ca1f9e00 size:512 thread:1
allocated block device:0x4007ca1fa000 size:5120 thread:1
allocated block device:0x4007ca1fb400 size:1536 thread:1
allocated block device:0x4007ca1fba00 size:1024 thread:1
allocated block device:0x4007ca1fbe00 size:1024 thread:1
allocated block device:0x4007ca1fc200 size:1536 thread:1
allocated block device:0x4007ca1fc800 size:1024 thread:1
allocated block device:0x4007ca1fcc00 size:1024 thread:1
allocated block device:0x4007ca1fd000 size:1024 thread:1
allocated block device:0x4007ca1fd400 size:6144 thread:1
allocated block device:0x4007ca1fec00 size:2560 thread:1
allocated block device:0x4007ca1ff600 size:2560 thread:1
allocated block device:0x40083c3ff400 size:1024 thread:1
allocated block device:0x40083c3ff800 size:1536 thread:1
allocated block device:0x40087c1ff400 size:2048 thread:1
allocated block device:0x40087c1ffc00 size:512 thread:1
allocated block device:0x40087c1ffe00 size:512 thread:1
allocated block device:0x400900000000 size:590063616 thread:1
allocated block device:0x400923400000 size:7962624 thread:1
allocated block device:0x400923c00000 size:1821184 thread:1
allocated block device:0x400923dbca00 size:512 thread:1
allocated block device:0x400923dbcc00 size:512 thread:1
allocated block device:0x400923dbce00 size:512 thread:1
allocated block device:0x400923dbd000 size:512 thread:1
allocated block device:0x400923dbd200 size:5120 thread:1
allocated block device:0x400923dbe600 size:1536 thread:1
allocated block device:0x400923dbec00 size:1024 thread:1
allocated block device:0x400923dbf000 size:1024 thread:1
allocated block device:0x400923dbf400 size:1536 thread:1
allocated block device:0x400923dbfa00 size:1024 thread:1
allocated block device:0x400923dbfe00 size:1024 thread:1
allocated block device:0x400923dc0200 size:17408 thread:1
allocated block device:0x400923dc4600 size:17408 thread:1
allocated block device:0x400923dc8a00 size:180224 thread:1
allocated block device:0x400923df4a00 size:2048 thread:1
allocated block device:0x400923df5200 size:512 thread:1
allocated block device:0x400923df5400 size:4608 thread:1
allocated block device:0x400923df6600 size:512 thread:1
allocated block device:0x400923df6800 size:4608 thread:1
allocated block device:0x400923df7a00 size:26112 thread:1
allocated block device:0x400923dfe000 size:3072 thread:1
allocated block device:0x400923dfec00 size:512 thread:1
allocated block device:0x400923dfee00 size:512 thread:1
allocated block device:0x400923dff000 size:512 thread:1
allocated block device:0x400923dff200 size:512 thread:1
allocated block device:0x400923dff400 size:512 thread:1
allocated block device:0x400923dff600 size:512 thread:1
allocated block device:0x400923dff800 size:512 thread:1
allocated block device:0x400923dffa00 size:512 thread:1
allocated block device:0x400923dffc00 size:512 thread:1
allocated block device:0x400923dffe00 size:512 thread:1
allocated block device:0x400923e00000 size:1821184 thread:1
allocated block device:0x400923fbca00 size:180224 thread:1
allocated block device:0x400923fe8a00 size:4608 thread:1
allocated block device:0x400923fe9c00 size:4608 thread:1
allocated block device:0x400923feae00 size:4608 thread:1
allocated block device:0x400923fec000 size:24064 thread:1
allocated block device:0x400923ff1e00 size:24064 thread:1
allocated block device:0x400923ff7c00 size:3072 thread:1
allocated block device:0x400923ff8800 size:3072 thread:1
allocated block device:0x400923ff9400 size:512 thread:1
allocated block device:0x400923ff9600 size:5120 thread:1
allocated block device:0x400923ffaa00 size:1536 thread:1
allocated block device:0x400923ffb000 size:2560 thread:1
allocated block device:0x400923ffba00 size:1536 thread:1
allocated block device:0x400923ffc000 size:2048 thread:1
allocated block device:0x400923ffc800 size:6144 thread:1
allocated block device:0x400923ffe000 size:6144 thread:1
allocated block device:0x400923fff800 size:512 thread:1
allocated block device:0x400923fffa00 size:512 thread:1
allocated block device:0x400923fffc00 size:512 thread:1
allocated block device:0x400923fffe00 size:512 thread:1
allocated block device:0x400924000000 size:1821184 thread:1
allocated block device:0x4009241bca00 size:180224 thread:1
allocated block device:0x4009241e8a00 size:6144 thread:1
allocated block device:0x4009241ea200 size:512 thread:1
allocated block device:0x4009241ea400 size:512 thread:1
allocated block device:0x4009241ea600 size:512 thread:1
allocated block device:0x4009241ea800 size:512 thread:1
allocated block device:0x4009241eaa00 size:512 thread:1
allocated block device:0x4009241eac00 size:512 thread:1
allocated block device:0x4009241eae00 size:512 thread:1
allocated block device:0x4009241eb000 size:512 thread:1
allocated block device:0x4009241eb200 size:512 thread:1
allocated block device:0x4009241eb400 size:512 thread:1
allocated block device:0x4009241eb600 size:1536 thread:1
allocated block device:0x4009241ebc00 size:1536 thread:1
allocated block device:0x4009241ec200 size:512 thread:1
allocated block device:0x4009241ec400 size:2560 thread:1
allocated block device:0x4009241ece00 size:6144 thread:1
allocated block device:0x4009241ee600 size:28672 thread:1
allocated block device:0x4009241f5600 size:40448 thread:1
allocated block device:0x4009241ff400 size:512 thread:1
allocated block device:0x400924200000 size:1821184 thread:1
allocated block device:0x4009243bca00 size:180224 thread:1
allocated block device:0x4009243e8a00 size:8192 thread:1
allocated block device:0x4009243eaa00 size:8192 thread:1
allocated block device:0x4009243eca00 size:40448 thread:1
allocated block device:0x4009243f6800 size:8192 thread:1
allocated block device:0x4009243fae00 size:2560 thread:1
allocated block device:0x4009243fb800 size:3072 thread:1
allocated block device:0x4009243fc400 size:3072 thread:1
allocated block device:0x400924400000 size:7284736 thread:1
allocated block device:0x400924c00000 size:7284736 thread:1
allocated block device:0x400925400000 size:45593600 thread:1
allocated block device:0x400928000000 size:230400000 thread:1
allocated block device:0x40093cc00000 size:7284736 thread:1
allocated block device:0x400940000000 size:807412224 thread:1
allocated block device:0x400970400000 size:230400000 thread:1
allocated block device:0x400980000000 size:230400000 thread:1
allocated block device:0x40098dc00000 size:230400000 thread:1
allocated block device:0x40099b85fa00 size:921600 thread:1
allocated block device:0x40099b940a00 size:442880 thread:1
allocated block device:0x40099b9c6a00 size:98304 thread:1
allocated block device:0x40099b9dea00 size:98304 thread:1
allocated block device:0x40099ba00000 size:2799616 thread:1
allocated block device:0x40099be00000 size:7962624 thread:1
allocated block device:0x40110ce00000 size:14400000 thread:1
allocated block device:0x4011a5e00000 size:230400000 thread:1
allocated block device:0x4011c3400000 size:3614720 thread:1
allocated block device:0x4011c3800000 size:3614720 thread:1
allocated block device:0x4011c3c00000 size:3614720 thread:1
allocated block device:0x4011c4000000 size:3614720 thread:1
allocated block device:0x4011c4400000 size:453632 thread:1
allocated block device:0x4011c446ec00 size:453632 thread:1
allocated block device:0x4011c459d800 size:393216 thread:1
allocated block device:0x4011c45fd800 size:2048 thread:1
allocated block device:0x4011c4600000 size:2799616 thread:1
allocated block device:0x4011c4a00000 size:14400000 thread:1
allocated block device:0x4011c5800000 size:28917760 thread:1
allocated block device:0x401343400000 size:230400000 thread:1
allocated block device:0x401351000000 size:230400000 thread:1
allocated block device:0x401383400000 size:230400000 thread:1
allocated block device:0x401391000000 size:230400000 thread:1
allocated block device:0x4013c3400000 size:29138944 thread:1
allocated block device:0x4013c5000000 size:29138944 thread:1
allocated block device:0x4013c6c00000 size:393216 thread:1
allocated block device:0x4013c6e00000 size:233111552 thread:1
allocated block device:0x4013d4e00000 size:3145728 thread:1
allocated block device:0x4013d5200000 size:7284736 thread:1
allocated block device:0x4013d5a00000 size:14569472 thread:1
Accelerator Fatal Error: call to cuMemAlloc returned error 2 (CUDA_ERROR_OUT_OF_MEMORY): Out of memory
 File: /lus/lfs1aip2/projects/u6cb/software/VASP/vasp.6.5.1/build/gam/hamil.f90
 Function: hamiltmu:978
 Line: 1005

Out of memory allocating 921600000 bytes of device memory
Failing in Thread:1
total/free CUDA memory: 102005473280/440598528
Present table dump for device[1]: NVIDIA Tesla GPU 0, compute capability 9.0, threadid=1
Hint: specify 0x800 bit in NV_ACC_DEBUG for verbose info.
host:0x2557280 device:0x400803df6c00 size:32 presentcount:0+3 line:643 name:var%comm
host:0x25572a0 device:0x400803dbca00 size:32 presentcount:0+4 line:652 name:var%comm_kinter
host:0x25572c0 device:0x400803dbcc00 size:32 presentcount:0+6 line:655 name:var%comm_kin
host:0x25572e0 device:0x40057e5ffa00 size:32 presentcount:0+3 line:646 name:var%comm_inter
host:0x2557300 device:0x40057e5ffc00 size:32 presentcount:0+7 line:649 name:var%comm_inb
host:0x256be80 device:0x40057a0ecd00 size:8 presentcount:0+1 line:-1 name:_setexm_struct_def_21
host:0x2576f40 device:0x40057a0ece00 size:28 presentcount:0+1 line:-1 name:_ml_ff_constant_21
host:0x2577c80 device:0x40057a0ecf00 size:30437 presentcount:0+1 line:-1 name:_ml_ff_taglist_21
host:0x25afc80 device:0x40057a0f4600 size:8 presentcount:0+1 line:-1 name:_mopenacc_tutor_21
host:0x25c2740 device:0x40057a0f4a00 size:32 presentcount:0+1 line:-1 name:_mbj_21
host:0x25cd640 device:0x40057a0f4d00 size:8 presentcount:0+1 line:-1 name:_sym_prec_21
host:0x26030c0 device:0x40057a0f4e00 size:344 presentcount:0+1 line:-1 name:_tet_21
host:0x261c840 device:0x40057a0f5000 size:392 presentcount:0+1 line:-1 name:_mymath_21
host:0x2817368 device:0x400803dbd800 size:4800 presentcount:0+2 line:614 name:var
host:0x2818628 device:0x400803df5000 size:1984 presentcount:0+2 line:403 name:var
host:0x281a910 device:0x40073c3ff600 size:864 presentcount:0+4 line:2639 name:hamiltonian
Out of memory allocating 921600000 bytes of device memory
Failing in Thread:1
host:0x286ac80 device:0x400803dfe600 size:2712 presentcount:0+2 line:428 name:var
host:0x286b718 device:0x40077c3fea00 size:2248 presentcount:0+1 line:742 name:var
host:0x286eb50 device:0x4008041ffa00 size:288 presentcount:0+1 line:195 name:latt_cur
host:0x2871658 device:0x40057e5fc000 size:5088 presentcount:0+28 line:517 name:var
host:0x2872a38 device:0x4006ac1fa600 size:5088 presentcount:0+6 line:517 name:var
host:0x2873e18 device:0x400803ff9c00 size:5088 presentcount:0+7 line:517 name:var
host:0x287a2a8 device:0x4008041eba00 size:304 presentcount:0+1 line:567 name:var
host:0x287a3d8 device:0x4008041ec800 size:304 presentcount:0+1 line:567 name:var
host:0x2e48ec0 device:0x40057a002600 size:960024 presentcount:0+1 line:-1 name:_setexm_struct_def_16
host:0x2f8f080 device:0x40057a0f4700 size:580 presentcount:0+1 line:-1 name:_wpbe_16
host:0x2f8f900 device:0x40057a0f4b00 size:288 presentcount:0+1 line:-1 name:_mbj_16
host:0x9f446c0 device:0x40057a0f5200 size:624 presentcount:0+1 line:-1 name:_mlr_optic_16
host:0x207f4e60 device:0x400803dbf600 size:1000 presentcount:0+4 line:519 name:var%lpctz(:)
host:0x207f7e30 device:0x4008041eae00 size:260 presentcount:0+1 line:499 name:var%ptri(:)
host:0x207f8120 device:0x4006ac1ffc00 size:260 presentcount:0+1 line:499 name:var%n(:)
host:0x208dcdb0 device:0x400803dffe00 size:4 presentcount:0+2 line:616 name:var%nplwkp(:)
host:0x219bb360 device:0x4006ac1fd600 size:528 presentcount:0+1 line:480 name:var
host:0x25c0bff0 device:0x40057e5ffe00 size:8 presentcount:0+4 line:405 name:var%nityp(:)
host:0x260ce000 device:0x4006ac1ffe00 size:260 presentcount:0+1 line:499 name:var%ptr(:)
host:0x26588cf0 device:0x4008041eec00 size:28464 presentcount:0+1 line:853 name:var(:)
host:0x265a2530 device:0x4008043eca00 size:40000 presentcount:0+1 line:857 name:var%psp(:,:)
host:0x265ac1a0 device:0x4008043f6800 size:8000 presentcount:0+1 line:857 name:var%psprho(:)
host:0x265af580 device:0x400803ff2000 size:24000 presentcount:0+2 line:466 name:var%psprnl(:,:,:)
host:0x265df0b0 device:0x400803fe9c00 size:4320 presentcount:0+4 line:405 name:var%ityp(:)
host:0x265e01c0 device:0x400803df8000 size:25920 presentcount:0+4 line:405 name:var%posion(:,:)
host:0x266232b0 device:0x400803dff600 size:8 presentcount:0+3 line:616 name:var%nt_global(:)
host:0x26623350 device:0x400803dff200 size:8 presentcount:0+3 line:616 name:var%lmmax(:)
host:0x26623380 device:0x400803dffa00 size:8 presentcount:0+2 line:616 name:var%wtkpt(:)
host:0x266233b0 device:0x400803dff400 size:8 presentcount:0+3 line:616 name:var%nityp(:)
host:0x26623a50 device:0x4008041f5c00 size:40000 presentcount:0+1 line:857 name:var%psp(:,:)
host:0x2662d6c0 device:0x4008043e8a00 size:8000 presentcount:0+1 line:857 name:var%pspcor(:)
host:0x2662f630 device:0x4008043eaa00 size:8000 presentcount:0+1 line:857 name:var%psprho(:)
host:0x266328c0 device:0x400803fec000 size:24000 presentcount:0+2 line:466 name:var%psprnl(:,:,:)
host:0x26677de0 device:0x40077c3ff800 size:24 presentcount:0+3 line:466 name:var%lps(:)
host:0x26677e90 device:0x40077c3ffc00 size:24 presentcount:0+3 line:466 name:var%lps(:)
host:0x266d37f0 device:0x400803dff800 size:24 presentcount:0+3 line:616 name:var%vkpt(:,:)
host:0x266f8aa0 device:0x400803dbd600 size:16 presentcount:0+2 line:430 name:var%psrmax(:)
host:0x266f9060 device:0x400803fe8a00 size:4320 presentcount:0+3 line:616 name:var%ityp(:)
host:0x266fa170 device:0x400803df6e00 size:4320 presentcount:0+3 line:616 name:var%npro_pos(:)
host:0x266fb280 device:0x400803df5a00 size:4324 presentcount:0+3 line:616 name:var%lmbase(:)
host:0x266fc390 device:0x400803ff1e00 size:4 presentcount:0+2 line:616 name:var%nplwkp_tot(:)
host:0x266fc3c0 device:0x400803ff7e00 size:4 presentcount:0+2 line:616 name:var%ngvector_pos(:)
host:0x266fc3f0 device:0x400803dffc00 size:4 presentcount:0+2 line:616 name:var%ngvector(:)
host:0x266fc420 device:0x400803dbec00 size:1280 presentcount:0+4 line:519 name:var%lpctx(:)
host:0x266fc950 device:0x400803dbf200 size:720 presentcount:0+4 line:519 name:var%lpcty(:)
host:0x266fcc50 device:0x400803dbfa00 size:1280 presentcount:0+4 line:519 name:var%lpctx_(:)
host:0x266fd180 device:0x400803dc0000 size:720 presentcount:0+4 line:519 name:var%lpcty_(:)
host:0x266fd480 device:0x400803dc0400 size:1000 presentcount:0+4 line:519 name:var%lpctz_(:)
host:0x266fd890 device:0x4006ac1fba00 size:1280 presentcount:0+1 line:519 name:var%lpctx(:)
host:0x266fddc0 device:0x4006ac1fc000 size:720 presentcount:0+1 line:519 name:var%lpcty(:)
host:0x266fe0c0 device:0x4006ac1fc400 size:1000 presentcount:0+1 line:519 name:var%lpctz(:)
host:0x266fe4d0 device:0x4006ac1fc800 size:1280 presentcount:0+1 line:519 name:var%lpctx_(:)
host:0x266fea00 device:0x4006ac1fce00 size:720 presentcount:0+1 line:519 name:var%lpcty_(:)
host:0x266fed00 device:0x4006ac1fd200 size:1000 presentcount:0+1 line:519 name:var%lpctz_(:)
host:0x266ff110 device:0x400803ff8200 size:2560 presentcount:0+1 line:519 name:var%lpctx(:)
host:0x266ffb40 device:0x400803ffb000 size:1440 presentcount:0+1 line:519 name:var%lpcty(:)
host:0x26700110 device:0x400803ff8e00 size:2000 presentcount:0+1 line:519 name:var%lpctz(:)
host:0x26700910 device:0x400803ffb600 size:2560 presentcount:0+1 line:519 name:var%lpctx_(:)
host:0x26701340 device:0x400803ffc000 size:1440 presentcount:0+1 line:519 name:var%lpcty_(:)
host:0x26701910 device:0x400803ffc600 size:2000 presentcount:0+1 line:519 name:var%lpctz_(:)
host:0x267f4f70 device:0x400803ffce00 size:5648 presentcount:0+1 line:482 name:var%i2(:)
host:0x267f65b0 device:0x400803ffe600 size:5648 presentcount:0+1 line:482 name:var%i3(:)
host:0x267f7bf0 device:0x4006ac1f4c00 size:10040 presentcount:0+1 line:482 name:var%i2(:)
host:0x267fa350 device:0x4006ac1f7400 size:10040 presentcount:0+1 line:482 name:var%i3(:)
host:0x267fcab0 device:0x4006ac1ed800 size:14400 presentcount:0+2 line:482 name:var%i2(:)
host:0x26800320 device:0x4006ac1f1200 size:14400 presentcount:0+2 line:482 name:var%i3(:)
host:0x26803fb0 device:0x40089b85fa00 size:921600 presentcount:0+2 line:482 name:var%index(:,:)
host:0x268e4fe0 device:0x4008041eca00 size:2560 presentcount:0+1 line:569 name:var%ind1(:)
host:0x268e5a10 device:0x4008041ed400 size:5648 presentcount:0+1 line:569 name:var%indcol(:)
host:0x268e7050 device:0x4006ac1fda00 size:5648 presentcount:0+1 line:482 name:var%i2(:)
host:0x268e8690 device:0x4008041e8a00 size:5648 presentcount:0+1 line:482 name:var%i3(:)
host:0x268e9cd0 device:0x4006ac1ff200 size:2520 presentcount:0+1 line:482 name:var%i2(:)
host:0x268ea6d0 device:0x4008041ea200 size:2520 presentcount:0+1 line:482 name:var%i3(:)
host:0x268eb0d0 device:0x40057e5fd400 size:4320 presentcount:0+2 line:430 name:var%nlimax(:)
host:0x268ec1e0 device:0x40057e5fe600 size:4324 presentcount:0+2 line:430 name:var%lmbase(:)
host:0x268ed2f0 device:0x4006ac190600 size:4324 presentcount:0+2 line:430 name:var%nlibase(:)
host:0x268ee400 device:0x400803dc0800 size:17132 presentcount:0+4 line:519 name:var%nindpwconjg(:)
host:0x268f2720 device:0x400803dc4c00 size:17132 presentcount:0+4 line:519 name:var%ind_in_sphere(:)
host:0x268f8080 device:0x40077c3ffe00 size:260 presentcount:0+1 line:499 name:var%n(:)
host:0x268f81b0 device:0x4006ac1f9c00 size:260 presentcount:0+1 line:499 name:var%ptri(:)
host:0x268f82e0 device:0x400803fffe00 size:260 presentcount:0+1 line:499 name:var%ni(:)
host:0x268f8410 device:0x4006ac1fa000 size:260 presentcount:0+1 line:499 name:var%ptr(:)
host:0x268f8540 device:0x4006ac1f9e00 size:260 presentcount:0+1 line:499 name:var%n(:)
host:0x268f8670 device:0x4006ac1fa400 size:260 presentcount:0+1 line:499 name:var%ptri(:)
host:0x268f87a0 device:0x4006ac1fa200 size:260 presentcount:0+1 line:499 name:var%ni(:)
host:0x268f8a00 device:0x4008041eac00 size:260 presentcount:0+1 line:499 name:var%ni(:)
host:0x268f8b30 device:0x4008041eb200 size:260 presentcount:0+1 line:499 name:var%ptr(:)
host:0x268f8c60 device:0x4008041eb000 size:260 presentcount:0+1 line:499 name:var%n(:)
host:0x268f8d90 device:0x4008041eb800 size:4 presentcount:0+1 line:499 name:var%tbli(:)
host:0x268f8dc0 device:0x4008041eb600 size:260 presentcount:0+1 line:499 name:var%ptri(:)
host:0x268f8ef0 device:0x4008041eb400 size:260 presentcount:0+1 line:499 name:var%ni(:)
host:0x268f93c0 device:0x40057e5ff800 size:260 presentcount:0+1 line:499 name:var%ptr(:)
host:0x26925180 device:0x4008041ebc00 size:1280 presentcount:0+1 line:569 name:var%ind1(:)
host:0x269256b0 device:0x4008041ec200 size:1452 presentcount:0+1 line:569 name:var%indcol(:)
host:0x26925c90 device:0x4006ac138600 size:180000 presentcount:0+4 line:482 name:var%i2(:)
host:0x26951be0 device:0x4006ac164600 size:180000 presentcount:0+4 line:482 name:var%i3(:)
host:0x2697db30 device:0x400803dc9000 size:180000 presentcount:0+8 line:482 name:var%index(:,:)
host:0x269a9a80 device:0x4008043bca00 size:180000 presentcount:0+8 line:482 name:var%i2(:)
host:0x269d59d0 device:0x4006ac191800 size:180000 presentcount:0+8 line:482 name:var%i3(:)
host:0x26a01f50 device:0x400803e00000 size:1821184 presentcount:0+3 line:616 name:var%nindpw(:,:)
host:0x26bbe980 device:0x400803df5800 size:8 presentcount:0+2 line:616 name:var%nb_totk(:,:)
host:0x26bbe9b0 device:0x400803ff8000 size:4 presentcount:0+2 line:616 name:var%luseinv(:)
host:0x26bbe9e0 device:0x400803dbd200 size:4 presentcount:0+2 line:616 name:var%at_gamma(:)
host:0x26bbea10 device:0x400803fbca00 size:180000 presentcount:0+3 line:616 name:var%pl_index(:,:)
host:0x26bea960 device:0x4008041bca00 size:180000 presentcount:0+3 line:616 name:var%pl_col(:,:)
host:0x26c168b0 device:0x400803ff9a00 size:8 presentcount:0+2 line:405 name:var%lmmax(:)
host:0x26c168e0 device:0x400803dbce00 size:8 presentcount:0+2 line:430 name:var%lmax(:)
host:0x26c16910 device:0x400803feae00 size:4324 presentcount:0+2 line:405 name:var%lmbase(:)
host:0x26c17a20 device:0x400803dbd000 size:8 presentcount:0+2 line:430 name:var%lmmax(:)
host:0x26c17a50 device:0x400803dbd400 size:8 presentcount:0+2 line:430 name:var%channels(:)
host:0x26c17a80 device:0x40077c3ff400 size:16 presentcount:0+2 line:430 name:var%rsmooth(:)
host:0x26c17ac0 device:0x40077c3ff600 size:400 presentcount:0+2 line:464 name:var
host:0x26c17c50 device:0x40077c3ffa00 size:400 presentcount:0+2 line:464 name:var
host:0x26c88670 device:0x40089b940a00 size:464640 presentcount:0+1 line:499 name:var%tbl(:)
host:0x26e73690 device:0x400804c00000 size:7284736 presentcount:0+3 line:616 name:var%datake(:,:,:)
host:0x27566910 device:0x400804000000 size:1821184 presentcount:0+3 line:616 name:var%igx(:,:)
host:0x27723fa0 device:0x400803c00000 size:1821184 presentcount:0+3 line:616 name:var%igy(:,:)
host:0x278e1840 device:0x400804200000 size:1821184 presentcount:0+3 line:616 name:var%igz(:,:)
host:0x27a9f710 device:0x40081cc00000 size:7284272 presentcount:0+4 line:519 name:var%fftsca(:,:)
host:0x282034a0 device:0x4010c4400000 size:453600 presentcount:0+1 line:499 name:var%tbli(:)
host:0x282720b0 device:0x4010c446ec00 size:453600 presentcount:0+1 line:499 name:var%tbl(:)
host:0x283e2f90 device:0x4010c3400000 size:3614720 presentcount:0+1 line:499 name:var%tbl(:)
host:0x28acb380 device:0x4010c3800000 size:3614400 presentcount:0+1 line:499 name:var%tbli(:)
host:0x28e3f750 device:0x4010c3c00000 size:3614400 presentcount:0+1 line:499 name:var%tbl(:)
host:0x29528520 device:0x4010c4000000 size:3614400 presentcount:0+1 line:499 name:var%tbli(:)
host:0x2a6720d0 device:0x40089ba00000 size:2799360 presentcount:0+2 line:194 name:cdij(:,:,:,:)
host:0x2a952420 device:0x40057e5f1e00 size:41472 presentcount:0+1 line:746 name:var%auxtot(:,:,:)
host:0x2a972420 device:0x4006ac11a000 size:41472 presentcount:0+2 line:746 name:var%fertot(:,:,:)
host:0x2a980030 device:0x4006ac124200 size:82944 presentcount:0+2 line:746 name:var%celtot(:,:,:)
host:0x2ad5c970 device:0x4010c4600000 size:2799360 presentcount:0+2 line:194 name:cqij(:,:,:,:)
host:0x2b2bc620 device:0x40089be00000 size:7962624 presentcount:0+5 line:746 name:var%gproj(:,:,:,:)
host:0x2bc777c0 device:0x4006ac1d5800 size:98304 presentcount:0+1 line:1101 name:w1%gproj(:)
host:0x2bcf5f30 device:0x4010c45fd800 size:2048 presentcount:0+1 line:179 name:w1(:)
host:0x2bcf6750 device:0x4008043fbe00 size:2048 presentcount:0+1 line:179 name:wtmp(:)
host:0x2be7db80 device:0x4010c459d800 size:393216 presentcount:0+2 line:1226 name:wa%gproj(:,:)
host:0x2beddbb0 device:0x401286c00000 size:393216 presentcount:0+2 line:1226 name:wa%gproj(:,:)
host:0x2bf3dbe0 device:0x4006ac1bd800 size:98304 presentcount:0+1 line:1101 name:w1%gproj(:)
host:0x2bf55c10 device:0x40089b9cc000 size:98304 presentcount:0+1 line:1101 name:w1%gproj(:)
host:0x2bf6dc40 device:0x40089b9e4000 size:98304 presentcount:0+1 line:1101 name:w1%gproj(:)
host:0x348137a0 device:0x401294e00000 size:3145728 presentcount:0+2 line:1226 name:wa%gproj(:,:)
host:0x39940080 device:0x401295a00000 size:14569472 presentcount:0+1 line:202 name:precon(:,:)
host:0x3a72c850 device:0x400804400000 size:7284736 presentcount:0+1 line:1101 name:w1%cptwfp(:)
host:0x3ae26e50 device:0x400803400000 size:7284736 presentcount:0+1 line:1101 name:w1%cptwfp(:)
host:0x3b521a80 device:0x40100ce00000 size:7284736 presentcount:0+1 line:1101 name:w1%cptwfp(:)
host:0x3bc146d0 device:0x401295200000 size:7284736 presentcount:0+1 line:1101 name:w1%cptwfp(:)
host:0x4005b40010a0 device:0x400805400000 size:45593280 presentcount:0+2 line:430 name:var%nli(:,:)
host:0x40061b0e35c0 device:0x4010c4a00000 size:14400000 presentcount:0+1 line:195 name:dencor(:)
host:0x40061cc739e0 device:0x4010c5800000 size:28917760 presentcount:0+1 line:195 name:cstrf(:,:)
host:0x4006c00012b0 device:0x400820000000 size:807411968 presentcount:0+2 line:430 name:var%rproj(:)
host:0x4006f02131a0 device:0x400880000000 size:230400000 presentcount:0+2 line:194 name:sv(:,:)
host:0x4007a0004a60 device:0x4007e0000000 size:590063616 presentcount:0+5 line:746 name:var%cptwfp(:,:,:,:)
host:0x4007c4e66f80 device:0x401283400000 size:29138944 presentcount:0+2 line:1226 name:wa%cptwfp(:,:)
host:0x4007c6a47190 device:0x401285000000 size:29138944 presentcount:0+2 line:1226 name:wa%cptwfp(:,:)
host:0x4008600079d0 device:0x401012200000 size:230400000 presentcount:0+1 line:1101 name:w1%cr(:)
host:0x40086f7573a0 device:0x401286e00000 size:233111552 presentcount:0+2 line:1226 name:wa%cptwfp(:,:)
host:0x4008c32c7be0 device:0x400850400000 size:230400000 presentcount:0+1 line:1236 name:w1%cr(:)
host:0x4008d0e98000 device:0x40088dc00000 size:230400000 presentcount:0+1 line:1101 name:w1%cr(:)
host:0x400920008210 device:0x400808000000 size:230400000 presentcount:0+1 line:1236 name:w1%cr(:)
host:0x40092dbd0020 device:0x401243400000 size:230400000 presentcount:0+1 line:1101 name:w1%cr(:)
host:0x40093b790230 device:0x401251000000 size:230400000 presentcount:0+1 line:1236 name:w1%cr(:)
host:0x400949350650 device:0x401203400000 size:230400000 presentcount:0+1 line:1101 name:w1%cr(:)
host:0x400e20000860 device:0x401211000000 size:230400000 presentcount:0+1 line:1236 name:w1%cr(:)
host:0xffffdfc437a0 device:0x4008043fca00 size:3024 presentcount:0+12 line:682 name:var
host:0xffffdfc44370 device:0x40073c3ffa00 size:1480 presentcount:0+1 line:174 name:w_ini
host:0xffffdfc44940 device:0x4008043fb400 size:1480 presentcount:0+1 line:174 name:wopt
host:0xffffdfc44f10 device:0x40071c3ff600 size:1480 presentcount:0+1 line:174 name:wtmpa
allocated block device:0x40057e5f1e00 size:41472 thread:1
allocated block device:0x40057e5fc000 size:5120 thread:1
allocated block device:0x40057e5fd400 size:4608 thread:1
allocated block device:0x40057e5fe600 size:4608 thread:1
allocated block device:0x40057e5ff800 size:512 thread:1
allocated block device:0x40057e5ffa00 size:512 thread:1
allocated block device:0x40057e5ffc00 size:512 thread:1
allocated block device:0x40057e5ffe00 size:512 thread:1
allocated block device:0x4006ac11a000 size:41472 thread:1
allocated block device:0x4006ac124200 size:82944 thread:1
allocated block device:0x4006ac138600 size:180224 thread:1
allocated block device:0x4006ac164600 size:180224 thread:1
allocated block device:0x4006ac190600 size:4608 thread:1
allocated block device:0x4006ac191800 size:180224 thread:1
allocated block device:0x4006ac1bd800 size:98304 thread:1
allocated block device:0x4006ac1d5800 size:98304 thread:1
allocated block device:0x4006ac1ed800 size:14848 thread:1
allocated block device:0x4006ac1f1200 size:14848 thread:1
allocated block device:0x4006ac1f4c00 size:10240 thread:1
allocated block device:0x4006ac1f7400 size:10240 thread:1
allocated block device:0x4006ac1f9c00 size:512 thread:1
allocated block device:0x4006ac1f9e00 size:512 thread:1
allocated block device:0x4006ac1fa000 size:512 thread:1
allocated block device:0x4006ac1fa200 size:512 thread:1
allocated block device:0x4006ac1fa400 size:512 thread:1
allocated block device:0x4006ac1fa600 size:5120 thread:1
allocated block device:0x4006ac1fba00 size:1536 thread:1
allocated block device:0x4006ac1fc000 size:1024 thread:1
allocated block device:0x4006ac1fc400 size:1024 thread:1
allocated block device:0x4006ac1fc800 size:1536 thread:1
allocated block device:0x4006ac1fce00 size:1024 thread:1
allocated block device:0x4006ac1fd200 size:1024 thread:1
allocated block device:0x4006ac1fd600 size:1024 thread:1
allocated block device:0x4006ac1fda00 size:6144 thread:1
allocated block device:0x4006ac1ff200 size:2560 thread:1
allocated block device:0x4006ac1ffc00 size:512 thread:1
allocated block device:0x4006ac1ffe00 size:512 thread:1
allocated block device:0x40071c3ff600 size:2048 thread:1
allocated block device:0x40073c3ff600 size:1024 thread:1
allocated block device:0x40073c3ffa00 size:1536 thread:1
allocated block device:0x40077c3fea00 size:2560 thread:1
allocated block device:0x40077c3ff400 size:512 thread:1
allocated block device:0x40077c3ff600 size:512 thread:1
allocated block device:0x40077c3ff800 size:512 thread:1
allocated block device:0x40077c3ffa00 size:512 thread:1
allocated block device:0x40077c3ffc00 size:512 thread:1
allocated block device:0x40077c3ffe00 size:512 thread:1
allocated block device:0x4007e0000000 size:590063616 thread:1
allocated block device:0x400803400000 size:7962624 thread:1
allocated block device:0x400803c00000 size:1821184 thread:1
allocated block device:0x400803dbca00 size:512 thread:1
allocated block device:0x400803dbcc00 size:512 thread:1
allocated block device:0x400803dbce00 size:512 thread:1
allocated block device:0x400803dbd000 size:512 thread:1
allocated block device:0x400803dbd200 size:512 thread:1
allocated block device:0x400803dbd400 size:512 thread:1
allocated block device:0x400803dbd600 size:512 thread:1
allocated block device:0x400803dbd800 size:5120 thread:1
allocated block device:0x400803dbec00 size:1536 thread:1
allocated block device:0x400803dbf200 size:1024 thread:1
allocated block device:0x400803dbf600 size:1024 thread:1
allocated block device:0x400803dbfa00 size:1536 thread:1
allocated block device:0x400803dc0000 size:1024 thread:1
allocated block device:0x400803dc0400 size:1024 thread:1
allocated block device:0x400803dc0800 size:17408 thread:1
allocated block device:0x400803dc4c00 size:17408 thread:1
allocated block device:0x400803dc9000 size:180224 thread:1
allocated block device:0x400803df5000 size:2048 thread:1
allocated block device:0x400803df5800 size:512 thread:1
allocated block device:0x400803df5a00 size:4608 thread:1
allocated block device:0x400803df6c00 size:512 thread:1
allocated block device:0x400803df6e00 size:4608 thread:1
allocated block device:0x400803df8000 size:26112 thread:1
allocated block device:0x400803dfe600 size:3072 thread:1
allocated block device:0x400803dff200 size:512 thread:1
allocated block device:0x400803dff400 size:512 thread:1
allocated block device:0x400803dff600 size:512 thread:1
allocated block device:0x400803dff800 size:512 thread:1
allocated block device:0x400803dffa00 size:512 thread:1
allocated block device:0x400803dffc00 size:512 thread:1
allocated block device:0x400803dffe00 size:512 thread:1
allocated block device:0x400803e00000 size:1821184 thread:1
allocated block device:0x400803fbca00 size:180224 thread:1
allocated block device:0x400803fe8a00 size:4608 thread:1
allocated block device:0x400803fe9c00 size:4608 thread:1
allocated block device:0x400803feae00 size:4608 thread:1
allocated block device:0x400803fec000 size:24064 thread:1
allocated block device:0x400803ff1e00 size:512 thread:1
allocated block device:0x400803ff2000 size:24064 thread:1
allocated block device:0x400803ff7e00 size:512 thread:1
allocated block device:0x400803ff8000 size:512 thread:1
allocated block device:0x400803ff8200 size:3072 thread:1
allocated block device:0x400803ff8e00 size:3072 thread:1
allocated block device:0x400803ff9a00 size:512 thread:1
allocated block device:0x400803ff9c00 size:5120 thread:1
allocated block device:0x400803ffb000 size:1536 thread:1
allocated block device:0x400803ffb600 size:2560 thread:1
allocated block device:0x400803ffc000 size:1536 thread:1
allocated block device:0x400803ffc600 size:2048 thread:1
allocated block device:0x400803ffce00 size:6144 thread:1
allocated block device:0x400803ffe600 size:6144 thread:1
allocated block device:0x400803fffe00 size:512 thread:1
allocated block device:0x400804000000 size:1821184 thread:1
allocated block device:0x4008041bca00 size:180224 thread:1
allocated block device:0x4008041e8a00 size:6144 thread:1
allocated block device:0x4008041ea200 size:2560 thread:1
allocated block device:0x4008041eac00 size:512 thread:1
allocated block device:0x4008041eae00 size:512 thread:1
allocated block device:0x4008041eb000 size:512 thread:1
allocated block device:0x4008041eb200 size:512 thread:1
allocated block device:0x4008041eb400 size:512 thread:1
allocated block device:0x4008041eb600 size:512 thread:1
allocated block device:0x4008041eb800 size:512 thread:1
allocated block device:0x4008041eba00 size:512 thread:1
allocated block device:0x4008041ebc00 size:1536 thread:1
allocated block device:0x4008041ec200 size:1536 thread:1
allocated block device:0x4008041ec800 size:512 thread:1
allocated block device:0x4008041eca00 size:2560 thread:1
allocated block device:0x4008041ed400 size:6144 thread:1
allocated block device:0x4008041eec00 size:28672 thread:1
allocated block device:0x4008041f5c00 size:40448 thread:1
allocated block device:0x4008041ffa00 size:512 thread:1
allocated block device:0x400804200000 size:1821184 thread:1
allocated block device:0x4008043bca00 size:180224 thread:1
allocated block device:0x4008043e8a00 size:8192 thread:1
allocated block device:0x4008043eaa00 size:8192 thread:1
allocated block device:0x4008043eca00 size:40448 thread:1
allocated block device:0x4008043f6800 size:8192 thread:1
allocated block device:0x4008043fb400 size:2560 thread:1
allocated block device:0x4008043fbe00 size:3072 thread:1
allocated block device:0x4008043fca00 size:3072 thread:1
allocated block device:0x400804400000 size:7284736 thread:1
allocated block device:0x400804c00000 size:7284736 thread:1
allocated block device:0x400805400000 size:45593600 thread:1
allocated block device:0x400808000000 size:230400000 thread:1
allocated block device:0x40081cc00000 size:7284736 thread:1
allocated block device:0x400820000000 size:807412224 thread:1
allocated block device:0x400850400000 size:230400000 thread:1
allocated block device:0x400880000000 size:230400000 thread:1
allocated block device:0x40088dc00000 size:230400000 thread:1
allocated block device:0x40089b85fa00 size:921600 thread:1
allocated block device:0x40089b940a00 size:464896 thread:1
allocated block device:0x40089b9cc000 size:98304 thread:1
allocated block device:0x40089b9e4000 size:98304 thread:1
allocated block device:0x40089ba00000 size:2799616 thread:1
allocated block device:0x40089be00000 size:7962624 thread:1
allocated block device:0x40100ce00000 size:14400000 thread:1
allocated block device:0x401012200000 size:230400000 thread:1
allocated block device:0x4010c3400000 size:3614720 thread:1
allocated block device:0x4010c3800000 size:3614720 thread:1
allocated block device:0x4010c3c00000 size:3614720 thread:1
allocated block device:0x4010c4000000 size:3614720 thread:1
allocated block device:0x4010c4400000 size:453632 thread:1
allocated block device:0x4010c446ec00 size:453632 thread:1
allocated block device:0x4010c459d800 size:393216 thread:1
allocated block device:0x4010c45fd800 size:2048 thread:1
allocated block device:0x4010c4600000 size:2799616 thread:1
allocated block device:0x4010c4a00000 size:14400000 thread:1
allocated block device:0x4010c5800000 size:28917760 thread:1
allocated block device:0x401203400000 size:230400000 thread:1
allocated block device:0x401211000000 size:230400000 thread:1
allocated block device:0x401243400000 size:230400000 thread:1
allocated block device:0x401251000000 size:230400000 thread:1
allocated block device:0x401283400000 size:29138944 thread:1
allocated block device:0x401285000000 size:29138944 thread:1
allocated block device:0x401286c00000 size:393216 thread:1
allocated block device:0x401286e00000 size:233111552 thread:1
allocated block device:0x401294e00000 size:3145728 thread:1
allocated block device:0x401295200000 size:7284736 thread:1
allocated block device:0x401295a00000 size:14569472 thread:1
Accelerator Fatal Error: call to cuMemAlloc returned error 2 (CUDA_ERROR_OUT_OF_MEMORY): Out of memory
 File: /lus/lfs1aip2/projects/u6cb/software/VASP/vasp.6.5.1/build/gam/hamil.f90
 Function: hamiltmu:978
 Line: 1005

total/free CUDA memory: 102005473280/473563136
Present table dump for device[1]: NVIDIA Tesla GPU 0, compute capability 9.0, threadid=1
Hint: specify 0x800 bit in NV_ACC_DEBUG for verbose info.
host:0x2557280 device:0x4006c3df6c00 size:32 presentcount:0+3 line:643 name:var%comm
host:0x25572a0 device:0x4006c3dbca00 size:32 presentcount:0+4 line:652 name:var%comm_kinter
host:0x25572c0 device:0x4006c3dbcc00 size:32 presentcount:0+6 line:655 name:var%comm_kin
host:0x25572e0 device:0x40043e5ffa00 size:32 presentcount:0+3 line:646 name:var%comm_inter
host:0x2557300 device:0x40043e5ffc00 size:32 presentcount:0+7 line:649 name:var%comm_inb
host:0x256be80 device:0x40043a0ecd00 size:8 presentcount:0+1 line:-1 name:_setexm_struct_def_21
host:0x2576f40 device:0x40043a0ece00 size:28 presentcount:0+1 line:-1 name:_ml_ff_constant_21
host:0x2577c80 device:0x40043a0ecf00 size:30437 presentcount:0+1 line:-1 name:_ml_ff_taglist_21
host:0x25afc80 device:0x40043a0f4600 size:8 presentcount:0+1 line:-1 name:_mopenacc_tutor_21
host:0x25c2740 device:0x40043a0f4a00 size:32 presentcount:0+1 line:-1 name:_mbj_21
host:0x25cd640 device:0x40043a0f4d00 size:8 presentcount:0+1 line:-1 name:_sym_prec_21
host:0x26030c0 device:0x40043a0f4e00 size:344 presentcount:0+1 line:-1 name:_tet_21
host:0x261c840 device:0x40043a0f5000 size:392 presentcount:0+1 line:-1 name:_mymath_21
host:0x2817368 device:0x4006c3dbd800 size:4800 presentcount:0+2 line:614 name:var
host:0x2818628 device:0x4006c3df5000 size:1984 presentcount:0+2 line:403 name:var
host:0x281a910 device:0x4005fc3ff600 size:864 presentcount:0+4 line:2639 name:hamiltonian
host:0x286ac80 device:0x4006c3dfe600 size:2712 presentcount:0+2 line:428 name:var
host:0x286b718 device:0x40063c3fea00 size:2248 presentcount:0+1 line:742 name:var
host:0x286eb50 device:0x4006c41ffa00 size:288 presentcount:0+1 line:195 name:latt_cur
host:0x2871658 device:0x40043e5fc000 size:5088 presentcount:0+28 line:517 name:var
host:0x2872a38 device:0x40056a1fa600 size:5088 presentcount:0+6 line:517 name:var
host:0x2873e18 device:0x4006c3ff9c00 size:5088 presentcount:0+7 line:517 name:var
host:0x287a2a8 device:0x4006c41eba00 size:304 presentcount:0+1 line:567 name:var
host:0x287a3d8 device:0x4006c41ec800 size:304 presentcount:0+1 line:567 name:var
host:0x2e48ec0 device:0x40043a002600 size:960024 presentcount:0+1 line:-1 name:_setexm_struct_def_16
host:0x2f8f080 device:0x40043a0f4700 size:580 presentcount:0+1 line:-1 name:_wpbe_16
host:0x2f8f900 device:0x40043a0f4b00 size:288 presentcount:0+1 line:-1 name:_mbj_16
host:0x9f446c0 device:0x40043a0f5200 size:624 presentcount:0+1 line:-1 name:_mlr_optic_16
host:0x14bc4e60 device:0x4006c3dbf600 size:1000 presentcount:0+4 line:519 name:var%lpctz(:)
host:0x14bc7e30 device:0x4006c41eae00 size:260 presentcount:0+1 line:499 name:var%ptri(:)
host:0x14bc8120 device:0x40056a1ffc00 size:260 presentcount:0+1 line:499 name:var%n(:)
host:0x14cac940 device:0x4006c3dff800 size:24 presentcount:0+3 line:616 name:var%vkpt(:,:)
host:0x14caca10 device:0x4006c3dffa00 size:8 presentcount:0+2 line:616 name:var%wtkpt(:)
host:0x14caca40 device:0x4006c3dff400 size:8 presentcount:0+3 line:616 name:var%nityp(:)
host:0x14cacb50 device:0x4006c3dbd600 size:16 presentcount:0+2 line:430 name:var%psrmax(:)
host:0x14cacb90 device:0x4006c3dff200 size:8 presentcount:0+3 line:616 name:var%lmmax(:)
host:0x14cacbc0 device:0x4006c3dff600 size:8 presentcount:0+3 line:616 name:var%nt_global(:)
host:0x14cacbf0 device:0x4006c3dffe00 size:4 presentcount:0+2 line:616 name:var%nplwkp(:)
host:0x14cacc20 device:0x4006c3ff1e00 size:4 presentcount:0+2 line:616 name:var%nplwkp_tot(:)
host:0x14cacc50 device:0x4006c3ff7e00 size:4 presentcount:0+2 line:616 name:var%ngvector_pos(:)
host:0x14cacc80 device:0x4006c3dffc00 size:4 presentcount:0+2 line:616 name:var%ngvector(:)
host:0x14caccb0 device:0x4006c3df5800 size:8 presentcount:0+2 line:616 name:var%nb_totk(:,:)
host:0x14cacce0 device:0x4006c3ff8000 size:4 presentcount:0+2 line:616 name:var%luseinv(:)
host:0x14cacd10 device:0x4006c3dbd200 size:4 presentcount:0+2 line:616 name:var%at_gamma(:)
host:0x14cacd40 device:0x4006c3ff9a00 size:8 presentcount:0+2 line:405 name:var%lmmax(:)
host:0x14cacd70 device:0x4006c3dbce00 size:8 presentcount:0+2 line:430 name:var%lmax(:)
host:0x14cacda0 device:0x4006c3dbd000 size:8 presentcount:0+2 line:430 name:var%lmmax(:)
host:0x14cacdd0 device:0x4006c3dbd400 size:8 presentcount:0+2 line:430 name:var%channels(:)
host:0x15d8b560 device:0x40056a1fd600 size:528 presentcount:0+1 line:480 name:var
host:0x19fdc1f0 device:0x40043e5ffe00 size:8 presentcount:0+4 line:405 name:var%nityp(:)
host:0x1a49e200 device:0x40056a1ffe00 size:260 presentcount:0+1 line:499 name:var%ptr(:)
host:0x1a958ef0 device:0x4006c41eec00 size:28464 presentcount:0+1 line:853 name:var(:)
host:0x1a972730 device:0x4006c43eca00 size:40000 presentcount:0+1 line:857 name:var%psp(:,:)
host:0x1a97c3a0 device:0x4006c43f6800 size:8000 presentcount:0+1 line:857 name:var%psprho(:)
host:0x1a97f780 device:0x4006c3ff2000 size:24000 presentcount:0+2 line:466 name:var%psprnl(:,:,:)
host:0x1a9af2b0 device:0x4006c3fe9c00 size:4320 presentcount:0+4 line:405 name:var%ityp(:)
host:0x1a9b03c0 device:0x4006c3df8000 size:25920 presentcount:0+4 line:405 name:var%posion(:,:)
host:0x1a9f3c50 device:0x4006c41f5c00 size:40000 presentcount:0+1 line:857 name:var%psp(:,:)
host:0x1a9fd8c0 device:0x4006c43e8a00 size:8000 presentcount:0+1 line:857 name:var%pspcor(:)
host:0x1a9ff830 device:0x4006c43eaa00 size:8000 presentcount:0+1 line:857 name:var%psprho(:)
host:0x1aa02ac0 device:0x4006c3fec000 size:24000 presentcount:0+2 line:466 name:var%psprnl(:,:,:)
host:0x1aa47fe0 device:0x40063c3ff800 size:24 presentcount:0+3 line:466 name:var%lps(:)
host:0x1aa48090 device:0x40063c3ffc00 size:24 presentcount:0+3 line:466 name:var%lps(:)
host:0x1ab50b30 device:0x4006c3fe8a00 size:4320 presentcount:0+3 line:616 name:var%ityp(:)
host:0x1ab51c40 device:0x4006c3df6e00 size:4320 presentcount:0+3 line:616 name:var%npro_pos(:)
host:0x1ab52d50 device:0x4006c3df5a00 size:4324 presentcount:0+3 line:616 name:var%lmbase(:)
host:0x1ab53e60 device:0x4006c3dbec00 size:1280 presentcount:0+4 line:519 name:var%lpctx(:)
host:0x1ab54390 device:0x4006c3dbf200 size:720 presentcount:0+4 line:519 name:var%lpcty(:)
host:0x1ab54690 device:0x4006c3dbfa00 size:1280 presentcount:0+4 line:519 name:var%lpctx_(:)
host:0x1ab54bc0 device:0x4006c3dc0000 size:720 presentcount:0+4 line:519 name:var%lpcty_(:)
host:0x1ab54ec0 device:0x4006c3dc0400 size:1000 presentcount:0+4 line:519 name:var%lpctz_(:)
host:0x1ab552d0 device:0x40056a1fba00 size:1280 presentcount:0+1 line:519 name:var%lpctx(:)
host:0x1ab55800 device:0x40056a1fc000 size:720 presentcount:0+1 line:519 name:var%lpcty(:)
host:0x1ab55b00 device:0x40056a1fc400 size:1000 presentcount:0+1 line:519 name:var%lpctz(:)
host:0x1ab55f10 device:0x40056a1fc800 size:1280 presentcount:0+1 line:519 name:var%lpctx_(:)
host:0x1ab56440 device:0x40056a1fce00 size:720 presentcount:0+1 line:519 name:var%lpcty_(:)
host:0x1ab56740 device:0x40056a1fd200 size:1000 presentcount:0+1 line:519 name:var%lpctz_(:)
host:0x1ab56b50 device:0x4006c3ff8200 size:2560 presentcount:0+1 line:519 name:var%lpctx(:)
host:0x1ab57580 device:0x4006c3ffb000 size:1440 presentcount:0+1 line:519 name:var%lpcty(:)
host:0x1ab57b50 device:0x4006c3ff8e00 size:2000 presentcount:0+1 line:519 name:var%lpctz(:)
host:0x1ab58350 device:0x4006c3ffb600 size:2560 presentcount:0+1 line:519 name:var%lpctx_(:)
host:0x1ab58d80 device:0x4006c3ffc000 size:1440 presentcount:0+1 line:519 name:var%lpcty_(:)
host:0x1ab59350 device:0x4006c3ffc600 size:2000 presentcount:0+1 line:519 name:var%lpctz_(:)
host:0x1ac4c9b0 device:0x4006c3ffce00 size:5644 presentcount:0+1 line:482 name:var%i2(:)
host:0x1ac4dff0 device:0x4006c3ffe600 size:5644 presentcount:0+1 line:482 name:var%i3(:)
host:0x1ac4f630 device:0x40056a1f4c00 size:10040 presentcount:0+1 line:482 name:var%i2(:)
host:0x1ac51d90 device:0x40056a1f7400 size:10040 presentcount:0+1 line:482 name:var%i3(:)
host:0x1ac544f0 device:0x40056a1ed800 size:14400 presentcount:0+2 line:482 name:var%i2(:)
host:0x1ac57d60 device:0x40056a1f1200 size:14400 presentcount:0+2 line:482 name:var%i3(:)
host:0x1ac5b9f0 device:0x40075b85fa00 size:921600 presentcount:0+2 line:482 name:var%index(:,:)
host:0x1ad3ca20 device:0x4006c41eca00 size:2560 presentcount:0+1 line:569 name:var%ind1(:)
host:0x1ad3d450 device:0x4006c41ed400 size:5644 presentcount:0+1 line:569 name:var%indcol(:)
host:0x1ad3ea90 device:0x40056a1fda00 size:5644 presentcount:0+1 line:482 name:var%i2(:)
host:0x1ad400d0 device:0x4006c41e8a00 size:5644 presentcount:0+1 line:482 name:var%i3(:)
host:0x1ad41710 device:0x40056a1ff200 size:2520 presentcount:0+1 line:482 name:var%i2(:)
host:0x1ad42110 device:0x4006c41ea200 size:2520 presentcount:0+1 line:482 name:var%i3(:)
host:0x1ad42b10 device:0x40043e5fd400 size:4320 presentcount:0+2 line:430 name:var%nlimax(:)
host:0x1ad43c20 device:0x40043e5fe600 size:4324 presentcount:0+2 line:430 name:var%lmbase(:)
host:0x1ad44d30 device:0x40056a190600 size:4324 presentcount:0+2 line:430 name:var%nlibase(:)
host:0x1ad45e40 device:0x4006c3dc0800 size:17132 presentcount:0+4 line:519 name:var%nindpwconjg(:)
host:0x1ad4a160 device:0x4006c3dc4c00 size:17132 presentcount:0+4 line:519 name:var%ind_in_sphere(:)
host:0x1ad7cbc0 device:0x4006c41ebc00 size:1280 presentcount:0+1 line:569 name:var%ind1(:)
host:0x1ad7d0f0 device:0x4006c41ec200 size:1448 presentcount:0+1 line:569 name:var%indcol(:)
host:0x1ad7d6c0 device:0x40056a138600 size:180000 presentcount:0+4 line:482 name:var%i2(:)
host:0x1ada9610 device:0x40056a164600 size:180000 presentcount:0+4 line:482 name:var%i3(:)
host:0x1add5560 device:0x4006c3dc9000 size:180000 presentcount:0+8 line:482 name:var%index(:,:)
host:0x1ae014b0 device:0x4006c43bca00 size:180000 presentcount:0+8 line:482 name:var%i2(:)
host:0x1ae2d400 device:0x40056a191800 size:180000 presentcount:0+8 line:482 name:var%i3(:)
host:0x1ae59980 device:0x4006c3e00000 size:1821184 presentcount:0+3 line:616 name:var%nindpw(:,:)
host:0x1b0163b0 device:0x4006c3fbca00 size:180000 presentcount:0+3 line:616 name:var%pl_index(:,:)
host:0x1b042300 device:0x4006c41bca00 size:180000 presentcount:0+3 line:616 name:var%pl_col(:,:)
host:0x1b06e250 device:0x4006c3feae00 size:4324 presentcount:0+2 line:405 name:var%lmbase(:)
host:0x1b06f360 device:0x40063c3ff400 size:16 presentcount:0+2 line:430 name:var%rsmooth(:)
host:0x1b06f3a0 device:0x40063c3ff600 size:400 presentcount:0+2 line:464 name:var
host:0x1b06f530 device:0x40063c3ffa00 size:400 presentcount:0+2 line:464 name:var
host:0x1b0dff50 device:0x4006c41eac00 size:260 presentcount:0+1 line:499 name:var%ni(:)
host:0x1b0e0080 device:0x4006c41eb200 size:260 presentcount:0+1 line:499 name:var%ptr(:)
host:0x1b0e01b0 device:0x4006c41eb000 size:260 presentcount:0+1 line:499 name:var%n(:)
host:0x1b0e02e0 device:0x4006c41eb800 size:4 presentcount:0+1 line:499 name:var%tbli(:)
host:0x1b0e0310 device:0x4006c41eb600 size:260 presentcount:0+1 line:499 name:var%ptri(:)
host:0x1b0e0440 device:0x4006c41eb400 size:260 presentcount:0+1 line:499 name:var%ni(:)
host:0x1b0fcab0 device:0x40043e5ff800 size:260 presentcount:0+1 line:499 name:var%ptr(:)
host:0x1b0fcbe0 device:0x40063c3ffe00 size:260 presentcount:0+1 line:499 name:var%n(:)
host:0x1b0fcd10 device:0x40056a1f9c00 size:260 presentcount:0+1 line:499 name:var%ptri(:)
host:0x1b0fce40 device:0x4006c3fffe00 size:260 presentcount:0+1 line:499 name:var%ni(:)
host:0x1b0fcf70 device:0x40056a1fa000 size:260 presentcount:0+1 line:499 name:var%ptr(:)
host:0x1b0fd0a0 device:0x40056a1f9e00 size:260 presentcount:0+1 line:499 name:var%n(:)
host:0x1b0fd1d0 device:0x40056a1fa400 size:260 presentcount:0+1 line:499 name:var%ptri(:)
host:0x1b0fd300 device:0x40056a1fa200 size:260 presentcount:0+1 line:499 name:var%ni(:)
host:0x1b243890 device:0x4006c4c00000 size:7284736 presentcount:0+3 line:616 name:var%datake(:,:,:)
host:0x1b936b10 device:0x4006c4000000 size:1821184 presentcount:0+3 line:616 name:var%igx(:,:)
host:0x1baf41a0 device:0x4006c3c00000 size:1821184 presentcount:0+3 line:616 name:var%igy(:,:)
host:0x1bcb1a40 device:0x4006c4200000 size:1821184 presentcount:0+3 line:616 name:var%igz(:,:)
host:0x1be6f910 device:0x4006dcc00000 size:7284272 presentcount:0+4 line:519 name:var%fftsca(:,:)
host:0x1c561f70 device:0x40075b940a00 size:463360 presentcount:0+1 line:499 name:var%tbl(:)
host:0x1c6443d0 device:0x400f84400000 size:453600 presentcount:0+1 line:499 name:var%tbli(:)
host:0x1c6b2fe0 device:0x400f8446ec00 size:453600 presentcount:0+1 line:499 name:var%tbl(:)
host:0x1c823ec0 device:0x400f83400000 size:3612160 presentcount:0+1 line:499 name:var%tbl(:)
host:0x1cf0aeb0 device:0x400f83800000 size:3614400 presentcount:0+1 line:499 name:var%tbli(:)
host:0x1d27f280 device:0x400f83c00000 size:3614400 presentcount:0+1 line:499 name:var%tbl(:)
host:0x1d968050 device:0x400f84000000 size:3614400 presentcount:0+1 line:499 name:var%tbli(:)
host:0x1dfc2420 device:0x40043e5f1e00 size:41472 presentcount:0+1 line:746 name:var%auxtot(:,:,:)
host:0x1e002420 device:0x40056a11a000 size:41472 presentcount:0+2 line:746 name:var%fertot(:,:,:)
host:0x1e010030 device:0x40056a124200 size:82944 presentcount:0+2 line:746 name:var%celtot(:,:,:)
host:0x1ee26d50 device:0x40075ba00000 size:2799360 presentcount:0+2 line:194 name:cdij(:,:,:,:)
host:0x1f0d6470 device:0x400f84600000 size:2799360 presentcount:0+2 line:194 name:cqij(:,:,:,:)
host:0x1f636120 device:0x40075be00000 size:7962624 presentcount:0+5 line:746 name:var%gproj(:,:,:,:)
host:0x1fff1fb0 device:0x40056a1d5800 size:98304 presentcount:0+1 line:1101 name:w1%gproj(:)
host:0x20070720 device:0x4006c43fbe00 size:2048 presentcount:0+1 line:179 name:wtmp(:)
host:0x201f8370 device:0x400f8459d800 size:393216 presentcount:0+2 line:1226 name:wa%gproj(:,:)
host:0x202583a0 device:0x401146c00000 size:393216 presentcount:0+2 line:1226 name:wa%gproj(:,:)
host:0x202b83d0 device:0x40056a1bd800 size:98304 presentcount:0+1 line:1101 name:w1%gproj(:)
host:0x202d0400 device:0x40075b9cba00 size:98304 presentcount:0+1 line:1101 name:w1%gproj(:)
host:0x202e8430 device:0x40075b9e3a00 size:98304 presentcount:0+1 line:1101 name:w1%gproj(:)
host:0x28c73350 device:0x401154e00000 size:3145728 presentcount:0+2 line:1226 name:wa%gproj(:,:)
host:0x2dd7ecd0 device:0x400f845fd800 size:2048 presentcount:0+1 line:179 name:w1(:)
host:0x2dd9f950 device:0x401155200000 size:14569472 presentcount:0+1 line:202 name:precon(:,:)
host:0x2eb8bd00 device:0x4006c4400000 size:7284736 presentcount:0+1 line:1101 name:w1%cptwfp(:)
host:0x2f285ee0 device:0x4006c3400000 size:7284736 presentcount:0+1 line:1101 name:w1%cptwfp(:)
host:0x2f9806f0 device:0x400ecce00000 size:7284736 presentcount:0+1 line:1101 name:w1%cptwfp(:)
host:0x30072f20 device:0x400ecf800000 size:7284736 presentcount:0+1 line:1101 name:w1%cptwfp(:)
host:0x4004c04110a0 device:0x4006c5400000 size:45593280 presentcount:0+2 line:430 name:var%nli(:,:)
host:0x4004d23131a0 device:0x400740000000 size:230400000 presentcount:0+2 line:194 name:sv(:,:)
host:0x4005800012b0 device:0x4006e0000000 size:807411968 presentcount:0+2 line:430 name:var%rproj(:)
host:0x4005b0fe35c0 device:0x400f84a00000 size:14400000 presentcount:0+1 line:195 name:dencor(:)
host:0x4005b2b739e0 device:0x400f85800000 size:28915200 presentcount:0+1 line:195 name:cstrf(:,:)
host:0x4005b9496b60 device:0x401143400000 size:29138944 presentcount:0+2 line:1226 name:wa%cptwfp(:,:)
host:0x400660004a60 device:0x4006a0000000 size:590063616 presentcount:0+5 line:746 name:var%cptwfp(:,:,:,:)
host:0x4006832c6d70 device:0x401145000000 size:29138944 presentcount:0+2 line:1226 name:wa%cptwfp(:,:)
host:0x400684ea6f80 device:0x401146e00000 size:233111552 presentcount:0+2 line:1226 name:wa%cptwfp(:,:)
host:0x400727c575b0 device:0x400ed2200000 size:230400000 presentcount:0+1 line:1101 name:w1%cr(:)
host:0x4007832c77c0 device:0x400710400000 size:230400000 presentcount:0+1 line:1236 name:w1%cr(:)
host:0x400790e97be0 device:0x40074dc00000 size:230400000 presentcount:0+1 line:1101 name:w1%cr(:)
host:0x4007e0007df0 device:0x4006c8000000 size:230400000 presentcount:0+1 line:1236 name:w1%cr(:)
host:0x4007edbd8210 device:0x401103400000 size:230400000 presentcount:0+1 line:1101 name:w1%cr(:)
host:0x4007fb7a8420 device:0x401111000000 size:230400000 presentcount:0+1 line:1236 name:w1%cr(:)
host:0x400809370230 device:0x4010c3400000 size:230400000 presentcount:0+1 line:1101 name:w1%cr(:)
host:0x400ce0000440 device:0x4010d1000000 size:230400000 presentcount:0+1 line:1236 name:w1%cr(:)
host:0xffffe41a2380 device:0x4006c43fca00 size:3024 presentcount:0+12 line:682 name:var
host:0xffffe41a2f50 device:0x4005fc3ffa00 size:1480 presentcount:0+1 line:174 name:w_ini
host:0xffffe41a3520 device:0x4006c43fb400 size:1480 presentcount:0+1 line:174 name:wopt
host:0xffffe41a3af0 device:0x4005dc3ff600 size:1480 presentcount:0+1 line:174 name:wtmpa
allocated block device:0x40043e5f1e00 size:41472 thread:1
allocated block device:0x40043e5fc000 size:5120 thread:1
allocated block device:0x40043e5fd400 size:4608 thread:1
allocated block device:0x40043e5fe600 size:4608 thread:1
allocated block device:0x40043e5ff800 size:512 thread:1
allocated block device:0x40043e5ffa00 size:512 thread:1
allocated block device:0x40043e5ffc00 size:512 thread:1
allocated block device:0x40043e5ffe00 size:512 thread:1
allocated block device:0x40056a11a000 size:41472 thread:1
allocated block device:0x40056a124200 size:82944 thread:1
allocated block device:0x40056a138600 size:180224 thread:1
allocated block device:0x40056a164600 size:180224 thread:1
allocated block device:0x40056a190600 size:4608 thread:1
allocated block device:0x40056a191800 size:180224 thread:1
allocated block device:0x40056a1bd800 size:98304 thread:1
allocated block device:0x40056a1d5800 size:98304 thread:1
allocated block device:0x40056a1ed800 size:14848 thread:1
allocated block device:0x40056a1f1200 size:14848 thread:1
allocated block device:0x40056a1f4c00 size:10240 thread:1
allocated block device:0x40056a1f7400 size:10240 thread:1
allocated block device:0x40056a1f9c00 size:512 thread:1
allocated block device:0x40056a1f9e00 size:512 thread:1
allocated block device:0x40056a1fa000 size:512 thread:1
allocated block device:0x40056a1fa200 size:512 thread:1
allocated block device:0x40056a1fa400 size:512 thread:1
allocated block device:0x40056a1fa600 size:5120 thread:1
allocated block device:0x40056a1fba00 size:1536 thread:1
allocated block device:0x40056a1fc000 size:1024 thread:1
allocated block device:0x40056a1fc400 size:1024 thread:1
allocated block device:0x40056a1fc800 size:1536 thread:1
allocated block device:0x40056a1fce00 size:1024 thread:1
allocated block device:0x40056a1fd200 size:1024 thread:1
allocated block device:0x40056a1fd600 size:1024 thread:1
allocated block device:0x40056a1fda00 size:6144 thread:1
allocated block device:0x40056a1ff200 size:2560 thread:1
allocated block device:0x40056a1ffc00 size:512 thread:1
allocated block device:0x40056a1ffe00 size:512 thread:1
allocated block device:0x4005dc3ff600 size:2048 thread:1
allocated block device:0x4005fc3ff600 size:1024 thread:1
allocated block device:0x4005fc3ffa00 size:1536 thread:1
allocated block device:0x40063c3fea00 size:2560 thread:1
allocated block device:0x40063c3ff400 size:512 thread:1
allocated block device:0x40063c3ff600 size:512 thread:1
allocated block device:0x40063c3ff800 size:512 thread:1
allocated block device:0x40063c3ffa00 size:512 thread:1
allocated block device:0x40063c3ffc00 size:512 thread:1
allocated block device:0x40063c3ffe00 size:512 thread:1
allocated block device:0x4006a0000000 size:590063616 thread:1
allocated block device:0x4006c3400000 size:7962624 thread:1
allocated block device:0x4006c3c00000 size:1821184 thread:1
allocated block device:0x4006c3dbca00 size:512 thread:1
allocated block device:0x4006c3dbcc00 size:512 thread:1
allocated block device:0x4006c3dbce00 size:512 thread:1
allocated block device:0x4006c3dbd000 size:512 thread:1
allocated block device:0x4006c3dbd200 size:512 thread:1
allocated block device:0x4006c3dbd400 size:512 thread:1
allocated block device:0x4006c3dbd600 size:512 thread:1
allocated block device:0x4006c3dbd800 size:5120 thread:1
allocated block device:0x4006c3dbec00 size:1536 thread:1
allocated block device:0x4006c3dbf200 size:1024 thread:1
allocated block device:0x4006c3dbf600 size:1024 thread:1
allocated block device:0x4006c3dbfa00 size:1536 thread:1
allocated block device:0x4006c3dc0000 size:1024 thread:1
allocated block device:0x4006c3dc0400 size:1024 thread:1
allocated block device:0x4006c3dc0800 size:17408 thread:1
allocated block device:0x4006c3dc4c00 size:17408 thread:1
allocated block device:0x4006c3dc9000 size:180224 thread:1
allocated block device:0x4006c3df5000 size:2048 thread:1
allocated block device:0x4006c3df5800 size:512 thread:1
allocated block device:0x4006c3df5a00 size:4608 thread:1
allocated block device:0x4006c3df6c00 size:512 thread:1
allocated block device:0x4006c3df6e00 size:4608 thread:1
allocated block device:0x4006c3df8000 size:26112 thread:1
allocated block device:0x4006c3dfe600 size:3072 thread:1
allocated block device:0x4006c3dff200 size:512 thread:1
allocated block device:0x4006c3dff400 size:512 thread:1
allocated block device:0x4006c3dff600 size:512 thread:1
allocated block device:0x4006c3dff800 size:512 thread:1
allocated block device:0x4006c3dffa00 size:512 thread:1
allocated block device:0x4006c3dffc00 size:512 thread:1
allocated block device:0x4006c3dffe00 size:512 thread:1
allocated block device:0x4006c3e00000 size:1821184 thread:1
allocated block device:0x4006c3fbca00 size:180224 thread:1
allocated block device:0x4006c3fe8a00 size:4608 thread:1
allocated block device:0x4006c3fe9c00 size:4608 thread:1
allocated block device:0x4006c3feae00 size:4608 thread:1
allocated block device:0x4006c3fec000 size:24064 thread:1
allocated block device:0x4006c3ff1e00 size:512 thread:1
allocated block device:0x4006c3ff2000 size:24064 thread:1
allocated block device:0x4006c3ff7e00 size:512 thread:1
allocated block device:0x4006c3ff8000 size:512 thread:1
allocated block device:0x4006c3ff8200 size:3072 thread:1
allocated block device:0x4006c3ff8e00 size:3072 thread:1
allocated block device:0x4006c3ff9a00 size:512 thread:1
allocated block device:0x4006c3ff9c00 size:5120 thread:1
allocated block device:0x4006c3ffb000 size:1536 thread:1
allocated block device:0x4006c3ffb600 size:2560 thread:1
allocated block device:0x4006c3ffc000 size:1536 thread:1
allocated block device:0x4006c3ffc600 size:2048 thread:1
allocated block device:0x4006c3ffce00 size:6144 thread:1
allocated block device:0x4006c3ffe600 size:6144 thread:1
allocated block device:0x4006c3fffe00 size:512 thread:1
allocated block device:0x4006c4000000 size:1821184 thread:1
allocated block device:0x4006c41bca00 size:180224 thread:1
allocated block device:0x4006c41e8a00 size:6144 thread:1
allocated block device:0x4006c41ea200 size:2560 thread:1
allocated block device:0x4006c41eac00 size:512 thread:1
allocated block device:0x4006c41eae00 size:512 thread:1
allocated block device:0x4006c41eb000 size:512 thread:1
allocated block device:0x4006c41eb200 size:512 thread:1
allocated block device:0x4006c41eb400 size:512 thread:1
allocated block device:0x4006c41eb600 size:512 thread:1
allocated block device:0x4006c41eb800 size:512 thread:1
allocated block device:0x4006c41eba00 size:512 thread:1
allocated block device:0x4006c41ebc00 size:1536 thread:1
allocated block device:0x4006c41ec200 size:1536 thread:1
allocated block device:0x4006c41ec800 size:512 thread:1
allocated block device:0x4006c41eca00 size:2560 thread:1
allocated block device:0x4006c41ed400 size:6144 thread:1
allocated block device:0x4006c41eec00 size:28672 thread:1
allocated block device:0x4006c41f5c00 size:40448 thread:1
allocated block device:0x4006c41ffa00 size:512 thread:1
allocated block device:0x4006c4200000 size:1821184 thread:1
allocated block device:0x4006c43bca00 size:180224 thread:1
allocated block device:0x4006c43e8a00 size:8192 thread:1
allocated block device:0x4006c43eaa00 size:8192 thread:1
allocated block device:0x4006c43eca00 size:40448 thread:1
allocated block device:0x4006c43f6800 size:8192 thread:1
allocated block device:0x4006c43fb400 size:2560 thread:1
allocated block device:0x4006c43fbe00 size:3072 thread:1
allocated block device:0x4006c43fca00 size:3072 thread:1
allocated block device:0x4006c4400000 size:7284736 thread:1
allocated block device:0x4006c4c00000 size:7284736 thread:1
allocated block device:0x4006c5400000 size:45593600 thread:1
allocated block device:0x4006c8000000 size:230400000 thread:1
allocated block device:0x4006dcc00000 size:7284736 thread:1
allocated block device:0x4006e0000000 size:807412224 thread:1
allocated block device:0x400710400000 size:230400000 thread:1
allocated block device:0x400740000000 size:230400000 thread:1
allocated block device:0x40074dc00000 size:230400000 thread:1
allocated block device:0x40075b85fa00 size:921600 thread:1
allocated block device:0x40075b940a00 size:463360 thread:1
allocated block device:0x40075b9cba00 size:98304 thread:1
allocated block device:0x40075b9e3a00 size:98304 thread:1
allocated block device:0x40075ba00000 size:2799616 thread:1
allocated block device:0x40075be00000 size:7962624 thread:1
allocated block device:0x400ecce00000 size:14400000 thread:1
allocated block device:0x400ecf800000 size:14400000 thread:1
allocated block device:0x400ed2200000 size:230400000 thread:1
allocated block device:0x400f83400000 size:3612160 thread:1
allocated block device:0x400f83800000 size:3614720 thread:1
allocated block device:0x400f83c00000 size:3614720 thread:1
allocated block device:0x400f84000000 size:3614720 thread:1
allocated block device:0x400f84400000 size:453632 thread:1
allocated block device:0x400f8446ec00 size:453632 thread:1
allocated block device:0x400f8459d800 size:393216 thread:1
allocated block device:0x400f845fd800 size:2048 thread:1
allocated block device:0x400f84600000 size:2799616 thread:1
allocated block device:0x400f84a00000 size:14400000 thread:1
allocated block device:0x400f85800000 size:28915200 thread:1
allocated block device:0x4010c3400000 size:230400000 thread:1
allocated block device:0x4010d1000000 size:230400000 thread:1
allocated block device:0x401103400000 size:230400000 thread:1
allocated block device:0x401111000000 size:230400000 thread:1
allocated block device:0x401143400000 size:29138944 thread:1
allocated block device:0x401145000000 size:29138944 thread:1
allocated block device:0x401146c00000 size:393216 thread:1
allocated block device:0x401146e00000 size:233111552 thread:1
allocated block device:0x401154e00000 size:3145728 thread:1
allocated block device:0x401155200000 size:14569472 thread:1
Accelerator Fatal Error: call to cuMemAlloc returned error 2 (CUDA_ERROR_OUT_OF_MEMORY): Out of memory
 File: /lus/lfs1aip2/projects/u6cb/software/VASP/vasp.6.5.1/build/gam/hamil.f90
 Function: hamiltmu:978
 Line: 1005

Out of memory allocating 921600000 bytes of device memory
Failing in Thread:1
total/free CUDA memory: 102005473280/949288960
Present table dump for device[1]: NVIDIA Tesla GPU 0, compute capability 9.0, threadid=1
Hint: specify 0x800 bit in NV_ACC_DEBUG for verbose info.
host:0x2557280 device:0x400583df6c00 size:32 presentcount:0+3 line:643 name:var%comm
host:0x25572a0 device:0x400583dbca00 size:32 presentcount:0+4 line:652 name:var%comm_kinter
host:0x25572c0 device:0x400583dbcc00 size:32 presentcount:0+6 line:655 name:var%comm_kin
host:0x25572e0 device:0x4002fe5ffa00 size:32 presentcount:0+3 line:646 name:var%comm_inter
host:0x2557300 device:0x4002fe5ffc00 size:32 presentcount:0+7 line:649 name:var%comm_inb
host:0x256be80 device:0x4002fa0ecd00 size:8 presentcount:0+1 line:-1 name:_setexm_struct_def_21
host:0x2576f40 device:0x4002fa0ece00 size:28 presentcount:0+1 line:-1 name:_ml_ff_constant_21
host:0x2577c80 device:0x4002fa0ecf00 size:30437 presentcount:0+1 line:-1 name:_ml_ff_taglist_21
host:0x25afc80 device:0x4002fa0f4600 size:8 presentcount:0+1 line:-1 name:_mopenacc_tutor_21
host:0x25c2740 device:0x4002fa0f4a00 size:32 presentcount:0+1 line:-1 name:_mbj_21
host:0x25cd640 device:0x4002fa0f4d00 size:8 presentcount:0+1 line:-1 name:_sym_prec_21
host:0x26030c0 device:0x4002fa0f4e00 size:344 presentcount:0+1 line:-1 name:_tet_21
host:0x261c840 device:0x4002fa0f5000 size:392 presentcount:0+1 line:-1 name:_mymath_21
host:0x2817368 device:0x400583dbd800 size:4800 presentcount:0+2 line:614 name:var
host:0x2818628 device:0x400583df5000 size:1984 presentcount:0+2 line:403 name:var
host:0x281a910 device:0x4004bc3ff600 size:864 presentcount:0+4 line:2639 name:hamiltonian
host:0x286ac80 device:0x400583dfe600 size:2712 presentcount:0+2 line:428 name:var
host:0x286b718 device:0x4004fc3fea00 size:2248 presentcount:0+1 line:742 name:var
host:0x286eb50 device:0x4005841ffa00 size:288 presentcount:0+1 line:195 name:latt_cur
host:0x2871658 device:0x4002fe5fc000 size:5088 presentcount:0+28 line:517 name:var
host:0x2872a38 device:0x40042c1fa600 size:5088 presentcount:0+6 line:517 name:var
host:0x2873e18 device:0x400583ff9c00 size:5088 presentcount:0+7 line:517 name:var
host:0x287a2a8 device:0x4005841eba00 size:304 presentcount:0+1 line:567 name:var
host:0x287a3d8 device:0x4005841ec800 size:304 presentcount:0+1 line:567 name:var
host:0x2e48ec0 device:0x4002fa002600 size:960024 presentcount:0+1 line:-1 name:_setexm_struct_def_16
host:0x2f8f080 device:0x4002fa0f4700 size:580 presentcount:0+1 line:-1 name:_wpbe_16
host:0x2f8f900 device:0x4002fa0f4b00 size:288 presentcount:0+1 line:-1 name:_mbj_16
host:0x9f446c0 device:0x4002fa0f5200 size:624 presentcount:0+1 line:-1 name:_mlr_optic_16
host:0x15df4e60 device:0x400583dbf600 size:1000 presentcount:0+4 line:519 name:var%lpctz(:)
host:0x15df7e30 device:0x4005841eae00 size:260 presentcount:0+1 line:499 name:var%ptri(:)
host:0x15df8120 device:0x40042c1ffc00 size:260 presentcount:0+1 line:499 name:var%n(:)
host:0x16fbb500 device:0x40042c1fd600 size:528 presentcount:0+1 line:480 name:var
host:0x1b20c150 device:0x4002fe5ffe00 size:8 presentcount:0+4 line:405 name:var%nityp(:)
host:0x1b6ce160 device:0x40042c1ffe00 size:260 presentcount:0+1 line:499 name:var%ptr(:)
host:0x1bb88e50 device:0x4005841eec00 size:28464 presentcount:0+1 line:853 name:var(:)
host:0x1bba2690 device:0x4005843eca00 size:40000 presentcount:0+1 line:857 name:var%psp(:,:)
host:0x1bbac300 device:0x4005843f6800 size:8000 presentcount:0+1 line:857 name:var%psprho(:)
host:0x1bbaf6e0 device:0x400583ff2000 size:24000 presentcount:0+2 line:466 name:var%psprnl(:,:,:)
host:0x1bbdf210 device:0x400583fe9c00 size:4320 presentcount:0+4 line:405 name:var%ityp(:)
host:0x1bbe0320 device:0x400583df8000 size:25920 presentcount:0+4 line:405 name:var%posion(:,:)
host:0x1bc23410 device:0x400583dff600 size:8 presentcount:0+3 line:616 name:var%nt_global(:)
host:0x1bc234b0 device:0x400583dff200 size:8 presentcount:0+3 line:616 name:var%lmmax(:)
host:0x1bc234e0 device:0x400583dffa00 size:8 presentcount:0+2 line:616 name:var%wtkpt(:)
host:0x1bc23510 device:0x400583dff400 size:8 presentcount:0+3 line:616 name:var%nityp(:)
host:0x1bc23bb0 device:0x4005841f5c00 size:40000 presentcount:0+1 line:857 name:var%psp(:,:)
host:0x1bc2d820 device:0x4005843e8a00 size:8000 presentcount:0+1 line:857 name:var%pspcor(:)
host:0x1bc2f790 device:0x4005843eaa00 size:8000 presentcount:0+1 line:857 name:var%psprho(:)
host:0x1bc32a20 device:0x400583fec000 size:24000 presentcount:0+2 line:466 name:var%psprnl(:,:,:)
host:0x1bc77f40 device:0x4004fc3ff800 size:24 presentcount:0+3 line:466 name:var%lps(:)
host:0x1bc77ff0 device:0x4004fc3ffc00 size:24 presentcount:0+3 line:466 name:var%lps(:)
host:0x1bce0f10 device:0x400583dff800 size:24 presentcount:0+3 line:616 name:var%vkpt(:,:)
host:0x1bd06230 device:0x400583dbd600 size:16 presentcount:0+2 line:430 name:var%psrmax(:)
host:0x1bd067f0 device:0x400583fe8a00 size:4320 presentcount:0+3 line:616 name:var%ityp(:)
host:0x1bd07900 device:0x400583df6e00 size:4320 presentcount:0+3 line:616 name:var%npro_pos(:)
host:0x1bd08a10 device:0x400583df5a00 size:4324 presentcount:0+3 line:616 name:var%lmbase(:)
host:0x1bd09b20 device:0x400583dffe00 size:4 presentcount:0+2 line:616 name:var%nplwkp(:)
host:0x1bd09b50 device:0x400583ff1e00 size:4 presentcount:0+2 line:616 name:var%nplwkp_tot(:)
host:0x1bd09b80 device:0x400583ff7e00 size:4 presentcount:0+2 line:616 name:var%ngvector_pos(:)
host:0x1bd09bb0 device:0x400583dffc00 size:4 presentcount:0+2 line:616 name:var%ngvector(:)
host:0x1bd09be0 device:0x400583dbec00 size:1280 presentcount:0+4 line:519 name:var%lpctx(:)
host:0x1bd0a110 device:0x400583dbf200 size:720 presentcount:0+4 line:519 name:var%lpcty(:)
host:0x1bd0a410 device:0x400583dbfa00 size:1280 presentcount:0+4 line:519 name:var%lpctx_(:)
host:0x1bd0a940 device:0x400583dc0000 size:720 presentcount:0+4 line:519 name:var%lpcty_(:)
host:0x1bd0ac40 device:0x400583dc0400 size:1000 presentcount:0+4 line:519 name:var%lpctz_(:)
host:0x1bd0b050 device:0x40042c1fba00 size:1280 presentcount:0+1 line:519 name:var%lpctx(:)
host:0x1bd0b580 device:0x40042c1fc000 size:720 presentcount:0+1 line:519 name:var%lpcty(:)
host:0x1bd0b880 device:0x40042c1fc400 size:1000 presentcount:0+1 line:519 name:var%lpctz(:)
host:0x1bd0bc90 device:0x40042c1fc800 size:1280 presentcount:0+1 line:519 name:var%lpctx_(:)
host:0x1bd0c1c0 device:0x40042c1fce00 size:720 presentcount:0+1 line:519 name:var%lpcty_(:)
host:0x1bd0c4c0 device:0x40042c1fd200 size:1000 presentcount:0+1 line:519 name:var%lpctz_(:)
host:0x1bd0c8d0 device:0x400583ff8200 size:2560 presentcount:0+1 line:519 name:var%lpctx(:)
host:0x1bd0d300 device:0x400583ffb000 size:1440 presentcount:0+1 line:519 name:var%lpcty(:)
host:0x1bd0d8d0 device:0x400583ff8e00 size:2000 presentcount:0+1 line:519 name:var%lpctz(:)
host:0x1bd0e0d0 device:0x400583ffb600 size:2560 presentcount:0+1 line:519 name:var%lpctx_(:)
host:0x1bd0eb00 device:0x400583ffc000 size:1440 presentcount:0+1 line:519 name:var%lpcty_(:)
host:0x1bd0f0d0 device:0x400583ffc600 size:2000 presentcount:0+1 line:519 name:var%lpctz_(:)
host:0x1be02730 device:0x400583ffce00 size:5644 presentcount:0+1 line:482 name:var%i2(:)
host:0x1be03d70 device:0x400583ffe600 size:5644 presentcount:0+1 line:482 name:var%i3(:)
host:0x1be053b0 device:0x40042c1f4c00 size:10040 presentcount:0+1 line:482 name:var%i2(:)
host:0x1be07b10 device:0x40042c1f7400 size:10040 presentcount:0+1 line:482 name:var%i3(:)
host:0x1be0a270 device:0x40042c1ed800 size:14400 presentcount:0+2 line:482 name:var%i2(:)
host:0x1be0dae0 device:0x40042c1f1200 size:14400 presentcount:0+2 line:482 name:var%i3(:)
host:0x1be11770 device:0x40061b85fa00 size:921600 presentcount:0+2 line:482 name:var%index(:,:)
host:0x1bef27a0 device:0x4005841eca00 size:2560 presentcount:0+1 line:569 name:var%ind1(:)
host:0x1bef31d0 device:0x4005841ed400 size:5644 presentcount:0+1 line:569 name:var%indcol(:)
host:0x1bef4810 device:0x40042c1fda00 size:5644 presentcount:0+1 line:482 name:var%i2(:)
host:0x1bef5e50 device:0x4005841e8a00 size:5644 presentcount:0+1 line:482 name:var%i3(:)
host:0x1bef7490 device:0x40042c1ff200 size:2520 presentcount:0+1 line:482 name:var%i2(:)
host:0x1bef7e90 device:0x4005841ea200 size:2520 presentcount:0+1 line:482 name:var%i3(:)
host:0x1bef8890 device:0x4002fe5fd400 size:4320 presentcount:0+2 line:430 name:var%nlimax(:)
host:0x1bef99a0 device:0x4002fe5fe600 size:4324 presentcount:0+2 line:430 name:var%lmbase(:)
host:0x1befaab0 device:0x40042c190600 size:4324 presentcount:0+2 line:430 name:var%nlibase(:)
host:0x1befbbc0 device:0x400583dc0800 size:17132 presentcount:0+4 line:519 name:var%nindpwconjg(:)
host:0x1beffee0 device:0x400583dc4c00 size:17132 presentcount:0+4 line:519 name:var%ind_in_sphere(:)
host:0x1bf32940 device:0x4005841ebc00 size:1280 presentcount:0+1 line:569 name:var%ind1(:)
host:0x1bf32e70 device:0x4005841ec200 size:1444 presentcount:0+1 line:569 name:var%indcol(:)
host:0x1bf33440 device:0x40042c138600 size:180000 presentcount:0+4 line:482 name:var%i2(:)
host:0x1bf5f390 device:0x40042c164600 size:180000 presentcount:0+4 line:482 name:var%i3(:)
host:0x1bf8b2e0 device:0x400583dc9000 size:180000 presentcount:0+8 line:482 name:var%index(:,:)
host:0x1bfb7230 device:0x4005843bca00 size:180000 presentcount:0+8 line:482 name:var%i2(:)
host:0x1bfe3180 device:0x40042c191800 size:180000 presentcount:0+8 line:482 name:var%i3(:)
host:0x1c00f700 device:0x400583e00000 size:1821184 presentcount:0+3 line:616 name:var%nindpw(:,:)
host:0x1c1cc130 device:0x400583df5800 size:8 presentcount:0+2 line:616 name:var%nb_totk(:,:)
host:0x1c1cc160 device:0x400583ff8000 size:4 presentcount:0+2 line:616 name:var%luseinv(:)
host:0x1c1cc190 device:0x400583dbd200 size:4 presentcount:0+2 line:616 name:var%at_gamma(:)
host:0x1c1cc1c0 device:0x400583fbca00 size:180000 presentcount:0+3 line:616 name:var%pl_index(:,:)
host:0x1c1f8110 device:0x4005841bca00 size:180000 presentcount:0+3 line:616 name:var%pl_col(:,:)
host:0x1c224060 device:0x400583ff9a00 size:8 presentcount:0+2 line:405 name:var%lmmax(:)
host:0x1c224090 device:0x400583dbce00 size:8 presentcount:0+2 line:430 name:var%lmax(:)
host:0x1c2240c0 device:0x400583feae00 size:4324 presentcount:0+2 line:405 name:var%lmbase(:)
host:0x1c2251d0 device:0x400583dbd000 size:8 presentcount:0+2 line:430 name:var%lmmax(:)
host:0x1c225200 device:0x400583dbd400 size:8 presentcount:0+2 line:430 name:var%channels(:)
host:0x1c225230 device:0x4004fc3ff400 size:16 presentcount:0+2 line:430 name:var%rsmooth(:)
host:0x1c225270 device:0x4004fc3ff600 size:400 presentcount:0+2 line:464 name:var
host:0x1c225400 device:0x4004fc3ffa00 size:400 presentcount:0+2 line:464 name:var
host:0x1c295e20 device:0x40061b940a00 size:462080 presentcount:0+1 line:499 name:var%tbl(:)
host:0x1c306b50 device:0x4005841eac00 size:260 presentcount:0+1 line:499 name:var%ni(:)
host:0x1c306c80 device:0x4005841eb200 size:260 presentcount:0+1 line:499 name:var%ptr(:)
host:0x1c306db0 device:0x4005841eb000 size:260 presentcount:0+1 line:499 name:var%n(:)
host:0x1c306ee0 device:0x4005841eb800 size:4 presentcount:0+1 line:499 name:var%tbli(:)
host:0x1c306f10 device:0x4005841eb600 size:260 presentcount:0+1 line:499 name:var%ptri(:)
host:0x1c307040 device:0x4005841eb400 size:260 presentcount:0+1 line:499 name:var%ni(:)
host:0x1c32a7b0 device:0x4002fe5ff800 size:260 presentcount:0+1 line:499 name:var%ptr(:)
host:0x1c32a8e0 device:0x4004fc3ffe00 size:260 presentcount:0+1 line:499 name:var%n(:)
host:0x1c32aa10 device:0x40042c1f9c00 size:260 presentcount:0+1 line:499 name:var%ptri(:)
host:0x1c32ab40 device:0x400583fffe00 size:260 presentcount:0+1 line:499 name:var%ni(:)
host:0x1c32ac70 device:0x40042c1fa000 size:260 presentcount:0+1 line:499 name:var%ptr(:)
host:0x1c32ada0 device:0x40042c1f9e00 size:260 presentcount:0+1 line:499 name:var%n(:)
host:0x1c32aed0 device:0x40042c1fa400 size:260 presentcount:0+1 line:499 name:var%ptri(:)
host:0x1c32b000 device:0x40042c1fa200 size:260 presentcount:0+1 line:499 name:var%ni(:)
host:0x1c4737f0 device:0x400584c00000 size:7284736 presentcount:0+3 line:616 name:var%datake(:,:,:)
host:0x1cb66a70 device:0x400584000000 size:1821184 presentcount:0+3 line:616 name:var%igx(:,:)
host:0x1cd24100 device:0x400583c00000 size:1821184 presentcount:0+3 line:616 name:var%igy(:,:)
host:0x1cee19a0 device:0x400584200000 size:1821184 presentcount:0+3 line:616 name:var%igz(:,:)
host:0x1d09f870 device:0x40059cc00000 size:7284272 presentcount:0+4 line:519 name:var%fftsca(:,:)
host:0x1d802c00 device:0x400e44400000 size:453600 presentcount:0+1 line:499 name:var%tbli(:)
host:0x1d871810 device:0x400e4446ec00 size:453600 presentcount:0+1 line:499 name:var%tbl(:)
host:0x1d9e26f0 device:0x400e43400000 size:3612160 presentcount:0+1 line:499 name:var%tbl(:)
host:0x1e0c96e0 device:0x400e43800000 size:3614400 presentcount:0+1 line:499 name:var%tbli(:)
host:0x1e43dab0 device:0x400e43c00000 size:3614400 presentcount:0+1 line:499 name:var%tbl(:)
host:0x1eb26880 device:0x400e44000000 size:3614400 presentcount:0+1 line:499 name:var%tbli(:)
host:0x1f9b3db0 device:0x40042c11a000 size:41472 presentcount:0+2 line:746 name:var%fertot(:,:,:)
host:0x1f9c0030 device:0x40042c124200 size:82944 presentcount:0+2 line:746 name:var%celtot(:,:,:)
host:0x1fa33cf0 device:0x4002fe5f1e00 size:41472 presentcount:0+1 line:746 name:var%auxtot(:,:,:)
host:0x1ffe5580 device:0x40061ba00000 size:2799360 presentcount:0+2 line:194 name:cdij(:,:,:,:)
host:0x20294ca0 device:0x400e44600000 size:2799360 presentcount:0+2 line:194 name:cqij(:,:,:,:)
host:0x207f4950 device:0x40061be00000 size:7962624 presentcount:0+5 line:746 name:var%gproj(:,:,:,:)
host:0x211b02c0 device:0x40042c1bd800 size:98304 presentcount:0+1 line:1101 name:w1%gproj(:)
host:0x2122ea30 device:0x4004dc1ff600 size:2048 presentcount:0+1 line:179 name:wtmp(:)
host:0x213b6680 device:0x400e4459d800 size:393216 presentcount:0+2 line:1226 name:wa%gproj(:,:)
host:0x214166b0 device:0x401006c00000 size:393216 presentcount:0+2 line:1226 name:wa%gproj(:,:)
host:0x214766e0 device:0x40042c1d5800 size:98304 presentcount:0+1 line:1101 name:w1%gproj(:)
host:0x2148e710 device:0x40061b9c1400 size:98304 presentcount:0+1 line:1101 name:w1%gproj(:)
host:0x214a6740 device:0x40061b9d9400 size:98304 presentcount:0+1 line:1101 name:w1%gproj(:)
host:0x29e21640 device:0x401014e00000 size:3145728 presentcount:0+2 line:1226 name:wa%gproj(:,:)
host:0x2ef23fa0 device:0x4005843f8800 size:2048 presentcount:0+1 line:179 name:w1(:)
host:0x2ef44ac0 device:0x401017200000 size:14569472 presentcount:0+1 line:202 name:precon(:,:)
host:0x2fd31290 device:0x401015200000 size:7284736 presentcount:0+1 line:1101 name:w1%cptwfp(:)
host:0x3042b890 device:0x401015a00000 size:7284736 presentcount:0+1 line:1101 name:w1%cptwfp(:)
host:0x30b264c0 device:0x401016200000 size:7284736 presentcount:0+1 line:1101 name:w1%cptwfp(:)
host:0x31219110 device:0x401016a00000 size:7284736 presentcount:0+1 line:1101 name:w1%cptwfp(:)
host:0x4004400010a0 device:0x400585400000 size:45593280 presentcount:0+2 line:430 name:var%nli(:,:)
host:0x400442b812b0 device:0x4005a0000000 size:807411968 presentcount:0+2 line:430 name:var%rproj(:)
host:0x4004749335c0 device:0x400e44a00000 size:14400000 presentcount:0+1 line:195 name:dencor(:)
host:0x4004764c39e0 device:0x400e45800000 size:28915200 presentcount:0+1 line:195 name:cstrf(:,:)
host:0x4005200031a0 device:0x400600000000 size:230400000 presentcount:0+2 line:194 name:sv(:,:)
host:0x40052dbc4a60 device:0x400560000000 size:590063616 presentcount:0+5 line:746 name:var%cptwfp(:,:,:,:)
host:0x400550e86f80 device:0x401003400000 size:29138944 presentcount:0+2 line:1226 name:wa%cptwfp(:,:)
host:0x400552a67190 device:0x401005000000 size:29138944 presentcount:0+2 line:1226 name:wa%cptwfp(:,:)
host:0x4005e00073a0 device:0x401006e00000 size:233111552 presentcount:0+2 line:1226 name:wa%cptwfp(:,:)
host:0x4006432c79d0 device:0x400fc3400000 size:230400000 presentcount:0+1 line:1101 name:w1%cr(:)
host:0x400650e97be0 device:0x400fd1000000 size:230400000 presentcount:0+1 line:1236 name:w1%cr(:)
host:0x4006a0008000 device:0x400f83400000 size:230400000 presentcount:0+1 line:1101 name:w1%cr(:)
host:0x4006adbd8210 device:0x400f91000000 size:230400000 presentcount:0+1 line:1236 name:w1%cr(:)
host:0x4006bb7a0020 device:0x400f43400000 size:230400000 presentcount:0+1 line:1101 name:w1%cr(:)
host:0x4006c9360230 device:0x400f51000000 size:230400000 presentcount:0+1 line:1236 name:w1%cr(:)
host:0x400ba0000650 device:0x400f03400000 size:230400000 presentcount:0+1 line:1101 name:w1%cr(:)
host:0x400badbc0860 device:0x400f11000000 size:230400000 presentcount:0+1 line:1236 name:w1%cr(:)
host:0xfffffdcb3440 device:0x4005843fca00 size:3024 presentcount:0+12 line:682 name:var
host:0xfffffdcb4010 device:0x4004bc3ffa00 size:1480 presentcount:0+1 line:174 name:w_ini
host:0xfffffdcb45e0 device:0x4005843fb400 size:1480 presentcount:0+1 line:174 name:wopt
host:0xfffffdcb4bb0 device:0x40049c3ff600 size:1480 presentcount:0+1 line:174 name:wtmpa
allocated block device:0x4002fe5f1e00 size:41472 thread:1
allocated block device:0x4002fe5fc000 size:5120 thread:1
allocated block device:0x4002fe5fd400 size:4608 thread:1
allocated block device:0x4002fe5fe600 size:4608 thread:1
allocated block device:0x4002fe5ff800 size:512 thread:1
allocated block device:0x4002fe5ffa00 size:512 thread:1
allocated block device:0x4002fe5ffc00 size:512 thread:1
allocated block device:0x4002fe5ffe00 size:512 thread:1
allocated block device:0x40042c11a000 size:41472 thread:1
allocated block device:0x40042c124200 size:82944 thread:1
allocated block device:0x40042c138600 size:180224 thread:1
allocated block device:0x40042c164600 size:180224 thread:1
allocated block device:0x40042c190600 size:4608 thread:1
allocated block device:0x40042c191800 size:180224 thread:1
allocated block device:0x40042c1bd800 size:98304 thread:1
allocated block device:0x40042c1d5800 size:98304 thread:1
allocated block device:0x40042c1ed800 size:14848 thread:1
allocated block device:0x40042c1f1200 size:14848 thread:1
allocated block device:0x40042c1f4c00 size:10240 thread:1
allocated block device:0x40042c1f7400 size:10240 thread:1
allocated block device:0x40042c1f9c00 size:512 thread:1
allocated block device:0x40042c1f9e00 size:512 thread:1
allocated block device:0x40042c1fa000 size:512 thread:1
allocated block device:0x40042c1fa200 size:512 thread:1
allocated block device:0x40042c1fa400 size:512 thread:1
allocated block device:0x40042c1fa600 size:5120 thread:1
allocated block device:0x40042c1fba00 size:1536 thread:1
allocated block device:0x40042c1fc000 size:1024 thread:1
allocated block device:0x40042c1fc400 size:1024 thread:1
allocated block device:0x40042c1fc800 size:1536 thread:1
allocated block device:0x40042c1fce00 size:1024 thread:1
allocated block device:0x40042c1fd200 size:1024 thread:1
allocated block device:0x40042c1fd600 size:1024 thread:1
allocated block device:0x40042c1fda00 size:6144 thread:1
allocated block device:0x40042c1ff200 size:2560 thread:1
allocated block device:0x40042c1ffc00 size:512 thread:1
allocated block device:0x40042c1ffe00 size:512 thread:1
allocated block device:0x40049c3ff600 size:2048 thread:1
allocated block device:0x4004bc3ff600 size:1024 thread:1
allocated block device:0x4004bc3ffa00 size:1536 thread:1
allocated block device:0x4004dc1ff600 size:2048 thread:1
allocated block device:0x4004fc3fea00 size:2560 thread:1
allocated block device:0x4004fc3ff400 size:512 thread:1
allocated block device:0x4004fc3ff600 size:512 thread:1
allocated block device:0x4004fc3ff800 size:512 thread:1
allocated block device:0x4004fc3ffa00 size:512 thread:1
allocated block device:0x4004fc3ffc00 size:512 thread:1
allocated block device:0x4004fc3ffe00 size:512 thread:1
allocated block device:0x400560000000 size:590063616 thread:1
allocated block device:0x400583c00000 size:1821184 thread:1
allocated block device:0x400583dbca00 size:512 thread:1
allocated block device:0x400583dbcc00 size:512 thread:1
allocated block device:0x400583dbce00 size:512 thread:1
allocated block device:0x400583dbd000 size:512 thread:1
allocated block device:0x400583dbd200 size:512 thread:1
allocated block device:0x400583dbd400 size:512 thread:1
allocated block device:0x400583dbd600 size:512 thread:1
allocated block device:0x400583dbd800 size:5120 thread:1
allocated block device:0x400583dbec00 size:1536 thread:1
allocated block device:0x400583dbf200 size:1024 thread:1
allocated block device:0x400583dbf600 size:1024 thread:1
allocated block device:0x400583dbfa00 size:1536 thread:1
allocated block device:0x400583dc0000 size:1024 thread:1
allocated block device:0x400583dc0400 size:1024 thread:1
allocated block device:0x400583dc0800 size:17408 thread:1
allocated block device:0x400583dc4c00 size:17408 thread:1
allocated block device:0x400583dc9000 size:180224 thread:1
allocated block device:0x400583df5000 size:2048 thread:1
allocated block device:0x400583df5800 size:512 thread:1
allocated block device:0x400583df5a00 size:4608 thread:1
allocated block device:0x400583df6c00 size:512 thread:1
allocated block device:0x400583df6e00 size:4608 thread:1
allocated block device:0x400583df8000 size:26112 thread:1
allocated block device:0x400583dfe600 size:3072 thread:1
allocated block device:0x400583dff200 size:512 thread:1
allocated block device:0x400583dff400 size:512 thread:1
allocated block device:0x400583dff600 size:512 thread:1
allocated block device:0x400583dff800 size:512 thread:1
allocated block device:0x400583dffa00 size:512 thread:1
allocated block device:0x400583dffc00 size:512 thread:1
allocated block device:0x400583dffe00 size:512 thread:1
allocated block device:0x400583e00000 size:1821184 thread:1
allocated block device:0x400583fbca00 size:180224 thread:1
allocated block device:0x400583fe8a00 size:4608 thread:1
allocated block device:0x400583fe9c00 size:4608 thread:1
allocated block device:0x400583feae00 size:4608 thread:1
allocated block device:0x400583fec000 size:24064 thread:1
allocated block device:0x400583ff1e00 size:512 thread:1
allocated block device:0x400583ff2000 size:24064 thread:1
allocated block device:0x400583ff7e00 size:512 thread:1
allocated block device:0x400583ff8000 size:512 thread:1
allocated block device:0x400583ff8200 size:3072 thread:1
allocated block device:0x400583ff8e00 size:3072 thread:1
allocated block device:0x400583ff9a00 size:512 thread:1
allocated block device:0x400583ff9c00 size:5120 thread:1
allocated block device:0x400583ffb000 size:1536 thread:1
allocated block device:0x400583ffb600 size:2560 thread:1
allocated block device:0x400583ffc000 size:1536 thread:1
allocated block device:0x400583ffc600 size:2048 thread:1
allocated block device:0x400583ffce00 size:6144 thread:1
allocated block device:0x400583ffe600 size:6144 thread:1
allocated block device:0x400583fffe00 size:512 thread:1
allocated block device:0x400584000000 size:1821184 thread:1
allocated block device:0x4005841bca00 size:180224 thread:1
allocated block device:0x4005841e8a00 size:6144 thread:1
allocated block device:0x4005841ea200 size:2560 thread:1
allocated block device:0x4005841eac00 size:512 thread:1
allocated block device:0x4005841eae00 size:512 thread:1
allocated block device:0x4005841eb000 size:512 thread:1
allocated block device:0x4005841eb200 size:512 thread:1
allocated block device:0x4005841eb400 size:512 thread:1
allocated block device:0x4005841eb600 size:512 thread:1
allocated block device:0x4005841eb800 size:512 thread:1
allocated block device:0x4005841eba00 size:512 thread:1
allocated block device:0x4005841ebc00 size:1536 thread:1
allocated block device:0x4005841ec200 size:1536 thread:1
allocated block device:0x4005841ec800 size:512 thread:1
allocated block device:0x4005841eca00 size:2560 thread:1
allocated block device:0x4005841ed400 size:6144 thread:1
allocated block device:0x4005841eec00 size:28672 thread:1
allocated block device:0x4005841f5c00 size:40448 thread:1
allocated block device:0x4005841ffa00 size:512 thread:1
allocated block device:0x400584200000 size:1821184 thread:1
allocated block device:0x4005843bca00 size:180224 thread:1
allocated block device:0x4005843e8a00 size:8192 thread:1
allocated block device:0x4005843eaa00 size:8192 thread:1
allocated block device:0x4005843eca00 size:40448 thread:1
allocated block device:0x4005843f6800 size:8192 thread:1
allocated block device:0x4005843f8800 size:2048 thread:1
allocated block device:0x4005843fb400 size:2560 thread:1
allocated block device:0x4005843fca00 size:3072 thread:1
allocated block device:0x400584c00000 size:7284736 thread:1
allocated block device:0x400585400000 size:45593600 thread:1
allocated block device:0x40059cc00000 size:7284736 thread:1
allocated block device:0x4005a0000000 size:807412224 thread:1
allocated block device:0x400600000000 size:230400000 thread:1
allocated block device:0x40061b85fa00 size:921600 thread:1
allocated block device:0x40061b940a00 size:462336 thread:1
allocated block device:0x40061b9c1400 size:98304 thread:1
allocated block device:0x40061b9d9400 size:98304 thread:1
allocated block device:0x40061ba00000 size:2799616 thread:1
allocated block device:0x40061be00000 size:7962624 thread:1
allocated block device:0x400e43400000 size:3612160 thread:1
allocated block device:0x400e43800000 size:3614720 thread:1
allocated block device:0x400e43c00000 size:3614720 thread:1
allocated block device:0x400e44000000 size:3614720 thread:1
allocated block device:0x400e44400000 size:453632 thread:1
allocated block device:0x400e4446ec00 size:453632 thread:1
allocated block device:0x400e4459d800 size:393216 thread:1
allocated block device:0x400e44600000 size:2799616 thread:1
allocated block device:0x400e44a00000 size:14400000 thread:1
allocated block device:0x400e45800000 size:28915200 thread:1
allocated block device:0x400f03400000 size:230400000 thread:1
allocated block device:0x400f11000000 size:230400000 thread:1
allocated block device:0x400f43400000 size:230400000 thread:1
allocated block device:0x400f51000000 size:230400000 thread:1
allocated block device:0x400f83400000 size:230400000 thread:1
allocated block device:0x400f91000000 size:230400000 thread:1
allocated block device:0x400fc3400000 size:230400000 thread:1
allocated block device:0x400fd1000000 size:230400000 thread:1
allocated block device:0x401003400000 size:29138944 thread:1
allocated block device:0x401005000000 size:29138944 thread:1
allocated block device:0x401006c00000 size:393216 thread:1
allocated block device:0x401006e00000 size:233111552 thread:1
allocated block device:0x401014e00000 size:3145728 thread:1
allocated block device:0x401015200000 size:7284736 thread:1
allocated block device:0x401015a00000 size:7284736 thread:1
allocated block device:0x401016200000 size:7284736 thread:1
allocated block device:0x401016a00000 size:7284736 thread:1
allocated block device:0x401017200000 size:14569472 thread:1
Accelerator Fatal Error: call to cuMemAlloc returned error 2 (CUDA_ERROR_OUT_OF_MEMORY): Out of memory
 File: /lus/lfs1aip2/projects/u6cb/software/VASP/vasp.6.5.1/build/gam/hamil.f90
 Function: hamiltmu:978
 Line: 1005

Out of memory allocating 921600000 bytes of device memory
Failing in Thread:1
total/free CUDA memory: 102005473280/871235584
Present table dump for device[1]: NVIDIA Tesla GPU 0, compute capability 9.0, threadid=1
Hint: specify 0x800 bit in NV_ACC_DEBUG for verbose info.
host:0x2557280 device:0x4006c3df6c00 size:32 presentcount:0+3 line:643 name:var%comm
host:0x25572a0 device:0x4006c3dbca00 size:32 presentcount:0+4 line:652 name:var%comm_kinter
host:0x25572c0 device:0x4006c3dbcc00 size:32 presentcount:0+6 line:655 name:var%comm_kin
host:0x25572e0 device:0x40043e5ffa00 size:32 presentcount:0+3 line:646 name:var%comm_inter
host:0x2557300 device:0x40043e5ffc00 size:32 presentcount:0+7 line:649 name:var%comm_inb
host:0x256be80 device:0x40043a0ecd00 size:8 presentcount:0+1 line:-1 name:_setexm_struct_def_21
host:0x2576f40 device:0x40043a0ece00 size:28 presentcount:0+1 line:-1 name:_ml_ff_constant_21
host:0x2577c80 device:0x40043a0ecf00 size:30437 presentcount:0+1 line:-1 name:_ml_ff_taglist_21
host:0x25afc80 device:0x40043a0f4600 size:8 presentcount:0+1 line:-1 name:_mopenacc_tutor_21
host:0x25c2740 device:0x40043a0f4a00 size:32 presentcount:0+1 line:-1 name:_mbj_21
host:0x25cd640 device:0x40043a0f4d00 size:8 presentcount:0+1 line:-1 name:_sym_prec_21
host:0x26030c0 device:0x40043a0f4e00 size:344 presentcount:0+1 line:-1 name:_tet_21
host:0x261c840 device:0x40043a0f5000 size:392 presentcount:0+1 line:-1 name:_mymath_21
host:0x2817368 device:0x4006c3dbd800 size:4800 presentcount:0+2 line:614 name:var
host:0x2818628 device:0x4006c3df5000 size:1984 presentcount:0+2 line:403 name:var
host:0x281a910 device:0x4005fc3ff600 size:864 presentcount:0+4 line:2639 name:hamiltonian
host:0x286ac80 device:0x4006c3dfe600 size:2712 presentcount:0+2 line:428 name:var
host:0x286b718 device:0x40063c3fea00 size:2248 presentcount:0+1 line:742 name:var
host:0x286eb50 device:0x4006c41ffa00 size:288 presentcount:0+1 line:195 name:latt_cur
host:0x2871658 device:0x40043e5fc000 size:5088 presentcount:0+28 line:517 name:var
host:0x2872a38 device:0x4005723fa600 size:5088 presentcount:0+6 line:517 name:var
host:0x2873e18 device:0x4006c3ff9c00 size:5088 presentcount:0+7 line:517 name:var
host:0x287a2a8 device:0x4006c41eba00 size:304 presentcount:0+1 line:567 name:var
host:0x287a3d8 device:0x4006c41ec800 size:304 presentcount:0+1 line:567 name:var
host:0x2e48ec0 device:0x40043a002600 size:960024 presentcount:0+1 line:-1 name:_setexm_struct_def_16
host:0x2f8f080 device:0x40043a0f4700 size:580 presentcount:0+1 line:-1 name:_wpbe_16
host:0x2f8f900 device:0x40043a0f4b00 size:288 presentcount:0+1 line:-1 name:_mbj_16
host:0x9f446c0 device:0x40043a0f5200 size:624 presentcount:0+1 line:-1 name:_mlr_optic_16
host:0x130f68b0 device:0x4005723ffc00 size:260 presentcount:0+1 line:499 name:var%n(:)
host:0x13104e60 device:0x4006c3dbf600 size:1000 presentcount:0+4 line:519 name:var%lpctz(:)
host:0x13107e30 device:0x4006c41eac00 size:260 presentcount:0+1 line:499 name:var%ni(:)
host:0x13108120 device:0x4006c41eae00 size:260 presentcount:0+1 line:499 name:var%ptri(:)
host:0x142c89e0 device:0x4005723fd600 size:528 presentcount:0+1 line:480 name:var
host:0x1851c450 device:0x40043e5ffe00 size:8 presentcount:0+4 line:405 name:var%nityp(:)
host:0x189de460 device:0x4005723ffe00 size:260 presentcount:0+1 line:499 name:var%ptr(:)
host:0x18e99150 device:0x4006c41eec00 size:28464 presentcount:0+1 line:853 name:var(:)
host:0x18eab8b0 device:0x4006c43eca00 size:40000 presentcount:0+1 line:857 name:var%psp(:,:)
host:0x18eb5520 device:0x4006c43f6800 size:8000 presentcount:0+1 line:857 name:var%psprho(:)
host:0x18eb87b0 device:0x4006c3ff2000 size:24000 presentcount:0+2 line:466 name:var%psprnl(:,:,:)
host:0x18ee8190 device:0x4006c3fe9c00 size:4320 presentcount:0+4 line:405 name:var%ityp(:)
host:0x18ee92a0 device:0x4006c3df8000 size:25920 presentcount:0+4 line:405 name:var%posion(:,:)
host:0x18f2c620 device:0x4006c41f5c00 size:40000 presentcount:0+1 line:857 name:var%psp(:,:)
host:0x18f36290 device:0x4006c43e8a00 size:8000 presentcount:0+1 line:857 name:var%pspcor(:)
host:0x18f38200 device:0x4006c43eaa00 size:8000 presentcount:0+1 line:857 name:var%psprho(:)
host:0x18f3b490 device:0x4006c3fec000 size:24000 presentcount:0+2 line:466 name:var%psprnl(:,:,:)
host:0x18f88450 device:0x40063c3ff800 size:24 presentcount:0+3 line:466 name:var%lps(:)
host:0x18f88500 device:0x40063c3ffc00 size:24 presentcount:0+3 line:466 name:var%lps(:)
host:0x190e6330 device:0x4006c3dff800 size:24 presentcount:0+3 line:616 name:var%vkpt(:,:)
host:0x1910b480 device:0x4006c3dffa00 size:8 presentcount:0+2 line:616 name:var%wtkpt(:)
host:0x1910b4b0 device:0x4006c3dff400 size:8 presentcount:0+3 line:616 name:var%nityp(:)
host:0x1910b670 device:0x4006c3dbd600 size:16 presentcount:0+2 line:430 name:var%psrmax(:)
host:0x1910bc30 device:0x4006c3fe8a00 size:4320 presentcount:0+3 line:616 name:var%ityp(:)
host:0x1910cd40 device:0x4006c3dff200 size:8 presentcount:0+3 line:616 name:var%lmmax(:)
host:0x1910cd70 device:0x4006c3dff600 size:8 presentcount:0+3 line:616 name:var%nt_global(:)
host:0x1910cda0 device:0x4006c3df6e00 size:4320 presentcount:0+3 line:616 name:var%npro_pos(:)
host:0x1910deb0 device:0x4006c3df5a00 size:4324 presentcount:0+3 line:616 name:var%lmbase(:)
host:0x1910efc0 device:0x4006c3dffe00 size:4 presentcount:0+2 line:616 name:var%nplwkp(:)
host:0x1910eff0 device:0x4006c3ff1e00 size:4 presentcount:0+2 line:616 name:var%nplwkp_tot(:)
host:0x1910f020 device:0x4006c3ff7e00 size:4 presentcount:0+2 line:616 name:var%ngvector_pos(:)
host:0x1910f050 device:0x4006c3dffc00 size:4 presentcount:0+2 line:616 name:var%ngvector(:)
host:0x1910f080 device:0x4006c3dbec00 size:1280 presentcount:0+4 line:519 name:var%lpctx(:)
host:0x1910f5b0 device:0x4006c3dbf200 size:720 presentcount:0+4 line:519 name:var%lpcty(:)
host:0x1910f8b0 device:0x4006c3dbfa00 size:1280 presentcount:0+4 line:519 name:var%lpctx_(:)
host:0x1910fde0 device:0x4006c3dc0000 size:720 presentcount:0+4 line:519 name:var%lpcty_(:)
host:0x191100e0 device:0x4006c3dc0400 size:1000 presentcount:0+4 line:519 name:var%lpctz_(:)
host:0x191104f0 device:0x4005723fba00 size:1280 presentcount:0+1 line:519 name:var%lpctx(:)
host:0x19110a20 device:0x4005723fc000 size:720 presentcount:0+1 line:519 name:var%lpcty(:)
host:0x19110d20 device:0x4005723fc400 size:1000 presentcount:0+1 line:519 name:var%lpctz(:)
host:0x19111130 device:0x4005723fc800 size:1280 presentcount:0+1 line:519 name:var%lpctx_(:)
host:0x19111660 device:0x4005723fce00 size:720 presentcount:0+1 line:519 name:var%lpcty_(:)
host:0x19111960 device:0x4005723fd200 size:1000 presentcount:0+1 line:519 name:var%lpctz_(:)
host:0x19111d70 device:0x4006c3ff8200 size:2560 presentcount:0+1 line:519 name:var%lpctx(:)
host:0x191127a0 device:0x4006c3ffb000 size:1440 presentcount:0+1 line:519 name:var%lpcty(:)
host:0x19112d70 device:0x4006c3ff8e00 size:2000 presentcount:0+1 line:519 name:var%lpctz(:)
host:0x19113570 device:0x4006c3ffb600 size:2560 presentcount:0+1 line:519 name:var%lpctx_(:)
host:0x19113fa0 device:0x4006c3ffc000 size:1440 presentcount:0+1 line:519 name:var%lpcty_(:)
host:0x19114570 device:0x4006c3ffc600 size:2000 presentcount:0+1 line:519 name:var%lpctz_(:)
host:0x19207bd0 device:0x4006c3ffce00 size:5648 presentcount:0+1 line:482 name:var%i2(:)
host:0x19209210 device:0x4006c3ffe600 size:5648 presentcount:0+1 line:482 name:var%i3(:)
host:0x1920a850 device:0x4005723f4c00 size:10040 presentcount:0+1 line:482 name:var%i2(:)
host:0x1920cfb0 device:0x4005723f7400 size:10040 presentcount:0+1 line:482 name:var%i3(:)
host:0x1920f710 device:0x4005723ed800 size:14400 presentcount:0+2 line:482 name:var%i2(:)
host:0x19212f80 device:0x4005723f1200 size:14400 presentcount:0+2 line:482 name:var%i3(:)
host:0x19216c10 device:0x40075b85fa00 size:921600 presentcount:0+2 line:482 name:var%index(:,:)
host:0x192f7c40 device:0x4006c41eca00 size:2560 presentcount:0+1 line:569 name:var%ind1(:)
host:0x192f8670 device:0x4006c41ed400 size:5648 presentcount:0+1 line:569 name:var%indcol(:)
host:0x192f9cb0 device:0x4005723fda00 size:5648 presentcount:0+1 line:482 name:var%i2(:)
host:0x192fb2f0 device:0x4006c41e8a00 size:5648 presentcount:0+1 line:482 name:var%i3(:)
host:0x192fc930 device:0x4005723ff200 size:2520 presentcount:0+1 line:482 name:var%i2(:)
host:0x192fd330 device:0x4006c41ea200 size:2520 presentcount:0+1 line:482 name:var%i3(:)
host:0x19336160 device:0x4006c41eb200 size:260 presentcount:0+1 line:499 name:var%ptr(:)
host:0x19336290 device:0x4006c41eb000 size:260 presentcount:0+1 line:499 name:var%n(:)
host:0x193363c0 device:0x4006c41eb800 size:4 presentcount:0+1 line:499 name:var%tbli(:)
host:0x193363f0 device:0x4006c41eb600 size:260 presentcount:0+1 line:499 name:var%ptri(:)
host:0x19336520 device:0x4006c41eb400 size:260 presentcount:0+1 line:499 name:var%ni(:)
host:0x193370f0 device:0x40043e5ff800 size:260 presentcount:0+1 line:499 name:var%ptr(:)
host:0x19337220 device:0x40063c3ffe00 size:260 presentcount:0+1 line:499 name:var%n(:)
host:0x193374f0 device:0x4005723f9c00 size:260 presentcount:0+1 line:499 name:var%ptri(:)
host:0x19337620 device:0x4006c3fffe00 size:260 presentcount:0+1 line:499 name:var%ni(:)
host:0x19337750 device:0x4005723fa000 size:260 presentcount:0+1 line:499 name:var%ptr(:)
host:0x19337880 device:0x4005723f9e00 size:260 presentcount:0+1 line:499 name:var%n(:)
host:0x193379b0 device:0x4005723fa400 size:260 presentcount:0+1 line:499 name:var%ptri(:)
host:0x19337ae0 device:0x4005723fa200 size:260 presentcount:0+1 line:499 name:var%ni(:)
host:0x19337de0 device:0x4006c41ebc00 size:1280 presentcount:0+1 line:569 name:var%ind1(:)
host:0x19338310 device:0x4006c41ec200 size:1444 presentcount:0+1 line:569 name:var%indcol(:)
host:0x193388e0 device:0x400572338600 size:180000 presentcount:0+4 line:482 name:var%i2(:)
host:0x19364830 device:0x400572364600 size:180000 presentcount:0+4 line:482 name:var%i3(:)
host:0x19390780 device:0x4006c3dc9000 size:180000 presentcount:0+8 line:482 name:var%index(:,:)
host:0x193bc6d0 device:0x4006c43bca00 size:180000 presentcount:0+8 line:482 name:var%i2(:)
host:0x193e8620 device:0x400572391800 size:180000 presentcount:0+8 line:482 name:var%i3(:)
host:0x19414ba0 device:0x4006c3e00000 size:1821184 presentcount:0+3 line:616 name:var%nindpw(:,:)
host:0x195d15d0 device:0x4006c3df5800 size:8 presentcount:0+2 line:616 name:var%nb_totk(:,:)
host:0x195d1600 device:0x4006c3ff8000 size:4 presentcount:0+2 line:616 name:var%luseinv(:)
host:0x195d1630 device:0x4006c3dbd200 size:4 presentcount:0+2 line:616 name:var%at_gamma(:)
host:0x195d1660 device:0x4006c3fbca00 size:180000 presentcount:0+3 line:616 name:var%pl_index(:,:)
host:0x195fd5b0 device:0x4006c41bca00 size:180000 presentcount:0+3 line:616 name:var%pl_col(:,:)
host:0x19629500 device:0x4006c3ff9a00 size:8 presentcount:0+2 line:405 name:var%lmmax(:)
host:0x19629530 device:0x4006c3dbce00 size:8 presentcount:0+2 line:430 name:var%lmax(:)
host:0x19629560 device:0x4006c3feae00 size:4324 presentcount:0+2 line:405 name:var%lmbase(:)
host:0x1962a670 device:0x4006c3dbd000 size:8 presentcount:0+2 line:430 name:var%lmmax(:)
host:0x1962a6a0 device:0x4006c3dbd400 size:8 presentcount:0+2 line:430 name:var%channels(:)
host:0x1962a6d0 device:0x40063c3ff400 size:16 presentcount:0+2 line:430 name:var%rsmooth(:)
host:0x1962a710 device:0x40063c3ff600 size:400 presentcount:0+2 line:464 name:var
host:0x1962a8a0 device:0x40063c3ffa00 size:400 presentcount:0+2 line:464 name:var
host:0x1962aa60 device:0x40043e5fd400 size:4320 presentcount:0+2 line:430 name:var%nlimax(:)
host:0x1962bb70 device:0x40043e5fe600 size:4324 presentcount:0+2 line:430 name:var%lmbase(:)
host:0x1962cc80 device:0x400572390600 size:4324 presentcount:0+2 line:430 name:var%nlibase(:)
host:0x1962dd90 device:0x4006c3dc0800 size:17132 presentcount:0+4 line:519 name:var%nindpwconjg(:)
host:0x196320b0 device:0x4006c3dc4c00 size:17132 presentcount:0+4 line:519 name:var%ind_in_sphere(:)
host:0x19783af0 device:0x4006c4c00000 size:7284736 presentcount:0+3 line:616 name:var%datake(:,:,:)
host:0x19e76d70 device:0x4006c4000000 size:1821184 presentcount:0+3 line:616 name:var%igx(:,:)
host:0x1a034400 device:0x4006c3c00000 size:1821184 presentcount:0+3 line:616 name:var%igy(:,:)
host:0x1a1f1ca0 device:0x4006c4200000 size:1821184 presentcount:0+3 line:616 name:var%igz(:,:)
host:0x1a3afb70 device:0x4006dcc00000 size:7284272 presentcount:0+4 line:519 name:var%fftsca(:,:)
host:0x1aada600 device:0x40075b940a00 size:462080 presentcount:0+1 line:499 name:var%tbl(:)
host:0x1abbc060 device:0x400f84400000 size:453600 presentcount:0+1 line:499 name:var%tbli(:)
host:0x1ac2ac70 device:0x400f8446ec00 size:453600 presentcount:0+1 line:499 name:var%tbl(:)
host:0x1adabb60 device:0x400f83400000 size:3614720 presentcount:0+1 line:499 name:var%tbl(:)
host:0x1b312420 device:0x40043e5f1e00 size:41472 presentcount:0+1 line:746 name:var%auxtot(:,:,:)
host:0x1b332420 device:0x40057231a000 size:41472 presentcount:0+2 line:746 name:var%fertot(:,:,:)
host:0x1b340030 device:0x400572324200 size:82944 presentcount:0+2 line:746 name:var%celtot(:,:,:)
host:0x1b493f50 device:0x400f83800000 size:3614400 presentcount:0+1 line:499 name:var%tbli(:)
host:0x1b808320 device:0x400f83c00000 size:3614400 presentcount:0+1 line:499 name:var%tbl(:)
host:0x1bb7e7f0 device:0x40075ba00000 size:2799360 presentcount:0+2 line:194 name:cdij(:,:,:,:)
host:0x1bef10f0 device:0x400f84000000 size:3614400 presentcount:0+1 line:499 name:var%tbli(:)
host:0x1d725540 device:0x400f84600000 size:2799360 presentcount:0+2 line:194 name:cqij(:,:,:,:)
host:0x1dc851f0 device:0x40075be00000 size:7962624 presentcount:0+5 line:746 name:var%gproj(:,:,:,:)
host:0x1e640ac0 device:0x4005723d5800 size:98304 presentcount:0+1 line:1101 name:w1%gproj(:)
host:0x1e6bf230 device:0x400f845fd800 size:2048 presentcount:0+1 line:179 name:w1(:)
host:0x1e6bfa50 device:0x4006c43fbe00 size:2048 presentcount:0+1 line:179 name:wtmp(:)
host:0x1e8470b0 device:0x400f8459d800 size:393216 presentcount:0+2 line:1226 name:wa%gproj(:,:)
host:0x1e8a70e0 device:0x401186c00000 size:393216 presentcount:0+2 line:1226 name:wa%gproj(:,:)
host:0x1e907110 device:0x4005723bd800 size:98304 presentcount:0+1 line:1101 name:w1%gproj(:)
host:0x1e91f140 device:0x40075b9cb600 size:98304 presentcount:0+1 line:1101 name:w1%gproj(:)
host:0x1e937170 device:0x40075b9e3600 size:98304 presentcount:0+1 line:1101 name:w1%gproj(:)
host:0x27221d00 device:0x401194e00000 size:3145728 presentcount:0+2 line:1226 name:wa%gproj(:,:)
host:0x2c34f110 device:0x401195a00000 size:14569472 presentcount:0+1 line:202 name:precon(:,:)
host:0x2d13b8e0 device:0x4006c4400000 size:7284736 presentcount:0+1 line:1101 name:w1%cptwfp(:)
host:0x2d835ee0 device:0x4006c3400000 size:7284736 presentcount:0+1 line:1101 name:w1%cptwfp(:)
host:0x2df30b10 device:0x400ecce00000 size:7284736 presentcount:0+1 line:1101 name:w1%cptwfp(:)
host:0x2e623760 device:0x401195200000 size:7284736 presentcount:0+1 line:1101 name:w1%cptwfp(:)
host:0x4005800010a0 device:0x4006c5400000 size:45593280 presentcount:0+2 line:430 name:var%nli(:,:)
host:0x400582b812b0 device:0x4006e0000000 size:807411968 presentcount:0+2 line:430 name:var%rproj(:)
host:0x4005b50a35c0 device:0x400f84a00000 size:14400000 presentcount:0+1 line:195 name:dencor(:)
host:0x4005b6c339e0 device:0x400f85800000 size:28917760 presentcount:0+1 line:195 name:cstrf(:,:)
host:0x4006600031a0 device:0x400740000000 size:230400000 presentcount:0+2 line:194 name:sv(:,:)
host:0x40066dbc4a60 device:0x4006a0000000 size:590063616 presentcount:0+5 line:746 name:var%cptwfp(:,:,:,:)
host:0x400690e86f80 device:0x401183400000 size:29138944 presentcount:0+2 line:1226 name:wa%cptwfp(:,:)
host:0x400692a67190 device:0x401185000000 size:29138944 presentcount:0+2 line:1226 name:wa%cptwfp(:,:)
host:0x4007200073a0 device:0x401186e00000 size:233111552 presentcount:0+2 line:1226 name:wa%cptwfp(:,:)
host:0x4007832c79d0 device:0x400f70e00000 size:230400000 presentcount:0+1 line:1101 name:w1%cr(:)
host:0x400790e97be0 device:0x400710400000 size:230400000 presentcount:0+1 line:1236 name:w1%cr(:)
host:0x4007e0008000 device:0x40074dc00000 size:230400000 presentcount:0+1 line:1101 name:w1%cr(:)
host:0x4007edbd8210 device:0x4006c8000000 size:230400000 presentcount:0+1 line:1236 name:w1%cr(:)
host:0x4007fb7a0020 device:0x401143400000 size:230400000 presentcount:0+1 line:1101 name:w1%cr(:)
host:0x400809360230 device:0x401151000000 size:230400000 presentcount:0+1 line:1236 name:w1%cr(:)
host:0x400ce0000650 device:0x401103400000 size:230400000 presentcount:0+1 line:1101 name:w1%cr(:)
host:0x400cedbc0860 device:0x401111000000 size:230400000 presentcount:0+1 line:1236 name:w1%cr(:)
host:0xfffff9c9dd10 device:0x4006c43fca00 size:3024 presentcount:0+12 line:682 name:var
host:0xfffff9c9e8e0 device:0x4005fc3ffa00 size:1480 presentcount:0+1 line:174 name:w_ini
host:0xfffff9c9eeb0 device:0x4006c43fb400 size:1480 presentcount:0+1 line:174 name:wopt
host:0xfffff9c9f480 device:0x4005dc3ff600 size:1480 presentcount:0+1 line:174 name:wtmpa
allocated block device:0x40043e5f1e00 size:41472 thread:1
allocated block device:0x40043e5fc000 size:5120 thread:1
allocated block device:0x40043e5fd400 size:4608 thread:1
allocated block device:0x40043e5fe600 size:4608 thread:1
allocated block device:0x40043e5ff800 size:512 thread:1
allocated block device:0x40043e5ffa00 size:512 thread:1
allocated block device:0x40043e5ffc00 size:512 thread:1
allocated block device:0x40043e5ffe00 size:512 thread:1
allocated block device:0x40057231a000 size:41472 thread:1
allocated block device:0x400572324200 size:82944 thread:1
allocated block device:0x400572338600 size:180224 thread:1
allocated block device:0x400572364600 size:180224 thread:1
allocated block device:0x400572390600 size:4608 thread:1
allocated block device:0x400572391800 size:180224 thread:1
allocated block device:0x4005723bd800 size:98304 thread:1
allocated block device:0x4005723d5800 size:98304 thread:1
allocated block device:0x4005723ed800 size:14848 thread:1
allocated block device:0x4005723f1200 size:14848 thread:1
allocated block device:0x4005723f4c00 size:10240 thread:1
allocated block device:0x4005723f7400 size:10240 thread:1
allocated block device:0x4005723f9c00 size:512 thread:1
allocated block device:0x4005723f9e00 size:512 thread:1
allocated block device:0x4005723fa000 size:512 thread:1
allocated block device:0x4005723fa200 size:512 thread:1
allocated block device:0x4005723fa400 size:512 thread:1
allocated block device:0x4005723fa600 size:5120 thread:1
allocated block device:0x4005723fba00 size:1536 thread:1
allocated block device:0x4005723fc000 size:1024 thread:1
allocated block device:0x4005723fc400 size:1024 thread:1
allocated block device:0x4005723fc800 size:1536 thread:1
allocated block device:0x4005723fce00 size:1024 thread:1
allocated block device:0x4005723fd200 size:1024 thread:1
allocated block device:0x4005723fd600 size:1024 thread:1
allocated block device:0x4005723fda00 size:6144 thread:1
allocated block device:0x4005723ff200 size:2560 thread:1
allocated block device:0x4005723ffc00 size:512 thread:1
allocated block device:0x4005723ffe00 size:512 thread:1
allocated block device:0x4005dc3ff600 size:2048 thread:1
allocated block device:0x4005fc3ff600 size:1024 thread:1
allocated block device:0x4005fc3ffa00 size:1536 thread:1
allocated block device:0x40063c3fea00 size:2560 thread:1
allocated block device:0x40063c3ff400 size:512 thread:1
allocated block device:0x40063c3ff600 size:512 thread:1
allocated block device:0x40063c3ff800 size:512 thread:1
allocated block device:0x40063c3ffa00 size:512 thread:1
allocated block device:0x40063c3ffc00 size:512 thread:1
allocated block device:0x40063c3ffe00 size:512 thread:1
allocated block device:0x4006a0000000 size:590063616 thread:1
allocated block device:0x4006c3400000 size:7962624 thread:1
allocated block device:0x4006c3c00000 size:1821184 thread:1
allocated block device:0x4006c3dbca00 size:512 thread:1
allocated block device:0x4006c3dbcc00 size:512 thread:1
allocated block device:0x4006c3dbce00 size:512 thread:1
allocated block device:0x4006c3dbd000 size:512 thread:1
allocated block device:0x4006c3dbd200 size:512 thread:1
allocated block device:0x4006c3dbd400 size:512 thread:1
allocated block device:0x4006c3dbd600 size:512 thread:1
allocated block device:0x4006c3dbd800 size:5120 thread:1
allocated block device:0x4006c3dbec00 size:1536 thread:1
allocated block device:0x4006c3dbf200 size:1024 thread:1
allocated block device:0x4006c3dbf600 size:1024 thread:1
allocated block device:0x4006c3dbfa00 size:1536 thread:1
allocated block device:0x4006c3dc0000 size:1024 thread:1
allocated block device:0x4006c3dc0400 size:1024 thread:1
allocated block device:0x4006c3dc0800 size:17408 thread:1
allocated block device:0x4006c3dc4c00 size:17408 thread:1
allocated block device:0x4006c3dc9000 size:180224 thread:1
allocated block device:0x4006c3df5000 size:2048 thread:1
allocated block device:0x4006c3df5800 size:512 thread:1
allocated block device:0x4006c3df5a00 size:4608 thread:1
allocated block device:0x4006c3df6c00 size:512 thread:1
allocated block device:0x4006c3df6e00 size:4608 thread:1
allocated block device:0x4006c3df8000 size:26112 thread:1
allocated block device:0x4006c3dfe600 size:3072 thread:1
allocated block device:0x4006c3dff200 size:512 thread:1
allocated block device:0x4006c3dff400 size:512 thread:1
allocated block device:0x4006c3dff600 size:512 thread:1
allocated block device:0x4006c3dff800 size:512 thread:1
allocated block device:0x4006c3dffa00 size:512 thread:1
allocated block device:0x4006c3dffc00 size:512 thread:1
allocated block device:0x4006c3dffe00 size:512 thread:1
allocated block device:0x4006c3e00000 size:1821184 thread:1
allocated block device:0x4006c3fbca00 size:180224 thread:1
allocated block device:0x4006c3fe8a00 size:4608 thread:1
allocated block device:0x4006c3fe9c00 size:4608 thread:1
allocated block device:0x4006c3feae00 size:4608 thread:1
allocated block device:0x4006c3fec000 size:24064 thread:1
allocated block device:0x4006c3ff1e00 size:512 thread:1
allocated block device:0x4006c3ff2000 size:24064 thread:1
allocated block device:0x4006c3ff7e00 size:512 thread:1
allocated block device:0x4006c3ff8000 size:512 thread:1
allocated block device:0x4006c3ff8200 size:3072 thread:1
allocated block device:0x4006c3ff8e00 size:3072 thread:1
allocated block device:0x4006c3ff9a00 size:512 thread:1
allocated block device:0x4006c3ff9c00 size:5120 thread:1
allocated block device:0x4006c3ffb000 size:1536 thread:1
allocated block device:0x4006c3ffb600 size:2560 thread:1
allocated block device:0x4006c3ffc000 size:1536 thread:1
allocated block device:0x4006c3ffc600 size:2048 thread:1
allocated block device:0x4006c3ffce00 size:6144 thread:1
allocated block device:0x4006c3ffe600 size:6144 thread:1
allocated block device:0x4006c3fffe00 size:512 thread:1
allocated block device:0x4006c4000000 size:1821184 thread:1
allocated block device:0x4006c41bca00 size:180224 thread:1
allocated block device:0x4006c41e8a00 size:6144 thread:1
allocated block device:0x4006c41ea200 size:2560 thread:1
allocated block device:0x4006c41eac00 size:512 thread:1
allocated block device:0x4006c41eae00 size:512 thread:1
allocated block device:0x4006c41eb000 size:512 thread:1
allocated block device:0x4006c41eb200 size:512 thread:1
allocated block device:0x4006c41eb400 size:512 thread:1
allocated block device:0x4006c41eb600 size:512 thread:1
allocated block device:0x4006c41eb800 size:512 thread:1
allocated block device:0x4006c41eba00 size:512 thread:1
allocated block device:0x4006c41ebc00 size:1536 thread:1
allocated block device:0x4006c41ec200 size:1536 thread:1
allocated block device:0x4006c41ec800 size:512 thread:1
allocated block device:0x4006c41eca00 size:2560 thread:1
allocated block device:0x4006c41ed400 size:6144 thread:1
allocated block device:0x4006c41eec00 size:28672 thread:1
allocated block device:0x4006c41f5c00 size:40448 thread:1
allocated block device:0x4006c41ffa00 size:512 thread:1
allocated block device:0x4006c4200000 size:1821184 thread:1
allocated block device:0x4006c43bca00 size:180224 thread:1
allocated block device:0x4006c43e8a00 size:8192 thread:1
allocated block device:0x4006c43eaa00 size:8192 thread:1
allocated block device:0x4006c43eca00 size:40448 thread:1
allocated block device:0x4006c43f6800 size:8192 thread:1
allocated block device:0x4006c43fb400 size:2560 thread:1
allocated block device:0x4006c43fbe00 size:3072 thread:1
allocated block device:0x4006c43fca00 size:3072 thread:1
allocated block device:0x4006c4400000 size:7284736 thread:1
allocated block device:0x4006c4c00000 size:7284736 thread:1
allocated block device:0x4006c5400000 size:45593600 thread:1
allocated block device:0x4006c8000000 size:230400000 thread:1
allocated block device:0x4006dcc00000 size:7284736 thread:1
allocated block device:0x4006e0000000 size:807412224 thread:1
allocated block device:0x400710400000 size:230400000 thread:1
allocated block device:0x400740000000 size:230400000 thread:1
allocated block device:0x40074dc00000 size:230400000 thread:1
allocated block device:0x40075b85fa00 size:921600 thread:1
allocated block device:0x40075b940a00 size:462336 thread:1
allocated block device:0x40075b9cb600 size:98304 thread:1
allocated block device:0x40075b9e3600 size:98304 thread:1
allocated block device:0x40075ba00000 size:2799616 thread:1
allocated block device:0x40075be00000 size:7962624 thread:1
allocated block device:0x400ecce00000 size:14400000 thread:1
allocated block device:0x400f70e00000 size:230400000 thread:1
allocated block device:0x400f83400000 size:3614720 thread:1
allocated block device:0x400f83800000 size:3614720 thread:1
allocated block device:0x400f83c00000 size:3614720 thread:1
allocated block device:0x400f84000000 size:3614720 thread:1
allocated block device:0x400f84400000 size:453632 thread:1
allocated block device:0x400f8446ec00 size:453632 thread:1
allocated block device:0x400f8459d800 size:393216 thread:1
allocated block device:0x400f845fd800 size:2048 thread:1
allocated block device:0x400f84600000 size:2799616 thread:1
allocated block device:0x400f84a00000 size:14400000 thread:1
allocated block device:0x400f85800000 size:28917760 thread:1
allocated block device:0x401103400000 size:230400000 thread:1
allocated block device:0x401111000000 size:230400000 thread:1
allocated block device:0x401143400000 size:230400000 thread:1
allocated block device:0x401151000000 size:230400000 thread:1
allocated block device:0x401183400000 size:29138944 thread:1
allocated block device:0x401185000000 size:29138944 thread:1
allocated block device:0x401186c00000 size:393216 thread:1
allocated block device:0x401186e00000 size:233111552 thread:1
allocated block device:0x401194e00000 size:3145728 thread:1
allocated block device:0x401195200000 size:7284736 thread:1
allocated block device:0x401195a00000 size:14569472 thread:1
Accelerator Fatal Error: call to cuMemAlloc returned error 2 (CUDA_ERROR_OUT_OF_MEMORY): Out of memory
 File: /lus/lfs1aip2/projects/u6cb/software/VASP/vasp.6.5.1/build/gam/hamil.f90
 Function: hamiltmu:978
 Line: 1005

srun: error: nid011239: task 15: Exited with exit code 1
srun: Terminating StepId=3298610.0
slurmstepd: error: *** STEP 3298610.0 ON nid011239 CANCELLED AT 2026-03-23T22:15:50 ***
Out of memory allocating 921600000 bytes of device memory
Failing in Thread:1
total/free CUDA memory: 102005473280/875429888
Present table dump for device[1]: NVIDIA Tesla GPU 0, compute capability 9.0, threadid=1
Hint: specify 0x800 bit in NV_ACC_DEBUG for verbose info.
host:0x2557280 device:0x400663df6c00 size:32 presentcount:0+3 line:643 name:var%comm
host:0x25572a0 device:0x400663dbca00 size:32 presentcount:0+4 line:652 name:var%comm_kinter
host:0x25572c0 device:0x400663dbcc00 size:32 presentcount:0+6 line:655 name:var%comm_kin
host:0x25572e0 device:0x4003de5ffa00 size:32 presentcount:0+3 line:646 name:var%comm_inter
host:0x2557300 device:0x4003de5ffc00 size:32 presentcount:0+7 line:649 name:var%comm_inb
host:0x256be80 device:0x4003da0ecd00 size:8 presentcount:0+1 line:-1 name:_setexm_struct_def_21
host:0x2576f40 device:0x4003da0ece00 size:28 presentcount:0+1 line:-1 name:_ml_ff_constant_21
host:0x2577c80 device:0x4003da0ecf00 size:30437 presentcount:0+1 line:-1 name:_ml_ff_taglist_21
host:0x25afc80 device:0x4003da0f4600 size:8 presentcount:0+1 line:-1 name:_mopenacc_tutor_21
host:0x25c2740 device:0x4003da0f4a00 size:32 presentcount:0+1 line:-1 name:_mbj_21
host:0x25cd640 device:0x4003da0f4d00 size:8 presentcount:0+1 line:-1 name:_sym_prec_21
host:0x26030c0 device:0x4003da0f4e00 size:344 presentcount:0+1 line:-1 name:_tet_21
host:0x261c840 device:0x4003da0f5000 size:392 presentcount:0+1 line:-1 name:_mymath_21
host:0x2817368 device:0x400663dbd800 size:4800 presentcount:0+2 line:614 name:var
host:0x2818628 device:0x400663df5000 size:1984 presentcount:0+2 line:403 name:var
host:0x281a910 device:0x40059c3ff600 size:864 presentcount:0+4 line:2639 name:hamiltonian
host:0x286ac80 device:0x400663dfe600 size:2712 presentcount:0+2 line:428 name:var
host:0x286b718 device:0x4005dc3fea00 size:2248 presentcount:0+1 line:742 name:var
host:0x286eb50 device:0x4006641ffa00 size:288 presentcount:0+1 line:195 name:latt_cur
host:0x2871658 device:0x4003de5fc000 size:5088 presentcount:0+28 line:517 name:var
host:0x2872a38 device:0x4005101fa600 size:5088 presentcount:0+6 line:517 name:var
host:0x2873e18 device:0x400663ff9c00 size:5088 presentcount:0+7 line:517 name:var
host:0x287a2a8 device:0x4006641eba00 size:304 presentcount:0+1 line:567 name:var
host:0x287a3d8 device:0x4006641ec800 size:304 presentcount:0+1 line:567 name:var
host:0x2e48ec0 device:0x4003da002600 size:960024 presentcount:0+1 line:-1 name:_setexm_struct_def_16
host:0x2f8f080 device:0x4003da0f4700 size:580 presentcount:0+1 line:-1 name:_wpbe_16
host:0x2f8f900 device:0x4003da0f4b00 size:288 presentcount:0+1 line:-1 name:_mbj_16
host:0x9f446c0 device:0x4003da0f5200 size:624 presentcount:0+1 line:-1 name:_mlr_optic_16
host:0x3849d8f0 device:0x400663dff600 size:8 presentcount:0+3 line:616 name:var%nt_global(:)
host:0x384e68b0 device:0x4005101ffc00 size:260 presentcount:0+1 line:499 name:var%n(:)
host:0x384f4e60 device:0x400663dbf600 size:1000 presentcount:0+4 line:519 name:var%lpctz(:)
host:0x384f7e30 device:0x4006641eac00 size:260 presentcount:0+1 line:499 name:var%ni(:)
host:0x384f8120 device:0x4006641eae00 size:260 presentcount:0+1 line:499 name:var%ptri(:)
host:0x385dd010 device:0x400663dff800 size:24 presentcount:0+3 line:616 name:var%vkpt(:,:)
host:0x385dd1e0 device:0x400663dbd600 size:16 presentcount:0+2 line:430 name:var%psrmax(:)
host:0x385dd220 device:0x400663dffe00 size:4 presentcount:0+2 line:616 name:var%nplwkp(:)
host:0x385dd250 device:0x400663ff1e00 size:4 presentcount:0+2 line:616 name:var%nplwkp_tot(:)
host:0x385dd280 device:0x400663ff7e00 size:4 presentcount:0+2 line:616 name:var%ngvector_pos(:)
host:0x385dd2b0 device:0x400663dffc00 size:4 presentcount:0+2 line:616 name:var%ngvector(:)
host:0x385dd2e0 device:0x400663df5800 size:8 presentcount:0+2 line:616 name:var%nb_totk(:,:)
host:0x385dd310 device:0x400663ff8000 size:4 presentcount:0+2 line:616 name:var%luseinv(:)
host:0x385dd340 device:0x400663dbd200 size:4 presentcount:0+2 line:616 name:var%at_gamma(:)
host:0x385dd370 device:0x400663ff9a00 size:8 presentcount:0+2 line:405 name:var%lmmax(:)
host:0x385dd3a0 device:0x400663dbce00 size:8 presentcount:0+2 line:430 name:var%lmax(:)
host:0x385dd3d0 device:0x400663dbd000 size:8 presentcount:0+2 line:430 name:var%lmmax(:)
host:0x385dd400 device:0x400663dbd400 size:8 presentcount:0+2 line:430 name:var%channels(:)
host:0x385dd430 device:0x4005dc3ff400 size:16 presentcount:0+2 line:430 name:var%rsmooth(:)
host:0x385dd470 device:0x4006641eb800 size:4 presentcount:0+1 line:499 name:var%tbli(:)
host:0x396bb940 device:0x4005101fd600 size:528 presentcount:0+1 line:480 name:var
host:0x3d90c590 device:0x4003de5ffe00 size:8 presentcount:0+4 line:405 name:var%nityp(:)
host:0x3ddce5a0 device:0x4005101ffe00 size:260 presentcount:0+1 line:499 name:var%ptr(:)
host:0x3e27c400 device:0x400663dff200 size:8 presentcount:0+3 line:616 name:var%lmmax(:)
host:0x3e27c4f0 device:0x400663dff400 size:8 presentcount:0+3 line:616 name:var%nityp(:)
host:0x3e27c550 device:0x400663dffa00 size:8 presentcount:0+2 line:616 name:var%wtkpt(:)
host:0x3e289290 device:0x4006641eec00 size:28464 presentcount:0+1 line:853 name:var(:)
host:0x3e29b9f0 device:0x4006643eca00 size:40000 presentcount:0+1 line:857 name:var%psp(:,:)
host:0x3e2a5660 device:0x4006643f6800 size:8000 presentcount:0+1 line:857 name:var%psprho(:)
host:0x3e2a88f0 device:0x400663ff2000 size:24000 presentcount:0+2 line:466 name:var%psprnl(:,:,:)
host:0x3e2d82d0 device:0x400663fe9c00 size:4320 presentcount:0+4 line:405 name:var%ityp(:)
host:0x3e2d93e0 device:0x400663df8000 size:25920 presentcount:0+4 line:405 name:var%posion(:,:)
host:0x3e31c760 device:0x4006641f5c00 size:40000 presentcount:0+1 line:857 name:var%psp(:,:)
host:0x3e3263d0 device:0x4006643e8a00 size:8000 presentcount:0+1 line:857 name:var%pspcor(:)
host:0x3e328340 device:0x4006643eaa00 size:8000 presentcount:0+1 line:857 name:var%psprho(:)
host:0x3e32b5d0 device:0x400663fec000 size:24000 presentcount:0+2 line:466 name:var%psprnl(:,:,:)
host:0x3e378590 device:0x4005dc3ff800 size:24 presentcount:0+3 line:466 name:var%lps(:)
host:0x3e378640 device:0x4005dc3ffc00 size:24 presentcount:0+3 line:466 name:var%lps(:)
host:0x3e3fc530 device:0x400663fe8a00 size:4320 presentcount:0+3 line:616 name:var%ityp(:)
host:0x3e3fd640 device:0x400663df6e00 size:4320 presentcount:0+3 line:616 name:var%npro_pos(:)
host:0x3e3fe750 device:0x400663df5a00 size:4324 presentcount:0+3 line:616 name:var%lmbase(:)
host:0x3e3ff860 device:0x400663dbec00 size:1280 presentcount:0+4 line:519 name:var%lpctx(:)
host:0x3e3ffd90 device:0x400663dbf200 size:720 presentcount:0+4 line:519 name:var%lpcty(:)
host:0x3e400090 device:0x400663dbfa00 size:1280 presentcount:0+4 line:519 name:var%lpctx_(:)
host:0x3e4005c0 device:0x400663dc0000 size:720 presentcount:0+4 line:519 name:var%lpcty_(:)
host:0x3e4008c0 device:0x400663dc0400 size:1000 presentcount:0+4 line:519 name:var%lpctz_(:)
host:0x3e400cd0 device:0x4005101fba00 size:1280 presentcount:0+1 line:519 name:var%lpctx(:)
host:0x3e401200 device:0x4005101fc000 size:720 presentcount:0+1 line:519 name:var%lpcty(:)
host:0x3e401500 device:0x4005101fc400 size:1000 presentcount:0+1 line:519 name:var%lpctz(:)
host:0x3e401910 device:0x4005101fc800 size:1280 presentcount:0+1 line:519 name:var%lpctx_(:)
host:0x3e401e40 device:0x4005101fce00 size:720 presentcount:0+1 line:519 name:var%lpcty_(:)
host:0x3e402140 device:0x4005101fd200 size:1000 presentcount:0+1 line:519 name:var%lpctz_(:)
host:0x3e402550 device:0x400663ff8200 size:2560 presentcount:0+1 line:519 name:var%lpctx(:)
host:0x3e402f80 device:0x400663ffb000 size:1440 presentcount:0+1 line:519 name:var%lpcty(:)
host:0x3e403550 device:0x400663ff8e00 size:2000 presentcount:0+1 line:519 name:var%lpctz(:)
host:0x3e403d50 device:0x400663ffb600 size:2560 presentcount:0+1 line:519 name:var%lpctx_(:)
host:0x3e404780 device:0x400663ffc000 size:1440 presentcount:0+1 line:519 name:var%lpcty_(:)
host:0x3e404d50 device:0x400663ffc600 size:2000 presentcount:0+1 line:519 name:var%lpctz_(:)
host:0x3e4f83b0 device:0x400663ffce00 size:5644 presentcount:0+1 line:482 name:var%i2(:)
host:0x3e4f99f0 device:0x400663ffe600 size:5644 presentcount:0+1 line:482 name:var%i3(:)
host:0x3e4fb030 device:0x4005101f4c00 size:10040 presentcount:0+1 line:482 name:var%i2(:)
host:0x3e4fd790 device:0x4005101f7400 size:10040 presentcount:0+1 line:482 name:var%i3(:)
host:0x3e4ffef0 device:0x4005101ed800 size:14400 presentcount:0+2 line:482 name:var%i2(:)
host:0x3e503760 device:0x4005101f1200 size:14400 presentcount:0+2 line:482 name:var%i3(:)
host:0x3e5073f0 device:0x4006fb85fa00 size:921600 presentcount:0+2 line:482 name:var%index(:,:)
host:0x3e5e8420 device:0x4006641eca00 size:2560 presentcount:0+1 line:569 name:var%ind1(:)
host:0x3e5e8e50 device:0x4006641ed400 size:5644 presentcount:0+1 line:569 name:var%indcol(:)
host:0x3e5ea490 device:0x4005101fda00 size:5644 presentcount:0+1 line:482 name:var%i2(:)
host:0x3e5ebad0 device:0x4006641e8a00 size:5644 presentcount:0+1 line:482 name:var%i3(:)
host:0x3e5ed110 device:0x4005101ff200 size:2520 presentcount:0+1 line:482 name:var%i2(:)
host:0x3e5edb10 device:0x4006641ea200 size:2520 presentcount:0+1 line:482 name:var%i3(:)
host:0x3e5ee510 device:0x4003de5fd400 size:4320 presentcount:0+2 line:430 name:var%nlimax(:)
host:0x3e5ef620 device:0x4003de5fe600 size:4324 presentcount:0+2 line:430 name:var%lmbase(:)
host:0x3e5f0730 device:0x400510190600 size:4324 presentcount:0+2 line:430 name:var%nlibase(:)
host:0x3e5f1840 device:0x400663dc0800 size:17132 presentcount:0+4 line:519 name:var%nindpwconjg(:)
host:0x3e5f5b60 device:0x400663dc4c00 size:17132 presentcount:0+4 line:519 name:var%ind_in_sphere(:)
host:0x3e5fb4c0 device:0x4003de5ff800 size:260 presentcount:0+1 line:499 name:var%ptr(:)
host:0x3e5fb5f0 device:0x4005dc3ffe00 size:260 presentcount:0+1 line:499 name:var%n(:)
host:0x3e5fb720 device:0x4005101f9c00 size:260 presentcount:0+1 line:499 name:var%ptri(:)
host:0x3e5fb850 device:0x400663fffe00 size:260 presentcount:0+1 line:499 name:var%ni(:)
host:0x3e5fb980 device:0x4005101fa000 size:260 presentcount:0+1 line:499 name:var%ptr(:)
host:0x3e5fbab0 device:0x4005101f9e00 size:260 presentcount:0+1 line:499 name:var%n(:)
host:0x3e5fbbe0 device:0x4005101fa400 size:260 presentcount:0+1 line:499 name:var%ptri(:)
host:0x3e5fbd10 device:0x4005101fa200 size:260 presentcount:0+1 line:499 name:var%ni(:)
host:0x3e5fbe40 device:0x4006641eb200 size:260 presentcount:0+1 line:499 name:var%ptr(:)
host:0x3e5fbf70 device:0x4006641eb000 size:260 presentcount:0+1 line:499 name:var%n(:)
host:0x3e5fc0a0 device:0x4006641eb600 size:260 presentcount:0+1 line:499 name:var%ptri(:)
host:0x3e5fc1d0 device:0x4006641eb400 size:260 presentcount:0+1 line:499 name:var%ni(:)
host:0x3e6285c0 device:0x4006641ebc00 size:1280 presentcount:0+1 line:569 name:var%ind1(:)
host:0x3e628af0 device:0x4006641ec200 size:1448 presentcount:0+1 line:569 name:var%indcol(:)
host:0x3e6290c0 device:0x400510138600 size:180000 presentcount:0+4 line:482 name:var%i2(:)
host:0x3e655010 device:0x400510164600 size:180000 presentcount:0+4 line:482 name:var%i3(:)
host:0x3e680f60 device:0x400663dc9000 size:180000 presentcount:0+8 line:482 name:var%index(:,:)
host:0x3e6aceb0 device:0x4006643bca00 size:180000 presentcount:0+8 line:482 name:var%i2(:)
host:0x3e6d8e00 device:0x400510191800 size:180000 presentcount:0+8 line:482 name:var%i3(:)
host:0x3e705380 device:0x400663e00000 size:1821184 presentcount:0+3 line:616 name:var%nindpw(:,:)
host:0x3e8c1db0 device:0x400663fbca00 size:180000 presentcount:0+3 line:616 name:var%pl_index(:,:)
host:0x3e8edd00 device:0x4006641bca00 size:180000 presentcount:0+3 line:616 name:var%pl_col(:,:)
host:0x3e919c50 device:0x400663feae00 size:4324 presentcount:0+2 line:405 name:var%lmbase(:)
host:0x3e91ad60 device:0x4005dc3ff600 size:400 presentcount:0+2 line:464 name:var
host:0x3e91aef0 device:0x4005dc3ffa00 size:400 presentcount:0+2 line:464 name:var
host:0x3e98b910 device:0x4006fb940a00 size:463360 presentcount:0+1 line:499 name:var%tbl(:)
host:0x3eb73c30 device:0x400664c00000 size:7284736 presentcount:0+3 line:616 name:var%datake(:,:,:)
host:0x3f266eb0 device:0x400664000000 size:1821184 presentcount:0+3 line:616 name:var%igx(:,:)
host:0x3f424540 device:0x400663c00000 size:1821184 presentcount:0+3 line:616 name:var%igy(:,:)
host:0x3f5e1de0 device:0x400664200000 size:1821184 presentcount:0+3 line:616 name:var%igz(:,:)
host:0x3f79fcb0 device:0x40067cc00000 size:7284272 presentcount:0+4 line:519 name:var%fftsca(:,:)
host:0x3ff03540 device:0x400f24400000 size:453600 presentcount:0+1 line:499 name:var%tbli(:)
host:0x3ff72150 device:0x400f2446ec00 size:453600 presentcount:0+1 line:499 name:var%tbl(:)
host:0x400e3030 device:0x400f23400000 size:3612160 presentcount:0+1 line:499 name:var%tbl(:)
host:0x406d2420 device:0x4003de5f1e00 size:41472 presentcount:0+1 line:746 name:var%auxtot(:,:,:)
host:0x40712420 device:0x40051011a000 size:41472 presentcount:0+2 line:746 name:var%fertot(:,:,:)
host:0x40720030 device:0x400510124200 size:82944 presentcount:0+2 line:746 name:var%celtot(:,:,:)
host:0x407ca020 device:0x400f23800000 size:3614400 presentcount:0+1 line:499 name:var%tbli(:)
host:0x40b3e3f0 device:0x400f23c00000 size:3614400 presentcount:0+1 line:499 name:var%tbl(:)
host:0x412271c0 device:0x400f24000000 size:3614400 presentcount:0+1 line:499 name:var%tbli(:)
host:0x426e5ec0 device:0x4006fba00000 size:2799360 presentcount:0+2 line:194 name:cdij(:,:,:,:)
host:0x429955e0 device:0x400f24600000 size:2799360 presentcount:0+2 line:194 name:cqij(:,:,:,:)
host:0x42ef5290 device:0x4006fbe00000 size:7962624 presentcount:0+5 line:746 name:var%gproj(:,:,:,:)
host:0x438b0d90 device:0x4005101d5800 size:98304 presentcount:0+1 line:1101 name:w1%gproj(:)
host:0x4392f500 device:0x400f245fd800 size:2048 presentcount:0+1 line:179 name:w1(:)
host:0x4392fd20 device:0x4006643fbe00 size:2048 presentcount:0+1 line:179 name:wtmp(:)
host:0x43ab7380 device:0x400f2459d800 size:393216 presentcount:0+2 line:1226 name:wa%gproj(:,:)
host:0x43b173b0 device:0x4010e6c00000 size:393216 presentcount:0+2 line:1226 name:wa%gproj(:,:)
host:0x43b773e0 device:0x4005101bd800 size:98304 presentcount:0+1 line:1101 name:w1%gproj(:)
host:0x43b8f410 device:0x4006fb9cba00 size:98304 presentcount:0+1 line:1101 name:w1%gproj(:)
host:0x43ba7440 device:0x4006fb9e3a00 size:98304 presentcount:0+1 line:1101 name:w1%gproj(:)
host:0x4c510180 device:0x4010f4e00000 size:3145728 presentcount:0+2 line:1226 name:wa%gproj(:,:)
host:0x5163b330 device:0x4010f5a00000 size:14569472 presentcount:0+1 line:202 name:precon(:,:)
host:0x524274d0 device:0x400664400000 size:7284736 presentcount:0+1 line:1101 name:w1%cptwfp(:)
host:0x52b214a0 device:0x400663400000 size:7284736 presentcount:0+1 line:1101 name:w1%cptwfp(:)
host:0x5321baa0 device:0x400e6ce00000 size:7284736 presentcount:0+1 line:1101 name:w1%cptwfp(:)
host:0x539166d0 device:0x4010f5200000 size:7284736 presentcount:0+1 line:1101 name:w1%cptwfp(:)
host:0x4005200010a0 device:0x400665400000 size:45593280 presentcount:0+2 line:430 name:var%nli(:,:)
host:0x400522b812b0 device:0x400680000000 size:807411968 presentcount:0+2 line:430 name:var%rproj(:)
host:0x400555e735c0 device:0x400f24a00000 size:14400000 presentcount:0+1 line:195 name:dencor(:)
host:0x400557a039e0 device:0x400f25800000 size:28915200 presentcount:0+1 line:195 name:cstrf(:,:)
host:0x4006000031a0 device:0x4006e0000000 size:230400000 presentcount:0+2 line:194 name:sv(:,:)
host:0x40060dbc4a60 device:0x400640000000 size:590063616 presentcount:0+5 line:746 name:var%cptwfp(:,:,:,:)
host:0x400630e86950 device:0x4010e3400000 size:29138944 presentcount:0+2 line:1226 name:wa%cptwfp(:,:)
host:0x400632a66b60 device:0x4010e5000000 size:29138944 presentcount:0+2 line:1226 name:wa%cptwfp(:,:)
host:0x4006c0006d70 device:0x4010e6e00000 size:233111552 presentcount:0+2 line:1226 name:wa%cptwfp(:,:)
host:0x4007232c73a0 device:0x400e72200000 size:230400000 presentcount:0+1 line:1101 name:w1%cr(:)
host:0x400730e975b0 device:0x4006b0400000 size:230400000 presentcount:0+1 line:1236 name:w1%cr(:)
host:0x4007800079d0 device:0x4006edc00000 size:230400000 presentcount:0+1 line:1101 name:w1%cr(:)
host:0x40078dbd7be0 device:0x400668000000 size:230400000 presentcount:0+1 line:1236 name:w1%cr(:)
host:0x40079b7a8000 device:0x4010a3400000 size:230400000 presentcount:0+1 line:1101 name:w1%cr(:)
host:0x4007a9378210 device:0x4010b1000000 size:230400000 presentcount:0+1 line:1236 name:w1%cr(:)
host:0x400c80000020 device:0x401063400000 size:230400000 presentcount:0+1 line:1101 name:w1%cr(:)
host:0x400c8dbc0230 device:0x401071000000 size:230400000 presentcount:0+1 line:1236 name:w1%cr(:)
host:0xffffcdde34a0 device:0x4006643fca00 size:3024 presentcount:0+12 line:682 name:var
host:0xffffcdde4070 device:0x40059c3ffa00 size:1480 presentcount:0+1 line:174 name:w_ini
host:0xffffcdde4640 device:0x4006643fb400 size:1480 presentcount:0+1 line:174 name:wopt
host:0xffffcdde4c10 device:0x40057c3ff600 size:1480 presentcount:0+1 line:174 name:wtmpa
allocated block device:0x4003de5f1e00 size:41472 thread:1
allocated block device:0x4003de5fc000 size:5120 thread:1
allocated block device:0x4003de5fd400 size:4608 thread:1
allocated block device:0x4003de5fe600 size:4608 thread:1
allocated block device:0x4003de5ff800 size:512 thread:1
allocated block device:0x4003de5ffa00 size:512 thread:1
allocated block device:0x4003de5ffc00 size:512 thread:1
allocated block device:0x4003de5ffe00 size:512 thread:1
allocated block device:0x40051011a000 size:41472 thread:1
allocated block device:0x400510124200 size:82944 thread:1
allocated block device:0x400510138600 size:180224 thread:1
allocated block device:0x400510164600 size:180224 thread:1
allocated block device:0x400510190600 size:4608 thread:1
allocated block device:0x400510191800 size:180224 thread:1
allocated block device:0x4005101bd800 size:98304 thread:1
allocated block device:0x4005101d5800 size:98304 thread:1
allocated block device:0x4005101ed800 size:14848 thread:1
allocated block device:0x4005101f1200 size:14848 thread:1
allocated block device:0x4005101f4c00 size:10240 thread:1
allocated block device:0x4005101f7400 size:10240 thread:1
allocated block device:0x4005101f9c00 size:512 thread:1
allocated block device:0x4005101f9e00 size:512 thread:1
allocated block device:0x4005101fa000 size:512 thread:1
allocated block device:0x4005101fa200 size:512 thread:1
allocated block device:0x4005101fa400 size:512 thread:1
allocated block device:0x4005101fa600 size:5120 thread:1
allocated block device:0x4005101fba00 size:1536 thread:1
allocated block device:0x4005101fc000 size:1024 thread:1
allocated block device:0x4005101fc400 size:1024 thread:1
allocated block device:0x4005101fc800 size:1536 thread:1
allocated block device:0x4005101fce00 size:1024 thread:1
allocated block device:0x4005101fd200 size:1024 thread:1
allocated block device:0x4005101fd600 size:1024 thread:1
allocated block device:0x4005101fda00 size:6144 thread:1
allocated block device:0x4005101ff200 size:2560 thread:1
allocated block device:0x4005101ffc00 size:512 thread:1
allocated block device:0x4005101ffe00 size:512 thread:1
allocated block device:0x40057c3ff600 size:2048 thread:1
allocated block device:0x40059c3ff600 size:1024 thread:1
allocated block device:0x40059c3ffa00 size:1536 thread:1
allocated block device:0x4005dc3fea00 size:2560 thread:1
allocated block device:0x4005dc3ff400 size:512 thread:1
allocated block device:0x4005dc3ff600 size:512 thread:1
allocated block device:0x4005dc3ff800 size:512 thread:1
allocated block device:0x4005dc3ffa00 size:512 thread:1
allocated block device:0x4005dc3ffc00 size:512 thread:1
allocated block device:0x4005dc3ffe00 size:512 thread:1
allocated block device:0x400640000000 size:590063616 thread:1
allocated block device:0x400663400000 size:7962624 thread:1
allocated block device:0x400663c00000 size:1821184 thread:1
allocated block device:0x400663dbca00 size:512 thread:1
allocated block device:0x400663dbcc00 size:512 thread:1
allocated block device:0x400663dbce00 size:512 thread:1
allocated block device:0x400663dbd000 size:512 thread:1
allocated block device:0x400663dbd200 size:512 thread:1
allocated block device:0x400663dbd400 size:512 thread:1
allocated block device:0x400663dbd600 size:512 thread:1
allocated block device:0x400663dbd800 size:5120 thread:1
allocated block device:0x400663dbec00 size:1536 thread:1
allocated block device:0x400663dbf200 size:1024 thread:1
allocated block device:0x400663dbf600 size:1024 thread:1
allocated block device:0x400663dbfa00 size:1536 thread:1
allocated block device:0x400663dc0000 size:1024 thread:1
allocated block device:0x400663dc0400 size:1024 thread:1
allocated block device:0x400663dc0800 size:17408 thread:1
allocated block device:0x400663dc4c00 size:17408 thread:1
allocated block device:0x400663dc9000 size:180224 thread:1
allocated block device:0x400663df5000 size:2048 thread:1
allocated block device:0x400663df5800 size:512 thread:1
allocated block device:0x400663df5a00 size:4608 thread:1
allocated block device:0x400663df6c00 size:512 thread:1
allocated block device:0x400663df6e00 size:4608 thread:1
allocated block device:0x400663df8000 size:26112 thread:1
allocated block device:0x400663dfe600 size:3072 thread:1
allocated block device:0x400663dff200 size:512 thread:1
allocated block device:0x400663dff400 size:512 thread:1
allocated block device:0x400663dff600 size:512 thread:1
allocated block device:0x400663dff800 size:512 thread:1
allocated block device:0x400663dffa00 size:512 thread:1
allocated block device:0x400663dffc00 size:512 thread:1
allocated block device:0x400663dffe00 size:512 thread:1
allocated block device:0x400663e00000 size:1821184 thread:1
allocated block device:0x400663fbca00 size:180224 thread:1
allocated block device:0x400663fe8a00 size:4608 thread:1
allocated block device:0x400663fe9c00 size:4608 thread:1
allocated block device:0x400663feae00 size:4608 thread:1
allocated block device:0x400663fec000 size:24064 thread:1
allocated block device:0x400663ff1e00 size:512 thread:1
allocated block device:0x400663ff2000 size:24064 thread:1
allocated block device:0x400663ff7e00 size:512 thread:1
allocated block device:0x400663ff8000 size:512 thread:1
allocated block device:0x400663ff8200 size:3072 thread:1
allocated block device:0x400663ff8e00 size:3072 thread:1
allocated block device:0x400663ff9a00 size:512 thread:1
allocated block device:0x400663ff9c00 size:5120 thread:1
allocated block device:0x400663ffb000 size:1536 thread:1
allocated block device:0x400663ffb600 size:2560 thread:1
allocated block device:0x400663ffc000 size:1536 thread:1
allocated block device:0x400663ffc600 size:2048 thread:1
allocated block device:0x400663ffce00 size:6144 thread:1
allocated block device:0x400663ffe600 size:6144 thread:1
allocated block device:0x400663fffe00 size:512 thread:1
allocated block device:0x400664000000 size:1821184 thread:1
allocated block device:0x4006641bca00 size:180224 thread:1
allocated block device:0x4006641e8a00 size:6144 thread:1
allocated block device:0x4006641ea200 size:2560 thread:1
allocated block device:0x4006641eac00 size:512 thread:1
allocated block device:0x4006641eae00 size:512 thread:1
allocated block device:0x4006641eb000 size:512 thread:1
allocated block device:0x4006641eb200 size:512 thread:1
allocated block device:0x4006641eb400 size:512 thread:1
allocated block device:0x4006641eb600 size:512 thread:1
allocated block device:0x4006641eb800 size:512 thread:1
allocated block device:0x4006641eba00 size:512 thread:1
allocated block device:0x4006641ebc00 size:1536 thread:1
allocated block device:0x4006641ec200 size:1536 thread:1
allocated block device:0x4006641ec800 size:512 thread:1
allocated block device:0x4006641eca00 size:2560 thread:1
allocated block device:0x4006641ed400 size:6144 thread:1
allocated block device:0x4006641eec00 size:28672 thread:1
allocated block device:0x4006641f5c00 size:40448 thread:1
allocated block device:0x4006641ffa00 size:512 thread:1
allocated block device:0x400664200000 size:1821184 thread:1
allocated block device:0x4006643bca00 size:180224 thread:1
allocated block device:0x4006643e8a00 size:8192 thread:1
allocated block device:0x4006643eaa00 size:8192 thread:1
allocated block device:0x4006643eca00 size:40448 thread:1
allocated block device:0x4006643f6800 size:8192 thread:1
allocated block device:0x4006643fb400 size:2560 thread:1
allocated block device:0x4006643fbe00 size:3072 thread:1
allocated block device:0x4006643fca00 size:3072 thread:1
allocated block device:0x400664400000 size:7284736 thread:1
allocated block device:0x400664c00000 size:7284736 thread:1
allocated block device:0x400665400000 size:45593600 thread:1
allocated block device:0x400668000000 size:230400000 thread:1
allocated block device:0x40067cc00000 size:7284736 thread:1
allocated block device:0x400680000000 size:807412224 thread:1
allocated block device:0x4006b0400000 size:230400000 thread:1
allocated block device:0x4006e0000000 size:230400000 thread:1
allocated block device:0x4006edc00000 size:230400000 thread:1
allocated block device:0x4006fb85fa00 size:921600 thread:1
allocated block device:0x4006fb940a00 size:463360 thread:1
allocated block device:0x4006fb9cba00 size:98304 thread:1
allocated block device:0x4006fb9e3a00 size:98304 thread:1
allocated block device:0x4006fba00000 size:2799616 thread:1
allocated block device:0x4006fbe00000 size:7962624 thread:1
allocated block device:0x400e6ce00000 size:14400000 thread:1
allocated block device:0x400e72200000 size:230400000 thread:1
allocated block device:0x400f23400000 size:3612160 thread:1
allocated block device:0x400f23800000 size:3614720 thread:1
allocated block device:0x400f23c00000 size:3614720 thread:1
allocated block device:0x400f24000000 size:3614720 thread:1
allocated block device:0x400f24400000 size:453632 thread:1
allocated block device:0x400f2446ec00 size:453632 thread:1
allocated block device:0x400f2459d800 size:393216 thread:1
allocated block device:0x400f245fd800 size:2048 thread:1
allocated block device:0x400f24600000 size:2799616 thread:1
allocated block device:0x400f24a00000 size:14400000 thread:1
allocated block device:0x400f25800000 size:28915200 thread:1
allocated block device:0x401063400000 size:230400000 thread:1
allocated block device:0x401071000000 size:230400000 thread:1
allocated block device:0x4010a3400000 size:230400000 thread:1
allocated block device:0x4010b1000000 size:230400000 thread:1
allocated block device:0x4010e3400000 size:29138944 thread:1
allocated block device:0x4010e5000000 size:29138944 thread:1
allocated block device:0x4010e6c00000 size:393216 thread:1
allocated block device:0x4010e6e00000 size:233111552 thread:1
allocated block device:0x4010f4e00000 size:3145728 thread:1
allocated block device:0x4010f5200000 size:7284736 thread:1
allocated block device:0x4010f5a00000 size:14569472 thread:1
Accelerator Fatal Error: call to cuMemAlloc returned error 2 (CUDA_ERROR_OUT_OF_MEMORY): Out of memory
 File: /lus/lfs1aip2/projects/u6cb/software/VASP/vasp.6.5.1/build/gam/hamil.f90
 Function: hamiltmu:978
 Line: 1005

Out of memory allocating 921600000 bytes of device memory
Failing in Thread:1
Out of memory allocating 921600000 bytes of device memory
Failing in Thread:1
total/free CUDA memory: 102005473280/562233344
Present table dump for device[1]: NVIDIA Tesla GPU 0, compute capability 9.0, threadid=1
Hint: specify 0x800 bit in NV_ACC_DEBUG for verbose info.
host:0x2557280 device:0x400803df6c00 size:32 presentcount:0+3 line:643 name:var%comm
host:0x25572a0 device:0x400803dbca00 size:32 presentcount:0+4 line:652 name:var%comm_kinter
host:0x25572c0 device:0x400803dbcc00 size:32 presentcount:0+6 line:655 name:var%comm_kin
host:0x25572e0 device:0x40057e3ffa00 size:32 presentcount:0+3 line:646 name:var%comm_inter
host:0x2557300 device:0x40057e3ffc00 size:32 presentcount:0+7 line:649 name:var%comm_inb
host:0x256be80 device:0x40057a0ecd00 size:8 presentcount:0+1 line:-1 name:_setexm_struct_def_21
host:0x2576f40 device:0x40057a0ece00 size:28 presentcount:0+1 line:-1 name:_ml_ff_constant_21
host:0x2577c80 device:0x40057a0ecf00 size:30437 presentcount:0+1 line:-1 name:_ml_ff_taglist_21
host:0x25afc80 device:0x40057a0f4600 size:8 presentcount:0+1 line:-1 name:_mopenacc_tutor_21
host:0x25c2740 device:0x40057a0f4a00 size:32 presentcount:0+1 line:-1 name:_mbj_21
host:0x25cd640 device:0x40057a0f4d00 size:8 presentcount:0+1 line:-1 name:_sym_prec_21
host:0x26030c0 device:0x40057a0f4e00 size:344 presentcount:0+1 line:-1 name:_tet_21
host:0x261c840 device:0x40057a0f5000 size:392 presentcount:0+1 line:-1 name:_mymath_21
host:0x2817368 device:0x400803dbd800 size:4800 presentcount:0+2 line:614 name:var
host:0x2818628 device:0x400803df5000 size:1984 presentcount:0+2 line:403 name:var
host:0x281a910 device:0x4007471ff600 size:864 presentcount:0+4 line:2639 name:hamiltonian
host:0x286ac80 device:0x400803dfe600 size:2712 presentcount:0+2 line:428 name:var
host:0x286b718 device:0x4007871fea00 size:2248 presentcount:0+1 line:742 name:var
host:0x286eb50 device:0x4008041ffa00 size:288 presentcount:0+1 line:195 name:latt_cur
host:0x2871658 device:0x40057e3fc000 size:5088 presentcount:0+28 line:517 name:var
host:0x2872a38 device:0x4006b43fa600 size:5088 presentcount:0+6 line:517 name:var
host:0x2873e18 device:0x400803ff9c00 size:5088 presentcount:0+7 line:517 name:var
host:0x287a2a8 device:0x4008041eba00 size:304 presentcount:0+1 line:567 name:var
host:0x287a3d8 device:0x4008041ec800 size:304 presentcount:0+1 line:567 name:var
host:0x2e48ec0 device:0x40057a002600 size:960024 presentcount:0+1 line:-1 name:_setexm_struct_def_16
host:0x2f8f080 device:0x40057a0f4700 size:580 presentcount:0+1 line:-1 name:_wpbe_16
host:0x2f8f900 device:0x40057a0f4b00 size:288 presentcount:0+1 line:-1 name:_mbj_16
host:0x9f446c0 device:0x40057a0f5200 size:624 presentcount:0+1 line:-1 name:_mlr_optic_16
host:0x217a4e60 device:0x400803dbf600 size:1000 presentcount:0+4 line:519 name:var%lpctz(:)
host:0x217a7e30 device:0x4008041eac00 size:260 presentcount:0+1 line:499 name:var%ni(:)
host:0x217a8120 device:0x4008041eae00 size:260 presentcount:0+1 line:499 name:var%ptri(:)
host:0x2188c8f0 device:0x400803dff800 size:24 presentcount:0+3 line:616 name:var%vkpt(:,:)
host:0x2188cba0 device:0x400803dbd600 size:16 presentcount:0+2 line:430 name:var%psrmax(:)
host:0x2188cbe0 device:0x400803dffe00 size:4 presentcount:0+2 line:616 name:var%nplwkp(:)
host:0x2188cc10 device:0x400803ff1e00 size:4 presentcount:0+2 line:616 name:var%nplwkp_tot(:)
host:0x2188cc40 device:0x400803ff7e00 size:4 presentcount:0+2 line:616 name:var%ngvector_pos(:)
host:0x2188cc70 device:0x400803dffc00 size:4 presentcount:0+2 line:616 name:var%ngvector(:)
host:0x2188cca0 device:0x400803df5800 size:8 presentcount:0+2 line:616 name:var%nb_totk(:,:)
host:0x2188ccd0 device:0x400803ff8000 size:4 presentcount:0+2 line:616 name:var%luseinv(:)
host:0x2188cd00 device:0x400803dbd200 size:4 presentcount:0+2 line:616 name:var%at_gamma(:)
host:0x2188cd30 device:0x400803ff9a00 size:8 presentcount:0+2 line:405 name:var%lmmax(:)
host:0x2188cd60 device:0x400803dbce00 size:8 presentcount:0+2 line:430 name:var%lmax(:)
host:0x2188cd90 device:0x400803dbd000 size:8 presentcount:0+2 line:430 name:var%lmmax(:)
host:0x2188cdc0 device:0x400803dbd400 size:8 presentcount:0+2 line:430 name:var%channels(:)
host:0x21ee94b0 device:0x4006b43fd600 size:528 presentcount:0+1 line:480 name:var
host:0x21ee9b70 device:0x4006b43ffc00 size:260 presentcount:0+1 line:499 name:var%n(:)
host:0x25fa6730 device:0x4007871ff600 size:400 presentcount:0+2 line:464 name:var
host:0x25fa68c0 device:0x4007871ffa00 size:400 presentcount:0+2 line:464 name:var
host:0x2a63e610 device:0x40057e3ffe00 size:8 presentcount:0+4 line:405 name:var%nityp(:)
host:0x2ab00620 device:0x4006b43ffe00 size:260 presentcount:0+1 line:499 name:var%ptr(:)
host:0x2afbb440 device:0x4008041eec00 size:28464 presentcount:0+1 line:853 name:var(:)
host:0x2afc5980 device:0x400803dff600 size:8 presentcount:0+3 line:616 name:var%nt_global(:)
host:0x2afc5a20 device:0x400803dff200 size:8 presentcount:0+3 line:616 name:var%lmmax(:)
host:0x2afc5a50 device:0x400803dffa00 size:8 presentcount:0+2 line:616 name:var%wtkpt(:)
host:0x2afc5a80 device:0x400803dff400 size:8 presentcount:0+3 line:616 name:var%nityp(:)
host:0x2afc63c0 device:0x4008041f5c00 size:40000 presentcount:0+1 line:857 name:var%psp(:,:)
host:0x2afd0030 device:0x4008043e8a00 size:8000 presentcount:0+1 line:857 name:var%pspcor(:)
host:0x2afd1fa0 device:0x4008043eaa00 size:8000 presentcount:0+1 line:857 name:var%psprho(:)
host:0x2afd5230 device:0x400803fec000 size:24000 presentcount:0+2 line:466 name:var%psprnl(:,:,:)
host:0x2aff2120 device:0x4008043eca00 size:40000 presentcount:0+1 line:857 name:var%psp(:,:)
host:0x2affbd90 device:0x4008043f6800 size:8000 presentcount:0+1 line:857 name:var%psprho(:)
host:0x2afff020 device:0x400803ff2000 size:24000 presentcount:0+2 line:466 name:var%psprnl(:,:,:)
host:0x2b02ea00 device:0x400803fe9c00 size:4320 presentcount:0+4 line:405 name:var%ityp(:)
host:0x2b02fb10 device:0x400803df8000 size:25920 presentcount:0+4 line:405 name:var%posion(:,:)
host:0x2b09dd20 device:0x4007871ff800 size:24 presentcount:0+3 line:466 name:var%lps(:)
host:0x2b09ddd0 device:0x4007871ffc00 size:24 presentcount:0+3 line:466 name:var%lps(:)
host:0x2b1343d0 device:0x400803fe8a00 size:4320 presentcount:0+3 line:616 name:var%ityp(:)
host:0x2b1354e0 device:0x400803df6e00 size:4320 presentcount:0+3 line:616 name:var%npro_pos(:)
host:0x2b1365f0 device:0x400803df5a00 size:4324 presentcount:0+3 line:616 name:var%lmbase(:)
host:0x2b137700 device:0x400803dbec00 size:1280 presentcount:0+4 line:519 name:var%lpctx(:)
host:0x2b137c30 device:0x400803dbf200 size:720 presentcount:0+4 line:519 name:var%lpcty(:)
host:0x2b137f30 device:0x400803dbfa00 size:1280 presentcount:0+4 line:519 name:var%lpctx_(:)
host:0x2b138460 device:0x400803dc0000 size:720 presentcount:0+4 line:519 name:var%lpcty_(:)
host:0x2b138760 device:0x400803dc0400 size:1000 presentcount:0+4 line:519 name:var%lpctz_(:)
host:0x2b138b70 device:0x4006b43fba00 size:1280 presentcount:0+1 line:519 name:var%lpctx(:)
host:0x2b1390a0 device:0x4006b43fc000 size:720 presentcount:0+1 line:519 name:var%lpcty(:)
host:0x2b1393a0 device:0x4006b43fc400 size:1000 presentcount:0+1 line:519 name:var%lpctz(:)
host:0x2b1397b0 device:0x4006b43fc800 size:1280 presentcount:0+1 line:519 name:var%lpctx_(:)
host:0x2b139ce0 device:0x4006b43fce00 size:720 presentcount:0+1 line:519 name:var%lpcty_(:)
host:0x2b139fe0 device:0x4006b43fd200 size:1000 presentcount:0+1 line:519 name:var%lpctz_(:)
host:0x2b13a3f0 device:0x400803ff8200 size:2560 presentcount:0+1 line:519 name:var%lpctx(:)
host:0x2b13ae20 device:0x400803ffb000 size:1440 presentcount:0+1 line:519 name:var%lpcty(:)
host:0x2b13b3f0 device:0x400803ff8e00 size:2000 presentcount:0+1 line:519 name:var%lpctz(:)
host:0x2b13bbf0 device:0x400803ffb600 size:2560 presentcount:0+1 line:519 name:var%lpctx_(:)
host:0x2b13c620 device:0x400803ffc000 size:1440 presentcount:0+1 line:519 name:var%lpcty_(:)
host:0x2b13cbf0 device:0x400803ffc600 size:2000 presentcount:0+1 line:519 name:var%lpctz_(:)
host:0x2b230250 device:0x400803ffce00 size:5644 presentcount:0+1 line:482 name:var%i2(:)
host:0x2b231890 device:0x400803ffe600 size:5644 presentcount:0+1 line:482 name:var%i3(:)
host:0x2b232ed0 device:0x4006b43f4c00 size:10040 presentcount:0+1 line:482 name:var%i2(:)
host:0x2b235630 device:0x4006b43f7400 size:10040 presentcount:0+1 line:482 name:var%i3(:)
host:0x2b237d90 device:0x4006b43ed800 size:14400 presentcount:0+2 line:482 name:var%i2(:)
host:0x2b23b600 device:0x4006b43f1200 size:14400 presentcount:0+2 line:482 name:var%i3(:)
host:0x2b23f290 device:0x40089b85fa00 size:921600 presentcount:0+2 line:482 name:var%index(:,:)
host:0x2b3202c0 device:0x4008041eca00 size:2560 presentcount:0+1 line:569 name:var%ind1(:)
host:0x2b320cf0 device:0x4008041ed400 size:5644 presentcount:0+1 line:569 name:var%indcol(:)
host:0x2b322330 device:0x4006b43fda00 size:5644 presentcount:0+1 line:482 name:var%i2(:)
host:0x2b323970 device:0x4008041e8a00 size:5644 presentcount:0+1 line:482 name:var%i3(:)
host:0x2b324fb0 device:0x4006b43ff200 size:2520 presentcount:0+1 line:482 name:var%i2(:)
host:0x2b3259b0 device:0x4008041ea200 size:2520 presentcount:0+1 line:482 name:var%i3(:)
host:0x2b3263b0 device:0x40057e3fd400 size:4320 presentcount:0+2 line:430 name:var%nlimax(:)
host:0x2b3274c0 device:0x40057e3fe600 size:4324 presentcount:0+2 line:430 name:var%lmbase(:)
host:0x2b3285d0 device:0x4006b4390600 size:4324 presentcount:0+2 line:430 name:var%nlibase(:)
host:0x2b3296e0 device:0x400803dc0800 size:17132 presentcount:0+4 line:519 name:var%nindpwconjg(:)
host:0x2b32da00 device:0x400803dc4c00 size:17132 presentcount:0+4 line:519 name:var%ind_in_sphere(:)
host:0x2b360460 device:0x4008041ebc00 size:1280 presentcount:0+1 line:569 name:var%ind1(:)
host:0x2b360990 device:0x4008041ec200 size:1448 presentcount:0+1 line:569 name:var%indcol(:)
host:0x2b360f60 device:0x4006b4338600 size:180000 presentcount:0+4 line:482 name:var%i2(:)
host:0x2b38ceb0 device:0x4006b4364600 size:180000 presentcount:0+4 line:482 name:var%i3(:)
host:0x2b3b8e00 device:0x400803dc9000 size:180000 presentcount:0+8 line:482 name:var%index(:,:)
host:0x2b3e4d50 device:0x4008043bca00 size:180000 presentcount:0+8 line:482 name:var%i2(:)
host:0x2b410ca0 device:0x4006b4391800 size:180000 presentcount:0+8 line:482 name:var%i3(:)
host:0x2b43d220 device:0x400803e00000 size:1821184 presentcount:0+3 line:616 name:var%nindpw(:,:)
host:0x2b5f9c50 device:0x400803fbca00 size:180000 presentcount:0+3 line:616 name:var%pl_index(:,:)
host:0x2b625ba0 device:0x4008041bca00 size:180000 presentcount:0+3 line:616 name:var%pl_col(:,:)
host:0x2b651af0 device:0x400803feae00 size:4324 presentcount:0+2 line:405 name:var%lmbase(:)
host:0x2b652c00 device:0x4007871ff400 size:16 presentcount:0+2 line:430 name:var%rsmooth(:)
host:0x2b6c34a0 device:0x40089b940a00 size:463360 presentcount:0+1 line:499 name:var%tbl(:)
host:0x2b7346d0 device:0x4008041eb200 size:260 presentcount:0+1 line:499 name:var%ptr(:)
host:0x2b734800 device:0x4008041eb000 size:260 presentcount:0+1 line:499 name:var%n(:)
host:0x2b734930 device:0x4008041eb800 size:4 presentcount:0+1 line:499 name:var%tbli(:)
host:0x2b734960 device:0x4008041eb600 size:260 presentcount:0+1 line:499 name:var%ptri(:)
host:0x2b734a90 device:0x4008041eb400 size:260 presentcount:0+1 line:499 name:var%ni(:)
host:0x2b745710 device:0x40057e3ff800 size:260 presentcount:0+1 line:499 name:var%ptr(:)
host:0x2b758690 device:0x4007871ffe00 size:260 presentcount:0+1 line:499 name:var%n(:)
host:0x2b7587c0 device:0x4006b43f9c00 size:260 presentcount:0+1 line:499 name:var%ptri(:)
host:0x2b7588f0 device:0x400803fffe00 size:260 presentcount:0+1 line:499 name:var%ni(:)
host:0x2b758a20 device:0x4006b43fa000 size:260 presentcount:0+1 line:499 name:var%ptr(:)
host:0x2b758b50 device:0x4006b43f9e00 size:260 presentcount:0+1 line:499 name:var%n(:)
host:0x2b758c80 device:0x4006b43fa400 size:260 presentcount:0+1 line:499 name:var%ptri(:)
host:0x2b758db0 device:0x4006b43fa200 size:260 presentcount:0+1 line:499 name:var%ni(:)
host:0x2b8a5de0 device:0x400804c00000 size:7284736 presentcount:0+3 line:616 name:var%datake(:,:,:)
host:0x2bf99060 device:0x400804000000 size:1821184 presentcount:0+3 line:616 name:var%igx(:,:)
host:0x2c1566f0 device:0x400803c00000 size:1821184 presentcount:0+3 line:616 name:var%igy(:,:)
host:0x2c313f90 device:0x400804200000 size:1821184 presentcount:0+3 line:616 name:var%igz(:,:)
host:0x2c4d1e60 device:0x40081cc00000 size:7284272 presentcount:0+4 line:519 name:var%fftsca(:,:)
host:0x2cc356f0 device:0x4010c4400000 size:453600 presentcount:0+1 line:499 name:var%tbli(:)
host:0x2cca4300 device:0x4010c446ec00 size:453600 presentcount:0+1 line:499 name:var%tbl(:)
host:0x2ce151e0 device:0x4010c3400000 size:3612160 presentcount:0+1 line:499 name:var%tbl(:)
host:0x2d4fc1d0 device:0x4010c3800000 size:3614400 presentcount:0+1 line:499 name:var%tbli(:)
host:0x2d8705a0 device:0x4010c3c00000 size:3614400 presentcount:0+1 line:499 name:var%tbl(:)
host:0x2df59370 device:0x4010c4000000 size:3614400 presentcount:0+1 line:499 name:var%tbli(:)
host:0x2e3a2420 device:0x4006b431a000 size:41472 presentcount:0+2 line:746 name:var%fertot(:,:,:)
host:0x2e3b0170 device:0x40057e3f1e00 size:41472 presentcount:0+1 line:746 name:var%auxtot(:,:,:)
host:0x2e5c0030 device:0x4006b4324200 size:82944 presentcount:0+2 line:746 name:var%celtot(:,:,:)
host:0x2f418070 device:0x40089ba00000 size:2799360 presentcount:0+2 line:194 name:cdij(:,:,:,:)
host:0x2f6c7790 device:0x4010c4600000 size:2799360 presentcount:0+2 line:194 name:cqij(:,:,:,:)
host:0x2fc27440 device:0x40089be00000 size:7962624 presentcount:0+5 line:746 name:var%gproj(:,:,:,:)
host:0x305e2900 device:0x4006b43bd800 size:98304 presentcount:0+1 line:1101 name:w1%gproj(:)
host:0x30661070 device:0x4008043f8800 size:2048 presentcount:0+1 line:179 name:w1(:)
host:0x30661890 device:0x4007671ff600 size:2048 presentcount:0+1 line:179 name:wtmp(:)
host:0x307e8ef0 device:0x4010c459d800 size:393216 presentcount:0+2 line:1226 name:wa%gproj(:,:)
host:0x30848f20 device:0x401286c00000 size:393216 presentcount:0+2 line:1226 name:wa%gproj(:,:)
host:0x308a8f50 device:0x4006b43d5800 size:98304 presentcount:0+1 line:1101 name:w1%gproj(:)
host:0x308c0f80 device:0x40089b9c1800 size:98304 presentcount:0+1 line:1101 name:w1%gproj(:)
host:0x308d8fb0 device:0x40089b9d9800 size:98304 presentcount:0+1 line:1101 name:w1%gproj(:)
host:0x39253a80 device:0x401294e00000 size:3145728 presentcount:0+2 line:1226 name:wa%gproj(:,:)
host:0x3e37edd0 device:0x401297200000 size:14569472 presentcount:0+1 line:202 name:precon(:,:)
host:0x3f16b390 device:0x401295200000 size:7284736 presentcount:0+1 line:1101 name:w1%cptwfp(:)
host:0x3f865780 device:0x401295a00000 size:7284736 presentcount:0+1 line:1101 name:w1%cptwfp(:)
host:0x3ff601a0 device:0x401296200000 size:7284736 presentcount:0+1 line:1101 name:w1%cptwfp(:)
host:0x40652be0 device:0x401296a00000 size:7284736 presentcount:0+1 line:1101 name:w1%cptwfp(:)
host:0x4005bc0010a0 device:0x400805400000 size:45593280 presentcount:0+2 line:430 name:var%nli(:,:)
host:0x40061b0e35c0 device:0x4010c4a00000 size:14400000 presentcount:0+1 line:195 name:dencor(:)
host:0x40061cc739e0 device:0x4010c5800000 size:28915200 presentcount:0+1 line:195 name:cstrf(:,:)
host:0x4006c00012b0 device:0x400820000000 size:807411968 presentcount:0+2 line:430 name:var%rproj(:)
host:0x4006f02131a0 device:0x400880000000 size:230400000 presentcount:0+2 line:194 name:sv(:,:)
host:0x4007a0004a60 device:0x4007e0000000 size:590063616 presentcount:0+5 line:746 name:var%cptwfp(:,:,:,:)
host:0x4007c4e66d70 device:0x401283400000 size:29138944 presentcount:0+2 line:1226 name:wa%cptwfp(:,:)
host:0x4007c6a46f80 device:0x401285000000 size:29138944 presentcount:0+2 line:1226 name:wa%cptwfp(:,:)
host:0x4008600077c0 device:0x401243400000 size:230400000 presentcount:0+1 line:1101 name:w1%cr(:)
host:0x40086f757190 device:0x401286e00000 size:233111552 presentcount:0+2 line:1226 name:wa%cptwfp(:,:)
host:0x4008c32c79d0 device:0x401251000000 size:230400000 presentcount:0+1 line:1236 name:w1%cr(:)
host:0x4008d0e97df0 device:0x401203400000 size:230400000 presentcount:0+1 line:1101 name:w1%cr(:)
host:0x400920008000 device:0x401211000000 size:230400000 presentcount:0+1 line:1236 name:w1%cr(:)
host:0x40092dbd8420 device:0x4011c3400000 size:230400000 presentcount:0+1 line:1101 name:w1%cr(:)
host:0x40093b7a0020 device:0x4011d1000000 size:230400000 presentcount:0+1 line:1236 name:w1%cr(:)
host:0x400949360440 device:0x401183400000 size:230400000 presentcount:0+1 line:1101 name:w1%cr(:)
host:0x400e20000650 device:0x401191000000 size:230400000 presentcount:0+1 line:1236 name:w1%cr(:)
host:0xffffd9db38b0 device:0x4008043fca00 size:3024 presentcount:0+12 line:682 name:var
host:0xffffd9db4480 device:0x4007471ffa00 size:1480 presentcount:0+1 line:174 name:w_ini
host:0xffffd9db4a50 device:0x4008043fb400 size:1480 presentcount:0+1 line:174 name:wopt
host:0xffffd9db5020 device:0x4007271ff600 size:1480 presentcount:0+1 line:174 name:wtmpa
allocated block device:0x40057e3f1e00 size:41472 thread:1
allocated block device:0x40057e3fc000 size:5120 thread:1
allocated block device:0x40057e3fd400 size:4608 thread:1
allocated block device:0x40057e3fe600 size:4608 thread:1
allocated block device:0x40057e3ff800 size:512 thread:1
allocated block device:0x40057e3ffa00 size:512 thread:1
allocated block device:0x40057e3ffc00 size:512 thread:1
allocated block device:0x40057e3ffe00 size:512 thread:1
allocated block device:0x4006b431a000 size:41472 thread:1
allocated block device:0x4006b4324200 size:82944 thread:1
allocated block device:0x4006b4338600 size:180224 thread:1
allocated block device:0x4006b4364600 size:180224 thread:1
allocated block device:0x4006b4390600 size:4608 thread:1
allocated block device:0x4006b4391800 size:180224 thread:1
allocated block device:0x4006b43bd800 size:98304 thread:1
allocated block device:0x4006b43d5800 size:98304 thread:1
allocated block device:0x4006b43ed800 size:14848 thread:1
allocated block device:0x4006b43f1200 size:14848 thread:1
allocated block device:0x4006b43f4c00 size:10240 thread:1
allocated block device:0x4006b43f7400 size:10240 thread:1
allocated block device:0x4006b43f9c00 size:512 thread:1
allocated block device:0x4006b43f9e00 size:512 thread:1
allocated block device:0x4006b43fa000 size:512 thread:1
allocated block device:0x4006b43fa200 size:512 thread:1
allocated block device:0x4006b43fa400 size:512 thread:1
allocated block device:0x4006b43fa600 size:5120 thread:1
allocated block device:0x4006b43fba00 size:1536 thread:1
allocated block device:0x4006b43fc000 size:1024 thread:1
allocated block device:0x4006b43fc400 size:1024 thread:1
allocated block device:0x4006b43fc800 size:1536 thread:1
allocated block device:0x4006b43fce00 size:1024 thread:1
allocated block device:0x4006b43fd200 size:1024 thread:1
allocated block device:0x4006b43fd600 size:1024 thread:1
allocated block device:0x4006b43fda00 size:6144 thread:1
allocated block device:0x4006b43ff200 size:2560 thread:1
allocated block device:0x4006b43ffc00 size:512 thread:1
allocated block device:0x4006b43ffe00 size:512 thread:1
allocated block device:0x4007271ff600 size:2048 thread:1
allocated block device:0x4007471ff600 size:1024 thread:1
allocated block device:0x4007471ffa00 size:1536 thread:1
allocated block device:0x4007671ff600 size:2048 thread:1
allocated block device:0x4007871fea00 size:2560 thread:1
allocated block device:0x4007871ff400 size:512 thread:1
allocated block device:0x4007871ff600 size:512 thread:1
allocated block device:0x4007871ff800 size:512 thread:1
allocated block device:0x4007871ffa00 size:512 thread:1
allocated block device:0x4007871ffc00 size:512 thread:1
allocated block device:0x4007871ffe00 size:512 thread:1
allocated block device:0x4007e0000000 size:590063616 thread:1
allocated block device:0x400803c00000 size:1821184 thread:1
allocated block device:0x400803dbca00 size:512 thread:1
allocated block device:0x400803dbcc00 size:512 thread:1
allocated block device:0x400803dbce00 size:512 thread:1
allocated block device:0x400803dbd000 size:512 thread:1
allocated block device:0x400803dbd200 size:512 thread:1
allocated block device:0x400803dbd400 size:512 thread:1
allocated block device:0x400803dbd600 size:512 thread:1
allocated block device:0x400803dbd800 size:5120 thread:1
allocated block device:0x400803dbec00 size:1536 thread:1
allocated block device:0x400803dbf200 size:1024 thread:1
allocated block device:0x400803dbf600 size:1024 thread:1
allocated block device:0x400803dbfa00 size:1536 thread:1
allocated block device:0x400803dc0000 size:1024 thread:1
allocated block device:0x400803dc0400 size:1024 thread:1
allocated block device:0x400803dc0800 size:17408 thread:1
allocated block device:0x400803dc4c00 size:17408 thread:1
allocated block device:0x400803dc9000 size:180224 thread:1
allocated block device:0x400803df5000 size:2048 thread:1
allocated block device:0x400803df5800 size:512 thread:1
allocated block device:0x400803df5a00 size:4608 thread:1
allocated block device:0x400803df6c00 size:512 thread:1
allocated block device:0x400803df6e00 size:4608 thread:1
allocated block device:0x400803df8000 size:26112 thread:1
allocated block device:0x400803dfe600 size:3072 thread:1
allocated block device:0x400803dff200 size:512 thread:1
allocated block device:0x400803dff400 size:512 thread:1
allocated block device:0x400803dff600 size:512 thread:1
allocated block device:0x400803dff800 size:512 thread:1
allocated block device:0x400803dffa00 size:512 thread:1
allocated block device:0x400803dffc00 size:512 thread:1
allocated block device:0x400803dffe00 size:512 thread:1
allocated block device:0x400803e00000 size:1821184 thread:1
allocated block device:0x400803fbca00 size:180224 thread:1
allocated block device:0x400803fe8a00 size:4608 thread:1
allocated block device:0x400803fe9c00 size:4608 thread:1
allocated block device:0x400803feae00 size:4608 thread:1
allocated block device:0x400803fec000 size:24064 thread:1
allocated block device:0x400803ff1e00 size:512 thread:1
allocated block device:0x400803ff2000 size:24064 thread:1
allocated block device:0x400803ff7e00 size:512 thread:1
allocated block device:0x400803ff8000 size:512 thread:1
allocated block device:0x400803ff8200 size:3072 thread:1
allocated block device:0x400803ff8e00 size:3072 thread:1
allocated block device:0x400803ff9a00 size:512 thread:1
allocated block device:0x400803ff9c00 size:5120 thread:1
allocated block device:0x400803ffb000 size:1536 thread:1
allocated block device:0x400803ffb600 size:2560 thread:1
allocated block device:0x400803ffc000 size:1536 thread:1
allocated block device:0x400803ffc600 size:2048 thread:1
allocated block device:0x400803ffce00 size:6144 thread:1
allocated block device:0x400803ffe600 size:6144 thread:1
allocated block device:0x400803fffe00 size:512 thread:1
allocated block device:0x400804000000 size:1821184 thread:1
allocated block device:0x4008041bca00 size:180224 thread:1
allocated block device:0x4008041e8a00 size:6144 thread:1
allocated block device:0x4008041ea200 size:2560 thread:1
allocated block device:0x4008041eac00 size:512 thread:1
allocated block device:0x4008041eae00 size:512 thread:1
allocated block device:0x4008041eb000 size:512 thread:1
allocated block device:0x4008041eb200 size:512 thread:1
allocated block device:0x4008041eb400 size:512 thread:1
allocated block device:0x4008041eb600 size:512 thread:1
allocated block device:0x4008041eb800 size:512 thread:1
allocated block device:0x4008041eba00 size:512 thread:1
allocated block device:0x4008041ebc00 size:1536 thread:1
allocated block device:0x4008041ec200 size:1536 thread:1
allocated block device:0x4008041ec800 size:512 thread:1
allocated block device:0x4008041eca00 size:2560 thread:1
allocated block device:0x4008041ed400 size:6144 thread:1
allocated block device:0x4008041eec00 size:28672 thread:1
allocated block device:0x4008041f5c00 size:40448 thread:1
allocated block device:0x4008041ffa00 size:512 thread:1
allocated block device:0x400804200000 size:1821184 thread:1
allocated block device:0x4008043bca00 size:180224 thread:1
allocated block device:0x4008043e8a00 size:8192 thread:1
allocated block device:0x4008043eaa00 size:8192 thread:1
allocated block device:0x4008043eca00 size:40448 thread:1
allocated block device:0x4008043f6800 size:8192 thread:1
allocated block device:0x4008043f8800 size:2048 thread:1
allocated block device:0x4008043fb400 size:2560 thread:1
allocated block device:0x4008043fca00 size:3072 thread:1
allocated block device:0x400804c00000 size:7284736 thread:1
allocated block device:0x400805400000 size:45593600 thread:1
allocated block device:0x40081cc00000 size:7284736 thread:1
allocated block device:0x400820000000 size:807412224 thread:1
allocated block device:0x400880000000 size:230400000 thread:1
allocated block device:0x40089b85fa00 size:921600 thread:1
allocated block device:0x40089b940a00 size:463360 thread:1
allocated block device:0x40089b9c1800 size:98304 thread:1
allocated block device:0x40089b9d9800 size:98304 thread:1
allocated block device:0x40089ba00000 size:2799616 thread:1
allocated block device:0x40089be00000 size:7962624 thread:1
allocated block device:0x4010c3400000 size:3612160 thread:1
allocated block device:0x4010c3800000 size:3614720 thread:1
allocated block device:0x4010c3c00000 size:3614720 thread:1
allocated block device:0x4010c4000000 size:3614720 thread:1
allocated block device:0x4010c4400000 size:453632 thread:1
allocated block device:0x4010c446ec00 size:453632 thread:1
allocated block device:0x4010c459d800 size:393216 thread:1
allocated block device:0x4010c4600000 size:2799616 thread:1
allocated block device:0x4010c4a00000 size:14400000 thread:1
allocated block device:0x4010c5800000 size:28915200 thread:1
allocated block device:0x401183400000 size:230400000 thread:1
allocated block device:0x401191000000 size:230400000 thread:1
allocated block device:0x4011c3400000 size:230400000 thread:1
allocated block device:0x4011d1000000 size:230400000 thread:1
allocated block device:0x401203400000 size:230400000 thread:1
allocated block device:0x401211000000 size:230400000 thread:1
allocated block device:0x401243400000 size:230400000 thread:1
allocated block device:0x401251000000 size:230400000 thread:1
allocated block device:0x401283400000 size:29138944 thread:1
allocated block device:0x401285000000 size:29138944 thread:1
allocated block device:0x401286c00000 size:393216 thread:1
allocated block device:0x401286e00000 size:233111552 thread:1
allocated block device:0x401294e00000 size:3145728 thread:1
allocated block device:0x401295200000 size:7284736 thread:1
allocated block device:0x401295a00000 size:7284736 thread:1
allocated block device:0x401296200000 size:7284736 thread:1
allocated block device:0x401296a00000 size:7284736 thread:1
allocated block device:0x401297200000 size:14569472 thread:1
Accelerator Fatal Error: call to cuMemAlloc returned error 2 (CUDA_ERROR_OUT_OF_MEMORY): Out of memory
 File: /lus/lfs1aip2/projects/u6cb/software/VASP/vasp.6.5.1/build/gam/hamil.f90
 Function: hamiltmu:978
 Line: 1005

total/free CUDA memory: 102005473280/204210176
Present table dump for device[1]: NVIDIA Tesla GPU 0, compute capability 9.0, threadid=1
Hint: specify 0x800 bit in NV_ACC_DEBUG for verbose info.
host:0x2557280 device:0x4005e3df6600 size:32 presentcount:0+3 line:643 name:var%comm
host:0x25572a0 device:0x40035e5ffa00 size:32 presentcount:0+4 line:652 name:var%comm_kinter
host:0x25572c0 device:0x40035e5ffc00 size:32 presentcount:0+6 line:655 name:var%comm_kin
host:0x25572e0 device:0x40035e5ff400 size:32 presentcount:0+3 line:646 name:var%comm_inter
host:0x2557300 device:0x40035e5ff600 size:32 presentcount:0+7 line:649 name:var%comm_inb
host:0x256be80 device:0x40035a0ecd00 size:8 presentcount:0+1 line:-1 name:_setexm_struct_def_21
host:0x2576f40 device:0x40035a0ece00 size:28 presentcount:0+1 line:-1 name:_ml_ff_constant_21
host:0x2577c80 device:0x40035a0ecf00 size:30437 presentcount:0+1 line:-1 name:_ml_ff_taglist_21
host:0x25afc80 device:0x40035a0f4600 size:8 presentcount:0+1 line:-1 name:_mopenacc_tutor_21
host:0x25c2740 device:0x40035a0f4a00 size:32 presentcount:0+1 line:-1 name:_mbj_21
host:0x25cd640 device:0x40035a0f4d00 size:8 presentcount:0+1 line:-1 name:_sym_prec_21
host:0x26030c0 device:0x40035a0f4e00 size:344 presentcount:0+1 line:-1 name:_tet_21
host:0x261c840 device:0x40035a0f5000 size:392 presentcount:0+1 line:-1 name:_mymath_21
host:0x2817368 device:0x4005e3dbd200 size:4800 presentcount:0+2 line:614 name:var
host:0x2818628 device:0x4005e3df4a00 size:1984 presentcount:0+2 line:403 name:var
host:0x281a910 device:0x4004fc3ff400 size:864 presentcount:0+4 line:2639 name:hamiltonian
host:0x286ac80 device:0x4005e3dfe000 size:2712 presentcount:0+2 line:428 name:var
host:0x286b718 device:0x40035e5f0600 size:2248 presentcount:0+1 line:742 name:var
host:0x286eb50 device:0x4005e41ff400 size:288 presentcount:0+1 line:195 name:latt_cur
host:0x2871658 device:0x40035e5fb200 size:5088 presentcount:0+28 line:517 name:var
host:0x2872a38 device:0x40048e1fa000 size:5088 presentcount:0+6 line:517 name:var
host:0x2873e18 device:0x4005e3ff9600 size:5088 presentcount:0+7 line:517 name:var
host:0x287a2a8 device:0x4005e41eb400 size:304 presentcount:0+1 line:567 name:var
host:0x287a3d8 device:0x4005e41ec200 size:304 presentcount:0+1 line:567 name:var
host:0x2e48ec0 device:0x40035a002600 size:960024 presentcount:0+1 line:-1 name:_setexm_struct_def_16
host:0x2f8f080 device:0x40035a0f4700 size:580 presentcount:0+1 line:-1 name:_wpbe_16
host:0x2f8f900 device:0x40035a0f4b00 size:288 presentcount:0+1 line:-1 name:_mbj_16
host:0x9f446c0 device:0x40035a0f5200 size:624 presentcount:0+1 line:-1 name:_mlr_optic_16
host:0x3d004e60 device:0x4005e3dbf000 size:1000 presentcount:0+4 line:519 name:var%lpctz(:)
host:0x3d007e70 device:0x4005e41ea800 size:260 presentcount:0+1 line:499 name:var%ptri(:)
host:0x3d008160 device:0x4005e41ea200 size:260 presentcount:0+1 line:499 name:var%n(:)
host:0x3d0af2b0 device:0x4005e3dff200 size:24 presentcount:0+3 line:616 name:var%vkpt(:,:)
host:0x3d0af380 device:0x4005e3dff400 size:8 presentcount:0+2 line:616 name:var%wtkpt(:)
host:0x3d0af3b0 device:0x4005e3dfee00 size:8 presentcount:0+3 line:616 name:var%nityp(:)
host:0x3d0af570 device:0x4005e3dbd000 size:16 presentcount:0+2 line:430 name:var%psrmax(:)
host:0x3d0af5b0 device:0x4005e3dfec00 size:8 presentcount:0+3 line:616 name:var%lmmax(:)
host:0x3d0af5e0 device:0x4005e3dff000 size:8 presentcount:0+3 line:616 name:var%nt_global(:)
host:0x3d0af610 device:0x4005e3dff800 size:4 presentcount:0+2 line:616 name:var%nplwkp(:)
host:0x3d0af640 device:0x4005e3dffa00 size:4 presentcount:0+2 line:616 name:var%nplwkp_tot(:)
host:0x3d0af670 device:0x4005e3dffc00 size:4 presentcount:0+2 line:616 name:var%ngvector_pos(:)
host:0x3d0af6a0 device:0x4005e3dff600 size:4 presentcount:0+2 line:616 name:var%ngvector(:)
host:0x3d0af6d0 device:0x4005e3df5200 size:8 presentcount:0+2 line:616 name:var%nb_totk(:,:)
host:0x3d0af700 device:0x4005e3dffe00 size:4 presentcount:0+2 line:616 name:var%luseinv(:)
host:0x3d0af730 device:0x4005e3dbcc00 size:4 presentcount:0+2 line:616 name:var%at_gamma(:)
host:0x3e1cb340 device:0x40048e1fd000 size:528 presentcount:0+1 line:480 name:var
host:0x4241bf90 device:0x40035e5ff800 size:8 presentcount:0+4 line:405 name:var%nityp(:)
host:0x428ddfa0 device:0x4005e41ea400 size:260 presentcount:0+1 line:499 name:var%ptr(:)
host:0x42d98c90 device:0x4005e41ee600 size:28464 presentcount:0+1 line:853 name:var(:)
host:0x42dab3f0 device:0x4005e43eca00 size:40000 presentcount:0+1 line:857 name:var%psp(:,:)
host:0x42db5060 device:0x4005e43f6800 size:8000 presentcount:0+1 line:857 name:var%psprho(:)
host:0x42db82f0 device:0x4005e3ff1e00 size:24000 presentcount:0+2 line:466 name:var%psprnl(:,:,:)
host:0x42de7cd0 device:0x4005e3fe9c00 size:4320 presentcount:0+4 line:405 name:var%ityp(:)
host:0x42de8de0 device:0x4005e3df7a00 size:25920 presentcount:0+4 line:405 name:var%posion(:,:)
host:0x42e2c160 device:0x4005e41f5600 size:40000 presentcount:0+1 line:857 name:var%psp(:,:)
host:0x42e35dd0 device:0x4005e43e8a00 size:8000 presentcount:0+1 line:857 name:var%pspcor(:)
host:0x42e37d40 device:0x4005e43eaa00 size:8000 presentcount:0+1 line:857 name:var%psprho(:)
host:0x42e3afd0 device:0x4005e3fec000 size:24000 presentcount:0+2 line:466 name:var%psprnl(:,:,:)
host:0x42e87f90 device:0x40035e5fc600 size:24 presentcount:0+3 line:466 name:var%lps(:)
host:0x42e88040 device:0x40035e5fca00 size:24 presentcount:0+3 line:466 name:var%lps(:)
host:0x430aa1b0 device:0x4005e3fe8a00 size:4320 presentcount:0+3 line:616 name:var%ityp(:)
host:0x430ab2c0 device:0x4005e3df6800 size:4320 presentcount:0+3 line:616 name:var%npro_pos(:)
host:0x430ac3d0 device:0x4005e3df5400 size:4324 presentcount:0+3 line:616 name:var%lmbase(:)
host:0x430ad4e0 device:0x4005e3dbe600 size:1280 presentcount:0+4 line:519 name:var%lpctx(:)
host:0x430ada10 device:0x4005e3dbec00 size:720 presentcount:0+4 line:519 name:var%lpcty(:)
host:0x430add10 device:0x4005e3dbf400 size:1280 presentcount:0+4 line:519 name:var%lpctx_(:)
host:0x430ae240 device:0x4005e3dbfa00 size:720 presentcount:0+4 line:519 name:var%lpcty_(:)
host:0x430ae540 device:0x4005e3dbfe00 size:1000 presentcount:0+4 line:519 name:var%lpctz_(:)
host:0x430ae950 device:0x40048e1fb400 size:1280 presentcount:0+1 line:519 name:var%lpctx(:)
host:0x430aee80 device:0x40048e1fba00 size:720 presentcount:0+1 line:519 name:var%lpcty(:)
host:0x430af180 device:0x40048e1fbe00 size:1000 presentcount:0+1 line:519 name:var%lpctz(:)
host:0x430af590 device:0x40048e1fc200 size:1280 presentcount:0+1 line:519 name:var%lpctx_(:)
host:0x430afac0 device:0x40048e1fc800 size:720 presentcount:0+1 line:519 name:var%lpcty_(:)
host:0x430afdc0 device:0x40048e1fcc00 size:1000 presentcount:0+1 line:519 name:var%lpctz_(:)
host:0x430b01d0 device:0x4005e3ff7c00 size:2560 presentcount:0+1 line:519 name:var%lpctx(:)
host:0x430b0c00 device:0x4005e3ffaa00 size:1440 presentcount:0+1 line:519 name:var%lpcty(:)
host:0x430b11d0 device:0x4005e3ff8800 size:2000 presentcount:0+1 line:519 name:var%lpctz(:)
host:0x430b19d0 device:0x4005e3ffb000 size:2560 presentcount:0+1 line:519 name:var%lpctx_(:)
host:0x430b2400 device:0x4005e3ffba00 size:1440 presentcount:0+1 line:519 name:var%lpcty_(:)
host:0x430b29d0 device:0x4005e3ffc000 size:2000 presentcount:0+1 line:519 name:var%lpctz_(:)
host:0x431a6030 device:0x4005e3ffc800 size:5648 presentcount:0+1 line:482 name:var%i2(:)
host:0x431a7670 device:0x4005e3ffe000 size:5648 presentcount:0+1 line:482 name:var%i3(:)
host:0x431a8cb0 device:0x40048e1f4c00 size:10040 presentcount:0+1 line:482 name:var%i2(:)
host:0x431ab410 device:0x40048e1f7400 size:10040 presentcount:0+1 line:482 name:var%i3(:)
host:0x431adb70 device:0x40048e1ed800 size:14400 presentcount:0+2 line:482 name:var%i2(:)
host:0x431b13e0 device:0x40048e1f1200 size:14400 presentcount:0+2 line:482 name:var%i3(:)
host:0x431b5070 device:0x40065b85fa00 size:921600 presentcount:0+2 line:482 name:var%index(:,:)
host:0x432960a0 device:0x4005e41ec400 size:2560 presentcount:0+1 line:569 name:var%ind1(:)
host:0x43296ad0 device:0x4005e41ece00 size:5648 presentcount:0+1 line:569 name:var%indcol(:)
host:0x43298110 device:0x40048e1fd400 size:5648 presentcount:0+1 line:482 name:var%i2(:)
host:0x43299750 device:0x4005e41e8a00 size:5648 presentcount:0+1 line:482 name:var%i3(:)
host:0x4329ad90 device:0x40048e1fec00 size:2520 presentcount:0+1 line:482 name:var%i2(:)
host:0x4329b790 device:0x40048e1ff600 size:2520 presentcount:0+1 line:482 name:var%i3(:)
host:0x4329c190 device:0x40035e5fcc00 size:4320 presentcount:0+2 line:430 name:var%nlimax(:)
host:0x4329d2a0 device:0x40035e5fe000 size:4324 presentcount:0+2 line:430 name:var%lmbase(:)
host:0x4329e3b0 device:0x40048e190600 size:4324 presentcount:0+2 line:430 name:var%nlibase(:)
host:0x4329f4c0 device:0x4005e3dc0200 size:17132 presentcount:0+4 line:519 name:var%nindpwconjg(:)
host:0x432a37e0 device:0x4005e3dc4600 size:17132 presentcount:0+4 line:519 name:var%ind_in_sphere(:)
host:0x432a9140 device:0x40035e5ff200 size:260 presentcount:0+1 line:499 name:var%ptr(:)
host:0x432a9270 device:0x40035e5fde00 size:260 presentcount:0+1 line:499 name:var%n(:)
host:0x432a93a0 device:0x4005e3fffa00 size:260 presentcount:0+1 line:499 name:var%ptri(:)
host:0x432a94d0 device:0x4005e3fff800 size:260 presentcount:0+1 line:499 name:var%ni(:)
host:0x432a9600 device:0x4005e3fffe00 size:260 presentcount:0+1 line:499 name:var%ptr(:)
host:0x432a9730 device:0x4005e3fffc00 size:260 presentcount:0+1 line:499 name:var%n(:)
host:0x432a9860 device:0x40048e1f9e00 size:260 presentcount:0+1 line:499 name:var%ptri(:)
host:0x432a9990 device:0x40048e1f9c00 size:260 presentcount:0+1 line:499 name:var%ni(:)
host:0x432a9ac0 device:0x4005e41ea600 size:260 presentcount:0+1 line:499 name:var%ni(:)
host:0x432a9bf0 device:0x4005e41eac00 size:260 presentcount:0+1 line:499 name:var%ptr(:)
host:0x432a9d20 device:0x4005e41eaa00 size:260 presentcount:0+1 line:499 name:var%n(:)
host:0x432a9e50 device:0x4005e41eb200 size:4 presentcount:0+1 line:499 name:var%tbli(:)
host:0x432a9e80 device:0x4005e41eb000 size:260 presentcount:0+1 line:499 name:var%ptri(:)
host:0x432a9fb0 device:0x4005e41eae00 size:260 presentcount:0+1 line:499 name:var%ni(:)
host:0x432d6240 device:0x4005e41eb600 size:1280 presentcount:0+1 line:569 name:var%ind1(:)
host:0x432d6770 device:0x4005e41ebc00 size:1388 presentcount:0+1 line:569 name:var%indcol(:)
host:0x432d6d10 device:0x40048e138600 size:180000 presentcount:0+4 line:482 name:var%i2(:)
host:0x43302c60 device:0x40048e164600 size:180000 presentcount:0+4 line:482 name:var%i3(:)
host:0x4332ebb0 device:0x4005e3dc8a00 size:180000 presentcount:0+8 line:482 name:var%index(:,:)
host:0x4335ab00 device:0x4005e43bca00 size:180000 presentcount:0+8 line:482 name:var%i2(:)
host:0x43386a50 device:0x40048e191800 size:180000 presentcount:0+8 line:482 name:var%i3(:)
host:0x433b29a0 device:0x4005e3fbca00 size:180000 presentcount:0+3 line:616 name:var%pl_index(:,:)
host:0x433de8f0 device:0x4005e41bca00 size:180000 presentcount:0+3 line:616 name:var%pl_col(:,:)
host:0x4340a840 device:0x4005e3ff9400 size:8 presentcount:0+2 line:405 name:var%lmmax(:)
host:0x4340a870 device:0x40035e5ffe00 size:8 presentcount:0+2 line:430 name:var%lmax(:)
host:0x4340a8a0 device:0x4005e3feae00 size:4324 presentcount:0+2 line:405 name:var%lmbase(:)
host:0x4340b9b0 device:0x4005e3dbca00 size:8 presentcount:0+2 line:430 name:var%lmmax(:)
host:0x4340b9e0 device:0x4005e3dbce00 size:8 presentcount:0+2 line:430 name:var%channels(:)
host:0x4340ba10 device:0x40053c1ffc00 size:16 presentcount:0+2 line:430 name:var%rsmooth(:)
host:0x4340ba50 device:0x40053c1ffe00 size:400 presentcount:0+2 line:464 name:var
host:0x4340bbe0 device:0x40035e5fc800 size:400 presentcount:0+2 line:464 name:var
host:0x4347c600 device:0x40065b940a00 size:444160 presentcount:0+1 line:499 name:var%tbl(:)
host:0x43683420 device:0x4005e3e00000 size:1821184 presentcount:0+3 line:616 name:var%nindpw(:,:)
host:0x43840690 device:0x4005e4c00000 size:7284736 presentcount:0+3 line:616 name:var%datake(:,:,:)
host:0x43f33910 device:0x4005e4000000 size:1821184 presentcount:0+3 line:616 name:var%igx(:,:)
host:0x440f0fa0 device:0x4005e3c00000 size:1821184 presentcount:0+3 line:616 name:var%igy(:,:)
host:0x442ae840 device:0x4005e4200000 size:1821184 presentcount:0+3 line:616 name:var%igz(:,:)
host:0x4446c710 device:0x4005fcc00000 size:7284272 presentcount:0+4 line:519 name:var%fftsca(:,:)
host:0x44bcb4a0 device:0x400ec4400000 size:453600 presentcount:0+1 line:499 name:var%tbli(:)
host:0x44c3a0b0 device:0x400ec446ec00 size:453600 presentcount:0+1 line:499 name:var%tbl(:)
host:0x44daaf90 device:0x400ec3400000 size:3614720 presentcount:0+1 line:499 name:var%tbl(:)
host:0x45493380 device:0x400ec3800000 size:3614400 presentcount:0+1 line:499 name:var%tbli(:)
host:0x45807750 device:0x400ec3c00000 size:3614400 presentcount:0+1 line:499 name:var%tbl(:)
host:0x45ef0520 device:0x400ec4000000 size:3614400 presentcount:0+1 line:499 name:var%tbli(:)
host:0x465db530 device:0x40065ba00000 size:2799360 presentcount:0+2 line:194 name:cdij(:,:,:,:)
host:0x468a2420 device:0x40035e5f1000 size:41472 presentcount:0+1 line:746 name:var%auxtot(:,:,:)
host:0x468c2420 device:0x40048e11a000 size:41472 presentcount:0+2 line:746 name:var%fertot(:,:,:)
host:0x468f0030 device:0x40048e124200 size:82944 presentcount:0+2 line:746 name:var%celtot(:,:,:)
host:0x4703a2e0 device:0x400ec4600000 size:2799360 presentcount:0+2 line:194 name:cqij(:,:,:,:)
host:0x479d4f00 device:0x40065be00000 size:7962624 presentcount:0+5 line:746 name:var%gproj(:,:,:,:)
host:0x48390890 device:0x40048e1d5800 size:98304 presentcount:0+1 line:1101 name:w1%gproj(:)
host:0x4840f000 device:0x4005e43fb800 size:2048 presentcount:0+1 line:179 name:wtmp(:)
host:0x48596c50 device:0x400ec459d800 size:393216 presentcount:0+2 line:1226 name:wa%gproj(:,:)
host:0x485f6c80 device:0x401006c00000 size:393216 presentcount:0+2 line:1226 name:wa%gproj(:,:)
host:0x48656cb0 device:0x40048e1bd800 size:98304 presentcount:0+1 line:1101 name:w1%gproj(:)
host:0x4866ece0 device:0x40065b9c7000 size:98304 presentcount:0+1 line:1101 name:w1%gproj(:)
host:0x48686d10 device:0x40065b9df000 size:98304 presentcount:0+1 line:1101 name:w1%gproj(:)
host:0x511b0980 device:0x401014e00000 size:3145728 presentcount:0+2 line:1226 name:wa%gproj(:,:)
host:0x562d67e0 device:0x400ec45fd800 size:2048 presentcount:0+1 line:179 name:w1(:)
host:0x562de230 device:0x401015a00000 size:14569472 presentcount:0+1 line:202 name:precon(:,:)
host:0x570ca7f0 device:0x4005e4400000 size:7284736 presentcount:0+1 line:1101 name:w1%cptwfp(:)
host:0x577c4be0 device:0x4005e3400000 size:7284736 presentcount:0+1 line:1101 name:w1%cptwfp(:)
host:0x57ebf600 device:0x400e8ce00000 size:7284736 presentcount:0+1 line:1101 name:w1%cptwfp(:)
host:0x585b2040 device:0x401015200000 size:7284736 presentcount:0+1 line:1101 name:w1%cptwfp(:)
host:0x4003e80010a0 device:0x4005e5400000 size:45593280 presentcount:0+2 line:430 name:var%nli(:,:)
host:0x4003eab831a0 device:0x400640000000 size:230400000 presentcount:0+2 line:194 name:sv(:,:)
host:0x4003f95135c0 device:0x400ec4a00000 size:14400000 presentcount:0+1 line:195 name:dencor(:)
host:0x4003fb0a39e0 device:0x400ec5800000 size:28917760 presentcount:0+1 line:195 name:cstrf(:,:)
host:0x4004a00012b0 device:0x400600000000 size:807411968 presentcount:0+2 line:430 name:var%rproj(:)
host:0x4004d1db6d70 device:0x401003400000 size:29138944 presentcount:0+2 line:1226 name:wa%cptwfp(:,:)
host:0x4004d3996f80 device:0x401005000000 size:29138944 presentcount:0+2 line:1226 name:wa%cptwfp(:,:)
host:0x400580004a60 device:0x4005c0000000 size:590063616 presentcount:0+5 line:746 name:var%cptwfp(:,:,:,:)
host:0x4005a32c7190 device:0x401006e00000 size:233111552 presentcount:0+2 line:1226 name:wa%cptwfp(:,:)
host:0x4006600077c0 device:0x400ea5600000 size:230400000 presentcount:0+1 line:1101 name:w1%cr(:)
host:0x40066dbd79d0 device:0x400630400000 size:230400000 presentcount:0+1 line:1236 name:w1%cr(:)
host:0x40067b7a7df0 device:0x40064dc00000 size:230400000 presentcount:0+1 line:1101 name:w1%cr(:)
host:0x400689378000 device:0x4005e8000000 size:230400000 presentcount:0+1 line:1236 name:w1%cr(:)
host:0x4006c32c8420 device:0x400fc3400000 size:230400000 presentcount:0+1 line:1101 name:w1%cr(:)
host:0x4006d0e90020 device:0x400fd1000000 size:230400000 presentcount:0+1 line:1236 name:w1%cr(:)
host:0x400c20000440 device:0x400f83400000 size:230400000 presentcount:0+1 line:1101 name:w1%cr(:)
host:0x400c2dbc0650 device:0x400f91000000 size:230400000 presentcount:0+1 line:1236 name:w1%cr(:)
host:0xffffc7256ec0 device:0x4005e43fc400 size:3024 presentcount:0+12 line:682 name:var
host:0xffffc7257a90 device:0x4004fc3ff800 size:1480 presentcount:0+1 line:174 name:w_ini
host:0xffffc7258060 device:0x4005e43fae00 size:1480 presentcount:0+1 line:174 name:wopt
host:0xffffc7258630 device:0x40053c1ff400 size:1480 presentcount:0+1 line:174 name:wtmpa
allocated block device:0x40035e5f0600 size:2560 thread:1
allocated block device:0x40035e5f1000 size:41472 thread:1
allocated block device:0x40035e5fb200 size:5120 thread:1
allocated block device:0x40035e5fc600 size:512 thread:1
allocated block device:0x40035e5fc800 size:512 thread:1
allocated block device:0x40035e5fca00 size:512 thread:1
allocated block device:0x40035e5fcc00 size:4608 thread:1
allocated block device:0x40035e5fde00 size:512 thread:1
allocated block device:0x40035e5fe000 size:4608 thread:1
allocated block device:0x40035e5ff200 size:512 thread:1
allocated block device:0x40035e5ff400 size:512 thread:1
allocated block device:0x40035e5ff600 size:512 thread:1
allocated block device:0x40035e5ff800 size:512 thread:1
allocated block device:0x40035e5ffa00 size:512 thread:1
allocated block device:0x40035e5ffc00 size:512 thread:1
allocated block device:0x40035e5ffe00 size:512 thread:1
allocated block device:0x40048e11a000 size:41472 thread:1
allocated block device:0x40048e124200 size:82944 thread:1
allocated block device:0x40048e138600 size:180224 thread:1
allocated block device:0x40048e164600 size:180224 thread:1
allocated block device:0x40048e190600 size:4608 thread:1
allocated block device:0x40048e191800 size:180224 thread:1
allocated block device:0x40048e1bd800 size:98304 thread:1
allocated block device:0x40048e1d5800 size:98304 thread:1
allocated block device:0x40048e1ed800 size:14848 thread:1
allocated block device:0x40048e1f1200 size:14848 thread:1
allocated block device:0x40048e1f4c00 size:10240 thread:1
allocated block device:0x40048e1f7400 size:10240 thread:1
allocated block device:0x40048e1f9c00 size:512 thread:1
allocated block device:0x40048e1f9e00 size:512 thread:1
allocated block device:0x40048e1fa000 size:5120 thread:1
allocated block device:0x40048e1fb400 size:1536 thread:1
allocated block device:0x40048e1fba00 size:1024 thread:1
allocated block device:0x40048e1fbe00 size:1024 thread:1
allocated block device:0x40048e1fc200 size:1536 thread:1
allocated block device:0x40048e1fc800 size:1024 thread:1
allocated block device:0x40048e1fcc00 size:1024 thread:1
allocated block device:0x40048e1fd000 size:1024 thread:1
allocated block device:0x40048e1fd400 size:6144 thread:1
allocated block device:0x40048e1fec00 size:2560 thread:1
allocated block device:0x40048e1ff600 size:2560 thread:1
allocated block device:0x4004fc3ff400 size:1024 thread:1
allocated block device:0x4004fc3ff800 size:1536 thread:1
allocated block device:0x40053c1ff400 size:2048 thread:1
allocated block device:0x40053c1ffc00 size:512 thread:1
allocated block device:0x40053c1ffe00 size:512 thread:1
allocated block device:0x4005c0000000 size:590063616 thread:1
allocated block device:0x4005e3400000 size:7962624 thread:1
allocated block device:0x4005e3c00000 size:1821184 thread:1
allocated block device:0x4005e3dbca00 size:512 thread:1
allocated block device:0x4005e3dbcc00 size:512 thread:1
allocated block device:0x4005e3dbce00 size:512 thread:1
allocated block device:0x4005e3dbd000 size:512 thread:1
allocated block device:0x4005e3dbd200 size:5120 thread:1
allocated block device:0x4005e3dbe600 size:1536 thread:1
allocated block device:0x4005e3dbec00 size:1024 thread:1
allocated block device:0x4005e3dbf000 size:1024 thread:1
allocated block device:0x4005e3dbf400 size:1536 thread:1
allocated block device:0x4005e3dbfa00 size:1024 thread:1
allocated block device:0x4005e3dbfe00 size:1024 thread:1
allocated block device:0x4005e3dc0200 size:17408 thread:1
allocated block device:0x4005e3dc4600 size:17408 thread:1
allocated block device:0x4005e3dc8a00 size:180224 thread:1
allocated block device:0x4005e3df4a00 size:2048 thread:1
allocated block device:0x4005e3df5200 size:512 thread:1
allocated block device:0x4005e3df5400 size:4608 thread:1
allocated block device:0x4005e3df6600 size:512 thread:1
allocated block device:0x4005e3df6800 size:4608 thread:1
allocated block device:0x4005e3df7a00 size:26112 thread:1
allocated block device:0x4005e3dfe000 size:3072 thread:1
allocated block device:0x4005e3dfec00 size:512 thread:1
allocated block device:0x4005e3dfee00 size:512 thread:1
allocated block device:0x4005e3dff000 size:512 thread:1
allocated block device:0x4005e3dff200 size:512 thread:1
allocated block device:0x4005e3dff400 size:512 thread:1
allocated block device:0x4005e3dff600 size:512 thread:1
allocated block device:0x4005e3dff800 size:512 thread:1
allocated block device:0x4005e3dffa00 size:512 thread:1
allocated block device:0x4005e3dffc00 size:512 thread:1
allocated block device:0x4005e3dffe00 size:512 thread:1
allocated block device:0x4005e3e00000 size:1821184 thread:1
allocated block device:0x4005e3fbca00 size:180224 thread:1
allocated block device:0x4005e3fe8a00 size:4608 thread:1
allocated block device:0x4005e3fe9c00 size:4608 thread:1
allocated block device:0x4005e3feae00 size:4608 thread:1
allocated block device:0x4005e3fec000 size:24064 thread:1
allocated block device:0x4005e3ff1e00 size:24064 thread:1
allocated block device:0x4005e3ff7c00 size:3072 thread:1
allocated block device:0x4005e3ff8800 size:3072 thread:1
allocated block device:0x4005e3ff9400 size:512 thread:1
allocated block device:0x4005e3ff9600 size:5120 thread:1
allocated block device:0x4005e3ffaa00 size:1536 thread:1
allocated block device:0x4005e3ffb000 size:2560 thread:1
allocated block device:0x4005e3ffba00 size:1536 thread:1
allocated block device:0x4005e3ffc000 size:2048 thread:1
allocated block device:0x4005e3ffc800 size:6144 thread:1
allocated block device:0x4005e3ffe000 size:6144 thread:1
allocated block device:0x4005e3fff800 size:512 thread:1
allocated block device:0x4005e3fffa00 size:512 thread:1
allocated block device:0x4005e3fffc00 size:512 thread:1
allocated block device:0x4005e3fffe00 size:512 thread:1
allocated block device:0x4005e4000000 size:1821184 thread:1
allocated block device:0x4005e41bca00 size:180224 thread:1
allocated block device:0x4005e41e8a00 size:6144 thread:1
allocated block device:0x4005e41ea200 size:512 thread:1
allocated block device:0x4005e41ea400 size:512 thread:1
allocated block device:0x4005e41ea600 size:512 thread:1
allocated block device:0x4005e41ea800 size:512 thread:1
allocated block device:0x4005e41eaa00 size:512 thread:1
allocated block device:0x4005e41eac00 size:512 thread:1
allocated block device:0x4005e41eae00 size:512 thread:1
allocated block device:0x4005e41eb000 size:512 thread:1
allocated block device:0x4005e41eb200 size:512 thread:1
allocated block device:0x4005e41eb400 size:512 thread:1
allocated block device:0x4005e41eb600 size:1536 thread:1
allocated block device:0x4005e41ebc00 size:1536 thread:1
allocated block device:0x4005e41ec200 size:512 thread:1
allocated block device:0x4005e41ec400 size:2560 thread:1
allocated block device:0x4005e41ece00 size:6144 thread:1
allocated block device:0x4005e41ee600 size:28672 thread:1
allocated block device:0x4005e41f5600 size:40448 thread:1
allocated block device:0x4005e41ff400 size:512 thread:1
allocated block device:0x4005e4200000 size:1821184 thread:1
allocated block device:0x4005e43bca00 size:180224 thread:1
allocated block device:0x4005e43e8a00 size:8192 thread:1
allocated block device:0x4005e43eaa00 size:8192 thread:1
allocated block device:0x4005e43eca00 size:40448 thread:1
allocated block device:0x4005e43f6800 size:8192 thread:1
allocated block device:0x4005e43fae00 size:2560 thread:1
allocated block device:0x4005e43fb800 size:3072 thread:1
allocated block device:0x4005e43fc400 size:3072 thread:1
allocated block device:0x4005e4400000 size:7284736 thread:1
allocated block device:0x4005e4c00000 size:7284736 thread:1
allocated block device:0x4005e5400000 size:45593600 thread:1
allocated block device:0x4005e8000000 size:230400000 thread:1
allocated block device:0x4005fcc00000 size:7284736 thread:1
allocated block device:0x400600000000 size:807412224 thread:1
allocated block device:0x400630400000 size:230400000 thread:1
allocated block device:0x400640000000 size:230400000 thread:1
allocated block device:0x40064dc00000 size:230400000 thread:1
allocated block device:0x40065b85fa00 size:921600 thread:1
allocated block device:0x40065b940a00 size:444416 thread:1
allocated block device:0x40065b9c7000 size:98304 thread:1
allocated block device:0x40065b9df000 size:98304 thread:1
allocated block device:0x40065ba00000 size:2799616 thread:1
allocated block device:0x40065be00000 size:7962624 thread:1
allocated block device:0x400e8ce00000 size:14400000 thread:1
allocated block device:0x400ea5600000 size:230400000 thread:1
allocated block device:0x400ec3400000 size:3614720 thread:1
allocated block device:0x400ec3800000 size:3614720 thread:1
allocated block device:0x400ec3c00000 size:3614720 thread:1
allocated block device:0x400ec4000000 size:3614720 thread:1
allocated block device:0x400ec4400000 size:453632 thread:1
allocated block device:0x400ec446ec00 size:453632 thread:1
allocated block device:0x400ec459d800 size:393216 thread:1
allocated block device:0x400ec45fd800 size:2048 thread:1
allocated block device:0x400ec4600000 size:2799616 thread:1
allocated block device:0x400ec4a00000 size:14400000 thread:1
allocated block device:0x400ec5800000 size:28917760 thread:1
allocated block device:0x400f83400000 size:230400000 thread:1
allocated block device:0x400f91000000 size:230400000 thread:1
allocated block device:0x400fc3400000 size:230400000 thread:1
allocated block device:0x400fd1000000 size:230400000 thread:1
allocated block device:0x401003400000 size:29138944 thread:1
allocated block device:0x401005000000 size:29138944 thread:1
allocated block device:0x401006c00000 size:393216 thread:1
allocated block device:0x401006e00000 size:233111552 thread:1
allocated block device:0x401014e00000 size:3145728 thread:1
allocated block device:0x401015200000 size:7284736 thread:1
allocated block device:0x401015a00000 size:14569472 thread:1
Accelerator Fatal Error: call to cuMemAlloc returned error 2 (CUDA_ERROR_OUT_OF_MEMORY): Out of memory
 File: /lus/lfs1aip2/projects/u6cb/software/VASP/vasp.6.5.1/build/gam/hamil.f90
 Function: hamiltmu:978
 Line: 1005

srun: error: nid011239: tasks 0-14,16-31: Terminated
srun: error: nid011240: tasks 32-63: Terminated
srun: Force Terminated StepId=3298610.0
